nohup: ignoring input
2025-05-24 13:06:27,668 [trainer.py] => config: ./scripts/der/der_cifar_B0_Inc5.json
2025-05-24 13:06:27,714 [trainer.py] => prefix: reproduce
2025-05-24 13:06:27,715 [trainer.py] => dataset: cifar224
2025-05-24 13:06:27,715 [trainer.py] => memory_size: 2000
2025-05-24 13:06:27,715 [trainer.py] => memory_per_class: 20
2025-05-24 13:06:27,716 [trainer.py] => fixed_memory: False
2025-05-24 13:06:27,716 [trainer.py] => shuffle: True
2025-05-24 13:06:27,716 [trainer.py] => init_cls: 5
2025-05-24 13:06:27,716 [trainer.py] => increment: 5
2025-05-24 13:06:27,716 [trainer.py] => model_name: der
2025-05-24 13:06:27,716 [trainer.py] => backbone_type: vit_base_patch16_224_in21k
2025-05-24 13:06:27,717 [trainer.py] => device: [device(type='cuda', index=1)]
2025-05-24 13:06:27,717 [trainer.py] => seed: 1993
2025-05-24 13:06:27,717 [trainer.py] => init_epoch: 20
2025-05-24 13:06:27,717 [trainer.py] => init_lr: 0.001
2025-05-24 13:06:27,717 [trainer.py] => init_milestones: [60, 120, 170]
2025-05-24 13:06:27,717 [trainer.py] => init_lr_decay: 0.1
2025-05-24 13:06:27,718 [trainer.py] => init_weight_decay: 0.0005
2025-05-24 13:06:27,718 [trainer.py] => epochs: 20
2025-05-24 13:06:27,718 [trainer.py] => lrate: 0.001
2025-05-24 13:06:27,718 [trainer.py] => milestones: [80, 120, 150]
2025-05-24 13:06:27,718 [trainer.py] => lrate_decay: 0.1
2025-05-24 13:06:27,718 [trainer.py] => batch_size: 48
2025-05-24 13:06:27,719 [trainer.py] => weight_decay: 0.0002
2025-05-24 13:06:27,719 [trainer.py] => T: 2
Files already downloaded and verified
Files already downloaded and verified
2025-05-24 13:06:29,919 [data_manager.py] => [68, 56, 78, 8, 23, 84, 90, 65, 74, 76, 40, 89, 3, 92, 55, 9, 26, 80, 43, 38, 58, 70, 77, 1, 85, 19, 17, 50, 28, 53, 13, 81, 45, 82, 6, 59, 83, 16, 15, 44, 91, 41, 72, 60, 79, 52, 20, 10, 31, 54, 37, 95, 14, 71, 96, 98, 97, 2, 64, 66, 42, 22, 35, 86, 24, 34, 87, 21, 99, 0, 88, 27, 18, 94, 11, 12, 47, 25, 30, 46, 62, 69, 36, 61, 7, 63, 75, 5, 32, 4, 51, 48, 73, 93, 39, 67, 29, 49, 57, 33]
2025-05-24 13:06:35,155 [trainer.py] => All params: 0
2025-05-24 13:06:35,155 [trainer.py] => Trainable params: 0
2025-05-24 13:06:39,595 [der.py] => Learning on 0-5
2025-05-24 13:06:39,596 [der.py] => All params: 85807115
2025-05-24 13:06:39,597 [der.py] => Trainable params: 85807115

  0%|          | 0/20 [00:00<?, ?it/s]
Task 0, Epoch 1/20 => Loss 0.685, Train_accy 76.44, Test_accy 96.20:   0%|          | 0/20 [01:27<?, ?it/s]
Task 0, Epoch 1/20 => Loss 0.685, Train_accy 76.44, Test_accy 96.20:   5%|▌         | 1/20 [01:27<27:47, 87.77s/it]
Task 0, Epoch 2/20 => Loss 0.348, Train_accy 87.96:   5%|▌         | 1/20 [01:49<27:47, 87.77s/it]                 
Task 0, Epoch 2/20 => Loss 0.348, Train_accy 87.96:  10%|█         | 2/20 [01:49<14:45, 49.20s/it]
Task 0, Epoch 3/20 => Loss 0.194, Train_accy 93.96:  10%|█         | 2/20 [02:05<14:45, 49.20s/it]
Task 0, Epoch 3/20 => Loss 0.194, Train_accy 93.96:  15%|█▌        | 3/20 [02:05<09:32, 33.70s/it]
Task 0, Epoch 4/20 => Loss 0.155, Train_accy 94.32:  15%|█▌        | 3/20 [02:26<09:32, 33.70s/it]
Task 0, Epoch 4/20 => Loss 0.155, Train_accy 94.32:  20%|██        | 4/20 [02:26<07:42, 28.88s/it]
Task 0, Epoch 5/20 => Loss 0.170, Train_accy 94.60:  20%|██        | 4/20 [02:48<07:42, 28.88s/it]
Task 0, Epoch 5/20 => Loss 0.170, Train_accy 94.60:  25%|██▌       | 5/20 [02:48<06:33, 26.23s/it]
Task 0, Epoch 6/20 => Loss 0.148, Train_accy 94.72, Test_accy 99.20:  25%|██▌       | 5/20 [03:05<06:33, 26.23s/it]
Task 0, Epoch 6/20 => Loss 0.148, Train_accy 94.72, Test_accy 99.20:  30%|███       | 6/20 [03:05<05:25, 23.27s/it]
Task 0, Epoch 7/20 => Loss 0.169, Train_accy 94.32:  30%|███       | 6/20 [03:27<05:25, 23.27s/it]                 
Task 0, Epoch 7/20 => Loss 0.169, Train_accy 94.32:  35%|███▌      | 7/20 [03:27<04:56, 22.78s/it]
Task 0, Epoch 8/20 => Loss 0.140, Train_accy 95.24:  35%|███▌      | 7/20 [03:49<04:56, 22.78s/it]
Task 0, Epoch 8/20 => Loss 0.140, Train_accy 95.24:  40%|████      | 8/20 [03:49<04:29, 22.46s/it]
Task 0, Epoch 9/20 => Loss 0.196, Train_accy 93.08:  40%|████      | 8/20 [04:05<04:29, 22.46s/it]
Task 0, Epoch 9/20 => Loss 0.196, Train_accy 93.08:  45%|████▌     | 9/20 [04:05<03:46, 20.56s/it]
Task 0, Epoch 10/20 => Loss 0.156, Train_accy 95.12:  45%|████▌     | 9/20 [04:27<03:46, 20.56s/it]
Task 0, Epoch 10/20 => Loss 0.156, Train_accy 95.12:  50%|█████     | 10/20 [04:27<03:28, 20.86s/it]
Task 0, Epoch 11/20 => Loss 0.119, Train_accy 95.76, Test_accy 99.20:  50%|█████     | 10/20 [04:50<03:28, 20.86s/it]
Task 0, Epoch 11/20 => Loss 0.119, Train_accy 95.76, Test_accy 99.20:  55%|█████▌    | 11/20 [04:50<03:15, 21.71s/it]
Task 0, Epoch 12/20 => Loss 0.100, Train_accy 96.56:  55%|█████▌    | 11/20 [05:06<03:15, 21.71s/it]                 
Task 0, Epoch 12/20 => Loss 0.100, Train_accy 96.56:  60%|██████    | 12/20 [05:06<02:37, 19.71s/it]
Task 0, Epoch 13/20 => Loss 0.130, Train_accy 95.36:  60%|██████    | 12/20 [05:27<02:37, 19.71s/it]
Task 0, Epoch 13/20 => Loss 0.130, Train_accy 95.36:  65%|██████▌   | 13/20 [05:27<02:21, 20.23s/it]
Task 0, Epoch 14/20 => Loss 0.113, Train_accy 96.08:  65%|██████▌   | 13/20 [05:49<02:21, 20.23s/it]
Task 0, Epoch 14/20 => Loss 0.113, Train_accy 96.08:  70%|███████   | 14/20 [05:49<02:04, 20.76s/it]
Task 0, Epoch 15/20 => Loss 0.117, Train_accy 96.08:  70%|███████   | 14/20 [06:04<02:04, 20.76s/it]
Task 0, Epoch 15/20 => Loss 0.117, Train_accy 96.08:  75%|███████▌  | 15/20 [06:04<01:35, 19.05s/it]
Task 0, Epoch 16/20 => Loss 0.110, Train_accy 96.36, Test_accy 99.20:  75%|███████▌  | 15/20 [06:28<01:35, 19.05s/it]
Task 0, Epoch 16/20 => Loss 0.110, Train_accy 96.36, Test_accy 99.20:  80%|████████  | 16/20 [06:28<01:21, 20.44s/it]
Task 0, Epoch 17/20 => Loss 0.104, Train_accy 96.44:  80%|████████  | 16/20 [06:49<01:21, 20.44s/it]                 
Task 0, Epoch 17/20 => Loss 0.104, Train_accy 96.44:  85%|████████▌ | 17/20 [06:49<01:02, 20.75s/it]
Task 0, Epoch 18/20 => Loss 0.102, Train_accy 96.20:  85%|████████▌ | 17/20 [07:11<01:02, 20.75s/it]
Task 0, Epoch 18/20 => Loss 0.102, Train_accy 96.20:  90%|█████████ | 18/20 [07:11<00:41, 20.95s/it]
Task 0, Epoch 19/20 => Loss 0.109, Train_accy 96.12:  90%|█████████ | 18/20 [07:26<00:41, 20.95s/it]
Task 0, Epoch 19/20 => Loss 0.109, Train_accy 96.12:  95%|█████████▌| 19/20 [07:26<00:19, 19.20s/it]
Task 0, Epoch 20/20 => Loss 0.103, Train_accy 96.80:  95%|█████████▌| 19/20 [07:47<00:19, 19.20s/it]
Task 0, Epoch 20/20 => Loss 0.103, Train_accy 96.80: 100%|██████████| 20/20 [07:47<00:00, 19.88s/it]
Task 0, Epoch 20/20 => Loss 0.103, Train_accy 96.80: 100%|██████████| 20/20 [07:47<00:00, 23.38s/it]
2025-05-24 13:14:51,117 [der.py] => Task 0, Epoch 20/20 => Loss 0.103, Train_accy 96.80
2025-05-24 13:14:51,136 [base.py] => Reducing exemplars...(400 per classes)
2025-05-24 13:14:51,136 [base.py] => Constructing exemplars...(400 per classes)
Time for task 0: 527.3674449920654
2025-05-24 13:15:26,708 [der.py] => Exemplar size: 2000
2025-05-24 13:15:26,708 [trainer.py] => CNN: {'total': 99.2, '00-04': 99.2, 'old': 0, 'new': 99.2}
2025-05-24 13:15:26,708 [trainer.py] => NME: {'total': 99.6, '00-04': 99.6, 'old': 0, 'new': 99.6}
2025-05-24 13:15:26,708 [trainer.py] => CNN top1 curve: [99.2]
2025-05-24 13:15:26,708 [trainer.py] => CNN top5 curve: [100.0]
2025-05-24 13:15:26,708 [trainer.py] => NME top1 curve: [99.6]
2025-05-24 13:15:26,708 [trainer.py] => NME top5 curve: [100.0]

Average Accuracy (CNN): 99.2
Average Accuracy (NME): 99.6
2025-05-24 13:15:26,709 [trainer.py] => Average Accuracy (CNN): 99.2
2025-05-24 13:15:26,709 [trainer.py] => Average Accuracy (NME): 99.6
2025-05-24 13:15:26,709 [trainer.py] => All params: 85807115
2025-05-24 13:15:26,710 [trainer.py] => Trainable params: 85807115
2025-05-24 13:15:30,894 [der.py] => Learning on 5-10
2025-05-24 13:15:30,895 [der.py] => All params: 171617296
2025-05-24 13:15:30,897 [der.py] => Trainable params: 85818640

  0%|          | 0/20 [00:00<?, ?it/s]
Task 1, Epoch 1/20 => Loss 1.113, Loss_clf 0.548, Loss_aux 0.565, Train_accy 82.11, Test_accy 97.60:   0%|          | 0/20 [00:53<?, ?it/s]
Task 1, Epoch 1/20 => Loss 1.113, Loss_clf 0.548, Loss_aux 0.565, Train_accy 82.11, Test_accy 97.60:   5%|▌         | 1/20 [00:53<17:01, 53.76s/it]
Task 1, Epoch 2/20 => Loss 0.632, Loss_clf 0.309, Loss_aux 0.323, Train_accy 89.64:   5%|▌         | 1/20 [01:45<17:01, 53.76s/it]                 
Task 1, Epoch 2/20 => Loss 0.632, Loss_clf 0.309, Loss_aux 0.323, Train_accy 89.64:  10%|█         | 2/20 [01:45<15:46, 52.57s/it]
Task 1, Epoch 3/20 => Loss 0.479, Loss_clf 0.234, Loss_aux 0.245, Train_accy 92.49:  10%|█         | 2/20 [02:30<15:46, 52.57s/it]
Task 1, Epoch 3/20 => Loss 0.479, Loss_clf 0.234, Loss_aux 0.245, Train_accy 92.49:  15%|█▌        | 3/20 [02:30<13:51, 48.92s/it]
Task 1, Epoch 4/20 => Loss 0.490, Loss_clf 0.240, Loss_aux 0.251, Train_accy 91.93:  15%|█▌        | 3/20 [03:15<13:51, 48.92s/it]
Task 1, Epoch 4/20 => Loss 0.490, Loss_clf 0.240, Loss_aux 0.251, Train_accy 91.93:  20%|██        | 4/20 [03:15<12:41, 47.61s/it]
Task 1, Epoch 5/20 => Loss 0.443, Loss_clf 0.218, Loss_aux 0.224, Train_accy 92.56:  20%|██        | 4/20 [04:01<12:41, 47.61s/it]
Task 1, Epoch 5/20 => Loss 0.443, Loss_clf 0.218, Loss_aux 0.224, Train_accy 92.56:  25%|██▌       | 5/20 [04:01<11:42, 46.81s/it]
Task 1, Epoch 6/20 => Loss 0.424, Loss_clf 0.212, Loss_aux 0.212, Train_accy 93.31, Test_accy 98.40:  25%|██▌       | 5/20 [04:52<11:42, 46.81s/it]
Task 1, Epoch 6/20 => Loss 0.424, Loss_clf 0.212, Loss_aux 0.212, Train_accy 93.31, Test_accy 98.40:  30%|███       | 6/20 [04:52<11:19, 48.52s/it]
Task 1, Epoch 7/20 => Loss 0.432, Loss_clf 0.215, Loss_aux 0.217, Train_accy 92.60:  30%|███       | 6/20 [05:44<11:19, 48.52s/it]                 
Task 1, Epoch 7/20 => Loss 0.432, Loss_clf 0.215, Loss_aux 0.217, Train_accy 92.60:  35%|███▌      | 7/20 [05:44<10:45, 49.63s/it]
Task 1, Epoch 8/20 => Loss 0.436, Loss_clf 0.218, Loss_aux 0.219, Train_accy 92.56:  35%|███▌      | 7/20 [06:30<10:45, 49.63s/it]
Task 1, Epoch 8/20 => Loss 0.436, Loss_clf 0.218, Loss_aux 0.219, Train_accy 92.56:  40%|████      | 8/20 [06:30<09:39, 48.32s/it]
Task 1, Epoch 9/20 => Loss 0.375, Loss_clf 0.193, Loss_aux 0.182, Train_accy 93.62:  40%|████      | 8/20 [07:15<09:39, 48.32s/it]
Task 1, Epoch 9/20 => Loss 0.375, Loss_clf 0.193, Loss_aux 0.182, Train_accy 93.62:  45%|████▌     | 9/20 [07:15<08:39, 47.26s/it]
Task 1, Epoch 10/20 => Loss 0.397, Loss_clf 0.202, Loss_aux 0.196, Train_accy 93.64:  45%|████▌     | 9/20 [08:00<08:39, 47.26s/it]
Task 1, Epoch 10/20 => Loss 0.397, Loss_clf 0.202, Loss_aux 0.196, Train_accy 93.64:  50%|█████     | 10/20 [08:00<07:46, 46.67s/it]
Task 1, Epoch 11/20 => Loss 0.408, Loss_clf 0.208, Loss_aux 0.200, Train_accy 93.16, Test_accy 98.40:  50%|█████     | 10/20 [08:53<07:46, 46.67s/it]
Task 1, Epoch 11/20 => Loss 0.408, Loss_clf 0.208, Loss_aux 0.200, Train_accy 93.16, Test_accy 98.40:  55%|█████▌    | 11/20 [08:53<07:16, 48.49s/it]
Task 1, Epoch 12/20 => Loss 0.375, Loss_clf 0.194, Loss_aux 0.181, Train_accy 93.87:  55%|█████▌    | 11/20 [09:45<07:16, 48.49s/it]                 
Task 1, Epoch 12/20 => Loss 0.375, Loss_clf 0.194, Loss_aux 0.181, Train_accy 93.87:  60%|██████    | 12/20 [09:45<06:36, 49.52s/it]
Task 1, Epoch 13/20 => Loss 0.355, Loss_clf 0.182, Loss_aux 0.173, Train_accy 93.78:  60%|██████    | 12/20 [10:30<06:36, 49.52s/it]
Task 1, Epoch 13/20 => Loss 0.355, Loss_clf 0.182, Loss_aux 0.173, Train_accy 93.78:  65%|██████▌   | 13/20 [10:30<05:38, 48.32s/it]
Task 1, Epoch 14/20 => Loss 0.352, Loss_clf 0.180, Loss_aux 0.172, Train_accy 93.76:  65%|██████▌   | 13/20 [11:16<05:38, 48.32s/it]
Task 1, Epoch 14/20 => Loss 0.352, Loss_clf 0.180, Loss_aux 0.172, Train_accy 93.76:  70%|███████   | 14/20 [11:16<04:45, 47.65s/it]
Task 1, Epoch 15/20 => Loss 0.381, Loss_clf 0.196, Loss_aux 0.185, Train_accy 93.67:  70%|███████   | 14/20 [12:02<04:45, 47.65s/it]
Task 1, Epoch 15/20 => Loss 0.381, Loss_clf 0.196, Loss_aux 0.185, Train_accy 93.67:  75%|███████▌  | 15/20 [12:02<03:55, 47.08s/it]
Task 1, Epoch 16/20 => Loss 0.356, Loss_clf 0.185, Loss_aux 0.172, Train_accy 93.87, Test_accy 98.60:  75%|███████▌  | 15/20 [13:01<03:55, 47.08s/it]
Task 1, Epoch 16/20 => Loss 0.356, Loss_clf 0.185, Loss_aux 0.172, Train_accy 93.87, Test_accy 98.60:  80%|████████  | 16/20 [13:01<03:22, 50.63s/it]
Task 1, Epoch 17/20 => Loss 0.316, Loss_clf 0.164, Loss_aux 0.152, Train_accy 94.58:  80%|████████  | 16/20 [13:46<03:22, 50.63s/it]                 
Task 1, Epoch 17/20 => Loss 0.316, Loss_clf 0.164, Loss_aux 0.152, Train_accy 94.58:  85%|████████▌ | 17/20 [13:46<02:27, 49.03s/it]
Task 1, Epoch 18/20 => Loss 0.335, Loss_clf 0.173, Loss_aux 0.162, Train_accy 94.11:  85%|████████▌ | 17/20 [14:32<02:27, 49.03s/it]
Task 1, Epoch 18/20 => Loss 0.335, Loss_clf 0.173, Loss_aux 0.162, Train_accy 94.11:  90%|█████████ | 18/20 [14:32<01:36, 48.03s/it]
Task 1, Epoch 19/20 => Loss 0.328, Loss_clf 0.174, Loss_aux 0.154, Train_accy 94.24:  90%|█████████ | 18/20 [15:17<01:36, 48.03s/it]
Task 1, Epoch 19/20 => Loss 0.328, Loss_clf 0.174, Loss_aux 0.154, Train_accy 94.24:  95%|█████████▌| 19/20 [15:17<00:47, 47.21s/it]
Task 1, Epoch 20/20 => Loss 0.324, Loss_clf 0.167, Loss_aux 0.157, Train_accy 94.31:  95%|█████████▌| 19/20 [16:03<00:47, 47.21s/it]
Task 1, Epoch 20/20 => Loss 0.324, Loss_clf 0.167, Loss_aux 0.157, Train_accy 94.31: 100%|██████████| 20/20 [16:03<00:00, 46.71s/it]
Task 1, Epoch 20/20 => Loss 0.324, Loss_clf 0.167, Loss_aux 0.157, Train_accy 94.31: 100%|██████████| 20/20 [16:03<00:00, 48.16s/it]
2025-05-24 13:31:34,243 [der.py] => Task 1, Epoch 20/20 => Loss 0.324, Loss_clf 0.167, Loss_aux 0.157, Train_accy 94.31
2025-05-24 13:31:34,260 [base.py] => Reducing exemplars...(200 per classes)
2025-05-24 13:31:43,304 [base.py] => Constructing exemplars...(200 per classes)
Time for task 1: 1005.2494361400604
2025-05-24 13:32:24,997 [der.py] => Exemplar size: 2000
2025-05-24 13:32:24,997 [trainer.py] => CNN: {'total': 97.8, '00-04': 98.6, '05-09': 97.0, 'old': 98.6, 'new': 97.0}
2025-05-24 13:32:24,998 [trainer.py] => NME: {'total': 97.7, '00-04': 99.0, '05-09': 96.4, 'old': 99.0, 'new': 96.4}
2025-05-24 13:32:24,998 [trainer.py] => CNN top1 curve: [99.2, 97.8]
2025-05-24 13:32:24,998 [trainer.py] => CNN top5 curve: [100.0, 100.0]
2025-05-24 13:32:24,998 [trainer.py] => NME top1 curve: [99.6, 97.7]
2025-05-24 13:32:24,998 [trainer.py] => NME top5 curve: [100.0, 100.0]

Average Accuracy (CNN): 98.5
Average Accuracy (NME): 98.65
2025-05-24 13:32:24,999 [trainer.py] => Average Accuracy (CNN): 98.5
2025-05-24 13:32:24,999 [trainer.py] => Average Accuracy (NME): 98.65
2025-05-24 13:32:25,003 [trainer.py] => All params: 171617296
2025-05-24 13:32:25,006 [trainer.py] => Trainable params: 85818640
2025-05-24 13:32:31,145 [der.py] => Learning on 10-15
2025-05-24 13:32:31,154 [der.py] => All params: 257435157
2025-05-24 13:32:31,159 [der.py] => Trainable params: 85837845

  0%|          | 0/20 [00:00<?, ?it/s]
Task 2, Epoch 1/20 => Loss 1.187, Loss_clf 0.649, Loss_aux 0.537, Train_accy 81.40, Test_accy 96.33:   0%|          | 0/20 [01:23<?, ?it/s]
Task 2, Epoch 1/20 => Loss 1.187, Loss_clf 0.649, Loss_aux 0.537, Train_accy 81.40, Test_accy 96.33:   5%|▌         | 1/20 [01:23<26:17, 83.01s/it]
Task 2, Epoch 2/20 => Loss 0.603, Loss_clf 0.321, Loss_aux 0.282, Train_accy 89.31:   5%|▌         | 1/20 [02:28<26:17, 83.01s/it]                 
Task 2, Epoch 2/20 => Loss 0.603, Loss_clf 0.321, Loss_aux 0.282, Train_accy 89.31:  10%|█         | 2/20 [02:28<21:48, 72.70s/it]
Task 2, Epoch 3/20 => Loss 0.544, Loss_clf 0.290, Loss_aux 0.253, Train_accy 90.47:  10%|█         | 2/20 [03:26<21:48, 72.70s/it]
Task 2, Epoch 3/20 => Loss 0.544, Loss_clf 0.290, Loss_aux 0.253, Train_accy 90.47:  15%|█▌        | 3/20 [03:26<18:42, 66.03s/it]
Task 2, Epoch 4/20 => Loss 0.502, Loss_clf 0.268, Loss_aux 0.235, Train_accy 91.18:  15%|█▌        | 3/20 [04:25<18:42, 66.03s/it]
Task 2, Epoch 4/20 => Loss 0.502, Loss_clf 0.268, Loss_aux 0.235, Train_accy 91.18:  20%|██        | 4/20 [04:25<16:51, 63.24s/it]
Task 2, Epoch 5/20 => Loss 0.501, Loss_clf 0.277, Loss_aux 0.224, Train_accy 91.31:  20%|██        | 4/20 [05:23<16:51, 63.24s/it]
Task 2, Epoch 5/20 => Loss 0.501, Loss_clf 0.277, Loss_aux 0.224, Train_accy 91.31:  25%|██▌       | 5/20 [05:23<15:22, 61.50s/it]
Task 2, Epoch 6/20 => Loss 0.523, Loss_clf 0.275, Loss_aux 0.248, Train_accy 90.64, Test_accy 96.47:  25%|██▌       | 5/20 [06:36<15:22, 61.50s/it]
Task 2, Epoch 6/20 => Loss 0.523, Loss_clf 0.275, Loss_aux 0.248, Train_accy 90.64, Test_accy 96.47:  30%|███       | 6/20 [06:36<15:14, 65.36s/it]
Task 2, Epoch 7/20 => Loss 0.456, Loss_clf 0.242, Loss_aux 0.214, Train_accy 91.98:  30%|███       | 6/20 [07:34<15:14, 65.36s/it]                 
Task 2, Epoch 7/20 => Loss 0.456, Loss_clf 0.242, Loss_aux 0.214, Train_accy 91.98:  35%|███▌      | 7/20 [07:34<13:39, 63.01s/it]
Task 2, Epoch 8/20 => Loss 0.424, Loss_clf 0.234, Loss_aux 0.190, Train_accy 92.27:  35%|███▌      | 7/20 [08:33<13:39, 63.01s/it]
Task 2, Epoch 8/20 => Loss 0.424, Loss_clf 0.234, Loss_aux 0.190, Train_accy 92.27:  40%|████      | 8/20 [08:33<12:19, 61.63s/it]
Task 2, Epoch 9/20 => Loss 0.422, Loss_clf 0.219, Loss_aux 0.203, Train_accy 92.91:  40%|████      | 8/20 [09:32<12:19, 61.63s/it]
Task 2, Epoch 9/20 => Loss 0.422, Loss_clf 0.219, Loss_aux 0.203, Train_accy 92.91:  45%|████▌     | 9/20 [09:32<11:08, 60.75s/it]
Task 2, Epoch 10/20 => Loss 0.450, Loss_clf 0.245, Loss_aux 0.205, Train_accy 92.31:  45%|████▌     | 9/20 [10:30<11:08, 60.75s/it]
Task 2, Epoch 10/20 => Loss 0.450, Loss_clf 0.245, Loss_aux 0.205, Train_accy 92.31:  50%|█████     | 10/20 [10:30<10:00, 60.01s/it]
Task 2, Epoch 11/20 => Loss 0.417, Loss_clf 0.227, Loss_aux 0.190, Train_accy 92.69, Test_accy 96.67:  50%|█████     | 10/20 [11:43<10:00, 60.01s/it]
Task 2, Epoch 11/20 => Loss 0.417, Loss_clf 0.227, Loss_aux 0.190, Train_accy 92.69, Test_accy 96.67:  55%|█████▌    | 11/20 [11:43<09:34, 63.85s/it]
Task 2, Epoch 12/20 => Loss 0.408, Loss_clf 0.224, Loss_aux 0.183, Train_accy 93.04:  55%|█████▌    | 11/20 [12:42<09:34, 63.85s/it]                 
Task 2, Epoch 12/20 => Loss 0.408, Loss_clf 0.224, Loss_aux 0.183, Train_accy 93.04:  60%|██████    | 12/20 [12:42<08:18, 62.31s/it]
Task 2, Epoch 13/20 => Loss 0.407, Loss_clf 0.233, Loss_aux 0.174, Train_accy 92.69:  60%|██████    | 12/20 [13:40<08:18, 62.31s/it]
Task 2, Epoch 13/20 => Loss 0.407, Loss_clf 0.233, Loss_aux 0.174, Train_accy 92.69:  65%|██████▌   | 13/20 [13:40<07:08, 61.17s/it]
Task 2, Epoch 14/20 => Loss 0.385, Loss_clf 0.214, Loss_aux 0.171, Train_accy 93.04:  65%|██████▌   | 13/20 [14:39<07:08, 61.17s/it]
Task 2, Epoch 14/20 => Loss 0.385, Loss_clf 0.214, Loss_aux 0.171, Train_accy 93.04:  70%|███████   | 14/20 [14:39<06:02, 60.36s/it]
Task 2, Epoch 15/20 => Loss 0.389, Loss_clf 0.209, Loss_aux 0.181, Train_accy 93.02:  70%|███████   | 14/20 [15:38<06:02, 60.36s/it]
Task 2, Epoch 15/20 => Loss 0.389, Loss_clf 0.209, Loss_aux 0.181, Train_accy 93.02:  75%|███████▌  | 15/20 [15:38<04:59, 59.91s/it]
Task 2, Epoch 16/20 => Loss 0.414, Loss_clf 0.226, Loss_aux 0.187, Train_accy 92.96, Test_accy 97.20:  75%|███████▌  | 15/20 [16:52<04:59, 59.91s/it]
Task 2, Epoch 16/20 => Loss 0.414, Loss_clf 0.226, Loss_aux 0.187, Train_accy 92.96, Test_accy 97.20:  80%|████████  | 16/20 [16:52<04:16, 64.14s/it]
Task 2, Epoch 17/20 => Loss 0.390, Loss_clf 0.226, Loss_aux 0.163, Train_accy 92.80:  80%|████████  | 16/20 [17:50<04:16, 64.14s/it]                 
Task 2, Epoch 17/20 => Loss 0.390, Loss_clf 0.226, Loss_aux 0.163, Train_accy 92.80:  85%|████████▌ | 17/20 [17:50<03:07, 62.43s/it]
Task 2, Epoch 18/20 => Loss 0.376, Loss_clf 0.212, Loss_aux 0.164, Train_accy 93.11:  85%|████████▌ | 17/20 [18:49<03:07, 62.43s/it]
Task 2, Epoch 18/20 => Loss 0.376, Loss_clf 0.212, Loss_aux 0.164, Train_accy 93.11:  90%|█████████ | 18/20 [18:49<02:02, 61.26s/it]
Task 2, Epoch 19/20 => Loss 0.381, Loss_clf 0.211, Loss_aux 0.170, Train_accy 92.89:  90%|█████████ | 18/20 [19:47<02:02, 61.26s/it]
Task 2, Epoch 19/20 => Loss 0.381, Loss_clf 0.211, Loss_aux 0.170, Train_accy 92.89:  95%|█████████▌| 19/20 [19:47<01:00, 60.38s/it]
Task 2, Epoch 20/20 => Loss 0.377, Loss_clf 0.207, Loss_aux 0.169, Train_accy 93.22:  95%|█████████▌| 19/20 [20:45<01:00, 60.38s/it]
Task 2, Epoch 20/20 => Loss 0.377, Loss_clf 0.207, Loss_aux 0.169, Train_accy 93.22: 100%|██████████| 20/20 [20:45<00:00, 59.85s/it]
Task 2, Epoch 20/20 => Loss 0.377, Loss_clf 0.207, Loss_aux 0.169, Train_accy 93.22: 100%|██████████| 20/20 [20:45<00:00, 62.30s/it]
2025-05-24 13:53:17,284 [der.py] => Task 2, Epoch 20/20 => Loss 0.377, Loss_clf 0.207, Loss_aux 0.169, Train_accy 93.22
2025-05-24 13:53:17,303 [base.py] => Reducing exemplars...(133 per classes)
2025-05-24 13:53:35,003 [base.py] => Constructing exemplars...(133 per classes)
Time for task 2: 1300.9515852928162
2025-05-24 13:54:34,523 [der.py] => Exemplar size: 1995
2025-05-24 13:54:34,527 [trainer.py] => CNN: {'total': 97.53, '00-04': 98.4, '05-09': 96.0, '10-14': 98.2, 'old': 97.2, 'new': 98.2}
2025-05-24 13:54:34,527 [trainer.py] => NME: {'total': 97.2, '00-04': 99.8, '05-09': 96.2, '10-14': 95.6, 'old': 98.0, 'new': 95.6}
2025-05-24 13:54:34,527 [trainer.py] => CNN top1 curve: [99.2, 97.8, 97.53]
2025-05-24 13:54:34,528 [trainer.py] => CNN top5 curve: [100.0, 100.0, 100.0]
2025-05-24 13:54:34,528 [trainer.py] => NME top1 curve: [99.6, 97.7, 97.2]
2025-05-24 13:54:34,528 [trainer.py] => NME top5 curve: [100.0, 100.0, 99.73]

Average Accuracy (CNN): 98.18
Average Accuracy (NME): 98.17
2025-05-24 13:54:34,528 [trainer.py] => Average Accuracy (CNN): 98.18
2025-05-24 13:54:34,529 [trainer.py] => Average Accuracy (NME): 98.17
2025-05-24 13:54:34,535 [trainer.py] => All params: 257435157
2025-05-24 13:54:34,540 [trainer.py] => Trainable params: 85837845
2025-05-24 13:54:40,413 [der.py] => Learning on 15-20
2025-05-24 13:54:40,418 [der.py] => All params: 343260698
2025-05-24 13:54:40,421 [der.py] => Trainable params: 85864730

  0%|          | 0/20 [00:00<?, ?it/s]
Task 3, Epoch 1/20 => Loss 1.211, Loss_clf 0.704, Loss_aux 0.507, Train_accy 81.51, Test_accy 93.35:   0%|          | 0/20 [01:37<?, ?it/s]
Task 3, Epoch 1/20 => Loss 1.211, Loss_clf 0.704, Loss_aux 0.507, Train_accy 81.51, Test_accy 93.35:   5%|▌         | 1/20 [01:37<30:54, 97.61s/it]
Task 3, Epoch 2/20 => Loss 0.646, Loss_clf 0.356, Loss_aux 0.291, Train_accy 88.83:   5%|▌         | 1/20 [03:00<30:54, 97.61s/it]                 
Task 3, Epoch 2/20 => Loss 0.646, Loss_clf 0.356, Loss_aux 0.291, Train_accy 88.83:  10%|█         | 2/20 [03:00<26:36, 88.71s/it]
Task 3, Epoch 3/20 => Loss 0.546, Loss_clf 0.300, Loss_aux 0.246, Train_accy 90.08:  10%|█         | 2/20 [04:15<26:36, 88.71s/it]
Task 3, Epoch 3/20 => Loss 0.546, Loss_clf 0.300, Loss_aux 0.246, Train_accy 90.08:  15%|█▌        | 3/20 [04:15<23:23, 82.57s/it]
Task 3, Epoch 4/20 => Loss 0.560, Loss_clf 0.312, Loss_aux 0.248, Train_accy 89.61:  15%|█▌        | 3/20 [05:21<23:23, 82.57s/it]
Task 3, Epoch 4/20 => Loss 0.560, Loss_clf 0.312, Loss_aux 0.248, Train_accy 89.61:  20%|██        | 4/20 [05:21<20:14, 75.92s/it]
Task 3, Epoch 5/20 => Loss 0.501, Loss_clf 0.276, Loss_aux 0.225, Train_accy 91.50:  20%|██        | 4/20 [06:32<20:14, 75.92s/it]
Task 3, Epoch 5/20 => Loss 0.501, Loss_clf 0.276, Loss_aux 0.225, Train_accy 91.50:  25%|██▌       | 5/20 [06:32<18:33, 74.26s/it]
Task 3, Epoch 6/20 => Loss 0.498, Loss_clf 0.284, Loss_aux 0.214, Train_accy 90.88, Test_accy 95.15:  25%|██▌       | 5/20 [08:08<18:33, 74.26s/it]
Task 3, Epoch 6/20 => Loss 0.498, Loss_clf 0.284, Loss_aux 0.214, Train_accy 90.88, Test_accy 95.15:  30%|███       | 6/20 [08:08<19:05, 81.85s/it]
Task 3, Epoch 7/20 => Loss 0.477, Loss_clf 0.264, Loss_aux 0.213, Train_accy 91.68:  30%|███       | 6/20 [09:20<19:05, 81.85s/it]                 
Task 3, Epoch 7/20 => Loss 0.477, Loss_clf 0.264, Loss_aux 0.213, Train_accy 91.68:  35%|███▌      | 7/20 [09:20<17:00, 78.52s/it]
Task 3, Epoch 8/20 => Loss 0.466, Loss_clf 0.250, Loss_aux 0.216, Train_accy 92.12:  35%|███▌      | 7/20 [10:26<17:00, 78.52s/it]
Task 3, Epoch 8/20 => Loss 0.466, Loss_clf 0.250, Loss_aux 0.216, Train_accy 92.12:  40%|████      | 8/20 [10:26<14:52, 74.37s/it]
Task 3, Epoch 9/20 => Loss 0.463, Loss_clf 0.262, Loss_aux 0.200, Train_accy 91.99:  40%|████      | 8/20 [11:37<14:52, 74.37s/it]
Task 3, Epoch 9/20 => Loss 0.463, Loss_clf 0.262, Loss_aux 0.200, Train_accy 91.99:  45%|████▌     | 9/20 [11:37<13:27, 73.39s/it]
Task 3, Epoch 10/20 => Loss 0.436, Loss_clf 0.246, Loss_aux 0.191, Train_accy 92.24:  45%|████▌     | 9/20 [12:47<13:27, 73.39s/it]
Task 3, Epoch 10/20 => Loss 0.436, Loss_clf 0.246, Loss_aux 0.191, Train_accy 92.24:  50%|█████     | 10/20 [12:47<12:05, 72.52s/it]
Task 3, Epoch 11/20 => Loss 0.437, Loss_clf 0.241, Loss_aux 0.196, Train_accy 92.26, Test_accy 95.45:  50%|█████     | 10/20 [14:23<12:05, 72.52s/it]
Task 3, Epoch 11/20 => Loss 0.437, Loss_clf 0.241, Loss_aux 0.196, Train_accy 92.26, Test_accy 95.45:  55%|█████▌    | 11/20 [14:23<11:56, 79.58s/it]
Task 3, Epoch 12/20 => Loss 0.408, Loss_clf 0.232, Loss_aux 0.176, Train_accy 92.93:  55%|█████▌    | 11/20 [15:35<11:56, 79.58s/it]                 
Task 3, Epoch 12/20 => Loss 0.408, Loss_clf 0.232, Loss_aux 0.176, Train_accy 92.93:  60%|██████    | 12/20 [15:35<10:17, 77.21s/it]
Task 3, Epoch 13/20 => Loss 0.439, Loss_clf 0.250, Loss_aux 0.189, Train_accy 92.08:  60%|██████    | 12/20 [16:41<10:17, 77.21s/it]
Task 3, Epoch 13/20 => Loss 0.439, Loss_clf 0.250, Loss_aux 0.189, Train_accy 92.08:  65%|██████▌   | 13/20 [16:41<08:36, 73.81s/it]
Task 3, Epoch 14/20 => Loss 0.460, Loss_clf 0.261, Loss_aux 0.199, Train_accy 91.84:  65%|██████▌   | 13/20 [17:52<08:36, 73.81s/it]
Task 3, Epoch 14/20 => Loss 0.460, Loss_clf 0.261, Loss_aux 0.199, Train_accy 91.84:  70%|███████   | 14/20 [17:52<07:17, 72.95s/it]
Task 3, Epoch 15/20 => Loss 0.409, Loss_clf 0.237, Loss_aux 0.172, Train_accy 92.39:  70%|███████   | 14/20 [19:04<07:17, 72.95s/it]
Task 3, Epoch 15/20 => Loss 0.409, Loss_clf 0.237, Loss_aux 0.172, Train_accy 92.39:  75%|███████▌  | 15/20 [19:04<06:03, 72.69s/it]
Task 3, Epoch 16/20 => Loss 0.368, Loss_clf 0.211, Loss_aux 0.158, Train_accy 93.17, Test_accy 96.10:  75%|███████▌  | 15/20 [20:40<06:03, 72.69s/it]
Task 3, Epoch 16/20 => Loss 0.368, Loss_clf 0.211, Loss_aux 0.158, Train_accy 93.17, Test_accy 96.10:  80%|████████  | 16/20 [20:40<05:19, 79.75s/it]
Task 3, Epoch 17/20 => Loss 0.421, Loss_clf 0.245, Loss_aux 0.176, Train_accy 92.08:  80%|████████  | 16/20 [21:46<05:19, 79.75s/it]                 
Task 3, Epoch 17/20 => Loss 0.421, Loss_clf 0.245, Loss_aux 0.176, Train_accy 92.08:  85%|████████▌ | 17/20 [21:46<03:47, 75.75s/it]
Task 3, Epoch 18/20 => Loss 0.396, Loss_clf 0.227, Loss_aux 0.169, Train_accy 93.08:  85%|████████▌ | 17/20 [22:59<03:47, 75.75s/it]
Task 3, Epoch 18/20 => Loss 0.396, Loss_clf 0.227, Loss_aux 0.169, Train_accy 93.08:  90%|█████████ | 18/20 [22:59<02:29, 74.71s/it]
Task 3, Epoch 19/20 => Loss 0.400, Loss_clf 0.232, Loss_aux 0.169, Train_accy 92.59:  90%|█████████ | 18/20 [24:11<02:29, 74.71s/it]
Task 3, Epoch 19/20 => Loss 0.400, Loss_clf 0.232, Loss_aux 0.169, Train_accy 92.59:  95%|█████████▌| 19/20 [24:11<01:14, 74.08s/it]
Task 3, Epoch 20/20 => Loss 0.399, Loss_clf 0.230, Loss_aux 0.169, Train_accy 92.77:  95%|█████████▌| 19/20 [25:22<01:14, 74.08s/it]
Task 3, Epoch 20/20 => Loss 0.399, Loss_clf 0.230, Loss_aux 0.169, Train_accy 92.77: 100%|██████████| 20/20 [25:22<00:00, 73.19s/it]
Task 3, Epoch 20/20 => Loss 0.399, Loss_clf 0.230, Loss_aux 0.169, Train_accy 92.77: 100%|██████████| 20/20 [25:22<00:00, 76.15s/it]
2025-05-24 14:20:03,528 [der.py] => Task 3, Epoch 20/20 => Loss 0.399, Loss_clf 0.230, Loss_aux 0.169, Train_accy 92.77
2025-05-24 14:20:03,546 [base.py] => Reducing exemplars...(100 per classes)
2025-05-24 14:20:29,390 [base.py] => Constructing exemplars...(100 per classes)
Time for task 3: 1592.1984040737152
2025-05-24 14:21:49,283 [der.py] => Exemplar size: 2000
2025-05-24 14:21:49,283 [trainer.py] => CNN: {'total': 96.05, '00-04': 97.6, '05-09': 93.4, '10-14': 96.4, '15-19': 96.8, 'old': 95.8, 'new': 96.8}
2025-05-24 14:21:49,283 [trainer.py] => NME: {'total': 95.85, '00-04': 99.2, '05-09': 94.0, '10-14': 97.4, '15-19': 92.8, 'old': 96.87, 'new': 92.8}
2025-05-24 14:21:49,283 [trainer.py] => CNN top1 curve: [99.2, 97.8, 97.53, 96.05]
2025-05-24 14:21:49,283 [trainer.py] => CNN top5 curve: [100.0, 100.0, 100.0, 99.5]
2025-05-24 14:21:49,283 [trainer.py] => NME top1 curve: [99.6, 97.7, 97.2, 95.85]
2025-05-24 14:21:49,283 [trainer.py] => NME top5 curve: [100.0, 100.0, 99.73, 99.65]

Average Accuracy (CNN): 97.64
Average Accuracy (NME): 97.59
2025-05-24 14:21:49,284 [trainer.py] => Average Accuracy (CNN): 97.64
2025-05-24 14:21:49,284 [trainer.py] => Average Accuracy (NME): 97.59
2025-05-24 14:21:49,286 [trainer.py] => All params: 343260698
2025-05-24 14:21:49,288 [trainer.py] => Trainable params: 85864730
2025-05-24 14:21:53,745 [der.py] => Learning on 20-25
2025-05-24 14:21:53,750 [der.py] => All params: 429093919
2025-05-24 14:21:53,753 [der.py] => Trainable params: 85899295

  0%|          | 0/20 [00:00<?, ?it/s]
Task 4, Epoch 1/20 => Loss 1.282, Loss_clf 0.812, Loss_aux 0.471, Train_accy 83.36, Test_accy 93.84:   0%|          | 0/20 [01:57<?, ?it/s]
Task 4, Epoch 1/20 => Loss 1.282, Loss_clf 0.812, Loss_aux 0.471, Train_accy 83.36, Test_accy 93.84:   5%|▌         | 1/20 [01:57<37:15, 117.67s/it]
Task 4, Epoch 2/20 => Loss 0.446, Loss_clf 0.263, Loss_aux 0.183, Train_accy 92.07:   5%|▌         | 1/20 [03:28<37:15, 117.67s/it]                 
Task 4, Epoch 2/20 => Loss 0.446, Loss_clf 0.263, Loss_aux 0.183, Train_accy 92.07:  10%|█         | 2/20 [03:28<30:33, 101.88s/it]
Task 4, Epoch 3/20 => Loss 0.427, Loss_clf 0.255, Loss_aux 0.172, Train_accy 92.09:  10%|█         | 2/20 [04:46<30:33, 101.88s/it]
Task 4, Epoch 3/20 => Loss 0.427, Loss_clf 0.255, Loss_aux 0.172, Train_accy 92.09:  15%|█▌        | 3/20 [04:46<25:48, 91.07s/it] 
Task 4, Epoch 4/20 => Loss 0.419, Loss_clf 0.251, Loss_aux 0.168, Train_accy 92.29:  15%|█▌        | 3/20 [06:10<25:48, 91.07s/it]
Task 4, Epoch 4/20 => Loss 0.419, Loss_clf 0.251, Loss_aux 0.168, Train_accy 92.29:  20%|██        | 4/20 [06:10<23:33, 88.36s/it]
Task 4, Epoch 5/20 => Loss 0.402, Loss_clf 0.236, Loss_aux 0.166, Train_accy 93.00:  20%|██        | 4/20 [07:35<23:33, 88.36s/it]
Task 4, Epoch 5/20 => Loss 0.402, Loss_clf 0.236, Loss_aux 0.166, Train_accy 93.00:  25%|██▌       | 5/20 [07:35<21:44, 87.00s/it]
Task 4, Epoch 6/20 => Loss 0.392, Loss_clf 0.233, Loss_aux 0.159, Train_accy 92.98, Test_accy 95.16:  25%|██▌       | 5/20 [09:30<21:44, 87.00s/it]
Task 4, Epoch 6/20 => Loss 0.392, Loss_clf 0.233, Loss_aux 0.159, Train_accy 92.98, Test_accy 95.16:  30%|███       | 6/20 [09:30<22:33, 96.69s/it]
Task 4, Epoch 7/20 => Loss 0.379, Loss_clf 0.223, Loss_aux 0.155, Train_accy 93.38:  30%|███       | 6/20 [10:54<22:33, 96.69s/it]                 
Task 4, Epoch 7/20 => Loss 0.379, Loss_clf 0.223, Loss_aux 0.155, Train_accy 93.38:  35%|███▌      | 7/20 [10:54<20:01, 92.45s/it]
Task 4, Epoch 8/20 => Loss 0.333, Loss_clf 0.201, Loss_aux 0.131, Train_accy 93.71:  35%|███▌      | 7/20 [12:18<20:01, 92.45s/it]
Task 4, Epoch 8/20 => Loss 0.333, Loss_clf 0.201, Loss_aux 0.131, Train_accy 93.71:  40%|████      | 8/20 [12:18<17:56, 89.75s/it]
Task 4, Epoch 9/20 => Loss 0.357, Loss_clf 0.214, Loss_aux 0.143, Train_accy 93.62:  40%|████      | 8/20 [13:42<17:56, 89.75s/it]
Task 4, Epoch 9/20 => Loss 0.357, Loss_clf 0.214, Loss_aux 0.143, Train_accy 93.62:  45%|████▌     | 9/20 [13:42<16:06, 87.84s/it]
Task 4, Epoch 10/20 => Loss 0.387, Loss_clf 0.232, Loss_aux 0.155, Train_accy 92.76:  45%|████▌     | 9/20 [15:00<16:06, 87.84s/it]
Task 4, Epoch 10/20 => Loss 0.387, Loss_clf 0.232, Loss_aux 0.155, Train_accy 92.76:  50%|█████     | 10/20 [15:00<14:08, 84.87s/it]
Task 4, Epoch 11/20 => Loss 0.359, Loss_clf 0.221, Loss_aux 0.137, Train_accy 93.16, Test_accy 94.76:  50%|█████     | 10/20 [16:56<14:08, 84.87s/it]
Task 4, Epoch 11/20 => Loss 0.359, Loss_clf 0.221, Loss_aux 0.137, Train_accy 93.16, Test_accy 94.76:  55%|█████▌    | 11/20 [16:56<14:10, 94.53s/it]
Task 4, Epoch 12/20 => Loss 0.364, Loss_clf 0.222, Loss_aux 0.142, Train_accy 93.24:  55%|█████▌    | 11/20 [18:21<14:10, 94.53s/it]                 
Task 4, Epoch 12/20 => Loss 0.364, Loss_clf 0.222, Loss_aux 0.142, Train_accy 93.24:  60%|██████    | 12/20 [18:21<12:11, 91.38s/it]
Task 4, Epoch 13/20 => Loss 0.303, Loss_clf 0.185, Loss_aux 0.118, Train_accy 94.18:  60%|██████    | 12/20 [19:45<12:11, 91.38s/it]
Task 4, Epoch 13/20 => Loss 0.303, Loss_clf 0.185, Loss_aux 0.118, Train_accy 94.18:  65%|██████▌   | 13/20 [19:45<10:24, 89.21s/it]
Task 4, Epoch 14/20 => Loss 0.350, Loss_clf 0.215, Loss_aux 0.136, Train_accy 93.58:  65%|██████▌   | 13/20 [21:04<10:24, 89.21s/it]
Task 4, Epoch 14/20 => Loss 0.350, Loss_clf 0.215, Loss_aux 0.136, Train_accy 93.58:  70%|███████   | 14/20 [21:04<08:36, 86.03s/it]
Task 4, Epoch 15/20 => Loss 0.327, Loss_clf 0.206, Loss_aux 0.121, Train_accy 93.93:  70%|███████   | 14/20 [22:28<08:36, 86.03s/it]
Task 4, Epoch 15/20 => Loss 0.327, Loss_clf 0.206, Loss_aux 0.121, Train_accy 93.93:  75%|███████▌  | 15/20 [22:28<07:08, 85.68s/it]
Task 4, Epoch 16/20 => Loss 0.334, Loss_clf 0.207, Loss_aux 0.127, Train_accy 93.76, Test_accy 95.80:  75%|███████▌  | 15/20 [24:24<07:08, 85.68s/it]
Task 4, Epoch 16/20 => Loss 0.334, Loss_clf 0.207, Loss_aux 0.127, Train_accy 93.76, Test_accy 95.80:  80%|████████  | 16/20 [24:24<06:19, 94.82s/it]
Task 4, Epoch 17/20 => Loss 0.295, Loss_clf 0.184, Loss_aux 0.112, Train_accy 94.49:  80%|████████  | 16/20 [25:50<06:19, 94.82s/it]                 
Task 4, Epoch 17/20 => Loss 0.295, Loss_clf 0.184, Loss_aux 0.112, Train_accy 94.49:  85%|████████▌ | 17/20 [25:50<04:35, 92.00s/it]
Task 4, Epoch 18/20 => Loss 0.338, Loss_clf 0.203, Loss_aux 0.135, Train_accy 93.80:  85%|████████▌ | 17/20 [27:09<04:35, 92.00s/it]
Task 4, Epoch 18/20 => Loss 0.338, Loss_clf 0.203, Loss_aux 0.135, Train_accy 93.80:  90%|█████████ | 18/20 [27:09<02:56, 88.07s/it]
Task 4, Epoch 19/20 => Loss 0.338, Loss_clf 0.207, Loss_aux 0.131, Train_accy 93.64:  90%|█████████ | 18/20 [28:33<02:56, 88.07s/it]
Task 4, Epoch 19/20 => Loss 0.338, Loss_clf 0.207, Loss_aux 0.131, Train_accy 93.64:  95%|█████████▌| 19/20 [28:33<01:26, 86.86s/it]
Task 4, Epoch 20/20 => Loss 0.317, Loss_clf 0.197, Loss_aux 0.120, Train_accy 94.22:  95%|█████████▌| 19/20 [29:57<01:26, 86.86s/it]
Task 4, Epoch 20/20 => Loss 0.317, Loss_clf 0.197, Loss_aux 0.120, Train_accy 94.22: 100%|██████████| 20/20 [29:57<00:00, 85.99s/it]
Task 4, Epoch 20/20 => Loss 0.317, Loss_clf 0.197, Loss_aux 0.120, Train_accy 94.22: 100%|██████████| 20/20 [29:57<00:00, 89.87s/it]
2025-05-24 14:51:51,234 [der.py] => Task 4, Epoch 20/20 => Loss 0.317, Loss_clf 0.197, Loss_aux 0.120, Train_accy 94.22
2025-05-24 14:51:51,258 [base.py] => Reducing exemplars...(80 per classes)
2025-05-24 14:52:20,108 [base.py] => Constructing exemplars...(80 per classes)
Time for task 4: 1876.5440518856049
2025-05-24 14:54:14,346 [der.py] => Exemplar size: 2000
2025-05-24 14:54:14,346 [trainer.py] => CNN: {'total': 95.76, '00-04': 97.0, '05-09': 92.4, '10-14': 94.2, '15-19': 96.0, '20-24': 99.2, 'old': 94.9, 'new': 99.2}
2025-05-24 14:54:14,346 [trainer.py] => NME: {'total': 95.84, '00-04': 98.8, '05-09': 93.8, '10-14': 95.0, '15-19': 94.2, '20-24': 97.4, 'old': 95.45, 'new': 97.4}
2025-05-24 14:54:14,346 [trainer.py] => CNN top1 curve: [99.2, 97.8, 97.53, 96.05, 95.76]
2025-05-24 14:54:14,346 [trainer.py] => CNN top5 curve: [100.0, 100.0, 100.0, 99.5, 99.44]
2025-05-24 14:54:14,346 [trainer.py] => NME top1 curve: [99.6, 97.7, 97.2, 95.85, 95.84]
2025-05-24 14:54:14,346 [trainer.py] => NME top5 curve: [100.0, 100.0, 99.73, 99.65, 99.64]

Average Accuracy (CNN): 97.27
Average Accuracy (NME): 97.24
2025-05-24 14:54:14,346 [trainer.py] => Average Accuracy (CNN): 97.27
2025-05-24 14:54:14,346 [trainer.py] => Average Accuracy (NME): 97.24
2025-05-24 14:54:14,349 [trainer.py] => All params: 429093919
2025-05-24 14:54:14,352 [trainer.py] => Trainable params: 85899295
2025-05-24 14:54:20,273 [der.py] => Learning on 25-30
2025-05-24 14:54:20,279 [der.py] => All params: 514934820
2025-05-24 14:54:20,282 [der.py] => Trainable params: 85941540

  0%|          | 0/20 [00:00<?, ?it/s]
Task 5, Epoch 1/20 => Loss 1.195, Loss_clf 0.716, Loss_aux 0.479, Train_accy 84.44, Test_accy 92.87:   0%|          | 0/20 [02:30<?, ?it/s]
Task 5, Epoch 1/20 => Loss 1.195, Loss_clf 0.716, Loss_aux 0.479, Train_accy 84.44, Test_accy 92.87:   5%|▌         | 1/20 [02:30<47:36, 150.36s/it]
Task 5, Epoch 2/20 => Loss 0.522, Loss_clf 0.303, Loss_aux 0.219, Train_accy 90.91:   5%|▌         | 1/20 [04:07<47:36, 150.36s/it]                 
Task 5, Epoch 2/20 => Loss 0.522, Loss_clf 0.303, Loss_aux 0.219, Train_accy 90.91:  10%|█         | 2/20 [04:07<35:38, 118.78s/it]
Task 5, Epoch 3/20 => Loss 0.421, Loss_clf 0.245, Loss_aux 0.176, Train_accy 92.60:  10%|█         | 2/20 [05:44<35:38, 118.78s/it]
Task 5, Epoch 3/20 => Loss 0.421, Loss_clf 0.245, Loss_aux 0.176, Train_accy 92.60:  15%|█▌        | 3/20 [05:44<30:56, 109.21s/it]
Task 5, Epoch 4/20 => Loss 0.446, Loss_clf 0.269, Loss_aux 0.177, Train_accy 92.11:  15%|█▌        | 3/20 [07:15<30:56, 109.21s/it]
Task 5, Epoch 4/20 => Loss 0.446, Loss_clf 0.269, Loss_aux 0.177, Train_accy 92.11:  20%|██        | 4/20 [07:15<27:12, 102.00s/it]
Task 5, Epoch 5/20 => Loss 0.455, Loss_clf 0.273, Loss_aux 0.181, Train_accy 92.04:  20%|██        | 4/20 [08:53<27:12, 102.00s/it]
Task 5, Epoch 5/20 => Loss 0.455, Loss_clf 0.273, Loss_aux 0.181, Train_accy 92.04:  25%|██▌       | 5/20 [08:47<24:32, 98.17s/it] 
Task 5, Epoch 6/20 => Loss 0.412, Loss_clf 0.245, Loss_aux 0.167, Train_accy 92.78, Test_accy 94.33:  25%|██▌       | 5/20 [11:11<24:32, 98.17s/it]
Task 5, Epoch 6/20 => Loss 0.412, Loss_clf 0.245, Loss_aux 0.167, Train_accy 92.78, Test_accy 94.33:  30%|███       | 6/20 [11:11<26:33, 113.82s/it]
Task 5, Epoch 7/20 => Loss 0.427, Loss_clf 0.251, Loss_aux 0.176, Train_accy 92.38:  30%|███       | 6/20 [12:48<26:33, 113.82s/it]                 
Task 5, Epoch 7/20 => Loss 0.427, Loss_clf 0.251, Loss_aux 0.176, Train_accy 92.38:  35%|███▌      | 7/20 [12:48<23:30, 108.50s/it]
Task 5, Epoch 8/20 => Loss 0.400, Loss_clf 0.241, Loss_aux 0.159, Train_accy 92.64:  35%|███▌      | 7/20 [14:20<23:30, 108.50s/it]
Task 5, Epoch 8/20 => Loss 0.400, Loss_clf 0.241, Loss_aux 0.159, Train_accy 92.64:  40%|████      | 8/20 [14:20<20:38, 103.24s/it]
Task 5, Epoch 9/20 => Loss 0.410, Loss_clf 0.252, Loss_aux 0.158, Train_accy 92.20:  40%|████      | 8/20 [15:58<20:38, 103.24s/it]
Task 5, Epoch 9/20 => Loss 0.410, Loss_clf 0.252, Loss_aux 0.158, Train_accy 92.20:  45%|████▌     | 9/20 [15:58<18:34, 101.34s/it]
Task 5, Epoch 10/20 => Loss 0.349, Loss_clf 0.213, Loss_aux 0.136, Train_accy 93.60:  45%|████▌     | 9/20 [17:29<18:34, 101.34s/it]
Task 5, Epoch 10/20 => Loss 0.349, Loss_clf 0.213, Loss_aux 0.136, Train_accy 93.60:  50%|█████     | 10/20 [17:29<16:23, 98.31s/it]
Task 5, Epoch 11/20 => Loss 0.379, Loss_clf 0.237, Loss_aux 0.142, Train_accy 92.98, Test_accy 93.63:  50%|█████     | 10/20 [19:54<16:23, 98.31s/it]
Task 5, Epoch 11/20 => Loss 0.379, Loss_clf 0.237, Loss_aux 0.142, Train_accy 92.98, Test_accy 93.63:  55%|█████▌    | 11/20 [19:54<16:54, 112.71s/it]
Task 5, Epoch 12/20 => Loss 0.360, Loss_clf 0.204, Loss_aux 0.156, Train_accy 94.04:  55%|█████▌    | 11/20 [21:26<16:54, 112.71s/it]                 
Task 5, Epoch 12/20 => Loss 0.360, Loss_clf 0.204, Loss_aux 0.156, Train_accy 94.04:  60%|██████    | 12/20 [21:26<14:09, 106.23s/it]
Task 5, Epoch 13/20 => Loss 0.367, Loss_clf 0.225, Loss_aux 0.142, Train_accy 93.31:  60%|██████    | 12/20 [23:03<14:09, 106.23s/it]
Task 5, Epoch 13/20 => Loss 0.367, Loss_clf 0.225, Loss_aux 0.142, Train_accy 93.31:  65%|██████▌   | 13/20 [23:04<12:05, 103.63s/it]
Task 5, Epoch 14/20 => Loss 0.389, Loss_clf 0.233, Loss_aux 0.156, Train_accy 92.98:  65%|██████▌   | 13/20 [24:35<12:05, 103.63s/it]
Task 5, Epoch 14/20 => Loss 0.389, Loss_clf 0.233, Loss_aux 0.156, Train_accy 92.98:  70%|███████   | 14/20 [24:35<09:59, 99.85s/it] 
Task 5, Epoch 15/20 => Loss 0.368, Loss_clf 0.224, Loss_aux 0.143, Train_accy 93.36:  70%|███████   | 14/20 [26:06<09:59, 99.85s/it]
Task 5, Epoch 15/20 => Loss 0.368, Loss_clf 0.224, Loss_aux 0.143, Train_accy 93.36:  75%|███████▌  | 15/20 [26:06<08:06, 97.25s/it]
Task 5, Epoch 16/20 => Loss 0.325, Loss_clf 0.201, Loss_aux 0.124, Train_accy 94.18, Test_accy 93.97:  75%|███████▌  | 15/20 [28:32<08:06, 97.25s/it]
Task 5, Epoch 16/20 => Loss 0.325, Loss_clf 0.201, Loss_aux 0.124, Train_accy 94.18, Test_accy 93.97:  80%|████████  | 16/20 [28:32<07:27, 111.98s/it]
Task 5, Epoch 17/20 => Loss 0.385, Loss_clf 0.232, Loss_aux 0.153, Train_accy 92.89:  80%|████████  | 16/20 [30:10<07:27, 111.98s/it]                 
Task 5, Epoch 17/20 => Loss 0.385, Loss_clf 0.232, Loss_aux 0.153, Train_accy 92.89:  85%|████████▌ | 17/20 [30:10<05:23, 107.69s/it]
Task 5, Epoch 18/20 => Loss 0.389, Loss_clf 0.233, Loss_aux 0.156, Train_accy 93.49:  85%|████████▌ | 17/20 [31:41<05:23, 107.69s/it]
Task 5, Epoch 18/20 => Loss 0.389, Loss_clf 0.233, Loss_aux 0.156, Train_accy 93.49:  90%|█████████ | 18/20 [31:41<03:25, 102.78s/it]
Task 5, Epoch 19/20 => Loss 0.341, Loss_clf 0.209, Loss_aux 0.133, Train_accy 94.04:  90%|█████████ | 18/20 [33:19<03:25, 102.78s/it]
Task 5, Epoch 19/20 => Loss 0.341, Loss_clf 0.209, Loss_aux 0.133, Train_accy 94.04:  95%|█████████▌| 19/20 [33:19<01:41, 101.18s/it]
Task 5, Epoch 20/20 => Loss 0.342, Loss_clf 0.202, Loss_aux 0.140, Train_accy 94.13:  95%|█████████▌| 19/20 [34:50<01:41, 101.18s/it]
Task 5, Epoch 20/20 => Loss 0.342, Loss_clf 0.202, Loss_aux 0.140, Train_accy 94.13: 100%|██████████| 20/20 [34:50<00:00, 98.26s/it] 
Task 5, Epoch 20/20 => Loss 0.342, Loss_clf 0.202, Loss_aux 0.140, Train_accy 94.13: 100%|██████████| 20/20 [34:50<00:00, 104.53s/it]
2025-05-24 15:29:10,946 [der.py] => Task 5, Epoch 20/20 => Loss 0.342, Loss_clf 0.202, Loss_aux 0.140, Train_accy 94.13
2025-05-24 15:29:10,967 [base.py] => Reducing exemplars...(66 per classes)
2025-05-24 15:29:49,902 [base.py] => Constructing exemplars...(66 per classes)
Time for task 5: 2188.873524904251
2025-05-24 15:32:25,396 [der.py] => Exemplar size: 1980
2025-05-24 15:32:25,397 [trainer.py] => CNN: {'total': 93.8, '00-04': 97.4, '05-09': 86.0, '10-14': 91.0, '15-19': 92.0, '20-24': 97.2, '25-29': 99.2, 'old': 92.72, 'new': 99.2}
2025-05-24 15:32:25,397 [trainer.py] => NME: {'total': 95.23, '00-04': 98.8, '05-09': 90.6, '10-14': 94.0, '15-19': 93.2, '20-24': 98.2, '25-29': 96.6, 'old': 94.96, 'new': 96.6}
2025-05-24 15:32:25,398 [trainer.py] => CNN top1 curve: [99.2, 97.8, 97.53, 96.05, 95.76, 93.8]
2025-05-24 15:32:25,398 [trainer.py] => CNN top5 curve: [100.0, 100.0, 100.0, 99.5, 99.44, 99.13]
2025-05-24 15:32:25,398 [trainer.py] => NME top1 curve: [99.6, 97.7, 97.2, 95.85, 95.84, 95.23]
2025-05-24 15:32:25,398 [trainer.py] => NME top5 curve: [100.0, 100.0, 99.73, 99.65, 99.64, 99.57]

Average Accuracy (CNN): 96.69
Average Accuracy (NME): 96.9
2025-05-24 15:32:25,398 [trainer.py] => Average Accuracy (CNN): 96.69
2025-05-24 15:32:25,399 [trainer.py] => Average Accuracy (NME): 96.9
2025-05-24 15:32:25,412 [trainer.py] => All params: 514934820
2025-05-24 15:32:25,424 [trainer.py] => Trainable params: 85941540
2025-05-24 15:32:30,242 [der.py] => Learning on 30-35
2025-05-24 15:32:30,250 [der.py] => All params: 600783401
2025-05-24 15:32:30,254 [der.py] => Trainable params: 85991465

  0%|          | 0/20 [00:00<?, ?it/s]
Task 6, Epoch 1/20 => Loss 1.365, Loss_clf 0.883, Loss_aux 0.482, Train_accy 80.76, Test_accy 90.03:   0%|          | 0/20 [03:08<?, ?it/s]
Task 6, Epoch 1/20 => Loss 1.365, Loss_clf 0.883, Loss_aux 0.482, Train_accy 80.76, Test_accy 90.03:   5%|▌         | 1/20 [03:08<59:42, 188.54s/it]
Task 6, Epoch 2/20 => Loss 0.682, Loss_clf 0.410, Loss_aux 0.272, Train_accy 87.57:   5%|▌         | 1/20 [05:00<59:42, 188.54s/it]                 
Task 6, Epoch 2/20 => Loss 0.682, Loss_clf 0.410, Loss_aux 0.272, Train_accy 87.57:  10%|█         | 2/20 [05:00<43:06, 143.68s/it]
Task 6, Epoch 3/20 => Loss 0.556, Loss_clf 0.328, Loss_aux 0.227, Train_accy 89.46:  10%|█         | 2/20 [06:49<43:06, 143.68s/it]
Task 6, Epoch 3/20 => Loss 0.556, Loss_clf 0.328, Loss_aux 0.227, Train_accy 89.46:  15%|█▌        | 3/20 [06:49<36:07, 127.53s/it]
Task 6, Epoch 4/20 => Loss 0.543, Loss_clf 0.329, Loss_aux 0.214, Train_accy 89.78:  15%|█▌        | 3/20 [08:33<36:07, 127.53s/it]
Task 6, Epoch 4/20 => Loss 0.543, Loss_clf 0.329, Loss_aux 0.214, Train_accy 89.78:  20%|██        | 4/20 [08:33<31:35, 118.46s/it]
Task 6, Epoch 5/20 => Loss 0.546, Loss_clf 0.331, Loss_aux 0.215, Train_accy 89.73:  20%|██        | 4/20 [10:23<31:35, 118.46s/it]
Task 6, Epoch 5/20 => Loss 0.546, Loss_clf 0.331, Loss_aux 0.215, Train_accy 89.73:  25%|██▌       | 5/20 [10:23<28:52, 115.52s/it]
Task 6, Epoch 6/20 => Loss 0.482, Loss_clf 0.284, Loss_aux 0.198, Train_accy 91.36, Test_accy 92.94:  25%|██▌       | 5/20 [13:15<28:52, 115.52s/it]
Task 6, Epoch 6/20 => Loss 0.482, Loss_clf 0.284, Loss_aux 0.198, Train_accy 91.36, Test_accy 92.94:  30%|███       | 6/20 [13:15<31:24, 134.61s/it]
Task 6, Epoch 7/20 => Loss 0.479, Loss_clf 0.284, Loss_aux 0.195, Train_accy 91.05:  30%|███       | 6/20 [14:59<31:24, 134.61s/it]                 
Task 6, Epoch 7/20 => Loss 0.479, Loss_clf 0.284, Loss_aux 0.195, Train_accy 91.05:  35%|███▌      | 7/20 [14:59<27:00, 124.68s/it]
Task 6, Epoch 8/20 => Loss 0.503, Loss_clf 0.305, Loss_aux 0.198, Train_accy 90.58:  35%|███▌      | 7/20 [16:44<27:00, 124.68s/it]
Task 6, Epoch 8/20 => Loss 0.503, Loss_clf 0.305, Loss_aux 0.198, Train_accy 90.58:  40%|████      | 8/20 [16:44<23:37, 118.16s/it]
Task 6, Epoch 9/20 => Loss 0.444, Loss_clf 0.278, Loss_aux 0.167, Train_accy 91.90:  40%|████      | 8/20 [18:28<23:37, 118.16s/it]
Task 6, Epoch 9/20 => Loss 0.444, Loss_clf 0.278, Loss_aux 0.167, Train_accy 91.90:  45%|████▌     | 9/20 [18:28<20:53, 113.92s/it]
Task 6, Epoch 10/20 => Loss 0.467, Loss_clf 0.278, Loss_aux 0.190, Train_accy 91.38:  45%|████▌     | 9/20 [20:18<20:53, 113.92s/it]
Task 6, Epoch 10/20 => Loss 0.467, Loss_clf 0.278, Loss_aux 0.190, Train_accy 91.38:  50%|█████     | 10/20 [20:18<18:47, 112.76s/it]
Task 6, Epoch 11/20 => Loss 0.416, Loss_clf 0.246, Loss_aux 0.169, Train_accy 92.01, Test_accy 93.29:  50%|█████     | 10/20 [23:10<18:47, 112.76s/it]
Task 6, Epoch 11/20 => Loss 0.416, Loss_clf 0.246, Loss_aux 0.169, Train_accy 92.01, Test_accy 93.29:  55%|█████▌    | 11/20 [23:10<19:35, 130.64s/it]
Task 6, Epoch 12/20 => Loss 0.391, Loss_clf 0.229, Loss_aux 0.162, Train_accy 92.86:  55%|█████▌    | 11/20 [24:54<19:35, 130.64s/it]                 
Task 6, Epoch 12/20 => Loss 0.391, Loss_clf 0.229, Loss_aux 0.162, Train_accy 92.86:  60%|██████    | 12/20 [24:54<16:21, 122.66s/it]
Task 6, Epoch 13/20 => Loss 0.418, Loss_clf 0.253, Loss_aux 0.165, Train_accy 91.96:  60%|██████    | 12/20 [26:39<16:21, 122.66s/it]
Task 6, Epoch 13/20 => Loss 0.418, Loss_clf 0.253, Loss_aux 0.165, Train_accy 91.96:  65%|██████▌   | 13/20 [26:39<13:40, 117.20s/it]
Task 6, Epoch 14/20 => Loss 0.387, Loss_clf 0.233, Loss_aux 0.153, Train_accy 92.68:  65%|██████▌   | 13/20 [28:29<13:40, 117.20s/it]
Task 6, Epoch 14/20 => Loss 0.387, Loss_clf 0.233, Loss_aux 0.153, Train_accy 92.68:  70%|███████   | 14/20 [28:29<11:30, 115.10s/it]
Task 6, Epoch 15/20 => Loss 0.362, Loss_clf 0.216, Loss_aux 0.146, Train_accy 93.33:  70%|███████   | 14/20 [30:13<11:30, 115.10s/it]
Task 6, Epoch 15/20 => Loss 0.362, Loss_clf 0.216, Loss_aux 0.146, Train_accy 93.33:  75%|███████▌  | 15/20 [30:13<09:18, 111.67s/it]
Task 6, Epoch 16/20 => Loss 0.392, Loss_clf 0.230, Loss_aux 0.162, Train_accy 92.61, Test_accy 92.89:  75%|███████▌  | 15/20 [33:04<09:18, 111.67s/it]
Task 6, Epoch 16/20 => Loss 0.392, Loss_clf 0.230, Loss_aux 0.162, Train_accy 92.61, Test_accy 92.89:  80%|████████  | 16/20 [33:04<08:38, 129.63s/it]
Task 6, Epoch 17/20 => Loss 0.364, Loss_clf 0.225, Loss_aux 0.139, Train_accy 93.37:  80%|████████  | 16/20 [34:49<08:38, 129.63s/it]                 
Task 6, Epoch 17/20 => Loss 0.364, Loss_clf 0.225, Loss_aux 0.139, Train_accy 93.37:  85%|████████▌ | 17/20 [34:49<06:06, 122.12s/it]
Task 6, Epoch 18/20 => Loss 0.415, Loss_clf 0.260, Loss_aux 0.155, Train_accy 92.54:  85%|████████▌ | 17/20 [36:39<06:06, 122.12s/it]
Task 6, Epoch 18/20 => Loss 0.415, Loss_clf 0.260, Loss_aux 0.155, Train_accy 92.54:  90%|█████████ | 18/20 [36:39<03:57, 118.65s/it]
Task 6, Epoch 19/20 => Loss 0.398, Loss_clf 0.239, Loss_aux 0.159, Train_accy 92.68:  90%|█████████ | 18/20 [38:24<03:57, 118.65s/it]
Task 6, Epoch 19/20 => Loss 0.398, Loss_clf 0.239, Loss_aux 0.159, Train_accy 92.68:  95%|█████████▌| 19/20 [38:24<01:54, 114.41s/it]
Task 6, Epoch 20/20 => Loss 0.338, Loss_clf 0.214, Loss_aux 0.125, Train_accy 93.39:  95%|█████████▌| 19/20 [40:08<01:54, 114.41s/it]
Task 6, Epoch 20/20 => Loss 0.338, Loss_clf 0.214, Loss_aux 0.125, Train_accy 93.39: 100%|██████████| 20/20 [40:08<00:00, 111.51s/it]
Task 6, Epoch 20/20 => Loss 0.338, Loss_clf 0.214, Loss_aux 0.125, Train_accy 93.39: 100%|██████████| 20/20 [40:08<00:00, 120.45s/it]
2025-05-24 16:12:39,307 [der.py] => Task 6, Epoch 20/20 => Loss 0.338, Loss_clf 0.214, Loss_aux 0.125, Train_accy 93.39
2025-05-24 16:12:39,331 [base.py] => Reducing exemplars...(57 per classes)
2025-05-24 16:13:26,853 [base.py] => Constructing exemplars...(57 per classes)
Time for task 6: 2522.740993976593
2025-05-24 16:16:41,662 [der.py] => Exemplar size: 1995
2025-05-24 16:16:41,678 [trainer.py] => CNN: {'total': 92.83, '00-04': 95.8, '05-09': 82.4, '10-14': 92.0, '15-19': 90.8, '20-24': 96.2, '25-29': 97.0, '30-34': 95.6, 'old': 92.37, 'new': 95.6}
2025-05-24 16:16:41,678 [trainer.py] => NME: {'total': 93.94, '00-04': 98.6, '05-09': 89.0, '10-14': 93.2, '15-19': 92.4, '20-24': 97.6, '25-29': 97.2, '30-34': 89.6, 'old': 94.67, 'new': 89.6}
2025-05-24 16:16:41,679 [trainer.py] => CNN top1 curve: [99.2, 97.8, 97.53, 96.05, 95.76, 93.8, 92.83]
2025-05-24 16:16:41,679 [trainer.py] => CNN top5 curve: [100.0, 100.0, 100.0, 99.5, 99.44, 99.13, 99.2]
2025-05-24 16:16:41,679 [trainer.py] => NME top1 curve: [99.6, 97.7, 97.2, 95.85, 95.84, 95.23, 93.94]
2025-05-24 16:16:41,679 [trainer.py] => NME top5 curve: [100.0, 100.0, 99.73, 99.65, 99.64, 99.57, 99.54]

Average Accuracy (CNN): 96.14
Average Accuracy (NME): 96.48
2025-05-24 16:16:41,679 [trainer.py] => Average Accuracy (CNN): 96.14
2025-05-24 16:16:41,679 [trainer.py] => Average Accuracy (NME): 96.48
2025-05-24 16:16:41,683 [trainer.py] => All params: 600783401
2025-05-24 16:16:41,687 [trainer.py] => Trainable params: 85991465
2025-05-24 16:16:48,735 [der.py] => Learning on 35-40
2025-05-24 16:16:48,745 [der.py] => All params: 686639662
2025-05-24 16:16:48,749 [der.py] => Trainable params: 86049070

  0%|          | 0/20 [00:00<?, ?it/s]
Task 7, Epoch 1/20 => Loss 1.233, Loss_clf 0.790, Loss_aux 0.443, Train_accy 84.27, Test_accy 89.28:   0%|          | 0/20 [03:38<?, ?it/s]
Task 7, Epoch 1/20 => Loss 1.233, Loss_clf 0.790, Loss_aux 0.443, Train_accy 84.27, Test_accy 89.28:   5%|▌         | 1/20 [03:38<1:09:10, 218.45s/it]
Task 7, Epoch 2/20 => Loss 0.561, Loss_clf 0.332, Loss_aux 0.229, Train_accy 90.32:   5%|▌         | 1/20 [05:41<1:09:10, 218.45s/it]                 
Task 7, Epoch 2/20 => Loss 0.561, Loss_clf 0.332, Loss_aux 0.229, Train_accy 90.32:  10%|█         | 2/20 [05:42<48:47, 162.63s/it]  
Task 7, Epoch 3/20 => Loss 0.478, Loss_clf 0.290, Loss_aux 0.189, Train_accy 91.55:  10%|█         | 2/20 [07:44<48:47, 162.63s/it]
Task 7, Epoch 3/20 => Loss 0.478, Loss_clf 0.290, Loss_aux 0.189, Train_accy 91.55:  15%|█▌        | 3/20 [07:44<40:54, 144.37s/it]
Task 7, Epoch 4/20 => Loss 0.458, Loss_clf 0.277, Loss_aux 0.181, Train_accy 91.75:  15%|█▌        | 3/20 [09:42<40:54, 144.37s/it]
Task 7, Epoch 4/20 => Loss 0.458, Loss_clf 0.277, Loss_aux 0.181, Train_accy 91.75:  20%|██        | 4/20 [09:42<35:40, 133.80s/it]
Task 7, Epoch 5/20 => Loss 0.429, Loss_clf 0.257, Loss_aux 0.172, Train_accy 91.90:  20%|██        | 4/20 [11:39<35:40, 133.80s/it]
Task 7, Epoch 5/20 => Loss 0.429, Loss_clf 0.257, Loss_aux 0.172, Train_accy 91.90:  25%|██▌       | 5/20 [11:39<31:59, 127.99s/it]
Task 7, Epoch 6/20 => Loss 0.444, Loss_clf 0.268, Loss_aux 0.176, Train_accy 91.72, Test_accy 91.28:  25%|██▌       | 5/20 [15:00<31:59, 127.99s/it]
Task 7, Epoch 6/20 => Loss 0.444, Loss_clf 0.268, Loss_aux 0.176, Train_accy 91.72, Test_accy 91.28:  30%|███       | 6/20 [15:00<35:35, 152.54s/it]
Task 7, Epoch 7/20 => Loss 0.446, Loss_clf 0.267, Loss_aux 0.178, Train_accy 91.99:  30%|███       | 6/20 [16:57<35:35, 152.54s/it]                 
Task 7, Epoch 7/20 => Loss 0.446, Loss_clf 0.267, Loss_aux 0.178, Train_accy 91.99:  35%|███▌      | 7/20 [16:57<30:33, 141.03s/it]
Task 7, Epoch 8/20 => Loss 0.420, Loss_clf 0.252, Loss_aux 0.168, Train_accy 92.97:  35%|███▌      | 7/20 [18:55<30:33, 141.03s/it]
Task 7, Epoch 8/20 => Loss 0.420, Loss_clf 0.252, Loss_aux 0.168, Train_accy 92.97:  40%|████      | 8/20 [18:55<26:43, 133.60s/it]
Task 7, Epoch 9/20 => Loss 0.443, Loss_clf 0.265, Loss_aux 0.178, Train_accy 92.10:  40%|████      | 8/20 [20:59<26:43, 133.60s/it]
Task 7, Epoch 9/20 => Loss 0.443, Loss_clf 0.265, Loss_aux 0.178, Train_accy 92.10:  45%|████▌     | 9/20 [20:59<23:56, 130.64s/it]
Task 7, Epoch 10/20 => Loss 0.398, Loss_clf 0.239, Loss_aux 0.159, Train_accy 93.13:  45%|████▌     | 9/20 [22:57<23:56, 130.64s/it]
Task 7, Epoch 10/20 => Loss 0.398, Loss_clf 0.239, Loss_aux 0.159, Train_accy 93.13:  50%|█████     | 10/20 [22:57<21:07, 126.77s/it]
Task 7, Epoch 11/20 => Loss 0.388, Loss_clf 0.244, Loss_aux 0.144, Train_accy 92.95, Test_accy 91.32:  50%|█████     | 10/20 [26:17<21:07, 126.77s/it]
Task 7, Epoch 11/20 => Loss 0.388, Loss_clf 0.244, Loss_aux 0.144, Train_accy 92.95, Test_accy 91.32:  55%|█████▌    | 11/20 [26:17<22:23, 149.27s/it]
Task 7, Epoch 12/20 => Loss 0.409, Loss_clf 0.247, Loss_aux 0.162, Train_accy 92.99:  55%|█████▌    | 11/20 [28:15<22:23, 149.27s/it]                 
Task 7, Epoch 12/20 => Loss 0.409, Loss_clf 0.247, Loss_aux 0.162, Train_accy 92.99:  60%|██████    | 12/20 [28:15<18:37, 139.68s/it]
Task 7, Epoch 13/20 => Loss 0.397, Loss_clf 0.243, Loss_aux 0.154, Train_accy 93.24:  60%|██████    | 12/20 [30:12<18:37, 139.68s/it]
Task 7, Epoch 13/20 => Loss 0.397, Loss_clf 0.243, Loss_aux 0.154, Train_accy 93.24:  65%|██████▌   | 13/20 [30:12<15:29, 132.76s/it]
Task 7, Epoch 14/20 => Loss 0.372, Loss_clf 0.230, Loss_aux 0.143, Train_accy 93.26:  65%|██████▌   | 13/20 [32:17<15:29, 132.76s/it]
Task 7, Epoch 14/20 => Loss 0.372, Loss_clf 0.230, Loss_aux 0.143, Train_accy 93.26:  70%|███████   | 14/20 [32:17<13:02, 130.45s/it]
Task 7, Epoch 15/20 => Loss 0.354, Loss_clf 0.212, Loss_aux 0.142, Train_accy 93.88:  70%|███████   | 14/20 [34:15<13:02, 130.45s/it]
Task 7, Epoch 15/20 => Loss 0.354, Loss_clf 0.212, Loss_aux 0.142, Train_accy 93.88:  75%|███████▌  | 15/20 [34:15<10:33, 126.76s/it]
Task 7, Epoch 16/20 => Loss 0.411, Loss_clf 0.256, Loss_aux 0.155, Train_accy 92.21, Test_accy 91.78:  75%|███████▌  | 15/20 [37:42<10:33, 126.76s/it]
Task 7, Epoch 16/20 => Loss 0.411, Loss_clf 0.256, Loss_aux 0.155, Train_accy 92.21, Test_accy 91.78:  80%|████████  | 16/20 [37:42<10:03, 150.96s/it]
Task 7, Epoch 17/20 => Loss 0.365, Loss_clf 0.225, Loss_aux 0.140, Train_accy 93.41:  80%|████████  | 16/20 [39:40<10:03, 150.96s/it]                 
Task 7, Epoch 17/20 => Loss 0.365, Loss_clf 0.225, Loss_aux 0.140, Train_accy 93.41:  85%|████████▌ | 17/20 [39:40<07:03, 141.02s/it]
Task 7, Epoch 18/20 => Loss 0.373, Loss_clf 0.228, Loss_aux 0.145, Train_accy 93.39:  85%|████████▌ | 17/20 [41:39<07:03, 141.02s/it]
Task 7, Epoch 18/20 => Loss 0.373, Loss_clf 0.228, Loss_aux 0.145, Train_accy 93.39:  90%|█████████ | 18/20 [41:39<04:28, 134.24s/it]
Task 7, Epoch 19/20 => Loss 0.360, Loss_clf 0.223, Loss_aux 0.137, Train_accy 93.50:  90%|█████████ | 18/20 [43:36<04:28, 134.24s/it]
Task 7, Epoch 19/20 => Loss 0.360, Loss_clf 0.223, Loss_aux 0.137, Train_accy 93.50:  95%|█████████▌| 19/20 [43:36<02:09, 129.33s/it]
Task 7, Epoch 20/20 => Loss 0.373, Loss_clf 0.236, Loss_aux 0.137, Train_accy 93.17:  95%|█████████▌| 19/20 [45:35<02:09, 129.33s/it]
Task 7, Epoch 20/20 => Loss 0.373, Loss_clf 0.236, Loss_aux 0.137, Train_accy 93.17: 100%|██████████| 20/20 [45:35<00:00, 125.97s/it]
Task 7, Epoch 20/20 => Loss 0.373, Loss_clf 0.236, Loss_aux 0.137, Train_accy 93.17: 100%|██████████| 20/20 [45:35<00:00, 136.76s/it]
2025-05-24 17:02:24,066 [der.py] => Task 7, Epoch 20/20 => Loss 0.373, Loss_clf 0.236, Loss_aux 0.137, Train_accy 93.17
2025-05-24 17:02:24,087 [base.py] => Reducing exemplars...(50 per classes)
2025-05-24 17:03:19,556 [base.py] => Constructing exemplars...(50 per classes)
Time for task 7: 2865.4430742263794
2025-05-24 17:07:19,413 [der.py] => Exemplar size: 2000
2025-05-24 17:07:19,441 [trainer.py] => CNN: {'total': 91.85, '00-04': 93.8, '05-09': 84.6, '10-14': 88.4, '15-19': 87.6, '20-24': 96.0, '25-29': 92.4, '30-34': 93.8, '35-39': 98.2, 'old': 90.94, 'new': 98.2}
2025-05-24 17:07:19,441 [trainer.py] => NME: {'total': 93.25, '00-04': 97.8, '05-09': 88.2, '10-14': 92.6, '15-19': 91.0, '20-24': 97.6, '25-29': 95.6, '30-34': 91.2, '35-39': 92.0, 'old': 93.43, 'new': 92.0}
2025-05-24 17:07:19,441 [trainer.py] => CNN top1 curve: [99.2, 97.8, 97.53, 96.05, 95.76, 93.8, 92.83, 91.85]
2025-05-24 17:07:19,441 [trainer.py] => CNN top5 curve: [100.0, 100.0, 100.0, 99.5, 99.44, 99.13, 99.2, 98.82]
2025-05-24 17:07:19,441 [trainer.py] => NME top1 curve: [99.6, 97.7, 97.2, 95.85, 95.84, 95.23, 93.94, 93.25]
2025-05-24 17:07:19,441 [trainer.py] => NME top5 curve: [100.0, 100.0, 99.73, 99.65, 99.64, 99.57, 99.54, 99.4]

Average Accuracy (CNN): 95.6
Average Accuracy (NME): 96.08
2025-05-24 17:07:19,441 [trainer.py] => Average Accuracy (CNN): 95.6
2025-05-24 17:07:19,441 [trainer.py] => Average Accuracy (NME): 96.08
2025-05-24 17:07:19,446 [trainer.py] => All params: 686639662
2025-05-24 17:07:19,451 [trainer.py] => Trainable params: 86049070
2025-05-24 17:07:24,419 [der.py] => Learning on 40-45
2025-05-24 17:07:24,427 [der.py] => All params: 772503603
2025-05-24 17:07:24,431 [der.py] => Trainable params: 86114355

  0%|          | 0/20 [00:00<?, ?it/s]
Task 8, Epoch 1/20 => Loss 1.330, Loss_clf 0.849, Loss_aux 0.481, Train_accy 82.67, Test_accy 90.22:   0%|          | 0/20 [04:03<?, ?it/s]
Task 8, Epoch 1/20 => Loss 1.330, Loss_clf 0.849, Loss_aux 0.481, Train_accy 82.67, Test_accy 90.22:   5%|▌         | 1/20 [04:03<1:17:12, 243.79s/it]
Task 8, Epoch 2/20 => Loss 0.608, Loss_clf 0.362, Loss_aux 0.246, Train_accy 89.51:   5%|▌         | 1/20 [06:19<1:17:12, 243.79s/it]                 
Task 8, Epoch 2/20 => Loss 0.608, Loss_clf 0.362, Loss_aux 0.246, Train_accy 89.51:  10%|█         | 2/20 [06:19<54:00, 180.02s/it]  
Task 8, Epoch 3/20 => Loss 0.532, Loss_clf 0.310, Loss_aux 0.222, Train_accy 90.49:  10%|█         | 2/20 [08:29<54:00, 180.02s/it]
Task 8, Epoch 3/20 => Loss 0.532, Loss_clf 0.310, Loss_aux 0.222, Train_accy 90.49:  15%|█▌        | 3/20 [08:29<44:38, 157.54s/it]
Task 8, Epoch 4/20 => Loss 0.488, Loss_clf 0.301, Loss_aux 0.188, Train_accy 90.91:  15%|█▌        | 3/20 [10:40<44:38, 157.54s/it]
Task 8, Epoch 4/20 => Loss 0.488, Loss_clf 0.301, Loss_aux 0.188, Train_accy 90.91:  20%|██        | 4/20 [10:40<39:13, 147.08s/it]
Task 8, Epoch 5/20 => Loss 0.523, Loss_clf 0.329, Loss_aux 0.195, Train_accy 90.53:  20%|██        | 4/20 [12:51<39:13, 147.08s/it]
Task 8, Epoch 5/20 => Loss 0.523, Loss_clf 0.329, Loss_aux 0.195, Train_accy 90.53:  25%|██▌       | 5/20 [12:51<35:18, 141.22s/it]
Task 8, Epoch 6/20 => Loss 0.477, Loss_clf 0.294, Loss_aux 0.183, Train_accy 91.40, Test_accy 89.78:  25%|██▌       | 5/20 [16:51<35:18, 141.22s/it]
Task 8, Epoch 6/20 => Loss 0.477, Loss_clf 0.294, Loss_aux 0.183, Train_accy 91.40, Test_accy 89.78:  30%|███       | 6/20 [16:51<40:44, 174.64s/it]
Task 8, Epoch 7/20 => Loss 0.442, Loss_clf 0.269, Loss_aux 0.174, Train_accy 92.53:  30%|███       | 6/20 [19:01<40:44, 174.64s/it]                 
Task 8, Epoch 7/20 => Loss 0.442, Loss_clf 0.269, Loss_aux 0.174, Train_accy 92.53:  35%|███▌      | 7/20 [19:02<34:43, 160.26s/it]
Task 8, Epoch 8/20 => Loss 0.419, Loss_clf 0.260, Loss_aux 0.159, Train_accy 92.36:  35%|███▌      | 7/20 [21:13<34:43, 160.26s/it]
Task 8, Epoch 8/20 => Loss 0.419, Loss_clf 0.260, Loss_aux 0.159, Train_accy 92.36:  40%|████      | 8/20 [21:13<30:11, 150.95s/it]
Task 8, Epoch 9/20 => Loss 0.414, Loss_clf 0.250, Loss_aux 0.163, Train_accy 92.71:  40%|████      | 8/20 [23:17<30:11, 150.95s/it]
Task 8, Epoch 9/20 => Loss 0.414, Loss_clf 0.250, Loss_aux 0.163, Train_accy 92.71:  45%|████▌     | 9/20 [23:18<26:11, 142.84s/it]
Task 8, Epoch 10/20 => Loss 0.442, Loss_clf 0.273, Loss_aux 0.169, Train_accy 92.02:  45%|████▌     | 9/20 [25:28<26:11, 142.84s/it]
Task 8, Epoch 10/20 => Loss 0.442, Loss_clf 0.273, Loss_aux 0.169, Train_accy 92.02:  50%|█████     | 10/20 [25:29<23:11, 139.18s/it]
Task 8, Epoch 11/20 => Loss 0.393, Loss_clf 0.235, Loss_aux 0.158, Train_accy 93.20, Test_accy 89.56:  50%|█████     | 10/20 [29:27<23:11, 139.18s/it]
Task 8, Epoch 11/20 => Loss 0.393, Loss_clf 0.235, Loss_aux 0.158, Train_accy 93.20, Test_accy 89.56:  55%|█████▌    | 11/20 [29:27<25:27, 169.71s/it]
Task 8, Epoch 12/20 => Loss 0.442, Loss_clf 0.272, Loss_aux 0.171, Train_accy 92.07:  55%|█████▌    | 11/20 [31:38<25:27, 169.71s/it]                 
Task 8, Epoch 12/20 => Loss 0.442, Loss_clf 0.272, Loss_aux 0.171, Train_accy 92.07:  60%|██████    | 12/20 [31:38<21:02, 157.84s/it]
Task 8, Epoch 13/20 => Loss 0.432, Loss_clf 0.265, Loss_aux 0.167, Train_accy 92.89:  60%|██████    | 12/20 [33:49<21:02, 157.84s/it]
Task 8, Epoch 13/20 => Loss 0.432, Loss_clf 0.265, Loss_aux 0.167, Train_accy 92.89:  65%|██████▌   | 13/20 [33:49<17:27, 149.67s/it]
Task 8, Epoch 14/20 => Loss 0.442, Loss_clf 0.276, Loss_aux 0.165, Train_accy 92.38:  65%|██████▌   | 13/20 [36:00<17:27, 149.67s/it]
Task 8, Epoch 14/20 => Loss 0.442, Loss_clf 0.276, Loss_aux 0.165, Train_accy 92.38:  70%|███████   | 14/20 [36:00<14:23, 143.97s/it]
Task 8, Epoch 15/20 => Loss 0.388, Loss_clf 0.237, Loss_aux 0.151, Train_accy 93.42:  70%|███████   | 14/20 [38:12<14:23, 143.97s/it]
Task 8, Epoch 15/20 => Loss 0.388, Loss_clf 0.237, Loss_aux 0.151, Train_accy 93.42:  75%|███████▌  | 15/20 [38:12<11:41, 140.28s/it]
Task 8, Epoch 16/20 => Loss 0.406, Loss_clf 0.247, Loss_aux 0.159, Train_accy 92.89, Test_accy 89.80:  75%|███████▌  | 15/20 [42:10<11:41, 140.28s/it]
Task 8, Epoch 16/20 => Loss 0.406, Loss_clf 0.247, Loss_aux 0.159, Train_accy 92.89, Test_accy 89.80:  80%|████████  | 16/20 [42:11<11:19, 169.99s/it]
Task 8, Epoch 17/20 => Loss 0.384, Loss_clf 0.239, Loss_aux 0.145, Train_accy 93.13:  80%|████████  | 16/20 [44:21<11:19, 169.99s/it]                 
Task 8, Epoch 17/20 => Loss 0.384, Loss_clf 0.239, Loss_aux 0.145, Train_accy 93.13:  85%|████████▌ | 17/20 [44:21<07:54, 158.25s/it]
Task 8, Epoch 18/20 => Loss 0.378, Loss_clf 0.245, Loss_aux 0.132, Train_accy 93.29:  85%|████████▌ | 17/20 [46:32<07:54, 158.25s/it]
Task 8, Epoch 18/20 => Loss 0.378, Loss_clf 0.245, Loss_aux 0.132, Train_accy 93.29:  90%|█████████ | 18/20 [46:32<04:59, 149.82s/it]
Task 8, Epoch 19/20 => Loss 0.371, Loss_clf 0.231, Loss_aux 0.141, Train_accy 92.87:  90%|█████████ | 18/20 [48:37<04:59, 149.82s/it]
Task 8, Epoch 19/20 => Loss 0.371, Loss_clf 0.231, Loss_aux 0.141, Train_accy 92.87:  95%|█████████▌| 19/20 [48:37<02:22, 142.49s/it]
Task 8, Epoch 20/20 => Loss 0.369, Loss_clf 0.229, Loss_aux 0.140, Train_accy 93.64:  95%|█████████▌| 19/20 [50:47<02:22, 142.49s/it]
Task 8, Epoch 20/20 => Loss 0.369, Loss_clf 0.229, Loss_aux 0.140, Train_accy 93.64: 100%|██████████| 20/20 [50:47<00:00, 138.82s/it]
Task 8, Epoch 20/20 => Loss 0.369, Loss_clf 0.229, Loss_aux 0.140, Train_accy 93.64: 100%|██████████| 20/20 [50:47<00:00, 152.39s/it]
2025-05-24 17:58:12,461 [der.py] => Task 8, Epoch 20/20 => Loss 0.369, Loss_clf 0.229, Loss_aux 0.140, Train_accy 93.64
2025-05-24 17:58:12,487 [base.py] => Reducing exemplars...(44 per classes)
2025-05-24 17:59:16,111 [base.py] => Constructing exemplars...(44 per classes)
Time for task 8: 3192.53883767128
2025-05-24 18:04:14,727 [der.py] => Exemplar size: 1980
2025-05-24 18:04:14,761 [trainer.py] => CNN: {'total': 91.2, '00-04': 94.4, '05-09': 83.8, '10-14': 81.2, '15-19': 87.8, '20-24': 92.6, '25-29': 95.4, '30-34': 91.6, '35-39': 96.4, '40-44': 97.6, 'old': 90.4, 'new': 97.6}
2025-05-24 18:04:14,761 [trainer.py] => NME: {'total': 92.31, '00-04': 97.2, '05-09': 87.8, '10-14': 89.4, '15-19': 90.4, '20-24': 97.0, '25-29': 95.2, '30-34': 90.4, '35-39': 94.6, '40-44': 88.8, 'old': 92.75, 'new': 88.8}
2025-05-24 18:04:14,762 [trainer.py] => CNN top1 curve: [99.2, 97.8, 97.53, 96.05, 95.76, 93.8, 92.83, 91.85, 91.2]
2025-05-24 18:04:14,762 [trainer.py] => CNN top5 curve: [100.0, 100.0, 100.0, 99.5, 99.44, 99.13, 99.2, 98.82, 98.62]
2025-05-24 18:04:14,762 [trainer.py] => NME top1 curve: [99.6, 97.7, 97.2, 95.85, 95.84, 95.23, 93.94, 93.25, 92.31]
2025-05-24 18:04:14,762 [trainer.py] => NME top5 curve: [100.0, 100.0, 99.73, 99.65, 99.64, 99.57, 99.54, 99.4, 99.27]

Average Accuracy (CNN): 95.11
Average Accuracy (NME): 95.66
2025-05-24 18:04:14,762 [trainer.py] => Average Accuracy (CNN): 95.11
2025-05-24 18:04:14,762 [trainer.py] => Average Accuracy (NME): 95.66
2025-05-24 18:04:14,773 [trainer.py] => All params: 772503603
2025-05-24 18:04:14,784 [trainer.py] => Trainable params: 86114355
2025-05-24 18:04:19,539 [der.py] => Learning on 45-50
2025-05-24 18:04:19,550 [der.py] => All params: 858375224
2025-05-24 18:04:19,555 [der.py] => Trainable params: 86187320

  0%|          | 0/20 [00:00<?, ?it/s]
Task 9, Epoch 1/20 => Loss 1.390, Loss_clf 0.924, Loss_aux 0.467, Train_accy 84.42, Test_accy 88.34:   0%|          | 0/20 [04:52<?, ?it/s]
Task 9, Epoch 1/20 => Loss 1.390, Loss_clf 0.924, Loss_aux 0.467, Train_accy 84.42, Test_accy 88.34:   5%|▌         | 1/20 [04:52<1:32:28, 292.01s/it]
Task 9, Epoch 2/20 => Loss 0.498, Loss_clf 0.310, Loss_aux 0.188, Train_accy 91.12:   5%|▌         | 1/20 [07:22<1:32:28, 292.01s/it]                 
Task 9, Epoch 2/20 => Loss 0.498, Loss_clf 0.310, Loss_aux 0.188, Train_accy 91.12:  10%|█         | 2/20 [07:22<1:02:37, 208.74s/it]
Task 9, Epoch 3/20 => Loss 0.460, Loss_clf 0.289, Loss_aux 0.171, Train_accy 91.63:  10%|█         | 2/20 [09:46<1:02:37, 208.74s/it]
Task 9, Epoch 3/20 => Loss 0.460, Loss_clf 0.289, Loss_aux 0.171, Train_accy 91.63:  15%|█▌        | 3/20 [09:46<50:45, 179.12s/it]  
Task 9, Epoch 4/20 => Loss 0.442, Loss_clf 0.283, Loss_aux 0.159, Train_accy 91.99:  15%|█▌        | 3/20 [12:09<50:45, 179.12s/it]
Task 9, Epoch 4/20 => Loss 0.442, Loss_clf 0.283, Loss_aux 0.159, Train_accy 91.99:  20%|██        | 4/20 [12:09<43:57, 164.86s/it]
Task 9, Epoch 5/20 => Loss 0.404, Loss_clf 0.256, Loss_aux 0.147, Train_accy 92.63:  20%|██        | 4/20 [14:26<43:57, 164.86s/it]
Task 9, Epoch 5/20 => Loss 0.404, Loss_clf 0.256, Loss_aux 0.147, Train_accy 92.63:  25%|██▌       | 5/20 [14:26<38:40, 154.72s/it]
Task 9, Epoch 6/20 => Loss 0.350, Loss_clf 0.226, Loss_aux 0.124, Train_accy 93.53, Test_accy 87.80:  25%|██▌       | 5/20 [19:05<38:40, 154.72s/it]
Task 9, Epoch 6/20 => Loss 0.350, Loss_clf 0.226, Loss_aux 0.124, Train_accy 93.53, Test_accy 87.80:  30%|███       | 6/20 [19:05<45:58, 197.00s/it]
Task 9, Epoch 7/20 => Loss 0.406, Loss_clf 0.264, Loss_aux 0.143, Train_accy 92.46:  30%|███       | 6/20 [21:27<45:58, 197.00s/it]                 
Task 9, Epoch 7/20 => Loss 0.406, Loss_clf 0.264, Loss_aux 0.143, Train_accy 92.46:  35%|███▌      | 7/20 [21:27<38:46, 178.99s/it]
Task 9, Epoch 8/20 => Loss 0.391, Loss_clf 0.250, Loss_aux 0.141, Train_accy 92.59:  35%|███▌      | 7/20 [23:44<38:46, 178.99s/it]
Task 9, Epoch 8/20 => Loss 0.391, Loss_clf 0.250, Loss_aux 0.141, Train_accy 92.59:  40%|████      | 8/20 [23:44<33:08, 165.72s/it]
Task 9, Epoch 9/20 => Loss 0.397, Loss_clf 0.249, Loss_aux 0.149, Train_accy 93.06:  40%|████      | 8/20 [26:07<33:08, 165.72s/it]
Task 9, Epoch 9/20 => Loss 0.397, Loss_clf 0.249, Loss_aux 0.149, Train_accy 93.06:  45%|████▌     | 9/20 [26:07<29:04, 158.60s/it]
Task 9, Epoch 10/20 => Loss 0.376, Loss_clf 0.241, Loss_aux 0.135, Train_accy 92.99:  45%|████▌     | 9/20 [28:31<29:04, 158.60s/it]
Task 9, Epoch 10/20 => Loss 0.376, Loss_clf 0.241, Loss_aux 0.135, Train_accy 92.99:  50%|█████     | 10/20 [28:31<25:40, 154.02s/it]
Task 9, Epoch 11/20 => Loss 0.363, Loss_clf 0.228, Loss_aux 0.135, Train_accy 93.71, Test_accy 89.38:  50%|█████     | 10/20 [33:02<25:40, 154.02s/it]
Task 9, Epoch 11/20 => Loss 0.363, Loss_clf 0.228, Loss_aux 0.135, Train_accy 93.71, Test_accy 89.38:  55%|█████▌    | 11/20 [33:02<28:28, 189.81s/it]
Task 9, Epoch 12/20 => Loss 0.362, Loss_clf 0.237, Loss_aux 0.125, Train_accy 93.21:  55%|█████▌    | 11/20 [35:24<28:28, 189.81s/it]                 
Task 9, Epoch 12/20 => Loss 0.362, Loss_clf 0.237, Loss_aux 0.125, Train_accy 93.21:  60%|██████    | 12/20 [35:24<23:23, 175.43s/it]
Task 9, Epoch 13/20 => Loss 0.341, Loss_clf 0.217, Loss_aux 0.123, Train_accy 93.84:  60%|██████    | 12/20 [37:46<23:23, 175.43s/it]
Task 9, Epoch 13/20 => Loss 0.341, Loss_clf 0.217, Loss_aux 0.123, Train_accy 93.84:  65%|██████▌   | 13/20 [37:46<19:17, 165.41s/it]
Task 9, Epoch 14/20 => Loss 0.364, Loss_clf 0.234, Loss_aux 0.130, Train_accy 93.26:  65%|██████▌   | 13/20 [40:03<19:17, 165.41s/it]
Task 9, Epoch 14/20 => Loss 0.364, Loss_clf 0.234, Loss_aux 0.130, Train_accy 93.26:  70%|███████   | 14/20 [40:03<15:41, 156.85s/it]
Task 9, Epoch 15/20 => Loss 0.324, Loss_clf 0.213, Loss_aux 0.111, Train_accy 94.08:  70%|███████   | 14/20 [42:27<15:41, 156.85s/it]
Task 9, Epoch 15/20 => Loss 0.324, Loss_clf 0.213, Loss_aux 0.111, Train_accy 94.08:  75%|███████▌  | 15/20 [42:27<12:44, 152.86s/it]
Task 9, Epoch 16/20 => Loss 0.343, Loss_clf 0.225, Loss_aux 0.118, Train_accy 93.39, Test_accy 89.06:  75%|███████▌  | 15/20 [47:00<12:44, 152.86s/it]
Task 9, Epoch 16/20 => Loss 0.343, Loss_clf 0.225, Loss_aux 0.118, Train_accy 93.39, Test_accy 89.06:  80%|████████  | 16/20 [47:00<12:35, 189.00s/it]
Task 9, Epoch 17/20 => Loss 0.342, Loss_clf 0.211, Loss_aux 0.131, Train_accy 93.88:  80%|████████  | 16/20 [49:23<12:35, 189.00s/it]                 
Task 9, Epoch 17/20 => Loss 0.342, Loss_clf 0.211, Loss_aux 0.131, Train_accy 93.88:  85%|████████▌ | 17/20 [49:23<08:45, 175.06s/it]
Task 9, Epoch 18/20 => Loss 0.320, Loss_clf 0.206, Loss_aux 0.113, Train_accy 94.00:  85%|████████▌ | 17/20 [51:47<08:45, 175.06s/it]
Task 9, Epoch 18/20 => Loss 0.320, Loss_clf 0.206, Loss_aux 0.113, Train_accy 94.00:  90%|█████████ | 18/20 [51:47<05:31, 165.69s/it]
Task 9, Epoch 19/20 => Loss 0.327, Loss_clf 0.206, Loss_aux 0.121, Train_accy 94.24:  90%|█████████ | 18/20 [54:04<05:31, 165.69s/it]
Task 9, Epoch 19/20 => Loss 0.327, Loss_clf 0.206, Loss_aux 0.121, Train_accy 94.24:  95%|█████████▌| 19/20 [54:04<02:37, 157.15s/it]
Task 9, Epoch 20/20 => Loss 0.328, Loss_clf 0.206, Loss_aux 0.122, Train_accy 94.15:  95%|█████████▌| 19/20 [56:27<02:37, 157.15s/it]
Task 9, Epoch 20/20 => Loss 0.328, Loss_clf 0.206, Loss_aux 0.122, Train_accy 94.15: 100%|██████████| 20/20 [56:27<00:00, 153.06s/it]
Task 9, Epoch 20/20 => Loss 0.328, Loss_clf 0.206, Loss_aux 0.122, Train_accy 94.15: 100%|██████████| 20/20 [56:27<00:00, 169.39s/it]
2025-05-24 19:00:41,639 [der.py] => Task 9, Epoch 20/20 => Loss 0.328, Loss_clf 0.206, Loss_aux 0.122, Train_accy 94.15
2025-05-24 19:00:41,649 [base.py] => Reducing exemplars...(40 per classes)
2025-05-24 19:01:55,855 [base.py] => Constructing exemplars...(40 per classes)
Time for task 9: 3542.4791786670685
2025-05-24 19:07:45,315 [der.py] => Exemplar size: 2000
2025-05-24 19:07:45,316 [trainer.py] => CNN: {'total': 88.72, '00-04': 91.2, '05-09': 78.2, '10-14': 77.2, '15-19': 84.8, '20-24': 94.8, '25-29': 90.6, '30-34': 90.8, '35-39': 86.0, '40-44': 94.8, '45-49': 98.8, 'old': 87.6, 'new': 98.8}
2025-05-24 19:07:45,316 [trainer.py] => NME: {'total': 91.54, '00-04': 96.8, '05-09': 86.8, '10-14': 87.0, '15-19': 90.2, '20-24': 97.2, '25-29': 93.4, '30-34': 90.4, '35-39': 88.8, '40-44': 91.0, '45-49': 93.8, 'old': 91.29, 'new': 93.8}
2025-05-24 19:07:45,316 [trainer.py] => CNN top1 curve: [99.2, 97.8, 97.53, 96.05, 95.76, 93.8, 92.83, 91.85, 91.2, 88.72]
2025-05-24 19:07:45,316 [trainer.py] => CNN top5 curve: [100.0, 100.0, 100.0, 99.5, 99.44, 99.13, 99.2, 98.82, 98.62, 98.5]
2025-05-24 19:07:45,316 [trainer.py] => NME top1 curve: [99.6, 97.7, 97.2, 95.85, 95.84, 95.23, 93.94, 93.25, 92.31, 91.54]
2025-05-24 19:07:45,316 [trainer.py] => NME top5 curve: [100.0, 100.0, 99.73, 99.65, 99.64, 99.57, 99.54, 99.4, 99.27, 99.28]

Average Accuracy (CNN): 94.47
Average Accuracy (NME): 95.25
2025-05-24 19:07:45,316 [trainer.py] => Average Accuracy (CNN): 94.47
2025-05-24 19:07:45,316 [trainer.py] => Average Accuracy (NME): 95.25
2025-05-24 19:07:45,322 [trainer.py] => All params: 858375224
2025-05-24 19:07:45,327 [trainer.py] => Trainable params: 86187320
2025-05-24 19:07:50,440 [der.py] => Learning on 50-55
2025-05-24 19:07:50,451 [der.py] => All params: 944254525
2025-05-24 19:07:50,456 [der.py] => Trainable params: 86267965

  0%|          | 0/20 [00:00<?, ?it/s]
Task 10, Epoch 1/20 => Loss 1.308, Loss_clf 0.870, Loss_aux 0.437, Train_accy 83.76, Test_accy 88.56:   0%|          | 0/20 [05:43<?, ?it/s]
Task 10, Epoch 1/20 => Loss 1.308, Loss_clf 0.870, Loss_aux 0.437, Train_accy 83.76, Test_accy 88.56:   5%|▌         | 1/20 [05:43<1:48:43, 343.37s/it]
Task 10, Epoch 2/20 => Loss 0.535, Loss_clf 0.319, Loss_aux 0.216, Train_accy 90.47:   5%|▌         | 1/20 [08:14<1:48:43, 343.37s/it]                 
Task 10, Epoch 2/20 => Loss 0.535, Loss_clf 0.319, Loss_aux 0.216, Train_accy 90.47:  10%|█         | 2/20 [08:14<1:09:07, 230.42s/it]
Task 10, Epoch 3/20 => Loss 0.511, Loss_clf 0.314, Loss_aux 0.197, Train_accy 90.58:  10%|█         | 2/20 [10:46<1:09:07, 230.42s/it]
Task 10, Epoch 3/20 => Loss 0.511, Loss_clf 0.314, Loss_aux 0.197, Train_accy 90.58:  15%|█▌        | 3/20 [10:46<55:03, 194.34s/it]  
Task 10, Epoch 4/20 => Loss 0.481, Loss_clf 0.288, Loss_aux 0.193, Train_accy 91.22:  15%|█▌        | 3/20 [13:24<55:03, 194.34s/it]
Task 10, Epoch 4/20 => Loss 0.481, Loss_clf 0.288, Loss_aux 0.193, Train_accy 91.22:  20%|██        | 4/20 [13:24<47:59, 179.97s/it]
Task 10, Epoch 5/20 => Loss 0.417, Loss_clf 0.259, Loss_aux 0.158, Train_accy 92.53:  20%|██        | 4/20 [15:54<47:59, 179.97s/it]
Task 10, Epoch 5/20 => Loss 0.417, Loss_clf 0.259, Loss_aux 0.158, Train_accy 92.53:  25%|██▌       | 5/20 [15:54<42:18, 169.23s/it]
Task 10, Epoch 6/20 => Loss 0.435, Loss_clf 0.268, Loss_aux 0.167, Train_accy 92.13, Test_accy 86.09:  25%|██▌       | 5/20 [21:11<42:18, 169.23s/it]
Task 10, Epoch 6/20 => Loss 0.435, Loss_clf 0.268, Loss_aux 0.167, Train_accy 92.13, Test_accy 86.09:  30%|███       | 6/20 [21:11<51:13, 219.55s/it]
Task 10, Epoch 7/20 => Loss 0.430, Loss_clf 0.265, Loss_aux 0.165, Train_accy 91.96:  30%|███       | 6/20 [23:48<51:13, 219.55s/it]                 
Task 10, Epoch 7/20 => Loss 0.430, Loss_clf 0.265, Loss_aux 0.165, Train_accy 91.96:  35%|███▌      | 7/20 [23:48<43:10, 199.23s/it]
Task 10, Epoch 8/20 => Loss 0.385, Loss_clf 0.234, Loss_aux 0.151, Train_accy 93.18:  35%|███▌      | 7/20 [26:20<43:10, 199.23s/it]
Task 10, Epoch 8/20 => Loss 0.385, Loss_clf 0.234, Loss_aux 0.151, Train_accy 93.18:  40%|████      | 8/20 [26:20<36:48, 184.04s/it]
Task 10, Epoch 9/20 => Loss 0.394, Loss_clf 0.250, Loss_aux 0.145, Train_accy 92.47:  40%|████      | 8/20 [28:58<36:48, 184.04s/it]
Task 10, Epoch 9/20 => Loss 0.394, Loss_clf 0.250, Loss_aux 0.145, Train_accy 92.47:  45%|████▌     | 9/20 [28:58<32:13, 175.81s/it]
Task 10, Epoch 10/20 => Loss 0.425, Loss_clf 0.259, Loss_aux 0.167, Train_accy 92.27:  45%|████▌     | 9/20 [31:28<32:13, 175.81s/it]
Task 10, Epoch 10/20 => Loss 0.425, Loss_clf 0.259, Loss_aux 0.167, Train_accy 92.27:  50%|█████     | 10/20 [31:29<28:01, 168.12s/it]
Task 10, Epoch 11/20 => Loss 0.390, Loss_clf 0.244, Loss_aux 0.147, Train_accy 92.93, Test_accy 87.56:  50%|█████     | 10/20 [36:46<28:01, 168.12s/it]
Task 10, Epoch 11/20 => Loss 0.390, Loss_clf 0.244, Loss_aux 0.147, Train_accy 92.93, Test_accy 87.56:  55%|█████▌    | 11/20 [36:46<32:05, 213.95s/it]
Task 10, Epoch 12/20 => Loss 0.384, Loss_clf 0.244, Loss_aux 0.140, Train_accy 92.96:  55%|█████▌    | 11/20 [39:17<32:05, 213.95s/it]                 
Task 10, Epoch 12/20 => Loss 0.384, Loss_clf 0.244, Loss_aux 0.140, Train_accy 92.96:  60%|██████    | 12/20 [39:17<25:57, 194.72s/it]
Task 10, Epoch 13/20 => Loss 0.374, Loss_clf 0.229, Loss_aux 0.145, Train_accy 93.29:  60%|██████    | 12/20 [41:54<25:57, 194.72s/it]
Task 10, Epoch 13/20 => Loss 0.374, Loss_clf 0.229, Loss_aux 0.145, Train_accy 93.29:  65%|██████▌   | 13/20 [41:54<21:23, 183.39s/it]
Task 10, Epoch 14/20 => Loss 0.372, Loss_clf 0.236, Loss_aux 0.136, Train_accy 93.13:  65%|██████▌   | 13/20 [44:26<21:23, 183.39s/it]
Task 10, Epoch 14/20 => Loss 0.372, Loss_clf 0.236, Loss_aux 0.136, Train_accy 93.13:  70%|███████   | 14/20 [44:26<17:22, 173.70s/it]
Task 10, Epoch 15/20 => Loss 0.388, Loss_clf 0.250, Loss_aux 0.139, Train_accy 92.96:  70%|███████   | 14/20 [47:03<17:22, 173.70s/it]
Task 10, Epoch 15/20 => Loss 0.388, Loss_clf 0.250, Loss_aux 0.139, Train_accy 92.96:  75%|███████▌  | 15/20 [47:03<14:03, 168.68s/it]
Task 10, Epoch 16/20 => Loss 0.383, Loss_clf 0.237, Loss_aux 0.145, Train_accy 93.11, Test_accy 87.64:  75%|███████▌  | 15/20 [52:19<14:03, 168.68s/it]
Task 10, Epoch 16/20 => Loss 0.383, Loss_clf 0.237, Loss_aux 0.145, Train_accy 93.11, Test_accy 87.64:  80%|████████  | 16/20 [52:19<14:12, 213.10s/it]
Task 10, Epoch 17/20 => Loss 0.374, Loss_clf 0.246, Loss_aux 0.128, Train_accy 93.11:  80%|████████  | 16/20 [54:50<14:12, 213.10s/it]                 
Task 10, Epoch 17/20 => Loss 0.374, Loss_clf 0.246, Loss_aux 0.128, Train_accy 93.11:  85%|████████▌ | 17/20 [54:50<09:42, 194.33s/it]
Task 10, Epoch 18/20 => Loss 0.328, Loss_clf 0.210, Loss_aux 0.118, Train_accy 93.84:  85%|████████▌ | 17/20 [57:26<09:42, 194.33s/it]
Task 10, Epoch 18/20 => Loss 0.328, Loss_clf 0.210, Loss_aux 0.118, Train_accy 93.84:  90%|█████████ | 18/20 [57:26<06:05, 182.88s/it]
Task 10, Epoch 19/20 => Loss 0.346, Loss_clf 0.223, Loss_aux 0.123, Train_accy 93.51:  90%|█████████ | 18/20 [59:57<06:05, 182.88s/it]
Task 10, Epoch 19/20 => Loss 0.346, Loss_clf 0.223, Loss_aux 0.123, Train_accy 93.51:  95%|█████████▌| 19/20 [59:57<02:53, 173.41s/it]
Task 10, Epoch 20/20 => Loss 0.288, Loss_clf 0.175, Loss_aux 0.113, Train_accy 95.07:  95%|█████████▌| 19/20 [1:02:34<02:53, 173.41s/it]
Task 10, Epoch 20/20 => Loss 0.288, Loss_clf 0.175, Loss_aux 0.113, Train_accy 95.07: 100%|██████████| 20/20 [1:02:34<00:00, 168.38s/it]
Task 10, Epoch 20/20 => Loss 0.288, Loss_clf 0.175, Loss_aux 0.113, Train_accy 95.07: 100%|██████████| 20/20 [1:02:34<00:00, 187.72s/it]
2025-05-24 20:10:25,099 [der.py] => Task 10, Epoch 20/20 => Loss 0.288, Loss_clf 0.175, Loss_aux 0.113, Train_accy 95.07
2025-05-24 20:10:25,121 [base.py] => Reducing exemplars...(36 per classes)
2025-05-24 20:11:40,002 [base.py] => Constructing exemplars...(36 per classes)
Time for task 10: 3924.739371061325
2025-05-24 20:18:37,558 [der.py] => Exemplar size: 1980
2025-05-24 20:18:37,558 [trainer.py] => CNN: {'total': 87.69, '00-04': 83.4, '05-09': 79.8, '10-14': 76.4, '15-19': 87.4, '20-24': 94.0, '25-29': 87.4, '30-34': 88.8, '35-39': 87.4, '40-44': 89.6, '45-49': 92.0, '50-54': 98.4, 'old': 86.62, 'new': 98.4}
2025-05-24 20:18:37,558 [trainer.py] => NME: {'total': 90.35, '00-04': 95.0, '05-09': 85.6, '10-14': 85.8, '15-19': 89.8, '20-24': 97.2, '25-29': 92.6, '30-34': 90.4, '35-39': 87.2, '40-44': 90.0, '45-49': 93.0, '50-54': 87.2, 'old': 90.66, 'new': 87.2}
2025-05-24 20:18:37,559 [trainer.py] => CNN top1 curve: [99.2, 97.8, 97.53, 96.05, 95.76, 93.8, 92.83, 91.85, 91.2, 88.72, 87.69]
2025-05-24 20:18:37,559 [trainer.py] => CNN top5 curve: [100.0, 100.0, 100.0, 99.5, 99.44, 99.13, 99.2, 98.82, 98.62, 98.5, 98.13]
2025-05-24 20:18:37,559 [trainer.py] => NME top1 curve: [99.6, 97.7, 97.2, 95.85, 95.84, 95.23, 93.94, 93.25, 92.31, 91.54, 90.35]
2025-05-24 20:18:37,559 [trainer.py] => NME top5 curve: [100.0, 100.0, 99.73, 99.65, 99.64, 99.57, 99.54, 99.4, 99.27, 99.28, 99.15]

Average Accuracy (CNN): 93.86
Average Accuracy (NME): 94.8
2025-05-24 20:18:37,559 [trainer.py] => Average Accuracy (CNN): 93.86
2025-05-24 20:18:37,559 [trainer.py] => Average Accuracy (NME): 94.8
2025-05-24 20:18:37,567 [trainer.py] => All params: 944254525
2025-05-24 20:18:37,572 [trainer.py] => Trainable params: 86267965
2025-05-24 20:18:40,714 [der.py] => Learning on 55-60
2025-05-24 20:18:40,727 [der.py] => All params: 1030141506
2025-05-24 20:18:40,733 [der.py] => Trainable params: 86356290

  0%|          | 0/20 [00:00<?, ?it/s]
Task 11, Epoch 1/20 => Loss 1.439, Loss_clf 0.878, Loss_aux 0.561, Train_accy 79.67, Test_accy 86.87:   0%|          | 0/20 [06:06<?, ?it/s]
Task 11, Epoch 1/20 => Loss 1.439, Loss_clf 0.878, Loss_aux 0.561, Train_accy 79.67, Test_accy 86.87:   5%|▌         | 1/20 [06:06<1:56:03, 366.51s/it]
Task 11, Epoch 2/20 => Loss 0.684, Loss_clf 0.396, Loss_aux 0.288, Train_accy 87.68:   5%|▌         | 1/20 [08:49<1:56:03, 366.51s/it]                 
Task 11, Epoch 2/20 => Loss 0.684, Loss_clf 0.396, Loss_aux 0.288, Train_accy 87.68:  10%|█         | 2/20 [08:49<1:14:02, 246.80s/it]
Task 11, Epoch 3/20 => Loss 0.594, Loss_clf 0.333, Loss_aux 0.260, Train_accy 89.53:  10%|█         | 2/20 [11:34<1:14:02, 246.80s/it]
Task 11, Epoch 3/20 => Loss 0.594, Loss_clf 0.333, Loss_aux 0.260, Train_accy 89.53:  15%|█▌        | 3/20 [11:34<59:19, 209.38s/it]  
Task 11, Epoch 4/20 => Loss 0.569, Loss_clf 0.339, Loss_aux 0.230, Train_accy 89.49:  15%|█▌        | 3/20 [14:24<59:19, 209.38s/it]
Task 11, Epoch 4/20 => Loss 0.569, Loss_clf 0.339, Loss_aux 0.230, Train_accy 89.49:  20%|██        | 4/20 [14:24<51:45, 194.07s/it]
Task 11, Epoch 5/20 => Loss 0.548, Loss_clf 0.320, Loss_aux 0.228, Train_accy 90.07:  20%|██        | 4/20 [17:14<51:45, 194.07s/it]
Task 11, Epoch 5/20 => Loss 0.548, Loss_clf 0.320, Loss_aux 0.228, Train_accy 90.07:  25%|██▌       | 5/20 [17:14<46:15, 185.06s/it]
Task 11, Epoch 6/20 => Loss 0.509, Loss_clf 0.297, Loss_aux 0.212, Train_accy 90.89, Test_accy 87.85:  25%|██▌       | 5/20 [23:09<46:15, 185.06s/it]
Task 11, Epoch 6/20 => Loss 0.509, Loss_clf 0.297, Loss_aux 0.212, Train_accy 90.89, Test_accy 87.85:  30%|███       | 6/20 [23:09<56:42, 243.03s/it]
Task 11, Epoch 7/20 => Loss 0.514, Loss_clf 0.300, Loss_aux 0.213, Train_accy 91.41:  30%|███       | 6/20 [25:52<56:42, 243.03s/it]                 
Task 11, Epoch 7/20 => Loss 0.514, Loss_clf 0.300, Loss_aux 0.213, Train_accy 91.41:  35%|███▌      | 7/20 [25:52<46:59, 216.88s/it]
Task 11, Epoch 8/20 => Loss 0.497, Loss_clf 0.298, Loss_aux 0.199, Train_accy 91.52:  35%|███▌      | 7/20 [28:35<46:59, 216.88s/it]
Task 11, Epoch 8/20 => Loss 0.497, Loss_clf 0.298, Loss_aux 0.199, Train_accy 91.52:  40%|████      | 8/20 [28:35<39:55, 199.66s/it]
Task 11, Epoch 9/20 => Loss 0.478, Loss_clf 0.293, Loss_aux 0.185, Train_accy 91.32:  40%|████      | 8/20 [31:24<39:55, 199.66s/it]
Task 11, Epoch 9/20 => Loss 0.478, Loss_clf 0.293, Loss_aux 0.185, Train_accy 91.32:  45%|████▌     | 9/20 [31:24<34:50, 190.06s/it]
Task 11, Epoch 10/20 => Loss 0.455, Loss_clf 0.277, Loss_aux 0.178, Train_accy 91.43:  45%|████▌     | 9/20 [34:06<34:50, 190.06s/it]
Task 11, Epoch 10/20 => Loss 0.455, Loss_clf 0.277, Loss_aux 0.178, Train_accy 91.43:  50%|█████     | 10/20 [34:06<30:15, 181.51s/it]
Task 11, Epoch 11/20 => Loss 0.467, Loss_clf 0.285, Loss_aux 0.183, Train_accy 91.70, Test_accy 88.53:  50%|█████     | 10/20 [40:02<30:15, 181.51s/it]
Task 11, Epoch 11/20 => Loss 0.467, Loss_clf 0.285, Loss_aux 0.183, Train_accy 91.70, Test_accy 88.53:  55%|█████▌    | 11/20 [40:02<35:14, 234.91s/it]
Task 11, Epoch 12/20 => Loss 0.436, Loss_clf 0.260, Loss_aux 0.175, Train_accy 92.23:  55%|█████▌    | 11/20 [42:45<35:14, 234.91s/it]                 
Task 11, Epoch 12/20 => Loss 0.436, Loss_clf 0.260, Loss_aux 0.175, Train_accy 92.23:  60%|██████    | 12/20 [42:45<28:23, 212.89s/it]
Task 11, Epoch 13/20 => Loss 0.473, Loss_clf 0.286, Loss_aux 0.186, Train_accy 91.21:  60%|██████    | 12/20 [45:34<28:23, 212.89s/it]
Task 11, Epoch 13/20 => Loss 0.473, Loss_clf 0.286, Loss_aux 0.186, Train_accy 91.21:  65%|██████▌   | 13/20 [45:34<23:17, 199.59s/it]
Task 11, Epoch 14/20 => Loss 0.458, Loss_clf 0.277, Loss_aux 0.181, Train_accy 91.45:  65%|██████▌   | 13/20 [48:17<23:17, 199.59s/it]
Task 11, Epoch 14/20 => Loss 0.458, Loss_clf 0.277, Loss_aux 0.181, Train_accy 91.45:  70%|███████   | 14/20 [48:17<18:51, 188.58s/it]
Task 11, Epoch 15/20 => Loss 0.458, Loss_clf 0.272, Loss_aux 0.186, Train_accy 91.72:  70%|███████   | 14/20 [51:00<18:51, 188.58s/it]
Task 11, Epoch 15/20 => Loss 0.458, Loss_clf 0.272, Loss_aux 0.186, Train_accy 91.72:  75%|███████▌  | 15/20 [51:00<15:04, 180.84s/it]
Task 11, Epoch 16/20 => Loss 0.439, Loss_clf 0.262, Loss_aux 0.177, Train_accy 92.08, Test_accy 87.83:  75%|███████▌  | 15/20 [57:00<15:04, 180.84s/it]
Task 11, Epoch 16/20 => Loss 0.439, Loss_clf 0.262, Loss_aux 0.177, Train_accy 92.08, Test_accy 87.83:  80%|████████  | 16/20 [57:00<15:39, 234.90s/it]
Task 11, Epoch 17/20 => Loss 0.448, Loss_clf 0.263, Loss_aux 0.185, Train_accy 92.08:  80%|████████  | 16/20 [59:43<15:39, 234.90s/it]                 
Task 11, Epoch 17/20 => Loss 0.448, Loss_clf 0.263, Loss_aux 0.185, Train_accy 92.08:  85%|████████▌ | 17/20 [59:43<10:39, 213.09s/it]
Task 11, Epoch 18/20 => Loss 0.469, Loss_clf 0.282, Loss_aux 0.186, Train_accy 91.61:  85%|████████▌ | 17/20 [1:02:26<10:39, 213.09s/it]
Task 11, Epoch 18/20 => Loss 0.469, Loss_clf 0.282, Loss_aux 0.186, Train_accy 91.61:  90%|█████████ | 18/20 [1:02:26<06:36, 198.15s/it]
Task 11, Epoch 19/20 => Loss 0.451, Loss_clf 0.277, Loss_aux 0.174, Train_accy 91.96:  90%|█████████ | 18/20 [1:05:08<06:36, 198.15s/it]
Task 11, Epoch 19/20 => Loss 0.451, Loss_clf 0.277, Loss_aux 0.174, Train_accy 91.96:  95%|█████████▌| 19/20 [1:05:08<03:07, 187.29s/it]
Task 11, Epoch 20/20 => Loss 0.436, Loss_clf 0.267, Loss_aux 0.169, Train_accy 91.83:  95%|█████████▌| 19/20 [1:07:57<03:07, 187.29s/it]
Task 11, Epoch 20/20 => Loss 0.436, Loss_clf 0.267, Loss_aux 0.169, Train_accy 91.83: 100%|██████████| 20/20 [1:07:57<00:00, 181.66s/it]
Task 11, Epoch 20/20 => Loss 0.436, Loss_clf 0.267, Loss_aux 0.169, Train_accy 91.83: 100%|██████████| 20/20 [1:07:57<00:00, 203.85s/it]
2025-05-24 21:26:37,862 [der.py] => Task 11, Epoch 20/20 => Loss 0.436, Loss_clf 0.267, Loss_aux 0.169, Train_accy 91.83
2025-05-24 21:26:37,888 [base.py] => Reducing exemplars...(33 per classes)
2025-05-24 21:28:01,620 [base.py] => Constructing exemplars...(33 per classes)
Time for task 11: 4260.292170524597
2025-05-24 21:35:59,662 [der.py] => Exemplar size: 1980
2025-05-24 21:35:59,662 [trainer.py] => CNN: {'total': 88.18, '00-04': 88.8, '05-09': 77.2, '10-14': 76.0, '15-19': 83.6, '20-24': 93.6, '25-29': 85.4, '30-34': 90.6, '35-39': 89.2, '40-44': 89.8, '45-49': 91.2, '50-54': 97.0, '55-59': 95.8, 'old': 87.49, 'new': 95.8}
2025-05-24 21:35:59,662 [trainer.py] => NME: {'total': 89.9, '00-04': 93.8, '05-09': 85.4, '10-14': 84.6, '15-19': 87.6, '20-24': 97.0, '25-29': 91.0, '30-34': 89.8, '35-39': 88.0, '40-44': 90.4, '45-49': 92.8, '50-54': 89.8, '55-59': 88.6, 'old': 90.02, 'new': 88.6}
2025-05-24 21:35:59,662 [trainer.py] => CNN top1 curve: [99.2, 97.8, 97.53, 96.05, 95.76, 93.8, 92.83, 91.85, 91.2, 88.72, 87.69, 88.18]
2025-05-24 21:35:59,662 [trainer.py] => CNN top5 curve: [100.0, 100.0, 100.0, 99.5, 99.44, 99.13, 99.2, 98.82, 98.62, 98.5, 98.13, 97.75]
2025-05-24 21:35:59,662 [trainer.py] => NME top1 curve: [99.6, 97.7, 97.2, 95.85, 95.84, 95.23, 93.94, 93.25, 92.31, 91.54, 90.35, 89.9]
2025-05-24 21:35:59,662 [trainer.py] => NME top5 curve: [100.0, 100.0, 99.73, 99.65, 99.64, 99.57, 99.54, 99.4, 99.27, 99.28, 99.15, 98.93]

Average Accuracy (CNN): 93.38
Average Accuracy (NME): 94.39
2025-05-24 21:35:59,662 [trainer.py] => Average Accuracy (CNN): 93.38
2025-05-24 21:35:59,663 [trainer.py] => Average Accuracy (NME): 94.39
2025-05-24 21:35:59,669 [trainer.py] => All params: 1030141506
2025-05-24 21:35:59,676 [trainer.py] => Trainable params: 86356290
2025-05-24 21:36:07,621 [der.py] => Learning on 60-65
2025-05-24 21:36:07,635 [der.py] => All params: 1116036167
2025-05-24 21:36:07,641 [der.py] => Trainable params: 86452295

  0%|          | 0/20 [00:00<?, ?it/s]
Task 12, Epoch 1/20 => Loss 1.589, Loss_clf 1.155, Loss_aux 0.434, Train_accy 83.37, Test_accy 85.78:   0%|          | 0/20 [06:57<?, ?it/s]
Task 12, Epoch 1/20 => Loss 1.589, Loss_clf 1.155, Loss_aux 0.434, Train_accy 83.37, Test_accy 85.78:   5%|▌         | 1/20 [06:57<2:12:13, 417.54s/it]
Task 12, Epoch 2/20 => Loss 0.533, Loss_clf 0.328, Loss_aux 0.205, Train_accy 90.87:   5%|▌         | 1/20 [10:00<2:12:13, 417.54s/it]                 
Task 12, Epoch 2/20 => Loss 0.533, Loss_clf 0.328, Loss_aux 0.205, Train_accy 90.87:  10%|█         | 2/20 [10:00<1:23:55, 279.77s/it]
Task 12, Epoch 3/20 => Loss 0.489, Loss_clf 0.312, Loss_aux 0.178, Train_accy 90.78:  10%|█         | 2/20 [13:01<1:23:55, 279.77s/it]
Task 12, Epoch 3/20 => Loss 0.489, Loss_clf 0.312, Loss_aux 0.178, Train_accy 90.78:  15%|█▌        | 3/20 [13:01<1:06:22, 234.28s/it]
Task 12, Epoch 4/20 => Loss 0.463, Loss_clf 0.297, Loss_aux 0.167, Train_accy 91.76:  15%|█▌        | 3/20 [16:04<1:06:22, 234.28s/it]
Task 12, Epoch 4/20 => Loss 0.463, Loss_clf 0.297, Loss_aux 0.167, Train_accy 91.76:  20%|██        | 4/20 [16:04<57:05, 214.11s/it]  
Task 12, Epoch 5/20 => Loss 0.439, Loss_clf 0.275, Loss_aux 0.164, Train_accy 92.34:  20%|██        | 4/20 [18:59<57:05, 214.11s/it]
Task 12, Epoch 5/20 => Loss 0.439, Loss_clf 0.275, Loss_aux 0.164, Train_accy 92.34:  25%|██▌       | 5/20 [18:59<50:02, 200.14s/it]
Task 12, Epoch 6/20 => Loss 0.383, Loss_clf 0.239, Loss_aux 0.144, Train_accy 93.06, Test_accy 85.49:  25%|██▌       | 5/20 [25:38<50:02, 200.14s/it]
Task 12, Epoch 6/20 => Loss 0.383, Loss_clf 0.239, Loss_aux 0.144, Train_accy 93.06, Test_accy 85.49:  30%|███       | 6/20 [25:38<1:02:26, 267.63s/it]
Task 12, Epoch 7/20 => Loss 0.402, Loss_clf 0.259, Loss_aux 0.144, Train_accy 92.34:  30%|███       | 6/20 [28:33<1:02:26, 267.63s/it]                 
Task 12, Epoch 7/20 => Loss 0.402, Loss_clf 0.259, Loss_aux 0.144, Train_accy 92.34:  35%|███▌      | 7/20 [28:33<51:26, 237.39s/it]  
Task 12, Epoch 8/20 => Loss 0.373, Loss_clf 0.242, Loss_aux 0.131, Train_accy 93.24:  35%|███▌      | 7/20 [31:29<51:26, 237.39s/it]
Task 12, Epoch 8/20 => Loss 0.373, Loss_clf 0.242, Loss_aux 0.131, Train_accy 93.24:  40%|████      | 8/20 [31:29<43:34, 217.86s/it]
Task 12, Epoch 9/20 => Loss 0.367, Loss_clf 0.229, Loss_aux 0.138, Train_accy 93.42:  40%|████      | 8/20 [34:25<43:34, 217.86s/it]
Task 12, Epoch 9/20 => Loss 0.367, Loss_clf 0.229, Loss_aux 0.138, Train_accy 93.42:  45%|████▌     | 9/20 [34:25<37:31, 204.69s/it]
Task 12, Epoch 10/20 => Loss 0.377, Loss_clf 0.244, Loss_aux 0.133, Train_accy 92.97:  45%|████▌     | 9/20 [37:27<37:31, 204.69s/it]
Task 12, Epoch 10/20 => Loss 0.377, Loss_clf 0.244, Loss_aux 0.133, Train_accy 92.97:  50%|█████     | 10/20 [37:27<32:56, 197.68s/it]
Task 12, Epoch 11/20 => Loss 0.354, Loss_clf 0.231, Loss_aux 0.124, Train_accy 93.75, Test_accy 87.00:  50%|█████     | 10/20 [44:05<32:56, 197.68s/it]
Task 12, Epoch 11/20 => Loss 0.354, Loss_clf 0.231, Loss_aux 0.124, Train_accy 93.75, Test_accy 87.00:  55%|█████▌    | 11/20 [44:05<38:51, 259.08s/it]
Task 12, Epoch 12/20 => Loss 0.387, Loss_clf 0.238, Loss_aux 0.149, Train_accy 93.26:  55%|█████▌    | 11/20 [47:00<38:51, 259.08s/it]                 
Task 12, Epoch 12/20 => Loss 0.387, Loss_clf 0.238, Loss_aux 0.149, Train_accy 93.26:  60%|██████    | 12/20 [47:00<31:09, 233.67s/it]
Task 12, Epoch 13/20 => Loss 0.378, Loss_clf 0.248, Loss_aux 0.130, Train_accy 93.44:  60%|██████    | 12/20 [49:56<31:09, 233.67s/it]
Task 12, Epoch 13/20 => Loss 0.378, Loss_clf 0.248, Loss_aux 0.130, Train_accy 93.44:  65%|██████▌   | 13/20 [49:56<25:13, 216.18s/it]
Task 12, Epoch 14/20 => Loss 0.317, Loss_clf 0.203, Loss_aux 0.114, Train_accy 94.33:  65%|██████▌   | 13/20 [52:52<25:13, 216.18s/it]
Task 12, Epoch 14/20 => Loss 0.317, Loss_clf 0.203, Loss_aux 0.114, Train_accy 94.33:  70%|███████   | 14/20 [52:52<20:22, 203.81s/it]
Task 12, Epoch 15/20 => Loss 0.361, Loss_clf 0.224, Loss_aux 0.137, Train_accy 93.79:  70%|███████   | 14/20 [55:53<20:22, 203.81s/it]
Task 12, Epoch 15/20 => Loss 0.361, Loss_clf 0.224, Loss_aux 0.137, Train_accy 93.79:  75%|███████▌  | 15/20 [55:53<16:25, 197.11s/it]
Task 12, Epoch 16/20 => Loss 0.369, Loss_clf 0.237, Loss_aux 0.132, Train_accy 93.17, Test_accy 84.62:  75%|███████▌  | 15/20 [1:02:32<16:25, 197.11s/it]
Task 12, Epoch 16/20 => Loss 0.369, Loss_clf 0.237, Loss_aux 0.132, Train_accy 93.17, Test_accy 84.62:  80%|████████  | 16/20 [1:02:32<17:11, 257.79s/it]
Task 12, Epoch 17/20 => Loss 0.356, Loss_clf 0.226, Loss_aux 0.131, Train_accy 93.39:  80%|████████  | 16/20 [1:05:27<17:11, 257.79s/it]                 
Task 12, Epoch 17/20 => Loss 0.356, Loss_clf 0.226, Loss_aux 0.131, Train_accy 93.39:  85%|████████▌ | 17/20 [1:05:27<11:38, 232.83s/it]
Task 12, Epoch 18/20 => Loss 0.324, Loss_clf 0.212, Loss_aux 0.113, Train_accy 94.11:  85%|████████▌ | 17/20 [1:08:23<11:38, 232.83s/it]
Task 12, Epoch 18/20 => Loss 0.324, Loss_clf 0.212, Loss_aux 0.113, Train_accy 94.11:  90%|█████████ | 18/20 [1:08:23<07:11, 215.74s/it]
Task 12, Epoch 19/20 => Loss 0.318, Loss_clf 0.201, Loss_aux 0.117, Train_accy 94.29:  90%|█████████ | 18/20 [1:11:19<07:11, 215.74s/it]
Task 12, Epoch 19/20 => Loss 0.318, Loss_clf 0.201, Loss_aux 0.117, Train_accy 94.29:  95%|█████████▌| 19/20 [1:11:19<03:23, 203.78s/it]
Task 12, Epoch 20/20 => Loss 0.344, Loss_clf 0.225, Loss_aux 0.119, Train_accy 93.86:  95%|█████████▌| 19/20 [1:14:14<03:23, 203.78s/it]
Task 12, Epoch 20/20 => Loss 0.344, Loss_clf 0.225, Loss_aux 0.119, Train_accy 93.86: 100%|██████████| 20/20 [1:14:14<00:00, 195.38s/it]
Task 12, Epoch 20/20 => Loss 0.344, Loss_clf 0.225, Loss_aux 0.119, Train_accy 93.86: 100%|██████████| 20/20 [1:14:14<00:00, 222.74s/it]
2025-05-24 22:50:22,642 [der.py] => Task 12, Epoch 20/20 => Loss 0.344, Loss_clf 0.225, Loss_aux 0.119, Train_accy 93.86
2025-05-24 22:50:22,663 [base.py] => Reducing exemplars...(30 per classes)
2025-05-24 22:51:59,922 [base.py] => Constructing exemplars...(30 per classes)
Time for task 12: 4657.102949380875
2025-05-24 23:01:10,879 [der.py] => Exemplar size: 1950
2025-05-24 23:01:10,880 [trainer.py] => CNN: {'total': 86.26, '00-04': 88.0, '05-09': 79.6, '10-14': 77.2, '15-19': 80.8, '20-24': 94.4, '25-29': 86.0, '30-34': 88.4, '35-39': 82.8, '40-44': 90.4, '45-49': 82.6, '50-54': 97.8, '55-59': 75.0, '60-64': 98.4, 'old': 85.25, 'new': 98.4}
2025-05-24 23:01:10,880 [trainer.py] => NME: {'total': 89.23, '00-04': 93.6, '05-09': 85.2, '10-14': 82.6, '15-19': 86.8, '20-24': 97.2, '25-29': 91.0, '30-34': 90.0, '35-39': 87.6, '40-44': 90.8, '45-49': 92.4, '50-54': 91.8, '55-59': 79.4, '60-64': 91.6, 'old': 89.03, 'new': 91.6}
2025-05-24 23:01:10,880 [trainer.py] => CNN top1 curve: [99.2, 97.8, 97.53, 96.05, 95.76, 93.8, 92.83, 91.85, 91.2, 88.72, 87.69, 88.18, 86.26]
2025-05-24 23:01:10,880 [trainer.py] => CNN top5 curve: [100.0, 100.0, 100.0, 99.5, 99.44, 99.13, 99.2, 98.82, 98.62, 98.5, 98.13, 97.75, 97.63]
2025-05-24 23:01:10,880 [trainer.py] => NME top1 curve: [99.6, 97.7, 97.2, 95.85, 95.84, 95.23, 93.94, 93.25, 92.31, 91.54, 90.35, 89.9, 89.23]
2025-05-24 23:01:10,880 [trainer.py] => NME top5 curve: [100.0, 100.0, 99.73, 99.65, 99.64, 99.57, 99.54, 99.4, 99.27, 99.28, 99.15, 98.93, 98.78]

Average Accuracy (CNN): 92.84
Average Accuracy (NME): 94.0
2025-05-24 23:01:10,880 [trainer.py] => Average Accuracy (CNN): 92.84
2025-05-24 23:01:10,880 [trainer.py] => Average Accuracy (NME): 94.0
2025-05-24 23:01:10,888 [trainer.py] => All params: 1116036167
2025-05-24 23:01:10,894 [trainer.py] => Trainable params: 86452295
2025-05-24 23:01:16,928 [der.py] => Learning on 65-70
2025-05-24 23:01:16,950 [der.py] => All params: 1201938508
2025-05-24 23:01:16,961 [der.py] => Trainable params: 86555980

  0%|          | 0/20 [00:00<?, ?it/s]
Task 13, Epoch 1/20 => Loss 1.220, Loss_clf 0.865, Loss_aux 0.355, Train_accy 86.40, Test_accy 83.31:   0%|          | 0/20 [07:32<?, ?it/s]
Task 13, Epoch 1/20 => Loss 1.220, Loss_clf 0.865, Loss_aux 0.355, Train_accy 86.40, Test_accy 83.31:   5%|▌         | 1/20 [07:32<2:23:17, 452.49s/it]
Task 13, Epoch 2/20 => Loss 0.502, Loss_clf 0.305, Loss_aux 0.197, Train_accy 91.66:   5%|▌         | 1/20 [10:40<2:23:17, 452.49s/it]                 
Task 13, Epoch 2/20 => Loss 0.502, Loss_clf 0.305, Loss_aux 0.197, Train_accy 91.66:  10%|█         | 2/20 [10:40<1:29:00, 296.69s/it]
Task 13, Epoch 3/20 => Loss 0.422, Loss_clf 0.263, Loss_aux 0.159, Train_accy 92.90:  10%|█         | 2/20 [13:46<1:29:00, 296.69s/it]
Task 13, Epoch 3/20 => Loss 0.422, Loss_clf 0.263, Loss_aux 0.159, Train_accy 92.90:  15%|█▌        | 3/20 [13:46<1:09:47, 246.31s/it]
Task 13, Epoch 4/20 => Loss 0.388, Loss_clf 0.243, Loss_aux 0.145, Train_accy 93.42:  15%|█▌        | 3/20 [16:53<1:09:47, 246.31s/it]
Task 13, Epoch 4/20 => Loss 0.388, Loss_clf 0.243, Loss_aux 0.145, Train_accy 93.42:  20%|██        | 4/20 [16:53<59:26, 222.92s/it]  
Task 13, Epoch 5/20 => Loss 0.413, Loss_clf 0.262, Loss_aux 0.151, Train_accy 92.85:  20%|██        | 4/20 [20:09<59:26, 222.92s/it]
Task 13, Epoch 5/20 => Loss 0.413, Loss_clf 0.262, Loss_aux 0.151, Train_accy 92.85:  25%|██▌       | 5/20 [20:09<53:18, 213.22s/it]
Task 13, Epoch 6/20 => Loss 0.371, Loss_clf 0.235, Loss_aux 0.136, Train_accy 93.64, Test_accy 85.20:  25%|██▌       | 5/20 [27:38<53:18, 213.22s/it]
Task 13, Epoch 6/20 => Loss 0.371, Loss_clf 0.235, Loss_aux 0.136, Train_accy 93.64, Test_accy 85.20:  30%|███       | 6/20 [27:38<1:08:26, 293.31s/it]
Task 13, Epoch 7/20 => Loss 0.369, Loss_clf 0.241, Loss_aux 0.128, Train_accy 93.57:  30%|███       | 6/20 [30:45<1:08:26, 293.31s/it]                 
Task 13, Epoch 7/20 => Loss 0.369, Loss_clf 0.241, Loss_aux 0.128, Train_accy 93.57:  35%|███▌      | 7/20 [30:45<55:59, 258.46s/it]  
Task 13, Epoch 8/20 => Loss 0.376, Loss_clf 0.243, Loss_aux 0.133, Train_accy 93.19:  35%|███▌      | 7/20 [33:51<55:59, 258.46s/it]
Task 13, Epoch 8/20 => Loss 0.376, Loss_clf 0.243, Loss_aux 0.133, Train_accy 93.19:  40%|████      | 8/20 [33:51<47:07, 235.66s/it]
Task 13, Epoch 9/20 => Loss 0.341, Loss_clf 0.227, Loss_aux 0.114, Train_accy 93.91:  40%|████      | 8/20 [36:59<47:07, 235.66s/it]
Task 13, Epoch 9/20 => Loss 0.341, Loss_clf 0.227, Loss_aux 0.114, Train_accy 93.91:  45%|████▌     | 9/20 [36:59<40:27, 220.71s/it]
Task 13, Epoch 10/20 => Loss 0.344, Loss_clf 0.224, Loss_aux 0.120, Train_accy 93.84:  45%|████▌     | 9/20 [40:01<40:27, 220.71s/it]
Task 13, Epoch 10/20 => Loss 0.344, Loss_clf 0.224, Loss_aux 0.120, Train_accy 93.84:  50%|█████     | 10/20 [40:01<34:48, 208.82s/it]
Task 13, Epoch 11/20 => Loss 0.337, Loss_clf 0.228, Loss_aux 0.108, Train_accy 93.93, Test_accy 85.09:  50%|█████     | 10/20 [47:29<34:48, 208.82s/it]
Task 13, Epoch 11/20 => Loss 0.337, Loss_clf 0.228, Loss_aux 0.108, Train_accy 93.93, Test_accy 85.09:  55%|█████▌    | 11/20 [47:29<42:17, 281.97s/it]
Task 13, Epoch 12/20 => Loss 0.329, Loss_clf 0.206, Loss_aux 0.123, Train_accy 94.38:  55%|█████▌    | 11/20 [50:37<42:17, 281.97s/it]                 
Task 13, Epoch 12/20 => Loss 0.329, Loss_clf 0.206, Loss_aux 0.123, Train_accy 94.38:  60%|██████    | 12/20 [50:37<33:45, 253.25s/it]
Task 13, Epoch 13/20 => Loss 0.322, Loss_clf 0.215, Loss_aux 0.107, Train_accy 94.13:  60%|██████    | 12/20 [53:44<33:45, 253.25s/it]
Task 13, Epoch 13/20 => Loss 0.322, Loss_clf 0.215, Loss_aux 0.107, Train_accy 94.13:  65%|██████▌   | 13/20 [53:44<27:12, 233.19s/it]
Task 13, Epoch 14/20 => Loss 0.289, Loss_clf 0.185, Loss_aux 0.104, Train_accy 94.92:  65%|██████▌   | 13/20 [56:51<27:12, 233.19s/it]
Task 13, Epoch 14/20 => Loss 0.289, Loss_clf 0.185, Loss_aux 0.104, Train_accy 94.92:  70%|███████   | 14/20 [56:51<21:56, 219.39s/it]
Task 13, Epoch 15/20 => Loss 0.315, Loss_clf 0.201, Loss_aux 0.114, Train_accy 94.67:  70%|███████   | 14/20 [59:58<21:56, 219.39s/it]
Task 13, Epoch 15/20 => Loss 0.315, Loss_clf 0.201, Loss_aux 0.114, Train_accy 94.67:  75%|███████▌  | 15/20 [59:58<17:28, 209.67s/it]
Task 13, Epoch 16/20 => Loss 0.303, Loss_clf 0.201, Loss_aux 0.102, Train_accy 94.47, Test_accy 84.77:  75%|███████▌  | 15/20 [1:07:26<17:28, 209.67s/it]
Task 13, Epoch 16/20 => Loss 0.303, Loss_clf 0.201, Loss_aux 0.102, Train_accy 94.47, Test_accy 84.77:  80%|████████  | 16/20 [1:07:26<18:45, 281.33s/it]
Task 13, Epoch 17/20 => Loss 0.342, Loss_clf 0.233, Loss_aux 0.109, Train_accy 93.78:  80%|████████  | 16/20 [1:10:33<18:45, 281.33s/it]                 
Task 13, Epoch 17/20 => Loss 0.342, Loss_clf 0.233, Loss_aux 0.109, Train_accy 93.78:  85%|████████▌ | 17/20 [1:10:33<12:39, 253.02s/it]
Task 13, Epoch 18/20 => Loss 0.323, Loss_clf 0.212, Loss_aux 0.110, Train_accy 94.38:  85%|████████▌ | 17/20 [1:13:40<12:39, 253.02s/it]
Task 13, Epoch 18/20 => Loss 0.323, Loss_clf 0.212, Loss_aux 0.110, Train_accy 94.38:  90%|█████████ | 18/20 [1:13:40<07:46, 233.17s/it]
Task 13, Epoch 19/20 => Loss 0.311, Loss_clf 0.206, Loss_aux 0.105, Train_accy 94.70:  90%|█████████ | 18/20 [1:16:47<07:46, 233.17s/it]
Task 13, Epoch 19/20 => Loss 0.311, Loss_clf 0.206, Loss_aux 0.105, Train_accy 94.70:  95%|█████████▌| 19/20 [1:16:47<03:39, 219.34s/it]
Task 13, Epoch 20/20 => Loss 0.318, Loss_clf 0.206, Loss_aux 0.112, Train_accy 94.16:  95%|█████████▌| 19/20 [1:19:55<03:39, 219.34s/it]
Task 13, Epoch 20/20 => Loss 0.318, Loss_clf 0.206, Loss_aux 0.112, Train_accy 94.16: 100%|██████████| 20/20 [1:19:55<00:00, 209.68s/it]
Task 13, Epoch 20/20 => Loss 0.318, Loss_clf 0.206, Loss_aux 0.112, Train_accy 94.16: 100%|██████████| 20/20 [1:19:55<00:00, 239.76s/it]
2025-05-25 00:21:12,254 [der.py] => Task 13, Epoch 20/20 => Loss 0.318, Loss_clf 0.206, Loss_aux 0.112, Train_accy 94.16
2025-05-25 00:21:12,274 [base.py] => Reducing exemplars...(28 per classes)
2025-05-25 00:22:52,924 [base.py] => Constructing exemplars...(28 per classes)
Time for task 13: 5005.710114955902
2025-05-25 00:33:23,676 [der.py] => Exemplar size: 1960
2025-05-25 00:33:23,678 [trainer.py] => CNN: {'total': 85.71, '00-04': 82.4, '05-09': 76.2, '10-14': 73.6, '15-19': 76.4, '20-24': 92.2, '25-29': 84.6, '30-34': 89.0, '35-39': 85.4, '40-44': 88.6, '45-49': 89.8, '50-54': 95.8, '55-59': 77.8, '60-64': 89.0, '65-69': 99.2, 'old': 84.68, 'new': 99.2}
2025-05-25 00:33:23,678 [trainer.py] => NME: {'total': 89.06, '00-04': 91.8, '05-09': 84.4, '10-14': 81.2, '15-19': 86.4, '20-24': 96.8, '25-29': 90.8, '30-34': 89.6, '35-39': 87.2, '40-44': 90.6, '45-49': 92.8, '50-54': 91.4, '55-59': 79.0, '60-64': 90.2, '65-69': 94.6, 'old': 88.63, 'new': 94.6}
2025-05-25 00:33:23,679 [trainer.py] => CNN top1 curve: [99.2, 97.8, 97.53, 96.05, 95.76, 93.8, 92.83, 91.85, 91.2, 88.72, 87.69, 88.18, 86.26, 85.71]
2025-05-25 00:33:23,679 [trainer.py] => CNN top5 curve: [100.0, 100.0, 100.0, 99.5, 99.44, 99.13, 99.2, 98.82, 98.62, 98.5, 98.13, 97.75, 97.63, 97.26]
2025-05-25 00:33:23,679 [trainer.py] => NME top1 curve: [99.6, 97.7, 97.2, 95.85, 95.84, 95.23, 93.94, 93.25, 92.31, 91.54, 90.35, 89.9, 89.23, 89.06]
2025-05-25 00:33:23,679 [trainer.py] => NME top5 curve: [100.0, 100.0, 99.73, 99.65, 99.64, 99.57, 99.54, 99.4, 99.27, 99.28, 99.15, 98.93, 98.78, 98.66]

Average Accuracy (CNN): 92.33
Average Accuracy (NME): 93.64
2025-05-25 00:33:23,680 [trainer.py] => Average Accuracy (CNN): 92.33
2025-05-25 00:33:23,680 [trainer.py] => Average Accuracy (NME): 93.64
2025-05-25 00:33:23,705 [trainer.py] => All params: 1201938508
2025-05-25 00:33:23,728 [trainer.py] => Trainable params: 86555980
2025-05-25 00:33:24,800 [der.py] => Learning on 70-75
2025-05-25 00:33:24,815 [der.py] => All params: 1287848529
2025-05-25 00:33:24,822 [der.py] => Trainable params: 86667345

  0%|          | 0/20 [00:00<?, ?it/s]
Task 14, Epoch 1/20 => Loss 1.671, Loss_clf 1.148, Loss_aux 0.523, Train_accy 83.18, Test_accy 83.15:   0%|          | 0/20 [08:23<?, ?it/s]
Task 14, Epoch 1/20 => Loss 1.671, Loss_clf 1.148, Loss_aux 0.523, Train_accy 83.18, Test_accy 83.15:   5%|▌         | 1/20 [08:23<2:39:21, 503.24s/it]
Task 14, Epoch 2/20 => Loss 0.587, Loss_clf 0.361, Loss_aux 0.226, Train_accy 90.25:   5%|▌         | 1/20 [11:53<2:39:21, 503.24s/it]                 
Task 14, Epoch 2/20 => Loss 0.587, Loss_clf 0.361, Loss_aux 0.226, Train_accy 90.25:  10%|█         | 2/20 [11:53<1:39:11, 330.64s/it]
Task 14, Epoch 3/20 => Loss 0.510, Loss_clf 0.315, Loss_aux 0.195, Train_accy 91.46:  10%|█         | 2/20 [15:14<1:39:11, 330.64s/it]
Task 14, Epoch 3/20 => Loss 0.510, Loss_clf 0.315, Loss_aux 0.195, Train_accy 91.46:  15%|█▌        | 3/20 [15:14<1:16:55, 271.49s/it]
Task 14, Epoch 4/20 => Loss 0.465, Loss_clf 0.276, Loss_aux 0.189, Train_accy 92.13:  15%|█▌        | 3/20 [18:28<1:16:55, 271.49s/it]
Task 14, Epoch 4/20 => Loss 0.465, Loss_clf 0.276, Loss_aux 0.189, Train_accy 92.13:  20%|██        | 4/20 [18:28<1:04:17, 241.07s/it]
Task 14, Epoch 5/20 => Loss 0.439, Loss_clf 0.271, Loss_aux 0.168, Train_accy 92.13:  20%|██        | 4/20 [21:49<1:04:17, 241.07s/it]
Task 14, Epoch 5/20 => Loss 0.439, Loss_clf 0.271, Loss_aux 0.168, Train_accy 92.13:  25%|██▌       | 5/20 [21:49<56:37, 226.52s/it]  
Task 14, Epoch 6/20 => Loss 0.406, Loss_clf 0.253, Loss_aux 0.153, Train_accy 92.96, Test_accy 83.49:  25%|██▌       | 5/20 [30:08<56:37, 226.52s/it]
Task 14, Epoch 6/20 => Loss 0.406, Loss_clf 0.253, Loss_aux 0.153, Train_accy 92.96, Test_accy 83.49:  30%|███       | 6/20 [30:08<1:14:27, 319.11s/it]
Task 14, Epoch 7/20 => Loss 0.419, Loss_clf 0.261, Loss_aux 0.158, Train_accy 92.74:  30%|███       | 6/20 [33:28<1:14:27, 319.11s/it]                 
Task 14, Epoch 7/20 => Loss 0.419, Loss_clf 0.261, Loss_aux 0.158, Train_accy 92.74:  35%|███▌      | 7/20 [33:28<1:00:41, 280.13s/it]
Task 14, Epoch 8/20 => Loss 0.416, Loss_clf 0.260, Loss_aux 0.156, Train_accy 92.67:  35%|███▌      | 7/20 [36:42<1:00:41, 280.13s/it]
Task 14, Epoch 8/20 => Loss 0.416, Loss_clf 0.260, Loss_aux 0.156, Train_accy 92.67:  40%|████      | 8/20 [36:42<50:33, 252.81s/it]  
Task 14, Epoch 9/20 => Loss 0.365, Loss_clf 0.230, Loss_aux 0.135, Train_accy 93.81:  40%|████      | 8/20 [40:03<50:33, 252.81s/it]
Task 14, Epoch 9/20 => Loss 0.365, Loss_clf 0.230, Loss_aux 0.135, Train_accy 93.81:  45%|████▌     | 9/20 [40:03<43:23, 236.67s/it]
Task 14, Epoch 10/20 => Loss 0.389, Loss_clf 0.243, Loss_aux 0.146, Train_accy 93.57:  45%|████▌     | 9/20 [43:23<43:23, 236.67s/it]
Task 14, Epoch 10/20 => Loss 0.389, Loss_clf 0.243, Loss_aux 0.146, Train_accy 93.57:  50%|█████     | 10/20 [43:23<37:34, 225.42s/it]
Task 14, Epoch 11/20 => Loss 0.374, Loss_clf 0.244, Loss_aux 0.130, Train_accy 93.27, Test_accy 83.32:  50%|█████     | 10/20 [51:41<37:34, 225.42s/it]
Task 14, Epoch 11/20 => Loss 0.374, Loss_clf 0.244, Loss_aux 0.130, Train_accy 93.27, Test_accy 83.32:  55%|█████▌    | 11/20 [51:41<46:19, 308.83s/it]
Task 14, Epoch 12/20 => Loss 0.373, Loss_clf 0.242, Loss_aux 0.131, Train_accy 93.45:  55%|█████▌    | 11/20 [55:02<46:19, 308.83s/it]                 
Task 14, Epoch 12/20 => Loss 0.373, Loss_clf 0.242, Loss_aux 0.131, Train_accy 93.45:  60%|██████    | 12/20 [55:02<36:46, 275.82s/it]
Task 14, Epoch 13/20 => Loss 0.398, Loss_clf 0.248, Loss_aux 0.150, Train_accy 93.12:  60%|██████    | 12/20 [58:16<36:46, 275.82s/it]
Task 14, Epoch 13/20 => Loss 0.398, Loss_clf 0.248, Loss_aux 0.150, Train_accy 93.12:  65%|██████▌   | 13/20 [58:16<29:17, 251.05s/it]
Task 14, Epoch 14/20 => Loss 0.335, Loss_clf 0.213, Loss_aux 0.122, Train_accy 94.15:  65%|██████▌   | 13/20 [1:01:36<29:17, 251.05s/it]
Task 14, Epoch 14/20 => Loss 0.335, Loss_clf 0.213, Loss_aux 0.122, Train_accy 94.15:  70%|███████   | 14/20 [1:01:36<23:34, 235.75s/it]
Task 14, Epoch 15/20 => Loss 0.316, Loss_clf 0.199, Loss_aux 0.117, Train_accy 94.46:  70%|███████   | 14/20 [1:04:56<23:34, 235.75s/it]
Task 14, Epoch 15/20 => Loss 0.316, Loss_clf 0.199, Loss_aux 0.117, Train_accy 94.46:  75%|███████▌  | 15/20 [1:04:56<18:45, 225.02s/it]
Task 14, Epoch 16/20 => Loss 0.334, Loss_clf 0.215, Loss_aux 0.119, Train_accy 93.72, Test_accy 83.69:  75%|███████▌  | 15/20 [1:13:15<18:45, 225.02s/it]
Task 14, Epoch 16/20 => Loss 0.334, Loss_clf 0.215, Loss_aux 0.119, Train_accy 93.72, Test_accy 83.69:  80%|████████  | 16/20 [1:13:15<20:29, 307.40s/it]
Task 14, Epoch 17/20 => Loss 0.352, Loss_clf 0.225, Loss_aux 0.127, Train_accy 93.77:  80%|████████  | 16/20 [1:16:29<20:29, 307.40s/it]                 
Task 14, Epoch 17/20 => Loss 0.352, Loss_clf 0.225, Loss_aux 0.127, Train_accy 93.77:  85%|████████▌ | 17/20 [1:16:29<13:40, 273.43s/it]
Task 14, Epoch 18/20 => Loss 0.369, Loss_clf 0.234, Loss_aux 0.135, Train_accy 93.63:  85%|████████▌ | 17/20 [1:19:50<13:40, 273.43s/it]
Task 14, Epoch 18/20 => Loss 0.369, Loss_clf 0.234, Loss_aux 0.135, Train_accy 93.63:  90%|█████████ | 18/20 [1:19:50<08:23, 251.58s/it]
Task 14, Epoch 19/20 => Loss 0.371, Loss_clf 0.229, Loss_aux 0.142, Train_accy 93.77:  90%|█████████ | 18/20 [1:23:10<08:23, 251.58s/it]
Task 14, Epoch 19/20 => Loss 0.371, Loss_clf 0.229, Loss_aux 0.142, Train_accy 93.77:  95%|█████████▌| 19/20 [1:23:10<03:56, 236.16s/it]
Task 14, Epoch 20/20 => Loss 0.339, Loss_clf 0.214, Loss_aux 0.125, Train_accy 94.44:  95%|█████████▌| 19/20 [1:26:30<03:56, 236.16s/it]
Task 14, Epoch 20/20 => Loss 0.339, Loss_clf 0.214, Loss_aux 0.125, Train_accy 94.44: 100%|██████████| 20/20 [1:26:30<00:00, 225.34s/it]
Task 14, Epoch 20/20 => Loss 0.339, Loss_clf 0.214, Loss_aux 0.125, Train_accy 94.44: 100%|██████████| 20/20 [1:26:30<00:00, 259.54s/it]
2025-05-25 01:59:55,816 [der.py] => Task 14, Epoch 20/20 => Loss 0.339, Loss_clf 0.214, Loss_aux 0.125, Train_accy 94.44
2025-05-25 01:59:55,836 [base.py] => Reducing exemplars...(26 per classes)
2025-05-25 02:01:46,171 [base.py] => Constructing exemplars...(26 per classes)
Time for task 14: 5414.06103348732
2025-05-25 02:13:38,092 [der.py] => Exemplar size: 1950
2025-05-25 02:13:38,129 [trainer.py] => CNN: {'total': 83.12, '00-04': 77.2, '05-09': 76.0, '10-14': 75.8, '15-19': 76.4, '20-24': 92.2, '25-29': 85.8, '30-34': 85.0, '35-39': 77.8, '40-44': 85.8, '45-49': 88.0, '50-54': 94.4, '55-59': 65.2, '60-64': 72.8, '65-69': 95.4, '70-74': 99.0, 'old': 81.99, 'new': 99.0}
2025-05-25 02:13:38,129 [trainer.py] => NME: {'total': 87.51, '00-04': 90.2, '05-09': 83.8, '10-14': 79.2, '15-19': 85.4, '20-24': 95.6, '25-29': 90.2, '30-34': 90.2, '35-39': 84.8, '40-44': 89.0, '45-49': 92.2, '50-54': 91.6, '55-59': 76.2, '60-64': 78.6, '65-69': 95.0, '70-74': 90.6, 'old': 87.29, 'new': 90.6}
2025-05-25 02:13:38,129 [trainer.py] => CNN top1 curve: [99.2, 97.8, 97.53, 96.05, 95.76, 93.8, 92.83, 91.85, 91.2, 88.72, 87.69, 88.18, 86.26, 85.71, 83.12]
2025-05-25 02:13:38,129 [trainer.py] => CNN top5 curve: [100.0, 100.0, 100.0, 99.5, 99.44, 99.13, 99.2, 98.82, 98.62, 98.5, 98.13, 97.75, 97.63, 97.26, 96.47]
2025-05-25 02:13:38,129 [trainer.py] => NME top1 curve: [99.6, 97.7, 97.2, 95.85, 95.84, 95.23, 93.94, 93.25, 92.31, 91.54, 90.35, 89.9, 89.23, 89.06, 87.51]
2025-05-25 02:13:38,129 [trainer.py] => NME top5 curve: [100.0, 100.0, 99.73, 99.65, 99.64, 99.57, 99.54, 99.4, 99.27, 99.28, 99.15, 98.93, 98.78, 98.66, 98.39]

Average Accuracy (CNN): 91.71
Average Accuracy (NME): 93.23
2025-05-25 02:13:38,130 [trainer.py] => Average Accuracy (CNN): 91.71
2025-05-25 02:13:38,130 [trainer.py] => Average Accuracy (NME): 93.23
2025-05-25 02:13:38,139 [trainer.py] => All params: 1287848529
2025-05-25 02:13:38,148 [trainer.py] => Trainable params: 86667345
2025-05-25 02:13:44,367 [der.py] => Learning on 75-80
2025-05-25 02:13:44,383 [der.py] => All params: 1373766230
2025-05-25 02:13:44,391 [der.py] => Trainable params: 86786390

  0%|          | 0/20 [00:00<?, ?it/s]
Task 15, Epoch 1/20 => Loss 1.549, Loss_clf 1.081, Loss_aux 0.468, Train_accy 83.80, Test_accy 81.84:   0%|          | 0/20 [09:12<?, ?it/s]
Task 15, Epoch 1/20 => Loss 1.549, Loss_clf 1.081, Loss_aux 0.468, Train_accy 83.80, Test_accy 81.84:   5%|▌         | 1/20 [09:12<2:55:00, 552.64s/it]
Task 15, Epoch 2/20 => Loss 0.582, Loss_clf 0.365, Loss_aux 0.216, Train_accy 90.52:   5%|▌         | 1/20 [12:50<2:55:00, 552.64s/it]                 
Task 15, Epoch 2/20 => Loss 0.582, Loss_clf 0.365, Loss_aux 0.216, Train_accy 90.52:  10%|█         | 2/20 [12:50<1:46:45, 355.87s/it]
Task 15, Epoch 3/20 => Loss 0.541, Loss_clf 0.338, Loss_aux 0.203, Train_accy 90.49:  10%|█         | 2/20 [16:23<1:46:45, 355.87s/it]
Task 15, Epoch 3/20 => Loss 0.541, Loss_clf 0.338, Loss_aux 0.203, Train_accy 90.49:  15%|█▌        | 3/20 [16:23<1:22:21, 290.67s/it]
Task 15, Epoch 4/20 => Loss 0.513, Loss_clf 0.318, Loss_aux 0.195, Train_accy 90.79:  15%|█▌        | 3/20 [19:56<1:22:21, 290.67s/it]
Task 15, Epoch 4/20 => Loss 0.513, Loss_clf 0.318, Loss_aux 0.195, Train_accy 90.79:  20%|██        | 4/20 [19:57<1:09:21, 260.07s/it]
Task 15, Epoch 5/20 => Loss 0.473, Loss_clf 0.296, Loss_aux 0.177, Train_accy 91.33:  20%|██        | 4/20 [23:23<1:09:21, 260.07s/it]
Task 15, Epoch 5/20 => Loss 0.473, Loss_clf 0.296, Loss_aux 0.177, Train_accy 91.33:  25%|██▌       | 5/20 [23:23<1:00:09, 240.62s/it]
Task 15, Epoch 6/20 => Loss 0.487, Loss_clf 0.310, Loss_aux 0.177, Train_accy 91.26, Test_accy 80.40:  25%|██▌       | 5/20 [32:32<1:00:09, 240.62s/it]
Task 15, Epoch 6/20 => Loss 0.487, Loss_clf 0.310, Loss_aux 0.177, Train_accy 91.26, Test_accy 80.40:  30%|███       | 6/20 [32:32<1:20:39, 345.68s/it]
Task 15, Epoch 7/20 => Loss 0.444, Loss_clf 0.279, Loss_aux 0.165, Train_accy 92.61:  30%|███       | 6/20 [36:06<1:20:39, 345.68s/it]                 
Task 15, Epoch 7/20 => Loss 0.444, Loss_clf 0.279, Loss_aux 0.165, Train_accy 92.61:  35%|███▌      | 7/20 [36:06<1:05:31, 302.43s/it]
Task 15, Epoch 8/20 => Loss 0.441, Loss_clf 0.280, Loss_aux 0.161, Train_accy 92.29:  35%|███▌      | 7/20 [39:34<1:05:31, 302.43s/it]
Task 15, Epoch 8/20 => Loss 0.441, Loss_clf 0.280, Loss_aux 0.161, Train_accy 92.29:  40%|████      | 8/20 [39:34<54:31, 272.61s/it]  
Task 15, Epoch 9/20 => Loss 0.446, Loss_clf 0.277, Loss_aux 0.169, Train_accy 92.16:  40%|████      | 8/20 [43:07<54:31, 272.61s/it]
Task 15, Epoch 9/20 => Loss 0.446, Loss_clf 0.277, Loss_aux 0.169, Train_accy 92.16:  45%|████▌     | 9/20 [43:07<46:32, 253.83s/it]
Task 15, Epoch 10/20 => Loss 0.412, Loss_clf 0.264, Loss_aux 0.148, Train_accy 92.63:  45%|████▌     | 9/20 [46:34<46:32, 253.83s/it]
Task 15, Epoch 10/20 => Loss 0.412, Loss_clf 0.264, Loss_aux 0.148, Train_accy 92.63:  50%|█████     | 10/20 [46:34<39:53, 239.34s/it]
Task 15, Epoch 11/20 => Loss 0.395, Loss_clf 0.249, Loss_aux 0.146, Train_accy 92.90, Test_accy 82.71:  50%|█████     | 10/20 [55:44<39:53, 239.34s/it]
Task 15, Epoch 11/20 => Loss 0.395, Loss_clf 0.249, Loss_aux 0.146, Train_accy 92.90, Test_accy 82.71:  55%|█████▌    | 11/20 [55:44<50:09, 334.44s/it]
Task 15, Epoch 12/20 => Loss 0.364, Loss_clf 0.226, Loss_aux 0.138, Train_accy 93.37:  55%|█████▌    | 11/20 [59:17<50:09, 334.44s/it]                 
Task 15, Epoch 12/20 => Loss 0.364, Loss_clf 0.226, Loss_aux 0.138, Train_accy 93.37:  60%|██████    | 12/20 [59:17<39:39, 297.45s/it]
Task 15, Epoch 13/20 => Loss 0.401, Loss_clf 0.249, Loss_aux 0.152, Train_accy 93.12:  60%|██████    | 12/20 [1:02:44<39:39, 297.45s/it]
Task 15, Epoch 13/20 => Loss 0.401, Loss_clf 0.249, Loss_aux 0.152, Train_accy 93.12:  65%|██████▌   | 13/20 [1:02:44<31:30, 270.08s/it]
Task 15, Epoch 14/20 => Loss 0.369, Loss_clf 0.227, Loss_aux 0.142, Train_accy 94.07:  65%|██████▌   | 13/20 [1:06:17<31:30, 270.08s/it]
Task 15, Epoch 14/20 => Loss 0.369, Loss_clf 0.227, Loss_aux 0.142, Train_accy 94.07:  70%|███████   | 14/20 [1:06:17<25:17, 252.84s/it]
Task 15, Epoch 15/20 => Loss 0.367, Loss_clf 0.232, Loss_aux 0.135, Train_accy 93.73:  70%|███████   | 14/20 [1:09:43<25:17, 252.84s/it]
Task 15, Epoch 15/20 => Loss 0.367, Loss_clf 0.232, Loss_aux 0.135, Train_accy 93.73:  75%|███████▌  | 15/20 [1:09:43<19:54, 238.86s/it]
Task 15, Epoch 16/20 => Loss 0.383, Loss_clf 0.244, Loss_aux 0.138, Train_accy 93.28, Test_accy 80.35:  75%|███████▌  | 15/20 [1:18:53<19:54, 238.86s/it]
Task 15, Epoch 16/20 => Loss 0.383, Loss_clf 0.244, Loss_aux 0.138, Train_accy 93.28, Test_accy 80.35:  80%|████████  | 16/20 [1:18:53<22:09, 332.33s/it]
Task 15, Epoch 17/20 => Loss 0.364, Loss_clf 0.231, Loss_aux 0.134, Train_accy 93.62:  80%|████████  | 16/20 [1:22:26<22:09, 332.33s/it]                 
Task 15, Epoch 17/20 => Loss 0.364, Loss_clf 0.231, Loss_aux 0.134, Train_accy 93.62:  85%|████████▌ | 17/20 [1:22:26<14:49, 296.50s/it]
Task 15, Epoch 18/20 => Loss 0.380, Loss_clf 0.241, Loss_aux 0.138, Train_accy 93.30:  85%|████████▌ | 17/20 [1:25:59<14:49, 296.50s/it]
Task 15, Epoch 18/20 => Loss 0.380, Loss_clf 0.241, Loss_aux 0.138, Train_accy 93.30:  90%|█████████ | 18/20 [1:25:59<09:02, 271.33s/it]
Task 15, Epoch 19/20 => Loss 0.343, Loss_clf 0.218, Loss_aux 0.125, Train_accy 94.18:  90%|█████████ | 18/20 [1:29:25<09:02, 271.33s/it]
Task 15, Epoch 19/20 => Loss 0.343, Loss_clf 0.218, Loss_aux 0.125, Train_accy 94.18:  95%|█████████▌| 19/20 [1:29:25<04:11, 251.96s/it]
Task 15, Epoch 20/20 => Loss 0.352, Loss_clf 0.224, Loss_aux 0.127, Train_accy 93.51:  95%|█████████▌| 19/20 [1:32:58<04:11, 251.96s/it]
Task 15, Epoch 20/20 => Loss 0.352, Loss_clf 0.224, Loss_aux 0.127, Train_accy 93.51: 100%|██████████| 20/20 [1:32:58<00:00, 240.07s/it]
Task 15, Epoch 20/20 => Loss 0.352, Loss_clf 0.224, Loss_aux 0.127, Train_accy 93.51: 100%|██████████| 20/20 [1:32:58<00:00, 278.92s/it]
2025-05-25 03:46:42,855 [der.py] => Task 15, Epoch 20/20 => Loss 0.352, Loss_clf 0.224, Loss_aux 0.127, Train_accy 93.51
2025-05-25 03:46:42,869 [base.py] => Reducing exemplars...(25 per classes)
2025-05-25 03:48:44,529 [base.py] => Constructing exemplars...(25 per classes)
Time for task 15: 5824.747557878494
2025-05-25 04:02:09,171 [der.py] => Exemplar size: 2000
2025-05-25 04:02:09,212 [trainer.py] => CNN: {'total': 80.92, '00-04': 79.6, '05-09': 74.2, '10-14': 74.2, '15-19': 81.4, '20-24': 93.0, '25-29': 83.6, '30-34': 84.8, '35-39': 76.8, '40-44': 85.2, '45-49': 68.8, '50-54': 65.0, '55-59': 65.2, '60-64': 79.6, '65-69': 95.4, '70-74': 90.0, '75-79': 98.0, 'old': 79.79, 'new': 98.0}
2025-05-25 04:02:09,213 [trainer.py] => NME: {'total': 85.88, '00-04': 89.2, '05-09': 81.4, '10-14': 78.6, '15-19': 85.0, '20-24': 95.8, '25-29': 90.2, '30-34': 89.4, '35-39': 83.4, '40-44': 88.6, '45-49': 86.2, '50-54': 80.6, '55-59': 75.8, '60-64': 77.8, '65-69': 95.8, '70-74': 87.8, '75-79': 88.4, 'old': 85.71, 'new': 88.4}
2025-05-25 04:02:09,213 [trainer.py] => CNN top1 curve: [99.2, 97.8, 97.53, 96.05, 95.76, 93.8, 92.83, 91.85, 91.2, 88.72, 87.69, 88.18, 86.26, 85.71, 83.12, 80.92]
2025-05-25 04:02:09,213 [trainer.py] => CNN top5 curve: [100.0, 100.0, 100.0, 99.5, 99.44, 99.13, 99.2, 98.82, 98.62, 98.5, 98.13, 97.75, 97.63, 97.26, 96.47, 96.49]
2025-05-25 04:02:09,213 [trainer.py] => NME top1 curve: [99.6, 97.7, 97.2, 95.85, 95.84, 95.23, 93.94, 93.25, 92.31, 91.54, 90.35, 89.9, 89.23, 89.06, 87.51, 85.88]
2025-05-25 04:02:09,213 [trainer.py] => NME top5 curve: [100.0, 100.0, 99.73, 99.65, 99.64, 99.57, 99.54, 99.4, 99.27, 99.28, 99.15, 98.93, 98.78, 98.66, 98.39, 98.19]

Average Accuracy (CNN): 91.04
Average Accuracy (NME): 92.77
2025-05-25 04:02:09,213 [trainer.py] => Average Accuracy (CNN): 91.04
2025-05-25 04:02:09,213 [trainer.py] => Average Accuracy (NME): 92.77
2025-05-25 04:02:09,224 [trainer.py] => All params: 1373766230
2025-05-25 04:02:09,233 [trainer.py] => Trainable params: 86786390
2025-05-25 04:02:08,474 [der.py] => Learning on 80-85
2025-05-25 04:02:08,493 [der.py] => All params: 1459691611
2025-05-25 04:02:08,501 [der.py] => Trainable params: 86913115

  0%|          | 0/20 [00:00<?, ?it/s]
Task 16, Epoch 1/20 => Loss 1.545, Loss_clf 1.120, Loss_aux 0.424, Train_accy 84.36, Test_accy 81.64:   0%|          | 0/20 [10:16<?, ?it/s]
Task 16, Epoch 1/20 => Loss 1.545, Loss_clf 1.120, Loss_aux 0.424, Train_accy 84.36, Test_accy 81.64:   5%|▌         | 1/20 [10:16<3:15:11, 616.39s/it]
Task 16, Epoch 2/20 => Loss 0.467, Loss_clf 0.296, Loss_aux 0.171, Train_accy 92.38:   5%|▌         | 1/20 [14:11<3:15:11, 616.39s/it]                 
Task 16, Epoch 2/20 => Loss 0.467, Loss_clf 0.296, Loss_aux 0.171, Train_accy 92.38:  10%|█         | 2/20 [14:11<1:57:37, 392.06s/it]
Task 16, Epoch 3/20 => Loss 0.433, Loss_clf 0.281, Loss_aux 0.152, Train_accy 92.44:  10%|█         | 2/20 [17:54<1:57:37, 392.06s/it]
Task 16, Epoch 3/20 => Loss 0.433, Loss_clf 0.281, Loss_aux 0.152, Train_accy 92.44:  15%|█▌        | 3/20 [17:54<1:29:11, 314.80s/it]
Task 16, Epoch 4/20 => Loss 0.422, Loss_clf 0.280, Loss_aux 0.142, Train_accy 92.42:  15%|█▌        | 3/20 [21:35<1:29:11, 314.80s/it]
Task 16, Epoch 4/20 => Loss 0.422, Loss_clf 0.280, Loss_aux 0.142, Train_accy 92.42:  20%|██        | 4/20 [21:35<1:14:07, 277.98s/it]
Task 16, Epoch 5/20 => Loss 0.377, Loss_clf 0.246, Loss_aux 0.131, Train_accy 92.82:  20%|██        | 4/20 [25:24<1:14:07, 277.98s/it]
Task 16, Epoch 5/20 => Loss 0.377, Loss_clf 0.246, Loss_aux 0.131, Train_accy 92.82:  25%|██▌       | 5/20 [25:24<1:05:00, 260.05s/it]
Task 16, Epoch 6/20 => Loss 0.332, Loss_clf 0.218, Loss_aux 0.113, Train_accy 93.96, Test_accy 80.99:  25%|██▌       | 5/20 [35:32<1:05:00, 260.05s/it]
Task 16, Epoch 6/20 => Loss 0.332, Loss_clf 0.218, Loss_aux 0.113, Train_accy 93.96, Test_accy 80.99:  30%|███       | 6/20 [35:32<1:28:16, 378.36s/it]
Task 16, Epoch 7/20 => Loss 0.361, Loss_clf 0.240, Loss_aux 0.121, Train_accy 93.51:  30%|███       | 6/20 [39:13<1:28:16, 378.36s/it]                 
Task 16, Epoch 7/20 => Loss 0.361, Loss_clf 0.240, Loss_aux 0.121, Train_accy 93.51:  35%|███▌      | 7/20 [39:13<1:10:52, 327.09s/it]
Task 16, Epoch 8/20 => Loss 0.372, Loss_clf 0.240, Loss_aux 0.132, Train_accy 93.18:  35%|███▌      | 7/20 [42:56<1:10:52, 327.09s/it]
Task 16, Epoch 8/20 => Loss 0.372, Loss_clf 0.240, Loss_aux 0.132, Train_accy 93.18:  40%|████      | 8/20 [42:56<58:47, 293.94s/it]  
Task 16, Epoch 9/20 => Loss 0.330, Loss_clf 0.216, Loss_aux 0.113, Train_accy 94.02:  40%|████      | 8/20 [46:45<58:47, 293.94s/it]
Task 16, Epoch 9/20 => Loss 0.330, Loss_clf 0.216, Loss_aux 0.113, Train_accy 94.02:  45%|████▌     | 9/20 [46:45<50:09, 273.55s/it]
Task 16, Epoch 10/20 => Loss 0.349, Loss_clf 0.233, Loss_aux 0.116, Train_accy 93.53:  45%|████▌     | 9/20 [50:28<50:09, 273.55s/it]
Task 16, Epoch 10/20 => Loss 0.349, Loss_clf 0.233, Loss_aux 0.116, Train_accy 93.53:  50%|█████     | 10/20 [50:28<42:59, 258.00s/it]
Task 16, Epoch 11/20 => Loss 0.338, Loss_clf 0.217, Loss_aux 0.122, Train_accy 94.20, Test_accy 80.64:  50%|█████     | 10/20 [1:00:34<42:59, 258.00s/it]
Task 16, Epoch 11/20 => Loss 0.338, Loss_clf 0.217, Loss_aux 0.122, Train_accy 94.20, Test_accy 80.64:  55%|█████▌    | 11/20 [1:00:34<54:41, 364.60s/it]
Task 16, Epoch 12/20 => Loss 0.326, Loss_clf 0.214, Loss_aux 0.113, Train_accy 94.33:  55%|█████▌    | 11/20 [1:04:17<54:41, 364.60s/it]                 
Task 16, Epoch 12/20 => Loss 0.326, Loss_clf 0.214, Loss_aux 0.113, Train_accy 94.33:  60%|██████    | 12/20 [1:04:17<42:50, 321.32s/it]
Task 16, Epoch 13/20 => Loss 0.318, Loss_clf 0.217, Loss_aux 0.101, Train_accy 94.09:  60%|██████    | 12/20 [1:08:06<42:50, 321.32s/it]
Task 16, Epoch 13/20 => Loss 0.318, Loss_clf 0.217, Loss_aux 0.101, Train_accy 94.09:  65%|██████▌   | 13/20 [1:08:06<34:13, 293.41s/it]
Task 16, Epoch 14/20 => Loss 0.302, Loss_clf 0.198, Loss_aux 0.104, Train_accy 94.84:  65%|██████▌   | 13/20 [1:11:48<34:13, 293.41s/it]
Task 16, Epoch 14/20 => Loss 0.302, Loss_clf 0.198, Loss_aux 0.104, Train_accy 94.84:  70%|███████   | 14/20 [1:11:48<27:11, 271.94s/it]
Task 16, Epoch 15/20 => Loss 0.313, Loss_clf 0.197, Loss_aux 0.116, Train_accy 94.76:  70%|███████   | 14/20 [1:15:30<27:11, 271.94s/it]
Task 16, Epoch 15/20 => Loss 0.313, Loss_clf 0.197, Loss_aux 0.116, Train_accy 94.76:  75%|███████▌  | 15/20 [1:15:30<21:24, 256.88s/it]
Task 16, Epoch 16/20 => Loss 0.337, Loss_clf 0.224, Loss_aux 0.114, Train_accy 93.87, Test_accy 80.76:  75%|███████▌  | 15/20 [1:25:38<21:24, 256.88s/it]
Task 16, Epoch 16/20 => Loss 0.337, Loss_clf 0.224, Loss_aux 0.114, Train_accy 93.87, Test_accy 80.76:  80%|████████  | 16/20 [1:25:38<24:09, 362.43s/it]
Task 16, Epoch 17/20 => Loss 0.312, Loss_clf 0.207, Loss_aux 0.105, Train_accy 94.18:  80%|████████  | 16/20 [1:29:25<24:09, 362.43s/it]                 
Task 16, Epoch 17/20 => Loss 0.312, Loss_clf 0.207, Loss_aux 0.105, Train_accy 94.18:  85%|████████▌ | 17/20 [1:29:25<16:05, 321.91s/it]
Task 16, Epoch 18/20 => Loss 0.326, Loss_clf 0.214, Loss_aux 0.112, Train_accy 94.31:  85%|████████▌ | 17/20 [1:33:07<16:05, 321.91s/it]
Task 16, Epoch 18/20 => Loss 0.326, Loss_clf 0.214, Loss_aux 0.112, Train_accy 94.31:  90%|█████████ | 18/20 [1:33:07<09:43, 291.89s/it]
Task 16, Epoch 19/20 => Loss 0.277, Loss_clf 0.183, Loss_aux 0.094, Train_accy 94.96:  90%|█████████ | 18/20 [1:36:49<09:43, 291.89s/it]
Task 16, Epoch 19/20 => Loss 0.277, Loss_clf 0.183, Loss_aux 0.094, Train_accy 94.96:  95%|█████████▌| 19/20 [1:36:49<04:30, 270.91s/it]
Task 16, Epoch 20/20 => Loss 0.301, Loss_clf 0.197, Loss_aux 0.104, Train_accy 94.51:  95%|█████████▌| 19/20 [1:40:38<04:30, 270.91s/it]
Task 16, Epoch 20/20 => Loss 0.301, Loss_clf 0.197, Loss_aux 0.104, Train_accy 94.51: 100%|██████████| 20/20 [1:40:38<00:00, 258.13s/it]
Task 16, Epoch 20/20 => Loss 0.301, Loss_clf 0.197, Loss_aux 0.104, Train_accy 94.51: 100%|██████████| 20/20 [1:40:38<00:00, 301.91s/it]
2025-05-25 05:42:46,853 [der.py] => Task 16, Epoch 20/20 => Loss 0.301, Loss_clf 0.197, Loss_aux 0.104, Train_accy 94.51
2025-05-25 05:42:46,874 [base.py] => Reducing exemplars...(23 per classes)
2025-05-25 05:44:56,465 [base.py] => Constructing exemplars...(23 per classes)
Time for task 16: 6286.9395270347595
2025-05-25 05:59:51,163 [der.py] => Exemplar size: 1955
2025-05-25 05:59:51,203 [trainer.py] => CNN: {'total': 79.79, '00-04': 83.8, '05-09': 69.6, '10-14': 64.6, '15-19': 77.2, '20-24': 84.0, '25-29': 79.0, '30-34': 83.0, '35-39': 76.2, '40-44': 82.0, '45-49': 63.6, '50-54': 76.4, '55-59': 69.0, '60-64': 71.0, '65-69': 94.2, '70-74': 88.6, '75-79': 95.6, '80-84': 98.6, 'old': 78.61, 'new': 98.6}
2025-05-25 05:59:51,203 [trainer.py] => NME: {'total': 84.59, '00-04': 88.4, '05-09': 79.0, '10-14': 75.2, '15-19': 83.8, '20-24': 95.0, '25-29': 87.0, '30-34': 88.2, '35-39': 82.4, '40-44': 86.8, '45-49': 78.6, '50-54': 78.6, '55-59': 74.2, '60-64': 75.6, '65-69': 96.0, '70-74': 87.8, '75-79': 90.8, '80-84': 90.6, 'old': 84.21, 'new': 90.6}
2025-05-25 05:59:51,203 [trainer.py] => CNN top1 curve: [99.2, 97.8, 97.53, 96.05, 95.76, 93.8, 92.83, 91.85, 91.2, 88.72, 87.69, 88.18, 86.26, 85.71, 83.12, 80.92, 79.79]
2025-05-25 05:59:51,203 [trainer.py] => CNN top5 curve: [100.0, 100.0, 100.0, 99.5, 99.44, 99.13, 99.2, 98.82, 98.62, 98.5, 98.13, 97.75, 97.63, 97.26, 96.47, 96.49, 96.06]
2025-05-25 05:59:51,203 [trainer.py] => NME top1 curve: [99.6, 97.7, 97.2, 95.85, 95.84, 95.23, 93.94, 93.25, 92.31, 91.54, 90.35, 89.9, 89.23, 89.06, 87.51, 85.88, 84.59]
2025-05-25 05:59:51,203 [trainer.py] => NME top5 curve: [100.0, 100.0, 99.73, 99.65, 99.64, 99.57, 99.54, 99.4, 99.27, 99.28, 99.15, 98.93, 98.78, 98.66, 98.39, 98.19, 98.15]

Average Accuracy (CNN): 90.38
Average Accuracy (NME): 92.29
2025-05-25 05:59:51,203 [trainer.py] => Average Accuracy (CNN): 90.38
2025-05-25 05:59:51,203 [trainer.py] => Average Accuracy (NME): 92.29
2025-05-25 05:59:51,214 [trainer.py] => All params: 1459691611
2025-05-25 05:59:51,224 [trainer.py] => Trainable params: 86913115
2025-05-25 06:00:00,758 [der.py] => Learning on 85-90
2025-05-25 06:00:00,781 [der.py] => All params: 1545624672
2025-05-25 06:00:00,792 [der.py] => Trainable params: 87047520

  0%|          | 0/20 [00:00<?, ?it/s]
Task 17, Epoch 1/20 => Loss 1.582, Loss_clf 1.033, Loss_aux 0.549, Train_accy 82.81, Test_accy 78.27:   0%|          | 0/20 [11:04<?, ?it/s]
Task 17, Epoch 1/20 => Loss 1.582, Loss_clf 1.033, Loss_aux 0.549, Train_accy 82.81, Test_accy 78.27:   5%|▌         | 1/20 [11:04<3:30:28, 664.68s/it]
Task 17, Epoch 2/20 => Loss 0.670, Loss_clf 0.402, Loss_aux 0.268, Train_accy 88.87:   5%|▌         | 1/20 [14:56<3:30:28, 664.68s/it]                 
Task 17, Epoch 2/20 => Loss 0.670, Loss_clf 0.402, Loss_aux 0.268, Train_accy 88.87:  10%|█         | 2/20 [14:56<2:03:04, 410.26s/it]
Task 17, Epoch 3/20 => Loss 0.581, Loss_clf 0.343, Loss_aux 0.238, Train_accy 89.74:  10%|█         | 2/20 [18:52<2:03:04, 410.26s/it]
Task 17, Epoch 3/20 => Loss 0.581, Loss_clf 0.343, Loss_aux 0.238, Train_accy 89.74:  15%|█▌        | 3/20 [18:52<1:33:41, 330.65s/it]
Task 17, Epoch 4/20 => Loss 0.552, Loss_clf 0.330, Loss_aux 0.222, Train_accy 90.15:  15%|█▌        | 3/20 [22:47<1:33:41, 330.65s/it]
Task 17, Epoch 4/20 => Loss 0.552, Loss_clf 0.330, Loss_aux 0.222, Train_accy 90.15:  20%|██        | 4/20 [22:47<1:18:03, 292.73s/it]
Task 17, Epoch 5/20 => Loss 0.538, Loss_clf 0.317, Loss_aux 0.220, Train_accy 90.66:  20%|██        | 4/20 [26:40<1:18:03, 292.73s/it]
Task 17, Epoch 5/20 => Loss 0.538, Loss_clf 0.317, Loss_aux 0.220, Train_accy 90.66:  25%|██▌       | 5/20 [26:40<1:07:46, 271.07s/it]
Task 17, Epoch 6/20 => Loss 0.496, Loss_clf 0.302, Loss_aux 0.194, Train_accy 91.52, Test_accy 79.44:  25%|██▌       | 5/20 [37:48<1:07:46, 271.07s/it]
Task 17, Epoch 6/20 => Loss 0.496, Loss_clf 0.302, Loss_aux 0.194, Train_accy 91.52, Test_accy 79.44:  30%|███       | 6/20 [37:48<1:34:44, 406.03s/it]
Task 17, Epoch 7/20 => Loss 0.467, Loss_clf 0.283, Loss_aux 0.184, Train_accy 91.85:  30%|███       | 6/20 [41:40<1:34:44, 406.03s/it]                 
Task 17, Epoch 7/20 => Loss 0.467, Loss_clf 0.283, Loss_aux 0.184, Train_accy 91.85:  35%|███▌      | 7/20 [41:40<1:15:42, 349.40s/it]
Task 17, Epoch 8/20 => Loss 0.482, Loss_clf 0.290, Loss_aux 0.192, Train_accy 91.92:  35%|███▌      | 7/20 [45:33<1:15:42, 349.40s/it]
Task 17, Epoch 8/20 => Loss 0.482, Loss_clf 0.290, Loss_aux 0.192, Train_accy 91.92:  40%|████      | 8/20 [45:33<1:02:27, 312.25s/it]
Task 17, Epoch 9/20 => Loss 0.441, Loss_clf 0.263, Loss_aux 0.179, Train_accy 92.35:  40%|████      | 8/20 [49:26<1:02:27, 312.25s/it]
Task 17, Epoch 9/20 => Loss 0.441, Loss_clf 0.263, Loss_aux 0.179, Train_accy 92.35:  45%|████▌     | 9/20 [49:26<52:41, 287.40s/it]  
Task 17, Epoch 10/20 => Loss 0.421, Loss_clf 0.252, Loss_aux 0.169, Train_accy 92.68:  45%|████▌     | 9/20 [53:18<52:41, 287.40s/it]
Task 17, Epoch 10/20 => Loss 0.421, Loss_clf 0.252, Loss_aux 0.169, Train_accy 92.68:  50%|█████     | 10/20 [53:18<45:03, 270.38s/it]
Task 17, Epoch 11/20 => Loss 0.449, Loss_clf 0.275, Loss_aux 0.174, Train_accy 92.14, Test_accy 77.31:  50%|█████     | 10/20 [1:04:21<45:03, 270.38s/it]
Task 17, Epoch 11/20 => Loss 0.449, Loss_clf 0.275, Loss_aux 0.174, Train_accy 92.14, Test_accy 77.31:  55%|█████▌    | 11/20 [1:04:21<58:34, 390.46s/it]
Task 17, Epoch 12/20 => Loss 0.488, Loss_clf 0.306, Loss_aux 0.182, Train_accy 91.69:  55%|█████▌    | 11/20 [1:08:19<58:34, 390.46s/it]                 
Task 17, Epoch 12/20 => Loss 0.488, Loss_clf 0.306, Loss_aux 0.182, Train_accy 91.69:  60%|██████    | 12/20 [1:08:19<45:53, 344.15s/it]
Task 17, Epoch 13/20 => Loss 0.471, Loss_clf 0.291, Loss_aux 0.180, Train_accy 92.03:  60%|██████    | 12/20 [1:12:12<45:53, 344.15s/it]
Task 17, Epoch 13/20 => Loss 0.471, Loss_clf 0.291, Loss_aux 0.180, Train_accy 92.03:  65%|██████▌   | 13/20 [1:12:12<36:12, 310.40s/it]
Task 17, Epoch 14/20 => Loss 0.452, Loss_clf 0.274, Loss_aux 0.178, Train_accy 92.39:  65%|██████▌   | 13/20 [1:16:05<36:12, 310.40s/it]
Task 17, Epoch 14/20 => Loss 0.452, Loss_clf 0.274, Loss_aux 0.178, Train_accy 92.39:  70%|███████   | 14/20 [1:16:05<28:42, 287.01s/it]
Task 17, Epoch 15/20 => Loss 0.430, Loss_clf 0.260, Loss_aux 0.170, Train_accy 92.97:  70%|███████   | 14/20 [1:19:58<28:42, 287.01s/it]
Task 17, Epoch 15/20 => Loss 0.430, Loss_clf 0.260, Loss_aux 0.170, Train_accy 92.97:  75%|███████▌  | 15/20 [1:19:58<22:33, 270.79s/it]
Task 17, Epoch 16/20 => Loss 0.406, Loss_clf 0.248, Loss_aux 0.159, Train_accy 92.93, Test_accy 79.08:  75%|███████▌  | 15/20 [1:30:59<22:33, 270.79s/it]
Task 17, Epoch 16/20 => Loss 0.406, Loss_clf 0.248, Loss_aux 0.159, Train_accy 92.93, Test_accy 79.08:  80%|████████  | 16/20 [1:30:59<25:53, 388.40s/it]
Task 17, Epoch 17/20 => Loss 0.388, Loss_clf 0.248, Loss_aux 0.141, Train_accy 92.91:  80%|████████  | 16/20 [1:34:53<25:53, 388.40s/it]                 
Task 17, Epoch 17/20 => Loss 0.388, Loss_clf 0.248, Loss_aux 0.141, Train_accy 92.91:  85%|████████▌ | 17/20 [1:34:53<17:05, 341.75s/it]
Task 17, Epoch 18/20 => Loss 0.374, Loss_clf 0.232, Loss_aux 0.142, Train_accy 93.47:  85%|████████▌ | 17/20 [1:38:46<17:05, 341.75s/it]
Task 17, Epoch 18/20 => Loss 0.374, Loss_clf 0.232, Loss_aux 0.142, Train_accy 93.47:  90%|█████████ | 18/20 [1:38:46<10:18, 309.24s/it]
Task 17, Epoch 19/20 => Loss 0.413, Loss_clf 0.249, Loss_aux 0.164, Train_accy 93.13:  90%|█████████ | 18/20 [1:42:46<10:18, 309.24s/it]
Task 17, Epoch 19/20 => Loss 0.413, Loss_clf 0.249, Loss_aux 0.164, Train_accy 93.13:  95%|█████████▌| 19/20 [1:42:46<04:48, 288.22s/it]
Task 17, Epoch 20/20 => Loss 0.397, Loss_clf 0.244, Loss_aux 0.153, Train_accy 93.42:  95%|█████████▌| 19/20 [1:46:38<04:48, 288.22s/it]
Task 17, Epoch 20/20 => Loss 0.397, Loss_clf 0.244, Loss_aux 0.153, Train_accy 93.42: 100%|██████████| 20/20 [1:46:38<00:00, 271.36s/it]
Task 17, Epoch 20/20 => Loss 0.397, Loss_clf 0.244, Loss_aux 0.153, Train_accy 93.42: 100%|██████████| 20/20 [1:46:38<00:00, 319.91s/it]
2025-05-25 07:46:39,102 [der.py] => Task 17, Epoch 20/20 => Loss 0.397, Loss_clf 0.244, Loss_aux 0.153, Train_accy 93.42
2025-05-25 07:46:39,123 [base.py] => Reducing exemplars...(22 per classes)
2025-05-25 07:48:59,699 [base.py] => Constructing exemplars...(22 per classes)
Time for task 17: 6676.478574514389
2025-05-25 08:05:33,567 [der.py] => Exemplar size: 1980
2025-05-25 08:05:33,609 [trainer.py] => CNN: {'total': 78.27, '00-04': 81.0, '05-09': 57.4, '10-14': 61.2, '15-19': 74.0, '20-24': 87.4, '25-29': 76.8, '30-34': 84.6, '35-39': 76.8, '40-44': 80.4, '45-49': 66.6, '50-54': 77.0, '55-59': 61.2, '60-64': 72.8, '65-69': 93.2, '70-74': 88.0, '75-79': 80.2, '80-84': 94.2, '85-89': 96.0, 'old': 77.22, 'new': 96.0}
2025-05-25 08:05:33,609 [trainer.py] => NME: {'total': 83.29, '00-04': 88.0, '05-09': 75.4, '10-14': 71.2, '15-19': 82.2, '20-24': 94.2, '25-29': 86.2, '30-34': 87.8, '35-39': 82.4, '40-44': 85.4, '45-49': 77.8, '50-54': 76.8, '55-59': 71.6, '60-64': 75.4, '65-69': 96.0, '70-74': 87.2, '75-79': 87.4, '80-84': 90.6, '85-89': 83.6, 'old': 83.27, 'new': 83.6}
2025-05-25 08:05:33,609 [trainer.py] => CNN top1 curve: [99.2, 97.8, 97.53, 96.05, 95.76, 93.8, 92.83, 91.85, 91.2, 88.72, 87.69, 88.18, 86.26, 85.71, 83.12, 80.92, 79.79, 78.27]
2025-05-25 08:05:33,609 [trainer.py] => CNN top5 curve: [100.0, 100.0, 100.0, 99.5, 99.44, 99.13, 99.2, 98.82, 98.62, 98.5, 98.13, 97.75, 97.63, 97.26, 96.47, 96.49, 96.06, 95.13]
2025-05-25 08:05:33,609 [trainer.py] => NME top1 curve: [99.6, 97.7, 97.2, 95.85, 95.84, 95.23, 93.94, 93.25, 92.31, 91.54, 90.35, 89.9, 89.23, 89.06, 87.51, 85.88, 84.59, 83.29]
2025-05-25 08:05:33,609 [trainer.py] => NME top5 curve: [100.0, 100.0, 99.73, 99.65, 99.64, 99.57, 99.54, 99.4, 99.27, 99.28, 99.15, 98.93, 98.78, 98.66, 98.39, 98.19, 98.15, 97.4]

Average Accuracy (CNN): 89.7
Average Accuracy (NME): 91.79
2025-05-25 08:05:33,609 [trainer.py] => Average Accuracy (CNN): 89.7
2025-05-25 08:05:33,609 [trainer.py] => Average Accuracy (NME): 91.79
2025-05-25 08:05:33,622 [trainer.py] => All params: 1545624672
2025-05-25 08:05:33,633 [trainer.py] => Trainable params: 87047520
2025-05-25 08:05:39,008 [der.py] => Learning on 90-95
2025-05-25 08:05:39,031 [der.py] => All params: 1631565413
2025-05-25 08:05:39,042 [der.py] => Trainable params: 87189605

  0%|          | 0/20 [00:00<?, ?it/s]
Task 18, Epoch 1/20 => Loss 1.451, Loss_clf 1.025, Loss_aux 0.425, Train_accy 84.75, Test_accy 78.53:   0%|          | 0/20 [12:18<?, ?it/s]
Task 18, Epoch 1/20 => Loss 1.451, Loss_clf 1.025, Loss_aux 0.425, Train_accy 84.75, Test_accy 78.53:   5%|▌         | 1/20 [12:18<3:53:50, 738.47s/it]
Task 18, Epoch 2/20 => Loss 0.484, Loss_clf 0.299, Loss_aux 0.185, Train_accy 91.92:   5%|▌         | 1/20 [16:30<3:53:50, 738.47s/it]                 
Task 18, Epoch 2/20 => Loss 0.484, Loss_clf 0.299, Loss_aux 0.185, Train_accy 91.92:  10%|█         | 2/20 [16:30<2:15:40, 452.25s/it]
Task 18, Epoch 3/20 => Loss 0.464, Loss_clf 0.283, Loss_aux 0.181, Train_accy 92.30:  10%|█         | 2/20 [20:38<2:15:40, 452.25s/it]
Task 18, Epoch 3/20 => Loss 0.464, Loss_clf 0.283, Loss_aux 0.181, Train_accy 92.30:  15%|█▌        | 3/20 [20:38<1:41:41, 358.92s/it]
Task 18, Epoch 4/20 => Loss 0.423, Loss_clf 0.276, Loss_aux 0.147, Train_accy 92.48:  15%|█▌        | 3/20 [24:45<1:41:41, 358.92s/it]
Task 18, Epoch 4/20 => Loss 0.423, Loss_clf 0.276, Loss_aux 0.147, Train_accy 92.48:  20%|██        | 4/20 [24:45<1:23:56, 314.76s/it]
Task 18, Epoch 5/20 => Loss 0.407, Loss_clf 0.258, Loss_aux 0.149, Train_accy 92.59:  20%|██        | 4/20 [28:52<1:23:56, 314.76s/it]
Task 18, Epoch 5/20 => Loss 0.407, Loss_clf 0.258, Loss_aux 0.149, Train_accy 92.59:  25%|██▌       | 5/20 [28:52<1:12:37, 290.51s/it]
Task 18, Epoch 6/20 => Loss 0.389, Loss_clf 0.248, Loss_aux 0.141, Train_accy 92.95, Test_accy 77.78:  25%|██▌       | 5/20 [40:55<1:12:37, 290.51s/it]
Task 18, Epoch 6/20 => Loss 0.389, Loss_clf 0.248, Loss_aux 0.141, Train_accy 92.95, Test_accy 77.78:  30%|███       | 6/20 [40:55<1:42:03, 437.39s/it]
Task 18, Epoch 7/20 => Loss 0.385, Loss_clf 0.247, Loss_aux 0.139, Train_accy 93.10:  30%|███       | 6/20 [45:02<1:42:03, 437.39s/it]                 
Task 18, Epoch 7/20 => Loss 0.385, Loss_clf 0.247, Loss_aux 0.139, Train_accy 93.10:  35%|███▌      | 7/20 [45:02<1:21:16, 375.14s/it]
Task 18, Epoch 8/20 => Loss 0.370, Loss_clf 0.231, Loss_aux 0.139, Train_accy 94.06:  35%|███▌      | 7/20 [49:09<1:21:16, 375.14s/it]
Task 18, Epoch 8/20 => Loss 0.370, Loss_clf 0.231, Loss_aux 0.139, Train_accy 94.06:  40%|████      | 8/20 [49:09<1:06:52, 334.33s/it]
Task 18, Epoch 9/20 => Loss 0.377, Loss_clf 0.248, Loss_aux 0.129, Train_accy 93.55:  40%|████      | 8/20 [53:16<1:06:52, 334.33s/it]
Task 18, Epoch 9/20 => Loss 0.377, Loss_clf 0.248, Loss_aux 0.129, Train_accy 93.55:  45%|████▌     | 9/20 [53:16<56:18, 307.16s/it]  
Task 18, Epoch 10/20 => Loss 0.355, Loss_clf 0.228, Loss_aux 0.127, Train_accy 93.62:  45%|████▌     | 9/20 [57:22<56:18, 307.16s/it]
Task 18, Epoch 10/20 => Loss 0.355, Loss_clf 0.228, Loss_aux 0.127, Train_accy 93.62:  50%|█████     | 10/20 [57:22<48:03, 288.34s/it]
Task 18, Epoch 11/20 => Loss 0.349, Loss_clf 0.226, Loss_aux 0.123, Train_accy 93.93, Test_accy 79.15:  50%|█████     | 10/20 [1:09:27<48:03, 288.34s/it]
Task 18, Epoch 11/20 => Loss 0.349, Loss_clf 0.226, Loss_aux 0.123, Train_accy 93.93, Test_accy 79.15:  55%|█████▌    | 11/20 [1:09:27<1:03:16, 421.82s/it]
Task 18, Epoch 12/20 => Loss 0.328, Loss_clf 0.213, Loss_aux 0.115, Train_accy 94.04:  55%|█████▌    | 11/20 [1:13:33<1:03:16, 421.82s/it]                 
Task 18, Epoch 12/20 => Loss 0.328, Loss_clf 0.213, Loss_aux 0.115, Train_accy 94.04:  60%|██████    | 12/20 [1:13:33<49:08, 368.50s/it]  
Task 18, Epoch 13/20 => Loss 0.326, Loss_clf 0.205, Loss_aux 0.121, Train_accy 94.31:  60%|██████    | 12/20 [1:17:40<49:08, 368.50s/it]
Task 18, Epoch 13/20 => Loss 0.326, Loss_clf 0.205, Loss_aux 0.121, Train_accy 94.31:  65%|██████▌   | 13/20 [1:17:40<38:40, 331.51s/it]
Task 18, Epoch 14/20 => Loss 0.302, Loss_clf 0.198, Loss_aux 0.103, Train_accy 94.46:  65%|██████▌   | 13/20 [1:21:47<38:40, 331.51s/it]
Task 18, Epoch 14/20 => Loss 0.302, Loss_clf 0.198, Loss_aux 0.103, Train_accy 94.46:  70%|███████   | 14/20 [1:21:47<30:36, 306.00s/it]
Task 18, Epoch 15/20 => Loss 0.339, Loss_clf 0.222, Loss_aux 0.117, Train_accy 93.68:  70%|███████   | 14/20 [1:25:54<30:36, 306.00s/it]
Task 18, Epoch 15/20 => Loss 0.339, Loss_clf 0.222, Loss_aux 0.117, Train_accy 93.68:  75%|███████▌  | 15/20 [1:25:54<24:00, 288.14s/it]
Task 18, Epoch 16/20 => Loss 0.348, Loss_clf 0.218, Loss_aux 0.131, Train_accy 94.13, Test_accy 77.58:  75%|███████▌  | 15/20 [1:37:57<24:00, 288.14s/it]
Task 18, Epoch 16/20 => Loss 0.348, Loss_clf 0.218, Loss_aux 0.131, Train_accy 94.13, Test_accy 77.58:  80%|████████  | 16/20 [1:37:57<27:56, 419.15s/it]
Task 18, Epoch 17/20 => Loss 0.339, Loss_clf 0.225, Loss_aux 0.114, Train_accy 93.75:  80%|████████  | 16/20 [1:42:04<27:56, 419.15s/it]                 
Task 18, Epoch 17/20 => Loss 0.339, Loss_clf 0.225, Loss_aux 0.114, Train_accy 93.75:  85%|████████▌ | 17/20 [1:42:04<18:22, 367.43s/it]
Task 18, Epoch 18/20 => Loss 0.313, Loss_clf 0.208, Loss_aux 0.105, Train_accy 94.31:  85%|████████▌ | 17/20 [1:46:11<18:22, 367.43s/it]
Task 18, Epoch 18/20 => Loss 0.313, Loss_clf 0.208, Loss_aux 0.105, Train_accy 94.31:  90%|█████████ | 18/20 [1:46:11<11:02, 331.29s/it]
Task 18, Epoch 19/20 => Loss 0.319, Loss_clf 0.203, Loss_aux 0.115, Train_accy 94.62:  90%|█████████ | 18/20 [1:50:18<11:02, 331.29s/it]
Task 18, Epoch 19/20 => Loss 0.319, Loss_clf 0.203, Loss_aux 0.115, Train_accy 94.62:  95%|█████████▌| 19/20 [1:50:18<05:06, 306.01s/it]
Task 18, Epoch 20/20 => Loss 0.336, Loss_clf 0.216, Loss_aux 0.119, Train_accy 93.97:  95%|█████████▌| 19/20 [1:54:26<05:06, 306.01s/it]
Task 18, Epoch 20/20 => Loss 0.336, Loss_clf 0.216, Loss_aux 0.119, Train_accy 93.97: 100%|██████████| 20/20 [1:54:26<00:00, 288.41s/it]
Task 18, Epoch 20/20 => Loss 0.336, Loss_clf 0.216, Loss_aux 0.119, Train_accy 93.97: 100%|██████████| 20/20 [1:54:26<00:00, 343.31s/it]
2025-05-25 10:00:05,525 [der.py] => Task 18, Epoch 20/20 => Loss 0.336, Loss_clf 0.216, Loss_aux 0.119, Train_accy 93.97
2025-05-25 10:00:05,551 [base.py] => Reducing exemplars...(21 per classes)
2025-05-25 10:02:32,576 [base.py] => Constructing exemplars...(21 per classes)
Time for task 18: 7159.483186006546
2025-05-25 10:20:56,653 [der.py] => Exemplar size: 1995
2025-05-25 10:20:56,687 [trainer.py] => CNN: {'total': 79.47, '00-04': 78.2, '05-09': 60.4, '10-14': 63.4, '15-19': 78.6, '20-24': 85.0, '25-29': 79.0, '30-34': 80.8, '35-39': 75.8, '40-44': 76.4, '45-49': 70.2, '50-54': 73.4, '55-59': 67.8, '60-64': 74.2, '65-69': 93.0, '70-74': 87.2, '75-79': 84.6, '80-84': 93.2, '85-89': 90.0, '90-94': 98.8, 'old': 78.4, 'new': 98.8}
2025-05-25 10:20:56,687 [trainer.py] => NME: {'total': 82.68, '00-04': 86.6, '05-09': 74.4, '10-14': 70.6, '15-19': 81.8, '20-24': 92.6, '25-29': 85.6, '30-34': 87.0, '35-39': 81.4, '40-44': 83.8, '45-49': 77.4, '50-54': 75.4, '55-59': 70.6, '60-64': 74.2, '65-69': 95.4, '70-74': 85.8, '75-79': 81.8, '80-84': 91.4, '85-89': 84.8, '90-94': 90.4, 'old': 82.26, 'new': 90.4}
2025-05-25 10:20:56,687 [trainer.py] => CNN top1 curve: [99.2, 97.8, 97.53, 96.05, 95.76, 93.8, 92.83, 91.85, 91.2, 88.72, 87.69, 88.18, 86.26, 85.71, 83.12, 80.92, 79.79, 78.27, 79.47]
2025-05-25 10:20:56,688 [trainer.py] => CNN top5 curve: [100.0, 100.0, 100.0, 99.5, 99.44, 99.13, 99.2, 98.82, 98.62, 98.5, 98.13, 97.75, 97.63, 97.26, 96.47, 96.49, 96.06, 95.13, 94.56]
2025-05-25 10:20:56,688 [trainer.py] => NME top1 curve: [99.6, 97.7, 97.2, 95.85, 95.84, 95.23, 93.94, 93.25, 92.31, 91.54, 90.35, 89.9, 89.23, 89.06, 87.51, 85.88, 84.59, 83.29, 82.68]
2025-05-25 10:20:56,688 [trainer.py] => NME top5 curve: [100.0, 100.0, 99.73, 99.65, 99.64, 99.57, 99.54, 99.4, 99.27, 99.28, 99.15, 98.93, 98.78, 98.66, 98.39, 98.19, 98.15, 97.4, 97.14]

Average Accuracy (CNN): 89.17
Average Accuracy (NME): 91.31
2025-05-25 10:20:56,688 [trainer.py] => Average Accuracy (CNN): 89.17
2025-05-25 10:20:56,688 [trainer.py] => Average Accuracy (NME): 91.31
2025-05-25 10:20:56,702 [trainer.py] => All params: 1631565413
2025-05-25 10:20:56,716 [trainer.py] => Trainable params: 87189605
2025-05-25 10:21:02,934 [der.py] => Learning on 95-100
2025-05-25 10:21:02,955 [der.py] => All params: 1717513834
2025-05-25 10:21:02,966 [der.py] => Trainable params: 87339370

  0%|          | 0/20 [00:00<?, ?it/s]
Task 19, Epoch 1/20 => Loss 1.611, Loss_clf 1.147, Loss_aux 0.464, Train_accy 83.03, Test_accy 75.66:   0%|          | 0/20 [13:14<?, ?it/s]
Task 19, Epoch 1/20 => Loss 1.611, Loss_clf 1.147, Loss_aux 0.464, Train_accy 83.03, Test_accy 75.66:   5%|▌         | 1/20 [13:14<4:11:41, 794.83s/it]
Task 19, Epoch 2/20 => Loss 0.641, Loss_clf 0.394, Loss_aux 0.247, Train_accy 89.05:   5%|▌         | 1/20 [17:35<4:11:41, 794.83s/it]                 
Task 19, Epoch 2/20 => Loss 0.641, Loss_clf 0.394, Loss_aux 0.247, Train_accy 89.05:  10%|█         | 2/20 [17:35<2:24:11, 480.62s/it]
Task 19, Epoch 3/20 => Loss 0.538, Loss_clf 0.349, Loss_aux 0.189, Train_accy 90.34:  10%|█         | 2/20 [21:53<2:24:11, 480.62s/it]
Task 19, Epoch 3/20 => Loss 0.538, Loss_clf 0.349, Loss_aux 0.189, Train_accy 90.34:  15%|█▌        | 3/20 [21:53<1:47:24, 379.07s/it]
Task 19, Epoch 4/20 => Loss 0.513, Loss_clf 0.321, Loss_aux 0.192, Train_accy 91.86:  15%|█▌        | 3/20 [26:14<1:47:24, 379.07s/it]
Task 19, Epoch 4/20 => Loss 0.513, Loss_clf 0.321, Loss_aux 0.192, Train_accy 91.86:  20%|██        | 4/20 [26:14<1:28:40, 332.52s/it]
Task 19, Epoch 5/20 => Loss 0.447, Loss_clf 0.275, Loss_aux 0.172, Train_accy 92.46:  20%|██        | 4/20 [30:35<1:28:40, 332.52s/it]
Task 19, Epoch 5/20 => Loss 0.447, Loss_clf 0.275, Loss_aux 0.172, Train_accy 92.46:  25%|██▌       | 5/20 [30:35<1:16:37, 306.48s/it]
Task 19, Epoch 6/20 => Loss 0.440, Loss_clf 0.270, Loss_aux 0.170, Train_accy 92.68, Test_accy 75.46:  25%|██▌       | 5/20 [43:44<1:16:37, 306.48s/it]
Task 19, Epoch 6/20 => Loss 0.440, Loss_clf 0.270, Loss_aux 0.170, Train_accy 92.68, Test_accy 75.46:  30%|███       | 6/20 [43:44<1:49:50, 470.74s/it]
Task 19, Epoch 7/20 => Loss 0.443, Loss_clf 0.266, Loss_aux 0.177, Train_accy 92.53:  30%|███       | 6/20 [48:06<1:49:50, 470.74s/it]                 
Task 19, Epoch 7/20 => Loss 0.443, Loss_clf 0.266, Loss_aux 0.177, Train_accy 92.53:  35%|███▌      | 7/20 [48:06<1:27:11, 402.39s/it]
Task 19, Epoch 8/20 => Loss 0.442, Loss_clf 0.280, Loss_aux 0.162, Train_accy 92.39:  35%|███▌      | 7/20 [52:21<1:27:11, 402.39s/it]
Task 19, Epoch 8/20 => Loss 0.442, Loss_clf 0.280, Loss_aux 0.162, Train_accy 92.39:  40%|████      | 8/20 [52:21<1:11:06, 355.51s/it]
Task 19, Epoch 9/20 => Loss 0.414, Loss_clf 0.258, Loss_aux 0.156, Train_accy 92.61:  40%|████      | 8/20 [56:42<1:11:06, 355.51s/it]
Task 19, Epoch 9/20 => Loss 0.414, Loss_clf 0.258, Loss_aux 0.156, Train_accy 92.61:  45%|████▌     | 9/20 [56:42<59:46, 326.04s/it]  
Task 19, Epoch 10/20 => Loss 0.404, Loss_clf 0.255, Loss_aux 0.149, Train_accy 92.88:  45%|████▌     | 9/20 [1:01:03<59:46, 326.04s/it]
Task 19, Epoch 10/20 => Loss 0.404, Loss_clf 0.255, Loss_aux 0.149, Train_accy 92.88:  50%|█████     | 10/20 [1:01:03<50:58, 305.83s/it]
Task 19, Epoch 11/20 => Loss 0.385, Loss_clf 0.245, Loss_aux 0.141, Train_accy 93.37, Test_accy 77.07:  50%|█████     | 10/20 [1:14:16<50:58, 305.83s/it]
Task 19, Epoch 11/20 => Loss 0.385, Loss_clf 0.245, Loss_aux 0.141, Train_accy 93.37, Test_accy 77.07:  55%|█████▌    | 11/20 [1:14:16<1:08:15, 455.07s/it]
Task 19, Epoch 12/20 => Loss 0.364, Loss_clf 0.220, Loss_aux 0.144, Train_accy 93.90:  55%|█████▌    | 11/20 [1:18:37<1:08:15, 455.07s/it]                 
Task 19, Epoch 12/20 => Loss 0.364, Loss_clf 0.220, Loss_aux 0.144, Train_accy 93.90:  60%|██████    | 12/20 [1:18:37<52:48, 396.07s/it]  
Task 19, Epoch 13/20 => Loss 0.416, Loss_clf 0.254, Loss_aux 0.162, Train_accy 92.77:  60%|██████    | 12/20 [1:22:58<52:48, 396.07s/it]
Task 19, Epoch 13/20 => Loss 0.416, Loss_clf 0.254, Loss_aux 0.162, Train_accy 92.77:  65%|██████▌   | 13/20 [1:22:58<41:25, 355.09s/it]
Task 19, Epoch 14/20 => Loss 0.359, Loss_clf 0.234, Loss_aux 0.125, Train_accy 93.39:  65%|██████▌   | 13/20 [1:27:13<41:25, 355.09s/it]
Task 19, Epoch 14/20 => Loss 0.359, Loss_clf 0.234, Loss_aux 0.125, Train_accy 93.39:  70%|███████   | 14/20 [1:27:13<32:29, 324.92s/it]
Task 19, Epoch 15/20 => Loss 0.356, Loss_clf 0.223, Loss_aux 0.133, Train_accy 93.77:  70%|███████   | 14/20 [1:31:35<32:29, 324.92s/it]
Task 19, Epoch 15/20 => Loss 0.356, Loss_clf 0.223, Loss_aux 0.133, Train_accy 93.77:  75%|███████▌  | 15/20 [1:31:35<25:29, 305.86s/it]
Task 19, Epoch 16/20 => Loss 0.394, Loss_clf 0.243, Loss_aux 0.150, Train_accy 93.50, Test_accy 76.10:  75%|███████▌  | 15/20 [1:44:43<25:29, 305.86s/it]
Task 19, Epoch 16/20 => Loss 0.394, Loss_clf 0.243, Loss_aux 0.150, Train_accy 93.50, Test_accy 76.10:  80%|████████  | 16/20 [1:44:43<30:03, 450.91s/it]
Task 19, Epoch 17/20 => Loss 0.360, Loss_clf 0.223, Loss_aux 0.136, Train_accy 93.88:  80%|████████  | 16/20 [1:49:05<30:03, 450.91s/it]                 
Task 19, Epoch 17/20 => Loss 0.360, Loss_clf 0.223, Loss_aux 0.136, Train_accy 93.88:  85%|████████▌ | 17/20 [1:49:05<19:42, 394.07s/it]
Task 19, Epoch 18/20 => Loss 0.331, Loss_clf 0.201, Loss_aux 0.130, Train_accy 94.33:  85%|████████▌ | 17/20 [1:53:26<19:42, 394.07s/it]
Task 19, Epoch 18/20 => Loss 0.331, Loss_clf 0.201, Loss_aux 0.130, Train_accy 94.33:  90%|█████████ | 18/20 [1:53:26<11:48, 354.12s/it]
Task 19, Epoch 19/20 => Loss 0.328, Loss_clf 0.198, Loss_aux 0.129, Train_accy 94.46:  90%|█████████ | 18/20 [1:57:41<11:48, 354.12s/it]
Task 19, Epoch 19/20 => Loss 0.328, Loss_clf 0.198, Loss_aux 0.129, Train_accy 94.46:  95%|█████████▌| 19/20 [1:57:41<05:24, 324.41s/it]
Task 19, Epoch 20/20 => Loss 0.354, Loss_clf 0.216, Loss_aux 0.138, Train_accy 93.77:  95%|█████████▌| 19/20 [2:02:02<05:24, 324.41s/it]
Task 19, Epoch 20/20 => Loss 0.354, Loss_clf 0.216, Loss_aux 0.138, Train_accy 93.77: 100%|██████████| 20/20 [2:02:02<00:00, 305.44s/it]
Task 19, Epoch 20/20 => Loss 0.354, Loss_clf 0.216, Loss_aux 0.138, Train_accy 93.77: 100%|██████████| 20/20 [2:02:02<00:00, 366.14s/it]
2025-05-25 12:23:05,989 [der.py] => Task 19, Epoch 20/20 => Loss 0.354, Loss_clf 0.216, Loss_aux 0.138, Train_accy 93.77
2025-05-25 12:23:06,005 [base.py] => Reducing exemplars...(20 per classes)
2025-05-25 12:25:45,417 [base.py] => Constructing exemplars...(20 per classes)
Time for task 19: 7636.770189523697
2025-05-25 12:46:01,602 [der.py] => Exemplar size: 2000
2025-05-25 12:46:01,644 [trainer.py] => CNN: {'total': 77.33, '00-04': 73.0, '05-09': 64.4, '10-14': 60.4, '15-19': 75.0, '20-24': 80.8, '25-29': 77.2, '30-34': 81.0, '35-39': 69.0, '40-44': 76.8, '45-49': 64.8, '50-54': 66.6, '55-59': 68.4, '60-64': 74.2, '65-69': 87.0, '70-74': 81.8, '75-79': 82.4, '80-84': 93.6, '85-89': 84.4, '90-94': 88.8, '95-99': 97.0, 'old': 76.29, 'new': 97.0}
2025-05-25 12:46:01,644 [trainer.py] => NME: {'total': 82.13, '00-04': 86.0, '05-09': 73.4, '10-14': 70.4, '15-19': 81.2, '20-24': 92.0, '25-29': 84.8, '30-34': 86.2, '35-39': 80.2, '40-44': 83.2, '45-49': 76.4, '50-54': 73.0, '55-59': 70.4, '60-64': 73.8, '65-69': 95.0, '70-74': 83.8, '75-79': 79.8, '80-84': 92.2, '85-89': 83.6, '90-94': 90.0, '95-99': 87.2, 'old': 81.86, 'new': 87.2}
2025-05-25 12:46:01,644 [trainer.py] => CNN top1 curve: [99.2, 97.8, 97.53, 96.05, 95.76, 93.8, 92.83, 91.85, 91.2, 88.72, 87.69, 88.18, 86.26, 85.71, 83.12, 80.92, 79.79, 78.27, 79.47, 77.33]
2025-05-25 12:46:01,645 [trainer.py] => CNN top5 curve: [100.0, 100.0, 100.0, 99.5, 99.44, 99.13, 99.2, 98.82, 98.62, 98.5, 98.13, 97.75, 97.63, 97.26, 96.47, 96.49, 96.06, 95.13, 94.56, 93.9]
2025-05-25 12:46:01,645 [trainer.py] => NME top1 curve: [99.6, 97.7, 97.2, 95.85, 95.84, 95.23, 93.94, 93.25, 92.31, 91.54, 90.35, 89.9, 89.23, 89.06, 87.51, 85.88, 84.59, 83.29, 82.68, 82.13]
2025-05-25 12:46:01,645 [trainer.py] => NME top5 curve: [100.0, 100.0, 99.73, 99.65, 99.64, 99.57, 99.54, 99.4, 99.27, 99.28, 99.15, 98.93, 98.78, 98.66, 98.39, 98.19, 98.15, 97.4, 97.14, 96.79]

Average Accuracy (CNN): 88.57
Average Accuracy (NME): 90.85
2025-05-25 12:46:01,645 [trainer.py] => Average Accuracy (CNN): 88.57
2025-05-25 12:46:01,645 [trainer.py] => Average Accuracy (NME): 90.85
Finished cifar224_init5_inc5: vit_base_patch16_224_in21k  
----------------------------------------------------------------------------------------------------
Accuracy Matrix (CNN):
[[99.2 98.6 98.4 97.6 97.  97.4 95.8 93.8 94.4 91.2 83.4 88.8 88.  82.4
  77.2 79.6 83.8 81.  78.2 73. ]
 [ 0.  97.  96.  93.4 92.4 86.  82.4 84.6 83.8 78.2 79.8 77.2 79.6 76.2
  76.  74.2 69.6 57.4 60.4 64.4]
 [ 0.   0.  98.2 96.4 94.2 91.  92.  88.4 81.2 77.2 76.4 76.  77.2 73.6
  75.8 74.2 64.6 61.2 63.4 60.4]
 [ 0.   0.   0.  96.8 96.  92.  90.8 87.6 87.8 84.8 87.4 83.6 80.8 76.4
  76.4 81.4 77.2 74.  78.6 75. ]
 [ 0.   0.   0.   0.  99.2 97.2 96.2 96.  92.6 94.8 94.  93.6 94.4 92.2
  92.2 93.  84.  87.4 85.  80.8]
 [ 0.   0.   0.   0.   0.  99.2 97.  92.4 95.4 90.6 87.4 85.4 86.  84.6
  85.8 83.6 79.  76.8 79.  77.2]
 [ 0.   0.   0.   0.   0.   0.  95.6 93.8 91.6 90.8 88.8 90.6 88.4 89.
  85.  84.8 83.  84.6 80.8 81. ]
 [ 0.   0.   0.   0.   0.   0.   0.  98.2 96.4 86.  87.4 89.2 82.8 85.4
  77.8 76.8 76.2 76.8 75.8 69. ]
 [ 0.   0.   0.   0.   0.   0.   0.   0.  97.6 94.8 89.6 89.8 90.4 88.6
  85.8 85.2 82.  80.4 76.4 76.8]
 [ 0.   0.   0.   0.   0.   0.   0.   0.   0.  98.8 92.  91.2 82.6 89.8
  88.  68.8 63.6 66.6 70.2 64.8]
 [ 0.   0.   0.   0.   0.   0.   0.   0.   0.   0.  98.4 97.  97.8 95.8
  94.4 65.  76.4 77.  73.4 66.6]
 [ 0.   0.   0.   0.   0.   0.   0.   0.   0.   0.   0.  95.8 75.  77.8
  65.2 65.2 69.  61.2 67.8 68.4]
 [ 0.   0.   0.   0.   0.   0.   0.   0.   0.   0.   0.   0.  98.4 89.
  72.8 79.6 71.  72.8 74.2 74.2]
 [ 0.   0.   0.   0.   0.   0.   0.   0.   0.   0.   0.   0.   0.  99.2
  95.4 95.4 94.2 93.2 93.  87. ]
 [ 0.   0.   0.   0.   0.   0.   0.   0.   0.   0.   0.   0.   0.   0.
  99.  90.  88.6 88.  87.2 81.8]
 [ 0.   0.   0.   0.   0.   0.   0.   0.   0.   0.   0.   0.   0.   0.
   0.  98.  95.6 80.2 84.6 82.4]
 [ 0.   0.   0.   0.   0.   0.   0.   0.   0.   0.   0.   0.   0.   0.
   0.   0.  98.6 94.2 93.2 93.6]
 [ 0.   0.   0.   0.   0.   0.   0.   0.   0.   0.   0.   0.   0.   0.
   0.   0.   0.  96.  90.  84.4]
 [ 0.   0.   0.   0.   0.   0.   0.   0.   0.   0.   0.   0.   0.   0.
   0.   0.   0.   0.  98.8 88.8]
 [ 0.   0.   0.   0.   0.   0.   0.   0.   0.   0.   0.   0.   0.   0.
   0.   0.   0.   0.   0.  97. ]]
2025-05-25 12:46:01,648 [trainer.py] => Forgetting (CNN): 21.705263157894734
Accuracy Matrix (NME):
[[99.6 99.  99.8 99.2 98.8 98.8 98.6 97.8 97.2 96.8 95.  93.8 93.6 91.8
  90.2 89.2 88.4 88.  86.6 86. ]
 [ 0.  96.4 96.2 94.  93.8 90.6 89.  88.2 87.8 86.8 85.6 85.4 85.2 84.4
  83.8 81.4 79.  75.4 74.4 73.4]
 [ 0.   0.  95.6 97.4 95.  94.  93.2 92.6 89.4 87.  85.8 84.6 82.6 81.2
  79.2 78.6 75.2 71.2 70.6 70.4]
 [ 0.   0.   0.  92.8 94.2 93.2 92.4 91.  90.4 90.2 89.8 87.6 86.8 86.4
  85.4 85.  83.8 82.2 81.8 81.2]
 [ 0.   0.   0.   0.  97.4 98.2 97.6 97.6 97.  97.2 97.2 97.  97.2 96.8
  95.6 95.8 95.  94.2 92.6 92. ]
 [ 0.   0.   0.   0.   0.  96.6 97.2 95.6 95.2 93.4 92.6 91.  91.  90.8
  90.2 90.2 87.  86.2 85.6 84.8]
 [ 0.   0.   0.   0.   0.   0.  89.6 91.2 90.4 90.4 90.4 89.8 90.  89.6
  90.2 89.4 88.2 87.8 87.  86.2]
 [ 0.   0.   0.   0.   0.   0.   0.  92.  94.6 88.8 87.2 88.  87.6 87.2
  84.8 83.4 82.4 82.4 81.4 80.2]
 [ 0.   0.   0.   0.   0.   0.   0.   0.  88.8 91.  90.  90.4 90.8 90.6
  89.  88.6 86.8 85.4 83.8 83.2]
 [ 0.   0.   0.   0.   0.   0.   0.   0.   0.  93.8 93.  92.8 92.4 92.8
  92.2 86.2 78.6 77.8 77.4 76.4]
 [ 0.   0.   0.   0.   0.   0.   0.   0.   0.   0.  87.2 89.8 91.8 91.4
  91.6 80.6 78.6 76.8 75.4 73. ]
 [ 0.   0.   0.   0.   0.   0.   0.   0.   0.   0.   0.  88.6 79.4 79.
  76.2 75.8 74.2 71.6 70.6 70.4]
 [ 0.   0.   0.   0.   0.   0.   0.   0.   0.   0.   0.   0.  91.6 90.2
  78.6 77.8 75.6 75.4 74.2 73.8]
 [ 0.   0.   0.   0.   0.   0.   0.   0.   0.   0.   0.   0.   0.  94.6
  95.  95.8 96.  96.  95.4 95. ]
 [ 0.   0.   0.   0.   0.   0.   0.   0.   0.   0.   0.   0.   0.   0.
  90.6 87.8 87.8 87.2 85.8 83.8]
 [ 0.   0.   0.   0.   0.   0.   0.   0.   0.   0.   0.   0.   0.   0.
   0.  88.4 90.8 87.4 81.8 79.8]
 [ 0.   0.   0.   0.   0.   0.   0.   0.   0.   0.   0.   0.   0.   0.
   0.   0.  90.6 90.6 91.4 92.2]
 [ 0.   0.   0.   0.   0.   0.   0.   0.   0.   0.   0.   0.   0.   0.
   0.   0.   0.  83.6 84.8 83.6]
 [ 0.   0.   0.   0.   0.   0.   0.   0.   0.   0.   0.   0.   0.   0.
   0.   0.   0.   0.  90.4 90. ]
 [ 0.   0.   0.   0.   0.   0.   0.   0.   0.   0.   0.   0.   0.   0.
   0.   0.   0.   0.   0.  87.2]]
2025-05-25 12:46:01,651 [trainer.py] => Forgetting (NME): 11.326315789473682
2025-05-25 12:47:10,603 [trainer.py] => config: ./scripts/der/der_cifar_B0_Inc10.json
2025-05-25 12:47:10,629 [trainer.py] => prefix: reproduce
2025-05-25 12:47:10,629 [trainer.py] => dataset: cifar224
2025-05-25 12:47:10,629 [trainer.py] => memory_size: 2000
2025-05-25 12:47:10,630 [trainer.py] => memory_per_class: 20
2025-05-25 12:47:10,630 [trainer.py] => fixed_memory: False
2025-05-25 12:47:10,630 [trainer.py] => shuffle: True
2025-05-25 12:47:10,630 [trainer.py] => init_cls: 10
2025-05-25 12:47:10,631 [trainer.py] => increment: 10
2025-05-25 12:47:10,631 [trainer.py] => model_name: der
2025-05-25 12:47:10,631 [trainer.py] => backbone_type: vit_base_patch16_224_in21k
2025-05-25 12:47:10,631 [trainer.py] => device: [device(type='cuda', index=1)]
2025-05-25 12:47:10,631 [trainer.py] => seed: 1993
2025-05-25 12:47:10,632 [trainer.py] => init_epoch: 20
2025-05-25 12:47:10,632 [trainer.py] => init_lr: 0.001
2025-05-25 12:47:10,632 [trainer.py] => init_milestones: [60, 120, 170]
2025-05-25 12:47:10,632 [trainer.py] => init_lr_decay: 0.1
2025-05-25 12:47:10,632 [trainer.py] => init_weight_decay: 0.0005
2025-05-25 12:47:10,633 [trainer.py] => epochs: 20
2025-05-25 12:47:10,633 [trainer.py] => lrate: 0.001
2025-05-25 12:47:10,633 [trainer.py] => milestones: [80, 120, 150]
2025-05-25 12:47:10,633 [trainer.py] => lrate_decay: 0.1
2025-05-25 12:47:10,633 [trainer.py] => batch_size: 48
2025-05-25 12:47:10,634 [trainer.py] => weight_decay: 0.0002
2025-05-25 12:47:10,634 [trainer.py] => T: 2
Files already downloaded and verified
Files already downloaded and verified
2025-05-25 12:47:13,931 [data_manager.py] => [68, 56, 78, 8, 23, 84, 90, 65, 74, 76, 40, 89, 3, 92, 55, 9, 26, 80, 43, 38, 58, 70, 77, 1, 85, 19, 17, 50, 28, 53, 13, 81, 45, 82, 6, 59, 83, 16, 15, 44, 91, 41, 72, 60, 79, 52, 20, 10, 31, 54, 37, 95, 14, 71, 96, 98, 97, 2, 64, 66, 42, 22, 35, 86, 24, 34, 87, 21, 99, 0, 88, 27, 18, 94, 11, 12, 47, 25, 30, 46, 62, 69, 36, 61, 7, 63, 75, 5, 32, 4, 51, 48, 73, 93, 39, 67, 29, 49, 57, 33]
2025-05-25 12:47:18,669 [trainer.py] => All params: 0
2025-05-25 12:47:18,670 [trainer.py] => Trainable params: 0
2025-05-25 12:47:29,608 [der.py] => Learning on 0-10
2025-05-25 12:47:29,609 [der.py] => All params: 85814805
2025-05-25 12:47:29,609 [der.py] => Trainable params: 85814805

  0%|          | 0/20 [00:00<?, ?it/s]
Task 0, Epoch 1/20 => Loss 2.088, Train_accy 26.92, Test_accy 91.30:   0%|          | 0/20 [01:22<?, ?it/s]
Task 0, Epoch 1/20 => Loss 2.088, Train_accy 26.92, Test_accy 91.30:   5%|▌         | 1/20 [01:22<25:58, 82.03s/it]
Task 0, Epoch 2/20 => Loss 0.569, Train_accy 81.38:   5%|▌         | 1/20 [02:06<25:58, 82.03s/it]                 
Task 0, Epoch 2/20 => Loss 0.569, Train_accy 81.38:  10%|█         | 2/20 [02:06<17:58, 59.91s/it]
Task 0, Epoch 3/20 => Loss 0.405, Train_accy 87.46:  10%|█         | 2/20 [02:48<17:58, 59.91s/it]
Task 0, Epoch 3/20 => Loss 0.405, Train_accy 87.46:  15%|█▌        | 3/20 [02:48<14:40, 51.81s/it]
Task 0, Epoch 4/20 => Loss 0.340, Train_accy 89.36:  15%|█▌        | 3/20 [03:24<14:40, 51.81s/it]
Task 0, Epoch 4/20 => Loss 0.340, Train_accy 89.36:  20%|██        | 4/20 [03:24<12:06, 45.40s/it]
Task 0, Epoch 5/20 => Loss 0.275, Train_accy 90.96:  20%|██        | 4/20 [04:06<12:06, 45.40s/it]
Task 0, Epoch 5/20 => Loss 0.275, Train_accy 90.96:  25%|██▌       | 5/20 [04:06<11:03, 44.25s/it]
Task 0, Epoch 6/20 => Loss 0.286, Train_accy 90.88, Test_accy 98.20:  25%|██▌       | 5/20 [04:45<11:03, 44.25s/it]
Task 0, Epoch 6/20 => Loss 0.286, Train_accy 90.88, Test_accy 98.20:  30%|███       | 6/20 [04:45<09:56, 42.62s/it]
Task 0, Epoch 7/20 => Loss 0.258, Train_accy 91.64:  30%|███       | 6/20 [05:22<09:56, 42.62s/it]                 
Task 0, Epoch 7/20 => Loss 0.258, Train_accy 91.64:  35%|███▌      | 7/20 [05:22<08:48, 40.63s/it]
Task 0, Epoch 8/20 => Loss 0.258, Train_accy 91.56:  35%|███▌      | 7/20 [06:04<08:48, 40.63s/it]
Task 0, Epoch 8/20 => Loss 0.258, Train_accy 91.56:  40%|████      | 8/20 [06:04<08:13, 41.11s/it]
Task 0, Epoch 9/20 => Loss 0.233, Train_accy 92.66:  40%|████      | 8/20 [06:40<08:13, 41.11s/it]
Task 0, Epoch 9/20 => Loss 0.233, Train_accy 92.66:  45%|████▌     | 9/20 [06:40<07:14, 39.48s/it]
Task 0, Epoch 10/20 => Loss 0.233, Train_accy 92.24:  45%|████▌     | 9/20 [07:24<07:14, 39.48s/it]
Task 0, Epoch 10/20 => Loss 0.233, Train_accy 92.24:  50%|█████     | 10/20 [07:24<06:48, 40.84s/it]
Task 0, Epoch 11/20 => Loss 0.204, Train_accy 93.36, Test_accy 97.80:  50%|█████     | 10/20 [08:10<06:48, 40.84s/it]
Task 0, Epoch 11/20 => Loss 0.204, Train_accy 93.36, Test_accy 97.80:  55%|█████▌    | 11/20 [08:10<06:20, 42.33s/it]
Task 0, Epoch 12/20 => Loss 0.226, Train_accy 92.96:  55%|█████▌    | 11/20 [08:45<06:20, 42.33s/it]                 
Task 0, Epoch 12/20 => Loss 0.226, Train_accy 92.96:  60%|██████    | 12/20 [08:45<05:23, 40.38s/it]
Task 0, Epoch 13/20 => Loss 0.199, Train_accy 93.66:  60%|██████    | 12/20 [09:23<05:23, 40.38s/it]
Task 0, Epoch 13/20 => Loss 0.199, Train_accy 93.66:  65%|██████▌   | 13/20 [09:23<04:36, 39.50s/it]
Task 0, Epoch 14/20 => Loss 0.204, Train_accy 93.44:  65%|██████▌   | 13/20 [10:07<04:36, 39.50s/it]
Task 0, Epoch 14/20 => Loss 0.204, Train_accy 93.44:  70%|███████   | 14/20 [10:07<04:05, 40.88s/it]
Task 0, Epoch 15/20 => Loss 0.194, Train_accy 93.72:  70%|███████   | 14/20 [10:44<04:05, 40.88s/it]
Task 0, Epoch 15/20 => Loss 0.194, Train_accy 93.72:  75%|███████▌  | 15/20 [10:44<03:17, 39.60s/it]
Task 0, Epoch 16/20 => Loss 0.182, Train_accy 94.24, Test_accy 98.70:  75%|███████▌  | 15/20 [11:23<03:17, 39.60s/it]
Task 0, Epoch 16/20 => Loss 0.182, Train_accy 94.24, Test_accy 98.70:  80%|████████  | 16/20 [11:23<02:37, 39.49s/it]
Task 0, Epoch 17/20 => Loss 0.191, Train_accy 93.82:  80%|████████  | 16/20 [12:06<02:37, 39.49s/it]                 
Task 0, Epoch 17/20 => Loss 0.191, Train_accy 93.82:  85%|████████▌ | 17/20 [12:06<02:01, 40.44s/it]
Task 0, Epoch 18/20 => Loss 0.198, Train_accy 93.68:  85%|████████▌ | 17/20 [12:42<02:01, 40.44s/it]
Task 0, Epoch 18/20 => Loss 0.198, Train_accy 93.68:  90%|█████████ | 18/20 [12:42<01:18, 39.20s/it]
Task 0, Epoch 19/20 => Loss 0.185, Train_accy 94.34:  90%|█████████ | 18/20 [13:18<01:18, 39.20s/it]
Task 0, Epoch 19/20 => Loss 0.185, Train_accy 94.34:  95%|█████████▌| 19/20 [13:18<00:38, 38.41s/it]
Task 0, Epoch 20/20 => Loss 0.179, Train_accy 94.44:  95%|█████████▌| 19/20 [14:01<00:38, 38.41s/it]
Task 0, Epoch 20/20 => Loss 0.179, Train_accy 94.44: 100%|██████████| 20/20 [14:01<00:00, 39.57s/it]
Task 0, Epoch 20/20 => Loss 0.179, Train_accy 94.44: 100%|██████████| 20/20 [14:01<00:00, 42.06s/it]
2025-05-25 13:02:03,924 [der.py] => Task 0, Epoch 20/20 => Loss 0.179, Train_accy 94.44
2025-05-25 13:02:03,944 [base.py] => Reducing exemplars...(200 per classes)
2025-05-25 13:02:03,944 [base.py] => Constructing exemplars...(200 per classes)
Time for task 0: 911.7847244739532
2025-05-25 13:02:37,774 [der.py] => Exemplar size: 2000
2025-05-25 13:02:37,774 [trainer.py] => CNN: {'total': 98.2, '00-09': 98.2, 'old': 0, 'new': 98.2}
2025-05-25 13:02:37,774 [trainer.py] => NME: {'total': 98.4, '00-09': 98.4, 'old': 0, 'new': 98.4}
2025-05-25 13:02:37,774 [trainer.py] => CNN top1 curve: [98.2]
2025-05-25 13:02:37,774 [trainer.py] => CNN top5 curve: [100.0]
2025-05-25 13:02:37,774 [trainer.py] => NME top1 curve: [98.4]
2025-05-25 13:02:37,775 [trainer.py] => NME top5 curve: [100.0]

Average Accuracy (CNN): 98.2
Average Accuracy (NME): 98.4
2025-05-25 13:02:37,775 [trainer.py] => Average Accuracy (CNN): 98.2
2025-05-25 13:02:37,775 [trainer.py] => Average Accuracy (NME): 98.4
2025-05-25 13:02:37,776 [trainer.py] => All params: 85814805
2025-05-25 13:02:37,776 [trainer.py] => Trainable params: 85814805
2025-05-25 13:02:43,501 [der.py] => Learning on 10-20
2025-05-25 13:02:43,503 [der.py] => All params: 171636511
2025-05-25 13:02:43,504 [der.py] => Trainable params: 85837855

  0%|          | 0/20 [00:00<?, ?it/s]
Task 1, Epoch 1/20 => Loss 1.572, Loss_clf 0.800, Loss_aux 0.772, Train_accy 76.99, Test_accy 93.70:   0%|          | 0/20 [01:27<?, ?it/s]
Task 1, Epoch 1/20 => Loss 1.572, Loss_clf 0.800, Loss_aux 0.772, Train_accy 76.99, Test_accy 93.70:   5%|▌         | 1/20 [01:27<27:50, 87.91s/it]
Task 1, Epoch 2/20 => Loss 0.889, Loss_clf 0.430, Loss_aux 0.459, Train_accy 86.57:   5%|▌         | 1/20 [02:43<27:50, 87.91s/it]                 
Task 1, Epoch 2/20 => Loss 0.889, Loss_clf 0.430, Loss_aux 0.459, Train_accy 86.57:  10%|█         | 2/20 [02:43<24:12, 80.68s/it]
Task 1, Epoch 3/20 => Loss 0.793, Loss_clf 0.391, Loss_aux 0.402, Train_accy 87.66:  10%|█         | 2/20 [03:56<24:12, 80.68s/it]
Task 1, Epoch 3/20 => Loss 0.793, Loss_clf 0.391, Loss_aux 0.402, Train_accy 87.66:  15%|█▌        | 3/20 [03:56<21:51, 77.16s/it]
Task 1, Epoch 4/20 => Loss 0.767, Loss_clf 0.378, Loss_aux 0.389, Train_accy 88.37:  15%|█▌        | 3/20 [05:09<21:51, 77.16s/it]
Task 1, Epoch 4/20 => Loss 0.767, Loss_clf 0.378, Loss_aux 0.389, Train_accy 88.37:  20%|██        | 4/20 [05:09<20:09, 75.59s/it]
Task 1, Epoch 5/20 => Loss 0.705, Loss_clf 0.349, Loss_aux 0.356, Train_accy 89.09:  20%|██        | 4/20 [06:22<20:09, 75.59s/it]
Task 1, Epoch 5/20 => Loss 0.705, Loss_clf 0.349, Loss_aux 0.356, Train_accy 89.09:  25%|██▌       | 5/20 [06:22<18:40, 74.70s/it]
Task 1, Epoch 6/20 => Loss 0.704, Loss_clf 0.350, Loss_aux 0.354, Train_accy 88.81, Test_accy 94.80:  25%|██▌       | 5/20 [07:42<18:40, 74.70s/it]
Task 1, Epoch 6/20 => Loss 0.704, Loss_clf 0.350, Loss_aux 0.354, Train_accy 88.81, Test_accy 94.80:  30%|███       | 6/20 [07:42<17:47, 76.28s/it]
Task 1, Epoch 7/20 => Loss 0.662, Loss_clf 0.326, Loss_aux 0.336, Train_accy 89.71:  30%|███       | 6/20 [08:54<17:47, 76.28s/it]                 
Task 1, Epoch 7/20 => Loss 0.662, Loss_clf 0.326, Loss_aux 0.336, Train_accy 89.71:  35%|███▌      | 7/20 [08:54<16:15, 75.06s/it]
Task 1, Epoch 8/20 => Loss 0.610, Loss_clf 0.304, Loss_aux 0.306, Train_accy 90.36:  35%|███▌      | 7/20 [10:07<16:15, 75.06s/it]
Task 1, Epoch 8/20 => Loss 0.610, Loss_clf 0.304, Loss_aux 0.306, Train_accy 90.36:  40%|████      | 8/20 [10:07<14:53, 74.44s/it]
Task 1, Epoch 9/20 => Loss 0.644, Loss_clf 0.326, Loss_aux 0.318, Train_accy 89.74:  40%|████      | 8/20 [11:20<14:53, 74.44s/it]
Task 1, Epoch 9/20 => Loss 0.644, Loss_clf 0.326, Loss_aux 0.318, Train_accy 89.74:  45%|████▌     | 9/20 [11:20<13:33, 73.95s/it]
Task 1, Epoch 10/20 => Loss 0.582, Loss_clf 0.298, Loss_aux 0.284, Train_accy 91.04:  45%|████▌     | 9/20 [12:33<13:33, 73.95s/it]
Task 1, Epoch 10/20 => Loss 0.582, Loss_clf 0.298, Loss_aux 0.284, Train_accy 91.04:  50%|█████     | 10/20 [12:33<12:16, 73.61s/it]
Task 1, Epoch 11/20 => Loss 0.604, Loss_clf 0.303, Loss_aux 0.301, Train_accy 90.31, Test_accy 95.60:  50%|█████     | 10/20 [13:53<12:16, 73.61s/it]
Task 1, Epoch 11/20 => Loss 0.604, Loss_clf 0.303, Loss_aux 0.301, Train_accy 90.31, Test_accy 95.60:  55%|█████▌    | 11/20 [13:53<11:20, 75.64s/it]
Task 1, Epoch 12/20 => Loss 0.552, Loss_clf 0.280, Loss_aux 0.272, Train_accy 91.31:  55%|█████▌    | 11/20 [15:07<11:20, 75.64s/it]                 
Task 1, Epoch 12/20 => Loss 0.552, Loss_clf 0.280, Loss_aux 0.272, Train_accy 91.31:  60%|██████    | 12/20 [15:07<10:00, 75.00s/it]
Task 1, Epoch 13/20 => Loss 0.569, Loss_clf 0.284, Loss_aux 0.285, Train_accy 91.27:  60%|██████    | 12/20 [16:20<10:00, 75.00s/it]
Task 1, Epoch 13/20 => Loss 0.569, Loss_clf 0.284, Loss_aux 0.285, Train_accy 91.27:  65%|██████▌   | 13/20 [16:20<08:41, 74.54s/it]
Task 1, Epoch 14/20 => Loss 0.543, Loss_clf 0.277, Loss_aux 0.266, Train_accy 91.47:  65%|██████▌   | 13/20 [17:33<08:41, 74.54s/it]
Task 1, Epoch 14/20 => Loss 0.543, Loss_clf 0.277, Loss_aux 0.266, Train_accy 91.47:  70%|███████   | 14/20 [17:33<07:23, 73.98s/it]
Task 1, Epoch 15/20 => Loss 0.535, Loss_clf 0.265, Loss_aux 0.270, Train_accy 91.33:  70%|███████   | 14/20 [18:46<07:23, 73.98s/it]
Task 1, Epoch 15/20 => Loss 0.535, Loss_clf 0.265, Loss_aux 0.270, Train_accy 91.33:  75%|███████▌  | 15/20 [18:46<06:08, 73.77s/it]
Task 1, Epoch 16/20 => Loss 0.516, Loss_clf 0.263, Loss_aux 0.252, Train_accy 91.83, Test_accy 96.10:  75%|███████▌  | 15/20 [20:06<06:08, 73.77s/it]
Task 1, Epoch 16/20 => Loss 0.516, Loss_clf 0.263, Loss_aux 0.252, Train_accy 91.83, Test_accy 96.10:  80%|████████  | 16/20 [20:06<05:02, 75.54s/it]
Task 1, Epoch 17/20 => Loss 0.521, Loss_clf 0.266, Loss_aux 0.255, Train_accy 91.56:  80%|████████  | 16/20 [21:19<05:02, 75.54s/it]                 
Task 1, Epoch 17/20 => Loss 0.521, Loss_clf 0.266, Loss_aux 0.255, Train_accy 91.56:  85%|████████▌ | 17/20 [21:19<03:44, 74.93s/it]
Task 1, Epoch 18/20 => Loss 0.504, Loss_clf 0.259, Loss_aux 0.246, Train_accy 91.97:  85%|████████▌ | 17/20 [22:32<03:44, 74.93s/it]
Task 1, Epoch 18/20 => Loss 0.504, Loss_clf 0.259, Loss_aux 0.246, Train_accy 91.97:  90%|█████████ | 18/20 [22:32<02:28, 74.32s/it]
Task 1, Epoch 19/20 => Loss 0.534, Loss_clf 0.277, Loss_aux 0.258, Train_accy 91.49:  90%|█████████ | 18/20 [23:45<02:28, 74.32s/it]
Task 1, Epoch 19/20 => Loss 0.534, Loss_clf 0.277, Loss_aux 0.258, Train_accy 91.49:  95%|█████████▌| 19/20 [23:45<01:13, 73.86s/it]
Task 1, Epoch 20/20 => Loss 0.476, Loss_clf 0.240, Loss_aux 0.236, Train_accy 92.24:  95%|█████████▌| 19/20 [24:58<01:13, 73.86s/it]
Task 1, Epoch 20/20 => Loss 0.476, Loss_clf 0.240, Loss_aux 0.236, Train_accy 92.24: 100%|██████████| 20/20 [24:58<00:00, 73.69s/it]
Task 1, Epoch 20/20 => Loss 0.476, Loss_clf 0.240, Loss_aux 0.236, Train_accy 92.24: 100%|██████████| 20/20 [24:58<00:00, 74.94s/it]
2025-05-25 13:27:42,503 [der.py] => Task 1, Epoch 20/20 => Loss 0.476, Loss_clf 0.240, Loss_aux 0.236, Train_accy 92.24
2025-05-25 13:27:42,518 [base.py] => Reducing exemplars...(100 per classes)
2025-05-25 13:27:46,505 [base.py] => Constructing exemplars...(100 per classes)
Time for task 1: 1554.78662109375
2025-05-25 13:28:51,529 [der.py] => Exemplar size: 2000
2025-05-25 13:28:51,530 [trainer.py] => CNN: {'total': 95.75, '00-09': 95.4, '10-19': 96.1, 'old': 95.4, 'new': 96.1}
2025-05-25 13:28:51,530 [trainer.py] => NME: {'total': 96.0, '00-09': 97.0, '10-19': 95.0, 'old': 97.0, 'new': 95.0}
2025-05-25 13:28:51,530 [trainer.py] => CNN top1 curve: [98.2, 95.75]
2025-05-25 13:28:51,530 [trainer.py] => CNN top5 curve: [100.0, 99.7]
2025-05-25 13:28:51,530 [trainer.py] => NME top1 curve: [98.4, 96.0]
2025-05-25 13:28:51,530 [trainer.py] => NME top5 curve: [100.0, 99.55]

Average Accuracy (CNN): 96.98
Average Accuracy (NME): 97.2
2025-05-25 13:28:51,530 [trainer.py] => Average Accuracy (CNN): 96.98
2025-05-25 13:28:51,531 [trainer.py] => Average Accuracy (NME): 97.2
2025-05-25 13:28:51,533 [trainer.py] => All params: 171636511
2025-05-25 13:28:51,535 [trainer.py] => Trainable params: 85837855
2025-05-25 13:28:59,415 [der.py] => Learning on 20-30
2025-05-25 13:28:59,417 [der.py] => All params: 257473577
2025-05-25 13:28:59,419 [der.py] => Trainable params: 85876265

  0%|          | 0/20 [00:00<?, ?it/s]
Task 2, Epoch 1/20 => Loss 1.425, Loss_clf 0.816, Loss_aux 0.609, Train_accy 81.34, Test_accy 93.57:   0%|          | 0/20 [02:11<?, ?it/s]
Task 2, Epoch 1/20 => Loss 1.425, Loss_clf 0.816, Loss_aux 0.609, Train_accy 81.34, Test_accy 93.57:   5%|▌         | 1/20 [02:11<41:44, 131.82s/it]
Task 2, Epoch 2/20 => Loss 0.671, Loss_clf 0.347, Loss_aux 0.325, Train_accy 89.66:   5%|▌         | 1/20 [03:52<41:44, 131.82s/it]                 
Task 2, Epoch 2/20 => Loss 0.671, Loss_clf 0.347, Loss_aux 0.325, Train_accy 89.66:  10%|█         | 2/20 [03:52<33:58, 113.26s/it]
Task 2, Epoch 3/20 => Loss 0.606, Loss_clf 0.316, Loss_aux 0.291, Train_accy 90.64:  10%|█         | 2/20 [05:28<33:58, 113.26s/it]
Task 2, Epoch 3/20 => Loss 0.606, Loss_clf 0.316, Loss_aux 0.291, Train_accy 90.64:  15%|█▌        | 3/20 [05:28<29:53, 105.50s/it]
Task 2, Epoch 4/20 => Loss 0.548, Loss_clf 0.284, Loss_aux 0.265, Train_accy 91.57:  15%|█▌        | 3/20 [06:55<29:53, 105.50s/it]
Task 2, Epoch 4/20 => Loss 0.548, Loss_clf 0.284, Loss_aux 0.265, Train_accy 91.57:  20%|██        | 4/20 [06:55<26:10, 98.18s/it] 
Task 2, Epoch 5/20 => Loss 0.546, Loss_clf 0.284, Loss_aux 0.262, Train_accy 91.61:  20%|██        | 4/20 [08:28<26:10, 98.18s/it]
Task 2, Epoch 5/20 => Loss 0.546, Loss_clf 0.284, Loss_aux 0.262, Train_accy 91.61:  25%|██▌       | 5/20 [08:28<24:07, 96.48s/it]
Task 2, Epoch 6/20 => Loss 0.534, Loss_clf 0.281, Loss_aux 0.253, Train_accy 91.37, Test_accy 93.63:  25%|██▌       | 5/20 [10:22<24:07, 96.48s/it]
Task 2, Epoch 6/20 => Loss 0.534, Loss_clf 0.281, Loss_aux 0.253, Train_accy 91.37, Test_accy 93.63:  30%|███       | 6/20 [10:22<23:54, 102.48s/it]
Task 2, Epoch 7/20 => Loss 0.490, Loss_clf 0.258, Loss_aux 0.232, Train_accy 92.11:  30%|███       | 6/20 [11:56<23:54, 102.48s/it]                 
Task 2, Epoch 7/20 => Loss 0.490, Loss_clf 0.258, Loss_aux 0.232, Train_accy 92.11:  35%|███▌      | 7/20 [11:56<21:35, 99.64s/it] 
Task 2, Epoch 8/20 => Loss 0.452, Loss_clf 0.240, Loss_aux 0.212, Train_accy 92.77:  35%|███▌      | 7/20 [13:24<21:35, 99.64s/it]
Task 2, Epoch 8/20 => Loss 0.452, Loss_clf 0.240, Loss_aux 0.212, Train_accy 92.77:  40%|████      | 8/20 [13:24<19:08, 95.74s/it]
Task 2, Epoch 9/20 => Loss 0.488, Loss_clf 0.257, Loss_aux 0.231, Train_accy 92.04:  40%|████      | 8/20 [14:57<19:08, 95.74s/it]
Task 2, Epoch 9/20 => Loss 0.488, Loss_clf 0.257, Loss_aux 0.231, Train_accy 92.04:  45%|████▌     | 9/20 [14:57<17:24, 94.98s/it]
Task 2, Epoch 10/20 => Loss 0.464, Loss_clf 0.248, Loss_aux 0.216, Train_accy 92.50:  45%|████▌     | 9/20 [16:24<17:24, 94.98s/it]
Task 2, Epoch 10/20 => Loss 0.464, Loss_clf 0.248, Loss_aux 0.216, Train_accy 92.50:  50%|█████     | 10/20 [16:24<15:26, 92.64s/it]
Task 2, Epoch 11/20 => Loss 0.480, Loss_clf 0.262, Loss_aux 0.218, Train_accy 92.26, Test_accy 94.83:  50%|█████     | 10/20 [18:19<15:26, 92.64s/it]
Task 2, Epoch 11/20 => Loss 0.480, Loss_clf 0.262, Loss_aux 0.218, Train_accy 92.26, Test_accy 94.83:  55%|█████▌    | 11/20 [18:19<14:54, 99.37s/it]
Task 2, Epoch 12/20 => Loss 0.429, Loss_clf 0.225, Loss_aux 0.203, Train_accy 93.23:  55%|█████▌    | 11/20 [19:52<14:54, 99.37s/it]                 
Task 2, Epoch 12/20 => Loss 0.429, Loss_clf 0.225, Loss_aux 0.203, Train_accy 93.23:  60%|██████    | 12/20 [19:52<12:59, 97.47s/it]
Task 2, Epoch 13/20 => Loss 0.452, Loss_clf 0.240, Loss_aux 0.212, Train_accy 92.83:  60%|██████    | 12/20 [21:20<12:59, 97.47s/it]
Task 2, Epoch 13/20 => Loss 0.452, Loss_clf 0.240, Loss_aux 0.212, Train_accy 92.83:  65%|██████▌   | 13/20 [21:20<11:01, 94.54s/it]
Task 2, Epoch 14/20 => Loss 0.452, Loss_clf 0.238, Loss_aux 0.214, Train_accy 92.87:  65%|██████▌   | 13/20 [22:53<11:01, 94.54s/it]
Task 2, Epoch 14/20 => Loss 0.452, Loss_clf 0.238, Loss_aux 0.214, Train_accy 92.87:  70%|███████   | 14/20 [22:53<09:25, 94.25s/it]
Task 2, Epoch 15/20 => Loss 0.427, Loss_clf 0.233, Loss_aux 0.195, Train_accy 92.97:  70%|███████   | 14/20 [24:21<09:25, 94.25s/it]
Task 2, Epoch 15/20 => Loss 0.427, Loss_clf 0.233, Loss_aux 0.195, Train_accy 92.97:  75%|███████▌  | 15/20 [24:21<07:40, 92.11s/it]
Task 2, Epoch 16/20 => Loss 0.408, Loss_clf 0.217, Loss_aux 0.190, Train_accy 93.50, Test_accy 94.57:  75%|███████▌  | 15/20 [26:15<07:40, 92.11s/it]
Task 2, Epoch 16/20 => Loss 0.408, Loss_clf 0.217, Loss_aux 0.190, Train_accy 93.50, Test_accy 94.57:  80%|████████  | 16/20 [26:15<06:35, 98.75s/it]
Task 2, Epoch 17/20 => Loss 0.407, Loss_clf 0.218, Loss_aux 0.188, Train_accy 93.71:  80%|████████  | 16/20 [27:48<06:35, 98.75s/it]                 
Task 2, Epoch 17/20 => Loss 0.407, Loss_clf 0.218, Loss_aux 0.188, Train_accy 93.71:  85%|████████▌ | 17/20 [27:48<04:50, 96.98s/it]
Task 2, Epoch 18/20 => Loss 0.424, Loss_clf 0.228, Loss_aux 0.196, Train_accy 93.50:  85%|████████▌ | 17/20 [29:14<04:50, 96.98s/it]
Task 2, Epoch 18/20 => Loss 0.424, Loss_clf 0.228, Loss_aux 0.196, Train_accy 93.50:  90%|█████████ | 18/20 [29:14<03:07, 93.90s/it]
Task 2, Epoch 19/20 => Loss 0.422, Loss_clf 0.226, Loss_aux 0.195, Train_accy 93.29:  90%|█████████ | 18/20 [30:47<03:07, 93.90s/it]
Task 2, Epoch 19/20 => Loss 0.422, Loss_clf 0.226, Loss_aux 0.195, Train_accy 93.29:  95%|█████████▌| 19/20 [30:47<01:33, 93.62s/it]
Task 2, Epoch 20/20 => Loss 0.429, Loss_clf 0.232, Loss_aux 0.197, Train_accy 93.09:  95%|█████████▌| 19/20 [32:21<01:33, 93.62s/it]
Task 2, Epoch 20/20 => Loss 0.429, Loss_clf 0.232, Loss_aux 0.197, Train_accy 93.09: 100%|██████████| 20/20 [32:21<00:00, 93.58s/it]
Task 2, Epoch 20/20 => Loss 0.429, Loss_clf 0.232, Loss_aux 0.197, Train_accy 93.09: 100%|██████████| 20/20 [32:21<00:00, 97.06s/it]
2025-05-25 14:01:20,797 [der.py] => Task 2, Epoch 20/20 => Loss 0.429, Loss_clf 0.232, Loss_aux 0.197, Train_accy 93.09
2025-05-25 14:01:20,813 [base.py] => Reducing exemplars...(66 per classes)
2025-05-25 14:01:34,685 [base.py] => Constructing exemplars...(66 per classes)
Time for task 2: 2017.2784435749054
2025-05-25 14:03:23,334 [der.py] => Exemplar size: 1980
2025-05-25 14:03:23,334 [trainer.py] => CNN: {'total': 94.87, '00-09': 93.2, '10-19': 92.5, '20-29': 98.9, 'old': 92.85, 'new': 98.9}
2025-05-25 14:03:23,334 [trainer.py] => NME: {'total': 95.47, '00-09': 95.1, '10-19': 94.0, '20-29': 97.3, 'old': 94.55, 'new': 97.3}
2025-05-25 14:03:23,335 [trainer.py] => CNN top1 curve: [98.2, 95.75, 94.87]
2025-05-25 14:03:23,335 [trainer.py] => CNN top5 curve: [100.0, 99.7, 99.3]
2025-05-25 14:03:23,335 [trainer.py] => NME top1 curve: [98.4, 96.0, 95.47]
2025-05-25 14:03:23,335 [trainer.py] => NME top5 curve: [100.0, 99.55, 99.53]

Average Accuracy (CNN): 96.27
Average Accuracy (NME): 96.62
2025-05-25 14:03:23,335 [trainer.py] => Average Accuracy (CNN): 96.27
2025-05-25 14:03:23,335 [trainer.py] => Average Accuracy (NME): 96.62
2025-05-25 14:03:23,337 [trainer.py] => All params: 257473577
2025-05-25 14:03:23,340 [trainer.py] => Trainable params: 85876265
2025-05-25 14:03:25,518 [der.py] => Learning on 30-40
2025-05-25 14:03:25,523 [der.py] => All params: 343326003
2025-05-25 14:03:25,525 [der.py] => Trainable params: 85930035

  0%|          | 0/20 [00:00<?, ?it/s]
Task 3, Epoch 1/20 => Loss 1.597, Loss_clf 0.924, Loss_aux 0.673, Train_accy 78.04, Test_accy 90.98:   0%|          | 0/20 [02:49<?, ?it/s]
Task 3, Epoch 1/20 => Loss 1.597, Loss_clf 0.924, Loss_aux 0.673, Train_accy 78.04, Test_accy 90.98:   5%|▌         | 1/20 [02:49<53:40, 169.52s/it]
Task 3, Epoch 2/20 => Loss 0.778, Loss_clf 0.413, Loss_aux 0.365, Train_accy 86.92:   5%|▌         | 1/20 [04:39<53:40, 169.52s/it]                 
Task 3, Epoch 2/20 => Loss 0.778, Loss_clf 0.413, Loss_aux 0.365, Train_accy 86.92:  10%|█         | 2/20 [04:39<40:21, 134.55s/it]
Task 3, Epoch 3/20 => Loss 0.678, Loss_clf 0.362, Loss_aux 0.316, Train_accy 88.84:  10%|█         | 2/20 [06:28<40:21, 134.55s/it]
Task 3, Epoch 3/20 => Loss 0.678, Loss_clf 0.362, Loss_aux 0.316, Train_accy 88.84:  15%|█▌        | 3/20 [06:28<34:50, 122.98s/it]
Task 3, Epoch 4/20 => Loss 0.643, Loss_clf 0.339, Loss_aux 0.304, Train_accy 89.71:  15%|█▌        | 3/20 [08:15<34:50, 122.98s/it]
Task 3, Epoch 4/20 => Loss 0.643, Loss_clf 0.339, Loss_aux 0.304, Train_accy 89.71:  20%|██        | 4/20 [08:15<31:07, 116.71s/it]
Task 3, Epoch 5/20 => Loss 0.623, Loss_clf 0.330, Loss_aux 0.293, Train_accy 90.09:  20%|██        | 4/20 [10:08<31:07, 116.71s/it]
Task 3, Epoch 5/20 => Loss 0.623, Loss_clf 0.330, Loss_aux 0.293, Train_accy 90.09:  25%|██▌       | 5/20 [10:08<28:49, 115.29s/it]
Task 3, Epoch 6/20 => Loss 0.601, Loss_clf 0.313, Loss_aux 0.289, Train_accy 90.62, Test_accy 92.35:  25%|██▌       | 5/20 [12:36<28:49, 115.29s/it]
Task 3, Epoch 6/20 => Loss 0.601, Loss_clf 0.313, Loss_aux 0.289, Train_accy 90.62, Test_accy 92.35:  30%|███       | 6/20 [12:36<29:30, 126.48s/it]
Task 3, Epoch 7/20 => Loss 0.576, Loss_clf 0.312, Loss_aux 0.265, Train_accy 90.47:  30%|███       | 6/20 [14:23<29:30, 126.48s/it]                 
Task 3, Epoch 7/20 => Loss 0.576, Loss_clf 0.312, Loss_aux 0.265, Train_accy 90.47:  35%|███▌      | 7/20 [14:23<26:01, 120.08s/it]
Task 3, Epoch 8/20 => Loss 0.540, Loss_clf 0.292, Loss_aux 0.248, Train_accy 91.17:  35%|███▌      | 7/20 [16:10<26:01, 120.08s/it]
Task 3, Epoch 8/20 => Loss 0.540, Loss_clf 0.292, Loss_aux 0.248, Train_accy 91.17:  40%|████      | 8/20 [16:10<23:11, 115.96s/it]
Task 3, Epoch 9/20 => Loss 0.564, Loss_clf 0.304, Loss_aux 0.260, Train_accy 90.86:  40%|████      | 8/20 [18:03<23:11, 115.96s/it]
Task 3, Epoch 9/20 => Loss 0.564, Loss_clf 0.304, Loss_aux 0.260, Train_accy 90.86:  45%|████▌     | 9/20 [18:03<21:05, 115.02s/it]
Task 3, Epoch 10/20 => Loss 0.515, Loss_clf 0.275, Loss_aux 0.240, Train_accy 91.48:  45%|████▌     | 9/20 [19:51<21:05, 115.02s/it]
Task 3, Epoch 10/20 => Loss 0.515, Loss_clf 0.275, Loss_aux 0.240, Train_accy 91.48:  50%|█████     | 10/20 [19:51<18:47, 112.71s/it]
Task 3, Epoch 11/20 => Loss 0.504, Loss_clf 0.273, Loss_aux 0.232, Train_accy 91.83, Test_accy 92.75:  50%|█████     | 10/20 [22:20<18:47, 112.71s/it]
Task 3, Epoch 11/20 => Loss 0.504, Loss_clf 0.273, Loss_aux 0.232, Train_accy 91.83, Test_accy 92.75:  55%|█████▌    | 11/20 [22:20<18:33, 123.77s/it]
Task 3, Epoch 12/20 => Loss 0.518, Loss_clf 0.277, Loss_aux 0.241, Train_accy 91.48:  55%|█████▌    | 11/20 [24:13<18:33, 123.77s/it]                 
Task 3, Epoch 12/20 => Loss 0.518, Loss_clf 0.277, Loss_aux 0.241, Train_accy 91.48:  60%|██████    | 12/20 [24:13<16:04, 120.62s/it]
Task 3, Epoch 13/20 => Loss 0.452, Loss_clf 0.242, Loss_aux 0.210, Train_accy 92.34:  60%|██████    | 12/20 [26:00<16:04, 120.62s/it]
Task 3, Epoch 13/20 => Loss 0.452, Loss_clf 0.242, Loss_aux 0.210, Train_accy 92.34:  65%|██████▌   | 13/20 [26:00<13:35, 116.57s/it]
Task 3, Epoch 14/20 => Loss 0.510, Loss_clf 0.274, Loss_aux 0.236, Train_accy 91.72:  65%|██████▌   | 13/20 [27:48<13:35, 116.57s/it]
Task 3, Epoch 14/20 => Loss 0.510, Loss_clf 0.274, Loss_aux 0.236, Train_accy 91.72:  70%|███████   | 14/20 [27:48<11:22, 113.77s/it]
Task 3, Epoch 15/20 => Loss 0.483, Loss_clf 0.264, Loss_aux 0.219, Train_accy 92.25:  70%|███████   | 14/20 [29:35<11:22, 113.77s/it]
Task 3, Epoch 15/20 => Loss 0.483, Loss_clf 0.264, Loss_aux 0.219, Train_accy 92.25:  75%|███████▌  | 15/20 [29:35<09:18, 111.75s/it]
Task 3, Epoch 16/20 => Loss 0.430, Loss_clf 0.229, Loss_aux 0.201, Train_accy 92.89, Test_accy 91.08:  75%|███████▌  | 15/20 [32:09<09:18, 111.75s/it]
Task 3, Epoch 16/20 => Loss 0.430, Loss_clf 0.229, Loss_aux 0.201, Train_accy 92.89, Test_accy 91.08:  80%|████████  | 16/20 [32:09<08:17, 124.49s/it]
Task 3, Epoch 17/20 => Loss 0.452, Loss_clf 0.241, Loss_aux 0.211, Train_accy 92.81:  80%|████████  | 16/20 [33:57<08:17, 124.49s/it]                 
Task 3, Epoch 17/20 => Loss 0.452, Loss_clf 0.241, Loss_aux 0.211, Train_accy 92.81:  85%|████████▌ | 17/20 [33:57<05:58, 119.44s/it]
Task 3, Epoch 18/20 => Loss 0.451, Loss_clf 0.245, Loss_aux 0.207, Train_accy 92.79:  85%|████████▌ | 17/20 [35:44<05:58, 119.44s/it]
Task 3, Epoch 18/20 => Loss 0.451, Loss_clf 0.245, Loss_aux 0.207, Train_accy 92.79:  90%|█████████ | 18/20 [35:44<03:51, 115.86s/it]
Task 3, Epoch 19/20 => Loss 0.452, Loss_clf 0.243, Loss_aux 0.210, Train_accy 92.56:  90%|█████████ | 18/20 [37:37<03:51, 115.86s/it]
Task 3, Epoch 19/20 => Loss 0.452, Loss_clf 0.243, Loss_aux 0.210, Train_accy 92.56:  95%|█████████▌| 19/20 [37:37<01:55, 115.11s/it]
Task 3, Epoch 20/20 => Loss 0.468, Loss_clf 0.254, Loss_aux 0.213, Train_accy 92.62:  95%|█████████▌| 19/20 [39:24<01:55, 115.11s/it]
Task 3, Epoch 20/20 => Loss 0.468, Loss_clf 0.254, Loss_aux 0.213, Train_accy 92.62: 100%|██████████| 20/20 [39:24<00:00, 112.63s/it]
Task 3, Epoch 20/20 => Loss 0.468, Loss_clf 0.254, Loss_aux 0.213, Train_accy 92.62: 100%|██████████| 20/20 [39:24<00:00, 118.24s/it]
2025-05-25 14:42:50,441 [der.py] => Task 3, Epoch 20/20 => Loss 0.468, Loss_clf 0.254, Loss_aux 0.213, Train_accy 92.62
2025-05-25 14:42:50,464 [base.py] => Reducing exemplars...(50 per classes)
2025-05-25 14:43:13,128 [base.py] => Constructing exemplars...(50 per classes)
Time for task 3: 2459.383144378662
2025-05-25 14:45:52,989 [der.py] => Exemplar size: 2000
2025-05-25 14:45:52,990 [trainer.py] => CNN: {'total': 92.8, '00-09': 90.3, '10-19': 89.8, '20-29': 95.1, '30-39': 96.0, 'old': 91.73, 'new': 96.0}
2025-05-25 14:45:52,990 [trainer.py] => NME: {'total': 93.32, '00-09': 92.9, '10-19': 92.2, '20-29': 96.5, '30-39': 91.7, 'old': 93.87, 'new': 91.7}
2025-05-25 14:45:52,990 [trainer.py] => CNN top1 curve: [98.2, 95.75, 94.87, 92.8]
2025-05-25 14:45:52,990 [trainer.py] => CNN top5 curve: [100.0, 99.7, 99.3, 99.0]
2025-05-25 14:45:52,990 [trainer.py] => NME top1 curve: [98.4, 96.0, 95.47, 93.32]
2025-05-25 14:45:52,990 [trainer.py] => NME top5 curve: [100.0, 99.55, 99.53, 99.42]

Average Accuracy (CNN): 95.4
Average Accuracy (NME): 95.8
2025-05-25 14:45:52,990 [trainer.py] => Average Accuracy (CNN): 95.4
2025-05-25 14:45:52,991 [trainer.py] => Average Accuracy (NME): 95.8
2025-05-25 14:45:52,995 [trainer.py] => All params: 343326003
2025-05-25 14:45:52,998 [trainer.py] => Trainable params: 85930035
2025-05-25 14:45:58,512 [der.py] => Learning on 40-50
2025-05-25 14:45:58,516 [der.py] => All params: 429193789
2025-05-25 14:45:58,518 [der.py] => Trainable params: 85999165

  0%|          | 0/20 [00:00<?, ?it/s]
Task 4, Epoch 1/20 => Loss 1.474, Loss_clf 0.893, Loss_aux 0.581, Train_accy 80.87, Test_accy 89.56:   0%|          | 0/20 [03:14<?, ?it/s]
Task 4, Epoch 1/20 => Loss 1.474, Loss_clf 0.893, Loss_aux 0.581, Train_accy 80.87, Test_accy 89.56:   5%|▌         | 1/20 [03:14<1:01:42, 194.86s/it]
Task 4, Epoch 2/20 => Loss 0.721, Loss_clf 0.390, Loss_aux 0.332, Train_accy 88.49:   5%|▌         | 1/20 [05:22<1:01:42, 194.86s/it]                 
Task 4, Epoch 2/20 => Loss 0.721, Loss_clf 0.390, Loss_aux 0.332, Train_accy 88.49:  10%|█         | 2/20 [05:22<46:36, 155.38s/it]  
Task 4, Epoch 3/20 => Loss 0.621, Loss_clf 0.338, Loss_aux 0.283, Train_accy 89.94:  10%|█         | 2/20 [07:30<46:36, 155.38s/it]
Task 4, Epoch 3/20 => Loss 0.621, Loss_clf 0.338, Loss_aux 0.283, Train_accy 89.94:  15%|█▌        | 3/20 [07:30<40:26, 142.72s/it]
Task 4, Epoch 4/20 => Loss 0.607, Loss_clf 0.327, Loss_aux 0.280, Train_accy 90.80:  15%|█▌        | 3/20 [09:37<40:26, 142.72s/it]
Task 4, Epoch 4/20 => Loss 0.607, Loss_clf 0.327, Loss_aux 0.280, Train_accy 90.80:  20%|██        | 4/20 [09:37<36:24, 136.51s/it]
Task 4, Epoch 5/20 => Loss 0.561, Loss_clf 0.302, Loss_aux 0.258, Train_accy 91.19:  20%|██        | 4/20 [11:46<36:24, 136.51s/it]
Task 4, Epoch 5/20 => Loss 0.561, Loss_clf 0.302, Loss_aux 0.258, Train_accy 91.19:  25%|██▌       | 5/20 [11:46<33:25, 133.72s/it]
Task 4, Epoch 6/20 => Loss 0.557, Loss_clf 0.298, Loss_aux 0.259, Train_accy 91.11, Test_accy 90.36:  25%|██▌       | 5/20 [15:01<33:25, 133.72s/it]
Task 4, Epoch 6/20 => Loss 0.557, Loss_clf 0.298, Loss_aux 0.259, Train_accy 91.11, Test_accy 90.36:  30%|███       | 6/20 [15:01<36:03, 154.56s/it]
Task 4, Epoch 7/20 => Loss 0.521, Loss_clf 0.285, Loss_aux 0.236, Train_accy 91.90:  30%|███       | 6/20 [17:09<36:03, 154.56s/it]                 
Task 4, Epoch 7/20 => Loss 0.521, Loss_clf 0.285, Loss_aux 0.236, Train_accy 91.90:  35%|███▌      | 7/20 [17:09<31:36, 145.90s/it]
Task 4, Epoch 8/20 => Loss 0.544, Loss_clf 0.297, Loss_aux 0.247, Train_accy 91.41:  35%|███▌      | 7/20 [19:16<31:36, 145.90s/it]
Task 4, Epoch 8/20 => Loss 0.544, Loss_clf 0.297, Loss_aux 0.247, Train_accy 91.41:  40%|████      | 8/20 [19:16<28:00, 140.01s/it]
Task 4, Epoch 9/20 => Loss 0.514, Loss_clf 0.284, Loss_aux 0.230, Train_accy 91.87:  40%|████      | 8/20 [21:24<28:00, 140.01s/it]
Task 4, Epoch 9/20 => Loss 0.514, Loss_clf 0.284, Loss_aux 0.230, Train_accy 91.87:  45%|████▌     | 9/20 [21:24<24:57, 136.12s/it]
Task 4, Epoch 10/20 => Loss 0.500, Loss_clf 0.273, Loss_aux 0.227, Train_accy 92.11:  45%|████▌     | 9/20 [23:31<24:57, 136.12s/it]
Task 4, Epoch 10/20 => Loss 0.500, Loss_clf 0.273, Loss_aux 0.227, Train_accy 92.11:  50%|█████     | 10/20 [23:31<22:14, 133.44s/it]
Task 4, Epoch 11/20 => Loss 0.476, Loss_clf 0.259, Loss_aux 0.216, Train_accy 92.59, Test_accy 89.32:  50%|█████     | 10/20 [26:41<22:14, 133.44s/it]
Task 4, Epoch 11/20 => Loss 0.476, Loss_clf 0.259, Loss_aux 0.216, Train_accy 92.59, Test_accy 89.32:  55%|█████▌    | 11/20 [26:41<22:35, 150.61s/it]
Task 4, Epoch 12/20 => Loss 0.471, Loss_clf 0.259, Loss_aux 0.212, Train_accy 92.44:  55%|█████▌    | 11/20 [28:48<22:35, 150.61s/it]                 
Task 4, Epoch 12/20 => Loss 0.471, Loss_clf 0.259, Loss_aux 0.212, Train_accy 92.44:  60%|██████    | 12/20 [28:48<19:08, 143.59s/it]
Task 4, Epoch 13/20 => Loss 0.452, Loss_clf 0.258, Loss_aux 0.194, Train_accy 92.83:  60%|██████    | 12/20 [30:56<19:08, 143.59s/it]
Task 4, Epoch 13/20 => Loss 0.452, Loss_clf 0.258, Loss_aux 0.194, Train_accy 92.83:  65%|██████▌   | 13/20 [30:56<16:11, 138.76s/it]
Task 4, Epoch 14/20 => Loss 0.464, Loss_clf 0.256, Loss_aux 0.207, Train_accy 92.51:  65%|██████▌   | 13/20 [33:03<16:11, 138.76s/it]
Task 4, Epoch 14/20 => Loss 0.464, Loss_clf 0.256, Loss_aux 0.207, Train_accy 92.51:  70%|███████   | 14/20 [33:03<13:32, 135.38s/it]
Task 4, Epoch 15/20 => Loss 0.449, Loss_clf 0.241, Loss_aux 0.209, Train_accy 93.01:  70%|███████   | 14/20 [35:11<13:32, 135.38s/it]
Task 4, Epoch 15/20 => Loss 0.449, Loss_clf 0.241, Loss_aux 0.209, Train_accy 93.01:  75%|███████▌  | 15/20 [35:11<11:05, 133.08s/it]
Task 4, Epoch 16/20 => Loss 0.430, Loss_clf 0.237, Loss_aux 0.193, Train_accy 93.17, Test_accy 88.90:  75%|███████▌  | 15/20 [38:27<11:05, 133.08s/it]
Task 4, Epoch 16/20 => Loss 0.430, Loss_clf 0.237, Loss_aux 0.193, Train_accy 93.17, Test_accy 88.90:  80%|████████  | 16/20 [38:27<10:08, 152.09s/it]
Task 4, Epoch 17/20 => Loss 0.439, Loss_clf 0.245, Loss_aux 0.193, Train_accy 92.96:  80%|████████  | 16/20 [40:35<10:08, 152.09s/it]                 
Task 4, Epoch 17/20 => Loss 0.439, Loss_clf 0.245, Loss_aux 0.193, Train_accy 92.96:  85%|████████▌ | 17/20 [40:35<07:14, 144.76s/it]
Task 4, Epoch 18/20 => Loss 0.428, Loss_clf 0.236, Loss_aux 0.192, Train_accy 93.27:  85%|████████▌ | 17/20 [42:42<07:14, 144.76s/it]
Task 4, Epoch 18/20 => Loss 0.428, Loss_clf 0.236, Loss_aux 0.192, Train_accy 93.27:  90%|█████████ | 18/20 [42:42<04:39, 139.52s/it]
Task 4, Epoch 19/20 => Loss 0.394, Loss_clf 0.217, Loss_aux 0.178, Train_accy 93.89:  90%|█████████ | 18/20 [44:49<04:39, 139.52s/it]
Task 4, Epoch 19/20 => Loss 0.394, Loss_clf 0.217, Loss_aux 0.178, Train_accy 93.89:  95%|█████████▌| 19/20 [44:49<02:15, 135.65s/it]
Task 4, Epoch 20/20 => Loss 0.415, Loss_clf 0.231, Loss_aux 0.183, Train_accy 93.50:  95%|█████████▌| 19/20 [46:56<02:15, 135.65s/it]
Task 4, Epoch 20/20 => Loss 0.415, Loss_clf 0.231, Loss_aux 0.183, Train_accy 93.50: 100%|██████████| 20/20 [46:56<00:00, 133.18s/it]
Task 4, Epoch 20/20 => Loss 0.415, Loss_clf 0.231, Loss_aux 0.183, Train_accy 93.50: 100%|██████████| 20/20 [46:56<00:00, 140.84s/it]
2025-05-25 15:32:55,531 [der.py] => Task 4, Epoch 20/20 => Loss 0.415, Loss_clf 0.231, Loss_aux 0.183, Train_accy 93.50
2025-05-25 15:32:55,552 [base.py] => Reducing exemplars...(40 per classes)
2025-05-25 15:33:27,311 [base.py] => Constructing exemplars...(40 per classes)
Time for task 4: 2937.7573249340057
2025-05-25 15:37:01,431 [der.py] => Exemplar size: 2000
2025-05-25 15:37:01,454 [trainer.py] => CNN: {'total': 89.34, '00-09': 86.1, '10-19': 80.8, '20-29': 92.8, '30-39': 90.1, '40-49': 96.9, 'old': 87.45, 'new': 96.9}
2025-05-25 15:37:01,454 [trainer.py] => NME: {'total': 91.7, '00-09': 91.8, '10-19': 87.8, '20-29': 94.6, '30-39': 90.7, '40-49': 93.6, 'old': 91.22, 'new': 93.6}
2025-05-25 15:37:01,455 [trainer.py] => CNN top1 curve: [98.2, 95.75, 94.87, 92.8, 89.34]
2025-05-25 15:37:01,455 [trainer.py] => CNN top5 curve: [100.0, 99.7, 99.3, 99.0, 98.48]
2025-05-25 15:37:01,455 [trainer.py] => NME top1 curve: [98.4, 96.0, 95.47, 93.32, 91.7]
2025-05-25 15:37:01,455 [trainer.py] => NME top5 curve: [100.0, 99.55, 99.53, 99.42, 99.4]

Average Accuracy (CNN): 94.19
Average Accuracy (NME): 94.98
2025-05-25 15:37:01,455 [trainer.py] => Average Accuracy (CNN): 94.19
2025-05-25 15:37:01,455 [trainer.py] => Average Accuracy (NME): 94.98
2025-05-25 15:37:01,458 [trainer.py] => All params: 429193789
2025-05-25 15:37:01,461 [trainer.py] => Trainable params: 85999165
2025-05-25 15:37:07,177 [der.py] => Learning on 50-60
2025-05-25 15:37:07,182 [der.py] => All params: 515076935
2025-05-25 15:37:07,185 [der.py] => Trainable params: 86083655

  0%|          | 0/20 [00:00<?, ?it/s]
Task 5, Epoch 1/20 => Loss 1.639, Loss_clf 1.030, Loss_aux 0.609, Train_accy 79.01, Test_accy 86.03:   0%|          | 0/20 [04:07<?, ?it/s]
Task 5, Epoch 1/20 => Loss 1.639, Loss_clf 1.030, Loss_aux 0.609, Train_accy 79.01, Test_accy 86.03:   5%|▌         | 1/20 [04:07<1:18:13, 247.02s/it]
Task 5, Epoch 2/20 => Loss 0.774, Loss_clf 0.421, Loss_aux 0.353, Train_accy 87.16:   5%|▌         | 1/20 [06:48<1:18:13, 247.02s/it]                 
Task 5, Epoch 2/20 => Loss 0.774, Loss_clf 0.421, Loss_aux 0.353, Train_accy 87.16:  10%|█         | 2/20 [06:48<58:56, 196.47s/it]  
Task 5, Epoch 3/20 => Loss 0.701, Loss_clf 0.379, Loss_aux 0.322, Train_accy 88.40:  10%|█         | 2/20 [09:09<58:56, 196.47s/it]
Task 5, Epoch 3/20 => Loss 0.701, Loss_clf 0.379, Loss_aux 0.322, Train_accy 88.40:  15%|█▌        | 3/20 [09:10<48:36, 171.55s/it]
Task 5, Epoch 4/20 => Loss 0.613, Loss_clf 0.335, Loss_aux 0.279, Train_accy 90.23:  15%|█▌        | 3/20 [11:37<48:36, 171.55s/it]
Task 5, Epoch 4/20 => Loss 0.613, Loss_clf 0.335, Loss_aux 0.279, Train_accy 90.23:  20%|██        | 4/20 [11:37<43:15, 162.20s/it]
Task 5, Epoch 5/20 => Loss 0.610, Loss_clf 0.333, Loss_aux 0.277, Train_accy 90.26:  20%|██        | 4/20 [14:06<43:15, 162.20s/it]
Task 5, Epoch 5/20 => Loss 0.610, Loss_clf 0.333, Loss_aux 0.277, Train_accy 90.26:  25%|██▌       | 5/20 [14:06<39:18, 157.20s/it]
Task 5, Epoch 6/20 => Loss 0.571, Loss_clf 0.310, Loss_aux 0.261, Train_accy 90.83, Test_accy 86.65:  25%|██▌       | 5/20 [18:08<39:18, 157.20s/it]
Task 5, Epoch 6/20 => Loss 0.571, Loss_clf 0.310, Loss_aux 0.261, Train_accy 90.83, Test_accy 86.65:  30%|███       | 6/20 [18:08<43:24, 186.05s/it]
Task 5, Epoch 7/20 => Loss 0.584, Loss_clf 0.314, Loss_aux 0.270, Train_accy 90.50:  30%|███       | 6/20 [20:31<43:24, 186.05s/it]                 
Task 5, Epoch 7/20 => Loss 0.584, Loss_clf 0.314, Loss_aux 0.270, Train_accy 90.50:  35%|███▌      | 7/20 [20:31<37:14, 171.91s/it]
Task 5, Epoch 8/20 => Loss 0.547, Loss_clf 0.299, Loss_aux 0.248, Train_accy 91.10:  35%|███▌      | 7/20 [22:59<37:14, 171.91s/it]
Task 5, Epoch 8/20 => Loss 0.547, Loss_clf 0.299, Loss_aux 0.248, Train_accy 91.10:  40%|████      | 8/20 [22:59<32:52, 164.40s/it]
Task 5, Epoch 9/20 => Loss 0.551, Loss_clf 0.299, Loss_aux 0.252, Train_accy 91.14:  40%|████      | 8/20 [25:20<32:52, 164.40s/it]
Task 5, Epoch 9/20 => Loss 0.551, Loss_clf 0.299, Loss_aux 0.252, Train_accy 91.14:  45%|████▌     | 9/20 [25:20<28:49, 157.24s/it]
Task 5, Epoch 10/20 => Loss 0.526, Loss_clf 0.286, Loss_aux 0.240, Train_accy 91.36:  45%|████▌     | 9/20 [27:48<28:49, 157.24s/it]
Task 5, Epoch 10/20 => Loss 0.526, Loss_clf 0.286, Loss_aux 0.240, Train_accy 91.36:  50%|█████     | 10/20 [27:48<25:42, 154.22s/it]
Task 5, Epoch 11/20 => Loss 0.538, Loss_clf 0.295, Loss_aux 0.243, Train_accy 91.61, Test_accy 87.25:  50%|█████     | 10/20 [31:50<25:42, 154.22s/it]
Task 5, Epoch 11/20 => Loss 0.538, Loss_clf 0.295, Loss_aux 0.243, Train_accy 91.61, Test_accy 87.25:  55%|█████▌    | 11/20 [31:50<27:09, 181.09s/it]
Task 5, Epoch 12/20 => Loss 0.515, Loss_clf 0.287, Loss_aux 0.228, Train_accy 91.71:  55%|█████▌    | 11/20 [34:18<27:09, 181.09s/it]                 
Task 5, Epoch 12/20 => Loss 0.515, Loss_clf 0.287, Loss_aux 0.228, Train_accy 91.71:  60%|██████    | 12/20 [34:18<22:49, 171.16s/it]
Task 5, Epoch 13/20 => Loss 0.508, Loss_clf 0.278, Loss_aux 0.231, Train_accy 91.49:  60%|██████    | 12/20 [36:40<22:49, 171.16s/it]
Task 5, Epoch 13/20 => Loss 0.508, Loss_clf 0.278, Loss_aux 0.231, Train_accy 91.49:  65%|██████▌   | 13/20 [36:40<18:55, 162.27s/it]
Task 5, Epoch 14/20 => Loss 0.467, Loss_clf 0.260, Loss_aux 0.207, Train_accy 92.41:  65%|██████▌   | 13/20 [39:09<18:55, 162.27s/it]
Task 5, Epoch 14/20 => Loss 0.467, Loss_clf 0.260, Loss_aux 0.207, Train_accy 92.41:  70%|███████   | 14/20 [39:09<15:48, 158.09s/it]
Task 5, Epoch 15/20 => Loss 0.504, Loss_clf 0.273, Loss_aux 0.231, Train_accy 92.04:  70%|███████   | 14/20 [41:37<15:48, 158.09s/it]
Task 5, Epoch 15/20 => Loss 0.504, Loss_clf 0.273, Loss_aux 0.231, Train_accy 92.04:  75%|███████▌  | 15/20 [41:37<12:55, 155.18s/it]
Task 5, Epoch 16/20 => Loss 0.477, Loss_clf 0.262, Loss_aux 0.215, Train_accy 92.30, Test_accy 87.82:  75%|███████▌  | 15/20 [45:39<12:55, 155.18s/it]
Task 5, Epoch 16/20 => Loss 0.477, Loss_clf 0.262, Loss_aux 0.215, Train_accy 92.30, Test_accy 87.82:  80%|████████  | 16/20 [45:39<12:05, 181.43s/it]
Task 5, Epoch 17/20 => Loss 0.476, Loss_clf 0.266, Loss_aux 0.210, Train_accy 92.26:  80%|████████  | 16/20 [48:01<12:05, 181.43s/it]                 
Task 5, Epoch 17/20 => Loss 0.476, Loss_clf 0.266, Loss_aux 0.210, Train_accy 92.26:  85%|████████▌ | 17/20 [48:01<08:28, 169.57s/it]
Task 5, Epoch 18/20 => Loss 0.448, Loss_clf 0.247, Loss_aux 0.201, Train_accy 92.47:  85%|████████▌ | 17/20 [50:29<08:28, 169.57s/it]
Task 5, Epoch 18/20 => Loss 0.448, Loss_clf 0.247, Loss_aux 0.201, Train_accy 92.47:  90%|█████████ | 18/20 [50:29<05:26, 163.07s/it]
Task 5, Epoch 19/20 => Loss 0.468, Loss_clf 0.257, Loss_aux 0.211, Train_accy 92.63:  90%|█████████ | 18/20 [52:52<05:26, 163.07s/it]
Task 5, Epoch 19/20 => Loss 0.468, Loss_clf 0.257, Loss_aux 0.211, Train_accy 92.63:  95%|█████████▌| 19/20 [52:52<02:36, 156.82s/it]
Task 5, Epoch 20/20 => Loss 0.448, Loss_clf 0.253, Loss_aux 0.195, Train_accy 92.60:  95%|█████████▌| 19/20 [55:19<02:36, 156.82s/it]
Task 5, Epoch 20/20 => Loss 0.448, Loss_clf 0.253, Loss_aux 0.195, Train_accy 92.60: 100%|██████████| 20/20 [55:19<00:00, 154.00s/it]
Task 5, Epoch 20/20 => Loss 0.448, Loss_clf 0.253, Loss_aux 0.195, Train_accy 92.60: 100%|██████████| 20/20 [55:19<00:00, 165.97s/it]
2025-05-25 16:32:26,777 [der.py] => Task 5, Epoch 20/20 => Loss 0.448, Loss_clf 0.253, Loss_aux 0.195, Train_accy 92.60
2025-05-25 16:32:26,801 [base.py] => Reducing exemplars...(33 per classes)
2025-05-25 16:33:08,666 [base.py] => Constructing exemplars...(33 per classes)
Time for task 5: 3465.7936902046204
2025-05-25 16:38:03,436 [der.py] => Exemplar size: 1980
2025-05-25 16:38:03,438 [trainer.py] => CNN: {'total': 87.87, '00-09': 83.3, '10-19': 83.3, '20-29': 88.0, '30-39': 87.0, '40-49': 89.1, '50-59': 96.5, 'old': 86.14, 'new': 96.5}
2025-05-25 16:38:03,438 [trainer.py] => NME: {'total': 90.32, '00-09': 89.6, '10-19': 86.5, '20-29': 93.3, '30-39': 89.2, '40-49': 91.5, '50-59': 91.8, 'old': 90.02, 'new': 91.8}
2025-05-25 16:38:03,438 [trainer.py] => CNN top1 curve: [98.2, 95.75, 94.87, 92.8, 89.34, 87.87]
2025-05-25 16:38:03,438 [trainer.py] => CNN top5 curve: [100.0, 99.7, 99.3, 99.0, 98.48, 98.12]
2025-05-25 16:38:03,438 [trainer.py] => NME top1 curve: [98.4, 96.0, 95.47, 93.32, 91.7, 90.32]
2025-05-25 16:38:03,438 [trainer.py] => NME top5 curve: [100.0, 99.55, 99.53, 99.42, 99.4, 99.0]

Average Accuracy (CNN): 93.14
Average Accuracy (NME): 94.2
2025-05-25 16:38:03,438 [trainer.py] => Average Accuracy (CNN): 93.14
2025-05-25 16:38:03,438 [trainer.py] => Average Accuracy (NME): 94.2
2025-05-25 16:38:03,444 [trainer.py] => All params: 515076935
2025-05-25 16:38:03,449 [trainer.py] => Trainable params: 86083655
2025-05-25 16:38:09,896 [der.py] => Learning on 60-70
2025-05-25 16:38:09,930 [der.py] => All params: 600975441
2025-05-25 16:38:09,938 [der.py] => Trainable params: 86183505

  0%|          | 0/20 [00:00<?, ?it/s]
Task 6, Epoch 1/20 => Loss 1.531, Loss_clf 0.928, Loss_aux 0.603, Train_accy 81.62, Test_accy 85.70:   0%|          | 0/20 [05:07<?, ?it/s]
Task 6, Epoch 1/20 => Loss 1.531, Loss_clf 0.928, Loss_aux 0.603, Train_accy 81.62, Test_accy 85.70:   5%|▌         | 1/20 [05:07<1:37:19, 307.34s/it]
Task 6, Epoch 2/20 => Loss 0.627, Loss_clf 0.348, Loss_aux 0.279, Train_accy 89.54:   5%|▌         | 1/20 [07:57<1:37:19, 307.34s/it]                 
Task 6, Epoch 2/20 => Loss 0.627, Loss_clf 0.348, Loss_aux 0.279, Train_accy 89.54:  10%|█         | 2/20 [07:57<1:07:55, 226.42s/it]
Task 6, Epoch 3/20 => Loss 0.559, Loss_clf 0.314, Loss_aux 0.245, Train_accy 91.49:  10%|█         | 2/20 [10:39<1:07:55, 226.42s/it]
Task 6, Epoch 3/20 => Loss 0.559, Loss_clf 0.314, Loss_aux 0.245, Train_accy 91.49:  15%|█▌        | 3/20 [10:39<55:48, 196.96s/it]  
Task 6, Epoch 4/20 => Loss 0.539, Loss_clf 0.304, Loss_aux 0.235, Train_accy 91.30:  15%|█▌        | 3/20 [13:20<55:48, 196.96s/it]
Task 6, Epoch 4/20 => Loss 0.539, Loss_clf 0.304, Loss_aux 0.235, Train_accy 91.30:  20%|██        | 4/20 [13:20<48:48, 183.01s/it]
Task 6, Epoch 5/20 => Loss 0.505, Loss_clf 0.282, Loss_aux 0.222, Train_accy 92.22:  20%|██        | 4/20 [16:08<48:48, 183.01s/it]
Task 6, Epoch 5/20 => Loss 0.505, Loss_clf 0.282, Loss_aux 0.222, Train_accy 92.22:  25%|██▌       | 5/20 [16:08<44:24, 177.66s/it]
Task 6, Epoch 6/20 => Loss 0.497, Loss_clf 0.278, Loss_aux 0.220, Train_accy 92.15, Test_accy 85.91:  25%|██▌       | 5/20 [21:02<44:24, 177.66s/it]
Task 6, Epoch 6/20 => Loss 0.497, Loss_clf 0.278, Loss_aux 0.220, Train_accy 92.15, Test_accy 85.91:  30%|███       | 6/20 [21:02<50:39, 217.10s/it]
Task 6, Epoch 7/20 => Loss 0.508, Loss_clf 0.292, Loss_aux 0.216, Train_accy 91.98:  30%|███       | 6/20 [23:44<50:39, 217.10s/it]                 
Task 6, Epoch 7/20 => Loss 0.508, Loss_clf 0.292, Loss_aux 0.216, Train_accy 91.98:  35%|███▌      | 7/20 [23:44<43:07, 199.05s/it]
Task 6, Epoch 8/20 => Loss 0.489, Loss_clf 0.269, Loss_aux 0.220, Train_accy 92.62:  35%|███▌      | 7/20 [26:32<43:07, 199.05s/it]
Task 6, Epoch 8/20 => Loss 0.489, Loss_clf 0.269, Loss_aux 0.220, Train_accy 92.62:  40%|████      | 8/20 [26:32<37:51, 189.33s/it]
Task 6, Epoch 9/20 => Loss 0.458, Loss_clf 0.257, Loss_aux 0.202, Train_accy 92.71:  40%|████      | 8/20 [29:14<37:51, 189.33s/it]
Task 6, Epoch 9/20 => Loss 0.458, Loss_clf 0.257, Loss_aux 0.202, Train_accy 92.71:  45%|████▌     | 9/20 [29:14<33:08, 180.81s/it]
Task 6, Epoch 10/20 => Loss 0.448, Loss_clf 0.254, Loss_aux 0.194, Train_accy 92.69:  45%|████▌     | 9/20 [31:57<33:08, 180.81s/it]
Task 6, Epoch 10/20 => Loss 0.448, Loss_clf 0.254, Loss_aux 0.194, Train_accy 92.69:  50%|█████     | 10/20 [31:57<29:11, 175.14s/it]
Task 6, Epoch 11/20 => Loss 0.420, Loss_clf 0.245, Loss_aux 0.175, Train_accy 93.11, Test_accy 87.37:  50%|█████     | 10/20 [36:51<29:11, 175.14s/it]
Task 6, Epoch 11/20 => Loss 0.420, Loss_clf 0.245, Loss_aux 0.175, Train_accy 93.11, Test_accy 87.37:  55%|█████▌    | 11/20 [36:51<31:44, 211.63s/it]
Task 6, Epoch 12/20 => Loss 0.431, Loss_clf 0.246, Loss_aux 0.185, Train_accy 93.57:  55%|█████▌    | 11/20 [39:39<31:44, 211.63s/it]                 
Task 6, Epoch 12/20 => Loss 0.431, Loss_clf 0.246, Loss_aux 0.185, Train_accy 93.57:  60%|██████    | 12/20 [39:39<26:27, 198.41s/it]
Task 6, Epoch 13/20 => Loss 0.452, Loss_clf 0.258, Loss_aux 0.194, Train_accy 92.74:  60%|██████    | 12/20 [42:21<26:27, 198.41s/it]
Task 6, Epoch 13/20 => Loss 0.452, Loss_clf 0.258, Loss_aux 0.194, Train_accy 92.74:  65%|██████▌   | 13/20 [42:21<21:51, 187.31s/it]
Task 6, Epoch 14/20 => Loss 0.423, Loss_clf 0.240, Loss_aux 0.183, Train_accy 93.28:  65%|██████▌   | 13/20 [45:03<21:51, 187.31s/it]
Task 6, Epoch 14/20 => Loss 0.423, Loss_clf 0.240, Loss_aux 0.183, Train_accy 93.28:  70%|███████   | 14/20 [45:03<17:56, 179.46s/it]
Task 6, Epoch 15/20 => Loss 0.428, Loss_clf 0.249, Loss_aux 0.180, Train_accy 92.88:  70%|███████   | 14/20 [47:51<17:56, 179.46s/it]
Task 6, Epoch 15/20 => Loss 0.428, Loss_clf 0.249, Loss_aux 0.180, Train_accy 92.88:  75%|███████▌  | 15/20 [47:51<14:40, 176.16s/it]
Task 6, Epoch 16/20 => Loss 0.406, Loss_clf 0.236, Loss_aux 0.169, Train_accy 93.54, Test_accy 86.59:  75%|███████▌  | 15/20 [52:45<14:40, 176.16s/it]
Task 6, Epoch 16/20 => Loss 0.406, Loss_clf 0.236, Loss_aux 0.169, Train_accy 93.54, Test_accy 86.59:  80%|████████  | 16/20 [52:45<14:05, 211.49s/it]
Task 6, Epoch 17/20 => Loss 0.364, Loss_clf 0.203, Loss_aux 0.161, Train_accy 94.56:  80%|████████  | 16/20 [55:27<14:05, 211.49s/it]                 
Task 6, Epoch 17/20 => Loss 0.364, Loss_clf 0.203, Loss_aux 0.161, Train_accy 94.56:  85%|████████▌ | 17/20 [55:27<09:50, 196.81s/it]
Task 6, Epoch 18/20 => Loss 0.375, Loss_clf 0.216, Loss_aux 0.159, Train_accy 94.13:  85%|████████▌ | 17/20 [58:09<09:50, 196.81s/it]
Task 6, Epoch 18/20 => Loss 0.375, Loss_clf 0.216, Loss_aux 0.159, Train_accy 94.13:  90%|█████████ | 18/20 [58:09<06:12, 186.25s/it]
Task 6, Epoch 19/20 => Loss 0.375, Loss_clf 0.217, Loss_aux 0.158, Train_accy 93.93:  90%|█████████ | 18/20 [1:00:57<06:12, 186.25s/it]
Task 6, Epoch 19/20 => Loss 0.375, Loss_clf 0.217, Loss_aux 0.158, Train_accy 93.93:  95%|█████████▌| 19/20 [1:00:57<03:00, 180.87s/it]
Task 6, Epoch 20/20 => Loss 0.410, Loss_clf 0.233, Loss_aux 0.178, Train_accy 93.57:  95%|█████████▌| 19/20 [1:03:40<03:00, 180.87s/it]
Task 6, Epoch 20/20 => Loss 0.410, Loss_clf 0.233, Loss_aux 0.178, Train_accy 93.57: 100%|██████████| 20/20 [1:03:40<00:00, 175.28s/it]
Task 6, Epoch 20/20 => Loss 0.410, Loss_clf 0.233, Loss_aux 0.178, Train_accy 93.57: 100%|██████████| 20/20 [1:03:40<00:00, 191.00s/it]
2025-05-25 17:41:50,069 [der.py] => Task 6, Epoch 20/20 => Loss 0.410, Loss_clf 0.233, Loss_aux 0.178, Train_accy 93.57
2025-05-25 17:41:50,090 [base.py] => Reducing exemplars...(28 per classes)
2025-05-25 17:42:41,712 [base.py] => Constructing exemplars...(28 per classes)
Time for task 6: 3984.943253517151
2025-05-25 17:48:54,502 [der.py] => Exemplar size: 1960
2025-05-25 17:48:54,549 [trainer.py] => CNN: {'total': 87.37, '00-09': 83.6, '10-19': 78.9, '20-29': 89.6, '30-39': 87.4, '40-49': 88.4, '50-59': 86.1, '60-69': 97.6, 'old': 85.67, 'new': 97.6}
2025-05-25 17:48:54,549 [trainer.py] => NME: {'total': 89.24, '00-09': 87.7, '10-19': 83.6, '20-29': 92.7, '30-39': 88.1, '40-49': 91.6, '50-59': 88.6, '60-69': 92.4, 'old': 88.72, 'new': 92.4}
2025-05-25 17:48:54,549 [trainer.py] => CNN top1 curve: [98.2, 95.75, 94.87, 92.8, 89.34, 87.87, 87.37]
2025-05-25 17:48:54,549 [trainer.py] => CNN top5 curve: [100.0, 99.7, 99.3, 99.0, 98.48, 98.12, 97.8]
2025-05-25 17:48:54,549 [trainer.py] => NME top1 curve: [98.4, 96.0, 95.47, 93.32, 91.7, 90.32, 89.24]
2025-05-25 17:48:54,549 [trainer.py] => NME top5 curve: [100.0, 99.55, 99.53, 99.42, 99.4, 99.0, 98.81]

Average Accuracy (CNN): 92.31
Average Accuracy (NME): 93.49
2025-05-25 17:48:54,550 [trainer.py] => Average Accuracy (CNN): 92.31
2025-05-25 17:48:54,550 [trainer.py] => Average Accuracy (NME): 93.49
2025-05-25 17:48:54,555 [trainer.py] => All params: 600975441
2025-05-25 17:48:54,559 [trainer.py] => Trainable params: 86183505
2025-05-25 17:49:00,124 [der.py] => Learning on 70-80
2025-05-25 17:49:00,132 [der.py] => All params: 686889307
2025-05-25 17:49:00,135 [der.py] => Trainable params: 86298715

  0%|          | 0/20 [00:00<?, ?it/s]
Task 7, Epoch 1/20 => Loss 1.809, Loss_clf 1.183, Loss_aux 0.626, Train_accy 78.79, Test_accy 80.55:   0%|          | 0/20 [06:06<?, ?it/s]
Task 7, Epoch 1/20 => Loss 1.809, Loss_clf 1.183, Loss_aux 0.626, Train_accy 78.79, Test_accy 80.55:   5%|▌         | 1/20 [06:06<1:56:00, 366.36s/it]
Task 7, Epoch 2/20 => Loss 0.800, Loss_clf 0.439, Loss_aux 0.360, Train_accy 87.47:   5%|▌         | 1/20 [09:07<1:56:00, 366.36s/it]                 
Task 7, Epoch 2/20 => Loss 0.800, Loss_clf 0.439, Loss_aux 0.360, Train_accy 87.47:  10%|█         | 2/20 [09:07<1:17:16, 257.58s/it]
Task 7, Epoch 3/20 => Loss 0.717, Loss_clf 0.397, Loss_aux 0.320, Train_accy 88.16:  10%|█         | 2/20 [12:09<1:17:16, 257.58s/it]
Task 7, Epoch 3/20 => Loss 0.717, Loss_clf 0.397, Loss_aux 0.320, Train_accy 88.16:  15%|█▌        | 3/20 [12:09<1:03:08, 222.87s/it]
Task 7, Epoch 4/20 => Loss 0.660, Loss_clf 0.364, Loss_aux 0.296, Train_accy 89.07:  15%|█▌        | 3/20 [15:10<1:03:08, 222.87s/it]
Task 7, Epoch 4/20 => Loss 0.660, Loss_clf 0.364, Loss_aux 0.296, Train_accy 89.07:  20%|██        | 4/20 [15:10<55:00, 206.30s/it]  
Task 7, Epoch 5/20 => Loss 0.628, Loss_clf 0.357, Loss_aux 0.271, Train_accy 89.48:  20%|██        | 4/20 [18:11<55:00, 206.30s/it]
Task 7, Epoch 5/20 => Loss 0.628, Loss_clf 0.357, Loss_aux 0.271, Train_accy 89.48:  25%|██▌       | 5/20 [18:11<49:19, 197.30s/it]
Task 7, Epoch 6/20 => Loss 0.593, Loss_clf 0.330, Loss_aux 0.263, Train_accy 90.49, Test_accy 81.91:  25%|██▌       | 5/20 [24:02<49:19, 197.30s/it]
Task 7, Epoch 6/20 => Loss 0.593, Loss_clf 0.330, Loss_aux 0.263, Train_accy 90.49, Test_accy 81.91:  30%|███       | 6/20 [24:02<58:13, 249.56s/it]
Task 7, Epoch 7/20 => Loss 0.578, Loss_clf 0.317, Loss_aux 0.261, Train_accy 90.39:  30%|███       | 6/20 [27:05<58:13, 249.56s/it]                 
Task 7, Epoch 7/20 => Loss 0.578, Loss_clf 0.317, Loss_aux 0.261, Train_accy 90.39:  35%|███▌      | 7/20 [27:05<49:19, 227.69s/it]
Task 7, Epoch 8/20 => Loss 0.544, Loss_clf 0.302, Loss_aux 0.242, Train_accy 90.78:  35%|███▌      | 7/20 [30:07<49:19, 227.69s/it]
Task 7, Epoch 8/20 => Loss 0.544, Loss_clf 0.302, Loss_aux 0.242, Train_accy 90.78:  40%|████      | 8/20 [30:07<42:38, 213.20s/it]
Task 7, Epoch 9/20 => Loss 0.552, Loss_clf 0.306, Loss_aux 0.246, Train_accy 90.98:  40%|████      | 8/20 [33:09<42:38, 213.20s/it]
Task 7, Epoch 9/20 => Loss 0.552, Loss_clf 0.306, Loss_aux 0.246, Train_accy 90.98:  45%|████▌     | 9/20 [33:09<37:17, 203.42s/it]
Task 7, Epoch 10/20 => Loss 0.535, Loss_clf 0.292, Loss_aux 0.244, Train_accy 91.16:  45%|████▌     | 9/20 [36:11<37:17, 203.42s/it]
Task 7, Epoch 10/20 => Loss 0.535, Loss_clf 0.292, Loss_aux 0.244, Train_accy 91.16:  50%|█████     | 10/20 [36:11<32:47, 196.73s/it]
Task 7, Epoch 11/20 => Loss 0.516, Loss_clf 0.287, Loss_aux 0.229, Train_accy 91.45, Test_accy 81.42:  50%|█████     | 10/20 [42:07<32:47, 196.73s/it]
Task 7, Epoch 11/20 => Loss 0.516, Loss_clf 0.287, Loss_aux 0.229, Train_accy 91.45, Test_accy 81.42:  55%|█████▌    | 11/20 [42:07<36:51, 245.68s/it]
Task 7, Epoch 12/20 => Loss 0.474, Loss_clf 0.260, Loss_aux 0.213, Train_accy 92.54:  55%|█████▌    | 11/20 [45:08<36:51, 245.68s/it]                 
Task 7, Epoch 12/20 => Loss 0.474, Loss_clf 0.260, Loss_aux 0.213, Train_accy 92.54:  60%|██████    | 12/20 [45:08<30:07, 225.99s/it]
Task 7, Epoch 13/20 => Loss 0.503, Loss_clf 0.279, Loss_aux 0.225, Train_accy 91.94:  60%|██████    | 12/20 [48:10<30:07, 225.99s/it]
Task 7, Epoch 13/20 => Loss 0.503, Loss_clf 0.279, Loss_aux 0.225, Train_accy 91.94:  65%|██████▌   | 13/20 [48:10<24:48, 212.62s/it]
Task 7, Epoch 14/20 => Loss 0.505, Loss_clf 0.284, Loss_aux 0.221, Train_accy 91.80:  65%|██████▌   | 13/20 [51:12<24:48, 212.62s/it]
Task 7, Epoch 14/20 => Loss 0.505, Loss_clf 0.284, Loss_aux 0.221, Train_accy 91.80:  70%|███████   | 14/20 [51:12<20:19, 203.25s/it]
Task 7, Epoch 15/20 => Loss 0.482, Loss_clf 0.261, Loss_aux 0.220, Train_accy 92.57:  70%|███████   | 14/20 [54:14<20:19, 203.25s/it]
Task 7, Epoch 15/20 => Loss 0.482, Loss_clf 0.261, Loss_aux 0.220, Train_accy 92.57:  75%|███████▌  | 15/20 [54:14<16:24, 196.82s/it]
Task 7, Epoch 16/20 => Loss 0.459, Loss_clf 0.253, Loss_aux 0.205, Train_accy 93.00, Test_accy 82.30:  75%|███████▌  | 15/20 [1:00:05<16:24, 196.82s/it]
Task 7, Epoch 16/20 => Loss 0.459, Loss_clf 0.253, Loss_aux 0.205, Train_accy 93.00, Test_accy 82.30:  80%|████████  | 16/20 [1:00:05<16:13, 243.29s/it]
Task 7, Epoch 17/20 => Loss 0.467, Loss_clf 0.270, Loss_aux 0.198, Train_accy 92.50:  80%|████████  | 16/20 [1:03:06<16:13, 243.29s/it]                 
Task 7, Epoch 17/20 => Loss 0.467, Loss_clf 0.270, Loss_aux 0.198, Train_accy 92.50:  85%|████████▌ | 17/20 [1:03:06<11:13, 224.64s/it]
Task 7, Epoch 18/20 => Loss 0.426, Loss_clf 0.243, Loss_aux 0.183, Train_accy 93.02:  85%|████████▌ | 17/20 [1:06:08<11:13, 224.64s/it]
Task 7, Epoch 18/20 => Loss 0.426, Loss_clf 0.243, Loss_aux 0.183, Train_accy 93.02:  90%|█████████ | 18/20 [1:06:08<07:03, 211.67s/it]
Task 7, Epoch 19/20 => Loss 0.457, Loss_clf 0.255, Loss_aux 0.202, Train_accy 92.89:  90%|█████████ | 18/20 [1:09:09<07:03, 211.67s/it]
Task 7, Epoch 19/20 => Loss 0.457, Loss_clf 0.255, Loss_aux 0.202, Train_accy 92.89:  95%|█████████▌| 19/20 [1:09:09<03:22, 202.61s/it]
Task 7, Epoch 20/20 => Loss 0.442, Loss_clf 0.244, Loss_aux 0.198, Train_accy 92.96:  95%|█████████▌| 19/20 [1:12:11<03:22, 202.61s/it]
Task 7, Epoch 20/20 => Loss 0.442, Loss_clf 0.244, Loss_aux 0.198, Train_accy 92.96: 100%|██████████| 20/20 [1:12:11<00:00, 196.40s/it]
Task 7, Epoch 20/20 => Loss 0.442, Loss_clf 0.244, Loss_aux 0.198, Train_accy 92.96: 100%|██████████| 20/20 [1:12:11<00:00, 216.57s/it]
2025-05-25 19:01:11,753 [der.py] => Task 7, Epoch 20/20 => Loss 0.442, Loss_clf 0.244, Loss_aux 0.198, Train_accy 92.96
2025-05-25 19:01:11,768 [base.py] => Reducing exemplars...(25 per classes)
2025-05-25 19:02:14,919 [base.py] => Constructing exemplars...(25 per classes)
Time for task 7: 4528.488969326019
2025-05-25 19:10:05,203 [der.py] => Exemplar size: 2000
2025-05-25 19:10:05,238 [trainer.py] => CNN: {'total': 81.28, '00-09': 76.2, '10-19': 80.2, '20-29': 89.0, '30-39': 81.0, '40-49': 75.5, '50-59': 66.3, '60-69': 85.7, '70-79': 96.3, 'old': 79.13, 'new': 96.3}
2025-05-25 19:10:05,238 [trainer.py] => NME: {'total': 86.71, '00-09': 85.6, '10-19': 82.2, '20-29': 92.7, '30-39': 86.7, '40-49': 88.6, '50-59': 79.7, '60-69': 88.3, '70-79': 89.9, 'old': 86.26, 'new': 89.9}
2025-05-25 19:10:05,238 [trainer.py] => CNN top1 curve: [98.2, 95.75, 94.87, 92.8, 89.34, 87.87, 87.37, 81.28]
2025-05-25 19:10:05,238 [trainer.py] => CNN top5 curve: [100.0, 99.7, 99.3, 99.0, 98.48, 98.12, 97.8, 96.71]
2025-05-25 19:10:05,238 [trainer.py] => NME top1 curve: [98.4, 96.0, 95.47, 93.32, 91.7, 90.32, 89.24, 86.71]
2025-05-25 19:10:05,238 [trainer.py] => NME top5 curve: [100.0, 99.55, 99.53, 99.42, 99.4, 99.0, 98.81, 98.44]

Average Accuracy (CNN): 90.94
Average Accuracy (NME): 92.65
2025-05-25 19:10:05,238 [trainer.py] => Average Accuracy (CNN): 90.94
2025-05-25 19:10:05,238 [trainer.py] => Average Accuracy (NME): 92.65
2025-05-25 19:10:05,243 [trainer.py] => All params: 686889307
2025-05-25 19:10:05,248 [trainer.py] => Trainable params: 86298715
2025-05-25 19:10:11,305 [der.py] => Learning on 80-90
2025-05-25 19:10:11,333 [der.py] => All params: 772818533
2025-05-25 19:10:11,338 [der.py] => Trainable params: 86429285

  0%|          | 0/20 [00:00<?, ?it/s]
Task 8, Epoch 1/20 => Loss 1.718, Loss_clf 1.070, Loss_aux 0.648, Train_accy 79.71, Test_accy 78.44:   0%|          | 0/20 [07:09<?, ?it/s]
Task 8, Epoch 1/20 => Loss 1.718, Loss_clf 1.070, Loss_aux 0.648, Train_accy 79.71, Test_accy 78.44:   5%|▌         | 1/20 [07:09<2:16:02, 429.61s/it]
Task 8, Epoch 2/20 => Loss 0.771, Loss_clf 0.420, Loss_aux 0.351, Train_accy 88.30:   5%|▌         | 1/20 [10:38<2:16:02, 429.61s/it]                 
Task 8, Epoch 2/20 => Loss 0.771, Loss_clf 0.420, Loss_aux 0.351, Train_accy 88.30:  10%|█         | 2/20 [10:38<1:29:56, 299.79s/it]
Task 8, Epoch 3/20 => Loss 0.671, Loss_clf 0.371, Loss_aux 0.300, Train_accy 89.47:  10%|█         | 2/20 [14:01<1:29:56, 299.79s/it]
Task 8, Epoch 3/20 => Loss 0.671, Loss_clf 0.371, Loss_aux 0.300, Train_accy 89.47:  15%|█▌        | 3/20 [14:01<1:12:27, 255.71s/it]
Task 8, Epoch 4/20 => Loss 0.613, Loss_clf 0.343, Loss_aux 0.270, Train_accy 90.26:  15%|█▌        | 3/20 [17:18<1:12:27, 255.71s/it]
Task 8, Epoch 4/20 => Loss 0.613, Loss_clf 0.343, Loss_aux 0.270, Train_accy 90.26:  20%|██        | 4/20 [17:18<1:01:58, 232.43s/it]
Task 8, Epoch 5/20 => Loss 0.602, Loss_clf 0.329, Loss_aux 0.273, Train_accy 90.77:  20%|██        | 4/20 [20:41<1:01:58, 232.43s/it]
Task 8, Epoch 5/20 => Loss 0.602, Loss_clf 0.329, Loss_aux 0.273, Train_accy 90.77:  25%|██▌       | 5/20 [20:41<55:26, 221.75s/it]  
Task 8, Epoch 6/20 => Loss 0.536, Loss_clf 0.297, Loss_aux 0.240, Train_accy 91.56, Test_accy 79.52:  25%|██▌       | 5/20 [27:38<55:26, 221.75s/it]
Task 8, Epoch 6/20 => Loss 0.536, Loss_clf 0.297, Loss_aux 0.240, Train_accy 91.56, Test_accy 79.52:  30%|███       | 6/20 [27:38<1:07:14, 288.15s/it]
Task 8, Epoch 7/20 => Loss 0.546, Loss_clf 0.298, Loss_aux 0.247, Train_accy 91.60:  30%|███       | 6/20 [31:01<1:07:14, 288.15s/it]                 
Task 8, Epoch 7/20 => Loss 0.546, Loss_clf 0.298, Loss_aux 0.247, Train_accy 91.60:  35%|███▌      | 7/20 [31:01<56:23, 260.26s/it]  
Task 8, Epoch 8/20 => Loss 0.534, Loss_clf 0.299, Loss_aux 0.236, Train_accy 91.47:  35%|███▌      | 7/20 [34:23<56:23, 260.26s/it]
Task 8, Epoch 8/20 => Loss 0.534, Loss_clf 0.299, Loss_aux 0.236, Train_accy 91.47:  40%|████      | 8/20 [34:23<48:23, 241.93s/it]
Task 8, Epoch 9/20 => Loss 0.511, Loss_clf 0.288, Loss_aux 0.223, Train_accy 91.77:  40%|████      | 8/20 [37:41<48:23, 241.93s/it]
Task 8, Epoch 9/20 => Loss 0.511, Loss_clf 0.288, Loss_aux 0.223, Train_accy 91.77:  45%|████▌     | 9/20 [37:41<41:47, 227.97s/it]
Task 8, Epoch 10/20 => Loss 0.490, Loss_clf 0.269, Loss_aux 0.221, Train_accy 92.31:  45%|████▌     | 9/20 [41:04<41:47, 227.97s/it]
Task 8, Epoch 10/20 => Loss 0.490, Loss_clf 0.269, Loss_aux 0.221, Train_accy 92.31:  50%|█████     | 10/20 [41:04<36:42, 220.24s/it]
Task 8, Epoch 11/20 => Loss 0.473, Loss_clf 0.261, Loss_aux 0.213, Train_accy 92.56, Test_accy 80.76:  50%|█████     | 10/20 [48:00<36:42, 220.24s/it]
Task 8, Epoch 11/20 => Loss 0.473, Loss_clf 0.261, Loss_aux 0.213, Train_accy 92.56, Test_accy 80.76:  55%|█████▌    | 11/20 [48:00<42:03, 280.37s/it]
Task 8, Epoch 12/20 => Loss 0.483, Loss_clf 0.269, Loss_aux 0.214, Train_accy 92.34:  55%|█████▌    | 11/20 [51:24<42:03, 280.37s/it]                 
Task 8, Epoch 12/20 => Loss 0.483, Loss_clf 0.269, Loss_aux 0.214, Train_accy 92.34:  60%|██████    | 12/20 [51:24<34:15, 256.92s/it]
Task 8, Epoch 13/20 => Loss 0.467, Loss_clf 0.256, Loss_aux 0.211, Train_accy 92.67:  60%|██████    | 12/20 [54:46<34:15, 256.92s/it]
Task 8, Epoch 13/20 => Loss 0.467, Loss_clf 0.256, Loss_aux 0.211, Train_accy 92.67:  65%|██████▌   | 13/20 [54:46<28:03, 240.49s/it]
Task 8, Epoch 14/20 => Loss 0.424, Loss_clf 0.241, Loss_aux 0.184, Train_accy 93.19:  65%|██████▌   | 13/20 [58:03<28:03, 240.49s/it]
Task 8, Epoch 14/20 => Loss 0.424, Loss_clf 0.241, Loss_aux 0.184, Train_accy 93.19:  70%|███████   | 14/20 [58:03<22:44, 227.40s/it]
Task 8, Epoch 15/20 => Loss 0.461, Loss_clf 0.261, Loss_aux 0.200, Train_accy 92.89:  70%|███████   | 14/20 [1:01:26<22:44, 227.40s/it]
Task 8, Epoch 15/20 => Loss 0.461, Loss_clf 0.261, Loss_aux 0.200, Train_accy 92.89:  75%|███████▌  | 15/20 [1:01:26<18:19, 219.87s/it]
Task 8, Epoch 16/20 => Loss 0.448, Loss_clf 0.253, Loss_aux 0.195, Train_accy 92.71, Test_accy 80.19:  75%|███████▌  | 15/20 [1:08:22<18:19, 219.87s/it]
Task 8, Epoch 16/20 => Loss 0.448, Loss_clf 0.253, Loss_aux 0.195, Train_accy 92.71, Test_accy 80.19:  80%|████████  | 16/20 [1:08:22<18:35, 278.95s/it]
Task 8, Epoch 17/20 => Loss 0.433, Loss_clf 0.243, Loss_aux 0.190, Train_accy 93.06:  80%|████████  | 16/20 [1:11:45<18:35, 278.95s/it]                 
Task 8, Epoch 17/20 => Loss 0.433, Loss_clf 0.243, Loss_aux 0.190, Train_accy 93.06:  85%|████████▌ | 17/20 [1:11:45<12:48, 256.10s/it]
Task 8, Epoch 18/20 => Loss 0.428, Loss_clf 0.244, Loss_aux 0.184, Train_accy 93.19:  85%|████████▌ | 17/20 [1:15:08<12:48, 256.10s/it]
Task 8, Epoch 18/20 => Loss 0.428, Loss_clf 0.244, Loss_aux 0.184, Train_accy 93.19:  90%|█████████ | 18/20 [1:15:08<08:00, 240.07s/it]
Task 8, Epoch 19/20 => Loss 0.420, Loss_clf 0.240, Loss_aux 0.179, Train_accy 93.24:  90%|█████████ | 18/20 [1:18:25<08:00, 240.07s/it]
Task 8, Epoch 19/20 => Loss 0.420, Loss_clf 0.240, Loss_aux 0.179, Train_accy 93.24:  95%|█████████▌| 19/20 [1:18:25<03:47, 227.21s/it]
Task 8, Epoch 20/20 => Loss 0.426, Loss_clf 0.240, Loss_aux 0.186, Train_accy 93.56:  95%|█████████▌| 19/20 [1:21:48<03:47, 227.21s/it]
Task 8, Epoch 20/20 => Loss 0.426, Loss_clf 0.240, Loss_aux 0.186, Train_accy 93.56: 100%|██████████| 20/20 [1:21:48<00:00, 219.83s/it]
Task 8, Epoch 20/20 => Loss 0.426, Loss_clf 0.240, Loss_aux 0.186, Train_accy 93.56: 100%|██████████| 20/20 [1:21:48<00:00, 245.40s/it]
2025-05-25 20:31:59,596 [der.py] => Task 8, Epoch 20/20 => Loss 0.426, Loss_clf 0.240, Loss_aux 0.186, Train_accy 93.56
2025-05-25 20:31:59,622 [base.py] => Reducing exemplars...(22 per classes)
2025-05-25 20:33:13,505 [base.py] => Constructing exemplars...(22 per classes)
Time for task 8: 5125.99120759964
2025-05-25 20:42:43,213 [der.py] => Exemplar size: 1980
2025-05-25 20:42:43,256 [trainer.py] => CNN: {'total': 79.58, '00-09': 73.9, '10-19': 71.2, '20-29': 80.7, '30-39': 79.9, '40-49': 74.8, '50-59': 72.4, '60-69': 82.5, '70-79': 83.5, '80-89': 97.3, 'old': 77.36, 'new': 97.3}
2025-05-25 20:42:43,256 [trainer.py] => NME: {'total': 84.81, '00-09': 82.2, '10-19': 79.2, '20-29': 91.0, '30-39': 85.6, '40-49': 83.5, '50-59': 77.2, '60-69': 87.5, '70-79': 88.1, '80-89': 89.0, 'old': 84.29, 'new': 89.0}
2025-05-25 20:42:43,256 [trainer.py] => CNN top1 curve: [98.2, 95.75, 94.87, 92.8, 89.34, 87.87, 87.37, 81.28, 79.58]
2025-05-25 20:42:43,256 [trainer.py] => CNN top5 curve: [100.0, 99.7, 99.3, 99.0, 98.48, 98.12, 97.8, 96.71, 95.69]
2025-05-25 20:42:43,256 [trainer.py] => NME top1 curve: [98.4, 96.0, 95.47, 93.32, 91.7, 90.32, 89.24, 86.71, 84.81]
2025-05-25 20:42:43,256 [trainer.py] => NME top5 curve: [100.0, 99.55, 99.53, 99.42, 99.4, 99.0, 98.81, 98.44, 97.7]

Average Accuracy (CNN): 89.67
Average Accuracy (NME): 91.77
2025-05-25 20:42:43,256 [trainer.py] => Average Accuracy (CNN): 89.67
2025-05-25 20:42:43,256 [trainer.py] => Average Accuracy (NME): 91.77
2025-05-25 20:42:43,263 [trainer.py] => All params: 772818533
2025-05-25 20:42:43,268 [trainer.py] => Trainable params: 86429285
2025-05-25 20:42:49,892 [der.py] => Learning on 90-100
2025-05-25 20:42:49,907 [der.py] => All params: 858763119
2025-05-25 20:42:49,917 [der.py] => Trainable params: 86575215

  0%|          | 0/20 [00:00<?, ?it/s]
Task 9, Epoch 1/20 => Loss 1.731, Loss_clf 1.088, Loss_aux 0.643, Train_accy 79.94, Test_accy 78.30:   0%|          | 0/20 [08:15<?, ?it/s]
Task 9, Epoch 1/20 => Loss 1.731, Loss_clf 1.088, Loss_aux 0.643, Train_accy 79.94, Test_accy 78.30:   5%|▌         | 1/20 [08:15<2:36:59, 495.77s/it]
Task 9, Epoch 2/20 => Loss 0.748, Loss_clf 0.411, Loss_aux 0.337, Train_accy 88.50:   5%|▌         | 1/20 [12:09<2:36:59, 495.77s/it]                 
Task 9, Epoch 2/20 => Loss 0.748, Loss_clf 0.411, Loss_aux 0.337, Train_accy 88.50:  10%|█         | 2/20 [12:09<1:42:33, 341.87s/it]
Task 9, Epoch 3/20 => Loss 0.664, Loss_clf 0.364, Loss_aux 0.300, Train_accy 89.14:  10%|█         | 2/20 [15:46<1:42:33, 341.87s/it]
Task 9, Epoch 3/20 => Loss 0.664, Loss_clf 0.364, Loss_aux 0.300, Train_accy 89.14:  15%|█▌        | 3/20 [15:46<1:20:39, 284.66s/it]
Task 9, Epoch 4/20 => Loss 0.612, Loss_clf 0.335, Loss_aux 0.277, Train_accy 90.17:  15%|█▌        | 3/20 [19:22<1:20:39, 284.66s/it]
Task 9, Epoch 4/20 => Loss 0.612, Loss_clf 0.335, Loss_aux 0.277, Train_accy 90.17:  20%|██        | 4/20 [19:22<1:08:42, 257.64s/it]
Task 9, Epoch 5/20 => Loss 0.585, Loss_clf 0.322, Loss_aux 0.262, Train_accy 90.72:  20%|██        | 4/20 [23:07<1:08:42, 257.64s/it]
Task 9, Epoch 5/20 => Loss 0.585, Loss_clf 0.322, Loss_aux 0.262, Train_accy 90.72:  25%|██▌       | 5/20 [23:07<1:01:25, 245.71s/it]
Task 9, Epoch 6/20 => Loss 0.575, Loss_clf 0.320, Loss_aux 0.255, Train_accy 90.72, Test_accy 78.36:  25%|██▌       | 5/20 [31:12<1:01:25, 245.71s/it]
Task 9, Epoch 6/20 => Loss 0.575, Loss_clf 0.320, Loss_aux 0.255, Train_accy 90.72, Test_accy 78.36:  30%|███       | 6/20 [31:12<1:16:19, 327.08s/it]
Task 9, Epoch 7/20 => Loss 0.539, Loss_clf 0.297, Loss_aux 0.242, Train_accy 91.35:  30%|███       | 6/20 [34:48<1:16:19, 327.08s/it]                 
Task 9, Epoch 7/20 => Loss 0.539, Loss_clf 0.297, Loss_aux 0.242, Train_accy 91.35:  35%|███▌      | 7/20 [34:48<1:02:59, 290.77s/it]
Task 9, Epoch 8/20 => Loss 0.516, Loss_clf 0.286, Loss_aux 0.230, Train_accy 91.79:  35%|███▌      | 7/20 [38:30<1:02:59, 290.77s/it]
Task 9, Epoch 8/20 => Loss 0.516, Loss_clf 0.286, Loss_aux 0.230, Train_accy 91.79:  40%|████      | 8/20 [38:30<53:48, 269.00s/it]  
Task 9, Epoch 9/20 => Loss 0.526, Loss_clf 0.295, Loss_aux 0.231, Train_accy 91.48:  40%|████      | 8/20 [42:07<53:48, 269.00s/it]
Task 9, Epoch 9/20 => Loss 0.526, Loss_clf 0.295, Loss_aux 0.231, Train_accy 91.48:  45%|████▌     | 9/20 [42:07<46:18, 252.60s/it]
Task 9, Epoch 10/20 => Loss 0.518, Loss_clf 0.291, Loss_aux 0.227, Train_accy 91.69:  45%|████▌     | 9/20 [45:50<46:18, 252.60s/it]
Task 9, Epoch 10/20 => Loss 0.518, Loss_clf 0.291, Loss_aux 0.227, Train_accy 91.69:  50%|█████     | 10/20 [45:50<40:34, 243.46s/it]
Task 9, Epoch 11/20 => Loss 0.461, Loss_clf 0.254, Loss_aux 0.207, Train_accy 92.79, Test_accy 78.52:  50%|█████     | 10/20 [53:54<40:34, 243.46s/it]
Task 9, Epoch 11/20 => Loss 0.461, Loss_clf 0.254, Loss_aux 0.207, Train_accy 92.79, Test_accy 78.52:  55%|█████▌    | 11/20 [53:54<47:34, 317.20s/it]
Task 9, Epoch 12/20 => Loss 0.521, Loss_clf 0.291, Loss_aux 0.230, Train_accy 91.78:  55%|█████▌    | 11/20 [57:30<47:34, 317.20s/it]                 
Task 9, Epoch 12/20 => Loss 0.521, Loss_clf 0.291, Loss_aux 0.230, Train_accy 91.78:  60%|██████    | 12/20 [57:30<38:11, 286.40s/it]
Task 9, Epoch 13/20 => Loss 0.457, Loss_clf 0.263, Loss_aux 0.195, Train_accy 92.78:  60%|██████    | 12/20 [1:01:07<38:11, 286.40s/it]
Task 9, Epoch 13/20 => Loss 0.457, Loss_clf 0.263, Loss_aux 0.195, Train_accy 92.78:  65%|██████▌   | 13/20 [1:01:07<30:57, 265.35s/it]
Task 9, Epoch 14/20 => Loss 0.463, Loss_clf 0.256, Loss_aux 0.207, Train_accy 92.85:  65%|██████▌   | 13/20 [1:04:50<30:57, 265.35s/it]
Task 9, Epoch 14/20 => Loss 0.463, Loss_clf 0.256, Loss_aux 0.207, Train_accy 92.85:  70%|███████   | 14/20 [1:04:50<25:14, 252.48s/it]
Task 9, Epoch 15/20 => Loss 0.485, Loss_clf 0.269, Loss_aux 0.215, Train_accy 92.59:  70%|███████   | 14/20 [1:08:26<25:14, 252.48s/it]
Task 9, Epoch 15/20 => Loss 0.485, Loss_clf 0.269, Loss_aux 0.215, Train_accy 92.59:  75%|███████▌  | 15/20 [1:08:26<20:07, 241.57s/it]
Task 9, Epoch 16/20 => Loss 0.449, Loss_clf 0.253, Loss_aux 0.196, Train_accy 92.75, Test_accy 78.24:  75%|███████▌  | 15/20 [1:16:30<20:07, 241.57s/it]
Task 9, Epoch 16/20 => Loss 0.449, Loss_clf 0.253, Loss_aux 0.196, Train_accy 92.75, Test_accy 78.24:  80%|████████  | 16/20 [1:16:30<20:57, 314.49s/it]
Task 9, Epoch 17/20 => Loss 0.437, Loss_clf 0.250, Loss_aux 0.187, Train_accy 93.14:  80%|████████  | 16/20 [1:20:12<20:57, 314.49s/it]                 
Task 9, Epoch 17/20 => Loss 0.437, Loss_clf 0.250, Loss_aux 0.187, Train_accy 93.14:  85%|████████▌ | 17/20 [1:20:12<14:20, 286.82s/it]
Task 9, Epoch 18/20 => Loss 0.460, Loss_clf 0.260, Loss_aux 0.201, Train_accy 92.68:  85%|████████▌ | 17/20 [1:23:49<14:20, 286.82s/it]
Task 9, Epoch 18/20 => Loss 0.460, Loss_clf 0.260, Loss_aux 0.201, Train_accy 92.68:  90%|█████████ | 18/20 [1:23:49<08:51, 265.63s/it]
Task 9, Epoch 19/20 => Loss 0.430, Loss_clf 0.247, Loss_aux 0.183, Train_accy 92.89:  90%|█████████ | 18/20 [1:27:31<08:51, 265.63s/it]
Task 9, Epoch 19/20 => Loss 0.430, Loss_clf 0.247, Loss_aux 0.183, Train_accy 92.89:  95%|█████████▌| 19/20 [1:27:31<04:12, 252.59s/it]
Task 9, Epoch 20/20 => Loss 0.439, Loss_clf 0.247, Loss_aux 0.192, Train_accy 93.15:  95%|█████████▌| 19/20 [1:31:07<04:12, 252.59s/it]
Task 9, Epoch 20/20 => Loss 0.439, Loss_clf 0.247, Loss_aux 0.192, Train_accy 93.15: 100%|██████████| 20/20 [1:31:07<00:00, 241.72s/it]
Task 9, Epoch 20/20 => Loss 0.439, Loss_clf 0.247, Loss_aux 0.192, Train_accy 93.15: 100%|██████████| 20/20 [1:31:07<00:00, 273.39s/it]
2025-05-25 22:13:57,820 [der.py] => Task 9, Epoch 20/20 => Loss 0.439, Loss_clf 0.247, Loss_aux 0.192, Train_accy 93.15
2025-05-25 22:13:57,837 [base.py] => Reducing exemplars...(20 per classes)
2025-05-25 22:15:21,503 [base.py] => Constructing exemplars...(20 per classes)
Time for task 9: 5703.578387022018
2025-05-25 22:26:45,728 [der.py] => Exemplar size: 2000
2025-05-25 22:26:45,761 [trainer.py] => CNN: {'total': 78.75, '00-09': 67.7, '10-19': 70.6, '20-29': 80.8, '30-39': 78.4, '40-49': 69.8, '50-59': 69.6, '60-69': 83.4, '70-79': 80.7, '80-89': 89.6, '90-99': 96.9, 'old': 76.73, 'new': 96.9}
2025-05-25 22:26:45,761 [trainer.py] => NME: {'total': 84.12, '00-09': 80.5, '10-19': 78.5, '20-29': 89.8, '30-39': 83.6, '40-49': 81.8, '50-59': 75.8, '60-69': 86.7, '70-79': 85.6, '80-89': 90.8, '90-99': 88.1, 'old': 83.68, 'new': 88.1}
2025-05-25 22:26:45,761 [trainer.py] => CNN top1 curve: [98.2, 95.75, 94.87, 92.8, 89.34, 87.87, 87.37, 81.28, 79.58, 78.75]
2025-05-25 22:26:45,761 [trainer.py] => CNN top5 curve: [100.0, 99.7, 99.3, 99.0, 98.48, 98.12, 97.8, 96.71, 95.69, 94.54]
2025-05-25 22:26:45,762 [trainer.py] => NME top1 curve: [98.4, 96.0, 95.47, 93.32, 91.7, 90.32, 89.24, 86.71, 84.81, 84.12]
2025-05-25 22:26:45,762 [trainer.py] => NME top5 curve: [100.0, 99.55, 99.53, 99.42, 99.4, 99.0, 98.81, 98.44, 97.7, 97.34]

Average Accuracy (CNN): 88.58
Average Accuracy (NME): 91.01
2025-05-25 22:26:45,762 [trainer.py] => Average Accuracy (CNN): 88.58
2025-05-25 22:26:45,763 [trainer.py] => Average Accuracy (NME): 91.01
Finished cifar224_init10_inc10: vit_base_patch16_224_in21k  
----------------------------------------------------------------------------------------------------
Accuracy Matrix (CNN):
[[98.2 95.4 93.2 90.3 86.1 83.3 83.6 76.2 73.9 67.7]
 [ 0.  96.1 92.5 89.8 80.8 83.3 78.9 80.2 71.2 70.6]
 [ 0.   0.  98.9 95.1 92.8 88.  89.6 89.  80.7 80.8]
 [ 0.   0.   0.  96.  90.1 87.  87.4 81.  79.9 78.4]
 [ 0.   0.   0.   0.  96.9 89.1 88.4 75.5 74.8 69.8]
 [ 0.   0.   0.   0.   0.  96.5 86.1 66.3 72.4 69.6]
 [ 0.   0.   0.   0.   0.   0.  97.6 85.7 82.5 83.4]
 [ 0.   0.   0.   0.   0.   0.   0.  96.3 83.5 80.7]
 [ 0.   0.   0.   0.   0.   0.   0.   0.  97.3 89.6]
 [ 0.   0.   0.   0.   0.   0.   0.   0.   0.  96.9]]
2025-05-25 22:26:45,766 [trainer.py] => Forgetting (CNN): 20.355555555555554
Accuracy Matrix (NME):
[[98.4 97.  95.1 92.9 91.8 89.6 87.7 85.6 82.2 80.5]
 [ 0.  95.  94.  92.2 87.8 86.5 83.6 82.2 79.2 78.5]
 [ 0.   0.  97.3 96.5 94.6 93.3 92.7 92.7 91.  89.8]
 [ 0.   0.   0.  91.7 90.7 89.2 88.1 86.7 85.6 83.6]
 [ 0.   0.   0.   0.  93.6 91.5 91.6 88.6 83.5 81.8]
 [ 0.   0.   0.   0.   0.  91.8 88.6 79.7 77.2 75.8]
 [ 0.   0.   0.   0.   0.   0.  92.4 88.3 87.5 86.7]
 [ 0.   0.   0.   0.   0.   0.   0.  89.9 88.1 85.6]
 [ 0.   0.   0.   0.   0.   0.   0.   0.  89.  90.8]
 [ 0.   0.   0.   0.   0.   0.   0.   0.   0.  88.1]]
2025-05-25 22:26:45,769 [trainer.py] => Forgetting (NME): 9.755555555555558
2025-05-25 22:27:13,089 [trainer.py] => config: ./scripts/der/der_cifar_B0_Inc20.json
2025-05-25 22:27:13,103 [trainer.py] => prefix: reproduce
2025-05-25 22:27:13,104 [trainer.py] => dataset: cifar224
2025-05-25 22:27:13,104 [trainer.py] => memory_size: 2000
2025-05-25 22:27:13,104 [trainer.py] => memory_per_class: 20
2025-05-25 22:27:13,104 [trainer.py] => fixed_memory: False
2025-05-25 22:27:13,104 [trainer.py] => shuffle: True
2025-05-25 22:27:13,104 [trainer.py] => init_cls: 20
2025-05-25 22:27:13,104 [trainer.py] => increment: 20
2025-05-25 22:27:13,104 [trainer.py] => model_name: der
2025-05-25 22:27:13,104 [trainer.py] => backbone_type: vit_base_patch16_224_in21k
2025-05-25 22:27:13,105 [trainer.py] => device: [device(type='cuda', index=1)]
2025-05-25 22:27:13,105 [trainer.py] => seed: 1993
2025-05-25 22:27:13,105 [trainer.py] => init_epoch: 20
2025-05-25 22:27:13,105 [trainer.py] => init_lr: 0.001
2025-05-25 22:27:13,105 [trainer.py] => init_milestones: [60, 120, 170]
2025-05-25 22:27:13,105 [trainer.py] => init_lr_decay: 0.1
2025-05-25 22:27:13,105 [trainer.py] => init_weight_decay: 0.0005
2025-05-25 22:27:13,105 [trainer.py] => epochs: 20
2025-05-25 22:27:13,105 [trainer.py] => lrate: 0.001
2025-05-25 22:27:13,105 [trainer.py] => milestones: [80, 120, 150]
2025-05-25 22:27:13,105 [trainer.py] => lrate_decay: 0.1
2025-05-25 22:27:13,106 [trainer.py] => batch_size: 48
2025-05-25 22:27:13,106 [trainer.py] => weight_decay: 0.0002
2025-05-25 22:27:13,106 [trainer.py] => T: 2
Files already downloaded and verified
Files already downloaded and verified
2025-05-25 22:27:15,694 [data_manager.py] => [68, 56, 78, 8, 23, 84, 90, 65, 74, 76, 40, 89, 3, 92, 55, 9, 26, 80, 43, 38, 58, 70, 77, 1, 85, 19, 17, 50, 28, 53, 13, 81, 45, 82, 6, 59, 83, 16, 15, 44, 91, 41, 72, 60, 79, 52, 20, 10, 31, 54, 37, 95, 14, 71, 96, 98, 97, 2, 64, 66, 42, 22, 35, 86, 24, 34, 87, 21, 99, 0, 88, 27, 18, 94, 11, 12, 47, 25, 30, 46, 62, 69, 36, 61, 7, 63, 75, 5, 32, 4, 51, 48, 73, 93, 39, 67, 29, 49, 57, 33]
2025-05-25 22:27:20,169 [trainer.py] => All params: 0
2025-05-25 22:27:20,169 [trainer.py] => Trainable params: 0
2025-05-25 22:27:27,974 [der.py] => Learning on 0-20
2025-05-25 22:27:27,974 [der.py] => All params: 85830185
2025-05-25 22:27:27,975 [der.py] => Trainable params: 85830185

  0%|          | 0/20 [00:00<?, ?it/s]
Task 0, Epoch 1/20 => Loss 2.317, Train_accy 30.68, Test_accy 87.15:   0%|          | 0/20 [02:17<?, ?it/s]
Task 0, Epoch 1/20 => Loss 2.317, Train_accy 30.68, Test_accy 87.15:   5%|▌         | 1/20 [02:17<43:25, 137.11s/it]
Task 0, Epoch 2/20 => Loss 0.731, Train_accy 78.05:   5%|▌         | 1/20 [03:38<43:25, 137.11s/it]                 
Task 0, Epoch 2/20 => Loss 0.731, Train_accy 78.05:  10%|█         | 2/20 [03:38<31:21, 104.53s/it]
Task 0, Epoch 3/20 => Loss 0.552, Train_accy 83.23:  10%|█         | 2/20 [05:00<31:21, 104.53s/it]
Task 0, Epoch 3/20 => Loss 0.552, Train_accy 83.23:  15%|█▌        | 3/20 [05:00<26:42, 94.26s/it] 
Task 0, Epoch 4/20 => Loss 0.472, Train_accy 86.01:  15%|█▌        | 3/20 [06:18<26:42, 94.26s/it]
Task 0, Epoch 4/20 => Loss 0.472, Train_accy 86.01:  20%|██        | 4/20 [06:18<23:24, 87.78s/it]
Task 0, Epoch 5/20 => Loss 0.418, Train_accy 87.57:  20%|██        | 4/20 [07:30<23:24, 87.78s/it]
Task 0, Epoch 5/20 => Loss 0.418, Train_accy 87.57:  25%|██▌       | 5/20 [07:30<20:28, 81.88s/it]
Task 0, Epoch 6/20 => Loss 0.404, Train_accy 87.60, Test_accy 95.25:  25%|██▌       | 5/20 [08:54<20:28, 81.88s/it]
Task 0, Epoch 6/20 => Loss 0.404, Train_accy 87.60, Test_accy 95.25:  30%|███       | 6/20 [08:54<19:19, 82.84s/it]
Task 0, Epoch 7/20 => Loss 0.377, Train_accy 88.60:  30%|███       | 6/20 [10:13<19:19, 82.84s/it]                 
Task 0, Epoch 7/20 => Loss 0.377, Train_accy 88.60:  35%|███▌      | 7/20 [10:13<17:37, 81.36s/it]
Task 0, Epoch 8/20 => Loss 0.370, Train_accy 88.96:  35%|███▌      | 7/20 [11:24<17:37, 81.36s/it]
Task 0, Epoch 8/20 => Loss 0.370, Train_accy 88.96:  40%|████      | 8/20 [11:24<15:39, 78.28s/it]
Task 0, Epoch 9/20 => Loss 0.371, Train_accy 88.55:  40%|████      | 8/20 [12:43<15:39, 78.28s/it]
Task 0, Epoch 9/20 => Loss 0.371, Train_accy 88.55:  45%|████▌     | 9/20 [12:43<14:21, 78.29s/it]
Task 0, Epoch 10/20 => Loss 0.334, Train_accy 89.97:  45%|████▌     | 9/20 [14:00<14:21, 78.29s/it]
Task 0, Epoch 10/20 => Loss 0.334, Train_accy 89.97:  50%|█████     | 10/20 [14:00<13:00, 78.08s/it]
Task 0, Epoch 11/20 => Loss 0.317, Train_accy 90.42, Test_accy 95.65:  50%|█████     | 10/20 [15:25<13:00, 78.08s/it]
Task 0, Epoch 11/20 => Loss 0.317, Train_accy 90.42, Test_accy 95.65:  55%|█████▌    | 11/20 [15:25<12:00, 80.09s/it]
Task 0, Epoch 12/20 => Loss 0.321, Train_accy 90.08:  55%|█████▌    | 11/20 [16:37<12:00, 80.09s/it]                 
Task 0, Epoch 12/20 => Loss 0.321, Train_accy 90.08:  60%|██████    | 12/20 [16:37<10:20, 77.53s/it]
Task 0, Epoch 13/20 => Loss 0.295, Train_accy 90.88:  60%|██████    | 12/20 [17:55<10:20, 77.53s/it]
Task 0, Epoch 13/20 => Loss 0.295, Train_accy 90.88:  65%|██████▌   | 13/20 [17:55<09:04, 77.80s/it]
Task 0, Epoch 14/20 => Loss 0.300, Train_accy 91.01:  65%|██████▌   | 13/20 [19:14<09:04, 77.80s/it]
Task 0, Epoch 14/20 => Loss 0.300, Train_accy 91.01:  70%|███████   | 14/20 [19:14<07:48, 78.04s/it]
Task 0, Epoch 15/20 => Loss 0.280, Train_accy 91.62:  70%|███████   | 14/20 [20:33<07:48, 78.04s/it]
Task 0, Epoch 15/20 => Loss 0.280, Train_accy 91.62:  75%|███████▌  | 15/20 [20:33<06:32, 78.49s/it]
Task 0, Epoch 16/20 => Loss 0.306, Train_accy 90.29, Test_accy 96.35:  75%|███████▌  | 15/20 [21:52<06:32, 78.49s/it]
Task 0, Epoch 16/20 => Loss 0.306, Train_accy 90.29, Test_accy 96.35:  80%|████████  | 16/20 [21:52<05:14, 78.52s/it]
Task 0, Epoch 17/20 => Loss 0.291, Train_accy 91.30:  80%|████████  | 16/20 [23:10<05:14, 78.52s/it]                 
Task 0, Epoch 17/20 => Loss 0.291, Train_accy 91.30:  85%|████████▌ | 17/20 [23:10<03:54, 78.33s/it]
Task 0, Epoch 18/20 => Loss 0.292, Train_accy 91.39:  85%|████████▌ | 17/20 [24:27<03:54, 78.33s/it]
Task 0, Epoch 18/20 => Loss 0.292, Train_accy 91.39:  90%|█████████ | 18/20 [24:27<02:36, 78.19s/it]
Task 0, Epoch 19/20 => Loss 0.271, Train_accy 91.72:  90%|█████████ | 18/20 [25:45<02:36, 78.19s/it]
Task 0, Epoch 19/20 => Loss 0.271, Train_accy 91.72:  95%|█████████▌| 19/20 [25:45<01:18, 78.06s/it]
Task 0, Epoch 20/20 => Loss 0.272, Train_accy 91.63:  95%|█████████▌| 19/20 [26:57<01:18, 78.06s/it]
Task 0, Epoch 20/20 => Loss 0.272, Train_accy 91.63: 100%|██████████| 20/20 [26:58<00:00, 76.34s/it]
Task 0, Epoch 20/20 => Loss 0.272, Train_accy 91.63: 100%|██████████| 20/20 [26:58<00:00, 80.90s/it]
2025-05-25 22:55:24,744 [der.py] => Task 0, Epoch 20/20 => Loss 0.272, Train_accy 91.63
2025-05-25 22:55:24,761 [base.py] => Reducing exemplars...(100 per classes)
2025-05-25 22:55:24,762 [base.py] => Constructing exemplars...(100 per classes)
Time for task 0: 1752.2271325588226
2025-05-25 22:56:46,064 [der.py] => Exemplar size: 2000
2025-05-25 22:56:46,065 [trainer.py] => CNN: {'total': 96.65, '00-19': 96.65, 'old': 0, 'new': 96.65}
2025-05-25 22:56:46,065 [trainer.py] => NME: {'total': 96.45, '00-19': 96.45, 'old': 0, 'new': 96.45}
2025-05-25 22:56:46,065 [trainer.py] => CNN top1 curve: [96.65]
2025-05-25 22:56:46,065 [trainer.py] => CNN top5 curve: [99.75]
2025-05-25 22:56:46,065 [trainer.py] => NME top1 curve: [96.45]
2025-05-25 22:56:46,065 [trainer.py] => NME top5 curve: [99.75]

Average Accuracy (CNN): 96.65
Average Accuracy (NME): 96.45
2025-05-25 22:56:46,065 [trainer.py] => Average Accuracy (CNN): 96.65
2025-05-25 22:56:46,066 [trainer.py] => Average Accuracy (NME): 96.45
2025-05-25 22:56:46,066 [trainer.py] => All params: 85830185
2025-05-25 22:56:46,067 [trainer.py] => Trainable params: 85830185
2025-05-25 22:56:52,670 [der.py] => Learning on 20-40
2025-05-25 22:56:52,671 [der.py] => All params: 171674941
2025-05-25 22:56:52,672 [der.py] => Trainable params: 85876285

  0%|          | 0/20 [00:00<?, ?it/s]
Task 1, Epoch 1/20 => Loss 1.688, Loss_clf 0.887, Loss_aux 0.801, Train_accy 76.44, Test_accy 92.05:   0%|          | 0/20 [02:27<?, ?it/s]
Task 1, Epoch 1/20 => Loss 1.688, Loss_clf 0.887, Loss_aux 0.801, Train_accy 76.44, Test_accy 92.05:   5%|▌         | 1/20 [02:27<46:49, 147.87s/it]
Task 1, Epoch 2/20 => Loss 1.025, Loss_clf 0.495, Loss_aux 0.529, Train_accy 84.81:   5%|▌         | 1/20 [04:32<46:49, 147.87s/it]                 
Task 1, Epoch 2/20 => Loss 1.025, Loss_clf 0.495, Loss_aux 0.529, Train_accy 84.81:  10%|█         | 2/20 [04:32<40:11, 133.98s/it]
Task 1, Epoch 3/20 => Loss 0.946, Loss_clf 0.460, Loss_aux 0.486, Train_accy 86.01:  10%|█         | 2/20 [06:36<40:11, 133.98s/it]
Task 1, Epoch 3/20 => Loss 0.946, Loss_clf 0.460, Loss_aux 0.486, Train_accy 86.01:  15%|█▌        | 3/20 [06:36<36:41, 129.52s/it]
Task 1, Epoch 4/20 => Loss 0.873, Loss_clf 0.427, Loss_aux 0.446, Train_accy 86.89:  15%|█▌        | 3/20 [08:39<36:41, 129.52s/it]
Task 1, Epoch 4/20 => Loss 0.873, Loss_clf 0.427, Loss_aux 0.446, Train_accy 86.89:  20%|██        | 4/20 [08:39<33:54, 127.15s/it]
Task 1, Epoch 5/20 => Loss 0.801, Loss_clf 0.391, Loss_aux 0.410, Train_accy 88.41:  20%|██        | 4/20 [10:43<33:54, 127.15s/it]
Task 1, Epoch 5/20 => Loss 0.801, Loss_clf 0.391, Loss_aux 0.410, Train_accy 88.41:  25%|██▌       | 5/20 [10:43<31:28, 125.93s/it]
Task 1, Epoch 6/20 => Loss 0.771, Loss_clf 0.378, Loss_aux 0.393, Train_accy 88.78, Test_accy 92.05:  25%|██▌       | 5/20 [13:11<31:28, 125.93s/it]
Task 1, Epoch 6/20 => Loss 0.771, Loss_clf 0.378, Loss_aux 0.393, Train_accy 88.78, Test_accy 92.05:  30%|███       | 6/20 [13:11<31:08, 133.44s/it]
Task 1, Epoch 7/20 => Loss 0.749, Loss_clf 0.369, Loss_aux 0.379, Train_accy 89.00:  30%|███       | 6/20 [15:15<31:08, 133.44s/it]                 
Task 1, Epoch 7/20 => Loss 0.749, Loss_clf 0.369, Loss_aux 0.379, Train_accy 89.00:  35%|███▌      | 7/20 [15:15<28:12, 130.18s/it]
Task 1, Epoch 8/20 => Loss 0.691, Loss_clf 0.342, Loss_aux 0.349, Train_accy 90.01:  35%|███▌      | 7/20 [17:18<28:12, 130.18s/it]
Task 1, Epoch 8/20 => Loss 0.691, Loss_clf 0.342, Loss_aux 0.349, Train_accy 90.01:  40%|████      | 8/20 [17:18<25:35, 127.97s/it]
Task 1, Epoch 9/20 => Loss 0.690, Loss_clf 0.340, Loss_aux 0.350, Train_accy 89.82:  40%|████      | 8/20 [19:21<25:35, 127.97s/it]
Task 1, Epoch 9/20 => Loss 0.690, Loss_clf 0.340, Loss_aux 0.350, Train_accy 89.82:  45%|████▌     | 9/20 [19:21<23:11, 126.51s/it]
Task 1, Epoch 10/20 => Loss 0.663, Loss_clf 0.330, Loss_aux 0.333, Train_accy 90.57:  45%|████▌     | 9/20 [21:26<23:11, 126.51s/it]
Task 1, Epoch 10/20 => Loss 0.663, Loss_clf 0.330, Loss_aux 0.333, Train_accy 90.57:  50%|█████     | 10/20 [21:26<20:59, 125.90s/it]
Task 1, Epoch 11/20 => Loss 0.675, Loss_clf 0.332, Loss_aux 0.343, Train_accy 90.22, Test_accy 93.38:  50%|█████     | 10/20 [23:49<20:59, 125.90s/it]
Task 1, Epoch 11/20 => Loss 0.675, Loss_clf 0.332, Loss_aux 0.343, Train_accy 90.22, Test_accy 93.38:  55%|█████▌    | 11/20 [23:49<19:39, 131.08s/it]
Task 1, Epoch 12/20 => Loss 0.657, Loss_clf 0.329, Loss_aux 0.327, Train_accy 90.38:  55%|█████▌    | 11/20 [25:52<19:39, 131.08s/it]                 
Task 1, Epoch 12/20 => Loss 0.657, Loss_clf 0.329, Loss_aux 0.327, Train_accy 90.38:  60%|██████    | 12/20 [25:52<17:10, 128.77s/it]
Task 1, Epoch 13/20 => Loss 0.630, Loss_clf 0.309, Loss_aux 0.320, Train_accy 90.78:  60%|██████    | 12/20 [27:56<17:10, 128.77s/it]
Task 1, Epoch 13/20 => Loss 0.630, Loss_clf 0.309, Loss_aux 0.320, Train_accy 90.78:  65%|██████▌   | 13/20 [27:56<14:51, 127.29s/it]
Task 1, Epoch 14/20 => Loss 0.617, Loss_clf 0.306, Loss_aux 0.310, Train_accy 90.69:  65%|██████▌   | 13/20 [30:00<14:51, 127.29s/it]
Task 1, Epoch 14/20 => Loss 0.617, Loss_clf 0.306, Loss_aux 0.310, Train_accy 90.69:  70%|███████   | 14/20 [30:00<12:37, 126.19s/it]
Task 1, Epoch 15/20 => Loss 0.630, Loss_clf 0.314, Loss_aux 0.317, Train_accy 90.86:  70%|███████   | 14/20 [32:03<12:37, 126.19s/it]
Task 1, Epoch 15/20 => Loss 0.630, Loss_clf 0.314, Loss_aux 0.317, Train_accy 90.86:  75%|███████▌  | 15/20 [32:03<10:26, 125.40s/it]
Task 1, Epoch 16/20 => Loss 0.593, Loss_clf 0.296, Loss_aux 0.297, Train_accy 91.27, Test_accy 93.82:  75%|███████▌  | 15/20 [34:31<10:26, 125.40s/it]
Task 1, Epoch 16/20 => Loss 0.593, Loss_clf 0.296, Loss_aux 0.297, Train_accy 91.27, Test_accy 93.82:  80%|████████  | 16/20 [34:31<08:48, 132.08s/it]
Task 1, Epoch 17/20 => Loss 0.562, Loss_clf 0.279, Loss_aux 0.283, Train_accy 91.70:  80%|████████  | 16/20 [36:34<08:48, 132.08s/it]                 
Task 1, Epoch 17/20 => Loss 0.562, Loss_clf 0.279, Loss_aux 0.283, Train_accy 91.70:  85%|████████▌ | 17/20 [36:34<06:28, 129.43s/it]
Task 1, Epoch 18/20 => Loss 0.567, Loss_clf 0.288, Loss_aux 0.280, Train_accy 91.72:  85%|████████▌ | 17/20 [38:37<06:28, 129.43s/it]
Task 1, Epoch 18/20 => Loss 0.567, Loss_clf 0.288, Loss_aux 0.280, Train_accy 91.72:  90%|█████████ | 18/20 [38:37<04:15, 127.58s/it]
Task 1, Epoch 19/20 => Loss 0.584, Loss_clf 0.294, Loss_aux 0.290, Train_accy 91.27:  90%|█████████ | 18/20 [40:40<04:15, 127.58s/it]
Task 1, Epoch 19/20 => Loss 0.584, Loss_clf 0.294, Loss_aux 0.290, Train_accy 91.27:  95%|█████████▌| 19/20 [40:40<02:06, 126.27s/it]
Task 1, Epoch 20/20 => Loss 0.583, Loss_clf 0.293, Loss_aux 0.290, Train_accy 91.48:  95%|█████████▌| 19/20 [42:44<02:06, 126.27s/it]
Task 1, Epoch 20/20 => Loss 0.583, Loss_clf 0.293, Loss_aux 0.290, Train_accy 91.48: 100%|██████████| 20/20 [42:44<00:00, 125.52s/it]
Task 1, Epoch 20/20 => Loss 0.583, Loss_clf 0.293, Loss_aux 0.290, Train_accy 91.48: 100%|██████████| 20/20 [42:44<00:00, 128.24s/it]
2025-05-25 23:39:37,556 [der.py] => Task 1, Epoch 20/20 => Loss 0.583, Loss_clf 0.293, Loss_aux 0.290, Train_accy 91.48
2025-05-25 23:39:37,580 [base.py] => Reducing exemplars...(50 per classes)
2025-05-25 23:39:51,168 [base.py] => Constructing exemplars...(50 per classes)
Time for task 1: 2657.102128267288
2025-05-25 23:41:52,631 [der.py] => Exemplar size: 2000
2025-05-25 23:41:52,632 [trainer.py] => CNN: {'total': 92.95, '00-19': 89.6, '20-39': 96.3, 'old': 89.6, 'new': 96.3}
2025-05-25 23:41:52,632 [trainer.py] => NME: {'total': 93.68, '00-19': 92.35, '20-39': 95.0, 'old': 92.35, 'new': 95.0}
2025-05-25 23:41:52,632 [trainer.py] => CNN top1 curve: [96.65, 92.95]
2025-05-25 23:41:52,632 [trainer.py] => CNN top5 curve: [99.75, 99.38]
2025-05-25 23:41:52,632 [trainer.py] => NME top1 curve: [96.45, 93.68]
2025-05-25 23:41:52,633 [trainer.py] => NME top5 curve: [99.75, 99.52]

Average Accuracy (CNN): 94.8
Average Accuracy (NME): 95.06
2025-05-25 23:41:52,633 [trainer.py] => Average Accuracy (CNN): 94.8
2025-05-25 23:41:52,633 [trainer.py] => Average Accuracy (NME): 95.06
2025-05-25 23:41:52,637 [trainer.py] => All params: 171674941
2025-05-25 23:41:52,641 [trainer.py] => Trainable params: 85876285
2025-05-25 23:41:59,092 [der.py] => Learning on 40-60
2025-05-25 23:41:59,095 [der.py] => All params: 257550417
2025-05-25 23:41:59,097 [der.py] => Trainable params: 85953105

  0%|          | 0/20 [00:00<?, ?it/s]
Task 2, Epoch 1/20 => Loss 1.834, Loss_clf 0.994, Loss_aux 0.840, Train_accy 75.70, Test_accy 86.87:   0%|          | 0/20 [03:48<?, ?it/s]
Task 2, Epoch 1/20 => Loss 1.834, Loss_clf 0.994, Loss_aux 0.840, Train_accy 75.70, Test_accy 86.87:   5%|▌         | 1/20 [03:48<1:12:15, 228.18s/it]
Task 2, Epoch 2/20 => Loss 1.023, Loss_clf 0.507, Loss_aux 0.515, Train_accy 84.74:   5%|▌         | 1/20 [06:20<1:12:15, 228.18s/it]                 
Task 2, Epoch 2/20 => Loss 1.023, Loss_clf 0.507, Loss_aux 0.515, Train_accy 84.74:  10%|█         | 2/20 [06:20<54:58, 183.28s/it]  
Task 2, Epoch 3/20 => Loss 0.893, Loss_clf 0.447, Loss_aux 0.446, Train_accy 86.52:  10%|█         | 2/20 [08:58<54:58, 183.28s/it]
Task 2, Epoch 3/20 => Loss 0.893, Loss_clf 0.447, Loss_aux 0.446, Train_accy 86.52:  15%|█▌        | 3/20 [08:58<48:39, 171.75s/it]
Task 2, Epoch 4/20 => Loss 0.847, Loss_clf 0.422, Loss_aux 0.425, Train_accy 87.21:  15%|█▌        | 3/20 [11:29<48:39, 171.75s/it]
Task 2, Epoch 4/20 => Loss 0.847, Loss_clf 0.422, Loss_aux 0.425, Train_accy 87.21:  20%|██        | 4/20 [11:29<43:37, 163.60s/it]
Task 2, Epoch 5/20 => Loss 0.819, Loss_clf 0.411, Loss_aux 0.407, Train_accy 87.85:  20%|██        | 4/20 [14:07<43:37, 163.60s/it]
Task 2, Epoch 5/20 => Loss 0.819, Loss_clf 0.411, Loss_aux 0.407, Train_accy 87.85:  25%|██▌       | 5/20 [14:07<40:23, 161.56s/it]
Task 2, Epoch 6/20 => Loss 0.777, Loss_clf 0.387, Loss_aux 0.389, Train_accy 88.42, Test_accy 88.22:  25%|██▌       | 5/20 [17:26<40:23, 161.56s/it]
Task 2, Epoch 6/20 => Loss 0.777, Loss_clf 0.387, Loss_aux 0.389, Train_accy 88.42, Test_accy 88.22:  30%|███       | 6/20 [17:26<40:43, 174.53s/it]
Task 2, Epoch 7/20 => Loss 0.746, Loss_clf 0.375, Loss_aux 0.370, Train_accy 89.25:  30%|███       | 6/20 [20:04<40:43, 174.53s/it]                 
Task 2, Epoch 7/20 => Loss 0.746, Loss_clf 0.375, Loss_aux 0.370, Train_accy 89.25:  35%|███▌      | 7/20 [20:04<36:38, 169.10s/it]
Task 2, Epoch 8/20 => Loss 0.734, Loss_clf 0.373, Loss_aux 0.362, Train_accy 89.12:  35%|███▌      | 7/20 [22:36<36:38, 169.10s/it]
Task 2, Epoch 8/20 => Loss 0.734, Loss_clf 0.373, Loss_aux 0.362, Train_accy 89.12:  40%|████      | 8/20 [22:36<32:41, 163.49s/it]
Task 2, Epoch 9/20 => Loss 0.689, Loss_clf 0.358, Loss_aux 0.331, Train_accy 89.59:  40%|████      | 8/20 [25:13<32:41, 163.49s/it]
Task 2, Epoch 9/20 => Loss 0.689, Loss_clf 0.358, Loss_aux 0.331, Train_accy 89.59:  45%|████▌     | 9/20 [25:13<29:38, 161.69s/it]
Task 2, Epoch 10/20 => Loss 0.684, Loss_clf 0.346, Loss_aux 0.339, Train_accy 89.92:  45%|████▌     | 9/20 [27:44<29:38, 161.69s/it]
Task 2, Epoch 10/20 => Loss 0.684, Loss_clf 0.346, Loss_aux 0.339, Train_accy 89.92:  50%|█████     | 10/20 [27:44<26:22, 158.26s/it]
Task 2, Epoch 11/20 => Loss 0.657, Loss_clf 0.339, Loss_aux 0.319, Train_accy 90.08, Test_accy 88.87:  50%|█████     | 10/20 [31:10<26:22, 158.26s/it]
Task 2, Epoch 11/20 => Loss 0.657, Loss_clf 0.339, Loss_aux 0.319, Train_accy 90.08, Test_accy 88.87:  55%|█████▌    | 11/20 [31:10<25:56, 172.97s/it]
Task 2, Epoch 12/20 => Loss 0.652, Loss_clf 0.334, Loss_aux 0.318, Train_accy 90.03:  55%|█████▌    | 11/20 [33:43<25:56, 172.97s/it]                 
Task 2, Epoch 12/20 => Loss 0.652, Loss_clf 0.334, Loss_aux 0.318, Train_accy 90.03:  60%|██████    | 12/20 [33:43<22:13, 166.70s/it]
Task 2, Epoch 13/20 => Loss 0.665, Loss_clf 0.339, Loss_aux 0.326, Train_accy 90.23:  60%|██████    | 12/20 [36:21<22:13, 166.70s/it]
Task 2, Epoch 13/20 => Loss 0.665, Loss_clf 0.339, Loss_aux 0.326, Train_accy 90.23:  65%|██████▌   | 13/20 [36:21<19:08, 164.10s/it]
Task 2, Epoch 14/20 => Loss 0.618, Loss_clf 0.316, Loss_aux 0.302, Train_accy 90.61:  65%|██████▌   | 13/20 [38:53<19:08, 164.10s/it]
Task 2, Epoch 14/20 => Loss 0.618, Loss_clf 0.316, Loss_aux 0.302, Train_accy 90.61:  70%|███████   | 14/20 [38:53<16:02, 160.41s/it]
Task 2, Epoch 15/20 => Loss 0.618, Loss_clf 0.317, Loss_aux 0.301, Train_accy 90.88:  70%|███████   | 14/20 [41:30<16:02, 160.41s/it]
Task 2, Epoch 15/20 => Loss 0.618, Loss_clf 0.317, Loss_aux 0.301, Train_accy 90.88:  75%|███████▌  | 15/20 [41:30<13:17, 159.60s/it]
Task 2, Epoch 16/20 => Loss 0.594, Loss_clf 0.303, Loss_aux 0.290, Train_accy 91.22, Test_accy 89.15:  75%|███████▌  | 15/20 [44:50<13:17, 159.60s/it]
Task 2, Epoch 16/20 => Loss 0.594, Loss_clf 0.303, Loss_aux 0.290, Train_accy 91.22, Test_accy 89.15:  80%|████████  | 16/20 [44:50<11:26, 171.73s/it]
Task 2, Epoch 17/20 => Loss 0.569, Loss_clf 0.290, Loss_aux 0.279, Train_accy 91.52:  80%|████████  | 16/20 [47:28<11:26, 171.73s/it]                 
Task 2, Epoch 17/20 => Loss 0.569, Loss_clf 0.290, Loss_aux 0.279, Train_accy 91.52:  85%|████████▌ | 17/20 [47:28<08:22, 167.59s/it]
Task 2, Epoch 18/20 => Loss 0.567, Loss_clf 0.291, Loss_aux 0.276, Train_accy 91.44:  85%|████████▌ | 17/20 [49:59<08:22, 167.59s/it]
Task 2, Epoch 18/20 => Loss 0.567, Loss_clf 0.291, Loss_aux 0.276, Train_accy 91.44:  90%|█████████ | 18/20 [49:59<05:25, 162.59s/it]
Task 2, Epoch 19/20 => Loss 0.564, Loss_clf 0.292, Loss_aux 0.271, Train_accy 91.67:  90%|█████████ | 18/20 [52:37<05:25, 162.59s/it]
Task 2, Epoch 19/20 => Loss 0.564, Loss_clf 0.292, Loss_aux 0.271, Train_accy 91.67:  95%|█████████▌| 19/20 [52:37<02:41, 161.22s/it]
Task 2, Epoch 20/20 => Loss 0.554, Loss_clf 0.282, Loss_aux 0.272, Train_accy 92.00:  95%|█████████▌| 19/20 [55:09<02:41, 161.22s/it]
Task 2, Epoch 20/20 => Loss 0.554, Loss_clf 0.282, Loss_aux 0.272, Train_accy 92.00: 100%|██████████| 20/20 [55:09<00:00, 158.41s/it]
Task 2, Epoch 20/20 => Loss 0.554, Loss_clf 0.282, Loss_aux 0.272, Train_accy 92.00: 100%|██████████| 20/20 [55:09<00:00, 165.48s/it]
2025-05-26 00:37:08,865 [der.py] => Task 2, Epoch 20/20 => Loss 0.554, Loss_clf 0.282, Loss_aux 0.272, Train_accy 92.00
2025-05-26 00:37:08,887 [base.py] => Reducing exemplars...(33 per classes)
2025-05-26 00:37:33,585 [base.py] => Constructing exemplars...(33 per classes)
Time for task 2: 3445.3267929553986
2025-05-26 00:41:00,891 [der.py] => Exemplar size: 1980
2025-05-26 00:41:00,891 [trainer.py] => CNN: {'total': 89.2, '00-19': 83.4, '20-39': 89.4, '40-59': 94.8, 'old': 86.4, 'new': 94.8}
2025-05-26 00:41:00,891 [trainer.py] => NME: {'total': 91.67, '00-19': 89.8, '20-39': 92.8, '40-59': 92.4, 'old': 91.3, 'new': 92.4}
2025-05-26 00:41:00,891 [trainer.py] => CNN top1 curve: [96.65, 92.95, 89.2]
2025-05-26 00:41:00,891 [trainer.py] => CNN top5 curve: [99.75, 99.38, 98.57]
2025-05-26 00:41:00,891 [trainer.py] => NME top1 curve: [96.45, 93.68, 91.67]
2025-05-26 00:41:00,891 [trainer.py] => NME top5 curve: [99.75, 99.52, 99.32]

Average Accuracy (CNN): 92.93
Average Accuracy (NME): 93.93
2025-05-26 00:41:00,892 [trainer.py] => Average Accuracy (CNN): 92.93
2025-05-26 00:41:00,892 [trainer.py] => Average Accuracy (NME): 93.93
2025-05-26 00:41:00,893 [trainer.py] => All params: 257550417
2025-05-26 00:41:00,895 [trainer.py] => Trainable params: 85953105
2025-05-26 00:41:09,965 [der.py] => Learning on 60-80
2025-05-26 00:41:09,968 [der.py] => All params: 343456613
2025-05-26 00:41:09,970 [der.py] => Trainable params: 86060645

  0%|          | 0/20 [00:00<?, ?it/s]
Task 3, Epoch 1/20 => Loss 1.885, Loss_clf 1.106, Loss_aux 0.779, Train_accy 75.67, Test_accy 82.72:   0%|          | 0/20 [04:37<?, ?it/s]
Task 3, Epoch 1/20 => Loss 1.885, Loss_clf 1.106, Loss_aux 0.779, Train_accy 75.67, Test_accy 82.72:   5%|▌         | 1/20 [04:37<1:27:55, 277.66s/it]
Task 3, Epoch 2/20 => Loss 1.014, Loss_clf 0.529, Loss_aux 0.485, Train_accy 84.58:   5%|▌         | 1/20 [07:56<1:27:55, 277.66s/it]                 
Task 3, Epoch 2/20 => Loss 1.014, Loss_clf 0.529, Loss_aux 0.485, Train_accy 84.58:  10%|█         | 2/20 [07:56<1:09:26, 231.46s/it]
Task 3, Epoch 3/20 => Loss 0.927, Loss_clf 0.478, Loss_aux 0.449, Train_accy 85.85:  10%|█         | 2/20 [11:02<1:09:26, 231.46s/it]
Task 3, Epoch 3/20 => Loss 0.927, Loss_clf 0.478, Loss_aux 0.449, Train_accy 85.85:  15%|█▌        | 3/20 [11:02<59:39, 210.53s/it]  
Task 3, Epoch 4/20 => Loss 0.857, Loss_clf 0.438, Loss_aux 0.419, Train_accy 86.69:  15%|█▌        | 3/20 [14:08<59:39, 210.53s/it]
Task 3, Epoch 4/20 => Loss 0.857, Loss_clf 0.438, Loss_aux 0.419, Train_accy 86.69:  20%|██        | 4/20 [14:08<53:36, 201.04s/it]
Task 3, Epoch 5/20 => Loss 0.788, Loss_clf 0.409, Loss_aux 0.379, Train_accy 88.11:  20%|██        | 4/20 [17:12<53:36, 201.04s/it]
Task 3, Epoch 5/20 => Loss 0.788, Loss_clf 0.409, Loss_aux 0.379, Train_accy 88.11:  25%|██▌       | 5/20 [17:12<48:43, 194.88s/it]
Task 3, Epoch 6/20 => Loss 0.739, Loss_clf 0.382, Loss_aux 0.357, Train_accy 89.00, Test_accy 84.65:  25%|██▌       | 5/20 [21:49<48:43, 194.88s/it]
Task 3, Epoch 6/20 => Loss 0.739, Loss_clf 0.382, Loss_aux 0.357, Train_accy 89.00, Test_accy 84.65:  30%|███       | 6/20 [21:49<51:57, 222.70s/it]
Task 3, Epoch 7/20 => Loss 0.722, Loss_clf 0.372, Loss_aux 0.350, Train_accy 89.01:  30%|███       | 6/20 [24:56<51:57, 222.70s/it]                 
Task 3, Epoch 7/20 => Loss 0.722, Loss_clf 0.372, Loss_aux 0.350, Train_accy 89.01:  35%|███▌      | 7/20 [24:56<45:41, 210.86s/it]
Task 3, Epoch 8/20 => Loss 0.667, Loss_clf 0.347, Loss_aux 0.320, Train_accy 89.85:  35%|███▌      | 7/20 [28:02<45:41, 210.86s/it]
Task 3, Epoch 8/20 => Loss 0.667, Loss_clf 0.347, Loss_aux 0.320, Train_accy 89.85:  40%|████      | 8/20 [28:02<40:35, 202.94s/it]
Task 3, Epoch 9/20 => Loss 0.689, Loss_clf 0.354, Loss_aux 0.336, Train_accy 89.77:  40%|████      | 8/20 [31:08<40:35, 202.94s/it]
Task 3, Epoch 9/20 => Loss 0.689, Loss_clf 0.354, Loss_aux 0.336, Train_accy 89.77:  45%|████▌     | 9/20 [31:08<36:15, 197.76s/it]
Task 3, Epoch 10/20 => Loss 0.628, Loss_clf 0.322, Loss_aux 0.305, Train_accy 90.62:  45%|████▌     | 9/20 [34:14<36:15, 197.76s/it]
Task 3, Epoch 10/20 => Loss 0.628, Loss_clf 0.322, Loss_aux 0.305, Train_accy 90.62:  50%|█████     | 10/20 [34:14<32:22, 194.20s/it]
Task 3, Epoch 11/20 => Loss 0.643, Loss_clf 0.338, Loss_aux 0.305, Train_accy 90.33, Test_accy 85.15:  50%|█████     | 10/20 [38:44<32:22, 194.20s/it]
Task 3, Epoch 11/20 => Loss 0.643, Loss_clf 0.338, Loss_aux 0.305, Train_accy 90.33, Test_accy 85.15:  55%|█████▌    | 11/20 [38:44<32:36, 217.34s/it]
Task 3, Epoch 12/20 => Loss 0.630, Loss_clf 0.325, Loss_aux 0.305, Train_accy 90.45:  55%|█████▌    | 11/20 [41:50<32:36, 217.34s/it]                 
Task 3, Epoch 12/20 => Loss 0.630, Loss_clf 0.325, Loss_aux 0.305, Train_accy 90.45:  60%|██████    | 12/20 [41:50<27:42, 207.79s/it]
Task 3, Epoch 13/20 => Loss 0.602, Loss_clf 0.312, Loss_aux 0.290, Train_accy 90.96:  60%|██████    | 12/20 [44:56<27:42, 207.79s/it]
Task 3, Epoch 13/20 => Loss 0.602, Loss_clf 0.312, Loss_aux 0.290, Train_accy 90.96:  65%|██████▌   | 13/20 [44:56<23:29, 201.36s/it]
Task 3, Epoch 14/20 => Loss 0.601, Loss_clf 0.314, Loss_aux 0.287, Train_accy 91.19:  65%|██████▌   | 13/20 [48:03<23:29, 201.36s/it]
Task 3, Epoch 14/20 => Loss 0.601, Loss_clf 0.314, Loss_aux 0.287, Train_accy 91.19:  70%|███████   | 14/20 [48:03<19:40, 196.81s/it]
Task 3, Epoch 15/20 => Loss 0.585, Loss_clf 0.304, Loss_aux 0.282, Train_accy 91.23:  70%|███████   | 14/20 [51:09<19:40, 196.81s/it]
Task 3, Epoch 15/20 => Loss 0.585, Loss_clf 0.304, Loss_aux 0.282, Train_accy 91.23:  75%|███████▌  | 15/20 [51:09<16:07, 193.49s/it]
Task 3, Epoch 16/20 => Loss 0.582, Loss_clf 0.305, Loss_aux 0.278, Train_accy 91.18, Test_accy 85.29:  75%|███████▌  | 15/20 [55:43<16:07, 193.49s/it]
Task 3, Epoch 16/20 => Loss 0.582, Loss_clf 0.305, Loss_aux 0.278, Train_accy 91.18, Test_accy 85.29:  80%|████████  | 16/20 [55:43<14:31, 217.78s/it]
Task 3, Epoch 17/20 => Loss 0.574, Loss_clf 0.300, Loss_aux 0.275, Train_accy 91.29:  80%|████████  | 16/20 [58:49<14:31, 217.78s/it]                 
Task 3, Epoch 17/20 => Loss 0.574, Loss_clf 0.300, Loss_aux 0.275, Train_accy 91.29:  85%|████████▌ | 17/20 [58:49<10:24, 208.27s/it]
Task 3, Epoch 18/20 => Loss 0.553, Loss_clf 0.289, Loss_aux 0.264, Train_accy 91.74:  85%|████████▌ | 17/20 [1:01:55<10:24, 208.27s/it]
Task 3, Epoch 18/20 => Loss 0.553, Loss_clf 0.289, Loss_aux 0.264, Train_accy 91.74:  90%|█████████ | 18/20 [1:01:55<06:43, 201.59s/it]
Task 3, Epoch 19/20 => Loss 0.569, Loss_clf 0.299, Loss_aux 0.271, Train_accy 91.67:  90%|█████████ | 18/20 [1:05:01<06:43, 201.59s/it]
Task 3, Epoch 19/20 => Loss 0.569, Loss_clf 0.299, Loss_aux 0.271, Train_accy 91.67:  95%|█████████▌| 19/20 [1:05:01<03:16, 196.85s/it]
Task 3, Epoch 20/20 => Loss 0.525, Loss_clf 0.276, Loss_aux 0.249, Train_accy 92.20:  95%|█████████▌| 19/20 [1:08:07<03:16, 196.85s/it]
Task 3, Epoch 20/20 => Loss 0.525, Loss_clf 0.276, Loss_aux 0.249, Train_accy 92.20: 100%|██████████| 20/20 [1:08:07<00:00, 193.56s/it]
Task 3, Epoch 20/20 => Loss 0.525, Loss_clf 0.276, Loss_aux 0.249, Train_accy 92.20: 100%|██████████| 20/20 [1:08:07<00:00, 204.36s/it]
2025-05-26 01:49:17,268 [der.py] => Task 3, Epoch 20/20 => Loss 0.525, Loss_clf 0.276, Loss_aux 0.249, Train_accy 92.20
2025-05-26 01:49:17,289 [base.py] => Reducing exemplars...(25 per classes)
2025-05-26 01:49:49,549 [base.py] => Constructing exemplars...(25 per classes)
Time for task 3: 4257.908138751984
2025-05-26 01:54:52,349 [der.py] => Exemplar size: 2000
2025-05-26 01:54:52,371 [trainer.py] => CNN: {'total': 84.42, '00-19': 79.6, '20-39': 87.3, '40-59': 76.45, '60-79': 94.35, 'old': 81.12, 'new': 94.35}
2025-05-26 01:54:52,371 [trainer.py] => NME: {'total': 88.46, '00-19': 87.0, '20-39': 91.3, '40-59': 86.25, '60-79': 89.3, 'old': 88.18, 'new': 89.3}
2025-05-26 01:54:52,371 [trainer.py] => CNN top1 curve: [96.65, 92.95, 89.2, 84.42]
2025-05-26 01:54:52,372 [trainer.py] => CNN top5 curve: [99.75, 99.38, 98.57, 97.44]
2025-05-26 01:54:52,372 [trainer.py] => NME top1 curve: [96.45, 93.68, 91.67, 88.46]
2025-05-26 01:54:52,372 [trainer.py] => NME top5 curve: [99.75, 99.52, 99.32, 98.89]

Average Accuracy (CNN): 90.8
Average Accuracy (NME): 92.56
2025-05-26 01:54:52,372 [trainer.py] => Average Accuracy (CNN): 90.8
2025-05-26 01:54:52,372 [trainer.py] => Average Accuracy (NME): 92.56
2025-05-26 01:54:52,375 [trainer.py] => All params: 343456613
2025-05-26 01:54:52,377 [trainer.py] => Trainable params: 86060645
2025-05-26 01:54:59,330 [der.py] => Learning on 80-100
2025-05-26 01:54:59,334 [der.py] => All params: 429393529
2025-05-26 01:54:59,336 [der.py] => Trainable params: 86198905

  0%|          | 0/20 [00:00<?, ?it/s]
Task 4, Epoch 1/20 => Loss 1.956, Loss_clf 1.124, Loss_aux 0.832, Train_accy 76.76, Test_accy 80.29:   0%|          | 0/20 [06:00<?, ?it/s]
Task 4, Epoch 1/20 => Loss 1.956, Loss_clf 1.124, Loss_aux 0.832, Train_accy 76.76, Test_accy 80.29:   5%|▌         | 1/20 [06:00<1:54:07, 360.39s/it]
Task 4, Epoch 2/20 => Loss 1.019, Loss_clf 0.511, Loss_aux 0.508, Train_accy 85.42:   5%|▌         | 1/20 [09:34<1:54:07, 360.39s/it]                 
Task 4, Epoch 2/20 => Loss 1.019, Loss_clf 0.511, Loss_aux 0.508, Train_accy 85.42:  10%|█         | 2/20 [09:34<1:22:23, 274.63s/it]
Task 4, Epoch 3/20 => Loss 0.877, Loss_clf 0.444, Loss_aux 0.433, Train_accy 87.52:  10%|█         | 2/20 [13:16<1:22:23, 274.63s/it]
Task 4, Epoch 3/20 => Loss 0.877, Loss_clf 0.444, Loss_aux 0.433, Train_accy 87.52:  15%|█▌        | 3/20 [13:16<1:10:54, 250.25s/it]
Task 4, Epoch 4/20 => Loss 0.818, Loss_clf 0.419, Loss_aux 0.398, Train_accy 87.84:  15%|█▌        | 3/20 [16:50<1:10:54, 250.25s/it]
Task 4, Epoch 4/20 => Loss 0.818, Loss_clf 0.419, Loss_aux 0.398, Train_accy 87.84:  20%|██        | 4/20 [16:50<1:02:58, 236.18s/it]
Task 4, Epoch 5/20 => Loss 0.772, Loss_clf 0.394, Loss_aux 0.378, Train_accy 88.79:  20%|██        | 4/20 [20:31<1:02:58, 236.18s/it]
Task 4, Epoch 5/20 => Loss 0.772, Loss_clf 0.394, Loss_aux 0.378, Train_accy 88.79:  25%|██▌       | 5/20 [20:31<57:39, 230.63s/it]  
Task 4, Epoch 6/20 => Loss 0.723, Loss_clf 0.369, Loss_aux 0.354, Train_accy 89.75, Test_accy 80.86:  25%|██▌       | 5/20 [26:21<57:39, 230.63s/it]
Task 4, Epoch 6/20 => Loss 0.723, Loss_clf 0.369, Loss_aux 0.354, Train_accy 89.75, Test_accy 80.86:  30%|███       | 6/20 [26:21<1:03:17, 271.24s/it]
Task 4, Epoch 7/20 => Loss 0.665, Loss_clf 0.336, Loss_aux 0.328, Train_accy 90.60:  30%|███       | 6/20 [29:57<1:03:17, 271.24s/it]                 
Task 4, Epoch 7/20 => Loss 0.665, Loss_clf 0.336, Loss_aux 0.328, Train_accy 90.60:  35%|███▌      | 7/20 [29:57<54:49, 253.05s/it]  
Task 4, Epoch 8/20 => Loss 0.657, Loss_clf 0.336, Loss_aux 0.320, Train_accy 90.68:  35%|███▌      | 7/20 [33:39<54:49, 253.05s/it]
Task 4, Epoch 8/20 => Loss 0.657, Loss_clf 0.336, Loss_aux 0.320, Train_accy 90.68:  40%|████      | 8/20 [33:39<48:37, 243.17s/it]
Task 4, Epoch 9/20 => Loss 0.651, Loss_clf 0.339, Loss_aux 0.312, Train_accy 90.71:  40%|████      | 8/20 [37:14<48:37, 243.17s/it]
Task 4, Epoch 9/20 => Loss 0.651, Loss_clf 0.339, Loss_aux 0.312, Train_accy 90.71:  45%|████▌     | 9/20 [37:14<43:00, 234.55s/it]
Task 4, Epoch 10/20 => Loss 0.675, Loss_clf 0.344, Loss_aux 0.331, Train_accy 90.16:  45%|████▌     | 9/20 [40:58<43:00, 234.55s/it]
Task 4, Epoch 10/20 => Loss 0.675, Loss_clf 0.344, Loss_aux 0.331, Train_accy 90.16:  50%|█████     | 10/20 [40:58<38:31, 231.17s/it]
Task 4, Epoch 11/20 => Loss 0.622, Loss_clf 0.324, Loss_aux 0.298, Train_accy 91.11, Test_accy 81.46:  50%|█████     | 10/20 [46:49<38:31, 231.17s/it]
Task 4, Epoch 11/20 => Loss 0.622, Loss_clf 0.324, Loss_aux 0.298, Train_accy 91.11, Test_accy 81.46:  55%|█████▌    | 11/20 [46:49<40:11, 267.99s/it]
Task 4, Epoch 12/20 => Loss 0.607, Loss_clf 0.316, Loss_aux 0.292, Train_accy 91.12:  55%|█████▌    | 11/20 [50:27<40:11, 267.99s/it]                 
Task 4, Epoch 12/20 => Loss 0.607, Loss_clf 0.316, Loss_aux 0.292, Train_accy 91.12:  60%|██████    | 12/20 [50:27<33:40, 252.59s/it]
Task 4, Epoch 13/20 => Loss 0.582, Loss_clf 0.297, Loss_aux 0.284, Train_accy 91.54:  60%|██████    | 12/20 [54:12<33:40, 252.59s/it]
Task 4, Epoch 13/20 => Loss 0.582, Loss_clf 0.297, Loss_aux 0.284, Train_accy 91.54:  65%|██████▌   | 13/20 [54:12<28:29, 244.15s/it]
Task 4, Epoch 14/20 => Loss 0.614, Loss_clf 0.318, Loss_aux 0.297, Train_accy 91.25:  65%|██████▌   | 13/20 [57:48<28:29, 244.15s/it]
Task 4, Epoch 14/20 => Loss 0.614, Loss_clf 0.318, Loss_aux 0.297, Train_accy 91.25:  70%|███████   | 14/20 [57:48<23:35, 235.91s/it]
Task 4, Epoch 15/20 => Loss 0.538, Loss_clf 0.279, Loss_aux 0.259, Train_accy 92.18:  70%|███████   | 14/20 [1:01:25<23:35, 235.91s/it]
Task 4, Epoch 15/20 => Loss 0.538, Loss_clf 0.279, Loss_aux 0.259, Train_accy 92.18:  75%|███████▌  | 15/20 [1:01:25<19:10, 230.19s/it]
Task 4, Epoch 16/20 => Loss 0.532, Loss_clf 0.277, Loss_aux 0.254, Train_accy 92.32, Test_accy 80.56:  75%|███████▌  | 15/20 [1:07:23<19:10, 230.19s/it]
Task 4, Epoch 16/20 => Loss 0.532, Loss_clf 0.277, Loss_aux 0.254, Train_accy 92.32, Test_accy 80.56:  80%|████████  | 16/20 [1:07:23<17:54, 268.50s/it]
Task 4, Epoch 17/20 => Loss 0.572, Loss_clf 0.299, Loss_aux 0.274, Train_accy 91.72:  80%|████████  | 16/20 [1:10:58<17:54, 268.50s/it]                 
Task 4, Epoch 17/20 => Loss 0.572, Loss_clf 0.299, Loss_aux 0.274, Train_accy 91.72:  85%|████████▌ | 17/20 [1:10:58<12:37, 252.34s/it]
Task 4, Epoch 18/20 => Loss 0.559, Loss_clf 0.290, Loss_aux 0.269, Train_accy 91.93:  85%|████████▌ | 17/20 [1:14:39<12:37, 252.34s/it]
Task 4, Epoch 18/20 => Loss 0.559, Loss_clf 0.290, Loss_aux 0.269, Train_accy 91.93:  90%|█████████ | 18/20 [1:14:39<08:05, 242.91s/it]
Task 4, Epoch 19/20 => Loss 0.527, Loss_clf 0.271, Loss_aux 0.256, Train_accy 92.12:  90%|█████████ | 18/20 [1:18:13<08:05, 242.91s/it]
Task 4, Epoch 19/20 => Loss 0.527, Loss_clf 0.271, Loss_aux 0.256, Train_accy 92.12:  95%|█████████▌| 19/20 [1:18:13<03:54, 234.38s/it]
Task 4, Epoch 20/20 => Loss 0.538, Loss_clf 0.278, Loss_aux 0.260, Train_accy 92.14:  95%|█████████▌| 19/20 [1:21:48<03:54, 234.38s/it]
Task 4, Epoch 20/20 => Loss 0.538, Loss_clf 0.278, Loss_aux 0.260, Train_accy 92.14: 100%|██████████| 20/20 [1:21:48<00:00, 228.51s/it]
Task 4, Epoch 20/20 => Loss 0.538, Loss_clf 0.278, Loss_aux 0.260, Train_accy 92.14: 100%|██████████| 20/20 [1:21:48<00:00, 245.42s/it]
2025-05-26 03:16:47,918 [der.py] => Task 4, Epoch 20/20 => Loss 0.538, Loss_clf 0.278, Loss_aux 0.260, Train_accy 92.14
2025-05-26 03:16:47,928 [base.py] => Reducing exemplars...(20 per classes)
2025-05-26 03:17:41,003 [base.py] => Constructing exemplars...(20 per classes)
Time for task 4: 5120.794408798218
2025-05-26 03:24:49,244 [der.py] => Exemplar size: 2000
2025-05-26 03:24:49,282 [trainer.py] => CNN: {'total': 80.66, '00-19': 72.0, '20-39': 81.45, '40-59': 72.7, '60-79': 81.6, '80-99': 95.55, 'old': 76.94, 'new': 95.55}
2025-05-26 03:24:49,282 [trainer.py] => NME: {'total': 86.54, '00-19': 83.15, '20-39': 89.0, '40-59': 82.3, '60-79': 87.95, '80-99': 90.3, 'old': 85.6, 'new': 90.3}
2025-05-26 03:24:49,282 [trainer.py] => CNN top1 curve: [96.65, 92.95, 89.2, 84.42, 80.66]
2025-05-26 03:24:49,282 [trainer.py] => CNN top5 curve: [99.75, 99.38, 98.57, 97.44, 95.93]
2025-05-26 03:24:49,282 [trainer.py] => NME top1 curve: [96.45, 93.68, 91.67, 88.46, 86.54]
2025-05-26 03:24:49,283 [trainer.py] => NME top5 curve: [99.75, 99.52, 99.32, 98.89, 98.3]

Average Accuracy (CNN): 88.78
Average Accuracy (NME): 91.36
2025-05-26 03:24:49,283 [trainer.py] => Average Accuracy (CNN): 88.78
2025-05-26 03:24:49,283 [trainer.py] => Average Accuracy (NME): 91.36
Finished cifar224_init20_inc20: vit_base_patch16_224_in21k  
----------------------------------------------------------------------------------------------------
Accuracy Matrix (CNN):
[[96.65 89.6  83.4  79.6  72.  ]
 [ 0.   96.3  89.4  87.3  81.45]
 [ 0.    0.   94.8  76.45 72.7 ]
 [ 0.    0.    0.   94.35 81.6 ]
 [ 0.    0.    0.    0.   95.55]]
2025-05-26 03:24:49,283 [trainer.py] => Forgetting (CNN): 18.5875
Accuracy Matrix (NME):
[[96.45 92.35 89.8  87.   83.15]
 [ 0.   95.   92.8  91.3  89.  ]
 [ 0.    0.   92.4  86.25 82.3 ]
 [ 0.    0.    0.   89.3  87.95]
 [ 0.    0.    0.    0.   90.3 ]]
2025-05-26 03:24:49,284 [trainer.py] => Forgetting (NME): 7.6875
2025-05-26 03:25:08,342 [trainer.py] => config: ./scripts/der/der_cifar_B50_Inc5.json
2025-05-26 03:25:08,358 [trainer.py] => prefix: reproduce
2025-05-26 03:25:08,359 [trainer.py] => dataset: cifar224
2025-05-26 03:25:08,359 [trainer.py] => memory_size: 2000
2025-05-26 03:25:08,359 [trainer.py] => memory_per_class: 20
2025-05-26 03:25:08,359 [trainer.py] => fixed_memory: False
2025-05-26 03:25:08,359 [trainer.py] => shuffle: True
2025-05-26 03:25:08,360 [trainer.py] => init_cls: 50
2025-05-26 03:25:08,360 [trainer.py] => increment: 5
2025-05-26 03:25:08,360 [trainer.py] => model_name: der
2025-05-26 03:25:08,360 [trainer.py] => backbone_type: vit_base_patch16_224_in21k
2025-05-26 03:25:08,360 [trainer.py] => device: [device(type='cuda', index=1)]
2025-05-26 03:25:08,360 [trainer.py] => seed: 1993
2025-05-26 03:25:08,360 [trainer.py] => init_epoch: 20
2025-05-26 03:25:08,361 [trainer.py] => init_lr: 0.001
2025-05-26 03:25:08,361 [trainer.py] => init_milestones: [60, 120, 170]
2025-05-26 03:25:08,361 [trainer.py] => init_lr_decay: 0.1
2025-05-26 03:25:08,361 [trainer.py] => init_weight_decay: 0.0005
2025-05-26 03:25:08,361 [trainer.py] => epochs: 20
2025-05-26 03:25:08,361 [trainer.py] => lrate: 0.001
2025-05-26 03:25:08,362 [trainer.py] => milestones: [80, 120, 150]
2025-05-26 03:25:08,362 [trainer.py] => lrate_decay: 0.1
2025-05-26 03:25:08,362 [trainer.py] => batch_size: 48
2025-05-26 03:25:08,362 [trainer.py] => weight_decay: 0.0002
2025-05-26 03:25:08,362 [trainer.py] => T: 2
Files already downloaded and verified
Files already downloaded and verified
2025-05-26 03:25:10,762 [data_manager.py] => [68, 56, 78, 8, 23, 84, 90, 65, 74, 76, 40, 89, 3, 92, 55, 9, 26, 80, 43, 38, 58, 70, 77, 1, 85, 19, 17, 50, 28, 53, 13, 81, 45, 82, 6, 59, 83, 16, 15, 44, 91, 41, 72, 60, 79, 52, 20, 10, 31, 54, 37, 95, 14, 71, 96, 98, 97, 2, 64, 66, 42, 22, 35, 86, 24, 34, 87, 21, 99, 0, 88, 27, 18, 94, 11, 12, 47, 25, 30, 46, 62, 69, 36, 61, 7, 63, 75, 5, 32, 4, 51, 48, 73, 93, 39, 67, 29, 49, 57, 33]
2025-05-26 03:25:14,963 [trainer.py] => All params: 0
2025-05-26 03:25:14,964 [trainer.py] => Trainable params: 0
2025-05-26 03:25:20,602 [der.py] => Learning on 0-50
2025-05-26 03:25:20,603 [der.py] => All params: 85876325
2025-05-26 03:25:20,603 [der.py] => Trainable params: 85876325

  0%|          | 0/20 [00:00<?, ?it/s]
Task 0, Epoch 1/20 => Loss 2.956, Train_accy 24.74, Test_accy 85.50:   0%|          | 0/20 [04:00<?, ?it/s]
Task 0, Epoch 1/20 => Loss 2.956, Train_accy 24.74, Test_accy 85.50:   5%|▌         | 1/20 [04:00<1:16:03, 240.16s/it]
Task 0, Epoch 2/20 => Loss 0.910, Train_accy 74.52:   5%|▌         | 1/20 [07:16<1:16:03, 240.16s/it]                 
Task 0, Epoch 2/20 => Loss 0.910, Train_accy 74.52:  10%|█         | 2/20 [07:16<1:04:18, 214.39s/it]
Task 0, Epoch 3/20 => Loss 0.723, Train_accy 79.49:  10%|█         | 2/20 [10:27<1:04:18, 214.39s/it]
Task 0, Epoch 3/20 => Loss 0.723, Train_accy 79.49:  15%|█▌        | 3/20 [10:27<57:41, 203.61s/it]  
Task 0, Epoch 4/20 => Loss 0.644, Train_accy 81.89:  15%|█▌        | 3/20 [13:38<57:41, 203.61s/it]
Task 0, Epoch 4/20 => Loss 0.644, Train_accy 81.89:  20%|██        | 4/20 [13:38<53:01, 198.86s/it]
Task 0, Epoch 5/20 => Loss 0.588, Train_accy 83.09:  20%|██        | 4/20 [16:50<53:01, 198.86s/it]
Task 0, Epoch 5/20 => Loss 0.588, Train_accy 83.09:  25%|██▌       | 5/20 [16:50<49:01, 196.09s/it]
Task 0, Epoch 6/20 => Loss 0.552, Train_accy 84.48, Test_accy 93.00:  25%|██▌       | 5/20 [20:17<49:01, 196.09s/it]
Task 0, Epoch 6/20 => Loss 0.552, Train_accy 84.48, Test_accy 93.00:  30%|███       | 6/20 [20:17<46:39, 200.00s/it]
Task 0, Epoch 7/20 => Loss 0.522, Train_accy 85.20:  30%|███       | 6/20 [23:29<46:39, 200.00s/it]                 
Task 0, Epoch 7/20 => Loss 0.522, Train_accy 85.20:  35%|███▌      | 7/20 [23:29<42:46, 197.42s/it]
Task 0, Epoch 8/20 => Loss 0.496, Train_accy 86.02:  35%|███▌      | 7/20 [26:35<42:46, 197.42s/it]
Task 0, Epoch 8/20 => Loss 0.496, Train_accy 86.02:  40%|████      | 8/20 [26:35<38:45, 193.76s/it]
Task 0, Epoch 9/20 => Loss 0.479, Train_accy 86.48:  40%|████      | 8/20 [29:46<38:45, 193.76s/it]
Task 0, Epoch 9/20 => Loss 0.479, Train_accy 86.48:  45%|████▌     | 9/20 [29:46<35:22, 192.97s/it]
Task 0, Epoch 10/20 => Loss 0.459, Train_accy 86.90:  45%|████▌     | 9/20 [32:58<35:22, 192.97s/it]
Task 0, Epoch 10/20 => Loss 0.459, Train_accy 86.90:  50%|█████     | 10/20 [32:58<32:05, 192.51s/it]
Task 0, Epoch 11/20 => Loss 0.452, Train_accy 87.06, Test_accy 93.40:  50%|█████     | 10/20 [36:26<32:05, 192.51s/it]
Task 0, Epoch 11/20 => Loss 0.452, Train_accy 87.06, Test_accy 93.40:  55%|█████▌    | 11/20 [36:26<29:35, 197.32s/it]
Task 0, Epoch 12/20 => Loss 0.431, Train_accy 88.07:  55%|█████▌    | 11/20 [39:38<29:35, 197.32s/it]                 
Task 0, Epoch 12/20 => Loss 0.431, Train_accy 88.07:  60%|██████    | 12/20 [39:38<26:05, 195.68s/it]
Task 0, Epoch 13/20 => Loss 0.435, Train_accy 87.68:  60%|██████    | 12/20 [42:50<26:05, 195.68s/it]
Task 0, Epoch 13/20 => Loss 0.435, Train_accy 87.68:  65%|██████▌   | 13/20 [42:50<22:41, 194.45s/it]
Task 0, Epoch 14/20 => Loss 0.417, Train_accy 88.19:  65%|██████▌   | 13/20 [46:01<22:41, 194.45s/it]
Task 0, Epoch 14/20 => Loss 0.417, Train_accy 88.19:  70%|███████   | 14/20 [46:01<19:21, 193.65s/it]
Task 0, Epoch 15/20 => Loss 0.406, Train_accy 88.52:  70%|███████   | 14/20 [49:07<19:21, 193.65s/it]
Task 0, Epoch 15/20 => Loss 0.406, Train_accy 88.52:  75%|███████▌  | 15/20 [49:07<15:55, 191.07s/it]
Task 0, Epoch 16/20 => Loss 0.390, Train_accy 88.92, Test_accy 92.32:  75%|███████▌  | 15/20 [52:34<15:55, 191.07s/it]
Task 0, Epoch 16/20 => Loss 0.390, Train_accy 88.92, Test_accy 92.32:  80%|████████  | 16/20 [52:34<13:04, 196.07s/it]
Task 0, Epoch 17/20 => Loss 0.374, Train_accy 89.39:  80%|████████  | 16/20 [55:46<13:04, 196.07s/it]                 
Task 0, Epoch 17/20 => Loss 0.374, Train_accy 89.39:  85%|████████▌ | 17/20 [55:46<09:44, 194.71s/it]
Task 0, Epoch 18/20 => Loss 0.376, Train_accy 89.44:  85%|████████▌ | 17/20 [58:57<09:44, 194.71s/it]
Task 0, Epoch 18/20 => Loss 0.376, Train_accy 89.44:  90%|█████████ | 18/20 [58:57<06:27, 193.73s/it]
Task 0, Epoch 19/20 => Loss 0.372, Train_accy 89.52:  90%|█████████ | 18/20 [1:02:09<06:27, 193.73s/it]
Task 0, Epoch 19/20 => Loss 0.372, Train_accy 89.52:  95%|█████████▌| 19/20 [1:02:09<03:13, 193.06s/it]
Task 0, Epoch 20/20 => Loss 0.366, Train_accy 89.55:  95%|█████████▌| 19/20 [1:05:21<03:13, 193.06s/it]
Task 0, Epoch 20/20 => Loss 0.366, Train_accy 89.55: 100%|██████████| 20/20 [1:05:21<00:00, 192.80s/it]
Task 0, Epoch 20/20 => Loss 0.366, Train_accy 89.55: 100%|██████████| 20/20 [1:05:21<00:00, 196.07s/it]
2025-05-26 04:31:04,505 [der.py] => Task 0, Epoch 20/20 => Loss 0.366, Train_accy 89.55
2025-05-26 04:31:04,520 [base.py] => Reducing exemplars...(40 per classes)
2025-05-26 04:31:04,520 [base.py] => Constructing exemplars...(40 per classes)
Time for task 0: 4067.793086528778
2025-05-26 04:33:35,725 [der.py] => Exemplar size: 2000
2025-05-26 04:33:35,727 [trainer.py] => CNN: {'total': 92.32, '00-49': 92.32, 'old': 0, 'new': 92.32}
2025-05-26 04:33:35,727 [trainer.py] => NME: {'total': 92.82, '00-49': 92.82, 'old': 0, 'new': 92.82}
2025-05-26 04:33:35,728 [trainer.py] => CNN top1 curve: [92.32]
2025-05-26 04:33:35,728 [trainer.py] => CNN top5 curve: [99.22]
2025-05-26 04:33:35,728 [trainer.py] => NME top1 curve: [92.82]
2025-05-26 04:33:35,728 [trainer.py] => NME top5 curve: [99.46]

Average Accuracy (CNN): 92.32
Average Accuracy (NME): 92.82
2025-05-26 04:33:35,728 [trainer.py] => Average Accuracy (CNN): 92.32
2025-05-26 04:33:35,728 [trainer.py] => Average Accuracy (NME): 92.82
2025-05-26 04:33:35,729 [trainer.py] => All params: 85876325
2025-05-26 04:33:35,730 [trainer.py] => Trainable params: 85876325
2025-05-26 04:33:42,248 [der.py] => Learning on 50-55
2025-05-26 04:33:42,250 [der.py] => All params: 171686461
2025-05-26 04:33:42,251 [der.py] => Trainable params: 85887805

  0%|          | 0/20 [00:00<?, ?it/s]
Task 1, Epoch 1/20 => Loss 1.360, Loss_clf 0.855, Loss_aux 0.505, Train_accy 82.11, Test_accy 90.51:   0%|          | 0/20 [01:22<?, ?it/s]
Task 1, Epoch 1/20 => Loss 1.360, Loss_clf 0.855, Loss_aux 0.505, Train_accy 82.11, Test_accy 90.51:   5%|▌         | 1/20 [01:22<26:07, 82.52s/it]
Task 1, Epoch 2/20 => Loss 0.575, Loss_clf 0.351, Loss_aux 0.224, Train_accy 89.69:   5%|▌         | 1/20 [02:07<26:07, 82.52s/it]                 
Task 1, Epoch 2/20 => Loss 0.575, Loss_clf 0.351, Loss_aux 0.224, Train_accy 89.69:  10%|█         | 2/20 [02:07<18:05, 60.30s/it]
Task 1, Epoch 3/20 => Loss 0.549, Loss_clf 0.336, Loss_aux 0.213, Train_accy 90.13:  10%|█         | 2/20 [02:52<18:05, 60.30s/it]
Task 1, Epoch 3/20 => Loss 0.549, Loss_clf 0.336, Loss_aux 0.213, Train_accy 90.13:  15%|█▌        | 3/20 [02:52<15:06, 53.30s/it]
Task 1, Epoch 4/20 => Loss 0.510, Loss_clf 0.322, Loss_aux 0.188, Train_accy 90.96:  15%|█▌        | 3/20 [03:37<15:06, 53.30s/it]
Task 1, Epoch 4/20 => Loss 0.510, Loss_clf 0.322, Loss_aux 0.188, Train_accy 90.96:  20%|██        | 4/20 [03:37<13:20, 50.06s/it]
Task 1, Epoch 5/20 => Loss 0.484, Loss_clf 0.300, Loss_aux 0.183, Train_accy 91.00:  20%|██        | 4/20 [04:28<13:20, 50.06s/it]
Task 1, Epoch 5/20 => Loss 0.484, Loss_clf 0.300, Loss_aux 0.183, Train_accy 91.00:  25%|██▌       | 5/20 [04:28<12:36, 50.42s/it]
Task 1, Epoch 6/20 => Loss 0.480, Loss_clf 0.314, Loss_aux 0.165, Train_accy 90.82, Test_accy 90.55:  25%|██▌       | 5/20 [05:40<12:36, 50.42s/it]
Task 1, Epoch 6/20 => Loss 0.480, Loss_clf 0.314, Loss_aux 0.165, Train_accy 90.82, Test_accy 90.55:  30%|███       | 6/20 [05:40<13:30, 57.92s/it]
Task 1, Epoch 7/20 => Loss 0.477, Loss_clf 0.296, Loss_aux 0.181, Train_accy 91.38:  30%|███       | 6/20 [06:31<13:30, 57.92s/it]                 
Task 1, Epoch 7/20 => Loss 0.477, Loss_clf 0.296, Loss_aux 0.181, Train_accy 91.38:  35%|███▌      | 7/20 [06:31<12:03, 55.64s/it]
Task 1, Epoch 8/20 => Loss 0.461, Loss_clf 0.296, Loss_aux 0.165, Train_accy 91.73:  35%|███▌      | 7/20 [07:16<12:03, 55.64s/it]
Task 1, Epoch 8/20 => Loss 0.461, Loss_clf 0.296, Loss_aux 0.165, Train_accy 91.73:  40%|████      | 8/20 [07:16<10:26, 52.21s/it]
Task 1, Epoch 9/20 => Loss 0.424, Loss_clf 0.278, Loss_aux 0.146, Train_accy 91.98:  40%|████      | 8/20 [08:01<10:26, 52.21s/it]
Task 1, Epoch 9/20 => Loss 0.424, Loss_clf 0.278, Loss_aux 0.146, Train_accy 91.98:  45%|████▌     | 9/20 [08:01<09:09, 49.94s/it]
Task 1, Epoch 10/20 => Loss 0.464, Loss_clf 0.289, Loss_aux 0.175, Train_accy 91.69:  45%|████▌     | 9/20 [08:46<09:09, 49.94s/it]
Task 1, Epoch 10/20 => Loss 0.464, Loss_clf 0.289, Loss_aux 0.175, Train_accy 91.69:  50%|█████     | 10/20 [08:46<08:04, 48.44s/it]
Task 1, Epoch 11/20 => Loss 0.489, Loss_clf 0.313, Loss_aux 0.176, Train_accy 90.91, Test_accy 90.82:  50%|█████     | 10/20 [10:05<08:04, 48.44s/it]
Task 1, Epoch 11/20 => Loss 0.489, Loss_clf 0.313, Loss_aux 0.176, Train_accy 90.91, Test_accy 90.82:  55%|█████▌    | 11/20 [10:05<08:38, 57.59s/it]
Task 1, Epoch 12/20 => Loss 0.393, Loss_clf 0.259, Loss_aux 0.134, Train_accy 93.13:  55%|█████▌    | 11/20 [10:49<08:38, 57.59s/it]                 
Task 1, Epoch 12/20 => Loss 0.393, Loss_clf 0.259, Loss_aux 0.134, Train_accy 93.13:  60%|██████    | 12/20 [10:49<07:09, 53.73s/it]
Task 1, Epoch 13/20 => Loss 0.407, Loss_clf 0.268, Loss_aux 0.139, Train_accy 92.42:  60%|██████    | 12/20 [11:35<07:09, 53.73s/it]
Task 1, Epoch 13/20 => Loss 0.407, Loss_clf 0.268, Loss_aux 0.139, Train_accy 92.42:  65%|██████▌   | 13/20 [11:35<05:57, 51.14s/it]
Task 1, Epoch 14/20 => Loss 0.394, Loss_clf 0.258, Loss_aux 0.137, Train_accy 92.67:  65%|██████▌   | 13/20 [12:26<05:57, 51.14s/it]
Task 1, Epoch 14/20 => Loss 0.394, Loss_clf 0.258, Loss_aux 0.137, Train_accy 92.67:  70%|███████   | 14/20 [12:26<05:06, 51.10s/it]
Task 1, Epoch 15/20 => Loss 0.407, Loss_clf 0.261, Loss_aux 0.146, Train_accy 92.96:  70%|███████   | 14/20 [13:10<05:06, 51.10s/it]
Task 1, Epoch 15/20 => Loss 0.407, Loss_clf 0.261, Loss_aux 0.146, Train_accy 92.96:  75%|███████▌  | 15/20 [13:10<04:05, 49.10s/it]
Task 1, Epoch 16/20 => Loss 0.372, Loss_clf 0.243, Loss_aux 0.129, Train_accy 93.02, Test_accy 90.33:  75%|███████▌  | 15/20 [14:29<04:05, 49.10s/it]
Task 1, Epoch 16/20 => Loss 0.372, Loss_clf 0.243, Loss_aux 0.129, Train_accy 93.02, Test_accy 90.33:  80%|████████  | 16/20 [14:29<03:52, 58.10s/it]
Task 1, Epoch 17/20 => Loss 0.374, Loss_clf 0.249, Loss_aux 0.125, Train_accy 93.09:  80%|████████  | 16/20 [15:14<03:52, 58.10s/it]                 
Task 1, Epoch 17/20 => Loss 0.374, Loss_clf 0.249, Loss_aux 0.125, Train_accy 93.09:  85%|████████▌ | 17/20 [15:14<02:42, 54.16s/it]
Task 1, Epoch 18/20 => Loss 0.366, Loss_clf 0.244, Loss_aux 0.121, Train_accy 93.13:  85%|████████▌ | 17/20 [15:59<02:42, 54.16s/it]
Task 1, Epoch 18/20 => Loss 0.366, Loss_clf 0.244, Loss_aux 0.121, Train_accy 93.13:  90%|█████████ | 18/20 [15:59<01:42, 51.30s/it]
Task 1, Epoch 19/20 => Loss 0.359, Loss_clf 0.242, Loss_aux 0.117, Train_accy 93.16:  90%|█████████ | 18/20 [16:44<01:42, 51.30s/it]
Task 1, Epoch 19/20 => Loss 0.359, Loss_clf 0.242, Loss_aux 0.117, Train_accy 93.16:  95%|█████████▌| 19/20 [16:44<00:49, 49.38s/it]
Task 1, Epoch 20/20 => Loss 0.378, Loss_clf 0.247, Loss_aux 0.132, Train_accy 92.93:  95%|█████████▌| 19/20 [17:35<00:49, 49.38s/it]
Task 1, Epoch 20/20 => Loss 0.378, Loss_clf 0.247, Loss_aux 0.132, Train_accy 92.93: 100%|██████████| 20/20 [17:35<00:00, 49.90s/it]
Task 1, Epoch 20/20 => Loss 0.378, Loss_clf 0.247, Loss_aux 0.132, Train_accy 92.93: 100%|██████████| 20/20 [17:35<00:00, 52.76s/it]
2025-05-26 04:51:17,637 [der.py] => Task 1, Epoch 20/20 => Loss 0.378, Loss_clf 0.247, Loss_aux 0.132, Train_accy 92.93
2025-05-26 04:51:17,661 [base.py] => Reducing exemplars...(36 per classes)
2025-05-26 04:51:37,454 [base.py] => Constructing exemplars...(36 per classes)
Time for task 1: 1102.3220341205597
2025-05-26 04:52:59,471 [der.py] => Exemplar size: 1980
2025-05-26 04:52:59,472 [trainer.py] => CNN: {'total': 90.02, '00-49': 89.24, '50-54': 97.8, 'old': 89.24, 'new': 97.8}
2025-05-26 04:52:59,472 [trainer.py] => NME: {'total': 91.89, '00-49': 91.72, '50-54': 93.6, 'old': 91.72, 'new': 93.6}
2025-05-26 04:52:59,472 [trainer.py] => CNN top1 curve: [92.32, 90.02]
2025-05-26 04:52:59,472 [trainer.py] => CNN top5 curve: [99.22, 99.05]
2025-05-26 04:52:59,472 [trainer.py] => NME top1 curve: [92.82, 91.89]
2025-05-26 04:52:59,472 [trainer.py] => NME top5 curve: [99.46, 99.33]

Average Accuracy (CNN): 91.17
Average Accuracy (NME): 92.35
2025-05-26 04:52:59,472 [trainer.py] => Average Accuracy (CNN): 91.17
2025-05-26 04:52:59,472 [trainer.py] => Average Accuracy (NME): 92.35
2025-05-26 04:52:59,473 [trainer.py] => All params: 171686461
2025-05-26 04:52:59,474 [trainer.py] => Trainable params: 85887805
2025-05-26 04:53:05,914 [der.py] => Learning on 55-60
2025-05-26 04:53:05,916 [der.py] => All params: 257538882
2025-05-26 04:53:05,918 [der.py] => Trainable params: 85941570

  0%|          | 0/20 [00:00<?, ?it/s]
Task 2, Epoch 1/20 => Loss 1.464, Loss_clf 0.924, Loss_aux 0.540, Train_accy 77.92, Test_accy 90.10:   0%|          | 0/20 [02:01<?, ?it/s]
Task 2, Epoch 1/20 => Loss 1.464, Loss_clf 0.924, Loss_aux 0.540, Train_accy 77.92, Test_accy 90.10:   5%|▌         | 1/20 [02:01<38:21, 121.16s/it]
Task 2, Epoch 2/20 => Loss 0.680, Loss_clf 0.395, Loss_aux 0.285, Train_accy 87.81:   5%|▌         | 1/20 [03:04<38:21, 121.16s/it]                 
Task 2, Epoch 2/20 => Loss 0.680, Loss_clf 0.395, Loss_aux 0.285, Train_accy 87.81:  10%|█         | 2/20 [03:04<26:10, 87.22s/it] 
Task 2, Epoch 3/20 => Loss 0.614, Loss_clf 0.360, Loss_aux 0.255, Train_accy 89.00:  10%|█         | 2/20 [04:02<26:10, 87.22s/it]
Task 2, Epoch 3/20 => Loss 0.614, Loss_clf 0.360, Loss_aux 0.255, Train_accy 89.00:  15%|█▌        | 3/20 [04:02<20:53, 73.75s/it]
Task 2, Epoch 4/20 => Loss 0.611, Loss_clf 0.368, Loss_aux 0.243, Train_accy 89.49:  15%|█▌        | 3/20 [04:59<20:53, 73.75s/it]
Task 2, Epoch 4/20 => Loss 0.611, Loss_clf 0.368, Loss_aux 0.243, Train_accy 89.49:  20%|██        | 4/20 [04:59<17:56, 67.30s/it]
Task 2, Epoch 5/20 => Loss 0.538, Loss_clf 0.325, Loss_aux 0.213, Train_accy 90.42:  20%|██        | 4/20 [05:57<17:56, 67.30s/it]
Task 2, Epoch 5/20 => Loss 0.538, Loss_clf 0.325, Loss_aux 0.213, Train_accy 90.42:  25%|██▌       | 5/20 [05:57<15:58, 63.91s/it]
Task 2, Epoch 6/20 => Loss 0.602, Loss_clf 0.360, Loss_aux 0.242, Train_accy 89.26, Test_accy 90.37:  25%|██▌       | 5/20 [07:43<15:58, 63.91s/it]
Task 2, Epoch 6/20 => Loss 0.602, Loss_clf 0.360, Loss_aux 0.242, Train_accy 89.26, Test_accy 90.37:  30%|███       | 6/20 [07:43<18:13, 78.11s/it]
Task 2, Epoch 7/20 => Loss 0.528, Loss_clf 0.322, Loss_aux 0.206, Train_accy 90.62:  30%|███       | 6/20 [08:41<18:13, 78.11s/it]                 
Task 2, Epoch 7/20 => Loss 0.528, Loss_clf 0.322, Loss_aux 0.206, Train_accy 90.62:  35%|███▌      | 7/20 [08:41<15:30, 71.54s/it]
Task 2, Epoch 8/20 => Loss 0.532, Loss_clf 0.320, Loss_aux 0.212, Train_accy 90.18:  35%|███▌      | 7/20 [09:39<15:30, 71.54s/it]
Task 2, Epoch 8/20 => Loss 0.532, Loss_clf 0.320, Loss_aux 0.212, Train_accy 90.18:  40%|████      | 8/20 [09:39<13:25, 67.16s/it]
Task 2, Epoch 9/20 => Loss 0.519, Loss_clf 0.308, Loss_aux 0.211, Train_accy 90.98:  40%|████      | 8/20 [10:37<13:25, 67.16s/it]
Task 2, Epoch 9/20 => Loss 0.519, Loss_clf 0.308, Loss_aux 0.211, Train_accy 90.98:  45%|████▌     | 9/20 [10:37<11:48, 64.44s/it]
Task 2, Epoch 10/20 => Loss 0.480, Loss_clf 0.302, Loss_aux 0.179, Train_accy 91.09:  45%|████▌     | 9/20 [11:35<11:48, 64.44s/it]
Task 2, Epoch 10/20 => Loss 0.480, Loss_clf 0.302, Loss_aux 0.179, Train_accy 91.09:  50%|█████     | 10/20 [11:35<10:23, 62.39s/it]
Task 2, Epoch 11/20 => Loss 0.480, Loss_clf 0.286, Loss_aux 0.193, Train_accy 91.38, Test_accy 90.12:  50%|█████     | 10/20 [13:27<10:23, 62.39s/it]
Task 2, Epoch 11/20 => Loss 0.480, Loss_clf 0.286, Loss_aux 0.193, Train_accy 91.38, Test_accy 90.12:  55%|█████▌    | 11/20 [13:27<11:39, 77.73s/it]
Task 2, Epoch 12/20 => Loss 0.470, Loss_clf 0.282, Loss_aux 0.188, Train_accy 91.12:  55%|█████▌    | 11/20 [14:25<11:39, 77.73s/it]                 
Task 2, Epoch 12/20 => Loss 0.470, Loss_clf 0.282, Loss_aux 0.188, Train_accy 91.12:  60%|██████    | 12/20 [14:25<09:32, 71.57s/it]
Task 2, Epoch 13/20 => Loss 0.494, Loss_clf 0.301, Loss_aux 0.194, Train_accy 91.43:  60%|██████    | 12/20 [15:23<09:32, 71.57s/it]
Task 2, Epoch 13/20 => Loss 0.494, Loss_clf 0.301, Loss_aux 0.194, Train_accy 91.43:  65%|██████▌   | 13/20 [15:23<07:53, 67.61s/it]
Task 2, Epoch 14/20 => Loss 0.461, Loss_clf 0.285, Loss_aux 0.176, Train_accy 91.50:  65%|██████▌   | 13/20 [16:21<07:53, 67.61s/it]
Task 2, Epoch 14/20 => Loss 0.461, Loss_clf 0.285, Loss_aux 0.176, Train_accy 91.50:  70%|███████   | 14/20 [16:21<06:28, 64.70s/it]
Task 2, Epoch 15/20 => Loss 0.458, Loss_clf 0.285, Loss_aux 0.174, Train_accy 91.81:  70%|███████   | 14/20 [17:19<06:28, 64.70s/it]
Task 2, Epoch 15/20 => Loss 0.458, Loss_clf 0.285, Loss_aux 0.174, Train_accy 91.81:  75%|███████▌  | 15/20 [17:19<05:13, 62.63s/it]
Task 2, Epoch 16/20 => Loss 0.454, Loss_clf 0.279, Loss_aux 0.174, Train_accy 91.61, Test_accy 91.12:  75%|███████▌  | 15/20 [19:05<05:13, 62.63s/it]
Task 2, Epoch 16/20 => Loss 0.454, Loss_clf 0.279, Loss_aux 0.174, Train_accy 91.61, Test_accy 91.12:  80%|████████  | 16/20 [19:05<05:02, 75.55s/it]
Task 2, Epoch 17/20 => Loss 0.452, Loss_clf 0.280, Loss_aux 0.172, Train_accy 91.90:  80%|████████  | 16/20 [20:02<05:02, 75.55s/it]                 
Task 2, Epoch 17/20 => Loss 0.452, Loss_clf 0.280, Loss_aux 0.172, Train_accy 91.90:  85%|████████▌ | 17/20 [20:02<03:30, 70.20s/it]
Task 2, Epoch 18/20 => Loss 0.421, Loss_clf 0.261, Loss_aux 0.160, Train_accy 92.19:  85%|████████▌ | 17/20 [21:00<03:30, 70.20s/it]
Task 2, Epoch 18/20 => Loss 0.421, Loss_clf 0.261, Loss_aux 0.160, Train_accy 92.19:  90%|█████████ | 18/20 [21:00<02:12, 66.43s/it]
Task 2, Epoch 19/20 => Loss 0.415, Loss_clf 0.266, Loss_aux 0.149, Train_accy 92.03:  90%|█████████ | 18/20 [21:58<02:12, 66.43s/it]
Task 2, Epoch 19/20 => Loss 0.415, Loss_clf 0.266, Loss_aux 0.149, Train_accy 92.03:  95%|█████████▌| 19/20 [21:58<01:03, 63.79s/it]
Task 2, Epoch 20/20 => Loss 0.455, Loss_clf 0.282, Loss_aux 0.174, Train_accy 91.32:  95%|█████████▌| 19/20 [22:55<01:03, 63.79s/it]
Task 2, Epoch 20/20 => Loss 0.455, Loss_clf 0.282, Loss_aux 0.174, Train_accy 91.32: 100%|██████████| 20/20 [22:55<00:00, 61.86s/it]
Task 2, Epoch 20/20 => Loss 0.455, Loss_clf 0.282, Loss_aux 0.174, Train_accy 91.32: 100%|██████████| 20/20 [22:55<00:00, 68.78s/it]
2025-05-26 05:16:01,658 [der.py] => Task 2, Epoch 20/20 => Loss 0.455, Loss_clf 0.282, Loss_aux 0.174, Train_accy 91.32
2025-05-26 05:16:01,681 [base.py] => Reducing exemplars...(33 per classes)
2025-05-26 05:16:35,323 [base.py] => Constructing exemplars...(33 per classes)
Time for task 2: 1437.6457631587982
2025-05-26 05:18:39,965 [der.py] => Exemplar size: 1980
2025-05-26 05:18:39,965 [trainer.py] => CNN: {'total': 90.23, '00-49': 89.32, '50-54': 93.8, '55-59': 95.8, 'old': 89.73, 'new': 95.8}
2025-05-26 05:18:39,965 [trainer.py] => NME: {'total': 91.75, '00-49': 91.06, '50-54': 96.0, '55-59': 94.4, 'old': 91.51, 'new': 94.4}
2025-05-26 05:18:39,965 [trainer.py] => CNN top1 curve: [92.32, 90.02, 90.23]
2025-05-26 05:18:39,966 [trainer.py] => CNN top5 curve: [99.22, 99.05, 98.72]
2025-05-26 05:18:39,966 [trainer.py] => NME top1 curve: [92.82, 91.89, 91.75]
2025-05-26 05:18:39,966 [trainer.py] => NME top5 curve: [99.46, 99.33, 99.33]

Average Accuracy (CNN): 90.86
Average Accuracy (NME): 92.15
2025-05-26 05:18:39,966 [trainer.py] => Average Accuracy (CNN): 90.86
2025-05-26 05:18:39,966 [trainer.py] => Average Accuracy (NME): 92.15
2025-05-26 05:18:39,968 [trainer.py] => All params: 257538882
2025-05-26 05:18:39,969 [trainer.py] => Trainable params: 85941570
2025-05-26 05:18:45,214 [der.py] => Learning on 60-65
2025-05-26 05:18:45,221 [der.py] => All params: 343398983
2025-05-26 05:18:45,223 [der.py] => Trainable params: 86003015

  0%|          | 0/20 [00:00<?, ?it/s]
Task 3, Epoch 1/20 => Loss 1.370, Loss_clf 0.918, Loss_aux 0.452, Train_accy 82.92, Test_accy 87.91:   0%|          | 0/20 [02:33<?, ?it/s]
Task 3, Epoch 1/20 => Loss 1.370, Loss_clf 0.918, Loss_aux 0.452, Train_accy 82.92, Test_accy 87.91:   5%|▌         | 1/20 [02:33<48:39, 153.68s/it]
Task 3, Epoch 2/20 => Loss 0.535, Loss_clf 0.327, Loss_aux 0.209, Train_accy 90.38:   5%|▌         | 1/20 [03:53<48:39, 153.68s/it]                 
Task 3, Epoch 2/20 => Loss 0.535, Loss_clf 0.327, Loss_aux 0.209, Train_accy 90.38:  10%|█         | 2/20 [03:53<33:08, 110.50s/it]
Task 3, Epoch 3/20 => Loss 0.480, Loss_clf 0.307, Loss_aux 0.174, Train_accy 91.34:  10%|█         | 2/20 [05:04<33:08, 110.50s/it]
Task 3, Epoch 3/20 => Loss 0.480, Loss_clf 0.307, Loss_aux 0.174, Train_accy 91.34:  15%|█▌        | 3/20 [05:04<26:11, 92.46s/it] 
Task 3, Epoch 4/20 => Loss 0.442, Loss_clf 0.271, Loss_aux 0.172, Train_accy 92.03:  15%|█▌        | 3/20 [06:15<26:11, 92.46s/it]
Task 3, Epoch 4/20 => Loss 0.442, Loss_clf 0.271, Loss_aux 0.172, Train_accy 92.03:  20%|██        | 4/20 [06:15<22:22, 83.91s/it]
Task 3, Epoch 5/20 => Loss 0.445, Loss_clf 0.282, Loss_aux 0.163, Train_accy 91.61:  20%|██        | 4/20 [07:21<22:22, 83.91s/it]
Task 3, Epoch 5/20 => Loss 0.445, Loss_clf 0.282, Loss_aux 0.163, Train_accy 91.61:  25%|██▌       | 5/20 [07:21<19:17, 77.19s/it]
Task 3, Epoch 6/20 => Loss 0.449, Loss_clf 0.283, Loss_aux 0.166, Train_accy 91.94, Test_accy 88.75:  25%|██▌       | 5/20 [09:43<19:17, 77.19s/it]
Task 3, Epoch 6/20 => Loss 0.449, Loss_clf 0.283, Loss_aux 0.166, Train_accy 91.94, Test_accy 88.75:  30%|███       | 6/20 [09:43<23:10, 99.33s/it]
Task 3, Epoch 7/20 => Loss 0.417, Loss_clf 0.275, Loss_aux 0.143, Train_accy 92.19:  30%|███       | 6/20 [10:54<23:10, 99.33s/it]                 
Task 3, Epoch 7/20 => Loss 0.417, Loss_clf 0.275, Loss_aux 0.143, Train_accy 92.19:  35%|███▌      | 7/20 [10:54<19:30, 90.07s/it]
Task 3, Epoch 8/20 => Loss 0.426, Loss_clf 0.274, Loss_aux 0.152, Train_accy 92.32:  35%|███▌      | 7/20 [12:07<19:30, 90.07s/it]
Task 3, Epoch 8/20 => Loss 0.426, Loss_clf 0.274, Loss_aux 0.152, Train_accy 92.32:  40%|████      | 8/20 [12:07<16:57, 84.75s/it]
Task 3, Epoch 9/20 => Loss 0.399, Loss_clf 0.261, Loss_aux 0.139, Train_accy 92.68:  40%|████      | 8/20 [13:19<16:57, 84.75s/it]
Task 3, Epoch 9/20 => Loss 0.399, Loss_clf 0.261, Loss_aux 0.139, Train_accy 92.68:  45%|████▌     | 9/20 [13:19<14:47, 80.70s/it]
Task 3, Epoch 10/20 => Loss 0.387, Loss_clf 0.250, Loss_aux 0.137, Train_accy 93.01:  45%|████▌     | 9/20 [14:24<14:47, 80.70s/it]
Task 3, Epoch 10/20 => Loss 0.387, Loss_clf 0.250, Loss_aux 0.137, Train_accy 93.01:  50%|█████     | 10/20 [14:24<12:37, 75.75s/it]
Task 3, Epoch 11/20 => Loss 0.404, Loss_clf 0.261, Loss_aux 0.143, Train_accy 92.72, Test_accy 89.72:  50%|█████     | 10/20 [16:45<12:37, 75.75s/it]
Task 3, Epoch 11/20 => Loss 0.404, Loss_clf 0.261, Loss_aux 0.143, Train_accy 92.72, Test_accy 89.72:  55%|█████▌    | 11/20 [16:46<14:23, 95.98s/it]
Task 3, Epoch 12/20 => Loss 0.407, Loss_clf 0.265, Loss_aux 0.142, Train_accy 92.23:  55%|█████▌    | 11/20 [17:56<14:23, 95.98s/it]                 
Task 3, Epoch 12/20 => Loss 0.407, Loss_clf 0.265, Loss_aux 0.142, Train_accy 92.23:  60%|██████    | 12/20 [17:56<11:46, 88.31s/it]
Task 3, Epoch 13/20 => Loss 0.355, Loss_clf 0.227, Loss_aux 0.128, Train_accy 93.66:  60%|██████    | 12/20 [19:07<11:46, 88.31s/it]
Task 3, Epoch 13/20 => Loss 0.355, Loss_clf 0.227, Loss_aux 0.128, Train_accy 93.66:  65%|██████▌   | 13/20 [19:07<09:41, 83.10s/it]
Task 3, Epoch 14/20 => Loss 0.338, Loss_clf 0.226, Loss_aux 0.111, Train_accy 93.39:  65%|██████▌   | 13/20 [20:18<09:41, 83.10s/it]
Task 3, Epoch 14/20 => Loss 0.338, Loss_clf 0.226, Loss_aux 0.111, Train_accy 93.39:  70%|███████   | 14/20 [20:18<07:56, 79.33s/it]
Task 3, Epoch 15/20 => Loss 0.374, Loss_clf 0.241, Loss_aux 0.133, Train_accy 93.57:  70%|███████   | 14/20 [21:28<07:56, 79.33s/it]
Task 3, Epoch 15/20 => Loss 0.374, Loss_clf 0.241, Loss_aux 0.133, Train_accy 93.57:  75%|███████▌  | 15/20 [21:28<06:22, 76.59s/it]
Task 3, Epoch 16/20 => Loss 0.370, Loss_clf 0.246, Loss_aux 0.124, Train_accy 93.44, Test_accy 89.35:  75%|███████▌  | 15/20 [23:44<06:22, 76.59s/it]
Task 3, Epoch 16/20 => Loss 0.370, Loss_clf 0.246, Loss_aux 0.124, Train_accy 93.44, Test_accy 89.35:  80%|████████  | 16/20 [23:44<06:17, 94.35s/it]
Task 3, Epoch 17/20 => Loss 0.359, Loss_clf 0.227, Loss_aux 0.132, Train_accy 93.26:  80%|████████  | 16/20 [24:54<06:17, 94.35s/it]                 
Task 3, Epoch 17/20 => Loss 0.359, Loss_clf 0.227, Loss_aux 0.132, Train_accy 93.26:  85%|████████▌ | 17/20 [24:54<04:21, 87.16s/it]
Task 3, Epoch 18/20 => Loss 0.374, Loss_clf 0.242, Loss_aux 0.133, Train_accy 93.46:  85%|████████▌ | 17/20 [26:04<04:21, 87.16s/it]
Task 3, Epoch 18/20 => Loss 0.374, Loss_clf 0.242, Loss_aux 0.133, Train_accy 93.46:  90%|█████████ | 18/20 [26:04<02:44, 82.07s/it]
Task 3, Epoch 19/20 => Loss 0.317, Loss_clf 0.220, Loss_aux 0.097, Train_accy 93.68:  90%|█████████ | 18/20 [27:15<02:44, 82.07s/it]
Task 3, Epoch 19/20 => Loss 0.317, Loss_clf 0.220, Loss_aux 0.097, Train_accy 93.68:  95%|█████████▌| 19/20 [27:15<01:18, 78.67s/it]
Task 3, Epoch 20/20 => Loss 0.350, Loss_clf 0.227, Loss_aux 0.123, Train_accy 93.68:  95%|█████████▌| 19/20 [28:26<01:18, 78.67s/it]
Task 3, Epoch 20/20 => Loss 0.350, Loss_clf 0.227, Loss_aux 0.123, Train_accy 93.68: 100%|██████████| 20/20 [28:26<00:00, 76.20s/it]
Task 3, Epoch 20/20 => Loss 0.350, Loss_clf 0.227, Loss_aux 0.123, Train_accy 93.68: 100%|██████████| 20/20 [28:26<00:00, 85.31s/it]
2025-05-26 05:47:11,518 [der.py] => Task 3, Epoch 20/20 => Loss 0.350, Loss_clf 0.227, Loss_aux 0.123, Train_accy 93.68
2025-05-26 05:47:11,538 [base.py] => Reducing exemplars...(30 per classes)
2025-05-26 05:47:46,747 [base.py] => Constructing exemplars...(30 per classes)
Time for task 3: 1782.4637849330902
2025-05-26 05:50:40,691 [der.py] => Exemplar size: 1950
2025-05-26 05:50:40,692 [trainer.py] => CNN: {'total': 89.92, '00-49': 89.84, '50-54': 92.8, '55-59': 81.4, '60-64': 96.4, 'old': 89.38, 'new': 96.4}
2025-05-26 05:50:40,692 [trainer.py] => NME: {'total': 90.83, '00-49': 90.64, '50-54': 95.2, '55-59': 88.0, '60-64': 91.2, 'old': 90.8, 'new': 91.2}
2025-05-26 05:50:40,692 [trainer.py] => CNN top1 curve: [92.32, 90.02, 90.23, 89.92]
2025-05-26 05:50:40,692 [trainer.py] => CNN top5 curve: [99.22, 99.05, 98.72, 98.66]
2025-05-26 05:50:40,692 [trainer.py] => NME top1 curve: [92.82, 91.89, 91.75, 90.83]
2025-05-26 05:50:40,692 [trainer.py] => NME top5 curve: [99.46, 99.33, 99.33, 99.22]

Average Accuracy (CNN): 90.62
Average Accuracy (NME): 91.82
2025-05-26 05:50:40,692 [trainer.py] => Average Accuracy (CNN): 90.62
2025-05-26 05:50:40,692 [trainer.py] => Average Accuracy (NME): 91.82
2025-05-26 05:50:40,695 [trainer.py] => All params: 343398983
2025-05-26 05:50:40,698 [trainer.py] => Trainable params: 86003015
2025-05-26 05:50:46,619 [der.py] => Learning on 65-70
2025-05-26 05:50:46,624 [der.py] => All params: 429266764
2025-05-26 05:50:46,626 [der.py] => Trainable params: 86072140

  0%|          | 0/20 [00:00<?, ?it/s]
Task 4, Epoch 1/20 => Loss 1.332, Loss_clf 0.914, Loss_aux 0.418, Train_accy 84.09, Test_accy 87.10:   0%|          | 0/20 [02:59<?, ?it/s]
Task 4, Epoch 1/20 => Loss 1.332, Loss_clf 0.914, Loss_aux 0.418, Train_accy 84.09, Test_accy 87.10:   5%|▌         | 1/20 [02:59<56:50, 179.51s/it]
Task 4, Epoch 2/20 => Loss 0.489, Loss_clf 0.306, Loss_aux 0.183, Train_accy 91.35:   5%|▌         | 1/20 [04:35<56:50, 179.51s/it]                 
Task 4, Epoch 2/20 => Loss 0.489, Loss_clf 0.306, Loss_aux 0.183, Train_accy 91.35:  10%|█         | 2/20 [04:35<39:09, 130.50s/it]
Task 4, Epoch 3/20 => Loss 0.457, Loss_clf 0.288, Loss_aux 0.169, Train_accy 92.11:  10%|█         | 2/20 [05:52<39:09, 130.50s/it]
Task 4, Epoch 3/20 => Loss 0.457, Loss_clf 0.288, Loss_aux 0.169, Train_accy 92.11:  15%|█▌        | 3/20 [05:52<30:02, 106.00s/it]
Task 4, Epoch 4/20 => Loss 0.425, Loss_clf 0.257, Loss_aux 0.168, Train_accy 92.72:  15%|█▌        | 3/20 [07:15<30:02, 106.00s/it]
Task 4, Epoch 4/20 => Loss 0.425, Loss_clf 0.257, Loss_aux 0.168, Train_accy 92.72:  20%|██        | 4/20 [07:15<25:48, 96.79s/it] 
Task 4, Epoch 5/20 => Loss 0.406, Loss_clf 0.259, Loss_aux 0.147, Train_accy 93.08:  20%|██        | 4/20 [08:37<25:48, 96.79s/it]
Task 4, Epoch 5/20 => Loss 0.406, Loss_clf 0.259, Loss_aux 0.147, Train_accy 93.08:  25%|██▌       | 5/20 [08:37<22:55, 91.68s/it]
Task 4, Epoch 6/20 => Loss 0.367, Loss_clf 0.231, Loss_aux 0.136, Train_accy 93.53, Test_accy 87.60:  25%|██▌       | 5/20 [11:32<22:55, 91.68s/it]
Task 4, Epoch 6/20 => Loss 0.367, Loss_clf 0.231, Loss_aux 0.136, Train_accy 93.53, Test_accy 87.60:  30%|███       | 6/20 [11:32<27:57, 119.83s/it]
Task 4, Epoch 7/20 => Loss 0.362, Loss_clf 0.234, Loss_aux 0.129, Train_accy 93.87:  30%|███       | 6/20 [12:55<27:57, 119.83s/it]                 
Task 4, Epoch 7/20 => Loss 0.362, Loss_clf 0.234, Loss_aux 0.129, Train_accy 93.87:  35%|███▌      | 7/20 [12:55<23:22, 107.87s/it]
Task 4, Epoch 8/20 => Loss 0.383, Loss_clf 0.246, Loss_aux 0.136, Train_accy 93.01:  35%|███▌      | 7/20 [14:12<23:22, 107.87s/it]
Task 4, Epoch 8/20 => Loss 0.383, Loss_clf 0.246, Loss_aux 0.136, Train_accy 93.01:  40%|████      | 8/20 [14:12<19:35, 97.95s/it] 
Task 4, Epoch 9/20 => Loss 0.355, Loss_clf 0.229, Loss_aux 0.126, Train_accy 93.69:  40%|████      | 8/20 [15:35<19:35, 97.95s/it]
Task 4, Epoch 9/20 => Loss 0.355, Loss_clf 0.229, Loss_aux 0.126, Train_accy 93.69:  45%|████▌     | 9/20 [15:35<17:08, 93.48s/it]
Task 4, Epoch 10/20 => Loss 0.389, Loss_clf 0.251, Loss_aux 0.138, Train_accy 93.51:  45%|████▌     | 9/20 [16:58<17:08, 93.48s/it]
Task 4, Epoch 10/20 => Loss 0.389, Loss_clf 0.251, Loss_aux 0.138, Train_accy 93.51:  50%|█████     | 10/20 [16:58<15:00, 90.07s/it]
Task 4, Epoch 11/20 => Loss 0.352, Loss_clf 0.230, Loss_aux 0.122, Train_accy 93.33, Test_accy 88.10:  50%|█████     | 10/20 [19:53<15:00, 90.07s/it]
Task 4, Epoch 11/20 => Loss 0.352, Loss_clf 0.230, Loss_aux 0.122, Train_accy 93.33, Test_accy 88.10:  55%|█████▌    | 11/20 [19:53<17:23, 115.96s/it]
Task 4, Epoch 12/20 => Loss 0.371, Loss_clf 0.246, Loss_aux 0.124, Train_accy 93.26:  55%|█████▌    | 11/20 [21:10<17:23, 115.96s/it]                 
Task 4, Epoch 12/20 => Loss 0.371, Loss_clf 0.246, Loss_aux 0.124, Train_accy 93.26:  60%|██████    | 12/20 [21:10<13:53, 104.13s/it]
Task 4, Epoch 13/20 => Loss 0.369, Loss_clf 0.244, Loss_aux 0.125, Train_accy 92.94:  60%|██████    | 12/20 [22:32<13:53, 104.13s/it]
Task 4, Epoch 13/20 => Loss 0.369, Loss_clf 0.244, Loss_aux 0.125, Train_accy 92.94:  65%|██████▌   | 13/20 [22:32<11:23, 97.70s/it] 
Task 4, Epoch 14/20 => Loss 0.339, Loss_clf 0.224, Loss_aux 0.114, Train_accy 93.98:  65%|██████▌   | 13/20 [23:55<11:23, 97.70s/it]
Task 4, Epoch 14/20 => Loss 0.339, Loss_clf 0.224, Loss_aux 0.114, Train_accy 93.98:  70%|███████   | 14/20 [23:55<09:19, 93.22s/it]
Task 4, Epoch 15/20 => Loss 0.359, Loss_clf 0.234, Loss_aux 0.126, Train_accy 94.00:  70%|███████   | 14/20 [25:12<09:19, 93.22s/it]
Task 4, Epoch 15/20 => Loss 0.359, Loss_clf 0.234, Loss_aux 0.126, Train_accy 94.00:  75%|███████▌  | 15/20 [25:12<07:21, 88.24s/it]
Task 4, Epoch 16/20 => Loss 0.331, Loss_clf 0.219, Loss_aux 0.112, Train_accy 94.04, Test_accy 88.43:  75%|███████▌  | 15/20 [28:12<07:21, 88.24s/it]
Task 4, Epoch 16/20 => Loss 0.331, Loss_clf 0.219, Loss_aux 0.112, Train_accy 94.04, Test_accy 88.43:  80%|████████  | 16/20 [28:12<07:43, 115.94s/it]
Task 4, Epoch 17/20 => Loss 0.333, Loss_clf 0.218, Loss_aux 0.115, Train_accy 93.98:  80%|████████  | 16/20 [29:29<07:43, 115.94s/it]                 
Task 4, Epoch 17/20 => Loss 0.333, Loss_clf 0.218, Loss_aux 0.115, Train_accy 93.98:  85%|████████▌ | 17/20 [29:29<05:12, 104.08s/it]
Task 4, Epoch 18/20 => Loss 0.319, Loss_clf 0.209, Loss_aux 0.110, Train_accy 94.02:  85%|████████▌ | 17/20 [30:52<05:12, 104.08s/it]
Task 4, Epoch 18/20 => Loss 0.319, Loss_clf 0.209, Loss_aux 0.110, Train_accy 94.02:  90%|█████████ | 18/20 [30:52<03:15, 97.86s/it] 
Task 4, Epoch 19/20 => Loss 0.347, Loss_clf 0.235, Loss_aux 0.113, Train_accy 94.04:  90%|█████████ | 18/20 [32:15<03:15, 97.86s/it]
Task 4, Epoch 19/20 => Loss 0.347, Loss_clf 0.235, Loss_aux 0.113, Train_accy 94.04:  95%|█████████▌| 19/20 [32:15<01:33, 93.42s/it]
Task 4, Epoch 20/20 => Loss 0.355, Loss_clf 0.237, Loss_aux 0.118, Train_accy 93.57:  95%|█████████▌| 19/20 [33:32<01:33, 93.42s/it]
Task 4, Epoch 20/20 => Loss 0.355, Loss_clf 0.237, Loss_aux 0.118, Train_accy 93.57: 100%|██████████| 20/20 [33:32<00:00, 88.40s/it]
Task 4, Epoch 20/20 => Loss 0.355, Loss_clf 0.237, Loss_aux 0.118, Train_accy 93.57: 100%|██████████| 20/20 [33:32<00:00, 100.62s/it]
2025-05-26 06:24:19,217 [der.py] => Task 4, Epoch 20/20 => Loss 0.355, Loss_clf 0.237, Loss_aux 0.118, Train_accy 93.57
2025-05-26 06:24:19,233 [base.py] => Reducing exemplars...(28 per classes)
2025-05-26 06:25:07,779 [base.py] => Constructing exemplars...(28 per classes)
Time for task 4: 2104.683595895767
2025-05-26 06:28:55,443 [der.py] => Exemplar size: 1960
2025-05-26 06:28:55,461 [trainer.py] => CNN: {'total': 88.94, '00-49': 88.72, '50-54': 92.6, '55-59': 74.8, '60-64': 91.2, '65-69': 99.4, 'old': 88.14, 'new': 99.4}
2025-05-26 06:28:55,461 [trainer.py] => NME: {'total': 90.81, '00-49': 90.14, '50-54': 95.0, '55-59': 86.6, '60-64': 92.0, '65-69': 96.4, 'old': 90.38, 'new': 96.4}
2025-05-26 06:28:55,461 [trainer.py] => CNN top1 curve: [92.32, 90.02, 90.23, 89.92, 88.94]
2025-05-26 06:28:55,461 [trainer.py] => CNN top5 curve: [99.22, 99.05, 98.72, 98.66, 98.56]
2025-05-26 06:28:55,461 [trainer.py] => NME top1 curve: [92.82, 91.89, 91.75, 90.83, 90.81]
2025-05-26 06:28:55,461 [trainer.py] => NME top5 curve: [99.46, 99.33, 99.33, 99.22, 99.09]

Average Accuracy (CNN): 90.29
Average Accuracy (NME): 91.62
2025-05-26 06:28:55,461 [trainer.py] => Average Accuracy (CNN): 90.29
2025-05-26 06:28:55,461 [trainer.py] => Average Accuracy (NME): 91.62
2025-05-26 06:28:55,464 [trainer.py] => All params: 429266764
2025-05-26 06:28:55,467 [trainer.py] => Trainable params: 86072140
2025-05-26 06:29:00,457 [der.py] => Learning on 70-75
2025-05-26 06:29:00,462 [der.py] => All params: 515142225
2025-05-26 06:29:00,465 [der.py] => Trainable params: 86148945

  0%|          | 0/20 [00:00<?, ?it/s]
Task 5, Epoch 1/20 => Loss 1.526, Loss_clf 1.052, Loss_aux 0.475, Train_accy 83.41, Test_accy 86.13:   0%|          | 0/20 [03:45<?, ?it/s]
Task 5, Epoch 1/20 => Loss 1.526, Loss_clf 1.052, Loss_aux 0.475, Train_accy 83.41, Test_accy 86.13:   5%|▌         | 1/20 [03:45<1:11:33, 225.99s/it]
Task 5, Epoch 2/20 => Loss 0.523, Loss_clf 0.317, Loss_aux 0.206, Train_accy 91.12:   5%|▌         | 1/20 [05:24<1:11:33, 225.99s/it]                 
Task 5, Epoch 2/20 => Loss 0.523, Loss_clf 0.317, Loss_aux 0.206, Train_accy 91.12:  10%|█         | 2/20 [05:24<45:15, 150.84s/it]  
Task 5, Epoch 3/20 => Loss 0.488, Loss_clf 0.296, Loss_aux 0.192, Train_accy 91.64:  10%|█         | 2/20 [07:02<45:15, 150.84s/it]
Task 5, Epoch 3/20 => Loss 0.488, Loss_clf 0.296, Loss_aux 0.192, Train_accy 91.64:  15%|█▌        | 3/20 [07:02<35:59, 127.01s/it]
Task 5, Epoch 4/20 => Loss 0.479, Loss_clf 0.293, Loss_aux 0.186, Train_accy 91.64:  15%|█▌        | 3/20 [08:32<35:59, 127.01s/it]
Task 5, Epoch 4/20 => Loss 0.479, Loss_clf 0.293, Loss_aux 0.186, Train_accy 91.64:  20%|██        | 4/20 [08:32<29:57, 112.37s/it]
Task 5, Epoch 5/20 => Loss 0.456, Loss_clf 0.294, Loss_aux 0.162, Train_accy 92.15:  20%|██        | 4/20 [10:08<29:57, 112.37s/it]
Task 5, Epoch 5/20 => Loss 0.456, Loss_clf 0.294, Loss_aux 0.162, Train_accy 92.15:  25%|██▌       | 5/20 [10:08<26:37, 106.50s/it]
Task 5, Epoch 6/20 => Loss 0.426, Loss_clf 0.268, Loss_aux 0.159, Train_accy 92.42, Test_accy 86.45:  25%|██▌       | 5/20 [13:39<26:37, 106.50s/it]
Task 5, Epoch 6/20 => Loss 0.426, Loss_clf 0.268, Loss_aux 0.159, Train_accy 92.42, Test_accy 86.45:  30%|███       | 6/20 [13:40<33:08, 142.06s/it]
Task 5, Epoch 7/20 => Loss 0.424, Loss_clf 0.263, Loss_aux 0.161, Train_accy 92.65:  30%|███       | 6/20 [15:16<33:08, 142.06s/it]                 
Task 5, Epoch 7/20 => Loss 0.424, Loss_clf 0.263, Loss_aux 0.161, Train_accy 92.65:  35%|███▌      | 7/20 [15:16<27:32, 127.08s/it]
Task 5, Epoch 8/20 => Loss 0.406, Loss_clf 0.261, Loss_aux 0.145, Train_accy 92.62:  35%|███▌      | 7/20 [16:46<27:32, 127.08s/it]
Task 5, Epoch 8/20 => Loss 0.406, Loss_clf 0.261, Loss_aux 0.145, Train_accy 92.62:  40%|████      | 8/20 [16:46<23:04, 115.35s/it]
Task 5, Epoch 9/20 => Loss 0.408, Loss_clf 0.253, Loss_aux 0.155, Train_accy 92.69:  40%|████      | 8/20 [18:23<23:04, 115.35s/it]
Task 5, Epoch 9/20 => Loss 0.408, Loss_clf 0.253, Loss_aux 0.155, Train_accy 92.69:  45%|████▌     | 9/20 [18:23<20:04, 109.49s/it]
Task 5, Epoch 10/20 => Loss 0.440, Loss_clf 0.279, Loss_aux 0.160, Train_accy 92.44:  45%|████▌     | 9/20 [19:53<20:04, 109.49s/it]
Task 5, Epoch 10/20 => Loss 0.440, Loss_clf 0.279, Loss_aux 0.160, Train_accy 92.44:  50%|█████     | 10/20 [19:53<17:15, 103.58s/it]
Task 5, Epoch 11/20 => Loss 0.387, Loss_clf 0.247, Loss_aux 0.140, Train_accy 93.14, Test_accy 86.35:  50%|█████     | 10/20 [23:30<17:15, 103.58s/it]
Task 5, Epoch 11/20 => Loss 0.387, Loss_clf 0.247, Loss_aux 0.140, Train_accy 93.14, Test_accy 86.35:  55%|█████▌    | 11/20 [23:30<20:46, 138.45s/it]
Task 5, Epoch 12/20 => Loss 0.395, Loss_clf 0.253, Loss_aux 0.142, Train_accy 92.87:  55%|█████▌    | 11/20 [25:01<20:46, 138.45s/it]                 
Task 5, Epoch 12/20 => Loss 0.395, Loss_clf 0.253, Loss_aux 0.142, Train_accy 92.87:  60%|██████    | 12/20 [25:01<16:30, 123.87s/it]
Task 5, Epoch 13/20 => Loss 0.379, Loss_clf 0.233, Loss_aux 0.146, Train_accy 93.63:  60%|██████    | 12/20 [26:37<16:30, 123.87s/it]
Task 5, Epoch 13/20 => Loss 0.379, Loss_clf 0.233, Loss_aux 0.146, Train_accy 93.63:  65%|██████▌   | 13/20 [26:37<13:28, 115.47s/it]
Task 5, Epoch 14/20 => Loss 0.419, Loss_clf 0.264, Loss_aux 0.155, Train_accy 92.78:  65%|██████▌   | 13/20 [28:07<13:28, 115.47s/it]
Task 5, Epoch 14/20 => Loss 0.419, Loss_clf 0.264, Loss_aux 0.155, Train_accy 92.78:  70%|███████   | 14/20 [28:07<10:47, 107.85s/it]
Task 5, Epoch 15/20 => Loss 0.359, Loss_clf 0.235, Loss_aux 0.124, Train_accy 93.54:  70%|███████   | 14/20 [29:43<10:47, 107.85s/it]
Task 5, Epoch 15/20 => Loss 0.359, Loss_clf 0.235, Loss_aux 0.124, Train_accy 93.54:  75%|███████▌  | 15/20 [29:43<08:40, 104.14s/it]
Task 5, Epoch 16/20 => Loss 0.391, Loss_clf 0.241, Loss_aux 0.150, Train_accy 93.34, Test_accy 87.77:  75%|███████▌  | 15/20 [33:14<08:40, 104.14s/it]
Task 5, Epoch 16/20 => Loss 0.391, Loss_clf 0.241, Loss_aux 0.150, Train_accy 93.34, Test_accy 87.77:  80%|████████  | 16/20 [33:14<09:05, 136.38s/it]
Task 5, Epoch 17/20 => Loss 0.366, Loss_clf 0.233, Loss_aux 0.133, Train_accy 93.43:  80%|████████  | 16/20 [34:51<09:05, 136.38s/it]                 
Task 5, Epoch 17/20 => Loss 0.366, Loss_clf 0.233, Loss_aux 0.133, Train_accy 93.43:  85%|████████▌ | 17/20 [34:51<06:13, 124.43s/it]
Task 5, Epoch 18/20 => Loss 0.389, Loss_clf 0.250, Loss_aux 0.140, Train_accy 93.21:  85%|████████▌ | 17/20 [36:22<06:13, 124.43s/it]
Task 5, Epoch 18/20 => Loss 0.389, Loss_clf 0.250, Loss_aux 0.140, Train_accy 93.21:  90%|█████████ | 18/20 [36:22<03:48, 114.36s/it]
Task 5, Epoch 19/20 => Loss 0.348, Loss_clf 0.225, Loss_aux 0.123, Train_accy 94.10:  90%|█████████ | 18/20 [37:51<03:48, 114.36s/it]
Task 5, Epoch 19/20 => Loss 0.348, Loss_clf 0.225, Loss_aux 0.123, Train_accy 94.10:  95%|█████████▌| 19/20 [37:51<01:46, 106.99s/it]
Task 5, Epoch 20/20 => Loss 0.344, Loss_clf 0.225, Loss_aux 0.119, Train_accy 93.74:  95%|█████████▌| 19/20 [39:28<01:46, 106.99s/it]
Task 5, Epoch 20/20 => Loss 0.344, Loss_clf 0.225, Loss_aux 0.119, Train_accy 93.74: 100%|██████████| 20/20 [39:28<00:00, 103.78s/it]
Task 5, Epoch 20/20 => Loss 0.344, Loss_clf 0.225, Loss_aux 0.119, Train_accy 93.74: 100%|██████████| 20/20 [39:28<00:00, 118.41s/it]
2025-05-26 07:08:28,879 [der.py] => Task 5, Epoch 20/20 => Loss 0.344, Loss_clf 0.225, Loss_aux 0.119, Train_accy 93.74
2025-05-26 07:08:28,899 [base.py] => Reducing exemplars...(26 per classes)
2025-05-26 07:09:20,956 [base.py] => Constructing exemplars...(26 per classes)
Time for task 5: 2469.957700252533
2025-05-26 07:14:08,479 [der.py] => Exemplar size: 1950
2025-05-26 07:14:08,519 [trainer.py] => CNN: {'total': 86.83, '00-49': 87.32, '50-54': 91.4, '55-59': 67.0, '60-64': 79.2, '65-69': 93.4, '70-74': 98.2, 'old': 86.01, 'new': 98.2}
2025-05-26 07:14:08,519 [trainer.py] => NME: {'total': 89.52, '00-49': 89.52, '50-54': 94.8, '55-59': 81.0, '60-64': 84.2, '65-69': 95.6, '70-74': 92.0, 'old': 89.34, 'new': 92.0}
2025-05-26 07:14:08,519 [trainer.py] => CNN top1 curve: [92.32, 90.02, 90.23, 89.92, 88.94, 86.83]
2025-05-26 07:14:08,520 [trainer.py] => CNN top5 curve: [99.22, 99.05, 98.72, 98.66, 98.56, 98.12]
2025-05-26 07:14:08,520 [trainer.py] => NME top1 curve: [92.82, 91.89, 91.75, 90.83, 90.81, 89.52]
2025-05-26 07:14:08,520 [trainer.py] => NME top5 curve: [99.46, 99.33, 99.33, 99.22, 99.09, 98.91]

Average Accuracy (CNN): 89.71
Average Accuracy (NME): 91.27
2025-05-26 07:14:08,520 [trainer.py] => Average Accuracy (CNN): 89.71
2025-05-26 07:14:08,520 [trainer.py] => Average Accuracy (NME): 91.27
2025-05-26 07:14:08,524 [trainer.py] => All params: 515142225
2025-05-26 07:14:08,527 [trainer.py] => Trainable params: 86148945
2025-05-26 07:14:18,669 [der.py] => Learning on 75-80
2025-05-26 07:14:18,676 [der.py] => All params: 601025366
2025-05-26 07:14:18,679 [der.py] => Trainable params: 86233430

  0%|          | 0/20 [00:00<?, ?it/s]
Task 6, Epoch 1/20 => Loss 1.728, Loss_clf 1.225, Loss_aux 0.503, Train_accy 82.04, Test_accy 82.86:   0%|          | 0/20 [04:29<?, ?it/s]
Task 6, Epoch 1/20 => Loss 1.728, Loss_clf 1.225, Loss_aux 0.503, Train_accy 82.04, Test_accy 82.86:   5%|▌         | 1/20 [04:29<1:25:14, 269.21s/it]
Task 6, Epoch 2/20 => Loss 0.605, Loss_clf 0.363, Loss_aux 0.242, Train_accy 89.37:   5%|▌         | 1/20 [06:13<1:25:14, 269.21s/it]                 
Task 6, Epoch 2/20 => Loss 0.605, Loss_clf 0.363, Loss_aux 0.242, Train_accy 89.37:  10%|█         | 2/20 [06:13<51:42, 172.38s/it]  
Task 6, Epoch 3/20 => Loss 0.560, Loss_clf 0.344, Loss_aux 0.216, Train_accy 90.58:  10%|█         | 2/20 [07:56<51:42, 172.38s/it]
Task 6, Epoch 3/20 => Loss 0.560, Loss_clf 0.344, Loss_aux 0.216, Train_accy 90.58:  15%|█▌        | 3/20 [07:56<39:50, 140.60s/it]
Task 6, Epoch 4/20 => Loss 0.547, Loss_clf 0.339, Loss_aux 0.209, Train_accy 90.45:  15%|█▌        | 3/20 [09:45<39:50, 140.60s/it]
Task 6, Epoch 4/20 => Loss 0.547, Loss_clf 0.339, Loss_aux 0.209, Train_accy 90.45:  20%|██        | 4/20 [09:45<34:12, 128.26s/it]
Task 6, Epoch 5/20 => Loss 0.437, Loss_clf 0.271, Loss_aux 0.166, Train_accy 92.22:  20%|██        | 4/20 [11:29<34:12, 128.26s/it]
Task 6, Epoch 5/20 => Loss 0.437, Loss_clf 0.271, Loss_aux 0.166, Train_accy 92.22:  25%|██▌       | 5/20 [11:29<29:50, 119.35s/it]
Task 6, Epoch 6/20 => Loss 0.464, Loss_clf 0.287, Loss_aux 0.176, Train_accy 91.71, Test_accy 84.92:  25%|██▌       | 5/20 [15:44<29:50, 119.35s/it]
Task 6, Epoch 6/20 => Loss 0.464, Loss_clf 0.287, Loss_aux 0.176, Train_accy 91.71, Test_accy 84.92:  30%|███       | 6/20 [15:44<38:38, 165.64s/it]
Task 6, Epoch 7/20 => Loss 0.429, Loss_clf 0.276, Loss_aux 0.153, Train_accy 92.49:  30%|███       | 6/20 [17:28<38:38, 165.64s/it]                 
Task 6, Epoch 7/20 => Loss 0.429, Loss_clf 0.276, Loss_aux 0.153, Train_accy 92.49:  35%|███▌      | 7/20 [17:28<31:31, 145.46s/it]
Task 6, Epoch 8/20 => Loss 0.455, Loss_clf 0.293, Loss_aux 0.162, Train_accy 91.78:  35%|███▌      | 7/20 [19:11<31:31, 145.46s/it]
Task 6, Epoch 8/20 => Loss 0.455, Loss_clf 0.293, Loss_aux 0.162, Train_accy 91.78:  40%|████      | 8/20 [19:11<26:22, 131.91s/it]
Task 6, Epoch 9/20 => Loss 0.439, Loss_clf 0.275, Loss_aux 0.164, Train_accy 92.52:  40%|████      | 8/20 [21:01<26:22, 131.91s/it]
Task 6, Epoch 9/20 => Loss 0.439, Loss_clf 0.275, Loss_aux 0.164, Train_accy 92.52:  45%|████▌     | 9/20 [21:01<22:53, 124.84s/it]
Task 6, Epoch 10/20 => Loss 0.427, Loss_clf 0.273, Loss_aux 0.154, Train_accy 92.29:  45%|████▌     | 9/20 [22:43<22:53, 124.84s/it]
Task 6, Epoch 10/20 => Loss 0.427, Loss_clf 0.273, Loss_aux 0.154, Train_accy 92.29:  50%|█████     | 10/20 [22:44<19:40, 118.07s/it]
Task 6, Epoch 11/20 => Loss 0.449, Loss_clf 0.282, Loss_aux 0.167, Train_accy 92.22, Test_accy 85.22:  50%|█████     | 10/20 [26:59<19:40, 118.07s/it]
Task 6, Epoch 11/20 => Loss 0.449, Loss_clf 0.282, Loss_aux 0.167, Train_accy 92.22, Test_accy 85.22:  55%|█████▌    | 11/20 [26:59<24:00, 160.00s/it]
Task 6, Epoch 12/20 => Loss 0.402, Loss_clf 0.250, Loss_aux 0.152, Train_accy 92.74:  55%|█████▌    | 11/20 [28:42<24:00, 160.00s/it]                 
Task 6, Epoch 12/20 => Loss 0.402, Loss_clf 0.250, Loss_aux 0.152, Train_accy 92.74:  60%|██████    | 12/20 [28:42<19:01, 142.74s/it]
Task 6, Epoch 13/20 => Loss 0.412, Loss_clf 0.261, Loss_aux 0.151, Train_accy 92.81:  60%|██████    | 12/20 [30:25<19:01, 142.74s/it]
Task 6, Epoch 13/20 => Loss 0.412, Loss_clf 0.261, Loss_aux 0.151, Train_accy 92.81:  65%|██████▌   | 13/20 [30:25<15:15, 130.84s/it]
Task 6, Epoch 14/20 => Loss 0.419, Loss_clf 0.262, Loss_aux 0.157, Train_accy 92.76:  65%|██████▌   | 13/20 [32:14<15:15, 130.84s/it]
Task 6, Epoch 14/20 => Loss 0.419, Loss_clf 0.262, Loss_aux 0.157, Train_accy 92.76:  70%|███████   | 14/20 [32:14<12:25, 124.30s/it]
Task 6, Epoch 15/20 => Loss 0.376, Loss_clf 0.239, Loss_aux 0.137, Train_accy 93.42:  70%|███████   | 14/20 [33:58<12:25, 124.30s/it]
Task 6, Epoch 15/20 => Loss 0.376, Loss_clf 0.239, Loss_aux 0.137, Train_accy 93.42:  75%|███████▌  | 15/20 [33:58<09:50, 118.04s/it]
Task 6, Epoch 16/20 => Loss 0.382, Loss_clf 0.234, Loss_aux 0.148, Train_accy 93.33, Test_accy 85.16:  75%|███████▌  | 15/20 [38:14<09:50, 118.04s/it]
Task 6, Epoch 16/20 => Loss 0.382, Loss_clf 0.234, Loss_aux 0.148, Train_accy 93.33, Test_accy 85.16:  80%|████████  | 16/20 [38:14<10:38, 159.65s/it]
Task 6, Epoch 17/20 => Loss 0.368, Loss_clf 0.234, Loss_aux 0.134, Train_accy 93.60:  80%|████████  | 16/20 [39:57<10:38, 159.65s/it]                 
Task 6, Epoch 17/20 => Loss 0.368, Loss_clf 0.234, Loss_aux 0.134, Train_accy 93.60:  85%|████████▌ | 17/20 [39:57<07:08, 142.67s/it]
Task 6, Epoch 18/20 => Loss 0.431, Loss_clf 0.272, Loss_aux 0.159, Train_accy 92.36:  85%|████████▌ | 17/20 [41:40<07:08, 142.67s/it]
Task 6, Epoch 18/20 => Loss 0.431, Loss_clf 0.272, Loss_aux 0.159, Train_accy 92.36:  90%|█████████ | 18/20 [41:40<04:21, 130.74s/it]
Task 6, Epoch 19/20 => Loss 0.383, Loss_clf 0.242, Loss_aux 0.142, Train_accy 93.33:  90%|█████████ | 18/20 [43:29<04:21, 130.74s/it]
Task 6, Epoch 19/20 => Loss 0.383, Loss_clf 0.242, Loss_aux 0.142, Train_accy 93.33:  95%|█████████▌| 19/20 [43:29<02:04, 124.19s/it]
Task 6, Epoch 20/20 => Loss 0.382, Loss_clf 0.243, Loss_aux 0.139, Train_accy 93.37:  95%|█████████▌| 19/20 [45:12<02:04, 124.19s/it]
Task 6, Epoch 20/20 => Loss 0.382, Loss_clf 0.243, Loss_aux 0.139, Train_accy 93.37: 100%|██████████| 20/20 [45:12<00:00, 117.72s/it]
Task 6, Epoch 20/20 => Loss 0.382, Loss_clf 0.243, Loss_aux 0.139, Train_accy 93.37: 100%|██████████| 20/20 [45:12<00:00, 135.63s/it]
2025-05-26 07:59:31,326 [der.py] => Task 6, Epoch 20/20 => Loss 0.382, Loss_clf 0.243, Loss_aux 0.139, Train_accy 93.37
2025-05-26 07:59:31,347 [base.py] => Reducing exemplars...(25 per classes)
2025-05-26 08:00:30,662 [base.py] => Constructing exemplars...(25 per classes)
Time for task 6: 2835.3939487934113
2025-05-26 08:06:25,587 [der.py] => Exemplar size: 2000
2025-05-26 08:06:25,623 [trainer.py] => CNN: {'total': 84.64, '00-49': 85.4, '50-54': 70.4, '55-59': 68.2, '60-64': 81.2, '65-69': 96.2, '70-74': 86.6, '75-79': 97.6, 'old': 83.77, 'new': 97.6}
2025-05-26 08:06:25,624 [trainer.py] => NME: {'total': 88.01, '00-49': 88.66, '50-54': 85.0, '55-59': 78.8, '60-64': 83.2, '65-69': 96.2, '70-74': 90.4, '75-79': 88.0, 'old': 88.01, 'new': 88.0}
2025-05-26 08:06:25,624 [trainer.py] => CNN top1 curve: [92.32, 90.02, 90.23, 89.92, 88.94, 86.83, 84.64]
2025-05-26 08:06:25,624 [trainer.py] => CNN top5 curve: [99.22, 99.05, 98.72, 98.66, 98.56, 98.12, 97.81]
2025-05-26 08:06:25,624 [trainer.py] => NME top1 curve: [92.82, 91.89, 91.75, 90.83, 90.81, 89.52, 88.01]
2025-05-26 08:06:25,624 [trainer.py] => NME top5 curve: [99.46, 99.33, 99.33, 99.22, 99.09, 98.91, 98.82]

Average Accuracy (CNN): 88.99
Average Accuracy (NME): 90.8
2025-05-26 08:06:25,624 [trainer.py] => Average Accuracy (CNN): 88.99
2025-05-26 08:06:25,624 [trainer.py] => Average Accuracy (NME): 90.8
2025-05-26 08:06:25,628 [trainer.py] => All params: 601025366
2025-05-26 08:06:25,632 [trainer.py] => Trainable params: 86233430
2025-05-26 08:06:31,127 [der.py] => Learning on 80-85
2025-05-26 08:06:31,136 [der.py] => All params: 686916187
2025-05-26 08:06:31,139 [der.py] => Trainable params: 86325595

  0%|          | 0/20 [00:00<?, ?it/s]
Task 7, Epoch 1/20 => Loss 1.414, Loss_clf 1.015, Loss_aux 0.400, Train_accy 84.02, Test_accy 83.60:   0%|          | 0/20 [05:19<?, ?it/s]
Task 7, Epoch 1/20 => Loss 1.414, Loss_clf 1.015, Loss_aux 0.400, Train_accy 84.02, Test_accy 83.60:   5%|▌         | 1/20 [05:19<1:41:15, 319.77s/it]
Task 7, Epoch 2/20 => Loss 0.496, Loss_clf 0.308, Loss_aux 0.188, Train_accy 91.67:   5%|▌         | 1/20 [07:20<1:41:15, 319.77s/it]                 
Task 7, Epoch 2/20 => Loss 0.496, Loss_clf 0.308, Loss_aux 0.188, Train_accy 91.67:  10%|█         | 2/20 [07:20<1:00:48, 202.71s/it]
Task 7, Epoch 3/20 => Loss 0.444, Loss_clf 0.284, Loss_aux 0.159, Train_accy 91.98:  10%|█         | 2/20 [09:18<1:00:48, 202.71s/it]
Task 7, Epoch 3/20 => Loss 0.444, Loss_clf 0.284, Loss_aux 0.159, Train_accy 91.98:  15%|█▌        | 3/20 [09:18<46:28, 164.04s/it]  
Task 7, Epoch 4/20 => Loss 0.429, Loss_clf 0.277, Loss_aux 0.152, Train_accy 92.40:  15%|█▌        | 3/20 [11:15<46:28, 164.04s/it]
Task 7, Epoch 4/20 => Loss 0.429, Loss_clf 0.277, Loss_aux 0.152, Train_accy 92.40:  20%|██        | 4/20 [11:15<38:48, 145.50s/it]
Task 7, Epoch 5/20 => Loss 0.441, Loss_clf 0.285, Loss_aux 0.156, Train_accy 92.11:  20%|██        | 4/20 [13:13<38:48, 145.50s/it]
Task 7, Epoch 5/20 => Loss 0.441, Loss_clf 0.285, Loss_aux 0.156, Train_accy 92.11:  25%|██▌       | 5/20 [13:13<33:51, 135.43s/it]
Task 7, Epoch 6/20 => Loss 0.385, Loss_clf 0.248, Loss_aux 0.138, Train_accy 93.07, Test_accy 83.59:  25%|██▌       | 5/20 [18:12<33:51, 135.43s/it]
Task 7, Epoch 6/20 => Loss 0.385, Loss_clf 0.248, Loss_aux 0.138, Train_accy 93.07, Test_accy 83.59:  30%|███       | 6/20 [18:12<44:35, 191.10s/it]
Task 7, Epoch 7/20 => Loss 0.384, Loss_clf 0.254, Loss_aux 0.130, Train_accy 93.22:  30%|███       | 6/20 [20:09<44:35, 191.10s/it]                 
Task 7, Epoch 7/20 => Loss 0.384, Loss_clf 0.254, Loss_aux 0.130, Train_accy 93.22:  35%|███▌      | 7/20 [20:09<36:10, 166.97s/it]
Task 7, Epoch 8/20 => Loss 0.364, Loss_clf 0.243, Loss_aux 0.120, Train_accy 93.29:  35%|███▌      | 7/20 [22:07<36:10, 166.97s/it]
Task 7, Epoch 8/20 => Loss 0.364, Loss_clf 0.243, Loss_aux 0.120, Train_accy 93.29:  40%|████      | 8/20 [22:07<30:16, 151.33s/it]
Task 7, Epoch 9/20 => Loss 0.373, Loss_clf 0.243, Loss_aux 0.130, Train_accy 93.02:  40%|████      | 8/20 [24:04<30:16, 151.33s/it]
Task 7, Epoch 9/20 => Loss 0.373, Loss_clf 0.243, Loss_aux 0.130, Train_accy 93.02:  45%|████▌     | 9/20 [24:04<25:47, 140.72s/it]
Task 7, Epoch 10/20 => Loss 0.364, Loss_clf 0.236, Loss_aux 0.129, Train_accy 93.47:  45%|████▌     | 9/20 [26:02<25:47, 140.72s/it]
Task 7, Epoch 10/20 => Loss 0.364, Loss_clf 0.236, Loss_aux 0.129, Train_accy 93.47:  50%|█████     | 10/20 [26:02<22:16, 133.68s/it]
Task 7, Epoch 11/20 => Loss 0.350, Loss_clf 0.228, Loss_aux 0.122, Train_accy 93.98, Test_accy 83.51:  50%|█████     | 10/20 [31:02<22:16, 133.68s/it]
Task 7, Epoch 11/20 => Loss 0.350, Loss_clf 0.228, Loss_aux 0.122, Train_accy 93.98, Test_accy 83.51:  55%|█████▌    | 11/20 [31:02<27:40, 184.46s/it]
Task 7, Epoch 12/20 => Loss 0.348, Loss_clf 0.229, Loss_aux 0.119, Train_accy 93.67:  55%|█████▌    | 11/20 [32:59<27:40, 184.46s/it]                 
Task 7, Epoch 12/20 => Loss 0.348, Loss_clf 0.229, Loss_aux 0.119, Train_accy 93.67:  60%|██████    | 12/20 [32:59<21:52, 164.02s/it]
Task 7, Epoch 13/20 => Loss 0.329, Loss_clf 0.217, Loss_aux 0.111, Train_accy 94.22:  60%|██████    | 12/20 [34:57<21:52, 164.02s/it]
Task 7, Epoch 13/20 => Loss 0.329, Loss_clf 0.217, Loss_aux 0.111, Train_accy 94.22:  65%|██████▌   | 13/20 [34:57<17:29, 149.96s/it]
Task 7, Epoch 14/20 => Loss 0.349, Loss_clf 0.237, Loss_aux 0.111, Train_accy 93.27:  65%|██████▌   | 13/20 [37:00<17:29, 149.96s/it]
Task 7, Epoch 14/20 => Loss 0.349, Loss_clf 0.237, Loss_aux 0.111, Train_accy 93.27:  70%|███████   | 14/20 [37:00<14:11, 141.88s/it]
Task 7, Epoch 15/20 => Loss 0.321, Loss_clf 0.210, Loss_aux 0.111, Train_accy 94.27:  70%|███████   | 14/20 [38:58<14:11, 141.88s/it]
Task 7, Epoch 15/20 => Loss 0.321, Loss_clf 0.210, Loss_aux 0.111, Train_accy 94.27:  75%|███████▌  | 15/20 [38:58<11:13, 134.61s/it]
Task 7, Epoch 16/20 => Loss 0.325, Loss_clf 0.219, Loss_aux 0.107, Train_accy 93.82, Test_accy 83.72:  75%|███████▌  | 15/20 [43:58<11:13, 134.61s/it]
Task 7, Epoch 16/20 => Loss 0.325, Loss_clf 0.219, Loss_aux 0.107, Train_accy 93.82, Test_accy 83.72:  80%|████████  | 16/20 [43:58<12:17, 184.45s/it]
Task 7, Epoch 17/20 => Loss 0.345, Loss_clf 0.233, Loss_aux 0.112, Train_accy 93.53:  80%|████████  | 16/20 [45:56<12:17, 184.45s/it]                 
Task 7, Epoch 17/20 => Loss 0.345, Loss_clf 0.233, Loss_aux 0.112, Train_accy 93.53:  85%|████████▌ | 17/20 [45:56<08:13, 164.34s/it]
Task 7, Epoch 18/20 => Loss 0.287, Loss_clf 0.190, Loss_aux 0.097, Train_accy 94.87:  85%|████████▌ | 17/20 [47:53<08:13, 164.34s/it]
Task 7, Epoch 18/20 => Loss 0.287, Loss_clf 0.190, Loss_aux 0.097, Train_accy 94.87:  90%|█████████ | 18/20 [47:53<05:00, 150.24s/it]
Task 7, Epoch 19/20 => Loss 0.293, Loss_clf 0.197, Loss_aux 0.096, Train_accy 94.51:  90%|█████████ | 18/20 [49:51<05:00, 150.24s/it]
Task 7, Epoch 19/20 => Loss 0.293, Loss_clf 0.197, Loss_aux 0.096, Train_accy 94.51:  95%|█████████▌| 19/20 [49:51<02:20, 140.52s/it]
Task 7, Epoch 20/20 => Loss 0.301, Loss_clf 0.197, Loss_aux 0.104, Train_accy 94.42:  95%|█████████▌| 19/20 [51:48<02:20, 140.52s/it]
Task 7, Epoch 20/20 => Loss 0.301, Loss_clf 0.197, Loss_aux 0.104, Train_accy 94.42: 100%|██████████| 20/20 [51:48<00:00, 133.59s/it]
Task 7, Epoch 20/20 => Loss 0.301, Loss_clf 0.197, Loss_aux 0.104, Train_accy 94.42: 100%|██████████| 20/20 [51:48<00:00, 155.44s/it]
2025-05-26 08:58:20,045 [der.py] => Task 7, Epoch 20/20 => Loss 0.301, Loss_clf 0.197, Loss_aux 0.104, Train_accy 94.42
2025-05-26 08:58:20,072 [base.py] => Reducing exemplars...(23 per classes)
2025-05-26 08:59:27,801 [base.py] => Constructing exemplars...(23 per classes)
Time for task 7: 3243.088301420212
2025-05-26 09:06:36,743 [der.py] => Exemplar size: 1955
2025-05-26 09:06:36,773 [trainer.py] => CNN: {'total': 84.09, '00-49': 83.5, '50-54': 77.4, '55-59': 70.8, '60-64': 71.6, '65-69': 95.6, '70-74': 86.2, '75-79': 94.0, '80-84': 99.0, 'old': 83.16, 'new': 99.0}
2025-05-26 09:06:36,773 [trainer.py] => NME: {'total': 87.12, '00-49': 86.82, '50-54': 84.6, '55-59': 78.2, '60-64': 82.0, '65-69': 96.0, '70-74': 89.8, '75-79': 91.0, '80-84': 91.2, 'old': 86.86, 'new': 91.2}
2025-05-26 09:06:36,774 [trainer.py] => CNN top1 curve: [92.32, 90.02, 90.23, 89.92, 88.94, 86.83, 84.64, 84.09]
2025-05-26 09:06:36,774 [trainer.py] => CNN top5 curve: [99.22, 99.05, 98.72, 98.66, 98.56, 98.12, 97.81, 97.81]
2025-05-26 09:06:36,774 [trainer.py] => NME top1 curve: [92.82, 91.89, 91.75, 90.83, 90.81, 89.52, 88.01, 87.12]
2025-05-26 09:06:36,774 [trainer.py] => NME top5 curve: [99.46, 99.33, 99.33, 99.22, 99.09, 98.91, 98.82, 98.68]

Average Accuracy (CNN): 88.37
Average Accuracy (NME): 90.34
2025-05-26 09:06:36,775 [trainer.py] => Average Accuracy (CNN): 88.37
2025-05-26 09:06:36,775 [trainer.py] => Average Accuracy (NME): 90.34
2025-05-26 09:06:36,790 [trainer.py] => All params: 686916187
2025-05-26 09:06:36,804 [trainer.py] => Trainable params: 86325595
2025-05-26 09:06:42,480 [der.py] => Learning on 85-90
2025-05-26 09:06:42,490 [der.py] => All params: 772814688
2025-05-26 09:06:42,499 [der.py] => Trainable params: 86425440

  0%|          | 0/20 [00:00<?, ?it/s]
Task 8, Epoch 1/20 => Loss 1.594, Loss_clf 1.013, Loss_aux 0.581, Train_accy 80.07, Test_accy 82.12:   0%|          | 0/20 [05:42<?, ?it/s]
Task 8, Epoch 1/20 => Loss 1.594, Loss_clf 1.013, Loss_aux 0.581, Train_accy 80.07, Test_accy 82.12:   5%|▌         | 1/20 [05:42<1:48:20, 342.14s/it]
Task 8, Epoch 2/20 => Loss 0.667, Loss_clf 0.389, Loss_aux 0.277, Train_accy 88.71:   5%|▌         | 1/20 [07:51<1:48:20, 342.14s/it]                 
Task 8, Epoch 2/20 => Loss 0.667, Loss_clf 0.389, Loss_aux 0.277, Train_accy 88.71:  10%|█         | 2/20 [07:51<1:05:04, 216.92s/it]
Task 8, Epoch 3/20 => Loss 0.639, Loss_clf 0.383, Loss_aux 0.256, Train_accy 88.69:  10%|█         | 2/20 [10:03<1:05:04, 216.92s/it]
Task 8, Epoch 3/20 => Loss 0.639, Loss_clf 0.383, Loss_aux 0.256, Train_accy 88.69:  15%|█▌        | 3/20 [10:04<50:33, 178.42s/it]  
Task 8, Epoch 4/20 => Loss 0.533, Loss_clf 0.329, Loss_aux 0.204, Train_accy 90.82:  15%|█▌        | 3/20 [12:12<50:33, 178.42s/it]
Task 8, Epoch 4/20 => Loss 0.533, Loss_clf 0.329, Loss_aux 0.204, Train_accy 90.82:  20%|██        | 4/20 [12:12<42:21, 158.87s/it]
Task 8, Epoch 5/20 => Loss 0.539, Loss_clf 0.310, Loss_aux 0.228, Train_accy 90.95:  20%|██        | 4/20 [14:22<42:21, 158.87s/it]
Task 8, Epoch 5/20 => Loss 0.539, Loss_clf 0.310, Loss_aux 0.228, Train_accy 90.95:  25%|██▌       | 5/20 [14:22<37:02, 148.15s/it]
Task 8, Epoch 6/20 => Loss 0.540, Loss_clf 0.334, Loss_aux 0.207, Train_accy 90.39, Test_accy 81.57:  25%|██▌       | 5/20 [20:05<37:02, 148.15s/it]
Task 8, Epoch 6/20 => Loss 0.540, Loss_clf 0.334, Loss_aux 0.207, Train_accy 90.39, Test_accy 81.57:  30%|███       | 6/20 [20:05<50:01, 214.42s/it]
Task 8, Epoch 7/20 => Loss 0.499, Loss_clf 0.301, Loss_aux 0.198, Train_accy 91.09:  30%|███       | 6/20 [22:14<50:01, 214.42s/it]                 
Task 8, Epoch 7/20 => Loss 0.499, Loss_clf 0.301, Loss_aux 0.198, Train_accy 91.09:  35%|███▌      | 7/20 [22:14<40:24, 186.49s/it]
Task 8, Epoch 8/20 => Loss 0.488, Loss_clf 0.293, Loss_aux 0.195, Train_accy 91.36:  35%|███▌      | 7/20 [24:23<40:24, 186.49s/it]
Task 8, Epoch 8/20 => Loss 0.488, Loss_clf 0.293, Loss_aux 0.195, Train_accy 91.36:  40%|████      | 8/20 [24:23<33:38, 168.22s/it]
Task 8, Epoch 9/20 => Loss 0.457, Loss_clf 0.276, Loss_aux 0.181, Train_accy 92.01:  40%|████      | 8/20 [26:31<33:38, 168.22s/it]
Task 8, Epoch 9/20 => Loss 0.457, Loss_clf 0.276, Loss_aux 0.181, Train_accy 92.01:  45%|████▌     | 9/20 [26:31<28:34, 155.85s/it]
Task 8, Epoch 10/20 => Loss 0.443, Loss_clf 0.263, Loss_aux 0.180, Train_accy 92.26:  45%|████▌     | 9/20 [28:40<28:34, 155.85s/it]
Task 8, Epoch 10/20 => Loss 0.443, Loss_clf 0.263, Loss_aux 0.180, Train_accy 92.26:  50%|█████     | 10/20 [28:40<24:35, 147.60s/it]
Task 8, Epoch 11/20 => Loss 0.506, Loss_clf 0.305, Loss_aux 0.201, Train_accy 91.18, Test_accy 81.49:  50%|█████     | 10/20 [34:23<24:35, 147.60s/it]
Task 8, Epoch 11/20 => Loss 0.506, Loss_clf 0.305, Loss_aux 0.201, Train_accy 91.18, Test_accy 81.49:  55%|█████▌    | 11/20 [34:23<31:05, 207.30s/it]
Task 8, Epoch 12/20 => Loss 0.458, Loss_clf 0.282, Loss_aux 0.176, Train_accy 91.99:  55%|█████▌    | 11/20 [36:33<31:05, 207.30s/it]                 
Task 8, Epoch 12/20 => Loss 0.458, Loss_clf 0.282, Loss_aux 0.176, Train_accy 91.99:  60%|██████    | 12/20 [36:33<24:28, 183.61s/it]
Task 8, Epoch 13/20 => Loss 0.444, Loss_clf 0.266, Loss_aux 0.178, Train_accy 92.73:  60%|██████    | 12/20 [38:42<24:28, 183.61s/it]
Task 8, Epoch 13/20 => Loss 0.444, Loss_clf 0.266, Loss_aux 0.178, Train_accy 92.73:  65%|██████▌   | 13/20 [38:42<19:30, 167.20s/it]
Task 8, Epoch 14/20 => Loss 0.452, Loss_clf 0.273, Loss_aux 0.180, Train_accy 92.39:  65%|██████▌   | 13/20 [40:51<19:30, 167.20s/it]
Task 8, Epoch 14/20 => Loss 0.452, Loss_clf 0.273, Loss_aux 0.180, Train_accy 92.39:  70%|███████   | 14/20 [40:51<15:33, 155.61s/it]
Task 8, Epoch 15/20 => Loss 0.434, Loss_clf 0.273, Loss_aux 0.161, Train_accy 92.14:  70%|███████   | 14/20 [42:54<15:33, 155.61s/it]
Task 8, Epoch 15/20 => Loss 0.434, Loss_clf 0.273, Loss_aux 0.161, Train_accy 92.14:  75%|███████▌  | 15/20 [42:54<12:09, 145.95s/it]
Task 8, Epoch 16/20 => Loss 0.434, Loss_clf 0.262, Loss_aux 0.172, Train_accy 92.84, Test_accy 82.98:  75%|███████▌  | 15/20 [48:43<12:09, 145.95s/it]
Task 8, Epoch 16/20 => Loss 0.434, Loss_clf 0.262, Loss_aux 0.172, Train_accy 92.84, Test_accy 82.98:  80%|████████  | 16/20 [48:43<13:48, 207.03s/it]
Task 8, Epoch 17/20 => Loss 0.413, Loss_clf 0.251, Loss_aux 0.162, Train_accy 92.97:  80%|████████  | 16/20 [50:52<13:48, 207.03s/it]                 
Task 8, Epoch 17/20 => Loss 0.413, Loss_clf 0.251, Loss_aux 0.162, Train_accy 92.97:  85%|████████▌ | 17/20 [50:52<09:10, 183.56s/it]
Task 8, Epoch 18/20 => Loss 0.436, Loss_clf 0.276, Loss_aux 0.160, Train_accy 92.50:  85%|████████▌ | 17/20 [53:01<09:10, 183.56s/it]
Task 8, Epoch 18/20 => Loss 0.436, Loss_clf 0.276, Loss_aux 0.160, Train_accy 92.50:  90%|█████████ | 18/20 [53:01<05:33, 167.00s/it]
Task 8, Epoch 19/20 => Loss 0.446, Loss_clf 0.277, Loss_aux 0.169, Train_accy 92.28:  90%|█████████ | 18/20 [55:10<05:33, 167.00s/it]
Task 8, Epoch 19/20 => Loss 0.446, Loss_clf 0.277, Loss_aux 0.169, Train_accy 92.28:  95%|█████████▌| 19/20 [55:10<02:35, 155.62s/it]
Task 8, Epoch 20/20 => Loss 0.454, Loss_clf 0.276, Loss_aux 0.178, Train_accy 92.10:  95%|█████████▌| 19/20 [57:13<02:35, 155.62s/it]
Task 8, Epoch 20/20 => Loss 0.454, Loss_clf 0.276, Loss_aux 0.178, Train_accy 92.10: 100%|██████████| 20/20 [57:13<00:00, 145.84s/it]
Task 8, Epoch 20/20 => Loss 0.454, Loss_clf 0.276, Loss_aux 0.178, Train_accy 92.10: 100%|██████████| 20/20 [57:13<00:00, 171.67s/it]
2025-05-26 10:03:56,039 [der.py] => Task 8, Epoch 20/20 => Loss 0.454, Loss_clf 0.276, Loss_aux 0.178, Train_accy 92.10
2025-05-26 10:03:56,056 [base.py] => Reducing exemplars...(22 per classes)
2025-05-26 10:05:13,567 [base.py] => Constructing exemplars...(22 per classes)
Time for task 8: 3585.7746703624725
2025-05-26 10:13:38,859 [der.py] => Exemplar size: 1980
2025-05-26 10:13:38,889 [trainer.py] => CNN: {'total': 81.92, '00-49': 80.32, '50-54': 79.8, '55-59': 62.4, '60-64': 74.0, '65-69': 94.2, '70-74': 85.4, '75-79': 84.2, '80-84': 95.0, '85-89': 96.4, 'old': 81.07, 'new': 96.4}
2025-05-26 10:13:38,890 [trainer.py] => NME: {'total': 85.84, '00-49': 85.62, '50-54': 83.4, '55-59': 75.6, '60-64': 81.4, '65-69': 95.6, '70-74': 89.4, '75-79': 87.8, '80-84': 92.4, '85-89': 83.4, 'old': 85.99, 'new': 83.4}
2025-05-26 10:13:38,890 [trainer.py] => CNN top1 curve: [92.32, 90.02, 90.23, 89.92, 88.94, 86.83, 84.64, 84.09, 81.92]
2025-05-26 10:13:38,890 [trainer.py] => CNN top5 curve: [99.22, 99.05, 98.72, 98.66, 98.56, 98.12, 97.81, 97.81, 96.66]
2025-05-26 10:13:38,890 [trainer.py] => NME top1 curve: [92.82, 91.89, 91.75, 90.83, 90.81, 89.52, 88.01, 87.12, 85.84]
2025-05-26 10:13:38,890 [trainer.py] => NME top5 curve: [99.46, 99.33, 99.33, 99.22, 99.09, 98.91, 98.82, 98.68, 98.09]

Average Accuracy (CNN): 87.66
Average Accuracy (NME): 89.84
2025-05-26 10:13:38,890 [trainer.py] => Average Accuracy (CNN): 87.66
2025-05-26 10:13:38,890 [trainer.py] => Average Accuracy (NME): 89.84
2025-05-26 10:13:38,896 [trainer.py] => All params: 772814688
2025-05-26 10:13:38,901 [trainer.py] => Trainable params: 86425440
2025-05-26 10:13:44,560 [der.py] => Learning on 90-95
2025-05-26 10:13:44,570 [der.py] => All params: 858720869
2025-05-26 10:13:44,574 [der.py] => Trainable params: 86532965

  0%|          | 0/20 [00:00<?, ?it/s]
Task 9, Epoch 1/20 => Loss 1.414, Loss_clf 0.992, Loss_aux 0.422, Train_accy 83.46, Test_accy 81.12:   0%|          | 0/20 [06:31<?, ?it/s]
Task 9, Epoch 1/20 => Loss 1.414, Loss_clf 0.992, Loss_aux 0.422, Train_accy 83.46, Test_accy 81.12:   5%|▌         | 1/20 [06:31<2:03:51, 391.13s/it]
Task 9, Epoch 2/20 => Loss 0.542, Loss_clf 0.341, Loss_aux 0.201, Train_accy 90.40:   5%|▌         | 1/20 [09:02<2:03:51, 391.13s/it]                 
Task 9, Epoch 2/20 => Loss 0.542, Loss_clf 0.341, Loss_aux 0.201, Train_accy 90.40:  10%|█         | 2/20 [09:02<1:14:56, 249.81s/it]
Task 9, Epoch 3/20 => Loss 0.459, Loss_clf 0.289, Loss_aux 0.170, Train_accy 92.12:  10%|█         | 2/20 [11:24<1:14:56, 249.81s/it]
Task 9, Epoch 3/20 => Loss 0.459, Loss_clf 0.289, Loss_aux 0.170, Train_accy 92.12:  15%|█▌        | 3/20 [11:24<56:55, 200.92s/it]  
Task 9, Epoch 4/20 => Loss 0.447, Loss_clf 0.295, Loss_aux 0.152, Train_accy 91.67:  15%|█▌        | 3/20 [13:40<56:55, 200.92s/it]
Task 9, Epoch 4/20 => Loss 0.447, Loss_clf 0.295, Loss_aux 0.152, Train_accy 91.67:  20%|██        | 4/20 [13:40<46:45, 175.32s/it]
Task 9, Epoch 5/20 => Loss 0.389, Loss_clf 0.244, Loss_aux 0.144, Train_accy 93.17:  20%|██        | 4/20 [16:03<46:45, 175.32s/it]
Task 9, Epoch 5/20 => Loss 0.389, Loss_clf 0.244, Loss_aux 0.144, Train_accy 93.17:  25%|██▌       | 5/20 [16:03<40:52, 163.49s/it]
Task 9, Epoch 6/20 => Loss 0.406, Loss_clf 0.260, Loss_aux 0.145, Train_accy 92.75, Test_accy 81.99:  25%|██▌       | 5/20 [22:39<40:52, 163.49s/it]
Task 9, Epoch 6/20 => Loss 0.406, Loss_clf 0.260, Loss_aux 0.145, Train_accy 92.75, Test_accy 81.99:  30%|███       | 6/20 [22:39<56:36, 242.64s/it]
Task 9, Epoch 7/20 => Loss 0.423, Loss_clf 0.266, Loss_aux 0.157, Train_accy 92.75:  30%|███       | 6/20 [24:55<56:36, 242.64s/it]                 
Task 9, Epoch 7/20 => Loss 0.423, Loss_clf 0.266, Loss_aux 0.157, Train_accy 92.75:  35%|███▌      | 7/20 [24:55<45:01, 207.81s/it]
Task 9, Epoch 8/20 => Loss 0.397, Loss_clf 0.254, Loss_aux 0.144, Train_accy 93.01:  35%|███▌      | 7/20 [27:18<45:01, 207.81s/it]
Task 9, Epoch 8/20 => Loss 0.397, Loss_clf 0.254, Loss_aux 0.144, Train_accy 93.01:  40%|████      | 8/20 [27:18<37:26, 187.17s/it]
Task 9, Epoch 9/20 => Loss 0.356, Loss_clf 0.227, Loss_aux 0.128, Train_accy 93.10:  40%|████      | 8/20 [29:41<37:26, 187.17s/it]
Task 9, Epoch 9/20 => Loss 0.356, Loss_clf 0.227, Loss_aux 0.128, Train_accy 93.10:  45%|████▌     | 9/20 [29:41<31:45, 173.21s/it]
Task 9, Epoch 10/20 => Loss 0.329, Loss_clf 0.209, Loss_aux 0.120, Train_accy 94.29:  45%|████▌     | 9/20 [31:57<31:45, 173.21s/it]
Task 9, Epoch 10/20 => Loss 0.329, Loss_clf 0.209, Loss_aux 0.120, Train_accy 94.29:  50%|█████     | 10/20 [31:57<26:59, 161.96s/it]
Task 9, Epoch 11/20 => Loss 0.380, Loss_clf 0.246, Loss_aux 0.133, Train_accy 93.42, Test_accy 81.44:  50%|█████     | 10/20 [38:34<26:59, 161.96s/it]
Task 9, Epoch 11/20 => Loss 0.380, Loss_clf 0.246, Loss_aux 0.133, Train_accy 93.42, Test_accy 81.44:  55%|█████▌    | 11/20 [38:34<35:04, 233.87s/it]
Task 9, Epoch 12/20 => Loss 0.337, Loss_clf 0.220, Loss_aux 0.118, Train_accy 94.24:  55%|█████▌    | 11/20 [40:57<35:04, 233.87s/it]                 
Task 9, Epoch 12/20 => Loss 0.337, Loss_clf 0.220, Loss_aux 0.118, Train_accy 94.24:  60%|██████    | 12/20 [40:57<27:29, 206.25s/it]
Task 9, Epoch 13/20 => Loss 0.355, Loss_clf 0.222, Loss_aux 0.133, Train_accy 93.57:  60%|██████    | 12/20 [43:13<27:29, 206.25s/it]
Task 9, Epoch 13/20 => Loss 0.355, Loss_clf 0.222, Loss_aux 0.133, Train_accy 93.57:  65%|██████▌   | 13/20 [43:13<21:34, 184.89s/it]
Task 9, Epoch 14/20 => Loss 0.340, Loss_clf 0.224, Loss_aux 0.117, Train_accy 93.62:  65%|██████▌   | 13/20 [45:36<21:34, 184.89s/it]
Task 9, Epoch 14/20 => Loss 0.340, Loss_clf 0.224, Loss_aux 0.117, Train_accy 93.62:  70%|███████   | 14/20 [45:36<17:12, 172.08s/it]
Task 9, Epoch 15/20 => Loss 0.347, Loss_clf 0.223, Loss_aux 0.123, Train_accy 94.06:  70%|███████   | 14/20 [47:58<17:12, 172.08s/it]
Task 9, Epoch 15/20 => Loss 0.347, Loss_clf 0.223, Loss_aux 0.123, Train_accy 94.06:  75%|███████▌  | 15/20 [47:58<13:35, 163.15s/it]
Task 9, Epoch 16/20 => Loss 0.321, Loss_clf 0.213, Loss_aux 0.108, Train_accy 93.93, Test_accy 80.78:  75%|███████▌  | 15/20 [54:28<13:35, 163.15s/it]
Task 9, Epoch 16/20 => Loss 0.321, Loss_clf 0.213, Loss_aux 0.108, Train_accy 93.93, Test_accy 80.78:  80%|████████  | 16/20 [54:28<15:26, 231.52s/it]
Task 9, Epoch 17/20 => Loss 0.343, Loss_clf 0.226, Loss_aux 0.117, Train_accy 93.71:  80%|████████  | 16/20 [56:51<15:26, 231.52s/it]                 
Task 9, Epoch 17/20 => Loss 0.343, Loss_clf 0.226, Loss_aux 0.117, Train_accy 93.71:  85%|████████▌ | 17/20 [56:51<10:14, 204.77s/it]
Task 9, Epoch 18/20 => Loss 0.343, Loss_clf 0.231, Loss_aux 0.112, Train_accy 94.04:  85%|████████▌ | 17/20 [59:14<10:14, 204.77s/it]
Task 9, Epoch 18/20 => Loss 0.343, Loss_clf 0.231, Loss_aux 0.112, Train_accy 94.04:  90%|█████████ | 18/20 [59:14<06:12, 186.16s/it]
Task 9, Epoch 19/20 => Loss 0.289, Loss_clf 0.196, Loss_aux 0.093, Train_accy 94.64:  90%|█████████ | 18/20 [1:01:30<06:12, 186.16s/it]
Task 9, Epoch 19/20 => Loss 0.289, Loss_clf 0.196, Loss_aux 0.093, Train_accy 94.64:  95%|█████████▌| 19/20 [1:01:30<02:51, 171.21s/it]
Task 9, Epoch 20/20 => Loss 0.328, Loss_clf 0.209, Loss_aux 0.120, Train_accy 94.15:  95%|█████████▌| 19/20 [1:03:53<02:51, 171.21s/it]
Task 9, Epoch 20/20 => Loss 0.328, Loss_clf 0.209, Loss_aux 0.120, Train_accy 94.15: 100%|██████████| 20/20 [1:03:53<00:00, 162.52s/it]
Task 9, Epoch 20/20 => Loss 0.328, Loss_clf 0.209, Loss_aux 0.120, Train_accy 94.15: 100%|██████████| 20/20 [1:03:53<00:00, 191.65s/it]
2025-05-26 11:17:37,740 [der.py] => Task 9, Epoch 20/20 => Loss 0.328, Loss_clf 0.209, Loss_aux 0.120, Train_accy 94.15
2025-05-26 11:17:37,760 [base.py] => Reducing exemplars...(21 per classes)
2025-05-26 11:19:03,723 [base.py] => Constructing exemplars...(21 per classes)
Time for task 9: 4000.437475681305
2025-05-26 11:28:47,612 [der.py] => Exemplar size: 1995
2025-05-26 11:28:47,646 [trainer.py] => CNN: {'total': 81.96, '00-49': 79.82, '50-54': 73.6, '55-59': 67.2, '60-64': 76.4, '65-69': 92.8, '70-74': 87.0, '75-79': 84.8, '80-84': 93.2, '85-89': 86.8, '90-94': 97.2, 'old': 81.11, 'new': 97.2}
2025-05-26 11:28:47,646 [trainer.py] => NME: {'total': 85.41, '00-49': 84.82, '50-54': 82.4, '55-59': 75.2, '60-64': 79.4, '65-69': 95.8, '70-74': 89.2, '75-79': 84.2, '80-84': 93.4, '85-89': 85.6, '90-94': 89.4, 'old': 85.19, 'new': 89.4}
2025-05-26 11:28:47,646 [trainer.py] => CNN top1 curve: [92.32, 90.02, 90.23, 89.92, 88.94, 86.83, 84.64, 84.09, 81.92, 81.96]
2025-05-26 11:28:47,646 [trainer.py] => CNN top5 curve: [99.22, 99.05, 98.72, 98.66, 98.56, 98.12, 97.81, 97.81, 96.66, 96.44]
2025-05-26 11:28:47,646 [trainer.py] => NME top1 curve: [92.82, 91.89, 91.75, 90.83, 90.81, 89.52, 88.01, 87.12, 85.84, 85.41]
2025-05-26 11:28:47,646 [trainer.py] => NME top5 curve: [99.46, 99.33, 99.33, 99.22, 99.09, 98.91, 98.82, 98.68, 98.09, 97.87]

Average Accuracy (CNN): 87.09
Average Accuracy (NME): 89.4
2025-05-26 11:28:47,646 [trainer.py] => Average Accuracy (CNN): 87.09
2025-05-26 11:28:47,646 [trainer.py] => Average Accuracy (NME): 89.4
2025-05-26 11:28:47,652 [trainer.py] => All params: 858720869
2025-05-26 11:28:47,658 [trainer.py] => Trainable params: 86532965
2025-05-26 11:28:54,035 [der.py] => Learning on 95-100
2025-05-26 11:28:54,046 [der.py] => All params: 944634730
2025-05-26 11:28:54,051 [der.py] => Trainable params: 86648170

  0%|          | 0/20 [00:00<?, ?it/s]
Task 10, Epoch 1/20 => Loss 1.533, Loss_clf 1.067, Loss_aux 0.466, Train_accy 82.34, Test_accy 79.18:   0%|          | 0/20 [07:35<?, ?it/s]
Task 10, Epoch 1/20 => Loss 1.533, Loss_clf 1.067, Loss_aux 0.466, Train_accy 82.34, Test_accy 79.18:   5%|▌         | 1/20 [07:35<2:24:12, 455.39s/it]
Task 10, Epoch 2/20 => Loss 0.646, Loss_clf 0.404, Loss_aux 0.241, Train_accy 88.79:   5%|▌         | 1/20 [10:08<2:24:12, 455.39s/it]                 
Task 10, Epoch 2/20 => Loss 0.646, Loss_clf 0.404, Loss_aux 0.241, Train_accy 88.79:  10%|█         | 2/20 [10:08<1:23:15, 277.54s/it]
Task 10, Epoch 3/20 => Loss 0.551, Loss_clf 0.342, Loss_aux 0.210, Train_accy 90.30:  10%|█         | 2/20 [12:44<1:23:15, 277.54s/it]
Task 10, Epoch 3/20 => Loss 0.551, Loss_clf 0.342, Loss_aux 0.210, Train_accy 90.30:  15%|█▌        | 3/20 [12:44<1:02:58, 222.29s/it]
Task 10, Epoch 4/20 => Loss 0.468, Loss_clf 0.289, Loss_aux 0.179, Train_accy 91.64:  15%|█▌        | 3/20 [15:14<1:02:58, 222.29s/it]
Task 10, Epoch 4/20 => Loss 0.468, Loss_clf 0.289, Loss_aux 0.179, Train_accy 91.64:  20%|██        | 4/20 [15:14<51:37, 193.57s/it]  
Task 10, Epoch 5/20 => Loss 0.488, Loss_clf 0.308, Loss_aux 0.180, Train_accy 91.46:  20%|██        | 4/20 [17:50<51:37, 193.57s/it]
Task 10, Epoch 5/20 => Loss 0.488, Loss_clf 0.308, Loss_aux 0.180, Train_accy 91.46:  25%|██▌       | 5/20 [17:50<45:00, 180.02s/it]
Task 10, Epoch 6/20 => Loss 0.451, Loss_clf 0.286, Loss_aux 0.165, Train_accy 92.04, Test_accy 79.80:  25%|██▌       | 5/20 [25:12<45:00, 180.02s/it]
Task 10, Epoch 6/20 => Loss 0.451, Loss_clf 0.286, Loss_aux 0.165, Train_accy 92.04, Test_accy 79.80:  30%|███       | 6/20 [25:12<1:02:46, 269.03s/it]
Task 10, Epoch 7/20 => Loss 0.445, Loss_clf 0.281, Loss_aux 0.164, Train_accy 92.12:  30%|███       | 6/20 [27:48<1:02:46, 269.03s/it]                 
Task 10, Epoch 7/20 => Loss 0.445, Loss_clf 0.281, Loss_aux 0.164, Train_accy 92.12:  35%|███▌      | 7/20 [27:48<50:18, 232.22s/it]  
Task 10, Epoch 8/20 => Loss 0.449, Loss_clf 0.277, Loss_aux 0.172, Train_accy 92.12:  35%|███▌      | 7/20 [30:18<50:18, 232.22s/it]
Task 10, Epoch 8/20 => Loss 0.449, Loss_clf 0.277, Loss_aux 0.172, Train_accy 92.12:  40%|████      | 8/20 [30:18<41:12, 206.08s/it]
Task 10, Epoch 9/20 => Loss 0.404, Loss_clf 0.241, Loss_aux 0.163, Train_accy 93.48:  40%|████      | 8/20 [32:55<41:12, 206.08s/it]
Task 10, Epoch 9/20 => Loss 0.404, Loss_clf 0.241, Loss_aux 0.163, Train_accy 93.48:  45%|████▌     | 9/20 [32:55<34:55, 190.50s/it]
Task 10, Epoch 10/20 => Loss 0.423, Loss_clf 0.261, Loss_aux 0.162, Train_accy 92.75:  45%|████▌     | 9/20 [35:24<34:55, 190.50s/it]
Task 10, Epoch 10/20 => Loss 0.423, Loss_clf 0.261, Loss_aux 0.162, Train_accy 92.75:  50%|█████     | 10/20 [35:24<29:38, 177.88s/it]
Task 10, Epoch 11/20 => Loss 0.377, Loss_clf 0.228, Loss_aux 0.149, Train_accy 93.66, Test_accy 79.39:  50%|█████     | 10/20 [42:51<29:38, 177.88s/it]
Task 10, Epoch 11/20 => Loss 0.377, Loss_clf 0.228, Loss_aux 0.149, Train_accy 93.66, Test_accy 79.39:  55%|█████▌    | 11/20 [42:51<39:00, 260.07s/it]
Task 10, Epoch 12/20 => Loss 0.406, Loss_clf 0.256, Loss_aux 0.150, Train_accy 93.06:  55%|█████▌    | 11/20 [45:21<39:00, 260.07s/it]                 
Task 10, Epoch 12/20 => Loss 0.406, Loss_clf 0.256, Loss_aux 0.150, Train_accy 93.06:  60%|██████    | 12/20 [45:21<30:13, 226.70s/it]
Task 10, Epoch 13/20 => Loss 0.390, Loss_clf 0.236, Loss_aux 0.154, Train_accy 93.30:  60%|██████    | 12/20 [47:57<30:13, 226.70s/it]
Task 10, Epoch 13/20 => Loss 0.390, Loss_clf 0.236, Loss_aux 0.154, Train_accy 93.30:  65%|██████▌   | 13/20 [47:57<23:56, 205.17s/it]
Task 10, Epoch 14/20 => Loss 0.409, Loss_clf 0.264, Loss_aux 0.145, Train_accy 92.75:  65%|██████▌   | 13/20 [50:27<23:56, 205.17s/it]
Task 10, Epoch 14/20 => Loss 0.409, Loss_clf 0.264, Loss_aux 0.145, Train_accy 92.75:  70%|███████   | 14/20 [50:27<18:50, 188.47s/it]
Task 10, Epoch 15/20 => Loss 0.405, Loss_clf 0.260, Loss_aux 0.145, Train_accy 92.70:  70%|███████   | 14/20 [53:03<18:50, 188.47s/it]
Task 10, Epoch 15/20 => Loss 0.405, Loss_clf 0.260, Loss_aux 0.145, Train_accy 92.70:  75%|███████▌  | 15/20 [53:03<14:54, 178.86s/it]
Task 10, Epoch 16/20 => Loss 0.381, Loss_clf 0.240, Loss_aux 0.141, Train_accy 93.37, Test_accy 79.36:  75%|███████▌  | 15/20 [1:00:31<14:54, 178.86s/it]
Task 10, Epoch 16/20 => Loss 0.381, Loss_clf 0.240, Loss_aux 0.141, Train_accy 93.37, Test_accy 79.36:  80%|████████  | 16/20 [1:00:31<17:19, 259.81s/it]
Task 10, Epoch 17/20 => Loss 0.396, Loss_clf 0.247, Loss_aux 0.149, Train_accy 93.10:  80%|████████  | 16/20 [1:03:01<17:19, 259.81s/it]                 
Task 10, Epoch 17/20 => Loss 0.396, Loss_clf 0.247, Loss_aux 0.149, Train_accy 93.10:  85%|████████▌ | 17/20 [1:03:01<11:20, 226.84s/it]
Task 10, Epoch 18/20 => Loss 0.330, Loss_clf 0.210, Loss_aux 0.120, Train_accy 94.39:  85%|████████▌ | 17/20 [1:05:37<11:20, 226.84s/it]
Task 10, Epoch 18/20 => Loss 0.330, Loss_clf 0.210, Loss_aux 0.120, Train_accy 94.39:  90%|█████████ | 18/20 [1:05:37<06:51, 205.60s/it]
Task 10, Epoch 19/20 => Loss 0.368, Loss_clf 0.234, Loss_aux 0.133, Train_accy 93.75:  90%|█████████ | 18/20 [1:08:07<06:51, 205.60s/it]
Task 10, Epoch 19/20 => Loss 0.368, Loss_clf 0.234, Loss_aux 0.133, Train_accy 93.75:  95%|█████████▌| 19/20 [1:08:07<03:08, 188.76s/it]
Task 10, Epoch 20/20 => Loss 0.383, Loss_clf 0.244, Loss_aux 0.139, Train_accy 93.19:  95%|█████████▌| 19/20 [1:10:43<03:08, 188.76s/it]
Task 10, Epoch 20/20 => Loss 0.383, Loss_clf 0.244, Loss_aux 0.139, Train_accy 93.19: 100%|██████████| 20/20 [1:10:43<00:00, 178.97s/it]
Task 10, Epoch 20/20 => Loss 0.383, Loss_clf 0.244, Loss_aux 0.139, Train_accy 93.19: 100%|██████████| 20/20 [1:10:43<00:00, 212.17s/it]
2025-05-26 12:39:37,621 [der.py] => Task 10, Epoch 20/20 => Loss 0.383, Loss_clf 0.244, Loss_aux 0.139, Train_accy 93.19
2025-05-26 12:39:37,646 [base.py] => Reducing exemplars...(20 per classes)
2025-05-26 12:41:06,042 [base.py] => Constructing exemplars...(20 per classes)
Time for task 10: 4421.8387842178345
2025-05-26 12:52:16,303 [der.py] => Exemplar size: 2000
2025-05-26 12:52:16,340 [trainer.py] => CNN: {'total': 81.25, '00-49': 78.04, '50-54': 68.2, '55-59': 69.0, '60-64': 80.0, '65-69': 91.6, '70-74': 86.0, '75-79': 82.0, '80-84': 93.0, '85-89': 85.6, '90-94': 92.4, '95-99': 96.8, 'old': 80.43, 'new': 96.8}
2025-05-26 12:52:16,340 [trainer.py] => NME: {'total': 84.81, '00-49': 84.02, '50-54': 81.4, '55-59': 74.2, '60-64': 78.6, '65-69': 95.4, '70-74': 88.6, '75-79': 84.2, '80-84': 93.4, '85-89': 86.0, '90-94': 90.0, '95-99': 84.2, 'old': 84.84, 'new': 84.2}
2025-05-26 12:52:16,340 [trainer.py] => CNN top1 curve: [92.32, 90.02, 90.23, 89.92, 88.94, 86.83, 84.64, 84.09, 81.92, 81.96, 81.25]
2025-05-26 12:52:16,340 [trainer.py] => CNN top5 curve: [99.22, 99.05, 98.72, 98.66, 98.56, 98.12, 97.81, 97.81, 96.66, 96.44, 95.8]
2025-05-26 12:52:16,340 [trainer.py] => NME top1 curve: [92.82, 91.89, 91.75, 90.83, 90.81, 89.52, 88.01, 87.12, 85.84, 85.41, 84.81]
2025-05-26 12:52:16,340 [trainer.py] => NME top5 curve: [99.46, 99.33, 99.33, 99.22, 99.09, 98.91, 98.82, 98.68, 98.09, 97.87, 97.69]

Average Accuracy (CNN): 86.56
Average Accuracy (NME): 88.98
2025-05-26 12:52:16,341 [trainer.py] => Average Accuracy (CNN): 86.56
2025-05-26 12:52:16,341 [trainer.py] => Average Accuracy (NME): 88.98
Finished cifar224_init50_inc5: vit_base_patch16_224_in21k  
----------------------------------------------------------------------------------------------------
Accuracy Matrix (CNN):
[[92.32 89.24 89.32 89.84 88.72 87.32 85.4  83.5  80.32 79.82 78.04]
 [ 0.   97.8  93.8  92.8  92.6  91.4  70.4  77.4  79.8  73.6  68.2 ]
 [ 0.    0.   95.8  81.4  74.8  67.   68.2  70.8  62.4  67.2  69.  ]
 [ 0.    0.    0.   96.4  91.2  79.2  81.2  71.6  74.   76.4  80.  ]
 [ 0.    0.    0.    0.   99.4  93.4  96.2  95.6  94.2  92.8  91.6 ]
 [ 0.    0.    0.    0.    0.   98.2  86.6  86.2  85.4  87.   86.  ]
 [ 0.    0.    0.    0.    0.    0.   97.6  94.   84.2  84.8  82.  ]
 [ 0.    0.    0.    0.    0.    0.    0.   99.   95.   93.2  93.  ]
 [ 0.    0.    0.    0.    0.    0.    0.    0.   96.4  86.8  85.6 ]
 [ 0.    0.    0.    0.    0.    0.    0.    0.    0.   97.2  92.4 ]
 [ 0.    0.    0.    0.    0.    0.    0.    0.    0.    0.   96.8 ]]
2025-05-26 12:52:16,342 [trainer.py] => Forgetting (CNN): 14.428000000000003
Accuracy Matrix (NME):
[[92.82 91.72 91.06 90.64 90.14 89.52 88.66 86.82 85.62 84.82 84.02]
 [ 0.   93.6  96.   95.2  95.   94.8  85.   84.6  83.4  82.4  81.4 ]
 [ 0.    0.   94.4  88.   86.6  81.   78.8  78.2  75.6  75.2  74.2 ]
 [ 0.    0.    0.   91.2  92.   84.2  83.2  82.   81.4  79.4  78.6 ]
 [ 0.    0.    0.    0.   96.4  95.6  96.2  96.   95.6  95.8  95.4 ]
 [ 0.    0.    0.    0.    0.   92.   90.4  89.8  89.4  89.2  88.6 ]
 [ 0.    0.    0.    0.    0.    0.   88.   91.   87.8  84.2  84.2 ]
 [ 0.    0.    0.    0.    0.    0.    0.   91.2  92.4  93.4  93.4 ]
 [ 0.    0.    0.    0.    0.    0.    0.    0.   83.4  85.6  86.  ]
 [ 0.    0.    0.    0.    0.    0.    0.    0.    0.   89.4  90.  ]
 [ 0.    0.    0.    0.    0.    0.    0.    0.    0.    0.   84.2 ]]
2025-05-26 12:52:16,343 [trainer.py] => Forgetting (NME): 6.82
2025-05-26 12:52:47,004 [trainer.py] => config: ./scripts/der/der_cifar_B50_Inc10.json
2025-05-26 12:52:47,022 [trainer.py] => prefix: reproduce
2025-05-26 12:52:47,022 [trainer.py] => dataset: cifar224
2025-05-26 12:52:47,022 [trainer.py] => memory_size: 2000
2025-05-26 12:52:47,022 [trainer.py] => memory_per_class: 20
2025-05-26 12:52:47,022 [trainer.py] => fixed_memory: False
2025-05-26 12:52:47,023 [trainer.py] => shuffle: True
2025-05-26 12:52:47,023 [trainer.py] => init_cls: 50
2025-05-26 12:52:47,023 [trainer.py] => increment: 10
2025-05-26 12:52:47,023 [trainer.py] => model_name: der
2025-05-26 12:52:47,023 [trainer.py] => backbone_type: vit_base_patch16_224_in21k
2025-05-26 12:52:47,023 [trainer.py] => device: [device(type='cuda', index=1)]
2025-05-26 12:52:47,023 [trainer.py] => seed: 1993
2025-05-26 12:52:47,023 [trainer.py] => init_epoch: 20
2025-05-26 12:52:47,023 [trainer.py] => init_lr: 0.001
2025-05-26 12:52:47,023 [trainer.py] => init_milestones: [60, 120, 170]
2025-05-26 12:52:47,024 [trainer.py] => init_lr_decay: 0.1
2025-05-26 12:52:47,024 [trainer.py] => init_weight_decay: 0.0005
2025-05-26 12:52:47,024 [trainer.py] => epochs: 20
2025-05-26 12:52:47,024 [trainer.py] => lrate: 0.001
2025-05-26 12:52:47,024 [trainer.py] => milestones: [80, 120, 150]
2025-05-26 12:52:47,024 [trainer.py] => lrate_decay: 0.1
2025-05-26 12:52:47,024 [trainer.py] => batch_size: 48
2025-05-26 12:52:47,024 [trainer.py] => weight_decay: 0.0002
2025-05-26 12:52:47,024 [trainer.py] => T: 2
Files already downloaded and verified
Files already downloaded and verified
2025-05-26 12:52:49,514 [data_manager.py] => [68, 56, 78, 8, 23, 84, 90, 65, 74, 76, 40, 89, 3, 92, 55, 9, 26, 80, 43, 38, 58, 70, 77, 1, 85, 19, 17, 50, 28, 53, 13, 81, 45, 82, 6, 59, 83, 16, 15, 44, 91, 41, 72, 60, 79, 52, 20, 10, 31, 54, 37, 95, 14, 71, 96, 98, 97, 2, 64, 66, 42, 22, 35, 86, 24, 34, 87, 21, 99, 0, 88, 27, 18, 94, 11, 12, 47, 25, 30, 46, 62, 69, 36, 61, 7, 63, 75, 5, 32, 4, 51, 48, 73, 93, 39, 67, 29, 49, 57, 33]
2025-05-26 12:52:53,795 [trainer.py] => All params: 0
2025-05-26 12:52:53,795 [trainer.py] => Trainable params: 0
2025-05-26 12:53:00,217 [der.py] => Learning on 0-50
2025-05-26 12:53:00,217 [der.py] => All params: 85876325
2025-05-26 12:53:00,218 [der.py] => Trainable params: 85876325

  0%|          | 0/20 [00:00<?, ?it/s]
Task 0, Epoch 1/20 => Loss 2.956, Train_accy 24.74, Test_accy 85.50:   0%|          | 0/20 [04:30<?, ?it/s]
Task 0, Epoch 1/20 => Loss 2.956, Train_accy 24.74, Test_accy 85.50:   5%|▌         | 1/20 [04:30<1:25:41, 270.63s/it]
Task 0, Epoch 2/20 => Loss 0.910, Train_accy 74.52:   5%|▌         | 1/20 [07:45<1:25:41, 270.63s/it]                 
Task 0, Epoch 2/20 => Loss 0.910, Train_accy 74.52:  10%|█         | 2/20 [07:45<1:07:53, 226.31s/it]
Task 0, Epoch 3/20 => Loss 0.723, Train_accy 79.49:  10%|█         | 2/20 [10:56<1:07:53, 226.31s/it]
Task 0, Epoch 3/20 => Loss 0.723, Train_accy 79.49:  15%|█▌        | 3/20 [10:56<59:33, 210.22s/it]  
Task 0, Epoch 4/20 => Loss 0.644, Train_accy 81.89:  15%|█▌        | 3/20 [14:07<59:33, 210.22s/it]
Task 0, Epoch 4/20 => Loss 0.644, Train_accy 81.89:  20%|██        | 4/20 [14:07<54:02, 202.64s/it]
Task 0, Epoch 5/20 => Loss 0.588, Train_accy 83.09:  20%|██        | 4/20 [17:19<54:02, 202.64s/it]
Task 0, Epoch 5/20 => Loss 0.588, Train_accy 83.09:  25%|██▌       | 5/20 [17:19<49:37, 198.47s/it]
Task 0, Epoch 6/20 => Loss 0.552, Train_accy 84.48, Test_accy 93.00:  25%|██▌       | 5/20 [20:46<49:37, 198.47s/it]
Task 0, Epoch 6/20 => Loss 0.552, Train_accy 84.48, Test_accy 93.00:  30%|███       | 6/20 [20:46<47:03, 201.67s/it]
Task 0, Epoch 7/20 => Loss 0.522, Train_accy 85.20:  30%|███       | 6/20 [23:58<47:03, 201.67s/it]                 
Task 0, Epoch 7/20 => Loss 0.522, Train_accy 85.20:  35%|███▌      | 7/20 [23:58<42:58, 198.34s/it]
Task 0, Epoch 8/20 => Loss 0.496, Train_accy 86.02:  35%|███▌      | 7/20 [27:03<42:58, 198.34s/it]
Task 0, Epoch 8/20 => Loss 0.496, Train_accy 86.02:  40%|████      | 8/20 [27:03<38:48, 194.06s/it]
Task 0, Epoch 9/20 => Loss 0.479, Train_accy 86.48:  40%|████      | 8/20 [30:14<38:48, 194.06s/it]
Task 0, Epoch 9/20 => Loss 0.479, Train_accy 86.48:  45%|████▌     | 9/20 [30:14<35:25, 193.22s/it]
Task 0, Epoch 10/20 => Loss 0.459, Train_accy 86.90:  45%|████▌     | 9/20 [33:26<35:25, 193.22s/it]
Task 0, Epoch 10/20 => Loss 0.459, Train_accy 86.90:  50%|█████     | 10/20 [33:26<32:08, 192.81s/it]
Task 0, Epoch 11/20 => Loss 0.452, Train_accy 87.06, Test_accy 93.40:  50%|█████     | 10/20 [36:54<32:08, 192.81s/it]
Task 0, Epoch 11/20 => Loss 0.452, Train_accy 87.06, Test_accy 93.40:  55%|█████▌    | 11/20 [36:54<29:37, 197.46s/it]
Task 0, Epoch 12/20 => Loss 0.431, Train_accy 88.07:  55%|█████▌    | 11/20 [40:06<29:37, 197.46s/it]                 
Task 0, Epoch 12/20 => Loss 0.431, Train_accy 88.07:  60%|██████    | 12/20 [40:06<26:06, 195.76s/it]
Task 0, Epoch 13/20 => Loss 0.435, Train_accy 87.68:  60%|██████    | 12/20 [43:17<26:06, 195.76s/it]
Task 0, Epoch 13/20 => Loss 0.435, Train_accy 87.68:  65%|██████▌   | 13/20 [43:17<22:39, 194.27s/it]
Task 0, Epoch 14/20 => Loss 0.417, Train_accy 88.19:  65%|██████▌   | 13/20 [46:28<22:39, 194.27s/it]
Task 0, Epoch 14/20 => Loss 0.417, Train_accy 88.19:  70%|███████   | 14/20 [46:28<19:20, 193.39s/it]
Task 0, Epoch 15/20 => Loss 0.406, Train_accy 88.52:  70%|███████   | 14/20 [49:33<19:20, 193.39s/it]
Task 0, Epoch 15/20 => Loss 0.406, Train_accy 88.52:  75%|███████▌  | 15/20 [49:33<15:53, 190.73s/it]
Task 0, Epoch 16/20 => Loss 0.390, Train_accy 88.92, Test_accy 92.32:  75%|███████▌  | 15/20 [53:00<15:53, 190.73s/it]
Task 0, Epoch 16/20 => Loss 0.390, Train_accy 88.92, Test_accy 92.32:  80%|████████  | 16/20 [53:00<13:03, 195.81s/it]
Task 0, Epoch 17/20 => Loss 0.374, Train_accy 89.39:  80%|████████  | 16/20 [56:11<13:03, 195.81s/it]                 
Task 0, Epoch 17/20 => Loss 0.374, Train_accy 89.39:  85%|████████▌ | 17/20 [56:11<09:43, 194.36s/it]
Task 0, Epoch 18/20 => Loss 0.376, Train_accy 89.44:  85%|████████▌ | 17/20 [59:22<09:43, 194.36s/it]
Task 0, Epoch 18/20 => Loss 0.376, Train_accy 89.44:  90%|█████████ | 18/20 [59:22<06:26, 193.21s/it]
Task 0, Epoch 19/20 => Loss 0.372, Train_accy 89.52:  90%|█████████ | 18/20 [1:02:33<06:26, 193.21s/it]
Task 0, Epoch 19/20 => Loss 0.372, Train_accy 89.52:  95%|█████████▌| 19/20 [1:02:33<03:12, 192.70s/it]
Task 0, Epoch 20/20 => Loss 0.366, Train_accy 89.55:  95%|█████████▌| 19/20 [1:05:44<03:12, 192.70s/it]
Task 0, Epoch 20/20 => Loss 0.366, Train_accy 89.55: 100%|██████████| 20/20 [1:05:44<00:00, 192.20s/it]
Task 0, Epoch 20/20 => Loss 0.366, Train_accy 89.55: 100%|██████████| 20/20 [1:05:44<00:00, 197.25s/it]
2025-05-26 13:59:06,160 [der.py] => Task 0, Epoch 20/20 => Loss 0.366, Train_accy 89.55
2025-05-26 13:59:06,180 [base.py] => Reducing exemplars...(40 per classes)
2025-05-26 13:59:06,181 [base.py] => Constructing exemplars...(40 per classes)
Time for task 0: 4098.152534246445
2025-05-26 14:01:44,673 [der.py] => Exemplar size: 2000
2025-05-26 14:01:44,689 [trainer.py] => CNN: {'total': 92.32, '00-49': 92.32, 'old': 0, 'new': 92.32}
2025-05-26 14:01:44,689 [trainer.py] => NME: {'total': 92.82, '00-49': 92.82, 'old': 0, 'new': 92.82}
2025-05-26 14:01:44,689 [trainer.py] => CNN top1 curve: [92.32]
2025-05-26 14:01:44,689 [trainer.py] => CNN top5 curve: [99.22]
2025-05-26 14:01:44,689 [trainer.py] => NME top1 curve: [92.82]
2025-05-26 14:01:44,689 [trainer.py] => NME top5 curve: [99.46]

Average Accuracy (CNN): 92.32
Average Accuracy (NME): 92.82
2025-05-26 14:01:44,689 [trainer.py] => Average Accuracy (CNN): 92.32
2025-05-26 14:01:44,689 [trainer.py] => Average Accuracy (NME): 92.82
2025-05-26 14:01:44,690 [trainer.py] => All params: 85876325
2025-05-26 14:01:44,690 [trainer.py] => Trainable params: 85876325
2025-05-26 14:01:50,413 [der.py] => Learning on 50-60
2025-05-26 14:01:50,415 [der.py] => All params: 171697991
2025-05-26 14:01:50,416 [der.py] => Trainable params: 85899335

  0%|          | 0/20 [00:00<?, ?it/s]
Task 1, Epoch 1/20 => Loss 1.617, Loss_clf 0.952, Loss_aux 0.665, Train_accy 77.63, Test_accy 89.18:   0%|          | 0/20 [01:53<?, ?it/s]
Task 1, Epoch 1/20 => Loss 1.617, Loss_clf 0.952, Loss_aux 0.665, Train_accy 77.63, Test_accy 89.18:   5%|▌         | 1/20 [01:53<35:48, 113.06s/it]
Task 1, Epoch 2/20 => Loss 0.771, Loss_clf 0.417, Loss_aux 0.353, Train_accy 87.63:   5%|▌         | 1/20 [03:07<35:48, 113.06s/it]                 
Task 1, Epoch 2/20 => Loss 0.771, Loss_clf 0.417, Loss_aux 0.353, Train_accy 87.63:  10%|█         | 2/20 [03:07<27:10, 90.58s/it] 
Task 1, Epoch 3/20 => Loss 0.731, Loss_clf 0.404, Loss_aux 0.327, Train_accy 88.09:  10%|█         | 2/20 [04:28<27:10, 90.58s/it]
Task 1, Epoch 3/20 => Loss 0.731, Loss_clf 0.404, Loss_aux 0.327, Train_accy 88.09:  15%|█▌        | 3/20 [04:28<24:22, 86.02s/it]
Task 1, Epoch 4/20 => Loss 0.697, Loss_clf 0.381, Loss_aux 0.316, Train_accy 88.69:  15%|█▌        | 3/20 [05:35<24:22, 86.02s/it]
Task 1, Epoch 4/20 => Loss 0.697, Loss_clf 0.381, Loss_aux 0.316, Train_accy 88.69:  20%|██        | 4/20 [05:35<20:58, 78.63s/it]
Task 1, Epoch 5/20 => Loss 0.639, Loss_clf 0.353, Loss_aux 0.286, Train_accy 89.60:  20%|██        | 4/20 [06:48<20:58, 78.63s/it]
Task 1, Epoch 5/20 => Loss 0.639, Loss_clf 0.353, Loss_aux 0.286, Train_accy 89.60:  25%|██▌       | 5/20 [06:48<19:07, 76.49s/it]
Task 1, Epoch 6/20 => Loss 0.626, Loss_clf 0.340, Loss_aux 0.285, Train_accy 89.93, Test_accy 89.90:  25%|██▌       | 5/20 [08:32<19:07, 76.49s/it]
Task 1, Epoch 6/20 => Loss 0.626, Loss_clf 0.340, Loss_aux 0.285, Train_accy 89.93, Test_accy 89.90:  30%|███       | 6/20 [08:32<20:00, 85.72s/it]
Task 1, Epoch 7/20 => Loss 0.621, Loss_clf 0.343, Loss_aux 0.277, Train_accy 89.83:  30%|███       | 6/20 [09:45<20:00, 85.72s/it]                 
Task 1, Epoch 7/20 => Loss 0.621, Loss_clf 0.343, Loss_aux 0.277, Train_accy 89.83:  35%|███▌      | 7/20 [09:45<17:40, 81.58s/it]
Task 1, Epoch 8/20 => Loss 0.607, Loss_clf 0.334, Loss_aux 0.273, Train_accy 90.16:  35%|███▌      | 7/20 [10:58<17:40, 81.58s/it]
Task 1, Epoch 8/20 => Loss 0.607, Loss_clf 0.334, Loss_aux 0.273, Train_accy 90.16:  40%|████      | 8/20 [10:58<15:46, 78.90s/it]
Task 1, Epoch 9/20 => Loss 0.589, Loss_clf 0.331, Loss_aux 0.257, Train_accy 90.27:  40%|████      | 8/20 [12:11<15:46, 78.90s/it]
Task 1, Epoch 9/20 => Loss 0.589, Loss_clf 0.331, Loss_aux 0.257, Train_accy 90.27:  45%|████▌     | 9/20 [12:11<14:08, 77.13s/it]
Task 1, Epoch 10/20 => Loss 0.570, Loss_clf 0.322, Loss_aux 0.248, Train_accy 90.33:  45%|████▌     | 9/20 [13:24<14:08, 77.13s/it]
Task 1, Epoch 10/20 => Loss 0.570, Loss_clf 0.322, Loss_aux 0.248, Train_accy 90.33:  50%|█████     | 10/20 [13:24<12:37, 75.80s/it]
Task 1, Epoch 11/20 => Loss 0.542, Loss_clf 0.305, Loss_aux 0.237, Train_accy 91.03, Test_accy 89.15:  50%|█████     | 10/20 [15:07<12:37, 75.80s/it]
Task 1, Epoch 11/20 => Loss 0.542, Loss_clf 0.305, Loss_aux 0.237, Train_accy 91.03, Test_accy 89.15:  55%|█████▌    | 11/20 [15:07<12:38, 84.30s/it]
Task 1, Epoch 12/20 => Loss 0.507, Loss_clf 0.280, Loss_aux 0.226, Train_accy 92.03:  55%|█████▌    | 11/20 [16:21<12:38, 84.30s/it]                 
Task 1, Epoch 12/20 => Loss 0.507, Loss_clf 0.280, Loss_aux 0.226, Train_accy 92.03:  60%|██████    | 12/20 [16:21<10:48, 81.00s/it]
Task 1, Epoch 13/20 => Loss 0.486, Loss_clf 0.271, Loss_aux 0.215, Train_accy 92.07:  60%|██████    | 12/20 [17:34<10:48, 81.00s/it]
Task 1, Epoch 13/20 => Loss 0.486, Loss_clf 0.271, Loss_aux 0.215, Train_accy 92.07:  65%|██████▌   | 13/20 [17:34<09:10, 78.64s/it]
Task 1, Epoch 14/20 => Loss 0.514, Loss_clf 0.295, Loss_aux 0.219, Train_accy 91.67:  65%|██████▌   | 13/20 [18:41<09:10, 78.64s/it]
Task 1, Epoch 14/20 => Loss 0.514, Loss_clf 0.295, Loss_aux 0.219, Train_accy 91.67:  70%|███████   | 14/20 [18:41<07:30, 75.09s/it]
Task 1, Epoch 15/20 => Loss 0.479, Loss_clf 0.273, Loss_aux 0.206, Train_accy 92.27:  70%|███████   | 14/20 [19:54<07:30, 75.09s/it]
Task 1, Epoch 15/20 => Loss 0.479, Loss_clf 0.273, Loss_aux 0.206, Train_accy 92.27:  75%|███████▌  | 15/20 [19:54<06:12, 74.45s/it]
Task 1, Epoch 16/20 => Loss 0.502, Loss_clf 0.277, Loss_aux 0.224, Train_accy 91.93, Test_accy 89.13:  75%|███████▌  | 15/20 [21:43<06:12, 74.45s/it]
Task 1, Epoch 16/20 => Loss 0.502, Loss_clf 0.277, Loss_aux 0.224, Train_accy 91.93, Test_accy 89.13:  80%|████████  | 16/20 [21:43<05:39, 84.92s/it]
Task 1, Epoch 17/20 => Loss 0.528, Loss_clf 0.295, Loss_aux 0.233, Train_accy 91.34:  80%|████████  | 16/20 [22:50<05:39, 84.92s/it]                 
Task 1, Epoch 17/20 => Loss 0.528, Loss_clf 0.295, Loss_aux 0.233, Train_accy 91.34:  85%|████████▌ | 17/20 [22:50<03:58, 79.50s/it]
Task 1, Epoch 18/20 => Loss 0.466, Loss_clf 0.263, Loss_aux 0.203, Train_accy 92.27:  85%|████████▌ | 17/20 [24:03<03:58, 79.50s/it]
Task 1, Epoch 18/20 => Loss 0.466, Loss_clf 0.263, Loss_aux 0.203, Train_accy 92.27:  90%|█████████ | 18/20 [24:03<02:35, 77.56s/it]
Task 1, Epoch 19/20 => Loss 0.491, Loss_clf 0.283, Loss_aux 0.208, Train_accy 91.79:  90%|█████████ | 18/20 [25:16<02:35, 77.56s/it]
Task 1, Epoch 19/20 => Loss 0.491, Loss_clf 0.283, Loss_aux 0.208, Train_accy 91.79:  95%|█████████▌| 19/20 [25:16<01:16, 76.11s/it]
Task 1, Epoch 20/20 => Loss 0.499, Loss_clf 0.280, Loss_aux 0.218, Train_accy 91.87:  95%|█████████▌| 19/20 [26:29<01:16, 76.11s/it]
Task 1, Epoch 20/20 => Loss 0.499, Loss_clf 0.280, Loss_aux 0.218, Train_accy 91.87: 100%|██████████| 20/20 [26:29<00:00, 75.23s/it]
Task 1, Epoch 20/20 => Loss 0.499, Loss_clf 0.280, Loss_aux 0.218, Train_accy 91.87: 100%|██████████| 20/20 [26:29<00:00, 79.48s/it]
2025-05-26 14:28:20,137 [der.py] => Task 1, Epoch 20/20 => Loss 0.499, Loss_clf 0.280, Loss_aux 0.218, Train_accy 91.87
2025-05-26 14:28:20,158 [base.py] => Reducing exemplars...(33 per classes)
2025-05-26 14:28:39,279 [base.py] => Constructing exemplars...(33 per classes)
Time for task 1: 1654.1348037719727
2025-05-26 14:30:25,882 [der.py] => Exemplar size: 1980
2025-05-26 14:30:25,882 [trainer.py] => CNN: {'total': 90.05, '00-49': 88.84, '50-59': 96.1, 'old': 88.84, 'new': 96.1}
2025-05-26 14:30:25,882 [trainer.py] => NME: {'total': 92.35, '00-49': 92.0, '50-59': 94.1, 'old': 92.0, 'new': 94.1}
2025-05-26 14:30:25,882 [trainer.py] => CNN top1 curve: [92.32, 90.05]
2025-05-26 14:30:25,883 [trainer.py] => CNN top5 curve: [99.22, 98.93]
2025-05-26 14:30:25,883 [trainer.py] => NME top1 curve: [92.82, 92.35]
2025-05-26 14:30:25,883 [trainer.py] => NME top5 curve: [99.46, 99.3]

Average Accuracy (CNN): 91.18
Average Accuracy (NME): 92.58
2025-05-26 14:30:25,883 [trainer.py] => Average Accuracy (CNN): 91.18
2025-05-26 14:30:25,883 [trainer.py] => Average Accuracy (NME): 92.58
2025-05-26 14:30:25,884 [trainer.py] => All params: 171697991
2025-05-26 14:30:25,885 [trainer.py] => Trainable params: 85899335
2025-05-26 14:30:34,431 [der.py] => Learning on 60-70
2025-05-26 14:30:34,434 [der.py] => All params: 257565777
2025-05-26 14:30:34,436 [der.py] => Trainable params: 85968465

  0%|          | 0/20 [00:00<?, ?it/s]
Task 2, Epoch 1/20 => Loss 1.489, Loss_clf 0.925, Loss_aux 0.564, Train_accy 80.66, Test_accy 88.49:   0%|          | 0/20 [02:24<?, ?it/s]
Task 2, Epoch 1/20 => Loss 1.489, Loss_clf 0.925, Loss_aux 0.564, Train_accy 80.66, Test_accy 88.49:   5%|▌         | 1/20 [02:24<45:40, 144.26s/it]
Task 2, Epoch 2/20 => Loss 0.647, Loss_clf 0.360, Loss_aux 0.287, Train_accy 89.64:   5%|▌         | 1/20 [04:07<45:40, 144.26s/it]                 
Task 2, Epoch 2/20 => Loss 0.647, Loss_clf 0.360, Loss_aux 0.287, Train_accy 89.64:  10%|█         | 2/20 [04:07<36:04, 120.25s/it]
Task 2, Epoch 3/20 => Loss 0.609, Loss_clf 0.346, Loss_aux 0.263, Train_accy 90.43:  10%|█         | 2/20 [05:34<36:04, 120.25s/it]
Task 2, Epoch 3/20 => Loss 0.609, Loss_clf 0.346, Loss_aux 0.263, Train_accy 90.43:  15%|█▌        | 3/20 [05:34<29:46, 105.09s/it]
Task 2, Epoch 4/20 => Loss 0.510, Loss_clf 0.288, Loss_aux 0.222, Train_accy 91.43:  15%|█▌        | 3/20 [07:08<29:46, 105.09s/it]
Task 2, Epoch 4/20 => Loss 0.510, Loss_clf 0.288, Loss_aux 0.222, Train_accy 91.43:  20%|██        | 4/20 [07:08<26:48, 100.53s/it]
Task 2, Epoch 5/20 => Loss 0.545, Loss_clf 0.308, Loss_aux 0.237, Train_accy 91.23:  20%|██        | 4/20 [08:35<26:48, 100.53s/it]
Task 2, Epoch 5/20 => Loss 0.545, Loss_clf 0.308, Loss_aux 0.237, Train_accy 91.23:  25%|██▌       | 5/20 [08:35<23:54, 95.66s/it] 
Task 2, Epoch 6/20 => Loss 0.509, Loss_clf 0.285, Loss_aux 0.224, Train_accy 92.21, Test_accy 89.46:  25%|██▌       | 5/20 [11:06<23:54, 95.66s/it]
Task 2, Epoch 6/20 => Loss 0.509, Loss_clf 0.285, Loss_aux 0.224, Train_accy 92.21, Test_accy 89.46:  30%|███       | 6/20 [11:06<26:41, 114.42s/it]
Task 2, Epoch 7/20 => Loss 0.479, Loss_clf 0.270, Loss_aux 0.209, Train_accy 92.61:  30%|███       | 6/20 [12:33<26:41, 114.42s/it]                 
Task 2, Epoch 7/20 => Loss 0.479, Loss_clf 0.270, Loss_aux 0.209, Train_accy 92.61:  35%|███▌      | 7/20 [12:33<22:52, 105.57s/it]
Task 2, Epoch 8/20 => Loss 0.452, Loss_clf 0.257, Loss_aux 0.195, Train_accy 92.59:  35%|███▌      | 7/20 [14:06<22:52, 105.57s/it]
Task 2, Epoch 8/20 => Loss 0.452, Loss_clf 0.257, Loss_aux 0.195, Train_accy 92.59:  40%|████      | 8/20 [14:06<20:18, 101.54s/it]
Task 2, Epoch 9/20 => Loss 0.489, Loss_clf 0.280, Loss_aux 0.209, Train_accy 92.23:  40%|████      | 8/20 [15:33<20:18, 101.54s/it]
Task 2, Epoch 9/20 => Loss 0.489, Loss_clf 0.280, Loss_aux 0.209, Train_accy 92.23:  45%|████▌     | 9/20 [15:33<17:48, 97.13s/it] 
Task 2, Epoch 10/20 => Loss 0.495, Loss_clf 0.282, Loss_aux 0.214, Train_accy 92.22:  45%|████▌     | 9/20 [17:06<17:48, 97.13s/it]
Task 2, Epoch 10/20 => Loss 0.495, Loss_clf 0.282, Loss_aux 0.214, Train_accy 92.22:  50%|█████     | 10/20 [17:06<15:58, 95.86s/it]
Task 2, Epoch 11/20 => Loss 0.464, Loss_clf 0.263, Loss_aux 0.201, Train_accy 92.97, Test_accy 89.10:  50%|█████     | 10/20 [19:31<15:58, 95.86s/it]
Task 2, Epoch 11/20 => Loss 0.464, Loss_clf 0.263, Loss_aux 0.201, Train_accy 92.97, Test_accy 89.10:  55%|█████▌    | 11/20 [19:31<16:36, 110.70s/it]
Task 2, Epoch 12/20 => Loss 0.459, Loss_clf 0.262, Loss_aux 0.197, Train_accy 92.58:  55%|█████▌    | 11/20 [21:04<16:36, 110.70s/it]                 
Task 2, Epoch 12/20 => Loss 0.459, Loss_clf 0.262, Loss_aux 0.197, Train_accy 92.58:  60%|██████    | 12/20 [21:04<14:02, 105.29s/it]
Task 2, Epoch 13/20 => Loss 0.424, Loss_clf 0.243, Loss_aux 0.181, Train_accy 93.17:  60%|██████    | 12/20 [22:30<14:02, 105.29s/it]
Task 2, Epoch 13/20 => Loss 0.424, Loss_clf 0.243, Loss_aux 0.181, Train_accy 93.17:  65%|██████▌   | 13/20 [22:30<11:37, 99.62s/it] 
Task 2, Epoch 14/20 => Loss 0.436, Loss_clf 0.249, Loss_aux 0.186, Train_accy 93.01:  65%|██████▌   | 13/20 [24:04<11:37, 99.62s/it]
Task 2, Epoch 14/20 => Loss 0.436, Loss_clf 0.249, Loss_aux 0.186, Train_accy 93.01:  70%|███████   | 14/20 [24:04<09:47, 97.85s/it]
Task 2, Epoch 15/20 => Loss 0.446, Loss_clf 0.258, Loss_aux 0.189, Train_accy 92.91:  70%|███████   | 14/20 [25:31<09:47, 97.85s/it]
Task 2, Epoch 15/20 => Loss 0.446, Loss_clf 0.258, Loss_aux 0.189, Train_accy 92.91:  75%|███████▌  | 15/20 [25:31<07:52, 94.55s/it]
Task 2, Epoch 16/20 => Loss 0.437, Loss_clf 0.250, Loss_aux 0.187, Train_accy 93.24, Test_accy 89.40:  75%|███████▌  | 15/20 [28:01<07:52, 94.55s/it]
Task 2, Epoch 16/20 => Loss 0.437, Loss_clf 0.250, Loss_aux 0.187, Train_accy 93.24, Test_accy 89.40:  80%|████████  | 16/20 [28:01<07:25, 111.38s/it]
Task 2, Epoch 17/20 => Loss 0.433, Loss_clf 0.250, Loss_aux 0.183, Train_accy 92.87:  80%|████████  | 16/20 [29:34<07:25, 111.38s/it]                 
Task 2, Epoch 17/20 => Loss 0.433, Loss_clf 0.250, Loss_aux 0.183, Train_accy 92.87:  85%|████████▌ | 17/20 [29:34<05:17, 105.88s/it]
Task 2, Epoch 18/20 => Loss 0.404, Loss_clf 0.233, Loss_aux 0.171, Train_accy 93.60:  85%|████████▌ | 17/20 [31:01<05:17, 105.88s/it]
Task 2, Epoch 18/20 => Loss 0.404, Loss_clf 0.233, Loss_aux 0.171, Train_accy 93.60:  90%|█████████ | 18/20 [31:01<03:20, 100.18s/it]
Task 2, Epoch 19/20 => Loss 0.405, Loss_clf 0.233, Loss_aux 0.173, Train_accy 93.52:  90%|█████████ | 18/20 [32:35<03:20, 100.18s/it]
Task 2, Epoch 19/20 => Loss 0.405, Loss_clf 0.233, Loss_aux 0.173, Train_accy 93.52:  95%|█████████▌| 19/20 [32:35<01:38, 98.12s/it] 
Task 2, Epoch 20/20 => Loss 0.397, Loss_clf 0.229, Loss_aux 0.168, Train_accy 93.64:  95%|█████████▌| 19/20 [34:02<01:38, 98.12s/it]
Task 2, Epoch 20/20 => Loss 0.397, Loss_clf 0.229, Loss_aux 0.168, Train_accy 93.64: 100%|██████████| 20/20 [34:02<00:00, 94.75s/it]
Task 2, Epoch 20/20 => Loss 0.397, Loss_clf 0.229, Loss_aux 0.168, Train_accy 93.64: 100%|██████████| 20/20 [34:02<00:00, 102.10s/it]
2025-05-26 15:04:36,627 [der.py] => Task 2, Epoch 20/20 => Loss 0.397, Loss_clf 0.229, Loss_aux 0.168, Train_accy 93.64
2025-05-26 15:04:36,653 [base.py] => Reducing exemplars...(28 per classes)
2025-05-26 15:05:10,872 [base.py] => Constructing exemplars...(28 per classes)
Time for task 2: 2134.486736536026
2025-05-26 15:07:54,723 [der.py] => Exemplar size: 1960
2025-05-26 15:07:54,725 [trainer.py] => CNN: {'total': 89.06, '00-49': 88.88, '50-59': 80.9, '60-69': 98.1, 'old': 87.55, 'new': 98.1}
2025-05-26 15:07:54,725 [trainer.py] => NME: {'total': 90.83, '00-49': 90.68, '50-59': 87.8, '60-69': 94.6, 'old': 90.2, 'new': 94.6}
2025-05-26 15:07:54,725 [trainer.py] => CNN top1 curve: [92.32, 90.05, 89.06]
2025-05-26 15:07:54,725 [trainer.py] => CNN top5 curve: [99.22, 98.93, 98.67]
2025-05-26 15:07:54,725 [trainer.py] => NME top1 curve: [92.82, 92.35, 90.83]
2025-05-26 15:07:54,725 [trainer.py] => NME top5 curve: [99.46, 99.3, 99.27]

Average Accuracy (CNN): 90.48
Average Accuracy (NME): 92.0
2025-05-26 15:07:54,725 [trainer.py] => Average Accuracy (CNN): 90.48
2025-05-26 15:07:54,726 [trainer.py] => Average Accuracy (NME): 92.0
2025-05-26 15:07:54,727 [trainer.py] => All params: 257565777
2025-05-26 15:07:54,729 [trainer.py] => Trainable params: 85968465
2025-05-26 15:08:01,708 [der.py] => Learning on 70-80
2025-05-26 15:08:01,712 [der.py] => All params: 343448923
2025-05-26 15:08:01,714 [der.py] => Trainable params: 86052955

  0%|          | 0/20 [00:00<?, ?it/s]
Task 3, Epoch 1/20 => Loss 1.877, Loss_clf 1.181, Loss_aux 0.696, Train_accy 78.76, Test_accy 84.45:   0%|          | 0/20 [03:21<?, ?it/s]
Task 3, Epoch 1/20 => Loss 1.877, Loss_clf 1.181, Loss_aux 0.696, Train_accy 78.76, Test_accy 84.45:   5%|▌         | 1/20 [03:21<1:03:57, 201.98s/it]
Task 3, Epoch 2/20 => Loss 0.823, Loss_clf 0.447, Loss_aux 0.376, Train_accy 86.64:   5%|▌         | 1/20 [05:14<1:03:57, 201.98s/it]                 
Task 3, Epoch 2/20 => Loss 0.823, Loss_clf 0.447, Loss_aux 0.376, Train_accy 86.64:  10%|█         | 2/20 [05:14<44:53, 149.65s/it]  
Task 3, Epoch 3/20 => Loss 0.725, Loss_clf 0.402, Loss_aux 0.324, Train_accy 88.13:  10%|█         | 2/20 [07:01<44:53, 149.65s/it]
Task 3, Epoch 3/20 => Loss 0.725, Loss_clf 0.402, Loss_aux 0.324, Train_accy 88.13:  15%|█▌        | 3/20 [07:01<36:52, 130.17s/it]
Task 3, Epoch 4/20 => Loss 0.644, Loss_clf 0.355, Loss_aux 0.288, Train_accy 88.85:  15%|█▌        | 3/20 [08:48<36:52, 130.17s/it]
Task 3, Epoch 4/20 => Loss 0.644, Loss_clf 0.355, Loss_aux 0.288, Train_accy 88.85:  20%|██        | 4/20 [08:48<32:13, 120.82s/it]
Task 3, Epoch 5/20 => Loss 0.624, Loss_clf 0.350, Loss_aux 0.274, Train_accy 89.68:  20%|██        | 4/20 [10:35<32:13, 120.82s/it]
Task 3, Epoch 5/20 => Loss 0.624, Loss_clf 0.350, Loss_aux 0.274, Train_accy 89.68:  25%|██▌       | 5/20 [10:35<28:57, 115.82s/it]
Task 3, Epoch 6/20 => Loss 0.597, Loss_clf 0.323, Loss_aux 0.273, Train_accy 90.69, Test_accy 84.44:  25%|██▌       | 5/20 [13:52<28:57, 115.82s/it]
Task 3, Epoch 6/20 => Loss 0.597, Loss_clf 0.323, Loss_aux 0.273, Train_accy 90.69, Test_accy 84.44:  30%|███       | 6/20 [13:52<33:27, 143.37s/it]
Task 3, Epoch 7/20 => Loss 0.578, Loss_clf 0.322, Loss_aux 0.256, Train_accy 90.66:  30%|███       | 6/20 [15:38<33:27, 143.37s/it]                 
Task 3, Epoch 7/20 => Loss 0.578, Loss_clf 0.322, Loss_aux 0.256, Train_accy 90.66:  35%|███▌      | 7/20 [15:38<28:27, 131.32s/it]
Task 3, Epoch 8/20 => Loss 0.572, Loss_clf 0.313, Loss_aux 0.259, Train_accy 91.03:  35%|███▌      | 7/20 [17:31<28:27, 131.32s/it]
Task 3, Epoch 8/20 => Loss 0.572, Loss_clf 0.313, Loss_aux 0.259, Train_accy 91.03:  40%|████      | 8/20 [17:31<25:05, 125.47s/it]
Task 3, Epoch 9/20 => Loss 0.546, Loss_clf 0.298, Loss_aux 0.248, Train_accy 91.47:  40%|████      | 8/20 [19:18<25:05, 125.47s/it]
Task 3, Epoch 9/20 => Loss 0.546, Loss_clf 0.298, Loss_aux 0.248, Train_accy 91.47:  45%|████▌     | 9/20 [19:18<21:55, 119.60s/it]
Task 3, Epoch 10/20 => Loss 0.543, Loss_clf 0.300, Loss_aux 0.244, Train_accy 91.80:  45%|████▌     | 9/20 [21:04<21:55, 119.60s/it]
Task 3, Epoch 10/20 => Loss 0.543, Loss_clf 0.300, Loss_aux 0.244, Train_accy 91.80:  50%|█████     | 10/20 [21:04<19:15, 115.51s/it]
Task 3, Epoch 11/20 => Loss 0.533, Loss_clf 0.293, Loss_aux 0.240, Train_accy 91.71, Test_accy 84.34:  50%|█████     | 10/20 [24:19<19:15, 115.51s/it]
Task 3, Epoch 11/20 => Loss 0.533, Loss_clf 0.293, Loss_aux 0.240, Train_accy 91.71, Test_accy 84.34:  55%|█████▌    | 11/20 [24:19<20:58, 139.86s/it]
Task 3, Epoch 12/20 => Loss 0.498, Loss_clf 0.277, Loss_aux 0.221, Train_accy 92.23:  55%|█████▌    | 11/20 [26:06<20:58, 139.86s/it]                 
Task 3, Epoch 12/20 => Loss 0.498, Loss_clf 0.277, Loss_aux 0.221, Train_accy 92.23:  60%|██████    | 12/20 [26:06<17:17, 129.71s/it]
Task 3, Epoch 13/20 => Loss 0.483, Loss_clf 0.272, Loss_aux 0.211, Train_accy 92.43:  60%|██████    | 12/20 [27:53<17:17, 129.71s/it]
Task 3, Epoch 13/20 => Loss 0.483, Loss_clf 0.272, Loss_aux 0.211, Train_accy 92.43:  65%|██████▌   | 13/20 [27:54<14:21, 123.03s/it]
Task 3, Epoch 14/20 => Loss 0.505, Loss_clf 0.284, Loss_aux 0.221, Train_accy 91.97:  65%|██████▌   | 13/20 [29:46<14:21, 123.03s/it]
Task 3, Epoch 14/20 => Loss 0.505, Loss_clf 0.284, Loss_aux 0.221, Train_accy 91.97:  70%|███████   | 14/20 [29:46<11:59, 119.94s/it]
Task 3, Epoch 15/20 => Loss 0.469, Loss_clf 0.258, Loss_aux 0.211, Train_accy 92.41:  70%|███████   | 14/20 [31:34<11:59, 119.94s/it]
Task 3, Epoch 15/20 => Loss 0.469, Loss_clf 0.258, Loss_aux 0.211, Train_accy 92.41:  75%|███████▌  | 15/20 [31:34<09:40, 116.11s/it]
Task 3, Epoch 16/20 => Loss 0.503, Loss_clf 0.284, Loss_aux 0.219, Train_accy 91.97, Test_accy 84.58:  75%|███████▌  | 15/20 [34:50<09:40, 116.11s/it]
Task 3, Epoch 16/20 => Loss 0.503, Loss_clf 0.284, Loss_aux 0.219, Train_accy 91.97, Test_accy 84.58:  80%|████████  | 16/20 [34:50<09:21, 140.28s/it]
Task 3, Epoch 17/20 => Loss 0.442, Loss_clf 0.252, Loss_aux 0.190, Train_accy 93.20:  80%|████████  | 16/20 [36:36<09:21, 140.28s/it]                 
Task 3, Epoch 17/20 => Loss 0.442, Loss_clf 0.252, Loss_aux 0.190, Train_accy 93.20:  85%|████████▌ | 17/20 [36:36<06:30, 130.09s/it]
Task 3, Epoch 18/20 => Loss 0.460, Loss_clf 0.256, Loss_aux 0.204, Train_accy 92.80:  85%|████████▌ | 17/20 [38:23<06:30, 130.09s/it]
Task 3, Epoch 18/20 => Loss 0.460, Loss_clf 0.256, Loss_aux 0.204, Train_accy 92.80:  90%|█████████ | 18/20 [38:23<04:06, 123.11s/it]
Task 3, Epoch 19/20 => Loss 0.463, Loss_clf 0.260, Loss_aux 0.203, Train_accy 92.37:  90%|█████████ | 18/20 [40:10<04:06, 123.11s/it]
Task 3, Epoch 19/20 => Loss 0.463, Loss_clf 0.260, Loss_aux 0.203, Train_accy 92.37:  95%|█████████▌| 19/20 [40:10<01:58, 118.30s/it]
Task 3, Epoch 20/20 => Loss 0.438, Loss_clf 0.251, Loss_aux 0.187, Train_accy 92.72:  95%|█████████▌| 19/20 [42:03<01:58, 118.30s/it]
Task 3, Epoch 20/20 => Loss 0.438, Loss_clf 0.251, Loss_aux 0.187, Train_accy 92.72: 100%|██████████| 20/20 [42:03<00:00, 116.77s/it]
Task 3, Epoch 20/20 => Loss 0.438, Loss_clf 0.251, Loss_aux 0.187, Train_accy 92.72: 100%|██████████| 20/20 [42:03<00:00, 126.20s/it]
2025-05-26 15:50:05,852 [der.py] => Task 3, Epoch 20/20 => Loss 0.438, Loss_clf 0.251, Loss_aux 0.187, Train_accy 92.72
2025-05-26 15:50:05,866 [base.py] => Reducing exemplars...(25 per classes)
2025-05-26 15:50:42,211 [base.py] => Constructing exemplars...(25 per classes)
Time for task 3: 2635.6761195659637
2025-05-26 15:54:44,565 [der.py] => Exemplar size: 2000
2025-05-26 15:54:44,594 [trainer.py] => CNN: {'total': 84.9, '00-49': 85.3, '50-59': 70.4, '60-69': 86.7, '70-79': 95.6, 'old': 83.37, 'new': 95.6}
2025-05-26 15:54:44,594 [trainer.py] => NME: {'total': 88.26, '00-49': 88.64, '50-59': 80.4, '60-69': 90.4, '70-79': 92.1, 'old': 87.71, 'new': 92.1}
2025-05-26 15:54:44,594 [trainer.py] => CNN top1 curve: [92.32, 90.05, 89.06, 84.9]
2025-05-26 15:54:44,594 [trainer.py] => CNN top5 curve: [99.22, 98.93, 98.67, 97.9]
2025-05-26 15:54:44,594 [trainer.py] => NME top1 curve: [92.82, 92.35, 90.83, 88.26]
2025-05-26 15:54:44,594 [trainer.py] => NME top5 curve: [99.46, 99.3, 99.27, 98.94]

Average Accuracy (CNN): 89.08
Average Accuracy (NME): 91.06
2025-05-26 15:54:44,594 [trainer.py] => Average Accuracy (CNN): 89.08
2025-05-26 15:54:44,594 [trainer.py] => Average Accuracy (NME): 91.06
2025-05-26 15:54:44,597 [trainer.py] => All params: 343448923
2025-05-26 15:54:44,599 [trainer.py] => Trainable params: 86052955
2025-05-26 15:54:51,657 [der.py] => Learning on 80-90
2025-05-26 15:54:51,666 [der.py] => All params: 429347429
2025-05-26 15:54:51,669 [der.py] => Trainable params: 86152805

  0%|          | 0/20 [00:00<?, ?it/s]
Task 4, Epoch 1/20 => Loss 1.697, Loss_clf 1.055, Loss_aux 0.642, Train_accy 79.57, Test_accy 81.22:   0%|          | 0/20 [04:21<?, ?it/s]
Task 4, Epoch 1/20 => Loss 1.697, Loss_clf 1.055, Loss_aux 0.642, Train_accy 79.57, Test_accy 81.22:   5%|▌         | 1/20 [04:21<1:22:42, 261.20s/it]
Task 4, Epoch 2/20 => Loss 0.746, Loss_clf 0.405, Loss_aux 0.341, Train_accy 88.11:   5%|▌         | 1/20 [06:42<1:22:42, 261.20s/it]                 
Task 4, Epoch 2/20 => Loss 0.746, Loss_clf 0.405, Loss_aux 0.341, Train_accy 88.11:  10%|█         | 2/20 [06:42<57:13, 190.77s/it]  
Task 4, Epoch 3/20 => Loss 0.690, Loss_clf 0.379, Loss_aux 0.311, Train_accy 89.30:  10%|█         | 2/20 [08:49<57:13, 190.77s/it]
Task 4, Epoch 3/20 => Loss 0.690, Loss_clf 0.379, Loss_aux 0.311, Train_accy 89.30:  15%|█▌        | 3/20 [08:49<45:48, 161.70s/it]
Task 4, Epoch 4/20 => Loss 0.626, Loss_clf 0.344, Loss_aux 0.282, Train_accy 90.23:  15%|█▌        | 3/20 [10:56<45:48, 161.70s/it]
Task 4, Epoch 4/20 => Loss 0.626, Loss_clf 0.344, Loss_aux 0.282, Train_accy 90.23:  20%|██        | 4/20 [10:56<39:29, 148.09s/it]
Task 4, Epoch 5/20 => Loss 0.578, Loss_clf 0.315, Loss_aux 0.263, Train_accy 90.73:  20%|██        | 4/20 [13:04<39:29, 148.09s/it]
Task 4, Epoch 5/20 => Loss 0.578, Loss_clf 0.315, Loss_aux 0.263, Train_accy 90.73:  25%|██▌       | 5/20 [13:04<35:11, 140.79s/it]
Task 4, Epoch 6/20 => Loss 0.565, Loss_clf 0.308, Loss_aux 0.256, Train_accy 91.16, Test_accy 82.78:  25%|██▌       | 5/20 [17:13<35:11, 140.79s/it]
Task 4, Epoch 6/20 => Loss 0.565, Loss_clf 0.308, Loss_aux 0.256, Train_accy 91.16, Test_accy 82.78:  30%|███       | 6/20 [17:13<41:25, 177.54s/it]
Task 4, Epoch 7/20 => Loss 0.556, Loss_clf 0.311, Loss_aux 0.245, Train_accy 91.16:  30%|███       | 6/20 [19:20<41:25, 177.54s/it]                 
Task 4, Epoch 7/20 => Loss 0.556, Loss_clf 0.311, Loss_aux 0.245, Train_accy 91.16:  35%|███▌      | 7/20 [19:20<34:53, 161.05s/it]
Task 4, Epoch 8/20 => Loss 0.549, Loss_clf 0.306, Loss_aux 0.243, Train_accy 91.41:  35%|███▌      | 7/20 [21:28<34:53, 161.05s/it]
Task 4, Epoch 8/20 => Loss 0.549, Loss_clf 0.306, Loss_aux 0.243, Train_accy 91.41:  40%|████      | 8/20 [21:28<30:05, 150.49s/it]
Task 4, Epoch 9/20 => Loss 0.524, Loss_clf 0.287, Loss_aux 0.238, Train_accy 92.01:  40%|████      | 8/20 [23:35<30:05, 150.49s/it]
Task 4, Epoch 9/20 => Loss 0.524, Loss_clf 0.287, Loss_aux 0.238, Train_accy 92.01:  45%|████▌     | 9/20 [23:35<26:13, 143.06s/it]
Task 4, Epoch 10/20 => Loss 0.515, Loss_clf 0.285, Loss_aux 0.229, Train_accy 91.96:  45%|████▌     | 9/20 [25:43<26:13, 143.06s/it]
Task 4, Epoch 10/20 => Loss 0.515, Loss_clf 0.285, Loss_aux 0.229, Train_accy 91.96:  50%|█████     | 10/20 [25:43<23:03, 138.34s/it]
Task 4, Epoch 11/20 => Loss 0.517, Loss_clf 0.292, Loss_aux 0.225, Train_accy 91.70, Test_accy 83.13:  50%|█████     | 10/20 [29:51<23:03, 138.34s/it]
Task 4, Epoch 11/20 => Loss 0.517, Loss_clf 0.292, Loss_aux 0.225, Train_accy 91.70, Test_accy 83.13:  55%|█████▌    | 11/20 [29:51<25:49, 172.12s/it]
Task 4, Epoch 12/20 => Loss 0.487, Loss_clf 0.277, Loss_aux 0.211, Train_accy 92.33:  55%|█████▌    | 11/20 [31:59<25:49, 172.12s/it]                 
Task 4, Epoch 12/20 => Loss 0.487, Loss_clf 0.277, Loss_aux 0.211, Train_accy 92.33:  60%|██████    | 12/20 [31:59<21:08, 158.55s/it]
Task 4, Epoch 13/20 => Loss 0.487, Loss_clf 0.277, Loss_aux 0.210, Train_accy 92.29:  60%|██████    | 12/20 [34:07<21:08, 158.55s/it]
Task 4, Epoch 13/20 => Loss 0.487, Loss_clf 0.277, Loss_aux 0.210, Train_accy 92.29:  65%|██████▌   | 13/20 [34:07<17:24, 149.28s/it]
Task 4, Epoch 14/20 => Loss 0.472, Loss_clf 0.260, Loss_aux 0.212, Train_accy 92.64:  65%|██████▌   | 13/20 [36:14<17:24, 149.28s/it]
Task 4, Epoch 14/20 => Loss 0.472, Loss_clf 0.260, Loss_aux 0.212, Train_accy 92.64:  70%|███████   | 14/20 [36:14<14:16, 142.69s/it]
Task 4, Epoch 15/20 => Loss 0.491, Loss_clf 0.280, Loss_aux 0.210, Train_accy 92.30:  70%|███████   | 14/20 [38:16<14:16, 142.69s/it]
Task 4, Epoch 15/20 => Loss 0.491, Loss_clf 0.280, Loss_aux 0.210, Train_accy 92.30:  75%|███████▌  | 15/20 [38:16<11:21, 136.37s/it]
Task 4, Epoch 16/20 => Loss 0.479, Loss_clf 0.268, Loss_aux 0.212, Train_accy 92.37, Test_accy 82.57:  75%|███████▌  | 15/20 [42:24<11:21, 136.37s/it]
Task 4, Epoch 16/20 => Loss 0.479, Loss_clf 0.268, Loss_aux 0.212, Train_accy 92.37, Test_accy 82.57:  80%|████████  | 16/20 [42:24<11:20, 170.08s/it]
Task 4, Epoch 17/20 => Loss 0.450, Loss_clf 0.252, Loss_aux 0.198, Train_accy 92.81:  80%|████████  | 16/20 [44:32<11:20, 170.08s/it]                 
Task 4, Epoch 17/20 => Loss 0.450, Loss_clf 0.252, Loss_aux 0.198, Train_accy 92.81:  85%|████████▌ | 17/20 [44:32<07:51, 157.21s/it]
Task 4, Epoch 18/20 => Loss 0.444, Loss_clf 0.246, Loss_aux 0.198, Train_accy 92.76:  85%|████████▌ | 17/20 [46:39<07:51, 157.21s/it]
Task 4, Epoch 18/20 => Loss 0.444, Loss_clf 0.246, Loss_aux 0.198, Train_accy 92.76:  90%|█████████ | 18/20 [46:39<04:56, 148.26s/it]
Task 4, Epoch 19/20 => Loss 0.416, Loss_clf 0.235, Loss_aux 0.182, Train_accy 93.27:  90%|█████████ | 18/20 [48:47<04:56, 148.26s/it]
Task 4, Epoch 19/20 => Loss 0.416, Loss_clf 0.235, Loss_aux 0.182, Train_accy 93.27:  95%|█████████▌| 19/20 [48:47<02:22, 142.16s/it]
Task 4, Epoch 20/20 => Loss 0.430, Loss_clf 0.243, Loss_aux 0.187, Train_accy 93.13:  95%|█████████▌| 19/20 [50:55<02:22, 142.16s/it]
Task 4, Epoch 20/20 => Loss 0.430, Loss_clf 0.243, Loss_aux 0.187, Train_accy 93.13: 100%|██████████| 20/20 [50:55<00:00, 137.93s/it]
Task 4, Epoch 20/20 => Loss 0.430, Loss_clf 0.243, Loss_aux 0.187, Train_accy 93.13: 100%|██████████| 20/20 [50:55<00:00, 152.78s/it]
2025-05-26 16:45:47,484 [der.py] => Task 4, Epoch 20/20 => Loss 0.430, Loss_clf 0.243, Loss_aux 0.187, Train_accy 93.13
2025-05-26 16:45:47,503 [base.py] => Reducing exemplars...(22 per classes)
2025-05-26 16:46:35,330 [base.py] => Constructing exemplars...(22 per classes)
Time for task 4: 3190.54158782959
2025-05-26 16:52:01,785 [der.py] => Exemplar size: 1980
2025-05-26 16:52:01,829 [trainer.py] => CNN: {'total': 82.82, '00-49': 81.14, '50-59': 74.8, '60-69': 83.3, '70-79': 84.9, '80-89': 96.7, 'old': 81.09, 'new': 96.7}
2025-05-26 16:52:01,829 [trainer.py] => NME: {'total': 86.4, '00-49': 85.84, '50-59': 79.3, '60-69': 88.7, '70-79': 90.3, '80-89': 90.1, 'old': 85.94, 'new': 90.1}
2025-05-26 16:52:01,829 [trainer.py] => CNN top1 curve: [92.32, 90.05, 89.06, 84.9, 82.82]
2025-05-26 16:52:01,830 [trainer.py] => CNN top5 curve: [99.22, 98.93, 98.67, 97.9, 97.23]
2025-05-26 16:52:01,830 [trainer.py] => NME top1 curve: [92.82, 92.35, 90.83, 88.26, 86.4]
2025-05-26 16:52:01,830 [trainer.py] => NME top5 curve: [99.46, 99.3, 99.27, 98.94, 98.44]

Average Accuracy (CNN): 87.83
Average Accuracy (NME): 90.13
2025-05-26 16:52:01,830 [trainer.py] => Average Accuracy (CNN): 87.83
2025-05-26 16:52:01,830 [trainer.py] => Average Accuracy (NME): 90.13
2025-05-26 16:52:01,836 [trainer.py] => All params: 429347429
2025-05-26 16:52:01,842 [trainer.py] => Trainable params: 86152805
2025-05-26 16:52:10,494 [der.py] => Learning on 90-100
2025-05-26 16:52:10,502 [der.py] => All params: 515261295
2025-05-26 16:52:10,506 [der.py] => Trainable params: 86268015

  0%|          | 0/20 [00:00<?, ?it/s]
Task 5, Epoch 1/20 => Loss 1.798, Loss_clf 1.139, Loss_aux 0.659, Train_accy 79.17, Test_accy 80.97:   0%|          | 0/20 [05:08<?, ?it/s]
Task 5, Epoch 1/20 => Loss 1.798, Loss_clf 1.139, Loss_aux 0.659, Train_accy 79.17, Test_accy 80.97:   5%|▌         | 1/20 [05:08<1:37:41, 308.53s/it]
Task 5, Epoch 2/20 => Loss 0.796, Loss_clf 0.439, Loss_aux 0.357, Train_accy 87.64:   5%|▌         | 1/20 [07:43<1:37:41, 308.53s/it]                 
Task 5, Epoch 2/20 => Loss 0.796, Loss_clf 0.439, Loss_aux 0.357, Train_accy 87.64:  10%|█         | 2/20 [07:43<1:05:23, 217.98s/it]
Task 5, Epoch 3/20 => Loss 0.679, Loss_clf 0.376, Loss_aux 0.303, Train_accy 89.46:  10%|█         | 2/20 [10:12<1:05:23, 217.98s/it]
Task 5, Epoch 3/20 => Loss 0.679, Loss_clf 0.376, Loss_aux 0.303, Train_accy 89.46:  15%|█▌        | 3/20 [10:12<52:56, 186.84s/it]  
Task 5, Epoch 4/20 => Loss 0.632, Loss_clf 0.342, Loss_aux 0.291, Train_accy 90.20:  15%|█▌        | 3/20 [12:34<52:56, 186.84s/it]
Task 5, Epoch 4/20 => Loss 0.632, Loss_clf 0.342, Loss_aux 0.291, Train_accy 90.20:  20%|██        | 4/20 [12:34<45:04, 169.03s/it]
Task 5, Epoch 5/20 => Loss 0.592, Loss_clf 0.331, Loss_aux 0.261, Train_accy 90.43:  20%|██        | 4/20 [15:04<45:04, 169.03s/it]
Task 5, Epoch 5/20 => Loss 0.592, Loss_clf 0.331, Loss_aux 0.261, Train_accy 90.43:  25%|██▌       | 5/20 [15:04<40:30, 162.01s/it]
Task 5, Epoch 6/20 => Loss 0.557, Loss_clf 0.307, Loss_aux 0.250, Train_accy 90.86, Test_accy 81.34:  25%|██▌       | 5/20 [20:12<40:30, 162.01s/it]
Task 5, Epoch 6/20 => Loss 0.557, Loss_clf 0.307, Loss_aux 0.250, Train_accy 90.86, Test_accy 81.34:  30%|███       | 6/20 [20:12<49:23, 211.70s/it]
Task 5, Epoch 7/20 => Loss 0.581, Loss_clf 0.322, Loss_aux 0.259, Train_accy 90.87:  30%|███       | 6/20 [22:40<49:23, 211.70s/it]                 
Task 5, Epoch 7/20 => Loss 0.581, Loss_clf 0.322, Loss_aux 0.259, Train_accy 90.87:  35%|███▌      | 7/20 [22:40<41:20, 190.78s/it]
Task 5, Epoch 8/20 => Loss 0.564, Loss_clf 0.311, Loss_aux 0.252, Train_accy 91.03:  35%|███▌      | 7/20 [25:01<41:20, 190.78s/it]
Task 5, Epoch 8/20 => Loss 0.564, Loss_clf 0.311, Loss_aux 0.252, Train_accy 91.03:  40%|████      | 8/20 [25:01<35:00, 175.08s/it]
Task 5, Epoch 9/20 => Loss 0.541, Loss_clf 0.302, Loss_aux 0.239, Train_accy 91.39:  40%|████      | 8/20 [27:28<35:00, 175.08s/it]
Task 5, Epoch 9/20 => Loss 0.541, Loss_clf 0.302, Loss_aux 0.239, Train_accy 91.39:  45%|████▌     | 9/20 [27:28<30:30, 166.43s/it]
Task 5, Epoch 10/20 => Loss 0.463, Loss_clf 0.257, Loss_aux 0.206, Train_accy 92.56:  45%|████▌     | 9/20 [29:49<30:30, 166.43s/it]
Task 5, Epoch 10/20 => Loss 0.463, Loss_clf 0.257, Loss_aux 0.206, Train_accy 92.56:  50%|█████     | 10/20 [29:49<26:25, 158.57s/it]
Task 5, Epoch 11/20 => Loss 0.497, Loss_clf 0.284, Loss_aux 0.213, Train_accy 91.96, Test_accy 81.33:  50%|█████     | 10/20 [34:56<26:25, 158.57s/it]
Task 5, Epoch 11/20 => Loss 0.497, Loss_clf 0.284, Loss_aux 0.213, Train_accy 91.96, Test_accy 81.33:  55%|█████▌    | 11/20 [34:56<30:33, 203.74s/it]
Task 5, Epoch 12/20 => Loss 0.506, Loss_clf 0.287, Loss_aux 0.219, Train_accy 91.82:  55%|█████▌    | 11/20 [37:23<30:33, 203.74s/it]                 
Task 5, Epoch 12/20 => Loss 0.506, Loss_clf 0.287, Loss_aux 0.219, Train_accy 91.82:  60%|██████    | 12/20 [37:23<24:52, 186.59s/it]
Task 5, Epoch 13/20 => Loss 0.480, Loss_clf 0.264, Loss_aux 0.216, Train_accy 92.54:  60%|██████    | 12/20 [39:51<24:52, 186.59s/it]
Task 5, Epoch 13/20 => Loss 0.480, Loss_clf 0.264, Loss_aux 0.216, Train_accy 92.54:  65%|██████▌   | 13/20 [39:51<20:24, 174.94s/it]
Task 5, Epoch 14/20 => Loss 0.493, Loss_clf 0.277, Loss_aux 0.216, Train_accy 92.45:  65%|██████▌   | 13/20 [42:14<20:24, 174.94s/it]
Task 5, Epoch 14/20 => Loss 0.493, Loss_clf 0.277, Loss_aux 0.216, Train_accy 92.45:  70%|███████   | 14/20 [42:14<16:30, 165.13s/it]
Task 5, Epoch 15/20 => Loss 0.438, Loss_clf 0.251, Loss_aux 0.188, Train_accy 92.88:  70%|███████   | 14/20 [44:42<16:30, 165.13s/it]
Task 5, Epoch 15/20 => Loss 0.438, Loss_clf 0.251, Loss_aux 0.188, Train_accy 92.88:  75%|███████▌  | 15/20 [44:42<13:19, 159.97s/it]
Task 5, Epoch 16/20 => Loss 0.482, Loss_clf 0.279, Loss_aux 0.203, Train_accy 92.19, Test_accy 80.93:  75%|███████▌  | 15/20 [49:51<13:19, 159.97s/it]
Task 5, Epoch 16/20 => Loss 0.482, Loss_clf 0.279, Loss_aux 0.203, Train_accy 92.19, Test_accy 80.93:  80%|████████  | 16/20 [49:51<13:39, 204.85s/it]
Task 5, Epoch 17/20 => Loss 0.444, Loss_clf 0.253, Loss_aux 0.191, Train_accy 92.66:  80%|████████  | 16/20 [52:12<13:39, 204.85s/it]                 
Task 5, Epoch 17/20 => Loss 0.444, Loss_clf 0.253, Loss_aux 0.191, Train_accy 92.66:  85%|████████▌ | 17/20 [52:12<09:17, 185.88s/it]
Task 5, Epoch 18/20 => Loss 0.461, Loss_clf 0.265, Loss_aux 0.196, Train_accy 92.58:  85%|████████▌ | 17/20 [54:40<09:17, 185.88s/it]
Task 5, Epoch 18/20 => Loss 0.461, Loss_clf 0.265, Loss_aux 0.196, Train_accy 92.58:  90%|█████████ | 18/20 [54:40<05:49, 174.52s/it]
Task 5, Epoch 19/20 => Loss 0.461, Loss_clf 0.261, Loss_aux 0.200, Train_accy 92.71:  90%|█████████ | 18/20 [57:08<05:49, 174.52s/it]
Task 5, Epoch 19/20 => Loss 0.461, Loss_clf 0.261, Loss_aux 0.200, Train_accy 92.71:  95%|█████████▌| 19/20 [57:08<02:46, 166.49s/it]
Task 5, Epoch 20/20 => Loss 0.427, Loss_clf 0.242, Loss_aux 0.185, Train_accy 92.85:  95%|█████████▌| 19/20 [59:31<02:46, 166.49s/it]
Task 5, Epoch 20/20 => Loss 0.427, Loss_clf 0.242, Loss_aux 0.185, Train_accy 92.85: 100%|██████████| 20/20 [59:31<00:00, 159.26s/it]
Task 5, Epoch 20/20 => Loss 0.427, Loss_clf 0.242, Loss_aux 0.185, Train_accy 92.85: 100%|██████████| 20/20 [59:31<00:00, 178.56s/it]
2025-05-26 17:51:41,805 [der.py] => Task 5, Epoch 20/20 => Loss 0.427, Loss_clf 0.242, Loss_aux 0.185, Train_accy 92.85
2025-05-26 17:51:41,830 [base.py] => Reducing exemplars...(20 per classes)
2025-05-26 17:52:39,867 [base.py] => Constructing exemplars...(20 per classes)
Time for task 5: 3732.845908164978
2025-05-26 17:59:35,236 [der.py] => Exemplar size: 2000
2025-05-26 17:59:35,271 [trainer.py] => CNN: {'total': 81.83, '00-49': 79.66, '50-59': 68.9, '60-69': 82.6, '70-79': 82.6, '80-89': 89.4, '90-99': 96.5, 'old': 80.2, 'new': 96.5}
2025-05-26 17:59:35,271 [trainer.py] => NME: {'total': 85.6, '00-49': 84.52, '50-59': 76.7, '60-69': 88.1, '70-79': 88.1, '80-89': 91.9, '90-99': 88.6, 'old': 85.27, 'new': 88.6}
2025-05-26 17:59:35,271 [trainer.py] => CNN top1 curve: [92.32, 90.05, 89.06, 84.9, 82.82, 81.83]
2025-05-26 17:59:35,271 [trainer.py] => CNN top5 curve: [99.22, 98.93, 98.67, 97.9, 97.23, 96.34]
2025-05-26 17:59:35,271 [trainer.py] => NME top1 curve: [92.82, 92.35, 90.83, 88.26, 86.4, 85.6]
2025-05-26 17:59:35,271 [trainer.py] => NME top5 curve: [99.46, 99.3, 99.27, 98.94, 98.44, 98.09]

Average Accuracy (CNN): 86.83
Average Accuracy (NME): 89.38
2025-05-26 17:59:35,271 [trainer.py] => Average Accuracy (CNN): 86.83
2025-05-26 17:59:35,271 [trainer.py] => Average Accuracy (NME): 89.38
Finished cifar224_init50_inc10: vit_base_patch16_224_in21k  
----------------------------------------------------------------------------------------------------
Accuracy Matrix (CNN):
[[92.32 88.84 88.88 85.3  81.14 79.66]
 [ 0.   96.1  80.9  70.4  74.8  68.9 ]
 [ 0.    0.   98.1  86.7  83.3  82.6 ]
 [ 0.    0.    0.   95.6  84.9  82.6 ]
 [ 0.    0.    0.    0.   96.7  89.4 ]
 [ 0.    0.    0.    0.    0.   96.5 ]]
2025-05-26 17:59:35,272 [trainer.py] => Forgetting (CNN): 15.131999999999996
Accuracy Matrix (NME):
[[92.82 92.   90.68 88.64 85.84 84.52]
 [ 0.   94.1  87.8  80.4  79.3  76.7 ]
 [ 0.    0.   94.6  90.4  88.7  88.1 ]
 [ 0.    0.    0.   92.1  90.3  88.1 ]
 [ 0.    0.    0.    0.   90.1  91.9 ]
 [ 0.    0.    0.    0.    0.   88.6 ]]
2025-05-26 17:59:35,273 [trainer.py] => Forgetting (NME): 7.2399999999999975
