nohup: ignoring input
2025-05-09 09:04:46,368 [trainer.py] => config: ./scripts/simplecil/simplecil_cifar_B0_Inc5.json
2025-05-09 09:04:46,368 [trainer.py] => prefix:  
2025-05-09 09:04:46,368 [trainer.py] => dataset: cifar224
2025-05-09 09:04:46,368 [trainer.py] => memory_size: 0
2025-05-09 09:04:46,368 [trainer.py] => memory_per_class: 0
2025-05-09 09:04:46,368 [trainer.py] => fixed_memory: False
2025-05-09 09:04:46,368 [trainer.py] => shuffle: True
2025-05-09 09:04:46,368 [trainer.py] => init_cls: 5
2025-05-09 09:04:46,368 [trainer.py] => increment: 5
2025-05-09 09:04:46,368 [trainer.py] => model_name: simplecil
2025-05-09 09:04:46,368 [trainer.py] => backbone_type: pretrained_vit_b16_224_in21k
2025-05-09 09:04:46,368 [trainer.py] => device: [device(type='cuda', index=0)]
2025-05-09 09:04:46,368 [trainer.py] => seed: 1993
2025-05-09 09:04:46,368 [trainer.py] => tuned_epoch: 0
2025-05-09 09:04:46,368 [trainer.py] => init_lr: 0.01
2025-05-09 09:04:46,368 [trainer.py] => batch_size: 48
2025-05-09 09:04:46,368 [trainer.py] => weight_decay: 0.05
2025-05-09 09:04:46,369 [trainer.py] => min_lr: 1e-08
2025-05-09 09:04:46,369 [trainer.py] => optimizer: sgd
2025-05-09 09:04:46,369 [trainer.py] => vpt_type: shallow
2025-05-09 09:04:46,369 [trainer.py] => prompt_token_num: 3
Files already downloaded and verified
Files already downloaded and verified
2025-05-09 09:04:48,068 [data_manager.py] => [68, 56, 78, 8, 23, 84, 90, 65, 74, 76, 40, 89, 3, 92, 55, 9, 26, 80, 43, 38, 58, 70, 77, 1, 85, 19, 17, 50, 28, 53, 13, 81, 45, 82, 6, 59, 83, 16, 15, 44, 91, 41, 72, 60, 79, 52, 20, 10, 31, 54, 37, 95, 14, 71, 96, 98, 97, 2, 64, 66, 42, 22, 35, 86, 24, 34, 87, 21, 99, 0, 88, 27, 18, 94, 11, 12, 47, 25, 30, 46, 62, 69, 36, 61, 7, 63, 75, 5, 32, 4, 51, 48, 73, 93, 39, 67, 29, 49, 57, 33]
This is for the BaseNet initialization.
After BaseNet initialization.
2025-05-09 09:04:53,042 [trainer.py] => All params: 85798656
2025-05-09 09:04:53,044 [trainer.py] => Trainable params: 85798656
2025-05-09 09:04:54,587 [simplecil.py] => Learning on 0-5
Time for task 0: 23.67869734764099
2025-05-09 09:05:21,024 [trainer.py] => No NME accuracy.
2025-05-09 09:05:21,025 [trainer.py] => CNN: {'total': 97.8, '00-04': 97.8, 'old': 0, 'new': 97.8}
2025-05-09 09:05:21,025 [trainer.py] => CNN top1 curve: [97.8]
2025-05-09 09:05:21,025 [trainer.py] => CNN top5 curve: [100.0]

Average Accuracy (CNN): 97.8
2025-05-09 09:05:21,025 [trainer.py] => Average Accuracy (CNN): 97.8 

2025-05-09 09:05:21,025 [trainer.py] => All params: 85802497
2025-05-09 09:05:21,026 [trainer.py] => Trainable params: 85802497
2025-05-09 09:05:21,039 [simplecil.py] => Learning on 5-10
Time for task 1: 21.129669427871704
2025-05-09 09:05:50,205 [trainer.py] => No NME accuracy.
2025-05-09 09:05:50,206 [trainer.py] => CNN: {'total': 94.9, '00-04': 95.2, '05-09': 94.6, 'old': 95.2, 'new': 94.6}
2025-05-09 09:05:50,206 [trainer.py] => CNN top1 curve: [97.8, 94.9]
2025-05-09 09:05:50,206 [trainer.py] => CNN top5 curve: [100.0, 99.7]

Average Accuracy (CNN): 96.35
2025-05-09 09:05:50,206 [trainer.py] => Average Accuracy (CNN): 96.35 

2025-05-09 09:05:50,206 [trainer.py] => All params: 85806337
2025-05-09 09:05:50,207 [trainer.py] => Trainable params: 85806337
2025-05-09 09:05:50,219 [simplecil.py] => Learning on 10-15
Time for task 2: 21.284584760665894
2025-05-09 09:06:23,743 [trainer.py] => No NME accuracy.
2025-05-09 09:06:23,743 [trainer.py] => CNN: {'total': 93.93, '00-04': 94.6, '05-09': 93.2, '10-14': 94.0, 'old': 93.9, 'new': 94.0}
2025-05-09 09:06:23,743 [trainer.py] => CNN top1 curve: [97.8, 94.9, 93.93]
2025-05-09 09:06:23,743 [trainer.py] => CNN top5 curve: [100.0, 99.7, 99.33]

Average Accuracy (CNN): 95.54
2025-05-09 09:06:23,743 [trainer.py] => Average Accuracy (CNN): 95.54 

2025-05-09 09:06:23,744 [trainer.py] => All params: 85810177
2025-05-09 09:06:23,744 [trainer.py] => Trainable params: 85810177
2025-05-09 09:06:23,752 [simplecil.py] => Learning on 15-20
Time for task 3: 20.57051968574524
2025-05-09 09:07:00,541 [trainer.py] => No NME accuracy.
2025-05-09 09:07:00,541 [trainer.py] => CNN: {'total': 92.2, '00-04': 94.4, '05-09': 92.2, '10-14': 93.4, '15-19': 88.8, 'old': 93.33, 'new': 88.8}
2025-05-09 09:07:00,542 [trainer.py] => CNN top1 curve: [97.8, 94.9, 93.93, 92.2]
2025-05-09 09:07:00,542 [trainer.py] => CNN top5 curve: [100.0, 99.7, 99.33, 98.7]

Average Accuracy (CNN): 94.71
2025-05-09 09:07:00,542 [trainer.py] => Average Accuracy (CNN): 94.71 

2025-05-09 09:07:00,542 [trainer.py] => All params: 85814017
2025-05-09 09:07:00,543 [trainer.py] => Trainable params: 85814017
2025-05-09 09:07:00,550 [simplecil.py] => Learning on 20-25
Time for task 4: 21.23941421508789
2025-05-09 09:07:41,821 [trainer.py] => No NME accuracy.
2025-05-09 09:07:41,822 [trainer.py] => CNN: {'total': 92.12, '00-04': 94.4, '05-09': 92.0, '10-14': 91.6, '15-19': 88.6, '20-24': 94.0, 'old': 91.65, 'new': 94.0}
2025-05-09 09:07:41,822 [trainer.py] => CNN top1 curve: [97.8, 94.9, 93.93, 92.2, 92.12]
2025-05-09 09:07:41,822 [trainer.py] => CNN top5 curve: [100.0, 99.7, 99.33, 98.7, 98.36]

Average Accuracy (CNN): 94.19
2025-05-09 09:07:41,822 [trainer.py] => Average Accuracy (CNN): 94.19 

2025-05-09 09:07:41,823 [trainer.py] => All params: 85817857
2025-05-09 09:07:41,824 [trainer.py] => Trainable params: 85817857
2025-05-09 09:07:41,828 [simplecil.py] => Learning on 25-30
Time for task 5: 21.210617303848267
2025-05-09 09:08:26,979 [trainer.py] => No NME accuracy.
2025-05-09 09:08:26,979 [trainer.py] => CNN: {'total': 91.8, '00-04': 94.2, '05-09': 89.8, '10-14': 90.6, '15-19': 88.6, '20-24': 93.8, '25-29': 93.8, 'old': 91.4, 'new': 93.8}
2025-05-09 09:08:26,979 [trainer.py] => CNN top1 curve: [97.8, 94.9, 93.93, 92.2, 92.12, 91.8]
2025-05-09 09:08:26,979 [trainer.py] => CNN top5 curve: [100.0, 99.7, 99.33, 98.7, 98.36, 98.4]

Average Accuracy (CNN): 93.79
2025-05-09 09:08:26,980 [trainer.py] => Average Accuracy (CNN): 93.79 

2025-05-09 09:08:26,980 [trainer.py] => All params: 85821697
2025-05-09 09:08:26,981 [trainer.py] => Trainable params: 85821697
2025-05-09 09:08:26,987 [simplecil.py] => Learning on 30-35
Time for task 6: 20.81765389442444
2025-05-09 09:09:15,692 [trainer.py] => No NME accuracy.
2025-05-09 09:09:15,692 [trainer.py] => CNN: {'total': 89.77, '00-04': 94.0, '05-09': 88.0, '10-14': 90.4, '15-19': 86.4, '20-24': 92.2, '25-29': 93.8, '30-34': 83.6, 'old': 90.8, 'new': 83.6}
2025-05-09 09:09:15,692 [trainer.py] => CNN top1 curve: [97.8, 94.9, 93.93, 92.2, 92.12, 91.8, 89.77]
2025-05-09 09:09:15,693 [trainer.py] => CNN top5 curve: [100.0, 99.7, 99.33, 98.7, 98.36, 98.4, 98.37]

Average Accuracy (CNN): 93.22
2025-05-09 09:09:15,693 [trainer.py] => Average Accuracy (CNN): 93.22 

2025-05-09 09:09:15,694 [trainer.py] => All params: 85825537
2025-05-09 09:09:15,695 [trainer.py] => Trainable params: 85825537
2025-05-09 09:09:15,700 [simplecil.py] => Learning on 35-40
Time for task 7: 20.740357637405396
2025-05-09 09:10:07,984 [trainer.py] => No NME accuracy.
2025-05-09 09:10:07,985 [trainer.py] => CNN: {'total': 89.12, '00-04': 91.8, '05-09': 87.4, '10-14': 89.8, '15-19': 85.4, '20-24': 90.8, '25-29': 93.0, '30-34': 83.0, '35-39': 91.8, 'old': 88.74, 'new': 91.8}
2025-05-09 09:10:07,985 [trainer.py] => CNN top1 curve: [97.8, 94.9, 93.93, 92.2, 92.12, 91.8, 89.77, 89.12]
2025-05-09 09:10:07,986 [trainer.py] => CNN top5 curve: [100.0, 99.7, 99.33, 98.7, 98.36, 98.4, 98.37, 97.92]

Average Accuracy (CNN): 92.7
2025-05-09 09:10:07,986 [trainer.py] => Average Accuracy (CNN): 92.7 

2025-05-09 09:10:07,986 [trainer.py] => All params: 85829377
2025-05-09 09:10:07,987 [trainer.py] => Trainable params: 85829377
2025-05-09 09:10:07,994 [simplecil.py] => Learning on 40-45
Time for task 8: 20.70169186592102
2025-05-09 09:11:04,625 [trainer.py] => No NME accuracy.
2025-05-09 09:11:04,625 [trainer.py] => CNN: {'total': 88.18, '00-04': 90.2, '05-09': 87.2, '10-14': 88.8, '15-19': 85.2, '20-24': 90.2, '25-29': 93.0, '30-34': 83.0, '35-39': 91.2, '40-44': 84.8, 'old': 88.6, 'new': 84.8}
2025-05-09 09:11:04,625 [trainer.py] => CNN top1 curve: [97.8, 94.9, 93.93, 92.2, 92.12, 91.8, 89.77, 89.12, 88.18]
2025-05-09 09:11:04,625 [trainer.py] => CNN top5 curve: [100.0, 99.7, 99.33, 98.7, 98.36, 98.4, 98.37, 97.92, 97.6]

Average Accuracy (CNN): 92.2
2025-05-09 09:11:04,625 [trainer.py] => Average Accuracy (CNN): 92.2 

2025-05-09 09:11:04,626 [trainer.py] => All params: 85833217
2025-05-09 09:11:04,627 [trainer.py] => Trainable params: 85833217
2025-05-09 09:11:04,636 [simplecil.py] => Learning on 45-50
Time for task 9: 21.5932879447937
2025-05-09 09:12:06,211 [trainer.py] => No NME accuracy.
2025-05-09 09:12:06,211 [trainer.py] => CNN: {'total': 87.22, '00-04': 90.0, '05-09': 85.0, '10-14': 87.8, '15-19': 85.2, '20-24': 89.8, '25-29': 91.0, '30-34': 83.0, '35-39': 87.2, '40-44': 84.6, '45-49': 88.6, 'old': 87.07, 'new': 88.6}
2025-05-09 09:12:06,211 [trainer.py] => CNN top1 curve: [97.8, 94.9, 93.93, 92.2, 92.12, 91.8, 89.77, 89.12, 88.18, 87.22]
2025-05-09 09:12:06,211 [trainer.py] => CNN top5 curve: [100.0, 99.7, 99.33, 98.7, 98.36, 98.4, 98.37, 97.92, 97.6, 97.48]

Average Accuracy (CNN): 91.7
2025-05-09 09:12:06,211 [trainer.py] => Average Accuracy (CNN): 91.7 

2025-05-09 09:12:06,212 [trainer.py] => All params: 85837057
2025-05-09 09:12:06,213 [trainer.py] => Trainable params: 85837057
2025-05-09 09:12:06,220 [simplecil.py] => Learning on 50-55
Time for task 10: 21.12659192085266
2025-05-09 09:13:11,280 [trainer.py] => No NME accuracy.
2025-05-09 09:13:11,281 [trainer.py] => CNN: {'total': 85.51, '00-04': 87.6, '05-09': 84.8, '10-14': 87.2, '15-19': 85.2, '20-24': 89.2, '25-29': 89.2, '30-34': 82.6, '35-39': 86.6, '40-44': 81.6, '45-49': 85.6, '50-54': 81.0, 'old': 85.96, 'new': 81.0}
2025-05-09 09:13:11,281 [trainer.py] => CNN top1 curve: [97.8, 94.9, 93.93, 92.2, 92.12, 91.8, 89.77, 89.12, 88.18, 87.22, 85.51]
2025-05-09 09:13:11,281 [trainer.py] => CNN top5 curve: [100.0, 99.7, 99.33, 98.7, 98.36, 98.4, 98.37, 97.92, 97.6, 97.48, 96.96]

Average Accuracy (CNN): 91.14
2025-05-09 09:13:11,282 [trainer.py] => Average Accuracy (CNN): 91.14 

2025-05-09 09:13:11,284 [trainer.py] => All params: 85840897
2025-05-09 09:13:11,286 [trainer.py] => Trainable params: 85840897
2025-05-09 09:13:11,295 [simplecil.py] => Learning on 55-60
Time for task 11: 21.222985982894897
2025-05-09 09:14:20,525 [trainer.py] => No NME accuracy.
2025-05-09 09:14:20,526 [trainer.py] => CNN: {'total': 85.47, '00-04': 87.6, '05-09': 84.4, '10-14': 86.8, '15-19': 85.0, '20-24': 88.8, '25-29': 88.6, '30-34': 82.4, '35-39': 86.2, '40-44': 81.6, '45-49': 85.4, '50-54': 81.0, '55-59': 87.8, 'old': 85.25, 'new': 87.8}
2025-05-09 09:14:20,526 [trainer.py] => CNN top1 curve: [97.8, 94.9, 93.93, 92.2, 92.12, 91.8, 89.77, 89.12, 88.18, 87.22, 85.51, 85.47]
2025-05-09 09:14:20,526 [trainer.py] => CNN top5 curve: [100.0, 99.7, 99.33, 98.7, 98.36, 98.4, 98.37, 97.92, 97.6, 97.48, 96.96, 96.63]

Average Accuracy (CNN): 90.67
2025-05-09 09:14:20,527 [trainer.py] => Average Accuracy (CNN): 90.67 

2025-05-09 09:14:20,527 [trainer.py] => All params: 85844737
2025-05-09 09:14:20,528 [trainer.py] => Trainable params: 85844737
2025-05-09 09:14:20,537 [simplecil.py] => Learning on 60-65
Time for task 12: 21.113552808761597
2025-05-09 09:15:32,785 [trainer.py] => No NME accuracy.
2025-05-09 09:15:32,785 [trainer.py] => CNN: {'total': 85.02, '00-04': 87.6, '05-09': 84.2, '10-14': 86.6, '15-19': 84.8, '20-24': 88.8, '25-29': 88.6, '30-34': 82.4, '35-39': 86.0, '40-44': 81.6, '45-49': 85.4, '50-54': 81.0, '55-59': 83.6, '60-64': 84.6, 'old': 85.05, 'new': 84.6}
2025-05-09 09:15:32,786 [trainer.py] => CNN top1 curve: [97.8, 94.9, 93.93, 92.2, 92.12, 91.8, 89.77, 89.12, 88.18, 87.22, 85.51, 85.47, 85.02]
2025-05-09 09:15:32,786 [trainer.py] => CNN top5 curve: [100.0, 99.7, 99.33, 98.7, 98.36, 98.4, 98.37, 97.92, 97.6, 97.48, 96.96, 96.63, 96.58]

Average Accuracy (CNN): 90.23
2025-05-09 09:15:32,786 [trainer.py] => Average Accuracy (CNN): 90.23 

2025-05-09 09:15:32,788 [trainer.py] => All params: 85848577
2025-05-09 09:15:32,790 [trainer.py] => Trainable params: 85848577
2025-05-09 09:15:32,798 [simplecil.py] => Learning on 65-70
Time for task 13: 21.03264355659485
2025-05-09 09:16:49,093 [trainer.py] => No NME accuracy.
2025-05-09 09:16:49,094 [trainer.py] => CNN: {'total': 85.07, '00-04': 85.4, '05-09': 84.0, '10-14': 85.4, '15-19': 84.8, '20-24': 88.8, '25-29': 88.6, '30-34': 82.2, '35-39': 86.0, '40-44': 81.6, '45-49': 85.2, '50-54': 81.0, '55-59': 83.0, '60-64': 84.0, '65-69': 91.0, 'old': 84.62, 'new': 91.0}
2025-05-09 09:16:49,094 [trainer.py] => CNN top1 curve: [97.8, 94.9, 93.93, 92.2, 92.12, 91.8, 89.77, 89.12, 88.18, 87.22, 85.51, 85.47, 85.02, 85.07]
2025-05-09 09:16:49,094 [trainer.py] => CNN top5 curve: [100.0, 99.7, 99.33, 98.7, 98.36, 98.4, 98.37, 97.92, 97.6, 97.48, 96.96, 96.63, 96.58, 96.57]

Average Accuracy (CNN): 89.86
2025-05-09 09:16:49,095 [trainer.py] => Average Accuracy (CNN): 89.86 

2025-05-09 09:16:49,097 [trainer.py] => All params: 85852417
2025-05-09 09:16:49,099 [trainer.py] => Trainable params: 85852417
2025-05-09 09:16:49,108 [simplecil.py] => Learning on 70-75
Time for task 14: 21.208019971847534
2025-05-09 09:18:09,791 [trainer.py] => No NME accuracy.
2025-05-09 09:18:09,792 [trainer.py] => CNN: {'total': 83.84, '00-04': 85.0, '05-09': 83.0, '10-14': 84.0, '15-19': 84.4, '20-24': 88.8, '25-29': 88.6, '30-34': 82.0, '35-39': 85.2, '40-44': 80.6, '45-49': 85.2, '50-54': 81.0, '55-59': 81.4, '60-64': 80.0, '65-69': 90.6, '70-74': 77.8, 'old': 84.27, 'new': 77.8}
2025-05-09 09:18:09,792 [trainer.py] => CNN top1 curve: [97.8, 94.9, 93.93, 92.2, 92.12, 91.8, 89.77, 89.12, 88.18, 87.22, 85.51, 85.47, 85.02, 85.07, 83.84]
2025-05-09 09:18:09,792 [trainer.py] => CNN top5 curve: [100.0, 99.7, 99.33, 98.7, 98.36, 98.4, 98.37, 97.92, 97.6, 97.48, 96.96, 96.63, 96.58, 96.57, 96.16]

Average Accuracy (CNN): 89.46
2025-05-09 09:18:09,792 [trainer.py] => Average Accuracy (CNN): 89.46 

2025-05-09 09:18:09,794 [trainer.py] => All params: 85856257
2025-05-09 09:18:09,796 [trainer.py] => Trainable params: 85856257
2025-05-09 09:18:09,804 [simplecil.py] => Learning on 75-80
Time for task 15: 20.895689964294434
2025-05-09 09:19:34,347 [trainer.py] => No NME accuracy.
2025-05-09 09:19:34,348 [trainer.py] => CNN: {'total': 82.55, '00-04': 84.8, '05-09': 81.8, '10-14': 84.0, '15-19': 84.4, '20-24': 88.6, '25-29': 88.6, '30-34': 82.0, '35-39': 84.6, '40-44': 80.6, '45-49': 81.6, '50-54': 77.8, '55-59': 80.2, '60-64': 79.4, '65-69': 89.8, '70-74': 76.6, '75-79': 76.0, 'old': 82.99, 'new': 76.0}
2025-05-09 09:19:34,348 [trainer.py] => CNN top1 curve: [97.8, 94.9, 93.93, 92.2, 92.12, 91.8, 89.77, 89.12, 88.18, 87.22, 85.51, 85.47, 85.02, 85.07, 83.84, 82.55]
2025-05-09 09:19:34,348 [trainer.py] => CNN top5 curve: [100.0, 99.7, 99.33, 98.7, 98.36, 98.4, 98.37, 97.92, 97.6, 97.48, 96.96, 96.63, 96.58, 96.57, 96.16, 95.81]

Average Accuracy (CNN): 89.03
2025-05-09 09:19:34,348 [trainer.py] => Average Accuracy (CNN): 89.03 

2025-05-09 09:19:34,349 [trainer.py] => All params: 85860097
2025-05-09 09:19:34,350 [trainer.py] => Trainable params: 85860097
2025-05-09 09:19:34,358 [simplecil.py] => Learning on 80-85
Time for task 16: 21.384281873703003
2025-05-09 09:21:03,684 [trainer.py] => No NME accuracy.
2025-05-09 09:21:03,684 [trainer.py] => CNN: {'total': 82.18, '00-04': 84.8, '05-09': 80.8, '10-14': 82.8, '15-19': 84.2, '20-24': 88.2, '25-29': 87.8, '30-34': 81.4, '35-39': 84.6, '40-44': 80.4, '45-49': 79.4, '50-54': 76.8, '55-59': 80.2, '60-64': 78.2, '65-69': 89.8, '70-74': 76.0, '75-79': 76.0, '80-84': 85.6, 'old': 81.96, 'new': 85.6}
2025-05-09 09:21:03,684 [trainer.py] => CNN top1 curve: [97.8, 94.9, 93.93, 92.2, 92.12, 91.8, 89.77, 89.12, 88.18, 87.22, 85.51, 85.47, 85.02, 85.07, 83.84, 82.55, 82.18]
2025-05-09 09:21:03,684 [trainer.py] => CNN top5 curve: [100.0, 99.7, 99.33, 98.7, 98.36, 98.4, 98.37, 97.92, 97.6, 97.48, 96.96, 96.63, 96.58, 96.57, 96.16, 95.81, 95.75]

Average Accuracy (CNN): 88.63
2025-05-09 09:21:03,684 [trainer.py] => Average Accuracy (CNN): 88.63 

2025-05-09 09:21:03,685 [trainer.py] => All params: 85863937
2025-05-09 09:21:03,686 [trainer.py] => Trainable params: 85863937
2025-05-09 09:21:03,694 [simplecil.py] => Learning on 85-90
Time for task 17: 21.030020236968994
2025-05-09 09:22:36,034 [trainer.py] => No NME accuracy.
2025-05-09 09:22:36,034 [trainer.py] => CNN: {'total': 81.8, '00-04': 84.8, '05-09': 80.2, '10-14': 82.2, '15-19': 84.0, '20-24': 88.2, '25-29': 87.6, '30-34': 81.4, '35-39': 84.6, '40-44': 80.2, '45-49': 79.4, '50-54': 76.8, '55-59': 80.2, '60-64': 78.0, '65-69': 89.8, '70-74': 75.8, '75-79': 75.6, '80-84': 85.6, '85-89': 78.0, 'old': 82.02, 'new': 78.0}
2025-05-09 09:22:36,034 [trainer.py] => CNN top1 curve: [97.8, 94.9, 93.93, 92.2, 92.12, 91.8, 89.77, 89.12, 88.18, 87.22, 85.51, 85.47, 85.02, 85.07, 83.84, 82.55, 82.18, 81.8]
2025-05-09 09:22:36,034 [trainer.py] => CNN top5 curve: [100.0, 99.7, 99.33, 98.7, 98.36, 98.4, 98.37, 97.92, 97.6, 97.48, 96.96, 96.63, 96.58, 96.57, 96.16, 95.81, 95.75, 95.43]

Average Accuracy (CNN): 88.25
2025-05-09 09:22:36,034 [trainer.py] => Average Accuracy (CNN): 88.25 

2025-05-09 09:22:36,035 [trainer.py] => All params: 85867777
2025-05-09 09:22:36,035 [trainer.py] => Trainable params: 85867777
2025-05-09 09:22:36,045 [simplecil.py] => Learning on 90-95
Time for task 18: 20.757694005966187
2025-05-09 09:24:11,500 [trainer.py] => No NME accuracy.
2025-05-09 09:24:11,500 [trainer.py] => CNN: {'total': 81.93, '00-04': 84.6, '05-09': 78.8, '10-14': 82.2, '15-19': 83.8, '20-24': 87.4, '25-29': 87.6, '30-34': 81.0, '35-39': 84.6, '40-44': 79.8, '45-49': 79.4, '50-54': 76.0, '55-59': 80.2, '60-64': 78.0, '65-69': 89.6, '70-74': 75.6, '75-79': 74.4, '80-84': 85.6, '85-89': 78.0, '90-94': 90.0, 'old': 81.48, 'new': 90.0}
2025-05-09 09:24:11,501 [trainer.py] => CNN top1 curve: [97.8, 94.9, 93.93, 92.2, 92.12, 91.8, 89.77, 89.12, 88.18, 87.22, 85.51, 85.47, 85.02, 85.07, 83.84, 82.55, 82.18, 81.8, 81.93]
2025-05-09 09:24:11,501 [trainer.py] => CNN top5 curve: [100.0, 99.7, 99.33, 98.7, 98.36, 98.4, 98.37, 97.92, 97.6, 97.48, 96.96, 96.63, 96.58, 96.57, 96.16, 95.81, 95.75, 95.43, 95.39]

Average Accuracy (CNN): 87.92
2025-05-09 09:24:11,501 [trainer.py] => Average Accuracy (CNN): 87.92 

2025-05-09 09:24:11,501 [trainer.py] => All params: 85871617
2025-05-09 09:24:11,502 [trainer.py] => Trainable params: 85871617
2025-05-09 09:24:11,509 [simplecil.py] => Learning on 95-100
Time for task 19: 20.98563814163208
2025-05-09 09:25:51,340 [trainer.py] => No NME accuracy.
2025-05-09 09:25:51,340 [trainer.py] => CNN: {'total': 81.28, '00-04': 84.0, '05-09': 78.0, '10-14': 81.0, '15-19': 83.8, '20-24': 87.0, '25-29': 87.6, '30-34': 80.8, '35-39': 83.4, '40-44': 79.6, '45-49': 79.2, '50-54': 74.8, '55-59': 80.0, '60-64': 78.0, '65-69': 89.0, '70-74': 75.0, '75-79': 74.4, '80-84': 85.6, '85-89': 77.0, '90-94': 89.4, '95-99': 78.0, 'old': 81.45, 'new': 78.0}
2025-05-09 09:25:51,340 [trainer.py] => CNN top1 curve: [97.8, 94.9, 93.93, 92.2, 92.12, 91.8, 89.77, 89.12, 88.18, 87.22, 85.51, 85.47, 85.02, 85.07, 83.84, 82.55, 82.18, 81.8, 81.93, 81.28]
2025-05-09 09:25:51,340 [trainer.py] => CNN top5 curve: [100.0, 99.7, 99.33, 98.7, 98.36, 98.4, 98.37, 97.92, 97.6, 97.48, 96.96, 96.63, 96.58, 96.57, 96.16, 95.81, 95.75, 95.43, 95.39, 95.01]

Average Accuracy (CNN): 87.58
2025-05-09 09:25:51,341 [trainer.py] => Average Accuracy (CNN): 87.58 

Finished cifar224_init5_inc5: pretrained_vit_b16_224_in21k  
----------------------------------------------------------------------------------------------------
Accuracy Matrix (CNN):
[[97.8 95.2 94.6 94.4 94.4 94.2 94.  91.8 90.2 90.  87.6 87.6 87.6 85.4
  85.  84.8 84.8 84.8 84.6 84. ]
 [ 0.  94.6 93.2 92.2 92.  89.8 88.  87.4 87.2 85.  84.8 84.4 84.2 84.
  83.  81.8 80.8 80.2 78.8 78. ]
 [ 0.   0.  94.  93.4 91.6 90.6 90.4 89.8 88.8 87.8 87.2 86.8 86.6 85.4
  84.  84.  82.8 82.2 82.2 81. ]
 [ 0.   0.   0.  88.8 88.6 88.6 86.4 85.4 85.2 85.2 85.2 85.  84.8 84.8
  84.4 84.4 84.2 84.  83.8 83.8]
 [ 0.   0.   0.   0.  94.  93.8 92.2 90.8 90.2 89.8 89.2 88.8 88.8 88.8
  88.8 88.6 88.2 88.2 87.4 87. ]
 [ 0.   0.   0.   0.   0.  93.8 93.8 93.  93.  91.  89.2 88.6 88.6 88.6
  88.6 88.6 87.8 87.6 87.6 87.6]
 [ 0.   0.   0.   0.   0.   0.  83.6 83.  83.  83.  82.6 82.4 82.4 82.2
  82.  82.  81.4 81.4 81.  80.8]
 [ 0.   0.   0.   0.   0.   0.   0.  91.8 91.2 87.2 86.6 86.2 86.  86.
  85.2 84.6 84.6 84.6 84.6 83.4]
 [ 0.   0.   0.   0.   0.   0.   0.   0.  84.8 84.6 81.6 81.6 81.6 81.6
  80.6 80.6 80.4 80.2 79.8 79.6]
 [ 0.   0.   0.   0.   0.   0.   0.   0.   0.  88.6 85.6 85.4 85.4 85.2
  85.2 81.6 79.4 79.4 79.4 79.2]
 [ 0.   0.   0.   0.   0.   0.   0.   0.   0.   0.  81.  81.  81.  81.
  81.  77.8 76.8 76.8 76.  74.8]
 [ 0.   0.   0.   0.   0.   0.   0.   0.   0.   0.   0.  87.8 83.6 83.
  81.4 80.2 80.2 80.2 80.2 80. ]
 [ 0.   0.   0.   0.   0.   0.   0.   0.   0.   0.   0.   0.  84.6 84.
  80.  79.4 78.2 78.  78.  78. ]
 [ 0.   0.   0.   0.   0.   0.   0.   0.   0.   0.   0.   0.   0.  91.
  90.6 89.8 89.8 89.8 89.6 89. ]
 [ 0.   0.   0.   0.   0.   0.   0.   0.   0.   0.   0.   0.   0.   0.
  77.8 76.6 76.  75.8 75.6 75. ]
 [ 0.   0.   0.   0.   0.   0.   0.   0.   0.   0.   0.   0.   0.   0.
   0.  76.  76.  75.6 74.4 74.4]
 [ 0.   0.   0.   0.   0.   0.   0.   0.   0.   0.   0.   0.   0.   0.
   0.   0.  85.6 85.6 85.6 85.6]
 [ 0.   0.   0.   0.   0.   0.   0.   0.   0.   0.   0.   0.   0.   0.
   0.   0.   0.  78.  78.  77. ]
 [ 0.   0.   0.   0.   0.   0.   0.   0.   0.   0.   0.   0.   0.   0.
   0.   0.   0.   0.  90.  89.4]
 [ 0.   0.   0.   0.   0.   0.   0.   0.   0.   0.   0.   0.   0.   0.
   0.   0.   0.   0.   0.  78. ]]
2025-05-09 09:25:51,344 [trainer.py] => Forgetting (CNN): 6.1052631578947345
2025-05-09 09:25:54,654 [trainer.py] => config: ./scripts/simplecil/simplecil_cifar_B0_Inc10.json
2025-05-09 09:25:54,654 [trainer.py] => prefix:  
2025-05-09 09:25:54,654 [trainer.py] => dataset: cifar224
2025-05-09 09:25:54,654 [trainer.py] => memory_size: 0
2025-05-09 09:25:54,654 [trainer.py] => memory_per_class: 0
2025-05-09 09:25:54,654 [trainer.py] => fixed_memory: False
2025-05-09 09:25:54,655 [trainer.py] => shuffle: True
2025-05-09 09:25:54,655 [trainer.py] => init_cls: 10
2025-05-09 09:25:54,655 [trainer.py] => increment: 10
2025-05-09 09:25:54,655 [trainer.py] => model_name: simplecil
2025-05-09 09:25:54,655 [trainer.py] => backbone_type: pretrained_vit_b16_224_in21k
2025-05-09 09:25:54,655 [trainer.py] => device: [device(type='cuda', index=0)]
2025-05-09 09:25:54,655 [trainer.py] => seed: 1993
2025-05-09 09:25:54,655 [trainer.py] => tuned_epoch: 0
2025-05-09 09:25:54,655 [trainer.py] => init_lr: 0.01
2025-05-09 09:25:54,655 [trainer.py] => batch_size: 48
2025-05-09 09:25:54,655 [trainer.py] => weight_decay: 0.05
2025-05-09 09:25:54,655 [trainer.py] => min_lr: 1e-08
2025-05-09 09:25:54,655 [trainer.py] => optimizer: sgd
2025-05-09 09:25:54,655 [trainer.py] => vpt_type: shallow
2025-05-09 09:25:54,655 [trainer.py] => prompt_token_num: 3
Files already downloaded and verified
Files already downloaded and verified
2025-05-09 09:25:56,426 [data_manager.py] => [68, 56, 78, 8, 23, 84, 90, 65, 74, 76, 40, 89, 3, 92, 55, 9, 26, 80, 43, 38, 58, 70, 77, 1, 85, 19, 17, 50, 28, 53, 13, 81, 45, 82, 6, 59, 83, 16, 15, 44, 91, 41, 72, 60, 79, 52, 20, 10, 31, 54, 37, 95, 14, 71, 96, 98, 97, 2, 64, 66, 42, 22, 35, 86, 24, 34, 87, 21, 99, 0, 88, 27, 18, 94, 11, 12, 47, 25, 30, 46, 62, 69, 36, 61, 7, 63, 75, 5, 32, 4, 51, 48, 73, 93, 39, 67, 29, 49, 57, 33]
This is for the BaseNet initialization.
After BaseNet initialization.
2025-05-09 09:26:01,444 [trainer.py] => All params: 85798656
2025-05-09 09:26:01,445 [trainer.py] => Trainable params: 85798656
2025-05-09 09:26:02,402 [simplecil.py] => Learning on 0-10
Time for task 0: 43.570579051971436
2025-05-09 09:26:54,046 [trainer.py] => No NME accuracy.
2025-05-09 09:26:54,046 [trainer.py] => CNN: {'total': 94.9, '00-09': 94.9, 'old': 0, 'new': 94.9}
2025-05-09 09:26:54,046 [trainer.py] => CNN top1 curve: [94.9]
2025-05-09 09:26:54,046 [trainer.py] => CNN top5 curve: [99.7]

Average Accuracy (CNN): 94.9
2025-05-09 09:26:54,047 [trainer.py] => Average Accuracy (CNN): 94.9 

2025-05-09 09:26:54,047 [trainer.py] => All params: 85806337
2025-05-09 09:26:54,048 [trainer.py] => Trainable params: 85806337
2025-05-09 09:26:54,059 [simplecil.py] => Learning on 10-20
Time for task 1: 42.295403718948364
2025-05-09 09:27:52,267 [trainer.py] => No NME accuracy.
2025-05-09 09:27:52,268 [trainer.py] => CNN: {'total': 92.2, '00-09': 93.3, '10-19': 91.1, 'old': 93.3, 'new': 91.1}
2025-05-09 09:27:52,268 [trainer.py] => CNN top1 curve: [94.9, 92.2]
2025-05-09 09:27:52,268 [trainer.py] => CNN top5 curve: [99.7, 98.7]

Average Accuracy (CNN): 93.55
2025-05-09 09:27:52,268 [trainer.py] => Average Accuracy (CNN): 93.55 

2025-05-09 09:27:52,268 [trainer.py] => All params: 85814017
2025-05-09 09:27:52,269 [trainer.py] => Trainable params: 85814017
2025-05-09 09:27:52,278 [simplecil.py] => Learning on 20-30
Time for task 2: 42.08637189865112
2025-05-09 09:28:58,531 [trainer.py] => No NME accuracy.
2025-05-09 09:28:58,532 [trainer.py] => CNN: {'total': 91.8, '00-09': 92.0, '10-19': 89.6, '20-29': 93.8, 'old': 90.8, 'new': 93.8}
2025-05-09 09:28:58,532 [trainer.py] => CNN top1 curve: [94.9, 92.2, 91.8]
2025-05-09 09:28:58,532 [trainer.py] => CNN top5 curve: [99.7, 98.7, 98.4]

Average Accuracy (CNN): 92.97
2025-05-09 09:28:58,532 [trainer.py] => Average Accuracy (CNN): 92.97 

2025-05-09 09:28:58,532 [trainer.py] => All params: 85821697
2025-05-09 09:28:58,533 [trainer.py] => Trainable params: 85821697
2025-05-09 09:28:58,539 [simplecil.py] => Learning on 30-40
Time for task 3: 41.618123292922974
2025-05-09 09:30:11,910 [trainer.py] => No NME accuracy.
2025-05-09 09:30:11,910 [trainer.py] => CNN: {'total': 89.12, '00-09': 89.6, '10-19': 87.6, '20-29': 91.9, '30-39': 87.4, 'old': 89.7, 'new': 87.4}
2025-05-09 09:30:11,910 [trainer.py] => CNN top1 curve: [94.9, 92.2, 91.8, 89.12]
2025-05-09 09:30:11,910 [trainer.py] => CNN top5 curve: [99.7, 98.7, 98.4, 97.92]

Average Accuracy (CNN): 92.01
2025-05-09 09:30:11,911 [trainer.py] => Average Accuracy (CNN): 92.01 

2025-05-09 09:30:11,911 [trainer.py] => All params: 85829377
2025-05-09 09:30:11,912 [trainer.py] => Trainable params: 85829377
2025-05-09 09:30:11,918 [simplecil.py] => Learning on 40-50
Time for task 4: 41.30689072608948
2025-05-09 09:31:32,529 [trainer.py] => No NME accuracy.
2025-05-09 09:31:32,529 [trainer.py] => CNN: {'total': 87.22, '00-09': 87.5, '10-19': 86.5, '20-29': 90.4, '30-39': 85.1, '40-49': 86.6, 'old': 87.38, 'new': 86.6}
2025-05-09 09:31:32,529 [trainer.py] => CNN top1 curve: [94.9, 92.2, 91.8, 89.12, 87.22]
2025-05-09 09:31:32,529 [trainer.py] => CNN top5 curve: [99.7, 98.7, 98.4, 97.92, 97.48]

Average Accuracy (CNN): 91.05
2025-05-09 09:31:32,529 [trainer.py] => Average Accuracy (CNN): 91.05 

2025-05-09 09:31:32,530 [trainer.py] => All params: 85837057
2025-05-09 09:31:32,530 [trainer.py] => Trainable params: 85837057
2025-05-09 09:31:32,564 [simplecil.py] => Learning on 50-60
Time for task 5: 42.1617169380188
2025-05-09 09:33:01,837 [trainer.py] => No NME accuracy.
2025-05-09 09:33:01,837 [trainer.py] => CNN: {'total': 85.47, '00-09': 86.0, '10-19': 85.9, '20-29': 88.7, '30-39': 84.3, '40-49': 83.5, '50-59': 84.4, 'old': 85.68, 'new': 84.4}
2025-05-09 09:33:01,837 [trainer.py] => CNN top1 curve: [94.9, 92.2, 91.8, 89.12, 87.22, 85.47]
2025-05-09 09:33:01,838 [trainer.py] => CNN top5 curve: [99.7, 98.7, 98.4, 97.92, 97.48, 96.63]

Average Accuracy (CNN): 90.12
2025-05-09 09:33:01,838 [trainer.py] => Average Accuracy (CNN): 90.12 

2025-05-09 09:33:01,840 [trainer.py] => All params: 85844737
2025-05-09 09:33:01,842 [trainer.py] => Trainable params: 85844737
2025-05-09 09:33:01,851 [simplecil.py] => Learning on 60-70
Time for task 6: 41.60068893432617
2025-05-09 09:34:39,526 [trainer.py] => No NME accuracy.
2025-05-09 09:34:39,527 [trainer.py] => CNN: {'total': 85.07, '00-09': 84.7, '10-19': 85.1, '20-29': 88.7, '30-39': 84.1, '40-49': 83.4, '50-59': 82.0, '60-69': 87.5, 'old': 84.67, 'new': 87.5}
2025-05-09 09:34:39,528 [trainer.py] => CNN top1 curve: [94.9, 92.2, 91.8, 89.12, 87.22, 85.47, 85.07]
2025-05-09 09:34:39,528 [trainer.py] => CNN top5 curve: [99.7, 98.7, 98.4, 97.92, 97.48, 96.63, 96.57]

Average Accuracy (CNN): 89.4
2025-05-09 09:34:39,528 [trainer.py] => Average Accuracy (CNN): 89.4 

2025-05-09 09:34:39,529 [trainer.py] => All params: 85852417
2025-05-09 09:34:39,530 [trainer.py] => Trainable params: 85852417
2025-05-09 09:34:39,540 [simplecil.py] => Learning on 70-80
Time for task 7: 42.24099636077881
2025-05-09 09:36:25,922 [trainer.py] => No NME accuracy.
2025-05-09 09:36:25,922 [trainer.py] => CNN: {'total': 82.55, '00-09': 83.3, '10-19': 84.2, '20-29': 88.6, '30-39': 83.3, '40-49': 81.1, '50-59': 79.0, '60-69': 84.6, '70-79': 76.3, 'old': 83.44, 'new': 76.3}
2025-05-09 09:36:25,923 [trainer.py] => CNN top1 curve: [94.9, 92.2, 91.8, 89.12, 87.22, 85.47, 85.07, 82.55]
2025-05-09 09:36:25,923 [trainer.py] => CNN top5 curve: [99.7, 98.7, 98.4, 97.92, 97.48, 96.63, 96.57, 95.81]

Average Accuracy (CNN): 88.54
2025-05-09 09:36:25,923 [trainer.py] => Average Accuracy (CNN): 88.54 

2025-05-09 09:36:25,925 [trainer.py] => All params: 85860097
2025-05-09 09:36:25,927 [trainer.py] => Trainable params: 85860097
2025-05-09 09:36:25,937 [simplecil.py] => Learning on 80-90
Time for task 8: 42.3116614818573
2025-05-09 09:38:19,420 [trainer.py] => No NME accuracy.
2025-05-09 09:38:19,420 [trainer.py] => CNN: {'total': 81.8, '00-09': 82.5, '10-19': 83.1, '20-29': 87.9, '30-39': 83.0, '40-49': 79.8, '50-59': 78.5, '60-69': 83.9, '70-79': 75.7, '80-89': 81.8, 'old': 81.8, 'new': 81.8}
2025-05-09 09:38:19,420 [trainer.py] => CNN top1 curve: [94.9, 92.2, 91.8, 89.12, 87.22, 85.47, 85.07, 82.55, 81.8]
2025-05-09 09:38:19,420 [trainer.py] => CNN top5 curve: [99.7, 98.7, 98.4, 97.92, 97.48, 96.63, 96.57, 95.81, 95.43]

Average Accuracy (CNN): 87.79
2025-05-09 09:38:19,420 [trainer.py] => Average Accuracy (CNN): 87.79 

2025-05-09 09:38:19,421 [trainer.py] => All params: 85867777
2025-05-09 09:38:19,421 [trainer.py] => Trainable params: 85867777
2025-05-09 09:38:19,431 [simplecil.py] => Learning on 90-100
Time for task 9: 41.583122968673706
2025-05-09 09:40:19,354 [trainer.py] => No NME accuracy.
2025-05-09 09:40:19,354 [trainer.py] => CNN: {'total': 81.28, '00-09': 81.0, '10-19': 82.4, '20-29': 87.3, '30-39': 82.1, '40-49': 79.4, '50-59': 77.4, '60-69': 83.5, '70-79': 74.7, '80-89': 81.3, '90-99': 83.7, 'old': 81.01, 'new': 83.7}
2025-05-09 09:40:19,354 [trainer.py] => CNN top1 curve: [94.9, 92.2, 91.8, 89.12, 87.22, 85.47, 85.07, 82.55, 81.8, 81.28]
2025-05-09 09:40:19,355 [trainer.py] => CNN top5 curve: [99.7, 98.7, 98.4, 97.92, 97.48, 96.63, 96.57, 95.81, 95.43, 95.01]

Average Accuracy (CNN): 87.14
2025-05-09 09:40:19,355 [trainer.py] => Average Accuracy (CNN): 87.14 

Finished cifar224_init10_inc10: pretrained_vit_b16_224_in21k  
----------------------------------------------------------------------------------------------------
Accuracy Matrix (CNN):
[[94.9 93.3 92.  89.6 87.5 86.  84.7 83.3 82.5 81. ]
 [ 0.  91.1 89.6 87.6 86.5 85.9 85.1 84.2 83.1 82.4]
 [ 0.   0.  93.8 91.9 90.4 88.7 88.7 88.6 87.9 87.3]
 [ 0.   0.   0.  87.4 85.1 84.3 84.1 83.3 83.  82.1]
 [ 0.   0.   0.   0.  86.6 83.5 83.4 81.1 79.8 79.4]
 [ 0.   0.   0.   0.   0.  84.4 82.  79.  78.5 77.4]
 [ 0.   0.   0.   0.   0.   0.  87.5 84.6 83.9 83.5]
 [ 0.   0.   0.   0.   0.   0.   0.  76.3 75.7 74.7]
 [ 0.   0.   0.   0.   0.   0.   0.   0.  81.8 81.3]
 [ 0.   0.   0.   0.   0.   0.   0.   0.   0.  83.7]]
2025-05-09 09:40:19,356 [trainer.py] => Forgetting (CNN): 6.077777777777777
2025-05-09 09:40:25,058 [trainer.py] => config: ./scripts/simplecil/simplecil_cifar_B0_Inc20.json
2025-05-09 09:40:25,058 [trainer.py] => prefix:  
2025-05-09 09:40:25,058 [trainer.py] => dataset: cifar224
2025-05-09 09:40:25,058 [trainer.py] => memory_size: 0
2025-05-09 09:40:25,058 [trainer.py] => memory_per_class: 0
2025-05-09 09:40:25,059 [trainer.py] => fixed_memory: False
2025-05-09 09:40:25,059 [trainer.py] => shuffle: True
2025-05-09 09:40:25,059 [trainer.py] => init_cls: 20
2025-05-09 09:40:25,059 [trainer.py] => increment: 20
2025-05-09 09:40:25,059 [trainer.py] => model_name: simplecil
2025-05-09 09:40:25,059 [trainer.py] => backbone_type: pretrained_vit_b16_224_in21k
2025-05-09 09:40:25,059 [trainer.py] => device: [device(type='cuda', index=0)]
2025-05-09 09:40:25,060 [trainer.py] => seed: 1993
2025-05-09 09:40:25,060 [trainer.py] => tuned_epoch: 0
2025-05-09 09:40:25,060 [trainer.py] => init_lr: 0.01
2025-05-09 09:40:25,060 [trainer.py] => batch_size: 48
2025-05-09 09:40:25,060 [trainer.py] => weight_decay: 0.05
2025-05-09 09:40:25,060 [trainer.py] => min_lr: 1e-08
2025-05-09 09:40:25,060 [trainer.py] => optimizer: sgd
2025-05-09 09:40:25,060 [trainer.py] => vpt_type: shallow
2025-05-09 09:40:25,061 [trainer.py] => prompt_token_num: 3
Files already downloaded and verified
Files already downloaded and verified
2025-05-09 09:40:27,016 [data_manager.py] => [68, 56, 78, 8, 23, 84, 90, 65, 74, 76, 40, 89, 3, 92, 55, 9, 26, 80, 43, 38, 58, 70, 77, 1, 85, 19, 17, 50, 28, 53, 13, 81, 45, 82, 6, 59, 83, 16, 15, 44, 91, 41, 72, 60, 79, 52, 20, 10, 31, 54, 37, 95, 14, 71, 96, 98, 97, 2, 64, 66, 42, 22, 35, 86, 24, 34, 87, 21, 99, 0, 88, 27, 18, 94, 11, 12, 47, 25, 30, 46, 62, 69, 36, 61, 7, 63, 75, 5, 32, 4, 51, 48, 73, 93, 39, 67, 29, 49, 57, 33]
This is for the BaseNet initialization.
After BaseNet initialization.
2025-05-09 09:40:32,105 [trainer.py] => All params: 85798656
2025-05-09 09:40:32,106 [trainer.py] => Trainable params: 85798656
2025-05-09 09:40:33,382 [simplecil.py] => Learning on 0-20
Time for task 0: 84.76441884040833
2025-05-09 09:42:13,044 [trainer.py] => No NME accuracy.
2025-05-09 09:42:13,044 [trainer.py] => CNN: {'total': 92.2, '00-19': 92.2, 'old': 0, 'new': 92.2}
2025-05-09 09:42:13,044 [trainer.py] => CNN top1 curve: [92.2]
2025-05-09 09:42:13,044 [trainer.py] => CNN top5 curve: [98.7]

Average Accuracy (CNN): 92.2
2025-05-09 09:42:13,044 [trainer.py] => Average Accuracy (CNN): 92.2 

2025-05-09 09:42:13,045 [trainer.py] => All params: 85814017
2025-05-09 09:42:13,046 [trainer.py] => Trainable params: 85814017
2025-05-09 09:42:13,055 [simplecil.py] => Learning on 20-40
Time for task 1: 83.75720620155334
2025-05-09 09:44:08,919 [trainer.py] => No NME accuracy.
2025-05-09 09:44:08,919 [trainer.py] => CNN: {'total': 89.12, '00-19': 88.6, '20-39': 89.65, 'old': 88.6, 'new': 89.65}
2025-05-09 09:44:08,919 [trainer.py] => CNN top1 curve: [92.2, 89.12]
2025-05-09 09:44:08,919 [trainer.py] => CNN top5 curve: [98.7, 97.92]

Average Accuracy (CNN): 90.66
2025-05-09 09:44:08,919 [trainer.py] => Average Accuracy (CNN): 90.66 

2025-05-09 09:44:08,920 [trainer.py] => All params: 85829377
2025-05-09 09:44:08,920 [trainer.py] => Trainable params: 85829377
2025-05-09 09:44:08,927 [simplecil.py] => Learning on 40-60
Time for task 2: 83.30334877967834
2025-05-09 09:46:19,258 [trainer.py] => No NME accuracy.
2025-05-09 09:46:19,259 [trainer.py] => CNN: {'total': 85.47, '00-19': 85.95, '20-39': 86.5, '40-59': 83.95, 'old': 86.22, 'new': 83.95}
2025-05-09 09:46:19,259 [trainer.py] => CNN top1 curve: [92.2, 89.12, 85.47]
2025-05-09 09:46:19,259 [trainer.py] => CNN top5 curve: [98.7, 97.92, 96.63]

Average Accuracy (CNN): 88.93
2025-05-09 09:46:19,259 [trainer.py] => Average Accuracy (CNN): 88.93 

2025-05-09 09:46:19,260 [trainer.py] => All params: 85844737
2025-05-09 09:46:19,260 [trainer.py] => Trainable params: 85844737
2025-05-09 09:46:19,269 [simplecil.py] => Learning on 60-80
Time for task 3: 82.18016195297241
2025-05-09 09:48:44,913 [trainer.py] => No NME accuracy.
2025-05-09 09:48:44,914 [trainer.py] => CNN: {'total': 82.55, '00-19': 83.75, '20-39': 85.95, '40-59': 80.05, '60-79': 80.45, 'old': 83.25, 'new': 80.45}
2025-05-09 09:48:44,914 [trainer.py] => CNN top1 curve: [92.2, 89.12, 85.47, 82.55]
2025-05-09 09:48:44,914 [trainer.py] => CNN top5 curve: [98.7, 97.92, 96.63, 95.81]

Average Accuracy (CNN): 87.34
2025-05-09 09:48:44,914 [trainer.py] => Average Accuracy (CNN): 87.34 

2025-05-09 09:48:44,916 [trainer.py] => All params: 85860097
2025-05-09 09:48:44,917 [trainer.py] => Trainable params: 85860097
2025-05-09 09:48:44,924 [simplecil.py] => Learning on 80-100
Time for task 4: 82.62865257263184
2025-05-09 09:51:28,123 [trainer.py] => No NME accuracy.
2025-05-09 09:51:28,123 [trainer.py] => CNN: {'total': 81.28, '00-19': 81.7, '20-39': 84.7, '40-59': 78.4, '60-79': 79.1, '80-99': 82.5, 'old': 80.97, 'new': 82.5}
2025-05-09 09:51:28,123 [trainer.py] => CNN top1 curve: [92.2, 89.12, 85.47, 82.55, 81.28]
2025-05-09 09:51:28,123 [trainer.py] => CNN top5 curve: [98.7, 97.92, 96.63, 95.81, 95.01]

Average Accuracy (CNN): 86.12
2025-05-09 09:51:28,123 [trainer.py] => Average Accuracy (CNN): 86.12 

Finished cifar224_init20_inc20: pretrained_vit_b16_224_in21k  
----------------------------------------------------------------------------------------------------
Accuracy Matrix (CNN):
[[92.2  88.6  85.95 83.75 81.7 ]
 [ 0.   89.65 86.5  85.95 84.7 ]
 [ 0.    0.   83.95 80.05 78.4 ]
 [ 0.    0.    0.   80.45 79.1 ]
 [ 0.    0.    0.    0.   82.5 ]]
2025-05-09 09:51:28,124 [trainer.py] => Forgetting (CNN): 5.587500000000002
2025-05-09 09:51:32,563 [trainer.py] => config: ./scripts/simplecil/simplecil_cifar_B50_Inc5.json
2025-05-09 09:51:32,563 [trainer.py] => prefix:  
2025-05-09 09:51:32,563 [trainer.py] => dataset: cifar224
2025-05-09 09:51:32,563 [trainer.py] => memory_size: 0
2025-05-09 09:51:32,563 [trainer.py] => memory_per_class: 0
2025-05-09 09:51:32,563 [trainer.py] => fixed_memory: False
2025-05-09 09:51:32,563 [trainer.py] => shuffle: True
2025-05-09 09:51:32,563 [trainer.py] => init_cls: 50
2025-05-09 09:51:32,563 [trainer.py] => increment: 5
2025-05-09 09:51:32,563 [trainer.py] => model_name: simplecil
2025-05-09 09:51:32,563 [trainer.py] => backbone_type: pretrained_vit_b16_224_in21k
2025-05-09 09:51:32,563 [trainer.py] => device: [device(type='cuda', index=0)]
2025-05-09 09:51:32,563 [trainer.py] => seed: 1993
2025-05-09 09:51:32,563 [trainer.py] => tuned_epoch: 0
2025-05-09 09:51:32,564 [trainer.py] => init_lr: 0.01
2025-05-09 09:51:32,564 [trainer.py] => batch_size: 48
2025-05-09 09:51:32,564 [trainer.py] => weight_decay: 0.05
2025-05-09 09:51:32,564 [trainer.py] => min_lr: 1e-08
2025-05-09 09:51:32,564 [trainer.py] => optimizer: sgd
2025-05-09 09:51:32,564 [trainer.py] => vpt_type: shallow
2025-05-09 09:51:32,564 [trainer.py] => prompt_token_num: 3
Files already downloaded and verified
Files already downloaded and verified
2025-05-09 09:51:34,453 [data_manager.py] => [68, 56, 78, 8, 23, 84, 90, 65, 74, 76, 40, 89, 3, 92, 55, 9, 26, 80, 43, 38, 58, 70, 77, 1, 85, 19, 17, 50, 28, 53, 13, 81, 45, 82, 6, 59, 83, 16, 15, 44, 91, 41, 72, 60, 79, 52, 20, 10, 31, 54, 37, 95, 14, 71, 96, 98, 97, 2, 64, 66, 42, 22, 35, 86, 24, 34, 87, 21, 99, 0, 88, 27, 18, 94, 11, 12, 47, 25, 30, 46, 62, 69, 36, 61, 7, 63, 75, 5, 32, 4, 51, 48, 73, 93, 39, 67, 29, 49, 57, 33]
This is for the BaseNet initialization.
After BaseNet initialization.
2025-05-09 09:51:40,111 [trainer.py] => All params: 85798656
2025-05-09 09:51:40,112 [trainer.py] => Trainable params: 85798656
2025-05-09 09:51:40,556 [simplecil.py] => Learning on 0-50
Time for task 0: 208.14972162246704
2025-05-09 09:55:47,323 [trainer.py] => No NME accuracy.
2025-05-09 09:55:47,323 [trainer.py] => CNN: {'total': 87.22, '00-49': 87.22, 'old': 0, 'new': 87.22}
2025-05-09 09:55:47,323 [trainer.py] => CNN top1 curve: [87.22]
2025-05-09 09:55:47,323 [trainer.py] => CNN top5 curve: [97.48]

Average Accuracy (CNN): 87.22
2025-05-09 09:55:47,323 [trainer.py] => Average Accuracy (CNN): 87.22 

2025-05-09 09:55:47,324 [trainer.py] => All params: 85837057
2025-05-09 09:55:47,325 [trainer.py] => Trainable params: 85837057
2025-05-09 09:55:47,329 [simplecil.py] => Learning on 50-55
Time for task 1: 21.061020135879517
2025-05-09 09:56:51,718 [trainer.py] => No NME accuracy.
2025-05-09 09:56:51,718 [trainer.py] => CNN: {'total': 85.51, '00-49': 85.96, '50-54': 81.0, 'old': 85.96, 'new': 81.0}
2025-05-09 09:56:51,718 [trainer.py] => CNN top1 curve: [87.22, 85.51]
2025-05-09 09:56:51,718 [trainer.py] => CNN top5 curve: [97.48, 96.96]

Average Accuracy (CNN): 86.36
2025-05-09 09:56:51,718 [trainer.py] => Average Accuracy (CNN): 86.36 

2025-05-09 09:56:51,719 [trainer.py] => All params: 85840897
2025-05-09 09:56:51,719 [trainer.py] => Trainable params: 85840897
2025-05-09 09:56:51,723 [simplecil.py] => Learning on 55-60
Time for task 2: 20.859641551971436
2025-05-09 09:57:59,955 [trainer.py] => No NME accuracy.
2025-05-09 09:57:59,956 [trainer.py] => CNN: {'total': 85.47, '00-49': 85.68, '50-54': 81.0, '55-59': 87.8, 'old': 85.25, 'new': 87.8}
2025-05-09 09:57:59,956 [trainer.py] => CNN top1 curve: [87.22, 85.51, 85.47]
2025-05-09 09:57:59,956 [trainer.py] => CNN top5 curve: [97.48, 96.96, 96.63]

Average Accuracy (CNN): 86.07
2025-05-09 09:57:59,956 [trainer.py] => Average Accuracy (CNN): 86.07 

2025-05-09 09:57:59,957 [trainer.py] => All params: 85844737
2025-05-09 09:57:59,957 [trainer.py] => Trainable params: 85844737
2025-05-09 09:57:59,966 [simplecil.py] => Learning on 60-65
Time for task 3: 20.98260521888733
2025-05-09 09:59:12,477 [trainer.py] => No NME accuracy.
2025-05-09 09:59:12,477 [trainer.py] => CNN: {'total': 85.02, '00-49': 85.6, '50-54': 81.0, '55-59': 83.6, '60-64': 84.6, 'old': 85.05, 'new': 84.6}
2025-05-09 09:59:12,478 [trainer.py] => CNN top1 curve: [87.22, 85.51, 85.47, 85.02]
2025-05-09 09:59:12,478 [trainer.py] => CNN top5 curve: [97.48, 96.96, 96.63, 96.58]

Average Accuracy (CNN): 85.8
2025-05-09 09:59:12,478 [trainer.py] => Average Accuracy (CNN): 85.8 

2025-05-09 09:59:12,480 [trainer.py] => All params: 85848577
2025-05-09 09:59:12,482 [trainer.py] => Trainable params: 85848577
2025-05-09 09:59:12,493 [simplecil.py] => Learning on 65-70
Time for task 4: 21.270148515701294
2025-05-09 10:00:29,904 [trainer.py] => No NME accuracy.
2025-05-09 10:00:29,904 [trainer.py] => CNN: {'total': 85.07, '00-49': 85.2, '50-54': 81.0, '55-59': 83.0, '60-64': 84.0, '65-69': 91.0, 'old': 84.62, 'new': 91.0}
2025-05-09 10:00:29,904 [trainer.py] => CNN top1 curve: [87.22, 85.51, 85.47, 85.02, 85.07]
2025-05-09 10:00:29,905 [trainer.py] => CNN top5 curve: [97.48, 96.96, 96.63, 96.58, 96.57]

Average Accuracy (CNN): 85.66
2025-05-09 10:00:29,905 [trainer.py] => Average Accuracy (CNN): 85.66 

2025-05-09 10:00:29,907 [trainer.py] => All params: 85852417
2025-05-09 10:00:29,908 [trainer.py] => Trainable params: 85852417
2025-05-09 10:00:29,918 [simplecil.py] => Learning on 70-75
Time for task 5: 21.108412265777588
2025-05-09 10:01:50,981 [trainer.py] => No NME accuracy.
2025-05-09 10:01:50,982 [trainer.py] => CNN: {'total': 83.84, '00-49': 84.68, '50-54': 81.0, '55-59': 81.4, '60-64': 80.0, '65-69': 90.6, '70-74': 77.8, 'old': 84.27, 'new': 77.8}
2025-05-09 10:01:50,982 [trainer.py] => CNN top1 curve: [87.22, 85.51, 85.47, 85.02, 85.07, 83.84]
2025-05-09 10:01:50,982 [trainer.py] => CNN top5 curve: [97.48, 96.96, 96.63, 96.58, 96.57, 96.16]

Average Accuracy (CNN): 85.36
2025-05-09 10:01:50,982 [trainer.py] => Average Accuracy (CNN): 85.36 

2025-05-09 10:01:50,982 [trainer.py] => All params: 85856257
2025-05-09 10:01:50,983 [trainer.py] => Trainable params: 85856257
2025-05-09 10:01:50,990 [simplecil.py] => Learning on 75-80
Time for task 6: 21.176063776016235
2025-05-09 10:03:16,188 [trainer.py] => No NME accuracy.
2025-05-09 10:03:16,188 [trainer.py] => CNN: {'total': 82.55, '00-49': 84.1, '50-54': 77.8, '55-59': 80.2, '60-64': 79.4, '65-69': 89.8, '70-74': 76.6, '75-79': 76.0, 'old': 82.99, 'new': 76.0}
2025-05-09 10:03:16,188 [trainer.py] => CNN top1 curve: [87.22, 85.51, 85.47, 85.02, 85.07, 83.84, 82.55]
2025-05-09 10:03:16,188 [trainer.py] => CNN top5 curve: [97.48, 96.96, 96.63, 96.58, 96.57, 96.16, 95.81]

Average Accuracy (CNN): 84.95
2025-05-09 10:03:16,188 [trainer.py] => Average Accuracy (CNN): 84.95 

2025-05-09 10:03:16,189 [trainer.py] => All params: 85860097
2025-05-09 10:03:16,190 [trainer.py] => Trainable params: 85860097
2025-05-09 10:03:16,197 [simplecil.py] => Learning on 80-85
Time for task 7: 21.325449466705322
2025-05-09 10:04:39,756 [trainer.py] => No NME accuracy.
2025-05-09 10:04:39,757 [trainer.py] => CNN: {'total': 82.18, '00-49': 83.44, '50-54': 76.8, '55-59': 80.2, '60-64': 78.2, '65-69': 89.8, '70-74': 76.0, '75-79': 76.0, '80-84': 85.6, 'old': 81.96, 'new': 85.6}
2025-05-09 10:04:39,757 [trainer.py] => CNN top1 curve: [87.22, 85.51, 85.47, 85.02, 85.07, 83.84, 82.55, 82.18]
2025-05-09 10:04:39,757 [trainer.py] => CNN top5 curve: [97.48, 96.96, 96.63, 96.58, 96.57, 96.16, 95.81, 95.75]

Average Accuracy (CNN): 84.61
2025-05-09 10:04:39,757 [trainer.py] => Average Accuracy (CNN): 84.61 

2025-05-09 10:04:39,758 [trainer.py] => All params: 85863937
2025-05-09 10:04:39,759 [trainer.py] => Trainable params: 85863937
2025-05-09 10:04:39,765 [simplecil.py] => Learning on 85-90
Time for task 8: 20.446861743927002
2025-05-09 10:06:10,161 [trainer.py] => No NME accuracy.
2025-05-09 10:06:10,162 [trainer.py] => CNN: {'total': 81.8, '00-49': 83.26, '50-54': 76.8, '55-59': 80.2, '60-64': 78.0, '65-69': 89.8, '70-74': 75.8, '75-79': 75.6, '80-84': 85.6, '85-89': 78.0, 'old': 82.02, 'new': 78.0}
2025-05-09 10:06:10,162 [trainer.py] => CNN top1 curve: [87.22, 85.51, 85.47, 85.02, 85.07, 83.84, 82.55, 82.18, 81.8]
2025-05-09 10:06:10,162 [trainer.py] => CNN top5 curve: [97.48, 96.96, 96.63, 96.58, 96.57, 96.16, 95.81, 95.75, 95.43]

Average Accuracy (CNN): 84.3
2025-05-09 10:06:10,162 [trainer.py] => Average Accuracy (CNN): 84.3 

2025-05-09 10:06:10,163 [trainer.py] => All params: 85867777
2025-05-09 10:06:10,164 [trainer.py] => Trainable params: 85867777
2025-05-09 10:06:10,175 [simplecil.py] => Learning on 90-95
Time for task 9: 20.318087816238403
2025-05-09 10:07:43,574 [trainer.py] => No NME accuracy.
2025-05-09 10:07:43,585 [trainer.py] => CNN: {'total': 81.93, '00-49': 82.92, '50-54': 76.0, '55-59': 80.2, '60-64': 78.0, '65-69': 89.6, '70-74': 75.6, '75-79': 74.4, '80-84': 85.6, '85-89': 78.0, '90-94': 90.0, 'old': 81.48, 'new': 90.0}
2025-05-09 10:07:43,586 [trainer.py] => CNN top1 curve: [87.22, 85.51, 85.47, 85.02, 85.07, 83.84, 82.55, 82.18, 81.8, 81.93]
2025-05-09 10:07:43,586 [trainer.py] => CNN top5 curve: [97.48, 96.96, 96.63, 96.58, 96.57, 96.16, 95.81, 95.75, 95.43, 95.39]

Average Accuracy (CNN): 84.06
2025-05-09 10:07:43,587 [trainer.py] => Average Accuracy (CNN): 84.06 

2025-05-09 10:07:43,588 [trainer.py] => All params: 85871617
2025-05-09 10:07:43,590 [trainer.py] => Trainable params: 85871617
2025-05-09 10:07:43,599 [simplecil.py] => Learning on 95-100
Time for task 10: 20.712047338485718
2025-05-09 10:09:21,413 [trainer.py] => No NME accuracy.
2025-05-09 10:09:21,430 [trainer.py] => CNN: {'total': 81.28, '00-49': 82.44, '50-54': 74.8, '55-59': 80.0, '60-64': 78.0, '65-69': 89.0, '70-74': 75.0, '75-79': 74.4, '80-84': 85.6, '85-89': 77.0, '90-94': 89.4, '95-99': 78.0, 'old': 81.45, 'new': 78.0}
2025-05-09 10:09:21,430 [trainer.py] => CNN top1 curve: [87.22, 85.51, 85.47, 85.02, 85.07, 83.84, 82.55, 82.18, 81.8, 81.93, 81.28]
2025-05-09 10:09:21,430 [trainer.py] => CNN top5 curve: [97.48, 96.96, 96.63, 96.58, 96.57, 96.16, 95.81, 95.75, 95.43, 95.39, 95.01]

Average Accuracy (CNN): 83.81
2025-05-09 10:09:21,430 [trainer.py] => Average Accuracy (CNN): 83.81 

Finished cifar224_init50_inc5: pretrained_vit_b16_224_in21k  
----------------------------------------------------------------------------------------------------
Accuracy Matrix (CNN):
[[87.22 85.96 85.68 85.6  85.2  84.68 84.1  83.44 83.26 82.92 82.44]
 [ 0.   81.   81.   81.   81.   81.   77.8  76.8  76.8  76.   74.8 ]
 [ 0.    0.   87.8  83.6  83.   81.4  80.2  80.2  80.2  80.2  80.  ]
 [ 0.    0.    0.   84.6  84.   80.   79.4  78.2  78.   78.   78.  ]
 [ 0.    0.    0.    0.   91.   90.6  89.8  89.8  89.8  89.6  89.  ]
 [ 0.    0.    0.    0.    0.   77.8  76.6  76.   75.8  75.6  75.  ]
 [ 0.    0.    0.    0.    0.    0.   76.   76.   75.6  74.4  74.4 ]
 [ 0.    0.    0.    0.    0.    0.    0.   85.6  85.6  85.6  85.6 ]
 [ 0.    0.    0.    0.    0.    0.    0.    0.   78.   78.   77.  ]
 [ 0.    0.    0.    0.    0.    0.    0.    0.    0.   90.   89.4 ]
 [ 0.    0.    0.    0.    0.    0.    0.    0.    0.    0.   78.  ]]
2025-05-09 10:09:21,434 [trainer.py] => Forgetting (CNN): 3.3379999999999983
2025-05-09 10:09:40,497 [trainer.py] => config: ./scripts/simplecil/simplecil_cifar_B50_Inc10.json
2025-05-09 10:09:40,498 [trainer.py] => prefix:  
2025-05-09 10:09:40,498 [trainer.py] => dataset: cifar224
2025-05-09 10:09:40,498 [trainer.py] => memory_size: 0
2025-05-09 10:09:40,498 [trainer.py] => memory_per_class: 0
2025-05-09 10:09:40,498 [trainer.py] => fixed_memory: False
2025-05-09 10:09:40,499 [trainer.py] => shuffle: True
2025-05-09 10:09:40,499 [trainer.py] => init_cls: 50
2025-05-09 10:09:40,499 [trainer.py] => increment: 10
2025-05-09 10:09:40,499 [trainer.py] => model_name: simplecil
2025-05-09 10:09:40,499 [trainer.py] => backbone_type: pretrained_vit_b16_224_in21k
2025-05-09 10:09:40,499 [trainer.py] => device: [device(type='cuda', index=0)]
2025-05-09 10:09:40,499 [trainer.py] => seed: 1993
2025-05-09 10:09:40,500 [trainer.py] => tuned_epoch: 0
2025-05-09 10:09:40,500 [trainer.py] => init_lr: 0.01
2025-05-09 10:09:40,500 [trainer.py] => batch_size: 48
2025-05-09 10:09:40,500 [trainer.py] => weight_decay: 0.05
2025-05-09 10:09:40,500 [trainer.py] => min_lr: 1e-08
2025-05-09 10:09:40,500 [trainer.py] => optimizer: sgd
2025-05-09 10:09:40,500 [trainer.py] => vpt_type: shallow
2025-05-09 10:09:40,501 [trainer.py] => prompt_token_num: 3
Files already downloaded and verified
Files already downloaded and verified
2025-05-09 10:09:42,770 [data_manager.py] => [68, 56, 78, 8, 23, 84, 90, 65, 74, 76, 40, 89, 3, 92, 55, 9, 26, 80, 43, 38, 58, 70, 77, 1, 85, 19, 17, 50, 28, 53, 13, 81, 45, 82, 6, 59, 83, 16, 15, 44, 91, 41, 72, 60, 79, 52, 20, 10, 31, 54, 37, 95, 14, 71, 96, 98, 97, 2, 64, 66, 42, 22, 35, 86, 24, 34, 87, 21, 99, 0, 88, 27, 18, 94, 11, 12, 47, 25, 30, 46, 62, 69, 36, 61, 7, 63, 75, 5, 32, 4, 51, 48, 73, 93, 39, 67, 29, 49, 57, 33]
This is for the BaseNet initialization.
After BaseNet initialization.
2025-05-09 10:09:51,402 [trainer.py] => All params: 85798656
2025-05-09 10:09:51,403 [trainer.py] => Trainable params: 85798656
2025-05-09 10:09:52,109 [simplecil.py] => Learning on 0-50
Time for task 0: 201.33193063735962
2025-05-09 10:13:52,155 [trainer.py] => No NME accuracy.
2025-05-09 10:13:52,156 [trainer.py] => CNN: {'total': 87.22, '00-49': 87.22, 'old': 0, 'new': 87.22}
2025-05-09 10:13:52,156 [trainer.py] => CNN top1 curve: [87.22]
2025-05-09 10:13:52,156 [trainer.py] => CNN top5 curve: [97.48]

Average Accuracy (CNN): 87.22
2025-05-09 10:13:52,156 [trainer.py] => Average Accuracy (CNN): 87.22 

2025-05-09 10:13:52,158 [trainer.py] => All params: 85837057
2025-05-09 10:13:52,160 [trainer.py] => Trainable params: 85837057
2025-05-09 10:13:52,166 [simplecil.py] => Learning on 50-60
Time for task 1: 41.354488134384155
2025-05-09 10:15:20,628 [trainer.py] => No NME accuracy.
2025-05-09 10:15:20,629 [trainer.py] => CNN: {'total': 85.47, '00-49': 85.68, '50-59': 84.4, 'old': 85.68, 'new': 84.4}
2025-05-09 10:15:20,629 [trainer.py] => CNN top1 curve: [87.22, 85.47]
2025-05-09 10:15:20,629 [trainer.py] => CNN top5 curve: [97.48, 96.63]

Average Accuracy (CNN): 86.34
2025-05-09 10:15:20,630 [trainer.py] => Average Accuracy (CNN): 86.34 

2025-05-09 10:15:20,631 [trainer.py] => All params: 85844737
2025-05-09 10:15:20,633 [trainer.py] => Trainable params: 85844737
2025-05-09 10:15:20,643 [simplecil.py] => Learning on 60-70
Time for task 2: 41.53173232078552
2025-05-09 10:16:57,435 [trainer.py] => No NME accuracy.
2025-05-09 10:16:57,435 [trainer.py] => CNN: {'total': 85.07, '00-49': 85.2, '50-59': 82.0, '60-69': 87.5, 'old': 84.67, 'new': 87.5}
2025-05-09 10:16:57,435 [trainer.py] => CNN top1 curve: [87.22, 85.47, 85.07]
2025-05-09 10:16:57,435 [trainer.py] => CNN top5 curve: [97.48, 96.63, 96.57]

Average Accuracy (CNN): 85.92
2025-05-09 10:16:57,435 [trainer.py] => Average Accuracy (CNN): 85.92 

2025-05-09 10:16:57,436 [trainer.py] => All params: 85852417
2025-05-09 10:16:57,436 [trainer.py] => Trainable params: 85852417
2025-05-09 10:16:57,442 [simplecil.py] => Learning on 70-80
Time for task 3: 41.68822240829468
2025-05-09 10:18:42,474 [trainer.py] => No NME accuracy.
2025-05-09 10:18:42,474 [trainer.py] => CNN: {'total': 82.55, '00-49': 84.1, '50-59': 79.0, '60-69': 84.6, '70-79': 76.3, 'old': 83.44, 'new': 76.3}
2025-05-09 10:18:42,474 [trainer.py] => CNN top1 curve: [87.22, 85.47, 85.07, 82.55]
2025-05-09 10:18:42,474 [trainer.py] => CNN top5 curve: [97.48, 96.63, 96.57, 95.81]

Average Accuracy (CNN): 85.08
2025-05-09 10:18:42,474 [trainer.py] => Average Accuracy (CNN): 85.08 

2025-05-09 10:18:42,475 [trainer.py] => All params: 85860097
2025-05-09 10:18:42,476 [trainer.py] => Trainable params: 85860097
2025-05-09 10:18:42,485 [simplecil.py] => Learning on 80-90
Time for task 4: 41.50085496902466
2025-05-09 10:20:35,057 [trainer.py] => No NME accuracy.
2025-05-09 10:20:35,057 [trainer.py] => CNN: {'total': 81.8, '00-49': 83.26, '50-59': 78.5, '60-69': 83.9, '70-79': 75.7, '80-89': 81.8, 'old': 81.8, 'new': 81.8}
2025-05-09 10:20:35,057 [trainer.py] => CNN top1 curve: [87.22, 85.47, 85.07, 82.55, 81.8]
2025-05-09 10:20:35,058 [trainer.py] => CNN top5 curve: [97.48, 96.63, 96.57, 95.81, 95.43]

Average Accuracy (CNN): 84.42
2025-05-09 10:20:35,058 [trainer.py] => Average Accuracy (CNN): 84.42 

2025-05-09 10:20:35,058 [trainer.py] => All params: 85867777
2025-05-09 10:20:35,059 [trainer.py] => Trainable params: 85867777
2025-05-09 10:20:35,066 [simplecil.py] => Learning on 90-100
Time for task 5: 41.023401498794556
2025-05-09 10:22:35,260 [trainer.py] => No NME accuracy.
2025-05-09 10:22:35,260 [trainer.py] => CNN: {'total': 81.28, '00-49': 82.44, '50-59': 77.4, '60-69': 83.5, '70-79': 74.7, '80-89': 81.3, '90-99': 83.7, 'old': 81.01, 'new': 83.7}
2025-05-09 10:22:35,260 [trainer.py] => CNN top1 curve: [87.22, 85.47, 85.07, 82.55, 81.8, 81.28]
2025-05-09 10:22:35,260 [trainer.py] => CNN top5 curve: [97.48, 96.63, 96.57, 95.81, 95.43, 95.01]

Average Accuracy (CNN): 83.9
2025-05-09 10:22:35,260 [trainer.py] => Average Accuracy (CNN): 83.9 

Finished cifar224_init50_inc10: pretrained_vit_b16_224_in21k  
----------------------------------------------------------------------------------------------------
Accuracy Matrix (CNN):
[[87.22 85.68 85.2  84.1  83.26 82.44]
 [ 0.   84.4  82.   79.   78.5  77.4 ]
 [ 0.    0.   87.5  84.6  83.9  83.5 ]
 [ 0.    0.    0.   76.3  75.7  74.7 ]
 [ 0.    0.    0.    0.   81.8  81.3 ]
 [ 0.    0.    0.    0.    0.   83.7 ]]
2025-05-09 10:22:35,261 [trainer.py] => Forgetting (CNN): 3.575999999999999
2025-05-09 10:22:37,995 [trainer.py] => config: ./scripts/simplecil/simplecil_cub_B0_Inc5.json
2025-05-09 10:22:37,996 [trainer.py] => prefix:  
2025-05-09 10:22:37,996 [trainer.py] => dataset: cub
2025-05-09 10:22:37,996 [trainer.py] => memory_size: 0
2025-05-09 10:22:37,996 [trainer.py] => memory_per_class: 0
2025-05-09 10:22:37,996 [trainer.py] => fixed_memory: False
2025-05-09 10:22:37,996 [trainer.py] => shuffle: True
2025-05-09 10:22:37,996 [trainer.py] => init_cls: 5
2025-05-09 10:22:37,996 [trainer.py] => increment: 5
2025-05-09 10:22:37,996 [trainer.py] => model_name: simplecil
2025-05-09 10:22:37,996 [trainer.py] => backbone_type: pretrained_vit_b16_224_in21k
2025-05-09 10:22:37,996 [trainer.py] => device: [device(type='cuda', index=0)]
2025-05-09 10:22:37,996 [trainer.py] => seed: 1993
2025-05-09 10:22:37,996 [trainer.py] => tuned_epoch: 0
2025-05-09 10:22:37,996 [trainer.py] => init_lr: 0.01
2025-05-09 10:22:37,996 [trainer.py] => batch_size: 48
2025-05-09 10:22:37,996 [trainer.py] => weight_decay: 0.05
2025-05-09 10:22:37,996 [trainer.py] => min_lr: 1e-08
2025-05-09 10:22:37,996 [trainer.py] => optimizer: sgd
2025-05-09 10:22:37,996 [trainer.py] => vpt_type: shallow
2025-05-09 10:22:37,996 [trainer.py] => prompt_token_num: 3
2025-05-09 10:22:39,092 [data_manager.py] => [168, 136, 51, 9, 183, 101, 171, 99, 42, 159, 191, 70, 16, 188, 27, 10, 175, 26, 68, 187, 98, 6, 85, 35, 112, 43, 100, 0, 103, 181, 88, 59, 4, 2, 116, 174, 94, 80, 106, 1, 147, 17, 141, 131, 72, 23, 173, 54, 197, 118, 87, 32, 79, 104, 91, 19, 135, 107, 178, 36, 11, 199, 142, 8, 122, 3, 28, 57, 153, 172, 190, 56, 49, 44, 97, 62, 151, 169, 194, 55, 192, 12, 189, 78, 66, 180, 15, 137, 109, 134, 92, 119, 126, 52, 170, 40, 148, 65, 144, 64, 138, 45, 77, 89, 154, 90, 71, 193, 74, 30, 113, 143, 96, 84, 67, 50, 186, 156, 69, 21, 18, 111, 108, 58, 125, 157, 150, 110, 182, 129, 166, 83, 81, 60, 13, 165, 14, 176, 63, 117, 5, 22, 145, 121, 38, 41, 82, 127, 114, 20, 31, 53, 37, 163, 196, 130, 152, 162, 86, 76, 24, 34, 184, 149, 33, 128, 198, 155, 146, 167, 139, 120, 140, 102, 47, 25, 158, 123, 46, 164, 61, 7, 115, 75, 133, 160, 105, 132, 179, 124, 48, 73, 93, 39, 95, 195, 29, 177, 185, 161]
This is for the BaseNet initialization.
After BaseNet initialization.
2025-05-09 10:22:44,244 [trainer.py] => All params: 85798656
2025-05-09 10:22:44,244 [trainer.py] => Trainable params: 85798656
2025-05-09 10:22:45,965 [simplecil.py] => Learning on 0-5
Time for task 0: 6.662640333175659
2025-05-09 10:22:53,099 [trainer.py] => No NME accuracy.
2025-05-09 10:22:53,100 [trainer.py] => CNN: {'total': 100.0, '00-04': 100.0, 'old': 0, 'new': 100.0}
2025-05-09 10:22:53,100 [trainer.py] => CNN top1 curve: [100.0]
2025-05-09 10:22:53,100 [trainer.py] => CNN top5 curve: [100.0]

Average Accuracy (CNN): 100.0
2025-05-09 10:22:53,100 [trainer.py] => Average Accuracy (CNN): 100.0 

2025-05-09 10:22:53,101 [trainer.py] => All params: 85802497
2025-05-09 10:22:53,103 [trainer.py] => Trainable params: 85802497
2025-05-09 10:22:53,114 [simplecil.py] => Learning on 5-10
Time for task 1: 3.163724422454834
2025-05-09 10:22:58,332 [trainer.py] => No NME accuracy.
2025-05-09 10:22:58,333 [trainer.py] => CNN: {'total': 100.0, '00-04': 100.0, '05-09': 100.0, 'old': 100.0, 'new': 100.0}
2025-05-09 10:22:58,333 [trainer.py] => CNN top1 curve: [100.0, 100.0]
2025-05-09 10:22:58,333 [trainer.py] => CNN top5 curve: [100.0, 100.0]

Average Accuracy (CNN): 100.0
2025-05-09 10:22:58,333 [trainer.py] => Average Accuracy (CNN): 100.0 

2025-05-09 10:22:58,333 [trainer.py] => All params: 85806337
2025-05-09 10:22:58,334 [trainer.py] => Trainable params: 85806337
2025-05-09 10:22:58,346 [simplecil.py] => Learning on 10-15
Time for task 2: 3.044114112854004
2025-05-09 10:23:03,143 [trainer.py] => No NME accuracy.
2025-05-09 10:23:03,144 [trainer.py] => CNN: {'total': 100.0, '00-04': 100.0, '05-09': 100.0, '10-14': 100.0, 'old': 100.0, 'new': 100.0}
2025-05-09 10:23:03,144 [trainer.py] => CNN top1 curve: [100.0, 100.0, 100.0]
2025-05-09 10:23:03,144 [trainer.py] => CNN top5 curve: [100.0, 100.0, 100.0]

Average Accuracy (CNN): 100.0
2025-05-09 10:23:03,144 [trainer.py] => Average Accuracy (CNN): 100.0 

2025-05-09 10:23:03,146 [trainer.py] => All params: 85810177
2025-05-09 10:23:03,148 [trainer.py] => Trainable params: 85810177
2025-05-09 10:23:03,160 [simplecil.py] => Learning on 15-20
Time for task 3: 2.93613338470459
2025-05-09 10:23:08,521 [trainer.py] => No NME accuracy.
2025-05-09 10:23:08,521 [trainer.py] => CNN: {'total': 98.38, '00-04': 98.11, '05-09': 100.0, '10-14': 100.0, '15-19': 95.65, 'old': 99.44, 'new': 95.65}
2025-05-09 10:23:08,521 [trainer.py] => CNN top1 curve: [100.0, 100.0, 100.0, 98.38]
2025-05-09 10:23:08,522 [trainer.py] => CNN top5 curve: [100.0, 100.0, 100.0, 100.0]

Average Accuracy (CNN): 99.6
2025-05-09 10:23:08,522 [trainer.py] => Average Accuracy (CNN): 99.6 

2025-05-09 10:23:08,524 [trainer.py] => All params: 85814017
2025-05-09 10:23:08,526 [trainer.py] => Trainable params: 85814017
2025-05-09 10:23:08,531 [simplecil.py] => Learning on 20-25
Time for task 4: 3.3059842586517334
2025-05-09 10:23:14,485 [trainer.py] => No NME accuracy.
2025-05-09 10:23:14,485 [trainer.py] => CNN: {'total': 98.23, '00-04': 98.11, '05-09': 100.0, '10-14': 100.0, '15-19': 95.65, '20-24': 97.22, 'old': 98.38, 'new': 97.22}
2025-05-09 10:23:14,485 [trainer.py] => CNN top1 curve: [100.0, 100.0, 100.0, 98.38, 98.23]
2025-05-09 10:23:14,486 [trainer.py] => CNN top5 curve: [100.0, 100.0, 100.0, 100.0, 99.65]

Average Accuracy (CNN): 99.32
2025-05-09 10:23:14,486 [trainer.py] => Average Accuracy (CNN): 99.32 

2025-05-09 10:23:14,488 [trainer.py] => All params: 85817857
2025-05-09 10:23:14,490 [trainer.py] => Trainable params: 85817857
2025-05-09 10:23:14,498 [simplecil.py] => Learning on 25-30
Time for task 5: 2.932155132293701
2025-05-09 10:23:20,604 [trainer.py] => No NME accuracy.
2025-05-09 10:23:20,605 [trainer.py] => CNN: {'total': 98.26, '00-04': 98.11, '05-09': 100.0, '10-14': 100.0, '15-19': 95.65, '20-24': 97.22, '25-29': 98.36, 'old': 98.23, 'new': 98.36}
2025-05-09 10:23:20,605 [trainer.py] => CNN top1 curve: [100.0, 100.0, 100.0, 98.38, 98.23, 98.26]
2025-05-09 10:23:20,605 [trainer.py] => CNN top5 curve: [100.0, 100.0, 100.0, 100.0, 99.65, 99.71]

Average Accuracy (CNN): 99.14
2025-05-09 10:23:20,605 [trainer.py] => Average Accuracy (CNN): 99.14 

2025-05-09 10:23:20,607 [trainer.py] => All params: 85821697
2025-05-09 10:23:20,609 [trainer.py] => Trainable params: 85821697
2025-05-09 10:23:20,617 [simplecil.py] => Learning on 30-35
Time for task 6: 2.9512779712677
2025-05-09 10:23:27,152 [trainer.py] => No NME accuracy.
2025-05-09 10:23:27,153 [trainer.py] => CNN: {'total': 98.0, '00-04': 98.11, '05-09': 100.0, '10-14': 98.33, '15-19': 95.65, '20-24': 97.22, '25-29': 98.36, '30-34': 98.25, 'old': 97.97, 'new': 98.25}
2025-05-09 10:23:27,153 [trainer.py] => CNN top1 curve: [100.0, 100.0, 100.0, 98.38, 98.23, 98.26, 98.0]
2025-05-09 10:23:27,153 [trainer.py] => CNN top5 curve: [100.0, 100.0, 100.0, 100.0, 99.65, 99.71, 99.75]

Average Accuracy (CNN): 98.98
2025-05-09 10:23:27,153 [trainer.py] => Average Accuracy (CNN): 98.98 

2025-05-09 10:23:27,153 [trainer.py] => All params: 85825537
2025-05-09 10:23:27,154 [trainer.py] => Trainable params: 85825537
2025-05-09 10:23:27,163 [simplecil.py] => Learning on 35-40
Time for task 7: 3.6695268154144287
2025-05-09 10:23:34,838 [trainer.py] => No NME accuracy.
2025-05-09 10:23:34,838 [trainer.py] => CNN: {'total': 97.8, '00-04': 98.11, '05-09': 100.0, '10-14': 98.33, '15-19': 95.65, '20-24': 97.22, '25-29': 98.36, '30-34': 98.25, '35-39': 96.23, 'old': 98.0, 'new': 96.23}
2025-05-09 10:23:34,838 [trainer.py] => CNN top1 curve: [100.0, 100.0, 100.0, 98.38, 98.23, 98.26, 98.0, 97.8]
2025-05-09 10:23:34,838 [trainer.py] => CNN top5 curve: [100.0, 100.0, 100.0, 100.0, 99.65, 99.71, 99.75, 99.78]

Average Accuracy (CNN): 98.83
2025-05-09 10:23:34,838 [trainer.py] => Average Accuracy (CNN): 98.83 

2025-05-09 10:23:34,839 [trainer.py] => All params: 85829377
2025-05-09 10:23:34,840 [trainer.py] => Trainable params: 85829377
2025-05-09 10:23:34,846 [simplecil.py] => Learning on 40-45
Time for task 8: 3.6159439086914062
2025-05-09 10:23:42,975 [trainer.py] => No NME accuracy.
2025-05-09 10:23:42,975 [trainer.py] => CNN: {'total': 98.02, '00-04': 98.11, '05-09': 100.0, '10-14': 98.33, '15-19': 95.65, '20-24': 97.22, '25-29': 98.36, '30-34': 98.25, '35-39': 96.23, '40-44': 100.0, 'old': 97.8, 'new': 100.0}
2025-05-09 10:23:42,975 [trainer.py] => CNN top1 curve: [100.0, 100.0, 100.0, 98.38, 98.23, 98.26, 98.0, 97.8, 98.02]
2025-05-09 10:23:42,975 [trainer.py] => CNN top5 curve: [100.0, 100.0, 100.0, 100.0, 99.65, 99.71, 99.75, 99.78, 99.6]

Average Accuracy (CNN): 98.74
2025-05-09 10:23:42,975 [trainer.py] => Average Accuracy (CNN): 98.74 

2025-05-09 10:23:42,976 [trainer.py] => All params: 85833217
2025-05-09 10:23:42,977 [trainer.py] => Trainable params: 85833217
2025-05-09 10:23:42,984 [simplecil.py] => Learning on 45-50
Time for task 9: 3.05550479888916
2025-05-09 10:23:50,930 [trainer.py] => No NME accuracy.
2025-05-09 10:23:50,931 [trainer.py] => CNN: {'total': 97.5, '00-04': 96.23, '05-09': 100.0, '10-14': 98.33, '15-19': 95.65, '20-24': 97.22, '25-29': 98.36, '30-34': 96.49, '35-39': 96.23, '40-44': 100.0, '45-49': 96.36, 'old': 97.63, 'new': 96.36}
2025-05-09 10:23:50,931 [trainer.py] => CNN top1 curve: [100.0, 100.0, 100.0, 98.38, 98.23, 98.26, 98.0, 97.8, 98.02, 97.5]
2025-05-09 10:23:50,931 [trainer.py] => CNN top5 curve: [100.0, 100.0, 100.0, 100.0, 99.65, 99.71, 99.75, 99.78, 99.6, 99.64]

Average Accuracy (CNN): 98.62
2025-05-09 10:23:50,931 [trainer.py] => Average Accuracy (CNN): 98.62 

2025-05-09 10:23:50,931 [trainer.py] => All params: 85837057
2025-05-09 10:23:50,932 [trainer.py] => Trainable params: 85837057
2025-05-09 10:23:50,936 [simplecil.py] => Learning on 50-55
Time for task 10: 3.4910054206848145
2025-05-09 10:23:59,465 [trainer.py] => No NME accuracy.
2025-05-09 10:23:59,466 [trainer.py] => CNN: {'total': 97.22, '00-04': 96.23, '05-09': 100.0, '10-14': 98.33, '15-19': 95.65, '20-24': 97.22, '25-29': 98.36, '30-34': 96.49, '35-39': 96.23, '40-44': 100.0, '45-49': 96.36, '50-54': 94.12, 'old': 97.5, 'new': 94.12}
2025-05-09 10:23:59,466 [trainer.py] => CNN top1 curve: [100.0, 100.0, 100.0, 98.38, 98.23, 98.26, 98.0, 97.8, 98.02, 97.5, 97.22]
2025-05-09 10:23:59,466 [trainer.py] => CNN top5 curve: [100.0, 100.0, 100.0, 100.0, 99.65, 99.71, 99.75, 99.78, 99.6, 99.64, 99.51]

Average Accuracy (CNN): 98.49
2025-05-09 10:23:59,466 [trainer.py] => Average Accuracy (CNN): 98.49 

2025-05-09 10:23:59,468 [trainer.py] => All params: 85840897
2025-05-09 10:23:59,470 [trainer.py] => Trainable params: 85840897
2025-05-09 10:23:59,477 [simplecil.py] => Learning on 55-60
Time for task 11: 3.5003409385681152
2025-05-09 10:24:08,728 [trainer.py] => No NME accuracy.
2025-05-09 10:24:08,729 [trainer.py] => CNN: {'total': 94.79, '00-04': 92.45, '05-09': 90.77, '10-14': 98.33, '15-19': 95.65, '20-24': 97.22, '25-29': 98.36, '30-34': 96.49, '35-39': 96.23, '40-44': 98.08, '45-49': 96.36, '50-54': 94.12, '55-59': 85.0, 'old': 95.75, 'new': 85.0}
2025-05-09 10:24:08,729 [trainer.py] => CNN top1 curve: [100.0, 100.0, 100.0, 98.38, 98.23, 98.26, 98.0, 97.8, 98.02, 97.5, 97.22, 94.79]
2025-05-09 10:24:08,729 [trainer.py] => CNN top5 curve: [100.0, 100.0, 100.0, 100.0, 99.65, 99.71, 99.75, 99.78, 99.6, 99.64, 99.51, 99.26]

Average Accuracy (CNN): 98.18
2025-05-09 10:24:08,729 [trainer.py] => Average Accuracy (CNN): 98.18 

2025-05-09 10:24:08,729 [trainer.py] => All params: 85844737
2025-05-09 10:24:08,730 [trainer.py] => Trainable params: 85844737
2025-05-09 10:24:08,736 [simplecil.py] => Learning on 60-65
Time for task 12: 3.313948631286621
2025-05-09 10:24:18,257 [trainer.py] => No NME accuracy.
2025-05-09 10:24:18,258 [trainer.py] => CNN: {'total': 94.22, '00-04': 92.45, '05-09': 90.77, '10-14': 98.33, '15-19': 91.3, '20-24': 97.22, '25-29': 98.36, '30-34': 96.49, '35-39': 96.23, '40-44': 96.15, '45-49': 96.36, '50-54': 94.12, '55-59': 85.0, '60-64': 94.55, 'old': 94.2, 'new': 94.55}
2025-05-09 10:24:18,258 [trainer.py] => CNN top1 curve: [100.0, 100.0, 100.0, 98.38, 98.23, 98.26, 98.0, 97.8, 98.02, 97.5, 97.22, 94.79, 94.22]
2025-05-09 10:24:18,258 [trainer.py] => CNN top5 curve: [100.0, 100.0, 100.0, 100.0, 99.65, 99.71, 99.75, 99.78, 99.6, 99.64, 99.51, 99.26, 99.31]

Average Accuracy (CNN): 97.88
2025-05-09 10:24:18,259 [trainer.py] => Average Accuracy (CNN): 97.88 

2025-05-09 10:24:18,261 [trainer.py] => All params: 85848577
2025-05-09 10:24:18,262 [trainer.py] => Trainable params: 85848577
2025-05-09 10:24:18,273 [simplecil.py] => Learning on 65-70
Time for task 13: 3.454848289489746
2025-05-09 10:24:28,253 [trainer.py] => No NME accuracy.
2025-05-09 10:24:28,254 [trainer.py] => CNN: {'total': 92.67, '00-04': 92.45, '05-09': 89.23, '10-14': 98.33, '15-19': 86.96, '20-24': 97.22, '25-29': 98.36, '30-34': 96.49, '35-39': 94.34, '40-44': 96.15, '45-49': 96.36, '50-54': 94.12, '55-59': 81.67, '60-64': 94.55, '65-69': 84.31, 'old': 93.26, 'new': 84.31}
2025-05-09 10:24:28,254 [trainer.py] => CNN top1 curve: [100.0, 100.0, 100.0, 98.38, 98.23, 98.26, 98.0, 97.8, 98.02, 97.5, 97.22, 94.79, 94.22, 92.67]
2025-05-09 10:24:28,254 [trainer.py] => CNN top5 curve: [100.0, 100.0, 100.0, 100.0, 99.65, 99.71, 99.75, 99.78, 99.6, 99.64, 99.51, 99.26, 99.31, 99.23]

Average Accuracy (CNN): 97.51
2025-05-09 10:24:28,254 [trainer.py] => Average Accuracy (CNN): 97.51 

2025-05-09 10:24:28,255 [trainer.py] => All params: 85852417
2025-05-09 10:24:28,256 [trainer.py] => Trainable params: 85852417
2025-05-09 10:24:28,262 [simplecil.py] => Learning on 70-75
Time for task 14: 3.3434653282165527
2025-05-09 10:24:38,354 [trainer.py] => No NME accuracy.
2025-05-09 10:24:38,354 [trainer.py] => CNN: {'total': 93.04, '00-04': 92.45, '05-09': 89.23, '10-14': 98.33, '15-19': 86.96, '20-24': 97.22, '25-29': 98.36, '30-34': 96.49, '35-39': 94.34, '40-44': 96.15, '45-49': 96.36, '50-54': 94.12, '55-59': 81.67, '60-64': 94.55, '65-69': 84.31, '70-74': 97.14, 'old': 92.67, 'new': 97.14}
2025-05-09 10:24:38,354 [trainer.py] => CNN top1 curve: [100.0, 100.0, 100.0, 98.38, 98.23, 98.26, 98.0, 97.8, 98.02, 97.5, 97.22, 94.79, 94.22, 92.67, 93.04]
2025-05-09 10:24:38,354 [trainer.py] => CNN top5 curve: [100.0, 100.0, 100.0, 100.0, 99.65, 99.71, 99.75, 99.78, 99.6, 99.64, 99.51, 99.26, 99.31, 99.23, 99.17]

Average Accuracy (CNN): 97.21
2025-05-09 10:24:38,354 [trainer.py] => Average Accuracy (CNN): 97.21 

2025-05-09 10:24:38,355 [trainer.py] => All params: 85856257
2025-05-09 10:24:38,355 [trainer.py] => Trainable params: 85856257
2025-05-09 10:24:38,366 [simplecil.py] => Learning on 75-80
Time for task 15: 3.439032554626465
2025-05-09 10:24:49,500 [trainer.py] => No NME accuracy.
2025-05-09 10:24:49,500 [trainer.py] => CNN: {'total': 93.25, '00-04': 92.45, '05-09': 89.23, '10-14': 98.33, '15-19': 86.96, '20-24': 97.22, '25-29': 98.36, '30-34': 96.49, '35-39': 94.34, '40-44': 96.15, '45-49': 96.36, '50-54': 94.12, '55-59': 81.67, '60-64': 94.55, '65-69': 84.31, '70-74': 97.14, '75-79': 95.77, 'old': 93.04, 'new': 95.77}
2025-05-09 10:24:49,500 [trainer.py] => CNN top1 curve: [100.0, 100.0, 100.0, 98.38, 98.23, 98.26, 98.0, 97.8, 98.02, 97.5, 97.22, 94.79, 94.22, 92.67, 93.04, 93.25]
2025-05-09 10:24:49,500 [trainer.py] => CNN top5 curve: [100.0, 100.0, 100.0, 100.0, 99.65, 99.71, 99.75, 99.78, 99.6, 99.64, 99.51, 99.26, 99.31, 99.23, 99.17, 99.02]

Average Accuracy (CNN): 96.96
2025-05-09 10:24:49,500 [trainer.py] => Average Accuracy (CNN): 96.96 

2025-05-09 10:24:49,501 [trainer.py] => All params: 85860097
2025-05-09 10:24:49,501 [trainer.py] => Trainable params: 85860097
2025-05-09 10:24:49,509 [simplecil.py] => Learning on 80-85
Time for task 16: 3.6113088130950928
2025-05-09 10:25:01,289 [trainer.py] => No NME accuracy.
2025-05-09 10:25:01,290 [trainer.py] => CNN: {'total': 93.18, '00-04': 92.45, '05-09': 89.23, '10-14': 98.33, '15-19': 84.06, '20-24': 97.22, '25-29': 98.36, '30-34': 96.49, '35-39': 94.34, '40-44': 96.15, '45-49': 96.36, '50-54': 92.16, '55-59': 81.67, '60-64': 94.55, '65-69': 84.31, '70-74': 97.14, '75-79': 95.77, '80-84': 96.83, 'old': 92.93, 'new': 96.83}
2025-05-09 10:25:01,290 [trainer.py] => CNN top1 curve: [100.0, 100.0, 100.0, 98.38, 98.23, 98.26, 98.0, 97.8, 98.02, 97.5, 97.22, 94.79, 94.22, 92.67, 93.04, 93.25, 93.18]
2025-05-09 10:25:01,290 [trainer.py] => CNN top5 curve: [100.0, 100.0, 100.0, 100.0, 99.65, 99.71, 99.75, 99.78, 99.6, 99.64, 99.51, 99.26, 99.31, 99.23, 99.17, 99.02, 99.08]

Average Accuracy (CNN): 96.74
2025-05-09 10:25:01,290 [trainer.py] => Average Accuracy (CNN): 96.74 

2025-05-09 10:25:01,292 [trainer.py] => All params: 85863937
2025-05-09 10:25:01,294 [trainer.py] => Trainable params: 85863937
2025-05-09 10:25:01,306 [simplecil.py] => Learning on 85-90
Time for task 17: 3.380768299102783
2025-05-09 10:25:13,468 [trainer.py] => No NME accuracy.
2025-05-09 10:25:13,468 [trainer.py] => CNN: {'total': 93.06, '00-04': 92.45, '05-09': 89.23, '10-14': 98.33, '15-19': 84.06, '20-24': 97.22, '25-29': 98.36, '30-34': 96.49, '35-39': 94.34, '40-44': 96.15, '45-49': 96.36, '50-54': 92.16, '55-59': 81.67, '60-64': 94.55, '65-69': 84.31, '70-74': 97.14, '75-79': 95.77, '80-84': 96.83, '85-89': 91.43, 'old': 93.18, 'new': 91.43}
2025-05-09 10:25:13,468 [trainer.py] => CNN top1 curve: [100.0, 100.0, 100.0, 98.38, 98.23, 98.26, 98.0, 97.8, 98.02, 97.5, 97.22, 94.79, 94.22, 92.67, 93.04, 93.25, 93.18, 93.06]
2025-05-09 10:25:13,468 [trainer.py] => CNN top5 curve: [100.0, 100.0, 100.0, 100.0, 99.65, 99.71, 99.75, 99.78, 99.6, 99.64, 99.51, 99.26, 99.31, 99.23, 99.17, 99.02, 99.08, 99.14]

Average Accuracy (CNN): 96.53
2025-05-09 10:25:13,468 [trainer.py] => Average Accuracy (CNN): 96.53 

2025-05-09 10:25:13,469 [trainer.py] => All params: 85867777
2025-05-09 10:25:13,469 [trainer.py] => Trainable params: 85867777
2025-05-09 10:25:13,476 [simplecil.py] => Learning on 90-95
Time for task 18: 3.7857587337493896
2025-05-09 10:25:26,178 [trainer.py] => No NME accuracy.
2025-05-09 10:25:26,178 [trainer.py] => CNN: {'total': 93.1, '00-04': 92.45, '05-09': 89.23, '10-14': 98.33, '15-19': 84.06, '20-24': 97.22, '25-29': 98.36, '30-34': 96.49, '35-39': 94.34, '40-44': 96.15, '45-49': 96.36, '50-54': 92.16, '55-59': 81.67, '60-64': 94.55, '65-69': 84.31, '70-74': 97.14, '75-79': 95.77, '80-84': 96.83, '85-89': 91.43, '90-94': 93.67, 'old': 93.06, 'new': 93.67}
2025-05-09 10:25:26,178 [trainer.py] => CNN top1 curve: [100.0, 100.0, 100.0, 98.38, 98.23, 98.26, 98.0, 97.8, 98.02, 97.5, 97.22, 94.79, 94.22, 92.67, 93.04, 93.25, 93.18, 93.06, 93.1]
2025-05-09 10:25:26,178 [trainer.py] => CNN top5 curve: [100.0, 100.0, 100.0, 100.0, 99.65, 99.71, 99.75, 99.78, 99.6, 99.64, 99.51, 99.26, 99.31, 99.23, 99.17, 99.02, 99.08, 99.14, 99.12]

Average Accuracy (CNN): 96.35
2025-05-09 10:25:26,179 [trainer.py] => Average Accuracy (CNN): 96.35 

2025-05-09 10:25:26,180 [trainer.py] => All params: 85871617
2025-05-09 10:25:26,181 [trainer.py] => Trainable params: 85871617
2025-05-09 10:25:26,193 [simplecil.py] => Learning on 95-100
Time for task 19: 3.3963067531585693
2025-05-09 10:25:39,399 [trainer.py] => No NME accuracy.
2025-05-09 10:25:39,399 [trainer.py] => CNN: {'total': 91.92, '00-04': 92.45, '05-09': 89.23, '10-14': 98.33, '15-19': 84.06, '20-24': 97.22, '25-29': 98.36, '30-34': 87.72, '35-39': 94.34, '40-44': 96.15, '45-49': 96.36, '50-54': 92.16, '55-59': 81.67, '60-64': 92.73, '65-69': 84.31, '70-74': 97.14, '75-79': 95.77, '80-84': 96.83, '85-89': 91.43, '90-94': 93.67, '95-99': 78.95, 'old': 92.57, 'new': 78.95}
2025-05-09 10:25:39,400 [trainer.py] => CNN top1 curve: [100.0, 100.0, 100.0, 98.38, 98.23, 98.26, 98.0, 97.8, 98.02, 97.5, 97.22, 94.79, 94.22, 92.67, 93.04, 93.25, 93.18, 93.06, 93.1, 91.92]
2025-05-09 10:25:39,400 [trainer.py] => CNN top5 curve: [100.0, 100.0, 100.0, 100.0, 99.65, 99.71, 99.75, 99.78, 99.6, 99.64, 99.51, 99.26, 99.31, 99.23, 99.17, 99.02, 99.08, 99.14, 99.12, 99.07]

Average Accuracy (CNN): 96.13
2025-05-09 10:25:39,400 [trainer.py] => Average Accuracy (CNN): 96.13 

2025-05-09 10:25:39,402 [trainer.py] => All params: 85875457
2025-05-09 10:25:39,404 [trainer.py] => Trainable params: 85875457
2025-05-09 10:25:39,414 [simplecil.py] => Learning on 100-105
Time for task 20: 3.8198602199554443
2025-05-09 10:25:53,298 [trainer.py] => No NME accuracy.
2025-05-09 10:25:53,299 [trainer.py] => CNN: {'total': 92.11, '00-04': 92.45, '05-09': 89.23, '10-14': 98.33, '15-19': 84.06, '20-24': 97.22, '25-29': 98.36, '30-34': 87.72, '35-39': 94.34, '40-44': 96.15, '45-49': 96.36, '50-54': 92.16, '55-59': 81.67, '60-64': 92.73, '65-69': 82.35, '70-74': 97.14, '75-79': 95.77, '80-84': 96.83, '85-89': 91.43, '90-94': 93.67, '95-99': 78.95, '100-104': 98.15, 'old': 91.84, 'new': 98.15}
2025-05-09 10:25:53,299 [trainer.py] => CNN top1 curve: [100.0, 100.0, 100.0, 98.38, 98.23, 98.26, 98.0, 97.8, 98.02, 97.5, 97.22, 94.79, 94.22, 92.67, 93.04, 93.25, 93.18, 93.06, 93.1, 91.92, 92.11]
2025-05-09 10:25:53,299 [trainer.py] => CNN top5 curve: [100.0, 100.0, 100.0, 100.0, 99.65, 99.71, 99.75, 99.78, 99.6, 99.64, 99.51, 99.26, 99.31, 99.23, 99.17, 99.02, 99.08, 99.14, 99.12, 99.07, 99.03]

Average Accuracy (CNN): 95.94
2025-05-09 10:25:53,299 [trainer.py] => Average Accuracy (CNN): 95.94 

2025-05-09 10:25:53,299 [trainer.py] => All params: 85879297
2025-05-09 10:25:53,300 [trainer.py] => Trainable params: 85879297
2025-05-09 10:25:53,306 [simplecil.py] => Learning on 105-110
Time for task 21: 3.651031494140625
2025-05-09 10:26:07,357 [trainer.py] => No NME accuracy.
2025-05-09 10:26:07,357 [trainer.py] => CNN: {'total': 91.71, '00-04': 92.45, '05-09': 89.23, '10-14': 95.0, '15-19': 84.06, '20-24': 97.22, '25-29': 98.36, '30-34': 87.72, '35-39': 94.34, '40-44': 96.15, '45-49': 96.36, '50-54': 92.16, '55-59': 81.67, '60-64': 92.73, '65-69': 82.35, '70-74': 97.14, '75-79': 95.77, '80-84': 96.83, '85-89': 91.43, '90-94': 93.67, '95-99': 78.95, '100-104': 98.15, '105-109': 86.89, 'old': 91.95, 'new': 86.89}
2025-05-09 10:26:07,357 [trainer.py] => CNN top1 curve: [100.0, 100.0, 100.0, 98.38, 98.23, 98.26, 98.0, 97.8, 98.02, 97.5, 97.22, 94.79, 94.22, 92.67, 93.04, 93.25, 93.18, 93.06, 93.1, 91.92, 92.11, 91.71]
2025-05-09 10:26:07,357 [trainer.py] => CNN top5 curve: [100.0, 100.0, 100.0, 100.0, 99.65, 99.71, 99.75, 99.78, 99.6, 99.64, 99.51, 99.26, 99.31, 99.23, 99.17, 99.02, 99.08, 99.14, 99.12, 99.07, 99.03, 99.0]

Average Accuracy (CNN): 95.75
2025-05-09 10:26:07,357 [trainer.py] => Average Accuracy (CNN): 95.75 

2025-05-09 10:26:07,358 [trainer.py] => All params: 85883137
2025-05-09 10:26:07,358 [trainer.py] => Trainable params: 85883137
2025-05-09 10:26:07,366 [simplecil.py] => Learning on 110-115
Time for task 22: 3.5435166358947754
2025-05-09 10:26:22,236 [trainer.py] => No NME accuracy.
2025-05-09 10:26:22,236 [trainer.py] => CNN: {'total': 91.08, '00-04': 92.45, '05-09': 89.23, '10-14': 95.0, '15-19': 84.06, '20-24': 97.22, '25-29': 98.36, '30-34': 87.72, '35-39': 94.34, '40-44': 96.15, '45-49': 96.36, '50-54': 92.16, '55-59': 81.67, '60-64': 89.09, '65-69': 82.35, '70-74': 97.14, '75-79': 95.77, '80-84': 95.24, '85-89': 91.43, '90-94': 93.67, '95-99': 77.19, '100-104': 98.15, '105-109': 86.89, '110-114': 84.38, 'old': 91.4, 'new': 84.38}
2025-05-09 10:26:22,236 [trainer.py] => CNN top1 curve: [100.0, 100.0, 100.0, 98.38, 98.23, 98.26, 98.0, 97.8, 98.02, 97.5, 97.22, 94.79, 94.22, 92.67, 93.04, 93.25, 93.18, 93.06, 93.1, 91.92, 92.11, 91.71, 91.08]
2025-05-09 10:26:22,236 [trainer.py] => CNN top5 curve: [100.0, 100.0, 100.0, 100.0, 99.65, 99.71, 99.75, 99.78, 99.6, 99.64, 99.51, 99.26, 99.31, 99.23, 99.17, 99.02, 99.08, 99.14, 99.12, 99.07, 99.03, 99.0, 98.83]

Average Accuracy (CNN): 95.55
2025-05-09 10:26:22,236 [trainer.py] => Average Accuracy (CNN): 95.55 

2025-05-09 10:26:22,237 [trainer.py] => All params: 85886977
2025-05-09 10:26:22,237 [trainer.py] => Trainable params: 85886977
2025-05-09 10:26:22,244 [simplecil.py] => Learning on 115-120
Time for task 23: 3.5517261028289795
2025-05-09 10:26:37,351 [trainer.py] => No NME accuracy.
2025-05-09 10:26:37,351 [trainer.py] => CNN: {'total': 90.18, '00-04': 92.45, '05-09': 89.23, '10-14': 95.0, '15-19': 84.06, '20-24': 97.22, '25-29': 98.36, '30-34': 87.72, '35-39': 94.34, '40-44': 96.15, '45-49': 96.36, '50-54': 92.16, '55-59': 81.67, '60-64': 89.09, '65-69': 82.35, '70-74': 84.29, '75-79': 95.77, '80-84': 95.24, '85-89': 91.43, '90-94': 93.67, '95-99': 77.19, '100-104': 98.15, '105-109': 86.89, '110-114': 84.38, '115-119': 83.67, 'old': 90.42, 'new': 83.67}
2025-05-09 10:26:37,351 [trainer.py] => CNN top1 curve: [100.0, 100.0, 100.0, 98.38, 98.23, 98.26, 98.0, 97.8, 98.02, 97.5, 97.22, 94.79, 94.22, 92.67, 93.04, 93.25, 93.18, 93.06, 93.1, 91.92, 92.11, 91.71, 91.08, 90.18]
2025-05-09 10:26:37,351 [trainer.py] => CNN top5 curve: [100.0, 100.0, 100.0, 100.0, 99.65, 99.71, 99.75, 99.78, 99.6, 99.64, 99.51, 99.26, 99.31, 99.23, 99.17, 99.02, 99.08, 99.14, 99.12, 99.07, 99.03, 99.0, 98.83, 98.87]

Average Accuracy (CNN): 95.32
2025-05-09 10:26:37,351 [trainer.py] => Average Accuracy (CNN): 95.32 

2025-05-09 10:26:37,352 [trainer.py] => All params: 85890817
2025-05-09 10:26:37,352 [trainer.py] => Trainable params: 85890817
2025-05-09 10:26:37,360 [simplecil.py] => Learning on 120-125
Time for task 24: 3.9635021686553955
2025-05-09 10:26:52,690 [trainer.py] => No NME accuracy.
2025-05-09 10:26:52,691 [trainer.py] => CNN: {'total': 89.76, '00-04': 92.45, '05-09': 89.23, '10-14': 95.0, '15-19': 84.06, '20-24': 97.22, '25-29': 98.36, '30-34': 84.21, '35-39': 94.34, '40-44': 96.15, '45-49': 96.36, '50-54': 92.16, '55-59': 81.67, '60-64': 87.27, '65-69': 82.35, '70-74': 84.29, '75-79': 95.77, '80-84': 95.24, '85-89': 91.43, '90-94': 93.67, '95-99': 75.44, '100-104': 98.15, '105-109': 86.89, '110-114': 84.38, '115-119': 83.67, '120-124': 85.71, 'old': 89.9, 'new': 85.71}
2025-05-09 10:26:52,691 [trainer.py] => CNN top1 curve: [100.0, 100.0, 100.0, 98.38, 98.23, 98.26, 98.0, 97.8, 98.02, 97.5, 97.22, 94.79, 94.22, 92.67, 93.04, 93.25, 93.18, 93.06, 93.1, 91.92, 92.11, 91.71, 91.08, 90.18, 89.76]
2025-05-09 10:26:52,691 [trainer.py] => CNN top5 curve: [100.0, 100.0, 100.0, 100.0, 99.65, 99.71, 99.75, 99.78, 99.6, 99.64, 99.51, 99.26, 99.31, 99.23, 99.17, 99.02, 99.08, 99.14, 99.12, 99.07, 99.03, 99.0, 98.83, 98.87, 98.91]

Average Accuracy (CNN): 95.1
2025-05-09 10:26:52,691 [trainer.py] => Average Accuracy (CNN): 95.1 

2025-05-09 10:26:52,692 [trainer.py] => All params: 85894657
2025-05-09 10:26:52,692 [trainer.py] => Trainable params: 85894657
2025-05-09 10:26:52,702 [simplecil.py] => Learning on 125-130
Time for task 25: 3.365386724472046
2025-05-09 10:27:08,563 [trainer.py] => No NME accuracy.
2025-05-09 10:27:08,564 [trainer.py] => CNN: {'total': 89.3, '00-04': 88.68, '05-09': 89.23, '10-14': 95.0, '15-19': 84.06, '20-24': 97.22, '25-29': 98.36, '30-34': 84.21, '35-39': 94.34, '40-44': 96.15, '45-49': 89.09, '50-54': 92.16, '55-59': 81.67, '60-64': 87.27, '65-69': 82.35, '70-74': 84.29, '75-79': 95.77, '80-84': 95.24, '85-89': 91.43, '90-94': 93.67, '95-99': 75.44, '100-104': 98.15, '105-109': 86.89, '110-114': 84.38, '115-119': 83.67, '120-124': 77.55, '125-129': 94.83, 'old': 89.08, 'new': 94.83}
2025-05-09 10:27:08,564 [trainer.py] => CNN top1 curve: [100.0, 100.0, 100.0, 98.38, 98.23, 98.26, 98.0, 97.8, 98.02, 97.5, 97.22, 94.79, 94.22, 92.67, 93.04, 93.25, 93.18, 93.06, 93.1, 91.92, 92.11, 91.71, 91.08, 90.18, 89.76, 89.3]
2025-05-09 10:27:08,564 [trainer.py] => CNN top5 curve: [100.0, 100.0, 100.0, 100.0, 99.65, 99.71, 99.75, 99.78, 99.6, 99.64, 99.51, 99.26, 99.31, 99.23, 99.17, 99.02, 99.08, 99.14, 99.12, 99.07, 99.03, 99.0, 98.83, 98.87, 98.91, 98.88]

Average Accuracy (CNN): 94.88
2025-05-09 10:27:08,564 [trainer.py] => Average Accuracy (CNN): 94.88 

2025-05-09 10:27:08,566 [trainer.py] => All params: 85898497
2025-05-09 10:27:08,568 [trainer.py] => Trainable params: 85898497
2025-05-09 10:27:08,578 [simplecil.py] => Learning on 130-135
Time for task 26: 3.648650884628296
2025-05-09 10:27:25,080 [trainer.py] => No NME accuracy.
2025-05-09 10:27:25,080 [trainer.py] => CNN: {'total': 89.2, '00-04': 88.68, '05-09': 89.23, '10-14': 95.0, '15-19': 84.06, '20-24': 97.22, '25-29': 98.36, '30-34': 84.21, '35-39': 94.34, '40-44': 96.15, '45-49': 89.09, '50-54': 92.16, '55-59': 81.67, '60-64': 87.27, '65-69': 82.35, '70-74': 84.29, '75-79': 95.77, '80-84': 95.24, '85-89': 91.43, '90-94': 93.67, '95-99': 75.44, '100-104': 98.15, '105-109': 86.89, '110-114': 84.38, '115-119': 83.67, '120-124': 75.51, '125-129': 94.83, '130-134': 88.33, 'old': 89.23, 'new': 88.33}
2025-05-09 10:27:25,080 [trainer.py] => CNN top1 curve: [100.0, 100.0, 100.0, 98.38, 98.23, 98.26, 98.0, 97.8, 98.02, 97.5, 97.22, 94.79, 94.22, 92.67, 93.04, 93.25, 93.18, 93.06, 93.1, 91.92, 92.11, 91.71, 91.08, 90.18, 89.76, 89.3, 89.2]
2025-05-09 10:27:25,080 [trainer.py] => CNN top5 curve: [100.0, 100.0, 100.0, 100.0, 99.65, 99.71, 99.75, 99.78, 99.6, 99.64, 99.51, 99.26, 99.31, 99.23, 99.17, 99.02, 99.08, 99.14, 99.12, 99.07, 99.03, 99.0, 98.83, 98.87, 98.91, 98.88, 98.8]

Average Accuracy (CNN): 94.67
2025-05-09 10:27:25,080 [trainer.py] => Average Accuracy (CNN): 94.67 

2025-05-09 10:27:25,081 [trainer.py] => All params: 85902337
2025-05-09 10:27:25,081 [trainer.py] => Trainable params: 85902337
2025-05-09 10:27:25,090 [simplecil.py] => Learning on 135-140
Time for task 27: 3.893627166748047
2025-05-09 10:27:42,007 [trainer.py] => No NME accuracy.
2025-05-09 10:27:42,007 [trainer.py] => CNN: {'total': 88.97, '00-04': 88.68, '05-09': 89.23, '10-14': 95.0, '15-19': 84.06, '20-24': 97.22, '25-29': 98.36, '30-34': 84.21, '35-39': 94.34, '40-44': 96.15, '45-49': 89.09, '50-54': 92.16, '55-59': 81.67, '60-64': 87.27, '65-69': 82.35, '70-74': 84.29, '75-79': 95.77, '80-84': 95.24, '85-89': 91.43, '90-94': 93.67, '95-99': 75.44, '100-104': 98.15, '105-109': 86.89, '110-114': 84.38, '115-119': 83.67, '120-124': 71.43, '125-129': 91.38, '130-134': 88.33, '135-139': 89.66, 'old': 88.95, 'new': 89.66}
2025-05-09 10:27:42,007 [trainer.py] => CNN top1 curve: [100.0, 100.0, 100.0, 98.38, 98.23, 98.26, 98.0, 97.8, 98.02, 97.5, 97.22, 94.79, 94.22, 92.67, 93.04, 93.25, 93.18, 93.06, 93.1, 91.92, 92.11, 91.71, 91.08, 90.18, 89.76, 89.3, 89.2, 88.97]
2025-05-09 10:27:42,007 [trainer.py] => CNN top5 curve: [100.0, 100.0, 100.0, 100.0, 99.65, 99.71, 99.75, 99.78, 99.6, 99.64, 99.51, 99.26, 99.31, 99.23, 99.17, 99.02, 99.08, 99.14, 99.12, 99.07, 99.03, 99.0, 98.83, 98.87, 98.91, 98.88, 98.8, 98.72]

Average Accuracy (CNN): 94.46
2025-05-09 10:27:42,007 [trainer.py] => Average Accuracy (CNN): 94.46 

2025-05-09 10:27:42,008 [trainer.py] => All params: 85906177
2025-05-09 10:27:42,009 [trainer.py] => Trainable params: 85906177
2025-05-09 10:27:42,013 [simplecil.py] => Learning on 140-145
Time for task 28: 3.4061081409454346
2025-05-09 10:27:59,318 [trainer.py] => No NME accuracy.
2025-05-09 10:27:59,318 [trainer.py] => CNN: {'total': 88.34, '00-04': 88.68, '05-09': 86.15, '10-14': 95.0, '15-19': 84.06, '20-24': 97.22, '25-29': 98.36, '30-34': 84.21, '35-39': 94.34, '40-44': 96.15, '45-49': 89.09, '50-54': 92.16, '55-59': 81.67, '60-64': 87.27, '65-69': 82.35, '70-74': 84.29, '75-79': 95.77, '80-84': 95.24, '85-89': 91.43, '90-94': 93.67, '95-99': 73.68, '100-104': 98.15, '105-109': 86.89, '110-114': 82.81, '115-119': 83.67, '120-124': 71.43, '125-129': 91.38, '130-134': 88.33, '135-139': 89.66, '140-144': 77.19, 'old': 88.73, 'new': 77.19}
2025-05-09 10:27:59,318 [trainer.py] => CNN top1 curve: [100.0, 100.0, 100.0, 98.38, 98.23, 98.26, 98.0, 97.8, 98.02, 97.5, 97.22, 94.79, 94.22, 92.67, 93.04, 93.25, 93.18, 93.06, 93.1, 91.92, 92.11, 91.71, 91.08, 90.18, 89.76, 89.3, 89.2, 88.97, 88.34]
2025-05-09 10:27:59,319 [trainer.py] => CNN top5 curve: [100.0, 100.0, 100.0, 100.0, 99.65, 99.71, 99.75, 99.78, 99.6, 99.64, 99.51, 99.26, 99.31, 99.23, 99.17, 99.02, 99.08, 99.14, 99.12, 99.07, 99.03, 99.0, 98.83, 98.87, 98.91, 98.88, 98.8, 98.72, 98.7]

Average Accuracy (CNN): 94.25
2025-05-09 10:27:59,319 [trainer.py] => Average Accuracy (CNN): 94.25 

2025-05-09 10:27:59,319 [trainer.py] => All params: 85910017
2025-05-09 10:27:59,320 [trainer.py] => Trainable params: 85910017
2025-05-09 10:27:59,327 [simplecil.py] => Learning on 145-150
Time for task 29: 3.576735734939575
2025-05-09 10:28:17,214 [trainer.py] => No NME accuracy.
2025-05-09 10:28:17,214 [trainer.py] => CNN: {'total': 88.29, '00-04': 88.68, '05-09': 86.15, '10-14': 95.0, '15-19': 84.06, '20-24': 97.22, '25-29': 98.36, '30-34': 78.95, '35-39': 94.34, '40-44': 96.15, '45-49': 89.09, '50-54': 92.16, '55-59': 81.67, '60-64': 87.27, '65-69': 82.35, '70-74': 84.29, '75-79': 95.77, '80-84': 95.24, '85-89': 91.43, '90-94': 93.67, '95-99': 73.68, '100-104': 98.15, '105-109': 86.89, '110-114': 82.81, '115-119': 83.67, '120-124': 71.43, '125-129': 91.38, '130-134': 88.33, '135-139': 89.66, '140-144': 77.19, '145-149': 91.3, 'old': 88.16, 'new': 91.3}
2025-05-09 10:28:17,214 [trainer.py] => CNN top1 curve: [100.0, 100.0, 100.0, 98.38, 98.23, 98.26, 98.0, 97.8, 98.02, 97.5, 97.22, 94.79, 94.22, 92.67, 93.04, 93.25, 93.18, 93.06, 93.1, 91.92, 92.11, 91.71, 91.08, 90.18, 89.76, 89.3, 89.2, 88.97, 88.34, 88.29]
2025-05-09 10:28:17,214 [trainer.py] => CNN top5 curve: [100.0, 100.0, 100.0, 100.0, 99.65, 99.71, 99.75, 99.78, 99.6, 99.64, 99.51, 99.26, 99.31, 99.23, 99.17, 99.02, 99.08, 99.14, 99.12, 99.07, 99.03, 99.0, 98.83, 98.87, 98.91, 98.88, 98.8, 98.72, 98.7, 98.64]

Average Accuracy (CNN): 94.05
2025-05-09 10:28:17,214 [trainer.py] => Average Accuracy (CNN): 94.05 

2025-05-09 10:28:17,215 [trainer.py] => All params: 85913857
2025-05-09 10:28:17,215 [trainer.py] => Trainable params: 85913857
2025-05-09 10:28:17,224 [simplecil.py] => Learning on 150-155
Time for task 30: 3.4185171127319336
2025-05-09 10:28:35,236 [trainer.py] => No NME accuracy.
2025-05-09 10:28:35,236 [trainer.py] => CNN: {'total': 88.4, '00-04': 88.68, '05-09': 84.62, '10-14': 95.0, '15-19': 84.06, '20-24': 97.22, '25-29': 98.36, '30-34': 78.95, '35-39': 94.34, '40-44': 96.15, '45-49': 89.09, '50-54': 92.16, '55-59': 81.67, '60-64': 87.27, '65-69': 82.35, '70-74': 84.29, '75-79': 94.37, '80-84': 95.24, '85-89': 91.43, '90-94': 93.67, '95-99': 73.68, '100-104': 98.15, '105-109': 86.89, '110-114': 82.81, '115-119': 83.67, '120-124': 71.43, '125-129': 91.38, '130-134': 88.33, '135-139': 89.66, '140-144': 77.19, '145-149': 91.3, '150-154': 95.0, 'old': 88.17, 'new': 95.0}
2025-05-09 10:28:35,236 [trainer.py] => CNN top1 curve: [100.0, 100.0, 100.0, 98.38, 98.23, 98.26, 98.0, 97.8, 98.02, 97.5, 97.22, 94.79, 94.22, 92.67, 93.04, 93.25, 93.18, 93.06, 93.1, 91.92, 92.11, 91.71, 91.08, 90.18, 89.76, 89.3, 89.2, 88.97, 88.34, 88.29, 88.4]
2025-05-09 10:28:35,236 [trainer.py] => CNN top5 curve: [100.0, 100.0, 100.0, 100.0, 99.65, 99.71, 99.75, 99.78, 99.6, 99.64, 99.51, 99.26, 99.31, 99.23, 99.17, 99.02, 99.08, 99.14, 99.12, 99.07, 99.03, 99.0, 98.83, 98.87, 98.91, 98.88, 98.8, 98.72, 98.7, 98.64, 98.69]

Average Accuracy (CNN): 93.87
2025-05-09 10:28:35,236 [trainer.py] => Average Accuracy (CNN): 93.87 

2025-05-09 10:28:35,237 [trainer.py] => All params: 85917697
2025-05-09 10:28:35,237 [trainer.py] => Trainable params: 85917697
2025-05-09 10:28:35,248 [simplecil.py] => Learning on 155-160
Time for task 31: 3.4799065589904785
2025-05-09 10:28:53,935 [trainer.py] => No NME accuracy.
2025-05-09 10:28:53,935 [trainer.py] => CNN: {'total': 88.47, '00-04': 88.68, '05-09': 84.62, '10-14': 95.0, '15-19': 84.06, '20-24': 97.22, '25-29': 98.36, '30-34': 78.95, '35-39': 94.34, '40-44': 96.15, '45-49': 89.09, '50-54': 92.16, '55-59': 81.67, '60-64': 87.27, '65-69': 82.35, '70-74': 84.29, '75-79': 94.37, '80-84': 95.24, '85-89': 91.43, '90-94': 93.67, '95-99': 73.68, '100-104': 92.59, '105-109': 86.89, '110-114': 82.81, '115-119': 83.67, '120-124': 71.43, '125-129': 91.38, '130-134': 88.33, '135-139': 89.66, '140-144': 77.19, '145-149': 91.3, '150-154': 95.0, '155-159': 95.31, 'old': 88.23, 'new': 95.31}
2025-05-09 10:28:53,935 [trainer.py] => CNN top1 curve: [100.0, 100.0, 100.0, 98.38, 98.23, 98.26, 98.0, 97.8, 98.02, 97.5, 97.22, 94.79, 94.22, 92.67, 93.04, 93.25, 93.18, 93.06, 93.1, 91.92, 92.11, 91.71, 91.08, 90.18, 89.76, 89.3, 89.2, 88.97, 88.34, 88.29, 88.4, 88.47]
2025-05-09 10:28:53,935 [trainer.py] => CNN top5 curve: [100.0, 100.0, 100.0, 100.0, 99.65, 99.71, 99.75, 99.78, 99.6, 99.64, 99.51, 99.26, 99.31, 99.23, 99.17, 99.02, 99.08, 99.14, 99.12, 99.07, 99.03, 99.0, 98.83, 98.87, 98.91, 98.88, 98.8, 98.72, 98.7, 98.64, 98.69, 98.68]

Average Accuracy (CNN): 93.7
2025-05-09 10:28:53,935 [trainer.py] => Average Accuracy (CNN): 93.7 

2025-05-09 10:28:53,936 [trainer.py] => All params: 85921537
2025-05-09 10:28:53,936 [trainer.py] => Trainable params: 85921537
2025-05-09 10:28:53,946 [simplecil.py] => Learning on 160-165
Time for task 32: 3.2346625328063965
2025-05-09 10:29:12,889 [trainer.py] => No NME accuracy.
2025-05-09 10:29:12,890 [trainer.py] => CNN: {'total': 88.36, '00-04': 88.68, '05-09': 84.62, '10-14': 95.0, '15-19': 84.06, '20-24': 97.22, '25-29': 96.72, '30-34': 78.95, '35-39': 94.34, '40-44': 96.15, '45-49': 89.09, '50-54': 92.16, '55-59': 81.67, '60-64': 87.27, '65-69': 82.35, '70-74': 84.29, '75-79': 94.37, '80-84': 95.24, '85-89': 91.43, '90-94': 93.67, '95-99': 73.68, '100-104': 92.59, '105-109': 86.89, '110-114': 82.81, '115-119': 83.67, '120-124': 71.43, '125-129': 91.38, '130-134': 88.33, '135-139': 89.66, '140-144': 77.19, '145-149': 91.3, '150-154': 95.0, '155-159': 95.31, '160-164': 86.84, 'old': 88.42, 'new': 86.84}
2025-05-09 10:29:12,890 [trainer.py] => CNN top1 curve: [100.0, 100.0, 100.0, 98.38, 98.23, 98.26, 98.0, 97.8, 98.02, 97.5, 97.22, 94.79, 94.22, 92.67, 93.04, 93.25, 93.18, 93.06, 93.1, 91.92, 92.11, 91.71, 91.08, 90.18, 89.76, 89.3, 89.2, 88.97, 88.34, 88.29, 88.4, 88.47, 88.36]
2025-05-09 10:29:12,890 [trainer.py] => CNN top5 curve: [100.0, 100.0, 100.0, 100.0, 99.65, 99.71, 99.75, 99.78, 99.6, 99.64, 99.51, 99.26, 99.31, 99.23, 99.17, 99.02, 99.08, 99.14, 99.12, 99.07, 99.03, 99.0, 98.83, 98.87, 98.91, 98.88, 98.8, 98.72, 98.7, 98.64, 98.69, 98.68, 98.68]

Average Accuracy (CNN): 93.54
2025-05-09 10:29:12,890 [trainer.py] => Average Accuracy (CNN): 93.54 

2025-05-09 10:29:12,890 [trainer.py] => All params: 85925377
2025-05-09 10:29:12,891 [trainer.py] => Trainable params: 85925377
2025-05-09 10:29:12,897 [simplecil.py] => Learning on 165-170
Time for task 33: 3.548748254776001
2025-05-09 10:29:32,867 [trainer.py] => No NME accuracy.
2025-05-09 10:29:32,868 [trainer.py] => CNN: {'total': 87.95, '00-04': 88.68, '05-09': 84.62, '10-14': 95.0, '15-19': 84.06, '20-24': 97.22, '25-29': 96.72, '30-34': 78.95, '35-39': 94.34, '40-44': 88.46, '45-49': 89.09, '50-54': 92.16, '55-59': 81.67, '60-64': 85.45, '65-69': 82.35, '70-74': 84.29, '75-79': 94.37, '80-84': 95.24, '85-89': 91.43, '90-94': 93.67, '95-99': 73.68, '100-104': 92.59, '105-109': 86.89, '110-114': 82.81, '115-119': 83.67, '120-124': 71.43, '125-129': 91.38, '130-134': 86.67, '135-139': 89.66, '140-144': 73.68, '145-149': 91.3, '150-154': 95.0, '155-159': 95.31, '160-164': 86.84, '165-169': 87.93, 'old': 87.95, 'new': 87.93}
2025-05-09 10:29:32,868 [trainer.py] => CNN top1 curve: [100.0, 100.0, 100.0, 98.38, 98.23, 98.26, 98.0, 97.8, 98.02, 97.5, 97.22, 94.79, 94.22, 92.67, 93.04, 93.25, 93.18, 93.06, 93.1, 91.92, 92.11, 91.71, 91.08, 90.18, 89.76, 89.3, 89.2, 88.97, 88.34, 88.29, 88.4, 88.47, 88.36, 87.95]
2025-05-09 10:29:32,868 [trainer.py] => CNN top5 curve: [100.0, 100.0, 100.0, 100.0, 99.65, 99.71, 99.75, 99.78, 99.6, 99.64, 99.51, 99.26, 99.31, 99.23, 99.17, 99.02, 99.08, 99.14, 99.12, 99.07, 99.03, 99.0, 98.83, 98.87, 98.91, 98.88, 98.8, 98.72, 98.7, 98.64, 98.69, 98.68, 98.68, 98.52]

Average Accuracy (CNN): 93.38
2025-05-09 10:29:32,868 [trainer.py] => Average Accuracy (CNN): 93.38 

2025-05-09 10:29:32,869 [trainer.py] => All params: 85929217
2025-05-09 10:29:32,869 [trainer.py] => Trainable params: 85929217
2025-05-09 10:29:32,877 [simplecil.py] => Learning on 170-175
Time for task 34: 3.6320624351501465
2025-05-09 10:29:52,829 [trainer.py] => No NME accuracy.
2025-05-09 10:29:52,829 [trainer.py] => CNN: {'total': 87.94, '00-04': 88.68, '05-09': 83.08, '10-14': 95.0, '15-19': 84.06, '20-24': 97.22, '25-29': 96.72, '30-34': 78.95, '35-39': 94.34, '40-44': 88.46, '45-49': 89.09, '50-54': 92.16, '55-59': 81.67, '60-64': 85.45, '65-69': 82.35, '70-74': 84.29, '75-79': 94.37, '80-84': 95.24, '85-89': 91.43, '90-94': 93.67, '95-99': 73.68, '100-104': 92.59, '105-109': 86.89, '110-114': 82.81, '115-119': 83.67, '120-124': 71.43, '125-129': 91.38, '130-134': 86.67, '135-139': 89.66, '140-144': 73.68, '145-149': 91.3, '150-154': 95.0, '155-159': 93.75, '160-164': 86.84, '165-169': 87.93, '170-174': 91.67, 'old': 87.85, 'new': 91.67}
2025-05-09 10:29:52,829 [trainer.py] => CNN top1 curve: [100.0, 100.0, 100.0, 98.38, 98.23, 98.26, 98.0, 97.8, 98.02, 97.5, 97.22, 94.79, 94.22, 92.67, 93.04, 93.25, 93.18, 93.06, 93.1, 91.92, 92.11, 91.71, 91.08, 90.18, 89.76, 89.3, 89.2, 88.97, 88.34, 88.29, 88.4, 88.47, 88.36, 87.95, 87.94]
2025-05-09 10:29:52,829 [trainer.py] => CNN top5 curve: [100.0, 100.0, 100.0, 100.0, 99.65, 99.71, 99.75, 99.78, 99.6, 99.64, 99.51, 99.26, 99.31, 99.23, 99.17, 99.02, 99.08, 99.14, 99.12, 99.07, 99.03, 99.0, 98.83, 98.87, 98.91, 98.88, 98.8, 98.72, 98.7, 98.64, 98.69, 98.68, 98.68, 98.52, 98.41]

Average Accuracy (CNN): 93.22
2025-05-09 10:29:52,829 [trainer.py] => Average Accuracy (CNN): 93.22 

2025-05-09 10:29:52,830 [trainer.py] => All params: 85933057
2025-05-09 10:29:52,830 [trainer.py] => Trainable params: 85933057
2025-05-09 10:29:52,840 [simplecil.py] => Learning on 175-180
Time for task 35: 3.6560046672821045
2025-05-09 10:30:13,780 [trainer.py] => No NME accuracy.
2025-05-09 10:30:13,781 [trainer.py] => CNN: {'total': 87.97, '00-04': 88.68, '05-09': 83.08, '10-14': 95.0, '15-19': 82.61, '20-24': 97.22, '25-29': 96.72, '30-34': 78.95, '35-39': 94.34, '40-44': 88.46, '45-49': 89.09, '50-54': 92.16, '55-59': 81.67, '60-64': 85.45, '65-69': 82.35, '70-74': 84.29, '75-79': 94.37, '80-84': 95.24, '85-89': 91.43, '90-94': 93.67, '95-99': 73.68, '100-104': 92.59, '105-109': 86.89, '110-114': 82.81, '115-119': 83.67, '120-124': 69.39, '125-129': 91.38, '130-134': 86.67, '135-139': 89.66, '140-144': 73.68, '145-149': 91.3, '150-154': 93.33, '155-159': 93.75, '160-164': 86.84, '165-169': 87.93, '170-174': 91.67, '175-179': 94.55, 'old': 87.8, 'new': 94.55}
2025-05-09 10:30:13,781 [trainer.py] => CNN top1 curve: [100.0, 100.0, 100.0, 98.38, 98.23, 98.26, 98.0, 97.8, 98.02, 97.5, 97.22, 94.79, 94.22, 92.67, 93.04, 93.25, 93.18, 93.06, 93.1, 91.92, 92.11, 91.71, 91.08, 90.18, 89.76, 89.3, 89.2, 88.97, 88.34, 88.29, 88.4, 88.47, 88.36, 87.95, 87.94, 87.97]
2025-05-09 10:30:13,782 [trainer.py] => CNN top5 curve: [100.0, 100.0, 100.0, 100.0, 99.65, 99.71, 99.75, 99.78, 99.6, 99.64, 99.51, 99.26, 99.31, 99.23, 99.17, 99.02, 99.08, 99.14, 99.12, 99.07, 99.03, 99.0, 98.83, 98.87, 98.91, 98.88, 98.8, 98.72, 98.7, 98.64, 98.69, 98.68, 98.68, 98.52, 98.41, 98.45]

Average Accuracy (CNN): 93.07
2025-05-09 10:30:13,782 [trainer.py] => Average Accuracy (CNN): 93.07 

2025-05-09 10:30:13,784 [trainer.py] => All params: 85936897
2025-05-09 10:30:13,786 [trainer.py] => Trainable params: 85936897
2025-05-09 10:30:13,795 [simplecil.py] => Learning on 180-185
Time for task 36: 3.2514352798461914
2025-05-09 10:30:34,898 [trainer.py] => No NME accuracy.
2025-05-09 10:30:34,898 [trainer.py] => CNN: {'total': 87.45, '00-04': 88.68, '05-09': 83.08, '10-14': 95.0, '15-19': 82.61, '20-24': 97.22, '25-29': 96.72, '30-34': 77.19, '35-39': 94.34, '40-44': 88.46, '45-49': 87.27, '50-54': 92.16, '55-59': 81.67, '60-64': 85.45, '65-69': 82.35, '70-74': 84.29, '75-79': 94.37, '80-84': 95.24, '85-89': 91.43, '90-94': 93.67, '95-99': 73.68, '100-104': 92.59, '105-109': 86.89, '110-114': 82.81, '115-119': 83.67, '120-124': 67.35, '125-129': 89.66, '130-134': 86.67, '135-139': 89.66, '140-144': 73.68, '145-149': 91.3, '150-154': 93.33, '155-159': 93.75, '160-164': 86.84, '165-169': 87.93, '170-174': 91.67, '175-179': 94.55, '180-184': 76.56, 'old': 87.78, 'new': 76.56}
2025-05-09 10:30:34,898 [trainer.py] => CNN top1 curve: [100.0, 100.0, 100.0, 98.38, 98.23, 98.26, 98.0, 97.8, 98.02, 97.5, 97.22, 94.79, 94.22, 92.67, 93.04, 93.25, 93.18, 93.06, 93.1, 91.92, 92.11, 91.71, 91.08, 90.18, 89.76, 89.3, 89.2, 88.97, 88.34, 88.29, 88.4, 88.47, 88.36, 87.95, 87.94, 87.97, 87.45]
2025-05-09 10:30:34,898 [trainer.py] => CNN top5 curve: [100.0, 100.0, 100.0, 100.0, 99.65, 99.71, 99.75, 99.78, 99.6, 99.64, 99.51, 99.26, 99.31, 99.23, 99.17, 99.02, 99.08, 99.14, 99.12, 99.07, 99.03, 99.0, 98.83, 98.87, 98.91, 98.88, 98.8, 98.72, 98.7, 98.64, 98.69, 98.68, 98.68, 98.52, 98.41, 98.45, 98.31]

Average Accuracy (CNN): 92.92
2025-05-09 10:30:34,898 [trainer.py] => Average Accuracy (CNN): 92.92 

2025-05-09 10:30:34,899 [trainer.py] => All params: 85940737
2025-05-09 10:30:34,899 [trainer.py] => Trainable params: 85940737
2025-05-09 10:30:34,909 [simplecil.py] => Learning on 185-190
Time for task 37: 3.3536813259124756
2025-05-09 10:30:56,532 [trainer.py] => No NME accuracy.
2025-05-09 10:30:56,532 [trainer.py] => CNN: {'total': 87.35, '00-04': 88.68, '05-09': 83.08, '10-14': 95.0, '15-19': 82.61, '20-24': 97.22, '25-29': 93.44, '30-34': 77.19, '35-39': 94.34, '40-44': 88.46, '45-49': 87.27, '50-54': 92.16, '55-59': 81.67, '60-64': 85.45, '65-69': 82.35, '70-74': 84.29, '75-79': 94.37, '80-84': 95.24, '85-89': 91.43, '90-94': 93.67, '95-99': 73.68, '100-104': 92.59, '105-109': 86.89, '110-114': 82.81, '115-119': 83.67, '120-124': 67.35, '125-129': 89.66, '130-134': 86.67, '135-139': 89.66, '140-144': 73.68, '145-149': 89.86, '150-154': 93.33, '155-159': 93.75, '160-164': 86.84, '165-169': 87.93, '170-174': 91.67, '175-179': 94.55, '180-184': 76.56, '185-189': 88.24, 'old': 87.32, 'new': 88.24}
2025-05-09 10:30:56,533 [trainer.py] => CNN top1 curve: [100.0, 100.0, 100.0, 98.38, 98.23, 98.26, 98.0, 97.8, 98.02, 97.5, 97.22, 94.79, 94.22, 92.67, 93.04, 93.25, 93.18, 93.06, 93.1, 91.92, 92.11, 91.71, 91.08, 90.18, 89.76, 89.3, 89.2, 88.97, 88.34, 88.29, 88.4, 88.47, 88.36, 87.95, 87.94, 87.97, 87.45, 87.35]
2025-05-09 10:30:56,533 [trainer.py] => CNN top5 curve: [100.0, 100.0, 100.0, 100.0, 99.65, 99.71, 99.75, 99.78, 99.6, 99.64, 99.51, 99.26, 99.31, 99.23, 99.17, 99.02, 99.08, 99.14, 99.12, 99.07, 99.03, 99.0, 98.83, 98.87, 98.91, 98.88, 98.8, 98.72, 98.7, 98.64, 98.69, 98.68, 98.68, 98.52, 98.41, 98.45, 98.31, 98.23]

Average Accuracy (CNN): 92.78
2025-05-09 10:30:56,533 [trainer.py] => Average Accuracy (CNN): 92.78 

2025-05-09 10:30:56,535 [trainer.py] => All params: 85944577
2025-05-09 10:30:56,537 [trainer.py] => Trainable params: 85944577
2025-05-09 10:30:56,548 [simplecil.py] => Learning on 190-195
Time for task 38: 3.496900796890259
2025-05-09 10:31:18,790 [trainer.py] => No NME accuracy.
2025-05-09 10:31:18,791 [trainer.py] => CNN: {'total': 87.01, '00-04': 88.68, '05-09': 83.08, '10-14': 95.0, '15-19': 82.61, '20-24': 97.22, '25-29': 93.44, '30-34': 77.19, '35-39': 94.34, '40-44': 88.46, '45-49': 87.27, '50-54': 92.16, '55-59': 81.67, '60-64': 83.64, '65-69': 82.35, '70-74': 82.86, '75-79': 94.37, '80-84': 95.24, '85-89': 91.43, '90-94': 93.67, '95-99': 73.68, '100-104': 92.59, '105-109': 86.89, '110-114': 82.81, '115-119': 83.67, '120-124': 67.35, '125-129': 89.66, '130-134': 86.67, '135-139': 89.66, '140-144': 73.68, '145-149': 89.86, '150-154': 93.33, '155-159': 93.75, '160-164': 86.84, '165-169': 87.93, '170-174': 89.58, '175-179': 94.55, '180-184': 75.0, '185-189': 88.24, '190-194': 81.03, 'old': 87.17, 'new': 81.03}
2025-05-09 10:31:18,791 [trainer.py] => CNN top1 curve: [100.0, 100.0, 100.0, 98.38, 98.23, 98.26, 98.0, 97.8, 98.02, 97.5, 97.22, 94.79, 94.22, 92.67, 93.04, 93.25, 93.18, 93.06, 93.1, 91.92, 92.11, 91.71, 91.08, 90.18, 89.76, 89.3, 89.2, 88.97, 88.34, 88.29, 88.4, 88.47, 88.36, 87.95, 87.94, 87.97, 87.45, 87.35, 87.01]
2025-05-09 10:31:18,792 [trainer.py] => CNN top5 curve: [100.0, 100.0, 100.0, 100.0, 99.65, 99.71, 99.75, 99.78, 99.6, 99.64, 99.51, 99.26, 99.31, 99.23, 99.17, 99.02, 99.08, 99.14, 99.12, 99.07, 99.03, 99.0, 98.83, 98.87, 98.91, 98.88, 98.8, 98.72, 98.7, 98.64, 98.69, 98.68, 98.68, 98.52, 98.41, 98.45, 98.31, 98.23, 98.23]

Average Accuracy (CNN): 92.63
2025-05-09 10:31:18,792 [trainer.py] => Average Accuracy (CNN): 92.63 

2025-05-09 10:31:18,794 [trainer.py] => All params: 85948417
2025-05-09 10:31:18,796 [trainer.py] => Trainable params: 85948417
2025-05-09 10:31:18,810 [simplecil.py] => Learning on 195-200
Time for task 39: 3.7225399017333984
2025-05-09 10:31:41,151 [trainer.py] => No NME accuracy.
2025-05-09 10:31:41,151 [trainer.py] => CNN: {'total': 86.77, '00-04': 88.68, '05-09': 83.08, '10-14': 95.0, '15-19': 82.61, '20-24': 97.22, '25-29': 93.44, '30-34': 77.19, '35-39': 94.34, '40-44': 88.46, '45-49': 87.27, '50-54': 92.16, '55-59': 81.67, '60-64': 83.64, '65-69': 78.43, '70-74': 82.86, '75-79': 92.96, '80-84': 95.24, '85-89': 91.43, '90-94': 93.67, '95-99': 73.68, '100-104': 92.59, '105-109': 86.89, '110-114': 82.81, '115-119': 83.67, '120-124': 67.35, '125-129': 89.66, '130-134': 86.67, '135-139': 89.66, '140-144': 73.68, '145-149': 89.86, '150-154': 93.33, '155-159': 93.75, '160-164': 85.53, '165-169': 86.21, '170-174': 89.58, '175-179': 94.55, '180-184': 75.0, '185-189': 88.24, '190-194': 81.03, '195-199': 85.0, 'old': 86.8, 'new': 85.0}
2025-05-09 10:31:41,151 [trainer.py] => CNN top1 curve: [100.0, 100.0, 100.0, 98.38, 98.23, 98.26, 98.0, 97.8, 98.02, 97.5, 97.22, 94.79, 94.22, 92.67, 93.04, 93.25, 93.18, 93.06, 93.1, 91.92, 92.11, 91.71, 91.08, 90.18, 89.76, 89.3, 89.2, 88.97, 88.34, 88.29, 88.4, 88.47, 88.36, 87.95, 87.94, 87.97, 87.45, 87.35, 87.01, 86.77]
2025-05-09 10:31:41,151 [trainer.py] => CNN top5 curve: [100.0, 100.0, 100.0, 100.0, 99.65, 99.71, 99.75, 99.78, 99.6, 99.64, 99.51, 99.26, 99.31, 99.23, 99.17, 99.02, 99.08, 99.14, 99.12, 99.07, 99.03, 99.0, 98.83, 98.87, 98.91, 98.88, 98.8, 98.72, 98.7, 98.64, 98.69, 98.68, 98.68, 98.52, 98.41, 98.45, 98.31, 98.23, 98.23, 98.18]

Average Accuracy (CNN): 92.48
2025-05-09 10:31:41,152 [trainer.py] => Average Accuracy (CNN): 92.48 

Finished cub_init5_inc5: pretrained_vit_b16_224_in21k  
----------------------------------------------------------------------------------------------------
Accuracy Matrix (CNN):
[[100.   100.   100.   ...  88.68  88.68  88.68]
 [  0.   100.   100.   ...  83.08  83.08  83.08]
 [  0.     0.   100.   ...  95.    95.    95.  ]
 ...
 [  0.     0.     0.   ...  88.24  88.24  88.24]
 [  0.     0.     0.   ...   0.    81.03  81.03]
 [  0.     0.     0.   ...   0.     0.    85.  ]]
2025-05-09 10:31:41,152 [trainer.py] => Forgetting (CNN): 4.820256410256412
2025-05-09 10:31:47,033 [trainer.py] => config: ./scripts/simplecil/simplecil_cub_B0_Inc10.json
2025-05-09 10:31:47,033 [trainer.py] => prefix:  
2025-05-09 10:31:47,033 [trainer.py] => dataset: cub
2025-05-09 10:31:47,033 [trainer.py] => memory_size: 0
2025-05-09 10:31:47,033 [trainer.py] => memory_per_class: 0
2025-05-09 10:31:47,033 [trainer.py] => fixed_memory: False
2025-05-09 10:31:47,033 [trainer.py] => shuffle: True
2025-05-09 10:31:47,033 [trainer.py] => init_cls: 10
2025-05-09 10:31:47,033 [trainer.py] => increment: 10
2025-05-09 10:31:47,033 [trainer.py] => model_name: simplecil
2025-05-09 10:31:47,033 [trainer.py] => backbone_type: pretrained_vit_b16_224_in21k
2025-05-09 10:31:47,033 [trainer.py] => device: [device(type='cuda', index=0)]
2025-05-09 10:31:47,033 [trainer.py] => seed: 1993
2025-05-09 10:31:47,033 [trainer.py] => tuned_epoch: 0
2025-05-09 10:31:47,033 [trainer.py] => init_lr: 0.01
2025-05-09 10:31:47,034 [trainer.py] => batch_size: 48
2025-05-09 10:31:47,034 [trainer.py] => weight_decay: 0.05
2025-05-09 10:31:47,034 [trainer.py] => min_lr: 1e-08
2025-05-09 10:31:47,034 [trainer.py] => optimizer: sgd
2025-05-09 10:31:47,034 [trainer.py] => vpt_type: shallow
2025-05-09 10:31:47,034 [trainer.py] => prompt_token_num: 3
2025-05-09 10:31:47,270 [data_manager.py] => [168, 136, 51, 9, 183, 101, 171, 99, 42, 159, 191, 70, 16, 188, 27, 10, 175, 26, 68, 187, 98, 6, 85, 35, 112, 43, 100, 0, 103, 181, 88, 59, 4, 2, 116, 174, 94, 80, 106, 1, 147, 17, 141, 131, 72, 23, 173, 54, 197, 118, 87, 32, 79, 104, 91, 19, 135, 107, 178, 36, 11, 199, 142, 8, 122, 3, 28, 57, 153, 172, 190, 56, 49, 44, 97, 62, 151, 169, 194, 55, 192, 12, 189, 78, 66, 180, 15, 137, 109, 134, 92, 119, 126, 52, 170, 40, 148, 65, 144, 64, 138, 45, 77, 89, 154, 90, 71, 193, 74, 30, 113, 143, 96, 84, 67, 50, 186, 156, 69, 21, 18, 111, 108, 58, 125, 157, 150, 110, 182, 129, 166, 83, 81, 60, 13, 165, 14, 176, 63, 117, 5, 22, 145, 121, 38, 41, 82, 127, 114, 20, 31, 53, 37, 163, 196, 130, 152, 162, 86, 76, 24, 34, 184, 149, 33, 128, 198, 155, 146, 167, 139, 120, 140, 102, 47, 25, 158, 123, 46, 164, 61, 7, 115, 75, 133, 160, 105, 132, 179, 124, 48, 73, 93, 39, 95, 195, 29, 177, 185, 161]
This is for the BaseNet initialization.
After BaseNet initialization.
2025-05-09 10:31:52,350 [trainer.py] => All params: 85798656
2025-05-09 10:31:52,351 [trainer.py] => Trainable params: 85798656
2025-05-09 10:31:53,056 [simplecil.py] => Learning on 0-10
Time for task 0: 7.676284551620483
2025-05-09 10:32:01,688 [trainer.py] => No NME accuracy.
2025-05-09 10:32:01,689 [trainer.py] => CNN: {'total': 100.0, '00-09': 100.0, 'old': 0, 'new': 100.0}
2025-05-09 10:32:01,689 [trainer.py] => CNN top1 curve: [100.0]
2025-05-09 10:32:01,689 [trainer.py] => CNN top5 curve: [100.0]

Average Accuracy (CNN): 100.0
2025-05-09 10:32:01,690 [trainer.py] => Average Accuracy (CNN): 100.0 

2025-05-09 10:32:01,692 [trainer.py] => All params: 85806337
2025-05-09 10:32:01,693 [trainer.py] => Trainable params: 85806337
2025-05-09 10:32:01,706 [simplecil.py] => Learning on 10-20
Time for task 1: 4.875941753387451
2025-05-09 10:32:08,943 [trainer.py] => No NME accuracy.
2025-05-09 10:32:08,943 [trainer.py] => CNN: {'total': 98.38, '00-09': 99.15, '10-19': 97.67, 'old': 99.15, 'new': 97.67}
2025-05-09 10:32:08,944 [trainer.py] => CNN top1 curve: [100.0, 98.38]
2025-05-09 10:32:08,944 [trainer.py] => CNN top5 curve: [100.0, 100.0]

Average Accuracy (CNN): 99.19
2025-05-09 10:32:08,944 [trainer.py] => Average Accuracy (CNN): 99.19 

2025-05-09 10:32:08,946 [trainer.py] => All params: 85814017
2025-05-09 10:32:08,948 [trainer.py] => Trainable params: 85814017
2025-05-09 10:32:08,955 [simplecil.py] => Learning on 20-30
Time for task 2: 4.828081130981445
2025-05-09 10:32:16,865 [trainer.py] => No NME accuracy.
2025-05-09 10:32:16,865 [trainer.py] => CNN: {'total': 98.26, '00-09': 99.15, '10-19': 97.67, '20-29': 97.94, 'old': 98.38, 'new': 97.94}
2025-05-09 10:32:16,865 [trainer.py] => CNN top1 curve: [100.0, 98.38, 98.26]
2025-05-09 10:32:16,866 [trainer.py] => CNN top5 curve: [100.0, 100.0, 99.71]

Average Accuracy (CNN): 98.88
2025-05-09 10:32:16,866 [trainer.py] => Average Accuracy (CNN): 98.88 

2025-05-09 10:32:16,866 [trainer.py] => All params: 85821697
2025-05-09 10:32:16,867 [trainer.py] => Trainable params: 85821697
2025-05-09 10:32:16,872 [simplecil.py] => Learning on 30-40
Time for task 3: 5.030296325683594
2025-05-09 10:32:25,959 [trainer.py] => No NME accuracy.
2025-05-09 10:32:25,959 [trainer.py] => CNN: {'total': 97.8, '00-09': 99.15, '10-19': 96.9, '20-29': 97.94, '30-39': 97.27, 'old': 97.97, 'new': 97.27}
2025-05-09 10:32:25,959 [trainer.py] => CNN top1 curve: [100.0, 98.38, 98.26, 97.8]
2025-05-09 10:32:25,959 [trainer.py] => CNN top5 curve: [100.0, 100.0, 99.71, 99.78]

Average Accuracy (CNN): 98.61
2025-05-09 10:32:25,959 [trainer.py] => Average Accuracy (CNN): 98.61 

2025-05-09 10:32:25,960 [trainer.py] => All params: 85829377
2025-05-09 10:32:25,960 [trainer.py] => Trainable params: 85829377
2025-05-09 10:32:25,966 [simplecil.py] => Learning on 40-50
Time for task 4: 5.148081302642822
2025-05-09 10:32:35,700 [trainer.py] => No NME accuracy.
2025-05-09 10:32:35,701 [trainer.py] => CNN: {'total': 97.5, '00-09': 98.31, '10-19': 96.9, '20-29': 97.94, '30-39': 96.36, '40-49': 98.13, 'old': 97.36, 'new': 98.13}
2025-05-09 10:32:35,701 [trainer.py] => CNN top1 curve: [100.0, 98.38, 98.26, 97.8, 97.5]
2025-05-09 10:32:35,701 [trainer.py] => CNN top5 curve: [100.0, 100.0, 99.71, 99.78, 99.64]

Average Accuracy (CNN): 98.39
2025-05-09 10:32:35,702 [trainer.py] => Average Accuracy (CNN): 98.39 

2025-05-09 10:32:35,704 [trainer.py] => All params: 85837057
2025-05-09 10:32:35,705 [trainer.py] => Trainable params: 85837057
2025-05-09 10:32:35,712 [simplecil.py] => Learning on 50-60
Time for task 5: 5.253650903701782
2025-05-09 10:32:46,663 [trainer.py] => No NME accuracy.
2025-05-09 10:32:46,663 [trainer.py] => CNN: {'total': 94.79, '00-09': 91.53, '10-19': 96.9, '20-29': 97.94, '30-39': 96.36, '40-49': 97.2, '50-59': 89.19, 'old': 95.9, 'new': 89.19}
2025-05-09 10:32:46,663 [trainer.py] => CNN top1 curve: [100.0, 98.38, 98.26, 97.8, 97.5, 94.79]
2025-05-09 10:32:46,663 [trainer.py] => CNN top5 curve: [100.0, 100.0, 99.71, 99.78, 99.64, 99.26]

Average Accuracy (CNN): 97.79
2025-05-09 10:32:46,663 [trainer.py] => Average Accuracy (CNN): 97.79 

2025-05-09 10:32:46,664 [trainer.py] => All params: 85844737
2025-05-09 10:32:46,664 [trainer.py] => Trainable params: 85844737
2025-05-09 10:32:46,674 [simplecil.py] => Learning on 60-70
Time for task 6: 5.095656871795654
2025-05-09 10:32:57,956 [trainer.py] => No NME accuracy.
2025-05-09 10:32:57,957 [trainer.py] => CNN: {'total': 92.67, '00-09': 90.68, '10-19': 92.25, '20-29': 97.94, '30-39': 95.45, '40-49': 96.26, '50-59': 87.39, '60-69': 89.62, 'old': 93.15, 'new': 89.62}
2025-05-09 10:32:57,957 [trainer.py] => CNN top1 curve: [100.0, 98.38, 98.26, 97.8, 97.5, 94.79, 92.67]
2025-05-09 10:32:57,957 [trainer.py] => CNN top5 curve: [100.0, 100.0, 99.71, 99.78, 99.64, 99.26, 99.23]

Average Accuracy (CNN): 97.06
2025-05-09 10:32:57,957 [trainer.py] => Average Accuracy (CNN): 97.06 

2025-05-09 10:32:57,958 [trainer.py] => All params: 85852417
2025-05-09 10:32:57,958 [trainer.py] => Trainable params: 85852417
2025-05-09 10:32:57,964 [simplecil.py] => Learning on 70-80
Time for task 7: 5.0844526290893555
2025-05-09 10:33:10,772 [trainer.py] => No NME accuracy.
2025-05-09 10:33:10,773 [trainer.py] => CNN: {'total': 93.25, '00-09': 90.68, '10-19': 92.25, '20-29': 97.94, '30-39': 95.45, '40-49': 96.26, '50-59': 87.39, '60-69': 89.62, '70-79': 96.45, 'old': 92.67, 'new': 96.45}
2025-05-09 10:33:10,773 [trainer.py] => CNN top1 curve: [100.0, 98.38, 98.26, 97.8, 97.5, 94.79, 92.67, 93.25]
2025-05-09 10:33:10,773 [trainer.py] => CNN top5 curve: [100.0, 100.0, 99.71, 99.78, 99.64, 99.26, 99.23, 99.02]

Average Accuracy (CNN): 96.58
2025-05-09 10:33:10,773 [trainer.py] => Average Accuracy (CNN): 96.58 

2025-05-09 10:33:10,773 [trainer.py] => All params: 85860097
2025-05-09 10:33:10,774 [trainer.py] => Trainable params: 85860097
2025-05-09 10:33:10,784 [simplecil.py] => Learning on 80-90
Time for task 8: 4.636397838592529
2025-05-09 10:33:24,110 [trainer.py] => No NME accuracy.
2025-05-09 10:33:24,111 [trainer.py] => CNN: {'total': 93.06, '00-09': 90.68, '10-19': 90.7, '20-29': 97.94, '30-39': 95.45, '40-49': 96.26, '50-59': 86.49, '60-69': 89.62, '70-79': 96.45, '80-89': 93.98, 'old': 92.93, 'new': 93.98}
2025-05-09 10:33:24,111 [trainer.py] => CNN top1 curve: [100.0, 98.38, 98.26, 97.8, 97.5, 94.79, 92.67, 93.25, 93.06]
2025-05-09 10:33:24,111 [trainer.py] => CNN top5 curve: [100.0, 100.0, 99.71, 99.78, 99.64, 99.26, 99.23, 99.02, 99.14]

Average Accuracy (CNN): 96.19
2025-05-09 10:33:24,111 [trainer.py] => Average Accuracy (CNN): 96.19 

2025-05-09 10:33:24,111 [trainer.py] => All params: 85867777
2025-05-09 10:33:24,112 [trainer.py] => Trainable params: 85867777
2025-05-09 10:33:24,121 [simplecil.py] => Learning on 90-100
Time for task 9: 4.769960403442383
2025-05-09 10:33:38,275 [trainer.py] => No NME accuracy.
2025-05-09 10:33:38,275 [trainer.py] => CNN: {'total': 91.92, '00-09': 90.68, '10-19': 90.7, '20-29': 97.94, '30-39': 90.91, '40-49': 96.26, '50-59': 86.49, '60-69': 88.68, '70-79': 96.45, '80-89': 93.98, '90-99': 87.5, 'old': 92.49, 'new': 87.5}
2025-05-09 10:33:38,276 [trainer.py] => CNN top1 curve: [100.0, 98.38, 98.26, 97.8, 97.5, 94.79, 92.67, 93.25, 93.06, 91.92]
2025-05-09 10:33:38,276 [trainer.py] => CNN top5 curve: [100.0, 100.0, 99.71, 99.78, 99.64, 99.26, 99.23, 99.02, 99.14, 99.07]

Average Accuracy (CNN): 95.76
2025-05-09 10:33:38,276 [trainer.py] => Average Accuracy (CNN): 95.76 

2025-05-09 10:33:38,278 [trainer.py] => All params: 85875457
2025-05-09 10:33:38,280 [trainer.py] => Trainable params: 85875457
2025-05-09 10:33:38,288 [simplecil.py] => Learning on 100-110
Time for task 10: 5.965739727020264
2025-05-09 10:33:54,637 [trainer.py] => No NME accuracy.
2025-05-09 10:33:54,638 [trainer.py] => CNN: {'total': 91.71, '00-09': 90.68, '10-19': 89.15, '20-29': 97.94, '30-39': 90.91, '40-49': 96.26, '50-59': 86.49, '60-69': 87.74, '70-79': 96.45, '80-89': 93.98, '90-99': 87.5, '100-109': 92.17, 'old': 91.67, 'new': 92.17}
2025-05-09 10:33:54,638 [trainer.py] => CNN top1 curve: [100.0, 98.38, 98.26, 97.8, 97.5, 94.79, 92.67, 93.25, 93.06, 91.92, 91.71]
2025-05-09 10:33:54,638 [trainer.py] => CNN top5 curve: [100.0, 100.0, 99.71, 99.78, 99.64, 99.26, 99.23, 99.02, 99.14, 99.07, 99.0]

Average Accuracy (CNN): 95.39
2025-05-09 10:33:54,638 [trainer.py] => Average Accuracy (CNN): 95.39 

2025-05-09 10:33:54,638 [trainer.py] => All params: 85883137
2025-05-09 10:33:54,639 [trainer.py] => Trainable params: 85883137
2025-05-09 10:33:54,646 [simplecil.py] => Learning on 110-120
Time for task 11: 5.0194878578186035
2025-05-09 10:34:11,095 [trainer.py] => No NME accuracy.
2025-05-09 10:34:11,095 [trainer.py] => CNN: {'total': 90.18, '00-09': 90.68, '10-19': 89.15, '20-29': 97.94, '30-39': 90.91, '40-49': 96.26, '50-59': 86.49, '60-69': 85.85, '70-79': 90.07, '80-89': 93.23, '90-99': 86.76, '100-109': 92.17, '110-119': 84.07, 'old': 90.71, 'new': 84.07}
2025-05-09 10:34:11,096 [trainer.py] => CNN top1 curve: [100.0, 98.38, 98.26, 97.8, 97.5, 94.79, 92.67, 93.25, 93.06, 91.92, 91.71, 90.18]
2025-05-09 10:34:11,096 [trainer.py] => CNN top5 curve: [100.0, 100.0, 99.71, 99.78, 99.64, 99.26, 99.23, 99.02, 99.14, 99.07, 99.0, 98.87]

Average Accuracy (CNN): 94.96
2025-05-09 10:34:11,096 [trainer.py] => Average Accuracy (CNN): 94.96 

2025-05-09 10:34:11,097 [trainer.py] => All params: 85890817
2025-05-09 10:34:11,098 [trainer.py] => Trainable params: 85890817
2025-05-09 10:34:11,103 [simplecil.py] => Learning on 120-130
Time for task 12: 5.557399272918701
2025-05-09 10:34:29,241 [trainer.py] => No NME accuracy.
2025-05-09 10:34:29,241 [trainer.py] => CNN: {'total': 89.3, '00-09': 88.98, '10-19': 89.15, '20-29': 97.94, '30-39': 89.09, '40-49': 92.52, '50-59': 86.49, '60-69': 84.91, '70-79': 90.07, '80-89': 93.23, '90-99': 86.03, '100-109': 92.17, '110-119': 84.07, '120-129': 86.92, 'old': 89.48, 'new': 86.92}
2025-05-09 10:34:29,241 [trainer.py] => CNN top1 curve: [100.0, 98.38, 98.26, 97.8, 97.5, 94.79, 92.67, 93.25, 93.06, 91.92, 91.71, 90.18, 89.3]
2025-05-09 10:34:29,241 [trainer.py] => CNN top5 curve: [100.0, 100.0, 99.71, 99.78, 99.64, 99.26, 99.23, 99.02, 99.14, 99.07, 99.0, 98.87, 98.88]

Average Accuracy (CNN): 94.52
2025-05-09 10:34:29,241 [trainer.py] => Average Accuracy (CNN): 94.52 

2025-05-09 10:34:29,242 [trainer.py] => All params: 85898497
2025-05-09 10:34:29,243 [trainer.py] => Trainable params: 85898497
2025-05-09 10:34:29,252 [simplecil.py] => Learning on 130-140
Time for task 13: 5.509279489517212
2025-05-09 10:34:48,102 [trainer.py] => No NME accuracy.
2025-05-09 10:34:48,103 [trainer.py] => CNN: {'total': 88.97, '00-09': 88.98, '10-19': 89.15, '20-29': 97.94, '30-39': 89.09, '40-49': 92.52, '50-59': 86.49, '60-69': 84.91, '70-79': 90.07, '80-89': 93.23, '90-99': 86.03, '100-109': 92.17, '110-119': 84.07, '120-129': 82.24, '130-139': 88.98, 'old': 88.97, 'new': 88.98}
2025-05-09 10:34:48,103 [trainer.py] => CNN top1 curve: [100.0, 98.38, 98.26, 97.8, 97.5, 94.79, 92.67, 93.25, 93.06, 91.92, 91.71, 90.18, 89.3, 88.97]
2025-05-09 10:34:48,103 [trainer.py] => CNN top5 curve: [100.0, 100.0, 99.71, 99.78, 99.64, 99.26, 99.23, 99.02, 99.14, 99.07, 99.0, 98.87, 98.88, 98.72]

Average Accuracy (CNN): 94.13
2025-05-09 10:34:48,103 [trainer.py] => Average Accuracy (CNN): 94.13 

2025-05-09 10:34:48,104 [trainer.py] => All params: 85906177
2025-05-09 10:34:48,105 [trainer.py] => Trainable params: 85906177
2025-05-09 10:34:48,116 [simplecil.py] => Learning on 140-150
Time for task 14: 4.948024749755859
2025-05-09 10:35:07,610 [trainer.py] => No NME accuracy.
2025-05-09 10:35:07,611 [trainer.py] => CNN: {'total': 88.29, '00-09': 87.29, '10-19': 89.15, '20-29': 97.94, '30-39': 86.36, '40-49': 92.52, '50-59': 86.49, '60-69': 84.91, '70-79': 90.07, '80-89': 93.23, '90-99': 85.29, '100-109': 92.17, '110-119': 83.19, '120-129': 82.24, '130-139': 88.98, '140-149': 84.92, 'old': 88.54, 'new': 84.92}
2025-05-09 10:35:07,611 [trainer.py] => CNN top1 curve: [100.0, 98.38, 98.26, 97.8, 97.5, 94.79, 92.67, 93.25, 93.06, 91.92, 91.71, 90.18, 89.3, 88.97, 88.29]
2025-05-09 10:35:07,611 [trainer.py] => CNN top5 curve: [100.0, 100.0, 99.71, 99.78, 99.64, 99.26, 99.23, 99.02, 99.14, 99.07, 99.0, 98.87, 98.88, 98.72, 98.64]

Average Accuracy (CNN): 93.74
2025-05-09 10:35:07,612 [trainer.py] => Average Accuracy (CNN): 93.74 

2025-05-09 10:35:07,614 [trainer.py] => All params: 85913857
2025-05-09 10:35:07,616 [trainer.py] => Trainable params: 85913857
2025-05-09 10:35:07,623 [simplecil.py] => Learning on 150-160
Time for task 15: 5.104341268539429
2025-05-09 10:35:28,045 [trainer.py] => No NME accuracy.
2025-05-09 10:35:28,046 [trainer.py] => CNN: {'total': 88.47, '00-09': 86.44, '10-19': 89.15, '20-29': 97.94, '30-39': 86.36, '40-49': 92.52, '50-59': 86.49, '60-69': 84.91, '70-79': 89.36, '80-89': 93.23, '90-99': 85.29, '100-109': 89.57, '110-119': 83.19, '120-129': 82.24, '130-139': 88.98, '140-149': 84.92, '150-159': 95.16, 'old': 88.0, 'new': 95.16}
2025-05-09 10:35:28,046 [trainer.py] => CNN top1 curve: [100.0, 98.38, 98.26, 97.8, 97.5, 94.79, 92.67, 93.25, 93.06, 91.92, 91.71, 90.18, 89.3, 88.97, 88.29, 88.47]
2025-05-09 10:35:28,046 [trainer.py] => CNN top5 curve: [100.0, 100.0, 99.71, 99.78, 99.64, 99.26, 99.23, 99.02, 99.14, 99.07, 99.0, 98.87, 98.88, 98.72, 98.64, 98.68]

Average Accuracy (CNN): 93.41
2025-05-09 10:35:28,047 [trainer.py] => Average Accuracy (CNN): 93.41 

2025-05-09 10:35:28,048 [trainer.py] => All params: 85921537
2025-05-09 10:35:28,050 [trainer.py] => Trainable params: 85921537
2025-05-09 10:35:28,062 [simplecil.py] => Learning on 160-170
Time for task 16: 5.135818004608154
2025-05-09 10:35:49,247 [trainer.py] => No NME accuracy.
2025-05-09 10:35:49,248 [trainer.py] => CNN: {'total': 87.95, '00-09': 86.44, '10-19': 89.15, '20-29': 96.91, '30-39': 86.36, '40-49': 88.79, '50-59': 86.49, '60-69': 83.96, '70-79': 89.36, '80-89': 93.23, '90-99': 85.29, '100-109': 89.57, '110-119': 83.19, '120-129': 82.24, '130-139': 88.14, '140-149': 83.33, '150-159': 95.16, '160-169': 87.31, 'old': 88.0, 'new': 87.31}
2025-05-09 10:35:49,248 [trainer.py] => CNN top1 curve: [100.0, 98.38, 98.26, 97.8, 97.5, 94.79, 92.67, 93.25, 93.06, 91.92, 91.71, 90.18, 89.3, 88.97, 88.29, 88.47, 87.95]
2025-05-09 10:35:49,248 [trainer.py] => CNN top5 curve: [100.0, 100.0, 99.71, 99.78, 99.64, 99.26, 99.23, 99.02, 99.14, 99.07, 99.0, 98.87, 98.88, 98.72, 98.64, 98.68, 98.52]

Average Accuracy (CNN): 93.09
2025-05-09 10:35:49,248 [trainer.py] => Average Accuracy (CNN): 93.09 

2025-05-09 10:35:49,249 [trainer.py] => All params: 85929217
2025-05-09 10:35:49,250 [trainer.py] => Trainable params: 85929217
2025-05-09 10:35:49,260 [simplecil.py] => Learning on 170-180
Time for task 17: 5.155016899108887
2025-05-09 10:36:11,269 [trainer.py] => No NME accuracy.
2025-05-09 10:36:11,270 [trainer.py] => CNN: {'total': 87.97, '00-09': 85.59, '10-19': 88.37, '20-29': 96.91, '30-39': 86.36, '40-49': 88.79, '50-59': 86.49, '60-69': 83.96, '70-79': 89.36, '80-89': 93.23, '90-99': 85.29, '100-109': 89.57, '110-119': 83.19, '120-129': 81.31, '130-139': 88.14, '140-149': 83.33, '150-159': 93.55, '160-169': 87.31, '170-179': 93.2, 'old': 87.7, 'new': 93.2}
2025-05-09 10:36:11,270 [trainer.py] => CNN top1 curve: [100.0, 98.38, 98.26, 97.8, 97.5, 94.79, 92.67, 93.25, 93.06, 91.92, 91.71, 90.18, 89.3, 88.97, 88.29, 88.47, 87.95, 87.97]
2025-05-09 10:36:11,270 [trainer.py] => CNN top5 curve: [100.0, 100.0, 99.71, 99.78, 99.64, 99.26, 99.23, 99.02, 99.14, 99.07, 99.0, 98.87, 98.88, 98.72, 98.64, 98.68, 98.52, 98.45]

Average Accuracy (CNN): 92.8
2025-05-09 10:36:11,270 [trainer.py] => Average Accuracy (CNN): 92.8 

2025-05-09 10:36:11,272 [trainer.py] => All params: 85936897
2025-05-09 10:36:11,274 [trainer.py] => Trainable params: 85936897
2025-05-09 10:36:11,288 [simplecil.py] => Learning on 180-190
Time for task 18: 5.0333311557769775
2025-05-09 10:36:34,011 [trainer.py] => No NME accuracy.
2025-05-09 10:36:34,011 [trainer.py] => CNN: {'total': 87.35, '00-09': 85.59, '10-19': 88.37, '20-29': 94.85, '30-39': 85.45, '40-49': 87.85, '50-59': 86.49, '60-69': 83.96, '70-79': 89.36, '80-89': 93.23, '90-99': 85.29, '100-109': 89.57, '110-119': 83.19, '120-129': 79.44, '130-139': 88.14, '140-149': 82.54, '150-159': 93.55, '160-169': 87.31, '170-179': 93.2, '180-189': 82.58, 'old': 87.64, 'new': 82.58}
2025-05-09 10:36:34,011 [trainer.py] => CNN top1 curve: [100.0, 98.38, 98.26, 97.8, 97.5, 94.79, 92.67, 93.25, 93.06, 91.92, 91.71, 90.18, 89.3, 88.97, 88.29, 88.47, 87.95, 87.97, 87.35]
2025-05-09 10:36:34,011 [trainer.py] => CNN top5 curve: [100.0, 100.0, 99.71, 99.78, 99.64, 99.26, 99.23, 99.02, 99.14, 99.07, 99.0, 98.87, 98.88, 98.72, 98.64, 98.68, 98.52, 98.45, 98.23]

Average Accuracy (CNN): 92.52
2025-05-09 10:36:34,011 [trainer.py] => Average Accuracy (CNN): 92.52 

2025-05-09 10:36:34,012 [trainer.py] => All params: 85944577
2025-05-09 10:36:34,012 [trainer.py] => Trainable params: 85944577
2025-05-09 10:36:34,019 [simplecil.py] => Learning on 190-200
Time for task 19: 5.643653392791748
2025-05-09 10:36:58,275 [trainer.py] => No NME accuracy.
2025-05-09 10:36:58,275 [trainer.py] => CNN: {'total': 86.77, '00-09': 85.59, '10-19': 88.37, '20-29': 94.85, '30-39': 85.45, '40-49': 87.85, '50-59': 86.49, '60-69': 81.13, '70-79': 87.94, '80-89': 93.23, '90-99': 85.29, '100-109': 89.57, '110-119': 83.19, '120-129': 79.44, '130-139': 88.14, '140-149': 82.54, '150-159': 93.55, '160-169': 85.82, '170-179': 92.23, '180-189': 81.82, '190-199': 82.65, 'old': 86.95, 'new': 82.65}
2025-05-09 10:36:58,275 [trainer.py] => CNN top1 curve: [100.0, 98.38, 98.26, 97.8, 97.5, 94.79, 92.67, 93.25, 93.06, 91.92, 91.71, 90.18, 89.3, 88.97, 88.29, 88.47, 87.95, 87.97, 87.35, 86.77]
2025-05-09 10:36:58,276 [trainer.py] => CNN top5 curve: [100.0, 100.0, 99.71, 99.78, 99.64, 99.26, 99.23, 99.02, 99.14, 99.07, 99.0, 98.87, 98.88, 98.72, 98.64, 98.68, 98.52, 98.45, 98.23, 98.18]

Average Accuracy (CNN): 92.23
2025-05-09 10:36:58,276 [trainer.py] => Average Accuracy (CNN): 92.23 

Finished cub_init10_inc10: pretrained_vit_b16_224_in21k  
----------------------------------------------------------------------------------------------------
Accuracy Matrix (CNN):
[[100.    99.15  99.15  99.15  98.31  91.53  90.68  90.68  90.68  90.68
   90.68  90.68  88.98  88.98  87.29  86.44  86.44  85.59  85.59  85.59]
 [  0.    97.67  97.67  96.9   96.9   96.9   92.25  92.25  90.7   90.7
   89.15  89.15  89.15  89.15  89.15  89.15  89.15  88.37  88.37  88.37]
 [  0.     0.    97.94  97.94  97.94  97.94  97.94  97.94  97.94  97.94
   97.94  97.94  97.94  97.94  97.94  97.94  96.91  96.91  94.85  94.85]
 [  0.     0.     0.    97.27  96.36  96.36  95.45  95.45  95.45  90.91
   90.91  90.91  89.09  89.09  86.36  86.36  86.36  86.36  85.45  85.45]
 [  0.     0.     0.     0.    98.13  97.2   96.26  96.26  96.26  96.26
   96.26  96.26  92.52  92.52  92.52  92.52  88.79  88.79  87.85  87.85]
 [  0.     0.     0.     0.     0.    89.19  87.39  87.39  86.49  86.49
   86.49  86.49  86.49  86.49  86.49  86.49  86.49  86.49  86.49  86.49]
 [  0.     0.     0.     0.     0.     0.    89.62  89.62  89.62  88.68
   87.74  85.85  84.91  84.91  84.91  84.91  83.96  83.96  83.96  81.13]
 [  0.     0.     0.     0.     0.     0.     0.    96.45  96.45  96.45
   96.45  90.07  90.07  90.07  90.07  89.36  89.36  89.36  89.36  87.94]
 [  0.     0.     0.     0.     0.     0.     0.     0.    93.98  93.98
   93.98  93.23  93.23  93.23  93.23  93.23  93.23  93.23  93.23  93.23]
 [  0.     0.     0.     0.     0.     0.     0.     0.     0.    87.5
   87.5   86.76  86.03  86.03  85.29  85.29  85.29  85.29  85.29  85.29]
 [  0.     0.     0.     0.     0.     0.     0.     0.     0.     0.
   92.17  92.17  92.17  92.17  92.17  89.57  89.57  89.57  89.57  89.57]
 [  0.     0.     0.     0.     0.     0.     0.     0.     0.     0.
    0.    84.07  84.07  84.07  83.19  83.19  83.19  83.19  83.19  83.19]
 [  0.     0.     0.     0.     0.     0.     0.     0.     0.     0.
    0.     0.    86.92  82.24  82.24  82.24  82.24  81.31  79.44  79.44]
 [  0.     0.     0.     0.     0.     0.     0.     0.     0.     0.
    0.     0.     0.    88.98  88.98  88.98  88.14  88.14  88.14  88.14]
 [  0.     0.     0.     0.     0.     0.     0.     0.     0.     0.
    0.     0.     0.     0.    84.92  84.92  83.33  83.33  82.54  82.54]
 [  0.     0.     0.     0.     0.     0.     0.     0.     0.     0.
    0.     0.     0.     0.     0.    95.16  95.16  93.55  93.55  93.55]
 [  0.     0.     0.     0.     0.     0.     0.     0.     0.     0.
    0.     0.     0.     0.     0.     0.    87.31  87.31  87.31  85.82]
 [  0.     0.     0.     0.     0.     0.     0.     0.     0.     0.
    0.     0.     0.     0.     0.     0.     0.    93.2   93.2   92.23]
 [  0.     0.     0.     0.     0.     0.     0.     0.     0.     0.
    0.     0.     0.     0.     0.     0.     0.     0.    82.58  81.82]
 [  0.     0.     0.     0.     0.     0.     0.     0.     0.     0.
    0.     0.     0.     0.     0.     0.     0.     0.     0.    82.65]]
2025-05-09 10:36:58,278 [trainer.py] => Forgetting (CNN): 4.766842105263159
2025-05-09 10:37:05,193 [trainer.py] => config: ./scripts/simplecil/simplecil_cub_B0_Inc20.json
2025-05-09 10:37:05,193 [trainer.py] => prefix:  
2025-05-09 10:37:05,193 [trainer.py] => dataset: cub
2025-05-09 10:37:05,193 [trainer.py] => memory_size: 0
2025-05-09 10:37:05,194 [trainer.py] => memory_per_class: 0
2025-05-09 10:37:05,194 [trainer.py] => fixed_memory: False
2025-05-09 10:37:05,194 [trainer.py] => shuffle: True
2025-05-09 10:37:05,194 [trainer.py] => init_cls: 20
2025-05-09 10:37:05,194 [trainer.py] => increment: 20
2025-05-09 10:37:05,194 [trainer.py] => model_name: simplecil
2025-05-09 10:37:05,194 [trainer.py] => backbone_type: pretrained_vit_b16_224_in21k
2025-05-09 10:37:05,195 [trainer.py] => device: [device(type='cuda', index=0)]
2025-05-09 10:37:05,195 [trainer.py] => seed: 1993
2025-05-09 10:37:05,195 [trainer.py] => tuned_epoch: 0
2025-05-09 10:37:05,195 [trainer.py] => init_lr: 0.01
2025-05-09 10:37:05,195 [trainer.py] => batch_size: 48
2025-05-09 10:37:05,195 [trainer.py] => weight_decay: 0.05
2025-05-09 10:37:05,195 [trainer.py] => min_lr: 1e-08
2025-05-09 10:37:05,196 [trainer.py] => optimizer: sgd
2025-05-09 10:37:05,196 [trainer.py] => vpt_type: shallow
2025-05-09 10:37:05,196 [trainer.py] => prompt_token_num: 3
2025-05-09 10:37:05,498 [data_manager.py] => [168, 136, 51, 9, 183, 101, 171, 99, 42, 159, 191, 70, 16, 188, 27, 10, 175, 26, 68, 187, 98, 6, 85, 35, 112, 43, 100, 0, 103, 181, 88, 59, 4, 2, 116, 174, 94, 80, 106, 1, 147, 17, 141, 131, 72, 23, 173, 54, 197, 118, 87, 32, 79, 104, 91, 19, 135, 107, 178, 36, 11, 199, 142, 8, 122, 3, 28, 57, 153, 172, 190, 56, 49, 44, 97, 62, 151, 169, 194, 55, 192, 12, 189, 78, 66, 180, 15, 137, 109, 134, 92, 119, 126, 52, 170, 40, 148, 65, 144, 64, 138, 45, 77, 89, 154, 90, 71, 193, 74, 30, 113, 143, 96, 84, 67, 50, 186, 156, 69, 21, 18, 111, 108, 58, 125, 157, 150, 110, 182, 129, 166, 83, 81, 60, 13, 165, 14, 176, 63, 117, 5, 22, 145, 121, 38, 41, 82, 127, 114, 20, 31, 53, 37, 163, 196, 130, 152, 162, 86, 76, 24, 34, 184, 149, 33, 128, 198, 155, 146, 167, 139, 120, 140, 102, 47, 25, 158, 123, 46, 164, 61, 7, 115, 75, 133, 160, 105, 132, 179, 124, 48, 73, 93, 39, 95, 195, 29, 177, 185, 161]
This is for the BaseNet initialization.
After BaseNet initialization.
2025-05-09 10:37:10,392 [trainer.py] => All params: 85798656
2025-05-09 10:37:10,393 [trainer.py] => Trainable params: 85798656
2025-05-09 10:37:11,762 [simplecil.py] => Learning on 0-20
Time for task 0: 11.12679123878479
2025-05-09 10:37:24,201 [trainer.py] => No NME accuracy.
2025-05-09 10:37:24,201 [trainer.py] => CNN: {'total': 98.38, '00-19': 98.38, 'old': 0, 'new': 98.38}
2025-05-09 10:37:24,202 [trainer.py] => CNN top1 curve: [98.38]
2025-05-09 10:37:24,202 [trainer.py] => CNN top5 curve: [100.0]

Average Accuracy (CNN): 98.38
2025-05-09 10:37:24,202 [trainer.py] => Average Accuracy (CNN): 98.38 

2025-05-09 10:37:24,204 [trainer.py] => All params: 85814017
2025-05-09 10:37:24,206 [trainer.py] => Trainable params: 85814017
2025-05-09 10:37:24,217 [simplecil.py] => Learning on 20-40
Time for task 1: 9.25874137878418
2025-05-09 10:37:37,629 [trainer.py] => No NME accuracy.
2025-05-09 10:37:37,630 [trainer.py] => CNN: {'total': 97.8, '00-19': 97.98, '20-39': 97.58, 'old': 97.98, 'new': 97.58}
2025-05-09 10:37:37,630 [trainer.py] => CNN top1 curve: [98.38, 97.8]
2025-05-09 10:37:37,630 [trainer.py] => CNN top5 curve: [100.0, 99.78]

Average Accuracy (CNN): 98.09
2025-05-09 10:37:37,630 [trainer.py] => Average Accuracy (CNN): 98.09 

2025-05-09 10:37:37,632 [trainer.py] => All params: 85829377
2025-05-09 10:37:37,634 [trainer.py] => Trainable params: 85829377
2025-05-09 10:37:37,643 [simplecil.py] => Learning on 40-60
Time for task 2: 9.244310140609741
2025-05-09 10:37:52,571 [trainer.py] => No NME accuracy.
2025-05-09 10:37:52,571 [trainer.py] => CNN: {'total': 94.79, '00-19': 94.33, '20-39': 97.1, '40-59': 93.12, 'old': 95.59, 'new': 93.12}
2025-05-09 10:37:52,571 [trainer.py] => CNN top1 curve: [98.38, 97.8, 94.79]
2025-05-09 10:37:52,572 [trainer.py] => CNN top5 curve: [100.0, 99.78, 99.26]

Average Accuracy (CNN): 96.99
2025-05-09 10:37:52,572 [trainer.py] => Average Accuracy (CNN): 96.99 

2025-05-09 10:37:52,574 [trainer.py] => All params: 85844737
2025-05-09 10:37:52,575 [trainer.py] => Trainable params: 85844737
2025-05-09 10:37:52,586 [simplecil.py] => Learning on 60-80
Time for task 3: 8.61545205116272
2025-05-09 10:38:08,855 [trainer.py] => No NME accuracy.
2025-05-09 10:38:08,855 [trainer.py] => CNN: {'total': 93.25, '00-19': 91.5, '20-39': 96.62, '40-59': 91.74, '60-79': 93.52, 'old': 93.15, 'new': 93.52}
2025-05-09 10:38:08,855 [trainer.py] => CNN top1 curve: [98.38, 97.8, 94.79, 93.25]
2025-05-09 10:38:08,856 [trainer.py] => CNN top5 curve: [100.0, 99.78, 99.26, 99.02]

Average Accuracy (CNN): 96.06
2025-05-09 10:38:08,856 [trainer.py] => Average Accuracy (CNN): 96.06 

2025-05-09 10:38:08,858 [trainer.py] => All params: 85860097
2025-05-09 10:38:08,859 [trainer.py] => Trainable params: 85860097
2025-05-09 10:38:08,868 [simplecil.py] => Learning on 80-100
Time for task 4: 9.073112487792969
2025-05-09 10:38:27,852 [trainer.py] => No NME accuracy.
2025-05-09 10:38:27,852 [trainer.py] => CNN: {'total': 91.92, '00-19': 90.69, '20-39': 94.2, '40-59': 91.28, '60-79': 93.12, '80-99': 90.71, 'old': 92.27, 'new': 90.71}
2025-05-09 10:38:27,853 [trainer.py] => CNN top1 curve: [98.38, 97.8, 94.79, 93.25, 91.92]
2025-05-09 10:38:27,853 [trainer.py] => CNN top5 curve: [100.0, 99.78, 99.26, 99.02, 99.07]

Average Accuracy (CNN): 95.23
2025-05-09 10:38:27,853 [trainer.py] => Average Accuracy (CNN): 95.23 

2025-05-09 10:38:27,855 [trainer.py] => All params: 85875457
2025-05-09 10:38:27,857 [trainer.py] => Trainable params: 85875457
2025-05-09 10:38:27,866 [simplecil.py] => Learning on 100-120
Time for task 5: 9.111860275268555
2025-05-09 10:38:48,449 [trainer.py] => No NME accuracy.
2025-05-09 10:38:48,449 [trainer.py] => CNN: {'total': 90.18, '00-19': 89.88, '20-39': 94.2, '40-59': 91.28, '60-79': 88.26, '80-99': 89.96, '100-119': 88.16, 'old': 90.57, 'new': 88.16}
2025-05-09 10:38:48,450 [trainer.py] => CNN top1 curve: [98.38, 97.8, 94.79, 93.25, 91.92, 90.18]
2025-05-09 10:38:48,450 [trainer.py] => CNN top5 curve: [100.0, 99.78, 99.26, 99.02, 99.07, 98.87]

Average Accuracy (CNN): 94.39
2025-05-09 10:38:48,450 [trainer.py] => Average Accuracy (CNN): 94.39 

2025-05-09 10:38:48,450 [trainer.py] => All params: 85890817
2025-05-09 10:38:48,451 [trainer.py] => Trainable params: 85890817
2025-05-09 10:38:48,459 [simplecil.py] => Learning on 120-140
Time for task 6: 8.193275690078735
2025-05-09 10:39:10,192 [trainer.py] => No NME accuracy.
2025-05-09 10:39:10,192 [trainer.py] => CNN: {'total': 88.97, '00-19': 89.07, '20-39': 93.24, '40-59': 89.45, '60-79': 87.85, '80-99': 89.59, '100-119': 88.16, '120-139': 85.78, 'old': 89.48, 'new': 85.78}
2025-05-09 10:39:10,193 [trainer.py] => CNN top1 curve: [98.38, 97.8, 94.79, 93.25, 91.92, 90.18, 88.97]
2025-05-09 10:39:10,193 [trainer.py] => CNN top5 curve: [100.0, 99.78, 99.26, 99.02, 99.07, 98.87, 98.72]

Average Accuracy (CNN): 93.61
2025-05-09 10:39:10,193 [trainer.py] => Average Accuracy (CNN): 93.61 

2025-05-09 10:39:10,195 [trainer.py] => All params: 85906177
2025-05-09 10:39:10,196 [trainer.py] => Trainable params: 85906177
2025-05-09 10:39:10,209 [simplecil.py] => Learning on 140-160
Time for task 7: 8.400980710983276
2025-05-09 10:39:33,845 [trainer.py] => No NME accuracy.
2025-05-09 10:39:33,846 [trainer.py] => CNN: {'total': 88.47, '00-19': 87.85, '20-39': 91.79, '40-59': 89.45, '60-79': 87.45, '80-99': 89.22, '100-119': 86.4, '120-139': 85.78, '140-159': 90.0, 'old': 88.24, 'new': 90.0}
2025-05-09 10:39:33,847 [trainer.py] => CNN top1 curve: [98.38, 97.8, 94.79, 93.25, 91.92, 90.18, 88.97, 88.47]
2025-05-09 10:39:33,847 [trainer.py] => CNN top5 curve: [100.0, 99.78, 99.26, 99.02, 99.07, 98.87, 98.72, 98.68]

Average Accuracy (CNN): 92.97
2025-05-09 10:39:33,847 [trainer.py] => Average Accuracy (CNN): 92.97 

2025-05-09 10:39:33,847 [trainer.py] => All params: 85921537
2025-05-09 10:39:33,848 [trainer.py] => Trainable params: 85921537
2025-05-09 10:39:33,854 [simplecil.py] => Learning on 160-180
Time for task 8: 9.06056022644043
2025-05-09 10:39:59,494 [trainer.py] => No NME accuracy.
2025-05-09 10:39:59,495 [trainer.py] => CNN: {'total': 87.97, '00-19': 87.04, '20-39': 91.3, '40-59': 87.61, '60-79': 87.04, '80-99': 89.22, '100-119': 86.4, '120-139': 84.89, '140-159': 88.4, '160-179': 89.87, 'old': 87.73, 'new': 89.87}
2025-05-09 10:39:59,495 [trainer.py] => CNN top1 curve: [98.38, 97.8, 94.79, 93.25, 91.92, 90.18, 88.97, 88.47, 87.97]
2025-05-09 10:39:59,495 [trainer.py] => CNN top5 curve: [100.0, 99.78, 99.26, 99.02, 99.07, 98.87, 98.72, 98.68, 98.45]

Average Accuracy (CNN): 92.41
2025-05-09 10:39:59,495 [trainer.py] => Average Accuracy (CNN): 92.41 

2025-05-09 10:39:59,496 [trainer.py] => All params: 85936897
2025-05-09 10:39:59,497 [trainer.py] => Trainable params: 85936897
2025-05-09 10:39:59,504 [simplecil.py] => Learning on 180-200
Time for task 9: 9.030601739883423
2025-05-09 10:40:27,126 [trainer.py] => No NME accuracy.
2025-05-09 10:40:27,126 [trainer.py] => CNN: {'total': 86.77, '00-19': 87.04, '20-39': 89.86, '40-59': 87.16, '60-79': 85.02, '80-99': 89.22, '100-119': 86.4, '120-139': 84.0, '140-159': 88.0, '160-179': 88.61, '180-199': 82.17, 'old': 87.27, 'new': 82.17}
2025-05-09 10:40:27,126 [trainer.py] => CNN top1 curve: [98.38, 97.8, 94.79, 93.25, 91.92, 90.18, 88.97, 88.47, 87.97, 86.77]
2025-05-09 10:40:27,126 [trainer.py] => CNN top5 curve: [100.0, 99.78, 99.26, 99.02, 99.07, 98.87, 98.72, 98.68, 98.45, 98.18]

Average Accuracy (CNN): 91.85
2025-05-09 10:40:27,126 [trainer.py] => Average Accuracy (CNN): 91.85 

Finished cub_init20_inc20: pretrained_vit_b16_224_in21k  
----------------------------------------------------------------------------------------------------
Accuracy Matrix (CNN):
[[98.38 97.98 94.33 91.5  90.69 89.88 89.07 87.85 87.04 87.04]
 [ 0.   97.58 97.1  96.62 94.2  94.2  93.24 91.79 91.3  89.86]
 [ 0.    0.   93.12 91.74 91.28 91.28 89.45 89.45 87.61 87.16]
 [ 0.    0.    0.   93.52 93.12 88.26 87.85 87.45 87.04 85.02]
 [ 0.    0.    0.    0.   90.71 89.96 89.59 89.22 89.22 89.22]
 [ 0.    0.    0.    0.    0.   88.16 88.16 86.4  86.4  86.4 ]
 [ 0.    0.    0.    0.    0.    0.   85.78 85.78 84.89 84.  ]
 [ 0.    0.    0.    0.    0.    0.    0.   90.   88.4  88.  ]
 [ 0.    0.    0.    0.    0.    0.    0.    0.   89.87 88.61]
 [ 0.    0.    0.    0.    0.    0.    0.    0.    0.   82.17]]
2025-05-09 10:40:27,127 [trainer.py] => Forgetting (CNN): 4.645555555555554
2025-05-09 10:40:32,808 [trainer.py] => config: ./scripts/simplecil/simplecil_cub_B0_Inc40.json
2025-05-09 10:40:32,808 [trainer.py] => prefix:  
2025-05-09 10:40:32,808 [trainer.py] => dataset: cub
2025-05-09 10:40:32,809 [trainer.py] => memory_size: 0
2025-05-09 10:40:32,809 [trainer.py] => memory_per_class: 0
2025-05-09 10:40:32,809 [trainer.py] => fixed_memory: False
2025-05-09 10:40:32,809 [trainer.py] => shuffle: True
2025-05-09 10:40:32,809 [trainer.py] => init_cls: 40
2025-05-09 10:40:32,809 [trainer.py] => increment: 40
2025-05-09 10:40:32,809 [trainer.py] => model_name: simplecil
2025-05-09 10:40:32,809 [trainer.py] => backbone_type: pretrained_vit_b16_224_in21k
2025-05-09 10:40:32,809 [trainer.py] => device: [device(type='cuda', index=0)]
2025-05-09 10:40:32,809 [trainer.py] => seed: 1993
2025-05-09 10:40:32,809 [trainer.py] => tuned_epoch: 0
2025-05-09 10:40:32,809 [trainer.py] => init_lr: 0.01
2025-05-09 10:40:32,809 [trainer.py] => batch_size: 48
2025-05-09 10:40:32,809 [trainer.py] => weight_decay: 0.05
2025-05-09 10:40:32,809 [trainer.py] => min_lr: 1e-08
2025-05-09 10:40:32,809 [trainer.py] => optimizer: sgd
2025-05-09 10:40:32,809 [trainer.py] => vpt_type: shallow
2025-05-09 10:40:32,809 [trainer.py] => prompt_token_num: 3
2025-05-09 10:40:32,987 [data_manager.py] => [168, 136, 51, 9, 183, 101, 171, 99, 42, 159, 191, 70, 16, 188, 27, 10, 175, 26, 68, 187, 98, 6, 85, 35, 112, 43, 100, 0, 103, 181, 88, 59, 4, 2, 116, 174, 94, 80, 106, 1, 147, 17, 141, 131, 72, 23, 173, 54, 197, 118, 87, 32, 79, 104, 91, 19, 135, 107, 178, 36, 11, 199, 142, 8, 122, 3, 28, 57, 153, 172, 190, 56, 49, 44, 97, 62, 151, 169, 194, 55, 192, 12, 189, 78, 66, 180, 15, 137, 109, 134, 92, 119, 126, 52, 170, 40, 148, 65, 144, 64, 138, 45, 77, 89, 154, 90, 71, 193, 74, 30, 113, 143, 96, 84, 67, 50, 186, 156, 69, 21, 18, 111, 108, 58, 125, 157, 150, 110, 182, 129, 166, 83, 81, 60, 13, 165, 14, 176, 63, 117, 5, 22, 145, 121, 38, 41, 82, 127, 114, 20, 31, 53, 37, 163, 196, 130, 152, 162, 86, 76, 24, 34, 184, 149, 33, 128, 198, 155, 146, 167, 139, 120, 140, 102, 47, 25, 158, 123, 46, 164, 61, 7, 115, 75, 133, 160, 105, 132, 179, 124, 48, 73, 93, 39, 95, 195, 29, 177, 185, 161]
This is for the BaseNet initialization.
After BaseNet initialization.
2025-05-09 10:40:38,282 [trainer.py] => All params: 85798656
2025-05-09 10:40:38,282 [trainer.py] => Trainable params: 85798656
2025-05-09 10:40:38,716 [simplecil.py] => Learning on 0-40
Time for task 0: 18.742603540420532
2025-05-09 10:41:01,417 [trainer.py] => No NME accuracy.
2025-05-09 10:41:01,417 [trainer.py] => CNN: {'total': 97.8, '00-39': 97.8, 'old': 0, 'new': 97.8}
2025-05-09 10:41:01,417 [trainer.py] => CNN top1 curve: [97.8]
2025-05-09 10:41:01,417 [trainer.py] => CNN top5 curve: [99.78]

Average Accuracy (CNN): 97.8
2025-05-09 10:41:01,417 [trainer.py] => Average Accuracy (CNN): 97.8 

2025-05-09 10:41:01,418 [trainer.py] => All params: 85829377
2025-05-09 10:41:01,419 [trainer.py] => Trainable params: 85829377
2025-05-09 10:41:01,426 [simplecil.py] => Learning on 40-80
Time for task 1: 16.92705011367798
2025-05-09 10:41:25,860 [trainer.py] => No NME accuracy.
2025-05-09 10:41:25,861 [trainer.py] => CNN: {'total': 93.25, '00-39': 93.83, '40-79': 92.69, 'old': 93.83, 'new': 92.69}
2025-05-09 10:41:25,861 [trainer.py] => CNN top1 curve: [97.8, 93.25]
2025-05-09 10:41:25,861 [trainer.py] => CNN top5 curve: [99.78, 99.02]

Average Accuracy (CNN): 95.52
2025-05-09 10:41:25,861 [trainer.py] => Average Accuracy (CNN): 95.52 

2025-05-09 10:41:25,861 [trainer.py] => All params: 85860097
2025-05-09 10:41:25,862 [trainer.py] => Trainable params: 85860097
2025-05-09 10:41:25,870 [simplecil.py] => Learning on 80-120
Time for task 2: 16.705867767333984
2025-05-09 10:41:53,613 [trainer.py] => No NME accuracy.
2025-05-09 10:41:53,614 [trainer.py] => CNN: {'total': 90.18, '00-39': 91.85, '40-79': 89.68, '80-119': 89.13, 'old': 90.75, 'new': 89.13}
2025-05-09 10:41:53,614 [trainer.py] => CNN top1 curve: [97.8, 93.25, 90.18]
2025-05-09 10:41:53,614 [trainer.py] => CNN top5 curve: [99.78, 99.02, 98.87]

Average Accuracy (CNN): 93.74
2025-05-09 10:41:53,614 [trainer.py] => Average Accuracy (CNN): 93.74 

2025-05-09 10:41:53,615 [trainer.py] => All params: 85890817
2025-05-09 10:41:53,615 [trainer.py] => Trainable params: 85890817
2025-05-09 10:41:53,624 [simplecil.py] => Learning on 120-160
Time for task 3: 16.960721015930176
2025-05-09 10:42:25,669 [trainer.py] => No NME accuracy.
2025-05-09 10:42:25,670 [trainer.py] => CNN: {'total': 88.47, '00-39': 89.65, '40-79': 88.39, '80-119': 87.93, '120-159': 88.0, 'old': 88.63, 'new': 88.0}
2025-05-09 10:42:25,670 [trainer.py] => CNN top1 curve: [97.8, 93.25, 90.18, 88.47]
2025-05-09 10:42:25,670 [trainer.py] => CNN top5 curve: [99.78, 99.02, 98.87, 98.68]

Average Accuracy (CNN): 92.43
2025-05-09 10:42:25,670 [trainer.py] => Average Accuracy (CNN): 92.43 

2025-05-09 10:42:25,671 [trainer.py] => All params: 85921537
2025-05-09 10:42:25,672 [trainer.py] => Trainable params: 85921537
2025-05-09 10:42:25,684 [simplecil.py] => Learning on 160-200
Time for task 4: 17.427772045135498
2025-05-09 10:43:02,126 [trainer.py] => No NME accuracy.
2025-05-09 10:43:02,126 [trainer.py] => CNN: {'total': 86.77, '00-39': 88.33, '40-79': 86.02, '80-119': 87.93, '120-159': 86.11, '160-199': 85.44, 'old': 87.1, 'new': 85.44}
2025-05-09 10:43:02,126 [trainer.py] => CNN top1 curve: [97.8, 93.25, 90.18, 88.47, 86.77]
2025-05-09 10:43:02,126 [trainer.py] => CNN top5 curve: [99.78, 99.02, 98.87, 98.68, 98.18]

Average Accuracy (CNN): 91.29
2025-05-09 10:43:02,126 [trainer.py] => Average Accuracy (CNN): 91.29 

Finished cub_init40_inc40: pretrained_vit_b16_224_in21k  
----------------------------------------------------------------------------------------------------
Accuracy Matrix (CNN):
[[97.8  93.83 91.85 89.65 88.33]
 [ 0.   92.69 89.68 88.39 86.02]
 [ 0.    0.   89.13 87.93 87.93]
 [ 0.    0.    0.   88.   86.11]
 [ 0.    0.    0.    0.   85.44]]
2025-05-09 10:43:02,127 [trainer.py] => Forgetting (CNN): 4.807499999999997
2025-05-09 10:43:08,387 [trainer.py] => config: ./scripts/simplecil/simplecil_cub_B100_Inc5.json
2025-05-09 10:43:08,387 [trainer.py] => prefix:  
2025-05-09 10:43:08,388 [trainer.py] => dataset: cub
2025-05-09 10:43:08,388 [trainer.py] => memory_size: 0
2025-05-09 10:43:08,388 [trainer.py] => memory_per_class: 0
2025-05-09 10:43:08,388 [trainer.py] => fixed_memory: False
2025-05-09 10:43:08,388 [trainer.py] => shuffle: True
2025-05-09 10:43:08,388 [trainer.py] => init_cls: 100
2025-05-09 10:43:08,388 [trainer.py] => increment: 5
2025-05-09 10:43:08,388 [trainer.py] => model_name: simplecil
2025-05-09 10:43:08,389 [trainer.py] => backbone_type: pretrained_vit_b16_224_in21k
2025-05-09 10:43:08,389 [trainer.py] => device: [device(type='cuda', index=0)]
2025-05-09 10:43:08,389 [trainer.py] => seed: 1993
2025-05-09 10:43:08,389 [trainer.py] => tuned_epoch: 0
2025-05-09 10:43:08,389 [trainer.py] => init_lr: 0.01
2025-05-09 10:43:08,389 [trainer.py] => batch_size: 256
2025-05-09 10:43:08,389 [trainer.py] => weight_decay: 0.05
2025-05-09 10:43:08,389 [trainer.py] => min_lr: 1e-08
2025-05-09 10:43:08,390 [trainer.py] => optimizer: sgd
2025-05-09 10:43:08,390 [trainer.py] => vpt_type: shallow
2025-05-09 10:43:08,390 [trainer.py] => prompt_token_num: 3
2025-05-09 10:43:08,695 [data_manager.py] => [168, 136, 51, 9, 183, 101, 171, 99, 42, 159, 191, 70, 16, 188, 27, 10, 175, 26, 68, 187, 98, 6, 85, 35, 112, 43, 100, 0, 103, 181, 88, 59, 4, 2, 116, 174, 94, 80, 106, 1, 147, 17, 141, 131, 72, 23, 173, 54, 197, 118, 87, 32, 79, 104, 91, 19, 135, 107, 178, 36, 11, 199, 142, 8, 122, 3, 28, 57, 153, 172, 190, 56, 49, 44, 97, 62, 151, 169, 194, 55, 192, 12, 189, 78, 66, 180, 15, 137, 109, 134, 92, 119, 126, 52, 170, 40, 148, 65, 144, 64, 138, 45, 77, 89, 154, 90, 71, 193, 74, 30, 113, 143, 96, 84, 67, 50, 186, 156, 69, 21, 18, 111, 108, 58, 125, 157, 150, 110, 182, 129, 166, 83, 81, 60, 13, 165, 14, 176, 63, 117, 5, 22, 145, 121, 38, 41, 82, 127, 114, 20, 31, 53, 37, 163, 196, 130, 152, 162, 86, 76, 24, 34, 184, 149, 33, 128, 198, 155, 146, 167, 139, 120, 140, 102, 47, 25, 158, 123, 46, 164, 61, 7, 115, 75, 133, 160, 105, 132, 179, 124, 48, 73, 93, 39, 95, 195, 29, 177, 185, 161]
This is for the BaseNet initialization.
After BaseNet initialization.
2025-05-09 10:43:13,508 [trainer.py] => All params: 85798656
2025-05-09 10:43:13,509 [trainer.py] => Trainable params: 85798656
2025-05-09 10:43:15,035 [simplecil.py] => Learning on 0-100
Time for task 0: 42.13053059577942
2025-05-09 10:44:06,360 [trainer.py] => No NME accuracy.
2025-05-09 10:44:06,361 [trainer.py] => CNN: {'total': 91.92, '00-99': 91.92, 'old': 0, 'new': 91.92}
2025-05-09 10:44:06,361 [trainer.py] => CNN top1 curve: [91.92]
2025-05-09 10:44:06,361 [trainer.py] => CNN top5 curve: [99.07]

Average Accuracy (CNN): 91.92
2025-05-09 10:44:06,362 [trainer.py] => Average Accuracy (CNN): 91.92 

2025-05-09 10:44:06,363 [trainer.py] => All params: 85875457
2025-05-09 10:44:06,365 [trainer.py] => Trainable params: 85875457
2025-05-09 10:44:06,373 [simplecil.py] => Learning on 100-105
Time for task 1: 3.792640209197998
2025-05-09 10:44:20,935 [trainer.py] => No NME accuracy.
2025-05-09 10:44:20,935 [trainer.py] => CNN: {'total': 92.11, '00-99': 91.84, '100-104': 98.15, 'old': 91.84, 'new': 98.15}
2025-05-09 10:44:20,935 [trainer.py] => CNN top1 curve: [91.92, 92.11]
2025-05-09 10:44:20,935 [trainer.py] => CNN top5 curve: [99.07, 99.03]

Average Accuracy (CNN): 92.02
2025-05-09 10:44:20,936 [trainer.py] => Average Accuracy (CNN): 92.02 

2025-05-09 10:44:20,937 [trainer.py] => All params: 85879297
2025-05-09 10:44:20,938 [trainer.py] => Trainable params: 85879297
2025-05-09 10:44:20,946 [simplecil.py] => Learning on 105-110
Time for task 2: 3.56193208694458
2025-05-09 10:44:35,869 [trainer.py] => No NME accuracy.
2025-05-09 10:44:35,870 [trainer.py] => CNN: {'total': 91.71, '00-99': 91.67, '100-104': 98.15, '105-109': 86.89, 'old': 91.95, 'new': 86.89}
2025-05-09 10:44:35,870 [trainer.py] => CNN top1 curve: [91.92, 92.11, 91.71]
2025-05-09 10:44:35,870 [trainer.py] => CNN top5 curve: [99.07, 99.03, 99.0]

Average Accuracy (CNN): 91.91
2025-05-09 10:44:35,871 [trainer.py] => Average Accuracy (CNN): 91.91 

2025-05-09 10:44:35,873 [trainer.py] => All params: 85883137
2025-05-09 10:44:35,874 [trainer.py] => Trainable params: 85883137
2025-05-09 10:44:35,886 [simplecil.py] => Learning on 110-115
Time for task 3: 3.536710739135742
2025-05-09 10:44:52,137 [trainer.py] => No NME accuracy.
2025-05-09 10:44:52,137 [trainer.py] => CNN: {'total': 91.08, '00-99': 91.33, '100-104': 98.15, '105-109': 86.89, '110-114': 84.38, 'old': 91.4, 'new': 84.38}
2025-05-09 10:44:52,138 [trainer.py] => CNN top1 curve: [91.92, 92.11, 91.71, 91.08]
2025-05-09 10:44:52,138 [trainer.py] => CNN top5 curve: [99.07, 99.03, 99.0, 98.83]

Average Accuracy (CNN): 91.7
2025-05-09 10:44:52,138 [trainer.py] => Average Accuracy (CNN): 91.7 

2025-05-09 10:44:52,138 [trainer.py] => All params: 85886977
2025-05-09 10:44:52,139 [trainer.py] => Trainable params: 85886977
2025-05-09 10:44:52,147 [simplecil.py] => Learning on 115-120
Time for task 4: 2.976126194000244
2025-05-09 10:45:07,293 [trainer.py] => No NME accuracy.
2025-05-09 10:45:07,293 [trainer.py] => CNN: {'total': 90.18, '00-99': 90.57, '100-104': 98.15, '105-109': 86.89, '110-114': 84.38, '115-119': 83.67, 'old': 90.42, 'new': 83.67}
2025-05-09 10:45:07,293 [trainer.py] => CNN top1 curve: [91.92, 92.11, 91.71, 91.08, 90.18]
2025-05-09 10:45:07,293 [trainer.py] => CNN top5 curve: [99.07, 99.03, 99.0, 98.83, 98.87]

Average Accuracy (CNN): 91.4
2025-05-09 10:45:07,293 [trainer.py] => Average Accuracy (CNN): 91.4 

2025-05-09 10:45:07,294 [trainer.py] => All params: 85890817
2025-05-09 10:45:07,294 [trainer.py] => Trainable params: 85890817
2025-05-09 10:45:07,302 [simplecil.py] => Learning on 120-125
Time for task 5: 3.4932515621185303
2025-05-09 10:45:23,298 [trainer.py] => No NME accuracy.
2025-05-09 10:45:23,298 [trainer.py] => CNN: {'total': 89.76, '00-99': 90.24, '100-104': 98.15, '105-109': 86.89, '110-114': 84.38, '115-119': 83.67, '120-124': 85.71, 'old': 89.9, 'new': 85.71}
2025-05-09 10:45:23,298 [trainer.py] => CNN top1 curve: [91.92, 92.11, 91.71, 91.08, 90.18, 89.76]
2025-05-09 10:45:23,298 [trainer.py] => CNN top5 curve: [99.07, 99.03, 99.0, 98.83, 98.87, 98.91]

Average Accuracy (CNN): 91.13
2025-05-09 10:45:23,298 [trainer.py] => Average Accuracy (CNN): 91.13 

2025-05-09 10:45:23,299 [trainer.py] => All params: 85894657
2025-05-09 10:45:23,300 [trainer.py] => Trainable params: 85894657
2025-05-09 10:45:23,306 [simplecil.py] => Learning on 125-130
Time for task 6: 3.228945255279541
2025-05-09 10:45:38,442 [trainer.py] => No NME accuracy.
2025-05-09 10:45:38,442 [trainer.py] => CNN: {'total': 89.3, '00-99': 89.73, '100-104': 98.15, '105-109': 86.89, '110-114': 84.38, '115-119': 83.67, '120-124': 77.55, '125-129': 94.83, 'old': 89.08, 'new': 94.83}
2025-05-09 10:45:38,442 [trainer.py] => CNN top1 curve: [91.92, 92.11, 91.71, 91.08, 90.18, 89.76, 89.3]
2025-05-09 10:45:38,443 [trainer.py] => CNN top5 curve: [99.07, 99.03, 99.0, 98.83, 98.87, 98.91, 98.88]

Average Accuracy (CNN): 90.87
2025-05-09 10:45:38,443 [trainer.py] => Average Accuracy (CNN): 90.87 

2025-05-09 10:45:38,443 [trainer.py] => All params: 85898497
2025-05-09 10:45:38,444 [trainer.py] => Trainable params: 85898497
2025-05-09 10:45:38,449 [simplecil.py] => Learning on 130-135
Time for task 7: 3.321794033050537
2025-05-09 10:45:55,114 [trainer.py] => No NME accuracy.
2025-05-09 10:45:55,114 [trainer.py] => CNN: {'total': 89.2, '00-99': 89.73, '100-104': 98.15, '105-109': 86.89, '110-114': 84.38, '115-119': 83.67, '120-124': 75.51, '125-129': 94.83, '130-134': 88.33, 'old': 89.23, 'new': 88.33}
2025-05-09 10:45:55,114 [trainer.py] => CNN top1 curve: [91.92, 92.11, 91.71, 91.08, 90.18, 89.76, 89.3, 89.2]
2025-05-09 10:45:55,115 [trainer.py] => CNN top5 curve: [99.07, 99.03, 99.0, 98.83, 98.87, 98.91, 98.88, 98.8]

Average Accuracy (CNN): 90.66
2025-05-09 10:45:55,115 [trainer.py] => Average Accuracy (CNN): 90.66 

2025-05-09 10:45:55,117 [trainer.py] => All params: 85902337
2025-05-09 10:45:55,118 [trainer.py] => Trainable params: 85902337
2025-05-09 10:45:55,127 [simplecil.py] => Learning on 135-140
Time for task 8: 3.450441598892212
2025-05-09 10:46:12,086 [trainer.py] => No NME accuracy.
2025-05-09 10:46:12,087 [trainer.py] => CNN: {'total': 88.97, '00-99': 89.73, '100-104': 98.15, '105-109': 86.89, '110-114': 84.38, '115-119': 83.67, '120-124': 71.43, '125-129': 91.38, '130-134': 88.33, '135-139': 89.66, 'old': 88.95, 'new': 89.66}
2025-05-09 10:46:12,087 [trainer.py] => CNN top1 curve: [91.92, 92.11, 91.71, 91.08, 90.18, 89.76, 89.3, 89.2, 88.97]
2025-05-09 10:46:12,087 [trainer.py] => CNN top5 curve: [99.07, 99.03, 99.0, 98.83, 98.87, 98.91, 98.88, 98.8, 98.72]

Average Accuracy (CNN): 90.47
2025-05-09 10:46:12,087 [trainer.py] => Average Accuracy (CNN): 90.47 

2025-05-09 10:46:12,088 [trainer.py] => All params: 85906177
2025-05-09 10:46:12,089 [trainer.py] => Trainable params: 85906177
2025-05-09 10:46:12,094 [simplecil.py] => Learning on 140-145
Time for task 9: 3.1985292434692383
2025-05-09 10:46:29,754 [trainer.py] => No NME accuracy.
2025-05-09 10:46:29,754 [trainer.py] => CNN: {'total': 88.34, '00-99': 89.48, '100-104': 98.15, '105-109': 86.89, '110-114': 82.81, '115-119': 83.67, '120-124': 71.43, '125-129': 91.38, '130-134': 88.33, '135-139': 89.66, '140-144': 77.19, 'old': 88.73, 'new': 77.19}
2025-05-09 10:46:29,755 [trainer.py] => CNN top1 curve: [91.92, 92.11, 91.71, 91.08, 90.18, 89.76, 89.3, 89.2, 88.97, 88.34]
2025-05-09 10:46:29,755 [trainer.py] => CNN top5 curve: [99.07, 99.03, 99.0, 98.83, 98.87, 98.91, 98.88, 98.8, 98.72, 98.7]

Average Accuracy (CNN): 90.26
2025-05-09 10:46:29,755 [trainer.py] => Average Accuracy (CNN): 90.26 

2025-05-09 10:46:29,755 [trainer.py] => All params: 85910017
2025-05-09 10:46:29,756 [trainer.py] => Trainable params: 85910017
2025-05-09 10:46:29,766 [simplecil.py] => Learning on 145-150
Time for task 10: 3.277519941329956
2025-05-09 10:46:47,583 [trainer.py] => No NME accuracy.
2025-05-09 10:46:47,583 [trainer.py] => CNN: {'total': 88.29, '00-99': 89.23, '100-104': 98.15, '105-109': 86.89, '110-114': 82.81, '115-119': 83.67, '120-124': 71.43, '125-129': 91.38, '130-134': 88.33, '135-139': 89.66, '140-144': 77.19, '145-149': 91.3, 'old': 88.16, 'new': 91.3}
2025-05-09 10:46:47,584 [trainer.py] => CNN top1 curve: [91.92, 92.11, 91.71, 91.08, 90.18, 89.76, 89.3, 89.2, 88.97, 88.34, 88.29]
2025-05-09 10:46:47,584 [trainer.py] => CNN top5 curve: [99.07, 99.03, 99.0, 98.83, 98.87, 98.91, 98.88, 98.8, 98.72, 98.7, 98.64]

Average Accuracy (CNN): 90.08
2025-05-09 10:46:47,584 [trainer.py] => Average Accuracy (CNN): 90.08 

2025-05-09 10:46:47,586 [trainer.py] => All params: 85913857
2025-05-09 10:46:47,587 [trainer.py] => Trainable params: 85913857
2025-05-09 10:46:47,598 [simplecil.py] => Learning on 150-155
Time for task 11: 3.2978832721710205
2025-05-09 10:47:06,239 [trainer.py] => No NME accuracy.
2025-05-09 10:47:06,240 [trainer.py] => CNN: {'total': 88.4, '00-99': 89.06, '100-104': 98.15, '105-109': 86.89, '110-114': 82.81, '115-119': 83.67, '120-124': 71.43, '125-129': 91.38, '130-134': 88.33, '135-139': 89.66, '140-144': 77.19, '145-149': 91.3, '150-154': 95.0, 'old': 88.17, 'new': 95.0}
2025-05-09 10:47:06,240 [trainer.py] => CNN top1 curve: [91.92, 92.11, 91.71, 91.08, 90.18, 89.76, 89.3, 89.2, 88.97, 88.34, 88.29, 88.4]
2025-05-09 10:47:06,240 [trainer.py] => CNN top5 curve: [99.07, 99.03, 99.0, 98.83, 98.87, 98.91, 98.88, 98.8, 98.72, 98.7, 98.64, 98.69]

Average Accuracy (CNN): 89.94
2025-05-09 10:47:06,240 [trainer.py] => Average Accuracy (CNN): 89.94 

2025-05-09 10:47:06,241 [trainer.py] => All params: 85917697
2025-05-09 10:47:06,241 [trainer.py] => Trainable params: 85917697
2025-05-09 10:47:06,251 [simplecil.py] => Learning on 155-160
Time for task 12: 3.6046342849731445
2025-05-09 10:47:25,623 [trainer.py] => No NME accuracy.
2025-05-09 10:47:25,623 [trainer.py] => CNN: {'total': 88.47, '00-99': 89.06, '100-104': 92.59, '105-109': 86.89, '110-114': 82.81, '115-119': 83.67, '120-124': 71.43, '125-129': 91.38, '130-134': 88.33, '135-139': 89.66, '140-144': 77.19, '145-149': 91.3, '150-154': 95.0, '155-159': 95.31, 'old': 88.23, 'new': 95.31}
2025-05-09 10:47:25,623 [trainer.py] => CNN top1 curve: [91.92, 92.11, 91.71, 91.08, 90.18, 89.76, 89.3, 89.2, 88.97, 88.34, 88.29, 88.4, 88.47]
2025-05-09 10:47:25,623 [trainer.py] => CNN top5 curve: [99.07, 99.03, 99.0, 98.83, 98.87, 98.91, 98.88, 98.8, 98.72, 98.7, 98.64, 98.69, 98.68]

Average Accuracy (CNN): 89.83
2025-05-09 10:47:25,624 [trainer.py] => Average Accuracy (CNN): 89.83 

2025-05-09 10:47:25,624 [trainer.py] => All params: 85921537
2025-05-09 10:47:25,625 [trainer.py] => Trainable params: 85921537
2025-05-09 10:47:25,633 [simplecil.py] => Learning on 160-165
Time for task 13: 3.1588752269744873
2025-05-09 10:47:45,257 [trainer.py] => No NME accuracy.
2025-05-09 10:47:45,257 [trainer.py] => CNN: {'total': 88.36, '00-99': 88.97, '100-104': 92.59, '105-109': 86.89, '110-114': 82.81, '115-119': 83.67, '120-124': 71.43, '125-129': 91.38, '130-134': 88.33, '135-139': 89.66, '140-144': 77.19, '145-149': 91.3, '150-154': 95.0, '155-159': 95.31, '160-164': 86.84, 'old': 88.42, 'new': 86.84}
2025-05-09 10:47:45,258 [trainer.py] => CNN top1 curve: [91.92, 92.11, 91.71, 91.08, 90.18, 89.76, 89.3, 89.2, 88.97, 88.34, 88.29, 88.4, 88.47, 88.36]
2025-05-09 10:47:45,258 [trainer.py] => CNN top5 curve: [99.07, 99.03, 99.0, 98.83, 98.87, 98.91, 98.88, 98.8, 98.72, 98.7, 98.64, 98.69, 98.68, 98.68]

Average Accuracy (CNN): 89.72
2025-05-09 10:47:45,258 [trainer.py] => Average Accuracy (CNN): 89.72 

2025-05-09 10:47:45,260 [trainer.py] => All params: 85925377
2025-05-09 10:47:45,261 [trainer.py] => Trainable params: 85925377
2025-05-09 10:47:45,275 [simplecil.py] => Learning on 165-170
Time for task 14: 3.6609065532684326
2025-05-09 10:48:05,578 [trainer.py] => No NME accuracy.
2025-05-09 10:48:05,578 [trainer.py] => CNN: {'total': 87.95, '00-99': 88.55, '100-104': 92.59, '105-109': 86.89, '110-114': 82.81, '115-119': 83.67, '120-124': 71.43, '125-129': 91.38, '130-134': 86.67, '135-139': 89.66, '140-144': 73.68, '145-149': 91.3, '150-154': 95.0, '155-159': 95.31, '160-164': 86.84, '165-169': 87.93, 'old': 87.95, 'new': 87.93}
2025-05-09 10:48:05,578 [trainer.py] => CNN top1 curve: [91.92, 92.11, 91.71, 91.08, 90.18, 89.76, 89.3, 89.2, 88.97, 88.34, 88.29, 88.4, 88.47, 88.36, 87.95]
2025-05-09 10:48:05,578 [trainer.py] => CNN top5 curve: [99.07, 99.03, 99.0, 98.83, 98.87, 98.91, 98.88, 98.8, 98.72, 98.7, 98.64, 98.69, 98.68, 98.68, 98.52]

Average Accuracy (CNN): 89.6
2025-05-09 10:48:05,578 [trainer.py] => Average Accuracy (CNN): 89.6 

2025-05-09 10:48:05,579 [trainer.py] => All params: 85929217
2025-05-09 10:48:05,579 [trainer.py] => Trainable params: 85929217
2025-05-09 10:48:05,587 [simplecil.py] => Learning on 170-175
Time for task 15: 3.564373016357422
2025-05-09 10:48:26,347 [trainer.py] => No NME accuracy.
2025-05-09 10:48:26,348 [trainer.py] => CNN: {'total': 87.94, '00-99': 88.47, '100-104': 92.59, '105-109': 86.89, '110-114': 82.81, '115-119': 83.67, '120-124': 71.43, '125-129': 91.38, '130-134': 86.67, '135-139': 89.66, '140-144': 73.68, '145-149': 91.3, '150-154': 95.0, '155-159': 93.75, '160-164': 86.84, '165-169': 87.93, '170-174': 91.67, 'old': 87.85, 'new': 91.67}
2025-05-09 10:48:26,348 [trainer.py] => CNN top1 curve: [91.92, 92.11, 91.71, 91.08, 90.18, 89.76, 89.3, 89.2, 88.97, 88.34, 88.29, 88.4, 88.47, 88.36, 87.95, 87.94]
2025-05-09 10:48:26,348 [trainer.py] => CNN top5 curve: [99.07, 99.03, 99.0, 98.83, 98.87, 98.91, 98.88, 98.8, 98.72, 98.7, 98.64, 98.69, 98.68, 98.68, 98.52, 98.41]

Average Accuracy (CNN): 89.5
2025-05-09 10:48:26,348 [trainer.py] => Average Accuracy (CNN): 89.5 

2025-05-09 10:48:26,349 [trainer.py] => All params: 85933057
2025-05-09 10:48:26,349 [trainer.py] => Trainable params: 85933057
2025-05-09 10:48:26,358 [simplecil.py] => Learning on 175-180
Time for task 16: 3.0382280349731445
2025-05-09 10:48:46,775 [trainer.py] => No NME accuracy.
2025-05-09 10:48:46,775 [trainer.py] => CNN: {'total': 87.97, '00-99': 88.38, '100-104': 92.59, '105-109': 86.89, '110-114': 82.81, '115-119': 83.67, '120-124': 69.39, '125-129': 91.38, '130-134': 86.67, '135-139': 89.66, '140-144': 73.68, '145-149': 91.3, '150-154': 93.33, '155-159': 93.75, '160-164': 86.84, '165-169': 87.93, '170-174': 91.67, '175-179': 94.55, 'old': 87.8, 'new': 94.55}
2025-05-09 10:48:46,775 [trainer.py] => CNN top1 curve: [91.92, 92.11, 91.71, 91.08, 90.18, 89.76, 89.3, 89.2, 88.97, 88.34, 88.29, 88.4, 88.47, 88.36, 87.95, 87.94, 87.97]
2025-05-09 10:48:46,775 [trainer.py] => CNN top5 curve: [99.07, 99.03, 99.0, 98.83, 98.87, 98.91, 98.88, 98.8, 98.72, 98.7, 98.64, 98.69, 98.68, 98.68, 98.52, 98.41, 98.45]

Average Accuracy (CNN): 89.41
2025-05-09 10:48:46,775 [trainer.py] => Average Accuracy (CNN): 89.41 

2025-05-09 10:48:46,776 [trainer.py] => All params: 85936897
2025-05-09 10:48:46,776 [trainer.py] => Trainable params: 85936897
2025-05-09 10:48:46,783 [simplecil.py] => Learning on 180-185
Time for task 17: 3.559548854827881
2025-05-09 10:49:08,187 [trainer.py] => No NME accuracy.
2025-05-09 10:49:08,188 [trainer.py] => CNN: {'total': 87.45, '00-99': 88.22, '100-104': 92.59, '105-109': 86.89, '110-114': 82.81, '115-119': 83.67, '120-124': 67.35, '125-129': 89.66, '130-134': 86.67, '135-139': 89.66, '140-144': 73.68, '145-149': 91.3, '150-154': 93.33, '155-159': 93.75, '160-164': 86.84, '165-169': 87.93, '170-174': 91.67, '175-179': 94.55, '180-184': 76.56, 'old': 87.78, 'new': 76.56}
2025-05-09 10:49:08,188 [trainer.py] => CNN top1 curve: [91.92, 92.11, 91.71, 91.08, 90.18, 89.76, 89.3, 89.2, 88.97, 88.34, 88.29, 88.4, 88.47, 88.36, 87.95, 87.94, 87.97, 87.45]
2025-05-09 10:49:08,188 [trainer.py] => CNN top5 curve: [99.07, 99.03, 99.0, 98.83, 98.87, 98.91, 98.88, 98.8, 98.72, 98.7, 98.64, 98.69, 98.68, 98.68, 98.52, 98.41, 98.45, 98.31]

Average Accuracy (CNN): 89.3
2025-05-09 10:49:08,188 [trainer.py] => Average Accuracy (CNN): 89.3 

2025-05-09 10:49:08,189 [trainer.py] => All params: 85940737
2025-05-09 10:49:08,189 [trainer.py] => Trainable params: 85940737
2025-05-09 10:49:08,196 [simplecil.py] => Learning on 185-190
Time for task 18: 3.2834632396698
2025-05-09 10:49:29,810 [trainer.py] => No NME accuracy.
2025-05-09 10:49:29,810 [trainer.py] => CNN: {'total': 87.35, '00-99': 88.05, '100-104': 92.59, '105-109': 86.89, '110-114': 82.81, '115-119': 83.67, '120-124': 67.35, '125-129': 89.66, '130-134': 86.67, '135-139': 89.66, '140-144': 73.68, '145-149': 89.86, '150-154': 93.33, '155-159': 93.75, '160-164': 86.84, '165-169': 87.93, '170-174': 91.67, '175-179': 94.55, '180-184': 76.56, '185-189': 88.24, 'old': 87.32, 'new': 88.24}
2025-05-09 10:49:29,810 [trainer.py] => CNN top1 curve: [91.92, 92.11, 91.71, 91.08, 90.18, 89.76, 89.3, 89.2, 88.97, 88.34, 88.29, 88.4, 88.47, 88.36, 87.95, 87.94, 87.97, 87.45, 87.35]
2025-05-09 10:49:29,810 [trainer.py] => CNN top5 curve: [99.07, 99.03, 99.0, 98.83, 98.87, 98.91, 98.88, 98.8, 98.72, 98.7, 98.64, 98.69, 98.68, 98.68, 98.52, 98.41, 98.45, 98.31, 98.23]

Average Accuracy (CNN): 89.2
2025-05-09 10:49:29,810 [trainer.py] => Average Accuracy (CNN): 89.2 

2025-05-09 10:49:29,811 [trainer.py] => All params: 85944577
2025-05-09 10:49:29,812 [trainer.py] => Trainable params: 85944577
2025-05-09 10:49:29,821 [simplecil.py] => Learning on 190-195
Time for task 19: 3.4883670806884766
2025-05-09 10:49:51,887 [trainer.py] => No NME accuracy.
2025-05-09 10:49:51,888 [trainer.py] => CNN: {'total': 87.01, '00-99': 87.88, '100-104': 92.59, '105-109': 86.89, '110-114': 82.81, '115-119': 83.67, '120-124': 67.35, '125-129': 89.66, '130-134': 86.67, '135-139': 89.66, '140-144': 73.68, '145-149': 89.86, '150-154': 93.33, '155-159': 93.75, '160-164': 86.84, '165-169': 87.93, '170-174': 89.58, '175-179': 94.55, '180-184': 75.0, '185-189': 88.24, '190-194': 81.03, 'old': 87.17, 'new': 81.03}
2025-05-09 10:49:51,888 [trainer.py] => CNN top1 curve: [91.92, 92.11, 91.71, 91.08, 90.18, 89.76, 89.3, 89.2, 88.97, 88.34, 88.29, 88.4, 88.47, 88.36, 87.95, 87.94, 87.97, 87.45, 87.35, 87.01]
2025-05-09 10:49:51,888 [trainer.py] => CNN top5 curve: [99.07, 99.03, 99.0, 98.83, 98.87, 98.91, 98.88, 98.8, 98.72, 98.7, 98.64, 98.69, 98.68, 98.68, 98.52, 98.41, 98.45, 98.31, 98.23, 98.23]

Average Accuracy (CNN): 89.09
2025-05-09 10:49:51,888 [trainer.py] => Average Accuracy (CNN): 89.09 

2025-05-09 10:49:51,890 [trainer.py] => All params: 85948417
2025-05-09 10:49:51,892 [trainer.py] => Trainable params: 85948417
2025-05-09 10:49:51,905 [simplecil.py] => Learning on 195-200
Time for task 20: 3.751227378845215
2025-05-09 10:50:14,683 [trainer.py] => No NME accuracy.
2025-05-09 10:50:14,683 [trainer.py] => CNN: {'total': 86.77, '00-99': 87.63, '100-104': 92.59, '105-109': 86.89, '110-114': 82.81, '115-119': 83.67, '120-124': 67.35, '125-129': 89.66, '130-134': 86.67, '135-139': 89.66, '140-144': 73.68, '145-149': 89.86, '150-154': 93.33, '155-159': 93.75, '160-164': 85.53, '165-169': 86.21, '170-174': 89.58, '175-179': 94.55, '180-184': 75.0, '185-189': 88.24, '190-194': 81.03, '195-199': 85.0, 'old': 86.8, 'new': 85.0}
2025-05-09 10:50:14,683 [trainer.py] => CNN top1 curve: [91.92, 92.11, 91.71, 91.08, 90.18, 89.76, 89.3, 89.2, 88.97, 88.34, 88.29, 88.4, 88.47, 88.36, 87.95, 87.94, 87.97, 87.45, 87.35, 87.01, 86.77]
2025-05-09 10:50:14,683 [trainer.py] => CNN top5 curve: [99.07, 99.03, 99.0, 98.83, 98.87, 98.91, 98.88, 98.8, 98.72, 98.7, 98.64, 98.69, 98.68, 98.68, 98.52, 98.41, 98.45, 98.31, 98.23, 98.23, 98.18]

Average Accuracy (CNN): 88.98
2025-05-09 10:50:14,683 [trainer.py] => Average Accuracy (CNN): 88.98 

Finished cub_init100_inc5: pretrained_vit_b16_224_in21k  
----------------------------------------------------------------------------------------------------
Accuracy Matrix (CNN):
[[91.92 91.84 91.67 91.33 90.57 90.24 89.73 89.73 89.73 89.48 89.23 89.06
  89.06 88.97 88.55 88.47 88.38 88.22 88.05 87.88 87.63]
 [ 0.   98.15 98.15 98.15 98.15 98.15 98.15 98.15 98.15 98.15 98.15 98.15
  92.59 92.59 92.59 92.59 92.59 92.59 92.59 92.59 92.59]
 [ 0.    0.   86.89 86.89 86.89 86.89 86.89 86.89 86.89 86.89 86.89 86.89
  86.89 86.89 86.89 86.89 86.89 86.89 86.89 86.89 86.89]
 [ 0.    0.    0.   84.38 84.38 84.38 84.38 84.38 84.38 82.81 82.81 82.81
  82.81 82.81 82.81 82.81 82.81 82.81 82.81 82.81 82.81]
 [ 0.    0.    0.    0.   83.67 83.67 83.67 83.67 83.67 83.67 83.67 83.67
  83.67 83.67 83.67 83.67 83.67 83.67 83.67 83.67 83.67]
 [ 0.    0.    0.    0.    0.   85.71 77.55 75.51 71.43 71.43 71.43 71.43
  71.43 71.43 71.43 71.43 69.39 67.35 67.35 67.35 67.35]
 [ 0.    0.    0.    0.    0.    0.   94.83 94.83 91.38 91.38 91.38 91.38
  91.38 91.38 91.38 91.38 91.38 89.66 89.66 89.66 89.66]
 [ 0.    0.    0.    0.    0.    0.    0.   88.33 88.33 88.33 88.33 88.33
  88.33 88.33 86.67 86.67 86.67 86.67 86.67 86.67 86.67]
 [ 0.    0.    0.    0.    0.    0.    0.    0.   89.66 89.66 89.66 89.66
  89.66 89.66 89.66 89.66 89.66 89.66 89.66 89.66 89.66]
 [ 0.    0.    0.    0.    0.    0.    0.    0.    0.   77.19 77.19 77.19
  77.19 77.19 73.68 73.68 73.68 73.68 73.68 73.68 73.68]
 [ 0.    0.    0.    0.    0.    0.    0.    0.    0.    0.   91.3  91.3
  91.3  91.3  91.3  91.3  91.3  91.3  89.86 89.86 89.86]
 [ 0.    0.    0.    0.    0.    0.    0.    0.    0.    0.    0.   95.
  95.   95.   95.   95.   93.33 93.33 93.33 93.33 93.33]
 [ 0.    0.    0.    0.    0.    0.    0.    0.    0.    0.    0.    0.
  95.31 95.31 95.31 93.75 93.75 93.75 93.75 93.75 93.75]
 [ 0.    0.    0.    0.    0.    0.    0.    0.    0.    0.    0.    0.
   0.   86.84 86.84 86.84 86.84 86.84 86.84 86.84 85.53]
 [ 0.    0.    0.    0.    0.    0.    0.    0.    0.    0.    0.    0.
   0.    0.   87.93 87.93 87.93 87.93 87.93 87.93 86.21]
 [ 0.    0.    0.    0.    0.    0.    0.    0.    0.    0.    0.    0.
   0.    0.    0.   91.67 91.67 91.67 91.67 89.58 89.58]
 [ 0.    0.    0.    0.    0.    0.    0.    0.    0.    0.    0.    0.
   0.    0.    0.    0.   94.55 94.55 94.55 94.55 94.55]
 [ 0.    0.    0.    0.    0.    0.    0.    0.    0.    0.    0.    0.
   0.    0.    0.    0.    0.   76.56 76.56 75.   75.  ]
 [ 0.    0.    0.    0.    0.    0.    0.    0.    0.    0.    0.    0.
   0.    0.    0.    0.    0.    0.   88.24 88.24 88.24]
 [ 0.    0.    0.    0.    0.    0.    0.    0.    0.    0.    0.    0.
   0.    0.    0.    0.    0.    0.    0.   81.03 81.03]
 [ 0.    0.    0.    0.    0.    0.    0.    0.    0.    0.    0.    0.
   0.    0.    0.    0.    0.    0.    0.    0.   85.  ]]
2025-05-09 10:50:14,685 [trainer.py] => Forgetting (CNN): 2.5735000000000006
2025-05-09 10:50:19,439 [trainer.py] => config: ./scripts/simplecil/simplecil_cub_B100_Inc10.json
2025-05-09 10:50:19,439 [trainer.py] => prefix:  
2025-05-09 10:50:19,439 [trainer.py] => dataset: cub
2025-05-09 10:50:19,440 [trainer.py] => memory_size: 0
2025-05-09 10:50:19,440 [trainer.py] => memory_per_class: 0
2025-05-09 10:50:19,440 [trainer.py] => fixed_memory: False
2025-05-09 10:50:19,440 [trainer.py] => shuffle: True
2025-05-09 10:50:19,440 [trainer.py] => init_cls: 100
2025-05-09 10:50:19,440 [trainer.py] => increment: 10
2025-05-09 10:50:19,440 [trainer.py] => model_name: simplecil
2025-05-09 10:50:19,440 [trainer.py] => backbone_type: pretrained_vit_b16_224_in21k
2025-05-09 10:50:19,440 [trainer.py] => device: [device(type='cuda', index=0)]
2025-05-09 10:50:19,440 [trainer.py] => seed: 1993
2025-05-09 10:50:19,440 [trainer.py] => tuned_epoch: 0
2025-05-09 10:50:19,440 [trainer.py] => init_lr: 0.01
2025-05-09 10:50:19,440 [trainer.py] => batch_size: 256
2025-05-09 10:50:19,440 [trainer.py] => weight_decay: 0.05
2025-05-09 10:50:19,440 [trainer.py] => min_lr: 1e-08
2025-05-09 10:50:19,440 [trainer.py] => optimizer: sgd
2025-05-09 10:50:19,440 [trainer.py] => vpt_type: shallow
2025-05-09 10:50:19,440 [trainer.py] => prompt_token_num: 3
2025-05-09 10:50:19,692 [data_manager.py] => [168, 136, 51, 9, 183, 101, 171, 99, 42, 159, 191, 70, 16, 188, 27, 10, 175, 26, 68, 187, 98, 6, 85, 35, 112, 43, 100, 0, 103, 181, 88, 59, 4, 2, 116, 174, 94, 80, 106, 1, 147, 17, 141, 131, 72, 23, 173, 54, 197, 118, 87, 32, 79, 104, 91, 19, 135, 107, 178, 36, 11, 199, 142, 8, 122, 3, 28, 57, 153, 172, 190, 56, 49, 44, 97, 62, 151, 169, 194, 55, 192, 12, 189, 78, 66, 180, 15, 137, 109, 134, 92, 119, 126, 52, 170, 40, 148, 65, 144, 64, 138, 45, 77, 89, 154, 90, 71, 193, 74, 30, 113, 143, 96, 84, 67, 50, 186, 156, 69, 21, 18, 111, 108, 58, 125, 157, 150, 110, 182, 129, 166, 83, 81, 60, 13, 165, 14, 176, 63, 117, 5, 22, 145, 121, 38, 41, 82, 127, 114, 20, 31, 53, 37, 163, 196, 130, 152, 162, 86, 76, 24, 34, 184, 149, 33, 128, 198, 155, 146, 167, 139, 120, 140, 102, 47, 25, 158, 123, 46, 164, 61, 7, 115, 75, 133, 160, 105, 132, 179, 124, 48, 73, 93, 39, 95, 195, 29, 177, 185, 161]
This is for the BaseNet initialization.
After BaseNet initialization.
2025-05-09 10:50:25,146 [trainer.py] => All params: 85798656
2025-05-09 10:50:25,146 [trainer.py] => Trainable params: 85798656
2025-05-09 10:50:25,615 [simplecil.py] => Learning on 0-100
Time for task 0: 42.05729579925537
2025-05-09 10:51:18,655 [trainer.py] => No NME accuracy.
2025-05-09 10:51:18,655 [trainer.py] => CNN: {'total': 91.92, '00-99': 91.92, 'old': 0, 'new': 91.92}
2025-05-09 10:51:18,655 [trainer.py] => CNN top1 curve: [91.92]
2025-05-09 10:51:18,655 [trainer.py] => CNN top5 curve: [99.07]

Average Accuracy (CNN): 91.92
2025-05-09 10:51:18,655 [trainer.py] => Average Accuracy (CNN): 91.92 

2025-05-09 10:51:18,656 [trainer.py] => All params: 85875457
2025-05-09 10:51:18,656 [trainer.py] => Trainable params: 85875457
2025-05-09 10:51:18,666 [simplecil.py] => Learning on 100-110
Time for task 1: 5.322365999221802
2025-05-09 10:51:35,222 [trainer.py] => No NME accuracy.
2025-05-09 10:51:35,222 [trainer.py] => CNN: {'total': 91.71, '00-99': 91.67, '100-109': 92.17, 'old': 91.67, 'new': 92.17}
2025-05-09 10:51:35,222 [trainer.py] => CNN top1 curve: [91.92, 91.71]
2025-05-09 10:51:35,222 [trainer.py] => CNN top5 curve: [99.07, 99.0]

Average Accuracy (CNN): 91.82
2025-05-09 10:51:35,222 [trainer.py] => Average Accuracy (CNN): 91.82 

2025-05-09 10:51:35,223 [trainer.py] => All params: 85883137
2025-05-09 10:51:35,224 [trainer.py] => Trainable params: 85883137
2025-05-09 10:51:35,234 [simplecil.py] => Learning on 110-120
Time for task 2: 5.370641231536865
2025-05-09 10:51:52,746 [trainer.py] => No NME accuracy.
2025-05-09 10:51:52,747 [trainer.py] => CNN: {'total': 90.18, '00-99': 90.57, '100-109': 92.17, '110-119': 84.07, 'old': 90.71, 'new': 84.07}
2025-05-09 10:51:52,747 [trainer.py] => CNN top1 curve: [91.92, 91.71, 90.18]
2025-05-09 10:51:52,747 [trainer.py] => CNN top5 curve: [99.07, 99.0, 98.87]

Average Accuracy (CNN): 91.27
2025-05-09 10:51:52,747 [trainer.py] => Average Accuracy (CNN): 91.27 

2025-05-09 10:51:52,747 [trainer.py] => All params: 85890817
2025-05-09 10:51:52,748 [trainer.py] => Trainable params: 85890817
2025-05-09 10:51:52,756 [simplecil.py] => Learning on 120-130
Time for task 3: 5.721630573272705
2025-05-09 10:52:11,553 [trainer.py] => No NME accuracy.
2025-05-09 10:52:11,554 [trainer.py] => CNN: {'total': 89.3, '00-99': 89.73, '100-109': 92.17, '110-119': 84.07, '120-129': 86.92, 'old': 89.48, 'new': 86.92}
2025-05-09 10:52:11,554 [trainer.py] => CNN top1 curve: [91.92, 91.71, 90.18, 89.3]
2025-05-09 10:52:11,554 [trainer.py] => CNN top5 curve: [99.07, 99.0, 98.87, 98.88]

Average Accuracy (CNN): 90.78
2025-05-09 10:52:11,554 [trainer.py] => Average Accuracy (CNN): 90.78 

2025-05-09 10:52:11,555 [trainer.py] => All params: 85898497
2025-05-09 10:52:11,555 [trainer.py] => Trainable params: 85898497
2025-05-09 10:52:11,562 [simplecil.py] => Learning on 130-140
Time for task 4: 5.598135232925415
2025-05-09 10:52:30,865 [trainer.py] => No NME accuracy.
2025-05-09 10:52:30,866 [trainer.py] => CNN: {'total': 88.97, '00-99': 89.73, '100-109': 92.17, '110-119': 84.07, '120-129': 82.24, '130-139': 88.98, 'old': 88.97, 'new': 88.98}
2025-05-09 10:52:30,866 [trainer.py] => CNN top1 curve: [91.92, 91.71, 90.18, 89.3, 88.97]
2025-05-09 10:52:30,866 [trainer.py] => CNN top5 curve: [99.07, 99.0, 98.87, 98.88, 98.72]

Average Accuracy (CNN): 90.42
2025-05-09 10:52:30,867 [trainer.py] => Average Accuracy (CNN): 90.42 

2025-05-09 10:52:30,869 [trainer.py] => All params: 85906177
2025-05-09 10:52:30,870 [trainer.py] => Trainable params: 85906177
2025-05-09 10:52:30,876 [simplecil.py] => Learning on 140-150
Time for task 5: 5.43874454498291
2025-05-09 10:52:50,734 [trainer.py] => No NME accuracy.
2025-05-09 10:52:50,735 [trainer.py] => CNN: {'total': 88.29, '00-99': 89.23, '100-109': 92.17, '110-119': 83.19, '120-129': 82.24, '130-139': 88.98, '140-149': 84.92, 'old': 88.54, 'new': 84.92}
2025-05-09 10:52:50,735 [trainer.py] => CNN top1 curve: [91.92, 91.71, 90.18, 89.3, 88.97, 88.29]
2025-05-09 10:52:50,735 [trainer.py] => CNN top5 curve: [99.07, 99.0, 98.87, 98.88, 98.72, 98.64]

Average Accuracy (CNN): 90.06
2025-05-09 10:52:50,735 [trainer.py] => Average Accuracy (CNN): 90.06 

2025-05-09 10:52:50,737 [trainer.py] => All params: 85913857
2025-05-09 10:52:50,739 [trainer.py] => Trainable params: 85913857
2025-05-09 10:52:50,749 [simplecil.py] => Learning on 150-160
Time for task 6: 5.379467964172363
2025-05-09 10:53:11,688 [trainer.py] => No NME accuracy.
2025-05-09 10:53:11,688 [trainer.py] => CNN: {'total': 88.47, '00-99': 89.06, '100-109': 89.57, '110-119': 83.19, '120-129': 82.24, '130-139': 88.98, '140-149': 84.92, '150-159': 95.16, 'old': 88.0, 'new': 95.16}
2025-05-09 10:53:11,688 [trainer.py] => CNN top1 curve: [91.92, 91.71, 90.18, 89.3, 88.97, 88.29, 88.47]
2025-05-09 10:53:11,688 [trainer.py] => CNN top5 curve: [99.07, 99.0, 98.87, 98.88, 98.72, 98.64, 98.68]

Average Accuracy (CNN): 89.83
2025-05-09 10:53:11,689 [trainer.py] => Average Accuracy (CNN): 89.83 

2025-05-09 10:53:11,690 [trainer.py] => All params: 85921537
2025-05-09 10:53:11,691 [trainer.py] => Trainable params: 85921537
2025-05-09 10:53:11,700 [simplecil.py] => Learning on 160-170
Time for task 7: 5.207700490951538
2025-05-09 10:53:33,930 [trainer.py] => No NME accuracy.
2025-05-09 10:53:33,931 [trainer.py] => CNN: {'total': 87.95, '00-99': 88.55, '100-109': 89.57, '110-119': 83.19, '120-129': 82.24, '130-139': 88.14, '140-149': 83.33, '150-159': 95.16, '160-169': 87.31, 'old': 88.0, 'new': 87.31}
2025-05-09 10:53:33,931 [trainer.py] => CNN top1 curve: [91.92, 91.71, 90.18, 89.3, 88.97, 88.29, 88.47, 87.95]
2025-05-09 10:53:33,931 [trainer.py] => CNN top5 curve: [99.07, 99.0, 98.87, 98.88, 98.72, 98.64, 98.68, 98.52]

Average Accuracy (CNN): 89.6
2025-05-09 10:53:33,931 [trainer.py] => Average Accuracy (CNN): 89.6 

2025-05-09 10:53:33,932 [trainer.py] => All params: 85929217
2025-05-09 10:53:33,933 [trainer.py] => Trainable params: 85929217
2025-05-09 10:53:33,942 [simplecil.py] => Learning on 170-180
Time for task 8: 5.347590684890747
2025-05-09 10:53:56,738 [trainer.py] => No NME accuracy.
2025-05-09 10:53:56,739 [trainer.py] => CNN: {'total': 87.97, '00-99': 88.38, '100-109': 89.57, '110-119': 83.19, '120-129': 81.31, '130-139': 88.14, '140-149': 83.33, '150-159': 93.55, '160-169': 87.31, '170-179': 93.2, 'old': 87.7, 'new': 93.2}
2025-05-09 10:53:56,739 [trainer.py] => CNN top1 curve: [91.92, 91.71, 90.18, 89.3, 88.97, 88.29, 88.47, 87.95, 87.97]
2025-05-09 10:53:56,739 [trainer.py] => CNN top5 curve: [99.07, 99.0, 98.87, 98.88, 98.72, 98.64, 98.68, 98.52, 98.45]

Average Accuracy (CNN): 89.42
2025-05-09 10:53:56,739 [trainer.py] => Average Accuracy (CNN): 89.42 

2025-05-09 10:53:56,741 [trainer.py] => All params: 85936897
2025-05-09 10:53:56,743 [trainer.py] => Trainable params: 85936897
2025-05-09 10:53:56,754 [simplecil.py] => Learning on 180-190
Time for task 9: 5.27467679977417
2025-05-09 10:54:20,011 [trainer.py] => No NME accuracy.
2025-05-09 10:54:20,011 [trainer.py] => CNN: {'total': 87.35, '00-99': 88.05, '100-109': 89.57, '110-119': 83.19, '120-129': 79.44, '130-139': 88.14, '140-149': 82.54, '150-159': 93.55, '160-169': 87.31, '170-179': 93.2, '180-189': 82.58, 'old': 87.64, 'new': 82.58}
2025-05-09 10:54:20,012 [trainer.py] => CNN top1 curve: [91.92, 91.71, 90.18, 89.3, 88.97, 88.29, 88.47, 87.95, 87.97, 87.35]
2025-05-09 10:54:20,012 [trainer.py] => CNN top5 curve: [99.07, 99.0, 98.87, 98.88, 98.72, 98.64, 98.68, 98.52, 98.45, 98.23]

Average Accuracy (CNN): 89.21
2025-05-09 10:54:20,012 [trainer.py] => Average Accuracy (CNN): 89.21 

2025-05-09 10:54:20,014 [trainer.py] => All params: 85944577
2025-05-09 10:54:20,015 [trainer.py] => Trainable params: 85944577
2025-05-09 10:54:20,028 [simplecil.py] => Learning on 190-200
Time for task 10: 5.5930774211883545
2025-05-09 10:54:44,714 [trainer.py] => No NME accuracy.
2025-05-09 10:54:44,714 [trainer.py] => CNN: {'total': 86.77, '00-99': 87.63, '100-109': 89.57, '110-119': 83.19, '120-129': 79.44, '130-139': 88.14, '140-149': 82.54, '150-159': 93.55, '160-169': 85.82, '170-179': 92.23, '180-189': 81.82, '190-199': 82.65, 'old': 86.95, 'new': 82.65}
2025-05-09 10:54:44,714 [trainer.py] => CNN top1 curve: [91.92, 91.71, 90.18, 89.3, 88.97, 88.29, 88.47, 87.95, 87.97, 87.35, 86.77]
2025-05-09 10:54:44,714 [trainer.py] => CNN top5 curve: [99.07, 99.0, 98.87, 98.88, 98.72, 98.64, 98.68, 98.52, 98.45, 98.23, 98.18]

Average Accuracy (CNN): 88.99
2025-05-09 10:54:44,714 [trainer.py] => Average Accuracy (CNN): 88.99 

Finished cub_init100_inc10: pretrained_vit_b16_224_in21k  
----------------------------------------------------------------------------------------------------
Accuracy Matrix (CNN):
[[91.92 91.67 90.57 89.73 89.73 89.23 89.06 88.55 88.38 88.05 87.63]
 [ 0.   92.17 92.17 92.17 92.17 92.17 89.57 89.57 89.57 89.57 89.57]
 [ 0.    0.   84.07 84.07 84.07 83.19 83.19 83.19 83.19 83.19 83.19]
 [ 0.    0.    0.   86.92 82.24 82.24 82.24 82.24 81.31 79.44 79.44]
 [ 0.    0.    0.    0.   88.98 88.98 88.98 88.14 88.14 88.14 88.14]
 [ 0.    0.    0.    0.    0.   84.92 84.92 83.33 83.33 82.54 82.54]
 [ 0.    0.    0.    0.    0.    0.   95.16 95.16 93.55 93.55 93.55]
 [ 0.    0.    0.    0.    0.    0.    0.   87.31 87.31 87.31 85.82]
 [ 0.    0.    0.    0.    0.    0.    0.    0.   93.2  93.2  92.23]
 [ 0.    0.    0.    0.    0.    0.    0.    0.    0.   82.58 81.82]
 [ 0.    0.    0.    0.    0.    0.    0.    0.    0.    0.   82.65]]
2025-05-09 10:54:44,715 [trainer.py] => Forgetting (CNN): 2.3300000000000027
2025-05-09 10:54:51,100 [trainer.py] => config: ./scripts/simplecil/simplecil_cub_B100_Inc20.json
2025-05-09 10:54:51,100 [trainer.py] => prefix:  
2025-05-09 10:54:51,100 [trainer.py] => dataset: cub
2025-05-09 10:54:51,101 [trainer.py] => memory_size: 0
2025-05-09 10:54:51,101 [trainer.py] => memory_per_class: 0
2025-05-09 10:54:51,101 [trainer.py] => fixed_memory: False
2025-05-09 10:54:51,101 [trainer.py] => shuffle: True
2025-05-09 10:54:51,101 [trainer.py] => init_cls: 100
2025-05-09 10:54:51,101 [trainer.py] => increment: 20
2025-05-09 10:54:51,101 [trainer.py] => model_name: simplecil
2025-05-09 10:54:51,102 [trainer.py] => backbone_type: pretrained_vit_b16_224_in21k
2025-05-09 10:54:51,102 [trainer.py] => device: [device(type='cuda', index=0)]
2025-05-09 10:54:51,102 [trainer.py] => seed: 1993
2025-05-09 10:54:51,102 [trainer.py] => tuned_epoch: 0
2025-05-09 10:54:51,102 [trainer.py] => init_lr: 0.01
2025-05-09 10:54:51,102 [trainer.py] => batch_size: 256
2025-05-09 10:54:51,102 [trainer.py] => weight_decay: 0.05
2025-05-09 10:54:51,103 [trainer.py] => min_lr: 1e-08
2025-05-09 10:54:51,103 [trainer.py] => optimizer: sgd
2025-05-09 10:54:51,103 [trainer.py] => vpt_type: shallow
2025-05-09 10:54:51,103 [trainer.py] => prompt_token_num: 3
2025-05-09 10:54:51,409 [data_manager.py] => [168, 136, 51, 9, 183, 101, 171, 99, 42, 159, 191, 70, 16, 188, 27, 10, 175, 26, 68, 187, 98, 6, 85, 35, 112, 43, 100, 0, 103, 181, 88, 59, 4, 2, 116, 174, 94, 80, 106, 1, 147, 17, 141, 131, 72, 23, 173, 54, 197, 118, 87, 32, 79, 104, 91, 19, 135, 107, 178, 36, 11, 199, 142, 8, 122, 3, 28, 57, 153, 172, 190, 56, 49, 44, 97, 62, 151, 169, 194, 55, 192, 12, 189, 78, 66, 180, 15, 137, 109, 134, 92, 119, 126, 52, 170, 40, 148, 65, 144, 64, 138, 45, 77, 89, 154, 90, 71, 193, 74, 30, 113, 143, 96, 84, 67, 50, 186, 156, 69, 21, 18, 111, 108, 58, 125, 157, 150, 110, 182, 129, 166, 83, 81, 60, 13, 165, 14, 176, 63, 117, 5, 22, 145, 121, 38, 41, 82, 127, 114, 20, 31, 53, 37, 163, 196, 130, 152, 162, 86, 76, 24, 34, 184, 149, 33, 128, 198, 155, 146, 167, 139, 120, 140, 102, 47, 25, 158, 123, 46, 164, 61, 7, 115, 75, 133, 160, 105, 132, 179, 124, 48, 73, 93, 39, 95, 195, 29, 177, 185, 161]
This is for the BaseNet initialization.
After BaseNet initialization.
2025-05-09 10:54:56,714 [trainer.py] => All params: 85798656
2025-05-09 10:54:56,715 [trainer.py] => Trainable params: 85798656
2025-05-09 10:54:57,196 [simplecil.py] => Learning on 0-100
Time for task 0: 40.15369772911072
2025-05-09 10:55:47,621 [trainer.py] => No NME accuracy.
2025-05-09 10:55:47,621 [trainer.py] => CNN: {'total': 91.92, '00-99': 91.92, 'old': 0, 'new': 91.92}
2025-05-09 10:55:47,621 [trainer.py] => CNN top1 curve: [91.92]
2025-05-09 10:55:47,621 [trainer.py] => CNN top5 curve: [99.07]

Average Accuracy (CNN): 91.92
2025-05-09 10:55:47,621 [trainer.py] => Average Accuracy (CNN): 91.92 

2025-05-09 10:55:47,622 [trainer.py] => All params: 85875457
2025-05-09 10:55:47,622 [trainer.py] => Trainable params: 85875457
2025-05-09 10:55:47,632 [simplecil.py] => Learning on 100-120
Time for task 1: 9.386596441268921
2025-05-09 10:56:09,008 [trainer.py] => No NME accuracy.
2025-05-09 10:56:09,009 [trainer.py] => CNN: {'total': 90.18, '00-99': 90.57, '100-119': 88.16, 'old': 90.57, 'new': 88.16}
2025-05-09 10:56:09,009 [trainer.py] => CNN top1 curve: [91.92, 90.18]
2025-05-09 10:56:09,009 [trainer.py] => CNN top5 curve: [99.07, 98.87]

Average Accuracy (CNN): 91.05
2025-05-09 10:56:09,009 [trainer.py] => Average Accuracy (CNN): 91.05 

2025-05-09 10:56:09,011 [trainer.py] => All params: 85890817
2025-05-09 10:56:09,013 [trainer.py] => Trainable params: 85890817
2025-05-09 10:56:09,023 [simplecil.py] => Learning on 120-140
Time for task 2: 9.305673122406006
2025-05-09 10:56:32,122 [trainer.py] => No NME accuracy.
2025-05-09 10:56:32,123 [trainer.py] => CNN: {'total': 88.97, '00-99': 89.73, '100-119': 88.16, '120-139': 85.78, 'old': 89.48, 'new': 85.78}
2025-05-09 10:56:32,123 [trainer.py] => CNN top1 curve: [91.92, 90.18, 88.97]
2025-05-09 10:56:32,123 [trainer.py] => CNN top5 curve: [99.07, 98.87, 98.72]

Average Accuracy (CNN): 90.36
2025-05-09 10:56:32,123 [trainer.py] => Average Accuracy (CNN): 90.36 

2025-05-09 10:56:32,125 [trainer.py] => All params: 85906177
2025-05-09 10:56:32,127 [trainer.py] => Trainable params: 85906177
2025-05-09 10:56:32,138 [simplecil.py] => Learning on 140-160
Time for task 3: 8.990135669708252
2025-05-09 10:56:56,409 [trainer.py] => No NME accuracy.
2025-05-09 10:56:56,409 [trainer.py] => CNN: {'total': 88.47, '00-99': 89.06, '100-119': 86.4, '120-139': 85.78, '140-159': 90.0, 'old': 88.24, 'new': 90.0}
2025-05-09 10:56:56,409 [trainer.py] => CNN top1 curve: [91.92, 90.18, 88.97, 88.47]
2025-05-09 10:56:56,410 [trainer.py] => CNN top5 curve: [99.07, 98.87, 98.72, 98.68]

Average Accuracy (CNN): 89.89
2025-05-09 10:56:56,410 [trainer.py] => Average Accuracy (CNN): 89.89 

2025-05-09 10:56:56,410 [trainer.py] => All params: 85921537
2025-05-09 10:56:56,411 [trainer.py] => Trainable params: 85921537
2025-05-09 10:56:56,420 [simplecil.py] => Learning on 160-180
Time for task 4: 9.134377241134644
2025-05-09 10:57:22,781 [trainer.py] => No NME accuracy.
2025-05-09 10:57:22,781 [trainer.py] => CNN: {'total': 87.97, '00-99': 88.38, '100-119': 86.4, '120-139': 84.89, '140-159': 88.4, '160-179': 89.87, 'old': 87.73, 'new': 89.87}
2025-05-09 10:57:22,781 [trainer.py] => CNN top1 curve: [91.92, 90.18, 88.97, 88.47, 87.97]
2025-05-09 10:57:22,781 [trainer.py] => CNN top5 curve: [99.07, 98.87, 98.72, 98.68, 98.45]

Average Accuracy (CNN): 89.5
2025-05-09 10:57:22,781 [trainer.py] => Average Accuracy (CNN): 89.5 

2025-05-09 10:57:22,782 [trainer.py] => All params: 85936897
2025-05-09 10:57:22,782 [trainer.py] => Trainable params: 85936897
2025-05-09 10:57:22,791 [simplecil.py] => Learning on 180-200
Time for task 5: 9.135231494903564
2025-05-09 10:57:50,838 [trainer.py] => No NME accuracy.
2025-05-09 10:57:50,839 [trainer.py] => CNN: {'total': 86.77, '00-99': 87.63, '100-119': 86.4, '120-139': 84.0, '140-159': 88.0, '160-179': 88.61, '180-199': 82.17, 'old': 87.27, 'new': 82.17}
2025-05-09 10:57:50,839 [trainer.py] => CNN top1 curve: [91.92, 90.18, 88.97, 88.47, 87.97, 86.77]
2025-05-09 10:57:50,839 [trainer.py] => CNN top5 curve: [99.07, 98.87, 98.72, 98.68, 98.45, 98.18]

Average Accuracy (CNN): 89.05
2025-05-09 10:57:50,839 [trainer.py] => Average Accuracy (CNN): 89.05 

Finished cub_init100_inc20: pretrained_vit_b16_224_in21k  
----------------------------------------------------------------------------------------------------
Accuracy Matrix (CNN):
[[91.92 90.57 89.73 89.06 88.38 87.63]
 [ 0.   88.16 88.16 86.4  86.4  86.4 ]
 [ 0.    0.   85.78 85.78 84.89 84.  ]
 [ 0.    0.    0.   90.   88.4  88.  ]
 [ 0.    0.    0.    0.   89.87 88.61]
 [ 0.    0.    0.    0.    0.   82.17]]
2025-05-09 10:57:50,839 [trainer.py] => Forgetting (CNN): 2.218000000000001
2025-05-09 10:58:11,841 [trainer.py] => config: ./scripts/simplecil/simplecil_inr_B0_Inc5.json
2025-05-09 10:58:11,842 [trainer.py] => prefix:  
2025-05-09 10:58:11,842 [trainer.py] => dataset: imagenetr
2025-05-09 10:58:11,842 [trainer.py] => memory_size: 0
2025-05-09 10:58:11,842 [trainer.py] => memory_per_class: 0
2025-05-09 10:58:11,842 [trainer.py] => fixed_memory: False
2025-05-09 10:58:11,842 [trainer.py] => shuffle: True
2025-05-09 10:58:11,843 [trainer.py] => init_cls: 5
2025-05-09 10:58:11,843 [trainer.py] => increment: 5
2025-05-09 10:58:11,843 [trainer.py] => model_name: simplecil
2025-05-09 10:58:11,843 [trainer.py] => backbone_type: pretrained_vit_b16_224_in21k
2025-05-09 10:58:11,843 [trainer.py] => device: [device(type='cuda', index=0)]
2025-05-09 10:58:11,843 [trainer.py] => seed: 1993
2025-05-09 10:58:11,843 [trainer.py] => tuned_epoch: 0
2025-05-09 10:58:11,844 [trainer.py] => init_lr: 0.01
2025-05-09 10:58:11,844 [trainer.py] => batch_size: 48
2025-05-09 10:58:11,844 [trainer.py] => weight_decay: 0.05
2025-05-09 10:58:11,844 [trainer.py] => min_lr: 1e-08
2025-05-09 10:58:11,844 [trainer.py] => optimizer: sgd
2025-05-09 10:58:11,844 [trainer.py] => vpt_type: shallow
2025-05-09 10:58:11,844 [trainer.py] => prompt_token_num: 3
2025-05-09 10:58:12,822 [data_manager.py] => [168, 136, 51, 9, 183, 101, 171, 99, 42, 159, 191, 70, 16, 188, 27, 10, 175, 26, 68, 187, 98, 6, 85, 35, 112, 43, 100, 0, 103, 181, 88, 59, 4, 2, 116, 174, 94, 80, 106, 1, 147, 17, 141, 131, 72, 23, 173, 54, 197, 118, 87, 32, 79, 104, 91, 19, 135, 107, 178, 36, 11, 199, 142, 8, 122, 3, 28, 57, 153, 172, 190, 56, 49, 44, 97, 62, 151, 169, 194, 55, 192, 12, 189, 78, 66, 180, 15, 137, 109, 134, 92, 119, 126, 52, 170, 40, 148, 65, 144, 64, 138, 45, 77, 89, 154, 90, 71, 193, 74, 30, 113, 143, 96, 84, 67, 50, 186, 156, 69, 21, 18, 111, 108, 58, 125, 157, 150, 110, 182, 129, 166, 83, 81, 60, 13, 165, 14, 176, 63, 117, 5, 22, 145, 121, 38, 41, 82, 127, 114, 20, 31, 53, 37, 163, 196, 130, 152, 162, 86, 76, 24, 34, 184, 149, 33, 128, 198, 155, 146, 167, 139, 120, 140, 102, 47, 25, 158, 123, 46, 164, 61, 7, 115, 75, 133, 160, 105, 132, 179, 124, 48, 73, 93, 39, 95, 195, 29, 177, 185, 161]
This is for the BaseNet initialization.
After BaseNet initialization.
2025-05-09 10:58:21,826 [trainer.py] => All params: 85798656
2025-05-09 10:58:21,826 [trainer.py] => Trainable params: 85798656
2025-05-09 10:58:23,261 [simplecil.py] => Learning on 0-5
Time for task 0: 9.814992189407349
2025-05-09 10:58:33,946 [trainer.py] => No NME accuracy.
2025-05-09 10:58:33,946 [trainer.py] => CNN: {'total': 89.66, '00-04': 89.66, 'old': 0, 'new': 89.66}
2025-05-09 10:58:33,947 [trainer.py] => CNN top1 curve: [89.66]
2025-05-09 10:58:33,947 [trainer.py] => CNN top5 curve: [100.0]

Average Accuracy (CNN): 89.66
2025-05-09 10:58:33,947 [trainer.py] => Average Accuracy (CNN): 89.66 

2025-05-09 10:58:33,949 [trainer.py] => All params: 85802497
2025-05-09 10:58:33,951 [trainer.py] => Trainable params: 85802497
2025-05-09 10:58:33,964 [simplecil.py] => Learning on 5-10
Time for task 1: 7.0626137256622314
2025-05-09 10:58:43,942 [trainer.py] => No NME accuracy.
2025-05-09 10:58:43,942 [trainer.py] => CNN: {'total': 81.07, '00-04': 87.59, '05-09': 75.58, 'old': 87.59, 'new': 75.58}
2025-05-09 10:58:43,942 [trainer.py] => CNN top1 curve: [89.66, 81.07]
2025-05-09 10:58:43,942 [trainer.py] => CNN top5 curve: [100.0, 97.48]

Average Accuracy (CNN): 85.36
2025-05-09 10:58:43,943 [trainer.py] => Average Accuracy (CNN): 85.36 

2025-05-09 10:58:43,943 [trainer.py] => All params: 85806337
2025-05-09 10:58:43,944 [trainer.py] => Trainable params: 85806337
2025-05-09 10:58:43,955 [simplecil.py] => Learning on 10-15
Time for task 2: 8.523536205291748
2025-05-09 10:58:57,201 [trainer.py] => No NME accuracy.
2025-05-09 10:58:57,201 [trainer.py] => CNN: {'total': 77.3, '00-04': 80.0, '05-09': 71.51, '10-14': 79.76, 'old': 75.39, 'new': 79.76}
2025-05-09 10:58:57,201 [trainer.py] => CNN top1 curve: [89.66, 81.07, 77.3]
2025-05-09 10:58:57,201 [trainer.py] => CNN top5 curve: [100.0, 97.48, 95.57]

Average Accuracy (CNN): 82.68
2025-05-09 10:58:57,201 [trainer.py] => Average Accuracy (CNN): 82.68 

2025-05-09 10:58:57,202 [trainer.py] => All params: 85810177
2025-05-09 10:58:57,203 [trainer.py] => Trainable params: 85810177
2025-05-09 10:58:57,215 [simplecil.py] => Learning on 15-20
Time for task 3: 6.451756954193115
2025-05-09 10:59:09,560 [trainer.py] => No NME accuracy.
2025-05-09 10:59:09,560 [trainer.py] => CNN: {'total': 75.04, '00-04': 78.62, '05-09': 70.35, '10-14': 76.92, '15-19': 73.6, 'old': 75.35, 'new': 73.6}
2025-05-09 10:59:09,560 [trainer.py] => CNN top1 curve: [89.66, 81.07, 77.3, 75.04]
2025-05-09 10:59:09,560 [trainer.py] => CNN top5 curve: [100.0, 97.48, 95.57, 93.76]

Average Accuracy (CNN): 80.77
2025-05-09 10:59:09,560 [trainer.py] => Average Accuracy (CNN): 80.77 

2025-05-09 10:59:09,561 [trainer.py] => All params: 85814017
2025-05-09 10:59:09,561 [trainer.py] => Trainable params: 85814017
2025-05-09 10:59:09,567 [simplecil.py] => Learning on 20-25
Time for task 4: 5.385801076889038
2025-05-09 10:59:21,912 [trainer.py] => No NME accuracy.
2025-05-09 10:59:21,912 [trainer.py] => CNN: {'total': 73.29, '00-04': 77.24, '05-09': 68.02, '10-14': 75.3, '15-19': 72.0, '20-24': 73.24, 'old': 73.29, 'new': 73.24}
2025-05-09 10:59:21,912 [trainer.py] => CNN top1 curve: [89.66, 81.07, 77.3, 75.04, 73.29]
2025-05-09 10:59:21,912 [trainer.py] => CNN top5 curve: [100.0, 97.48, 95.57, 93.76, 91.82]

Average Accuracy (CNN): 79.27
2025-05-09 10:59:21,912 [trainer.py] => Average Accuracy (CNN): 79.27 

2025-05-09 10:59:21,913 [trainer.py] => All params: 85817857
2025-05-09 10:59:21,913 [trainer.py] => Trainable params: 85817857
2025-05-09 10:59:21,920 [simplecil.py] => Learning on 25-30
Time for task 5: 5.7970921993255615
2025-05-09 10:59:35,514 [trainer.py] => No NME accuracy.
2025-05-09 10:59:35,514 [trainer.py] => CNN: {'total': 70.48, '00-04': 75.17, '05-09': 65.7, '10-14': 72.87, '15-19': 69.6, '20-24': 71.83, '25-29': 67.09, 'old': 71.12, 'new': 67.09}
2025-05-09 10:59:35,514 [trainer.py] => CNN top1 curve: [89.66, 81.07, 77.3, 75.04, 73.29, 70.48]
2025-05-09 10:59:35,514 [trainer.py] => CNN top5 curve: [100.0, 97.48, 95.57, 93.76, 91.82, 90.39]

Average Accuracy (CNN): 77.81
2025-05-09 10:59:35,514 [trainer.py] => Average Accuracy (CNN): 77.81 

2025-05-09 10:59:35,515 [trainer.py] => All params: 85821697
2025-05-09 10:59:35,515 [trainer.py] => Trainable params: 85821697
2025-05-09 10:59:35,522 [simplecil.py] => Learning on 30-35
Time for task 6: 6.219549894332886
2025-05-09 10:59:50,853 [trainer.py] => No NME accuracy.
2025-05-09 10:59:50,853 [trainer.py] => CNN: {'total': 69.82, '00-04': 73.1, '05-09': 65.12, '10-14': 72.47, '15-19': 69.6, '20-24': 71.13, '25-29': 67.09, '30-34': 69.54, 'old': 69.87, 'new': 69.54}
2025-05-09 10:59:50,854 [trainer.py] => CNN top1 curve: [89.66, 81.07, 77.3, 75.04, 73.29, 70.48, 69.82]
2025-05-09 10:59:50,854 [trainer.py] => CNN top5 curve: [100.0, 97.48, 95.57, 93.76, 91.82, 90.39, 89.74]

Average Accuracy (CNN): 76.67
2025-05-09 10:59:50,854 [trainer.py] => Average Accuracy (CNN): 76.67 

2025-05-09 10:59:50,855 [trainer.py] => All params: 85825537
2025-05-09 10:59:50,856 [trainer.py] => Trainable params: 85825537
2025-05-09 10:59:50,857 [simplecil.py] => Learning on 35-40
Time for task 7: 6.348280668258667
2025-05-09 11:00:08,098 [trainer.py] => No NME accuracy.
2025-05-09 11:00:08,098 [trainer.py] => CNN: {'total': 67.45, '00-04': 72.41, '05-09': 64.53, '10-14': 71.66, '15-19': 68.0, '20-24': 70.42, '25-29': 63.92, '30-34': 62.91, '35-39': 64.64, 'old': 67.89, 'new': 64.64}
2025-05-09 11:00:08,098 [trainer.py] => CNN top1 curve: [89.66, 81.07, 77.3, 75.04, 73.29, 70.48, 69.82, 67.45]
2025-05-09 11:00:08,098 [trainer.py] => CNN top5 curve: [100.0, 97.48, 95.57, 93.76, 91.82, 90.39, 89.74, 87.66]

Average Accuracy (CNN): 75.51
2025-05-09 11:00:08,098 [trainer.py] => Average Accuracy (CNN): 75.51 

2025-05-09 11:00:08,099 [trainer.py] => All params: 85829377
2025-05-09 11:00:08,099 [trainer.py] => Trainable params: 85829377
2025-05-09 11:00:08,109 [simplecil.py] => Learning on 40-45
Time for task 8: 4.675212860107422
2025-05-09 11:00:24,742 [trainer.py] => No NME accuracy.
2025-05-09 11:00:24,743 [trainer.py] => CNN: {'total': 67.76, '00-04': 72.41, '05-09': 63.37, '10-14': 70.85, '15-19': 68.0, '20-24': 70.42, '25-29': 63.29, '30-34': 62.25, '35-39': 64.09, '40-44': 75.34, 'old': 66.92, 'new': 75.34}
2025-05-09 11:00:24,743 [trainer.py] => CNN top1 curve: [89.66, 81.07, 77.3, 75.04, 73.29, 70.48, 69.82, 67.45, 67.76]
2025-05-09 11:00:24,743 [trainer.py] => CNN top5 curve: [100.0, 97.48, 95.57, 93.76, 91.82, 90.39, 89.74, 87.66, 86.91]

Average Accuracy (CNN): 74.65
2025-05-09 11:00:24,743 [trainer.py] => Average Accuracy (CNN): 74.65 

2025-05-09 11:00:24,745 [trainer.py] => All params: 85833217
2025-05-09 11:00:24,747 [trainer.py] => Trainable params: 85833217
2025-05-09 11:00:24,755 [simplecil.py] => Learning on 45-50
Time for task 9: 5.164667367935181
2025-05-09 11:00:43,330 [trainer.py] => No NME accuracy.
2025-05-09 11:00:43,330 [trainer.py] => CNN: {'total': 67.04, '00-04': 71.72, '05-09': 62.21, '10-14': 70.85, '15-19': 67.2, '20-24': 70.42, '25-29': 61.39, '30-34': 61.59, '35-39': 63.54, '40-44': 70.55, '45-49': 70.51, 'old': 66.67, 'new': 70.51}
2025-05-09 11:00:43,330 [trainer.py] => CNN top1 curve: [89.66, 81.07, 77.3, 75.04, 73.29, 70.48, 69.82, 67.45, 67.76, 67.04]
2025-05-09 11:00:43,330 [trainer.py] => CNN top5 curve: [100.0, 97.48, 95.57, 93.76, 91.82, 90.39, 89.74, 87.66, 86.91, 86.08]

Average Accuracy (CNN): 73.89
2025-05-09 11:00:43,331 [trainer.py] => Average Accuracy (CNN): 73.89 

2025-05-09 11:00:43,332 [trainer.py] => All params: 85837057
2025-05-09 11:00:43,332 [trainer.py] => Trainable params: 85837057
2025-05-09 11:00:43,339 [simplecil.py] => Learning on 50-55
Time for task 10: 5.677957534790039
2025-05-09 11:01:03,641 [trainer.py] => No NME accuracy.
2025-05-09 11:01:03,641 [trainer.py] => CNN: {'total': 65.94, '00-04': 70.34, '05-09': 62.21, '10-14': 69.64, '15-19': 65.6, '20-24': 69.72, '25-29': 58.86, '30-34': 61.59, '35-39': 62.98, '40-44': 69.86, '45-49': 69.87, '50-54': 64.15, 'old': 66.11, 'new': 64.15}
2025-05-09 11:01:03,641 [trainer.py] => CNN top1 curve: [89.66, 81.07, 77.3, 75.04, 73.29, 70.48, 69.82, 67.45, 67.76, 67.04, 65.94]
2025-05-09 11:01:03,641 [trainer.py] => CNN top5 curve: [100.0, 97.48, 95.57, 93.76, 91.82, 90.39, 89.74, 87.66, 86.91, 86.08, 85.3]

Average Accuracy (CNN): 73.17
2025-05-09 11:01:03,641 [trainer.py] => Average Accuracy (CNN): 73.17 

2025-05-09 11:01:03,642 [trainer.py] => All params: 85840897
2025-05-09 11:01:03,642 [trainer.py] => Trainable params: 85840897
2025-05-09 11:01:03,655 [simplecil.py] => Learning on 55-60
Time for task 11: 5.624829053878784
2025-05-09 11:01:24,484 [trainer.py] => No NME accuracy.
2025-05-09 11:01:24,485 [trainer.py] => CNN: {'total': 65.39, '00-04': 70.34, '05-09': 62.21, '10-14': 69.23, '15-19': 65.6, '20-24': 69.72, '25-29': 58.23, '30-34': 60.93, '35-39': 62.98, '40-44': 69.86, '45-49': 69.23, '50-54': 64.15, '55-59': 61.38, 'old': 65.71, 'new': 61.38}
2025-05-09 11:01:24,485 [trainer.py] => CNN top1 curve: [89.66, 81.07, 77.3, 75.04, 73.29, 70.48, 69.82, 67.45, 67.76, 67.04, 65.94, 65.39]
2025-05-09 11:01:24,485 [trainer.py] => CNN top5 curve: [100.0, 97.48, 95.57, 93.76, 91.82, 90.39, 89.74, 87.66, 86.91, 86.08, 85.3, 84.69]

Average Accuracy (CNN): 72.52
2025-05-09 11:01:24,485 [trainer.py] => Average Accuracy (CNN): 72.52 

2025-05-09 11:01:24,486 [trainer.py] => All params: 85844737
2025-05-09 11:01:24,486 [trainer.py] => Trainable params: 85844737
2025-05-09 11:01:24,495 [simplecil.py] => Learning on 60-65
Time for task 12: 6.727696180343628
2025-05-09 11:01:48,092 [trainer.py] => No NME accuracy.
2025-05-09 11:01:48,092 [trainer.py] => CNN: {'total': 63.87, '00-04': 68.28, '05-09': 62.21, '10-14': 68.02, '15-19': 64.0, '20-24': 69.01, '25-29': 56.96, '30-34': 60.93, '35-39': 61.33, '40-44': 69.18, '45-49': 67.95, '50-54': 63.52, '55-59': 60.69, '60-64': 56.85, 'old': 64.4, 'new': 56.85}
2025-05-09 11:01:48,092 [trainer.py] => CNN top1 curve: [89.66, 81.07, 77.3, 75.04, 73.29, 70.48, 69.82, 67.45, 67.76, 67.04, 65.94, 65.39, 63.87]
2025-05-09 11:01:48,092 [trainer.py] => CNN top5 curve: [100.0, 97.48, 95.57, 93.76, 91.82, 90.39, 89.74, 87.66, 86.91, 86.08, 85.3, 84.69, 83.55]

Average Accuracy (CNN): 71.85
2025-05-09 11:01:48,092 [trainer.py] => Average Accuracy (CNN): 71.85 

2025-05-09 11:01:48,094 [trainer.py] => All params: 85848577
2025-05-09 11:01:48,095 [trainer.py] => Trainable params: 85848577
2025-05-09 11:01:48,096 [simplecil.py] => Learning on 65-70
Time for task 13: 6.149834632873535
2025-05-09 11:02:12,465 [trainer.py] => No NME accuracy.
2025-05-09 11:02:12,465 [trainer.py] => CNN: {'total': 63.46, '00-04': 67.59, '05-09': 62.21, '10-14': 68.02, '15-19': 63.2, '20-24': 69.01, '25-29': 56.96, '30-34': 59.6, '35-39': 61.33, '40-44': 68.49, '45-49': 67.31, '50-54': 63.52, '55-59': 60.69, '60-64': 56.85, '65-69': 61.84, 'old': 63.58, 'new': 61.84}
2025-05-09 11:02:12,465 [trainer.py] => CNN top1 curve: [89.66, 81.07, 77.3, 75.04, 73.29, 70.48, 69.82, 67.45, 67.76, 67.04, 65.94, 65.39, 63.87, 63.46]
2025-05-09 11:02:12,465 [trainer.py] => CNN top5 curve: [100.0, 97.48, 95.57, 93.76, 91.82, 90.39, 89.74, 87.66, 86.91, 86.08, 85.3, 84.69, 83.55, 82.74]

Average Accuracy (CNN): 71.26
2025-05-09 11:02:12,465 [trainer.py] => Average Accuracy (CNN): 71.26 

2025-05-09 11:02:12,466 [trainer.py] => All params: 85852417
2025-05-09 11:02:12,466 [trainer.py] => Trainable params: 85852417
2025-05-09 11:02:12,474 [simplecil.py] => Learning on 70-75
Time for task 14: 5.998076677322388
2025-05-09 11:02:37,568 [trainer.py] => No NME accuracy.
2025-05-09 11:02:37,568 [trainer.py] => CNN: {'total': 63.4, '00-04': 67.59, '05-09': 62.21, '10-14': 68.02, '15-19': 63.2, '20-24': 69.01, '25-29': 56.96, '30-34': 59.6, '35-39': 61.33, '40-44': 68.49, '45-49': 66.67, '50-54': 62.89, '55-59': 60.69, '60-64': 56.85, '65-69': 61.84, '70-74': 64.0, 'old': 63.37, 'new': 64.0}
2025-05-09 11:02:37,568 [trainer.py] => CNN top1 curve: [89.66, 81.07, 77.3, 75.04, 73.29, 70.48, 69.82, 67.45, 67.76, 67.04, 65.94, 65.39, 63.87, 63.46, 63.4]
2025-05-09 11:02:37,568 [trainer.py] => CNN top5 curve: [100.0, 97.48, 95.57, 93.76, 91.82, 90.39, 89.74, 87.66, 86.91, 86.08, 85.3, 84.69, 83.55, 82.74, 82.13]

Average Accuracy (CNN): 70.73
2025-05-09 11:02:37,569 [trainer.py] => Average Accuracy (CNN): 70.73 

2025-05-09 11:02:37,569 [trainer.py] => All params: 85856257
2025-05-09 11:02:37,570 [trainer.py] => Trainable params: 85856257
2025-05-09 11:02:37,578 [simplecil.py] => Learning on 75-80
Time for task 15: 5.675954103469849
2025-05-09 11:03:03,362 [trainer.py] => No NME accuracy.
2025-05-09 11:03:03,362 [trainer.py] => CNN: {'total': 62.89, '00-04': 64.83, '05-09': 61.63, '10-14': 65.59, '15-19': 63.2, '20-24': 68.31, '25-29': 56.33, '30-34': 59.6, '35-39': 61.33, '40-44': 68.49, '45-49': 63.46, '50-54': 62.89, '55-59': 58.62, '60-64': 56.85, '65-69': 60.53, '70-74': 63.2, '75-79': 70.95, 'old': 62.38, 'new': 70.95}
2025-05-09 11:03:03,363 [trainer.py] => CNN top1 curve: [89.66, 81.07, 77.3, 75.04, 73.29, 70.48, 69.82, 67.45, 67.76, 67.04, 65.94, 65.39, 63.87, 63.46, 63.4, 62.89]
2025-05-09 11:03:03,363 [trainer.py] => CNN top5 curve: [100.0, 97.48, 95.57, 93.76, 91.82, 90.39, 89.74, 87.66, 86.91, 86.08, 85.3, 84.69, 83.55, 82.74, 82.13, 81.71]

Average Accuracy (CNN): 70.24
2025-05-09 11:03:03,363 [trainer.py] => Average Accuracy (CNN): 70.24 

2025-05-09 11:03:03,363 [trainer.py] => All params: 85860097
2025-05-09 11:03:03,364 [trainer.py] => Trainable params: 85860097
2025-05-09 11:03:03,371 [simplecil.py] => Learning on 80-85
Time for task 16: 6.846358776092529
2025-05-09 11:03:31,044 [trainer.py] => No NME accuracy.
2025-05-09 11:03:31,044 [trainer.py] => CNN: {'total': 62.29, '00-04': 64.83, '05-09': 61.05, '10-14': 65.18, '15-19': 63.2, '20-24': 68.31, '25-29': 56.33, '30-34': 59.6, '35-39': 60.77, '40-44': 68.49, '45-49': 63.46, '50-54': 62.89, '55-59': 58.62, '60-64': 55.48, '65-69': 60.53, '70-74': 61.6, '75-79': 70.95, '80-84': 56.15, 'old': 62.61, 'new': 56.15}
2025-05-09 11:03:31,045 [trainer.py] => CNN top1 curve: [89.66, 81.07, 77.3, 75.04, 73.29, 70.48, 69.82, 67.45, 67.76, 67.04, 65.94, 65.39, 63.87, 63.46, 63.4, 62.89, 62.29]
2025-05-09 11:03:31,045 [trainer.py] => CNN top5 curve: [100.0, 97.48, 95.57, 93.76, 91.82, 90.39, 89.74, 87.66, 86.91, 86.08, 85.3, 84.69, 83.55, 82.74, 82.13, 81.71, 81.28]

Average Accuracy (CNN): 69.77
2025-05-09 11:03:31,045 [trainer.py] => Average Accuracy (CNN): 69.77 

2025-05-09 11:03:31,046 [trainer.py] => All params: 85863937
2025-05-09 11:03:31,048 [trainer.py] => Trainable params: 85863937
2025-05-09 11:03:31,059 [simplecil.py] => Learning on 85-90
Time for task 17: 7.968350648880005
2025-05-09 11:04:01,163 [trainer.py] => No NME accuracy.
2025-05-09 11:04:01,164 [trainer.py] => CNN: {'total': 61.25, '00-04': 64.83, '05-09': 59.3, '10-14': 64.37, '15-19': 63.2, '20-24': 67.61, '25-29': 55.7, '30-34': 59.6, '35-39': 60.77, '40-44': 68.49, '45-49': 61.54, '50-54': 62.26, '55-59': 56.55, '60-64': 53.42, '65-69': 60.53, '70-74': 61.6, '75-79': 70.95, '80-84': 56.15, '85-89': 55.56, 'old': 61.64, 'new': 55.56}
2025-05-09 11:04:01,164 [trainer.py] => CNN top1 curve: [89.66, 81.07, 77.3, 75.04, 73.29, 70.48, 69.82, 67.45, 67.76, 67.04, 65.94, 65.39, 63.87, 63.46, 63.4, 62.89, 62.29, 61.25]
2025-05-09 11:04:01,164 [trainer.py] => CNN top5 curve: [100.0, 97.48, 95.57, 93.76, 91.82, 90.39, 89.74, 87.66, 86.91, 86.08, 85.3, 84.69, 83.55, 82.74, 82.13, 81.71, 81.28, 80.16]

Average Accuracy (CNN): 69.3
2025-05-09 11:04:01,164 [trainer.py] => Average Accuracy (CNN): 69.3 

2025-05-09 11:04:01,164 [trainer.py] => All params: 85867777
2025-05-09 11:04:01,165 [trainer.py] => Trainable params: 85867777
2025-05-09 11:04:01,172 [simplecil.py] => Learning on 90-95
Time for task 18: 4.688598155975342
2025-05-09 11:04:28,869 [trainer.py] => No NME accuracy.
2025-05-09 11:04:28,869 [trainer.py] => CNN: {'total': 60.26, '00-04': 64.14, '05-09': 58.72, '10-14': 63.97, '15-19': 62.4, '20-24': 67.61, '25-29': 55.7, '30-34': 59.6, '35-39': 59.67, '40-44': 67.81, '45-49': 60.9, '50-54': 61.64, '55-59': 55.86, '60-64': 52.74, '65-69': 60.53, '70-74': 60.0, '75-79': 69.59, '80-84': 56.15, '85-89': 54.44, '90-94': 49.5, 'old': 60.65, 'new': 49.5}
2025-05-09 11:04:28,869 [trainer.py] => CNN top1 curve: [89.66, 81.07, 77.3, 75.04, 73.29, 70.48, 69.82, 67.45, 67.76, 67.04, 65.94, 65.39, 63.87, 63.46, 63.4, 62.89, 62.29, 61.25, 60.26]
2025-05-09 11:04:28,869 [trainer.py] => CNN top5 curve: [100.0, 97.48, 95.57, 93.76, 91.82, 90.39, 89.74, 87.66, 86.91, 86.08, 85.3, 84.69, 83.55, 82.74, 82.13, 81.71, 81.28, 80.16, 79.34]

Average Accuracy (CNN): 68.82
2025-05-09 11:04:28,870 [trainer.py] => Average Accuracy (CNN): 68.82 

2025-05-09 11:04:28,871 [trainer.py] => All params: 85871617
2025-05-09 11:04:28,872 [trainer.py] => Trainable params: 85871617
2025-05-09 11:04:28,880 [simplecil.py] => Learning on 95-100
Time for task 19: 4.211200714111328
2025-05-09 11:04:57,049 [trainer.py] => No NME accuracy.
2025-05-09 11:04:57,050 [trainer.py] => CNN: {'total': 59.83, '00-04': 63.45, '05-09': 58.72, '10-14': 63.56, '15-19': 62.4, '20-24': 67.61, '25-29': 55.06, '30-34': 59.6, '35-39': 59.67, '40-44': 63.01, '45-49': 60.26, '50-54': 61.64, '55-59': 55.86, '60-64': 52.74, '65-69': 60.53, '70-74': 60.0, '75-79': 69.59, '80-84': 56.15, '85-89': 53.89, '90-94': 49.5, '95-99': 59.21, 'old': 59.85, 'new': 59.21}
2025-05-09 11:04:57,050 [trainer.py] => CNN top1 curve: [89.66, 81.07, 77.3, 75.04, 73.29, 70.48, 69.82, 67.45, 67.76, 67.04, 65.94, 65.39, 63.87, 63.46, 63.4, 62.89, 62.29, 61.25, 60.26, 59.83]
2025-05-09 11:04:57,050 [trainer.py] => CNN top5 curve: [100.0, 97.48, 95.57, 93.76, 91.82, 90.39, 89.74, 87.66, 86.91, 86.08, 85.3, 84.69, 83.55, 82.74, 82.13, 81.71, 81.28, 80.16, 79.34, 79.13]

Average Accuracy (CNN): 68.37
2025-05-09 11:04:57,050 [trainer.py] => Average Accuracy (CNN): 68.37 

2025-05-09 11:04:57,050 [trainer.py] => All params: 85875457
2025-05-09 11:04:57,051 [trainer.py] => Trainable params: 85875457
2025-05-09 11:04:57,059 [simplecil.py] => Learning on 100-105
Time for task 20: 6.079303026199341
2025-05-09 11:05:27,740 [trainer.py] => No NME accuracy.
2025-05-09 11:05:27,741 [trainer.py] => CNN: {'total': 59.9, '00-04': 61.38, '05-09': 57.56, '10-14': 63.16, '15-19': 62.4, '20-24': 67.61, '25-29': 55.06, '30-34': 59.6, '35-39': 59.67, '40-44': 63.01, '45-49': 60.26, '50-54': 60.38, '55-59': 55.86, '60-64': 52.74, '65-69': 60.53, '70-74': 60.0, '75-79': 69.59, '80-84': 56.15, '85-89': 52.78, '90-94': 49.5, '95-99': 59.21, '100-104': 67.76, 'old': 59.5, 'new': 67.76}
2025-05-09 11:05:27,741 [trainer.py] => CNN top1 curve: [89.66, 81.07, 77.3, 75.04, 73.29, 70.48, 69.82, 67.45, 67.76, 67.04, 65.94, 65.39, 63.87, 63.46, 63.4, 62.89, 62.29, 61.25, 60.26, 59.83, 59.9]
2025-05-09 11:05:27,741 [trainer.py] => CNN top5 curve: [100.0, 97.48, 95.57, 93.76, 91.82, 90.39, 89.74, 87.66, 86.91, 86.08, 85.3, 84.69, 83.55, 82.74, 82.13, 81.71, 81.28, 80.16, 79.34, 79.13, 79.12]

Average Accuracy (CNN): 67.97
2025-05-09 11:05:27,741 [trainer.py] => Average Accuracy (CNN): 67.97 

2025-05-09 11:05:27,741 [trainer.py] => All params: 85879297
2025-05-09 11:05:27,742 [trainer.py] => Trainable params: 85879297
2025-05-09 11:05:27,751 [simplecil.py] => Learning on 105-110
Time for task 21: 5.945978403091431
2025-05-09 11:05:59,518 [trainer.py] => No NME accuracy.
2025-05-09 11:05:59,519 [trainer.py] => CNN: {'total': 59.13, '00-04': 61.38, '05-09': 57.56, '10-14': 63.16, '15-19': 62.4, '20-24': 66.9, '25-29': 54.43, '30-34': 59.6, '35-39': 58.01, '40-44': 61.64, '45-49': 60.26, '50-54': 59.75, '55-59': 55.86, '60-64': 52.74, '65-69': 59.87, '70-74': 60.0, '75-79': 69.59, '80-84': 55.38, '85-89': 52.22, '90-94': 49.5, '95-99': 59.21, '100-104': 65.79, '105-109': 51.52, 'old': 59.45, 'new': 51.52}
2025-05-09 11:05:59,519 [trainer.py] => CNN top1 curve: [89.66, 81.07, 77.3, 75.04, 73.29, 70.48, 69.82, 67.45, 67.76, 67.04, 65.94, 65.39, 63.87, 63.46, 63.4, 62.89, 62.29, 61.25, 60.26, 59.83, 59.9, 59.13]
2025-05-09 11:05:59,519 [trainer.py] => CNN top5 curve: [100.0, 97.48, 95.57, 93.76, 91.82, 90.39, 89.74, 87.66, 86.91, 86.08, 85.3, 84.69, 83.55, 82.74, 82.13, 81.71, 81.28, 80.16, 79.34, 79.13, 79.12, 78.71]

Average Accuracy (CNN): 67.57
2025-05-09 11:05:59,519 [trainer.py] => Average Accuracy (CNN): 67.57 

2025-05-09 11:05:59,521 [trainer.py] => All params: 85883137
2025-05-09 11:05:59,522 [trainer.py] => Trainable params: 85883137
2025-05-09 11:05:59,527 [simplecil.py] => Learning on 110-115
Time for task 22: 5.943710803985596
2025-05-09 11:06:32,434 [trainer.py] => No NME accuracy.
2025-05-09 11:06:32,434 [trainer.py] => CNN: {'total': 58.29, '00-04': 61.38, '05-09': 57.56, '10-14': 62.75, '15-19': 61.6, '20-24': 65.49, '25-29': 51.9, '30-34': 59.6, '35-39': 56.91, '40-44': 61.64, '45-49': 58.33, '50-54': 59.12, '55-59': 55.86, '60-64': 50.68, '65-69': 59.21, '70-74': 59.2, '75-79': 69.59, '80-84': 55.38, '85-89': 52.22, '90-94': 49.5, '95-99': 59.21, '100-104': 64.47, '105-109': 49.24, '110-114': 55.71, 'old': 58.4, 'new': 55.71}
2025-05-09 11:06:32,434 [trainer.py] => CNN top1 curve: [89.66, 81.07, 77.3, 75.04, 73.29, 70.48, 69.82, 67.45, 67.76, 67.04, 65.94, 65.39, 63.87, 63.46, 63.4, 62.89, 62.29, 61.25, 60.26, 59.83, 59.9, 59.13, 58.29]
2025-05-09 11:06:32,434 [trainer.py] => CNN top5 curve: [100.0, 97.48, 95.57, 93.76, 91.82, 90.39, 89.74, 87.66, 86.91, 86.08, 85.3, 84.69, 83.55, 82.74, 82.13, 81.71, 81.28, 80.16, 79.34, 79.13, 79.12, 78.71, 77.94]

Average Accuracy (CNN): 67.17
2025-05-09 11:06:32,434 [trainer.py] => Average Accuracy (CNN): 67.17 

2025-05-09 11:06:32,435 [trainer.py] => All params: 85886977
2025-05-09 11:06:32,436 [trainer.py] => Trainable params: 85886977
2025-05-09 11:06:32,447 [simplecil.py] => Learning on 115-120
Time for task 23: 8.262711524963379
2025-05-09 11:07:09,624 [trainer.py] => No NME accuracy.
2025-05-09 11:07:09,624 [trainer.py] => CNN: {'total': 57.89, '00-04': 60.69, '05-09': 57.56, '10-14': 60.73, '15-19': 61.6, '20-24': 65.49, '25-29': 51.9, '30-34': 59.6, '35-39': 56.91, '40-44': 61.64, '45-49': 58.33, '50-54': 59.12, '55-59': 54.48, '60-64': 50.68, '65-69': 58.55, '70-74': 59.2, '75-79': 69.59, '80-84': 54.62, '85-89': 51.67, '90-94': 49.5, '95-99': 59.21, '100-104': 64.47, '105-109': 48.48, '110-114': 55.0, '115-119': 57.63, 'old': 57.91, 'new': 57.63}
2025-05-09 11:07:09,624 [trainer.py] => CNN top1 curve: [89.66, 81.07, 77.3, 75.04, 73.29, 70.48, 69.82, 67.45, 67.76, 67.04, 65.94, 65.39, 63.87, 63.46, 63.4, 62.89, 62.29, 61.25, 60.26, 59.83, 59.9, 59.13, 58.29, 57.89]
2025-05-09 11:07:09,624 [trainer.py] => CNN top5 curve: [100.0, 97.48, 95.57, 93.76, 91.82, 90.39, 89.74, 87.66, 86.91, 86.08, 85.3, 84.69, 83.55, 82.74, 82.13, 81.71, 81.28, 80.16, 79.34, 79.13, 79.12, 78.71, 77.94, 77.26]

Average Accuracy (CNN): 66.78
2025-05-09 11:07:09,625 [trainer.py] => Average Accuracy (CNN): 66.78 

2025-05-09 11:07:09,625 [trainer.py] => All params: 85890817
2025-05-09 11:07:09,626 [trainer.py] => Trainable params: 85890817
2025-05-09 11:07:09,634 [simplecil.py] => Learning on 120-125
Time for task 24: 6.298490285873413
2025-05-09 11:07:45,719 [trainer.py] => No NME accuracy.
2025-05-09 11:07:45,720 [trainer.py] => CNN: {'total': 57.63, '00-04': 60.69, '05-09': 57.56, '10-14': 60.32, '15-19': 56.8, '20-24': 65.49, '25-29': 51.27, '30-34': 59.6, '35-39': 56.91, '40-44': 61.64, '45-49': 57.69, '50-54': 59.12, '55-59': 54.48, '60-64': 50.68, '65-69': 58.55, '70-74': 59.2, '75-79': 68.92, '80-84': 54.62, '85-89': 51.11, '90-94': 48.51, '95-99': 59.21, '100-104': 63.16, '105-109': 48.48, '110-114': 55.0, '115-119': 57.63, '120-124': 60.62, 'old': 57.5, 'new': 60.62}
2025-05-09 11:07:45,720 [trainer.py] => CNN top1 curve: [89.66, 81.07, 77.3, 75.04, 73.29, 70.48, 69.82, 67.45, 67.76, 67.04, 65.94, 65.39, 63.87, 63.46, 63.4, 62.89, 62.29, 61.25, 60.26, 59.83, 59.9, 59.13, 58.29, 57.89, 57.63]
2025-05-09 11:07:45,720 [trainer.py] => CNN top5 curve: [100.0, 97.48, 95.57, 93.76, 91.82, 90.39, 89.74, 87.66, 86.91, 86.08, 85.3, 84.69, 83.55, 82.74, 82.13, 81.71, 81.28, 80.16, 79.34, 79.13, 79.12, 78.71, 77.94, 77.26, 76.82]

Average Accuracy (CNN): 66.41
2025-05-09 11:07:45,720 [trainer.py] => Average Accuracy (CNN): 66.41 

2025-05-09 11:07:45,721 [trainer.py] => All params: 85894657
2025-05-09 11:07:45,721 [trainer.py] => Trainable params: 85894657
2025-05-09 11:07:45,728 [simplecil.py] => Learning on 125-130
Time for task 25: 4.444876194000244
2025-05-09 11:08:20,821 [trainer.py] => No NME accuracy.
2025-05-09 11:08:20,821 [trainer.py] => CNN: {'total': 57.2, '00-04': 60.0, '05-09': 57.56, '10-14': 60.32, '15-19': 56.8, '20-24': 65.49, '25-29': 51.27, '30-34': 58.94, '35-39': 56.35, '40-44': 60.96, '45-49': 57.69, '50-54': 59.12, '55-59': 54.48, '60-64': 50.68, '65-69': 58.55, '70-74': 59.2, '75-79': 66.89, '80-84': 54.62, '85-89': 51.11, '90-94': 48.51, '95-99': 57.89, '100-104': 63.16, '105-109': 48.48, '110-114': 54.29, '115-119': 57.2, '120-124': 60.62, '125-129': 51.35, 'old': 57.37, 'new': 51.35}
2025-05-09 11:08:20,821 [trainer.py] => CNN top1 curve: [89.66, 81.07, 77.3, 75.04, 73.29, 70.48, 69.82, 67.45, 67.76, 67.04, 65.94, 65.39, 63.87, 63.46, 63.4, 62.89, 62.29, 61.25, 60.26, 59.83, 59.9, 59.13, 58.29, 57.89, 57.63, 57.2]
2025-05-09 11:08:20,821 [trainer.py] => CNN top5 curve: [100.0, 97.48, 95.57, 93.76, 91.82, 90.39, 89.74, 87.66, 86.91, 86.08, 85.3, 84.69, 83.55, 82.74, 82.13, 81.71, 81.28, 80.16, 79.34, 79.13, 79.12, 78.71, 77.94, 77.26, 76.82, 76.51]

Average Accuracy (CNN): 66.06
2025-05-09 11:08:20,821 [trainer.py] => Average Accuracy (CNN): 66.06 

2025-05-09 11:08:20,822 [trainer.py] => All params: 85898497
2025-05-09 11:08:20,823 [trainer.py] => Trainable params: 85898497
2025-05-09 11:08:20,831 [simplecil.py] => Learning on 130-135
Time for task 26: 5.201870679855347
2025-05-09 11:08:57,993 [trainer.py] => No NME accuracy.
2025-05-09 11:08:57,993 [trainer.py] => CNN: {'total': 57.24, '00-04': 60.0, '05-09': 57.56, '10-14': 59.92, '15-19': 56.0, '20-24': 65.49, '25-29': 51.27, '30-34': 58.94, '35-39': 56.35, '40-44': 60.96, '45-49': 57.69, '50-54': 57.86, '55-59': 54.48, '60-64': 50.68, '65-69': 58.55, '70-74': 59.2, '75-79': 66.89, '80-84': 54.62, '85-89': 51.11, '90-94': 48.51, '95-99': 57.89, '100-104': 63.16, '105-109': 48.48, '110-114': 54.29, '115-119': 57.2, '120-124': 60.0, '125-129': 51.35, '130-134': 61.87, 'old': 57.07, 'new': 61.87}
2025-05-09 11:08:57,993 [trainer.py] => CNN top1 curve: [89.66, 81.07, 77.3, 75.04, 73.29, 70.48, 69.82, 67.45, 67.76, 67.04, 65.94, 65.39, 63.87, 63.46, 63.4, 62.89, 62.29, 61.25, 60.26, 59.83, 59.9, 59.13, 58.29, 57.89, 57.63, 57.2, 57.24]
2025-05-09 11:08:57,993 [trainer.py] => CNN top5 curve: [100.0, 97.48, 95.57, 93.76, 91.82, 90.39, 89.74, 87.66, 86.91, 86.08, 85.3, 84.69, 83.55, 82.74, 82.13, 81.71, 81.28, 80.16, 79.34, 79.13, 79.12, 78.71, 77.94, 77.26, 76.82, 76.51, 76.37]

Average Accuracy (CNN): 65.73
2025-05-09 11:08:57,993 [trainer.py] => Average Accuracy (CNN): 65.73 

2025-05-09 11:08:57,994 [trainer.py] => All params: 85902337
2025-05-09 11:08:57,994 [trainer.py] => Trainable params: 85902337
2025-05-09 11:08:58,002 [simplecil.py] => Learning on 135-140
Time for task 27: 7.102442026138306
2025-05-09 11:09:38,587 [trainer.py] => No NME accuracy.
2025-05-09 11:09:38,588 [trainer.py] => CNN: {'total': 57.29, '00-04': 60.0, '05-09': 57.56, '10-14': 59.92, '15-19': 56.0, '20-24': 65.49, '25-29': 51.27, '30-34': 58.94, '35-39': 56.35, '40-44': 60.96, '45-49': 57.69, '50-54': 57.86, '55-59': 53.79, '60-64': 50.68, '65-69': 58.55, '70-74': 58.4, '75-79': 66.89, '80-84': 53.85, '85-89': 51.11, '90-94': 48.51, '95-99': 57.89, '100-104': 63.16, '105-109': 48.48, '110-114': 54.29, '115-119': 57.2, '120-124': 60.0, '125-129': 50.45, '130-134': 61.15, '135-139': 61.64, 'old': 57.11, 'new': 61.64}
2025-05-09 11:09:38,588 [trainer.py] => CNN top1 curve: [89.66, 81.07, 77.3, 75.04, 73.29, 70.48, 69.82, 67.45, 67.76, 67.04, 65.94, 65.39, 63.87, 63.46, 63.4, 62.89, 62.29, 61.25, 60.26, 59.83, 59.9, 59.13, 58.29, 57.89, 57.63, 57.2, 57.24, 57.29]
2025-05-09 11:09:38,588 [trainer.py] => CNN top5 curve: [100.0, 97.48, 95.57, 93.76, 91.82, 90.39, 89.74, 87.66, 86.91, 86.08, 85.3, 84.69, 83.55, 82.74, 82.13, 81.71, 81.28, 80.16, 79.34, 79.13, 79.12, 78.71, 77.94, 77.26, 76.82, 76.51, 76.37, 76.1]

Average Accuracy (CNN): 65.43
2025-05-09 11:09:38,588 [trainer.py] => Average Accuracy (CNN): 65.43 

2025-05-09 11:09:38,588 [trainer.py] => All params: 85906177
2025-05-09 11:09:38,589 [trainer.py] => Trainable params: 85906177
2025-05-09 11:09:38,598 [simplecil.py] => Learning on 140-145
Time for task 28: 6.988693952560425
2025-05-09 11:10:20,820 [trainer.py] => No NME accuracy.
2025-05-09 11:10:20,820 [trainer.py] => CNN: {'total': 57.29, '00-04': 60.0, '05-09': 56.98, '10-14': 59.92, '15-19': 56.0, '20-24': 65.49, '25-29': 51.27, '30-34': 58.28, '35-39': 56.35, '40-44': 60.27, '45-49': 57.69, '50-54': 57.86, '55-59': 53.79, '60-64': 50.68, '65-69': 57.89, '70-74': 58.4, '75-79': 66.89, '80-84': 53.85, '85-89': 51.11, '90-94': 48.51, '95-99': 57.89, '100-104': 61.18, '105-109': 48.48, '110-114': 54.29, '115-119': 57.2, '120-124': 60.0, '125-129': 50.45, '130-134': 61.15, '135-139': 61.01, '140-144': 61.27, 'old': 57.1, 'new': 61.27}
2025-05-09 11:10:20,821 [trainer.py] => CNN top1 curve: [89.66, 81.07, 77.3, 75.04, 73.29, 70.48, 69.82, 67.45, 67.76, 67.04, 65.94, 65.39, 63.87, 63.46, 63.4, 62.89, 62.29, 61.25, 60.26, 59.83, 59.9, 59.13, 58.29, 57.89, 57.63, 57.2, 57.24, 57.29, 57.29]
2025-05-09 11:10:20,821 [trainer.py] => CNN top5 curve: [100.0, 97.48, 95.57, 93.76, 91.82, 90.39, 89.74, 87.66, 86.91, 86.08, 85.3, 84.69, 83.55, 82.74, 82.13, 81.71, 81.28, 80.16, 79.34, 79.13, 79.12, 78.71, 77.94, 77.26, 76.82, 76.51, 76.37, 76.1, 76.05]

Average Accuracy (CNN): 65.15
2025-05-09 11:10:20,821 [trainer.py] => Average Accuracy (CNN): 65.15 

2025-05-09 11:10:20,823 [trainer.py] => All params: 85910017
2025-05-09 11:10:20,825 [trainer.py] => Trainable params: 85910017
2025-05-09 11:10:20,835 [simplecil.py] => Learning on 145-150
Time for task 29: 6.593269109725952
2025-05-09 11:11:03,911 [trainer.py] => No NME accuracy.
2025-05-09 11:11:03,911 [trainer.py] => CNN: {'total': 56.89, '00-04': 60.0, '05-09': 55.23, '10-14': 59.51, '15-19': 55.2, '20-24': 65.49, '25-29': 50.63, '30-34': 58.28, '35-39': 55.25, '40-44': 60.27, '45-49': 57.05, '50-54': 57.86, '55-59': 53.1, '60-64': 49.32, '65-69': 57.24, '70-74': 58.4, '75-79': 66.89, '80-84': 53.85, '85-89': 50.56, '90-94': 48.51, '95-99': 57.89, '100-104': 59.87, '105-109': 48.48, '110-114': 53.57, '115-119': 55.93, '120-124': 59.38, '125-129': 50.45, '130-134': 60.43, '135-139': 60.38, '140-144': 60.78, '145-149': 60.74, 'old': 56.75, 'new': 60.74}
2025-05-09 11:11:03,912 [trainer.py] => CNN top1 curve: [89.66, 81.07, 77.3, 75.04, 73.29, 70.48, 69.82, 67.45, 67.76, 67.04, 65.94, 65.39, 63.87, 63.46, 63.4, 62.89, 62.29, 61.25, 60.26, 59.83, 59.9, 59.13, 58.29, 57.89, 57.63, 57.2, 57.24, 57.29, 57.29, 56.89]
2025-05-09 11:11:03,912 [trainer.py] => CNN top5 curve: [100.0, 97.48, 95.57, 93.76, 91.82, 90.39, 89.74, 87.66, 86.91, 86.08, 85.3, 84.69, 83.55, 82.74, 82.13, 81.71, 81.28, 80.16, 79.34, 79.13, 79.12, 78.71, 77.94, 77.26, 76.82, 76.51, 76.37, 76.1, 76.05, 75.49]

Average Accuracy (CNN): 64.87
2025-05-09 11:11:03,912 [trainer.py] => Average Accuracy (CNN): 64.87 

2025-05-09 11:11:03,912 [trainer.py] => All params: 85913857
2025-05-09 11:11:03,913 [trainer.py] => Trainable params: 85913857
2025-05-09 11:11:03,920 [simplecil.py] => Learning on 150-155
Time for task 30: 8.14008641242981
2025-05-09 11:11:49,990 [trainer.py] => No NME accuracy.
2025-05-09 11:11:49,991 [trainer.py] => CNN: {'total': 56.67, '00-04': 59.31, '05-09': 54.65, '10-14': 58.3, '15-19': 55.2, '20-24': 65.49, '25-29': 50.63, '30-34': 57.62, '35-39': 53.59, '40-44': 60.27, '45-49': 57.05, '50-54': 57.23, '55-59': 52.41, '60-64': 49.32, '65-69': 56.58, '70-74': 57.6, '75-79': 66.89, '80-84': 53.85, '85-89': 50.56, '90-94': 48.51, '95-99': 57.89, '100-104': 59.87, '105-109': 48.48, '110-114': 53.57, '115-119': 55.93, '120-124': 58.12, '125-129': 50.45, '130-134': 59.71, '135-139': 60.38, '140-144': 60.29, '145-149': 60.74, '150-154': 60.32, 'old': 56.52, 'new': 60.32}
2025-05-09 11:11:49,991 [trainer.py] => CNN top1 curve: [89.66, 81.07, 77.3, 75.04, 73.29, 70.48, 69.82, 67.45, 67.76, 67.04, 65.94, 65.39, 63.87, 63.46, 63.4, 62.89, 62.29, 61.25, 60.26, 59.83, 59.9, 59.13, 58.29, 57.89, 57.63, 57.2, 57.24, 57.29, 57.29, 56.89, 56.67]
2025-05-09 11:11:49,992 [trainer.py] => CNN top5 curve: [100.0, 97.48, 95.57, 93.76, 91.82, 90.39, 89.74, 87.66, 86.91, 86.08, 85.3, 84.69, 83.55, 82.74, 82.13, 81.71, 81.28, 80.16, 79.34, 79.13, 79.12, 78.71, 77.94, 77.26, 76.82, 76.51, 76.37, 76.1, 76.05, 75.49, 75.14]

Average Accuracy (CNN): 64.61
2025-05-09 11:11:49,992 [trainer.py] => Average Accuracy (CNN): 64.61 

2025-05-09 11:11:49,994 [trainer.py] => All params: 85917697
2025-05-09 11:11:49,996 [trainer.py] => Trainable params: 85917697
2025-05-09 11:11:50,009 [simplecil.py] => Learning on 155-160
Time for task 31: 6.334670782089233
2025-05-09 11:12:35,444 [trainer.py] => No NME accuracy.
2025-05-09 11:12:35,444 [trainer.py] => CNN: {'total': 56.22, '00-04': 58.62, '05-09': 54.65, '10-14': 57.09, '15-19': 54.4, '20-24': 64.79, '25-29': 50.63, '30-34': 57.62, '35-39': 53.59, '40-44': 59.59, '45-49': 57.05, '50-54': 56.6, '55-59': 52.41, '60-64': 48.63, '65-69': 55.26, '70-74': 57.6, '75-79': 66.89, '80-84': 53.85, '85-89': 50.56, '90-94': 48.51, '95-99': 57.89, '100-104': 59.87, '105-109': 48.48, '110-114': 51.43, '115-119': 55.51, '120-124': 57.5, '125-129': 47.75, '130-134': 58.27, '135-139': 60.38, '140-144': 60.29, '145-149': 60.74, '150-154': 60.32, '155-159': 56.07, 'old': 56.23, 'new': 56.07}
2025-05-09 11:12:35,444 [trainer.py] => CNN top1 curve: [89.66, 81.07, 77.3, 75.04, 73.29, 70.48, 69.82, 67.45, 67.76, 67.04, 65.94, 65.39, 63.87, 63.46, 63.4, 62.89, 62.29, 61.25, 60.26, 59.83, 59.9, 59.13, 58.29, 57.89, 57.63, 57.2, 57.24, 57.29, 57.29, 56.89, 56.67, 56.22]
2025-05-09 11:12:35,444 [trainer.py] => CNN top5 curve: [100.0, 97.48, 95.57, 93.76, 91.82, 90.39, 89.74, 87.66, 86.91, 86.08, 85.3, 84.69, 83.55, 82.74, 82.13, 81.71, 81.28, 80.16, 79.34, 79.13, 79.12, 78.71, 77.94, 77.26, 76.82, 76.51, 76.37, 76.1, 76.05, 75.49, 75.14, 74.59]

Average Accuracy (CNN): 64.35
2025-05-09 11:12:35,444 [trainer.py] => Average Accuracy (CNN): 64.35 

2025-05-09 11:12:35,445 [trainer.py] => All params: 85921537
2025-05-09 11:12:35,445 [trainer.py] => Trainable params: 85921537
2025-05-09 11:12:35,455 [simplecil.py] => Learning on 160-165
Time for task 32: 5.120111703872681
2025-05-09 11:13:20,416 [trainer.py] => No NME accuracy.
2025-05-09 11:13:20,417 [trainer.py] => CNN: {'total': 55.81, '00-04': 57.24, '05-09': 54.65, '10-14': 56.68, '15-19': 54.4, '20-24': 64.79, '25-29': 50.63, '30-34': 57.62, '35-39': 53.59, '40-44': 59.59, '45-49': 55.13, '50-54': 56.6, '55-59': 52.41, '60-64': 47.95, '65-69': 55.26, '70-74': 57.6, '75-79': 66.89, '80-84': 53.08, '85-89': 50.56, '90-94': 47.52, '95-99': 57.89, '100-104': 59.87, '105-109': 48.48, '110-114': 51.43, '115-119': 55.51, '120-124': 57.5, '125-129': 47.75, '130-134': 58.27, '135-139': 60.38, '140-144': 59.8, '145-149': 60.74, '150-154': 60.32, '155-159': 56.07, '160-164': 45.54, 'old': 56.02, 'new': 45.54}
2025-05-09 11:13:20,417 [trainer.py] => CNN top1 curve: [89.66, 81.07, 77.3, 75.04, 73.29, 70.48, 69.82, 67.45, 67.76, 67.04, 65.94, 65.39, 63.87, 63.46, 63.4, 62.89, 62.29, 61.25, 60.26, 59.83, 59.9, 59.13, 58.29, 57.89, 57.63, 57.2, 57.24, 57.29, 57.29, 56.89, 56.67, 56.22, 55.81]
2025-05-09 11:13:20,417 [trainer.py] => CNN top5 curve: [100.0, 97.48, 95.57, 93.76, 91.82, 90.39, 89.74, 87.66, 86.91, 86.08, 85.3, 84.69, 83.55, 82.74, 82.13, 81.71, 81.28, 80.16, 79.34, 79.13, 79.12, 78.71, 77.94, 77.26, 76.82, 76.51, 76.37, 76.1, 76.05, 75.49, 75.14, 74.59, 74.15]

Average Accuracy (CNN): 64.09
2025-05-09 11:13:20,417 [trainer.py] => Average Accuracy (CNN): 64.09 

2025-05-09 11:13:20,419 [trainer.py] => All params: 85925377
2025-05-09 11:13:20,420 [trainer.py] => Trainable params: 85925377
2025-05-09 11:13:20,429 [simplecil.py] => Learning on 165-170
Time for task 33: 5.157450914382935
2025-05-09 11:14:06,571 [trainer.py] => No NME accuracy.
2025-05-09 11:14:06,572 [trainer.py] => CNN: {'total': 55.09, '00-04': 56.55, '05-09': 54.65, '10-14': 56.68, '15-19': 51.2, '20-24': 64.79, '25-29': 49.37, '30-34': 57.62, '35-39': 53.04, '40-44': 58.22, '45-49': 54.49, '50-54': 56.6, '55-59': 52.41, '60-64': 47.95, '65-69': 55.26, '70-74': 57.6, '75-79': 66.22, '80-84': 53.08, '85-89': 50.0, '90-94': 47.52, '95-99': 57.89, '100-104': 57.89, '105-109': 48.48, '110-114': 51.43, '115-119': 55.51, '120-124': 57.5, '125-129': 47.75, '130-134': 58.27, '135-139': 60.38, '140-144': 59.8, '145-149': 60.12, '150-154': 59.26, '155-159': 56.07, '160-164': 45.54, '165-169': 41.86, 'old': 55.43, 'new': 41.86}
2025-05-09 11:14:06,572 [trainer.py] => CNN top1 curve: [89.66, 81.07, 77.3, 75.04, 73.29, 70.48, 69.82, 67.45, 67.76, 67.04, 65.94, 65.39, 63.87, 63.46, 63.4, 62.89, 62.29, 61.25, 60.26, 59.83, 59.9, 59.13, 58.29, 57.89, 57.63, 57.2, 57.24, 57.29, 57.29, 56.89, 56.67, 56.22, 55.81, 55.09]
2025-05-09 11:14:06,572 [trainer.py] => CNN top5 curve: [100.0, 97.48, 95.57, 93.76, 91.82, 90.39, 89.74, 87.66, 86.91, 86.08, 85.3, 84.69, 83.55, 82.74, 82.13, 81.71, 81.28, 80.16, 79.34, 79.13, 79.12, 78.71, 77.94, 77.26, 76.82, 76.51, 76.37, 76.1, 76.05, 75.49, 75.14, 74.59, 74.15, 73.44]

Average Accuracy (CNN): 63.82
2025-05-09 11:14:06,573 [trainer.py] => Average Accuracy (CNN): 63.82 

2025-05-09 11:14:06,575 [trainer.py] => All params: 85929217
2025-05-09 11:14:06,576 [trainer.py] => Trainable params: 85929217
2025-05-09 11:14:06,587 [simplecil.py] => Learning on 170-175
Time for task 34: 4.841307163238525
2025-05-09 11:14:53,125 [trainer.py] => No NME accuracy.
2025-05-09 11:14:53,125 [trainer.py] => CNN: {'total': 55.43, '00-04': 56.55, '05-09': 54.07, '10-14': 56.68, '15-19': 51.2, '20-24': 64.79, '25-29': 49.37, '30-34': 56.95, '35-39': 53.04, '40-44': 57.53, '45-49': 54.49, '50-54': 56.6, '55-59': 52.41, '60-64': 47.95, '65-69': 55.26, '70-74': 57.6, '75-79': 66.22, '80-84': 53.08, '85-89': 50.0, '90-94': 47.52, '95-99': 57.89, '100-104': 57.89, '105-109': 48.48, '110-114': 51.43, '115-119': 55.51, '120-124': 57.5, '125-129': 47.75, '130-134': 58.27, '135-139': 60.38, '140-144': 59.8, '145-149': 60.12, '150-154': 59.26, '155-159': 56.07, '160-164': 45.54, '165-169': 41.09, '170-174': 71.76, 'old': 55.02, 'new': 71.76}
2025-05-09 11:14:53,125 [trainer.py] => CNN top1 curve: [89.66, 81.07, 77.3, 75.04, 73.29, 70.48, 69.82, 67.45, 67.76, 67.04, 65.94, 65.39, 63.87, 63.46, 63.4, 62.89, 62.29, 61.25, 60.26, 59.83, 59.9, 59.13, 58.29, 57.89, 57.63, 57.2, 57.24, 57.29, 57.29, 56.89, 56.67, 56.22, 55.81, 55.09, 55.43]
2025-05-09 11:14:53,125 [trainer.py] => CNN top5 curve: [100.0, 97.48, 95.57, 93.76, 91.82, 90.39, 89.74, 87.66, 86.91, 86.08, 85.3, 84.69, 83.55, 82.74, 82.13, 81.71, 81.28, 80.16, 79.34, 79.13, 79.12, 78.71, 77.94, 77.26, 76.82, 76.51, 76.37, 76.1, 76.05, 75.49, 75.14, 74.59, 74.15, 73.44, 73.59]

Average Accuracy (CNN): 63.58
2025-05-09 11:14:53,125 [trainer.py] => Average Accuracy (CNN): 63.58 

2025-05-09 11:14:53,127 [trainer.py] => All params: 85933057
2025-05-09 11:14:53,128 [trainer.py] => Trainable params: 85933057
2025-05-09 11:14:53,139 [simplecil.py] => Learning on 175-180
Time for task 35: 4.7243077754974365
2025-05-09 11:15:40,781 [trainer.py] => No NME accuracy.
2025-05-09 11:15:40,782 [trainer.py] => CNN: {'total': 55.47, '00-04': 56.55, '05-09': 54.07, '10-14': 56.68, '15-19': 51.2, '20-24': 64.79, '25-29': 49.37, '30-34': 56.95, '35-39': 53.04, '40-44': 57.53, '45-49': 54.49, '50-54': 56.6, '55-59': 52.41, '60-64': 47.95, '65-69': 55.26, '70-74': 57.6, '75-79': 64.19, '80-84': 53.08, '85-89': 50.0, '90-94': 46.53, '95-99': 57.89, '100-104': 57.89, '105-109': 48.48, '110-114': 51.43, '115-119': 55.51, '120-124': 57.5, '125-129': 47.75, '130-134': 58.27, '135-139': 60.38, '140-144': 59.8, '145-149': 60.12, '150-154': 59.26, '155-159': 56.07, '160-164': 45.54, '165-169': 41.09, '170-174': 71.76, '175-179': 60.68, 'old': 55.35, 'new': 60.68}
2025-05-09 11:15:40,782 [trainer.py] => CNN top1 curve: [89.66, 81.07, 77.3, 75.04, 73.29, 70.48, 69.82, 67.45, 67.76, 67.04, 65.94, 65.39, 63.87, 63.46, 63.4, 62.89, 62.29, 61.25, 60.26, 59.83, 59.9, 59.13, 58.29, 57.89, 57.63, 57.2, 57.24, 57.29, 57.29, 56.89, 56.67, 56.22, 55.81, 55.09, 55.43, 55.47]
2025-05-09 11:15:40,782 [trainer.py] => CNN top5 curve: [100.0, 97.48, 95.57, 93.76, 91.82, 90.39, 89.74, 87.66, 86.91, 86.08, 85.3, 84.69, 83.55, 82.74, 82.13, 81.71, 81.28, 80.16, 79.34, 79.13, 79.12, 78.71, 77.94, 77.26, 76.82, 76.51, 76.37, 76.1, 76.05, 75.49, 75.14, 74.59, 74.15, 73.44, 73.59, 73.4]

Average Accuracy (CNN): 63.36
2025-05-09 11:15:40,782 [trainer.py] => Average Accuracy (CNN): 63.36 

2025-05-09 11:15:40,783 [trainer.py] => All params: 85936897
2025-05-09 11:15:40,783 [trainer.py] => Trainable params: 85936897
2025-05-09 11:15:40,792 [simplecil.py] => Learning on 180-185
Time for task 36: 5.052090406417847
2025-05-09 11:16:30,121 [trainer.py] => No NME accuracy.
2025-05-09 11:16:30,121 [trainer.py] => CNN: {'total': 54.71, '00-04': 56.55, '05-09': 54.07, '10-14': 56.28, '15-19': 51.2, '20-24': 62.68, '25-29': 49.37, '30-34': 56.95, '35-39': 53.04, '40-44': 56.16, '45-49': 54.49, '50-54': 54.72, '55-59': 52.41, '60-64': 47.26, '65-69': 53.95, '70-74': 57.6, '75-79': 64.19, '80-84': 53.08, '85-89': 49.44, '90-94': 43.56, '95-99': 56.58, '100-104': 57.89, '105-109': 48.48, '110-114': 49.29, '115-119': 55.08, '120-124': 56.88, '125-129': 47.75, '130-134': 58.27, '135-139': 60.38, '140-144': 59.31, '145-149': 60.12, '150-154': 59.26, '155-159': 55.49, '160-164': 45.54, '165-169': 38.76, '170-174': 70.23, '175-179': 58.12, '180-184': 48.28, 'old': 54.88, 'new': 48.28}
2025-05-09 11:16:30,121 [trainer.py] => CNN top1 curve: [89.66, 81.07, 77.3, 75.04, 73.29, 70.48, 69.82, 67.45, 67.76, 67.04, 65.94, 65.39, 63.87, 63.46, 63.4, 62.89, 62.29, 61.25, 60.26, 59.83, 59.9, 59.13, 58.29, 57.89, 57.63, 57.2, 57.24, 57.29, 57.29, 56.89, 56.67, 56.22, 55.81, 55.09, 55.43, 55.47, 54.71]
2025-05-09 11:16:30,122 [trainer.py] => CNN top5 curve: [100.0, 97.48, 95.57, 93.76, 91.82, 90.39, 89.74, 87.66, 86.91, 86.08, 85.3, 84.69, 83.55, 82.74, 82.13, 81.71, 81.28, 80.16, 79.34, 79.13, 79.12, 78.71, 77.94, 77.26, 76.82, 76.51, 76.37, 76.1, 76.05, 75.49, 75.14, 74.59, 74.15, 73.44, 73.59, 73.4, 72.67]

Average Accuracy (CNN): 63.13
2025-05-09 11:16:30,123 [trainer.py] => Average Accuracy (CNN): 63.13 

2025-05-09 11:16:30,123 [trainer.py] => All params: 85940737
2025-05-09 11:16:30,125 [trainer.py] => Trainable params: 85940737
2025-05-09 11:16:30,134 [simplecil.py] => Learning on 185-190
Time for task 37: 6.056942939758301
2025-05-09 11:17:21,939 [trainer.py] => No NME accuracy.
2025-05-09 11:17:21,940 [trainer.py] => CNN: {'total': 54.49, '00-04': 56.55, '05-09': 54.07, '10-14': 56.28, '15-19': 51.2, '20-24': 62.68, '25-29': 48.1, '30-34': 56.95, '35-39': 53.04, '40-44': 56.16, '45-49': 54.49, '50-54': 51.57, '55-59': 52.41, '60-64': 47.26, '65-69': 53.95, '70-74': 57.6, '75-79': 63.51, '80-84': 53.08, '85-89': 49.44, '90-94': 43.56, '95-99': 56.58, '100-104': 57.89, '105-109': 47.73, '110-114': 48.57, '115-119': 55.08, '120-124': 55.62, '125-129': 47.75, '130-134': 58.27, '135-139': 60.38, '140-144': 59.31, '145-149': 60.12, '150-154': 59.26, '155-159': 55.49, '160-164': 45.54, '165-169': 38.76, '170-174': 69.47, '175-179': 57.26, '180-184': 47.59, '185-189': 56.44, 'old': 54.44, 'new': 56.44}
2025-05-09 11:17:21,940 [trainer.py] => CNN top1 curve: [89.66, 81.07, 77.3, 75.04, 73.29, 70.48, 69.82, 67.45, 67.76, 67.04, 65.94, 65.39, 63.87, 63.46, 63.4, 62.89, 62.29, 61.25, 60.26, 59.83, 59.9, 59.13, 58.29, 57.89, 57.63, 57.2, 57.24, 57.29, 57.29, 56.89, 56.67, 56.22, 55.81, 55.09, 55.43, 55.47, 54.71, 54.49]
2025-05-09 11:17:21,940 [trainer.py] => CNN top5 curve: [100.0, 97.48, 95.57, 93.76, 91.82, 90.39, 89.74, 87.66, 86.91, 86.08, 85.3, 84.69, 83.55, 82.74, 82.13, 81.71, 81.28, 80.16, 79.34, 79.13, 79.12, 78.71, 77.94, 77.26, 76.82, 76.51, 76.37, 76.1, 76.05, 75.49, 75.14, 74.59, 74.15, 73.44, 73.59, 73.4, 72.67, 72.44]

Average Accuracy (CNN): 62.9
2025-05-09 11:17:21,940 [trainer.py] => Average Accuracy (CNN): 62.9 

2025-05-09 11:17:21,942 [trainer.py] => All params: 85944577
2025-05-09 11:17:21,944 [trainer.py] => Trainable params: 85944577
2025-05-09 11:17:21,958 [simplecil.py] => Learning on 190-195
Time for task 38: 6.565482139587402
2025-05-09 11:18:14,776 [trainer.py] => No NME accuracy.
2025-05-09 11:18:14,777 [trainer.py] => CNN: {'total': 54.26, '00-04': 56.55, '05-09': 54.07, '10-14': 55.87, '15-19': 51.2, '20-24': 62.68, '25-29': 48.1, '30-34': 52.32, '35-39': 53.04, '40-44': 56.16, '45-49': 54.49, '50-54': 51.57, '55-59': 52.41, '60-64': 47.26, '65-69': 53.95, '70-74': 57.6, '75-79': 62.84, '80-84': 53.08, '85-89': 49.44, '90-94': 43.56, '95-99': 56.58, '100-104': 54.61, '105-109': 46.97, '110-114': 48.57, '115-119': 55.08, '120-124': 54.38, '125-129': 47.75, '130-134': 58.27, '135-139': 60.38, '140-144': 58.82, '145-149': 60.12, '150-154': 58.73, '155-159': 55.49, '160-164': 45.54, '165-169': 38.76, '170-174': 69.47, '175-179': 57.26, '180-184': 47.59, '185-189': 56.44, '190-194': 57.79, 'old': 54.16, 'new': 57.79}
2025-05-09 11:18:14,777 [trainer.py] => CNN top1 curve: [89.66, 81.07, 77.3, 75.04, 73.29, 70.48, 69.82, 67.45, 67.76, 67.04, 65.94, 65.39, 63.87, 63.46, 63.4, 62.89, 62.29, 61.25, 60.26, 59.83, 59.9, 59.13, 58.29, 57.89, 57.63, 57.2, 57.24, 57.29, 57.29, 56.89, 56.67, 56.22, 55.81, 55.09, 55.43, 55.47, 54.71, 54.49, 54.26]
2025-05-09 11:18:14,777 [trainer.py] => CNN top5 curve: [100.0, 97.48, 95.57, 93.76, 91.82, 90.39, 89.74, 87.66, 86.91, 86.08, 85.3, 84.69, 83.55, 82.74, 82.13, 81.71, 81.28, 80.16, 79.34, 79.13, 79.12, 78.71, 77.94, 77.26, 76.82, 76.51, 76.37, 76.1, 76.05, 75.49, 75.14, 74.59, 74.15, 73.44, 73.59, 73.4, 72.67, 72.44, 72.19]

Average Accuracy (CNN): 62.68
2025-05-09 11:18:14,777 [trainer.py] => Average Accuracy (CNN): 62.68 

2025-05-09 11:18:14,778 [trainer.py] => All params: 85948417
2025-05-09 11:18:14,778 [trainer.py] => Trainable params: 85948417
2025-05-09 11:18:14,789 [simplecil.py] => Learning on 195-200
Time for task 39: 5.770818471908569
2025-05-09 11:19:07,567 [trainer.py] => No NME accuracy.
2025-05-09 11:19:07,568 [trainer.py] => CNN: {'total': 54.35, '00-04': 56.55, '05-09': 54.07, '10-14': 55.47, '15-19': 50.4, '20-24': 62.68, '25-29': 48.1, '30-34': 52.32, '35-39': 53.04, '40-44': 56.16, '45-49': 54.49, '50-54': 51.57, '55-59': 52.41, '60-64': 47.26, '65-69': 53.95, '70-74': 57.6, '75-79': 62.84, '80-84': 53.08, '85-89': 48.89, '90-94': 43.56, '95-99': 56.58, '100-104': 54.61, '105-109': 46.97, '110-114': 48.57, '115-119': 55.08, '120-124': 53.75, '125-129': 47.75, '130-134': 58.27, '135-139': 60.38, '140-144': 58.33, '145-149': 60.12, '150-154': 58.73, '155-159': 55.49, '160-164': 45.54, '165-169': 35.66, '170-174': 69.47, '175-179': 57.26, '180-184': 47.59, '185-189': 56.44, '190-194': 57.79, '195-199': 66.67, 'old': 54.11, 'new': 66.67}
2025-05-09 11:19:07,568 [trainer.py] => CNN top1 curve: [89.66, 81.07, 77.3, 75.04, 73.29, 70.48, 69.82, 67.45, 67.76, 67.04, 65.94, 65.39, 63.87, 63.46, 63.4, 62.89, 62.29, 61.25, 60.26, 59.83, 59.9, 59.13, 58.29, 57.89, 57.63, 57.2, 57.24, 57.29, 57.29, 56.89, 56.67, 56.22, 55.81, 55.09, 55.43, 55.47, 54.71, 54.49, 54.26, 54.35]
2025-05-09 11:19:07,568 [trainer.py] => CNN top5 curve: [100.0, 97.48, 95.57, 93.76, 91.82, 90.39, 89.74, 87.66, 86.91, 86.08, 85.3, 84.69, 83.55, 82.74, 82.13, 81.71, 81.28, 80.16, 79.34, 79.13, 79.12, 78.71, 77.94, 77.26, 76.82, 76.51, 76.37, 76.1, 76.05, 75.49, 75.14, 74.59, 74.15, 73.44, 73.59, 73.4, 72.67, 72.44, 72.19, 72.22]

Average Accuracy (CNN): 62.47
2025-05-09 11:19:07,568 [trainer.py] => Average Accuracy (CNN): 62.47 

Finished imagenetr_init5_inc5: pretrained_vit_b16_224_in21k  
----------------------------------------------------------------------------------------------------
Accuracy Matrix (CNN):
[[89.66 87.59 80.   ... 56.55 56.55 56.55]
 [ 0.   75.58 71.51 ... 54.07 54.07 54.07]
 [ 0.    0.   79.76 ... 56.28 55.87 55.47]
 ...
 [ 0.    0.    0.   ... 56.44 56.44 56.44]
 [ 0.    0.    0.   ...  0.   57.79 57.79]
 [ 0.    0.    0.   ...  0.    0.   66.67]]
2025-05-09 11:19:07,569 [trainer.py] => Forgetting (CNN): 8.425128205128207
2025-05-09 11:19:18,350 [trainer.py] => config: ./scripts/simplecil/simplecil_inr_B0_Inc10.json
2025-05-09 11:19:18,350 [trainer.py] => prefix:  
2025-05-09 11:19:18,350 [trainer.py] => dataset: imagenetr
2025-05-09 11:19:18,350 [trainer.py] => memory_size: 0
2025-05-09 11:19:18,350 [trainer.py] => memory_per_class: 0
2025-05-09 11:19:18,350 [trainer.py] => fixed_memory: False
2025-05-09 11:19:18,350 [trainer.py] => shuffle: True
2025-05-09 11:19:18,350 [trainer.py] => init_cls: 10
2025-05-09 11:19:18,350 [trainer.py] => increment: 10
2025-05-09 11:19:18,350 [trainer.py] => model_name: simplecil
2025-05-09 11:19:18,350 [trainer.py] => backbone_type: pretrained_vit_b16_224_in21k
2025-05-09 11:19:18,350 [trainer.py] => device: [device(type='cuda', index=0)]
2025-05-09 11:19:18,350 [trainer.py] => seed: 1993
2025-05-09 11:19:18,350 [trainer.py] => tuned_epoch: 0
2025-05-09 11:19:18,350 [trainer.py] => init_lr: 0.01
2025-05-09 11:19:18,350 [trainer.py] => batch_size: 48
2025-05-09 11:19:18,350 [trainer.py] => weight_decay: 0.05
2025-05-09 11:19:18,350 [trainer.py] => min_lr: 1e-08
2025-05-09 11:19:18,350 [trainer.py] => optimizer: sgd
2025-05-09 11:19:18,350 [trainer.py] => vpt_type: shallow
2025-05-09 11:19:18,350 [trainer.py] => prompt_token_num: 3
2025-05-09 11:19:18,648 [data_manager.py] => [168, 136, 51, 9, 183, 101, 171, 99, 42, 159, 191, 70, 16, 188, 27, 10, 175, 26, 68, 187, 98, 6, 85, 35, 112, 43, 100, 0, 103, 181, 88, 59, 4, 2, 116, 174, 94, 80, 106, 1, 147, 17, 141, 131, 72, 23, 173, 54, 197, 118, 87, 32, 79, 104, 91, 19, 135, 107, 178, 36, 11, 199, 142, 8, 122, 3, 28, 57, 153, 172, 190, 56, 49, 44, 97, 62, 151, 169, 194, 55, 192, 12, 189, 78, 66, 180, 15, 137, 109, 134, 92, 119, 126, 52, 170, 40, 148, 65, 144, 64, 138, 45, 77, 89, 154, 90, 71, 193, 74, 30, 113, 143, 96, 84, 67, 50, 186, 156, 69, 21, 18, 111, 108, 58, 125, 157, 150, 110, 182, 129, 166, 83, 81, 60, 13, 165, 14, 176, 63, 117, 5, 22, 145, 121, 38, 41, 82, 127, 114, 20, 31, 53, 37, 163, 196, 130, 152, 162, 86, 76, 24, 34, 184, 149, 33, 128, 198, 155, 146, 167, 139, 120, 140, 102, 47, 25, 158, 123, 46, 164, 61, 7, 115, 75, 133, 160, 105, 132, 179, 124, 48, 73, 93, 39, 95, 195, 29, 177, 185, 161]
This is for the BaseNet initialization.
After BaseNet initialization.
2025-05-09 11:19:23,416 [trainer.py] => All params: 85798656
2025-05-09 11:19:23,416 [trainer.py] => Trainable params: 85798656
2025-05-09 11:19:25,010 [simplecil.py] => Learning on 0-10
Time for task 0: 14.671466827392578
2025-05-09 11:19:41,172 [trainer.py] => No NME accuracy.
2025-05-09 11:19:41,172 [trainer.py] => CNN: {'total': 81.07, '00-09': 81.07, 'old': 0, 'new': 81.07}
2025-05-09 11:19:41,172 [trainer.py] => CNN top1 curve: [81.07]
2025-05-09 11:19:41,172 [trainer.py] => CNN top5 curve: [97.48]

Average Accuracy (CNN): 81.07
2025-05-09 11:19:41,172 [trainer.py] => Average Accuracy (CNN): 81.07 

2025-05-09 11:19:41,173 [trainer.py] => All params: 85806337
2025-05-09 11:19:41,173 [trainer.py] => Trainable params: 85806337
2025-05-09 11:19:41,188 [simplecil.py] => Learning on 10-20
Time for task 1: 13.635347127914429
2025-05-09 11:20:00,308 [trainer.py] => No NME accuracy.
2025-05-09 11:20:00,309 [trainer.py] => CNN: {'total': 75.04, '00-09': 74.13, '10-19': 75.81, 'old': 74.13, 'new': 75.81}
2025-05-09 11:20:00,309 [trainer.py] => CNN top1 curve: [81.07, 75.04]
2025-05-09 11:20:00,309 [trainer.py] => CNN top5 curve: [97.48, 93.76]

Average Accuracy (CNN): 78.06
2025-05-09 11:20:00,309 [trainer.py] => Average Accuracy (CNN): 78.06 

2025-05-09 11:20:00,309 [trainer.py] => All params: 85814017
2025-05-09 11:20:00,310 [trainer.py] => Trainable params: 85814017
2025-05-09 11:20:00,320 [simplecil.py] => Learning on 20-30
Time for task 2: 11.962543725967407
2025-05-09 11:20:20,633 [trainer.py] => No NME accuracy.
2025-05-09 11:20:20,634 [trainer.py] => CNN: {'total': 70.48, '00-09': 70.03, '10-19': 71.77, '20-29': 69.33, 'old': 70.97, 'new': 69.33}
2025-05-09 11:20:20,634 [trainer.py] => CNN top1 curve: [81.07, 75.04, 70.48]
2025-05-09 11:20:20,634 [trainer.py] => CNN top5 curve: [97.48, 93.76, 90.39]

Average Accuracy (CNN): 75.53
2025-05-09 11:20:20,635 [trainer.py] => Average Accuracy (CNN): 75.53 

2025-05-09 11:20:20,637 [trainer.py] => All params: 85821697
2025-05-09 11:20:20,638 [trainer.py] => Trainable params: 85821697
2025-05-09 11:20:20,646 [simplecil.py] => Learning on 30-40
Time for task 3: 12.82862138748169
2025-05-09 11:20:44,381 [trainer.py] => No NME accuracy.
2025-05-09 11:20:44,381 [trainer.py] => CNN: {'total': 67.45, '00-09': 68.14, '10-19': 70.43, '20-29': 67.0, '30-39': 63.86, 'old': 68.66, 'new': 63.86}
2025-05-09 11:20:44,381 [trainer.py] => CNN top1 curve: [81.07, 75.04, 70.48, 67.45]
2025-05-09 11:20:44,381 [trainer.py] => CNN top5 curve: [97.48, 93.76, 90.39, 87.66]

Average Accuracy (CNN): 73.51
2025-05-09 11:20:44,381 [trainer.py] => Average Accuracy (CNN): 73.51 

2025-05-09 11:20:44,382 [trainer.py] => All params: 85829377
2025-05-09 11:20:44,382 [trainer.py] => Trainable params: 85829377
2025-05-09 11:20:44,388 [simplecil.py] => Learning on 40-50
Time for task 4: 9.786680459976196
2025-05-09 11:21:07,372 [trainer.py] => No NME accuracy.
2025-05-09 11:21:07,372 [trainer.py] => CNN: {'total': 67.04, '00-09': 66.56, '10-19': 69.62, '20-29': 65.67, '30-39': 62.65, '40-49': 70.53, 'old': 66.24, 'new': 70.53}
2025-05-09 11:21:07,372 [trainer.py] => CNN top1 curve: [81.07, 75.04, 70.48, 67.45, 67.04]
2025-05-09 11:21:07,372 [trainer.py] => CNN top5 curve: [97.48, 93.76, 90.39, 87.66, 86.08]

Average Accuracy (CNN): 72.22
2025-05-09 11:21:07,373 [trainer.py] => Average Accuracy (CNN): 72.22 

2025-05-09 11:21:07,373 [trainer.py] => All params: 85837057
2025-05-09 11:21:07,374 [trainer.py] => Trainable params: 85837057
2025-05-09 11:21:07,380 [simplecil.py] => Learning on 50-60
Time for task 5: 10.603842973709106
2025-05-09 11:21:33,539 [trainer.py] => No NME accuracy.
2025-05-09 11:21:33,539 [trainer.py] => CNN: {'total': 65.39, '00-09': 65.93, '10-19': 68.01, '20-29': 63.67, '30-39': 62.05, '40-49': 69.54, '50-59': 62.83, 'old': 65.87, 'new': 62.83}
2025-05-09 11:21:33,540 [trainer.py] => CNN top1 curve: [81.07, 75.04, 70.48, 67.45, 67.04, 65.39]
2025-05-09 11:21:33,540 [trainer.py] => CNN top5 curve: [97.48, 93.76, 90.39, 87.66, 86.08, 84.69]

Average Accuracy (CNN): 71.08
2025-05-09 11:21:33,540 [trainer.py] => Average Accuracy (CNN): 71.08 

2025-05-09 11:21:33,540 [trainer.py] => All params: 85844737
2025-05-09 11:21:33,541 [trainer.py] => Trainable params: 85844737
2025-05-09 11:21:33,551 [simplecil.py] => Learning on 60-70
Time for task 6: 10.872027158737183
2025-05-09 11:22:01,924 [trainer.py] => No NME accuracy.
2025-05-09 11:22:01,925 [trainer.py] => CNN: {'total': 63.46, '00-09': 64.67, '10-19': 66.4, '20-29': 62.67, '30-39': 60.54, '40-49': 67.88, '50-59': 62.17, '60-69': 59.4, 'old': 64.09, 'new': 59.4}
2025-05-09 11:22:01,925 [trainer.py] => CNN top1 curve: [81.07, 75.04, 70.48, 67.45, 67.04, 65.39, 63.46]
2025-05-09 11:22:01,925 [trainer.py] => CNN top5 curve: [97.48, 93.76, 90.39, 87.66, 86.08, 84.69, 82.74]

Average Accuracy (CNN): 69.99
2025-05-09 11:22:01,925 [trainer.py] => Average Accuracy (CNN): 69.99 

2025-05-09 11:22:01,926 [trainer.py] => All params: 85852417
2025-05-09 11:22:01,926 [trainer.py] => Trainable params: 85852417
2025-05-09 11:22:01,933 [simplecil.py] => Learning on 70-80
Time for task 7: 9.62159013748169
2025-05-09 11:22:31,174 [trainer.py] => No NME accuracy.
2025-05-09 11:22:31,175 [trainer.py] => CNN: {'total': 62.89, '00-09': 63.09, '10-19': 64.78, '20-29': 62.0, '30-39': 60.54, '40-49': 65.89, '50-59': 60.86, '60-69': 58.72, '70-79': 67.4, 'old': 62.34, 'new': 67.4}
2025-05-09 11:22:31,175 [trainer.py] => CNN top1 curve: [81.07, 75.04, 70.48, 67.45, 67.04, 65.39, 63.46, 62.89]
2025-05-09 11:22:31,175 [trainer.py] => CNN top5 curve: [97.48, 93.76, 90.39, 87.66, 86.08, 84.69, 82.74, 81.71]

Average Accuracy (CNN): 69.1
2025-05-09 11:22:31,175 [trainer.py] => Average Accuracy (CNN): 69.1 

2025-05-09 11:22:31,175 [trainer.py] => All params: 85860097
2025-05-09 11:22:31,176 [trainer.py] => Trainable params: 85860097
2025-05-09 11:22:31,182 [simplecil.py] => Learning on 80-90
Time for task 8: 12.342807531356812
2025-05-09 11:23:06,103 [trainer.py] => No NME accuracy.
2025-05-09 11:23:06,103 [trainer.py] => CNN: {'total': 61.25, '00-09': 61.83, '10-19': 63.98, '20-29': 61.33, '30-39': 60.24, '40-49': 64.9, '50-59': 59.54, '60-69': 57.05, '70-79': 66.67, '80-89': 55.81, 'old': 61.93, 'new': 55.81}
2025-05-09 11:23:06,103 [trainer.py] => CNN top1 curve: [81.07, 75.04, 70.48, 67.45, 67.04, 65.39, 63.46, 62.89, 61.25]
2025-05-09 11:23:06,103 [trainer.py] => CNN top5 curve: [97.48, 93.76, 90.39, 87.66, 86.08, 84.69, 82.74, 81.71, 80.16]

Average Accuracy (CNN): 68.23
2025-05-09 11:23:06,103 [trainer.py] => Average Accuracy (CNN): 68.23 

2025-05-09 11:23:06,104 [trainer.py] => All params: 85867777
2025-05-09 11:23:06,104 [trainer.py] => Trainable params: 85867777
2025-05-09 11:23:06,112 [simplecil.py] => Learning on 90-100
Time for task 9: 6.517160415649414
2025-05-09 11:23:36,540 [trainer.py] => No NME accuracy.
2025-05-09 11:23:36,541 [trainer.py] => CNN: {'total': 59.83, '00-09': 60.88, '10-19': 63.17, '20-29': 61.0, '30-39': 59.64, '40-49': 61.59, '50-59': 58.88, '60-69': 56.71, '70-79': 65.2, '80-89': 54.84, '90-99': 53.67, 'old': 60.22, 'new': 53.67}
2025-05-09 11:23:36,541 [trainer.py] => CNN top1 curve: [81.07, 75.04, 70.48, 67.45, 67.04, 65.39, 63.46, 62.89, 61.25, 59.83]
2025-05-09 11:23:36,541 [trainer.py] => CNN top5 curve: [97.48, 93.76, 90.39, 87.66, 86.08, 84.69, 82.74, 81.71, 80.16, 79.13]

Average Accuracy (CNN): 67.39
2025-05-09 11:23:36,541 [trainer.py] => Average Accuracy (CNN): 67.39 

2025-05-09 11:23:36,542 [trainer.py] => All params: 85875457
2025-05-09 11:23:36,543 [trainer.py] => Trainable params: 85875457
2025-05-09 11:23:36,549 [simplecil.py] => Learning on 100-110
Time for task 10: 10.413470983505249
2025-05-09 11:24:13,015 [trainer.py] => No NME accuracy.
2025-05-09 11:24:13,015 [trainer.py] => CNN: {'total': 59.13, '00-09': 59.31, '10-19': 62.9, '20-29': 60.33, '30-39': 58.73, '40-49': 60.93, '50-59': 57.89, '60-69': 56.38, '70-79': 65.2, '80-89': 53.55, '90-99': 53.67, '100-109': 59.15, 'old': 59.13, 'new': 59.15}
2025-05-09 11:24:13,015 [trainer.py] => CNN top1 curve: [81.07, 75.04, 70.48, 67.45, 67.04, 65.39, 63.46, 62.89, 61.25, 59.83, 59.13]
2025-05-09 11:24:13,015 [trainer.py] => CNN top5 curve: [97.48, 93.76, 90.39, 87.66, 86.08, 84.69, 82.74, 81.71, 80.16, 79.13, 78.71]

Average Accuracy (CNN): 66.64
2025-05-09 11:24:13,015 [trainer.py] => Average Accuracy (CNN): 66.64 

2025-05-09 11:24:13,016 [trainer.py] => All params: 85883137
2025-05-09 11:24:13,016 [trainer.py] => Trainable params: 85883137
2025-05-09 11:24:13,024 [simplecil.py] => Learning on 110-120
Time for task 11: 12.658806800842285
2025-05-09 11:24:54,385 [trainer.py] => No NME accuracy.
2025-05-09 11:24:54,385 [trainer.py] => CNN: {'total': 57.89, '00-09': 58.99, '10-19': 61.02, '20-29': 58.33, '30-39': 58.13, '40-49': 59.93, '50-59': 56.91, '60-69': 54.7, '70-79': 64.84, '80-89': 52.9, '90-99': 53.67, '100-109': 57.04, '110-119': 56.65, 'old': 58.03, 'new': 56.65}
2025-05-09 11:24:54,385 [trainer.py] => CNN top1 curve: [81.07, 75.04, 70.48, 67.45, 67.04, 65.39, 63.46, 62.89, 61.25, 59.83, 59.13, 57.89]
2025-05-09 11:24:54,385 [trainer.py] => CNN top5 curve: [97.48, 93.76, 90.39, 87.66, 86.08, 84.69, 82.74, 81.71, 80.16, 79.13, 78.71, 77.26]

Average Accuracy (CNN): 65.91
2025-05-09 11:24:54,385 [trainer.py] => Average Accuracy (CNN): 65.91 

2025-05-09 11:24:54,386 [trainer.py] => All params: 85890817
2025-05-09 11:24:54,387 [trainer.py] => Trainable params: 85890817
2025-05-09 11:24:54,393 [simplecil.py] => Learning on 120-130
Time for task 12: 8.47302508354187
2025-05-09 11:25:33,939 [trainer.py] => No NME accuracy.
2025-05-09 11:25:33,939 [trainer.py] => CNN: {'total': 57.2, '00-09': 58.68, '10-19': 59.14, '20-29': 58.0, '30-39': 57.53, '40-49': 59.27, '50-59': 56.91, '60-69': 54.7, '70-79': 63.37, '80-89': 52.58, '90-99': 52.54, '100-109': 56.34, '110-119': 56.12, '120-129': 56.83, 'old': 57.23, 'new': 56.83}
2025-05-09 11:25:33,940 [trainer.py] => CNN top1 curve: [81.07, 75.04, 70.48, 67.45, 67.04, 65.39, 63.46, 62.89, 61.25, 59.83, 59.13, 57.89, 57.2]
2025-05-09 11:25:33,940 [trainer.py] => CNN top5 curve: [97.48, 93.76, 90.39, 87.66, 86.08, 84.69, 82.74, 81.71, 80.16, 79.13, 78.71, 77.26, 76.51]

Average Accuracy (CNN): 65.24
2025-05-09 11:25:33,940 [trainer.py] => Average Accuracy (CNN): 65.24 

2025-05-09 11:25:33,942 [trainer.py] => All params: 85898497
2025-05-09 11:25:33,943 [trainer.py] => Trainable params: 85898497
2025-05-09 11:25:33,956 [simplecil.py] => Learning on 130-140
Time for task 13: 10.411168813705444
2025-05-09 11:26:17,965 [trainer.py] => No NME accuracy.
2025-05-09 11:26:17,965 [trainer.py] => CNN: {'total': 57.29, '00-09': 58.68, '10-19': 58.6, '20-29': 58.0, '30-39': 57.53, '40-49': 59.27, '50-59': 55.92, '60-69': 54.7, '70-79': 63.0, '80-89': 52.26, '90-99': 52.54, '100-109': 56.34, '110-119': 56.12, '120-129': 56.09, '130-139': 61.41, 'old': 56.97, 'new': 61.41}
2025-05-09 11:26:17,965 [trainer.py] => CNN top1 curve: [81.07, 75.04, 70.48, 67.45, 67.04, 65.39, 63.46, 62.89, 61.25, 59.83, 59.13, 57.89, 57.2, 57.29]
2025-05-09 11:26:17,965 [trainer.py] => CNN top5 curve: [97.48, 93.76, 90.39, 87.66, 86.08, 84.69, 82.74, 81.71, 80.16, 79.13, 78.71, 77.26, 76.51, 76.1]

Average Accuracy (CNN): 64.67
2025-05-09 11:26:17,965 [trainer.py] => Average Accuracy (CNN): 64.67 

2025-05-09 11:26:17,966 [trainer.py] => All params: 85906177
2025-05-09 11:26:17,967 [trainer.py] => Trainable params: 85906177
2025-05-09 11:26:17,974 [simplecil.py] => Learning on 140-150
Time for task 14: 12.410575866699219
2025-05-09 11:27:06,468 [trainer.py] => No NME accuracy.
2025-05-09 11:27:06,469 [trainer.py] => CNN: {'total': 56.89, '00-09': 57.41, '10-19': 58.06, '20-29': 57.67, '30-39': 56.63, '40-49': 58.61, '50-59': 55.59, '60-69': 53.36, '70-79': 63.0, '80-89': 51.94, '90-99': 52.54, '100-109': 54.58, '110-119': 55.05, '120-129': 55.72, '130-139': 60.4, '140-149': 60.76, 'old': 56.55, 'new': 60.76}
2025-05-09 11:27:06,469 [trainer.py] => CNN top1 curve: [81.07, 75.04, 70.48, 67.45, 67.04, 65.39, 63.46, 62.89, 61.25, 59.83, 59.13, 57.89, 57.2, 57.29, 56.89]
2025-05-09 11:27:06,469 [trainer.py] => CNN top5 curve: [97.48, 93.76, 90.39, 87.66, 86.08, 84.69, 82.74, 81.71, 80.16, 79.13, 78.71, 77.26, 76.51, 76.1, 75.49]

Average Accuracy (CNN): 64.15
2025-05-09 11:27:06,469 [trainer.py] => Average Accuracy (CNN): 64.15 

2025-05-09 11:27:06,471 [trainer.py] => All params: 85913857
2025-05-09 11:27:06,473 [trainer.py] => Trainable params: 85913857
2025-05-09 11:27:06,480 [simplecil.py] => Learning on 150-160
Time for task 15: 12.696231842041016
2025-05-09 11:27:58,222 [trainer.py] => No NME accuracy.
2025-05-09 11:27:58,223 [trainer.py] => CNN: {'total': 56.22, '00-09': 56.47, '10-19': 56.18, '20-29': 57.33, '30-39': 55.42, '40-49': 58.28, '50-59': 54.61, '60-69': 52.01, '70-79': 62.64, '80-89': 51.94, '90-99': 52.54, '100-109': 54.58, '110-119': 53.99, '120-129': 53.51, '130-139': 59.4, '140-149': 60.49, '150-159': 58.29, 'old': 56.06, 'new': 58.29}
2025-05-09 11:27:58,223 [trainer.py] => CNN top1 curve: [81.07, 75.04, 70.48, 67.45, 67.04, 65.39, 63.46, 62.89, 61.25, 59.83, 59.13, 57.89, 57.2, 57.29, 56.89, 56.22]
2025-05-09 11:27:58,223 [trainer.py] => CNN top5 curve: [97.48, 93.76, 90.39, 87.66, 86.08, 84.69, 82.74, 81.71, 80.16, 79.13, 78.71, 77.26, 76.51, 76.1, 75.49, 74.59]

Average Accuracy (CNN): 63.66
2025-05-09 11:27:58,223 [trainer.py] => Average Accuracy (CNN): 63.66 

2025-05-09 11:27:58,223 [trainer.py] => All params: 85921537
2025-05-09 11:27:58,224 [trainer.py] => Trainable params: 85921537
2025-05-09 11:27:58,231 [simplecil.py] => Learning on 160-170
Time for task 16: 9.6318199634552
2025-05-09 11:28:48,880 [trainer.py] => No NME accuracy.
2025-05-09 11:28:48,881 [trainer.py] => CNN: {'total': 55.09, '00-09': 55.52, '10-19': 54.84, '20-29': 56.67, '30-39': 55.12, '40-49': 56.29, '50-59': 54.61, '60-69': 51.68, '70-79': 62.27, '80-89': 51.29, '90-99': 51.98, '100-109': 53.52, '110-119': 53.99, '120-129': 53.51, '130-139': 59.4, '140-149': 59.95, '150-159': 57.73, '160-169': 43.48, 'old': 55.63, 'new': 43.48}
2025-05-09 11:28:48,881 [trainer.py] => CNN top1 curve: [81.07, 75.04, 70.48, 67.45, 67.04, 65.39, 63.46, 62.89, 61.25, 59.83, 59.13, 57.89, 57.2, 57.29, 56.89, 56.22, 55.09]
2025-05-09 11:28:48,881 [trainer.py] => CNN top5 curve: [97.48, 93.76, 90.39, 87.66, 86.08, 84.69, 82.74, 81.71, 80.16, 79.13, 78.71, 77.26, 76.51, 76.1, 75.49, 74.59, 73.44]

Average Accuracy (CNN): 63.15
2025-05-09 11:28:48,881 [trainer.py] => Average Accuracy (CNN): 63.15 

2025-05-09 11:28:48,883 [trainer.py] => All params: 85929217
2025-05-09 11:28:48,885 [trainer.py] => Trainable params: 85929217
2025-05-09 11:28:48,895 [simplecil.py] => Learning on 170-180
Time for task 17: 8.534379959106445
2025-05-09 11:29:40,198 [trainer.py] => No NME accuracy.
2025-05-09 11:29:40,199 [trainer.py] => CNN: {'total': 55.47, '00-09': 55.21, '10-19': 54.84, '20-29': 56.67, '30-39': 54.82, '40-49': 55.96, '50-59': 54.61, '60-69': 51.68, '70-79': 61.17, '80-89': 51.29, '90-99': 51.41, '100-109': 53.52, '110-119': 53.99, '120-129': 53.51, '130-139': 59.4, '140-149': 59.95, '150-159': 57.73, '160-169': 43.04, '170-179': 66.53, 'old': 54.94, 'new': 66.53}
2025-05-09 11:29:40,199 [trainer.py] => CNN top1 curve: [81.07, 75.04, 70.48, 67.45, 67.04, 65.39, 63.46, 62.89, 61.25, 59.83, 59.13, 57.89, 57.2, 57.29, 56.89, 56.22, 55.09, 55.47]
2025-05-09 11:29:40,199 [trainer.py] => CNN top5 curve: [97.48, 93.76, 90.39, 87.66, 86.08, 84.69, 82.74, 81.71, 80.16, 79.13, 78.71, 77.26, 76.51, 76.1, 75.49, 74.59, 73.44, 73.4]

Average Accuracy (CNN): 62.73
2025-05-09 11:29:40,199 [trainer.py] => Average Accuracy (CNN): 62.73 

2025-05-09 11:29:40,199 [trainer.py] => All params: 85936897
2025-05-09 11:29:40,200 [trainer.py] => Trainable params: 85936897
2025-05-09 11:29:40,209 [simplecil.py] => Learning on 180-190
Time for task 18: 9.830953598022461
2025-05-09 11:30:36,153 [trainer.py] => No NME accuracy.
2025-05-09 11:30:36,154 [trainer.py] => CNN: {'total': 54.49, '00-09': 55.21, '10-19': 54.57, '20-29': 55.0, '30-39': 54.82, '40-49': 55.3, '50-59': 51.97, '60-69': 50.67, '70-79': 60.81, '80-89': 50.97, '90-99': 49.15, '100-109': 53.17, '110-119': 52.66, '120-129': 52.4, '130-139': 59.4, '140-149': 59.67, '150-159': 57.46, '160-169': 41.74, '170-179': 63.71, '180-189': 52.27, 'old': 54.62, 'new': 52.27}
2025-05-09 11:30:36,154 [trainer.py] => CNN top1 curve: [81.07, 75.04, 70.48, 67.45, 67.04, 65.39, 63.46, 62.89, 61.25, 59.83, 59.13, 57.89, 57.2, 57.29, 56.89, 56.22, 55.09, 55.47, 54.49]
2025-05-09 11:30:36,154 [trainer.py] => CNN top5 curve: [97.48, 93.76, 90.39, 87.66, 86.08, 84.69, 82.74, 81.71, 80.16, 79.13, 78.71, 77.26, 76.51, 76.1, 75.49, 74.59, 73.44, 73.4, 72.44]

Average Accuracy (CNN): 62.29
2025-05-09 11:30:36,154 [trainer.py] => Average Accuracy (CNN): 62.29 

2025-05-09 11:30:36,154 [trainer.py] => All params: 85944577
2025-05-09 11:30:36,155 [trainer.py] => Trainable params: 85944577
2025-05-09 11:30:36,162 [simplecil.py] => Learning on 190-200
Time for task 19: 9.730048894882202
2025-05-09 11:31:32,819 [trainer.py] => No NME accuracy.
2025-05-09 11:31:32,819 [trainer.py] => CNN: {'total': 54.35, '00-09': 55.21, '10-19': 53.76, '20-29': 55.0, '30-39': 52.71, '40-49': 55.3, '50-59': 51.97, '60-69': 50.67, '70-79': 60.44, '80-89': 50.65, '90-99': 49.15, '100-109': 51.06, '110-119': 52.66, '120-129': 51.29, '130-139': 59.4, '140-149': 59.13, '150-159': 57.18, '160-169': 40.0, '170-179': 63.71, '180-189': 52.27, '190-199': 61.62, 'old': 54.01, 'new': 61.62}
2025-05-09 11:31:32,819 [trainer.py] => CNN top1 curve: [81.07, 75.04, 70.48, 67.45, 67.04, 65.39, 63.46, 62.89, 61.25, 59.83, 59.13, 57.89, 57.2, 57.29, 56.89, 56.22, 55.09, 55.47, 54.49, 54.35]
2025-05-09 11:31:32,819 [trainer.py] => CNN top5 curve: [97.48, 93.76, 90.39, 87.66, 86.08, 84.69, 82.74, 81.71, 80.16, 79.13, 78.71, 77.26, 76.51, 76.1, 75.49, 74.59, 73.44, 73.4, 72.44, 72.22]

Average Accuracy (CNN): 61.9
2025-05-09 11:31:32,819 [trainer.py] => Average Accuracy (CNN): 61.9 

Finished imagenetr_init10_inc10: pretrained_vit_b16_224_in21k  
----------------------------------------------------------------------------------------------------
Accuracy Matrix (CNN):
[[81.07 74.13 70.03 68.14 66.56 65.93 64.67 63.09 61.83 60.88 59.31 58.99
  58.68 58.68 57.41 56.47 55.52 55.21 55.21 55.21]
 [ 0.   75.81 71.77 70.43 69.62 68.01 66.4  64.78 63.98 63.17 62.9  61.02
  59.14 58.6  58.06 56.18 54.84 54.84 54.57 53.76]
 [ 0.    0.   69.33 67.   65.67 63.67 62.67 62.   61.33 61.   60.33 58.33
  58.   58.   57.67 57.33 56.67 56.67 55.   55.  ]
 [ 0.    0.    0.   63.86 62.65 62.05 60.54 60.54 60.24 59.64 58.73 58.13
  57.53 57.53 56.63 55.42 55.12 54.82 54.82 52.71]
 [ 0.    0.    0.    0.   70.53 69.54 67.88 65.89 64.9  61.59 60.93 59.93
  59.27 59.27 58.61 58.28 56.29 55.96 55.3  55.3 ]
 [ 0.    0.    0.    0.    0.   62.83 62.17 60.86 59.54 58.88 57.89 56.91
  56.91 55.92 55.59 54.61 54.61 54.61 51.97 51.97]
 [ 0.    0.    0.    0.    0.    0.   59.4  58.72 57.05 56.71 56.38 54.7
  54.7  54.7  53.36 52.01 51.68 51.68 50.67 50.67]
 [ 0.    0.    0.    0.    0.    0.    0.   67.4  66.67 65.2  65.2  64.84
  63.37 63.   63.   62.64 62.27 61.17 60.81 60.44]
 [ 0.    0.    0.    0.    0.    0.    0.    0.   55.81 54.84 53.55 52.9
  52.58 52.26 51.94 51.94 51.29 51.29 50.97 50.65]
 [ 0.    0.    0.    0.    0.    0.    0.    0.    0.   53.67 53.67 53.67
  52.54 52.54 52.54 52.54 51.98 51.41 49.15 49.15]
 [ 0.    0.    0.    0.    0.    0.    0.    0.    0.    0.   59.15 57.04
  56.34 56.34 54.58 54.58 53.52 53.52 53.17 51.06]
 [ 0.    0.    0.    0.    0.    0.    0.    0.    0.    0.    0.   56.65
  56.12 56.12 55.05 53.99 53.99 53.99 52.66 52.66]
 [ 0.    0.    0.    0.    0.    0.    0.    0.    0.    0.    0.    0.
  56.83 56.09 55.72 53.51 53.51 53.51 52.4  51.29]
 [ 0.    0.    0.    0.    0.    0.    0.    0.    0.    0.    0.    0.
   0.   61.41 60.4  59.4  59.4  59.4  59.4  59.4 ]
 [ 0.    0.    0.    0.    0.    0.    0.    0.    0.    0.    0.    0.
   0.    0.   60.76 60.49 59.95 59.95 59.67 59.13]
 [ 0.    0.    0.    0.    0.    0.    0.    0.    0.    0.    0.    0.
   0.    0.    0.   58.29 57.73 57.73 57.46 57.18]
 [ 0.    0.    0.    0.    0.    0.    0.    0.    0.    0.    0.    0.
   0.    0.    0.    0.   43.48 43.04 41.74 40.  ]
 [ 0.    0.    0.    0.    0.    0.    0.    0.    0.    0.    0.    0.
   0.    0.    0.    0.    0.   66.53 63.71 63.71]
 [ 0.    0.    0.    0.    0.    0.    0.    0.    0.    0.    0.    0.
   0.    0.    0.    0.    0.    0.   52.27 52.27]
 [ 0.    0.    0.    0.    0.    0.    0.    0.    0.    0.    0.    0.
   0.    0.    0.    0.    0.    0.    0.   61.62]]
2025-05-09 11:31:32,821 [trainer.py] => Forgetting (CNN): 8.079999999999998
2025-05-09 11:31:53,052 [trainer.py] => config: ./scripts/simplecil/simplecil_inr_B0_Inc20.json
2025-05-09 11:31:53,052 [trainer.py] => prefix:  
2025-05-09 11:31:53,053 [trainer.py] => dataset: imagenetr
2025-05-09 11:31:53,053 [trainer.py] => memory_size: 0
2025-05-09 11:31:53,053 [trainer.py] => memory_per_class: 0
2025-05-09 11:31:53,053 [trainer.py] => fixed_memory: False
2025-05-09 11:31:53,053 [trainer.py] => shuffle: True
2025-05-09 11:31:53,053 [trainer.py] => init_cls: 20
2025-05-09 11:31:53,053 [trainer.py] => increment: 20
2025-05-09 11:31:53,053 [trainer.py] => model_name: simplecil
2025-05-09 11:31:53,053 [trainer.py] => backbone_type: pretrained_vit_b16_224_in21k
2025-05-09 11:31:53,053 [trainer.py] => device: [device(type='cuda', index=0)]
2025-05-09 11:31:53,053 [trainer.py] => seed: 1993
2025-05-09 11:31:53,053 [trainer.py] => tuned_epoch: 0
2025-05-09 11:31:53,054 [trainer.py] => init_lr: 0.01
2025-05-09 11:31:53,054 [trainer.py] => batch_size: 48
2025-05-09 11:31:53,054 [trainer.py] => weight_decay: 0.05
2025-05-09 11:31:53,054 [trainer.py] => min_lr: 1e-08
2025-05-09 11:31:53,054 [trainer.py] => optimizer: sgd
2025-05-09 11:31:53,054 [trainer.py] => vpt_type: shallow
2025-05-09 11:31:53,054 [trainer.py] => prompt_token_num: 3
2025-05-09 11:31:53,452 [data_manager.py] => [168, 136, 51, 9, 183, 101, 171, 99, 42, 159, 191, 70, 16, 188, 27, 10, 175, 26, 68, 187, 98, 6, 85, 35, 112, 43, 100, 0, 103, 181, 88, 59, 4, 2, 116, 174, 94, 80, 106, 1, 147, 17, 141, 131, 72, 23, 173, 54, 197, 118, 87, 32, 79, 104, 91, 19, 135, 107, 178, 36, 11, 199, 142, 8, 122, 3, 28, 57, 153, 172, 190, 56, 49, 44, 97, 62, 151, 169, 194, 55, 192, 12, 189, 78, 66, 180, 15, 137, 109, 134, 92, 119, 126, 52, 170, 40, 148, 65, 144, 64, 138, 45, 77, 89, 154, 90, 71, 193, 74, 30, 113, 143, 96, 84, 67, 50, 186, 156, 69, 21, 18, 111, 108, 58, 125, 157, 150, 110, 182, 129, 166, 83, 81, 60, 13, 165, 14, 176, 63, 117, 5, 22, 145, 121, 38, 41, 82, 127, 114, 20, 31, 53, 37, 163, 196, 130, 152, 162, 86, 76, 24, 34, 184, 149, 33, 128, 198, 155, 146, 167, 139, 120, 140, 102, 47, 25, 158, 123, 46, 164, 61, 7, 115, 75, 133, 160, 105, 132, 179, 124, 48, 73, 93, 39, 95, 195, 29, 177, 185, 161]
This is for the BaseNet initialization.
After BaseNet initialization.
2025-05-09 11:32:01,786 [trainer.py] => All params: 85798656
2025-05-09 11:32:01,788 [trainer.py] => Trainable params: 85798656
2025-05-09 11:32:02,244 [simplecil.py] => Learning on 0-20
Time for task 0: 26.381943225860596
2025-05-09 11:32:34,912 [trainer.py] => No NME accuracy.
2025-05-09 11:32:34,912 [trainer.py] => CNN: {'total': 75.04, '00-19': 75.04, 'old': 0, 'new': 75.04}
2025-05-09 11:32:34,912 [trainer.py] => CNN top1 curve: [75.04]
2025-05-09 11:32:34,912 [trainer.py] => CNN top5 curve: [93.76]

Average Accuracy (CNN): 75.04
2025-05-09 11:32:34,912 [trainer.py] => Average Accuracy (CNN): 75.04 

2025-05-09 11:32:34,913 [trainer.py] => All params: 85814017
2025-05-09 11:32:34,914 [trainer.py] => Trainable params: 85814017
2025-05-09 11:32:34,918 [simplecil.py] => Learning on 20-40
Time for task 1: 21.54388689994812
2025-05-09 11:33:07,372 [trainer.py] => No NME accuracy.
2025-05-09 11:33:07,372 [trainer.py] => CNN: {'total': 67.45, '00-19': 69.38, '20-39': 65.35, 'old': 69.38, 'new': 65.35}
2025-05-09 11:33:07,372 [trainer.py] => CNN top1 curve: [75.04, 67.45]
2025-05-09 11:33:07,372 [trainer.py] => CNN top5 curve: [93.76, 87.66]

Average Accuracy (CNN): 71.24
2025-05-09 11:33:07,372 [trainer.py] => Average Accuracy (CNN): 71.24 

2025-05-09 11:33:07,373 [trainer.py] => All params: 85829377
2025-05-09 11:33:07,374 [trainer.py] => Trainable params: 85829377
2025-05-09 11:33:07,380 [simplecil.py] => Learning on 40-60
Time for task 2: 20.02669882774353
2025-05-09 11:33:42,658 [trainer.py] => No NME accuracy.
2025-05-09 11:33:42,659 [trainer.py] => CNN: {'total': 65.39, '00-19': 67.05, '20-39': 62.82, '40-59': 66.17, 'old': 65.03, 'new': 66.17}
2025-05-09 11:33:42,659 [trainer.py] => CNN top1 curve: [75.04, 67.45, 65.39]
2025-05-09 11:33:42,659 [trainer.py] => CNN top5 curve: [93.76, 87.66, 84.69]

Average Accuracy (CNN): 69.29
2025-05-09 11:33:42,659 [trainer.py] => Average Accuracy (CNN): 69.29 

2025-05-09 11:33:42,659 [trainer.py] => All params: 85844737
2025-05-09 11:33:42,660 [trainer.py] => Trainable params: 85844737
2025-05-09 11:33:42,668 [simplecil.py] => Learning on 60-80
Time for task 3: 19.174939393997192
2025-05-09 11:34:22,378 [trainer.py] => No NME accuracy.
2025-05-09 11:34:22,378 [trainer.py] => CNN: {'total': 62.89, '00-19': 64.01, '20-39': 61.23, '40-59': 63.37, '60-79': 62.87, 'old': 62.9, 'new': 62.87}
2025-05-09 11:34:22,379 [trainer.py] => CNN top1 curve: [75.04, 67.45, 65.39, 62.89]
2025-05-09 11:34:22,379 [trainer.py] => CNN top5 curve: [93.76, 87.66, 84.69, 81.71]

Average Accuracy (CNN): 67.69
2025-05-09 11:34:22,379 [trainer.py] => Average Accuracy (CNN): 67.69 

2025-05-09 11:34:22,381 [trainer.py] => All params: 85860097
2025-05-09 11:34:22,383 [trainer.py] => Trainable params: 85860097
2025-05-09 11:34:22,395 [simplecil.py] => Learning on 80-100
Time for task 4: 19.918015956878662
2025-05-09 11:35:05,773 [trainer.py] => No NME accuracy.
2025-05-09 11:35:05,773 [trainer.py] => CNN: {'total': 59.83, '00-19': 62.12, '20-39': 60.28, '40-59': 60.23, '60-79': 60.77, '80-99': 54.41, 'old': 60.89, 'new': 54.41}
2025-05-09 11:35:05,773 [trainer.py] => CNN top1 curve: [75.04, 67.45, 65.39, 62.89, 59.83]
2025-05-09 11:35:05,774 [trainer.py] => CNN top5 curve: [93.76, 87.66, 84.69, 81.71, 79.13]

Average Accuracy (CNN): 66.12
2025-05-09 11:35:05,774 [trainer.py] => Average Accuracy (CNN): 66.12 

2025-05-09 11:35:05,774 [trainer.py] => All params: 85875457
2025-05-09 11:35:05,775 [trainer.py] => Trainable params: 85875457
2025-05-09 11:35:05,779 [simplecil.py] => Learning on 100-120
Time for task 5: 23.34201741218567
2025-05-09 11:35:57,269 [trainer.py] => No NME accuracy.
2025-05-09 11:35:57,269 [trainer.py] => CNN: {'total': 57.89, '00-19': 60.09, '20-39': 58.23, '40-59': 58.42, '60-79': 59.54, '80-99': 53.18, '100-119': 56.82, 'old': 58.12, 'new': 56.82}
2025-05-09 11:35:57,269 [trainer.py] => CNN top1 curve: [75.04, 67.45, 65.39, 62.89, 59.83, 57.89]
2025-05-09 11:35:57,269 [trainer.py] => CNN top5 curve: [93.76, 87.66, 84.69, 81.71, 79.13, 77.26]

Average Accuracy (CNN): 64.75
2025-05-09 11:35:57,269 [trainer.py] => Average Accuracy (CNN): 64.75 

2025-05-09 11:35:57,270 [trainer.py] => All params: 85890817
2025-05-09 11:35:57,270 [trainer.py] => Trainable params: 85890817
2025-05-09 11:35:57,277 [simplecil.py] => Learning on 120-140
Time for task 6: 19.302403450012207
2025-05-09 11:36:50,216 [trainer.py] => No NME accuracy.
2025-05-09 11:36:50,216 [trainer.py] => CNN: {'total': 57.29, '00-19': 58.64, '20-39': 57.75, '40-59': 57.59, '60-79': 58.67, '80-99': 52.36, '100-119': 56.21, '120-139': 58.88, 'old': 57.04, 'new': 58.88}
2025-05-09 11:36:50,216 [trainer.py] => CNN top1 curve: [75.04, 67.45, 65.39, 62.89, 59.83, 57.89, 57.29]
2025-05-09 11:36:50,216 [trainer.py] => CNN top5 curve: [93.76, 87.66, 84.69, 81.71, 79.13, 77.26, 76.1]

Average Accuracy (CNN): 63.68
2025-05-09 11:36:50,216 [trainer.py] => Average Accuracy (CNN): 63.68 

2025-05-09 11:36:50,217 [trainer.py] => All params: 85906177
2025-05-09 11:36:50,217 [trainer.py] => Trainable params: 85906177
2025-05-09 11:36:50,224 [simplecil.py] => Learning on 140-160
Time for task 7: 24.5759117603302
2025-05-09 11:37:53,984 [trainer.py] => No NME accuracy.
2025-05-09 11:37:53,985 [trainer.py] => CNN: {'total': 56.22, '00-19': 56.31, '20-39': 56.33, '40-59': 56.44, '60-79': 57.09, '80-99': 52.16, '100-119': 54.24, '120-139': 56.59, '140-159': 59.4, 'old': 55.67, 'new': 59.4}
2025-05-09 11:37:53,985 [trainer.py] => CNN top1 curve: [75.04, 67.45, 65.39, 62.89, 59.83, 57.89, 57.29, 56.22]
2025-05-09 11:37:53,985 [trainer.py] => CNN top5 curve: [93.76, 87.66, 84.69, 81.71, 79.13, 77.26, 76.1, 74.59]

Average Accuracy (CNN): 62.75
2025-05-09 11:37:53,985 [trainer.py] => Average Accuracy (CNN): 62.75 

2025-05-09 11:37:53,987 [trainer.py] => All params: 85921537
2025-05-09 11:37:53,989 [trainer.py] => Trainable params: 85921537
2025-05-09 11:37:53,999 [simplecil.py] => Learning on 160-180
Time for task 8: 17.54772114753723
2025-05-09 11:38:54,571 [trainer.py] => No NME accuracy.
2025-05-09 11:38:54,571 [trainer.py] => CNN: {'total': 55.47, '00-19': 55.01, '20-39': 55.7, '40-59': 55.28, '60-79': 56.22, '80-99': 51.33, '100-119': 53.79, '120-139': 56.59, '140-159': 58.85, '160-179': 55.23, 'old': 55.49, 'new': 55.23}
2025-05-09 11:38:54,571 [trainer.py] => CNN top1 curve: [75.04, 67.45, 65.39, 62.89, 59.83, 57.89, 57.29, 56.22, 55.47]
2025-05-09 11:38:54,571 [trainer.py] => CNN top5 curve: [93.76, 87.66, 84.69, 81.71, 79.13, 77.26, 76.1, 74.59, 73.4]

Average Accuracy (CNN): 61.94
2025-05-09 11:38:54,571 [trainer.py] => Average Accuracy (CNN): 61.94 

2025-05-09 11:38:54,572 [trainer.py] => All params: 85936897
2025-05-09 11:38:54,572 [trainer.py] => Trainable params: 85936897
2025-05-09 11:38:54,583 [simplecil.py] => Learning on 180-200
Time for task 9: 19.795483350753784
2025-05-09 11:40:01,974 [trainer.py] => No NME accuracy.
2025-05-09 11:40:01,975 [trainer.py] => CNN: {'total': 54.35, '00-19': 54.43, '20-39': 53.8, '40-59': 53.63, '60-79': 55.34, '80-99': 50.1, '100-119': 51.97, '120-139': 55.54, '140-159': 58.16, '160-179': 52.3, '180-199': 56.65, 'old': 54.1, 'new': 56.65}
2025-05-09 11:40:01,975 [trainer.py] => CNN top1 curve: [75.04, 67.45, 65.39, 62.89, 59.83, 57.89, 57.29, 56.22, 55.47, 54.35]
2025-05-09 11:40:01,976 [trainer.py] => CNN top5 curve: [93.76, 87.66, 84.69, 81.71, 79.13, 77.26, 76.1, 74.59, 73.4, 72.22]

Average Accuracy (CNN): 61.18
2025-05-09 11:40:01,976 [trainer.py] => Average Accuracy (CNN): 61.18 

Finished imagenetr_init20_inc20: pretrained_vit_b16_224_in21k  
----------------------------------------------------------------------------------------------------
Accuracy Matrix (CNN):
[[75.04 69.38 67.05 64.01 62.12 60.09 58.64 56.31 55.01 54.43]
 [ 0.   65.35 62.82 61.23 60.28 58.23 57.75 56.33 55.7  53.8 ]
 [ 0.    0.   66.17 63.37 60.23 58.42 57.59 56.44 55.28 53.63]
 [ 0.    0.    0.   62.87 60.77 59.54 58.67 57.09 56.22 55.34]
 [ 0.    0.    0.    0.   54.41 53.18 52.36 52.16 51.33 50.1 ]
 [ 0.    0.    0.    0.    0.   56.82 56.21 54.24 53.79 51.97]
 [ 0.    0.    0.    0.    0.    0.   58.88 56.59 56.59 55.54]
 [ 0.    0.    0.    0.    0.    0.    0.   59.4  58.85 58.16]
 [ 0.    0.    0.    0.    0.    0.    0.    0.   55.23 52.3 ]
 [ 0.    0.    0.    0.    0.    0.    0.    0.    0.   56.65]]
2025-05-09 11:40:01,979 [trainer.py] => Forgetting (CNN): 7.655555555555556
2025-05-09 11:40:08,124 [trainer.py] => config: ./scripts/simplecil/simplecil_inr_B0_Inc40.json
2025-05-09 11:40:08,124 [trainer.py] => prefix:  
2025-05-09 11:40:08,124 [trainer.py] => dataset: imagenetr
2025-05-09 11:40:08,124 [trainer.py] => memory_size: 0
2025-05-09 11:40:08,124 [trainer.py] => memory_per_class: 0
2025-05-09 11:40:08,124 [trainer.py] => fixed_memory: False
2025-05-09 11:40:08,124 [trainer.py] => shuffle: True
2025-05-09 11:40:08,124 [trainer.py] => init_cls: 40
2025-05-09 11:40:08,124 [trainer.py] => increment: 40
2025-05-09 11:40:08,124 [trainer.py] => model_name: simplecil
2025-05-09 11:40:08,125 [trainer.py] => backbone_type: pretrained_vit_b16_224_in21k
2025-05-09 11:40:08,125 [trainer.py] => device: [device(type='cuda', index=0)]
2025-05-09 11:40:08,125 [trainer.py] => seed: 1993
2025-05-09 11:40:08,125 [trainer.py] => tuned_epoch: 0
2025-05-09 11:40:08,125 [trainer.py] => init_lr: 0.01
2025-05-09 11:40:08,125 [trainer.py] => batch_size: 48
2025-05-09 11:40:08,125 [trainer.py] => weight_decay: 0.05
2025-05-09 11:40:08,125 [trainer.py] => min_lr: 1e-08
2025-05-09 11:40:08,125 [trainer.py] => optimizer: sgd
2025-05-09 11:40:08,125 [trainer.py] => vpt_type: shallow
2025-05-09 11:40:08,125 [trainer.py] => prompt_token_num: 3
2025-05-09 11:40:08,472 [data_manager.py] => [168, 136, 51, 9, 183, 101, 171, 99, 42, 159, 191, 70, 16, 188, 27, 10, 175, 26, 68, 187, 98, 6, 85, 35, 112, 43, 100, 0, 103, 181, 88, 59, 4, 2, 116, 174, 94, 80, 106, 1, 147, 17, 141, 131, 72, 23, 173, 54, 197, 118, 87, 32, 79, 104, 91, 19, 135, 107, 178, 36, 11, 199, 142, 8, 122, 3, 28, 57, 153, 172, 190, 56, 49, 44, 97, 62, 151, 169, 194, 55, 192, 12, 189, 78, 66, 180, 15, 137, 109, 134, 92, 119, 126, 52, 170, 40, 148, 65, 144, 64, 138, 45, 77, 89, 154, 90, 71, 193, 74, 30, 113, 143, 96, 84, 67, 50, 186, 156, 69, 21, 18, 111, 108, 58, 125, 157, 150, 110, 182, 129, 166, 83, 81, 60, 13, 165, 14, 176, 63, 117, 5, 22, 145, 121, 38, 41, 82, 127, 114, 20, 31, 53, 37, 163, 196, 130, 152, 162, 86, 76, 24, 34, 184, 149, 33, 128, 198, 155, 146, 167, 139, 120, 140, 102, 47, 25, 158, 123, 46, 164, 61, 7, 115, 75, 133, 160, 105, 132, 179, 124, 48, 73, 93, 39, 95, 195, 29, 177, 185, 161]
This is for the BaseNet initialization.
After BaseNet initialization.
2025-05-09 11:40:14,203 [trainer.py] => All params: 85798656
2025-05-09 11:40:14,204 [trainer.py] => Trainable params: 85798656
2025-05-09 11:40:15,769 [simplecil.py] => Learning on 0-40
Time for task 0: 49.04259991645813
2025-05-09 11:41:14,668 [trainer.py] => No NME accuracy.
2025-05-09 11:41:14,669 [trainer.py] => CNN: {'total': 67.45, '00-39': 67.45, 'old': 0, 'new': 67.45}
2025-05-09 11:41:14,669 [trainer.py] => CNN top1 curve: [67.45]
2025-05-09 11:41:14,669 [trainer.py] => CNN top5 curve: [87.66]

Average Accuracy (CNN): 67.45
2025-05-09 11:41:14,669 [trainer.py] => Average Accuracy (CNN): 67.45 

2025-05-09 11:41:14,670 [trainer.py] => All params: 85829377
2025-05-09 11:41:14,671 [trainer.py] => Trainable params: 85829377
2025-05-09 11:41:14,679 [simplecil.py] => Learning on 40-80
Time for task 1: 39.94591689109802
2025-05-09 11:42:14,733 [trainer.py] => No NME accuracy.
2025-05-09 11:42:14,733 [trainer.py] => CNN: {'total': 62.89, '00-39': 62.68, '40-79': 63.13, 'old': 62.68, 'new': 63.13}
2025-05-09 11:42:14,733 [trainer.py] => CNN top1 curve: [67.45, 62.89]
2025-05-09 11:42:14,733 [trainer.py] => CNN top5 curve: [87.66, 81.71]

Average Accuracy (CNN): 65.17
2025-05-09 11:42:14,733 [trainer.py] => Average Accuracy (CNN): 65.17 

2025-05-09 11:42:14,734 [trainer.py] => All params: 85860097
2025-05-09 11:42:14,734 [trainer.py] => Trainable params: 85860097
2025-05-09 11:42:14,745 [simplecil.py] => Learning on 80-120
Time for task 2: 41.03123903274536
2025-05-09 11:43:24,792 [trainer.py] => No NME accuracy.
2025-05-09 11:43:24,793 [trainer.py] => CNN: {'total': 57.89, '00-39': 59.2, '40-79': 58.96, '80-119': 55.27, 'old': 59.09, 'new': 55.27}
2025-05-09 11:43:24,793 [trainer.py] => CNN top1 curve: [67.45, 62.89, 57.89]
2025-05-09 11:43:24,793 [trainer.py] => CNN top5 curve: [87.66, 81.71, 77.26]

Average Accuracy (CNN): 62.74
2025-05-09 11:43:24,794 [trainer.py] => Average Accuracy (CNN): 62.74 

2025-05-09 11:43:24,796 [trainer.py] => All params: 85890817
2025-05-09 11:43:24,797 [trainer.py] => Trainable params: 85890817
2025-05-09 11:43:24,808 [simplecil.py] => Learning on 120-160
Time for task 3: 42.10646986961365
2025-05-09 11:44:45,948 [trainer.py] => No NME accuracy.
2025-05-09 11:44:45,949 [trainer.py] => CNN: {'total': 56.22, '00-39': 56.32, '40-79': 56.75, '80-119': 53.36, '120-159': 58.17, 'old': 55.53, 'new': 58.17}
2025-05-09 11:44:45,949 [trainer.py] => CNN top1 curve: [67.45, 62.89, 57.89, 56.22]
2025-05-09 11:44:45,949 [trainer.py] => CNN top5 curve: [87.66, 81.71, 77.26, 74.59]

Average Accuracy (CNN): 61.11
2025-05-09 11:44:45,949 [trainer.py] => Average Accuracy (CNN): 61.11 

2025-05-09 11:44:45,950 [trainer.py] => All params: 85921537
2025-05-09 11:44:45,952 [trainer.py] => Trainable params: 85921537
2025-05-09 11:44:45,959 [simplecil.py] => Learning on 160-200
Time for task 4: 35.894296646118164
2025-05-09 11:46:09,449 [trainer.py] => No NME accuracy.
2025-05-09 11:46:09,450 [trainer.py] => CNN: {'total': 54.35, '00-39': 54.13, '40-79': 54.46, '80-119': 51.18, '120-159': 57.01, '160-199': 54.68, 'old': 54.28, 'new': 54.68}
2025-05-09 11:46:09,450 [trainer.py] => CNN top1 curve: [67.45, 62.89, 57.89, 56.22, 54.35]
2025-05-09 11:46:09,450 [trainer.py] => CNN top5 curve: [87.66, 81.71, 77.26, 74.59, 72.22]

Average Accuracy (CNN): 59.76
2025-05-09 11:46:09,450 [trainer.py] => Average Accuracy (CNN): 59.76 

Finished imagenetr_init40_inc40: pretrained_vit_b16_224_in21k  
----------------------------------------------------------------------------------------------------
Accuracy Matrix (CNN):
[[67.45 62.68 59.2  56.32 54.13]
 [ 0.   63.13 58.96 56.75 54.46]
 [ 0.    0.   55.27 53.36 51.18]
 [ 0.    0.    0.   58.17 57.01]
 [ 0.    0.    0.    0.   54.68]]
2025-05-09 11:46:09,452 [trainer.py] => Forgetting (CNN): 6.810000000000002
2025-05-09 11:46:30,693 [trainer.py] => config: ./scripts/simplecil/simplecil_inr_B100_Inc5.json
2025-05-09 11:46:30,710 [trainer.py] => prefix:  
2025-05-09 11:46:30,710 [trainer.py] => dataset: imagenetr
2025-05-09 11:46:30,710 [trainer.py] => memory_size: 0
2025-05-09 11:46:30,711 [trainer.py] => memory_per_class: 0
2025-05-09 11:46:30,711 [trainer.py] => fixed_memory: False
2025-05-09 11:46:30,711 [trainer.py] => shuffle: True
2025-05-09 11:46:30,711 [trainer.py] => init_cls: 100
2025-05-09 11:46:30,711 [trainer.py] => increment: 5
2025-05-09 11:46:30,711 [trainer.py] => model_name: simplecil
2025-05-09 11:46:30,711 [trainer.py] => backbone_type: pretrained_vit_b16_224_in21k
2025-05-09 11:46:30,712 [trainer.py] => device: [device(type='cuda', index=0)]
2025-05-09 11:46:30,712 [trainer.py] => seed: 1993
2025-05-09 11:46:30,712 [trainer.py] => tuned_epoch: 0
2025-05-09 11:46:30,712 [trainer.py] => init_lr: 0.01
2025-05-09 11:46:30,712 [trainer.py] => batch_size: 48
2025-05-09 11:46:30,712 [trainer.py] => weight_decay: 0.05
2025-05-09 11:46:30,712 [trainer.py] => min_lr: 1e-08
2025-05-09 11:46:30,713 [trainer.py] => optimizer: sgd
2025-05-09 11:46:30,713 [trainer.py] => vpt_type: shallow
2025-05-09 11:46:30,713 [trainer.py] => prompt_token_num: 3
2025-05-09 11:46:31,219 [data_manager.py] => [168, 136, 51, 9, 183, 101, 171, 99, 42, 159, 191, 70, 16, 188, 27, 10, 175, 26, 68, 187, 98, 6, 85, 35, 112, 43, 100, 0, 103, 181, 88, 59, 4, 2, 116, 174, 94, 80, 106, 1, 147, 17, 141, 131, 72, 23, 173, 54, 197, 118, 87, 32, 79, 104, 91, 19, 135, 107, 178, 36, 11, 199, 142, 8, 122, 3, 28, 57, 153, 172, 190, 56, 49, 44, 97, 62, 151, 169, 194, 55, 192, 12, 189, 78, 66, 180, 15, 137, 109, 134, 92, 119, 126, 52, 170, 40, 148, 65, 144, 64, 138, 45, 77, 89, 154, 90, 71, 193, 74, 30, 113, 143, 96, 84, 67, 50, 186, 156, 69, 21, 18, 111, 108, 58, 125, 157, 150, 110, 182, 129, 166, 83, 81, 60, 13, 165, 14, 176, 63, 117, 5, 22, 145, 121, 38, 41, 82, 127, 114, 20, 31, 53, 37, 163, 196, 130, 152, 162, 86, 76, 24, 34, 184, 149, 33, 128, 198, 155, 146, 167, 139, 120, 140, 102, 47, 25, 158, 123, 46, 164, 61, 7, 115, 75, 133, 160, 105, 132, 179, 124, 48, 73, 93, 39, 95, 195, 29, 177, 185, 161]
This is for the BaseNet initialization.
After BaseNet initialization.
2025-05-09 11:46:39,133 [trainer.py] => All params: 85798656
2025-05-09 11:46:39,134 [trainer.py] => Trainable params: 85798656
2025-05-09 11:46:40,731 [simplecil.py] => Learning on 0-100
Time for task 0: 105.2578375339508
2025-05-09 11:48:48,574 [trainer.py] => No NME accuracy.
2025-05-09 11:48:48,574 [trainer.py] => CNN: {'total': 59.83, '00-99': 59.83, 'old': 0, 'new': 59.83}
2025-05-09 11:48:48,574 [trainer.py] => CNN top1 curve: [59.83]
2025-05-09 11:48:48,574 [trainer.py] => CNN top5 curve: [79.13]

Average Accuracy (CNN): 59.83
2025-05-09 11:48:48,574 [trainer.py] => Average Accuracy (CNN): 59.83 

2025-05-09 11:48:48,575 [trainer.py] => All params: 85875457
2025-05-09 11:48:48,575 [trainer.py] => Trainable params: 85875457
2025-05-09 11:48:48,585 [simplecil.py] => Learning on 100-105
Time for task 1: 6.276249647140503
2025-05-09 11:49:19,647 [trainer.py] => No NME accuracy.
2025-05-09 11:49:19,647 [trainer.py] => CNN: {'total': 59.9, '00-99': 59.5, '100-104': 67.76, 'old': 59.5, 'new': 67.76}
2025-05-09 11:49:19,647 [trainer.py] => CNN top1 curve: [59.83, 59.9]
2025-05-09 11:49:19,647 [trainer.py] => CNN top5 curve: [79.13, 79.12]

Average Accuracy (CNN): 59.86
2025-05-09 11:49:19,648 [trainer.py] => Average Accuracy (CNN): 59.86 

2025-05-09 11:49:19,648 [trainer.py] => All params: 85879297
2025-05-09 11:49:19,649 [trainer.py] => Trainable params: 85879297
2025-05-09 11:49:19,655 [simplecil.py] => Learning on 105-110
Time for task 2: 6.266474723815918
2025-05-09 11:49:51,579 [trainer.py] => No NME accuracy.
2025-05-09 11:49:51,580 [trainer.py] => CNN: {'total': 59.13, '00-99': 59.13, '100-104': 65.79, '105-109': 51.52, 'old': 59.45, 'new': 51.52}
2025-05-09 11:49:51,580 [trainer.py] => CNN top1 curve: [59.83, 59.9, 59.13]
2025-05-09 11:49:51,580 [trainer.py] => CNN top5 curve: [79.13, 79.12, 78.71]

Average Accuracy (CNN): 59.62
2025-05-09 11:49:51,580 [trainer.py] => Average Accuracy (CNN): 59.62 

2025-05-09 11:49:51,582 [trainer.py] => All params: 85883137
2025-05-09 11:49:51,584 [trainer.py] => Trainable params: 85883137
2025-05-09 11:49:51,592 [simplecil.py] => Learning on 110-115
Time for task 3: 6.317235231399536
2025-05-09 11:50:25,380 [trainer.py] => No NME accuracy.
2025-05-09 11:50:25,380 [trainer.py] => CNN: {'total': 58.29, '00-99': 58.49, '100-104': 64.47, '105-109': 49.24, '110-114': 55.71, 'old': 58.4, 'new': 55.71}
2025-05-09 11:50:25,380 [trainer.py] => CNN top1 curve: [59.83, 59.9, 59.13, 58.29]
2025-05-09 11:50:25,380 [trainer.py] => CNN top5 curve: [79.13, 79.12, 78.71, 77.94]

Average Accuracy (CNN): 59.29
2025-05-09 11:50:25,381 [trainer.py] => Average Accuracy (CNN): 59.29 

2025-05-09 11:50:25,383 [trainer.py] => All params: 85886977
2025-05-09 11:50:25,384 [trainer.py] => Trainable params: 85886977
2025-05-09 11:50:25,391 [simplecil.py] => Learning on 115-120
Time for task 4: 9.1268892288208
2025-05-09 11:51:03,864 [trainer.py] => No NME accuracy.
2025-05-09 11:51:03,865 [trainer.py] => CNN: {'total': 57.89, '00-99': 58.12, '100-104': 64.47, '105-109': 48.48, '110-114': 55.0, '115-119': 57.63, 'old': 57.91, 'new': 57.63}
2025-05-09 11:51:03,865 [trainer.py] => CNN top1 curve: [59.83, 59.9, 59.13, 58.29, 57.89]
2025-05-09 11:51:03,865 [trainer.py] => CNN top5 curve: [79.13, 79.12, 78.71, 77.94, 77.26]

Average Accuracy (CNN): 59.01
2025-05-09 11:51:03,865 [trainer.py] => Average Accuracy (CNN): 59.01 

2025-05-09 11:51:03,866 [trainer.py] => All params: 85890817
2025-05-09 11:51:03,866 [trainer.py] => Trainable params: 85890817
2025-05-09 11:51:03,875 [simplecil.py] => Learning on 120-125
Time for task 5: 5.82599663734436
2025-05-09 11:51:39,710 [trainer.py] => No NME accuracy.
2025-05-09 11:51:39,711 [trainer.py] => CNN: {'total': 57.63, '00-99': 57.72, '100-104': 63.16, '105-109': 48.48, '110-114': 55.0, '115-119': 57.63, '120-124': 60.62, 'old': 57.5, 'new': 60.62}
2025-05-09 11:51:39,711 [trainer.py] => CNN top1 curve: [59.83, 59.9, 59.13, 58.29, 57.89, 57.63]
2025-05-09 11:51:39,711 [trainer.py] => CNN top5 curve: [79.13, 79.12, 78.71, 77.94, 77.26, 76.82]

Average Accuracy (CNN): 58.78
2025-05-09 11:51:39,711 [trainer.py] => Average Accuracy (CNN): 58.78 

2025-05-09 11:51:39,712 [trainer.py] => All params: 85894657
2025-05-09 11:51:39,714 [trainer.py] => Trainable params: 85894657
2025-05-09 11:51:39,717 [simplecil.py] => Learning on 125-130
Time for task 6: 4.06852126121521
2025-05-09 11:52:14,352 [trainer.py] => No NME accuracy.
2025-05-09 11:52:14,352 [trainer.py] => CNN: {'total': 57.2, '00-99': 57.45, '100-104': 63.16, '105-109': 48.48, '110-114': 54.29, '115-119': 57.2, '120-124': 60.62, '125-129': 51.35, 'old': 57.37, 'new': 51.35}
2025-05-09 11:52:14,352 [trainer.py] => CNN top1 curve: [59.83, 59.9, 59.13, 58.29, 57.89, 57.63, 57.2]
2025-05-09 11:52:14,353 [trainer.py] => CNN top5 curve: [79.13, 79.12, 78.71, 77.94, 77.26, 76.82, 76.51]

Average Accuracy (CNN): 58.55
2025-05-09 11:52:14,353 [trainer.py] => Average Accuracy (CNN): 58.55 

2025-05-09 11:52:14,355 [trainer.py] => All params: 85898497
2025-05-09 11:52:14,357 [trainer.py] => Trainable params: 85898497
2025-05-09 11:52:14,365 [simplecil.py] => Learning on 130-135
Time for task 7: 5.686921119689941
2025-05-09 11:52:51,808 [trainer.py] => No NME accuracy.
2025-05-09 11:52:51,808 [trainer.py] => CNN: {'total': 57.24, '00-99': 57.32, '100-104': 63.16, '105-109': 48.48, '110-114': 54.29, '115-119': 57.2, '120-124': 60.0, '125-129': 51.35, '130-134': 61.87, 'old': 57.07, 'new': 61.87}
2025-05-09 11:52:51,808 [trainer.py] => CNN top1 curve: [59.83, 59.9, 59.13, 58.29, 57.89, 57.63, 57.2, 57.24]
2025-05-09 11:52:51,808 [trainer.py] => CNN top5 curve: [79.13, 79.12, 78.71, 77.94, 77.26, 76.82, 76.51, 76.37]

Average Accuracy (CNN): 58.39
2025-05-09 11:52:51,809 [trainer.py] => Average Accuracy (CNN): 58.39 

2025-05-09 11:52:51,809 [trainer.py] => All params: 85902337
2025-05-09 11:52:51,810 [trainer.py] => Trainable params: 85902337
2025-05-09 11:52:51,818 [simplecil.py] => Learning on 135-140
Time for task 8: 7.347840309143066
2025-05-09 11:53:32,782 [trainer.py] => No NME accuracy.
2025-05-09 11:53:32,782 [trainer.py] => CNN: {'total': 57.29, '00-99': 57.22, '100-104': 63.16, '105-109': 48.48, '110-114': 54.29, '115-119': 57.2, '120-124': 60.0, '125-129': 50.45, '130-134': 61.15, '135-139': 61.64, 'old': 57.11, 'new': 61.64}
2025-05-09 11:53:32,782 [trainer.py] => CNN top1 curve: [59.83, 59.9, 59.13, 58.29, 57.89, 57.63, 57.2, 57.24, 57.29]
2025-05-09 11:53:32,782 [trainer.py] => CNN top5 curve: [79.13, 79.12, 78.71, 77.94, 77.26, 76.82, 76.51, 76.37, 76.1]

Average Accuracy (CNN): 58.27
2025-05-09 11:53:32,782 [trainer.py] => Average Accuracy (CNN): 58.27 

2025-05-09 11:53:32,783 [trainer.py] => All params: 85906177
2025-05-09 11:53:32,783 [trainer.py] => Trainable params: 85906177
2025-05-09 11:53:32,788 [simplecil.py] => Learning on 140-145
Time for task 9: 7.529944658279419
2025-05-09 11:54:15,022 [trainer.py] => No NME accuracy.
2025-05-09 11:54:15,022 [trainer.py] => CNN: {'total': 57.29, '00-99': 57.09, '100-104': 61.18, '105-109': 48.48, '110-114': 54.29, '115-119': 57.2, '120-124': 60.0, '125-129': 50.45, '130-134': 61.15, '135-139': 61.01, '140-144': 61.27, 'old': 57.1, 'new': 61.27}
2025-05-09 11:54:15,022 [trainer.py] => CNN top1 curve: [59.83, 59.9, 59.13, 58.29, 57.89, 57.63, 57.2, 57.24, 57.29, 57.29]
2025-05-09 11:54:15,022 [trainer.py] => CNN top5 curve: [79.13, 79.12, 78.71, 77.94, 77.26, 76.82, 76.51, 76.37, 76.1, 76.05]

Average Accuracy (CNN): 58.17
2025-05-09 11:54:15,023 [trainer.py] => Average Accuracy (CNN): 58.17 

2025-05-09 11:54:15,024 [trainer.py] => All params: 85910017
2025-05-09 11:54:15,026 [trainer.py] => Trainable params: 85910017
2025-05-09 11:54:15,039 [simplecil.py] => Learning on 145-150
Time for task 10: 7.227466106414795
2025-05-09 11:54:58,071 [trainer.py] => No NME accuracy.
2025-05-09 11:54:58,072 [trainer.py] => CNN: {'total': 56.89, '00-99': 56.62, '100-104': 59.87, '105-109': 48.48, '110-114': 53.57, '115-119': 55.93, '120-124': 59.38, '125-129': 50.45, '130-134': 60.43, '135-139': 60.38, '140-144': 60.78, '145-149': 60.74, 'old': 56.75, 'new': 60.74}
2025-05-09 11:54:58,072 [trainer.py] => CNN top1 curve: [59.83, 59.9, 59.13, 58.29, 57.89, 57.63, 57.2, 57.24, 57.29, 57.29, 56.89]
2025-05-09 11:54:58,072 [trainer.py] => CNN top5 curve: [79.13, 79.12, 78.71, 77.94, 77.26, 76.82, 76.51, 76.37, 76.1, 76.05, 75.49]

Average Accuracy (CNN): 58.05
2025-05-09 11:54:58,072 [trainer.py] => Average Accuracy (CNN): 58.05 

2025-05-09 11:54:58,072 [trainer.py] => All params: 85913857
2025-05-09 11:54:58,073 [trainer.py] => Trainable params: 85913857
2025-05-09 11:54:58,080 [simplecil.py] => Learning on 150-155
Time for task 11: 7.670929670333862
2025-05-09 11:55:43,973 [trainer.py] => No NME accuracy.
2025-05-09 11:55:43,974 [trainer.py] => CNN: {'total': 56.67, '00-99': 56.18, '100-104': 59.87, '105-109': 48.48, '110-114': 53.57, '115-119': 55.93, '120-124': 58.12, '125-129': 50.45, '130-134': 59.71, '135-139': 60.38, '140-144': 60.29, '145-149': 60.74, '150-154': 60.32, 'old': 56.52, 'new': 60.32}
2025-05-09 11:55:43,974 [trainer.py] => CNN top1 curve: [59.83, 59.9, 59.13, 58.29, 57.89, 57.63, 57.2, 57.24, 57.29, 57.29, 56.89, 56.67]
2025-05-09 11:55:43,974 [trainer.py] => CNN top5 curve: [79.13, 79.12, 78.71, 77.94, 77.26, 76.82, 76.51, 76.37, 76.1, 76.05, 75.49, 75.14]

Average Accuracy (CNN): 57.94
2025-05-09 11:55:43,975 [trainer.py] => Average Accuracy (CNN): 57.94 

2025-05-09 11:55:43,977 [trainer.py] => All params: 85917697
2025-05-09 11:55:43,978 [trainer.py] => Trainable params: 85917697
2025-05-09 11:55:43,989 [simplecil.py] => Learning on 155-160
Time for task 12: 6.338070392608643
2025-05-09 11:56:29,449 [trainer.py] => No NME accuracy.
2025-05-09 11:56:29,449 [trainer.py] => CNN: {'total': 56.22, '00-99': 55.81, '100-104': 59.87, '105-109': 48.48, '110-114': 51.43, '115-119': 55.51, '120-124': 57.5, '125-129': 47.75, '130-134': 58.27, '135-139': 60.38, '140-144': 60.29, '145-149': 60.74, '150-154': 60.32, '155-159': 56.07, 'old': 56.23, 'new': 56.07}
2025-05-09 11:56:29,450 [trainer.py] => CNN top1 curve: [59.83, 59.9, 59.13, 58.29, 57.89, 57.63, 57.2, 57.24, 57.29, 57.29, 56.89, 56.67, 56.22]
2025-05-09 11:56:29,450 [trainer.py] => CNN top5 curve: [79.13, 79.12, 78.71, 77.94, 77.26, 76.82, 76.51, 76.37, 76.1, 76.05, 75.49, 75.14, 74.59]

Average Accuracy (CNN): 57.81
2025-05-09 11:56:29,450 [trainer.py] => Average Accuracy (CNN): 57.81 

2025-05-09 11:56:29,450 [trainer.py] => All params: 85921537
2025-05-09 11:56:29,451 [trainer.py] => Trainable params: 85921537
2025-05-09 11:56:29,459 [simplecil.py] => Learning on 160-165
Time for task 13: 4.724917411804199
2025-05-09 11:57:14,168 [trainer.py] => No NME accuracy.
2025-05-09 11:57:14,168 [trainer.py] => CNN: {'total': 55.81, '00-99': 55.51, '100-104': 59.87, '105-109': 48.48, '110-114': 51.43, '115-119': 55.51, '120-124': 57.5, '125-129': 47.75, '130-134': 58.27, '135-139': 60.38, '140-144': 59.8, '145-149': 60.74, '150-154': 60.32, '155-159': 56.07, '160-164': 45.54, 'old': 56.02, 'new': 45.54}
2025-05-09 11:57:14,168 [trainer.py] => CNN top1 curve: [59.83, 59.9, 59.13, 58.29, 57.89, 57.63, 57.2, 57.24, 57.29, 57.29, 56.89, 56.67, 56.22, 55.81]
2025-05-09 11:57:14,169 [trainer.py] => CNN top5 curve: [79.13, 79.12, 78.71, 77.94, 77.26, 76.82, 76.51, 76.37, 76.1, 76.05, 75.49, 75.14, 74.59, 74.15]

Average Accuracy (CNN): 57.66
2025-05-09 11:57:14,169 [trainer.py] => Average Accuracy (CNN): 57.66 

2025-05-09 11:57:14,171 [trainer.py] => All params: 85925377
2025-05-09 11:57:14,173 [trainer.py] => Trainable params: 85925377
2025-05-09 11:57:14,186 [simplecil.py] => Learning on 165-170
Time for task 14: 5.557952165603638
2025-05-09 11:58:01,070 [trainer.py] => No NME accuracy.
2025-05-09 11:58:01,071 [trainer.py] => CNN: {'total': 55.09, '00-99': 55.08, '100-104': 57.89, '105-109': 48.48, '110-114': 51.43, '115-119': 55.51, '120-124': 57.5, '125-129': 47.75, '130-134': 58.27, '135-139': 60.38, '140-144': 59.8, '145-149': 60.12, '150-154': 59.26, '155-159': 56.07, '160-164': 45.54, '165-169': 41.86, 'old': 55.43, 'new': 41.86}
2025-05-09 11:58:01,071 [trainer.py] => CNN top1 curve: [59.83, 59.9, 59.13, 58.29, 57.89, 57.63, 57.2, 57.24, 57.29, 57.29, 56.89, 56.67, 56.22, 55.81, 55.09]
2025-05-09 11:58:01,071 [trainer.py] => CNN top5 curve: [79.13, 79.12, 78.71, 77.94, 77.26, 76.82, 76.51, 76.37, 76.1, 76.05, 75.49, 75.14, 74.59, 74.15, 73.44]

Average Accuracy (CNN): 57.49
2025-05-09 11:58:01,071 [trainer.py] => Average Accuracy (CNN): 57.49 

2025-05-09 11:58:01,072 [trainer.py] => All params: 85929217
2025-05-09 11:58:01,072 [trainer.py] => Trainable params: 85929217
2025-05-09 11:58:01,083 [simplecil.py] => Learning on 170-175
Time for task 15: 5.033437013626099
2025-05-09 11:58:47,439 [trainer.py] => No NME accuracy.
2025-05-09 11:58:47,439 [trainer.py] => CNN: {'total': 55.43, '00-99': 54.97, '100-104': 57.89, '105-109': 48.48, '110-114': 51.43, '115-119': 55.51, '120-124': 57.5, '125-129': 47.75, '130-134': 58.27, '135-139': 60.38, '140-144': 59.8, '145-149': 60.12, '150-154': 59.26, '155-159': 56.07, '160-164': 45.54, '165-169': 41.09, '170-174': 71.76, 'old': 55.02, 'new': 71.76}
2025-05-09 11:58:47,440 [trainer.py] => CNN top1 curve: [59.83, 59.9, 59.13, 58.29, 57.89, 57.63, 57.2, 57.24, 57.29, 57.29, 56.89, 56.67, 56.22, 55.81, 55.09, 55.43]
2025-05-09 11:58:47,440 [trainer.py] => CNN top5 curve: [79.13, 79.12, 78.71, 77.94, 77.26, 76.82, 76.51, 76.37, 76.1, 76.05, 75.49, 75.14, 74.59, 74.15, 73.44, 73.59]

Average Accuracy (CNN): 57.36
2025-05-09 11:58:47,440 [trainer.py] => Average Accuracy (CNN): 57.36 

2025-05-09 11:58:47,442 [trainer.py] => All params: 85933057
2025-05-09 11:58:47,444 [trainer.py] => Trainable params: 85933057
2025-05-09 11:58:47,456 [simplecil.py] => Learning on 175-180
Time for task 16: 5.657463073730469
2025-05-09 11:59:34,725 [trainer.py] => No NME accuracy.
2025-05-09 11:59:34,725 [trainer.py] => CNN: {'total': 55.47, '00-99': 54.84, '100-104': 57.89, '105-109': 48.48, '110-114': 51.43, '115-119': 55.51, '120-124': 57.5, '125-129': 47.75, '130-134': 58.27, '135-139': 60.38, '140-144': 59.8, '145-149': 60.12, '150-154': 59.26, '155-159': 56.07, '160-164': 45.54, '165-169': 41.09, '170-174': 71.76, '175-179': 60.68, 'old': 55.35, 'new': 60.68}
2025-05-09 11:59:34,725 [trainer.py] => CNN top1 curve: [59.83, 59.9, 59.13, 58.29, 57.89, 57.63, 57.2, 57.24, 57.29, 57.29, 56.89, 56.67, 56.22, 55.81, 55.09, 55.43, 55.47]
2025-05-09 11:59:34,725 [trainer.py] => CNN top5 curve: [79.13, 79.12, 78.71, 77.94, 77.26, 76.82, 76.51, 76.37, 76.1, 76.05, 75.49, 75.14, 74.59, 74.15, 73.44, 73.59, 73.4]

Average Accuracy (CNN): 57.25
2025-05-09 11:59:34,725 [trainer.py] => Average Accuracy (CNN): 57.25 

2025-05-09 11:59:34,726 [trainer.py] => All params: 85936897
2025-05-09 11:59:34,726 [trainer.py] => Trainable params: 85936897
2025-05-09 11:59:34,735 [simplecil.py] => Learning on 180-185
Time for task 17: 6.068525791168213
2025-05-09 12:00:25,277 [trainer.py] => No NME accuracy.
2025-05-09 12:00:25,277 [trainer.py] => CNN: {'total': 54.71, '00-99': 54.27, '100-104': 57.89, '105-109': 48.48, '110-114': 49.29, '115-119': 55.08, '120-124': 56.88, '125-129': 47.75, '130-134': 58.27, '135-139': 60.38, '140-144': 59.31, '145-149': 60.12, '150-154': 59.26, '155-159': 55.49, '160-164': 45.54, '165-169': 38.76, '170-174': 70.23, '175-179': 58.12, '180-184': 48.28, 'old': 54.88, 'new': 48.28}
2025-05-09 12:00:25,277 [trainer.py] => CNN top1 curve: [59.83, 59.9, 59.13, 58.29, 57.89, 57.63, 57.2, 57.24, 57.29, 57.29, 56.89, 56.67, 56.22, 55.81, 55.09, 55.43, 55.47, 54.71]
2025-05-09 12:00:25,277 [trainer.py] => CNN top5 curve: [79.13, 79.12, 78.71, 77.94, 77.26, 76.82, 76.51, 76.37, 76.1, 76.05, 75.49, 75.14, 74.59, 74.15, 73.44, 73.59, 73.4, 72.67]

Average Accuracy (CNN): 57.11
2025-05-09 12:00:25,277 [trainer.py] => Average Accuracy (CNN): 57.11 

2025-05-09 12:00:25,278 [trainer.py] => All params: 85940737
2025-05-09 12:00:25,279 [trainer.py] => Trainable params: 85940737
2025-05-09 12:00:25,289 [simplecil.py] => Learning on 185-190
Time for task 18: 6.229172229766846
2025-05-09 12:01:16,352 [trainer.py] => No NME accuracy.
2025-05-09 12:01:16,352 [trainer.py] => CNN: {'total': 54.49, '00-99': 54.0, '100-104': 57.89, '105-109': 47.73, '110-114': 48.57, '115-119': 55.08, '120-124': 55.62, '125-129': 47.75, '130-134': 58.27, '135-139': 60.38, '140-144': 59.31, '145-149': 60.12, '150-154': 59.26, '155-159': 55.49, '160-164': 45.54, '165-169': 38.76, '170-174': 69.47, '175-179': 57.26, '180-184': 47.59, '185-189': 56.44, 'old': 54.44, 'new': 56.44}
2025-05-09 12:01:16,353 [trainer.py] => CNN top1 curve: [59.83, 59.9, 59.13, 58.29, 57.89, 57.63, 57.2, 57.24, 57.29, 57.29, 56.89, 56.67, 56.22, 55.81, 55.09, 55.43, 55.47, 54.71, 54.49]
2025-05-09 12:01:16,353 [trainer.py] => CNN top5 curve: [79.13, 79.12, 78.71, 77.94, 77.26, 76.82, 76.51, 76.37, 76.1, 76.05, 75.49, 75.14, 74.59, 74.15, 73.44, 73.59, 73.4, 72.67, 72.44]

Average Accuracy (CNN): 56.97
2025-05-09 12:01:16,353 [trainer.py] => Average Accuracy (CNN): 56.97 

2025-05-09 12:01:16,353 [trainer.py] => All params: 85944577
2025-05-09 12:01:16,354 [trainer.py] => Trainable params: 85944577
2025-05-09 12:01:16,362 [simplecil.py] => Learning on 190-195
Time for task 19: 6.240711212158203
2025-05-09 12:02:08,965 [trainer.py] => No NME accuracy.
2025-05-09 12:02:08,965 [trainer.py] => CNN: {'total': 54.26, '00-99': 53.7, '100-104': 54.61, '105-109': 46.97, '110-114': 48.57, '115-119': 55.08, '120-124': 54.38, '125-129': 47.75, '130-134': 58.27, '135-139': 60.38, '140-144': 58.82, '145-149': 60.12, '150-154': 58.73, '155-159': 55.49, '160-164': 45.54, '165-169': 38.76, '170-174': 69.47, '175-179': 57.26, '180-184': 47.59, '185-189': 56.44, '190-194': 57.79, 'old': 54.16, 'new': 57.79}
2025-05-09 12:02:08,965 [trainer.py] => CNN top1 curve: [59.83, 59.9, 59.13, 58.29, 57.89, 57.63, 57.2, 57.24, 57.29, 57.29, 56.89, 56.67, 56.22, 55.81, 55.09, 55.43, 55.47, 54.71, 54.49, 54.26]
2025-05-09 12:02:08,966 [trainer.py] => CNN top5 curve: [79.13, 79.12, 78.71, 77.94, 77.26, 76.82, 76.51, 76.37, 76.1, 76.05, 75.49, 75.14, 74.59, 74.15, 73.44, 73.59, 73.4, 72.67, 72.44, 72.19]

Average Accuracy (CNN): 56.84
2025-05-09 12:02:08,966 [trainer.py] => Average Accuracy (CNN): 56.84 

2025-05-09 12:02:08,966 [trainer.py] => All params: 85948417
2025-05-09 12:02:08,967 [trainer.py] => Trainable params: 85948417
2025-05-09 12:02:08,974 [simplecil.py] => Learning on 195-200
Time for task 20: 5.8238301277160645
2025-05-09 12:03:01,392 [trainer.py] => No NME accuracy.
2025-05-09 12:03:01,392 [trainer.py] => CNN: {'total': 54.35, '00-99': 53.6, '100-104': 54.61, '105-109': 46.97, '110-114': 48.57, '115-119': 55.08, '120-124': 53.75, '125-129': 47.75, '130-134': 58.27, '135-139': 60.38, '140-144': 58.33, '145-149': 60.12, '150-154': 58.73, '155-159': 55.49, '160-164': 45.54, '165-169': 35.66, '170-174': 69.47, '175-179': 57.26, '180-184': 47.59, '185-189': 56.44, '190-194': 57.79, '195-199': 66.67, 'old': 54.11, 'new': 66.67}
2025-05-09 12:03:01,392 [trainer.py] => CNN top1 curve: [59.83, 59.9, 59.13, 58.29, 57.89, 57.63, 57.2, 57.24, 57.29, 57.29, 56.89, 56.67, 56.22, 55.81, 55.09, 55.43, 55.47, 54.71, 54.49, 54.26, 54.35]
2025-05-09 12:03:01,392 [trainer.py] => CNN top5 curve: [79.13, 79.12, 78.71, 77.94, 77.26, 76.82, 76.51, 76.37, 76.1, 76.05, 75.49, 75.14, 74.59, 74.15, 73.44, 73.59, 73.4, 72.67, 72.44, 72.19, 72.22]

Average Accuracy (CNN): 56.72
2025-05-09 12:03:01,392 [trainer.py] => Average Accuracy (CNN): 56.72 

Finished imagenetr_init100_inc5: pretrained_vit_b16_224_in21k  
----------------------------------------------------------------------------------------------------
Accuracy Matrix (CNN):
[[59.83 59.5  59.13 58.49 58.12 57.72 57.45 57.32 57.22 57.09 56.62 56.18
  55.81 55.51 55.08 54.97 54.84 54.27 54.   53.7  53.6 ]
 [ 0.   67.76 65.79 64.47 64.47 63.16 63.16 63.16 63.16 61.18 59.87 59.87
  59.87 59.87 57.89 57.89 57.89 57.89 57.89 54.61 54.61]
 [ 0.    0.   51.52 49.24 48.48 48.48 48.48 48.48 48.48 48.48 48.48 48.48
  48.48 48.48 48.48 48.48 48.48 48.48 47.73 46.97 46.97]
 [ 0.    0.    0.   55.71 55.   55.   54.29 54.29 54.29 54.29 53.57 53.57
  51.43 51.43 51.43 51.43 51.43 49.29 48.57 48.57 48.57]
 [ 0.    0.    0.    0.   57.63 57.63 57.2  57.2  57.2  57.2  55.93 55.93
  55.51 55.51 55.51 55.51 55.51 55.08 55.08 55.08 55.08]
 [ 0.    0.    0.    0.    0.   60.62 60.62 60.   60.   60.   59.38 58.12
  57.5  57.5  57.5  57.5  57.5  56.88 55.62 54.38 53.75]
 [ 0.    0.    0.    0.    0.    0.   51.35 51.35 50.45 50.45 50.45 50.45
  47.75 47.75 47.75 47.75 47.75 47.75 47.75 47.75 47.75]
 [ 0.    0.    0.    0.    0.    0.    0.   61.87 61.15 61.15 60.43 59.71
  58.27 58.27 58.27 58.27 58.27 58.27 58.27 58.27 58.27]
 [ 0.    0.    0.    0.    0.    0.    0.    0.   61.64 61.01 60.38 60.38
  60.38 60.38 60.38 60.38 60.38 60.38 60.38 60.38 60.38]
 [ 0.    0.    0.    0.    0.    0.    0.    0.    0.   61.27 60.78 60.29
  60.29 59.8  59.8  59.8  59.8  59.31 59.31 58.82 58.33]
 [ 0.    0.    0.    0.    0.    0.    0.    0.    0.    0.   60.74 60.74
  60.74 60.74 60.12 60.12 60.12 60.12 60.12 60.12 60.12]
 [ 0.    0.    0.    0.    0.    0.    0.    0.    0.    0.    0.   60.32
  60.32 60.32 59.26 59.26 59.26 59.26 59.26 58.73 58.73]
 [ 0.    0.    0.    0.    0.    0.    0.    0.    0.    0.    0.    0.
  56.07 56.07 56.07 56.07 56.07 55.49 55.49 55.49 55.49]
 [ 0.    0.    0.    0.    0.    0.    0.    0.    0.    0.    0.    0.
   0.   45.54 45.54 45.54 45.54 45.54 45.54 45.54 45.54]
 [ 0.    0.    0.    0.    0.    0.    0.    0.    0.    0.    0.    0.
   0.    0.   41.86 41.09 41.09 38.76 38.76 38.76 35.66]
 [ 0.    0.    0.    0.    0.    0.    0.    0.    0.    0.    0.    0.
   0.    0.    0.   71.76 71.76 70.23 69.47 69.47 69.47]
 [ 0.    0.    0.    0.    0.    0.    0.    0.    0.    0.    0.    0.
   0.    0.    0.    0.   60.68 58.12 57.26 57.26 57.26]
 [ 0.    0.    0.    0.    0.    0.    0.    0.    0.    0.    0.    0.
   0.    0.    0.    0.    0.   48.28 47.59 47.59 47.59]
 [ 0.    0.    0.    0.    0.    0.    0.    0.    0.    0.    0.    0.
   0.    0.    0.    0.    0.    0.   56.44 56.44 56.44]
 [ 0.    0.    0.    0.    0.    0.    0.    0.    0.    0.    0.    0.
   0.    0.    0.    0.    0.    0.    0.   57.79 57.79]
 [ 0.    0.    0.    0.    0.    0.    0.    0.    0.    0.    0.    0.
   0.    0.    0.    0.    0.    0.    0.    0.   66.67]]
2025-05-09 12:03:01,395 [trainer.py] => Forgetting (CNN): 3.3640000000000017
2025-05-09 12:03:07,321 [trainer.py] => config: ./scripts/simplecil/simplecil_inr_B100_Inc10.json
2025-05-09 12:03:07,321 [trainer.py] => prefix:  
2025-05-09 12:03:07,321 [trainer.py] => dataset: imagenetr
2025-05-09 12:03:07,321 [trainer.py] => memory_size: 0
2025-05-09 12:03:07,321 [trainer.py] => memory_per_class: 0
2025-05-09 12:03:07,321 [trainer.py] => fixed_memory: False
2025-05-09 12:03:07,321 [trainer.py] => shuffle: True
2025-05-09 12:03:07,322 [trainer.py] => init_cls: 100
2025-05-09 12:03:07,322 [trainer.py] => increment: 10
2025-05-09 12:03:07,322 [trainer.py] => model_name: simplecil
2025-05-09 12:03:07,322 [trainer.py] => backbone_type: pretrained_vit_b16_224_in21k
2025-05-09 12:03:07,322 [trainer.py] => device: [device(type='cuda', index=0)]
2025-05-09 12:03:07,322 [trainer.py] => seed: 1993
2025-05-09 12:03:07,322 [trainer.py] => tuned_epoch: 0
2025-05-09 12:03:07,322 [trainer.py] => init_lr: 0.01
2025-05-09 12:03:07,322 [trainer.py] => batch_size: 48
2025-05-09 12:03:07,322 [trainer.py] => weight_decay: 0.05
2025-05-09 12:03:07,322 [trainer.py] => min_lr: 1e-08
2025-05-09 12:03:07,322 [trainer.py] => optimizer: sgd
2025-05-09 12:03:07,322 [trainer.py] => vpt_type: shallow
2025-05-09 12:03:07,322 [trainer.py] => prompt_token_num: 3
2025-05-09 12:03:07,915 [data_manager.py] => [168, 136, 51, 9, 183, 101, 171, 99, 42, 159, 191, 70, 16, 188, 27, 10, 175, 26, 68, 187, 98, 6, 85, 35, 112, 43, 100, 0, 103, 181, 88, 59, 4, 2, 116, 174, 94, 80, 106, 1, 147, 17, 141, 131, 72, 23, 173, 54, 197, 118, 87, 32, 79, 104, 91, 19, 135, 107, 178, 36, 11, 199, 142, 8, 122, 3, 28, 57, 153, 172, 190, 56, 49, 44, 97, 62, 151, 169, 194, 55, 192, 12, 189, 78, 66, 180, 15, 137, 109, 134, 92, 119, 126, 52, 170, 40, 148, 65, 144, 64, 138, 45, 77, 89, 154, 90, 71, 193, 74, 30, 113, 143, 96, 84, 67, 50, 186, 156, 69, 21, 18, 111, 108, 58, 125, 157, 150, 110, 182, 129, 166, 83, 81, 60, 13, 165, 14, 176, 63, 117, 5, 22, 145, 121, 38, 41, 82, 127, 114, 20, 31, 53, 37, 163, 196, 130, 152, 162, 86, 76, 24, 34, 184, 149, 33, 128, 198, 155, 146, 167, 139, 120, 140, 102, 47, 25, 158, 123, 46, 164, 61, 7, 115, 75, 133, 160, 105, 132, 179, 124, 48, 73, 93, 39, 95, 195, 29, 177, 185, 161]
This is for the BaseNet initialization.
After BaseNet initialization.
2025-05-09 12:03:13,232 [trainer.py] => All params: 85798656
2025-05-09 12:03:13,233 [trainer.py] => Trainable params: 85798656
2025-05-09 12:03:14,059 [simplecil.py] => Learning on 0-100
Time for task 0: 105.0240683555603
2025-05-09 12:05:22,220 [trainer.py] => No NME accuracy.
2025-05-09 12:05:22,220 [trainer.py] => CNN: {'total': 59.83, '00-99': 59.83, 'old': 0, 'new': 59.83}
2025-05-09 12:05:22,220 [trainer.py] => CNN top1 curve: [59.83]
2025-05-09 12:05:22,220 [trainer.py] => CNN top5 curve: [79.13]

Average Accuracy (CNN): 59.83
2025-05-09 12:05:22,220 [trainer.py] => Average Accuracy (CNN): 59.83 

2025-05-09 12:05:22,221 [trainer.py] => All params: 85875457
2025-05-09 12:05:22,222 [trainer.py] => Trainable params: 85875457
2025-05-09 12:05:22,227 [simplecil.py] => Learning on 100-110
Time for task 1: 10.879981517791748
2025-05-09 12:05:59,022 [trainer.py] => No NME accuracy.
2025-05-09 12:05:59,022 [trainer.py] => CNN: {'total': 59.13, '00-99': 59.13, '100-109': 59.15, 'old': 59.13, 'new': 59.15}
2025-05-09 12:05:59,022 [trainer.py] => CNN top1 curve: [59.83, 59.13]
2025-05-09 12:05:59,022 [trainer.py] => CNN top5 curve: [79.13, 78.71]

Average Accuracy (CNN): 59.48
2025-05-09 12:05:59,022 [trainer.py] => Average Accuracy (CNN): 59.48 

2025-05-09 12:05:59,023 [trainer.py] => All params: 85883137
2025-05-09 12:05:59,023 [trainer.py] => Trainable params: 85883137
2025-05-09 12:05:59,031 [simplecil.py] => Learning on 110-120
Time for task 2: 13.52910828590393
2025-05-09 12:06:41,669 [trainer.py] => No NME accuracy.
2025-05-09 12:06:41,669 [trainer.py] => CNN: {'total': 57.89, '00-99': 58.12, '100-109': 57.04, '110-119': 56.65, 'old': 58.03, 'new': 56.65}
2025-05-09 12:06:41,669 [trainer.py] => CNN top1 curve: [59.83, 59.13, 57.89]
2025-05-09 12:06:41,669 [trainer.py] => CNN top5 curve: [79.13, 78.71, 77.26]

Average Accuracy (CNN): 58.95
2025-05-09 12:06:41,669 [trainer.py] => Average Accuracy (CNN): 58.95 

2025-05-09 12:06:41,670 [trainer.py] => All params: 85890817
2025-05-09 12:06:41,670 [trainer.py] => Trainable params: 85890817
2025-05-09 12:06:41,677 [simplecil.py] => Learning on 120-130
Time for task 3: 8.92584753036499
2025-05-09 12:07:22,065 [trainer.py] => No NME accuracy.
2025-05-09 12:07:22,065 [trainer.py] => CNN: {'total': 57.2, '00-99': 57.45, '100-109': 56.34, '110-119': 56.12, '120-129': 56.83, 'old': 57.23, 'new': 56.83}
2025-05-09 12:07:22,066 [trainer.py] => CNN top1 curve: [59.83, 59.13, 57.89, 57.2]
2025-05-09 12:07:22,066 [trainer.py] => CNN top5 curve: [79.13, 78.71, 77.26, 76.51]

Average Accuracy (CNN): 58.51
2025-05-09 12:07:22,066 [trainer.py] => Average Accuracy (CNN): 58.51 

2025-05-09 12:07:22,067 [trainer.py] => All params: 85898497
2025-05-09 12:07:22,068 [trainer.py] => Trainable params: 85898497
2025-05-09 12:07:22,074 [simplecil.py] => Learning on 130-140
Time for task 4: 11.209673881530762
2025-05-09 12:08:07,086 [trainer.py] => No NME accuracy.
2025-05-09 12:08:07,086 [trainer.py] => CNN: {'total': 57.29, '00-99': 57.22, '100-109': 56.34, '110-119': 56.12, '120-129': 56.09, '130-139': 61.41, 'old': 56.97, 'new': 61.41}
2025-05-09 12:08:07,086 [trainer.py] => CNN top1 curve: [59.83, 59.13, 57.89, 57.2, 57.29]
2025-05-09 12:08:07,086 [trainer.py] => CNN top5 curve: [79.13, 78.71, 77.26, 76.51, 76.1]

Average Accuracy (CNN): 58.27
2025-05-09 12:08:07,087 [trainer.py] => Average Accuracy (CNN): 58.27 

2025-05-09 12:08:07,088 [trainer.py] => All params: 85906177
2025-05-09 12:08:07,089 [trainer.py] => Trainable params: 85906177
2025-05-09 12:08:07,098 [simplecil.py] => Learning on 140-150
Time for task 5: 12.99520754814148
2025-05-09 12:08:56,527 [trainer.py] => No NME accuracy.
2025-05-09 12:08:56,527 [trainer.py] => CNN: {'total': 56.89, '00-99': 56.62, '100-109': 54.58, '110-119': 55.05, '120-129': 55.72, '130-139': 60.4, '140-149': 60.76, 'old': 56.55, 'new': 60.76}
2025-05-09 12:08:56,527 [trainer.py] => CNN top1 curve: [59.83, 59.13, 57.89, 57.2, 57.29, 56.89]
2025-05-09 12:08:56,527 [trainer.py] => CNN top5 curve: [79.13, 78.71, 77.26, 76.51, 76.1, 75.49]

Average Accuracy (CNN): 58.04
2025-05-09 12:08:56,527 [trainer.py] => Average Accuracy (CNN): 58.04 

2025-05-09 12:08:56,528 [trainer.py] => All params: 85913857
2025-05-09 12:08:56,529 [trainer.py] => Trainable params: 85913857
2025-05-09 12:08:56,539 [simplecil.py] => Learning on 150-160
Time for task 6: 13.134316682815552
2025-05-09 12:09:49,016 [trainer.py] => No NME accuracy.
2025-05-09 12:09:49,016 [trainer.py] => CNN: {'total': 56.22, '00-99': 55.81, '100-109': 54.58, '110-119': 53.99, '120-129': 53.51, '130-139': 59.4, '140-149': 60.49, '150-159': 58.29, 'old': 56.06, 'new': 58.29}
2025-05-09 12:09:49,017 [trainer.py] => CNN top1 curve: [59.83, 59.13, 57.89, 57.2, 57.29, 56.89, 56.22]
2025-05-09 12:09:49,017 [trainer.py] => CNN top5 curve: [79.13, 78.71, 77.26, 76.51, 76.1, 75.49, 74.59]

Average Accuracy (CNN): 57.78
2025-05-09 12:09:49,017 [trainer.py] => Average Accuracy (CNN): 57.78 

2025-05-09 12:09:49,017 [trainer.py] => All params: 85921537
2025-05-09 12:09:49,018 [trainer.py] => Trainable params: 85921537
2025-05-09 12:09:49,025 [simplecil.py] => Learning on 160-170
Time for task 7: 9.192764043807983
2025-05-09 12:10:39,043 [trainer.py] => No NME accuracy.
2025-05-09 12:10:39,044 [trainer.py] => CNN: {'total': 55.09, '00-99': 55.08, '100-109': 53.52, '110-119': 53.99, '120-129': 53.51, '130-139': 59.4, '140-149': 59.95, '150-159': 57.73, '160-169': 43.48, 'old': 55.63, 'new': 43.48}
2025-05-09 12:10:39,044 [trainer.py] => CNN top1 curve: [59.83, 59.13, 57.89, 57.2, 57.29, 56.89, 56.22, 55.09]
2025-05-09 12:10:39,044 [trainer.py] => CNN top5 curve: [79.13, 78.71, 77.26, 76.51, 76.1, 75.49, 74.59, 73.44]

Average Accuracy (CNN): 57.44
2025-05-09 12:10:39,044 [trainer.py] => Average Accuracy (CNN): 57.44 

2025-05-09 12:10:39,045 [trainer.py] => All params: 85929217
2025-05-09 12:10:39,045 [trainer.py] => Trainable params: 85929217
2025-05-09 12:10:39,053 [simplecil.py] => Learning on 170-180
Time for task 8: 9.701598167419434
2025-05-09 12:11:31,612 [trainer.py] => No NME accuracy.
2025-05-09 12:11:31,612 [trainer.py] => CNN: {'total': 55.47, '00-99': 54.84, '100-109': 53.52, '110-119': 53.99, '120-129': 53.51, '130-139': 59.4, '140-149': 59.95, '150-159': 57.73, '160-169': 43.04, '170-179': 66.53, 'old': 54.94, 'new': 66.53}
2025-05-09 12:11:31,613 [trainer.py] => CNN top1 curve: [59.83, 59.13, 57.89, 57.2, 57.29, 56.89, 56.22, 55.09, 55.47]
2025-05-09 12:11:31,613 [trainer.py] => CNN top5 curve: [79.13, 78.71, 77.26, 76.51, 76.1, 75.49, 74.59, 73.44, 73.4]

Average Accuracy (CNN): 57.22
2025-05-09 12:11:31,613 [trainer.py] => Average Accuracy (CNN): 57.22 

2025-05-09 12:11:31,615 [trainer.py] => All params: 85936897
2025-05-09 12:11:31,617 [trainer.py] => Trainable params: 85936897
2025-05-09 12:11:31,628 [simplecil.py] => Learning on 180-190
Time for task 9: 11.649187564849854
2025-05-09 12:12:28,644 [trainer.py] => No NME accuracy.
2025-05-09 12:12:28,645 [trainer.py] => CNN: {'total': 54.49, '00-99': 54.0, '100-109': 53.17, '110-119': 52.66, '120-129': 52.4, '130-139': 59.4, '140-149': 59.67, '150-159': 57.46, '160-169': 41.74, '170-179': 63.71, '180-189': 52.27, 'old': 54.62, 'new': 52.27}
2025-05-09 12:12:28,645 [trainer.py] => CNN top1 curve: [59.83, 59.13, 57.89, 57.2, 57.29, 56.89, 56.22, 55.09, 55.47, 54.49]
2025-05-09 12:12:28,645 [trainer.py] => CNN top5 curve: [79.13, 78.71, 77.26, 76.51, 76.1, 75.49, 74.59, 73.44, 73.4, 72.44]

Average Accuracy (CNN): 56.95
2025-05-09 12:12:28,645 [trainer.py] => Average Accuracy (CNN): 56.95 

2025-05-09 12:12:28,645 [trainer.py] => All params: 85944577
2025-05-09 12:12:28,646 [trainer.py] => Trainable params: 85944577
2025-05-09 12:12:28,653 [simplecil.py] => Learning on 190-200
Time for task 10: 10.627419471740723
2025-05-09 12:13:26,659 [trainer.py] => No NME accuracy.
2025-05-09 12:13:26,659 [trainer.py] => CNN: {'total': 54.35, '00-99': 53.6, '100-109': 51.06, '110-119': 52.66, '120-129': 51.29, '130-139': 59.4, '140-149': 59.13, '150-159': 57.18, '160-169': 40.0, '170-179': 63.71, '180-189': 52.27, '190-199': 61.62, 'old': 54.01, 'new': 61.62}
2025-05-09 12:13:26,659 [trainer.py] => CNN top1 curve: [59.83, 59.13, 57.89, 57.2, 57.29, 56.89, 56.22, 55.09, 55.47, 54.49, 54.35]
2025-05-09 12:13:26,659 [trainer.py] => CNN top5 curve: [79.13, 78.71, 77.26, 76.51, 76.1, 75.49, 74.59, 73.44, 73.4, 72.44, 72.22]

Average Accuracy (CNN): 56.71
2025-05-09 12:13:26,659 [trainer.py] => Average Accuracy (CNN): 56.71 

Finished imagenetr_init100_inc10: pretrained_vit_b16_224_in21k  
----------------------------------------------------------------------------------------------------
Accuracy Matrix (CNN):
[[59.83 59.13 58.12 57.45 57.22 56.62 55.81 55.08 54.84 54.   53.6 ]
 [ 0.   59.15 57.04 56.34 56.34 54.58 54.58 53.52 53.52 53.17 51.06]
 [ 0.    0.   56.65 56.12 56.12 55.05 53.99 53.99 53.99 52.66 52.66]
 [ 0.    0.    0.   56.83 56.09 55.72 53.51 53.51 53.51 52.4  51.29]
 [ 0.    0.    0.    0.   61.41 60.4  59.4  59.4  59.4  59.4  59.4 ]
 [ 0.    0.    0.    0.    0.   60.76 60.49 59.95 59.95 59.67 59.13]
 [ 0.    0.    0.    0.    0.    0.   58.29 57.73 57.73 57.46 57.18]
 [ 0.    0.    0.    0.    0.    0.    0.   43.48 43.04 41.74 40.  ]
 [ 0.    0.    0.    0.    0.    0.    0.    0.   66.53 63.71 63.71]
 [ 0.    0.    0.    0.    0.    0.    0.    0.    0.   52.27 52.27]
 [ 0.    0.    0.    0.    0.    0.    0.    0.    0.    0.   61.62]]
2025-05-09 12:13:26,660 [trainer.py] => Forgetting (CNN): 3.4899999999999984
2025-05-09 12:13:47,709 [trainer.py] => config: ./scripts/simplecil/simplecil_inr_B100_Inc20.json
2025-05-09 12:13:47,718 [trainer.py] => prefix:  
2025-05-09 12:13:47,718 [trainer.py] => dataset: imagenetr
2025-05-09 12:13:47,718 [trainer.py] => memory_size: 0
2025-05-09 12:13:47,718 [trainer.py] => memory_per_class: 0
2025-05-09 12:13:47,718 [trainer.py] => fixed_memory: False
2025-05-09 12:13:47,718 [trainer.py] => shuffle: True
2025-05-09 12:13:47,718 [trainer.py] => init_cls: 100
2025-05-09 12:13:47,718 [trainer.py] => increment: 20
2025-05-09 12:13:47,718 [trainer.py] => model_name: simplecil
2025-05-09 12:13:47,718 [trainer.py] => backbone_type: pretrained_vit_b16_224_in21k
2025-05-09 12:13:47,718 [trainer.py] => device: [device(type='cuda', index=0)]
2025-05-09 12:13:47,718 [trainer.py] => seed: 1993
2025-05-09 12:13:47,719 [trainer.py] => tuned_epoch: 0
2025-05-09 12:13:47,719 [trainer.py] => init_lr: 0.01
2025-05-09 12:13:47,719 [trainer.py] => batch_size: 48
2025-05-09 12:13:47,719 [trainer.py] => weight_decay: 0.05
2025-05-09 12:13:47,719 [trainer.py] => min_lr: 1e-08
2025-05-09 12:13:47,719 [trainer.py] => optimizer: sgd
2025-05-09 12:13:47,719 [trainer.py] => vpt_type: shallow
2025-05-09 12:13:47,719 [trainer.py] => prompt_token_num: 3
2025-05-09 12:13:48,129 [data_manager.py] => [168, 136, 51, 9, 183, 101, 171, 99, 42, 159, 191, 70, 16, 188, 27, 10, 175, 26, 68, 187, 98, 6, 85, 35, 112, 43, 100, 0, 103, 181, 88, 59, 4, 2, 116, 174, 94, 80, 106, 1, 147, 17, 141, 131, 72, 23, 173, 54, 197, 118, 87, 32, 79, 104, 91, 19, 135, 107, 178, 36, 11, 199, 142, 8, 122, 3, 28, 57, 153, 172, 190, 56, 49, 44, 97, 62, 151, 169, 194, 55, 192, 12, 189, 78, 66, 180, 15, 137, 109, 134, 92, 119, 126, 52, 170, 40, 148, 65, 144, 64, 138, 45, 77, 89, 154, 90, 71, 193, 74, 30, 113, 143, 96, 84, 67, 50, 186, 156, 69, 21, 18, 111, 108, 58, 125, 157, 150, 110, 182, 129, 166, 83, 81, 60, 13, 165, 14, 176, 63, 117, 5, 22, 145, 121, 38, 41, 82, 127, 114, 20, 31, 53, 37, 163, 196, 130, 152, 162, 86, 76, 24, 34, 184, 149, 33, 128, 198, 155, 146, 167, 139, 120, 140, 102, 47, 25, 158, 123, 46, 164, 61, 7, 115, 75, 133, 160, 105, 132, 179, 124, 48, 73, 93, 39, 95, 195, 29, 177, 185, 161]
This is for the BaseNet initialization.
After BaseNet initialization.
2025-05-09 12:13:56,405 [trainer.py] => All params: 85798656
2025-05-09 12:13:56,406 [trainer.py] => Trainable params: 85798656
2025-05-09 12:13:57,930 [simplecil.py] => Learning on 0-100
Time for task 0: 104.29874348640442
2025-05-09 12:16:04,785 [trainer.py] => No NME accuracy.
2025-05-09 12:16:04,786 [trainer.py] => CNN: {'total': 59.83, '00-99': 59.83, 'old': 0, 'new': 59.83}
2025-05-09 12:16:04,786 [trainer.py] => CNN top1 curve: [59.83]
2025-05-09 12:16:04,786 [trainer.py] => CNN top5 curve: [79.13]

Average Accuracy (CNN): 59.83
2025-05-09 12:16:04,787 [trainer.py] => Average Accuracy (CNN): 59.83 

2025-05-09 12:16:04,788 [trainer.py] => All params: 85875457
2025-05-09 12:16:04,790 [trainer.py] => Trainable params: 85875457
2025-05-09 12:16:04,801 [simplecil.py] => Learning on 100-120
Time for task 1: 23.4457004070282
2025-05-09 12:16:57,213 [trainer.py] => No NME accuracy.
2025-05-09 12:16:57,213 [trainer.py] => CNN: {'total': 57.89, '00-99': 58.12, '100-119': 56.82, 'old': 58.12, 'new': 56.82}
2025-05-09 12:16:57,213 [trainer.py] => CNN top1 curve: [59.83, 57.89]
2025-05-09 12:16:57,213 [trainer.py] => CNN top5 curve: [79.13, 77.26]

Average Accuracy (CNN): 58.86
2025-05-09 12:16:57,213 [trainer.py] => Average Accuracy (CNN): 58.86 

2025-05-09 12:16:57,214 [trainer.py] => All params: 85890817
2025-05-09 12:16:57,214 [trainer.py] => Trainable params: 85890817
2025-05-09 12:16:57,222 [simplecil.py] => Learning on 120-140
Time for task 2: 18.986457586288452
2025-05-09 12:17:50,047 [trainer.py] => No NME accuracy.
2025-05-09 12:17:50,048 [trainer.py] => CNN: {'total': 57.29, '00-99': 57.22, '100-119': 56.21, '120-139': 58.88, 'old': 57.04, 'new': 58.88}
2025-05-09 12:17:50,048 [trainer.py] => CNN top1 curve: [59.83, 57.89, 57.29]
2025-05-09 12:17:50,048 [trainer.py] => CNN top5 curve: [79.13, 77.26, 76.1]

Average Accuracy (CNN): 58.34
2025-05-09 12:17:50,048 [trainer.py] => Average Accuracy (CNN): 58.34 

2025-05-09 12:17:50,048 [trainer.py] => All params: 85906177
2025-05-09 12:17:50,049 [trainer.py] => Trainable params: 85906177
2025-05-09 12:17:50,052 [simplecil.py] => Learning on 140-160
Time for task 3: 24.336692810058594
2025-05-09 12:18:54,253 [trainer.py] => No NME accuracy.
2025-05-09 12:18:54,253 [trainer.py] => CNN: {'total': 56.22, '00-99': 55.81, '100-119': 54.24, '120-139': 56.59, '140-159': 59.4, 'old': 55.67, 'new': 59.4}
2025-05-09 12:18:54,253 [trainer.py] => CNN top1 curve: [59.83, 57.89, 57.29, 56.22]
2025-05-09 12:18:54,253 [trainer.py] => CNN top5 curve: [79.13, 77.26, 76.1, 74.59]

Average Accuracy (CNN): 57.81
2025-05-09 12:18:54,253 [trainer.py] => Average Accuracy (CNN): 57.81 

2025-05-09 12:18:54,254 [trainer.py] => All params: 85921537
2025-05-09 12:18:54,254 [trainer.py] => Trainable params: 85921537
2025-05-09 12:18:54,264 [simplecil.py] => Learning on 160-180
Time for task 4: 17.54794669151306
2025-05-09 12:19:54,950 [trainer.py] => No NME accuracy.
2025-05-09 12:19:54,950 [trainer.py] => CNN: {'total': 55.47, '00-99': 54.84, '100-119': 53.79, '120-139': 56.59, '140-159': 58.85, '160-179': 55.23, 'old': 55.49, 'new': 55.23}
2025-05-09 12:19:54,950 [trainer.py] => CNN top1 curve: [59.83, 57.89, 57.29, 56.22, 55.47]
2025-05-09 12:19:54,950 [trainer.py] => CNN top5 curve: [79.13, 77.26, 76.1, 74.59, 73.4]

Average Accuracy (CNN): 57.34
2025-05-09 12:19:54,950 [trainer.py] => Average Accuracy (CNN): 57.34 

2025-05-09 12:19:54,951 [trainer.py] => All params: 85936897
2025-05-09 12:19:54,952 [trainer.py] => Trainable params: 85936897
2025-05-09 12:19:54,959 [simplecil.py] => Learning on 180-200
Time for task 5: 20.255404710769653
2025-05-09 12:21:01,988 [trainer.py] => No NME accuracy.
2025-05-09 12:21:01,988 [trainer.py] => CNN: {'total': 54.35, '00-99': 53.6, '100-119': 51.97, '120-139': 55.54, '140-159': 58.16, '160-179': 52.3, '180-199': 56.65, 'old': 54.1, 'new': 56.65}
2025-05-09 12:21:01,988 [trainer.py] => CNN top1 curve: [59.83, 57.89, 57.29, 56.22, 55.47, 54.35]
2025-05-09 12:21:01,988 [trainer.py] => CNN top5 curve: [79.13, 77.26, 76.1, 74.59, 73.4, 72.22]

Average Accuracy (CNN): 56.84
2025-05-09 12:21:01,988 [trainer.py] => Average Accuracy (CNN): 56.84 

Finished imagenetr_init100_inc20: pretrained_vit_b16_224_in21k  
----------------------------------------------------------------------------------------------------
Accuracy Matrix (CNN):
[[59.83 58.12 57.22 55.81 54.84 53.6 ]
 [ 0.   56.82 56.21 54.24 53.79 51.97]
 [ 0.    0.   58.88 56.59 56.59 55.54]
 [ 0.    0.    0.   59.4  58.85 58.16]
 [ 0.    0.    0.    0.   55.23 52.3 ]
 [ 0.    0.    0.    0.    0.   56.65]]
2025-05-09 12:21:01,989 [trainer.py] => Forgetting (CNN): 3.718000000000001
2025-05-09 12:21:09,674 [trainer.py] => config: ./scripts/simplecil/simplecil_ina_B0_Inc5.json
2025-05-09 12:21:09,674 [trainer.py] => prefix:  
2025-05-09 12:21:09,674 [trainer.py] => dataset: imageneta
2025-05-09 12:21:09,675 [trainer.py] => memory_size: 0
2025-05-09 12:21:09,675 [trainer.py] => memory_per_class: 0
2025-05-09 12:21:09,675 [trainer.py] => fixed_memory: False
2025-05-09 12:21:09,675 [trainer.py] => shuffle: True
2025-05-09 12:21:09,675 [trainer.py] => init_cls: 5
2025-05-09 12:21:09,675 [trainer.py] => increment: 5
2025-05-09 12:21:09,675 [trainer.py] => model_name: simplecil
2025-05-09 12:21:09,675 [trainer.py] => backbone_type: pretrained_vit_b16_224_in21k
2025-05-09 12:21:09,676 [trainer.py] => device: [device(type='cuda', index=0)]
2025-05-09 12:21:09,676 [trainer.py] => seed: 1993
2025-05-09 12:21:09,676 [trainer.py] => tuned_epoch: 0
2025-05-09 12:21:09,676 [trainer.py] => init_lr: 0.01
2025-05-09 12:21:09,676 [trainer.py] => batch_size: 48
2025-05-09 12:21:09,676 [trainer.py] => weight_decay: 0.05
2025-05-09 12:21:09,676 [trainer.py] => min_lr: 1e-08
2025-05-09 12:21:09,676 [trainer.py] => optimizer: sgd
2025-05-09 12:21:09,677 [trainer.py] => vpt_type: shallow
2025-05-09 12:21:09,677 [trainer.py] => prompt_token_num: 3
Traceback (most recent call last):
  File "/public/home/hanlida/Dr.1/Code/Research/Awesome-CIL/main.py", line 24, in <module>
    main()
  File "/public/home/hanlida/Dr.1/Code/Research/Awesome-CIL/main.py", line 11, in main
    train(args)
  File "/public/home/hanlida/Dr.1/Code/Research/Awesome-CIL/trainer.py", line 21, in train
    _train(args)
  File "/public/home/hanlida/Dr.1/Code/Research/Awesome-CIL/trainer.py", line 54, in _train
    data_manager = DataManager(
  File "/public/home/hanlida/Dr.1/Code/Research/Awesome-CIL/utils/data_manager.py", line 13, in __init__
    self._setup_data(dataset_name, shuffle, seed)
  File "/public/home/hanlida/Dr.1/Code/Research/Awesome-CIL/utils/data_manager.py", line 141, in _setup_data
    idata.download_data()
  File "/public/home/hanlida/Dr.1/Code/Research/Awesome-CIL/utils/data.py", line 252, in download_data
    train_dset = datasets.ImageFolder(train_dir)
  File "/public/home/hanlida/ld/envs/il/lib/python3.10/site-packages/torchvision/datasets/folder.py", line 309, in __init__
    super().__init__(
  File "/public/home/hanlida/ld/envs/il/lib/python3.10/site-packages/torchvision/datasets/folder.py", line 144, in __init__
    classes, class_to_idx = self.find_classes(self.root)
  File "/public/home/hanlida/ld/envs/il/lib/python3.10/site-packages/torchvision/datasets/folder.py", line 218, in find_classes
    return find_classes(directory)
  File "/public/home/hanlida/ld/envs/il/lib/python3.10/site-packages/torchvision/datasets/folder.py", line 40, in find_classes
    classes = sorted(entry.name for entry in os.scandir(directory) if entry.is_dir())
FileNotFoundError: [Errno 2] No such file or directory: '/public/home/hanlida/Dr.1/Dataset/imagenet-a/train/'
2025-05-09 12:21:13,567 [trainer.py] => config: ./scripts/simplecil/simplecil_ina_B0_Inc10.json
2025-05-09 12:21:13,567 [trainer.py] => prefix:  
2025-05-09 12:21:13,567 [trainer.py] => dataset: imageneta
2025-05-09 12:21:13,567 [trainer.py] => memory_size: 0
2025-05-09 12:21:13,568 [trainer.py] => memory_per_class: 0
2025-05-09 12:21:13,568 [trainer.py] => fixed_memory: False
2025-05-09 12:21:13,568 [trainer.py] => shuffle: True
2025-05-09 12:21:13,568 [trainer.py] => init_cls: 10
2025-05-09 12:21:13,568 [trainer.py] => increment: 10
2025-05-09 12:21:13,568 [trainer.py] => model_name: simplecil
2025-05-09 12:21:13,568 [trainer.py] => backbone_type: pretrained_vit_b16_224_in21k
2025-05-09 12:21:13,568 [trainer.py] => device: [device(type='cuda', index=0)]
2025-05-09 12:21:13,568 [trainer.py] => seed: 1993
2025-05-09 12:21:13,568 [trainer.py] => tuned_epoch: 0
2025-05-09 12:21:13,568 [trainer.py] => init_lr: 0.01
2025-05-09 12:21:13,568 [trainer.py] => batch_size: 48
2025-05-09 12:21:13,568 [trainer.py] => weight_decay: 0.05
2025-05-09 12:21:13,568 [trainer.py] => min_lr: 1e-08
2025-05-09 12:21:13,568 [trainer.py] => optimizer: sgd
2025-05-09 12:21:13,568 [trainer.py] => vpt_type: shallow
2025-05-09 12:21:13,568 [trainer.py] => prompt_token_num: 3
Traceback (most recent call last):
  File "/public/home/hanlida/Dr.1/Code/Research/Awesome-CIL/main.py", line 24, in <module>
    main()
  File "/public/home/hanlida/Dr.1/Code/Research/Awesome-CIL/main.py", line 11, in main
    train(args)
  File "/public/home/hanlida/Dr.1/Code/Research/Awesome-CIL/trainer.py", line 21, in train
    _train(args)
  File "/public/home/hanlida/Dr.1/Code/Research/Awesome-CIL/trainer.py", line 54, in _train
    data_manager = DataManager(
  File "/public/home/hanlida/Dr.1/Code/Research/Awesome-CIL/utils/data_manager.py", line 13, in __init__
    self._setup_data(dataset_name, shuffle, seed)
  File "/public/home/hanlida/Dr.1/Code/Research/Awesome-CIL/utils/data_manager.py", line 141, in _setup_data
    idata.download_data()
  File "/public/home/hanlida/Dr.1/Code/Research/Awesome-CIL/utils/data.py", line 252, in download_data
    train_dset = datasets.ImageFolder(train_dir)
  File "/public/home/hanlida/ld/envs/il/lib/python3.10/site-packages/torchvision/datasets/folder.py", line 309, in __init__
    super().__init__(
  File "/public/home/hanlida/ld/envs/il/lib/python3.10/site-packages/torchvision/datasets/folder.py", line 144, in __init__
    classes, class_to_idx = self.find_classes(self.root)
  File "/public/home/hanlida/ld/envs/il/lib/python3.10/site-packages/torchvision/datasets/folder.py", line 218, in find_classes
    return find_classes(directory)
  File "/public/home/hanlida/ld/envs/il/lib/python3.10/site-packages/torchvision/datasets/folder.py", line 40, in find_classes
    classes = sorted(entry.name for entry in os.scandir(directory) if entry.is_dir())
FileNotFoundError: [Errno 2] No such file or directory: '/public/home/hanlida/Dr.1/Dataset/imagenet-a/train/'
2025-05-09 12:21:16,649 [trainer.py] => config: ./scripts/simplecil/simplecil_ina_B0_Inc20.json
2025-05-09 12:21:16,649 [trainer.py] => prefix:  
2025-05-09 12:21:16,649 [trainer.py] => dataset: imageneta
2025-05-09 12:21:16,649 [trainer.py] => memory_size: 0
2025-05-09 12:21:16,649 [trainer.py] => memory_per_class: 0
2025-05-09 12:21:16,650 [trainer.py] => fixed_memory: False
2025-05-09 12:21:16,650 [trainer.py] => shuffle: True
2025-05-09 12:21:16,650 [trainer.py] => init_cls: 20
2025-05-09 12:21:16,650 [trainer.py] => increment: 20
2025-05-09 12:21:16,650 [trainer.py] => model_name: simplecil
2025-05-09 12:21:16,650 [trainer.py] => backbone_type: pretrained_vit_b16_224_in21k
2025-05-09 12:21:16,650 [trainer.py] => device: [device(type='cuda', index=0)]
2025-05-09 12:21:16,651 [trainer.py] => seed: 1993
2025-05-09 12:21:16,651 [trainer.py] => tuned_epoch: 20
2025-05-09 12:21:16,651 [trainer.py] => init_lr: 0.01
2025-05-09 12:21:16,651 [trainer.py] => batch_size: 48
2025-05-09 12:21:16,651 [trainer.py] => weight_decay: 0.05
2025-05-09 12:21:16,651 [trainer.py] => min_lr: 1e-08
2025-05-09 12:21:16,651 [trainer.py] => optimizer: sgd
2025-05-09 12:21:16,652 [trainer.py] => vpt_type: shallow
2025-05-09 12:21:16,652 [trainer.py] => prompt_token_num: 3
Traceback (most recent call last):
  File "/public/home/hanlida/Dr.1/Code/Research/Awesome-CIL/main.py", line 24, in <module>
    main()
  File "/public/home/hanlida/Dr.1/Code/Research/Awesome-CIL/main.py", line 11, in main
    train(args)
  File "/public/home/hanlida/Dr.1/Code/Research/Awesome-CIL/trainer.py", line 21, in train
    _train(args)
  File "/public/home/hanlida/Dr.1/Code/Research/Awesome-CIL/trainer.py", line 54, in _train
    data_manager = DataManager(
  File "/public/home/hanlida/Dr.1/Code/Research/Awesome-CIL/utils/data_manager.py", line 13, in __init__
    self._setup_data(dataset_name, shuffle, seed)
  File "/public/home/hanlida/Dr.1/Code/Research/Awesome-CIL/utils/data_manager.py", line 141, in _setup_data
    idata.download_data()
  File "/public/home/hanlida/Dr.1/Code/Research/Awesome-CIL/utils/data.py", line 252, in download_data
    train_dset = datasets.ImageFolder(train_dir)
  File "/public/home/hanlida/ld/envs/il/lib/python3.10/site-packages/torchvision/datasets/folder.py", line 309, in __init__
    super().__init__(
  File "/public/home/hanlida/ld/envs/il/lib/python3.10/site-packages/torchvision/datasets/folder.py", line 144, in __init__
    classes, class_to_idx = self.find_classes(self.root)
  File "/public/home/hanlida/ld/envs/il/lib/python3.10/site-packages/torchvision/datasets/folder.py", line 218, in find_classes
    return find_classes(directory)
  File "/public/home/hanlida/ld/envs/il/lib/python3.10/site-packages/torchvision/datasets/folder.py", line 40, in find_classes
    classes = sorted(entry.name for entry in os.scandir(directory) if entry.is_dir())
FileNotFoundError: [Errno 2] No such file or directory: '/public/home/hanlida/Dr.1/Dataset/imagenet-a/train/'
2025-05-09 12:21:19,526 [trainer.py] => config: ./scripts/simplecil/simplecil_ina_B0_Inc40.json
2025-05-09 12:21:19,526 [trainer.py] => prefix:  
2025-05-09 12:21:19,526 [trainer.py] => dataset: imageneta
2025-05-09 12:21:19,526 [trainer.py] => memory_size: 0
2025-05-09 12:21:19,526 [trainer.py] => memory_per_class: 0
2025-05-09 12:21:19,526 [trainer.py] => fixed_memory: False
2025-05-09 12:21:19,526 [trainer.py] => shuffle: True
2025-05-09 12:21:19,526 [trainer.py] => init_cls: 40
2025-05-09 12:21:19,526 [trainer.py] => increment: 40
2025-05-09 12:21:19,526 [trainer.py] => model_name: simplecil
2025-05-09 12:21:19,526 [trainer.py] => backbone_type: pretrained_vit_b16_224_in21k
2025-05-09 12:21:19,526 [trainer.py] => device: [device(type='cuda', index=0)]
2025-05-09 12:21:19,526 [trainer.py] => seed: 1993
2025-05-09 12:21:19,526 [trainer.py] => tuned_epoch: 20
2025-05-09 12:21:19,526 [trainer.py] => init_lr: 0.01
2025-05-09 12:21:19,526 [trainer.py] => batch_size: 48
2025-05-09 12:21:19,526 [trainer.py] => weight_decay: 0.05
2025-05-09 12:21:19,526 [trainer.py] => min_lr: 1e-08
2025-05-09 12:21:19,526 [trainer.py] => optimizer: sgd
2025-05-09 12:21:19,526 [trainer.py] => vpt_type: shallow
2025-05-09 12:21:19,526 [trainer.py] => prompt_token_num: 3
Traceback (most recent call last):
  File "/public/home/hanlida/Dr.1/Code/Research/Awesome-CIL/main.py", line 24, in <module>
    main()
  File "/public/home/hanlida/Dr.1/Code/Research/Awesome-CIL/main.py", line 11, in main
    train(args)
  File "/public/home/hanlida/Dr.1/Code/Research/Awesome-CIL/trainer.py", line 21, in train
    _train(args)
  File "/public/home/hanlida/Dr.1/Code/Research/Awesome-CIL/trainer.py", line 54, in _train
    data_manager = DataManager(
  File "/public/home/hanlida/Dr.1/Code/Research/Awesome-CIL/utils/data_manager.py", line 13, in __init__
    self._setup_data(dataset_name, shuffle, seed)
  File "/public/home/hanlida/Dr.1/Code/Research/Awesome-CIL/utils/data_manager.py", line 141, in _setup_data
    idata.download_data()
  File "/public/home/hanlida/Dr.1/Code/Research/Awesome-CIL/utils/data.py", line 252, in download_data
    train_dset = datasets.ImageFolder(train_dir)
  File "/public/home/hanlida/ld/envs/il/lib/python3.10/site-packages/torchvision/datasets/folder.py", line 309, in __init__
    super().__init__(
  File "/public/home/hanlida/ld/envs/il/lib/python3.10/site-packages/torchvision/datasets/folder.py", line 144, in __init__
    classes, class_to_idx = self.find_classes(self.root)
  File "/public/home/hanlida/ld/envs/il/lib/python3.10/site-packages/torchvision/datasets/folder.py", line 218, in find_classes
    return find_classes(directory)
  File "/public/home/hanlida/ld/envs/il/lib/python3.10/site-packages/torchvision/datasets/folder.py", line 40, in find_classes
    classes = sorted(entry.name for entry in os.scandir(directory) if entry.is_dir())
FileNotFoundError: [Errno 2] No such file or directory: '/public/home/hanlida/Dr.1/Dataset/imagenet-a/train/'
2025-05-09 12:21:22,288 [trainer.py] => config: ./scripts/simplecil/simplecil_ina_B100_Inc5.json
2025-05-09 12:21:22,288 [trainer.py] => prefix:  
2025-05-09 12:21:22,288 [trainer.py] => dataset: imageneta
2025-05-09 12:21:22,288 [trainer.py] => memory_size: 0
2025-05-09 12:21:22,288 [trainer.py] => memory_per_class: 0
2025-05-09 12:21:22,288 [trainer.py] => fixed_memory: False
2025-05-09 12:21:22,289 [trainer.py] => shuffle: True
2025-05-09 12:21:22,289 [trainer.py] => init_cls: 100
2025-05-09 12:21:22,289 [trainer.py] => increment: 5
2025-05-09 12:21:22,289 [trainer.py] => model_name: simplecil
2025-05-09 12:21:22,289 [trainer.py] => backbone_type: pretrained_vit_b16_224_in21k
2025-05-09 12:21:22,289 [trainer.py] => device: [device(type='cuda', index=0)]
2025-05-09 12:21:22,289 [trainer.py] => seed: 1993
2025-05-09 12:21:22,289 [trainer.py] => tuned_epoch: 0
2025-05-09 12:21:22,289 [trainer.py] => init_lr: 0.01
2025-05-09 12:21:22,289 [trainer.py] => batch_size: 48
2025-05-09 12:21:22,289 [trainer.py] => weight_decay: 0.05
2025-05-09 12:21:22,289 [trainer.py] => min_lr: 1e-08
2025-05-09 12:21:22,289 [trainer.py] => optimizer: sgd
2025-05-09 12:21:22,289 [trainer.py] => vpt_type: shallow
2025-05-09 12:21:22,289 [trainer.py] => prompt_token_num: 3
Traceback (most recent call last):
  File "/public/home/hanlida/Dr.1/Code/Research/Awesome-CIL/main.py", line 24, in <module>
    main()
  File "/public/home/hanlida/Dr.1/Code/Research/Awesome-CIL/main.py", line 11, in main
    train(args)
  File "/public/home/hanlida/Dr.1/Code/Research/Awesome-CIL/trainer.py", line 21, in train
    _train(args)
  File "/public/home/hanlida/Dr.1/Code/Research/Awesome-CIL/trainer.py", line 54, in _train
    data_manager = DataManager(
  File "/public/home/hanlida/Dr.1/Code/Research/Awesome-CIL/utils/data_manager.py", line 13, in __init__
    self._setup_data(dataset_name, shuffle, seed)
  File "/public/home/hanlida/Dr.1/Code/Research/Awesome-CIL/utils/data_manager.py", line 141, in _setup_data
    idata.download_data()
  File "/public/home/hanlida/Dr.1/Code/Research/Awesome-CIL/utils/data.py", line 252, in download_data
    train_dset = datasets.ImageFolder(train_dir)
  File "/public/home/hanlida/ld/envs/il/lib/python3.10/site-packages/torchvision/datasets/folder.py", line 309, in __init__
    super().__init__(
  File "/public/home/hanlida/ld/envs/il/lib/python3.10/site-packages/torchvision/datasets/folder.py", line 144, in __init__
    classes, class_to_idx = self.find_classes(self.root)
  File "/public/home/hanlida/ld/envs/il/lib/python3.10/site-packages/torchvision/datasets/folder.py", line 218, in find_classes
    return find_classes(directory)
  File "/public/home/hanlida/ld/envs/il/lib/python3.10/site-packages/torchvision/datasets/folder.py", line 40, in find_classes
    classes = sorted(entry.name for entry in os.scandir(directory) if entry.is_dir())
FileNotFoundError: [Errno 2] No such file or directory: '/public/home/hanlida/Dr.1/Dataset/imagenet-a/train/'
2025-05-09 12:21:25,228 [trainer.py] => config: ./scripts/simplecil/simplecil_ina_B100_Inc10.json
2025-05-09 12:21:25,228 [trainer.py] => prefix:  
2025-05-09 12:21:25,228 [trainer.py] => dataset: imageneta
2025-05-09 12:21:25,228 [trainer.py] => memory_size: 0
2025-05-09 12:21:25,228 [trainer.py] => memory_per_class: 0
2025-05-09 12:21:25,228 [trainer.py] => fixed_memory: False
2025-05-09 12:21:25,228 [trainer.py] => shuffle: True
2025-05-09 12:21:25,228 [trainer.py] => init_cls: 100
2025-05-09 12:21:25,228 [trainer.py] => increment: 10
2025-05-09 12:21:25,228 [trainer.py] => model_name: simplecil
2025-05-09 12:21:25,228 [trainer.py] => backbone_type: pretrained_vit_b16_224_in21k
2025-05-09 12:21:25,228 [trainer.py] => device: [device(type='cuda', index=0)]
2025-05-09 12:21:25,228 [trainer.py] => seed: 1993
2025-05-09 12:21:25,228 [trainer.py] => tuned_epoch: 0
2025-05-09 12:21:25,228 [trainer.py] => init_lr: 0.01
2025-05-09 12:21:25,228 [trainer.py] => batch_size: 48
2025-05-09 12:21:25,228 [trainer.py] => weight_decay: 0.05
2025-05-09 12:21:25,228 [trainer.py] => min_lr: 1e-08
2025-05-09 12:21:25,229 [trainer.py] => optimizer: sgd
2025-05-09 12:21:25,229 [trainer.py] => vpt_type: shallow
2025-05-09 12:21:25,229 [trainer.py] => prompt_token_num: 3
Traceback (most recent call last):
  File "/public/home/hanlida/Dr.1/Code/Research/Awesome-CIL/main.py", line 24, in <module>
    main()
  File "/public/home/hanlida/Dr.1/Code/Research/Awesome-CIL/main.py", line 11, in main
    train(args)
  File "/public/home/hanlida/Dr.1/Code/Research/Awesome-CIL/trainer.py", line 21, in train
    _train(args)
  File "/public/home/hanlida/Dr.1/Code/Research/Awesome-CIL/trainer.py", line 54, in _train
    data_manager = DataManager(
  File "/public/home/hanlida/Dr.1/Code/Research/Awesome-CIL/utils/data_manager.py", line 13, in __init__
    self._setup_data(dataset_name, shuffle, seed)
  File "/public/home/hanlida/Dr.1/Code/Research/Awesome-CIL/utils/data_manager.py", line 141, in _setup_data
    idata.download_data()
  File "/public/home/hanlida/Dr.1/Code/Research/Awesome-CIL/utils/data.py", line 252, in download_data
    train_dset = datasets.ImageFolder(train_dir)
  File "/public/home/hanlida/ld/envs/il/lib/python3.10/site-packages/torchvision/datasets/folder.py", line 309, in __init__
    super().__init__(
  File "/public/home/hanlida/ld/envs/il/lib/python3.10/site-packages/torchvision/datasets/folder.py", line 144, in __init__
    classes, class_to_idx = self.find_classes(self.root)
  File "/public/home/hanlida/ld/envs/il/lib/python3.10/site-packages/torchvision/datasets/folder.py", line 218, in find_classes
    return find_classes(directory)
  File "/public/home/hanlida/ld/envs/il/lib/python3.10/site-packages/torchvision/datasets/folder.py", line 40, in find_classes
    classes = sorted(entry.name for entry in os.scandir(directory) if entry.is_dir())
FileNotFoundError: [Errno 2] No such file or directory: '/public/home/hanlida/Dr.1/Dataset/imagenet-a/train/'
2025-05-09 12:21:27,619 [trainer.py] => config: ./scripts/simplecil/simplecil_ina_B100_Inc20.json
2025-05-09 12:21:27,619 [trainer.py] => prefix:  
2025-05-09 12:21:27,619 [trainer.py] => dataset: imageneta
2025-05-09 12:21:27,619 [trainer.py] => memory_size: 0
2025-05-09 12:21:27,619 [trainer.py] => memory_per_class: 0
2025-05-09 12:21:27,619 [trainer.py] => fixed_memory: False
2025-05-09 12:21:27,619 [trainer.py] => shuffle: True
2025-05-09 12:21:27,619 [trainer.py] => init_cls: 100
2025-05-09 12:21:27,619 [trainer.py] => increment: 20
2025-05-09 12:21:27,619 [trainer.py] => model_name: simplecil
2025-05-09 12:21:27,619 [trainer.py] => backbone_type: pretrained_vit_b16_224_in21k
2025-05-09 12:21:27,619 [trainer.py] => device: [device(type='cuda', index=0)]
2025-05-09 12:21:27,619 [trainer.py] => seed: 1993
2025-05-09 12:21:27,619 [trainer.py] => tuned_epoch: 0
2025-05-09 12:21:27,619 [trainer.py] => init_lr: 0.01
2025-05-09 12:21:27,619 [trainer.py] => batch_size: 48
2025-05-09 12:21:27,620 [trainer.py] => weight_decay: 0.05
2025-05-09 12:21:27,620 [trainer.py] => min_lr: 1e-08
2025-05-09 12:21:27,620 [trainer.py] => optimizer: sgd
2025-05-09 12:21:27,620 [trainer.py] => vpt_type: shallow
2025-05-09 12:21:27,620 [trainer.py] => prompt_token_num: 3
Traceback (most recent call last):
  File "/public/home/hanlida/Dr.1/Code/Research/Awesome-CIL/main.py", line 24, in <module>
    main()
  File "/public/home/hanlida/Dr.1/Code/Research/Awesome-CIL/main.py", line 11, in main
    train(args)
  File "/public/home/hanlida/Dr.1/Code/Research/Awesome-CIL/trainer.py", line 21, in train
    _train(args)
  File "/public/home/hanlida/Dr.1/Code/Research/Awesome-CIL/trainer.py", line 54, in _train
    data_manager = DataManager(
  File "/public/home/hanlida/Dr.1/Code/Research/Awesome-CIL/utils/data_manager.py", line 13, in __init__
    self._setup_data(dataset_name, shuffle, seed)
  File "/public/home/hanlida/Dr.1/Code/Research/Awesome-CIL/utils/data_manager.py", line 141, in _setup_data
    idata.download_data()
  File "/public/home/hanlida/Dr.1/Code/Research/Awesome-CIL/utils/data.py", line 252, in download_data
    train_dset = datasets.ImageFolder(train_dir)
  File "/public/home/hanlida/ld/envs/il/lib/python3.10/site-packages/torchvision/datasets/folder.py", line 309, in __init__
    super().__init__(
  File "/public/home/hanlida/ld/envs/il/lib/python3.10/site-packages/torchvision/datasets/folder.py", line 144, in __init__
    classes, class_to_idx = self.find_classes(self.root)
  File "/public/home/hanlida/ld/envs/il/lib/python3.10/site-packages/torchvision/datasets/folder.py", line 218, in find_classes
    return find_classes(directory)
  File "/public/home/hanlida/ld/envs/il/lib/python3.10/site-packages/torchvision/datasets/folder.py", line 40, in find_classes
    classes = sorted(entry.name for entry in os.scandir(directory) if entry.is_dir())
FileNotFoundError: [Errno 2] No such file or directory: '/public/home/hanlida/Dr.1/Dataset/imagenet-a/train/'
2025-05-09 12:21:30,326 [trainer.py] => config: ./scripts/simplecil/simplecil_omn_B0_Inc5.json
2025-05-09 12:21:30,326 [trainer.py] => prefix:  
2025-05-09 12:21:30,326 [trainer.py] => dataset: omnibenchmark
2025-05-09 12:21:30,327 [trainer.py] => memory_size: 0
2025-05-09 12:21:30,327 [trainer.py] => memory_per_class: 0
2025-05-09 12:21:30,327 [trainer.py] => fixed_memory: False
2025-05-09 12:21:30,327 [trainer.py] => shuffle: True
2025-05-09 12:21:30,327 [trainer.py] => init_cls: 5
2025-05-09 12:21:30,327 [trainer.py] => increment: 5
2025-05-09 12:21:30,327 [trainer.py] => model_name: simplecil
2025-05-09 12:21:30,327 [trainer.py] => backbone_type: pretrained_vit_b16_224_in21k
2025-05-09 12:21:30,328 [trainer.py] => device: [device(type='cuda', index=0)]
2025-05-09 12:21:30,328 [trainer.py] => seed: 1993
2025-05-09 12:21:30,328 [trainer.py] => tuned_epoch: 0
2025-05-09 12:21:30,328 [trainer.py] => init_lr: 0.01
2025-05-09 12:21:30,328 [trainer.py] => batch_size: 48
2025-05-09 12:21:30,328 [trainer.py] => weight_decay: 0.05
2025-05-09 12:21:30,328 [trainer.py] => min_lr: 1e-08
2025-05-09 12:21:30,329 [trainer.py] => optimizer: sgd
2025-05-09 12:21:30,329 [trainer.py] => vpt_type: shallow
2025-05-09 12:21:30,329 [trainer.py] => prompt_token_num: 3
2025-05-09 12:21:32,173 [data_manager.py] => [169, 221, 146, 296, 92, 229, 49, 70, 126, 77, 243, 57, 120, 223, 27, 217, 154, 8, 101, 182, 54, 50, 97, 162, 28, 193, 79, 6, 151, 0, 173, 187, 44, 277, 157, 16, 257, 122, 35, 9, 171, 176, 134, 4, 87, 255, 112, 153, 246, 286, 147, 186, 107, 98, 10, 7, 266, 214, 36, 165, 139, 254, 103, 269, 59, 23, 298, 39, 73, 208, 135, 299, 102, 20, 12, 268, 11, 209, 161, 210, 74, 42, 56, 99, 235, 133, 159, 189, 145, 238, 215, 241, 138, 195, 233, 279, 88, 199, 64, 280, 26, 203, 17, 245, 174, 236, 137, 252, 80, 68, 181, 150, 118, 94, 75, 2, 109, 119, 232, 15, 69, 184, 201, 261, 55, 287, 273, 66, 175, 32, 142, 136, 116, 76, 179, 1, 91, 248, 275, 240, 290, 170, 132, 106, 265, 270, 85, 19, 284, 43, 259, 293, 228, 200, 104, 227, 51, 224, 163, 297, 216, 260, 93, 46, 100, 272, 105, 72, 131, 3, 156, 256, 249, 48, 113, 82, 172, 213, 62, 53, 271, 168, 253, 226, 183, 180, 276, 283, 78, 61, 143, 278, 30, 141, 196, 264, 231, 52, 222, 40, 125, 219, 65, 166, 192, 289, 45, 205, 89, 267, 90, 71, 167, 262, 281, 212, 96, 84, 127, 67, 294, 178, 288, 197, 21, 18, 111, 108, 58, 230, 188, 31, 110, 291, 129, 24, 204, 83, 81, 251, 60, 13, 128, 14, 86, 63, 117, 198, 274, 5, 22, 144, 258, 121, 38, 207, 148, 292, 41, 234, 237, 114, 202, 37, 149, 206, 155, 29, 130, 177, 194, 152, 34, 33, 239, 160, 140, 47, 244, 25, 282, 158, 211, 123, 190, 218, 164, 247, 263, 191, 220, 115, 242, 250, 124, 295, 95, 285, 225, 185]
This is for the BaseNet initialization.
After BaseNet initialization.
2025-05-09 12:21:40,248 [trainer.py] => All params: 85798656
2025-05-09 12:21:40,248 [trainer.py] => Trainable params: 85798656
2025-05-09 12:21:41,335 [simplecil.py] => Learning on 0-5
Time for task 0: 18.190724849700928
2025-05-09 12:22:01,485 [trainer.py] => No NME accuracy.
2025-05-09 12:22:01,486 [trainer.py] => CNN: {'total': 100.0, '00-04': 100.0, 'old': 0, 'new': 100.0}
2025-05-09 12:22:01,486 [trainer.py] => CNN top1 curve: [100.0]
2025-05-09 12:22:01,486 [trainer.py] => CNN top5 curve: [100.0]

Average Accuracy (CNN): 100.0
2025-05-09 12:22:01,486 [trainer.py] => Average Accuracy (CNN): 100.0 

2025-05-09 12:22:01,488 [trainer.py] => All params: 85802497
2025-05-09 12:22:01,490 [trainer.py] => Trainable params: 85802497
2025-05-09 12:22:01,504 [simplecil.py] => Learning on 5-10
Time for task 1: 13.455106735229492
2025-05-09 12:22:17,147 [trainer.py] => No NME accuracy.
2025-05-09 12:22:17,147 [trainer.py] => CNN: {'total': 93.0, '00-04': 95.0, '05-09': 91.0, 'old': 95.0, 'new': 91.0}
2025-05-09 12:22:17,147 [trainer.py] => CNN top1 curve: [100.0, 93.0]
2025-05-09 12:22:17,147 [trainer.py] => CNN top5 curve: [100.0, 100.0]

Average Accuracy (CNN): 96.5
2025-05-09 12:22:17,148 [trainer.py] => Average Accuracy (CNN): 96.5 

2025-05-09 12:22:17,149 [trainer.py] => All params: 85806337
2025-05-09 12:22:17,150 [trainer.py] => Trainable params: 85806337
2025-05-09 12:22:17,164 [simplecil.py] => Learning on 10-15
Time for task 2: 13.201545476913452
2025-05-09 12:22:33,371 [trainer.py] => No NME accuracy.
2025-05-09 12:22:33,372 [trainer.py] => CNN: {'total': 91.33, '00-04': 93.0, '05-09': 90.0, '10-14': 91.0, 'old': 91.5, 'new': 91.0}
2025-05-09 12:22:33,372 [trainer.py] => CNN top1 curve: [100.0, 93.0, 91.33]
2025-05-09 12:22:33,372 [trainer.py] => CNN top5 curve: [100.0, 100.0, 99.33]

Average Accuracy (CNN): 94.78
2025-05-09 12:22:33,372 [trainer.py] => Average Accuracy (CNN): 94.78 

2025-05-09 12:22:33,374 [trainer.py] => All params: 85810177
2025-05-09 12:22:33,376 [trainer.py] => Trainable params: 85810177
2025-05-09 12:22:33,389 [simplecil.py] => Learning on 15-20
Time for task 3: 13.350623846054077
2025-05-09 12:22:50,490 [trainer.py] => No NME accuracy.
2025-05-09 12:22:50,491 [trainer.py] => CNN: {'total': 93.0, '00-04': 93.0, '05-09': 90.0, '10-14': 89.0, '15-19': 100.0, 'old': 90.67, 'new': 100.0}
2025-05-09 12:22:50,491 [trainer.py] => CNN top1 curve: [100.0, 93.0, 91.33, 93.0]
2025-05-09 12:22:50,491 [trainer.py] => CNN top5 curve: [100.0, 100.0, 99.33, 99.25]

Average Accuracy (CNN): 94.33
2025-05-09 12:22:50,491 [trainer.py] => Average Accuracy (CNN): 94.33 

2025-05-09 12:22:50,491 [trainer.py] => All params: 85814017
2025-05-09 12:22:50,492 [trainer.py] => Trainable params: 85814017
2025-05-09 12:22:50,502 [simplecil.py] => Learning on 20-25
Time for task 4: 12.754478693008423
2025-05-09 12:23:07,842 [trainer.py] => No NME accuracy.
2025-05-09 12:23:07,843 [trainer.py] => CNN: {'total': 88.8, '00-04': 92.0, '05-09': 89.0, '10-14': 87.0, '15-19': 91.0, '20-24': 85.0, 'old': 89.75, 'new': 85.0}
2025-05-09 12:23:07,843 [trainer.py] => CNN top1 curve: [100.0, 93.0, 91.33, 93.0, 88.8]
2025-05-09 12:23:07,843 [trainer.py] => CNN top5 curve: [100.0, 100.0, 99.33, 99.25, 99.4]

Average Accuracy (CNN): 93.23
2025-05-09 12:23:07,843 [trainer.py] => Average Accuracy (CNN): 93.23 

2025-05-09 12:23:07,843 [trainer.py] => All params: 85817857
2025-05-09 12:23:07,844 [trainer.py] => Trainable params: 85817857
2025-05-09 12:23:07,850 [simplecil.py] => Learning on 25-30
Time for task 5: 14.386392593383789
2025-05-09 12:23:27,630 [trainer.py] => No NME accuracy.
2025-05-09 12:23:27,630 [trainer.py] => CNN: {'total': 86.83, '00-04': 92.0, '05-09': 89.0, '10-14': 85.0, '15-19': 90.0, '20-24': 82.0, '25-29': 83.0, 'old': 87.6, 'new': 83.0}
2025-05-09 12:23:27,630 [trainer.py] => CNN top1 curve: [100.0, 93.0, 91.33, 93.0, 88.8, 86.83]
2025-05-09 12:23:27,630 [trainer.py] => CNN top5 curve: [100.0, 100.0, 99.33, 99.25, 99.4, 98.83]

Average Accuracy (CNN): 92.16
2025-05-09 12:23:27,630 [trainer.py] => Average Accuracy (CNN): 92.16 

2025-05-09 12:23:27,631 [trainer.py] => All params: 85821697
2025-05-09 12:23:27,631 [trainer.py] => Trainable params: 85821697
2025-05-09 12:23:27,638 [simplecil.py] => Learning on 30-35
Time for task 6: 11.8797025680542
2025-05-09 12:23:45,729 [trainer.py] => No NME accuracy.
2025-05-09 12:23:45,730 [trainer.py] => CNN: {'total': 87.86, '00-04': 92.0, '05-09': 89.0, '10-14': 85.0, '15-19': 90.0, '20-24': 81.0, '25-29': 83.0, '30-34': 95.0, 'old': 86.67, 'new': 95.0}
2025-05-09 12:23:45,730 [trainer.py] => CNN top1 curve: [100.0, 93.0, 91.33, 93.0, 88.8, 86.83, 87.86]
2025-05-09 12:23:45,730 [trainer.py] => CNN top5 curve: [100.0, 100.0, 99.33, 99.25, 99.4, 98.83, 99.0]

Average Accuracy (CNN): 91.55
2025-05-09 12:23:45,730 [trainer.py] => Average Accuracy (CNN): 91.55 

2025-05-09 12:23:45,732 [trainer.py] => All params: 85825537
2025-05-09 12:23:45,734 [trainer.py] => Trainable params: 85825537
2025-05-09 12:23:45,741 [simplecil.py] => Learning on 35-40
Time for task 7: 14.767329692840576
2025-05-09 12:24:07,546 [trainer.py] => No NME accuracy.
2025-05-09 12:24:07,546 [trainer.py] => CNN: {'total': 87.75, '00-04': 92.0, '05-09': 83.0, '10-14': 85.0, '15-19': 90.0, '20-24': 81.0, '25-29': 83.0, '30-34': 94.0, '35-39': 94.0, 'old': 86.86, 'new': 94.0}
2025-05-09 12:24:07,547 [trainer.py] => CNN top1 curve: [100.0, 93.0, 91.33, 93.0, 88.8, 86.83, 87.86, 87.75]
2025-05-09 12:24:07,547 [trainer.py] => CNN top5 curve: [100.0, 100.0, 99.33, 99.25, 99.4, 98.83, 99.0, 99.0]

Average Accuracy (CNN): 91.07
2025-05-09 12:24:07,547 [trainer.py] => Average Accuracy (CNN): 91.07 

2025-05-09 12:24:07,547 [trainer.py] => All params: 85829377
2025-05-09 12:24:07,548 [trainer.py] => Trainable params: 85829377
2025-05-09 12:24:07,552 [simplecil.py] => Learning on 40-45
Time for task 8: 13.840897798538208
2025-05-09 12:24:28,408 [trainer.py] => No NME accuracy.
2025-05-09 12:24:28,409 [trainer.py] => CNN: {'total': 87.11, '00-04': 92.0, '05-09': 83.0, '10-14': 85.0, '15-19': 90.0, '20-24': 78.0, '25-29': 82.0, '30-34': 94.0, '35-39': 94.0, '40-44': 86.0, 'old': 87.25, 'new': 86.0}
2025-05-09 12:24:28,409 [trainer.py] => CNN top1 curve: [100.0, 93.0, 91.33, 93.0, 88.8, 86.83, 87.86, 87.75, 87.11]
2025-05-09 12:24:28,409 [trainer.py] => CNN top5 curve: [100.0, 100.0, 99.33, 99.25, 99.4, 98.83, 99.0, 99.0, 98.0]

Average Accuracy (CNN): 90.63
2025-05-09 12:24:28,409 [trainer.py] => Average Accuracy (CNN): 90.63 

2025-05-09 12:24:28,411 [trainer.py] => All params: 85833217
2025-05-09 12:24:28,412 [trainer.py] => Trainable params: 85833217
2025-05-09 12:24:28,417 [simplecil.py] => Learning on 45-50
Time for task 9: 13.661150217056274
2025-05-09 12:24:50,405 [trainer.py] => No NME accuracy.
2025-05-09 12:24:50,406 [trainer.py] => CNN: {'total': 87.2, '00-04': 92.0, '05-09': 83.0, '10-14': 85.0, '15-19': 90.0, '20-24': 77.0, '25-29': 80.0, '30-34': 94.0, '35-39': 94.0, '40-44': 86.0, '45-49': 91.0, 'old': 86.78, 'new': 91.0}
2025-05-09 12:24:50,406 [trainer.py] => CNN top1 curve: [100.0, 93.0, 91.33, 93.0, 88.8, 86.83, 87.86, 87.75, 87.11, 87.2]
2025-05-09 12:24:50,406 [trainer.py] => CNN top5 curve: [100.0, 100.0, 99.33, 99.25, 99.4, 98.83, 99.0, 99.0, 98.0, 97.9]

Average Accuracy (CNN): 90.29
2025-05-09 12:24:50,406 [trainer.py] => Average Accuracy (CNN): 90.29 

2025-05-09 12:24:50,408 [trainer.py] => All params: 85837057
2025-05-09 12:24:50,410 [trainer.py] => Trainable params: 85837057
2025-05-09 12:24:50,422 [simplecil.py] => Learning on 50-55
Time for task 10: 14.585447311401367
2025-05-09 12:25:14,045 [trainer.py] => No NME accuracy.
2025-05-09 12:25:14,060 [trainer.py] => CNN: {'total': 88.0, '00-04': 91.0, '05-09': 83.0, '10-14': 85.0, '15-19': 90.0, '20-24': 77.0, '25-29': 80.0, '30-34': 94.0, '35-39': 94.0, '40-44': 85.0, '45-49': 91.0, '50-54': 98.0, 'old': 87.0, 'new': 98.0}
2025-05-09 12:25:14,060 [trainer.py] => CNN top1 curve: [100.0, 93.0, 91.33, 93.0, 88.8, 86.83, 87.86, 87.75, 87.11, 87.2, 88.0]
2025-05-09 12:25:14,060 [trainer.py] => CNN top5 curve: [100.0, 100.0, 99.33, 99.25, 99.4, 98.83, 99.0, 99.0, 98.0, 97.9, 98.09]

Average Accuracy (CNN): 90.08
2025-05-09 12:25:14,060 [trainer.py] => Average Accuracy (CNN): 90.08 

2025-05-09 12:25:14,061 [trainer.py] => All params: 85840897
2025-05-09 12:25:14,062 [trainer.py] => Trainable params: 85840897
2025-05-09 12:25:14,070 [simplecil.py] => Learning on 55-60
Time for task 11: 13.888631582260132
2025-05-09 12:25:38,123 [trainer.py] => No NME accuracy.
2025-05-09 12:25:38,123 [trainer.py] => CNN: {'total': 87.57, '00-04': 91.0, '05-09': 81.0, '10-14': 85.0, '15-19': 90.0, '20-24': 77.0, '25-29': 80.0, '30-34': 93.0, '35-39': 88.0, '40-44': 85.0, '45-49': 91.0, '50-54': 98.0, '55-59': 91.92, 'old': 87.18, 'new': 91.92}
2025-05-09 12:25:38,123 [trainer.py] => CNN top1 curve: [100.0, 93.0, 91.33, 93.0, 88.8, 86.83, 87.86, 87.75, 87.11, 87.2, 88.0, 87.57]
2025-05-09 12:25:38,124 [trainer.py] => CNN top5 curve: [100.0, 100.0, 99.33, 99.25, 99.4, 98.83, 99.0, 99.0, 98.0, 97.9, 98.09, 98.0]

Average Accuracy (CNN): 89.87
2025-05-09 12:25:38,124 [trainer.py] => Average Accuracy (CNN): 89.87 

2025-05-09 12:25:38,124 [trainer.py] => All params: 85844737
2025-05-09 12:25:38,125 [trainer.py] => Trainable params: 85844737
2025-05-09 12:25:38,130 [simplecil.py] => Learning on 60-65
Time for task 12: 13.391520977020264
2025-05-09 12:26:03,510 [trainer.py] => No NME accuracy.
2025-05-09 12:26:03,510 [trainer.py] => CNN: {'total': 88.14, '00-04': 91.0, '05-09': 81.0, '10-14': 85.0, '15-19': 89.0, '20-24': 75.0, '25-29': 80.0, '30-34': 93.0, '35-39': 88.0, '40-44': 85.0, '45-49': 91.0, '50-54': 98.0, '55-59': 90.91, '60-64': 99.0, 'old': 87.24, 'new': 99.0}
2025-05-09 12:26:03,510 [trainer.py] => CNN top1 curve: [100.0, 93.0, 91.33, 93.0, 88.8, 86.83, 87.86, 87.75, 87.11, 87.2, 88.0, 87.57, 88.14]
2025-05-09 12:26:03,510 [trainer.py] => CNN top5 curve: [100.0, 100.0, 99.33, 99.25, 99.4, 98.83, 99.0, 99.0, 98.0, 97.9, 98.09, 98.0, 98.0]

Average Accuracy (CNN): 89.74
2025-05-09 12:26:03,511 [trainer.py] => Average Accuracy (CNN): 89.74 

2025-05-09 12:26:03,513 [trainer.py] => All params: 85848577
2025-05-09 12:26:03,514 [trainer.py] => Trainable params: 85848577
2025-05-09 12:26:03,525 [simplecil.py] => Learning on 65-70
Time for task 13: 13.605184316635132
2025-05-09 12:26:28,926 [trainer.py] => No NME accuracy.
2025-05-09 12:26:28,926 [trainer.py] => CNN: {'total': 87.06, '00-04': 91.0, '05-09': 78.0, '10-14': 85.0, '15-19': 89.0, '20-24': 71.0, '25-29': 80.0, '30-34': 91.0, '35-39': 88.0, '40-44': 82.0, '45-49': 91.0, '50-54': 98.0, '55-59': 89.9, '60-64': 99.0, '65-69': 86.0, 'old': 87.14, 'new': 86.0}
2025-05-09 12:26:28,926 [trainer.py] => CNN top1 curve: [100.0, 93.0, 91.33, 93.0, 88.8, 86.83, 87.86, 87.75, 87.11, 87.2, 88.0, 87.57, 88.14, 87.06]
2025-05-09 12:26:28,927 [trainer.py] => CNN top5 curve: [100.0, 100.0, 99.33, 99.25, 99.4, 98.83, 99.0, 99.0, 98.0, 97.9, 98.09, 98.0, 98.0, 97.78]

Average Accuracy (CNN): 89.55
2025-05-09 12:26:28,927 [trainer.py] => Average Accuracy (CNN): 89.55 

2025-05-09 12:26:28,928 [trainer.py] => All params: 85852417
2025-05-09 12:26:28,928 [trainer.py] => Trainable params: 85852417
2025-05-09 12:26:28,934 [simplecil.py] => Learning on 70-75
Time for task 14: 13.977509021759033
2025-05-09 12:26:55,764 [trainer.py] => No NME accuracy.
2025-05-09 12:26:55,764 [trainer.py] => CNN: {'total': 86.72, '00-04': 91.0, '05-09': 78.0, '10-14': 85.0, '15-19': 89.0, '20-24': 71.0, '25-29': 80.0, '30-34': 91.0, '35-39': 84.0, '40-44': 82.0, '45-49': 91.0, '50-54': 98.0, '55-59': 89.9, '60-64': 99.0, '65-69': 86.0, '70-74': 86.0, 'old': 86.78, 'new': 86.0}
2025-05-09 12:26:55,765 [trainer.py] => CNN top1 curve: [100.0, 93.0, 91.33, 93.0, 88.8, 86.83, 87.86, 87.75, 87.11, 87.2, 88.0, 87.57, 88.14, 87.06, 86.72]
2025-05-09 12:26:55,765 [trainer.py] => CNN top5 curve: [100.0, 100.0, 99.33, 99.25, 99.4, 98.83, 99.0, 99.0, 98.0, 97.9, 98.09, 98.0, 98.0, 97.78, 97.67]

Average Accuracy (CNN): 89.36
2025-05-09 12:26:55,765 [trainer.py] => Average Accuracy (CNN): 89.36 

2025-05-09 12:26:55,765 [trainer.py] => All params: 85856257
2025-05-09 12:26:55,766 [trainer.py] => Trainable params: 85856257
2025-05-09 12:26:55,772 [simplecil.py] => Learning on 75-80
Time for task 15: 12.675707340240479
2025-05-09 12:27:21,237 [trainer.py] => No NME accuracy.
2025-05-09 12:27:21,237 [trainer.py] => CNN: {'total': 86.55, '00-04': 91.0, '05-09': 78.0, '10-14': 80.0, '15-19': 88.0, '20-24': 71.0, '25-29': 80.0, '30-34': 91.0, '35-39': 84.0, '40-44': 82.0, '45-49': 91.0, '50-54': 98.0, '55-59': 89.9, '60-64': 99.0, '65-69': 86.0, '70-74': 86.0, '75-79': 90.0, 'old': 86.32, 'new': 90.0}
2025-05-09 12:27:21,237 [trainer.py] => CNN top1 curve: [100.0, 93.0, 91.33, 93.0, 88.8, 86.83, 87.86, 87.75, 87.11, 87.2, 88.0, 87.57, 88.14, 87.06, 86.72, 86.55]
2025-05-09 12:27:21,237 [trainer.py] => CNN top5 curve: [100.0, 100.0, 99.33, 99.25, 99.4, 98.83, 99.0, 99.0, 98.0, 97.9, 98.09, 98.0, 98.0, 97.78, 97.67, 97.69]

Average Accuracy (CNN): 89.18
2025-05-09 12:27:21,237 [trainer.py] => Average Accuracy (CNN): 89.18 

2025-05-09 12:27:21,238 [trainer.py] => All params: 85860097
2025-05-09 12:27:21,239 [trainer.py] => Trainable params: 85860097
2025-05-09 12:27:21,242 [simplecil.py] => Learning on 80-85
Time for task 16: 13.113736629486084
2025-05-09 12:27:48,032 [trainer.py] => No NME accuracy.
2025-05-09 12:27:48,033 [trainer.py] => CNN: {'total': 84.92, '00-04': 90.0, '05-09': 77.0, '10-14': 80.0, '15-19': 88.0, '20-24': 70.0, '25-29': 80.0, '30-34': 91.0, '35-39': 84.0, '40-44': 81.0, '45-49': 91.0, '50-54': 97.0, '55-59': 89.9, '60-64': 99.0, '65-69': 84.0, '70-74': 86.0, '75-79': 90.0, '80-84': 65.66, 'old': 86.12, 'new': 65.66}
2025-05-09 12:27:48,033 [trainer.py] => CNN top1 curve: [100.0, 93.0, 91.33, 93.0, 88.8, 86.83, 87.86, 87.75, 87.11, 87.2, 88.0, 87.57, 88.14, 87.06, 86.72, 86.55, 84.92]
2025-05-09 12:27:48,033 [trainer.py] => CNN top5 curve: [100.0, 100.0, 99.33, 99.25, 99.4, 98.83, 99.0, 99.0, 98.0, 97.9, 98.09, 98.0, 98.0, 97.78, 97.67, 97.69, 96.94]

Average Accuracy (CNN): 88.93
2025-05-09 12:27:48,034 [trainer.py] => Average Accuracy (CNN): 88.93 

2025-05-09 12:27:48,035 [trainer.py] => All params: 85863937
2025-05-09 12:27:48,037 [trainer.py] => Trainable params: 85863937
2025-05-09 12:27:48,047 [simplecil.py] => Learning on 85-90
Time for task 17: 14.07098937034607
2025-05-09 12:28:16,692 [trainer.py] => No NME accuracy.
2025-05-09 12:28:16,693 [trainer.py] => CNN: {'total': 85.09, '00-04': 90.0, '05-09': 75.0, '10-14': 78.0, '15-19': 88.0, '20-24': 70.0, '25-29': 80.0, '30-34': 91.0, '35-39': 84.0, '40-44': 81.0, '45-49': 91.0, '50-54': 97.0, '55-59': 89.9, '60-64': 99.0, '65-69': 84.0, '70-74': 86.0, '75-79': 90.0, '80-84': 65.66, '85-89': 92.0, 'old': 84.69, 'new': 92.0}
2025-05-09 12:28:16,693 [trainer.py] => CNN top1 curve: [100.0, 93.0, 91.33, 93.0, 88.8, 86.83, 87.86, 87.75, 87.11, 87.2, 88.0, 87.57, 88.14, 87.06, 86.72, 86.55, 84.92, 85.09]
2025-05-09 12:28:16,693 [trainer.py] => CNN top5 curve: [100.0, 100.0, 99.33, 99.25, 99.4, 98.83, 99.0, 99.0, 98.0, 97.9, 98.09, 98.0, 98.0, 97.78, 97.67, 97.69, 96.94, 97.11]

Average Accuracy (CNN): 88.72
2025-05-09 12:28:16,693 [trainer.py] => Average Accuracy (CNN): 88.72 

2025-05-09 12:28:16,693 [trainer.py] => All params: 85867777
2025-05-09 12:28:16,694 [trainer.py] => Trainable params: 85867777
2025-05-09 12:28:16,702 [simplecil.py] => Learning on 90-95
Time for task 18: 13.598982334136963
2025-05-09 12:28:44,511 [trainer.py] => No NME accuracy.
2025-05-09 12:28:44,512 [trainer.py] => CNN: {'total': 85.14, '00-04': 90.0, '05-09': 75.0, '10-14': 77.0, '15-19': 88.0, '20-24': 70.0, '25-29': 79.0, '30-34': 91.0, '35-39': 84.0, '40-44': 81.0, '45-49': 91.0, '50-54': 97.0, '55-59': 89.9, '60-64': 99.0, '65-69': 84.0, '70-74': 86.0, '75-79': 89.0, '80-84': 64.65, '85-89': 88.0, '90-94': 94.0, 'old': 84.65, 'new': 94.0}
2025-05-09 12:28:44,512 [trainer.py] => CNN top1 curve: [100.0, 93.0, 91.33, 93.0, 88.8, 86.83, 87.86, 87.75, 87.11, 87.2, 88.0, 87.57, 88.14, 87.06, 86.72, 86.55, 84.92, 85.09, 85.14]
2025-05-09 12:28:44,512 [trainer.py] => CNN top5 curve: [100.0, 100.0, 99.33, 99.25, 99.4, 98.83, 99.0, 99.0, 98.0, 97.9, 98.09, 98.0, 98.0, 97.78, 97.67, 97.69, 96.94, 97.11, 97.15]

Average Accuracy (CNN): 88.53
2025-05-09 12:28:44,513 [trainer.py] => Average Accuracy (CNN): 88.53 

2025-05-09 12:28:44,515 [trainer.py] => All params: 85871617
2025-05-09 12:28:44,517 [trainer.py] => Trainable params: 85871617
2025-05-09 12:28:44,527 [simplecil.py] => Learning on 95-100
Time for task 19: 14.04961085319519
2025-05-09 12:29:14,956 [trainer.py] => No NME accuracy.
2025-05-09 12:29:14,957 [trainer.py] => CNN: {'total': 83.93, '00-04': 90.0, '05-09': 75.0, '10-14': 77.0, '15-19': 88.0, '20-24': 70.0, '25-29': 79.0, '30-34': 91.0, '35-39': 84.0, '40-44': 81.0, '45-49': 91.0, '50-54': 97.0, '55-59': 89.9, '60-64': 96.0, '65-69': 83.0, '70-74': 86.0, '75-79': 88.0, '80-84': 64.65, '85-89': 88.0, '90-94': 94.0, '95-99': 65.66, 'old': 84.88, 'new': 65.66}
2025-05-09 12:29:14,957 [trainer.py] => CNN top1 curve: [100.0, 93.0, 91.33, 93.0, 88.8, 86.83, 87.86, 87.75, 87.11, 87.2, 88.0, 87.57, 88.14, 87.06, 86.72, 86.55, 84.92, 85.09, 85.14, 83.93]
2025-05-09 12:29:14,957 [trainer.py] => CNN top5 curve: [100.0, 100.0, 99.33, 99.25, 99.4, 98.83, 99.0, 99.0, 98.0, 97.9, 98.09, 98.0, 98.0, 97.78, 97.67, 97.69, 96.94, 97.11, 97.15, 96.8]

Average Accuracy (CNN): 88.3
2025-05-09 12:29:14,957 [trainer.py] => Average Accuracy (CNN): 88.3 

2025-05-09 12:29:14,958 [trainer.py] => All params: 85875457
2025-05-09 12:29:14,958 [trainer.py] => Trainable params: 85875457
2025-05-09 12:29:14,966 [simplecil.py] => Learning on 100-105
Time for task 20: 14.714388608932495
2025-05-09 12:29:45,907 [trainer.py] => No NME accuracy.
2025-05-09 12:29:45,908 [trainer.py] => CNN: {'total': 84.12, '00-04': 90.0, '05-09': 75.0, '10-14': 77.0, '15-19': 85.0, '20-24': 70.0, '25-29': 79.0, '30-34': 91.0, '35-39': 84.0, '40-44': 81.0, '45-49': 91.0, '50-54': 97.0, '55-59': 89.9, '60-64': 96.0, '65-69': 83.0, '70-74': 86.0, '75-79': 88.0, '80-84': 64.65, '85-89': 88.0, '90-94': 94.0, '95-99': 65.66, '100-104': 91.0, 'old': 83.78, 'new': 91.0}
2025-05-09 12:29:45,908 [trainer.py] => CNN top1 curve: [100.0, 93.0, 91.33, 93.0, 88.8, 86.83, 87.86, 87.75, 87.11, 87.2, 88.0, 87.57, 88.14, 87.06, 86.72, 86.55, 84.92, 85.09, 85.14, 83.93, 84.12]
2025-05-09 12:29:45,908 [trainer.py] => CNN top5 curve: [100.0, 100.0, 99.33, 99.25, 99.4, 98.83, 99.0, 99.0, 98.0, 97.9, 98.09, 98.0, 98.0, 97.78, 97.67, 97.69, 96.94, 97.11, 97.15, 96.8, 96.8]

Average Accuracy (CNN): 88.1
2025-05-09 12:29:45,908 [trainer.py] => Average Accuracy (CNN): 88.1 

2025-05-09 12:29:45,909 [trainer.py] => All params: 85879297
2025-05-09 12:29:45,909 [trainer.py] => Trainable params: 85879297
2025-05-09 12:29:45,917 [simplecil.py] => Learning on 105-110
Time for task 21: 13.767353773117065
2025-05-09 12:30:17,428 [trainer.py] => No NME accuracy.
2025-05-09 12:30:17,444 [trainer.py] => CNN: {'total': 82.83, '00-04': 90.0, '05-09': 73.0, '10-14': 77.0, '15-19': 85.0, '20-24': 70.0, '25-29': 79.0, '30-34': 90.0, '35-39': 84.0, '40-44': 81.0, '45-49': 91.0, '50-54': 97.0, '55-59': 74.75, '60-64': 96.0, '65-69': 83.0, '70-74': 86.0, '75-79': 87.0, '80-84': 64.65, '85-89': 88.0, '90-94': 94.0, '95-99': 65.66, '100-104': 91.0, '105-109': 74.75, 'old': 83.21, 'new': 74.75}
2025-05-09 12:30:17,444 [trainer.py] => CNN top1 curve: [100.0, 93.0, 91.33, 93.0, 88.8, 86.83, 87.86, 87.75, 87.11, 87.2, 88.0, 87.57, 88.14, 87.06, 86.72, 86.55, 84.92, 85.09, 85.14, 83.93, 84.12, 82.83]
2025-05-09 12:30:17,444 [trainer.py] => CNN top5 curve: [100.0, 100.0, 99.33, 99.25, 99.4, 98.83, 99.0, 99.0, 98.0, 97.9, 98.09, 98.0, 98.0, 97.78, 97.67, 97.69, 96.94, 97.11, 97.15, 96.8, 96.8, 96.58]

Average Accuracy (CNN): 87.86
2025-05-09 12:30:17,444 [trainer.py] => Average Accuracy (CNN): 87.86 

2025-05-09 12:30:17,445 [trainer.py] => All params: 85883137
2025-05-09 12:30:17,445 [trainer.py] => Trainable params: 85883137
2025-05-09 12:30:17,451 [simplecil.py] => Learning on 110-115
Time for task 22: 14.778226375579834
2025-05-09 12:30:50,316 [trainer.py] => No NME accuracy.
2025-05-09 12:30:50,317 [trainer.py] => CNN: {'total': 81.88, '00-04': 88.0, '05-09': 73.0, '10-14': 76.0, '15-19': 85.0, '20-24': 68.0, '25-29': 79.0, '30-34': 90.0, '35-39': 84.0, '40-44': 80.0, '45-49': 91.0, '50-54': 96.0, '55-59': 74.75, '60-64': 96.0, '65-69': 83.0, '70-74': 84.0, '75-79': 87.0, '80-84': 61.62, '85-89': 88.0, '90-94': 94.0, '95-99': 65.66, '100-104': 91.0, '105-109': 74.75, '110-114': 73.0, 'old': 82.29, 'new': 73.0}
2025-05-09 12:30:50,317 [trainer.py] => CNN top1 curve: [100.0, 93.0, 91.33, 93.0, 88.8, 86.83, 87.86, 87.75, 87.11, 87.2, 88.0, 87.57, 88.14, 87.06, 86.72, 86.55, 84.92, 85.09, 85.14, 83.93, 84.12, 82.83, 81.88]
2025-05-09 12:30:50,317 [trainer.py] => CNN top5 curve: [100.0, 100.0, 99.33, 99.25, 99.4, 98.83, 99.0, 99.0, 98.0, 97.9, 98.09, 98.0, 98.0, 97.78, 97.67, 97.69, 96.94, 97.11, 97.15, 96.8, 96.8, 96.58, 95.78]

Average Accuracy (CNN): 87.6
2025-05-09 12:30:50,318 [trainer.py] => Average Accuracy (CNN): 87.6 

2025-05-09 12:30:50,320 [trainer.py] => All params: 85886977
2025-05-09 12:30:50,321 [trainer.py] => Trainable params: 85886977
2025-05-09 12:30:50,330 [simplecil.py] => Learning on 115-120
Time for task 23: 12.931939840316772
2025-05-09 12:31:23,438 [trainer.py] => No NME accuracy.
2025-05-09 12:31:23,444 [trainer.py] => CNN: {'total': 81.38, '00-04': 88.0, '05-09': 73.0, '10-14': 76.0, '15-19': 85.0, '20-24': 68.0, '25-29': 79.0, '30-34': 90.0, '35-39': 84.0, '40-44': 80.0, '45-49': 89.0, '50-54': 96.0, '55-59': 74.75, '60-64': 96.0, '65-69': 79.0, '70-74': 84.0, '75-79': 87.0, '80-84': 61.62, '85-89': 88.0, '90-94': 94.0, '95-99': 65.66, '100-104': 85.0, '105-109': 74.75, '110-114': 73.0, '115-119': 81.82, 'old': 81.36, 'new': 81.82}
2025-05-09 12:31:23,444 [trainer.py] => CNN top1 curve: [100.0, 93.0, 91.33, 93.0, 88.8, 86.83, 87.86, 87.75, 87.11, 87.2, 88.0, 87.57, 88.14, 87.06, 86.72, 86.55, 84.92, 85.09, 85.14, 83.93, 84.12, 82.83, 81.88, 81.38]
2025-05-09 12:31:23,444 [trainer.py] => CNN top5 curve: [100.0, 100.0, 99.33, 99.25, 99.4, 98.83, 99.0, 99.0, 98.0, 97.9, 98.09, 98.0, 98.0, 97.78, 97.67, 97.69, 96.94, 97.11, 97.15, 96.8, 96.8, 96.58, 95.78, 95.87]

Average Accuracy (CNN): 87.34
2025-05-09 12:31:23,444 [trainer.py] => Average Accuracy (CNN): 87.34 

2025-05-09 12:31:23,446 [trainer.py] => All params: 85890817
2025-05-09 12:31:23,448 [trainer.py] => Trainable params: 85890817
2025-05-09 12:31:23,460 [simplecil.py] => Learning on 120-125
Time for task 24: 14.314495325088501
2025-05-09 12:31:58,302 [trainer.py] => No NME accuracy.
2025-05-09 12:31:58,303 [trainer.py] => CNN: {'total': 80.96, '00-04': 88.0, '05-09': 73.0, '10-14': 76.0, '15-19': 85.0, '20-24': 68.0, '25-29': 79.0, '30-34': 90.0, '35-39': 84.0, '40-44': 75.0, '45-49': 89.0, '50-54': 96.0, '55-59': 74.75, '60-64': 91.0, '65-69': 77.0, '70-74': 84.0, '75-79': 87.0, '80-84': 61.62, '85-89': 88.0, '90-94': 94.0, '95-99': 65.66, '100-104': 85.0, '105-109': 74.75, '110-114': 73.0, '115-119': 81.82, '120-124': 83.0, 'old': 80.88, 'new': 83.0}
2025-05-09 12:31:58,303 [trainer.py] => CNN top1 curve: [100.0, 93.0, 91.33, 93.0, 88.8, 86.83, 87.86, 87.75, 87.11, 87.2, 88.0, 87.57, 88.14, 87.06, 86.72, 86.55, 84.92, 85.09, 85.14, 83.93, 84.12, 82.83, 81.88, 81.38, 80.96]
2025-05-09 12:31:58,303 [trainer.py] => CNN top5 curve: [100.0, 100.0, 99.33, 99.25, 99.4, 98.83, 99.0, 99.0, 98.0, 97.9, 98.09, 98.0, 98.0, 97.78, 97.67, 97.69, 96.94, 97.11, 97.15, 96.8, 96.8, 96.58, 95.78, 95.87, 95.83]

Average Accuracy (CNN): 87.09
2025-05-09 12:31:58,303 [trainer.py] => Average Accuracy (CNN): 87.09 

2025-05-09 12:31:58,303 [trainer.py] => All params: 85894657
2025-05-09 12:31:58,304 [trainer.py] => Trainable params: 85894657
2025-05-09 12:31:58,313 [simplecil.py] => Learning on 125-130
Time for task 25: 13.2410569190979
2025-05-09 12:32:32,284 [trainer.py] => No NME accuracy.
2025-05-09 12:32:32,284 [trainer.py] => CNN: {'total': 80.85, '00-04': 88.0, '05-09': 71.0, '10-14': 76.0, '15-19': 85.0, '20-24': 66.0, '25-29': 79.0, '30-34': 90.0, '35-39': 84.0, '40-44': 75.0, '45-49': 89.0, '50-54': 95.0, '55-59': 74.75, '60-64': 91.0, '65-69': 76.0, '70-74': 84.0, '75-79': 87.0, '80-84': 61.62, '85-89': 88.0, '90-94': 94.0, '95-99': 65.66, '100-104': 84.0, '105-109': 74.75, '110-114': 73.0, '115-119': 79.8, '120-124': 83.0, '125-129': 87.0, 'old': 80.6, 'new': 87.0}
2025-05-09 12:32:32,284 [trainer.py] => CNN top1 curve: [100.0, 93.0, 91.33, 93.0, 88.8, 86.83, 87.86, 87.75, 87.11, 87.2, 88.0, 87.57, 88.14, 87.06, 86.72, 86.55, 84.92, 85.09, 85.14, 83.93, 84.12, 82.83, 81.88, 81.38, 80.96, 80.85]
2025-05-09 12:32:32,284 [trainer.py] => CNN top5 curve: [100.0, 100.0, 99.33, 99.25, 99.4, 98.83, 99.0, 99.0, 98.0, 97.9, 98.09, 98.0, 98.0, 97.78, 97.67, 97.69, 96.94, 97.11, 97.15, 96.8, 96.8, 96.58, 95.78, 95.87, 95.83, 95.84]

Average Accuracy (CNN): 86.85
2025-05-09 12:32:32,284 [trainer.py] => Average Accuracy (CNN): 86.85 

2025-05-09 12:32:32,285 [trainer.py] => All params: 85898497
2025-05-09 12:32:32,285 [trainer.py] => Trainable params: 85898497
2025-05-09 12:32:32,293 [simplecil.py] => Learning on 130-135
Time for task 26: 13.642457246780396
2025-05-09 12:33:07,526 [trainer.py] => No NME accuracy.
2025-05-09 12:33:07,527 [trainer.py] => CNN: {'total': 80.82, '00-04': 88.0, '05-09': 70.0, '10-14': 76.0, '15-19': 85.0, '20-24': 66.0, '25-29': 79.0, '30-34': 90.0, '35-39': 84.0, '40-44': 75.0, '45-49': 89.0, '50-54': 93.0, '55-59': 74.75, '60-64': 91.0, '65-69': 76.0, '70-74': 84.0, '75-79': 87.0, '80-84': 59.6, '85-89': 88.0, '90-94': 94.0, '95-99': 65.66, '100-104': 84.0, '105-109': 74.75, '110-114': 72.0, '115-119': 79.8, '120-124': 83.0, '125-129': 87.0, '130-134': 86.0, 'old': 80.62, 'new': 86.0}
2025-05-09 12:33:07,527 [trainer.py] => CNN top1 curve: [100.0, 93.0, 91.33, 93.0, 88.8, 86.83, 87.86, 87.75, 87.11, 87.2, 88.0, 87.57, 88.14, 87.06, 86.72, 86.55, 84.92, 85.09, 85.14, 83.93, 84.12, 82.83, 81.88, 81.38, 80.96, 80.85, 80.82]
2025-05-09 12:33:07,527 [trainer.py] => CNN top5 curve: [100.0, 100.0, 99.33, 99.25, 99.4, 98.83, 99.0, 99.0, 98.0, 97.9, 98.09, 98.0, 98.0, 97.78, 97.67, 97.69, 96.94, 97.11, 97.15, 96.8, 96.8, 96.58, 95.78, 95.87, 95.83, 95.84, 95.44]

Average Accuracy (CNN): 86.62
2025-05-09 12:33:07,527 [trainer.py] => Average Accuracy (CNN): 86.62 

2025-05-09 12:33:07,529 [trainer.py] => All params: 85902337
2025-05-09 12:33:07,530 [trainer.py] => Trainable params: 85902337
2025-05-09 12:33:07,538 [simplecil.py] => Learning on 135-140
Time for task 27: 14.619542360305786
2025-05-09 12:33:44,324 [trainer.py] => No NME accuracy.
2025-05-09 12:33:44,324 [trainer.py] => CNN: {'total': 80.5, '00-04': 88.0, '05-09': 70.0, '10-14': 76.0, '15-19': 83.0, '20-24': 66.0, '25-29': 79.0, '30-34': 90.0, '35-39': 84.0, '40-44': 75.0, '45-49': 89.0, '50-54': 93.0, '55-59': 74.75, '60-64': 91.0, '65-69': 76.0, '70-74': 84.0, '75-79': 87.0, '80-84': 59.6, '85-89': 87.0, '90-94': 94.0, '95-99': 64.65, '100-104': 83.0, '105-109': 74.75, '110-114': 72.0, '115-119': 79.8, '120-124': 83.0, '125-129': 87.0, '130-134': 86.0, '135-139': 77.0, 'old': 80.63, 'new': 77.0}
2025-05-09 12:33:44,325 [trainer.py] => CNN top1 curve: [100.0, 93.0, 91.33, 93.0, 88.8, 86.83, 87.86, 87.75, 87.11, 87.2, 88.0, 87.57, 88.14, 87.06, 86.72, 86.55, 84.92, 85.09, 85.14, 83.93, 84.12, 82.83, 81.88, 81.38, 80.96, 80.85, 80.82, 80.5]
2025-05-09 12:33:44,325 [trainer.py] => CNN top5 curve: [100.0, 100.0, 99.33, 99.25, 99.4, 98.83, 99.0, 99.0, 98.0, 97.9, 98.09, 98.0, 98.0, 97.78, 97.67, 97.69, 96.94, 97.11, 97.15, 96.8, 96.8, 96.58, 95.78, 95.87, 95.83, 95.84, 95.44, 95.1]

Average Accuracy (CNN): 86.41
2025-05-09 12:33:44,325 [trainer.py] => Average Accuracy (CNN): 86.41 

2025-05-09 12:33:44,327 [trainer.py] => All params: 85906177
2025-05-09 12:33:44,329 [trainer.py] => Trainable params: 85906177
2025-05-09 12:33:44,341 [simplecil.py] => Learning on 140-145
Time for task 28: 12.837771654129028
2025-05-09 12:34:20,937 [trainer.py] => No NME accuracy.
2025-05-09 12:34:20,938 [trainer.py] => CNN: {'total': 80.34, '00-04': 88.0, '05-09': 70.0, '10-14': 76.0, '15-19': 83.0, '20-24': 66.0, '25-29': 79.0, '30-34': 90.0, '35-39': 84.0, '40-44': 75.0, '45-49': 89.0, '50-54': 93.0, '55-59': 74.75, '60-64': 91.0, '65-69': 76.0, '70-74': 83.0, '75-79': 86.0, '80-84': 59.6, '85-89': 87.0, '90-94': 94.0, '95-99': 64.65, '100-104': 81.0, '105-109': 74.75, '110-114': 72.0, '115-119': 71.72, '120-124': 82.0, '125-129': 87.0, '130-134': 86.0, '135-139': 77.0, '140-144': 88.89, 'old': 80.04, 'new': 88.89}
2025-05-09 12:34:20,938 [trainer.py] => CNN top1 curve: [100.0, 93.0, 91.33, 93.0, 88.8, 86.83, 87.86, 87.75, 87.11, 87.2, 88.0, 87.57, 88.14, 87.06, 86.72, 86.55, 84.92, 85.09, 85.14, 83.93, 84.12, 82.83, 81.88, 81.38, 80.96, 80.85, 80.82, 80.5, 80.34]
2025-05-09 12:34:20,938 [trainer.py] => CNN top5 curve: [100.0, 100.0, 99.33, 99.25, 99.4, 98.83, 99.0, 99.0, 98.0, 97.9, 98.09, 98.0, 98.0, 97.78, 97.67, 97.69, 96.94, 97.11, 97.15, 96.8, 96.8, 96.58, 95.78, 95.87, 95.83, 95.84, 95.44, 95.1, 94.96]

Average Accuracy (CNN): 86.2
2025-05-09 12:34:20,938 [trainer.py] => Average Accuracy (CNN): 86.2 

2025-05-09 12:34:20,938 [trainer.py] => All params: 85910017
2025-05-09 12:34:20,939 [trainer.py] => Trainable params: 85910017
2025-05-09 12:34:20,965 [simplecil.py] => Learning on 145-150
Time for task 29: 15.15363621711731
2025-05-09 12:34:59,374 [trainer.py] => No NME accuracy.
2025-05-09 12:34:59,374 [trainer.py] => CNN: {'total': 79.53, '00-04': 84.0, '05-09': 70.0, '10-14': 76.0, '15-19': 83.0, '20-24': 66.0, '25-29': 79.0, '30-34': 90.0, '35-39': 83.0, '40-44': 75.0, '45-49': 89.0, '50-54': 93.0, '55-59': 66.67, '60-64': 90.0, '65-69': 76.0, '70-74': 83.0, '75-79': 86.0, '80-84': 59.6, '85-89': 87.0, '90-94': 94.0, '95-99': 64.65, '100-104': 81.0, '105-109': 73.74, '110-114': 72.0, '115-119': 71.72, '120-124': 82.0, '125-129': 87.0, '130-134': 86.0, '135-139': 77.0, '140-144': 88.89, '145-149': 71.0, 'old': 79.82, 'new': 71.0}
2025-05-09 12:34:59,374 [trainer.py] => CNN top1 curve: [100.0, 93.0, 91.33, 93.0, 88.8, 86.83, 87.86, 87.75, 87.11, 87.2, 88.0, 87.57, 88.14, 87.06, 86.72, 86.55, 84.92, 85.09, 85.14, 83.93, 84.12, 82.83, 81.88, 81.38, 80.96, 80.85, 80.82, 80.5, 80.34, 79.53]
2025-05-09 12:34:59,375 [trainer.py] => CNN top5 curve: [100.0, 100.0, 99.33, 99.25, 99.4, 98.83, 99.0, 99.0, 98.0, 97.9, 98.09, 98.0, 98.0, 97.78, 97.67, 97.69, 96.94, 97.11, 97.15, 96.8, 96.8, 96.58, 95.78, 95.87, 95.83, 95.84, 95.44, 95.1, 94.96, 94.69]

Average Accuracy (CNN): 85.97
2025-05-09 12:34:59,375 [trainer.py] => Average Accuracy (CNN): 85.97 

2025-05-09 12:34:59,375 [trainer.py] => All params: 85913857
2025-05-09 12:34:59,376 [trainer.py] => Trainable params: 85913857
2025-05-09 12:34:59,385 [simplecil.py] => Learning on 150-155
Time for task 30: 14.254846811294556
2025-05-09 12:35:38,243 [trainer.py] => No NME accuracy.
2025-05-09 12:35:38,258 [trainer.py] => CNN: {'total': 79.34, '00-04': 84.0, '05-09': 70.0, '10-14': 76.0, '15-19': 83.0, '20-24': 66.0, '25-29': 79.0, '30-34': 90.0, '35-39': 83.0, '40-44': 75.0, '45-49': 89.0, '50-54': 93.0, '55-59': 66.67, '60-64': 90.0, '65-69': 76.0, '70-74': 83.0, '75-79': 86.0, '80-84': 59.6, '85-89': 87.0, '90-94': 94.0, '95-99': 64.65, '100-104': 81.0, '105-109': 71.72, '110-114': 72.0, '115-119': 70.71, '120-124': 82.0, '125-129': 87.0, '130-134': 86.0, '135-139': 77.0, '140-144': 88.89, '145-149': 70.0, '150-154': 77.78, 'old': 79.39, 'new': 77.78}
2025-05-09 12:35:38,258 [trainer.py] => CNN top1 curve: [100.0, 93.0, 91.33, 93.0, 88.8, 86.83, 87.86, 87.75, 87.11, 87.2, 88.0, 87.57, 88.14, 87.06, 86.72, 86.55, 84.92, 85.09, 85.14, 83.93, 84.12, 82.83, 81.88, 81.38, 80.96, 80.85, 80.82, 80.5, 80.34, 79.53, 79.34]
2025-05-09 12:35:38,258 [trainer.py] => CNN top5 curve: [100.0, 100.0, 99.33, 99.25, 99.4, 98.83, 99.0, 99.0, 98.0, 97.9, 98.09, 98.0, 98.0, 97.78, 97.67, 97.69, 96.94, 97.11, 97.15, 96.8, 96.8, 96.58, 95.78, 95.87, 95.83, 95.84, 95.44, 95.1, 94.96, 94.69, 94.57]

Average Accuracy (CNN): 85.76
2025-05-09 12:35:38,258 [trainer.py] => Average Accuracy (CNN): 85.76 

2025-05-09 12:35:38,260 [trainer.py] => All params: 85917697
2025-05-09 12:35:38,262 [trainer.py] => Trainable params: 85917697
2025-05-09 12:35:38,274 [simplecil.py] => Learning on 155-160
Time for task 31: 14.231029510498047
2025-05-09 12:36:18,001 [trainer.py] => No NME accuracy.
2025-05-09 12:36:18,002 [trainer.py] => CNN: {'total': 79.3, '00-04': 84.0, '05-09': 70.0, '10-14': 76.0, '15-19': 83.0, '20-24': 65.0, '25-29': 79.0, '30-34': 90.0, '35-39': 83.0, '40-44': 75.0, '45-49': 89.0, '50-54': 93.0, '55-59': 66.67, '60-64': 90.0, '65-69': 76.0, '70-74': 83.0, '75-79': 86.0, '80-84': 57.58, '85-89': 87.0, '90-94': 93.0, '95-99': 64.65, '100-104': 81.0, '105-109': 70.71, '110-114': 72.0, '115-119': 70.71, '120-124': 82.0, '125-129': 87.0, '130-134': 86.0, '135-139': 77.0, '140-144': 88.89, '145-149': 70.0, '150-154': 76.77, '155-159': 84.0, 'old': 79.15, 'new': 84.0}
2025-05-09 12:36:18,002 [trainer.py] => CNN top1 curve: [100.0, 93.0, 91.33, 93.0, 88.8, 86.83, 87.86, 87.75, 87.11, 87.2, 88.0, 87.57, 88.14, 87.06, 86.72, 86.55, 84.92, 85.09, 85.14, 83.93, 84.12, 82.83, 81.88, 81.38, 80.96, 80.85, 80.82, 80.5, 80.34, 79.53, 79.34, 79.3]
2025-05-09 12:36:18,002 [trainer.py] => CNN top5 curve: [100.0, 100.0, 99.33, 99.25, 99.4, 98.83, 99.0, 99.0, 98.0, 97.9, 98.09, 98.0, 98.0, 97.78, 97.67, 97.69, 96.94, 97.11, 97.15, 96.8, 96.8, 96.58, 95.78, 95.87, 95.83, 95.84, 95.44, 95.1, 94.96, 94.69, 94.57, 94.33]

Average Accuracy (CNN): 85.56
2025-05-09 12:36:18,002 [trainer.py] => Average Accuracy (CNN): 85.56 

2025-05-09 12:36:18,003 [trainer.py] => All params: 85921537
2025-05-09 12:36:18,004 [trainer.py] => Trainable params: 85921537
2025-05-09 12:36:18,014 [simplecil.py] => Learning on 160-165
Time for task 32: 14.28305721282959
2025-05-09 12:36:59,569 [trainer.py] => No NME accuracy.
2025-05-09 12:36:59,570 [trainer.py] => CNN: {'total': 79.02, '00-04': 84.0, '05-09': 70.0, '10-14': 74.0, '15-19': 82.0, '20-24': 64.0, '25-29': 78.0, '30-34': 90.0, '35-39': 83.0, '40-44': 75.0, '45-49': 88.0, '50-54': 90.0, '55-59': 66.67, '60-64': 90.0, '65-69': 76.0, '70-74': 83.0, '75-79': 86.0, '80-84': 57.58, '85-89': 87.0, '90-94': 93.0, '95-99': 64.65, '100-104': 81.0, '105-109': 70.71, '110-114': 72.0, '115-119': 70.71, '120-124': 81.0, '125-129': 87.0, '130-134': 86.0, '135-139': 77.0, '140-144': 88.89, '145-149': 70.0, '150-154': 76.77, '155-159': 84.0, '160-164': 80.0, 'old': 78.99, 'new': 80.0}
2025-05-09 12:36:59,570 [trainer.py] => CNN top1 curve: [100.0, 93.0, 91.33, 93.0, 88.8, 86.83, 87.86, 87.75, 87.11, 87.2, 88.0, 87.57, 88.14, 87.06, 86.72, 86.55, 84.92, 85.09, 85.14, 83.93, 84.12, 82.83, 81.88, 81.38, 80.96, 80.85, 80.82, 80.5, 80.34, 79.53, 79.34, 79.3, 79.02]
2025-05-09 12:36:59,570 [trainer.py] => CNN top5 curve: [100.0, 100.0, 99.33, 99.25, 99.4, 98.83, 99.0, 99.0, 98.0, 97.9, 98.09, 98.0, 98.0, 97.78, 97.67, 97.69, 96.94, 97.11, 97.15, 96.8, 96.8, 96.58, 95.78, 95.87, 95.83, 95.84, 95.44, 95.1, 94.96, 94.69, 94.57, 94.33, 94.2]

Average Accuracy (CNN): 85.36
2025-05-09 12:36:59,570 [trainer.py] => Average Accuracy (CNN): 85.36 

2025-05-09 12:36:59,571 [trainer.py] => All params: 85925377
2025-05-09 12:36:59,571 [trainer.py] => Trainable params: 85925377
2025-05-09 12:36:59,578 [simplecil.py] => Learning on 165-170
Time for task 33: 14.223952293395996
2025-05-09 12:37:40,807 [trainer.py] => No NME accuracy.
2025-05-09 12:37:40,807 [trainer.py] => CNN: {'total': 78.48, '00-04': 84.0, '05-09': 70.0, '10-14': 74.0, '15-19': 82.0, '20-24': 64.0, '25-29': 78.0, '30-34': 90.0, '35-39': 83.0, '40-44': 75.0, '45-49': 88.0, '50-54': 90.0, '55-59': 66.67, '60-64': 90.0, '65-69': 76.0, '70-74': 78.0, '75-79': 86.0, '80-84': 57.58, '85-89': 87.0, '90-94': 93.0, '95-99': 64.65, '100-104': 81.0, '105-109': 70.71, '110-114': 72.0, '115-119': 70.71, '120-124': 81.0, '125-129': 87.0, '130-134': 85.0, '135-139': 77.0, '140-144': 87.88, '145-149': 70.0, '150-154': 76.77, '155-159': 84.0, '160-164': 80.0, '165-169': 67.68, 'old': 78.8, 'new': 67.68}
2025-05-09 12:37:40,807 [trainer.py] => CNN top1 curve: [100.0, 93.0, 91.33, 93.0, 88.8, 86.83, 87.86, 87.75, 87.11, 87.2, 88.0, 87.57, 88.14, 87.06, 86.72, 86.55, 84.92, 85.09, 85.14, 83.93, 84.12, 82.83, 81.88, 81.38, 80.96, 80.85, 80.82, 80.5, 80.34, 79.53, 79.34, 79.3, 79.02, 78.48]
2025-05-09 12:37:40,807 [trainer.py] => CNN top5 curve: [100.0, 100.0, 99.33, 99.25, 99.4, 98.83, 99.0, 99.0, 98.0, 97.9, 98.09, 98.0, 98.0, 97.78, 97.67, 97.69, 96.94, 97.11, 97.15, 96.8, 96.8, 96.58, 95.78, 95.87, 95.83, 95.84, 95.44, 95.1, 94.96, 94.69, 94.57, 94.33, 94.2, 93.6]

Average Accuracy (CNN): 85.16
2025-05-09 12:37:40,807 [trainer.py] => Average Accuracy (CNN): 85.16 

2025-05-09 12:37:40,808 [trainer.py] => All params: 85929217
2025-05-09 12:37:40,808 [trainer.py] => Trainable params: 85929217
2025-05-09 12:37:40,815 [simplecil.py] => Learning on 170-175
Time for task 34: 12.853177785873413
2025-05-09 12:38:21,645 [trainer.py] => No NME accuracy.
2025-05-09 12:38:21,646 [trainer.py] => CNN: {'total': 78.15, '00-04': 84.0, '05-09': 68.0, '10-14': 74.0, '15-19': 82.0, '20-24': 64.0, '25-29': 78.0, '30-34': 90.0, '35-39': 82.0, '40-44': 75.0, '45-49': 82.0, '50-54': 90.0, '55-59': 66.67, '60-64': 90.0, '65-69': 76.0, '70-74': 78.0, '75-79': 86.0, '80-84': 57.58, '85-89': 85.0, '90-94': 93.0, '95-99': 64.65, '100-104': 81.0, '105-109': 69.7, '110-114': 72.0, '115-119': 69.7, '120-124': 81.0, '125-129': 87.0, '130-134': 85.0, '135-139': 77.0, '140-144': 87.88, '145-149': 67.0, '150-154': 76.77, '155-159': 84.0, '160-164': 80.0, '165-169': 67.68, '170-174': 83.0, 'old': 78.01, 'new': 83.0}
2025-05-09 12:38:21,646 [trainer.py] => CNN top1 curve: [100.0, 93.0, 91.33, 93.0, 88.8, 86.83, 87.86, 87.75, 87.11, 87.2, 88.0, 87.57, 88.14, 87.06, 86.72, 86.55, 84.92, 85.09, 85.14, 83.93, 84.12, 82.83, 81.88, 81.38, 80.96, 80.85, 80.82, 80.5, 80.34, 79.53, 79.34, 79.3, 79.02, 78.48, 78.15]
2025-05-09 12:38:21,646 [trainer.py] => CNN top5 curve: [100.0, 100.0, 99.33, 99.25, 99.4, 98.83, 99.0, 99.0, 98.0, 97.9, 98.09, 98.0, 98.0, 97.78, 97.67, 97.69, 96.94, 97.11, 97.15, 96.8, 96.8, 96.58, 95.78, 95.87, 95.83, 95.84, 95.44, 95.1, 94.96, 94.69, 94.57, 94.33, 94.2, 93.6, 93.64]

Average Accuracy (CNN): 84.96
2025-05-09 12:38:21,647 [trainer.py] => Average Accuracy (CNN): 84.96 

2025-05-09 12:38:21,648 [trainer.py] => All params: 85933057
2025-05-09 12:38:21,650 [trainer.py] => Trainable params: 85933057
2025-05-09 12:38:21,661 [simplecil.py] => Learning on 175-180
Time for task 35: 13.677894115447998
2025-05-09 12:39:04,701 [trainer.py] => No NME accuracy.
2025-05-09 12:39:04,701 [trainer.py] => CNN: {'total': 76.73, '00-04': 82.0, '05-09': 65.0, '10-14': 74.0, '15-19': 78.0, '20-24': 64.0, '25-29': 78.0, '30-34': 90.0, '35-39': 77.0, '40-44': 75.0, '45-49': 82.0, '50-54': 90.0, '55-59': 66.67, '60-64': 90.0, '65-69': 76.0, '70-74': 78.0, '75-79': 86.0, '80-84': 56.57, '85-89': 85.0, '90-94': 93.0, '95-99': 64.65, '100-104': 80.0, '105-109': 69.7, '110-114': 70.0, '115-119': 69.7, '120-124': 81.0, '125-129': 87.0, '130-134': 85.0, '135-139': 77.0, '140-144': 87.88, '145-149': 67.0, '150-154': 76.77, '155-159': 83.0, '160-164': 79.0, '165-169': 67.68, '170-174': 83.0, '175-179': 47.0, 'old': 77.58, 'new': 47.0}
2025-05-09 12:39:04,702 [trainer.py] => CNN top1 curve: [100.0, 93.0, 91.33, 93.0, 88.8, 86.83, 87.86, 87.75, 87.11, 87.2, 88.0, 87.57, 88.14, 87.06, 86.72, 86.55, 84.92, 85.09, 85.14, 83.93, 84.12, 82.83, 81.88, 81.38, 80.96, 80.85, 80.82, 80.5, 80.34, 79.53, 79.34, 79.3, 79.02, 78.48, 78.15, 76.73]
2025-05-09 12:39:04,702 [trainer.py] => CNN top5 curve: [100.0, 100.0, 99.33, 99.25, 99.4, 98.83, 99.0, 99.0, 98.0, 97.9, 98.09, 98.0, 98.0, 97.78, 97.67, 97.69, 96.94, 97.11, 97.15, 96.8, 96.8, 96.58, 95.78, 95.87, 95.83, 95.84, 95.44, 95.1, 94.96, 94.69, 94.57, 94.33, 94.2, 93.6, 93.64, 93.26]

Average Accuracy (CNN): 84.73
2025-05-09 12:39:04,702 [trainer.py] => Average Accuracy (CNN): 84.73 

2025-05-09 12:39:04,704 [trainer.py] => All params: 85936897
2025-05-09 12:39:04,706 [trainer.py] => Trainable params: 85936897
2025-05-09 12:39:04,719 [simplecil.py] => Learning on 180-185
Time for task 36: 13.469938516616821
2025-05-09 12:39:48,057 [trainer.py] => No NME accuracy.
2025-05-09 12:39:48,058 [trainer.py] => CNN: {'total': 76.69, '00-04': 82.0, '05-09': 65.0, '10-14': 74.0, '15-19': 78.0, '20-24': 64.0, '25-29': 77.0, '30-34': 90.0, '35-39': 77.0, '40-44': 75.0, '45-49': 82.0, '50-54': 90.0, '55-59': 66.67, '60-64': 90.0, '65-69': 76.0, '70-74': 78.0, '75-79': 86.0, '80-84': 56.57, '85-89': 85.0, '90-94': 93.0, '95-99': 64.65, '100-104': 80.0, '105-109': 69.7, '110-114': 70.0, '115-119': 69.7, '120-124': 81.0, '125-129': 87.0, '130-134': 85.0, '135-139': 77.0, '140-144': 87.88, '145-149': 67.0, '150-154': 76.77, '155-159': 78.0, '160-164': 79.0, '165-169': 67.68, '170-174': 83.0, '175-179': 47.0, '180-184': 81.63, 'old': 76.56, 'new': 81.63}
2025-05-09 12:39:48,058 [trainer.py] => CNN top1 curve: [100.0, 93.0, 91.33, 93.0, 88.8, 86.83, 87.86, 87.75, 87.11, 87.2, 88.0, 87.57, 88.14, 87.06, 86.72, 86.55, 84.92, 85.09, 85.14, 83.93, 84.12, 82.83, 81.88, 81.38, 80.96, 80.85, 80.82, 80.5, 80.34, 79.53, 79.34, 79.3, 79.02, 78.48, 78.15, 76.73, 76.69]
2025-05-09 12:39:48,058 [trainer.py] => CNN top5 curve: [100.0, 100.0, 99.33, 99.25, 99.4, 98.83, 99.0, 99.0, 98.0, 97.9, 98.09, 98.0, 98.0, 97.78, 97.67, 97.69, 96.94, 97.11, 97.15, 96.8, 96.8, 96.58, 95.78, 95.87, 95.83, 95.84, 95.44, 95.1, 94.96, 94.69, 94.57, 94.33, 94.2, 93.6, 93.64, 93.26, 93.39]

Average Accuracy (CNN): 84.51
2025-05-09 12:39:48,059 [trainer.py] => Average Accuracy (CNN): 84.51 

2025-05-09 12:39:48,060 [trainer.py] => All params: 85940737
2025-05-09 12:39:48,062 [trainer.py] => Trainable params: 85940737
2025-05-09 12:39:48,076 [simplecil.py] => Learning on 185-190
Time for task 37: 14.013322591781616
2025-05-09 12:40:33,571 [trainer.py] => No NME accuracy.
2025-05-09 12:40:33,572 [trainer.py] => CNN: {'total': 76.17, '00-04': 82.0, '05-09': 65.0, '10-14': 74.0, '15-19': 78.0, '20-24': 64.0, '25-29': 77.0, '30-34': 90.0, '35-39': 77.0, '40-44': 75.0, '45-49': 82.0, '50-54': 90.0, '55-59': 65.66, '60-64': 83.0, '65-69': 76.0, '70-74': 78.0, '75-79': 86.0, '80-84': 56.57, '85-89': 85.0, '90-94': 93.0, '95-99': 64.65, '100-104': 80.0, '105-109': 69.7, '110-114': 70.0, '115-119': 69.7, '120-124': 81.0, '125-129': 87.0, '130-134': 85.0, '135-139': 77.0, '140-144': 87.88, '145-149': 67.0, '150-154': 76.77, '155-159': 78.0, '160-164': 79.0, '165-169': 67.68, '170-174': 83.0, '175-179': 47.0, '180-184': 81.63, '185-189': 65.0, 'old': 76.48, 'new': 65.0}
2025-05-09 12:40:33,572 [trainer.py] => CNN top1 curve: [100.0, 93.0, 91.33, 93.0, 88.8, 86.83, 87.86, 87.75, 87.11, 87.2, 88.0, 87.57, 88.14, 87.06, 86.72, 86.55, 84.92, 85.09, 85.14, 83.93, 84.12, 82.83, 81.88, 81.38, 80.96, 80.85, 80.82, 80.5, 80.34, 79.53, 79.34, 79.3, 79.02, 78.48, 78.15, 76.73, 76.69, 76.17]
2025-05-09 12:40:33,572 [trainer.py] => CNN top5 curve: [100.0, 100.0, 99.33, 99.25, 99.4, 98.83, 99.0, 99.0, 98.0, 97.9, 98.09, 98.0, 98.0, 97.78, 97.67, 97.69, 96.94, 97.11, 97.15, 96.8, 96.8, 96.58, 95.78, 95.87, 95.83, 95.84, 95.44, 95.1, 94.96, 94.69, 94.57, 94.33, 94.2, 93.6, 93.64, 93.26, 93.39, 93.14]

Average Accuracy (CNN): 84.29
2025-05-09 12:40:33,572 [trainer.py] => Average Accuracy (CNN): 84.29 

2025-05-09 12:40:33,573 [trainer.py] => All params: 85944577
2025-05-09 12:40:33,574 [trainer.py] => Trainable params: 85944577
2025-05-09 12:40:33,581 [simplecil.py] => Learning on 190-195
Time for task 38: 13.429667472839355
2025-05-09 12:41:18,738 [trainer.py] => No NME accuracy.
2025-05-09 12:41:18,757 [trainer.py] => CNN: {'total': 76.32, '00-04': 82.0, '05-09': 65.0, '10-14': 74.0, '15-19': 78.0, '20-24': 64.0, '25-29': 77.0, '30-34': 90.0, '35-39': 77.0, '40-44': 75.0, '45-49': 82.0, '50-54': 90.0, '55-59': 65.66, '60-64': 83.0, '65-69': 76.0, '70-74': 78.0, '75-79': 86.0, '80-84': 56.57, '85-89': 85.0, '90-94': 93.0, '95-99': 64.65, '100-104': 80.0, '105-109': 69.7, '110-114': 66.0, '115-119': 69.7, '120-124': 81.0, '125-129': 87.0, '130-134': 85.0, '135-139': 75.0, '140-144': 87.88, '145-149': 67.0, '150-154': 76.77, '155-159': 78.0, '160-164': 79.0, '165-169': 67.68, '170-174': 83.0, '175-179': 47.0, '180-184': 80.61, '185-189': 65.0, '190-194': 89.0, 'old': 75.99, 'new': 89.0}
2025-05-09 12:41:18,757 [trainer.py] => CNN top1 curve: [100.0, 93.0, 91.33, 93.0, 88.8, 86.83, 87.86, 87.75, 87.11, 87.2, 88.0, 87.57, 88.14, 87.06, 86.72, 86.55, 84.92, 85.09, 85.14, 83.93, 84.12, 82.83, 81.88, 81.38, 80.96, 80.85, 80.82, 80.5, 80.34, 79.53, 79.34, 79.3, 79.02, 78.48, 78.15, 76.73, 76.69, 76.17, 76.32]
2025-05-09 12:41:18,757 [trainer.py] => CNN top5 curve: [100.0, 100.0, 99.33, 99.25, 99.4, 98.83, 99.0, 99.0, 98.0, 97.9, 98.09, 98.0, 98.0, 97.78, 97.67, 97.69, 96.94, 97.11, 97.15, 96.8, 96.8, 96.58, 95.78, 95.87, 95.83, 95.84, 95.44, 95.1, 94.96, 94.69, 94.57, 94.33, 94.2, 93.6, 93.64, 93.26, 93.39, 93.14, 93.21]

Average Accuracy (CNN): 84.09
2025-05-09 12:41:18,757 [trainer.py] => Average Accuracy (CNN): 84.09 

2025-05-09 12:41:18,758 [trainer.py] => All params: 85948417
2025-05-09 12:41:18,758 [trainer.py] => Trainable params: 85948417
2025-05-09 12:41:18,769 [simplecil.py] => Learning on 195-200
Time for task 39: 12.915445566177368
2025-05-09 12:42:05,036 [trainer.py] => No NME accuracy.
2025-05-09 12:42:05,036 [trainer.py] => CNN: {'total': 76.32, '00-04': 82.0, '05-09': 64.0, '10-14': 74.0, '15-19': 78.0, '20-24': 64.0, '25-29': 77.0, '30-34': 90.0, '35-39': 77.0, '40-44': 75.0, '45-49': 82.0, '50-54': 90.0, '55-59': 64.65, '60-64': 83.0, '65-69': 76.0, '70-74': 78.0, '75-79': 86.0, '80-84': 56.57, '85-89': 85.0, '90-94': 91.0, '95-99': 64.65, '100-104': 80.0, '105-109': 69.7, '110-114': 66.0, '115-119': 69.7, '120-124': 81.0, '125-129': 87.0, '130-134': 85.0, '135-139': 75.0, '140-144': 87.88, '145-149': 66.0, '150-154': 76.77, '155-159': 78.0, '160-164': 77.0, '165-169': 67.68, '170-174': 83.0, '175-179': 47.0, '180-184': 80.61, '185-189': 65.0, '190-194': 89.0, '195-199': 83.0, 'old': 76.14, 'new': 83.0}
2025-05-09 12:42:05,036 [trainer.py] => CNN top1 curve: [100.0, 93.0, 91.33, 93.0, 88.8, 86.83, 87.86, 87.75, 87.11, 87.2, 88.0, 87.57, 88.14, 87.06, 86.72, 86.55, 84.92, 85.09, 85.14, 83.93, 84.12, 82.83, 81.88, 81.38, 80.96, 80.85, 80.82, 80.5, 80.34, 79.53, 79.34, 79.3, 79.02, 78.48, 78.15, 76.73, 76.69, 76.17, 76.32, 76.32]
2025-05-09 12:42:05,037 [trainer.py] => CNN top5 curve: [100.0, 100.0, 99.33, 99.25, 99.4, 98.83, 99.0, 99.0, 98.0, 97.9, 98.09, 98.0, 98.0, 97.78, 97.67, 97.69, 96.94, 97.11, 97.15, 96.8, 96.8, 96.58, 95.78, 95.87, 95.83, 95.84, 95.44, 95.1, 94.96, 94.69, 94.57, 94.33, 94.2, 93.6, 93.64, 93.26, 93.39, 93.14, 93.21, 93.26]

Average Accuracy (CNN): 83.89
2025-05-09 12:42:05,037 [trainer.py] => Average Accuracy (CNN): 83.89 

2025-05-09 12:42:05,037 [trainer.py] => All params: 85952257
2025-05-09 12:42:05,038 [trainer.py] => Trainable params: 85952257
2025-05-09 12:42:05,047 [simplecil.py] => Learning on 200-205
Time for task 40: 13.886728286743164
2025-05-09 12:42:51,191 [trainer.py] => No NME accuracy.
2025-05-09 12:42:51,191 [trainer.py] => CNN: {'total': 75.96, '00-04': 82.0, '05-09': 64.0, '10-14': 74.0, '15-19': 78.0, '20-24': 63.0, '25-29': 77.0, '30-34': 90.0, '35-39': 77.0, '40-44': 75.0, '45-49': 82.0, '50-54': 90.0, '55-59': 64.65, '60-64': 83.0, '65-69': 76.0, '70-74': 78.0, '75-79': 86.0, '80-84': 56.57, '85-89': 85.0, '90-94': 89.0, '95-99': 64.65, '100-104': 80.0, '105-109': 69.7, '110-114': 64.0, '115-119': 69.7, '120-124': 81.0, '125-129': 87.0, '130-134': 85.0, '135-139': 75.0, '140-144': 87.88, '145-149': 66.0, '150-154': 76.77, '155-159': 78.0, '160-164': 77.0, '165-169': 67.68, '170-174': 83.0, '175-179': 47.0, '180-184': 80.61, '185-189': 65.0, '190-194': 86.0, '195-199': 83.0, '200-204': 69.7, 'old': 76.12, 'new': 69.7}
2025-05-09 12:42:51,191 [trainer.py] => CNN top1 curve: [100.0, 93.0, 91.33, 93.0, 88.8, 86.83, 87.86, 87.75, 87.11, 87.2, 88.0, 87.57, 88.14, 87.06, 86.72, 86.55, 84.92, 85.09, 85.14, 83.93, 84.12, 82.83, 81.88, 81.38, 80.96, 80.85, 80.82, 80.5, 80.34, 79.53, 79.34, 79.3, 79.02, 78.48, 78.15, 76.73, 76.69, 76.17, 76.32, 76.32, 75.96]
2025-05-09 12:42:51,191 [trainer.py] => CNN top5 curve: [100.0, 100.0, 99.33, 99.25, 99.4, 98.83, 99.0, 99.0, 98.0, 97.9, 98.09, 98.0, 98.0, 97.78, 97.67, 97.69, 96.94, 97.11, 97.15, 96.8, 96.8, 96.58, 95.78, 95.87, 95.83, 95.84, 95.44, 95.1, 94.96, 94.69, 94.57, 94.33, 94.2, 93.6, 93.64, 93.26, 93.39, 93.14, 93.21, 93.26, 93.08]

Average Accuracy (CNN): 83.7
2025-05-09 12:42:51,191 [trainer.py] => Average Accuracy (CNN): 83.7 

2025-05-09 12:42:51,192 [trainer.py] => All params: 85956097
2025-05-09 12:42:51,192 [trainer.py] => Trainable params: 85956097
2025-05-09 12:42:51,197 [simplecil.py] => Learning on 205-210
Time for task 41: 14.075505495071411
2025-05-09 12:43:39,512 [trainer.py] => No NME accuracy.
2025-05-09 12:43:39,512 [trainer.py] => CNN: {'total': 75.7, '00-04': 82.0, '05-09': 64.0, '10-14': 74.0, '15-19': 78.0, '20-24': 63.0, '25-29': 77.0, '30-34': 90.0, '35-39': 77.0, '40-44': 72.0, '45-49': 82.0, '50-54': 90.0, '55-59': 64.65, '60-64': 83.0, '65-69': 76.0, '70-74': 78.0, '75-79': 85.0, '80-84': 56.57, '85-89': 85.0, '90-94': 89.0, '95-99': 64.65, '100-104': 80.0, '105-109': 69.7, '110-114': 64.0, '115-119': 69.7, '120-124': 81.0, '125-129': 87.0, '130-134': 85.0, '135-139': 75.0, '140-144': 87.88, '145-149': 66.0, '150-154': 76.77, '155-159': 78.0, '160-164': 77.0, '165-169': 67.68, '170-174': 83.0, '175-179': 47.0, '180-184': 80.61, '185-189': 64.0, '190-194': 86.0, '195-199': 79.0, '200-204': 69.7, '205-209': 74.0, 'old': 75.74, 'new': 74.0}
2025-05-09 12:43:39,512 [trainer.py] => CNN top1 curve: [100.0, 93.0, 91.33, 93.0, 88.8, 86.83, 87.86, 87.75, 87.11, 87.2, 88.0, 87.57, 88.14, 87.06, 86.72, 86.55, 84.92, 85.09, 85.14, 83.93, 84.12, 82.83, 81.88, 81.38, 80.96, 80.85, 80.82, 80.5, 80.34, 79.53, 79.34, 79.3, 79.02, 78.48, 78.15, 76.73, 76.69, 76.17, 76.32, 76.32, 75.96, 75.7]
2025-05-09 12:43:39,512 [trainer.py] => CNN top5 curve: [100.0, 100.0, 99.33, 99.25, 99.4, 98.83, 99.0, 99.0, 98.0, 97.9, 98.09, 98.0, 98.0, 97.78, 97.67, 97.69, 96.94, 97.11, 97.15, 96.8, 96.8, 96.58, 95.78, 95.87, 95.83, 95.84, 95.44, 95.1, 94.96, 94.69, 94.57, 94.33, 94.2, 93.6, 93.64, 93.26, 93.39, 93.14, 93.21, 93.26, 93.08, 92.81]

Average Accuracy (CNN): 83.51
2025-05-09 12:43:39,512 [trainer.py] => Average Accuracy (CNN): 83.51 

2025-05-09 12:43:39,513 [trainer.py] => All params: 85959937
2025-05-09 12:43:39,514 [trainer.py] => Trainable params: 85959937
2025-05-09 12:43:39,520 [simplecil.py] => Learning on 210-215
Time for task 42: 14.429675579071045
2025-05-09 12:44:28,422 [trainer.py] => No NME accuracy.
2025-05-09 12:44:28,423 [trainer.py] => CNN: {'total': 75.01, '00-04': 82.0, '05-09': 64.0, '10-14': 74.0, '15-19': 78.0, '20-24': 62.0, '25-29': 76.0, '30-34': 90.0, '35-39': 77.0, '40-44': 72.0, '45-49': 80.0, '50-54': 90.0, '55-59': 64.65, '60-64': 83.0, '65-69': 75.0, '70-74': 78.0, '75-79': 85.0, '80-84': 56.57, '85-89': 85.0, '90-94': 89.0, '95-99': 64.65, '100-104': 80.0, '105-109': 69.7, '110-114': 64.0, '115-119': 69.7, '120-124': 81.0, '125-129': 87.0, '130-134': 85.0, '135-139': 75.0, '140-144': 87.88, '145-149': 66.0, '150-154': 76.77, '155-159': 77.0, '160-164': 76.0, '165-169': 67.68, '170-174': 82.0, '175-179': 46.0, '180-184': 80.61, '185-189': 63.0, '190-194': 86.0, '195-199': 79.0, '200-204': 67.68, '205-209': 73.0, '210-214': 59.0, 'old': 75.39, 'new': 59.0}
2025-05-09 12:44:28,423 [trainer.py] => CNN top1 curve: [100.0, 93.0, 91.33, 93.0, 88.8, 86.83, 87.86, 87.75, 87.11, 87.2, 88.0, 87.57, 88.14, 87.06, 86.72, 86.55, 84.92, 85.09, 85.14, 83.93, 84.12, 82.83, 81.88, 81.38, 80.96, 80.85, 80.82, 80.5, 80.34, 79.53, 79.34, 79.3, 79.02, 78.48, 78.15, 76.73, 76.69, 76.17, 76.32, 76.32, 75.96, 75.7, 75.01]
2025-05-09 12:44:28,423 [trainer.py] => CNN top5 curve: [100.0, 100.0, 99.33, 99.25, 99.4, 98.83, 99.0, 99.0, 98.0, 97.9, 98.09, 98.0, 98.0, 97.78, 97.67, 97.69, 96.94, 97.11, 97.15, 96.8, 96.8, 96.58, 95.78, 95.87, 95.83, 95.84, 95.44, 95.1, 94.96, 94.69, 94.57, 94.33, 94.2, 93.6, 93.64, 93.26, 93.39, 93.14, 93.21, 93.26, 93.08, 92.81, 92.17]

Average Accuracy (CNN): 83.31
2025-05-09 12:44:28,424 [trainer.py] => Average Accuracy (CNN): 83.31 

2025-05-09 12:44:28,425 [trainer.py] => All params: 85963777
2025-05-09 12:44:28,427 [trainer.py] => Trainable params: 85963777
2025-05-09 12:44:28,440 [simplecil.py] => Learning on 215-220
Time for task 43: 14.151078939437866
2025-05-09 12:45:17,898 [trainer.py] => No NME accuracy.
2025-05-09 12:45:17,900 [trainer.py] => CNN: {'total': 74.12, '00-04': 82.0, '05-09': 64.0, '10-14': 74.0, '15-19': 76.0, '20-24': 60.0, '25-29': 76.0, '30-34': 90.0, '35-39': 77.0, '40-44': 71.0, '45-49': 80.0, '50-54': 90.0, '55-59': 64.65, '60-64': 83.0, '65-69': 75.0, '70-74': 78.0, '75-79': 85.0, '80-84': 56.57, '85-89': 85.0, '90-94': 89.0, '95-99': 64.65, '100-104': 80.0, '105-109': 69.7, '110-114': 63.0, '115-119': 69.7, '120-124': 81.0, '125-129': 87.0, '130-134': 85.0, '135-139': 74.0, '140-144': 87.88, '145-149': 66.0, '150-154': 76.77, '155-159': 77.0, '160-164': 76.0, '165-169': 67.68, '170-174': 82.0, '175-179': 45.0, '180-184': 80.61, '185-189': 63.0, '190-194': 86.0, '195-199': 79.0, '200-204': 67.68, '205-209': 73.0, '210-214': 58.0, '215-219': 45.0, 'old': 74.8, 'new': 45.0}
2025-05-09 12:45:17,900 [trainer.py] => CNN top1 curve: [100.0, 93.0, 91.33, 93.0, 88.8, 86.83, 87.86, 87.75, 87.11, 87.2, 88.0, 87.57, 88.14, 87.06, 86.72, 86.55, 84.92, 85.09, 85.14, 83.93, 84.12, 82.83, 81.88, 81.38, 80.96, 80.85, 80.82, 80.5, 80.34, 79.53, 79.34, 79.3, 79.02, 78.48, 78.15, 76.73, 76.69, 76.17, 76.32, 76.32, 75.96, 75.7, 75.01, 74.12]
2025-05-09 12:45:17,900 [trainer.py] => CNN top5 curve: [100.0, 100.0, 99.33, 99.25, 99.4, 98.83, 99.0, 99.0, 98.0, 97.9, 98.09, 98.0, 98.0, 97.78, 97.67, 97.69, 96.94, 97.11, 97.15, 96.8, 96.8, 96.58, 95.78, 95.87, 95.83, 95.84, 95.44, 95.1, 94.96, 94.69, 94.57, 94.33, 94.2, 93.6, 93.64, 93.26, 93.39, 93.14, 93.21, 93.26, 93.08, 92.81, 92.17, 91.39]

Average Accuracy (CNN): 83.1
2025-05-09 12:45:17,900 [trainer.py] => Average Accuracy (CNN): 83.1 

2025-05-09 12:45:17,901 [trainer.py] => All params: 85967617
2025-05-09 12:45:17,902 [trainer.py] => Trainable params: 85967617
2025-05-09 12:45:17,912 [simplecil.py] => Learning on 220-225
Time for task 44: 15.473483085632324
2025-05-09 12:46:08,833 [trainer.py] => No NME accuracy.
2025-05-09 12:46:08,834 [trainer.py] => CNN: {'total': 73.94, '00-04': 82.0, '05-09': 64.0, '10-14': 74.0, '15-19': 76.0, '20-24': 60.0, '25-29': 76.0, '30-34': 90.0, '35-39': 77.0, '40-44': 71.0, '45-49': 80.0, '50-54': 90.0, '55-59': 64.65, '60-64': 83.0, '65-69': 75.0, '70-74': 78.0, '75-79': 85.0, '80-84': 56.57, '85-89': 85.0, '90-94': 89.0, '95-99': 64.65, '100-104': 80.0, '105-109': 56.57, '110-114': 63.0, '115-119': 69.7, '120-124': 81.0, '125-129': 86.0, '130-134': 85.0, '135-139': 74.0, '140-144': 87.88, '145-149': 66.0, '150-154': 76.77, '155-159': 77.0, '160-164': 76.0, '165-169': 67.68, '170-174': 82.0, '175-179': 45.0, '180-184': 80.61, '185-189': 63.0, '190-194': 86.0, '195-199': 79.0, '200-204': 62.63, '205-209': 73.0, '210-214': 58.0, '215-219': 45.0, '220-224': 85.0, 'old': 73.68, 'new': 85.0}
2025-05-09 12:46:08,834 [trainer.py] => CNN top1 curve: [100.0, 93.0, 91.33, 93.0, 88.8, 86.83, 87.86, 87.75, 87.11, 87.2, 88.0, 87.57, 88.14, 87.06, 86.72, 86.55, 84.92, 85.09, 85.14, 83.93, 84.12, 82.83, 81.88, 81.38, 80.96, 80.85, 80.82, 80.5, 80.34, 79.53, 79.34, 79.3, 79.02, 78.48, 78.15, 76.73, 76.69, 76.17, 76.32, 76.32, 75.96, 75.7, 75.01, 74.12, 73.94]
2025-05-09 12:46:08,834 [trainer.py] => CNN top5 curve: [100.0, 100.0, 99.33, 99.25, 99.4, 98.83, 99.0, 99.0, 98.0, 97.9, 98.09, 98.0, 98.0, 97.78, 97.67, 97.69, 96.94, 97.11, 97.15, 96.8, 96.8, 96.58, 95.78, 95.87, 95.83, 95.84, 95.44, 95.1, 94.96, 94.69, 94.57, 94.33, 94.2, 93.6, 93.64, 93.26, 93.39, 93.14, 93.21, 93.26, 93.08, 92.81, 92.17, 91.39, 91.49]

Average Accuracy (CNN): 82.9
2025-05-09 12:46:08,835 [trainer.py] => Average Accuracy (CNN): 82.9 

2025-05-09 12:46:08,836 [trainer.py] => All params: 85971457
2025-05-09 12:46:08,838 [trainer.py] => Trainable params: 85971457
2025-05-09 12:46:08,853 [simplecil.py] => Learning on 225-230
Time for task 45: 13.9330313205719
2025-05-09 12:47:00,035 [trainer.py] => No NME accuracy.
2025-05-09 12:47:00,035 [trainer.py] => CNN: {'total': 74.06, '00-04': 82.0, '05-09': 64.0, '10-14': 74.0, '15-19': 76.0, '20-24': 60.0, '25-29': 76.0, '30-34': 90.0, '35-39': 77.0, '40-44': 71.0, '45-49': 79.0, '50-54': 90.0, '55-59': 64.65, '60-64': 82.0, '65-69': 75.0, '70-74': 78.0, '75-79': 85.0, '80-84': 56.57, '85-89': 85.0, '90-94': 89.0, '95-99': 64.65, '100-104': 79.0, '105-109': 56.57, '110-114': 63.0, '115-119': 69.7, '120-124': 80.0, '125-129': 86.0, '130-134': 85.0, '135-139': 74.0, '140-144': 87.88, '145-149': 66.0, '150-154': 76.77, '155-159': 77.0, '160-164': 76.0, '165-169': 67.68, '170-174': 81.0, '175-179': 45.0, '180-184': 80.61, '185-189': 63.0, '190-194': 86.0, '195-199': 79.0, '200-204': 62.63, '205-209': 72.0, '210-214': 58.0, '215-219': 45.0, '220-224': 85.0, '225-229': 85.86, 'old': 73.8, 'new': 85.86}
2025-05-09 12:47:00,036 [trainer.py] => CNN top1 curve: [100.0, 93.0, 91.33, 93.0, 88.8, 86.83, 87.86, 87.75, 87.11, 87.2, 88.0, 87.57, 88.14, 87.06, 86.72, 86.55, 84.92, 85.09, 85.14, 83.93, 84.12, 82.83, 81.88, 81.38, 80.96, 80.85, 80.82, 80.5, 80.34, 79.53, 79.34, 79.3, 79.02, 78.48, 78.15, 76.73, 76.69, 76.17, 76.32, 76.32, 75.96, 75.7, 75.01, 74.12, 73.94, 74.06]
2025-05-09 12:47:00,036 [trainer.py] => CNN top5 curve: [100.0, 100.0, 99.33, 99.25, 99.4, 98.83, 99.0, 99.0, 98.0, 97.9, 98.09, 98.0, 98.0, 97.78, 97.67, 97.69, 96.94, 97.11, 97.15, 96.8, 96.8, 96.58, 95.78, 95.87, 95.83, 95.84, 95.44, 95.1, 94.96, 94.69, 94.57, 94.33, 94.2, 93.6, 93.64, 93.26, 93.39, 93.14, 93.21, 93.26, 93.08, 92.81, 92.17, 91.39, 91.49, 91.59]

Average Accuracy (CNN): 82.71
2025-05-09 12:47:00,036 [trainer.py] => Average Accuracy (CNN): 82.71 

2025-05-09 12:47:00,038 [trainer.py] => All params: 85975297
2025-05-09 12:47:00,040 [trainer.py] => Trainable params: 85975297
2025-05-09 12:47:00,050 [simplecil.py] => Learning on 230-235
Time for task 46: 13.994888305664062
2025-05-09 12:47:51,157 [trainer.py] => No NME accuracy.
2025-05-09 12:47:51,157 [trainer.py] => CNN: {'total': 74.36, '00-04': 82.0, '05-09': 64.0, '10-14': 74.0, '15-19': 76.0, '20-24': 60.0, '25-29': 76.0, '30-34': 90.0, '35-39': 77.0, '40-44': 71.0, '45-49': 79.0, '50-54': 90.0, '55-59': 64.65, '60-64': 82.0, '65-69': 75.0, '70-74': 78.0, '75-79': 85.0, '80-84': 56.57, '85-89': 85.0, '90-94': 89.0, '95-99': 64.65, '100-104': 79.0, '105-109': 56.57, '110-114': 62.0, '115-119': 69.7, '120-124': 78.0, '125-129': 86.0, '130-134': 85.0, '135-139': 74.0, '140-144': 87.88, '145-149': 66.0, '150-154': 76.77, '155-159': 77.0, '160-164': 76.0, '165-169': 67.68, '170-174': 81.0, '175-179': 45.0, '180-184': 80.61, '185-189': 63.0, '190-194': 85.0, '195-199': 79.0, '200-204': 62.63, '205-209': 72.0, '210-214': 58.0, '215-219': 45.0, '220-224': 85.0, '225-229': 85.86, '230-234': 92.0, 'old': 73.98, 'new': 92.0}
2025-05-09 12:47:51,157 [trainer.py] => CNN top1 curve: [100.0, 93.0, 91.33, 93.0, 88.8, 86.83, 87.86, 87.75, 87.11, 87.2, 88.0, 87.57, 88.14, 87.06, 86.72, 86.55, 84.92, 85.09, 85.14, 83.93, 84.12, 82.83, 81.88, 81.38, 80.96, 80.85, 80.82, 80.5, 80.34, 79.53, 79.34, 79.3, 79.02, 78.48, 78.15, 76.73, 76.69, 76.17, 76.32, 76.32, 75.96, 75.7, 75.01, 74.12, 73.94, 74.06, 74.36]
2025-05-09 12:47:51,157 [trainer.py] => CNN top5 curve: [100.0, 100.0, 99.33, 99.25, 99.4, 98.83, 99.0, 99.0, 98.0, 97.9, 98.09, 98.0, 98.0, 97.78, 97.67, 97.69, 96.94, 97.11, 97.15, 96.8, 96.8, 96.58, 95.78, 95.87, 95.83, 95.84, 95.44, 95.1, 94.96, 94.69, 94.57, 94.33, 94.2, 93.6, 93.64, 93.26, 93.39, 93.14, 93.21, 93.26, 93.08, 92.81, 92.17, 91.39, 91.49, 91.59, 91.7]

Average Accuracy (CNN): 82.53
2025-05-09 12:47:51,158 [trainer.py] => Average Accuracy (CNN): 82.53 

2025-05-09 12:47:51,158 [trainer.py] => All params: 85979137
2025-05-09 12:47:51,159 [trainer.py] => Trainable params: 85979137
2025-05-09 12:47:51,165 [simplecil.py] => Learning on 235-240
Time for task 47: 15.51283049583435
2025-05-09 12:48:44,816 [trainer.py] => No NME accuracy.
2025-05-09 12:48:44,817 [trainer.py] => CNN: {'total': 74.1, '00-04': 81.0, '05-09': 64.0, '10-14': 74.0, '15-19': 74.0, '20-24': 60.0, '25-29': 76.0, '30-34': 90.0, '35-39': 77.0, '40-44': 71.0, '45-49': 79.0, '50-54': 90.0, '55-59': 64.65, '60-64': 82.0, '65-69': 75.0, '70-74': 78.0, '75-79': 85.0, '80-84': 56.57, '85-89': 85.0, '90-94': 89.0, '95-99': 64.65, '100-104': 79.0, '105-109': 56.57, '110-114': 62.0, '115-119': 69.7, '120-124': 78.0, '125-129': 86.0, '130-134': 85.0, '135-139': 74.0, '140-144': 85.86, '145-149': 66.0, '150-154': 75.76, '155-159': 77.0, '160-164': 76.0, '165-169': 67.68, '170-174': 80.0, '175-179': 45.0, '180-184': 80.61, '185-189': 63.0, '190-194': 85.0, '195-199': 79.0, '200-204': 62.63, '205-209': 72.0, '210-214': 58.0, '215-219': 45.0, '220-224': 85.0, '225-229': 85.86, '230-234': 92.0, '235-239': 69.0, 'old': 74.21, 'new': 69.0}
2025-05-09 12:48:44,817 [trainer.py] => CNN top1 curve: [100.0, 93.0, 91.33, 93.0, 88.8, 86.83, 87.86, 87.75, 87.11, 87.2, 88.0, 87.57, 88.14, 87.06, 86.72, 86.55, 84.92, 85.09, 85.14, 83.93, 84.12, 82.83, 81.88, 81.38, 80.96, 80.85, 80.82, 80.5, 80.34, 79.53, 79.34, 79.3, 79.02, 78.48, 78.15, 76.73, 76.69, 76.17, 76.32, 76.32, 75.96, 75.7, 75.01, 74.12, 73.94, 74.06, 74.36, 74.1]
2025-05-09 12:48:44,817 [trainer.py] => CNN top5 curve: [100.0, 100.0, 99.33, 99.25, 99.4, 98.83, 99.0, 99.0, 98.0, 97.9, 98.09, 98.0, 98.0, 97.78, 97.67, 97.69, 96.94, 97.11, 97.15, 96.8, 96.8, 96.58, 95.78, 95.87, 95.83, 95.84, 95.44, 95.1, 94.96, 94.69, 94.57, 94.33, 94.2, 93.6, 93.64, 93.26, 93.39, 93.14, 93.21, 93.26, 93.08, 92.81, 92.17, 91.39, 91.49, 91.59, 91.7, 91.23]

Average Accuracy (CNN): 82.35
2025-05-09 12:48:44,818 [trainer.py] => Average Accuracy (CNN): 82.35 

2025-05-09 12:48:44,819 [trainer.py] => All params: 85982977
2025-05-09 12:48:44,821 [trainer.py] => Trainable params: 85982977
2025-05-09 12:48:44,835 [simplecil.py] => Learning on 240-245
Time for task 48: 14.856248140335083
2025-05-09 12:49:38,546 [trainer.py] => No NME accuracy.
2025-05-09 12:49:38,547 [trainer.py] => CNN: {'total': 73.59, '00-04': 81.0, '05-09': 64.0, '10-14': 74.0, '15-19': 74.0, '20-24': 60.0, '25-29': 76.0, '30-34': 90.0, '35-39': 77.0, '40-44': 71.0, '45-49': 79.0, '50-54': 90.0, '55-59': 64.65, '60-64': 82.0, '65-69': 75.0, '70-74': 78.0, '75-79': 85.0, '80-84': 56.57, '85-89': 85.0, '90-94': 89.0, '95-99': 64.65, '100-104': 79.0, '105-109': 56.57, '110-114': 62.0, '115-119': 68.69, '120-124': 78.0, '125-129': 76.0, '130-134': 85.0, '135-139': 74.0, '140-144': 85.86, '145-149': 66.0, '150-154': 75.76, '155-159': 77.0, '160-164': 76.0, '165-169': 67.68, '170-174': 80.0, '175-179': 44.0, '180-184': 80.61, '185-189': 63.0, '190-194': 85.0, '195-199': 78.0, '200-204': 62.63, '205-209': 69.0, '210-214': 58.0, '215-219': 45.0, '220-224': 85.0, '225-229': 85.86, '230-234': 92.0, '235-239': 69.0, '240-244': 65.0, 'old': 73.77, 'new': 65.0}
2025-05-09 12:49:38,547 [trainer.py] => CNN top1 curve: [100.0, 93.0, 91.33, 93.0, 88.8, 86.83, 87.86, 87.75, 87.11, 87.2, 88.0, 87.57, 88.14, 87.06, 86.72, 86.55, 84.92, 85.09, 85.14, 83.93, 84.12, 82.83, 81.88, 81.38, 80.96, 80.85, 80.82, 80.5, 80.34, 79.53, 79.34, 79.3, 79.02, 78.48, 78.15, 76.73, 76.69, 76.17, 76.32, 76.32, 75.96, 75.7, 75.01, 74.12, 73.94, 74.06, 74.36, 74.1, 73.59]
2025-05-09 12:49:38,547 [trainer.py] => CNN top5 curve: [100.0, 100.0, 99.33, 99.25, 99.4, 98.83, 99.0, 99.0, 98.0, 97.9, 98.09, 98.0, 98.0, 97.78, 97.67, 97.69, 96.94, 97.11, 97.15, 96.8, 96.8, 96.58, 95.78, 95.87, 95.83, 95.84, 95.44, 95.1, 94.96, 94.69, 94.57, 94.33, 94.2, 93.6, 93.64, 93.26, 93.39, 93.14, 93.21, 93.26, 93.08, 92.81, 92.17, 91.39, 91.49, 91.59, 91.7, 91.23, 91.22]

Average Accuracy (CNN): 82.17
2025-05-09 12:49:38,547 [trainer.py] => Average Accuracy (CNN): 82.17 

2025-05-09 12:49:38,548 [trainer.py] => All params: 85986817
2025-05-09 12:49:38,549 [trainer.py] => Trainable params: 85986817
2025-05-09 12:49:38,556 [simplecil.py] => Learning on 245-250
Time for task 49: 14.289851903915405
2025-05-09 12:50:32,801 [trainer.py] => No NME accuracy.
2025-05-09 12:50:32,801 [trainer.py] => CNN: {'total': 73.46, '00-04': 81.0, '05-09': 64.0, '10-14': 74.0, '15-19': 73.0, '20-24': 60.0, '25-29': 76.0, '30-34': 90.0, '35-39': 77.0, '40-44': 71.0, '45-49': 79.0, '50-54': 90.0, '55-59': 63.64, '60-64': 82.0, '65-69': 75.0, '70-74': 78.0, '75-79': 85.0, '80-84': 56.57, '85-89': 83.0, '90-94': 89.0, '95-99': 64.65, '100-104': 79.0, '105-109': 56.57, '110-114': 62.0, '115-119': 68.69, '120-124': 78.0, '125-129': 76.0, '130-134': 85.0, '135-139': 72.0, '140-144': 85.86, '145-149': 66.0, '150-154': 75.76, '155-159': 77.0, '160-164': 76.0, '165-169': 67.68, '170-174': 80.0, '175-179': 44.0, '180-184': 80.61, '185-189': 63.0, '190-194': 85.0, '195-199': 78.0, '200-204': 62.63, '205-209': 69.0, '210-214': 58.0, '215-219': 45.0, '220-224': 85.0, '225-229': 85.86, '230-234': 92.0, '235-239': 69.0, '240-244': 65.0, '245-249': 73.0, 'old': 73.47, 'new': 73.0}
2025-05-09 12:50:32,802 [trainer.py] => CNN top1 curve: [100.0, 93.0, 91.33, 93.0, 88.8, 86.83, 87.86, 87.75, 87.11, 87.2, 88.0, 87.57, 88.14, 87.06, 86.72, 86.55, 84.92, 85.09, 85.14, 83.93, 84.12, 82.83, 81.88, 81.38, 80.96, 80.85, 80.82, 80.5, 80.34, 79.53, 79.34, 79.3, 79.02, 78.48, 78.15, 76.73, 76.69, 76.17, 76.32, 76.32, 75.96, 75.7, 75.01, 74.12, 73.94, 74.06, 74.36, 74.1, 73.59, 73.46]
2025-05-09 12:50:32,802 [trainer.py] => CNN top5 curve: [100.0, 100.0, 99.33, 99.25, 99.4, 98.83, 99.0, 99.0, 98.0, 97.9, 98.09, 98.0, 98.0, 97.78, 97.67, 97.69, 96.94, 97.11, 97.15, 96.8, 96.8, 96.58, 95.78, 95.87, 95.83, 95.84, 95.44, 95.1, 94.96, 94.69, 94.57, 94.33, 94.2, 93.6, 93.64, 93.26, 93.39, 93.14, 93.21, 93.26, 93.08, 92.81, 92.17, 91.39, 91.49, 91.59, 91.7, 91.23, 91.22, 91.26]

Average Accuracy (CNN): 82.0
2025-05-09 12:50:32,802 [trainer.py] => Average Accuracy (CNN): 82.0 

2025-05-09 12:50:32,802 [trainer.py] => All params: 85990657
2025-05-09 12:50:32,803 [trainer.py] => Trainable params: 85990657
2025-05-09 12:50:32,814 [simplecil.py] => Learning on 250-255
Time for task 50: 13.672410488128662
2025-05-09 12:51:27,264 [trainer.py] => No NME accuracy.
2025-05-09 12:51:27,264 [trainer.py] => CNN: {'total': 73.31, '00-04': 81.0, '05-09': 64.0, '10-14': 74.0, '15-19': 73.0, '20-24': 60.0, '25-29': 76.0, '30-34': 90.0, '35-39': 77.0, '40-44': 71.0, '45-49': 79.0, '50-54': 90.0, '55-59': 63.64, '60-64': 82.0, '65-69': 71.0, '70-74': 78.0, '75-79': 85.0, '80-84': 56.57, '85-89': 83.0, '90-94': 89.0, '95-99': 64.65, '100-104': 79.0, '105-109': 56.57, '110-114': 62.0, '115-119': 68.69, '120-124': 78.0, '125-129': 76.0, '130-134': 85.0, '135-139': 72.0, '140-144': 85.86, '145-149': 66.0, '150-154': 75.76, '155-159': 76.0, '160-164': 76.0, '165-169': 67.68, '170-174': 80.0, '175-179': 44.0, '180-184': 80.61, '185-189': 63.0, '190-194': 85.0, '195-199': 78.0, '200-204': 62.63, '205-209': 69.0, '210-214': 58.0, '215-219': 45.0, '220-224': 85.0, '225-229': 85.86, '230-234': 92.0, '235-239': 69.0, '240-244': 65.0, '245-249': 73.0, '250-254': 71.0, 'old': 73.36, 'new': 71.0}
2025-05-09 12:51:27,264 [trainer.py] => CNN top1 curve: [100.0, 93.0, 91.33, 93.0, 88.8, 86.83, 87.86, 87.75, 87.11, 87.2, 88.0, 87.57, 88.14, 87.06, 86.72, 86.55, 84.92, 85.09, 85.14, 83.93, 84.12, 82.83, 81.88, 81.38, 80.96, 80.85, 80.82, 80.5, 80.34, 79.53, 79.34, 79.3, 79.02, 78.48, 78.15, 76.73, 76.69, 76.17, 76.32, 76.32, 75.96, 75.7, 75.01, 74.12, 73.94, 74.06, 74.36, 74.1, 73.59, 73.46, 73.31]
2025-05-09 12:51:27,264 [trainer.py] => CNN top5 curve: [100.0, 100.0, 99.33, 99.25, 99.4, 98.83, 99.0, 99.0, 98.0, 97.9, 98.09, 98.0, 98.0, 97.78, 97.67, 97.69, 96.94, 97.11, 97.15, 96.8, 96.8, 96.58, 95.78, 95.87, 95.83, 95.84, 95.44, 95.1, 94.96, 94.69, 94.57, 94.33, 94.2, 93.6, 93.64, 93.26, 93.39, 93.14, 93.21, 93.26, 93.08, 92.81, 92.17, 91.39, 91.49, 91.59, 91.7, 91.23, 91.22, 91.26, 91.21]

Average Accuracy (CNN): 81.83
2025-05-09 12:51:27,264 [trainer.py] => Average Accuracy (CNN): 81.83 

2025-05-09 12:51:27,265 [trainer.py] => All params: 85994497
2025-05-09 12:51:27,266 [trainer.py] => Trainable params: 85994497
2025-05-09 12:51:27,275 [simplecil.py] => Learning on 255-260
Time for task 51: 14.273436307907104
2025-05-09 12:52:22,244 [trainer.py] => No NME accuracy.
2025-05-09 12:52:22,264 [trainer.py] => CNN: {'total': 73.26, '00-04': 81.0, '05-09': 64.0, '10-14': 74.0, '15-19': 73.0, '20-24': 60.0, '25-29': 76.0, '30-34': 89.0, '35-39': 77.0, '40-44': 71.0, '45-49': 79.0, '50-54': 90.0, '55-59': 63.64, '60-64': 82.0, '65-69': 71.0, '70-74': 78.0, '75-79': 84.0, '80-84': 56.57, '85-89': 83.0, '90-94': 86.0, '95-99': 64.65, '100-104': 78.0, '105-109': 56.57, '110-114': 62.0, '115-119': 68.69, '120-124': 78.0, '125-129': 76.0, '130-134': 85.0, '135-139': 72.0, '140-144': 85.86, '145-149': 66.0, '150-154': 75.76, '155-159': 72.0, '160-164': 76.0, '165-169': 67.68, '170-174': 80.0, '175-179': 44.0, '180-184': 80.61, '185-189': 63.0, '190-194': 85.0, '195-199': 78.0, '200-204': 62.63, '205-209': 69.0, '210-214': 58.0, '215-219': 45.0, '220-224': 85.0, '225-229': 85.86, '230-234': 92.0, '235-239': 69.0, '240-244': 65.0, '245-249': 73.0, '250-254': 71.0, '255-259': 80.81, 'old': 73.11, 'new': 80.81}
2025-05-09 12:52:22,264 [trainer.py] => CNN top1 curve: [100.0, 93.0, 91.33, 93.0, 88.8, 86.83, 87.86, 87.75, 87.11, 87.2, 88.0, 87.57, 88.14, 87.06, 86.72, 86.55, 84.92, 85.09, 85.14, 83.93, 84.12, 82.83, 81.88, 81.38, 80.96, 80.85, 80.82, 80.5, 80.34, 79.53, 79.34, 79.3, 79.02, 78.48, 78.15, 76.73, 76.69, 76.17, 76.32, 76.32, 75.96, 75.7, 75.01, 74.12, 73.94, 74.06, 74.36, 74.1, 73.59, 73.46, 73.31, 73.26]
2025-05-09 12:52:22,264 [trainer.py] => CNN top5 curve: [100.0, 100.0, 99.33, 99.25, 99.4, 98.83, 99.0, 99.0, 98.0, 97.9, 98.09, 98.0, 98.0, 97.78, 97.67, 97.69, 96.94, 97.11, 97.15, 96.8, 96.8, 96.58, 95.78, 95.87, 95.83, 95.84, 95.44, 95.1, 94.96, 94.69, 94.57, 94.33, 94.2, 93.6, 93.64, 93.26, 93.39, 93.14, 93.21, 93.26, 93.08, 92.81, 92.17, 91.39, 91.49, 91.59, 91.7, 91.23, 91.22, 91.26, 91.21, 91.31]

Average Accuracy (CNN): 81.67
2025-05-09 12:52:22,264 [trainer.py] => Average Accuracy (CNN): 81.67 

2025-05-09 12:52:22,265 [trainer.py] => All params: 85998337
2025-05-09 12:52:22,265 [trainer.py] => Trainable params: 85998337
2025-05-09 12:52:22,274 [simplecil.py] => Learning on 260-265
Time for task 52: 14.959582090377808
2025-05-09 12:53:20,336 [trainer.py] => No NME accuracy.
2025-05-09 12:53:20,357 [trainer.py] => CNN: {'total': 72.88, '00-04': 81.0, '05-09': 64.0, '10-14': 74.0, '15-19': 73.0, '20-24': 60.0, '25-29': 76.0, '30-34': 89.0, '35-39': 77.0, '40-44': 71.0, '45-49': 79.0, '50-54': 90.0, '55-59': 63.64, '60-64': 82.0, '65-69': 71.0, '70-74': 78.0, '75-79': 84.0, '80-84': 56.57, '85-89': 83.0, '90-94': 86.0, '95-99': 64.65, '100-104': 78.0, '105-109': 56.57, '110-114': 58.0, '115-119': 68.69, '120-124': 78.0, '125-129': 76.0, '130-134': 85.0, '135-139': 72.0, '140-144': 85.86, '145-149': 58.0, '150-154': 73.74, '155-159': 72.0, '160-164': 76.0, '165-169': 67.68, '170-174': 80.0, '175-179': 44.0, '180-184': 80.61, '185-189': 63.0, '190-194': 83.0, '195-199': 78.0, '200-204': 61.62, '205-209': 69.0, '210-214': 58.0, '215-219': 45.0, '220-224': 85.0, '225-229': 85.86, '230-234': 92.0, '235-239': 69.0, '240-244': 65.0, '245-249': 73.0, '250-254': 71.0, '255-259': 80.81, '260-264': 70.0, 'old': 72.93, 'new': 70.0}
2025-05-09 12:53:20,357 [trainer.py] => CNN top1 curve: [100.0, 93.0, 91.33, 93.0, 88.8, 86.83, 87.86, 87.75, 87.11, 87.2, 88.0, 87.57, 88.14, 87.06, 86.72, 86.55, 84.92, 85.09, 85.14, 83.93, 84.12, 82.83, 81.88, 81.38, 80.96, 80.85, 80.82, 80.5, 80.34, 79.53, 79.34, 79.3, 79.02, 78.48, 78.15, 76.73, 76.69, 76.17, 76.32, 76.32, 75.96, 75.7, 75.01, 74.12, 73.94, 74.06, 74.36, 74.1, 73.59, 73.46, 73.31, 73.26, 72.88]
2025-05-09 12:53:20,357 [trainer.py] => CNN top5 curve: [100.0, 100.0, 99.33, 99.25, 99.4, 98.83, 99.0, 99.0, 98.0, 97.9, 98.09, 98.0, 98.0, 97.78, 97.67, 97.69, 96.94, 97.11, 97.15, 96.8, 96.8, 96.58, 95.78, 95.87, 95.83, 95.84, 95.44, 95.1, 94.96, 94.69, 94.57, 94.33, 94.2, 93.6, 93.64, 93.26, 93.39, 93.14, 93.21, 93.26, 93.08, 92.81, 92.17, 91.39, 91.49, 91.59, 91.7, 91.23, 91.22, 91.26, 91.21, 91.31, 91.3]

Average Accuracy (CNN): 81.5
2025-05-09 12:53:20,357 [trainer.py] => Average Accuracy (CNN): 81.5 

2025-05-09 12:53:20,358 [trainer.py] => All params: 86002177
2025-05-09 12:53:20,359 [trainer.py] => Trainable params: 86002177
2025-05-09 12:53:20,367 [simplecil.py] => Learning on 265-270
Time for task 53: 14.104201316833496
2025-05-09 12:54:16,365 [trainer.py] => No NME accuracy.
2025-05-09 12:54:16,366 [trainer.py] => CNN: {'total': 73.18, '00-04': 81.0, '05-09': 64.0, '10-14': 74.0, '15-19': 73.0, '20-24': 60.0, '25-29': 76.0, '30-34': 89.0, '35-39': 77.0, '40-44': 71.0, '45-49': 79.0, '50-54': 90.0, '55-59': 63.64, '60-64': 82.0, '65-69': 71.0, '70-74': 78.0, '75-79': 84.0, '80-84': 56.57, '85-89': 83.0, '90-94': 86.0, '95-99': 64.65, '100-104': 78.0, '105-109': 56.57, '110-114': 58.0, '115-119': 68.69, '120-124': 78.0, '125-129': 76.0, '130-134': 84.0, '135-139': 72.0, '140-144': 85.86, '145-149': 58.0, '150-154': 73.74, '155-159': 72.0, '160-164': 76.0, '165-169': 67.68, '170-174': 80.0, '175-179': 44.0, '180-184': 80.61, '185-189': 63.0, '190-194': 83.0, '195-199': 78.0, '200-204': 61.62, '205-209': 67.0, '210-214': 58.0, '215-219': 45.0, '220-224': 85.0, '225-229': 85.86, '230-234': 92.0, '235-239': 69.0, '240-244': 65.0, '245-249': 73.0, '250-254': 71.0, '255-259': 80.81, '260-264': 70.0, '265-269': 92.0, 'old': 72.82, 'new': 92.0}
2025-05-09 12:54:16,366 [trainer.py] => CNN top1 curve: [100.0, 93.0, 91.33, 93.0, 88.8, 86.83, 87.86, 87.75, 87.11, 87.2, 88.0, 87.57, 88.14, 87.06, 86.72, 86.55, 84.92, 85.09, 85.14, 83.93, 84.12, 82.83, 81.88, 81.38, 80.96, 80.85, 80.82, 80.5, 80.34, 79.53, 79.34, 79.3, 79.02, 78.48, 78.15, 76.73, 76.69, 76.17, 76.32, 76.32, 75.96, 75.7, 75.01, 74.12, 73.94, 74.06, 74.36, 74.1, 73.59, 73.46, 73.31, 73.26, 72.88, 73.18]
2025-05-09 12:54:16,367 [trainer.py] => CNN top5 curve: [100.0, 100.0, 99.33, 99.25, 99.4, 98.83, 99.0, 99.0, 98.0, 97.9, 98.09, 98.0, 98.0, 97.78, 97.67, 97.69, 96.94, 97.11, 97.15, 96.8, 96.8, 96.58, 95.78, 95.87, 95.83, 95.84, 95.44, 95.1, 94.96, 94.69, 94.57, 94.33, 94.2, 93.6, 93.64, 93.26, 93.39, 93.14, 93.21, 93.26, 93.08, 92.81, 92.17, 91.39, 91.49, 91.59, 91.7, 91.23, 91.22, 91.26, 91.21, 91.31, 91.3, 91.44]

Average Accuracy (CNN): 81.35
2025-05-09 12:54:16,367 [trainer.py] => Average Accuracy (CNN): 81.35 

2025-05-09 12:54:16,369 [trainer.py] => All params: 86006017
2025-05-09 12:54:16,371 [trainer.py] => Trainable params: 86006017
2025-05-09 12:54:16,382 [simplecil.py] => Learning on 270-275
Time for task 54: 12.436894416809082
2025-05-09 12:55:13,108 [trainer.py] => No NME accuracy.
2025-05-09 12:55:13,108 [trainer.py] => CNN: {'total': 73.01, '00-04': 81.0, '05-09': 64.0, '10-14': 74.0, '15-19': 73.0, '20-24': 60.0, '25-29': 76.0, '30-34': 89.0, '35-39': 77.0, '40-44': 71.0, '45-49': 79.0, '50-54': 90.0, '55-59': 63.64, '60-64': 82.0, '65-69': 71.0, '70-74': 78.0, '75-79': 84.0, '80-84': 56.57, '85-89': 83.0, '90-94': 86.0, '95-99': 64.65, '100-104': 76.0, '105-109': 56.57, '110-114': 58.0, '115-119': 68.69, '120-124': 78.0, '125-129': 76.0, '130-134': 84.0, '135-139': 72.0, '140-144': 85.86, '145-149': 58.0, '150-154': 73.74, '155-159': 72.0, '160-164': 76.0, '165-169': 65.66, '170-174': 80.0, '175-179': 44.0, '180-184': 79.59, '185-189': 63.0, '190-194': 83.0, '195-199': 78.0, '200-204': 61.62, '205-209': 67.0, '210-214': 58.0, '215-219': 45.0, '220-224': 85.0, '225-229': 85.86, '230-234': 92.0, '235-239': 69.0, '240-244': 65.0, '245-249': 67.0, '250-254': 71.0, '255-259': 80.81, '260-264': 70.0, '265-269': 92.0, '270-274': 75.0, 'old': 72.97, 'new': 75.0}
2025-05-09 12:55:13,108 [trainer.py] => CNN top1 curve: [100.0, 93.0, 91.33, 93.0, 88.8, 86.83, 87.86, 87.75, 87.11, 87.2, 88.0, 87.57, 88.14, 87.06, 86.72, 86.55, 84.92, 85.09, 85.14, 83.93, 84.12, 82.83, 81.88, 81.38, 80.96, 80.85, 80.82, 80.5, 80.34, 79.53, 79.34, 79.3, 79.02, 78.48, 78.15, 76.73, 76.69, 76.17, 76.32, 76.32, 75.96, 75.7, 75.01, 74.12, 73.94, 74.06, 74.36, 74.1, 73.59, 73.46, 73.31, 73.26, 72.88, 73.18, 73.01]
2025-05-09 12:55:13,108 [trainer.py] => CNN top5 curve: [100.0, 100.0, 99.33, 99.25, 99.4, 98.83, 99.0, 99.0, 98.0, 97.9, 98.09, 98.0, 98.0, 97.78, 97.67, 97.69, 96.94, 97.11, 97.15, 96.8, 96.8, 96.58, 95.78, 95.87, 95.83, 95.84, 95.44, 95.1, 94.96, 94.69, 94.57, 94.33, 94.2, 93.6, 93.64, 93.26, 93.39, 93.14, 93.21, 93.26, 93.08, 92.81, 92.17, 91.39, 91.49, 91.59, 91.7, 91.23, 91.22, 91.26, 91.21, 91.31, 91.3, 91.44, 91.45]

Average Accuracy (CNN): 81.19
2025-05-09 12:55:13,108 [trainer.py] => Average Accuracy (CNN): 81.19 

2025-05-09 12:55:13,109 [trainer.py] => All params: 86009857
2025-05-09 12:55:13,110 [trainer.py] => Trainable params: 86009857
2025-05-09 12:55:13,119 [simplecil.py] => Learning on 275-280
Time for task 55: 13.285975933074951
2025-05-09 12:56:11,297 [trainer.py] => No NME accuracy.
2025-05-09 12:56:11,297 [trainer.py] => CNN: {'total': 73.06, '00-04': 81.0, '05-09': 64.0, '10-14': 74.0, '15-19': 73.0, '20-24': 60.0, '25-29': 76.0, '30-34': 89.0, '35-39': 77.0, '40-44': 66.0, '45-49': 79.0, '50-54': 90.0, '55-59': 63.64, '60-64': 82.0, '65-69': 70.0, '70-74': 78.0, '75-79': 84.0, '80-84': 56.57, '85-89': 83.0, '90-94': 86.0, '95-99': 64.65, '100-104': 76.0, '105-109': 56.57, '110-114': 57.0, '115-119': 68.69, '120-124': 78.0, '125-129': 76.0, '130-134': 83.0, '135-139': 72.0, '140-144': 85.86, '145-149': 58.0, '150-154': 73.74, '155-159': 72.0, '160-164': 76.0, '165-169': 65.66, '170-174': 79.0, '175-179': 44.0, '180-184': 78.57, '185-189': 63.0, '190-194': 83.0, '195-199': 78.0, '200-204': 61.62, '205-209': 67.0, '210-214': 58.0, '215-219': 45.0, '220-224': 85.0, '225-229': 85.86, '230-234': 92.0, '235-239': 69.0, '240-244': 65.0, '245-249': 67.0, '250-254': 71.0, '255-259': 80.81, '260-264': 70.0, '265-269': 92.0, '270-274': 75.0, '275-279': 85.86, 'old': 72.83, 'new': 85.86}
2025-05-09 12:56:11,297 [trainer.py] => CNN top1 curve: [100.0, 93.0, 91.33, 93.0, 88.8, 86.83, 87.86, 87.75, 87.11, 87.2, 88.0, 87.57, 88.14, 87.06, 86.72, 86.55, 84.92, 85.09, 85.14, 83.93, 84.12, 82.83, 81.88, 81.38, 80.96, 80.85, 80.82, 80.5, 80.34, 79.53, 79.34, 79.3, 79.02, 78.48, 78.15, 76.73, 76.69, 76.17, 76.32, 76.32, 75.96, 75.7, 75.01, 74.12, 73.94, 74.06, 74.36, 74.1, 73.59, 73.46, 73.31, 73.26, 72.88, 73.18, 73.01, 73.06]
2025-05-09 12:56:11,297 [trainer.py] => CNN top5 curve: [100.0, 100.0, 99.33, 99.25, 99.4, 98.83, 99.0, 99.0, 98.0, 97.9, 98.09, 98.0, 98.0, 97.78, 97.67, 97.69, 96.94, 97.11, 97.15, 96.8, 96.8, 96.58, 95.78, 95.87, 95.83, 95.84, 95.44, 95.1, 94.96, 94.69, 94.57, 94.33, 94.2, 93.6, 93.64, 93.26, 93.39, 93.14, 93.21, 93.26, 93.08, 92.81, 92.17, 91.39, 91.49, 91.59, 91.7, 91.23, 91.22, 91.26, 91.21, 91.31, 91.3, 91.44, 91.45, 91.37]

Average Accuracy (CNN): 81.05
2025-05-09 12:56:11,297 [trainer.py] => Average Accuracy (CNN): 81.05 

2025-05-09 12:56:11,298 [trainer.py] => All params: 86013697
2025-05-09 12:56:11,298 [trainer.py] => Trainable params: 86013697
2025-05-09 12:56:11,309 [simplecil.py] => Learning on 280-285
Time for task 56: 12.254103899002075
2025-05-09 12:57:08,352 [trainer.py] => No NME accuracy.
2025-05-09 12:57:08,352 [trainer.py] => CNN: {'total': 73.04, '00-04': 81.0, '05-09': 64.0, '10-14': 74.0, '15-19': 73.0, '20-24': 60.0, '25-29': 75.0, '30-34': 89.0, '35-39': 77.0, '40-44': 66.0, '45-49': 79.0, '50-54': 90.0, '55-59': 63.64, '60-64': 82.0, '65-69': 69.0, '70-74': 78.0, '75-79': 84.0, '80-84': 56.57, '85-89': 83.0, '90-94': 82.0, '95-99': 64.65, '100-104': 76.0, '105-109': 56.57, '110-114': 57.0, '115-119': 68.69, '120-124': 78.0, '125-129': 76.0, '130-134': 83.0, '135-139': 72.0, '140-144': 85.86, '145-149': 58.0, '150-154': 73.74, '155-159': 72.0, '160-164': 75.0, '165-169': 65.66, '170-174': 79.0, '175-179': 44.0, '180-184': 78.57, '185-189': 63.0, '190-194': 83.0, '195-199': 78.0, '200-204': 61.62, '205-209': 67.0, '210-214': 58.0, '215-219': 44.0, '220-224': 85.0, '225-229': 85.86, '230-234': 92.0, '235-239': 69.0, '240-244': 65.0, '245-249': 67.0, '250-254': 71.0, '255-259': 79.8, '260-264': 70.0, '265-269': 92.0, '270-274': 75.0, '275-279': 85.86, '280-284': 81.0, 'old': 72.9, 'new': 81.0}
2025-05-09 12:57:08,352 [trainer.py] => CNN top1 curve: [100.0, 93.0, 91.33, 93.0, 88.8, 86.83, 87.86, 87.75, 87.11, 87.2, 88.0, 87.57, 88.14, 87.06, 86.72, 86.55, 84.92, 85.09, 85.14, 83.93, 84.12, 82.83, 81.88, 81.38, 80.96, 80.85, 80.82, 80.5, 80.34, 79.53, 79.34, 79.3, 79.02, 78.48, 78.15, 76.73, 76.69, 76.17, 76.32, 76.32, 75.96, 75.7, 75.01, 74.12, 73.94, 74.06, 74.36, 74.1, 73.59, 73.46, 73.31, 73.26, 72.88, 73.18, 73.01, 73.06, 73.04]
2025-05-09 12:57:08,352 [trainer.py] => CNN top5 curve: [100.0, 100.0, 99.33, 99.25, 99.4, 98.83, 99.0, 99.0, 98.0, 97.9, 98.09, 98.0, 98.0, 97.78, 97.67, 97.69, 96.94, 97.11, 97.15, 96.8, 96.8, 96.58, 95.78, 95.87, 95.83, 95.84, 95.44, 95.1, 94.96, 94.69, 94.57, 94.33, 94.2, 93.6, 93.64, 93.26, 93.39, 93.14, 93.21, 93.26, 93.08, 92.81, 92.17, 91.39, 91.49, 91.59, 91.7, 91.23, 91.22, 91.26, 91.21, 91.31, 91.3, 91.44, 91.45, 91.37, 91.52]

Average Accuracy (CNN): 80.91
2025-05-09 12:57:08,352 [trainer.py] => Average Accuracy (CNN): 80.91 

2025-05-09 12:57:08,353 [trainer.py] => All params: 86017537
2025-05-09 12:57:08,353 [trainer.py] => Trainable params: 86017537
2025-05-09 12:57:08,364 [simplecil.py] => Learning on 285-290
Time for task 57: 14.033293724060059
2025-05-09 12:58:09,140 [trainer.py] => No NME accuracy.
2025-05-09 12:58:09,140 [trainer.py] => CNN: {'total': 73.16, '00-04': 81.0, '05-09': 64.0, '10-14': 74.0, '15-19': 73.0, '20-24': 60.0, '25-29': 75.0, '30-34': 89.0, '35-39': 77.0, '40-44': 66.0, '45-49': 79.0, '50-54': 90.0, '55-59': 63.64, '60-64': 82.0, '65-69': 69.0, '70-74': 78.0, '75-79': 84.0, '80-84': 56.57, '85-89': 83.0, '90-94': 79.0, '95-99': 64.65, '100-104': 75.0, '105-109': 56.57, '110-114': 57.0, '115-119': 68.69, '120-124': 78.0, '125-129': 76.0, '130-134': 83.0, '135-139': 72.0, '140-144': 85.86, '145-149': 58.0, '150-154': 73.74, '155-159': 72.0, '160-164': 75.0, '165-169': 65.66, '170-174': 79.0, '175-179': 44.0, '180-184': 78.57, '185-189': 63.0, '190-194': 83.0, '195-199': 77.0, '200-204': 61.62, '205-209': 67.0, '210-214': 58.0, '215-219': 44.0, '220-224': 85.0, '225-229': 85.86, '230-234': 92.0, '235-239': 69.0, '240-244': 65.0, '245-249': 67.0, '250-254': 71.0, '255-259': 79.8, '260-264': 70.0, '265-269': 92.0, '270-274': 75.0, '275-279': 85.86, '280-284': 80.0, '285-289': 86.0, 'old': 72.93, 'new': 86.0}
2025-05-09 12:58:09,140 [trainer.py] => CNN top1 curve: [100.0, 93.0, 91.33, 93.0, 88.8, 86.83, 87.86, 87.75, 87.11, 87.2, 88.0, 87.57, 88.14, 87.06, 86.72, 86.55, 84.92, 85.09, 85.14, 83.93, 84.12, 82.83, 81.88, 81.38, 80.96, 80.85, 80.82, 80.5, 80.34, 79.53, 79.34, 79.3, 79.02, 78.48, 78.15, 76.73, 76.69, 76.17, 76.32, 76.32, 75.96, 75.7, 75.01, 74.12, 73.94, 74.06, 74.36, 74.1, 73.59, 73.46, 73.31, 73.26, 72.88, 73.18, 73.01, 73.06, 73.04, 73.16]
2025-05-09 12:58:09,140 [trainer.py] => CNN top5 curve: [100.0, 100.0, 99.33, 99.25, 99.4, 98.83, 99.0, 99.0, 98.0, 97.9, 98.09, 98.0, 98.0, 97.78, 97.67, 97.69, 96.94, 97.11, 97.15, 96.8, 96.8, 96.58, 95.78, 95.87, 95.83, 95.84, 95.44, 95.1, 94.96, 94.69, 94.57, 94.33, 94.2, 93.6, 93.64, 93.26, 93.39, 93.14, 93.21, 93.26, 93.08, 92.81, 92.17, 91.39, 91.49, 91.59, 91.7, 91.23, 91.22, 91.26, 91.21, 91.31, 91.3, 91.44, 91.45, 91.37, 91.52, 91.62]

Average Accuracy (CNN): 80.77
2025-05-09 12:58:09,140 [trainer.py] => Average Accuracy (CNN): 80.77 

2025-05-09 12:58:09,141 [trainer.py] => All params: 86021377
2025-05-09 12:58:09,141 [trainer.py] => Trainable params: 86021377
2025-05-09 12:58:09,152 [simplecil.py] => Learning on 290-295
Time for task 58: 13.733214616775513
2025-05-09 12:59:09,007 [trainer.py] => No NME accuracy.
2025-05-09 12:59:09,007 [trainer.py] => CNN: {'total': 73.26, '00-04': 81.0, '05-09': 64.0, '10-14': 74.0, '15-19': 73.0, '20-24': 60.0, '25-29': 75.0, '30-34': 89.0, '35-39': 77.0, '40-44': 66.0, '45-49': 79.0, '50-54': 90.0, '55-59': 63.64, '60-64': 82.0, '65-69': 69.0, '70-74': 78.0, '75-79': 84.0, '80-84': 56.57, '85-89': 83.0, '90-94': 79.0, '95-99': 64.65, '100-104': 75.0, '105-109': 56.57, '110-114': 57.0, '115-119': 68.69, '120-124': 78.0, '125-129': 76.0, '130-134': 83.0, '135-139': 72.0, '140-144': 85.86, '145-149': 58.0, '150-154': 73.74, '155-159': 72.0, '160-164': 75.0, '165-169': 65.66, '170-174': 79.0, '175-179': 44.0, '180-184': 78.57, '185-189': 63.0, '190-194': 83.0, '195-199': 77.0, '200-204': 61.62, '205-209': 67.0, '210-214': 58.0, '215-219': 44.0, '220-224': 85.0, '225-229': 85.86, '230-234': 92.0, '235-239': 69.0, '240-244': 65.0, '245-249': 67.0, '250-254': 71.0, '255-259': 79.8, '260-264': 68.0, '265-269': 92.0, '270-274': 75.0, '275-279': 85.86, '280-284': 79.0, '285-289': 86.0, '290-294': 82.0, 'old': 73.11, 'new': 82.0}
2025-05-09 12:59:09,007 [trainer.py] => CNN top1 curve: [100.0, 93.0, 91.33, 93.0, 88.8, 86.83, 87.86, 87.75, 87.11, 87.2, 88.0, 87.57, 88.14, 87.06, 86.72, 86.55, 84.92, 85.09, 85.14, 83.93, 84.12, 82.83, 81.88, 81.38, 80.96, 80.85, 80.82, 80.5, 80.34, 79.53, 79.34, 79.3, 79.02, 78.48, 78.15, 76.73, 76.69, 76.17, 76.32, 76.32, 75.96, 75.7, 75.01, 74.12, 73.94, 74.06, 74.36, 74.1, 73.59, 73.46, 73.31, 73.26, 72.88, 73.18, 73.01, 73.06, 73.04, 73.16, 73.26]
2025-05-09 12:59:09,007 [trainer.py] => CNN top5 curve: [100.0, 100.0, 99.33, 99.25, 99.4, 98.83, 99.0, 99.0, 98.0, 97.9, 98.09, 98.0, 98.0, 97.78, 97.67, 97.69, 96.94, 97.11, 97.15, 96.8, 96.8, 96.58, 95.78, 95.87, 95.83, 95.84, 95.44, 95.1, 94.96, 94.69, 94.57, 94.33, 94.2, 93.6, 93.64, 93.26, 93.39, 93.14, 93.21, 93.26, 93.08, 92.81, 92.17, 91.39, 91.49, 91.59, 91.7, 91.23, 91.22, 91.26, 91.21, 91.31, 91.3, 91.44, 91.45, 91.37, 91.52, 91.62, 91.69]

Average Accuracy (CNN): 80.65
2025-05-09 12:59:09,007 [trainer.py] => Average Accuracy (CNN): 80.65 

2025-05-09 12:59:09,008 [trainer.py] => All params: 86025217
2025-05-09 12:59:09,008 [trainer.py] => Trainable params: 86025217
2025-05-09 12:59:09,014 [simplecil.py] => Learning on 295-300
Time for task 59: 15.37205958366394
2025-05-09 13:00:10,936 [trainer.py] => No NME accuracy.
2025-05-09 13:00:10,936 [trainer.py] => CNN: {'total': 73.3, '00-04': 80.0, '05-09': 64.0, '10-14': 74.0, '15-19': 73.0, '20-24': 60.0, '25-29': 75.0, '30-34': 89.0, '35-39': 77.0, '40-44': 66.0, '45-49': 79.0, '50-54': 90.0, '55-59': 63.64, '60-64': 82.0, '65-69': 69.0, '70-74': 78.0, '75-79': 84.0, '80-84': 56.57, '85-89': 83.0, '90-94': 79.0, '95-99': 64.65, '100-104': 75.0, '105-109': 56.57, '110-114': 57.0, '115-119': 68.69, '120-124': 78.0, '125-129': 76.0, '130-134': 83.0, '135-139': 72.0, '140-144': 85.86, '145-149': 58.0, '150-154': 73.74, '155-159': 72.0, '160-164': 75.0, '165-169': 65.66, '170-174': 79.0, '175-179': 44.0, '180-184': 78.57, '185-189': 63.0, '190-194': 83.0, '195-199': 77.0, '200-204': 61.62, '205-209': 67.0, '210-214': 58.0, '215-219': 44.0, '220-224': 85.0, '225-229': 85.86, '230-234': 92.0, '235-239': 69.0, '240-244': 65.0, '245-249': 67.0, '250-254': 71.0, '255-259': 79.8, '260-264': 68.0, '265-269': 92.0, '270-274': 74.0, '275-279': 85.86, '280-284': 79.0, '285-289': 86.0, '290-294': 82.0, '295-299': 77.78, 'old': 73.22, 'new': 77.78}
2025-05-09 13:00:10,936 [trainer.py] => CNN top1 curve: [100.0, 93.0, 91.33, 93.0, 88.8, 86.83, 87.86, 87.75, 87.11, 87.2, 88.0, 87.57, 88.14, 87.06, 86.72, 86.55, 84.92, 85.09, 85.14, 83.93, 84.12, 82.83, 81.88, 81.38, 80.96, 80.85, 80.82, 80.5, 80.34, 79.53, 79.34, 79.3, 79.02, 78.48, 78.15, 76.73, 76.69, 76.17, 76.32, 76.32, 75.96, 75.7, 75.01, 74.12, 73.94, 74.06, 74.36, 74.1, 73.59, 73.46, 73.31, 73.26, 72.88, 73.18, 73.01, 73.06, 73.04, 73.16, 73.26, 73.3]
2025-05-09 13:00:10,936 [trainer.py] => CNN top5 curve: [100.0, 100.0, 99.33, 99.25, 99.4, 98.83, 99.0, 99.0, 98.0, 97.9, 98.09, 98.0, 98.0, 97.78, 97.67, 97.69, 96.94, 97.11, 97.15, 96.8, 96.8, 96.58, 95.78, 95.87, 95.83, 95.84, 95.44, 95.1, 94.96, 94.69, 94.57, 94.33, 94.2, 93.6, 93.64, 93.26, 93.39, 93.14, 93.21, 93.26, 93.08, 92.81, 92.17, 91.39, 91.49, 91.59, 91.7, 91.23, 91.22, 91.26, 91.21, 91.31, 91.3, 91.44, 91.45, 91.37, 91.52, 91.62, 91.69, 91.46]

Average Accuracy (CNN): 80.52
2025-05-09 13:00:10,936 [trainer.py] => Average Accuracy (CNN): 80.52 

Finished omnibenchmark_init5_inc5: pretrained_vit_b16_224_in21k  
----------------------------------------------------------------------------------------------------
Accuracy Matrix (CNN):
[[100.    95.    93.   ...  81.    81.    80.  ]
 [  0.    91.    90.   ...  64.    64.    64.  ]
 [  0.     0.    91.   ...  74.    74.    74.  ]
 ...
 [  0.     0.     0.   ...  86.    86.    86.  ]
 [  0.     0.     0.   ...   0.    82.    82.  ]
 [  0.     0.     0.   ...   0.     0.    77.78]]
2025-05-09 13:00:10,937 [trainer.py] => Forgetting (CNN): 8.0835593220339
2025-05-09 13:00:31,051 [trainer.py] => config: ./scripts/simplecil/simplecil_omn_B0_Inc10.json
2025-05-09 13:00:31,053 [trainer.py] => prefix:  
2025-05-09 13:00:31,053 [trainer.py] => dataset: omnibenchmark
2025-05-09 13:00:31,053 [trainer.py] => memory_size: 0
2025-05-09 13:00:31,053 [trainer.py] => memory_per_class: 0
2025-05-09 13:00:31,053 [trainer.py] => fixed_memory: False
2025-05-09 13:00:31,054 [trainer.py] => shuffle: True
2025-05-09 13:00:31,054 [trainer.py] => init_cls: 10
2025-05-09 13:00:31,054 [trainer.py] => increment: 10
2025-05-09 13:00:31,054 [trainer.py] => model_name: simplecil
2025-05-09 13:00:31,054 [trainer.py] => backbone_type: pretrained_vit_b16_224_in21k
2025-05-09 13:00:31,054 [trainer.py] => device: [device(type='cuda', index=0)]
2025-05-09 13:00:31,054 [trainer.py] => seed: 1993
2025-05-09 13:00:31,055 [trainer.py] => tuned_epoch: 0
2025-05-09 13:00:31,055 [trainer.py] => init_lr: 0.01
2025-05-09 13:00:31,055 [trainer.py] => batch_size: 48
2025-05-09 13:00:31,055 [trainer.py] => weight_decay: 0.05
2025-05-09 13:00:31,055 [trainer.py] => min_lr: 1e-08
2025-05-09 13:00:31,055 [trainer.py] => optimizer: sgd
2025-05-09 13:00:31,055 [trainer.py] => vpt_type: shallow
2025-05-09 13:00:31,055 [trainer.py] => prompt_token_num: 3
2025-05-09 13:00:32,479 [data_manager.py] => [169, 221, 146, 296, 92, 229, 49, 70, 126, 77, 243, 57, 120, 223, 27, 217, 154, 8, 101, 182, 54, 50, 97, 162, 28, 193, 79, 6, 151, 0, 173, 187, 44, 277, 157, 16, 257, 122, 35, 9, 171, 176, 134, 4, 87, 255, 112, 153, 246, 286, 147, 186, 107, 98, 10, 7, 266, 214, 36, 165, 139, 254, 103, 269, 59, 23, 298, 39, 73, 208, 135, 299, 102, 20, 12, 268, 11, 209, 161, 210, 74, 42, 56, 99, 235, 133, 159, 189, 145, 238, 215, 241, 138, 195, 233, 279, 88, 199, 64, 280, 26, 203, 17, 245, 174, 236, 137, 252, 80, 68, 181, 150, 118, 94, 75, 2, 109, 119, 232, 15, 69, 184, 201, 261, 55, 287, 273, 66, 175, 32, 142, 136, 116, 76, 179, 1, 91, 248, 275, 240, 290, 170, 132, 106, 265, 270, 85, 19, 284, 43, 259, 293, 228, 200, 104, 227, 51, 224, 163, 297, 216, 260, 93, 46, 100, 272, 105, 72, 131, 3, 156, 256, 249, 48, 113, 82, 172, 213, 62, 53, 271, 168, 253, 226, 183, 180, 276, 283, 78, 61, 143, 278, 30, 141, 196, 264, 231, 52, 222, 40, 125, 219, 65, 166, 192, 289, 45, 205, 89, 267, 90, 71, 167, 262, 281, 212, 96, 84, 127, 67, 294, 178, 288, 197, 21, 18, 111, 108, 58, 230, 188, 31, 110, 291, 129, 24, 204, 83, 81, 251, 60, 13, 128, 14, 86, 63, 117, 198, 274, 5, 22, 144, 258, 121, 38, 207, 148, 292, 41, 234, 237, 114, 202, 37, 149, 206, 155, 29, 130, 177, 194, 152, 34, 33, 239, 160, 140, 47, 244, 25, 282, 158, 211, 123, 190, 218, 164, 247, 263, 191, 220, 115, 242, 250, 124, 295, 95, 285, 225, 185]
This is for the BaseNet initialization.
After BaseNet initialization.
2025-05-09 13:00:41,292 [trainer.py] => All params: 85798656
2025-05-09 13:00:41,293 [trainer.py] => Trainable params: 85798656
2025-05-09 13:00:41,809 [simplecil.py] => Learning on 0-10
Time for task 0: 28.525083541870117
2025-05-09 13:01:11,787 [trainer.py] => No NME accuracy.
2025-05-09 13:01:11,787 [trainer.py] => CNN: {'total': 93.0, '00-09': 93.0, 'old': 0, 'new': 93.0}
2025-05-09 13:01:11,787 [trainer.py] => CNN top1 curve: [93.0]
2025-05-09 13:01:11,787 [trainer.py] => CNN top5 curve: [100.0]

Average Accuracy (CNN): 93.0
2025-05-09 13:01:11,787 [trainer.py] => Average Accuracy (CNN): 93.0 

2025-05-09 13:01:11,789 [trainer.py] => All params: 85806337
2025-05-09 13:01:11,790 [trainer.py] => Trainable params: 85806337
2025-05-09 13:01:11,804 [simplecil.py] => Learning on 10-20
Time for task 1: 25.400691270828247
2025-05-09 13:01:41,924 [trainer.py] => No NME accuracy.
2025-05-09 13:01:41,924 [trainer.py] => CNN: {'total': 93.0, '00-09': 91.5, '10-19': 94.5, 'old': 91.5, 'new': 94.5}
2025-05-09 13:01:41,924 [trainer.py] => CNN top1 curve: [93.0, 93.0]
2025-05-09 13:01:41,924 [trainer.py] => CNN top5 curve: [100.0, 99.25]

Average Accuracy (CNN): 93.0
2025-05-09 13:01:41,924 [trainer.py] => Average Accuracy (CNN): 93.0 

2025-05-09 13:01:41,925 [trainer.py] => All params: 85814017
2025-05-09 13:01:41,925 [trainer.py] => Trainable params: 85814017
2025-05-09 13:01:41,935 [simplecil.py] => Learning on 20-30
Time for task 2: 25.7037136554718
2025-05-09 13:02:12,947 [trainer.py] => No NME accuracy.
2025-05-09 13:02:12,947 [trainer.py] => CNN: {'total': 86.83, '00-09': 90.5, '10-19': 87.5, '20-29': 82.5, 'old': 89.0, 'new': 82.5}
2025-05-09 13:02:12,948 [trainer.py] => CNN top1 curve: [93.0, 93.0, 86.83]
2025-05-09 13:02:12,948 [trainer.py] => CNN top5 curve: [100.0, 99.25, 98.83]

Average Accuracy (CNN): 90.94
2025-05-09 13:02:12,948 [trainer.py] => Average Accuracy (CNN): 90.94 

2025-05-09 13:02:12,949 [trainer.py] => All params: 85821697
2025-05-09 13:02:12,950 [trainer.py] => Trainable params: 85821697
2025-05-09 13:02:12,957 [simplecil.py] => Learning on 30-40
Time for task 3: 26.579967975616455
2025-05-09 13:02:46,348 [trainer.py] => No NME accuracy.
2025-05-09 13:02:46,349 [trainer.py] => CNN: {'total': 87.75, '00-09': 87.5, '10-19': 87.5, '20-29': 82.0, '30-39': 94.0, 'old': 85.67, 'new': 94.0}
2025-05-09 13:02:46,349 [trainer.py] => CNN top1 curve: [93.0, 93.0, 86.83, 87.75]
2025-05-09 13:02:46,349 [trainer.py] => CNN top5 curve: [100.0, 99.25, 98.83, 99.0]

Average Accuracy (CNN): 90.14
2025-05-09 13:02:46,350 [trainer.py] => Average Accuracy (CNN): 90.14 

2025-05-09 13:02:46,351 [trainer.py] => All params: 85829377
2025-05-09 13:02:46,353 [trainer.py] => Trainable params: 85829377
2025-05-09 13:02:46,360 [simplecil.py] => Learning on 40-50
Time for task 4: 25.81562304496765
2025-05-09 13:03:20,307 [trainer.py] => No NME accuracy.
2025-05-09 13:03:20,307 [trainer.py] => CNN: {'total': 87.2, '00-09': 87.5, '10-19': 87.5, '20-29': 78.5, '30-39': 94.0, '40-49': 88.5, 'old': 86.88, 'new': 88.5}
2025-05-09 13:03:20,307 [trainer.py] => CNN top1 curve: [93.0, 93.0, 86.83, 87.75, 87.2]
2025-05-09 13:03:20,307 [trainer.py] => CNN top5 curve: [100.0, 99.25, 98.83, 99.0, 97.9]

Average Accuracy (CNN): 89.56
2025-05-09 13:03:20,307 [trainer.py] => Average Accuracy (CNN): 89.56 

2025-05-09 13:03:20,308 [trainer.py] => All params: 85837057
2025-05-09 13:03:20,308 [trainer.py] => Trainable params: 85837057
2025-05-09 13:03:20,318 [simplecil.py] => Learning on 50-60
Time for task 5: 26.54500436782837
2025-05-09 13:03:56,657 [trainer.py] => No NME accuracy.
2025-05-09 13:03:56,658 [trainer.py] => CNN: {'total': 87.57, '00-09': 86.0, '10-19': 87.5, '20-29': 78.5, '30-39': 90.5, '40-49': 88.0, '50-59': 94.97, 'old': 86.1, 'new': 94.97}
2025-05-09 13:03:56,658 [trainer.py] => CNN top1 curve: [93.0, 93.0, 86.83, 87.75, 87.2, 87.57]
2025-05-09 13:03:56,658 [trainer.py] => CNN top5 curve: [100.0, 99.25, 98.83, 99.0, 97.9, 98.0]

Average Accuracy (CNN): 89.22
2025-05-09 13:03:56,658 [trainer.py] => Average Accuracy (CNN): 89.22 

2025-05-09 13:03:56,659 [trainer.py] => All params: 85844737
2025-05-09 13:03:56,659 [trainer.py] => Trainable params: 85844737
2025-05-09 13:03:56,666 [simplecil.py] => Learning on 60-70
Time for task 6: 25.870891094207764
2025-05-09 13:04:34,363 [trainer.py] => No NME accuracy.
2025-05-09 13:04:34,363 [trainer.py] => CNN: {'total': 87.06, '00-09': 84.5, '10-19': 87.0, '20-29': 75.5, '30-39': 89.5, '40-49': 86.5, '50-59': 93.97, '60-69': 92.5, 'old': 86.16, 'new': 92.5}
2025-05-09 13:04:34,364 [trainer.py] => CNN top1 curve: [93.0, 93.0, 86.83, 87.75, 87.2, 87.57, 87.06]
2025-05-09 13:04:34,364 [trainer.py] => CNN top5 curve: [100.0, 99.25, 98.83, 99.0, 97.9, 98.0, 97.78]

Average Accuracy (CNN): 88.92
2025-05-09 13:04:34,364 [trainer.py] => Average Accuracy (CNN): 88.92 

2025-05-09 13:04:34,364 [trainer.py] => All params: 85852417
2025-05-09 13:04:34,365 [trainer.py] => Trainable params: 85852417
2025-05-09 13:04:34,375 [simplecil.py] => Learning on 70-80
Time for task 7: 25.81181502342224
2025-05-09 13:05:13,567 [trainer.py] => No NME accuracy.
2025-05-09 13:05:13,571 [trainer.py] => CNN: {'total': 86.55, '00-09': 84.5, '10-19': 84.0, '20-29': 75.5, '30-39': 87.5, '40-49': 86.5, '50-59': 93.97, '60-69': 92.5, '70-79': 88.0, 'old': 86.35, 'new': 88.0}
2025-05-09 13:05:13,572 [trainer.py] => CNN top1 curve: [93.0, 93.0, 86.83, 87.75, 87.2, 87.57, 87.06, 86.55]
2025-05-09 13:05:13,572 [trainer.py] => CNN top5 curve: [100.0, 99.25, 98.83, 99.0, 97.9, 98.0, 97.78, 97.69]

Average Accuracy (CNN): 88.62
2025-05-09 13:05:13,572 [trainer.py] => Average Accuracy (CNN): 88.62 

2025-05-09 13:05:13,574 [trainer.py] => All params: 85860097
2025-05-09 13:05:13,576 [trainer.py] => Trainable params: 85860097
2025-05-09 13:05:13,585 [simplecil.py] => Learning on 80-90
Time for task 8: 24.95153546333313
2025-05-09 13:05:53,263 [trainer.py] => No NME accuracy.
2025-05-09 13:05:53,263 [trainer.py] => CNN: {'total': 85.09, '00-09': 82.5, '10-19': 83.0, '20-29': 75.0, '30-39': 87.5, '40-49': 86.0, '50-59': 93.47, '60-69': 91.5, '70-79': 88.0, '80-89': 78.89, 'old': 85.87, 'new': 78.89}
2025-05-09 13:05:53,264 [trainer.py] => CNN top1 curve: [93.0, 93.0, 86.83, 87.75, 87.2, 87.57, 87.06, 86.55, 85.09]
2025-05-09 13:05:53,264 [trainer.py] => CNN top5 curve: [100.0, 99.25, 98.83, 99.0, 97.9, 98.0, 97.78, 97.69, 97.11]

Average Accuracy (CNN): 88.23
2025-05-09 13:05:53,264 [trainer.py] => Average Accuracy (CNN): 88.23 

2025-05-09 13:05:53,266 [trainer.py] => All params: 85867777
2025-05-09 13:05:53,268 [trainer.py] => Trainable params: 85867777
2025-05-09 13:05:53,280 [simplecil.py] => Learning on 90-100
Time for task 9: 25.027386903762817
2025-05-09 13:06:34,083 [trainer.py] => No NME accuracy.
2025-05-09 13:06:34,084 [trainer.py] => CNN: {'total': 83.93, '00-09': 82.5, '10-19': 82.5, '20-29': 74.5, '30-39': 87.5, '40-49': 86.0, '50-59': 93.47, '60-69': 89.5, '70-79': 87.0, '80-89': 76.38, '90-99': 79.9, 'old': 84.37, 'new': 79.9}
2025-05-09 13:06:34,084 [trainer.py] => CNN top1 curve: [93.0, 93.0, 86.83, 87.75, 87.2, 87.57, 87.06, 86.55, 85.09, 83.93]
2025-05-09 13:06:34,084 [trainer.py] => CNN top5 curve: [100.0, 99.25, 98.83, 99.0, 97.9, 98.0, 97.78, 97.69, 97.11, 96.8]

Average Accuracy (CNN): 87.8
2025-05-09 13:06:34,084 [trainer.py] => Average Accuracy (CNN): 87.8 

2025-05-09 13:06:34,085 [trainer.py] => All params: 85875457
2025-05-09 13:06:34,085 [trainer.py] => Trainable params: 85875457
2025-05-09 13:06:34,093 [simplecil.py] => Learning on 100-110
Time for task 10: 26.415204524993896
2025-05-09 13:07:19,497 [trainer.py] => No NME accuracy.
2025-05-09 13:07:19,498 [trainer.py] => CNN: {'total': 82.83, '00-09': 81.5, '10-19': 81.0, '20-29': 74.5, '30-39': 87.0, '40-49': 86.0, '50-59': 85.93, '60-69': 89.5, '70-79': 86.5, '80-89': 76.38, '90-99': 79.9, '100-109': 82.91, 'old': 82.82, 'new': 82.91}
2025-05-09 13:07:19,498 [trainer.py] => CNN top1 curve: [93.0, 93.0, 86.83, 87.75, 87.2, 87.57, 87.06, 86.55, 85.09, 83.93, 82.83]
2025-05-09 13:07:19,498 [trainer.py] => CNN top5 curve: [100.0, 99.25, 98.83, 99.0, 97.9, 98.0, 97.78, 97.69, 97.11, 96.8, 96.58]

Average Accuracy (CNN): 87.35
2025-05-09 13:07:19,498 [trainer.py] => Average Accuracy (CNN): 87.35 

2025-05-09 13:07:19,500 [trainer.py] => All params: 85883137
2025-05-09 13:07:19,502 [trainer.py] => Trainable params: 85883137
2025-05-09 13:07:19,513 [simplecil.py] => Learning on 110-120
Time for task 11: 27.18148422241211
2025-05-09 13:08:05,972 [trainer.py] => No NME accuracy.
2025-05-09 13:08:05,972 [trainer.py] => CNN: {'total': 81.38, '00-09': 80.5, '10-19': 80.5, '20-29': 73.5, '30-39': 87.0, '40-49': 84.5, '50-59': 85.43, '60-69': 87.5, '70-79': 85.5, '80-89': 74.87, '90-99': 79.9, '100-109': 79.9, '110-119': 77.39, 'old': 81.74, 'new': 77.39}
2025-05-09 13:08:05,972 [trainer.py] => CNN top1 curve: [93.0, 93.0, 86.83, 87.75, 87.2, 87.57, 87.06, 86.55, 85.09, 83.93, 82.83, 81.38]
2025-05-09 13:08:05,972 [trainer.py] => CNN top5 curve: [100.0, 99.25, 98.83, 99.0, 97.9, 98.0, 97.78, 97.69, 97.11, 96.8, 96.58, 95.87]

Average Accuracy (CNN): 86.85
2025-05-09 13:08:05,972 [trainer.py] => Average Accuracy (CNN): 86.85 

2025-05-09 13:08:05,973 [trainer.py] => All params: 85890817
2025-05-09 13:08:05,973 [trainer.py] => Trainable params: 85890817
2025-05-09 13:08:05,982 [simplecil.py] => Learning on 120-130
Time for task 12: 25.97634196281433
2025-05-09 13:08:53,174 [trainer.py] => No NME accuracy.
2025-05-09 13:08:53,175 [trainer.py] => CNN: {'total': 80.85, '00-09': 79.5, '10-19': 80.5, '20-29': 72.5, '30-39': 87.0, '40-49': 82.0, '50-59': 84.92, '60-69': 83.5, '70-79': 85.5, '80-89': 74.87, '90-99': 79.9, '100-109': 79.4, '110-119': 76.38, '120-129': 85.0, 'old': 80.5, 'new': 85.0}
2025-05-09 13:08:53,175 [trainer.py] => CNN top1 curve: [93.0, 93.0, 86.83, 87.75, 87.2, 87.57, 87.06, 86.55, 85.09, 83.93, 82.83, 81.38, 80.85]
2025-05-09 13:08:53,175 [trainer.py] => CNN top5 curve: [100.0, 99.25, 98.83, 99.0, 97.9, 98.0, 97.78, 97.69, 97.11, 96.8, 96.58, 95.87, 95.84]

Average Accuracy (CNN): 86.39
2025-05-09 13:08:53,175 [trainer.py] => Average Accuracy (CNN): 86.39 

2025-05-09 13:08:53,177 [trainer.py] => All params: 85898497
2025-05-09 13:08:53,179 [trainer.py] => Trainable params: 85898497
2025-05-09 13:08:53,188 [simplecil.py] => Learning on 130-140
Time for task 13: 27.298733949661255
2025-05-09 13:09:42,721 [trainer.py] => No NME accuracy.
2025-05-09 13:09:42,722 [trainer.py] => CNN: {'total': 80.5, '00-09': 79.0, '10-19': 79.5, '20-29': 72.5, '30-39': 87.0, '40-49': 82.0, '50-59': 83.92, '60-69': 83.5, '70-79': 85.5, '80-89': 73.37, '90-99': 79.4, '100-109': 78.89, '110-119': 75.88, '120-129': 85.0, '130-139': 81.5, 'old': 80.42, 'new': 81.5}
2025-05-09 13:09:42,722 [trainer.py] => CNN top1 curve: [93.0, 93.0, 86.83, 87.75, 87.2, 87.57, 87.06, 86.55, 85.09, 83.93, 82.83, 81.38, 80.85, 80.5]
2025-05-09 13:09:42,722 [trainer.py] => CNN top5 curve: [100.0, 99.25, 98.83, 99.0, 97.9, 98.0, 97.78, 97.69, 97.11, 96.8, 96.58, 95.87, 95.84, 95.1]

Average Accuracy (CNN): 85.97
2025-05-09 13:09:42,722 [trainer.py] => Average Accuracy (CNN): 85.97 

2025-05-09 13:09:42,724 [trainer.py] => All params: 85906177
2025-05-09 13:09:42,725 [trainer.py] => Trainable params: 85906177
2025-05-09 13:09:42,732 [simplecil.py] => Learning on 140-150
Time for task 14: 27.14928913116455
2025-05-09 13:10:34,038 [trainer.py] => No NME accuracy.
2025-05-09 13:10:34,038 [trainer.py] => CNN: {'total': 79.53, '00-09': 77.0, '10-19': 79.5, '20-29': 72.5, '30-39': 86.5, '40-49': 82.0, '50-59': 79.9, '60-69': 83.0, '70-79': 84.5, '80-89': 73.37, '90-99': 79.4, '100-109': 77.39, '110-119': 71.86, '120-129': 84.5, '130-139': 81.5, '140-149': 79.9, 'old': 79.5, 'new': 79.9}
2025-05-09 13:10:34,038 [trainer.py] => CNN top1 curve: [93.0, 93.0, 86.83, 87.75, 87.2, 87.57, 87.06, 86.55, 85.09, 83.93, 82.83, 81.38, 80.85, 80.5, 79.53]
2025-05-09 13:10:34,038 [trainer.py] => CNN top5 curve: [100.0, 99.25, 98.83, 99.0, 97.9, 98.0, 97.78, 97.69, 97.11, 96.8, 96.58, 95.87, 95.84, 95.1, 94.69]

Average Accuracy (CNN): 85.54
2025-05-09 13:10:34,038 [trainer.py] => Average Accuracy (CNN): 85.54 

2025-05-09 13:10:34,039 [trainer.py] => All params: 85913857
2025-05-09 13:10:34,039 [trainer.py] => Trainable params: 85913857
2025-05-09 13:10:34,048 [simplecil.py] => Learning on 150-160
Time for task 15: 26.4707190990448
2025-05-09 13:11:26,908 [trainer.py] => No NME accuracy.
2025-05-09 13:11:26,911 [trainer.py] => CNN: {'total': 79.3, '00-09': 77.0, '10-19': 79.5, '20-29': 72.0, '30-39': 86.5, '40-49': 82.0, '50-59': 79.9, '60-69': 83.0, '70-79': 84.5, '80-89': 72.36, '90-99': 78.89, '100-109': 75.88, '110-119': 71.36, '120-129': 84.5, '130-139': 81.5, '140-149': 79.4, '150-159': 80.4, 'old': 79.23, 'new': 80.4}
2025-05-09 13:11:26,911 [trainer.py] => CNN top1 curve: [93.0, 93.0, 86.83, 87.75, 87.2, 87.57, 87.06, 86.55, 85.09, 83.93, 82.83, 81.38, 80.85, 80.5, 79.53, 79.3]
2025-05-09 13:11:26,911 [trainer.py] => CNN top5 curve: [100.0, 99.25, 98.83, 99.0, 97.9, 98.0, 97.78, 97.69, 97.11, 96.8, 96.58, 95.87, 95.84, 95.1, 94.69, 94.33]

Average Accuracy (CNN): 85.15
2025-05-09 13:11:26,912 [trainer.py] => Average Accuracy (CNN): 85.15 

2025-05-09 13:11:26,912 [trainer.py] => All params: 85921537
2025-05-09 13:11:26,913 [trainer.py] => Trainable params: 85921537
2025-05-09 13:11:26,917 [simplecil.py] => Learning on 160-170
Time for task 16: 26.073719263076782
2025-05-09 13:12:19,929 [trainer.py] => No NME accuracy.
2025-05-09 13:12:19,929 [trainer.py] => CNN: {'total': 78.48, '00-09': 77.0, '10-19': 78.0, '20-29': 71.0, '30-39': 86.5, '40-49': 81.5, '50-59': 78.39, '60-69': 83.0, '70-79': 82.0, '80-89': 72.36, '90-99': 78.89, '100-109': 75.88, '110-119': 71.36, '120-129': 84.0, '130-139': 81.0, '140-149': 78.89, '150-159': 80.4, '160-169': 73.87, 'old': 78.77, 'new': 73.87}
2025-05-09 13:12:19,929 [trainer.py] => CNN top1 curve: [93.0, 93.0, 86.83, 87.75, 87.2, 87.57, 87.06, 86.55, 85.09, 83.93, 82.83, 81.38, 80.85, 80.5, 79.53, 79.3, 78.48]
2025-05-09 13:12:19,929 [trainer.py] => CNN top5 curve: [100.0, 99.25, 98.83, 99.0, 97.9, 98.0, 97.78, 97.69, 97.11, 96.8, 96.58, 95.87, 95.84, 95.1, 94.69, 94.33, 93.6]

Average Accuracy (CNN): 84.76
2025-05-09 13:12:19,930 [trainer.py] => Average Accuracy (CNN): 84.76 

2025-05-09 13:12:19,931 [trainer.py] => All params: 85929217
2025-05-09 13:12:19,932 [trainer.py] => Trainable params: 85929217
2025-05-09 13:12:19,940 [simplecil.py] => Learning on 170-180
Time for task 17: 24.995386600494385
2025-05-09 13:13:13,524 [trainer.py] => No NME accuracy.
2025-05-09 13:13:13,524 [trainer.py] => CNN: {'total': 76.73, '00-09': 73.5, '10-19': 76.0, '20-29': 71.0, '30-39': 83.5, '40-49': 78.5, '50-59': 78.39, '60-69': 83.0, '70-79': 82.0, '80-89': 70.85, '90-99': 78.89, '100-109': 74.87, '110-119': 69.85, '120-129': 84.0, '130-139': 81.0, '140-149': 77.39, '150-159': 79.9, '160-169': 73.37, '170-179': 65.0, 'old': 77.42, 'new': 65.0}
2025-05-09 13:13:13,524 [trainer.py] => CNN top1 curve: [93.0, 93.0, 86.83, 87.75, 87.2, 87.57, 87.06, 86.55, 85.09, 83.93, 82.83, 81.38, 80.85, 80.5, 79.53, 79.3, 78.48, 76.73]
2025-05-09 13:13:13,524 [trainer.py] => CNN top5 curve: [100.0, 99.25, 98.83, 99.0, 97.9, 98.0, 97.78, 97.69, 97.11, 96.8, 96.58, 95.87, 95.84, 95.1, 94.69, 94.33, 93.6, 93.26]

Average Accuracy (CNN): 84.31
2025-05-09 13:13:13,524 [trainer.py] => Average Accuracy (CNN): 84.31 

2025-05-09 13:13:13,525 [trainer.py] => All params: 85936897
2025-05-09 13:13:13,525 [trainer.py] => Trainable params: 85936897
2025-05-09 13:13:13,532 [simplecil.py] => Learning on 180-190
Time for task 18: 25.73197102546692
2025-05-09 13:14:10,044 [trainer.py] => No NME accuracy.
2025-05-09 13:14:10,044 [trainer.py] => CNN: {'total': 76.17, '00-09': 73.5, '10-19': 76.0, '20-29': 70.5, '30-39': 83.5, '40-49': 78.5, '50-59': 77.89, '60-69': 79.5, '70-79': 82.0, '80-89': 70.85, '90-99': 78.89, '100-109': 74.87, '110-119': 69.85, '120-129': 84.0, '130-139': 81.0, '140-149': 77.39, '150-159': 77.39, '160-169': 73.37, '170-179': 65.0, '180-189': 73.23, 'old': 76.34, 'new': 73.23}
2025-05-09 13:14:10,044 [trainer.py] => CNN top1 curve: [93.0, 93.0, 86.83, 87.75, 87.2, 87.57, 87.06, 86.55, 85.09, 83.93, 82.83, 81.38, 80.85, 80.5, 79.53, 79.3, 78.48, 76.73, 76.17]
2025-05-09 13:14:10,045 [trainer.py] => CNN top5 curve: [100.0, 99.25, 98.83, 99.0, 97.9, 98.0, 97.78, 97.69, 97.11, 96.8, 96.58, 95.87, 95.84, 95.1, 94.69, 94.33, 93.6, 93.26, 93.14]

Average Accuracy (CNN): 83.88
2025-05-09 13:14:10,045 [trainer.py] => Average Accuracy (CNN): 83.88 

2025-05-09 13:14:10,047 [trainer.py] => All params: 85944577
2025-05-09 13:14:10,049 [trainer.py] => Trainable params: 85944577
2025-05-09 13:14:10,059 [simplecil.py] => Learning on 190-200
Time for task 19: 24.716769456863403
2025-05-09 13:15:07,467 [trainer.py] => No NME accuracy.
2025-05-09 13:15:07,467 [trainer.py] => CNN: {'total': 76.32, '00-09': 73.0, '10-19': 76.0, '20-29': 70.5, '30-39': 83.5, '40-49': 78.5, '50-59': 77.39, '60-69': 79.5, '70-79': 82.0, '80-89': 70.85, '90-99': 77.89, '100-109': 74.87, '110-119': 67.84, '120-129': 84.0, '130-139': 80.0, '140-149': 76.88, '150-159': 77.39, '160-169': 72.36, '170-179': 65.0, '180-189': 72.73, '190-199': 86.0, 'old': 75.8, 'new': 86.0}
2025-05-09 13:15:07,467 [trainer.py] => CNN top1 curve: [93.0, 93.0, 86.83, 87.75, 87.2, 87.57, 87.06, 86.55, 85.09, 83.93, 82.83, 81.38, 80.85, 80.5, 79.53, 79.3, 78.48, 76.73, 76.17, 76.32]
2025-05-09 13:15:07,468 [trainer.py] => CNN top5 curve: [100.0, 99.25, 98.83, 99.0, 97.9, 98.0, 97.78, 97.69, 97.11, 96.8, 96.58, 95.87, 95.84, 95.1, 94.69, 94.33, 93.6, 93.26, 93.14, 93.26]

Average Accuracy (CNN): 83.5
2025-05-09 13:15:07,468 [trainer.py] => Average Accuracy (CNN): 83.5 

2025-05-09 13:15:07,468 [trainer.py] => All params: 85952257
2025-05-09 13:15:07,469 [trainer.py] => Trainable params: 85952257
2025-05-09 13:15:07,478 [simplecil.py] => Learning on 200-210
Time for task 20: 26.82850742340088
2025-05-09 13:16:07,722 [trainer.py] => No NME accuracy.
2025-05-09 13:16:07,723 [trainer.py] => CNN: {'total': 75.7, '00-09': 73.0, '10-19': 76.0, '20-29': 70.0, '30-39': 83.5, '40-49': 77.0, '50-59': 77.39, '60-69': 79.5, '70-79': 81.5, '80-89': 70.85, '90-99': 76.88, '100-109': 74.87, '110-119': 66.83, '120-129': 84.0, '130-139': 80.0, '140-149': 76.88, '150-159': 77.39, '160-169': 72.36, '170-179': 65.0, '180-189': 72.22, '190-199': 82.5, '200-209': 71.86, 'old': 75.89, 'new': 71.86}
2025-05-09 13:16:07,723 [trainer.py] => CNN top1 curve: [93.0, 93.0, 86.83, 87.75, 87.2, 87.57, 87.06, 86.55, 85.09, 83.93, 82.83, 81.38, 80.85, 80.5, 79.53, 79.3, 78.48, 76.73, 76.17, 76.32, 75.7]
2025-05-09 13:16:07,723 [trainer.py] => CNN top5 curve: [100.0, 99.25, 98.83, 99.0, 97.9, 98.0, 97.78, 97.69, 97.11, 96.8, 96.58, 95.87, 95.84, 95.1, 94.69, 94.33, 93.6, 93.26, 93.14, 93.26, 92.81]

Average Accuracy (CNN): 83.13
2025-05-09 13:16:07,723 [trainer.py] => Average Accuracy (CNN): 83.13 

2025-05-09 13:16:07,723 [trainer.py] => All params: 85959937
2025-05-09 13:16:07,724 [trainer.py] => Trainable params: 85959937
2025-05-09 13:16:07,729 [simplecil.py] => Learning on 210-220
Time for task 21: 27.653695821762085
2025-05-09 13:17:10,303 [trainer.py] => No NME accuracy.
2025-05-09 13:17:10,303 [trainer.py] => CNN: {'total': 74.12, '00-09': 73.0, '10-19': 75.0, '20-29': 68.0, '30-39': 83.5, '40-49': 75.5, '50-59': 77.39, '60-69': 79.0, '70-79': 81.5, '80-89': 70.85, '90-99': 76.88, '100-109': 74.87, '110-119': 66.33, '120-129': 84.0, '130-139': 79.5, '140-149': 76.88, '150-159': 76.88, '160-169': 71.86, '170-179': 63.5, '180-189': 71.72, '190-199': 82.5, '200-209': 70.35, '210-219': 51.5, 'old': 75.2, 'new': 51.5}
2025-05-09 13:17:10,304 [trainer.py] => CNN top1 curve: [93.0, 93.0, 86.83, 87.75, 87.2, 87.57, 87.06, 86.55, 85.09, 83.93, 82.83, 81.38, 80.85, 80.5, 79.53, 79.3, 78.48, 76.73, 76.17, 76.32, 75.7, 74.12]
2025-05-09 13:17:10,304 [trainer.py] => CNN top5 curve: [100.0, 99.25, 98.83, 99.0, 97.9, 98.0, 97.78, 97.69, 97.11, 96.8, 96.58, 95.87, 95.84, 95.1, 94.69, 94.33, 93.6, 93.26, 93.14, 93.26, 92.81, 91.39]

Average Accuracy (CNN): 82.72
2025-05-09 13:17:10,304 [trainer.py] => Average Accuracy (CNN): 82.72 

2025-05-09 13:17:10,306 [trainer.py] => All params: 85967617
2025-05-09 13:17:10,307 [trainer.py] => Trainable params: 85967617
2025-05-09 13:17:10,321 [simplecil.py] => Learning on 220-230
Time for task 22: 27.44768190383911
2025-05-09 13:18:14,066 [trainer.py] => No NME accuracy.
2025-05-09 13:18:14,067 [trainer.py] => CNN: {'total': 74.06, '00-09': 73.0, '10-19': 75.0, '20-29': 68.0, '30-39': 83.5, '40-49': 75.0, '50-59': 77.39, '60-69': 78.5, '70-79': 81.5, '80-89': 70.85, '90-99': 76.88, '100-109': 67.84, '110-119': 66.33, '120-129': 83.0, '130-139': 79.5, '140-149': 76.88, '150-159': 76.88, '160-169': 71.86, '170-179': 63.0, '180-189': 71.72, '190-199': 82.5, '200-209': 67.34, '210-219': 51.5, '220-229': 85.43, 'old': 73.55, 'new': 85.43}
2025-05-09 13:18:14,067 [trainer.py] => CNN top1 curve: [93.0, 93.0, 86.83, 87.75, 87.2, 87.57, 87.06, 86.55, 85.09, 83.93, 82.83, 81.38, 80.85, 80.5, 79.53, 79.3, 78.48, 76.73, 76.17, 76.32, 75.7, 74.12, 74.06]
2025-05-09 13:18:14,067 [trainer.py] => CNN top5 curve: [100.0, 99.25, 98.83, 99.0, 97.9, 98.0, 97.78, 97.69, 97.11, 96.8, 96.58, 95.87, 95.84, 95.1, 94.69, 94.33, 93.6, 93.26, 93.14, 93.26, 92.81, 91.39, 91.59]

Average Accuracy (CNN): 82.35
2025-05-09 13:18:14,068 [trainer.py] => Average Accuracy (CNN): 82.35 

2025-05-09 13:18:14,069 [trainer.py] => All params: 85975297
2025-05-09 13:18:14,071 [trainer.py] => Trainable params: 85975297
2025-05-09 13:18:14,082 [simplecil.py] => Learning on 230-240
Time for task 23: 26.897725820541382
2025-05-09 13:19:19,892 [trainer.py] => No NME accuracy.
2025-05-09 13:19:19,896 [trainer.py] => CNN: {'total': 74.1, '00-09': 72.5, '10-19': 74.0, '20-29': 68.0, '30-39': 83.5, '40-49': 75.0, '50-59': 77.39, '60-69': 78.5, '70-79': 81.5, '80-89': 70.85, '90-99': 76.88, '100-109': 67.84, '110-119': 65.83, '120-129': 82.0, '130-139': 79.5, '140-149': 75.88, '150-159': 76.38, '160-169': 71.86, '170-179': 62.5, '180-189': 71.72, '190-199': 82.0, '200-209': 67.34, '210-219': 51.5, '220-229': 85.43, '230-239': 80.5, 'old': 73.82, 'new': 80.5}
2025-05-09 13:19:19,896 [trainer.py] => CNN top1 curve: [93.0, 93.0, 86.83, 87.75, 87.2, 87.57, 87.06, 86.55, 85.09, 83.93, 82.83, 81.38, 80.85, 80.5, 79.53, 79.3, 78.48, 76.73, 76.17, 76.32, 75.7, 74.12, 74.06, 74.1]
2025-05-09 13:19:19,896 [trainer.py] => CNN top5 curve: [100.0, 99.25, 98.83, 99.0, 97.9, 98.0, 97.78, 97.69, 97.11, 96.8, 96.58, 95.87, 95.84, 95.1, 94.69, 94.33, 93.6, 93.26, 93.14, 93.26, 92.81, 91.39, 91.59, 91.23]

Average Accuracy (CNN): 82.0
2025-05-09 13:19:19,896 [trainer.py] => Average Accuracy (CNN): 82.0 

2025-05-09 13:19:19,898 [trainer.py] => All params: 85982977
2025-05-09 13:19:19,900 [trainer.py] => Trainable params: 85982977
2025-05-09 13:19:19,909 [simplecil.py] => Learning on 240-250
Time for task 24: 27.915499925613403
2025-05-09 13:20:28,100 [trainer.py] => No NME accuracy.
2025-05-09 13:20:28,101 [trainer.py] => CNN: {'total': 73.46, '00-09': 72.5, '10-19': 73.5, '20-29': 68.0, '30-39': 83.5, '40-49': 75.0, '50-59': 76.88, '60-69': 78.5, '70-79': 81.5, '80-89': 69.85, '90-99': 76.88, '100-109': 67.84, '110-119': 65.33, '120-129': 77.0, '130-139': 78.5, '140-149': 75.88, '150-159': 76.38, '160-169': 71.86, '170-179': 62.0, '180-189': 71.72, '190-199': 81.5, '200-209': 65.83, '210-219': 51.5, '220-229': 85.43, '230-239': 80.5, '240-249': 69.0, 'old': 73.64, 'new': 69.0}
2025-05-09 13:20:28,101 [trainer.py] => CNN top1 curve: [93.0, 93.0, 86.83, 87.75, 87.2, 87.57, 87.06, 86.55, 85.09, 83.93, 82.83, 81.38, 80.85, 80.5, 79.53, 79.3, 78.48, 76.73, 76.17, 76.32, 75.7, 74.12, 74.06, 74.1, 73.46]
2025-05-09 13:20:28,101 [trainer.py] => CNN top5 curve: [100.0, 99.25, 98.83, 99.0, 97.9, 98.0, 97.78, 97.69, 97.11, 96.8, 96.58, 95.87, 95.84, 95.1, 94.69, 94.33, 93.6, 93.26, 93.14, 93.26, 92.81, 91.39, 91.59, 91.23, 91.26]

Average Accuracy (CNN): 81.66
2025-05-09 13:20:28,102 [trainer.py] => Average Accuracy (CNN): 81.66 

2025-05-09 13:20:28,104 [trainer.py] => All params: 85990657
2025-05-09 13:20:28,105 [trainer.py] => Trainable params: 85990657
2025-05-09 13:20:28,116 [simplecil.py] => Learning on 250-260
Time for task 25: 25.4669189453125
2025-05-09 13:21:35,028 [trainer.py] => No NME accuracy.
2025-05-09 13:21:35,028 [trainer.py] => CNN: {'total': 73.26, '00-09': 72.5, '10-19': 73.5, '20-29': 68.0, '30-39': 83.0, '40-49': 75.0, '50-59': 76.88, '60-69': 76.5, '70-79': 81.0, '80-89': 69.85, '90-99': 75.38, '100-109': 67.34, '110-119': 65.33, '120-129': 77.0, '130-139': 78.5, '140-149': 75.88, '150-159': 73.87, '160-169': 71.86, '170-179': 62.0, '180-189': 71.72, '190-199': 81.5, '200-209': 65.83, '210-219': 51.5, '220-229': 85.43, '230-239': 80.5, '240-249': 69.0, '250-259': 75.88, 'old': 73.16, 'new': 75.88}
2025-05-09 13:21:35,028 [trainer.py] => CNN top1 curve: [93.0, 93.0, 86.83, 87.75, 87.2, 87.57, 87.06, 86.55, 85.09, 83.93, 82.83, 81.38, 80.85, 80.5, 79.53, 79.3, 78.48, 76.73, 76.17, 76.32, 75.7, 74.12, 74.06, 74.1, 73.46, 73.26]
2025-05-09 13:21:35,028 [trainer.py] => CNN top5 curve: [100.0, 99.25, 98.83, 99.0, 97.9, 98.0, 97.78, 97.69, 97.11, 96.8, 96.58, 95.87, 95.84, 95.1, 94.69, 94.33, 93.6, 93.26, 93.14, 93.26, 92.81, 91.39, 91.59, 91.23, 91.26, 91.31]

Average Accuracy (CNN): 81.34
2025-05-09 13:21:35,028 [trainer.py] => Average Accuracy (CNN): 81.34 

2025-05-09 13:21:35,029 [trainer.py] => All params: 85998337
2025-05-09 13:21:35,029 [trainer.py] => Trainable params: 85998337
2025-05-09 13:21:35,037 [simplecil.py] => Learning on 260-270
Time for task 26: 26.778437614440918
2025-05-09 13:22:45,066 [trainer.py] => No NME accuracy.
2025-05-09 13:22:45,067 [trainer.py] => CNN: {'total': 73.18, '00-09': 72.5, '10-19': 73.5, '20-29': 68.0, '30-39': 83.0, '40-49': 75.0, '50-59': 76.88, '60-69': 76.5, '70-79': 81.0, '80-89': 69.85, '90-99': 75.38, '100-109': 67.34, '110-119': 63.32, '120-129': 77.0, '130-139': 78.0, '140-149': 71.86, '150-159': 72.86, '160-169': 71.86, '170-179': 62.0, '180-189': 71.72, '190-199': 80.5, '200-209': 64.32, '210-219': 51.5, '220-229': 85.43, '230-239': 80.5, '240-249': 69.0, '250-259': 75.88, '260-269': 81.0, 'old': 72.87, 'new': 81.0}
2025-05-09 13:22:45,067 [trainer.py] => CNN top1 curve: [93.0, 93.0, 86.83, 87.75, 87.2, 87.57, 87.06, 86.55, 85.09, 83.93, 82.83, 81.38, 80.85, 80.5, 79.53, 79.3, 78.48, 76.73, 76.17, 76.32, 75.7, 74.12, 74.06, 74.1, 73.46, 73.26, 73.18]
2025-05-09 13:22:45,067 [trainer.py] => CNN top5 curve: [100.0, 99.25, 98.83, 99.0, 97.9, 98.0, 97.78, 97.69, 97.11, 96.8, 96.58, 95.87, 95.84, 95.1, 94.69, 94.33, 93.6, 93.26, 93.14, 93.26, 92.81, 91.39, 91.59, 91.23, 91.26, 91.31, 91.44]

Average Accuracy (CNN): 81.04
2025-05-09 13:22:45,067 [trainer.py] => Average Accuracy (CNN): 81.04 

2025-05-09 13:22:45,067 [trainer.py] => All params: 86006017
2025-05-09 13:22:45,068 [trainer.py] => Trainable params: 86006017
2025-05-09 13:22:45,075 [simplecil.py] => Learning on 270-280
Time for task 27: 24.94700050354004
2025-05-09 13:23:54,725 [trainer.py] => No NME accuracy.
2025-05-09 13:23:54,725 [trainer.py] => CNN: {'total': 73.06, '00-09': 72.5, '10-19': 73.5, '20-29': 68.0, '30-39': 83.0, '40-49': 72.5, '50-59': 76.88, '60-69': 76.0, '70-79': 81.0, '80-89': 69.85, '90-99': 75.38, '100-109': 66.33, '110-119': 62.81, '120-129': 77.0, '130-139': 77.5, '140-149': 71.86, '150-159': 72.86, '160-169': 70.85, '170-179': 61.5, '180-189': 70.71, '190-199': 80.5, '200-209': 64.32, '210-219': 51.5, '220-229': 85.43, '230-239': 80.5, '240-249': 66.0, '250-259': 75.88, '260-269': 81.0, '270-279': 80.4, 'old': 72.79, 'new': 80.4}
2025-05-09 13:23:54,726 [trainer.py] => CNN top1 curve: [93.0, 93.0, 86.83, 87.75, 87.2, 87.57, 87.06, 86.55, 85.09, 83.93, 82.83, 81.38, 80.85, 80.5, 79.53, 79.3, 78.48, 76.73, 76.17, 76.32, 75.7, 74.12, 74.06, 74.1, 73.46, 73.26, 73.18, 73.06]
2025-05-09 13:23:54,726 [trainer.py] => CNN top5 curve: [100.0, 99.25, 98.83, 99.0, 97.9, 98.0, 97.78, 97.69, 97.11, 96.8, 96.58, 95.87, 95.84, 95.1, 94.69, 94.33, 93.6, 93.26, 93.14, 93.26, 92.81, 91.39, 91.59, 91.23, 91.26, 91.31, 91.44, 91.37]

Average Accuracy (CNN): 80.75
2025-05-09 13:23:54,726 [trainer.py] => Average Accuracy (CNN): 80.75 

2025-05-09 13:23:54,726 [trainer.py] => All params: 86013697
2025-05-09 13:23:54,727 [trainer.py] => Trainable params: 86013697
2025-05-09 13:23:54,736 [simplecil.py] => Learning on 280-290
Time for task 28: 25.85476040840149
2025-05-09 13:25:05,409 [trainer.py] => No NME accuracy.
2025-05-09 13:25:05,410 [trainer.py] => CNN: {'total': 73.16, '00-09': 72.5, '10-19': 73.5, '20-29': 67.5, '30-39': 83.0, '40-49': 72.5, '50-59': 76.88, '60-69': 75.5, '70-79': 81.0, '80-89': 69.85, '90-99': 71.86, '100-109': 65.83, '110-119': 62.81, '120-129': 77.0, '130-139': 77.5, '140-149': 71.86, '150-159': 72.86, '160-169': 70.35, '170-179': 61.5, '180-189': 70.71, '190-199': 80.0, '200-209': 64.32, '210-219': 51.0, '220-229': 85.43, '230-239': 80.5, '240-249': 66.0, '250-259': 75.38, '260-269': 81.0, '270-279': 80.4, '280-289': 83.0, 'old': 72.81, 'new': 83.0}
2025-05-09 13:25:05,410 [trainer.py] => CNN top1 curve: [93.0, 93.0, 86.83, 87.75, 87.2, 87.57, 87.06, 86.55, 85.09, 83.93, 82.83, 81.38, 80.85, 80.5, 79.53, 79.3, 78.48, 76.73, 76.17, 76.32, 75.7, 74.12, 74.06, 74.1, 73.46, 73.26, 73.18, 73.06, 73.16]
2025-05-09 13:25:05,410 [trainer.py] => CNN top5 curve: [100.0, 99.25, 98.83, 99.0, 97.9, 98.0, 97.78, 97.69, 97.11, 96.8, 96.58, 95.87, 95.84, 95.1, 94.69, 94.33, 93.6, 93.26, 93.14, 93.26, 92.81, 91.39, 91.59, 91.23, 91.26, 91.31, 91.44, 91.37, 91.62]

Average Accuracy (CNN): 80.49
2025-05-09 13:25:05,410 [trainer.py] => Average Accuracy (CNN): 80.49 

2025-05-09 13:25:05,410 [trainer.py] => All params: 86021377
2025-05-09 13:25:05,411 [trainer.py] => Trainable params: 86021377
2025-05-09 13:25:05,419 [simplecil.py] => Learning on 290-300
Time for task 29: 25.669674158096313
2025-05-09 13:26:17,397 [trainer.py] => No NME accuracy.
2025-05-09 13:26:17,399 [trainer.py] => CNN: {'total': 73.3, '00-09': 72.0, '10-19': 73.5, '20-29': 67.5, '30-39': 83.0, '40-49': 72.5, '50-59': 76.88, '60-69': 75.5, '70-79': 81.0, '80-89': 69.85, '90-99': 71.86, '100-109': 65.83, '110-119': 62.81, '120-129': 77.0, '130-139': 77.5, '140-149': 71.86, '150-159': 72.86, '160-169': 70.35, '170-179': 61.5, '180-189': 70.71, '190-199': 80.0, '200-209': 64.32, '210-219': 51.0, '220-229': 85.43, '230-239': 80.5, '240-249': 66.0, '250-259': 75.38, '260-269': 80.0, '270-279': 79.9, '280-289': 82.5, '290-299': 79.9, 'old': 73.07, 'new': 79.9}
2025-05-09 13:26:17,399 [trainer.py] => CNN top1 curve: [93.0, 93.0, 86.83, 87.75, 87.2, 87.57, 87.06, 86.55, 85.09, 83.93, 82.83, 81.38, 80.85, 80.5, 79.53, 79.3, 78.48, 76.73, 76.17, 76.32, 75.7, 74.12, 74.06, 74.1, 73.46, 73.26, 73.18, 73.06, 73.16, 73.3]
2025-05-09 13:26:17,399 [trainer.py] => CNN top5 curve: [100.0, 99.25, 98.83, 99.0, 97.9, 98.0, 97.78, 97.69, 97.11, 96.8, 96.58, 95.87, 95.84, 95.1, 94.69, 94.33, 93.6, 93.26, 93.14, 93.26, 92.81, 91.39, 91.59, 91.23, 91.26, 91.31, 91.44, 91.37, 91.62, 91.46]

Average Accuracy (CNN): 80.25
2025-05-09 13:26:17,399 [trainer.py] => Average Accuracy (CNN): 80.25 

Finished omnibenchmark_init10_inc10: pretrained_vit_b16_224_in21k  
----------------------------------------------------------------------------------------------------
Accuracy Matrix (CNN):
[[93.   91.5  90.5  87.5  87.5  86.   84.5  84.5  82.5  82.5  81.5  80.5
  79.5  79.   77.   77.   77.   73.5  73.5  73.   73.   73.   73.   72.5
  72.5  72.5  72.5  72.5  72.5  72.  ]
 [ 0.   94.5  87.5  87.5  87.5  87.5  87.   84.   83.   82.5  81.   80.5
  80.5  79.5  79.5  79.5  78.   76.   76.   76.   76.   75.   75.   74.
  73.5  73.5  73.5  73.5  73.5  73.5 ]
 [ 0.    0.   82.5  82.   78.5  78.5  75.5  75.5  75.   74.5  74.5  73.5
  72.5  72.5  72.5  72.   71.   71.   70.5  70.5  70.   68.   68.   68.
  68.   68.   68.   68.   67.5  67.5 ]
 [ 0.    0.    0.   94.   94.   90.5  89.5  87.5  87.5  87.5  87.   87.
  87.   87.   86.5  86.5  86.5  83.5  83.5  83.5  83.5  83.5  83.5  83.5
  83.5  83.   83.   83.   83.   83.  ]
 [ 0.    0.    0.    0.   88.5  88.   86.5  86.5  86.   86.   86.   84.5
  82.   82.   82.   82.   81.5  78.5  78.5  78.5  77.   75.5  75.   75.
  75.   75.   75.   72.5  72.5  72.5 ]
 [ 0.    0.    0.    0.    0.   94.97 93.97 93.97 93.47 93.47 85.93 85.43
  84.92 83.92 79.9  79.9  78.39 78.39 77.89 77.39 77.39 77.39 77.39 77.39
  76.88 76.88 76.88 76.88 76.88 76.88]
 [ 0.    0.    0.    0.    0.    0.   92.5  92.5  91.5  89.5  89.5  87.5
  83.5  83.5  83.   83.   83.   83.   79.5  79.5  79.5  79.   78.5  78.5
  78.5  76.5  76.5  76.   75.5  75.5 ]
 [ 0.    0.    0.    0.    0.    0.    0.   88.   88.   87.   86.5  85.5
  85.5  85.5  84.5  84.5  82.   82.   82.   82.   81.5  81.5  81.5  81.5
  81.5  81.   81.   81.   81.   81.  ]
 [ 0.    0.    0.    0.    0.    0.    0.    0.   78.89 76.38 76.38 74.87
  74.87 73.37 73.37 72.36 72.36 70.85 70.85 70.85 70.85 70.85 70.85 70.85
  69.85 69.85 69.85 69.85 69.85 69.85]
 [ 0.    0.    0.    0.    0.    0.    0.    0.    0.   79.9  79.9  79.9
  79.9  79.4  79.4  78.89 78.89 78.89 78.89 77.89 76.88 76.88 76.88 76.88
  76.88 75.38 75.38 75.38 71.86 71.86]
 [ 0.    0.    0.    0.    0.    0.    0.    0.    0.    0.   82.91 79.9
  79.4  78.89 77.39 75.88 75.88 74.87 74.87 74.87 74.87 74.87 67.84 67.84
  67.84 67.34 67.34 66.33 65.83 65.83]
 [ 0.    0.    0.    0.    0.    0.    0.    0.    0.    0.    0.   77.39
  76.38 75.88 71.86 71.36 71.36 69.85 69.85 67.84 66.83 66.33 66.33 65.83
  65.33 65.33 63.32 62.81 62.81 62.81]
 [ 0.    0.    0.    0.    0.    0.    0.    0.    0.    0.    0.    0.
  85.   85.   84.5  84.5  84.   84.   84.   84.   84.   84.   83.   82.
  77.   77.   77.   77.   77.   77.  ]
 [ 0.    0.    0.    0.    0.    0.    0.    0.    0.    0.    0.    0.
   0.   81.5  81.5  81.5  81.   81.   81.   80.   80.   79.5  79.5  79.5
  78.5  78.5  78.   77.5  77.5  77.5 ]
 [ 0.    0.    0.    0.    0.    0.    0.    0.    0.    0.    0.    0.
   0.    0.   79.9  79.4  78.89 77.39 77.39 76.88 76.88 76.88 76.88 75.88
  75.88 75.88 71.86 71.86 71.86 71.86]
 [ 0.    0.    0.    0.    0.    0.    0.    0.    0.    0.    0.    0.
   0.    0.    0.   80.4  80.4  79.9  77.39 77.39 77.39 76.88 76.88 76.38
  76.38 73.87 72.86 72.86 72.86 72.86]
 [ 0.    0.    0.    0.    0.    0.    0.    0.    0.    0.    0.    0.
   0.    0.    0.    0.   73.87 73.37 73.37 72.36 72.36 71.86 71.86 71.86
  71.86 71.86 71.86 70.85 70.35 70.35]
 [ 0.    0.    0.    0.    0.    0.    0.    0.    0.    0.    0.    0.
   0.    0.    0.    0.    0.   65.   65.   65.   65.   63.5  63.   62.5
  62.   62.   62.   61.5  61.5  61.5 ]
 [ 0.    0.    0.    0.    0.    0.    0.    0.    0.    0.    0.    0.
   0.    0.    0.    0.    0.    0.   73.23 72.73 72.22 71.72 71.72 71.72
  71.72 71.72 71.72 70.71 70.71 70.71]
 [ 0.    0.    0.    0.    0.    0.    0.    0.    0.    0.    0.    0.
   0.    0.    0.    0.    0.    0.    0.   86.   82.5  82.5  82.5  82.
  81.5  81.5  80.5  80.5  80.   80.  ]
 [ 0.    0.    0.    0.    0.    0.    0.    0.    0.    0.    0.    0.
   0.    0.    0.    0.    0.    0.    0.    0.   71.86 70.35 67.34 67.34
  65.83 65.83 64.32 64.32 64.32 64.32]
 [ 0.    0.    0.    0.    0.    0.    0.    0.    0.    0.    0.    0.
   0.    0.    0.    0.    0.    0.    0.    0.    0.   51.5  51.5  51.5
  51.5  51.5  51.5  51.5  51.   51.  ]
 [ 0.    0.    0.    0.    0.    0.    0.    0.    0.    0.    0.    0.
   0.    0.    0.    0.    0.    0.    0.    0.    0.    0.   85.43 85.43
  85.43 85.43 85.43 85.43 85.43 85.43]
 [ 0.    0.    0.    0.    0.    0.    0.    0.    0.    0.    0.    0.
   0.    0.    0.    0.    0.    0.    0.    0.    0.    0.    0.   80.5
  80.5  80.5  80.5  80.5  80.5  80.5 ]
 [ 0.    0.    0.    0.    0.    0.    0.    0.    0.    0.    0.    0.
   0.    0.    0.    0.    0.    0.    0.    0.    0.    0.    0.    0.
  69.   69.   69.   66.   66.   66.  ]
 [ 0.    0.    0.    0.    0.    0.    0.    0.    0.    0.    0.    0.
   0.    0.    0.    0.    0.    0.    0.    0.    0.    0.    0.    0.
   0.   75.88 75.88 75.88 75.38 75.38]
 [ 0.    0.    0.    0.    0.    0.    0.    0.    0.    0.    0.    0.
   0.    0.    0.    0.    0.    0.    0.    0.    0.    0.    0.    0.
   0.    0.   81.   81.   81.   80.  ]
 [ 0.    0.    0.    0.    0.    0.    0.    0.    0.    0.    0.    0.
   0.    0.    0.    0.    0.    0.    0.    0.    0.    0.    0.    0.
   0.    0.    0.   80.4  80.4  79.9 ]
 [ 0.    0.    0.    0.    0.    0.    0.    0.    0.    0.    0.    0.
   0.    0.    0.    0.    0.    0.    0.    0.    0.    0.    0.    0.
   0.    0.    0.    0.   83.   82.5 ]
 [ 0.    0.    0.    0.    0.    0.    0.    0.    0.    0.    0.    0.
   0.    0.    0.    0.    0.    0.    0.    0.    0.    0.    0.    0.
   0.    0.    0.    0.    0.   79.9 ]]
2025-05-09 13:26:17,403 [trainer.py] => Forgetting (CNN): 7.982413793103451
2025-05-09 13:26:37,031 [trainer.py] => config: ./scripts/simplecil/simplecil_omn_B0_Inc20.json
2025-05-09 13:26:37,031 [trainer.py] => prefix:  
2025-05-09 13:26:37,031 [trainer.py] => dataset: omnibenchmark
2025-05-09 13:26:37,032 [trainer.py] => memory_size: 0
2025-05-09 13:26:37,032 [trainer.py] => memory_per_class: 0
2025-05-09 13:26:37,032 [trainer.py] => fixed_memory: False
2025-05-09 13:26:37,032 [trainer.py] => shuffle: True
2025-05-09 13:26:37,032 [trainer.py] => init_cls: 20
2025-05-09 13:26:37,032 [trainer.py] => increment: 20
2025-05-09 13:26:37,032 [trainer.py] => model_name: simplecil
2025-05-09 13:26:37,033 [trainer.py] => backbone_type: pretrained_vit_b16_224_in21k
2025-05-09 13:26:37,033 [trainer.py] => device: [device(type='cuda', index=0)]
2025-05-09 13:26:37,033 [trainer.py] => seed: 1993
2025-05-09 13:26:37,033 [trainer.py] => tuned_epoch: 0
2025-05-09 13:26:37,033 [trainer.py] => init_lr: 0.01
2025-05-09 13:26:37,033 [trainer.py] => batch_size: 48
2025-05-09 13:26:37,033 [trainer.py] => weight_decay: 0.05
2025-05-09 13:26:37,034 [trainer.py] => min_lr: 1e-08
2025-05-09 13:26:37,034 [trainer.py] => optimizer: sgd
2025-05-09 13:26:37,034 [trainer.py] => vpt_type: shallow
2025-05-09 13:26:37,034 [trainer.py] => prompt_token_num: 3
2025-05-09 13:26:38,509 [data_manager.py] => [169, 221, 146, 296, 92, 229, 49, 70, 126, 77, 243, 57, 120, 223, 27, 217, 154, 8, 101, 182, 54, 50, 97, 162, 28, 193, 79, 6, 151, 0, 173, 187, 44, 277, 157, 16, 257, 122, 35, 9, 171, 176, 134, 4, 87, 255, 112, 153, 246, 286, 147, 186, 107, 98, 10, 7, 266, 214, 36, 165, 139, 254, 103, 269, 59, 23, 298, 39, 73, 208, 135, 299, 102, 20, 12, 268, 11, 209, 161, 210, 74, 42, 56, 99, 235, 133, 159, 189, 145, 238, 215, 241, 138, 195, 233, 279, 88, 199, 64, 280, 26, 203, 17, 245, 174, 236, 137, 252, 80, 68, 181, 150, 118, 94, 75, 2, 109, 119, 232, 15, 69, 184, 201, 261, 55, 287, 273, 66, 175, 32, 142, 136, 116, 76, 179, 1, 91, 248, 275, 240, 290, 170, 132, 106, 265, 270, 85, 19, 284, 43, 259, 293, 228, 200, 104, 227, 51, 224, 163, 297, 216, 260, 93, 46, 100, 272, 105, 72, 131, 3, 156, 256, 249, 48, 113, 82, 172, 213, 62, 53, 271, 168, 253, 226, 183, 180, 276, 283, 78, 61, 143, 278, 30, 141, 196, 264, 231, 52, 222, 40, 125, 219, 65, 166, 192, 289, 45, 205, 89, 267, 90, 71, 167, 262, 281, 212, 96, 84, 127, 67, 294, 178, 288, 197, 21, 18, 111, 108, 58, 230, 188, 31, 110, 291, 129, 24, 204, 83, 81, 251, 60, 13, 128, 14, 86, 63, 117, 198, 274, 5, 22, 144, 258, 121, 38, 207, 148, 292, 41, 234, 237, 114, 202, 37, 149, 206, 155, 29, 130, 177, 194, 152, 34, 33, 239, 160, 140, 47, 244, 25, 282, 158, 211, 123, 190, 218, 164, 247, 263, 191, 220, 115, 242, 250, 124, 295, 95, 285, 225, 185]
This is for the BaseNet initialization.
After BaseNet initialization.
2025-05-09 13:26:46,305 [trainer.py] => All params: 85798656
2025-05-09 13:26:46,306 [trainer.py] => Trainable params: 85798656
2025-05-09 13:26:46,952 [simplecil.py] => Learning on 0-20
Time for task 0: 52.73831295967102
2025-05-09 13:27:44,320 [trainer.py] => No NME accuracy.
2025-05-09 13:27:44,320 [trainer.py] => CNN: {'total': 93.0, '00-19': 93.0, 'old': 0, 'new': 93.0}
2025-05-09 13:27:44,321 [trainer.py] => CNN top1 curve: [93.0]
2025-05-09 13:27:44,321 [trainer.py] => CNN top5 curve: [99.25]

Average Accuracy (CNN): 93.0
2025-05-09 13:27:44,321 [trainer.py] => Average Accuracy (CNN): 93.0 

2025-05-09 13:27:44,322 [trainer.py] => All params: 85814017
2025-05-09 13:27:44,323 [trainer.py] => Trainable params: 85814017
2025-05-09 13:27:44,331 [simplecil.py] => Learning on 20-40
Time for task 1: 49.92388439178467
2025-05-09 13:28:40,881 [trainer.py] => No NME accuracy.
2025-05-09 13:28:40,881 [trainer.py] => CNN: {'total': 87.75, '00-19': 87.5, '20-39': 88.0, 'old': 87.5, 'new': 88.0}
2025-05-09 13:28:40,881 [trainer.py] => CNN top1 curve: [93.0, 87.75]
2025-05-09 13:28:40,881 [trainer.py] => CNN top5 curve: [99.25, 99.0]

Average Accuracy (CNN): 90.38
2025-05-09 13:28:40,881 [trainer.py] => Average Accuracy (CNN): 90.38 

2025-05-09 13:28:40,882 [trainer.py] => All params: 85829377
2025-05-09 13:28:40,883 [trainer.py] => Trainable params: 85829377
2025-05-09 13:28:40,890 [simplecil.py] => Learning on 40-60
Time for task 2: 50.965327501297
2025-05-09 13:29:42,283 [trainer.py] => No NME accuracy.
2025-05-09 13:29:42,284 [trainer.py] => CNN: {'total': 87.57, '00-19': 86.75, '20-39': 84.5, '40-59': 91.48, 'old': 85.62, 'new': 91.48}
2025-05-09 13:29:42,284 [trainer.py] => CNN top1 curve: [93.0, 87.75, 87.57]
2025-05-09 13:29:42,284 [trainer.py] => CNN top5 curve: [99.25, 99.0, 98.0]

Average Accuracy (CNN): 89.44
2025-05-09 13:29:42,284 [trainer.py] => Average Accuracy (CNN): 89.44 

2025-05-09 13:29:42,285 [trainer.py] => All params: 85844737
2025-05-09 13:29:42,285 [trainer.py] => Trainable params: 85844737
2025-05-09 13:29:42,292 [simplecil.py] => Learning on 60-80
Time for task 3: 50.22047710418701
2025-05-09 13:30:45,902 [trainer.py] => No NME accuracy.
2025-05-09 13:30:45,923 [trainer.py] => CNN: {'total': 86.55, '00-19': 84.25, '20-39': 81.5, '40-59': 90.23, '60-79': 90.25, 'old': 85.32, 'new': 90.25}
2025-05-09 13:30:45,923 [trainer.py] => CNN top1 curve: [93.0, 87.75, 87.57, 86.55]
2025-05-09 13:30:45,923 [trainer.py] => CNN top5 curve: [99.25, 99.0, 98.0, 97.69]

Average Accuracy (CNN): 88.72
2025-05-09 13:30:45,923 [trainer.py] => Average Accuracy (CNN): 88.72 

2025-05-09 13:30:45,925 [trainer.py] => All params: 85860097
2025-05-09 13:30:45,926 [trainer.py] => Trainable params: 85860097
2025-05-09 13:30:45,935 [simplecil.py] => Learning on 80-100
Time for task 4: 49.704278230667114
2025-05-09 13:31:52,170 [trainer.py] => No NME accuracy.
2025-05-09 13:31:52,171 [trainer.py] => CNN: {'total': 83.93, '00-19': 82.5, '20-39': 81.0, '40-59': 89.72, '60-79': 88.25, '80-99': 78.14, 'old': 85.37, 'new': 78.14}
2025-05-09 13:31:52,171 [trainer.py] => CNN top1 curve: [93.0, 87.75, 87.57, 86.55, 83.93]
2025-05-09 13:31:52,171 [trainer.py] => CNN top5 curve: [99.25, 99.0, 98.0, 97.69, 96.8]

Average Accuracy (CNN): 87.76
2025-05-09 13:31:52,171 [trainer.py] => Average Accuracy (CNN): 87.76 

2025-05-09 13:31:52,172 [trainer.py] => All params: 85875457
2025-05-09 13:31:52,173 [trainer.py] => Trainable params: 85875457
2025-05-09 13:31:52,183 [simplecil.py] => Learning on 100-120
Time for task 5: 51.69536733627319
2025-05-09 13:33:04,327 [trainer.py] => No NME accuracy.
2025-05-09 13:33:04,328 [trainer.py] => CNN: {'total': 81.38, '00-19': 80.5, '20-39': 80.25, '40-59': 84.96, '60-79': 86.5, '80-99': 77.39, '100-119': 78.64, 'old': 81.92, 'new': 78.64}
2025-05-09 13:33:04,328 [trainer.py] => CNN top1 curve: [93.0, 87.75, 87.57, 86.55, 83.93, 81.38]
2025-05-09 13:33:04,328 [trainer.py] => CNN top5 curve: [99.25, 99.0, 98.0, 97.69, 96.8, 95.87]

Average Accuracy (CNN): 86.7
2025-05-09 13:33:04,328 [trainer.py] => Average Accuracy (CNN): 86.7 

2025-05-09 13:33:04,329 [trainer.py] => All params: 85890817
2025-05-09 13:33:04,329 [trainer.py] => Trainable params: 85890817
2025-05-09 13:33:04,336 [simplecil.py] => Learning on 120-140
Time for task 6: 51.54761242866516
2025-05-09 13:34:17,788 [trainer.py] => No NME accuracy.
2025-05-09 13:34:17,788 [trainer.py] => CNN: {'total': 80.5, '00-19': 79.25, '20-39': 79.75, '40-59': 82.96, '60-79': 84.5, '80-99': 76.38, '100-119': 77.39, '120-139': 83.25, 'old': 80.04, 'new': 83.25}
2025-05-09 13:34:17,789 [trainer.py] => CNN top1 curve: [93.0, 87.75, 87.57, 86.55, 83.93, 81.38, 80.5]
2025-05-09 13:34:17,789 [trainer.py] => CNN top5 curve: [99.25, 99.0, 98.0, 97.69, 96.8, 95.87, 95.1]

Average Accuracy (CNN): 85.81
2025-05-09 13:34:17,789 [trainer.py] => Average Accuracy (CNN): 85.81 

2025-05-09 13:34:17,789 [trainer.py] => All params: 85906177
2025-05-09 13:34:17,790 [trainer.py] => Trainable params: 85906177
2025-05-09 13:34:17,797 [simplecil.py] => Learning on 140-160
Time for task 7: 52.05785059928894
2025-05-09 13:35:35,852 [trainer.py] => No NME accuracy.
2025-05-09 13:35:35,870 [trainer.py] => CNN: {'total': 79.3, '00-19': 78.25, '20-39': 79.25, '40-59': 80.95, '60-79': 83.75, '80-99': 75.63, '100-119': 73.62, '120-139': 83.0, '140-159': 79.9, 'old': 79.21, 'new': 79.9}
2025-05-09 13:35:35,870 [trainer.py] => CNN top1 curve: [93.0, 87.75, 87.57, 86.55, 83.93, 81.38, 80.5, 79.3]
2025-05-09 13:35:35,870 [trainer.py] => CNN top5 curve: [99.25, 99.0, 98.0, 97.69, 96.8, 95.87, 95.1, 94.33]

Average Accuracy (CNN): 85.0
2025-05-09 13:35:35,870 [trainer.py] => Average Accuracy (CNN): 85.0 

2025-05-09 13:35:35,871 [trainer.py] => All params: 85921537
2025-05-09 13:35:35,872 [trainer.py] => Trainable params: 85921537
2025-05-09 13:35:35,879 [simplecil.py] => Learning on 160-180
Time for task 8: 49.8007071018219
2025-05-09 13:36:54,486 [trainer.py] => No NME accuracy.
2025-05-09 13:36:54,487 [trainer.py] => CNN: {'total': 76.73, '00-19': 74.75, '20-39': 77.25, '40-59': 78.45, '60-79': 82.5, '80-99': 74.87, '100-119': 72.36, '120-139': 82.5, '140-159': 78.64, '160-179': 69.17, 'old': 77.67, 'new': 69.17}
2025-05-09 13:36:54,487 [trainer.py] => CNN top1 curve: [93.0, 87.75, 87.57, 86.55, 83.93, 81.38, 80.5, 79.3, 76.73]
2025-05-09 13:36:54,487 [trainer.py] => CNN top5 curve: [99.25, 99.0, 98.0, 97.69, 96.8, 95.87, 95.1, 94.33, 93.26]

Average Accuracy (CNN): 84.08
2025-05-09 13:36:54,487 [trainer.py] => Average Accuracy (CNN): 84.08 

2025-05-09 13:36:54,487 [trainer.py] => All params: 85936897
2025-05-09 13:36:54,488 [trainer.py] => Trainable params: 85936897
2025-05-09 13:36:54,495 [simplecil.py] => Learning on 180-200
Time for task 9: 49.31141710281372
2025-05-09 13:38:16,584 [trainer.py] => No NME accuracy.
2025-05-09 13:38:16,584 [trainer.py] => CNN: {'total': 76.32, '00-19': 74.5, '20-39': 77.0, '40-59': 77.94, '60-79': 80.75, '80-99': 74.37, '100-119': 71.36, '120-139': 82.0, '140-159': 77.14, '160-179': 68.67, '180-199': 79.4, 'old': 75.97, 'new': 79.4}
2025-05-09 13:38:16,584 [trainer.py] => CNN top1 curve: [93.0, 87.75, 87.57, 86.55, 83.93, 81.38, 80.5, 79.3, 76.73, 76.32]
2025-05-09 13:38:16,584 [trainer.py] => CNN top5 curve: [99.25, 99.0, 98.0, 97.69, 96.8, 95.87, 95.1, 94.33, 93.26, 93.26]

Average Accuracy (CNN): 83.3
2025-05-09 13:38:16,584 [trainer.py] => Average Accuracy (CNN): 83.3 

2025-05-09 13:38:16,585 [trainer.py] => All params: 85952257
2025-05-09 13:38:16,585 [trainer.py] => Trainable params: 85952257
2025-05-09 13:38:16,592 [simplecil.py] => Learning on 200-220
Time for task 10: 53.15543341636658
2025-05-09 13:39:43,519 [trainer.py] => No NME accuracy.
2025-05-09 13:39:43,540 [trainer.py] => CNN: {'total': 74.12, '00-19': 74.0, '20-39': 75.75, '40-59': 76.44, '60-79': 80.25, '80-99': 73.87, '100-119': 70.6, '120-139': 81.75, '140-159': 76.88, '160-179': 67.67, '180-199': 77.14, '200-219': 60.9, 'old': 75.44, 'new': 60.9}
2025-05-09 13:39:43,540 [trainer.py] => CNN top1 curve: [93.0, 87.75, 87.57, 86.55, 83.93, 81.38, 80.5, 79.3, 76.73, 76.32, 74.12]
2025-05-09 13:39:43,540 [trainer.py] => CNN top5 curve: [99.25, 99.0, 98.0, 97.69, 96.8, 95.87, 95.1, 94.33, 93.26, 93.26, 91.39]

Average Accuracy (CNN): 82.47
2025-05-09 13:39:43,540 [trainer.py] => Average Accuracy (CNN): 82.47 

2025-05-09 13:39:43,540 [trainer.py] => All params: 85967617
2025-05-09 13:39:43,541 [trainer.py] => Trainable params: 85967617
2025-05-09 13:39:43,552 [simplecil.py] => Learning on 220-240
Time for task 11: 52.12854719161987
2025-05-09 13:41:13,162 [trainer.py] => No NME accuracy.
2025-05-09 13:41:13,164 [trainer.py] => CNN: {'total': 74.1, '00-19': 73.25, '20-39': 75.75, '40-59': 76.19, '60-79': 80.0, '80-99': 73.87, '100-119': 66.83, '120-139': 80.75, '140-159': 76.13, '160-179': 67.17, '180-199': 76.88, '200-219': 59.4, '220-239': 82.96, 'old': 73.3, 'new': 82.96}
2025-05-09 13:41:13,164 [trainer.py] => CNN top1 curve: [93.0, 87.75, 87.57, 86.55, 83.93, 81.38, 80.5, 79.3, 76.73, 76.32, 74.12, 74.1]
2025-05-09 13:41:13,164 [trainer.py] => CNN top5 curve: [99.25, 99.0, 98.0, 97.69, 96.8, 95.87, 95.1, 94.33, 93.26, 93.26, 91.39, 91.23]

Average Accuracy (CNN): 81.77
2025-05-09 13:41:13,164 [trainer.py] => Average Accuracy (CNN): 81.77 

2025-05-09 13:41:13,166 [trainer.py] => All params: 85982977
2025-05-09 13:41:13,168 [trainer.py] => Trainable params: 85982977
2025-05-09 13:41:13,178 [simplecil.py] => Learning on 240-260
Time for task 12: 52.627094745635986
2025-05-09 13:42:47,945 [trainer.py] => No NME accuracy.
2025-05-09 13:42:47,945 [trainer.py] => CNN: {'total': 73.26, '00-19': 73.0, '20-39': 75.5, '40-59': 75.94, '60-79': 78.75, '80-99': 72.61, '100-119': 66.33, '120-139': 77.75, '140-159': 74.87, '160-179': 66.92, '180-199': 76.63, '200-219': 58.65, '220-239': 82.96, '240-259': 72.43, 'old': 73.33, 'new': 72.43}
2025-05-09 13:42:47,946 [trainer.py] => CNN top1 curve: [93.0, 87.75, 87.57, 86.55, 83.93, 81.38, 80.5, 79.3, 76.73, 76.32, 74.12, 74.1, 73.26]
2025-05-09 13:42:47,946 [trainer.py] => CNN top5 curve: [99.25, 99.0, 98.0, 97.69, 96.8, 95.87, 95.1, 94.33, 93.26, 93.26, 91.39, 91.23, 91.31]

Average Accuracy (CNN): 81.12
2025-05-09 13:42:47,946 [trainer.py] => Average Accuracy (CNN): 81.12 

2025-05-09 13:42:47,947 [trainer.py] => All params: 85998337
2025-05-09 13:42:47,948 [trainer.py] => Trainable params: 85998337
2025-05-09 13:42:47,960 [simplecil.py] => Learning on 260-280
Time for task 13: 49.41501498222351
2025-05-09 13:44:21,068 [trainer.py] => No NME accuracy.
2025-05-09 13:44:21,068 [trainer.py] => CNN: {'total': 73.06, '00-19': 73.0, '20-39': 75.5, '40-59': 74.69, '60-79': 78.5, '80-99': 72.61, '100-119': 64.57, '120-139': 77.25, '140-159': 72.36, '160-179': 66.17, '180-199': 75.63, '200-219': 57.89, '220-239': 82.96, '240-259': 70.93, '260-279': 80.7, 'old': 72.47, 'new': 80.7}
2025-05-09 13:44:21,068 [trainer.py] => CNN top1 curve: [93.0, 87.75, 87.57, 86.55, 83.93, 81.38, 80.5, 79.3, 76.73, 76.32, 74.12, 74.1, 73.26, 73.06]
2025-05-09 13:44:21,068 [trainer.py] => CNN top5 curve: [99.25, 99.0, 98.0, 97.69, 96.8, 95.87, 95.1, 94.33, 93.26, 93.26, 91.39, 91.23, 91.31, 91.37]

Average Accuracy (CNN): 80.54
2025-05-09 13:44:21,068 [trainer.py] => Average Accuracy (CNN): 80.54 

2025-05-09 13:44:21,069 [trainer.py] => All params: 86013697
2025-05-09 13:44:21,069 [trainer.py] => Trainable params: 86013697
2025-05-09 13:44:21,077 [simplecil.py] => Learning on 280-300
Time for task 14: 49.598191261291504
2025-05-09 13:45:57,731 [trainer.py] => No NME accuracy.
2025-05-09 13:45:57,752 [trainer.py] => CNN: {'total': 73.3, '00-19': 72.75, '20-39': 75.25, '40-59': 74.69, '60-79': 78.25, '80-99': 70.85, '100-119': 64.32, '120-139': 77.25, '140-159': 72.36, '160-179': 65.91, '180-199': 75.38, '200-219': 57.64, '220-239': 82.96, '240-259': 70.68, '260-279': 79.95, '280-299': 81.2, 'old': 72.74, 'new': 81.2}
2025-05-09 13:45:57,753 [trainer.py] => CNN top1 curve: [93.0, 87.75, 87.57, 86.55, 83.93, 81.38, 80.5, 79.3, 76.73, 76.32, 74.12, 74.1, 73.26, 73.06, 73.3]
2025-05-09 13:45:57,753 [trainer.py] => CNN top5 curve: [99.25, 99.0, 98.0, 97.69, 96.8, 95.87, 95.1, 94.33, 93.26, 93.26, 91.39, 91.23, 91.31, 91.37, 91.46]

Average Accuracy (CNN): 80.06
2025-05-09 13:45:57,753 [trainer.py] => Average Accuracy (CNN): 80.06 

Finished omnibenchmark_init20_inc20: pretrained_vit_b16_224_in21k  
----------------------------------------------------------------------------------------------------
Accuracy Matrix (CNN):
[[93.   87.5  86.75 84.25 82.5  80.5  79.25 78.25 74.75 74.5  74.   73.25
  73.   73.   72.75]
 [ 0.   88.   84.5  81.5  81.   80.25 79.75 79.25 77.25 77.   75.75 75.75
  75.5  75.5  75.25]
 [ 0.    0.   91.48 90.23 89.72 84.96 82.96 80.95 78.45 77.94 76.44 76.19
  75.94 74.69 74.69]
 [ 0.    0.    0.   90.25 88.25 86.5  84.5  83.75 82.5  80.75 80.25 80.
  78.75 78.5  78.25]
 [ 0.    0.    0.    0.   78.14 77.39 76.38 75.63 74.87 74.37 73.87 73.87
  72.61 72.61 70.85]
 [ 0.    0.    0.    0.    0.   78.64 77.39 73.62 72.36 71.36 70.6  66.83
  66.33 64.57 64.32]
 [ 0.    0.    0.    0.    0.    0.   83.25 83.   82.5  82.   81.75 80.75
  77.75 77.25 77.25]
 [ 0.    0.    0.    0.    0.    0.    0.   79.9  78.64 77.14 76.88 76.13
  74.87 72.36 72.36]
 [ 0.    0.    0.    0.    0.    0.    0.    0.   69.17 68.67 67.67 67.17
  66.92 66.17 65.91]
 [ 0.    0.    0.    0.    0.    0.    0.    0.    0.   79.4  77.14 76.88
  76.63 75.63 75.38]
 [ 0.    0.    0.    0.    0.    0.    0.    0.    0.    0.   60.9  59.4
  58.65 57.89 57.64]
 [ 0.    0.    0.    0.    0.    0.    0.    0.    0.    0.    0.   82.96
  82.96 82.96 82.96]
 [ 0.    0.    0.    0.    0.    0.    0.    0.    0.    0.    0.    0.
  72.43 70.93 70.68]
 [ 0.    0.    0.    0.    0.    0.    0.    0.    0.    0.    0.    0.
   0.   80.7  79.95]
 [ 0.    0.    0.    0.    0.    0.    0.    0.    0.    0.    0.    0.
   0.    0.   81.2 ]]
2025-05-09 13:45:57,758 [trainer.py] => Forgetting (CNN): 7.855714285714289
2025-05-09 13:46:16,770 [trainer.py] => config: ./scripts/simplecil/simplecil_omn_B0_Inc30.json
2025-05-09 13:46:16,771 [trainer.py] => prefix:  
2025-05-09 13:46:16,771 [trainer.py] => dataset: omnibenchmark
2025-05-09 13:46:16,771 [trainer.py] => memory_size: 0
2025-05-09 13:46:16,771 [trainer.py] => memory_per_class: 0
2025-05-09 13:46:16,771 [trainer.py] => fixed_memory: False
2025-05-09 13:46:16,771 [trainer.py] => shuffle: True
2025-05-09 13:46:16,772 [trainer.py] => init_cls: 30
2025-05-09 13:46:16,772 [trainer.py] => increment: 30
2025-05-09 13:46:16,772 [trainer.py] => model_name: simplecil
2025-05-09 13:46:16,772 [trainer.py] => backbone_type: pretrained_vit_b16_224_in21k
2025-05-09 13:46:16,772 [trainer.py] => device: [device(type='cuda', index=0)]
2025-05-09 13:46:16,772 [trainer.py] => seed: 1993
2025-05-09 13:46:16,772 [trainer.py] => tuned_epoch: 0
2025-05-09 13:46:16,773 [trainer.py] => init_lr: 0.01
2025-05-09 13:46:16,773 [trainer.py] => batch_size: 48
2025-05-09 13:46:16,773 [trainer.py] => weight_decay: 0.05
2025-05-09 13:46:16,773 [trainer.py] => min_lr: 1e-08
2025-05-09 13:46:16,773 [trainer.py] => optimizer: sgd
2025-05-09 13:46:16,773 [trainer.py] => vpt_type: shallow
2025-05-09 13:46:16,773 [trainer.py] => prompt_token_num: 3
2025-05-09 13:46:18,243 [data_manager.py] => [169, 221, 146, 296, 92, 229, 49, 70, 126, 77, 243, 57, 120, 223, 27, 217, 154, 8, 101, 182, 54, 50, 97, 162, 28, 193, 79, 6, 151, 0, 173, 187, 44, 277, 157, 16, 257, 122, 35, 9, 171, 176, 134, 4, 87, 255, 112, 153, 246, 286, 147, 186, 107, 98, 10, 7, 266, 214, 36, 165, 139, 254, 103, 269, 59, 23, 298, 39, 73, 208, 135, 299, 102, 20, 12, 268, 11, 209, 161, 210, 74, 42, 56, 99, 235, 133, 159, 189, 145, 238, 215, 241, 138, 195, 233, 279, 88, 199, 64, 280, 26, 203, 17, 245, 174, 236, 137, 252, 80, 68, 181, 150, 118, 94, 75, 2, 109, 119, 232, 15, 69, 184, 201, 261, 55, 287, 273, 66, 175, 32, 142, 136, 116, 76, 179, 1, 91, 248, 275, 240, 290, 170, 132, 106, 265, 270, 85, 19, 284, 43, 259, 293, 228, 200, 104, 227, 51, 224, 163, 297, 216, 260, 93, 46, 100, 272, 105, 72, 131, 3, 156, 256, 249, 48, 113, 82, 172, 213, 62, 53, 271, 168, 253, 226, 183, 180, 276, 283, 78, 61, 143, 278, 30, 141, 196, 264, 231, 52, 222, 40, 125, 219, 65, 166, 192, 289, 45, 205, 89, 267, 90, 71, 167, 262, 281, 212, 96, 84, 127, 67, 294, 178, 288, 197, 21, 18, 111, 108, 58, 230, 188, 31, 110, 291, 129, 24, 204, 83, 81, 251, 60, 13, 128, 14, 86, 63, 117, 198, 274, 5, 22, 144, 258, 121, 38, 207, 148, 292, 41, 234, 237, 114, 202, 37, 149, 206, 155, 29, 130, 177, 194, 152, 34, 33, 239, 160, 140, 47, 244, 25, 282, 158, 211, 123, 190, 218, 164, 247, 263, 191, 220, 115, 242, 250, 124, 295, 95, 285, 225, 185]
This is for the BaseNet initialization.
After BaseNet initialization.
2025-05-09 13:46:25,990 [trainer.py] => All params: 85798656
2025-05-09 13:46:25,991 [trainer.py] => Trainable params: 85798656
2025-05-09 13:46:26,791 [simplecil.py] => Learning on 0-30
Time for task 0: 78.80043435096741
2025-05-09 13:47:50,536 [trainer.py] => No NME accuracy.
2025-05-09 13:47:50,537 [trainer.py] => CNN: {'total': 86.83, '00-29': 86.83, 'old': 0, 'new': 86.83}
2025-05-09 13:47:50,537 [trainer.py] => CNN top1 curve: [86.83]
2025-05-09 13:47:50,537 [trainer.py] => CNN top5 curve: [98.83]

Average Accuracy (CNN): 86.83
2025-05-09 13:47:50,537 [trainer.py] => Average Accuracy (CNN): 86.83 

2025-05-09 13:47:50,538 [trainer.py] => All params: 85821697
2025-05-09 13:47:50,538 [trainer.py] => Trainable params: 85821697
2025-05-09 13:47:50,547 [simplecil.py] => Learning on 30-60
Time for task 1: 76.01787447929382
2025-05-09 13:49:17,088 [trainer.py] => No NME accuracy.
2025-05-09 13:49:17,088 [trainer.py] => CNN: {'total': 87.57, '00-29': 84.0, '30-59': 91.15, 'old': 84.0, 'new': 91.15}
2025-05-09 13:49:17,089 [trainer.py] => CNN top1 curve: [86.83, 87.57]
2025-05-09 13:49:17,089 [trainer.py] => CNN top5 curve: [98.83, 98.0]

Average Accuracy (CNN): 87.2
2025-05-09 13:49:17,089 [trainer.py] => Average Accuracy (CNN): 87.2 

2025-05-09 13:49:17,089 [trainer.py] => All params: 85844737
2025-05-09 13:49:17,090 [trainer.py] => Trainable params: 85844737
2025-05-09 13:49:17,099 [simplecil.py] => Learning on 60-90
Time for task 2: 73.8624701499939
2025-05-09 13:50:45,740 [trainer.py] => No NME accuracy.
2025-05-09 13:50:45,762 [trainer.py] => CNN: {'total': 85.09, '00-29': 80.17, '30-59': 88.98, '60-89': 86.14, 'old': 84.57, 'new': 86.14}
2025-05-09 13:50:45,762 [trainer.py] => CNN top1 curve: [86.83, 87.57, 85.09]
2025-05-09 13:50:45,762 [trainer.py] => CNN top5 curve: [98.83, 98.0, 97.11]

Average Accuracy (CNN): 86.5
2025-05-09 13:50:45,762 [trainer.py] => Average Accuracy (CNN): 86.5 

2025-05-09 13:50:45,763 [trainer.py] => All params: 85867777
2025-05-09 13:50:45,764 [trainer.py] => Trainable params: 85867777
2025-05-09 13:50:45,770 [simplecil.py] => Learning on 90-120
Time for task 3: 75.94646000862122
2025-05-09 13:52:21,961 [trainer.py] => No NME accuracy.
2025-05-09 13:52:21,961 [trainer.py] => CNN: {'total': 81.38, '00-29': 78.17, '30-59': 85.64, '60-89': 82.64, '90-119': 79.06, 'old': 82.15, 'new': 79.06}
2025-05-09 13:52:21,961 [trainer.py] => CNN top1 curve: [86.83, 87.57, 85.09, 81.38]
2025-05-09 13:52:21,961 [trainer.py] => CNN top5 curve: [98.83, 98.0, 97.11, 95.87]

Average Accuracy (CNN): 85.22
2025-05-09 13:52:21,961 [trainer.py] => Average Accuracy (CNN): 85.22 

2025-05-09 13:52:21,962 [trainer.py] => All params: 85890817
2025-05-09 13:52:21,963 [trainer.py] => Trainable params: 85890817
2025-05-09 13:52:21,969 [simplecil.py] => Learning on 120-150
Time for task 4: 76.53218340873718
2025-05-09 13:54:02,737 [trainer.py] => No NME accuracy.
2025-05-09 13:54:02,737 [trainer.py] => CNN: {'total': 79.53, '00-29': 76.33, '30-59': 82.8, '60-89': 80.3, '90-119': 76.21, '120-149': 81.97, 'old': 78.91, 'new': 81.97}
2025-05-09 13:54:02,737 [trainer.py] => CNN top1 curve: [86.83, 87.57, 85.09, 81.38, 79.53]
2025-05-09 13:54:02,737 [trainer.py] => CNN top5 curve: [98.83, 98.0, 97.11, 95.87, 94.69]

Average Accuracy (CNN): 84.08
2025-05-09 13:54:02,737 [trainer.py] => Average Accuracy (CNN): 84.08 

2025-05-09 13:54:02,738 [trainer.py] => All params: 85913857
2025-05-09 13:54:02,738 [trainer.py] => Trainable params: 85913857
2025-05-09 13:54:02,748 [simplecil.py] => Learning on 150-180
Time for task 5: 74.23533415794373
2025-05-09 13:55:46,050 [trainer.py] => No NME accuracy.
2025-05-09 13:55:46,069 [trainer.py] => CNN: {'total': 76.73, '00-29': 73.5, '30-59': 80.13, '60-89': 78.63, '90-119': 74.54, '120-149': 80.8, '150-179': 72.74, 'old': 77.52, 'new': 72.74}
2025-05-09 13:55:46,069 [trainer.py] => CNN top1 curve: [86.83, 87.57, 85.09, 81.38, 79.53, 76.73]
2025-05-09 13:55:46,069 [trainer.py] => CNN top5 curve: [98.83, 98.0, 97.11, 95.87, 94.69, 93.26]

Average Accuracy (CNN): 82.86
2025-05-09 13:55:46,069 [trainer.py] => Average Accuracy (CNN): 82.86 

2025-05-09 13:55:46,070 [trainer.py] => All params: 85936897
2025-05-09 13:55:46,070 [trainer.py] => Trainable params: 85936897
2025-05-09 13:55:46,081 [simplecil.py] => Learning on 180-210
Time for task 6: 74.31974005699158
2025-05-09 13:57:34,808 [trainer.py] => No NME accuracy.
2025-05-09 13:57:34,808 [trainer.py] => CNN: {'total': 75.7, '00-29': 73.0, '30-59': 79.3, '60-89': 77.3, '90-119': 72.86, '120-149': 80.3, '150-179': 71.57, '180-209': 75.54, 'old': 75.72, 'new': 75.54}
2025-05-09 13:57:34,808 [trainer.py] => CNN top1 curve: [86.83, 87.57, 85.09, 81.38, 79.53, 76.73, 75.7]
2025-05-09 13:57:34,808 [trainer.py] => CNN top5 curve: [98.83, 98.0, 97.11, 95.87, 94.69, 93.26, 92.81]

Average Accuracy (CNN): 81.83
2025-05-09 13:57:34,808 [trainer.py] => Average Accuracy (CNN): 81.83 

2025-05-09 13:57:34,809 [trainer.py] => All params: 85959937
2025-05-09 13:57:34,809 [trainer.py] => Trainable params: 85959937
2025-05-09 13:57:34,819 [simplecil.py] => Learning on 210-240
Time for task 7: 78.04895544052124
2025-05-09 13:59:31,152 [trainer.py] => No NME accuracy.
2025-05-09 13:59:31,152 [trainer.py] => CNN: {'total': 74.1, '00-29': 71.5, '30-59': 78.63, '60-89': 76.96, '90-119': 70.18, '120-149': 79.13, '150-179': 70.23, '180-209': 73.7, '210-239': 72.45, 'old': 74.34, 'new': 72.45}
2025-05-09 13:59:31,153 [trainer.py] => CNN top1 curve: [86.83, 87.57, 85.09, 81.38, 79.53, 76.73, 75.7, 74.1]
2025-05-09 13:59:31,153 [trainer.py] => CNN top5 curve: [98.83, 98.0, 97.11, 95.87, 94.69, 93.26, 92.81, 91.23]

Average Accuracy (CNN): 80.87
2025-05-09 13:59:31,153 [trainer.py] => Average Accuracy (CNN): 80.87 

2025-05-09 13:59:31,153 [trainer.py] => All params: 85982977
2025-05-09 13:59:31,154 [trainer.py] => Trainable params: 85982977
2025-05-09 13:59:31,162 [simplecil.py] => Learning on 240-270
Time for task 8: 77.65143990516663
2025-05-09 14:01:30,973 [trainer.py] => No NME accuracy.
2025-05-09 14:01:30,989 [trainer.py] => CNN: {'total': 73.18, '00-29': 71.33, '30-59': 78.3, '60-89': 75.79, '90-119': 68.68, '120-149': 75.63, '150-179': 68.9, '180-209': 72.19, '210-239': 72.45, '240-269': 75.29, 'old': 72.91, 'new': 75.29}
2025-05-09 14:01:30,989 [trainer.py] => CNN top1 curve: [86.83, 87.57, 85.09, 81.38, 79.53, 76.73, 75.7, 74.1, 73.18]
2025-05-09 14:01:30,989 [trainer.py] => CNN top5 curve: [98.83, 98.0, 97.11, 95.87, 94.69, 93.26, 92.81, 91.23, 91.44]

Average Accuracy (CNN): 80.01
2025-05-09 14:01:30,989 [trainer.py] => Average Accuracy (CNN): 80.01 

2025-05-09 14:01:30,990 [trainer.py] => All params: 86006017
2025-05-09 14:01:30,991 [trainer.py] => Trainable params: 86006017
2025-05-09 14:01:31,000 [simplecil.py] => Learning on 270-300
Time for task 9: 73.46632671356201
2025-05-09 14:03:33,355 [trainer.py] => No NME accuracy.
2025-05-09 14:03:33,355 [trainer.py] => CNN: {'total': 73.3, '00-29': 71.0, '30-59': 77.46, '60-89': 75.46, '90-119': 66.83, '120-149': 75.46, '150-179': 68.23, '180-209': 71.69, '210-239': 72.29, '240-269': 73.79, '270-299': 80.77, 'old': 72.47, 'new': 80.77}
2025-05-09 14:03:33,355 [trainer.py] => CNN top1 curve: [86.83, 87.57, 85.09, 81.38, 79.53, 76.73, 75.7, 74.1, 73.18, 73.3]
2025-05-09 14:03:33,355 [trainer.py] => CNN top5 curve: [98.83, 98.0, 97.11, 95.87, 94.69, 93.26, 92.81, 91.23, 91.44, 91.46]

Average Accuracy (CNN): 79.34
2025-05-09 14:03:33,355 [trainer.py] => Average Accuracy (CNN): 79.34 

Finished omnibenchmark_init30_inc30: pretrained_vit_b16_224_in21k  
----------------------------------------------------------------------------------------------------
Accuracy Matrix (CNN):
[[86.83 84.   80.17 78.17 76.33 73.5  73.   71.5  71.33 71.  ]
 [ 0.   91.15 88.98 85.64 82.8  80.13 79.3  78.63 78.3  77.46]
 [ 0.    0.   86.14 82.64 80.3  78.63 77.3  76.96 75.79 75.46]
 [ 0.    0.    0.   79.06 76.21 74.54 72.86 70.18 68.68 66.83]
 [ 0.    0.    0.    0.   81.97 80.8  80.3  79.13 75.63 75.46]
 [ 0.    0.    0.    0.    0.   72.74 71.57 70.23 68.9  68.23]
 [ 0.    0.    0.    0.    0.    0.   75.54 73.7  72.19 71.69]
 [ 0.    0.    0.    0.    0.    0.    0.   72.45 72.45 72.29]
 [ 0.    0.    0.    0.    0.    0.    0.    0.   75.29 73.79]
 [ 0.    0.    0.    0.    0.    0.    0.    0.    0.   80.77]]
2025-05-09 14:03:33,357 [trainer.py] => Forgetting (CNN): 7.6622222222222245
2025-05-09 14:03:51,617 [trainer.py] => config: ./scripts/simplecil/simplecil_omn_B150_Inc5.json
2025-05-09 14:03:51,619 [trainer.py] => prefix:  
2025-05-09 14:03:51,619 [trainer.py] => dataset: omnibenchmark
2025-05-09 14:03:51,619 [trainer.py] => memory_size: 0
2025-05-09 14:03:51,619 [trainer.py] => memory_per_class: 0
2025-05-09 14:03:51,619 [trainer.py] => fixed_memory: False
2025-05-09 14:03:51,619 [trainer.py] => shuffle: True
2025-05-09 14:03:51,619 [trainer.py] => init_cls: 150
2025-05-09 14:03:51,619 [trainer.py] => increment: 5
2025-05-09 14:03:51,619 [trainer.py] => model_name: simplecil
2025-05-09 14:03:51,619 [trainer.py] => backbone_type: pretrained_vit_b16_224_in21k
2025-05-09 14:03:51,619 [trainer.py] => device: [device(type='cuda', index=0)]
2025-05-09 14:03:51,619 [trainer.py] => seed: 1993
2025-05-09 14:03:51,619 [trainer.py] => tuned_epoch: 0
2025-05-09 14:03:51,619 [trainer.py] => init_lr: 0.01
2025-05-09 14:03:51,619 [trainer.py] => batch_size: 48
2025-05-09 14:03:51,619 [trainer.py] => weight_decay: 0.05
2025-05-09 14:03:51,620 [trainer.py] => min_lr: 1e-08
2025-05-09 14:03:51,620 [trainer.py] => optimizer: sgd
2025-05-09 14:03:51,620 [trainer.py] => vpt_type: shallow
2025-05-09 14:03:51,620 [trainer.py] => prompt_token_num: 3
2025-05-09 14:03:53,133 [data_manager.py] => [169, 221, 146, 296, 92, 229, 49, 70, 126, 77, 243, 57, 120, 223, 27, 217, 154, 8, 101, 182, 54, 50, 97, 162, 28, 193, 79, 6, 151, 0, 173, 187, 44, 277, 157, 16, 257, 122, 35, 9, 171, 176, 134, 4, 87, 255, 112, 153, 246, 286, 147, 186, 107, 98, 10, 7, 266, 214, 36, 165, 139, 254, 103, 269, 59, 23, 298, 39, 73, 208, 135, 299, 102, 20, 12, 268, 11, 209, 161, 210, 74, 42, 56, 99, 235, 133, 159, 189, 145, 238, 215, 241, 138, 195, 233, 279, 88, 199, 64, 280, 26, 203, 17, 245, 174, 236, 137, 252, 80, 68, 181, 150, 118, 94, 75, 2, 109, 119, 232, 15, 69, 184, 201, 261, 55, 287, 273, 66, 175, 32, 142, 136, 116, 76, 179, 1, 91, 248, 275, 240, 290, 170, 132, 106, 265, 270, 85, 19, 284, 43, 259, 293, 228, 200, 104, 227, 51, 224, 163, 297, 216, 260, 93, 46, 100, 272, 105, 72, 131, 3, 156, 256, 249, 48, 113, 82, 172, 213, 62, 53, 271, 168, 253, 226, 183, 180, 276, 283, 78, 61, 143, 278, 30, 141, 196, 264, 231, 52, 222, 40, 125, 219, 65, 166, 192, 289, 45, 205, 89, 267, 90, 71, 167, 262, 281, 212, 96, 84, 127, 67, 294, 178, 288, 197, 21, 18, 111, 108, 58, 230, 188, 31, 110, 291, 129, 24, 204, 83, 81, 251, 60, 13, 128, 14, 86, 63, 117, 198, 274, 5, 22, 144, 258, 121, 38, 207, 148, 292, 41, 234, 237, 114, 202, 37, 149, 206, 155, 29, 130, 177, 194, 152, 34, 33, 239, 160, 140, 47, 244, 25, 282, 158, 211, 123, 190, 218, 164, 247, 263, 191, 220, 115, 242, 250, 124, 295, 95, 285, 225, 185]
This is for the BaseNet initialization.
After BaseNet initialization.
2025-05-09 14:04:00,505 [trainer.py] => All params: 85798656
2025-05-09 14:04:00,505 [trainer.py] => Trainable params: 85798656
2025-05-09 14:04:01,363 [simplecil.py] => Learning on 0-150
Time for task 0: 372.1336851119995
2025-05-09 14:10:38,704 [trainer.py] => No NME accuracy.
2025-05-09 14:10:38,720 [trainer.py] => CNN: {'total': 79.53, '00-149': 79.53, 'old': 0, 'new': 79.53}
2025-05-09 14:10:38,720 [trainer.py] => CNN top1 curve: [79.53]
2025-05-09 14:10:38,720 [trainer.py] => CNN top5 curve: [94.69]

Average Accuracy (CNN): 79.53
2025-05-09 14:10:38,721 [trainer.py] => Average Accuracy (CNN): 79.53 

2025-05-09 14:10:38,722 [trainer.py] => All params: 85913857
2025-05-09 14:10:38,723 [trainer.py] => Trainable params: 85913857
2025-05-09 14:10:38,733 [simplecil.py] => Learning on 150-155
Time for task 1: 14.342524766921997
2025-05-09 14:11:17,131 [trainer.py] => No NME accuracy.
2025-05-09 14:11:17,132 [trainer.py] => CNN: {'total': 79.34, '00-149': 79.39, '150-154': 77.78, 'old': 79.39, 'new': 77.78}
2025-05-09 14:11:17,132 [trainer.py] => CNN top1 curve: [79.53, 79.34]
2025-05-09 14:11:17,132 [trainer.py] => CNN top5 curve: [94.69, 94.57]

Average Accuracy (CNN): 79.44
2025-05-09 14:11:17,133 [trainer.py] => Average Accuracy (CNN): 79.44 

2025-05-09 14:11:17,135 [trainer.py] => All params: 85917697
2025-05-09 14:11:17,136 [trainer.py] => Trainable params: 85917697
2025-05-09 14:11:17,146 [simplecil.py] => Learning on 155-160
Time for task 2: 13.818744897842407
2025-05-09 14:11:56,275 [trainer.py] => No NME accuracy.
2025-05-09 14:11:56,276 [trainer.py] => CNN: {'total': 79.3, '00-149': 79.23, '150-154': 76.77, '155-159': 84.0, 'old': 79.15, 'new': 84.0}
2025-05-09 14:11:56,276 [trainer.py] => CNN top1 curve: [79.53, 79.34, 79.3]
2025-05-09 14:11:56,276 [trainer.py] => CNN top5 curve: [94.69, 94.57, 94.33]

Average Accuracy (CNN): 79.39
2025-05-09 14:11:56,276 [trainer.py] => Average Accuracy (CNN): 79.39 

2025-05-09 14:11:56,278 [trainer.py] => All params: 85921537
2025-05-09 14:11:56,280 [trainer.py] => Trainable params: 85921537
2025-05-09 14:11:56,288 [simplecil.py] => Learning on 160-165
Time for task 3: 14.000629425048828
2025-05-09 14:12:36,702 [trainer.py] => No NME accuracy.
2025-05-09 14:12:36,702 [trainer.py] => CNN: {'total': 79.02, '00-149': 78.89, '150-154': 76.77, '155-159': 84.0, '160-164': 80.0, 'old': 78.99, 'new': 80.0}
2025-05-09 14:12:36,703 [trainer.py] => CNN top1 curve: [79.53, 79.34, 79.3, 79.02]
2025-05-09 14:12:36,703 [trainer.py] => CNN top5 curve: [94.69, 94.57, 94.33, 94.2]

Average Accuracy (CNN): 79.3
2025-05-09 14:12:36,703 [trainer.py] => Average Accuracy (CNN): 79.3 

2025-05-09 14:12:36,705 [trainer.py] => All params: 85925377
2025-05-09 14:12:36,707 [trainer.py] => Trainable params: 85925377
2025-05-09 14:12:36,718 [simplecil.py] => Learning on 165-170
Time for task 4: 14.084326982498169
2025-05-09 14:13:18,676 [trainer.py] => No NME accuracy.
2025-05-09 14:13:18,676 [trainer.py] => CNN: {'total': 78.48, '00-149': 78.66, '150-154': 76.77, '155-159': 84.0, '160-164': 80.0, '165-169': 67.68, 'old': 78.8, 'new': 67.68}
2025-05-09 14:13:18,676 [trainer.py] => CNN top1 curve: [79.53, 79.34, 79.3, 79.02, 78.48]
2025-05-09 14:13:18,676 [trainer.py] => CNN top5 curve: [94.69, 94.57, 94.33, 94.2, 93.6]

Average Accuracy (CNN): 79.13
2025-05-09 14:13:18,676 [trainer.py] => Average Accuracy (CNN): 79.13 

2025-05-09 14:13:18,677 [trainer.py] => All params: 85929217
2025-05-09 14:13:18,677 [trainer.py] => Trainable params: 85929217
2025-05-09 14:13:18,685 [simplecil.py] => Learning on 170-175
Time for task 5: 13.179240703582764
2025-05-09 14:13:59,552 [trainer.py] => No NME accuracy.
2025-05-09 14:13:59,554 [trainer.py] => CNN: {'total': 78.15, '00-149': 78.12, '150-154': 76.77, '155-159': 84.0, '160-164': 80.0, '165-169': 67.68, '170-174': 83.0, 'old': 78.01, 'new': 83.0}
2025-05-09 14:13:59,554 [trainer.py] => CNN top1 curve: [79.53, 79.34, 79.3, 79.02, 78.48, 78.15]
2025-05-09 14:13:59,554 [trainer.py] => CNN top5 curve: [94.69, 94.57, 94.33, 94.2, 93.6, 93.64]

Average Accuracy (CNN): 78.97
2025-05-09 14:13:59,554 [trainer.py] => Average Accuracy (CNN): 78.97 

2025-05-09 14:13:59,556 [trainer.py] => All params: 85933057
2025-05-09 14:13:59,558 [trainer.py] => Trainable params: 85933057
2025-05-09 14:13:59,570 [simplecil.py] => Learning on 175-180
Time for task 6: 13.524860143661499
2025-05-09 14:14:41,222 [trainer.py] => No NME accuracy.
2025-05-09 14:14:41,222 [trainer.py] => CNN: {'total': 76.73, '00-149': 77.52, '150-154': 76.77, '155-159': 83.0, '160-164': 79.0, '165-169': 67.68, '170-174': 83.0, '175-179': 47.0, 'old': 77.58, 'new': 47.0}
2025-05-09 14:14:41,222 [trainer.py] => CNN top1 curve: [79.53, 79.34, 79.3, 79.02, 78.48, 78.15, 76.73]
2025-05-09 14:14:41,222 [trainer.py] => CNN top5 curve: [94.69, 94.57, 94.33, 94.2, 93.6, 93.64, 93.26]

Average Accuracy (CNN): 78.65
2025-05-09 14:14:41,222 [trainer.py] => Average Accuracy (CNN): 78.65 

2025-05-09 14:14:41,223 [trainer.py] => All params: 85936897
2025-05-09 14:14:41,223 [trainer.py] => Trainable params: 85936897
2025-05-09 14:14:41,231 [simplecil.py] => Learning on 180-185
Time for task 7: 13.557533740997314
2025-05-09 14:15:24,964 [trainer.py] => No NME accuracy.
2025-05-09 14:15:24,965 [trainer.py] => CNN: {'total': 76.69, '00-149': 77.49, '150-154': 76.77, '155-159': 78.0, '160-164': 79.0, '165-169': 67.68, '170-174': 83.0, '175-179': 47.0, '180-184': 81.63, 'old': 76.56, 'new': 81.63}
2025-05-09 14:15:24,965 [trainer.py] => CNN top1 curve: [79.53, 79.34, 79.3, 79.02, 78.48, 78.15, 76.73, 76.69]
2025-05-09 14:15:24,965 [trainer.py] => CNN top5 curve: [94.69, 94.57, 94.33, 94.2, 93.6, 93.64, 93.26, 93.39]

Average Accuracy (CNN): 78.4
2025-05-09 14:15:24,965 [trainer.py] => Average Accuracy (CNN): 78.4 

2025-05-09 14:15:24,965 [trainer.py] => All params: 85940737
2025-05-09 14:15:24,966 [trainer.py] => Trainable params: 85940737
2025-05-09 14:15:24,972 [simplecil.py] => Learning on 185-190
Time for task 8: 13.696555376052856
2025-05-09 14:16:09,466 [trainer.py] => No NME accuracy.
2025-05-09 14:16:09,466 [trainer.py] => CNN: {'total': 76.17, '00-149': 77.22, '150-154': 76.77, '155-159': 78.0, '160-164': 79.0, '165-169': 67.68, '170-174': 83.0, '175-179': 47.0, '180-184': 81.63, '185-189': 65.0, 'old': 76.48, 'new': 65.0}
2025-05-09 14:16:09,466 [trainer.py] => CNN top1 curve: [79.53, 79.34, 79.3, 79.02, 78.48, 78.15, 76.73, 76.69, 76.17]
2025-05-09 14:16:09,467 [trainer.py] => CNN top5 curve: [94.69, 94.57, 94.33, 94.2, 93.6, 93.64, 93.26, 93.39, 93.14]

Average Accuracy (CNN): 78.16
2025-05-09 14:16:09,467 [trainer.py] => Average Accuracy (CNN): 78.16 

2025-05-09 14:16:09,467 [trainer.py] => All params: 85944577
2025-05-09 14:16:09,468 [trainer.py] => Trainable params: 85944577
2025-05-09 14:16:09,477 [simplecil.py] => Learning on 190-195
Time for task 9: 13.63920545578003
2025-05-09 14:16:53,821 [trainer.py] => No NME accuracy.
2025-05-09 14:16:53,822 [trainer.py] => CNN: {'total': 76.32, '00-149': 77.02, '150-154': 76.77, '155-159': 78.0, '160-164': 79.0, '165-169': 67.68, '170-174': 83.0, '175-179': 47.0, '180-184': 80.61, '185-189': 65.0, '190-194': 89.0, 'old': 75.99, 'new': 89.0}
2025-05-09 14:16:53,822 [trainer.py] => CNN top1 curve: [79.53, 79.34, 79.3, 79.02, 78.48, 78.15, 76.73, 76.69, 76.17, 76.32]
2025-05-09 14:16:53,822 [trainer.py] => CNN top5 curve: [94.69, 94.57, 94.33, 94.2, 93.6, 93.64, 93.26, 93.39, 93.14, 93.21]

Average Accuracy (CNN): 77.97
2025-05-09 14:16:53,822 [trainer.py] => Average Accuracy (CNN): 77.97 

2025-05-09 14:16:53,823 [trainer.py] => All params: 85948417
2025-05-09 14:16:53,823 [trainer.py] => Trainable params: 85948417
2025-05-09 14:16:53,831 [simplecil.py] => Learning on 195-200
Time for task 10: 13.030734539031982
2025-05-09 14:17:38,895 [trainer.py] => No NME accuracy.
2025-05-09 14:17:38,896 [trainer.py] => CNN: {'total': 76.32, '00-149': 76.85, '150-154': 76.77, '155-159': 78.0, '160-164': 77.0, '165-169': 67.68, '170-174': 83.0, '175-179': 47.0, '180-184': 80.61, '185-189': 65.0, '190-194': 89.0, '195-199': 83.0, 'old': 76.14, 'new': 83.0}
2025-05-09 14:17:38,896 [trainer.py] => CNN top1 curve: [79.53, 79.34, 79.3, 79.02, 78.48, 78.15, 76.73, 76.69, 76.17, 76.32, 76.32]
2025-05-09 14:17:38,896 [trainer.py] => CNN top5 curve: [94.69, 94.57, 94.33, 94.2, 93.6, 93.64, 93.26, 93.39, 93.14, 93.21, 93.26]

Average Accuracy (CNN): 77.82
2025-05-09 14:17:38,897 [trainer.py] => Average Accuracy (CNN): 77.82 

2025-05-09 14:17:38,899 [trainer.py] => All params: 85952257
2025-05-09 14:17:38,901 [trainer.py] => Trainable params: 85952257
2025-05-09 14:17:38,911 [simplecil.py] => Learning on 200-205
Time for task 11: 14.716809511184692
2025-05-09 14:18:27,260 [trainer.py] => No NME accuracy.
2025-05-09 14:18:27,260 [trainer.py] => CNN: {'total': 75.96, '00-149': 76.69, '150-154': 76.77, '155-159': 78.0, '160-164': 77.0, '165-169': 67.68, '170-174': 83.0, '175-179': 47.0, '180-184': 80.61, '185-189': 65.0, '190-194': 86.0, '195-199': 83.0, '200-204': 69.7, 'old': 76.12, 'new': 69.7}
2025-05-09 14:18:27,260 [trainer.py] => CNN top1 curve: [79.53, 79.34, 79.3, 79.02, 78.48, 78.15, 76.73, 76.69, 76.17, 76.32, 76.32, 75.96]
2025-05-09 14:18:27,260 [trainer.py] => CNN top5 curve: [94.69, 94.57, 94.33, 94.2, 93.6, 93.64, 93.26, 93.39, 93.14, 93.21, 93.26, 93.08]

Average Accuracy (CNN): 77.67
2025-05-09 14:18:27,260 [trainer.py] => Average Accuracy (CNN): 77.67 

2025-05-09 14:18:27,261 [trainer.py] => All params: 85956097
2025-05-09 14:18:27,261 [trainer.py] => Trainable params: 85956097
2025-05-09 14:18:27,268 [simplecil.py] => Learning on 205-210
Time for task 12: 13.687200784683228
2025-05-09 14:19:14,836 [trainer.py] => No NME accuracy.
2025-05-09 14:19:14,837 [trainer.py] => CNN: {'total': 75.7, '00-149': 76.55, '150-154': 76.77, '155-159': 78.0, '160-164': 77.0, '165-169': 67.68, '170-174': 83.0, '175-179': 47.0, '180-184': 80.61, '185-189': 64.0, '190-194': 86.0, '195-199': 79.0, '200-204': 69.7, '205-209': 74.0, 'old': 75.74, 'new': 74.0}
2025-05-09 14:19:14,837 [trainer.py] => CNN top1 curve: [79.53, 79.34, 79.3, 79.02, 78.48, 78.15, 76.73, 76.69, 76.17, 76.32, 76.32, 75.96, 75.7]
2025-05-09 14:19:14,837 [trainer.py] => CNN top5 curve: [94.69, 94.57, 94.33, 94.2, 93.6, 93.64, 93.26, 93.39, 93.14, 93.21, 93.26, 93.08, 92.81]

Average Accuracy (CNN): 77.52
2025-05-09 14:19:14,837 [trainer.py] => Average Accuracy (CNN): 77.52 

2025-05-09 14:19:14,837 [trainer.py] => All params: 85959937
2025-05-09 14:19:14,838 [trainer.py] => Trainable params: 85959937
2025-05-09 14:19:14,848 [simplecil.py] => Learning on 210-215
Time for task 13: 14.621323347091675
2025-05-09 14:20:03,399 [trainer.py] => No NME accuracy.
2025-05-09 14:20:03,399 [trainer.py] => CNN: {'total': 75.01, '00-149': 76.39, '150-154': 76.77, '155-159': 77.0, '160-164': 76.0, '165-169': 67.68, '170-174': 82.0, '175-179': 46.0, '180-184': 80.61, '185-189': 63.0, '190-194': 86.0, '195-199': 79.0, '200-204': 67.68, '205-209': 73.0, '210-214': 59.0, 'old': 75.39, 'new': 59.0}
2025-05-09 14:20:03,400 [trainer.py] => CNN top1 curve: [79.53, 79.34, 79.3, 79.02, 78.48, 78.15, 76.73, 76.69, 76.17, 76.32, 76.32, 75.96, 75.7, 75.01]
2025-05-09 14:20:03,400 [trainer.py] => CNN top5 curve: [94.69, 94.57, 94.33, 94.2, 93.6, 93.64, 93.26, 93.39, 93.14, 93.21, 93.26, 93.08, 92.81, 92.17]

Average Accuracy (CNN): 77.34
2025-05-09 14:20:03,400 [trainer.py] => Average Accuracy (CNN): 77.34 

2025-05-09 14:20:03,400 [trainer.py] => All params: 85963777
2025-05-09 14:20:03,401 [trainer.py] => Trainable params: 85963777
2025-05-09 14:20:03,407 [simplecil.py] => Learning on 215-220
Time for task 14: 14.34752869606018
2025-05-09 14:20:52,684 [trainer.py] => No NME accuracy.
2025-05-09 14:20:52,684 [trainer.py] => CNN: {'total': 74.12, '00-149': 76.15, '150-154': 76.77, '155-159': 77.0, '160-164': 76.0, '165-169': 67.68, '170-174': 82.0, '175-179': 45.0, '180-184': 80.61, '185-189': 63.0, '190-194': 86.0, '195-199': 79.0, '200-204': 67.68, '205-209': 73.0, '210-214': 58.0, '215-219': 45.0, 'old': 74.8, 'new': 45.0}
2025-05-09 14:20:52,684 [trainer.py] => CNN top1 curve: [79.53, 79.34, 79.3, 79.02, 78.48, 78.15, 76.73, 76.69, 76.17, 76.32, 76.32, 75.96, 75.7, 75.01, 74.12]
2025-05-09 14:20:52,684 [trainer.py] => CNN top5 curve: [94.69, 94.57, 94.33, 94.2, 93.6, 93.64, 93.26, 93.39, 93.14, 93.21, 93.26, 93.08, 92.81, 92.17, 91.39]

Average Accuracy (CNN): 77.12
2025-05-09 14:20:52,684 [trainer.py] => Average Accuracy (CNN): 77.12 

2025-05-09 14:20:52,685 [trainer.py] => All params: 85967617
2025-05-09 14:20:52,686 [trainer.py] => Trainable params: 85967617
2025-05-09 14:20:52,695 [simplecil.py] => Learning on 220-225
Time for task 15: 14.987159729003906
2025-05-09 14:21:44,397 [trainer.py] => No NME accuracy.
2025-05-09 14:21:44,400 [trainer.py] => CNN: {'total': 73.94, '00-149': 75.68, '150-154': 76.77, '155-159': 77.0, '160-164': 76.0, '165-169': 67.68, '170-174': 82.0, '175-179': 45.0, '180-184': 80.61, '185-189': 63.0, '190-194': 86.0, '195-199': 79.0, '200-204': 62.63, '205-209': 73.0, '210-214': 58.0, '215-219': 45.0, '220-224': 85.0, 'old': 73.68, 'new': 85.0}
2025-05-09 14:21:44,401 [trainer.py] => CNN top1 curve: [79.53, 79.34, 79.3, 79.02, 78.48, 78.15, 76.73, 76.69, 76.17, 76.32, 76.32, 75.96, 75.7, 75.01, 74.12, 73.94]
2025-05-09 14:21:44,401 [trainer.py] => CNN top5 curve: [94.69, 94.57, 94.33, 94.2, 93.6, 93.64, 93.26, 93.39, 93.14, 93.21, 93.26, 93.08, 92.81, 92.17, 91.39, 91.49]

Average Accuracy (CNN): 76.92
2025-05-09 14:21:44,401 [trainer.py] => Average Accuracy (CNN): 76.92 

2025-05-09 14:21:44,402 [trainer.py] => All params: 85971457
2025-05-09 14:21:44,404 [trainer.py] => Trainable params: 85971457
2025-05-09 14:21:44,415 [simplecil.py] => Learning on 225-230
Time for task 16: 14.546075105667114
2025-05-09 14:22:36,144 [trainer.py] => No NME accuracy.
2025-05-09 14:22:36,144 [trainer.py] => CNN: {'total': 74.06, '00-149': 75.55, '150-154': 76.77, '155-159': 77.0, '160-164': 76.0, '165-169': 67.68, '170-174': 81.0, '175-179': 45.0, '180-184': 80.61, '185-189': 63.0, '190-194': 86.0, '195-199': 79.0, '200-204': 62.63, '205-209': 72.0, '210-214': 58.0, '215-219': 45.0, '220-224': 85.0, '225-229': 85.86, 'old': 73.8, 'new': 85.86}
2025-05-09 14:22:36,144 [trainer.py] => CNN top1 curve: [79.53, 79.34, 79.3, 79.02, 78.48, 78.15, 76.73, 76.69, 76.17, 76.32, 76.32, 75.96, 75.7, 75.01, 74.12, 73.94, 74.06]
2025-05-09 14:22:36,144 [trainer.py] => CNN top5 curve: [94.69, 94.57, 94.33, 94.2, 93.6, 93.64, 93.26, 93.39, 93.14, 93.21, 93.26, 93.08, 92.81, 92.17, 91.39, 91.49, 91.59]

Average Accuracy (CNN): 76.76
2025-05-09 14:22:36,145 [trainer.py] => Average Accuracy (CNN): 76.76 

2025-05-09 14:22:36,145 [trainer.py] => All params: 85975297
2025-05-09 14:22:36,146 [trainer.py] => Trainable params: 85975297
2025-05-09 14:22:36,152 [simplecil.py] => Learning on 230-235
Time for task 17: 13.800329446792603
2025-05-09 14:23:27,117 [trainer.py] => No NME accuracy.
2025-05-09 14:23:27,117 [trainer.py] => CNN: {'total': 74.36, '00-149': 75.45, '150-154': 76.77, '155-159': 77.0, '160-164': 76.0, '165-169': 67.68, '170-174': 81.0, '175-179': 45.0, '180-184': 80.61, '185-189': 63.0, '190-194': 85.0, '195-199': 79.0, '200-204': 62.63, '205-209': 72.0, '210-214': 58.0, '215-219': 45.0, '220-224': 85.0, '225-229': 85.86, '230-234': 92.0, 'old': 73.98, 'new': 92.0}
2025-05-09 14:23:27,117 [trainer.py] => CNN top1 curve: [79.53, 79.34, 79.3, 79.02, 78.48, 78.15, 76.73, 76.69, 76.17, 76.32, 76.32, 75.96, 75.7, 75.01, 74.12, 73.94, 74.06, 74.36]
2025-05-09 14:23:27,118 [trainer.py] => CNN top5 curve: [94.69, 94.57, 94.33, 94.2, 93.6, 93.64, 93.26, 93.39, 93.14, 93.21, 93.26, 93.08, 92.81, 92.17, 91.39, 91.49, 91.59, 91.7]

Average Accuracy (CNN): 76.62
2025-05-09 14:23:27,118 [trainer.py] => Average Accuracy (CNN): 76.62 

2025-05-09 14:23:27,119 [trainer.py] => All params: 85979137
2025-05-09 14:23:27,121 [trainer.py] => Trainable params: 85979137
2025-05-09 14:23:27,135 [simplecil.py] => Learning on 235-240
Time for task 18: 15.502432584762573
2025-05-09 14:24:20,904 [trainer.py] => No NME accuracy.
2025-05-09 14:24:20,904 [trainer.py] => CNN: {'total': 74.1, '00-149': 75.28, '150-154': 75.76, '155-159': 77.0, '160-164': 76.0, '165-169': 67.68, '170-174': 80.0, '175-179': 45.0, '180-184': 80.61, '185-189': 63.0, '190-194': 85.0, '195-199': 79.0, '200-204': 62.63, '205-209': 72.0, '210-214': 58.0, '215-219': 45.0, '220-224': 85.0, '225-229': 85.86, '230-234': 92.0, '235-239': 69.0, 'old': 74.21, 'new': 69.0}
2025-05-09 14:24:20,904 [trainer.py] => CNN top1 curve: [79.53, 79.34, 79.3, 79.02, 78.48, 78.15, 76.73, 76.69, 76.17, 76.32, 76.32, 75.96, 75.7, 75.01, 74.12, 73.94, 74.06, 74.36, 74.1]
2025-05-09 14:24:20,904 [trainer.py] => CNN top5 curve: [94.69, 94.57, 94.33, 94.2, 93.6, 93.64, 93.26, 93.39, 93.14, 93.21, 93.26, 93.08, 92.81, 92.17, 91.39, 91.49, 91.59, 91.7, 91.23]

Average Accuracy (CNN): 76.49
2025-05-09 14:24:20,904 [trainer.py] => Average Accuracy (CNN): 76.49 

2025-05-09 14:24:20,905 [trainer.py] => All params: 85982977
2025-05-09 14:24:20,905 [trainer.py] => Trainable params: 85982977
2025-05-09 14:24:20,913 [simplecil.py] => Learning on 240-245
Time for task 19: 15.392303466796875
2025-05-09 14:25:15,303 [trainer.py] => No NME accuracy.
2025-05-09 14:25:15,303 [trainer.py] => CNN: {'total': 73.59, '00-149': 74.92, '150-154': 75.76, '155-159': 77.0, '160-164': 76.0, '165-169': 67.68, '170-174': 80.0, '175-179': 44.0, '180-184': 80.61, '185-189': 63.0, '190-194': 85.0, '195-199': 78.0, '200-204': 62.63, '205-209': 69.0, '210-214': 58.0, '215-219': 45.0, '220-224': 85.0, '225-229': 85.86, '230-234': 92.0, '235-239': 69.0, '240-244': 65.0, 'old': 73.77, 'new': 65.0}
2025-05-09 14:25:15,303 [trainer.py] => CNN top1 curve: [79.53, 79.34, 79.3, 79.02, 78.48, 78.15, 76.73, 76.69, 76.17, 76.32, 76.32, 75.96, 75.7, 75.01, 74.12, 73.94, 74.06, 74.36, 74.1, 73.59]
2025-05-09 14:25:15,303 [trainer.py] => CNN top5 curve: [94.69, 94.57, 94.33, 94.2, 93.6, 93.64, 93.26, 93.39, 93.14, 93.21, 93.26, 93.08, 92.81, 92.17, 91.39, 91.49, 91.59, 91.7, 91.23, 91.22]

Average Accuracy (CNN): 76.34
2025-05-09 14:25:15,303 [trainer.py] => Average Accuracy (CNN): 76.34 

2025-05-09 14:25:15,304 [trainer.py] => All params: 85986817
2025-05-09 14:25:15,305 [trainer.py] => Trainable params: 85986817
2025-05-09 14:25:15,311 [simplecil.py] => Learning on 245-250
Time for task 20: 14.250555515289307
2025-05-09 14:26:10,410 [trainer.py] => No NME accuracy.
2025-05-09 14:26:10,412 [trainer.py] => CNN: {'total': 73.46, '00-149': 74.72, '150-154': 75.76, '155-159': 77.0, '160-164': 76.0, '165-169': 67.68, '170-174': 80.0, '175-179': 44.0, '180-184': 80.61, '185-189': 63.0, '190-194': 85.0, '195-199': 78.0, '200-204': 62.63, '205-209': 69.0, '210-214': 58.0, '215-219': 45.0, '220-224': 85.0, '225-229': 85.86, '230-234': 92.0, '235-239': 69.0, '240-244': 65.0, '245-249': 73.0, 'old': 73.47, 'new': 73.0}
2025-05-09 14:26:10,412 [trainer.py] => CNN top1 curve: [79.53, 79.34, 79.3, 79.02, 78.48, 78.15, 76.73, 76.69, 76.17, 76.32, 76.32, 75.96, 75.7, 75.01, 74.12, 73.94, 74.06, 74.36, 74.1, 73.59, 73.46]
2025-05-09 14:26:10,412 [trainer.py] => CNN top5 curve: [94.69, 94.57, 94.33, 94.2, 93.6, 93.64, 93.26, 93.39, 93.14, 93.21, 93.26, 93.08, 92.81, 92.17, 91.39, 91.49, 91.59, 91.7, 91.23, 91.22, 91.26]

Average Accuracy (CNN): 76.21
2025-05-09 14:26:10,412 [trainer.py] => Average Accuracy (CNN): 76.21 

2025-05-09 14:26:10,413 [trainer.py] => All params: 85990657
2025-05-09 14:26:10,414 [trainer.py] => Trainable params: 85990657
2025-05-09 14:26:10,423 [simplecil.py] => Learning on 250-255
Time for task 21: 14.347484350204468
2025-05-09 14:27:05,609 [trainer.py] => No NME accuracy.
2025-05-09 14:27:05,609 [trainer.py] => CNN: {'total': 73.31, '00-149': 74.58, '150-154': 75.76, '155-159': 76.0, '160-164': 76.0, '165-169': 67.68, '170-174': 80.0, '175-179': 44.0, '180-184': 80.61, '185-189': 63.0, '190-194': 85.0, '195-199': 78.0, '200-204': 62.63, '205-209': 69.0, '210-214': 58.0, '215-219': 45.0, '220-224': 85.0, '225-229': 85.86, '230-234': 92.0, '235-239': 69.0, '240-244': 65.0, '245-249': 73.0, '250-254': 71.0, 'old': 73.36, 'new': 71.0}
2025-05-09 14:27:05,609 [trainer.py] => CNN top1 curve: [79.53, 79.34, 79.3, 79.02, 78.48, 78.15, 76.73, 76.69, 76.17, 76.32, 76.32, 75.96, 75.7, 75.01, 74.12, 73.94, 74.06, 74.36, 74.1, 73.59, 73.46, 73.31]
2025-05-09 14:27:05,609 [trainer.py] => CNN top5 curve: [94.69, 94.57, 94.33, 94.2, 93.6, 93.64, 93.26, 93.39, 93.14, 93.21, 93.26, 93.08, 92.81, 92.17, 91.39, 91.49, 91.59, 91.7, 91.23, 91.22, 91.26, 91.21]

Average Accuracy (CNN): 76.08
2025-05-09 14:27:05,609 [trainer.py] => Average Accuracy (CNN): 76.08 

2025-05-09 14:27:05,610 [trainer.py] => All params: 85994497
2025-05-09 14:27:05,611 [trainer.py] => Trainable params: 85994497
2025-05-09 14:27:05,620 [simplecil.py] => Learning on 255-260
Time for task 22: 14.279003620147705
2025-05-09 14:28:01,104 [trainer.py] => No NME accuracy.
2025-05-09 14:28:01,105 [trainer.py] => CNN: {'total': 73.26, '00-149': 74.38, '150-154': 75.76, '155-159': 72.0, '160-164': 76.0, '165-169': 67.68, '170-174': 80.0, '175-179': 44.0, '180-184': 80.61, '185-189': 63.0, '190-194': 85.0, '195-199': 78.0, '200-204': 62.63, '205-209': 69.0, '210-214': 58.0, '215-219': 45.0, '220-224': 85.0, '225-229': 85.86, '230-234': 92.0, '235-239': 69.0, '240-244': 65.0, '245-249': 73.0, '250-254': 71.0, '255-259': 80.81, 'old': 73.11, 'new': 80.81}
2025-05-09 14:28:01,105 [trainer.py] => CNN top1 curve: [79.53, 79.34, 79.3, 79.02, 78.48, 78.15, 76.73, 76.69, 76.17, 76.32, 76.32, 75.96, 75.7, 75.01, 74.12, 73.94, 74.06, 74.36, 74.1, 73.59, 73.46, 73.31, 73.26]
2025-05-09 14:28:01,105 [trainer.py] => CNN top5 curve: [94.69, 94.57, 94.33, 94.2, 93.6, 93.64, 93.26, 93.39, 93.14, 93.21, 93.26, 93.08, 92.81, 92.17, 91.39, 91.49, 91.59, 91.7, 91.23, 91.22, 91.26, 91.21, 91.31]

Average Accuracy (CNN): 75.95
2025-05-09 14:28:01,106 [trainer.py] => Average Accuracy (CNN): 75.95 

2025-05-09 14:28:01,108 [trainer.py] => All params: 85998337
2025-05-09 14:28:01,109 [trainer.py] => Trainable params: 85998337
2025-05-09 14:28:01,121 [simplecil.py] => Learning on 260-265
Time for task 23: 14.460862636566162
2025-05-09 14:28:57,379 [trainer.py] => No NME accuracy.
2025-05-09 14:28:57,379 [trainer.py] => CNN: {'total': 72.88, '00-149': 73.98, '150-154': 73.74, '155-159': 72.0, '160-164': 76.0, '165-169': 67.68, '170-174': 80.0, '175-179': 44.0, '180-184': 80.61, '185-189': 63.0, '190-194': 83.0, '195-199': 78.0, '200-204': 61.62, '205-209': 69.0, '210-214': 58.0, '215-219': 45.0, '220-224': 85.0, '225-229': 85.86, '230-234': 92.0, '235-239': 69.0, '240-244': 65.0, '245-249': 73.0, '250-254': 71.0, '255-259': 80.81, '260-264': 70.0, 'old': 72.93, 'new': 70.0}
2025-05-09 14:28:57,379 [trainer.py] => CNN top1 curve: [79.53, 79.34, 79.3, 79.02, 78.48, 78.15, 76.73, 76.69, 76.17, 76.32, 76.32, 75.96, 75.7, 75.01, 74.12, 73.94, 74.06, 74.36, 74.1, 73.59, 73.46, 73.31, 73.26, 72.88]
2025-05-09 14:28:57,380 [trainer.py] => CNN top5 curve: [94.69, 94.57, 94.33, 94.2, 93.6, 93.64, 93.26, 93.39, 93.14, 93.21, 93.26, 93.08, 92.81, 92.17, 91.39, 91.49, 91.59, 91.7, 91.23, 91.22, 91.26, 91.21, 91.31, 91.3]

Average Accuracy (CNN): 75.82
2025-05-09 14:28:57,380 [trainer.py] => Average Accuracy (CNN): 75.82 

2025-05-09 14:28:57,382 [trainer.py] => All params: 86002177
2025-05-09 14:28:57,384 [trainer.py] => Trainable params: 86002177
2025-05-09 14:28:57,395 [simplecil.py] => Learning on 265-270
Time for task 24: 14.205562353134155
2025-05-09 14:29:54,527 [trainer.py] => No NME accuracy.
2025-05-09 14:29:54,528 [trainer.py] => CNN: {'total': 73.18, '00-149': 73.95, '150-154': 73.74, '155-159': 72.0, '160-164': 76.0, '165-169': 67.68, '170-174': 80.0, '175-179': 44.0, '180-184': 80.61, '185-189': 63.0, '190-194': 83.0, '195-199': 78.0, '200-204': 61.62, '205-209': 67.0, '210-214': 58.0, '215-219': 45.0, '220-224': 85.0, '225-229': 85.86, '230-234': 92.0, '235-239': 69.0, '240-244': 65.0, '245-249': 73.0, '250-254': 71.0, '255-259': 80.81, '260-264': 70.0, '265-269': 92.0, 'old': 72.82, 'new': 92.0}
2025-05-09 14:29:54,528 [trainer.py] => CNN top1 curve: [79.53, 79.34, 79.3, 79.02, 78.48, 78.15, 76.73, 76.69, 76.17, 76.32, 76.32, 75.96, 75.7, 75.01, 74.12, 73.94, 74.06, 74.36, 74.1, 73.59, 73.46, 73.31, 73.26, 72.88, 73.18]
2025-05-09 14:29:54,528 [trainer.py] => CNN top5 curve: [94.69, 94.57, 94.33, 94.2, 93.6, 93.64, 93.26, 93.39, 93.14, 93.21, 93.26, 93.08, 92.81, 92.17, 91.39, 91.49, 91.59, 91.7, 91.23, 91.22, 91.26, 91.21, 91.31, 91.3, 91.44]

Average Accuracy (CNN): 75.72
2025-05-09 14:29:54,528 [trainer.py] => Average Accuracy (CNN): 75.72 

2025-05-09 14:29:54,528 [trainer.py] => All params: 86006017
2025-05-09 14:29:54,529 [trainer.py] => Trainable params: 86006017
2025-05-09 14:29:54,538 [simplecil.py] => Learning on 270-275
Time for task 25: 13.715524435043335
2025-05-09 14:30:52,276 [trainer.py] => No NME accuracy.
2025-05-09 14:30:52,277 [trainer.py] => CNN: {'total': 73.01, '00-149': 73.88, '150-154': 73.74, '155-159': 72.0, '160-164': 76.0, '165-169': 65.66, '170-174': 80.0, '175-179': 44.0, '180-184': 79.59, '185-189': 63.0, '190-194': 83.0, '195-199': 78.0, '200-204': 61.62, '205-209': 67.0, '210-214': 58.0, '215-219': 45.0, '220-224': 85.0, '225-229': 85.86, '230-234': 92.0, '235-239': 69.0, '240-244': 65.0, '245-249': 67.0, '250-254': 71.0, '255-259': 80.81, '260-264': 70.0, '265-269': 92.0, '270-274': 75.0, 'old': 72.97, 'new': 75.0}
2025-05-09 14:30:52,277 [trainer.py] => CNN top1 curve: [79.53, 79.34, 79.3, 79.02, 78.48, 78.15, 76.73, 76.69, 76.17, 76.32, 76.32, 75.96, 75.7, 75.01, 74.12, 73.94, 74.06, 74.36, 74.1, 73.59, 73.46, 73.31, 73.26, 72.88, 73.18, 73.01]
2025-05-09 14:30:52,277 [trainer.py] => CNN top5 curve: [94.69, 94.57, 94.33, 94.2, 93.6, 93.64, 93.26, 93.39, 93.14, 93.21, 93.26, 93.08, 92.81, 92.17, 91.39, 91.49, 91.59, 91.7, 91.23, 91.22, 91.26, 91.21, 91.31, 91.3, 91.44, 91.45]

Average Accuracy (CNN): 75.61
2025-05-09 14:30:52,277 [trainer.py] => Average Accuracy (CNN): 75.61 

2025-05-09 14:30:52,279 [trainer.py] => All params: 86009857
2025-05-09 14:30:52,280 [trainer.py] => Trainable params: 86009857
2025-05-09 14:30:52,293 [simplecil.py] => Learning on 275-280
Time for task 26: 13.492454528808594
2025-05-09 14:31:50,089 [trainer.py] => No NME accuracy.
2025-05-09 14:31:50,091 [trainer.py] => CNN: {'total': 73.06, '00-149': 73.61, '150-154': 73.74, '155-159': 72.0, '160-164': 76.0, '165-169': 65.66, '170-174': 79.0, '175-179': 44.0, '180-184': 78.57, '185-189': 63.0, '190-194': 83.0, '195-199': 78.0, '200-204': 61.62, '205-209': 67.0, '210-214': 58.0, '215-219': 45.0, '220-224': 85.0, '225-229': 85.86, '230-234': 92.0, '235-239': 69.0, '240-244': 65.0, '245-249': 67.0, '250-254': 71.0, '255-259': 80.81, '260-264': 70.0, '265-269': 92.0, '270-274': 75.0, '275-279': 85.86, 'old': 72.83, 'new': 85.86}
2025-05-09 14:31:50,091 [trainer.py] => CNN top1 curve: [79.53, 79.34, 79.3, 79.02, 78.48, 78.15, 76.73, 76.69, 76.17, 76.32, 76.32, 75.96, 75.7, 75.01, 74.12, 73.94, 74.06, 74.36, 74.1, 73.59, 73.46, 73.31, 73.26, 72.88, 73.18, 73.01, 73.06]
2025-05-09 14:31:50,092 [trainer.py] => CNN top5 curve: [94.69, 94.57, 94.33, 94.2, 93.6, 93.64, 93.26, 93.39, 93.14, 93.21, 93.26, 93.08, 92.81, 92.17, 91.39, 91.49, 91.59, 91.7, 91.23, 91.22, 91.26, 91.21, 91.31, 91.3, 91.44, 91.45, 91.37]

Average Accuracy (CNN): 75.52
2025-05-09 14:31:50,092 [trainer.py] => Average Accuracy (CNN): 75.52 

2025-05-09 14:31:50,094 [trainer.py] => All params: 86013697
2025-05-09 14:31:50,096 [trainer.py] => Trainable params: 86013697
2025-05-09 14:31:50,109 [simplecil.py] => Learning on 280-285
Time for task 27: 13.430458068847656
2025-05-09 14:32:48,491 [trainer.py] => No NME accuracy.
2025-05-09 14:32:48,491 [trainer.py] => CNN: {'total': 73.04, '00-149': 73.41, '150-154': 73.74, '155-159': 72.0, '160-164': 75.0, '165-169': 65.66, '170-174': 79.0, '175-179': 44.0, '180-184': 78.57, '185-189': 63.0, '190-194': 83.0, '195-199': 78.0, '200-204': 61.62, '205-209': 67.0, '210-214': 58.0, '215-219': 44.0, '220-224': 85.0, '225-229': 85.86, '230-234': 92.0, '235-239': 69.0, '240-244': 65.0, '245-249': 67.0, '250-254': 71.0, '255-259': 79.8, '260-264': 70.0, '265-269': 92.0, '270-274': 75.0, '275-279': 85.86, '280-284': 81.0, 'old': 72.9, 'new': 81.0}
2025-05-09 14:32:48,491 [trainer.py] => CNN top1 curve: [79.53, 79.34, 79.3, 79.02, 78.48, 78.15, 76.73, 76.69, 76.17, 76.32, 76.32, 75.96, 75.7, 75.01, 74.12, 73.94, 74.06, 74.36, 74.1, 73.59, 73.46, 73.31, 73.26, 72.88, 73.18, 73.01, 73.06, 73.04]
2025-05-09 14:32:48,492 [trainer.py] => CNN top5 curve: [94.69, 94.57, 94.33, 94.2, 93.6, 93.64, 93.26, 93.39, 93.14, 93.21, 93.26, 93.08, 92.81, 92.17, 91.39, 91.49, 91.59, 91.7, 91.23, 91.22, 91.26, 91.21, 91.31, 91.3, 91.44, 91.45, 91.37, 91.52]

Average Accuracy (CNN): 75.43
2025-05-09 14:32:48,492 [trainer.py] => Average Accuracy (CNN): 75.43 

2025-05-09 14:32:48,494 [trainer.py] => All params: 86017537
2025-05-09 14:32:48,496 [trainer.py] => Trainable params: 86017537
2025-05-09 14:32:48,511 [simplecil.py] => Learning on 285-290
Time for task 28: 14.072428703308105
2025-05-09 14:33:48,542 [trainer.py] => No NME accuracy.
2025-05-09 14:33:48,544 [trainer.py] => CNN: {'total': 73.16, '00-149': 73.28, '150-154': 73.74, '155-159': 72.0, '160-164': 75.0, '165-169': 65.66, '170-174': 79.0, '175-179': 44.0, '180-184': 78.57, '185-189': 63.0, '190-194': 83.0, '195-199': 77.0, '200-204': 61.62, '205-209': 67.0, '210-214': 58.0, '215-219': 44.0, '220-224': 85.0, '225-229': 85.86, '230-234': 92.0, '235-239': 69.0, '240-244': 65.0, '245-249': 67.0, '250-254': 71.0, '255-259': 79.8, '260-264': 70.0, '265-269': 92.0, '270-274': 75.0, '275-279': 85.86, '280-284': 80.0, '285-289': 86.0, 'old': 72.93, 'new': 86.0}
2025-05-09 14:33:48,544 [trainer.py] => CNN top1 curve: [79.53, 79.34, 79.3, 79.02, 78.48, 78.15, 76.73, 76.69, 76.17, 76.32, 76.32, 75.96, 75.7, 75.01, 74.12, 73.94, 74.06, 74.36, 74.1, 73.59, 73.46, 73.31, 73.26, 72.88, 73.18, 73.01, 73.06, 73.04, 73.16]
2025-05-09 14:33:48,544 [trainer.py] => CNN top5 curve: [94.69, 94.57, 94.33, 94.2, 93.6, 93.64, 93.26, 93.39, 93.14, 93.21, 93.26, 93.08, 92.81, 92.17, 91.39, 91.49, 91.59, 91.7, 91.23, 91.22, 91.26, 91.21, 91.31, 91.3, 91.44, 91.45, 91.37, 91.52, 91.62]

Average Accuracy (CNN): 75.35
2025-05-09 14:33:48,545 [trainer.py] => Average Accuracy (CNN): 75.35 

2025-05-09 14:33:48,546 [trainer.py] => All params: 86021377
2025-05-09 14:33:48,548 [trainer.py] => Trainable params: 86021377
2025-05-09 14:33:48,562 [simplecil.py] => Learning on 290-295
Time for task 29: 13.47333025932312
2025-05-09 14:34:49,242 [trainer.py] => No NME accuracy.
2025-05-09 14:34:49,243 [trainer.py] => CNN: {'total': 73.26, '00-149': 73.28, '150-154': 73.74, '155-159': 72.0, '160-164': 75.0, '165-169': 65.66, '170-174': 79.0, '175-179': 44.0, '180-184': 78.57, '185-189': 63.0, '190-194': 83.0, '195-199': 77.0, '200-204': 61.62, '205-209': 67.0, '210-214': 58.0, '215-219': 44.0, '220-224': 85.0, '225-229': 85.86, '230-234': 92.0, '235-239': 69.0, '240-244': 65.0, '245-249': 67.0, '250-254': 71.0, '255-259': 79.8, '260-264': 68.0, '265-269': 92.0, '270-274': 75.0, '275-279': 85.86, '280-284': 79.0, '285-289': 86.0, '290-294': 82.0, 'old': 73.11, 'new': 82.0}
2025-05-09 14:34:49,243 [trainer.py] => CNN top1 curve: [79.53, 79.34, 79.3, 79.02, 78.48, 78.15, 76.73, 76.69, 76.17, 76.32, 76.32, 75.96, 75.7, 75.01, 74.12, 73.94, 74.06, 74.36, 74.1, 73.59, 73.46, 73.31, 73.26, 72.88, 73.18, 73.01, 73.06, 73.04, 73.16, 73.26]
2025-05-09 14:34:49,243 [trainer.py] => CNN top5 curve: [94.69, 94.57, 94.33, 94.2, 93.6, 93.64, 93.26, 93.39, 93.14, 93.21, 93.26, 93.08, 92.81, 92.17, 91.39, 91.49, 91.59, 91.7, 91.23, 91.22, 91.26, 91.21, 91.31, 91.3, 91.44, 91.45, 91.37, 91.52, 91.62, 91.69]

Average Accuracy (CNN): 75.28
2025-05-09 14:34:49,244 [trainer.py] => Average Accuracy (CNN): 75.28 

2025-05-09 14:34:49,246 [trainer.py] => All params: 86025217
2025-05-09 14:34:49,247 [trainer.py] => Trainable params: 86025217
2025-05-09 14:34:49,260 [simplecil.py] => Learning on 295-300
Time for task 30: 14.879055261611938
2025-05-09 14:35:52,993 [trainer.py] => No NME accuracy.
2025-05-09 14:35:52,994 [trainer.py] => CNN: {'total': 73.3, '00-149': 73.25, '150-154': 73.74, '155-159': 72.0, '160-164': 75.0, '165-169': 65.66, '170-174': 79.0, '175-179': 44.0, '180-184': 78.57, '185-189': 63.0, '190-194': 83.0, '195-199': 77.0, '200-204': 61.62, '205-209': 67.0, '210-214': 58.0, '215-219': 44.0, '220-224': 85.0, '225-229': 85.86, '230-234': 92.0, '235-239': 69.0, '240-244': 65.0, '245-249': 67.0, '250-254': 71.0, '255-259': 79.8, '260-264': 68.0, '265-269': 92.0, '270-274': 74.0, '275-279': 85.86, '280-284': 79.0, '285-289': 86.0, '290-294': 82.0, '295-299': 77.78, 'old': 73.22, 'new': 77.78}
2025-05-09 14:35:52,994 [trainer.py] => CNN top1 curve: [79.53, 79.34, 79.3, 79.02, 78.48, 78.15, 76.73, 76.69, 76.17, 76.32, 76.32, 75.96, 75.7, 75.01, 74.12, 73.94, 74.06, 74.36, 74.1, 73.59, 73.46, 73.31, 73.26, 72.88, 73.18, 73.01, 73.06, 73.04, 73.16, 73.26, 73.3]
2025-05-09 14:35:52,994 [trainer.py] => CNN top5 curve: [94.69, 94.57, 94.33, 94.2, 93.6, 93.64, 93.26, 93.39, 93.14, 93.21, 93.26, 93.08, 92.81, 92.17, 91.39, 91.49, 91.59, 91.7, 91.23, 91.22, 91.26, 91.21, 91.31, 91.3, 91.44, 91.45, 91.37, 91.52, 91.62, 91.69, 91.46]

Average Accuracy (CNN): 75.22
2025-05-09 14:35:52,994 [trainer.py] => Average Accuracy (CNN): 75.22 

Finished omnibenchmark_init150_inc5: pretrained_vit_b16_224_in21k  
----------------------------------------------------------------------------------------------------
Accuracy Matrix (CNN):
[[79.53 79.39 79.23 78.89 78.66 78.12 77.52 77.49 77.22 77.02 76.85 76.69
  76.55 76.39 76.15 75.68 75.55 75.45 75.28 74.92 74.72 74.58 74.38 73.98
  73.95 73.88 73.61 73.41 73.28 73.28 73.25]
 [ 0.   77.78 76.77 76.77 76.77 76.77 76.77 76.77 76.77 76.77 76.77 76.77
  76.77 76.77 76.77 76.77 76.77 76.77 75.76 75.76 75.76 75.76 75.76 73.74
  73.74 73.74 73.74 73.74 73.74 73.74 73.74]
 [ 0.    0.   84.   84.   84.   84.   83.   78.   78.   78.   78.   78.
  78.   77.   77.   77.   77.   77.   77.   77.   77.   76.   72.   72.
  72.   72.   72.   72.   72.   72.   72.  ]
 [ 0.    0.    0.   80.   80.   80.   79.   79.   79.   79.   77.   77.
  77.   76.   76.   76.   76.   76.   76.   76.   76.   76.   76.   76.
  76.   76.   76.   75.   75.   75.   75.  ]
 [ 0.    0.    0.    0.   67.68 67.68 67.68 67.68 67.68 67.68 67.68 67.68
  67.68 67.68 67.68 67.68 67.68 67.68 67.68 67.68 67.68 67.68 67.68 67.68
  67.68 65.66 65.66 65.66 65.66 65.66 65.66]
 [ 0.    0.    0.    0.    0.   83.   83.   83.   83.   83.   83.   83.
  83.   82.   82.   82.   81.   81.   80.   80.   80.   80.   80.   80.
  80.   80.   79.   79.   79.   79.   79.  ]
 [ 0.    0.    0.    0.    0.    0.   47.   47.   47.   47.   47.   47.
  47.   46.   45.   45.   45.   45.   45.   44.   44.   44.   44.   44.
  44.   44.   44.   44.   44.   44.   44.  ]
 [ 0.    0.    0.    0.    0.    0.    0.   81.63 81.63 80.61 80.61 80.61
  80.61 80.61 80.61 80.61 80.61 80.61 80.61 80.61 80.61 80.61 80.61 80.61
  80.61 79.59 78.57 78.57 78.57 78.57 78.57]
 [ 0.    0.    0.    0.    0.    0.    0.    0.   65.   65.   65.   65.
  64.   63.   63.   63.   63.   63.   63.   63.   63.   63.   63.   63.
  63.   63.   63.   63.   63.   63.   63.  ]
 [ 0.    0.    0.    0.    0.    0.    0.    0.    0.   89.   89.   86.
  86.   86.   86.   86.   86.   85.   85.   85.   85.   85.   85.   83.
  83.   83.   83.   83.   83.   83.   83.  ]
 [ 0.    0.    0.    0.    0.    0.    0.    0.    0.    0.   83.   83.
  79.   79.   79.   79.   79.   79.   79.   78.   78.   78.   78.   78.
  78.   78.   78.   78.   77.   77.   77.  ]
 [ 0.    0.    0.    0.    0.    0.    0.    0.    0.    0.    0.   69.7
  69.7  67.68 67.68 62.63 62.63 62.63 62.63 62.63 62.63 62.63 62.63 61.62
  61.62 61.62 61.62 61.62 61.62 61.62 61.62]
 [ 0.    0.    0.    0.    0.    0.    0.    0.    0.    0.    0.    0.
  74.   73.   73.   73.   72.   72.   72.   69.   69.   69.   69.   69.
  67.   67.   67.   67.   67.   67.   67.  ]
 [ 0.    0.    0.    0.    0.    0.    0.    0.    0.    0.    0.    0.
   0.   59.   58.   58.   58.   58.   58.   58.   58.   58.   58.   58.
  58.   58.   58.   58.   58.   58.   58.  ]
 [ 0.    0.    0.    0.    0.    0.    0.    0.    0.    0.    0.    0.
   0.    0.   45.   45.   45.   45.   45.   45.   45.   45.   45.   45.
  45.   45.   45.   44.   44.   44.   44.  ]
 [ 0.    0.    0.    0.    0.    0.    0.    0.    0.    0.    0.    0.
   0.    0.    0.   85.   85.   85.   85.   85.   85.   85.   85.   85.
  85.   85.   85.   85.   85.   85.   85.  ]
 [ 0.    0.    0.    0.    0.    0.    0.    0.    0.    0.    0.    0.
   0.    0.    0.    0.   85.86 85.86 85.86 85.86 85.86 85.86 85.86 85.86
  85.86 85.86 85.86 85.86 85.86 85.86 85.86]
 [ 0.    0.    0.    0.    0.    0.    0.    0.    0.    0.    0.    0.
   0.    0.    0.    0.    0.   92.   92.   92.   92.   92.   92.   92.
  92.   92.   92.   92.   92.   92.   92.  ]
 [ 0.    0.    0.    0.    0.    0.    0.    0.    0.    0.    0.    0.
   0.    0.    0.    0.    0.    0.   69.   69.   69.   69.   69.   69.
  69.   69.   69.   69.   69.   69.   69.  ]
 [ 0.    0.    0.    0.    0.    0.    0.    0.    0.    0.    0.    0.
   0.    0.    0.    0.    0.    0.    0.   65.   65.   65.   65.   65.
  65.   65.   65.   65.   65.   65.   65.  ]
 [ 0.    0.    0.    0.    0.    0.    0.    0.    0.    0.    0.    0.
   0.    0.    0.    0.    0.    0.    0.    0.   73.   73.   73.   73.
  73.   67.   67.   67.   67.   67.   67.  ]
 [ 0.    0.    0.    0.    0.    0.    0.    0.    0.    0.    0.    0.
   0.    0.    0.    0.    0.    0.    0.    0.    0.   71.   71.   71.
  71.   71.   71.   71.   71.   71.   71.  ]
 [ 0.    0.    0.    0.    0.    0.    0.    0.    0.    0.    0.    0.
   0.    0.    0.    0.    0.    0.    0.    0.    0.    0.   80.81 80.81
  80.81 80.81 80.81 79.8  79.8  79.8  79.8 ]
 [ 0.    0.    0.    0.    0.    0.    0.    0.    0.    0.    0.    0.
   0.    0.    0.    0.    0.    0.    0.    0.    0.    0.    0.   70.
  70.   70.   70.   70.   70.   68.   68.  ]
 [ 0.    0.    0.    0.    0.    0.    0.    0.    0.    0.    0.    0.
   0.    0.    0.    0.    0.    0.    0.    0.    0.    0.    0.    0.
  92.   92.   92.   92.   92.   92.   92.  ]
 [ 0.    0.    0.    0.    0.    0.    0.    0.    0.    0.    0.    0.
   0.    0.    0.    0.    0.    0.    0.    0.    0.    0.    0.    0.
   0.   75.   75.   75.   75.   75.   74.  ]
 [ 0.    0.    0.    0.    0.    0.    0.    0.    0.    0.    0.    0.
   0.    0.    0.    0.    0.    0.    0.    0.    0.    0.    0.    0.
   0.    0.   85.86 85.86 85.86 85.86 85.86]
 [ 0.    0.    0.    0.    0.    0.    0.    0.    0.    0.    0.    0.
   0.    0.    0.    0.    0.    0.    0.    0.    0.    0.    0.    0.
   0.    0.    0.   81.   80.   79.   79.  ]
 [ 0.    0.    0.    0.    0.    0.    0.    0.    0.    0.    0.    0.
   0.    0.    0.    0.    0.    0.    0.    0.    0.    0.    0.    0.
   0.    0.    0.    0.   86.   86.   86.  ]
 [ 0.    0.    0.    0.    0.    0.    0.    0.    0.    0.    0.    0.
   0.    0.    0.    0.    0.    0.    0.    0.    0.    0.    0.    0.
   0.    0.    0.    0.    0.   82.   82.  ]
 [ 0.    0.    0.    0.    0.    0.    0.    0.    0.    0.    0.    0.
   0.    0.    0.    0.    0.    0.    0.    0.    0.    0.    0.    0.
   0.    0.    0.    0.    0.    0.   77.78]]
2025-05-09 14:35:53,009 [trainer.py] => Forgetting (CNN): 2.749666666666668
2025-05-09 14:36:04,750 [trainer.py] => config: ./scripts/simplecil/simplecil_omn_B150_Inc10.json
2025-05-09 14:36:04,750 [trainer.py] => prefix:  
2025-05-09 14:36:04,750 [trainer.py] => dataset: omnibenchmark
2025-05-09 14:36:04,750 [trainer.py] => memory_size: 0
2025-05-09 14:36:04,750 [trainer.py] => memory_per_class: 0
2025-05-09 14:36:04,750 [trainer.py] => fixed_memory: False
2025-05-09 14:36:04,750 [trainer.py] => shuffle: True
2025-05-09 14:36:04,750 [trainer.py] => init_cls: 150
2025-05-09 14:36:04,750 [trainer.py] => increment: 10
2025-05-09 14:36:04,750 [trainer.py] => model_name: simplecil
2025-05-09 14:36:04,750 [trainer.py] => backbone_type: pretrained_vit_b16_224_in21k
2025-05-09 14:36:04,751 [trainer.py] => device: [device(type='cuda', index=0)]
2025-05-09 14:36:04,751 [trainer.py] => seed: 1993
2025-05-09 14:36:04,751 [trainer.py] => tuned_epoch: 0
2025-05-09 14:36:04,751 [trainer.py] => init_lr: 0.01
2025-05-09 14:36:04,751 [trainer.py] => batch_size: 48
2025-05-09 14:36:04,751 [trainer.py] => weight_decay: 0.05
2025-05-09 14:36:04,751 [trainer.py] => min_lr: 1e-08
2025-05-09 14:36:04,751 [trainer.py] => optimizer: sgd
2025-05-09 14:36:04,751 [trainer.py] => vpt_type: shallow
2025-05-09 14:36:04,751 [trainer.py] => prompt_token_num: 3
2025-05-09 14:36:06,443 [data_manager.py] => [169, 221, 146, 296, 92, 229, 49, 70, 126, 77, 243, 57, 120, 223, 27, 217, 154, 8, 101, 182, 54, 50, 97, 162, 28, 193, 79, 6, 151, 0, 173, 187, 44, 277, 157, 16, 257, 122, 35, 9, 171, 176, 134, 4, 87, 255, 112, 153, 246, 286, 147, 186, 107, 98, 10, 7, 266, 214, 36, 165, 139, 254, 103, 269, 59, 23, 298, 39, 73, 208, 135, 299, 102, 20, 12, 268, 11, 209, 161, 210, 74, 42, 56, 99, 235, 133, 159, 189, 145, 238, 215, 241, 138, 195, 233, 279, 88, 199, 64, 280, 26, 203, 17, 245, 174, 236, 137, 252, 80, 68, 181, 150, 118, 94, 75, 2, 109, 119, 232, 15, 69, 184, 201, 261, 55, 287, 273, 66, 175, 32, 142, 136, 116, 76, 179, 1, 91, 248, 275, 240, 290, 170, 132, 106, 265, 270, 85, 19, 284, 43, 259, 293, 228, 200, 104, 227, 51, 224, 163, 297, 216, 260, 93, 46, 100, 272, 105, 72, 131, 3, 156, 256, 249, 48, 113, 82, 172, 213, 62, 53, 271, 168, 253, 226, 183, 180, 276, 283, 78, 61, 143, 278, 30, 141, 196, 264, 231, 52, 222, 40, 125, 219, 65, 166, 192, 289, 45, 205, 89, 267, 90, 71, 167, 262, 281, 212, 96, 84, 127, 67, 294, 178, 288, 197, 21, 18, 111, 108, 58, 230, 188, 31, 110, 291, 129, 24, 204, 83, 81, 251, 60, 13, 128, 14, 86, 63, 117, 198, 274, 5, 22, 144, 258, 121, 38, 207, 148, 292, 41, 234, 237, 114, 202, 37, 149, 206, 155, 29, 130, 177, 194, 152, 34, 33, 239, 160, 140, 47, 244, 25, 282, 158, 211, 123, 190, 218, 164, 247, 263, 191, 220, 115, 242, 250, 124, 295, 95, 285, 225, 185]
This is for the BaseNet initialization.
After BaseNet initialization.
2025-05-09 14:36:13,142 [trainer.py] => All params: 85798656
2025-05-09 14:36:13,143 [trainer.py] => Trainable params: 85798656
2025-05-09 14:36:13,664 [simplecil.py] => Learning on 0-150
Time for task 0: 374.49162340164185
2025-05-09 14:42:52,590 [trainer.py] => No NME accuracy.
2025-05-09 14:42:52,606 [trainer.py] => CNN: {'total': 79.53, '00-149': 79.53, 'old': 0, 'new': 79.53}
2025-05-09 14:42:52,606 [trainer.py] => CNN top1 curve: [79.53]
2025-05-09 14:42:52,606 [trainer.py] => CNN top5 curve: [94.69]

Average Accuracy (CNN): 79.53
2025-05-09 14:42:52,607 [trainer.py] => Average Accuracy (CNN): 79.53 

2025-05-09 14:42:52,608 [trainer.py] => All params: 85913857
2025-05-09 14:42:52,610 [trainer.py] => Trainable params: 85913857
2025-05-09 14:42:52,617 [simplecil.py] => Learning on 150-160
Time for task 1: 26.677991151809692
2025-05-09 14:43:45,354 [trainer.py] => No NME accuracy.
2025-05-09 14:43:45,354 [trainer.py] => CNN: {'total': 79.3, '00-149': 79.23, '150-159': 80.4, 'old': 79.23, 'new': 80.4}
2025-05-09 14:43:45,354 [trainer.py] => CNN top1 curve: [79.53, 79.3]
2025-05-09 14:43:45,354 [trainer.py] => CNN top5 curve: [94.69, 94.33]

Average Accuracy (CNN): 79.41
2025-05-09 14:43:45,355 [trainer.py] => Average Accuracy (CNN): 79.41 

2025-05-09 14:43:45,356 [trainer.py] => All params: 85921537
2025-05-09 14:43:45,357 [trainer.py] => Trainable params: 85921537
2025-05-09 14:43:45,366 [simplecil.py] => Learning on 160-170
Time for task 2: 26.413573265075684
2025-05-09 14:44:39,218 [trainer.py] => No NME accuracy.
2025-05-09 14:44:39,218 [trainer.py] => CNN: {'total': 78.48, '00-149': 78.66, '150-159': 80.4, '160-169': 73.87, 'old': 78.77, 'new': 73.87}
2025-05-09 14:44:39,219 [trainer.py] => CNN top1 curve: [79.53, 79.3, 78.48]
2025-05-09 14:44:39,219 [trainer.py] => CNN top5 curve: [94.69, 94.33, 93.6]

Average Accuracy (CNN): 79.1
2025-05-09 14:44:39,219 [trainer.py] => Average Accuracy (CNN): 79.1 

2025-05-09 14:44:39,220 [trainer.py] => All params: 85929217
2025-05-09 14:44:39,221 [trainer.py] => Trainable params: 85929217
2025-05-09 14:44:39,229 [simplecil.py] => Learning on 170-180
Time for task 3: 24.540935754776
2025-05-09 14:45:31,600 [trainer.py] => No NME accuracy.
2025-05-09 14:45:31,600 [trainer.py] => CNN: {'total': 76.73, '00-149': 77.52, '150-159': 79.9, '160-169': 73.37, '170-179': 65.0, 'old': 77.42, 'new': 65.0}
2025-05-09 14:45:31,600 [trainer.py] => CNN top1 curve: [79.53, 79.3, 78.48, 76.73]
2025-05-09 14:45:31,600 [trainer.py] => CNN top5 curve: [94.69, 94.33, 93.6, 93.26]

Average Accuracy (CNN): 78.51
2025-05-09 14:45:31,600 [trainer.py] => Average Accuracy (CNN): 78.51 

2025-05-09 14:45:31,601 [trainer.py] => All params: 85936897
2025-05-09 14:45:31,602 [trainer.py] => Trainable params: 85936897
2025-05-09 14:45:31,612 [simplecil.py] => Learning on 180-190
Time for task 4: 25.34994125366211
2025-05-09 14:46:28,272 [trainer.py] => No NME accuracy.
2025-05-09 14:46:28,290 [trainer.py] => CNN: {'total': 76.17, '00-149': 77.22, '150-159': 77.39, '160-169': 73.37, '170-179': 65.0, '180-189': 73.23, 'old': 76.34, 'new': 73.23}
2025-05-09 14:46:28,290 [trainer.py] => CNN top1 curve: [79.53, 79.3, 78.48, 76.73, 76.17]
2025-05-09 14:46:28,290 [trainer.py] => CNN top5 curve: [94.69, 94.33, 93.6, 93.26, 93.14]

Average Accuracy (CNN): 78.04
2025-05-09 14:46:28,290 [trainer.py] => Average Accuracy (CNN): 78.04 

2025-05-09 14:46:28,291 [trainer.py] => All params: 85944577
2025-05-09 14:46:28,292 [trainer.py] => Trainable params: 85944577
2025-05-09 14:46:28,303 [simplecil.py] => Learning on 190-200
Time for task 5: 26.071404218673706
2025-05-09 14:47:27,142 [trainer.py] => No NME accuracy.
2025-05-09 14:47:27,143 [trainer.py] => CNN: {'total': 76.32, '00-149': 76.85, '150-159': 77.39, '160-169': 72.36, '170-179': 65.0, '180-189': 72.73, '190-199': 86.0, 'old': 75.8, 'new': 86.0}
2025-05-09 14:47:27,143 [trainer.py] => CNN top1 curve: [79.53, 79.3, 78.48, 76.73, 76.17, 76.32]
2025-05-09 14:47:27,143 [trainer.py] => CNN top5 curve: [94.69, 94.33, 93.6, 93.26, 93.14, 93.26]

Average Accuracy (CNN): 77.76
2025-05-09 14:47:27,143 [trainer.py] => Average Accuracy (CNN): 77.76 

2025-05-09 14:47:27,144 [trainer.py] => All params: 85952257
2025-05-09 14:47:27,144 [trainer.py] => Trainable params: 85952257
2025-05-09 14:47:27,154 [simplecil.py] => Learning on 200-210
Time for task 6: 26.089149951934814
2025-05-09 14:48:26,313 [trainer.py] => No NME accuracy.
2025-05-09 14:48:26,314 [trainer.py] => CNN: {'total': 75.7, '00-149': 76.55, '150-159': 77.39, '160-169': 72.36, '170-179': 65.0, '180-189': 72.22, '190-199': 82.5, '200-209': 71.86, 'old': 75.89, 'new': 71.86}
2025-05-09 14:48:26,314 [trainer.py] => CNN top1 curve: [79.53, 79.3, 78.48, 76.73, 76.17, 76.32, 75.7]
2025-05-09 14:48:26,314 [trainer.py] => CNN top5 curve: [94.69, 94.33, 93.6, 93.26, 93.14, 93.26, 92.81]

Average Accuracy (CNN): 77.46
2025-05-09 14:48:26,314 [trainer.py] => Average Accuracy (CNN): 77.46 

2025-05-09 14:48:26,314 [trainer.py] => All params: 85959937
2025-05-09 14:48:26,315 [trainer.py] => Trainable params: 85959937
2025-05-09 14:48:26,322 [simplecil.py] => Learning on 210-220
Time for task 7: 26.897026538848877
2025-05-09 14:49:27,592 [trainer.py] => No NME accuracy.
2025-05-09 14:49:27,593 [trainer.py] => CNN: {'total': 74.12, '00-149': 76.15, '150-159': 76.88, '160-169': 71.86, '170-179': 63.5, '180-189': 71.72, '190-199': 82.5, '200-209': 70.35, '210-219': 51.5, 'old': 75.2, 'new': 51.5}
2025-05-09 14:49:27,593 [trainer.py] => CNN top1 curve: [79.53, 79.3, 78.48, 76.73, 76.17, 76.32, 75.7, 74.12]
2025-05-09 14:49:27,593 [trainer.py] => CNN top5 curve: [94.69, 94.33, 93.6, 93.26, 93.14, 93.26, 92.81, 91.39]

Average Accuracy (CNN): 77.04
2025-05-09 14:49:27,593 [trainer.py] => Average Accuracy (CNN): 77.04 

2025-05-09 14:49:27,594 [trainer.py] => All params: 85967617
2025-05-09 14:49:27,594 [trainer.py] => Trainable params: 85967617
2025-05-09 14:49:27,600 [simplecil.py] => Learning on 220-230
Time for task 8: 28.08622932434082
2025-05-09 14:50:31,999 [trainer.py] => No NME accuracy.
2025-05-09 14:50:32,001 [trainer.py] => CNN: {'total': 74.06, '00-149': 75.55, '150-159': 76.88, '160-169': 71.86, '170-179': 63.0, '180-189': 71.72, '190-199': 82.5, '200-209': 67.34, '210-219': 51.5, '220-229': 85.43, 'old': 73.55, 'new': 85.43}
2025-05-09 14:50:32,001 [trainer.py] => CNN top1 curve: [79.53, 79.3, 78.48, 76.73, 76.17, 76.32, 75.7, 74.12, 74.06]
2025-05-09 14:50:32,001 [trainer.py] => CNN top5 curve: [94.69, 94.33, 93.6, 93.26, 93.14, 93.26, 92.81, 91.39, 91.59]

Average Accuracy (CNN): 76.71
2025-05-09 14:50:32,001 [trainer.py] => Average Accuracy (CNN): 76.71 

2025-05-09 14:50:32,003 [trainer.py] => All params: 85975297
2025-05-09 14:50:32,004 [trainer.py] => Trainable params: 85975297
2025-05-09 14:50:32,013 [simplecil.py] => Learning on 230-240
Time for task 9: 27.276527643203735
2025-05-09 14:51:38,235 [trainer.py] => No NME accuracy.
2025-05-09 14:51:38,254 [trainer.py] => CNN: {'total': 74.1, '00-149': 75.28, '150-159': 76.38, '160-169': 71.86, '170-179': 62.5, '180-189': 71.72, '190-199': 82.0, '200-209': 67.34, '210-219': 51.5, '220-229': 85.43, '230-239': 80.5, 'old': 73.82, 'new': 80.5}
2025-05-09 14:51:38,254 [trainer.py] => CNN top1 curve: [79.53, 79.3, 78.48, 76.73, 76.17, 76.32, 75.7, 74.12, 74.06, 74.1]
2025-05-09 14:51:38,254 [trainer.py] => CNN top5 curve: [94.69, 94.33, 93.6, 93.26, 93.14, 93.26, 92.81, 91.39, 91.59, 91.23]

Average Accuracy (CNN): 76.45
2025-05-09 14:51:38,254 [trainer.py] => Average Accuracy (CNN): 76.45 

2025-05-09 14:51:38,255 [trainer.py] => All params: 85982977
2025-05-09 14:51:38,256 [trainer.py] => Trainable params: 85982977
2025-05-09 14:51:38,266 [simplecil.py] => Learning on 240-250
Time for task 10: 27.191974639892578
2025-05-09 14:52:46,304 [trainer.py] => No NME accuracy.
2025-05-09 14:52:46,305 [trainer.py] => CNN: {'total': 73.46, '00-149': 74.72, '150-159': 76.38, '160-169': 71.86, '170-179': 62.0, '180-189': 71.72, '190-199': 81.5, '200-209': 65.83, '210-219': 51.5, '220-229': 85.43, '230-239': 80.5, '240-249': 69.0, 'old': 73.64, 'new': 69.0}
2025-05-09 14:52:46,305 [trainer.py] => CNN top1 curve: [79.53, 79.3, 78.48, 76.73, 76.17, 76.32, 75.7, 74.12, 74.06, 74.1, 73.46]
2025-05-09 14:52:46,305 [trainer.py] => CNN top5 curve: [94.69, 94.33, 93.6, 93.26, 93.14, 93.26, 92.81, 91.39, 91.59, 91.23, 91.26]

Average Accuracy (CNN): 76.18
2025-05-09 14:52:46,306 [trainer.py] => Average Accuracy (CNN): 76.18 

2025-05-09 14:52:46,308 [trainer.py] => All params: 85990657
2025-05-09 14:52:46,310 [trainer.py] => Trainable params: 85990657
2025-05-09 14:52:46,321 [simplecil.py] => Learning on 250-260
Time for task 11: 26.46468734741211
2025-05-09 14:53:54,156 [trainer.py] => No NME accuracy.
2025-05-09 14:53:54,156 [trainer.py] => CNN: {'total': 73.26, '00-149': 74.38, '150-159': 73.87, '160-169': 71.86, '170-179': 62.0, '180-189': 71.72, '190-199': 81.5, '200-209': 65.83, '210-219': 51.5, '220-229': 85.43, '230-239': 80.5, '240-249': 69.0, '250-259': 75.88, 'old': 73.16, 'new': 75.88}
2025-05-09 14:53:54,156 [trainer.py] => CNN top1 curve: [79.53, 79.3, 78.48, 76.73, 76.17, 76.32, 75.7, 74.12, 74.06, 74.1, 73.46, 73.26]
2025-05-09 14:53:54,157 [trainer.py] => CNN top5 curve: [94.69, 94.33, 93.6, 93.26, 93.14, 93.26, 92.81, 91.39, 91.59, 91.23, 91.26, 91.31]

Average Accuracy (CNN): 75.94
2025-05-09 14:53:54,157 [trainer.py] => Average Accuracy (CNN): 75.94 

2025-05-09 14:53:54,157 [trainer.py] => All params: 85998337
2025-05-09 14:53:54,158 [trainer.py] => Trainable params: 85998337
2025-05-09 14:53:54,167 [simplecil.py] => Learning on 260-270
Time for task 12: 26.925525903701782
2025-05-09 14:55:03,840 [trainer.py] => No NME accuracy.
2025-05-09 14:55:03,840 [trainer.py] => CNN: {'total': 73.18, '00-149': 73.95, '150-159': 72.86, '160-169': 71.86, '170-179': 62.0, '180-189': 71.72, '190-199': 80.5, '200-209': 64.32, '210-219': 51.5, '220-229': 85.43, '230-239': 80.5, '240-249': 69.0, '250-259': 75.88, '260-269': 81.0, 'old': 72.87, 'new': 81.0}
2025-05-09 14:55:03,840 [trainer.py] => CNN top1 curve: [79.53, 79.3, 78.48, 76.73, 76.17, 76.32, 75.7, 74.12, 74.06, 74.1, 73.46, 73.26, 73.18]
2025-05-09 14:55:03,840 [trainer.py] => CNN top5 curve: [94.69, 94.33, 93.6, 93.26, 93.14, 93.26, 92.81, 91.39, 91.59, 91.23, 91.26, 91.31, 91.44]

Average Accuracy (CNN): 75.72
2025-05-09 14:55:03,840 [trainer.py] => Average Accuracy (CNN): 75.72 

2025-05-09 14:55:03,841 [trainer.py] => All params: 86006017
2025-05-09 14:55:03,842 [trainer.py] => Trainable params: 86006017
2025-05-09 14:55:03,851 [simplecil.py] => Learning on 270-280
Time for task 13: 23.450542211532593
2025-05-09 14:56:11,463 [trainer.py] => No NME accuracy.
2025-05-09 14:56:11,465 [trainer.py] => CNN: {'total': 73.06, '00-149': 73.61, '150-159': 72.86, '160-169': 70.85, '170-179': 61.5, '180-189': 70.71, '190-199': 80.5, '200-209': 64.32, '210-219': 51.5, '220-229': 85.43, '230-239': 80.5, '240-249': 66.0, '250-259': 75.88, '260-269': 81.0, '270-279': 80.4, 'old': 72.79, 'new': 80.4}
2025-05-09 14:56:11,466 [trainer.py] => CNN top1 curve: [79.53, 79.3, 78.48, 76.73, 76.17, 76.32, 75.7, 74.12, 74.06, 74.1, 73.46, 73.26, 73.18, 73.06]
2025-05-09 14:56:11,466 [trainer.py] => CNN top5 curve: [94.69, 94.33, 93.6, 93.26, 93.14, 93.26, 92.81, 91.39, 91.59, 91.23, 91.26, 91.31, 91.44, 91.37]

Average Accuracy (CNN): 75.53
2025-05-09 14:56:11,466 [trainer.py] => Average Accuracy (CNN): 75.53 

2025-05-09 14:56:11,469 [trainer.py] => All params: 86013697
2025-05-09 14:56:11,471 [trainer.py] => Trainable params: 86013697
2025-05-09 14:56:11,484 [simplecil.py] => Learning on 280-290
Time for task 14: 24.692012071609497
2025-05-09 14:57:23,993 [trainer.py] => No NME accuracy.
2025-05-09 14:57:24,010 [trainer.py] => CNN: {'total': 73.16, '00-149': 73.28, '150-159': 72.86, '160-169': 70.35, '170-179': 61.5, '180-189': 70.71, '190-199': 80.0, '200-209': 64.32, '210-219': 51.0, '220-229': 85.43, '230-239': 80.5, '240-249': 66.0, '250-259': 75.38, '260-269': 81.0, '270-279': 80.4, '280-289': 83.0, 'old': 72.81, 'new': 83.0}
2025-05-09 14:57:24,011 [trainer.py] => CNN top1 curve: [79.53, 79.3, 78.48, 76.73, 76.17, 76.32, 75.7, 74.12, 74.06, 74.1, 73.46, 73.26, 73.18, 73.06, 73.16]
2025-05-09 14:57:24,011 [trainer.py] => CNN top5 curve: [94.69, 94.33, 93.6, 93.26, 93.14, 93.26, 92.81, 91.39, 91.59, 91.23, 91.26, 91.31, 91.44, 91.37, 91.62]

Average Accuracy (CNN): 75.38
2025-05-09 14:57:24,011 [trainer.py] => Average Accuracy (CNN): 75.38 

2025-05-09 14:57:24,013 [trainer.py] => All params: 86021377
2025-05-09 14:57:24,015 [trainer.py] => Trainable params: 86021377
2025-05-09 14:57:24,027 [simplecil.py] => Learning on 290-300
Time for task 15: 26.36026930809021
2025-05-09 14:58:37,633 [trainer.py] => No NME accuracy.
2025-05-09 14:58:37,633 [trainer.py] => CNN: {'total': 73.3, '00-149': 73.25, '150-159': 72.86, '160-169': 70.35, '170-179': 61.5, '180-189': 70.71, '190-199': 80.0, '200-209': 64.32, '210-219': 51.0, '220-229': 85.43, '230-239': 80.5, '240-249': 66.0, '250-259': 75.38, '260-269': 80.0, '270-279': 79.9, '280-289': 82.5, '290-299': 79.9, 'old': 73.07, 'new': 79.9}
2025-05-09 14:58:37,633 [trainer.py] => CNN top1 curve: [79.53, 79.3, 78.48, 76.73, 76.17, 76.32, 75.7, 74.12, 74.06, 74.1, 73.46, 73.26, 73.18, 73.06, 73.16, 73.3]
2025-05-09 14:58:37,633 [trainer.py] => CNN top5 curve: [94.69, 94.33, 93.6, 93.26, 93.14, 93.26, 92.81, 91.39, 91.59, 91.23, 91.26, 91.31, 91.44, 91.37, 91.62, 91.46]

Average Accuracy (CNN): 75.25
2025-05-09 14:58:37,634 [trainer.py] => Average Accuracy (CNN): 75.25 

Finished omnibenchmark_init150_inc10: pretrained_vit_b16_224_in21k  
----------------------------------------------------------------------------------------------------
Accuracy Matrix (CNN):
[[79.53 79.23 78.66 77.52 77.22 76.85 76.55 76.15 75.55 75.28 74.72 74.38
  73.95 73.61 73.28 73.25]
 [ 0.   80.4  80.4  79.9  77.39 77.39 77.39 76.88 76.88 76.38 76.38 73.87
  72.86 72.86 72.86 72.86]
 [ 0.    0.   73.87 73.37 73.37 72.36 72.36 71.86 71.86 71.86 71.86 71.86
  71.86 70.85 70.35 70.35]
 [ 0.    0.    0.   65.   65.   65.   65.   63.5  63.   62.5  62.   62.
  62.   61.5  61.5  61.5 ]
 [ 0.    0.    0.    0.   73.23 72.73 72.22 71.72 71.72 71.72 71.72 71.72
  71.72 70.71 70.71 70.71]
 [ 0.    0.    0.    0.    0.   86.   82.5  82.5  82.5  82.   81.5  81.5
  80.5  80.5  80.   80.  ]
 [ 0.    0.    0.    0.    0.    0.   71.86 70.35 67.34 67.34 65.83 65.83
  64.32 64.32 64.32 64.32]
 [ 0.    0.    0.    0.    0.    0.    0.   51.5  51.5  51.5  51.5  51.5
  51.5  51.5  51.   51.  ]
 [ 0.    0.    0.    0.    0.    0.    0.    0.   85.43 85.43 85.43 85.43
  85.43 85.43 85.43 85.43]
 [ 0.    0.    0.    0.    0.    0.    0.    0.    0.   80.5  80.5  80.5
  80.5  80.5  80.5  80.5 ]
 [ 0.    0.    0.    0.    0.    0.    0.    0.    0.    0.   69.   69.
  69.   66.   66.   66.  ]
 [ 0.    0.    0.    0.    0.    0.    0.    0.    0.    0.    0.   75.88
  75.88 75.88 75.38 75.38]
 [ 0.    0.    0.    0.    0.    0.    0.    0.    0.    0.    0.    0.
  81.   81.   81.   80.  ]
 [ 0.    0.    0.    0.    0.    0.    0.    0.    0.    0.    0.    0.
   0.   80.4  80.4  79.9 ]
 [ 0.    0.    0.    0.    0.    0.    0.    0.    0.    0.    0.    0.
   0.    0.   83.   82.5 ]
 [ 0.    0.    0.    0.    0.    0.    0.    0.    0.    0.    0.    0.
   0.    0.    0.   79.9 ]]
2025-05-09 14:58:37,636 [trainer.py] => Forgetting (CNN): 2.860000000000002
2025-05-09 14:58:56,304 [trainer.py] => config: ./scripts/simplecil/simplecil_omn_B150_Inc30.json
2025-05-09 14:58:56,305 [trainer.py] => prefix:  
2025-05-09 14:58:56,305 [trainer.py] => dataset: omnibenchmark
2025-05-09 14:58:56,305 [trainer.py] => memory_size: 0
2025-05-09 14:58:56,305 [trainer.py] => memory_per_class: 0
2025-05-09 14:58:56,305 [trainer.py] => fixed_memory: False
2025-05-09 14:58:56,306 [trainer.py] => shuffle: True
2025-05-09 14:58:56,306 [trainer.py] => init_cls: 150
2025-05-09 14:58:56,306 [trainer.py] => increment: 30
2025-05-09 14:58:56,306 [trainer.py] => model_name: simplecil
2025-05-09 14:58:56,306 [trainer.py] => backbone_type: pretrained_vit_b16_224_in21k
2025-05-09 14:58:56,306 [trainer.py] => device: [device(type='cuda', index=0)]
2025-05-09 14:58:56,306 [trainer.py] => seed: 1993
2025-05-09 14:58:56,307 [trainer.py] => tuned_epoch: 0
2025-05-09 14:58:56,307 [trainer.py] => init_lr: 0.01
2025-05-09 14:58:56,307 [trainer.py] => batch_size: 48
2025-05-09 14:58:56,307 [trainer.py] => weight_decay: 0.05
2025-05-09 14:58:56,307 [trainer.py] => min_lr: 1e-08
2025-05-09 14:58:56,307 [trainer.py] => optimizer: sgd
2025-05-09 14:58:56,307 [trainer.py] => vpt_type: shallow
2025-05-09 14:58:56,308 [trainer.py] => prompt_token_num: 3
2025-05-09 14:58:57,898 [data_manager.py] => [169, 221, 146, 296, 92, 229, 49, 70, 126, 77, 243, 57, 120, 223, 27, 217, 154, 8, 101, 182, 54, 50, 97, 162, 28, 193, 79, 6, 151, 0, 173, 187, 44, 277, 157, 16, 257, 122, 35, 9, 171, 176, 134, 4, 87, 255, 112, 153, 246, 286, 147, 186, 107, 98, 10, 7, 266, 214, 36, 165, 139, 254, 103, 269, 59, 23, 298, 39, 73, 208, 135, 299, 102, 20, 12, 268, 11, 209, 161, 210, 74, 42, 56, 99, 235, 133, 159, 189, 145, 238, 215, 241, 138, 195, 233, 279, 88, 199, 64, 280, 26, 203, 17, 245, 174, 236, 137, 252, 80, 68, 181, 150, 118, 94, 75, 2, 109, 119, 232, 15, 69, 184, 201, 261, 55, 287, 273, 66, 175, 32, 142, 136, 116, 76, 179, 1, 91, 248, 275, 240, 290, 170, 132, 106, 265, 270, 85, 19, 284, 43, 259, 293, 228, 200, 104, 227, 51, 224, 163, 297, 216, 260, 93, 46, 100, 272, 105, 72, 131, 3, 156, 256, 249, 48, 113, 82, 172, 213, 62, 53, 271, 168, 253, 226, 183, 180, 276, 283, 78, 61, 143, 278, 30, 141, 196, 264, 231, 52, 222, 40, 125, 219, 65, 166, 192, 289, 45, 205, 89, 267, 90, 71, 167, 262, 281, 212, 96, 84, 127, 67, 294, 178, 288, 197, 21, 18, 111, 108, 58, 230, 188, 31, 110, 291, 129, 24, 204, 83, 81, 251, 60, 13, 128, 14, 86, 63, 117, 198, 274, 5, 22, 144, 258, 121, 38, 207, 148, 292, 41, 234, 237, 114, 202, 37, 149, 206, 155, 29, 130, 177, 194, 152, 34, 33, 239, 160, 140, 47, 244, 25, 282, 158, 211, 123, 190, 218, 164, 247, 263, 191, 220, 115, 242, 250, 124, 295, 95, 285, 225, 185]
This is for the BaseNet initialization.
After BaseNet initialization.
2025-05-09 14:59:06,358 [trainer.py] => All params: 85798656
2025-05-09 14:59:06,360 [trainer.py] => Trainable params: 85798656
2025-05-09 14:59:06,847 [simplecil.py] => Learning on 0-150
Time for task 0: 376.11809635162354
2025-05-09 15:05:47,641 [trainer.py] => No NME accuracy.
2025-05-09 15:05:47,655 [trainer.py] => CNN: {'total': 79.53, '00-149': 79.53, 'old': 0, 'new': 79.53}
2025-05-09 15:05:47,655 [trainer.py] => CNN top1 curve: [79.53]
2025-05-09 15:05:47,655 [trainer.py] => CNN top5 curve: [94.69]

Average Accuracy (CNN): 79.53
2025-05-09 15:05:47,655 [trainer.py] => Average Accuracy (CNN): 79.53 

2025-05-09 15:05:47,657 [trainer.py] => All params: 85913857
2025-05-09 15:05:47,659 [trainer.py] => Trainable params: 85913857
2025-05-09 15:05:47,671 [simplecil.py] => Learning on 150-180
Time for task 1: 74.99668002128601
2025-05-09 15:07:31,531 [trainer.py] => No NME accuracy.
2025-05-09 15:07:31,531 [trainer.py] => CNN: {'total': 76.73, '00-149': 77.52, '150-179': 72.74, 'old': 77.52, 'new': 72.74}
2025-05-09 15:07:31,531 [trainer.py] => CNN top1 curve: [79.53, 76.73]
2025-05-09 15:07:31,531 [trainer.py] => CNN top5 curve: [94.69, 93.26]

Average Accuracy (CNN): 78.13
2025-05-09 15:07:31,531 [trainer.py] => Average Accuracy (CNN): 78.13 

2025-05-09 15:07:31,532 [trainer.py] => All params: 85936897
2025-05-09 15:07:31,532 [trainer.py] => Trainable params: 85936897
2025-05-09 15:07:31,541 [simplecil.py] => Learning on 180-210
Time for task 2: 75.39754509925842
2025-05-09 15:09:21,990 [trainer.py] => No NME accuracy.
2025-05-09 15:09:22,011 [trainer.py] => CNN: {'total': 75.7, '00-149': 76.55, '150-179': 71.57, '180-209': 75.54, 'old': 75.72, 'new': 75.54}
2025-05-09 15:09:22,011 [trainer.py] => CNN top1 curve: [79.53, 76.73, 75.7]
2025-05-09 15:09:22,011 [trainer.py] => CNN top5 curve: [94.69, 93.26, 92.81]

Average Accuracy (CNN): 77.32
2025-05-09 15:09:22,011 [trainer.py] => Average Accuracy (CNN): 77.32 

2025-05-09 15:09:22,011 [trainer.py] => All params: 85959937
2025-05-09 15:09:22,012 [trainer.py] => Trainable params: 85959937
2025-05-09 15:09:22,021 [simplecil.py] => Learning on 210-240
Time for task 3: 78.86543154716492
2025-05-09 15:11:21,516 [trainer.py] => No NME accuracy.
2025-05-09 15:11:21,541 [trainer.py] => CNN: {'total': 74.1, '00-149': 75.28, '150-179': 70.23, '180-209': 73.7, '210-239': 72.45, 'old': 74.34, 'new': 72.45}
2025-05-09 15:11:21,541 [trainer.py] => CNN top1 curve: [79.53, 76.73, 75.7, 74.1]
2025-05-09 15:11:21,541 [trainer.py] => CNN top5 curve: [94.69, 93.26, 92.81, 91.23]

Average Accuracy (CNN): 76.51
2025-05-09 15:11:21,541 [trainer.py] => Average Accuracy (CNN): 76.51 

2025-05-09 15:11:21,542 [trainer.py] => All params: 85982977
2025-05-09 15:11:21,543 [trainer.py] => Trainable params: 85982977
2025-05-09 15:11:21,548 [simplecil.py] => Learning on 240-270
Time for task 4: 77.79043412208557
2025-05-09 15:13:13,594 [trainer.py] => No NME accuracy.
2025-05-09 15:13:13,614 [trainer.py] => CNN: {'total': 73.18, '00-149': 73.95, '150-179': 68.9, '180-209': 72.19, '210-239': 72.45, '240-269': 75.29, 'old': 72.91, 'new': 75.29}
2025-05-09 15:13:13,615 [trainer.py] => CNN top1 curve: [79.53, 76.73, 75.7, 74.1, 73.18]
2025-05-09 15:13:13,615 [trainer.py] => CNN top5 curve: [94.69, 93.26, 92.81, 91.23, 91.44]

Average Accuracy (CNN): 75.85
2025-05-09 15:13:13,615 [trainer.py] => Average Accuracy (CNN): 75.85 

2025-05-09 15:13:13,617 [trainer.py] => All params: 86006017
2025-05-09 15:13:13,619 [trainer.py] => Trainable params: 86006017
2025-05-09 15:13:13,658 [simplecil.py] => Learning on 270-300
Time for task 5: 67.3538703918457
2025-05-09 15:15:09,428 [trainer.py] => No NME accuracy.
2025-05-09 15:15:09,429 [trainer.py] => CNN: {'total': 73.3, '00-149': 73.25, '150-179': 68.23, '180-209': 71.69, '210-239': 72.29, '240-269': 73.79, '270-299': 80.77, 'old': 72.47, 'new': 80.77}
2025-05-09 15:15:09,429 [trainer.py] => CNN top1 curve: [79.53, 76.73, 75.7, 74.1, 73.18, 73.3]
2025-05-09 15:15:09,429 [trainer.py] => CNN top5 curve: [94.69, 93.26, 92.81, 91.23, 91.44, 91.46]

Average Accuracy (CNN): 75.42
2025-05-09 15:15:09,429 [trainer.py] => Average Accuracy (CNN): 75.42 

Finished omnibenchmark_init150_inc30: pretrained_vit_b16_224_in21k  
----------------------------------------------------------------------------------------------------
Accuracy Matrix (CNN):
[[79.53 77.52 76.55 75.28 73.95 73.25]
 [ 0.   72.74 71.57 70.23 68.9  68.23]
 [ 0.    0.   75.54 73.7  72.19 71.69]
 [ 0.    0.    0.   72.45 72.45 72.29]
 [ 0.    0.    0.    0.   75.29 73.79]
 [ 0.    0.    0.    0.    0.   80.77]]
2025-05-09 15:15:09,430 [trainer.py] => Forgetting (CNN): 3.2599999999999993
2025-05-09 15:15:25,935 [trainer.py] => config: ./scripts/simplecil/simplecil_vtab_B0_Inc5.json
2025-05-09 15:15:25,935 [trainer.py] => prefix:  
2025-05-09 15:15:25,935 [trainer.py] => dataset: vtab
2025-05-09 15:15:25,936 [trainer.py] => memory_size: 0
2025-05-09 15:15:25,936 [trainer.py] => memory_per_class: 0
2025-05-09 15:15:25,936 [trainer.py] => fixed_memory: False
2025-05-09 15:15:25,936 [trainer.py] => shuffle: True
2025-05-09 15:15:25,936 [trainer.py] => init_cls: 5
2025-05-09 15:15:25,936 [trainer.py] => increment: 5
2025-05-09 15:15:25,936 [trainer.py] => model_name: simplecil
2025-05-09 15:15:25,937 [trainer.py] => backbone_type: pretrained_vit_b16_224_in21k
2025-05-09 15:15:25,937 [trainer.py] => device: [device(type='cuda', index=0)]
2025-05-09 15:15:25,937 [trainer.py] => seed: 1993
2025-05-09 15:15:25,937 [trainer.py] => tuned_epoch: 20
2025-05-09 15:15:25,937 [trainer.py] => init_lr: 0.01
2025-05-09 15:15:25,937 [trainer.py] => batch_size: 48
2025-05-09 15:15:25,937 [trainer.py] => weight_decay: 0.05
2025-05-09 15:15:25,938 [trainer.py] => min_lr: 1e-08
2025-05-09 15:15:25,938 [trainer.py] => optimizer: sgd
2025-05-09 15:15:25,938 [trainer.py] => vpt_type: shallow
2025-05-09 15:15:25,938 [trainer.py] => prompt_token_num: 3
{'10': 0, '11': 1, '12': 2, '13': 3, '14': 4, '15': 5, '16': 6, '17': 7, '18': 8, '19': 9, '20': 10, '21': 11, '22': 12, '23': 13, '24': 14, '25': 15, '26': 16, '27': 17, '28': 18, '29': 19, '30': 20, '31': 21, '32': 22, '33': 23, '34': 24, '35': 25, '36': 26, '37': 27, '38': 28, '39': 29, '40': 30, '41': 31, '42': 32, '43': 33, '44': 34, '45': 35, '46': 36, '47': 37, '48': 38, '49': 39, '50': 40, '51': 41, '52': 42, '53': 43, '54': 44, '55': 45, '56': 46, '57': 47, '58': 48, '59': 49}
{'10': 0, '11': 1, '12': 2, '13': 3, '14': 4, '15': 5, '16': 6, '17': 7, '18': 8, '19': 9, '20': 10, '21': 11, '22': 12, '23': 13, '24': 14, '25': 15, '26': 16, '27': 17, '28': 18, '29': 19, '30': 20, '31': 21, '32': 22, '33': 23, '34': 24, '35': 25, '36': 26, '37': 27, '38': 28, '39': 29, '40': 30, '41': 31, '42': 32, '43': 33, '44': 34, '45': 35, '46': 36, '47': 37, '48': 38, '49': 39, '50': 40, '51': 41, '52': 42, '53': 43, '54': 44, '55': 45, '56': 46, '57': 47, '58': 48, '59': 49}
2025-05-09 15:15:26,245 [data_manager.py] => [43, 41, 23, 14, 13, 40, 42, 22, 16, 45, 17, 10, 27, 46, 35, 8, 2, 34, 1, 37, 21, 0, 18, 36, 38, 24, 12, 6, 15, 20, 25, 48, 30, 19, 44, 26, 7, 28, 11, 5, 32, 4, 9, 47, 39, 31, 3, 29, 49, 33]
This is for the BaseNet initialization.
After BaseNet initialization.
2025-05-09 15:15:33,336 [trainer.py] => All params: 85798656
2025-05-09 15:15:33,336 [trainer.py] => Trainable params: 85798656
2025-05-09 15:15:34,826 [simplecil.py] => Learning on 0-5
Time for task 0: 5.627648830413818
2025-05-09 15:15:42,745 [trainer.py] => No NME accuracy.
2025-05-09 15:15:42,746 [trainer.py] => CNN: {'total': 97.55, '00-04': 97.55, 'old': 0, 'new': 97.55}
2025-05-09 15:15:42,746 [trainer.py] => CNN top1 curve: [97.55]
2025-05-09 15:15:42,746 [trainer.py] => CNN top5 curve: [100.0]

Average Accuracy (CNN): 97.55
2025-05-09 15:15:42,746 [trainer.py] => Average Accuracy (CNN): 97.55 

2025-05-09 15:15:42,746 [trainer.py] => All params: 85802497
2025-05-09 15:15:42,747 [trainer.py] => Trainable params: 85802497
2025-05-09 15:15:42,758 [simplecil.py] => Learning on 5-10
Time for task 1: 1.2427647113800049
2025-05-09 15:15:50,936 [trainer.py] => No NME accuracy.
2025-05-09 15:15:50,936 [trainer.py] => CNN: {'total': 98.79, '00-04': 96.5, '05-09': 100.0, 'old': 96.5, 'new': 100.0}
2025-05-09 15:15:50,936 [trainer.py] => CNN top1 curve: [97.55, 98.79]
2025-05-09 15:15:50,936 [trainer.py] => CNN top5 curve: [100.0, 99.64]

Average Accuracy (CNN): 98.17
2025-05-09 15:15:50,936 [trainer.py] => Average Accuracy (CNN): 98.17 

2025-05-09 15:15:50,937 [trainer.py] => All params: 85806337
2025-05-09 15:15:50,937 [trainer.py] => Trainable params: 85806337
2025-05-09 15:15:50,951 [simplecil.py] => Learning on 10-15
Time for task 2: 1.7395288944244385
2025-05-09 15:16:04,093 [trainer.py] => No NME accuracy.
2025-05-09 15:16:04,093 [trainer.py] => CNN: {'total': 98.61, '00-04': 95.1, '05-09': 100.0, '10-14': 99.02, 'old': 98.31, 'new': 99.02}
2025-05-09 15:16:04,093 [trainer.py] => CNN top1 curve: [97.55, 98.79, 98.61]
2025-05-09 15:16:04,093 [trainer.py] => CNN top5 curve: [100.0, 99.64, 99.72]

Average Accuracy (CNN): 98.32
2025-05-09 15:16:04,093 [trainer.py] => Average Accuracy (CNN): 98.32 

2025-05-09 15:16:04,094 [trainer.py] => All params: 85810177
2025-05-09 15:16:04,094 [trainer.py] => Trainable params: 85810177
2025-05-09 15:16:04,105 [simplecil.py] => Learning on 15-20
Time for task 3: 2.7694997787475586
2025-05-09 15:16:29,289 [trainer.py] => No NME accuracy.
2025-05-09 15:16:29,290 [trainer.py] => CNN: {'total': 94.56, '00-04': 95.1, '05-09': 99.81, '10-14': 98.37, '15-19': 90.77, 'old': 98.26, 'new': 90.77}
2025-05-09 15:16:29,290 [trainer.py] => CNN top1 curve: [97.55, 98.79, 98.61, 94.56]
2025-05-09 15:16:29,290 [trainer.py] => CNN top5 curve: [100.0, 99.64, 99.72, 99.61]

Average Accuracy (CNN): 97.38
2025-05-09 15:16:29,290 [trainer.py] => Average Accuracy (CNN): 97.38 

2025-05-09 15:16:29,292 [trainer.py] => All params: 85814017
2025-05-09 15:16:29,294 [trainer.py] => Trainable params: 85814017
2025-05-09 15:16:29,305 [simplecil.py] => Learning on 20-25
Time for task 4: 2.7102255821228027
2025-05-09 15:17:04,312 [trainer.py] => No NME accuracy.
2025-05-09 15:17:04,313 [trainer.py] => CNN: {'total': 88.23, '00-04': 94.41, '05-09': 98.15, '10-14': 93.14, '15-19': 89.57, '20-24': 78.65, 'old': 92.45, 'new': 78.65}
2025-05-09 15:17:04,313 [trainer.py] => CNN top1 curve: [97.55, 98.79, 98.61, 94.56, 88.23]
2025-05-09 15:17:04,313 [trainer.py] => CNN top5 curve: [100.0, 99.64, 99.72, 99.61, 99.27]

Average Accuracy (CNN): 95.55
2025-05-09 15:17:04,314 [trainer.py] => Average Accuracy (CNN): 95.55 

2025-05-09 15:17:04,316 [trainer.py] => All params: 85817857
2025-05-09 15:17:04,318 [trainer.py] => Trainable params: 85817857
2025-05-09 15:17:04,328 [simplecil.py] => Learning on 25-30
Time for task 5: 1.5467288494110107
2025-05-09 15:17:40,423 [trainer.py] => No NME accuracy.
2025-05-09 15:17:40,424 [trainer.py] => CNN: {'total': 88.37, '00-04': 90.91, '05-09': 98.15, '10-14': 92.97, '15-19': 89.57, '20-24': 78.49, '25-29': 93.39, 'old': 87.91, 'new': 93.39}
2025-05-09 15:17:40,424 [trainer.py] => CNN top1 curve: [97.55, 98.79, 98.61, 94.56, 88.23, 88.37]
2025-05-09 15:17:40,424 [trainer.py] => CNN top5 curve: [100.0, 99.64, 99.72, 99.61, 99.27, 99.33]

Average Accuracy (CNN): 94.35
2025-05-09 15:17:40,424 [trainer.py] => Average Accuracy (CNN): 94.35 

2025-05-09 15:17:40,424 [trainer.py] => All params: 85821697
2025-05-09 15:17:40,425 [trainer.py] => Trainable params: 85821697
2025-05-09 15:17:40,434 [simplecil.py] => Learning on 30-35
Time for task 6: 1.844517469406128
2025-05-09 15:18:24,111 [trainer.py] => No NME accuracy.
2025-05-09 15:18:24,111 [trainer.py] => CNN: {'total': 88.0, '00-04': 90.56, '05-09': 97.96, '10-14': 92.32, '15-19': 89.57, '20-24': 74.98, '25-29': 92.59, '30-34': 92.48, 'old': 87.19, 'new': 92.48}
2025-05-09 15:18:24,111 [trainer.py] => CNN top1 curve: [97.55, 98.79, 98.61, 94.56, 88.23, 88.37, 88.0]
2025-05-09 15:18:24,112 [trainer.py] => CNN top5 curve: [100.0, 99.64, 99.72, 99.61, 99.27, 99.33, 99.23]

Average Accuracy (CNN): 93.44
2025-05-09 15:18:24,112 [trainer.py] => Average Accuracy (CNN): 93.44 

2025-05-09 15:18:24,114 [trainer.py] => All params: 85825537
2025-05-09 15:18:24,115 [trainer.py] => Trainable params: 85825537
2025-05-09 15:18:24,120 [simplecil.py] => Learning on 35-40
Time for task 7: 1.7086355686187744
2025-05-09 15:19:10,019 [trainer.py] => No NME accuracy.
2025-05-09 15:19:10,020 [trainer.py] => CNN: {'total': 87.85, '00-04': 90.56, '05-09': 96.67, '10-14': 92.16, '15-19': 89.43, '20-24': 74.42, '25-29': 92.33, '30-34': 92.48, '35-39': 90.21, 'old': 87.66, 'new': 90.21}
2025-05-09 15:19:10,020 [trainer.py] => CNN top1 curve: [97.55, 98.79, 98.61, 94.56, 88.23, 88.37, 88.0, 87.85]
2025-05-09 15:19:10,020 [trainer.py] => CNN top5 curve: [100.0, 99.64, 99.72, 99.61, 99.27, 99.33, 99.23, 98.97]

Average Accuracy (CNN): 92.74
2025-05-09 15:19:10,020 [trainer.py] => Average Accuracy (CNN): 92.74 

2025-05-09 15:19:10,022 [trainer.py] => All params: 85829377
2025-05-09 15:19:10,024 [trainer.py] => Trainable params: 85829377
2025-05-09 15:19:10,032 [simplecil.py] => Learning on 40-45
Time for task 8: 2.975050926208496
2025-05-09 15:20:08,928 [trainer.py] => No NME accuracy.
2025-05-09 15:20:08,929 [trainer.py] => CNN: {'total': 87.13, '00-04': 90.56, '05-09': 96.67, '10-14': 89.54, '15-19': 88.22, '20-24': 71.63, '25-29': 91.8, '30-34': 92.23, '35-39': 89.75, '40-44': 89.28, 'old': 86.56, 'new': 89.28}
2025-05-09 15:20:08,929 [trainer.py] => CNN top1 curve: [97.55, 98.79, 98.61, 94.56, 88.23, 88.37, 88.0, 87.85, 87.13]
2025-05-09 15:20:08,929 [trainer.py] => CNN top5 curve: [100.0, 99.64, 99.72, 99.61, 99.27, 99.33, 99.23, 98.97, 98.75]

Average Accuracy (CNN): 92.12
2025-05-09 15:20:08,929 [trainer.py] => Average Accuracy (CNN): 92.12 

2025-05-09 15:20:08,931 [trainer.py] => All params: 85833217
2025-05-09 15:20:08,932 [trainer.py] => Trainable params: 85833217
2025-05-09 15:20:08,939 [simplecil.py] => Learning on 45-50
Time for task 9: 2.5404582023620605
2025-05-09 15:21:19,174 [trainer.py] => No NME accuracy.
2025-05-09 15:21:19,174 [trainer.py] => CNN: {'total': 84.45, '00-04': 90.56, '05-09': 96.67, '10-14': 85.13, '15-19': 87.51, '20-24': 69.08, '25-29': 91.8, '30-34': 92.23, '35-39': 88.15, '40-44': 85.21, '45-49': 80.34, 'old': 85.23, 'new': 80.34}
2025-05-09 15:21:19,174 [trainer.py] => CNN top1 curve: [97.55, 98.79, 98.61, 94.56, 88.23, 88.37, 88.0, 87.85, 87.13, 84.45]
2025-05-09 15:21:19,174 [trainer.py] => CNN top5 curve: [100.0, 99.64, 99.72, 99.61, 99.27, 99.33, 99.23, 98.97, 98.75, 98.31]

Average Accuracy (CNN): 91.35
2025-05-09 15:21:19,174 [trainer.py] => Average Accuracy (CNN): 91.35 

Finished vtab_init5_inc5: pretrained_vit_b16_224_in21k  
----------------------------------------------------------------------------------------------------
Accuracy Matrix (CNN):
[[ 97.55  96.5   95.1   95.1   94.41  90.91  90.56  90.56  90.56  90.56]
 [  0.   100.   100.    99.81  98.15  98.15  97.96  96.67  96.67  96.67]
 [  0.     0.    99.02  98.37  93.14  92.97  92.32  92.16  89.54  85.13]
 [  0.     0.     0.    90.77  89.57  89.57  89.57  89.43  88.22  87.51]
 [  0.     0.     0.     0.    78.65  78.49  74.98  74.42  71.63  69.08]
 [  0.     0.     0.     0.     0.    93.39  92.59  92.33  91.8   91.8 ]
 [  0.     0.     0.     0.     0.     0.    92.48  92.48  92.23  92.23]
 [  0.     0.     0.     0.     0.     0.     0.    90.21  89.75  88.15]
 [  0.     0.     0.     0.     0.     0.     0.     0.    89.28  85.21]
 [  0.     0.     0.     0.     0.     0.     0.     0.     0.    80.34]]
2025-05-09 15:21:19,175 [trainer.py] => Forgetting (CNN): 5.00111111111111
2025-05-09 15:21:28,314 [trainer.py] => config: ./scripts/simplecil/simplecil_vtab_B0_Inc10.json
2025-05-09 15:21:28,314 [trainer.py] => prefix:  
2025-05-09 15:21:28,315 [trainer.py] => dataset: vtab
2025-05-09 15:21:28,315 [trainer.py] => memory_size: 0
2025-05-09 15:21:28,315 [trainer.py] => memory_per_class: 0
2025-05-09 15:21:28,315 [trainer.py] => fixed_memory: False
2025-05-09 15:21:28,315 [trainer.py] => shuffle: True
2025-05-09 15:21:28,315 [trainer.py] => init_cls: 10
2025-05-09 15:21:28,315 [trainer.py] => increment: 10
2025-05-09 15:21:28,316 [trainer.py] => model_name: simplecil
2025-05-09 15:21:28,316 [trainer.py] => backbone_type: pretrained_vit_b16_224_in21k
2025-05-09 15:21:28,316 [trainer.py] => device: [device(type='cuda', index=0)]
2025-05-09 15:21:28,316 [trainer.py] => seed: 1993
2025-05-09 15:21:28,316 [trainer.py] => tuned_epoch: 20
2025-05-09 15:21:28,316 [trainer.py] => init_lr: 0.01
2025-05-09 15:21:28,316 [trainer.py] => batch_size: 48
2025-05-09 15:21:28,317 [trainer.py] => weight_decay: 0.05
2025-05-09 15:21:28,317 [trainer.py] => min_lr: 1e-08
2025-05-09 15:21:28,317 [trainer.py] => optimizer: sgd
2025-05-09 15:21:28,317 [trainer.py] => vpt_type: shallow
2025-05-09 15:21:28,317 [trainer.py] => prompt_token_num: 3
{'10': 0, '11': 1, '12': 2, '13': 3, '14': 4, '15': 5, '16': 6, '17': 7, '18': 8, '19': 9, '20': 10, '21': 11, '22': 12, '23': 13, '24': 14, '25': 15, '26': 16, '27': 17, '28': 18, '29': 19, '30': 20, '31': 21, '32': 22, '33': 23, '34': 24, '35': 25, '36': 26, '37': 27, '38': 28, '39': 29, '40': 30, '41': 31, '42': 32, '43': 33, '44': 34, '45': 35, '46': 36, '47': 37, '48': 38, '49': 39, '50': 40, '51': 41, '52': 42, '53': 43, '54': 44, '55': 45, '56': 46, '57': 47, '58': 48, '59': 49}
{'10': 0, '11': 1, '12': 2, '13': 3, '14': 4, '15': 5, '16': 6, '17': 7, '18': 8, '19': 9, '20': 10, '21': 11, '22': 12, '23': 13, '24': 14, '25': 15, '26': 16, '27': 17, '28': 18, '29': 19, '30': 20, '31': 21, '32': 22, '33': 23, '34': 24, '35': 25, '36': 26, '37': 27, '38': 28, '39': 29, '40': 30, '41': 31, '42': 32, '43': 33, '44': 34, '45': 35, '46': 36, '47': 37, '48': 38, '49': 39, '50': 40, '51': 41, '52': 42, '53': 43, '54': 44, '55': 45, '56': 46, '57': 47, '58': 48, '59': 49}
2025-05-09 15:21:28,460 [data_manager.py] => [43, 41, 23, 14, 13, 40, 42, 22, 16, 45, 17, 10, 27, 46, 35, 8, 2, 34, 1, 37, 21, 0, 18, 36, 38, 24, 12, 6, 15, 20, 25, 48, 30, 19, 44, 26, 7, 28, 11, 5, 32, 4, 9, 47, 39, 31, 3, 29, 49, 33]
This is for the BaseNet initialization.
After BaseNet initialization.
2025-05-09 15:21:34,446 [trainer.py] => All params: 85798656
2025-05-09 15:21:34,447 [trainer.py] => Trainable params: 85798656
2025-05-09 15:21:34,993 [simplecil.py] => Learning on 0-10
Time for task 0: 4.167768716812134
2025-05-09 15:21:45,039 [trainer.py] => No NME accuracy.
2025-05-09 15:21:45,040 [trainer.py] => CNN: {'total': 98.79, '00-09': 98.79, 'old': 0, 'new': 98.79}
2025-05-09 15:21:45,040 [trainer.py] => CNN top1 curve: [98.79]
2025-05-09 15:21:45,040 [trainer.py] => CNN top5 curve: [99.64]

Average Accuracy (CNN): 98.79
2025-05-09 15:21:45,040 [trainer.py] => Average Accuracy (CNN): 98.79 

2025-05-09 15:21:45,041 [trainer.py] => All params: 85806337
2025-05-09 15:21:45,041 [trainer.py] => Trainable params: 85806337
2025-05-09 15:21:45,049 [simplecil.py] => Learning on 10-20
Time for task 1: 3.69510555267334
2025-05-09 15:22:10,989 [trainer.py] => No NME accuracy.
2025-05-09 15:22:10,989 [trainer.py] => CNN: {'total': 94.56, '00-09': 98.18, '10-19': 93.07, 'old': 98.18, 'new': 93.07}
2025-05-09 15:22:10,989 [trainer.py] => CNN top1 curve: [98.79, 94.56]
2025-05-09 15:22:10,989 [trainer.py] => CNN top5 curve: [99.64, 99.61]

Average Accuracy (CNN): 96.68
2025-05-09 15:22:10,989 [trainer.py] => Average Accuracy (CNN): 96.68 

2025-05-09 15:22:10,990 [trainer.py] => All params: 85814017
2025-05-09 15:22:10,991 [trainer.py] => Trainable params: 85814017
2025-05-09 15:22:10,998 [simplecil.py] => Learning on 20-30
Time for task 2: 3.515747308731079
2025-05-09 15:22:49,821 [trainer.py] => No NME accuracy.
2025-05-09 15:22:49,822 [trainer.py] => CNN: {'total': 88.37, '00-09': 95.64, '10-19': 90.6, '20-29': 81.94, 'old': 92.06, 'new': 81.94}
2025-05-09 15:22:49,822 [trainer.py] => CNN top1 curve: [98.79, 94.56, 88.37]
2025-05-09 15:22:49,822 [trainer.py] => CNN top5 curve: [99.64, 99.61, 99.33]

Average Accuracy (CNN): 93.91
2025-05-09 15:22:49,822 [trainer.py] => Average Accuracy (CNN): 93.91 

2025-05-09 15:22:49,824 [trainer.py] => All params: 85821697
2025-05-09 15:22:49,826 [trainer.py] => Trainable params: 85821697
2025-05-09 15:22:49,835 [simplecil.py] => Learning on 30-40
Time for task 3: 3.0628139972686768
2025-05-09 15:23:37,027 [trainer.py] => No NME accuracy.
2025-05-09 15:23:37,027 [trainer.py] => CNN: {'total': 87.85, '00-09': 94.55, '10-19': 90.25, '20-29': 78.57, '30-39': 91.68, 'old': 86.79, 'new': 91.68}
2025-05-09 15:23:37,028 [trainer.py] => CNN top1 curve: [98.79, 94.56, 88.37, 87.85]
2025-05-09 15:23:37,028 [trainer.py] => CNN top5 curve: [99.64, 99.61, 99.33, 98.97]

Average Accuracy (CNN): 92.39
2025-05-09 15:23:37,028 [trainer.py] => Average Accuracy (CNN): 92.39 

2025-05-09 15:23:37,030 [trainer.py] => All params: 85829377
2025-05-09 15:23:37,032 [trainer.py] => Trainable params: 85829377
2025-05-09 15:23:37,043 [simplecil.py] => Learning on 40-50
Time for task 4: 5.061630010604858
2025-05-09 15:24:49,854 [trainer.py] => No NME accuracy.
2025-05-09 15:24:49,854 [trainer.py] => CNN: {'total': 84.45, '00-09': 94.55, '10-19': 86.79, '20-29': 74.34, '30-39': 90.8, '40-49': 82.9, 'old': 85.24, 'new': 82.9}
2025-05-09 15:24:49,854 [trainer.py] => CNN top1 curve: [98.79, 94.56, 88.37, 87.85, 84.45]
2025-05-09 15:24:49,854 [trainer.py] => CNN top5 curve: [99.64, 99.61, 99.33, 98.97, 98.31]

Average Accuracy (CNN): 90.8
2025-05-09 15:24:49,854 [trainer.py] => Average Accuracy (CNN): 90.8 

Finished vtab_init10_inc10: pretrained_vit_b16_224_in21k  
----------------------------------------------------------------------------------------------------
Accuracy Matrix (CNN):
[[98.79 98.18 95.64 94.55 94.55]
 [ 0.   93.07 90.6  90.25 86.79]
 [ 0.    0.   81.94 78.57 74.34]
 [ 0.    0.    0.   91.68 90.8 ]
 [ 0.    0.    0.    0.   82.9 ]]
2025-05-09 15:24:49,855 [trainer.py] => Forgetting (CNN): 4.75
