2026-06-09 18:38:42,039 [trainer.py] => config: ./configs/bilora/bilora_omni_B0_Inc5.json
2026-06-09 18:38:42,040 [trainer.py] => prefix: reproduce
2026-06-09 18:38:42,040 [trainer.py] => dataset: omnibenchmark
2026-06-09 18:38:42,040 [trainer.py] => data_path: /home/team/zhaohongwei/Dataset/omnibenchmark
2026-06-09 18:38:42,040 [trainer.py] => memory_size: 0
2026-06-09 18:38:42,040 [trainer.py] => memory_per_class: 0
2026-06-09 18:38:42,040 [trainer.py] => fixed_memory: True
2026-06-09 18:38:42,040 [trainer.py] => shuffle: True
2026-06-09 18:38:42,040 [trainer.py] => init_cls: 5
2026-06-09 18:38:42,040 [trainer.py] => increment: 5
2026-06-09 18:38:42,040 [trainer.py] => model_name: bilora
2026-06-09 18:38:42,040 [trainer.py] => backbone_type: vit_base_patch16_224_in21k_bilora
2026-06-09 18:38:42,040 [trainer.py] => net_type: sip
2026-06-09 18:38:42,040 [trainer.py] => embd_dim: 768
2026-06-09 18:38:42,040 [trainer.py] => num_heads: 12
2026-06-09 18:38:42,040 [trainer.py] => total_sessions: 60
2026-06-09 18:38:42,040 [trainer.py] => device: [device(type='cuda', index=2)]
2026-06-09 18:38:42,040 [trainer.py] => seed: 1993
2026-06-09 18:38:42,040 [trainer.py] => EPSILON: 1e-08
2026-06-09 18:38:42,040 [trainer.py] => init_epoch: 50
2026-06-09 18:38:42,040 [trainer.py] => optim: adam
2026-06-09 18:38:42,040 [trainer.py] => init_lr: 0.0005
2026-06-09 18:38:42,040 [trainer.py] => init_lr_decay: 0.1
2026-06-09 18:38:42,040 [trainer.py] => init_weight_decay: 0.0
2026-06-09 18:38:42,040 [trainer.py] => epochs: 50
2026-06-09 18:38:42,040 [trainer.py] => lrate: 0.0005
2026-06-09 18:38:42,040 [trainer.py] => lrate_decay: 0.1
2026-06-09 18:38:42,040 [trainer.py] => batch_size: 128
2026-06-09 18:38:42,040 [trainer.py] => weight_decay: 0.0
2026-06-09 18:38:42,040 [trainer.py] => rank: 10
2026-06-09 18:38:42,040 [trainer.py] => lamb: 0.98
2026-06-09 18:38:42,040 [trainer.py] => lame: 1.0
2026-06-09 18:38:42,040 [trainer.py] => num_workers: 16
2026-06-09 18:38:42,040 [trainer.py] => nb_classes: 300
2026-06-09 18:38:42,041 [trainer.py] => nb_tasks: 60
2026-06-09 18:38:42,292 [data_manager.py] => [169, 221, 146, 296, 92, 229, 49, 70, 126, 77, 243, 57, 120, 223, 27, 217, 154, 8, 101, 182, 54, 50, 97, 162, 28, 193, 79, 6, 151, 0, 173, 187, 44, 277, 157, 16, 257, 122, 35, 9, 171, 176, 134, 4, 87, 255, 112, 153, 246, 286, 147, 186, 107, 98, 10, 7, 266, 214, 36, 165, 139, 254, 103, 269, 59, 23, 298, 39, 73, 208, 135, 299, 102, 20, 12, 268, 11, 209, 161, 210, 74, 42, 56, 99, 235, 133, 159, 189, 145, 238, 215, 241, 138, 195, 233, 279, 88, 199, 64, 280, 26, 203, 17, 245, 174, 236, 137, 252, 80, 68, 181, 150, 118, 94, 75, 2, 109, 119, 232, 15, 69, 184, 201, 261, 55, 287, 273, 66, 175, 32, 142, 136, 116, 76, 179, 1, 91, 248, 275, 240, 290, 170, 132, 106, 265, 270, 85, 19, 284, 43, 259, 293, 228, 200, 104, 227, 51, 224, 163, 297, 216, 260, 93, 46, 100, 272, 105, 72, 131, 3, 156, 256, 249, 48, 113, 82, 172, 213, 62, 53, 271, 168, 253, 226, 183, 180, 276, 283, 78, 61, 143, 278, 30, 141, 196, 264, 231, 52, 222, 40, 125, 219, 65, 166, 192, 289, 45, 205, 89, 267, 90, 71, 167, 262, 281, 212, 96, 84, 127, 67, 294, 178, 288, 197, 21, 18, 111, 108, 58, 230, 188, 31, 110, 291, 129, 24, 204, 83, 81, 251, 60, 13, 128, 14, 86, 63, 117, 198, 274, 5, 22, 144, 258, 121, 38, 207, 148, 292, 41, 234, 237, 114, 202, 37, 149, 206, 155, 29, 130, 177, 194, 152, 34, 33, 239, 160, 140, 47, 244, 25, 282, 158, 211, 123, 190, 218, 164, 247, 263, 191, 220, 115, 242, 250, 124, 295, 95, 285, 225, 185]
2026-06-09 18:38:50,455 [trainer.py] => All params: 134254251
2026-06-09 18:38:50,464 [trainer.py] => Trainable params: 134254251
2026-06-09 18:38:50,464 [bilora.py] => Learning on 0-5
2026-06-09 18:49:46,190 [bilora.py] => Task 0, Epoch 50/50 => Loss 0.011, Train_accy 99.70
2026-06-09 18:49:54,989 [trainer.py] => Timing Task 0 => Train 662.61s, Epochs 50, Train 13.2522s/epoch, Inference 1.91s, Images 100, Inference 19.1201ms/image
2026-06-09 18:49:54,989 [bilora.py] => Exemplar size: 0
2026-06-09 18:49:54,989 [trainer.py] => No NME accuracy.
2026-06-09 18:49:54,990 [trainer.py] => CNN: {'total': 100.0, '00-04': 100.0, 'old': 0, 'new': 100.0}
2026-06-09 18:49:54,990 [trainer.py] => CNN top1 curve: [100.0]
2026-06-09 18:49:54,990 [trainer.py] => CNN top1 with task curve: [100.0]
2026-06-09 18:49:54,990 [trainer.py] => CNN top1 task curve: [1.0]
2026-06-09 18:49:54,990 [trainer.py] => CNN top5 curve: [100.0]
2026-06-09 18:49:54,990 [trainer.py] => Average Accuracy (CNN): 100.0
2026-06-09 18:49:55,015 [trainer.py] => All params: 134254251
2026-06-09 18:49:55,026 [trainer.py] => Trainable params: 75845
2026-06-09 18:49:55,026 [bilora.py] => Learning on 5-10
2026-06-09 18:59:36,097 [bilora.py] => Task 1, Epoch 50/50 => Loss 0.015, Train_accy 99.65
2026-06-09 18:59:44,965 [trainer.py] => Timing Task 1 => Train 587.35s, Epochs 50, Train 11.7470s/epoch, Inference 2.59s, Images 200, Inference 12.9470ms/image
2026-06-09 18:59:44,966 [bilora.py] => Exemplar size: 0
2026-06-09 18:59:44,966 [trainer.py] => No NME accuracy.
2026-06-09 18:59:44,966 [trainer.py] => CNN: {'total': 90.5, '00-04': 99.0, '05-09': 82.0, 'old': 99.0, 'new': 82.0}
2026-06-09 18:59:44,966 [trainer.py] => CNN top1 curve: [100.0, 90.5]
2026-06-09 18:59:44,966 [trainer.py] => CNN top1 with task curve: [100.0, 99.5]
2026-06-09 18:59:44,966 [trainer.py] => CNN top1 task curve: [1.0, 0.905]
2026-06-09 18:59:44,966 [trainer.py] => CNN top5 curve: [100.0, 100.0]
2026-06-09 18:59:44,966 [trainer.py] => Average Accuracy (CNN): 95.25
2026-06-09 18:59:44,983 [trainer.py] => All params: 134254251
2026-06-09 18:59:44,997 [trainer.py] => Trainable params: 75845
2026-06-09 18:59:44,997 [bilora.py] => Learning on 10-15
2026-06-09 19:09:32,818 [bilora.py] => Task 2, Epoch 50/50 => Loss 0.016, Train_accy 99.36
2026-06-09 19:09:42,047 [trainer.py] => Timing Task 2 => Train 594.13s, Epochs 50, Train 11.8825s/epoch, Inference 2.92s, Images 300, Inference 9.7479ms/image
2026-06-09 19:09:42,047 [bilora.py] => Exemplar size: 0
2026-06-09 19:09:42,047 [trainer.py] => No NME accuracy.
2026-06-09 19:09:42,047 [trainer.py] => CNN: {'total': 87.0, '00-04': 99.0, '05-09': 81.0, '10-14': 81.0, 'old': 90.0, 'new': 81.0}
2026-06-09 19:09:42,047 [trainer.py] => CNN top1 curve: [100.0, 90.5, 87.0]
2026-06-09 19:09:42,047 [trainer.py] => CNN top1 with task curve: [100.0, 99.5, 99.67]
2026-06-09 19:09:42,047 [trainer.py] => CNN top1 task curve: [1.0, 0.905, 0.87]
2026-06-09 19:09:42,048 [trainer.py] => CNN top5 curve: [100.0, 100.0, 100.0]
2026-06-09 19:09:42,048 [trainer.py] => Average Accuracy (CNN): 92.5
2026-06-09 19:09:42,059 [trainer.py] => All params: 134254251
2026-06-09 19:09:42,070 [trainer.py] => Trainable params: 75845
2026-06-09 19:09:42,071 [bilora.py] => Learning on 15-20
2026-06-09 19:20:16,125 [bilora.py] => Task 3, Epoch 50/50 => Loss 0.020, Train_accy 99.47
2026-06-09 19:20:26,531 [trainer.py] => Timing Task 3 => Train 641.10s, Epochs 50, Train 12.8219s/epoch, Inference 3.36s, Images 400, Inference 8.4068ms/image
2026-06-09 19:20:26,532 [bilora.py] => Exemplar size: 0
2026-06-09 19:20:26,532 [trainer.py] => No NME accuracy.
2026-06-09 19:20:26,532 [trainer.py] => CNN: {'total': 89.75, '00-04': 99.0, '05-09': 80.0, '10-14': 81.0, '15-19': 99.0, 'old': 86.67, 'new': 99.0}
2026-06-09 19:20:26,532 [trainer.py] => CNN top1 curve: [100.0, 90.5, 87.0, 89.75]
2026-06-09 19:20:26,532 [trainer.py] => CNN top1 with task curve: [100.0, 99.5, 99.67, 99.75]
2026-06-09 19:20:26,532 [trainer.py] => CNN top1 task curve: [1.0, 0.905, 0.87, 0.8975]
2026-06-09 19:20:26,532 [trainer.py] => CNN top5 curve: [100.0, 100.0, 100.0, 100.0]
2026-06-09 19:20:26,533 [trainer.py] => Average Accuracy (CNN): 91.81
2026-06-09 19:20:26,556 [trainer.py] => All params: 134254251
2026-06-09 19:20:26,568 [trainer.py] => Trainable params: 75845
2026-06-09 19:20:26,568 [bilora.py] => Learning on 20-25
2026-06-09 19:30:19,754 [bilora.py] => Task 4, Epoch 50/50 => Loss 0.067, Train_accy 97.54
2026-06-09 19:30:30,265 [trainer.py] => Timing Task 4 => Train 599.94s, Epochs 50, Train 11.9989s/epoch, Inference 3.75s, Images 500, Inference 7.5042ms/image
2026-06-09 19:30:30,266 [bilora.py] => Exemplar size: 0
2026-06-09 19:30:30,266 [trainer.py] => No NME accuracy.
2026-06-09 19:30:30,266 [trainer.py] => CNN: {'total': 82.0, '00-04': 100.0, '05-09': 80.0, '10-14': 81.0, '15-19': 96.0, '20-24': 53.0, 'old': 89.25, 'new': 53.0}
2026-06-09 19:30:30,266 [trainer.py] => CNN top1 curve: [100.0, 90.5, 87.0, 89.75, 82.0]
2026-06-09 19:30:30,266 [trainer.py] => CNN top1 with task curve: [100.0, 99.5, 99.67, 99.75, 99.4]
2026-06-09 19:30:30,267 [trainer.py] => CNN top1 task curve: [1.0, 0.905, 0.87, 0.8975, 0.82]
2026-06-09 19:30:30,267 [trainer.py] => CNN top5 curve: [100.0, 100.0, 100.0, 100.0, 100.0]
2026-06-09 19:30:30,267 [trainer.py] => Average Accuracy (CNN): 89.85
2026-06-09 19:30:30,290 [trainer.py] => All params: 134254251
2026-06-09 19:30:30,301 [trainer.py] => Trainable params: 75845
2026-06-09 19:30:30,302 [bilora.py] => Learning on 25-30
2026-06-09 19:41:57,535 [bilora.py] => Task 5, Epoch 50/50 => Loss 0.021, Train_accy 99.25
2026-06-09 19:42:09,412 [trainer.py] => Timing Task 5 => Train 694.86s, Epochs 50, Train 13.8972s/epoch, Inference 4.25s, Images 600, Inference 7.0809ms/image
2026-06-09 19:42:09,412 [bilora.py] => Exemplar size: 0
2026-06-09 19:42:09,412 [trainer.py] => No NME accuracy.
2026-06-09 19:42:09,412 [trainer.py] => CNN: {'total': 81.17, '00-04': 100.0, '05-09': 80.0, '10-14': 81.0, '15-19': 96.0, '20-24': 53.0, '25-29': 77.0, 'old': 82.0, 'new': 77.0}
2026-06-09 19:42:09,412 [trainer.py] => CNN top1 curve: [100.0, 90.5, 87.0, 89.75, 82.0, 81.17]
2026-06-09 19:42:09,412 [trainer.py] => CNN top1 with task curve: [100.0, 99.5, 99.67, 99.75, 99.4, 99.5]
2026-06-09 19:42:09,412 [trainer.py] => CNN top1 task curve: [1.0, 0.905, 0.87, 0.8975, 0.82, 0.8117]
2026-06-09 19:42:09,412 [trainer.py] => CNN top5 curve: [100.0, 100.0, 100.0, 100.0, 100.0, 99.33]
2026-06-09 19:42:09,412 [trainer.py] => Average Accuracy (CNN): 88.4
2026-06-09 19:42:09,428 [trainer.py] => All params: 134254251
2026-06-09 19:42:09,442 [trainer.py] => Trainable params: 75845
2026-06-09 19:42:09,442 [bilora.py] => Learning on 30-35
2026-06-09 19:52:19,920 [bilora.py] => Task 6, Epoch 50/50 => Loss 0.028, Train_accy 98.69
2026-06-09 19:52:31,670 [trainer.py] => Timing Task 6 => Train 617.42s, Epochs 50, Train 12.3484s/epoch, Inference 4.81s, Images 700, Inference 6.8705ms/image
2026-06-09 19:52:31,671 [bilora.py] => Exemplar size: 0
2026-06-09 19:52:31,671 [trainer.py] => No NME accuracy.
2026-06-09 19:52:31,671 [trainer.py] => CNN: {'total': 82.71, '00-04': 100.0, '05-09': 80.0, '10-14': 79.0, '15-19': 95.0, '20-24': 51.0, '25-29': 78.0, '30-34': 96.0, 'old': 80.5, 'new': 96.0}
2026-06-09 19:52:31,671 [trainer.py] => CNN top1 curve: [100.0, 90.5, 87.0, 89.75, 82.0, 81.17, 82.71]
2026-06-09 19:52:31,671 [trainer.py] => CNN top1 with task curve: [100.0, 99.5, 99.67, 99.75, 99.4, 99.5, 99.57]
2026-06-09 19:52:31,671 [trainer.py] => CNN top1 task curve: [1.0, 0.905, 0.87, 0.8975, 0.82, 0.8117, 0.8271]
2026-06-09 19:52:31,672 [trainer.py] => CNN top5 curve: [100.0, 100.0, 100.0, 100.0, 100.0, 99.33, 99.29]
2026-06-09 19:52:31,672 [trainer.py] => Average Accuracy (CNN): 87.59
2026-06-09 19:52:31,696 [trainer.py] => All params: 134254251
2026-06-09 19:52:31,707 [trainer.py] => Trainable params: 75845
2026-06-09 19:52:31,708 [bilora.py] => Learning on 35-40
2026-06-09 20:04:18,021 [bilora.py] => Task 7, Epoch 50/50 => Loss 0.021, Train_accy 99.25
2026-06-09 20:04:31,334 [trainer.py] => Timing Task 7 => Train 714.43s, Epochs 50, Train 14.2887s/epoch, Inference 5.19s, Images 800, Inference 6.4915ms/image
2026-06-09 20:04:31,335 [bilora.py] => Exemplar size: 0
2026-06-09 20:04:31,335 [trainer.py] => No NME accuracy.
2026-06-09 20:04:31,335 [trainer.py] => CNN: {'total': 79.62, '00-04': 100.0, '05-09': 80.0, '10-14': 79.0, '15-19': 93.0, '20-24': 52.0, '25-29': 77.0, '30-34': 89.0, '35-39': 67.0, 'old': 81.43, 'new': 67.0}
2026-06-09 20:04:31,335 [trainer.py] => CNN top1 curve: [100.0, 90.5, 87.0, 89.75, 82.0, 81.17, 82.71, 79.62]
2026-06-09 20:04:31,335 [trainer.py] => CNN top1 with task curve: [100.0, 99.5, 99.67, 99.75, 99.4, 99.5, 99.57, 99.5]
2026-06-09 20:04:31,335 [trainer.py] => CNN top1 task curve: [1.0, 0.905, 0.87, 0.8975, 0.82, 0.8117, 0.8271, 0.7962]
2026-06-09 20:04:31,335 [trainer.py] => CNN top5 curve: [100.0, 100.0, 100.0, 100.0, 100.0, 99.33, 99.29, 98.38]
2026-06-09 20:04:31,336 [trainer.py] => Average Accuracy (CNN): 86.59
2026-06-09 20:04:31,358 [trainer.py] => All params: 134254251
2026-06-09 20:04:31,370 [trainer.py] => Trainable params: 75845
2026-06-09 20:04:31,370 [bilora.py] => Learning on 40-45
2026-06-09 20:15:41,530 [bilora.py] => Task 8, Epoch 50/50 => Loss 0.021, Train_accy 99.26
2026-06-09 20:15:55,018 [trainer.py] => Timing Task 8 => Train 677.91s, Epochs 50, Train 13.5582s/epoch, Inference 5.74s, Images 900, Inference 6.3759ms/image
2026-06-09 20:15:55,018 [bilora.py] => Exemplar size: 0
2026-06-09 20:15:55,018 [trainer.py] => No NME accuracy.
2026-06-09 20:15:55,018 [trainer.py] => CNN: {'total': 79.11, '00-04': 100.0, '05-09': 82.0, '10-14': 79.0, '15-19': 94.0, '20-24': 51.0, '25-29': 75.0, '30-34': 90.0, '35-39': 67.0, '40-44': 74.0, 'old': 79.75, 'new': 74.0}
2026-06-09 20:15:55,018 [trainer.py] => CNN top1 curve: [100.0, 90.5, 87.0, 89.75, 82.0, 81.17, 82.71, 79.62, 79.11]
2026-06-09 20:15:55,018 [trainer.py] => CNN top1 with task curve: [100.0, 99.5, 99.67, 99.75, 99.4, 99.5, 99.57, 99.5, 99.44]
2026-06-09 20:15:55,018 [trainer.py] => CNN top1 task curve: [1.0, 0.905, 0.87, 0.8975, 0.82, 0.8117, 0.8271, 0.7962, 0.7922]
2026-06-09 20:15:55,018 [trainer.py] => CNN top5 curve: [100.0, 100.0, 100.0, 100.0, 100.0, 99.33, 99.29, 98.38, 96.56]
2026-06-09 20:15:55,018 [trainer.py] => Average Accuracy (CNN): 85.76
2026-06-09 20:15:55,029 [trainer.py] => All params: 134254251
2026-06-09 20:15:55,037 [trainer.py] => Trainable params: 75845
2026-06-09 20:15:55,037 [bilora.py] => Learning on 45-50
2026-06-09 20:27:01,066 [bilora.py] => Task 9, Epoch 50/50 => Loss 0.038, Train_accy 98.70
2026-06-09 20:27:15,139 [trainer.py] => Timing Task 9 => Train 673.74s, Epochs 50, Train 13.4748s/epoch, Inference 6.36s, Images 1000, Inference 6.3637ms/image
2026-06-09 20:27:15,140 [bilora.py] => Exemplar size: 0
2026-06-09 20:27:15,140 [trainer.py] => No NME accuracy.
2026-06-09 20:27:15,140 [trainer.py] => CNN: {'total': 77.6, '00-04': 100.0, '05-09': 81.0, '10-14': 79.0, '15-19': 93.0, '20-24': 50.0, '25-29': 74.0, '30-34': 90.0, '35-39': 62.0, '40-44': 74.0, '45-49': 73.0, 'old': 78.11, 'new': 73.0}
2026-06-09 20:27:15,140 [trainer.py] => CNN top1 curve: [100.0, 90.5, 87.0, 89.75, 82.0, 81.17, 82.71, 79.62, 79.11, 77.6]
2026-06-09 20:27:15,140 [trainer.py] => CNN top1 with task curve: [100.0, 99.5, 99.67, 99.75, 99.4, 99.5, 99.57, 99.5, 99.44, 99.5]
2026-06-09 20:27:15,140 [trainer.py] => CNN top1 task curve: [1.0, 0.905, 0.87, 0.8975, 0.82, 0.8117, 0.8271, 0.7962, 0.7922, 0.777]
2026-06-09 20:27:15,140 [trainer.py] => CNN top5 curve: [100.0, 100.0, 100.0, 100.0, 100.0, 99.33, 99.29, 98.38, 96.56, 96.2]
2026-06-09 20:27:15,140 [trainer.py] => Average Accuracy (CNN): 84.95
2026-06-09 20:27:15,152 [trainer.py] => All params: 134254251
2026-06-09 20:27:15,163 [trainer.py] => Trainable params: 75845
2026-06-09 20:27:15,163 [bilora.py] => Learning on 50-55
2026-06-09 20:39:19,713 [bilora.py] => Task 10, Epoch 50/50 => Loss 0.010, Train_accy 99.68
2026-06-09 20:39:34,971 [trainer.py] => Timing Task 10 => Train 733.08s, Epochs 50, Train 14.6615s/epoch, Inference 6.73s, Images 1100, Inference 6.1193ms/image
2026-06-09 20:39:34,971 [bilora.py] => Exemplar size: 0
2026-06-09 20:39:34,971 [trainer.py] => No NME accuracy.
2026-06-09 20:39:34,971 [trainer.py] => CNN: {'total': 79.0, '00-04': 100.0, '05-09': 80.0, '10-14': 78.0, '15-19': 93.0, '20-24': 50.0, '25-29': 75.0, '30-34': 89.0, '35-39': 63.0, '40-44': 75.0, '45-49': 72.0, '50-54': 94.0, 'old': 77.5, 'new': 94.0}
2026-06-09 20:39:34,971 [trainer.py] => CNN top1 curve: [100.0, 90.5, 87.0, 89.75, 82.0, 81.17, 82.71, 79.62, 79.11, 77.6, 79.0]
2026-06-09 20:39:34,971 [trainer.py] => CNN top1 with task curve: [100.0, 99.5, 99.67, 99.75, 99.4, 99.5, 99.57, 99.5, 99.44, 99.5, 99.36]
2026-06-09 20:39:34,972 [trainer.py] => CNN top1 task curve: [1.0, 0.905, 0.87, 0.8975, 0.82, 0.8117, 0.8271, 0.7962, 0.7922, 0.777, 0.79]
2026-06-09 20:39:34,972 [trainer.py] => CNN top5 curve: [100.0, 100.0, 100.0, 100.0, 100.0, 99.33, 99.29, 98.38, 96.56, 96.2, 96.55]
2026-06-09 20:39:34,972 [trainer.py] => Average Accuracy (CNN): 84.41
2026-06-09 20:39:34,983 [trainer.py] => All params: 134254251
2026-06-09 20:39:34,993 [trainer.py] => Trainable params: 75845
2026-06-09 20:39:34,994 [bilora.py] => Learning on 55-60
2026-06-09 20:51:06,413 [bilora.py] => Task 11, Epoch 50/50 => Loss 0.057, Train_accy 97.98
2026-06-09 20:51:21,724 [trainer.py] => Timing Task 11 => Train 699.39s, Epochs 50, Train 13.9877s/epoch, Inference 7.34s, Images 1199, Inference 6.1255ms/image
2026-06-09 20:51:21,724 [bilora.py] => Exemplar size: 0
2026-06-09 20:51:21,724 [trainer.py] => No NME accuracy.
2026-06-09 20:51:21,725 [trainer.py] => CNN: {'total': 77.31, '00-04': 100.0, '05-09': 80.0, '10-14': 78.0, '15-19': 93.0, '20-24': 51.0, '25-29': 73.0, '30-34': 88.0, '35-39': 64.0, '40-44': 73.0, '45-49': 68.0, '50-54': 94.0, '55-59': 65.66, 'old': 78.36, 'new': 65.66}
2026-06-09 20:51:21,725 [trainer.py] => CNN top1 curve: [100.0, 90.5, 87.0, 89.75, 82.0, 81.17, 82.71, 79.62, 79.11, 77.6, 79.0, 77.31]
2026-06-09 20:51:21,725 [trainer.py] => CNN top1 with task curve: [100.0, 99.5, 99.67, 99.75, 99.4, 99.5, 99.57, 99.5, 99.44, 99.5, 99.36, 99.42]
2026-06-09 20:51:21,725 [trainer.py] => CNN top1 task curve: [1.0, 0.905, 0.87, 0.8975, 0.82, 0.8117, 0.8271, 0.7962, 0.7922, 0.777, 0.79, 0.7731]
2026-06-09 20:51:21,725 [trainer.py] => CNN top5 curve: [100.0, 100.0, 100.0, 100.0, 100.0, 99.33, 99.29, 98.38, 96.56, 96.2, 96.55, 96.66]
2026-06-09 20:51:21,725 [trainer.py] => Average Accuracy (CNN): 83.81
2026-06-09 20:51:21,748 [trainer.py] => All params: 134254251
2026-06-09 20:51:21,759 [trainer.py] => Trainable params: 75845
2026-06-09 20:51:21,759 [bilora.py] => Learning on 60-65
2026-06-09 21:03:07,917 [bilora.py] => Task 12, Epoch 50/50 => Loss 0.008, Train_accy 99.67
2026-06-09 21:03:24,235 [trainer.py] => Timing Task 12 => Train 714.75s, Epochs 50, Train 14.2950s/epoch, Inference 7.72s, Images 1299, Inference 5.9451ms/image
2026-06-09 21:03:24,235 [bilora.py] => Exemplar size: 0
2026-06-09 21:03:24,235 [trainer.py] => No NME accuracy.
2026-06-09 21:03:24,235 [trainer.py] => CNN: {'total': 77.44, '00-04': 100.0, '05-09': 81.0, '10-14': 79.0, '15-19': 92.0, '20-24': 51.0, '25-29': 75.0, '30-34': 87.0, '35-39': 67.0, '40-44': 73.0, '45-49': 68.0, '50-54': 95.0, '55-59': 63.64, '60-64': 75.0, 'old': 77.65, 'new': 75.0}
2026-06-09 21:03:24,236 [trainer.py] => CNN top1 curve: [100.0, 90.5, 87.0, 89.75, 82.0, 81.17, 82.71, 79.62, 79.11, 77.6, 79.0, 77.31, 77.44]
2026-06-09 21:03:24,236 [trainer.py] => CNN top1 with task curve: [100.0, 99.5, 99.67, 99.75, 99.4, 99.5, 99.57, 99.5, 99.44, 99.5, 99.36, 99.42, 99.46]
2026-06-09 21:03:24,236 [trainer.py] => CNN top1 task curve: [1.0, 0.905, 0.87, 0.8975, 0.82, 0.8117, 0.8271, 0.7962, 0.7922, 0.777, 0.79, 0.7731, 0.7744]
2026-06-09 21:03:24,236 [trainer.py] => CNN top5 curve: [100.0, 100.0, 100.0, 100.0, 100.0, 99.33, 99.29, 98.38, 96.56, 96.2, 96.55, 96.66, 95.92]
2026-06-09 21:03:24,236 [trainer.py] => Average Accuracy (CNN): 83.32
2026-06-09 21:03:24,260 [trainer.py] => All params: 134254251
2026-06-09 21:03:24,271 [trainer.py] => Trainable params: 75845
2026-06-09 21:03:24,271 [bilora.py] => Learning on 65-70
2026-06-09 21:15:29,742 [bilora.py] => Task 13, Epoch 50/50 => Loss 0.008, Train_accy 99.74
2026-06-09 21:15:46,930 [trainer.py] => Timing Task 13 => Train 734.09s, Epochs 50, Train 14.6819s/epoch, Inference 8.57s, Images 1399, Inference 6.1226ms/image
2026-06-09 21:15:46,931 [bilora.py] => Exemplar size: 0
2026-06-09 21:15:46,931 [trainer.py] => No NME accuracy.
2026-06-09 21:15:46,931 [trainer.py] => CNN: {'total': 74.12, '00-04': 100.0, '05-09': 80.0, '10-14': 78.0, '15-19': 92.0, '20-24': 51.0, '25-29': 75.0, '30-34': 85.0, '35-39': 63.0, '40-44': 72.0, '45-49': 68.0, '50-54': 94.0, '55-59': 62.63, '60-64': 74.0, '65-69': 43.0, 'old': 76.52, 'new': 43.0}
2026-06-09 21:15:46,932 [trainer.py] => CNN top1 curve: [100.0, 90.5, 87.0, 89.75, 82.0, 81.17, 82.71, 79.62, 79.11, 77.6, 79.0, 77.31, 77.44, 74.12]
2026-06-09 21:15:46,932 [trainer.py] => CNN top1 with task curve: [100.0, 99.5, 99.67, 99.75, 99.4, 99.5, 99.57, 99.5, 99.44, 99.5, 99.36, 99.42, 99.46, 99.5]
2026-06-09 21:15:46,932 [trainer.py] => CNN top1 task curve: [1.0, 0.905, 0.87, 0.8975, 0.82, 0.8117, 0.8271, 0.7962, 0.7922, 0.777, 0.79, 0.7731, 0.7744, 0.7412]
2026-06-09 21:15:46,932 [trainer.py] => CNN top5 curve: [100.0, 100.0, 100.0, 100.0, 100.0, 99.33, 99.29, 98.38, 96.56, 96.2, 96.55, 96.66, 95.92, 94.64]
2026-06-09 21:15:46,932 [trainer.py] => Average Accuracy (CNN): 82.67
2026-06-09 21:15:46,954 [trainer.py] => All params: 134254251
2026-06-09 21:15:46,965 [trainer.py] => Trainable params: 75845
2026-06-09 21:15:46,965 [bilora.py] => Learning on 70-75
2026-06-09 21:27:55,392 [bilora.py] => Task 14, Epoch 50/50 => Loss 0.034, Train_accy 98.60
2026-06-09 21:28:13,519 [trainer.py] => Timing Task 14 => Train 737.32s, Epochs 50, Train 14.7463s/epoch, Inference 9.24s, Images 1499, Inference 6.1616ms/image
2026-06-09 21:28:13,519 [bilora.py] => Exemplar size: 0
2026-06-09 21:28:13,519 [trainer.py] => No NME accuracy.
2026-06-09 21:28:13,520 [trainer.py] => CNN: {'total': 73.52, '00-04': 100.0, '05-09': 80.0, '10-14': 77.0, '15-19': 91.0, '20-24': 52.0, '25-29': 74.0, '30-34': 87.0, '35-39': 64.0, '40-44': 68.0, '45-49': 67.0, '50-54': 93.0, '55-59': 62.63, '60-64': 74.0, '65-69': 42.0, '70-74': 71.0, 'old': 73.7, 'new': 71.0}
2026-06-09 21:28:13,520 [trainer.py] => CNN top1 curve: [100.0, 90.5, 87.0, 89.75, 82.0, 81.17, 82.71, 79.62, 79.11, 77.6, 79.0, 77.31, 77.44, 74.12, 73.52]
2026-06-09 21:28:13,520 [trainer.py] => CNN top1 with task curve: [100.0, 99.5, 99.67, 99.75, 99.4, 99.5, 99.57, 99.5, 99.44, 99.5, 99.36, 99.42, 99.46, 99.5, 99.27]
2026-06-09 21:28:13,520 [trainer.py] => CNN top1 task curve: [1.0, 0.905, 0.87, 0.8975, 0.82, 0.8117, 0.8271, 0.7962, 0.7922, 0.777, 0.79, 0.7731, 0.7744, 0.7412, 0.7352]
2026-06-09 21:28:13,520 [trainer.py] => CNN top5 curve: [100.0, 100.0, 100.0, 100.0, 100.0, 99.33, 99.29, 98.38, 96.56, 96.2, 96.55, 96.66, 95.92, 94.64, 94.33]
2026-06-09 21:28:13,520 [trainer.py] => Average Accuracy (CNN): 82.06
2026-06-09 21:28:13,543 [trainer.py] => All params: 134254251
2026-06-09 21:28:13,554 [trainer.py] => Trainable params: 75845
2026-06-09 21:28:13,554 [bilora.py] => Learning on 75-80
2026-06-09 21:39:33,317 [bilora.py] => Task 15, Epoch 50/50 => Loss 0.024, Train_accy 99.28
2026-06-09 21:39:51,279 [trainer.py] => Timing Task 15 => Train 688.06s, Epochs 50, Train 13.7611s/epoch, Inference 9.67s, Images 1599, Inference 6.0472ms/image
2026-06-09 21:39:51,280 [bilora.py] => Exemplar size: 0
2026-06-09 21:39:51,280 [trainer.py] => No NME accuracy.
2026-06-09 21:39:51,280 [trainer.py] => CNN: {'total': 74.05, '00-04': 100.0, '05-09': 83.0, '10-14': 74.0, '15-19': 88.0, '20-24': 52.0, '25-29': 73.0, '30-34': 88.0, '35-39': 69.0, '40-44': 68.0, '45-49': 67.0, '50-54': 95.0, '55-59': 63.64, '60-64': 75.0, '65-69': 42.0, '70-74': 71.0, '75-79': 76.0, 'old': 73.92, 'new': 76.0}
2026-06-09 21:39:51,280 [trainer.py] => CNN top1 curve: [100.0, 90.5, 87.0, 89.75, 82.0, 81.17, 82.71, 79.62, 79.11, 77.6, 79.0, 77.31, 77.44, 74.12, 73.52, 74.05]
2026-06-09 21:39:51,280 [trainer.py] => CNN top1 with task curve: [100.0, 99.5, 99.67, 99.75, 99.4, 99.5, 99.57, 99.5, 99.44, 99.5, 99.36, 99.42, 99.46, 99.5, 99.27, 99.31]
2026-06-09 21:39:51,281 [trainer.py] => CNN top1 task curve: [1.0, 0.905, 0.87, 0.8975, 0.82, 0.8117, 0.8271, 0.7962, 0.7922, 0.777, 0.79, 0.7731, 0.7744, 0.7412, 0.7352, 0.7405]
2026-06-09 21:39:51,281 [trainer.py] => CNN top5 curve: [100.0, 100.0, 100.0, 100.0, 100.0, 99.33, 99.29, 98.38, 96.56, 96.2, 96.55, 96.66, 95.92, 94.64, 94.33, 94.43]
2026-06-09 21:39:51,281 [trainer.py] => Average Accuracy (CNN): 81.56
2026-06-09 21:39:51,303 [trainer.py] => All params: 134254251
2026-06-09 21:39:51,314 [trainer.py] => Trainable params: 75845
2026-06-09 21:39:51,314 [bilora.py] => Learning on 80-85
2026-06-09 21:51:15,387 [bilora.py] => Task 16, Epoch 50/50 => Loss 0.121, Train_accy 95.36
2026-06-09 21:51:34,156 [trainer.py] => Timing Task 16 => Train 692.41s, Epochs 50, Train 13.8482s/epoch, Inference 10.43s, Images 1698, Inference 6.1424ms/image
2026-06-09 21:51:34,157 [bilora.py] => Exemplar size: 0
2026-06-09 21:51:34,157 [trainer.py] => No NME accuracy.
2026-06-09 21:51:34,157 [trainer.py] => CNN: {'total': 72.73, '00-04': 100.0, '05-09': 82.0, '10-14': 74.0, '15-19': 88.0, '20-24': 53.0, '25-29': 74.0, '30-34': 87.0, '35-39': 72.0, '40-44': 68.0, '45-49': 67.0, '50-54': 92.0, '55-59': 65.66, '60-64': 76.0, '65-69': 41.0, '70-74': 69.0, '75-79': 76.0, '80-84': 51.52, 'old': 74.05, 'new': 51.52}
2026-06-09 21:51:34,157 [trainer.py] => CNN top1 curve: [100.0, 90.5, 87.0, 89.75, 82.0, 81.17, 82.71, 79.62, 79.11, 77.6, 79.0, 77.31, 77.44, 74.12, 73.52, 74.05, 72.73]
2026-06-09 21:51:34,157 [trainer.py] => CNN top1 with task curve: [100.0, 99.5, 99.67, 99.75, 99.4, 99.5, 99.57, 99.5, 99.44, 99.5, 99.36, 99.42, 99.46, 99.5, 99.27, 99.31, 99.18]
2026-06-09 21:51:34,157 [trainer.py] => CNN top1 task curve: [1.0, 0.905, 0.87, 0.8975, 0.82, 0.8117, 0.8271, 0.7962, 0.7922, 0.777, 0.79, 0.7731, 0.7744, 0.7412, 0.7352, 0.7405, 0.7273]
2026-06-09 21:51:34,158 [trainer.py] => CNN top5 curve: [100.0, 100.0, 100.0, 100.0, 100.0, 99.33, 99.29, 98.38, 96.56, 96.2, 96.55, 96.66, 95.92, 94.64, 94.33, 94.43, 93.05]
2026-06-09 21:51:34,158 [trainer.py] => Average Accuracy (CNN): 81.04
2026-06-09 21:51:34,181 [trainer.py] => All params: 134254251
2026-06-09 21:51:34,192 [trainer.py] => Trainable params: 75845
2026-06-09 21:51:34,193 [bilora.py] => Learning on 85-90
2026-06-09 22:03:48,630 [bilora.py] => Task 17, Epoch 50/50 => Loss 0.006, Train_accy 99.93
2026-06-09 22:04:08,923 [trainer.py] => Timing Task 17 => Train 743.49s, Epochs 50, Train 14.8698s/epoch, Inference 11.24s, Images 1798, Inference 6.2508ms/image
2026-06-09 22:04:08,923 [bilora.py] => Exemplar size: 0
2026-06-09 22:04:08,923 [trainer.py] => No NME accuracy.
2026-06-09 22:04:08,924 [trainer.py] => CNN: {'total': 73.64, '00-04': 100.0, '05-09': 82.0, '10-14': 71.0, '15-19': 89.0, '20-24': 52.0, '25-29': 75.0, '30-34': 86.0, '35-39': 73.0, '40-44': 69.0, '45-49': 67.0, '50-54': 95.0, '55-59': 65.66, '60-64': 77.0, '65-69': 40.0, '70-74': 70.0, '75-79': 76.0, '80-84': 52.53, '85-89': 85.0, 'old': 72.97, 'new': 85.0}
2026-06-09 22:04:08,924 [trainer.py] => CNN top1 curve: [100.0, 90.5, 87.0, 89.75, 82.0, 81.17, 82.71, 79.62, 79.11, 77.6, 79.0, 77.31, 77.44, 74.12, 73.52, 74.05, 72.73, 73.64]
2026-06-09 22:04:08,924 [trainer.py] => CNN top1 with task curve: [100.0, 99.5, 99.67, 99.75, 99.4, 99.5, 99.57, 99.5, 99.44, 99.5, 99.36, 99.42, 99.46, 99.5, 99.27, 99.31, 99.18, 99.22]
2026-06-09 22:04:08,924 [trainer.py] => CNN top1 task curve: [1.0, 0.905, 0.87, 0.8975, 0.82, 0.8117, 0.8271, 0.7962, 0.7922, 0.777, 0.79, 0.7731, 0.7744, 0.7412, 0.7352, 0.7405, 0.7273, 0.7364]
2026-06-09 22:04:08,924 [trainer.py] => CNN top5 curve: [100.0, 100.0, 100.0, 100.0, 100.0, 99.33, 99.29, 98.38, 96.56, 96.2, 96.55, 96.66, 95.92, 94.64, 94.33, 94.43, 93.05, 93.16]
2026-06-09 22:04:08,924 [trainer.py] => Average Accuracy (CNN): 80.63
2026-06-09 22:04:08,948 [trainer.py] => All params: 134254251
2026-06-09 22:04:08,959 [trainer.py] => Trainable params: 75845
2026-06-09 22:04:08,959 [bilora.py] => Learning on 90-95
2026-06-09 22:16:33,456 [bilora.py] => Task 18, Epoch 50/50 => Loss 0.021, Train_accy 99.26
2026-06-09 22:16:54,515 [trainer.py] => Timing Task 18 => Train 753.88s, Epochs 50, Train 15.0777s/epoch, Inference 11.67s, Images 1898, Inference 6.1490ms/image
2026-06-09 22:16:54,516 [bilora.py] => Exemplar size: 0
2026-06-09 22:16:54,516 [trainer.py] => No NME accuracy.
2026-06-09 22:16:54,516 [trainer.py] => CNN: {'total': 72.81, '00-04': 100.0, '05-09': 80.0, '10-14': 72.0, '15-19': 90.0, '20-24': 52.0, '25-29': 74.0, '30-34': 84.0, '35-39': 70.0, '40-44': 68.0, '45-49': 67.0, '50-54': 96.0, '55-59': 64.65, '60-64': 76.0, '65-69': 40.0, '70-74': 68.0, '75-79': 73.0, '80-84': 52.53, '85-89': 82.0, '90-94': 74.0, 'old': 72.75, 'new': 74.0}
2026-06-09 22:16:54,516 [trainer.py] => CNN top1 curve: [100.0, 90.5, 87.0, 89.75, 82.0, 81.17, 82.71, 79.62, 79.11, 77.6, 79.0, 77.31, 77.44, 74.12, 73.52, 74.05, 72.73, 73.64, 72.81]
2026-06-09 22:16:54,516 [trainer.py] => CNN top1 with task curve: [100.0, 99.5, 99.67, 99.75, 99.4, 99.5, 99.57, 99.5, 99.44, 99.5, 99.36, 99.42, 99.46, 99.5, 99.27, 99.31, 99.18, 99.22, 99.21]
2026-06-09 22:16:54,516 [trainer.py] => CNN top1 task curve: [1.0, 0.905, 0.87, 0.8975, 0.82, 0.8117, 0.8271, 0.7962, 0.7922, 0.777, 0.79, 0.7731, 0.7744, 0.7412, 0.7352, 0.7405, 0.7273, 0.7364, 0.7281]
2026-06-09 22:16:54,516 [trainer.py] => CNN top5 curve: [100.0, 100.0, 100.0, 100.0, 100.0, 99.33, 99.29, 98.38, 96.56, 96.2, 96.55, 96.66, 95.92, 94.64, 94.33, 94.43, 93.05, 93.16, 93.1]
2026-06-09 22:16:54,516 [trainer.py] => Average Accuracy (CNN): 80.21
2026-06-09 22:16:54,540 [trainer.py] => All params: 134254251
2026-06-09 22:16:54,551 [trainer.py] => Trainable params: 75845
2026-06-09 22:16:54,551 [bilora.py] => Learning on 95-100
2026-06-09 22:29:42,059 [bilora.py] => Task 19, Epoch 50/50 => Loss 0.021, Train_accy 99.08
2026-06-09 22:30:03,686 [trainer.py] => Timing Task 19 => Train 776.86s, Epochs 50, Train 15.5373s/epoch, Inference 12.27s, Images 1997, Inference 6.1444ms/image
2026-06-09 22:30:03,687 [bilora.py] => Exemplar size: 0
2026-06-09 22:30:03,687 [trainer.py] => No NME accuracy.
2026-06-09 22:30:03,687 [trainer.py] => CNN: {'total': 71.01, '00-04': 100.0, '05-09': 79.0, '10-14': 72.0, '15-19': 90.0, '20-24': 51.0, '25-29': 73.0, '30-34': 85.0, '35-39': 67.0, '40-44': 67.0, '45-49': 67.0, '50-54': 96.0, '55-59': 65.66, '60-64': 76.0, '65-69': 42.0, '70-74': 69.0, '75-79': 74.0, '80-84': 51.52, '85-89': 82.0, '90-94': 71.0, '95-99': 41.41, 'old': 72.55, 'new': 41.41}
2026-06-09 22:30:03,687 [trainer.py] => CNN top1 curve: [100.0, 90.5, 87.0, 89.75, 82.0, 81.17, 82.71, 79.62, 79.11, 77.6, 79.0, 77.31, 77.44, 74.12, 73.52, 74.05, 72.73, 73.64, 72.81, 71.01]
2026-06-09 22:30:03,687 [trainer.py] => CNN top1 with task curve: [100.0, 99.5, 99.67, 99.75, 99.4, 99.5, 99.57, 99.5, 99.44, 99.5, 99.36, 99.42, 99.46, 99.5, 99.27, 99.31, 99.18, 99.22, 99.21, 99.25]
2026-06-09 22:30:03,687 [trainer.py] => CNN top1 task curve: [1.0, 0.905, 0.87, 0.8975, 0.82, 0.8117, 0.8271, 0.7962, 0.7922, 0.777, 0.79, 0.7731, 0.7744, 0.7412, 0.7352, 0.7405, 0.7273, 0.7364, 0.7281, 0.7101]
2026-06-09 22:30:03,688 [trainer.py] => CNN top5 curve: [100.0, 100.0, 100.0, 100.0, 100.0, 99.33, 99.29, 98.38, 96.56, 96.2, 96.55, 96.66, 95.92, 94.64, 94.33, 94.43, 93.05, 93.16, 93.1, 91.74]
2026-06-09 22:30:03,688 [trainer.py] => Average Accuracy (CNN): 79.75
2026-06-09 22:30:03,708 [trainer.py] => All params: 134254251
2026-06-09 22:30:03,719 [trainer.py] => Trainable params: 75845
2026-06-09 22:30:03,719 [bilora.py] => Learning on 100-105
2026-06-09 22:42:53,482 [bilora.py] => Task 20, Epoch 50/50 => Loss 0.028, Train_accy 98.82
2026-06-09 22:43:15,882 [trainer.py] => Timing Task 20 => Train 779.20s, Epochs 50, Train 15.5839s/epoch, Inference 12.97s, Images 2097, Inference 6.1832ms/image
2026-06-09 22:43:15,883 [bilora.py] => Exemplar size: 0
2026-06-09 22:43:15,883 [trainer.py] => No NME accuracy.
2026-06-09 22:43:15,883 [trainer.py] => CNN: {'total': 71.58, '00-04': 100.0, '05-09': 80.0, '10-14': 72.0, '15-19': 92.0, '20-24': 51.0, '25-29': 73.0, '30-34': 85.0, '35-39': 65.0, '40-44': 68.0, '45-49': 68.0, '50-54': 93.0, '55-59': 62.63, '60-64': 76.0, '65-69': 43.0, '70-74': 69.0, '75-79': 74.0, '80-84': 50.51, '85-89': 82.0, '90-94': 71.0, '95-99': 40.4, '100-104': 87.0, 'old': 70.81, 'new': 87.0}
2026-06-09 22:43:15,884 [trainer.py] => CNN top1 curve: [100.0, 90.5, 87.0, 89.75, 82.0, 81.17, 82.71, 79.62, 79.11, 77.6, 79.0, 77.31, 77.44, 74.12, 73.52, 74.05, 72.73, 73.64, 72.81, 71.01, 71.58]
2026-06-09 22:43:15,884 [trainer.py] => CNN top1 with task curve: [100.0, 99.5, 99.67, 99.75, 99.4, 99.5, 99.57, 99.5, 99.44, 99.5, 99.36, 99.42, 99.46, 99.5, 99.27, 99.31, 99.18, 99.22, 99.21, 99.25, 99.09]
2026-06-09 22:43:15,884 [trainer.py] => CNN top1 task curve: [1.0, 0.905, 0.87, 0.8975, 0.82, 0.8117, 0.8271, 0.7962, 0.7922, 0.777, 0.79, 0.7731, 0.7744, 0.7412, 0.7352, 0.7405, 0.7273, 0.7364, 0.7281, 0.7101, 0.7158]
2026-06-09 22:43:15,884 [trainer.py] => CNN top5 curve: [100.0, 100.0, 100.0, 100.0, 100.0, 99.33, 99.29, 98.38, 96.56, 96.2, 96.55, 96.66, 95.92, 94.64, 94.33, 94.43, 93.05, 93.16, 93.1, 91.74, 91.89]
2026-06-09 22:43:15,884 [trainer.py] => Average Accuracy (CNN): 79.37
2026-06-09 22:43:15,905 [trainer.py] => All params: 134254251
2026-06-09 22:43:15,916 [trainer.py] => Trainable params: 75845
2026-06-09 22:43:15,916 [bilora.py] => Learning on 105-110
2026-06-09 22:56:00,188 [bilora.py] => Task 21, Epoch 50/50 => Loss 0.047, Train_accy 97.67
2026-06-09 22:56:23,462 [trainer.py] => Timing Task 21 => Train 773.76s, Epochs 50, Train 15.4751s/epoch, Inference 13.79s, Images 2196, Inference 6.2793ms/image
2026-06-09 22:56:23,462 [bilora.py] => Exemplar size: 0
2026-06-09 22:56:23,462 [trainer.py] => No NME accuracy.
2026-06-09 22:56:23,463 [trainer.py] => CNN: {'total': 71.13, '00-04': 100.0, '05-09': 79.0, '10-14': 71.0, '15-19': 91.0, '20-24': 51.0, '25-29': 73.0, '30-34': 85.0, '35-39': 68.0, '40-44': 66.0, '45-49': 67.0, '50-54': 95.0, '55-59': 59.6, '60-64': 77.0, '65-69': 42.0, '70-74': 68.0, '75-79': 72.0, '80-84': 50.51, '85-89': 82.0, '90-94': 73.0, '95-99': 41.41, '100-104': 85.0, '105-109': 67.68, 'old': 71.29, 'new': 67.68}
2026-06-09 22:56:23,463 [trainer.py] => CNN top1 curve: [100.0, 90.5, 87.0, 89.75, 82.0, 81.17, 82.71, 79.62, 79.11, 77.6, 79.0, 77.31, 77.44, 74.12, 73.52, 74.05, 72.73, 73.64, 72.81, 71.01, 71.58, 71.13]
2026-06-09 22:56:23,463 [trainer.py] => CNN top1 with task curve: [100.0, 99.5, 99.67, 99.75, 99.4, 99.5, 99.57, 99.5, 99.44, 99.5, 99.36, 99.42, 99.46, 99.5, 99.27, 99.31, 99.18, 99.22, 99.21, 99.25, 99.09, 99.23]
2026-06-09 22:56:23,463 [trainer.py] => CNN top1 task curve: [1.0, 0.905, 0.87, 0.8975, 0.82, 0.8117, 0.8271, 0.7962, 0.7922, 0.777, 0.79, 0.7731, 0.7744, 0.7412, 0.7352, 0.7405, 0.7273, 0.7364, 0.7281, 0.7101, 0.7158, 0.7113]
2026-06-09 22:56:23,463 [trainer.py] => CNN top5 curve: [100.0, 100.0, 100.0, 100.0, 100.0, 99.33, 99.29, 98.38, 96.56, 96.2, 96.55, 96.66, 95.92, 94.64, 94.33, 94.43, 93.05, 93.16, 93.1, 91.74, 91.89, 92.12]
2026-06-09 22:56:23,463 [trainer.py] => Average Accuracy (CNN): 78.99
2026-06-09 22:56:23,485 [trainer.py] => All params: 134254251
2026-06-09 22:56:23,495 [trainer.py] => Trainable params: 75845
2026-06-09 22:56:23,495 [bilora.py] => Learning on 110-115
2026-06-09 23:10:05,745 [bilora.py] => Task 22, Epoch 50/50 => Loss 0.086, Train_accy 96.91
2026-06-09 23:10:30,405 [trainer.py] => Timing Task 22 => Train 832.41s, Epochs 50, Train 16.6482s/epoch, Inference 14.50s, Images 2296, Inference 6.3138ms/image
2026-06-09 23:10:30,405 [bilora.py] => Exemplar size: 0
2026-06-09 23:10:30,405 [trainer.py] => No NME accuracy.
2026-06-09 23:10:30,406 [trainer.py] => CNN: {'total': 70.47, '00-04': 100.0, '05-09': 81.0, '10-14': 71.0, '15-19': 89.0, '20-24': 52.0, '25-29': 74.0, '30-34': 85.0, '35-39': 67.0, '40-44': 66.0, '45-49': 68.0, '50-54': 94.0, '55-59': 60.61, '60-64': 78.0, '65-69': 41.0, '70-74': 68.0, '75-79': 73.0, '80-84': 50.51, '85-89': 82.0, '90-94': 74.0, '95-99': 42.42, '100-104': 84.0, '105-109': 67.68, '110-114': 52.0, 'old': 71.31, 'new': 52.0}
2026-06-09 23:10:30,406 [trainer.py] => CNN top1 curve: [100.0, 90.5, 87.0, 89.75, 82.0, 81.17, 82.71, 79.62, 79.11, 77.6, 79.0, 77.31, 77.44, 74.12, 73.52, 74.05, 72.73, 73.64, 72.81, 71.01, 71.58, 71.13, 70.47]
2026-06-09 23:10:30,406 [trainer.py] => CNN top1 with task curve: [100.0, 99.5, 99.67, 99.75, 99.4, 99.5, 99.57, 99.5, 99.44, 99.5, 99.36, 99.42, 99.46, 99.5, 99.27, 99.31, 99.18, 99.22, 99.21, 99.25, 99.09, 99.23, 98.87]
2026-06-09 23:10:30,406 [trainer.py] => CNN top1 task curve: [1.0, 0.905, 0.87, 0.8975, 0.82, 0.8117, 0.8271, 0.7962, 0.7922, 0.777, 0.79, 0.7731, 0.7744, 0.7412, 0.7352, 0.7405, 0.7273, 0.7364, 0.7281, 0.7101, 0.7158, 0.7113, 0.7047]
2026-06-09 23:10:30,406 [trainer.py] => CNN top5 curve: [100.0, 100.0, 100.0, 100.0, 100.0, 99.33, 99.29, 98.38, 96.56, 96.2, 96.55, 96.66, 95.92, 94.64, 94.33, 94.43, 93.05, 93.16, 93.1, 91.74, 91.89, 92.12, 91.03]
2026-06-09 23:10:30,406 [trainer.py] => Average Accuracy (CNN): 78.62
2026-06-09 23:10:30,428 [trainer.py] => All params: 134254251
2026-06-09 23:10:30,438 [trainer.py] => Trainable params: 75845
2026-06-09 23:10:30,438 [bilora.py] => Learning on 115-120
2026-06-09 23:23:14,621 [bilora.py] => Task 23, Epoch 50/50 => Loss 0.055, Train_accy 98.14
2026-06-09 23:23:39,026 [trainer.py] => Timing Task 23 => Train 773.85s, Epochs 50, Train 15.4770s/epoch, Inference 14.74s, Images 2395, Inference 6.1538ms/image
2026-06-09 23:23:39,027 [bilora.py] => Exemplar size: 0
2026-06-09 23:23:39,027 [trainer.py] => No NME accuracy.
2026-06-09 23:23:39,027 [trainer.py] => CNN: {'total': 69.06, '00-04': 100.0, '05-09': 80.0, '10-14': 71.0, '15-19': 90.0, '20-24': 51.0, '25-29': 74.0, '30-34': 85.0, '35-39': 69.0, '40-44': 67.0, '45-49': 63.0, '50-54': 93.0, '55-59': 60.61, '60-64': 78.0, '65-69': 39.0, '70-74': 70.0, '75-79': 73.0, '80-84': 50.51, '85-89': 80.0, '90-94': 73.0, '95-99': 44.44, '100-104': 82.0, '105-109': 67.68, '110-114': 52.0, '115-119': 43.43, 'old': 70.17, 'new': 43.43}
2026-06-09 23:23:39,028 [trainer.py] => CNN top1 curve: [100.0, 90.5, 87.0, 89.75, 82.0, 81.17, 82.71, 79.62, 79.11, 77.6, 79.0, 77.31, 77.44, 74.12, 73.52, 74.05, 72.73, 73.64, 72.81, 71.01, 71.58, 71.13, 70.47, 69.06]
2026-06-09 23:23:39,028 [trainer.py] => CNN top1 with task curve: [100.0, 99.5, 99.67, 99.75, 99.4, 99.5, 99.57, 99.5, 99.44, 99.5, 99.36, 99.42, 99.46, 99.5, 99.27, 99.31, 99.18, 99.22, 99.21, 99.25, 99.09, 99.23, 98.87, 98.91]
2026-06-09 23:23:39,028 [trainer.py] => CNN top1 task curve: [1.0, 0.905, 0.87, 0.8975, 0.82, 0.8117, 0.8271, 0.7962, 0.7922, 0.777, 0.79, 0.7731, 0.7744, 0.7412, 0.7352, 0.7405, 0.7273, 0.7364, 0.7281, 0.7101, 0.7158, 0.7113, 0.7047, 0.6906]
2026-06-09 23:23:39,028 [trainer.py] => CNN top5 curve: [100.0, 100.0, 100.0, 100.0, 100.0, 99.33, 99.29, 98.38, 96.56, 96.2, 96.55, 96.66, 95.92, 94.64, 94.33, 94.43, 93.05, 93.16, 93.1, 91.74, 91.89, 92.12, 91.03, 91.19]
2026-06-09 23:23:39,028 [trainer.py] => Average Accuracy (CNN): 78.22
2026-06-09 23:23:39,049 [trainer.py] => All params: 134254251
2026-06-09 23:23:39,059 [trainer.py] => Trainable params: 75845
2026-06-09 23:23:39,059 [bilora.py] => Learning on 120-125
2026-06-09 23:36:52,788 [bilora.py] => Task 24, Epoch 50/50 => Loss 0.012, Train_accy 99.48
2026-06-09 23:37:18,540 [trainer.py] => Timing Task 24 => Train 803.59s, Epochs 50, Train 16.0719s/epoch, Inference 15.89s, Images 2495, Inference 6.3676ms/image
2026-06-09 23:37:18,540 [bilora.py] => Exemplar size: 0
2026-06-09 23:37:18,540 [trainer.py] => No NME accuracy.
2026-06-09 23:37:18,541 [trainer.py] => CNN: {'total': 68.14, '00-04': 99.0, '05-09': 82.0, '10-14': 72.0, '15-19': 89.0, '20-24': 50.0, '25-29': 74.0, '30-34': 83.0, '35-39': 69.0, '40-44': 57.0, '45-49': 61.0, '50-54': 92.0, '55-59': 59.6, '60-64': 77.0, '65-69': 27.0, '70-74': 70.0, '75-79': 71.0, '80-84': 49.49, '85-89': 80.0, '90-94': 77.0, '95-99': 42.42, '100-104': 81.0, '105-109': 66.67, '110-114': 54.0, '115-119': 43.43, '120-124': 76.0, 'old': 67.81, 'new': 76.0}
2026-06-09 23:37:18,541 [trainer.py] => CNN top1 curve: [100.0, 90.5, 87.0, 89.75, 82.0, 81.17, 82.71, 79.62, 79.11, 77.6, 79.0, 77.31, 77.44, 74.12, 73.52, 74.05, 72.73, 73.64, 72.81, 71.01, 71.58, 71.13, 70.47, 69.06, 68.14]
2026-06-09 23:37:18,541 [trainer.py] => CNN top1 with task curve: [100.0, 99.5, 99.67, 99.75, 99.4, 99.5, 99.57, 99.5, 99.44, 99.5, 99.36, 99.42, 99.46, 99.5, 99.27, 99.31, 99.18, 99.22, 99.21, 99.25, 99.09, 99.23, 98.87, 98.91, 99.0]
2026-06-09 23:37:18,541 [trainer.py] => CNN top1 task curve: [1.0, 0.905, 0.87, 0.8975, 0.82, 0.8117, 0.8271, 0.7962, 0.7922, 0.777, 0.79, 0.7731, 0.7744, 0.7412, 0.7352, 0.7405, 0.7273, 0.7364, 0.7281, 0.7101, 0.7158, 0.7113, 0.7047, 0.6906, 0.6814]
2026-06-09 23:37:18,541 [trainer.py] => CNN top5 curve: [100.0, 100.0, 100.0, 100.0, 100.0, 99.33, 99.29, 98.38, 96.56, 96.2, 96.55, 96.66, 95.92, 94.64, 94.33, 94.43, 93.05, 93.16, 93.1, 91.74, 91.89, 92.12, 91.03, 91.19, 90.9]
2026-06-09 23:37:18,541 [trainer.py] => Average Accuracy (CNN): 77.82
2026-06-09 23:37:18,552 [trainer.py] => All params: 134254251
2026-06-09 23:37:18,564 [trainer.py] => Trainable params: 75845
2026-06-09 23:37:18,564 [bilora.py] => Learning on 125-130
2026-06-09 23:50:00,842 [bilora.py] => Task 25, Epoch 50/50 => Loss 0.025, Train_accy 99.23
2026-06-09 23:50:27,205 [trainer.py] => Timing Task 25 => Train 772.04s, Epochs 50, Train 15.4408s/epoch, Inference 16.60s, Images 2595, Inference 6.3966ms/image
2026-06-09 23:50:27,205 [bilora.py] => Exemplar size: 0
2026-06-09 23:50:27,205 [trainer.py] => No NME accuracy.
2026-06-09 23:50:27,205 [trainer.py] => CNN: {'total': 67.13, '00-04': 98.0, '05-09': 82.0, '10-14': 72.0, '15-19': 88.0, '20-24': 51.0, '25-29': 74.0, '30-34': 83.0, '35-39': 72.0, '40-44': 56.0, '45-49': 58.0, '50-54': 91.0, '55-59': 59.6, '60-64': 77.0, '65-69': 29.0, '70-74': 70.0, '75-79': 70.0, '80-84': 47.47, '85-89': 79.0, '90-94': 77.0, '95-99': 43.43, '100-104': 80.0, '105-109': 68.69, '110-114': 53.0, '115-119': 43.43, '120-124': 77.0, '125-129': 45.0, 'old': 68.02, 'new': 45.0}
2026-06-09 23:50:27,206 [trainer.py] => CNN top1 curve: [100.0, 90.5, 87.0, 89.75, 82.0, 81.17, 82.71, 79.62, 79.11, 77.6, 79.0, 77.31, 77.44, 74.12, 73.52, 74.05, 72.73, 73.64, 72.81, 71.01, 71.58, 71.13, 70.47, 69.06, 68.14, 67.13]
2026-06-09 23:50:27,206 [trainer.py] => CNN top1 with task curve: [100.0, 99.5, 99.67, 99.75, 99.4, 99.5, 99.57, 99.5, 99.44, 99.5, 99.36, 99.42, 99.46, 99.5, 99.27, 99.31, 99.18, 99.22, 99.21, 99.25, 99.09, 99.23, 98.87, 98.91, 99.0, 99.08]
2026-06-09 23:50:27,206 [trainer.py] => CNN top1 task curve: [1.0, 0.905, 0.87, 0.8975, 0.82, 0.8117, 0.8271, 0.7962, 0.7922, 0.777, 0.79, 0.7731, 0.7744, 0.7412, 0.7352, 0.7405, 0.7273, 0.7364, 0.7281, 0.7101, 0.7158, 0.7113, 0.7047, 0.6906, 0.6814, 0.6713]
2026-06-09 23:50:27,206 [trainer.py] => CNN top5 curve: [100.0, 100.0, 100.0, 100.0, 100.0, 99.33, 99.29, 98.38, 96.56, 96.2, 96.55, 96.66, 95.92, 94.64, 94.33, 94.43, 93.05, 93.16, 93.1, 91.74, 91.89, 92.12, 91.03, 91.19, 90.9, 90.25]
2026-06-09 23:50:27,206 [trainer.py] => Average Accuracy (CNN): 77.41
2026-06-09 23:50:27,228 [trainer.py] => All params: 134254251
2026-06-09 23:50:27,239 [trainer.py] => Trainable params: 75845
2026-06-09 23:50:27,239 [bilora.py] => Learning on 130-135
2026-06-10 00:04:10,972 [bilora.py] => Task 26, Epoch 50/50 => Loss 0.021, Train_accy 99.39
2026-06-10 00:04:38,393 [trainer.py] => Timing Task 26 => Train 833.71s, Epochs 50, Train 16.6742s/epoch, Inference 17.44s, Images 2695, Inference 6.4722ms/image
2026-06-10 00:04:38,393 [bilora.py] => Exemplar size: 0
2026-06-10 00:04:38,393 [trainer.py] => No NME accuracy.
2026-06-10 00:04:38,393 [trainer.py] => CNN: {'total': 67.05, '00-04': 98.0, '05-09': 83.0, '10-14': 72.0, '15-19': 87.0, '20-24': 51.0, '25-29': 74.0, '30-34': 83.0, '35-39': 71.0, '40-44': 56.0, '45-49': 60.0, '50-54': 92.0, '55-59': 56.57, '60-64': 77.0, '65-69': 28.0, '70-74': 70.0, '75-79': 69.0, '80-84': 46.46, '85-89': 80.0, '90-94': 77.0, '95-99': 44.44, '100-104': 80.0, '105-109': 66.67, '110-114': 53.0, '115-119': 41.41, '120-124': 78.0, '125-129': 43.0, '130-134': 72.0, 'old': 66.86, 'new': 72.0}
2026-06-10 00:04:38,393 [trainer.py] => CNN top1 curve: [100.0, 90.5, 87.0, 89.75, 82.0, 81.17, 82.71, 79.62, 79.11, 77.6, 79.0, 77.31, 77.44, 74.12, 73.52, 74.05, 72.73, 73.64, 72.81, 71.01, 71.58, 71.13, 70.47, 69.06, 68.14, 67.13, 67.05]
2026-06-10 00:04:38,394 [trainer.py] => CNN top1 with task curve: [100.0, 99.5, 99.67, 99.75, 99.4, 99.5, 99.57, 99.5, 99.44, 99.5, 99.36, 99.42, 99.46, 99.5, 99.27, 99.31, 99.18, 99.22, 99.21, 99.25, 99.09, 99.23, 98.87, 98.91, 99.0, 99.08, 99.04]
2026-06-10 00:04:38,394 [trainer.py] => CNN top1 task curve: [1.0, 0.905, 0.87, 0.8975, 0.82, 0.8117, 0.8271, 0.7962, 0.7922, 0.777, 0.79, 0.7731, 0.7744, 0.7412, 0.7352, 0.7405, 0.7273, 0.7364, 0.7281, 0.7101, 0.7158, 0.7113, 0.7047, 0.6906, 0.6814, 0.6713, 0.6705]
2026-06-10 00:04:38,394 [trainer.py] => CNN top5 curve: [100.0, 100.0, 100.0, 100.0, 100.0, 99.33, 99.29, 98.38, 96.56, 96.2, 96.55, 96.66, 95.92, 94.64, 94.33, 94.43, 93.05, 93.16, 93.1, 91.74, 91.89, 92.12, 91.03, 91.19, 90.9, 90.25, 89.94]
2026-06-10 00:04:38,394 [trainer.py] => Average Accuracy (CNN): 77.02
2026-06-10 00:04:38,405 [trainer.py] => All params: 134254251
2026-06-10 00:04:38,417 [trainer.py] => Trainable params: 75845
2026-06-10 00:04:38,417 [bilora.py] => Learning on 135-140
2026-06-10 00:18:49,901 [bilora.py] => Task 27, Epoch 50/50 => Loss 0.074, Train_accy 97.04
2026-06-10 00:19:19,012 [trainer.py] => Timing Task 27 => Train 862.24s, Epochs 50, Train 17.2449s/epoch, Inference 18.35s, Images 2795, Inference 6.5655ms/image
2026-06-10 00:19:19,013 [bilora.py] => Exemplar size: 0
2026-06-10 00:19:19,013 [trainer.py] => No NME accuracy.
2026-06-10 00:19:19,013 [trainer.py] => CNN: {'total': 66.33, '00-04': 99.0, '05-09': 80.0, '10-14': 72.0, '15-19': 85.0, '20-24': 51.0, '25-29': 74.0, '30-34': 83.0, '35-39': 70.0, '40-44': 56.0, '45-49': 59.0, '50-54': 91.0, '55-59': 57.58, '60-64': 77.0, '65-69': 30.0, '70-74': 70.0, '75-79': 68.0, '80-84': 47.47, '85-89': 79.0, '90-94': 75.0, '95-99': 43.43, '100-104': 79.0, '105-109': 68.69, '110-114': 53.0, '115-119': 40.4, '120-124': 81.0, '125-129': 47.0, '130-134': 73.0, '135-139': 47.0, 'old': 67.05, 'new': 47.0}
2026-06-10 00:19:19,013 [trainer.py] => CNN top1 curve: [100.0, 90.5, 87.0, 89.75, 82.0, 81.17, 82.71, 79.62, 79.11, 77.6, 79.0, 77.31, 77.44, 74.12, 73.52, 74.05, 72.73, 73.64, 72.81, 71.01, 71.58, 71.13, 70.47, 69.06, 68.14, 67.13, 67.05, 66.33]
2026-06-10 00:19:19,013 [trainer.py] => CNN top1 with task curve: [100.0, 99.5, 99.67, 99.75, 99.4, 99.5, 99.57, 99.5, 99.44, 99.5, 99.36, 99.42, 99.46, 99.5, 99.27, 99.31, 99.18, 99.22, 99.21, 99.25, 99.09, 99.23, 98.87, 98.91, 99.0, 99.08, 99.04, 99.11]
2026-06-10 00:19:19,013 [trainer.py] => CNN top1 task curve: [1.0, 0.905, 0.87, 0.8975, 0.82, 0.8117, 0.8271, 0.7962, 0.7922, 0.777, 0.79, 0.7731, 0.7744, 0.7412, 0.7352, 0.7405, 0.7273, 0.7364, 0.7281, 0.7101, 0.7158, 0.7113, 0.7047, 0.6906, 0.6814, 0.6713, 0.6705, 0.6633]
2026-06-10 00:19:19,014 [trainer.py] => CNN top5 curve: [100.0, 100.0, 100.0, 100.0, 100.0, 99.33, 99.29, 98.38, 96.56, 96.2, 96.55, 96.66, 95.92, 94.64, 94.33, 94.43, 93.05, 93.16, 93.1, 91.74, 91.89, 92.12, 91.03, 91.19, 90.9, 90.25, 89.94, 89.23]
2026-06-10 00:19:19,014 [trainer.py] => Average Accuracy (CNN): 76.64
2026-06-10 00:19:19,035 [trainer.py] => All params: 134254251
2026-06-10 00:19:19,045 [trainer.py] => Trainable params: 75845
2026-06-10 00:19:19,045 [bilora.py] => Learning on 140-145
2026-06-10 00:32:54,409 [bilora.py] => Task 28, Epoch 50/50 => Loss 0.017, Train_accy 99.34
2026-06-10 00:33:24,245 [trainer.py] => Timing Task 28 => Train 825.76s, Epochs 50, Train 16.5153s/epoch, Inference 19.44s, Images 2894, Inference 6.7163ms/image
2026-06-10 00:33:24,245 [bilora.py] => Exemplar size: 0
2026-06-10 00:33:24,246 [trainer.py] => No NME accuracy.
2026-06-10 00:33:24,246 [trainer.py] => CNN: {'total': 66.0, '00-04': 97.0, '05-09': 82.0, '10-14': 72.0, '15-19': 85.0, '20-24': 51.0, '25-29': 74.0, '30-34': 80.0, '35-39': 70.0, '40-44': 56.0, '45-49': 59.0, '50-54': 91.0, '55-59': 55.56, '60-64': 77.0, '65-69': 28.0, '70-74': 70.0, '75-79': 67.0, '80-84': 47.47, '85-89': 80.0, '90-94': 77.0, '95-99': 45.45, '100-104': 80.0, '105-109': 69.7, '110-114': 53.0, '115-119': 40.4, '120-124': 82.0, '125-129': 45.0, '130-134': 73.0, '135-139': 48.0, '140-144': 57.58, 'old': 66.3, 'new': 57.58}
2026-06-10 00:33:24,246 [trainer.py] => CNN top1 curve: [100.0, 90.5, 87.0, 89.75, 82.0, 81.17, 82.71, 79.62, 79.11, 77.6, 79.0, 77.31, 77.44, 74.12, 73.52, 74.05, 72.73, 73.64, 72.81, 71.01, 71.58, 71.13, 70.47, 69.06, 68.14, 67.13, 67.05, 66.33, 66.0]
2026-06-10 00:33:24,246 [trainer.py] => CNN top1 with task curve: [100.0, 99.5, 99.67, 99.75, 99.4, 99.5, 99.57, 99.5, 99.44, 99.5, 99.36, 99.42, 99.46, 99.5, 99.27, 99.31, 99.18, 99.22, 99.21, 99.25, 99.09, 99.23, 98.87, 98.91, 99.0, 99.08, 99.04, 99.11, 99.1]
2026-06-10 00:33:24,246 [trainer.py] => CNN top1 task curve: [1.0, 0.905, 0.87, 0.8975, 0.82, 0.8117, 0.8271, 0.7962, 0.7922, 0.777, 0.79, 0.7731, 0.7744, 0.7412, 0.7352, 0.7405, 0.7273, 0.7364, 0.7281, 0.7101, 0.7158, 0.7113, 0.7047, 0.6906, 0.6814, 0.6713, 0.6705, 0.6633, 0.66]
2026-06-10 00:33:24,246 [trainer.py] => CNN top5 curve: [100.0, 100.0, 100.0, 100.0, 100.0, 99.33, 99.29, 98.38, 96.56, 96.2, 96.55, 96.66, 95.92, 94.64, 94.33, 94.43, 93.05, 93.16, 93.1, 91.74, 91.89, 92.12, 91.03, 91.19, 90.9, 90.25, 89.94, 89.23, 89.25]
2026-06-10 00:33:24,247 [trainer.py] => Average Accuracy (CNN): 76.28
2026-06-10 00:33:24,268 [trainer.py] => All params: 134254251
2026-06-10 00:33:24,279 [trainer.py] => Trainable params: 75845
2026-06-10 00:33:24,280 [bilora.py] => Learning on 145-150
2026-06-10 00:47:52,616 [bilora.py] => Task 29, Epoch 50/50 => Loss 0.087, Train_accy 97.13
2026-06-10 00:48:23,252 [trainer.py] => Timing Task 29 => Train 879.32s, Epochs 50, Train 17.5865s/epoch, Inference 19.65s, Images 2994, Inference 6.5631ms/image
2026-06-10 00:48:23,252 [bilora.py] => Exemplar size: 0
2026-06-10 00:48:23,253 [trainer.py] => No NME accuracy.
2026-06-10 00:48:23,253 [trainer.py] => CNN: {'total': 64.8, '00-04': 96.0, '05-09': 81.0, '10-14': 72.0, '15-19': 85.0, '20-24': 53.0, '25-29': 74.0, '30-34': 82.0, '35-39': 67.0, '40-44': 56.0, '45-49': 57.0, '50-54': 90.0, '55-59': 56.57, '60-64': 77.0, '65-69': 28.0, '70-74': 69.0, '75-79': 71.0, '80-84': 52.53, '85-89': 80.0, '90-94': 75.0, '95-99': 44.44, '100-104': 78.0, '105-109': 67.68, '110-114': 53.0, '115-119': 42.42, '120-124': 79.0, '125-129': 46.0, '130-134': 72.0, '135-139': 45.0, '140-144': 57.58, '145-149': 36.0, 'old': 65.79, 'new': 36.0}
2026-06-10 00:48:23,253 [trainer.py] => CNN top1 curve: [100.0, 90.5, 87.0, 89.75, 82.0, 81.17, 82.71, 79.62, 79.11, 77.6, 79.0, 77.31, 77.44, 74.12, 73.52, 74.05, 72.73, 73.64, 72.81, 71.01, 71.58, 71.13, 70.47, 69.06, 68.14, 67.13, 67.05, 66.33, 66.0, 64.8]
2026-06-10 00:48:23,253 [trainer.py] => CNN top1 with task curve: [100.0, 99.5, 99.67, 99.75, 99.4, 99.5, 99.57, 99.5, 99.44, 99.5, 99.36, 99.42, 99.46, 99.5, 99.27, 99.31, 99.18, 99.22, 99.21, 99.25, 99.09, 99.23, 98.87, 98.91, 99.0, 99.08, 99.04, 99.11, 99.1, 99.0]
2026-06-10 00:48:23,253 [trainer.py] => CNN top1 task curve: [1.0, 0.905, 0.87, 0.8975, 0.82, 0.8117, 0.8271, 0.7962, 0.7922, 0.777, 0.79, 0.7731, 0.7744, 0.7412, 0.7352, 0.7405, 0.7273, 0.7364, 0.7281, 0.7101, 0.7158, 0.7113, 0.7047, 0.6906, 0.6814, 0.6713, 0.6705, 0.6633, 0.66, 0.648]
2026-06-10 00:48:23,253 [trainer.py] => CNN top5 curve: [100.0, 100.0, 100.0, 100.0, 100.0, 99.33, 99.29, 98.38, 96.56, 96.2, 96.55, 96.66, 95.92, 94.64, 94.33, 94.43, 93.05, 93.16, 93.1, 91.74, 91.89, 92.12, 91.03, 91.19, 90.9, 90.25, 89.94, 89.23, 89.25, 88.54]
2026-06-10 00:48:23,253 [trainer.py] => Average Accuracy (CNN): 75.89
2026-06-10 00:48:23,264 [trainer.py] => All params: 134254251
2026-06-10 00:48:23,275 [trainer.py] => Trainable params: 75845
2026-06-10 00:48:23,276 [bilora.py] => Learning on 150-155
2026-06-10 01:02:15,265 [bilora.py] => Task 30, Epoch 50/50 => Loss 0.077, Train_accy 97.20
2026-06-10 01:02:47,366 [trainer.py] => Timing Task 30 => Train 842.78s, Epochs 50, Train 16.8557s/epoch, Inference 21.31s, Images 3093, Inference 6.8885ms/image
2026-06-10 01:02:47,366 [bilora.py] => Exemplar size: 0
2026-06-10 01:02:47,366 [trainer.py] => No NME accuracy.
2026-06-10 01:02:47,367 [trainer.py] => CNN: {'total': 64.82, '00-04': 98.0, '05-09': 81.0, '10-14': 72.0, '15-19': 84.0, '20-24': 54.0, '25-29': 74.0, '30-34': 86.0, '35-39': 68.0, '40-44': 56.0, '45-49': 56.0, '50-54': 90.0, '55-59': 58.59, '60-64': 76.0, '65-69': 30.0, '70-74': 70.0, '75-79': 66.0, '80-84': 49.49, '85-89': 80.0, '90-94': 76.0, '95-99': 42.42, '100-104': 79.0, '105-109': 68.69, '110-114': 53.0, '115-119': 42.42, '120-124': 77.0, '125-129': 50.0, '130-134': 72.0, '135-139': 48.0, '140-144': 56.57, '145-149': 34.0, '150-154': 60.61, 'old': 64.96, 'new': 60.61}
2026-06-10 01:02:47,367 [trainer.py] => CNN top1 curve: [100.0, 90.5, 87.0, 89.75, 82.0, 81.17, 82.71, 79.62, 79.11, 77.6, 79.0, 77.31, 77.44, 74.12, 73.52, 74.05, 72.73, 73.64, 72.81, 71.01, 71.58, 71.13, 70.47, 69.06, 68.14, 67.13, 67.05, 66.33, 66.0, 64.8, 64.82]
2026-06-10 01:02:47,367 [trainer.py] => CNN top1 with task curve: [100.0, 99.5, 99.67, 99.75, 99.4, 99.5, 99.57, 99.5, 99.44, 99.5, 99.36, 99.42, 99.46, 99.5, 99.27, 99.31, 99.18, 99.22, 99.21, 99.25, 99.09, 99.23, 98.87, 98.91, 99.0, 99.08, 99.04, 99.11, 99.1, 99.0, 98.8]
2026-06-10 01:02:47,367 [trainer.py] => CNN top1 task curve: [1.0, 0.905, 0.87, 0.8975, 0.82, 0.8117, 0.8271, 0.7962, 0.7922, 0.777, 0.79, 0.7731, 0.7744, 0.7412, 0.7352, 0.7405, 0.7273, 0.7364, 0.7281, 0.7101, 0.7158, 0.7113, 0.7047, 0.6906, 0.6814, 0.6713, 0.6705, 0.6633, 0.66, 0.648, 0.6489]
2026-06-10 01:02:47,367 [trainer.py] => CNN top5 curve: [100.0, 100.0, 100.0, 100.0, 100.0, 99.33, 99.29, 98.38, 96.56, 96.2, 96.55, 96.66, 95.92, 94.64, 94.33, 94.43, 93.05, 93.16, 93.1, 91.74, 91.89, 92.12, 91.03, 91.19, 90.9, 90.25, 89.94, 89.23, 89.25, 88.54, 88.39]
2026-06-10 01:02:47,367 [trainer.py] => Average Accuracy (CNN): 75.54
2026-06-10 01:02:47,390 [trainer.py] => All params: 134254251
2026-06-10 01:02:47,401 [trainer.py] => Trainable params: 75845
2026-06-10 01:02:47,401 [bilora.py] => Learning on 155-160
2026-06-10 01:16:59,121 [bilora.py] => Task 31, Epoch 50/50 => Loss 0.020, Train_accy 99.15
2026-06-10 01:17:32,066 [trainer.py] => Timing Task 31 => Train 862.72s, Epochs 50, Train 17.2545s/epoch, Inference 21.94s, Images 3193, Inference 6.8716ms/image
2026-06-10 01:17:32,066 [bilora.py] => Exemplar size: 0
2026-06-10 01:17:32,066 [trainer.py] => No NME accuracy.
2026-06-10 01:17:32,066 [trainer.py] => CNN: {'total': 64.42, '00-04': 92.0, '05-09': 79.0, '10-14': 71.0, '15-19': 83.0, '20-24': 53.0, '25-29': 74.0, '30-34': 85.0, '35-39': 68.0, '40-44': 55.0, '45-49': 56.0, '50-54': 91.0, '55-59': 56.57, '60-64': 76.0, '65-69': 27.0, '70-74': 69.0, '75-79': 67.0, '80-84': 48.48, '85-89': 79.0, '90-94': 77.0, '95-99': 43.43, '100-104': 80.0, '105-109': 67.68, '110-114': 53.0, '115-119': 43.43, '120-124': 70.0, '125-129': 44.0, '130-134': 72.0, '135-139': 48.0, '140-144': 57.58, '145-149': 32.0, '150-154': 61.62, '155-159': 81.0, 'old': 63.89, 'new': 81.0}
2026-06-10 01:17:32,066 [trainer.py] => CNN top1 curve: [100.0, 90.5, 87.0, 89.75, 82.0, 81.17, 82.71, 79.62, 79.11, 77.6, 79.0, 77.31, 77.44, 74.12, 73.52, 74.05, 72.73, 73.64, 72.81, 71.01, 71.58, 71.13, 70.47, 69.06, 68.14, 67.13, 67.05, 66.33, 66.0, 64.8, 64.82, 64.42]
2026-06-10 01:17:32,066 [trainer.py] => CNN top1 with task curve: [100.0, 99.5, 99.67, 99.75, 99.4, 99.5, 99.57, 99.5, 99.44, 99.5, 99.36, 99.42, 99.46, 99.5, 99.27, 99.31, 99.18, 99.22, 99.21, 99.25, 99.09, 99.23, 98.87, 98.91, 99.0, 99.08, 99.04, 99.11, 99.1, 99.0, 98.8, 98.84]
2026-06-10 01:17:32,066 [trainer.py] => CNN top1 task curve: [1.0, 0.905, 0.87, 0.8975, 0.82, 0.8117, 0.8271, 0.7962, 0.7922, 0.777, 0.79, 0.7731, 0.7744, 0.7412, 0.7352, 0.7405, 0.7273, 0.7364, 0.7281, 0.7101, 0.7158, 0.7113, 0.7047, 0.6906, 0.6814, 0.6713, 0.6705, 0.6633, 0.66, 0.648, 0.6489, 0.6448]
2026-06-10 01:17:32,066 [trainer.py] => CNN top5 curve: [100.0, 100.0, 100.0, 100.0, 100.0, 99.33, 99.29, 98.38, 96.56, 96.2, 96.55, 96.66, 95.92, 94.64, 94.33, 94.43, 93.05, 93.16, 93.1, 91.74, 91.89, 92.12, 91.03, 91.19, 90.9, 90.25, 89.94, 89.23, 89.25, 88.54, 88.39, 87.82]
2026-06-10 01:17:32,066 [trainer.py] => Average Accuracy (CNN): 75.19
2026-06-10 01:17:32,077 [trainer.py] => All params: 134254251
2026-06-10 01:17:32,088 [trainer.py] => Trainable params: 75845
2026-06-10 01:17:32,088 [bilora.py] => Learning on 160-165
2026-06-10 01:31:43,797 [bilora.py] => Task 32, Epoch 50/50 => Loss 0.027, Train_accy 99.34
2026-06-10 01:32:17,734 [trainer.py] => Timing Task 32 => Train 862.97s, Epochs 50, Train 17.2595s/epoch, Inference 22.67s, Images 3293, Inference 6.8854ms/image
2026-06-10 01:32:17,735 [bilora.py] => Exemplar size: 0
2026-06-10 01:32:17,735 [trainer.py] => No NME accuracy.
2026-06-10 01:32:17,735 [trainer.py] => CNN: {'total': 63.47, '00-04': 91.0, '05-09': 77.0, '10-14': 70.0, '15-19': 80.0, '20-24': 53.0, '25-29': 74.0, '30-34': 81.0, '35-39': 66.0, '40-44': 54.0, '45-49': 58.0, '50-54': 89.0, '55-59': 54.55, '60-64': 75.0, '65-69': 28.0, '70-74': 68.0, '75-79': 68.0, '80-84': 49.49, '85-89': 79.0, '90-94': 78.0, '95-99': 42.42, '100-104': 78.0, '105-109': 69.7, '110-114': 53.0, '115-119': 44.44, '120-124': 70.0, '125-129': 46.0, '130-134': 71.0, '135-139': 47.0, '140-144': 55.56, '145-149': 32.0, '150-154': 60.61, '155-159': 83.0, '160-164': 48.0, 'old': 63.95, 'new': 48.0}
2026-06-10 01:32:17,736 [trainer.py] => CNN top1 curve: [100.0, 90.5, 87.0, 89.75, 82.0, 81.17, 82.71, 79.62, 79.11, 77.6, 79.0, 77.31, 77.44, 74.12, 73.52, 74.05, 72.73, 73.64, 72.81, 71.01, 71.58, 71.13, 70.47, 69.06, 68.14, 67.13, 67.05, 66.33, 66.0, 64.8, 64.82, 64.42, 63.47]
2026-06-10 01:32:17,736 [trainer.py] => CNN top1 with task curve: [100.0, 99.5, 99.67, 99.75, 99.4, 99.5, 99.57, 99.5, 99.44, 99.5, 99.36, 99.42, 99.46, 99.5, 99.27, 99.31, 99.18, 99.22, 99.21, 99.25, 99.09, 99.23, 98.87, 98.91, 99.0, 99.08, 99.04, 99.11, 99.1, 99.0, 98.8, 98.84, 98.82]
2026-06-10 01:32:17,736 [trainer.py] => CNN top1 task curve: [1.0, 0.905, 0.87, 0.8975, 0.82, 0.8117, 0.8271, 0.7962, 0.7922, 0.777, 0.79, 0.7731, 0.7744, 0.7412, 0.7352, 0.7405, 0.7273, 0.7364, 0.7281, 0.7101, 0.7158, 0.7113, 0.7047, 0.6906, 0.6814, 0.6713, 0.6705, 0.6633, 0.66, 0.648, 0.6489, 0.6448, 0.6353]
2026-06-10 01:32:17,736 [trainer.py] => CNN top5 curve: [100.0, 100.0, 100.0, 100.0, 100.0, 99.33, 99.29, 98.38, 96.56, 96.2, 96.55, 96.66, 95.92, 94.64, 94.33, 94.43, 93.05, 93.16, 93.1, 91.74, 91.89, 92.12, 91.03, 91.19, 90.9, 90.25, 89.94, 89.23, 89.25, 88.54, 88.39, 87.82, 87.18]
2026-06-10 01:32:17,736 [trainer.py] => Average Accuracy (CNN): 74.83
2026-06-10 01:32:17,757 [trainer.py] => All params: 134254251
2026-06-10 01:32:17,768 [trainer.py] => Trainable params: 75845
2026-06-10 01:32:17,768 [bilora.py] => Learning on 165-170
2026-06-10 01:46:19,710 [bilora.py] => Task 33, Epoch 50/50 => Loss 0.006, Train_accy 99.80
2026-06-10 01:46:54,711 [trainer.py] => Timing Task 33 => Train 852.97s, Epochs 50, Train 17.0594s/epoch, Inference 23.97s, Images 3392, Inference 7.0677ms/image
2026-06-10 01:46:54,712 [bilora.py] => Exemplar size: 0
2026-06-10 01:46:54,712 [trainer.py] => No NME accuracy.
2026-06-10 01:46:54,712 [trainer.py] => CNN: {'total': 62.68, '00-04': 90.0, '05-09': 77.0, '10-14': 70.0, '15-19': 83.0, '20-24': 51.0, '25-29': 74.0, '30-34': 79.0, '35-39': 62.0, '40-44': 56.0, '45-49': 57.0, '50-54': 88.0, '55-59': 53.54, '60-64': 76.0, '65-69': 26.0, '70-74': 59.0, '75-79': 69.0, '80-84': 49.49, '85-89': 78.0, '90-94': 76.0, '95-99': 42.42, '100-104': 80.0, '105-109': 67.68, '110-114': 49.0, '115-119': 41.41, '120-124': 69.0, '125-129': 43.0, '130-134': 71.0, '135-139': 47.0, '140-144': 55.56, '145-149': 33.0, '150-154': 60.61, '155-159': 83.0, '160-164': 48.0, '165-169': 65.66, 'old': 62.59, 'new': 65.66}
2026-06-10 01:46:54,712 [trainer.py] => CNN top1 curve: [100.0, 90.5, 87.0, 89.75, 82.0, 81.17, 82.71, 79.62, 79.11, 77.6, 79.0, 77.31, 77.44, 74.12, 73.52, 74.05, 72.73, 73.64, 72.81, 71.01, 71.58, 71.13, 70.47, 69.06, 68.14, 67.13, 67.05, 66.33, 66.0, 64.8, 64.82, 64.42, 63.47, 62.68]
2026-06-10 01:46:54,712 [trainer.py] => CNN top1 with task curve: [100.0, 99.5, 99.67, 99.75, 99.4, 99.5, 99.57, 99.5, 99.44, 99.5, 99.36, 99.42, 99.46, 99.5, 99.27, 99.31, 99.18, 99.22, 99.21, 99.25, 99.09, 99.23, 98.87, 98.91, 99.0, 99.08, 99.04, 99.11, 99.1, 99.0, 98.8, 98.84, 98.82, 98.88]
2026-06-10 01:46:54,712 [trainer.py] => CNN top1 task curve: [1.0, 0.905, 0.87, 0.8975, 0.82, 0.8117, 0.8271, 0.7962, 0.7922, 0.777, 0.79, 0.7731, 0.7744, 0.7412, 0.7352, 0.7405, 0.7273, 0.7364, 0.7281, 0.7101, 0.7158, 0.7113, 0.7047, 0.6906, 0.6814, 0.6713, 0.6705, 0.6633, 0.66, 0.648, 0.6489, 0.6448, 0.6353, 0.6274]
2026-06-10 01:46:54,712 [trainer.py] => CNN top5 curve: [100.0, 100.0, 100.0, 100.0, 100.0, 99.33, 99.29, 98.38, 96.56, 96.2, 96.55, 96.66, 95.92, 94.64, 94.33, 94.43, 93.05, 93.16, 93.1, 91.74, 91.89, 92.12, 91.03, 91.19, 90.9, 90.25, 89.94, 89.23, 89.25, 88.54, 88.39, 87.82, 87.18, 86.35]
2026-06-10 01:46:54,712 [trainer.py] => Average Accuracy (CNN): 74.48
2026-06-10 01:46:54,728 [trainer.py] => All params: 134254251
2026-06-10 01:46:54,742 [trainer.py] => Trainable params: 75845
2026-06-10 01:46:54,743 [bilora.py] => Learning on 170-175
2026-06-10 02:00:13,585 [bilora.py] => Task 34, Epoch 50/50 => Loss 0.013, Train_accy 99.64
2026-06-10 02:00:48,615 [trainer.py] => Timing Task 34 => Train 809.25s, Epochs 50, Train 16.1851s/epoch, Inference 24.62s, Images 3492, Inference 7.0501ms/image
2026-06-10 02:00:48,616 [bilora.py] => Exemplar size: 0
2026-06-10 02:00:48,616 [trainer.py] => No NME accuracy.
2026-06-10 02:00:48,616 [trainer.py] => CNN: {'total': 62.51, '00-04': 89.0, '05-09': 77.0, '10-14': 71.0, '15-19': 83.0, '20-24': 51.0, '25-29': 74.0, '30-34': 81.0, '35-39': 66.0, '40-44': 56.0, '45-49': 56.0, '50-54': 87.0, '55-59': 52.53, '60-64': 76.0, '65-69': 25.0, '70-74': 58.0, '75-79': 69.0, '80-84': 49.49, '85-89': 78.0, '90-94': 76.0, '95-99': 43.43, '100-104': 79.0, '105-109': 66.67, '110-114': 50.0, '115-119': 41.41, '120-124': 69.0, '125-129': 44.0, '130-134': 72.0, '135-139': 48.0, '140-144': 55.56, '145-149': 27.0, '150-154': 61.62, '155-159': 85.0, '160-164': 48.0, '165-169': 66.67, '170-174': 55.0, 'old': 62.74, 'new': 55.0}
2026-06-10 02:00:48,616 [trainer.py] => CNN top1 curve: [100.0, 90.5, 87.0, 89.75, 82.0, 81.17, 82.71, 79.62, 79.11, 77.6, 79.0, 77.31, 77.44, 74.12, 73.52, 74.05, 72.73, 73.64, 72.81, 71.01, 71.58, 71.13, 70.47, 69.06, 68.14, 67.13, 67.05, 66.33, 66.0, 64.8, 64.82, 64.42, 63.47, 62.68, 62.51]
2026-06-10 02:00:48,617 [trainer.py] => CNN top1 with task curve: [100.0, 99.5, 99.67, 99.75, 99.4, 99.5, 99.57, 99.5, 99.44, 99.5, 99.36, 99.42, 99.46, 99.5, 99.27, 99.31, 99.18, 99.22, 99.21, 99.25, 99.09, 99.23, 98.87, 98.91, 99.0, 99.08, 99.04, 99.11, 99.1, 99.0, 98.8, 98.84, 98.82, 98.88, 98.94]
2026-06-10 02:00:48,617 [trainer.py] => CNN top1 task curve: [1.0, 0.905, 0.87, 0.8975, 0.82, 0.8117, 0.8271, 0.7962, 0.7922, 0.777, 0.79, 0.7731, 0.7744, 0.7412, 0.7352, 0.7405, 0.7273, 0.7364, 0.7281, 0.7101, 0.7158, 0.7113, 0.7047, 0.6906, 0.6814, 0.6713, 0.6705, 0.6633, 0.66, 0.648, 0.6489, 0.6448, 0.6353, 0.6274, 0.6257]
2026-06-10 02:00:48,617 [trainer.py] => CNN top5 curve: [100.0, 100.0, 100.0, 100.0, 100.0, 99.33, 99.29, 98.38, 96.56, 96.2, 96.55, 96.66, 95.92, 94.64, 94.33, 94.43, 93.05, 93.16, 93.1, 91.74, 91.89, 92.12, 91.03, 91.19, 90.9, 90.25, 89.94, 89.23, 89.25, 88.54, 88.39, 87.82, 87.18, 86.35, 86.57]
2026-06-10 02:00:48,617 [trainer.py] => Average Accuracy (CNN): 74.13
2026-06-10 02:00:48,637 [trainer.py] => All params: 134254251
2026-06-10 02:00:48,647 [trainer.py] => Trainable params: 75845
2026-06-10 02:00:48,647 [bilora.py] => Learning on 175-180
2026-06-10 02:14:34,219 [bilora.py] => Task 35, Epoch 50/50 => Loss 0.046, Train_accy 98.67
2026-06-10 02:15:10,596 [trainer.py] => Timing Task 35 => Train 836.80s, Epochs 50, Train 16.7360s/epoch, Inference 25.15s, Images 3592, Inference 7.0014ms/image
2026-06-10 02:15:10,596 [bilora.py] => Exemplar size: 0
2026-06-10 02:15:10,596 [trainer.py] => No NME accuracy.
2026-06-10 02:15:10,597 [trainer.py] => CNN: {'total': 61.33, '00-04': 89.0, '05-09': 77.0, '10-14': 71.0, '15-19': 81.0, '20-24': 51.0, '25-29': 74.0, '30-34': 78.0, '35-39': 67.0, '40-44': 55.0, '45-49': 56.0, '50-54': 88.0, '55-59': 55.56, '60-64': 76.0, '65-69': 26.0, '70-74': 59.0, '75-79': 68.0, '80-84': 50.51, '85-89': 76.0, '90-94': 75.0, '95-99': 44.44, '100-104': 78.0, '105-109': 66.67, '110-114': 50.0, '115-119': 42.42, '120-124': 68.0, '125-129': 46.0, '130-134': 70.0, '135-139': 49.0, '140-144': 55.56, '145-149': 27.0, '150-154': 59.6, '155-159': 85.0, '160-164': 49.0, '165-169': 65.66, '170-174': 56.0, '175-179': 22.0, 'old': 62.46, 'new': 22.0}
2026-06-10 02:15:10,597 [trainer.py] => CNN top1 curve: [100.0, 90.5, 87.0, 89.75, 82.0, 81.17, 82.71, 79.62, 79.11, 77.6, 79.0, 77.31, 77.44, 74.12, 73.52, 74.05, 72.73, 73.64, 72.81, 71.01, 71.58, 71.13, 70.47, 69.06, 68.14, 67.13, 67.05, 66.33, 66.0, 64.8, 64.82, 64.42, 63.47, 62.68, 62.51, 61.33]
2026-06-10 02:15:10,597 [trainer.py] => CNN top1 with task curve: [100.0, 99.5, 99.67, 99.75, 99.4, 99.5, 99.57, 99.5, 99.44, 99.5, 99.36, 99.42, 99.46, 99.5, 99.27, 99.31, 99.18, 99.22, 99.21, 99.25, 99.09, 99.23, 98.87, 98.91, 99.0, 99.08, 99.04, 99.11, 99.1, 99.0, 98.8, 98.84, 98.82, 98.88, 98.94, 98.91]
2026-06-10 02:15:10,597 [trainer.py] => CNN top1 task curve: [1.0, 0.905, 0.87, 0.8975, 0.82, 0.8117, 0.8271, 0.7962, 0.7922, 0.777, 0.79, 0.7731, 0.7744, 0.7412, 0.7352, 0.7405, 0.7273, 0.7364, 0.7281, 0.7101, 0.7158, 0.7113, 0.7047, 0.6906, 0.6814, 0.6713, 0.6705, 0.6633, 0.66, 0.648, 0.6489, 0.6448, 0.6353, 0.6274, 0.6257, 0.6139]
2026-06-10 02:15:10,597 [trainer.py] => CNN top5 curve: [100.0, 100.0, 100.0, 100.0, 100.0, 99.33, 99.29, 98.38, 96.56, 96.2, 96.55, 96.66, 95.92, 94.64, 94.33, 94.43, 93.05, 93.16, 93.1, 91.74, 91.89, 92.12, 91.03, 91.19, 90.9, 90.25, 89.94, 89.23, 89.25, 88.54, 88.39, 87.82, 87.18, 86.35, 86.57, 86.3]
2026-06-10 02:15:10,597 [trainer.py] => Average Accuracy (CNN): 73.78
2026-06-10 02:15:10,617 [trainer.py] => All params: 134254251
2026-06-10 02:15:10,627 [trainer.py] => Trainable params: 75845
2026-06-10 02:15:10,627 [bilora.py] => Learning on 180-185
2026-06-10 02:29:34,315 [bilora.py] => Task 36, Epoch 50/50 => Loss 0.030, Train_accy 99.11
2026-06-10 02:30:12,179 [trainer.py] => Timing Task 36 => Train 875.39s, Epochs 50, Train 17.5079s/epoch, Inference 26.16s, Images 3690, Inference 7.0892ms/image
2026-06-10 02:30:12,180 [bilora.py] => Exemplar size: 0
2026-06-10 02:30:12,180 [trainer.py] => No NME accuracy.
2026-06-10 02:30:12,180 [trainer.py] => CNN: {'total': 61.73, '00-04': 86.0, '05-09': 77.0, '10-14': 72.0, '15-19': 82.0, '20-24': 49.0, '25-29': 74.0, '30-34': 81.0, '35-39': 63.0, '40-44': 56.0, '45-49': 55.0, '50-54': 87.0, '55-59': 54.55, '60-64': 77.0, '65-69': 23.0, '70-74': 58.0, '75-79': 68.0, '80-84': 51.52, '85-89': 77.0, '90-94': 74.0, '95-99': 43.43, '100-104': 78.0, '105-109': 68.69, '110-114': 50.0, '115-119': 41.41, '120-124': 70.0, '125-129': 44.0, '130-134': 69.0, '135-139': 48.0, '140-144': 54.55, '145-149': 28.0, '150-154': 61.62, '155-159': 83.0, '160-164': 52.0, '165-169': 66.67, '170-174': 58.0, '175-179': 22.0, '180-184': 80.61, 'old': 61.22, 'new': 80.61}
2026-06-10 02:30:12,180 [trainer.py] => CNN top1 curve: [100.0, 90.5, 87.0, 89.75, 82.0, 81.17, 82.71, 79.62, 79.11, 77.6, 79.0, 77.31, 77.44, 74.12, 73.52, 74.05, 72.73, 73.64, 72.81, 71.01, 71.58, 71.13, 70.47, 69.06, 68.14, 67.13, 67.05, 66.33, 66.0, 64.8, 64.82, 64.42, 63.47, 62.68, 62.51, 61.33, 61.73]
2026-06-10 02:30:12,180 [trainer.py] => CNN top1 with task curve: [100.0, 99.5, 99.67, 99.75, 99.4, 99.5, 99.57, 99.5, 99.44, 99.5, 99.36, 99.42, 99.46, 99.5, 99.27, 99.31, 99.18, 99.22, 99.21, 99.25, 99.09, 99.23, 98.87, 98.91, 99.0, 99.08, 99.04, 99.11, 99.1, 99.0, 98.8, 98.84, 98.82, 98.88, 98.94, 98.91, 98.94]
2026-06-10 02:30:12,181 [trainer.py] => CNN top1 task curve: [1.0, 0.905, 0.87, 0.8975, 0.82, 0.8117, 0.8271, 0.7962, 0.7922, 0.777, 0.79, 0.7731, 0.7744, 0.7412, 0.7352, 0.7405, 0.7273, 0.7364, 0.7281, 0.7101, 0.7158, 0.7113, 0.7047, 0.6906, 0.6814, 0.6713, 0.6705, 0.6633, 0.66, 0.648, 0.6489, 0.6448, 0.6353, 0.6274, 0.6257, 0.6139, 0.6179]
2026-06-10 02:30:12,181 [trainer.py] => CNN top5 curve: [100.0, 100.0, 100.0, 100.0, 100.0, 99.33, 99.29, 98.38, 96.56, 96.2, 96.55, 96.66, 95.92, 94.64, 94.33, 94.43, 93.05, 93.16, 93.1, 91.74, 91.89, 92.12, 91.03, 91.19, 90.9, 90.25, 89.94, 89.23, 89.25, 88.54, 88.39, 87.82, 87.18, 86.35, 86.57, 86.3, 86.29]
2026-06-10 02:30:12,181 [trainer.py] => Average Accuracy (CNN): 73.45
2026-06-10 02:30:12,201 [trainer.py] => All params: 134254251
2026-06-10 02:30:12,211 [trainer.py] => Trainable params: 75845
2026-06-10 02:30:12,211 [bilora.py] => Learning on 185-190
2026-06-10 02:44:32,784 [bilora.py] => Task 37, Epoch 50/50 => Loss 0.014, Train_accy 99.60
2026-06-10 02:45:11,350 [trainer.py] => Timing Task 37 => Train 872.08s, Epochs 50, Train 17.4417s/epoch, Inference 27.05s, Images 3790, Inference 7.1385ms/image
2026-06-10 02:45:11,351 [bilora.py] => Exemplar size: 0
2026-06-10 02:45:11,351 [trainer.py] => No NME accuracy.
2026-06-10 02:45:11,351 [trainer.py] => CNN: {'total': 60.66, '00-04': 86.0, '05-09': 76.0, '10-14': 71.0, '15-19': 84.0, '20-24': 49.0, '25-29': 73.0, '30-34': 80.0, '35-39': 63.0, '40-44': 56.0, '45-49': 55.0, '50-54': 87.0, '55-59': 53.54, '60-64': 77.0, '65-69': 22.0, '70-74': 58.0, '75-79': 69.0, '80-84': 50.51, '85-89': 77.0, '90-94': 73.0, '95-99': 43.43, '100-104': 80.0, '105-109': 67.68, '110-114': 50.0, '115-119': 41.41, '120-124': 69.0, '125-129': 40.0, '130-134': 71.0, '135-139': 45.0, '140-144': 54.55, '145-149': 27.0, '150-154': 61.62, '155-159': 83.0, '160-164': 52.0, '165-169': 66.67, '170-174': 55.0, '175-179': 22.0, '180-184': 80.61, '185-189': 35.0, 'old': 61.36, 'new': 35.0}
2026-06-10 02:45:11,351 [trainer.py] => CNN top1 curve: [100.0, 90.5, 87.0, 89.75, 82.0, 81.17, 82.71, 79.62, 79.11, 77.6, 79.0, 77.31, 77.44, 74.12, 73.52, 74.05, 72.73, 73.64, 72.81, 71.01, 71.58, 71.13, 70.47, 69.06, 68.14, 67.13, 67.05, 66.33, 66.0, 64.8, 64.82, 64.42, 63.47, 62.68, 62.51, 61.33, 61.73, 60.66]
2026-06-10 02:45:11,351 [trainer.py] => CNN top1 with task curve: [100.0, 99.5, 99.67, 99.75, 99.4, 99.5, 99.57, 99.5, 99.44, 99.5, 99.36, 99.42, 99.46, 99.5, 99.27, 99.31, 99.18, 99.22, 99.21, 99.25, 99.09, 99.23, 98.87, 98.91, 99.0, 99.08, 99.04, 99.11, 99.1, 99.0, 98.8, 98.84, 98.82, 98.88, 98.94, 98.91, 98.94, 99.0]
2026-06-10 02:45:11,351 [trainer.py] => CNN top1 task curve: [1.0, 0.905, 0.87, 0.8975, 0.82, 0.8117, 0.8271, 0.7962, 0.7922, 0.777, 0.79, 0.7731, 0.7744, 0.7412, 0.7352, 0.7405, 0.7273, 0.7364, 0.7281, 0.7101, 0.7158, 0.7113, 0.7047, 0.6906, 0.6814, 0.6713, 0.6705, 0.6633, 0.66, 0.648, 0.6489, 0.6448, 0.6353, 0.6274, 0.6257, 0.6139, 0.6179, 0.6071]
2026-06-10 02:45:11,351 [trainer.py] => CNN top5 curve: [100.0, 100.0, 100.0, 100.0, 100.0, 99.33, 99.29, 98.38, 96.56, 96.2, 96.55, 96.66, 95.92, 94.64, 94.33, 94.43, 93.05, 93.16, 93.1, 91.74, 91.89, 92.12, 91.03, 91.19, 90.9, 90.25, 89.94, 89.23, 89.25, 88.54, 88.39, 87.82, 87.18, 86.35, 86.57, 86.3, 86.29, 85.88]
2026-06-10 02:45:11,351 [trainer.py] => Average Accuracy (CNN): 73.12
2026-06-10 02:45:11,369 [trainer.py] => All params: 134254251
2026-06-10 02:45:11,382 [trainer.py] => Trainable params: 75845
2026-06-10 02:45:11,383 [bilora.py] => Learning on 190-195
2026-06-10 02:59:28,839 [bilora.py] => Task 38, Epoch 50/50 => Loss 0.020, Train_accy 99.52
2026-06-10 03:00:09,468 [trainer.py] => Timing Task 38 => Train 868.86s, Epochs 50, Train 17.3773s/epoch, Inference 29.22s, Images 3890, Inference 7.5116ms/image
2026-06-10 03:00:09,468 [bilora.py] => Exemplar size: 0
2026-06-10 03:00:09,469 [trainer.py] => No NME accuracy.
2026-06-10 03:00:09,469 [trainer.py] => CNN: {'total': 60.77, '00-04': 85.0, '05-09': 76.0, '10-14': 70.0, '15-19': 78.0, '20-24': 49.0, '25-29': 73.0, '30-34': 80.0, '35-39': 64.0, '40-44': 57.0, '45-49': 53.0, '50-54': 87.0, '55-59': 54.55, '60-64': 77.0, '65-69': 24.0, '70-74': 58.0, '75-79': 69.0, '80-84': 49.49, '85-89': 77.0, '90-94': 73.0, '95-99': 43.43, '100-104': 82.0, '105-109': 67.68, '110-114': 48.0, '115-119': 44.44, '120-124': 69.0, '125-129': 40.0, '130-134': 69.0, '135-139': 46.0, '140-144': 54.55, '145-149': 27.0, '150-154': 62.63, '155-159': 84.0, '160-164': 53.0, '165-169': 67.68, '170-174': 57.0, '175-179': 22.0, '180-184': 80.61, '185-189': 35.0, '190-194': 63.0, 'old': 60.71, 'new': 63.0}
2026-06-10 03:00:09,469 [trainer.py] => CNN top1 curve: [100.0, 90.5, 87.0, 89.75, 82.0, 81.17, 82.71, 79.62, 79.11, 77.6, 79.0, 77.31, 77.44, 74.12, 73.52, 74.05, 72.73, 73.64, 72.81, 71.01, 71.58, 71.13, 70.47, 69.06, 68.14, 67.13, 67.05, 66.33, 66.0, 64.8, 64.82, 64.42, 63.47, 62.68, 62.51, 61.33, 61.73, 60.66, 60.77]
2026-06-10 03:00:09,469 [trainer.py] => CNN top1 with task curve: [100.0, 99.5, 99.67, 99.75, 99.4, 99.5, 99.57, 99.5, 99.44, 99.5, 99.36, 99.42, 99.46, 99.5, 99.27, 99.31, 99.18, 99.22, 99.21, 99.25, 99.09, 99.23, 98.87, 98.91, 99.0, 99.08, 99.04, 99.11, 99.1, 99.0, 98.8, 98.84, 98.82, 98.88, 98.94, 98.91, 98.94, 99.0, 98.97]
2026-06-10 03:00:09,469 [trainer.py] => CNN top1 task curve: [1.0, 0.905, 0.87, 0.8975, 0.82, 0.8117, 0.8271, 0.7962, 0.7922, 0.777, 0.79, 0.7731, 0.7744, 0.7412, 0.7352, 0.7405, 0.7273, 0.7364, 0.7281, 0.7101, 0.7158, 0.7113, 0.7047, 0.6906, 0.6814, 0.6713, 0.6705, 0.6633, 0.66, 0.648, 0.6489, 0.6448, 0.6353, 0.6274, 0.6257, 0.6139, 0.6179, 0.6071, 0.6082]
2026-06-10 03:00:09,470 [trainer.py] => CNN top5 curve: [100.0, 100.0, 100.0, 100.0, 100.0, 99.33, 99.29, 98.38, 96.56, 96.2, 96.55, 96.66, 95.92, 94.64, 94.33, 94.43, 93.05, 93.16, 93.1, 91.74, 91.89, 92.12, 91.03, 91.19, 90.9, 90.25, 89.94, 89.23, 89.25, 88.54, 88.39, 87.82, 87.18, 86.35, 86.57, 86.3, 86.29, 85.88, 86.04]
2026-06-10 03:00:09,470 [trainer.py] => Average Accuracy (CNN): 72.8
2026-06-10 03:00:09,490 [trainer.py] => All params: 134254251
2026-06-10 03:00:09,500 [trainer.py] => Trainable params: 75845
2026-06-10 03:00:09,501 [bilora.py] => Learning on 195-200
2026-06-10 03:14:35,100 [bilora.py] => Task 39, Epoch 50/50 => Loss 0.015, Train_accy 99.36
2026-06-10 03:15:16,530 [trainer.py] => Timing Task 39 => Train 877.07s, Epochs 50, Train 17.5414s/epoch, Inference 29.96s, Images 3990, Inference 7.5087ms/image
2026-06-10 03:15:16,531 [bilora.py] => Exemplar size: 0
2026-06-10 03:15:16,531 [trainer.py] => No NME accuracy.
2026-06-10 03:15:16,531 [trainer.py] => CNN: {'total': 59.67, '00-04': 84.0, '05-09': 75.0, '10-14': 71.0, '15-19': 79.0, '20-24': 48.0, '25-29': 72.0, '30-34': 79.0, '35-39': 60.0, '40-44': 55.0, '45-49': 52.0, '50-54': 87.0, '55-59': 53.54, '60-64': 74.0, '65-69': 22.0, '70-74': 57.0, '75-79': 69.0, '80-84': 49.49, '85-89': 76.0, '90-94': 70.0, '95-99': 40.4, '100-104': 81.0, '105-109': 68.69, '110-114': 47.0, '115-119': 42.42, '120-124': 70.0, '125-129': 37.0, '130-134': 69.0, '135-139': 46.0, '140-144': 53.54, '145-149': 28.0, '150-154': 59.6, '155-159': 83.0, '160-164': 50.0, '165-169': 66.67, '170-174': 55.0, '175-179': 23.0, '180-184': 80.61, '185-189': 35.0, '190-194': 64.0, '195-199': 54.0, 'old': 59.82, 'new': 54.0}
2026-06-10 03:15:16,531 [trainer.py] => CNN top1 curve: [100.0, 90.5, 87.0, 89.75, 82.0, 81.17, 82.71, 79.62, 79.11, 77.6, 79.0, 77.31, 77.44, 74.12, 73.52, 74.05, 72.73, 73.64, 72.81, 71.01, 71.58, 71.13, 70.47, 69.06, 68.14, 67.13, 67.05, 66.33, 66.0, 64.8, 64.82, 64.42, 63.47, 62.68, 62.51, 61.33, 61.73, 60.66, 60.77, 59.67]
2026-06-10 03:15:16,531 [trainer.py] => CNN top1 with task curve: [100.0, 99.5, 99.67, 99.75, 99.4, 99.5, 99.57, 99.5, 99.44, 99.5, 99.36, 99.42, 99.46, 99.5, 99.27, 99.31, 99.18, 99.22, 99.21, 99.25, 99.09, 99.23, 98.87, 98.91, 99.0, 99.08, 99.04, 99.11, 99.1, 99.0, 98.8, 98.84, 98.82, 98.88, 98.94, 98.91, 98.94, 99.0, 98.97, 98.95]
2026-06-10 03:15:16,531 [trainer.py] => CNN top1 task curve: [1.0, 0.905, 0.87, 0.8975, 0.82, 0.8117, 0.8271, 0.7962, 0.7922, 0.777, 0.79, 0.7731, 0.7744, 0.7412, 0.7352, 0.7405, 0.7273, 0.7364, 0.7281, 0.7101, 0.7158, 0.7113, 0.7047, 0.6906, 0.6814, 0.6713, 0.6705, 0.6633, 0.66, 0.648, 0.6489, 0.6448, 0.6353, 0.6274, 0.6257, 0.6139, 0.6179, 0.6071, 0.6082, 0.5975]
2026-06-10 03:15:16,531 [trainer.py] => CNN top5 curve: [100.0, 100.0, 100.0, 100.0, 100.0, 99.33, 99.29, 98.38, 96.56, 96.2, 96.55, 96.66, 95.92, 94.64, 94.33, 94.43, 93.05, 93.16, 93.1, 91.74, 91.89, 92.12, 91.03, 91.19, 90.9, 90.25, 89.94, 89.23, 89.25, 88.54, 88.39, 87.82, 87.18, 86.35, 86.57, 86.3, 86.29, 85.88, 86.04, 85.54]
2026-06-10 03:15:16,531 [trainer.py] => Average Accuracy (CNN): 72.47
2026-06-10 03:15:16,543 [trainer.py] => All params: 134254251
2026-06-10 03:15:16,555 [trainer.py] => Trainable params: 75845
2026-06-10 03:15:16,555 [bilora.py] => Learning on 200-205
2026-06-10 03:30:13,761 [bilora.py] => Task 40, Epoch 50/50 => Loss 0.006, Train_accy 99.87
2026-06-10 03:30:56,374 [trainer.py] => Timing Task 40 => Train 909.06s, Epochs 50, Train 18.1812s/epoch, Inference 30.76s, Images 4089, Inference 7.5220ms/image
2026-06-10 03:30:56,375 [bilora.py] => Exemplar size: 0
2026-06-10 03:30:56,375 [trainer.py] => No NME accuracy.
2026-06-10 03:30:56,375 [trainer.py] => CNN: {'total': 59.38, '00-04': 86.0, '05-09': 75.0, '10-14': 72.0, '15-19': 81.0, '20-24': 47.0, '25-29': 74.0, '30-34': 77.0, '35-39': 60.0, '40-44': 58.0, '45-49': 54.0, '50-54': 87.0, '55-59': 51.52, '60-64': 74.0, '65-69': 22.0, '70-74': 56.0, '75-79': 65.0, '80-84': 49.49, '85-89': 77.0, '90-94': 73.0, '95-99': 40.4, '100-104': 83.0, '105-109': 67.68, '110-114': 47.0, '115-119': 43.43, '120-124': 70.0, '125-129': 41.0, '130-134': 70.0, '135-139': 41.0, '140-144': 51.52, '145-149': 28.0, '150-154': 58.59, '155-159': 83.0, '160-164': 52.0, '165-169': 66.67, '170-174': 54.0, '175-179': 23.0, '180-184': 79.59, '185-189': 35.0, '190-194': 64.0, '195-199': 53.0, '200-204': 43.43, 'old': 59.77, 'new': 43.43}
2026-06-10 03:30:56,376 [trainer.py] => CNN top1 curve: [100.0, 90.5, 87.0, 89.75, 82.0, 81.17, 82.71, 79.62, 79.11, 77.6, 79.0, 77.31, 77.44, 74.12, 73.52, 74.05, 72.73, 73.64, 72.81, 71.01, 71.58, 71.13, 70.47, 69.06, 68.14, 67.13, 67.05, 66.33, 66.0, 64.8, 64.82, 64.42, 63.47, 62.68, 62.51, 61.33, 61.73, 60.66, 60.77, 59.67, 59.38]
2026-06-10 03:30:56,376 [trainer.py] => CNN top1 with task curve: [100.0, 99.5, 99.67, 99.75, 99.4, 99.5, 99.57, 99.5, 99.44, 99.5, 99.36, 99.42, 99.46, 99.5, 99.27, 99.31, 99.18, 99.22, 99.21, 99.25, 99.09, 99.23, 98.87, 98.91, 99.0, 99.08, 99.04, 99.11, 99.1, 99.0, 98.8, 98.84, 98.82, 98.88, 98.94, 98.91, 98.94, 99.0, 98.97, 98.95, 98.92]
2026-06-10 03:30:56,376 [trainer.py] => CNN top1 task curve: [1.0, 0.905, 0.87, 0.8975, 0.82, 0.8117, 0.8271, 0.7962, 0.7922, 0.777, 0.79, 0.7731, 0.7744, 0.7412, 0.7352, 0.7405, 0.7273, 0.7364, 0.7281, 0.7101, 0.7158, 0.7113, 0.7047, 0.6906, 0.6814, 0.6713, 0.6705, 0.6633, 0.66, 0.648, 0.6489, 0.6448, 0.6353, 0.6274, 0.6257, 0.6139, 0.6179, 0.6071, 0.6082, 0.5975, 0.5945]
2026-06-10 03:30:56,376 [trainer.py] => CNN top5 curve: [100.0, 100.0, 100.0, 100.0, 100.0, 99.33, 99.29, 98.38, 96.56, 96.2, 96.55, 96.66, 95.92, 94.64, 94.33, 94.43, 93.05, 93.16, 93.1, 91.74, 91.89, 92.12, 91.03, 91.19, 90.9, 90.25, 89.94, 89.23, 89.25, 88.54, 88.39, 87.82, 87.18, 86.35, 86.57, 86.3, 86.29, 85.88, 86.04, 85.54, 85.3]
2026-06-10 03:30:56,376 [trainer.py] => Average Accuracy (CNN): 72.15
2026-06-10 03:30:56,396 [trainer.py] => All params: 134254251
2026-06-10 03:30:56,406 [trainer.py] => Trainable params: 75845
2026-06-10 03:30:56,406 [bilora.py] => Learning on 205-210
2026-06-10 03:46:05,853 [bilora.py] => Task 41, Epoch 50/50 => Loss 0.053, Train_accy 98.07
2026-06-10 03:46:50,191 [trainer.py] => Timing Task 41 => Train 921.61s, Epochs 50, Train 18.4322s/epoch, Inference 32.17s, Images 4189, Inference 7.6808ms/image
2026-06-10 03:46:50,192 [bilora.py] => Exemplar size: 0
2026-06-10 03:46:50,192 [trainer.py] => No NME accuracy.
2026-06-10 03:46:50,192 [trainer.py] => CNN: {'total': 58.94, '00-04': 86.0, '05-09': 73.0, '10-14': 72.0, '15-19': 79.0, '20-24': 46.0, '25-29': 74.0, '30-34': 76.0, '35-39': 59.0, '40-44': 58.0, '45-49': 53.0, '50-54': 85.0, '55-59': 52.53, '60-64': 76.0, '65-69': 23.0, '70-74': 57.0, '75-79': 65.0, '80-84': 49.49, '85-89': 77.0, '90-94': 73.0, '95-99': 40.4, '100-104': 83.0, '105-109': 69.7, '110-114': 48.0, '115-119': 38.38, '120-124': 71.0, '125-129': 43.0, '130-134': 70.0, '135-139': 40.0, '140-144': 53.54, '145-149': 27.0, '150-154': 56.57, '155-159': 81.0, '160-164': 53.0, '165-169': 66.67, '170-174': 56.0, '175-179': 23.0, '180-184': 78.57, '185-189': 35.0, '190-194': 63.0, '195-199': 53.0, '200-204': 43.43, '205-209': 48.0, 'old': 59.21, 'new': 48.0}
2026-06-10 03:46:50,192 [trainer.py] => CNN top1 curve: [100.0, 90.5, 87.0, 89.75, 82.0, 81.17, 82.71, 79.62, 79.11, 77.6, 79.0, 77.31, 77.44, 74.12, 73.52, 74.05, 72.73, 73.64, 72.81, 71.01, 71.58, 71.13, 70.47, 69.06, 68.14, 67.13, 67.05, 66.33, 66.0, 64.8, 64.82, 64.42, 63.47, 62.68, 62.51, 61.33, 61.73, 60.66, 60.77, 59.67, 59.38, 58.94]
2026-06-10 03:46:50,192 [trainer.py] => CNN top1 with task curve: [100.0, 99.5, 99.67, 99.75, 99.4, 99.5, 99.57, 99.5, 99.44, 99.5, 99.36, 99.42, 99.46, 99.5, 99.27, 99.31, 99.18, 99.22, 99.21, 99.25, 99.09, 99.23, 98.87, 98.91, 99.0, 99.08, 99.04, 99.11, 99.1, 99.0, 98.8, 98.84, 98.82, 98.88, 98.94, 98.91, 98.94, 99.0, 98.97, 98.95, 98.92, 98.95]
2026-06-10 03:46:50,193 [trainer.py] => CNN top1 task curve: [1.0, 0.905, 0.87, 0.8975, 0.82, 0.8117, 0.8271, 0.7962, 0.7922, 0.777, 0.79, 0.7731, 0.7744, 0.7412, 0.7352, 0.7405, 0.7273, 0.7364, 0.7281, 0.7101, 0.7158, 0.7113, 0.7047, 0.6906, 0.6814, 0.6713, 0.6705, 0.6633, 0.66, 0.648, 0.6489, 0.6448, 0.6353, 0.6274, 0.6257, 0.6139, 0.6179, 0.6071, 0.6082, 0.5975, 0.5945, 0.5899]
2026-06-10 03:46:50,193 [trainer.py] => CNN top5 curve: [100.0, 100.0, 100.0, 100.0, 100.0, 99.33, 99.29, 98.38, 96.56, 96.2, 96.55, 96.66, 95.92, 94.64, 94.33, 94.43, 93.05, 93.16, 93.1, 91.74, 91.89, 92.12, 91.03, 91.19, 90.9, 90.25, 89.94, 89.23, 89.25, 88.54, 88.39, 87.82, 87.18, 86.35, 86.57, 86.3, 86.29, 85.88, 86.04, 85.54, 85.3, 84.63]
2026-06-10 03:46:50,193 [trainer.py] => Average Accuracy (CNN): 71.84
2026-06-10 03:46:50,213 [trainer.py] => All params: 134254251
2026-06-10 03:46:50,223 [trainer.py] => Trainable params: 75845
2026-06-10 03:46:50,223 [bilora.py] => Learning on 210-215
2026-06-10 04:03:15,375 [bilora.py] => Task 42, Epoch 50/50 => Loss 0.105, Train_accy 96.48
2026-06-10 04:04:02,297 [trainer.py] => Timing Task 42 => Train 998.76s, Epochs 50, Train 19.9751s/epoch, Inference 33.32s, Images 4289, Inference 7.7683ms/image
2026-06-10 04:04:02,297 [bilora.py] => Exemplar size: 0
2026-06-10 04:04:02,297 [trainer.py] => No NME accuracy.
2026-06-10 04:04:02,298 [trainer.py] => CNN: {'total': 58.59, '00-04': 95.0, '05-09': 75.0, '10-14': 73.0, '15-19': 80.0, '20-24': 49.0, '25-29': 72.0, '30-34': 77.0, '35-39': 63.0, '40-44': 56.0, '45-49': 57.0, '50-54': 87.0, '55-59': 56.57, '60-64': 76.0, '65-69': 27.0, '70-74': 56.0, '75-79': 61.0, '80-84': 50.51, '85-89': 76.0, '90-94': 71.0, '95-99': 39.39, '100-104': 79.0, '105-109': 69.7, '110-114': 45.0, '115-119': 43.43, '120-124': 70.0, '125-129': 39.0, '130-134': 71.0, '135-139': 41.0, '140-144': 53.54, '145-149': 27.0, '150-154': 57.58, '155-159': 74.0, '160-164': 56.0, '165-169': 64.65, '170-174': 53.0, '175-179': 23.0, '180-184': 78.57, '185-189': 34.0, '190-194': 63.0, '195-199': 53.0, '200-204': 45.45, '205-209': 46.0, '210-214': 35.0, 'old': 59.15, 'new': 35.0}
2026-06-10 04:04:02,298 [trainer.py] => CNN top1 curve: [100.0, 90.5, 87.0, 89.75, 82.0, 81.17, 82.71, 79.62, 79.11, 77.6, 79.0, 77.31, 77.44, 74.12, 73.52, 74.05, 72.73, 73.64, 72.81, 71.01, 71.58, 71.13, 70.47, 69.06, 68.14, 67.13, 67.05, 66.33, 66.0, 64.8, 64.82, 64.42, 63.47, 62.68, 62.51, 61.33, 61.73, 60.66, 60.77, 59.67, 59.38, 58.94, 58.59]
2026-06-10 04:04:02,298 [trainer.py] => CNN top1 with task curve: [100.0, 99.5, 99.67, 99.75, 99.4, 99.5, 99.57, 99.5, 99.44, 99.5, 99.36, 99.42, 99.46, 99.5, 99.27, 99.31, 99.18, 99.22, 99.21, 99.25, 99.09, 99.23, 98.87, 98.91, 99.0, 99.08, 99.04, 99.11, 99.1, 99.0, 98.8, 98.84, 98.82, 98.88, 98.94, 98.91, 98.94, 99.0, 98.97, 98.95, 98.92, 98.95, 98.81]
2026-06-10 04:04:02,298 [trainer.py] => CNN top1 task curve: [1.0, 0.905, 0.87, 0.8975, 0.82, 0.8117, 0.8271, 0.7962, 0.7922, 0.777, 0.79, 0.7731, 0.7744, 0.7412, 0.7352, 0.7405, 0.7273, 0.7364, 0.7281, 0.7101, 0.7158, 0.7113, 0.7047, 0.6906, 0.6814, 0.6713, 0.6705, 0.6633, 0.66, 0.648, 0.6489, 0.6448, 0.6353, 0.6274, 0.6257, 0.6139, 0.6179, 0.6071, 0.6082, 0.5975, 0.5945, 0.5899, 0.5866]
2026-06-10 04:04:02,298 [trainer.py] => CNN top5 curve: [100.0, 100.0, 100.0, 100.0, 100.0, 99.33, 99.29, 98.38, 96.56, 96.2, 96.55, 96.66, 95.92, 94.64, 94.33, 94.43, 93.05, 93.16, 93.1, 91.74, 91.89, 92.12, 91.03, 91.19, 90.9, 90.25, 89.94, 89.23, 89.25, 88.54, 88.39, 87.82, 87.18, 86.35, 86.57, 86.3, 86.29, 85.88, 86.04, 85.54, 85.3, 84.63, 84.33]
2026-06-10 04:04:02,298 [trainer.py] => Average Accuracy (CNN): 71.53
2026-06-10 04:04:02,318 [trainer.py] => All params: 134254251
2026-06-10 04:04:02,329 [trainer.py] => Trainable params: 75845
2026-06-10 04:04:02,329 [bilora.py] => Learning on 215-220
2026-06-10 04:19:35,000 [bilora.py] => Task 43, Epoch 50/50 => Loss 0.180, Train_accy 94.04
2026-06-10 04:20:21,191 [trainer.py] => Timing Task 43 => Train 945.44s, Epochs 50, Train 18.9089s/epoch, Inference 33.42s, Images 4389, Inference 7.6142ms/image
2026-06-10 04:20:21,192 [bilora.py] => Exemplar size: 0
2026-06-10 04:20:21,192 [trainer.py] => No NME accuracy.
2026-06-10 04:20:21,192 [trainer.py] => CNN: {'total': 57.64, '00-04': 95.0, '05-09': 77.0, '10-14': 73.0, '15-19': 75.0, '20-24': 48.0, '25-29': 72.0, '30-34': 76.0, '35-39': 64.0, '40-44': 56.0, '45-49': 58.0, '50-54': 86.0, '55-59': 53.54, '60-64': 77.0, '65-69': 28.0, '70-74': 59.0, '75-79': 63.0, '80-84': 51.52, '85-89': 74.0, '90-94': 68.0, '95-99': 40.4, '100-104': 79.0, '105-109': 63.64, '110-114': 46.0, '115-119': 46.46, '120-124': 70.0, '125-129': 41.0, '130-134': 72.0, '135-139': 45.0, '140-144': 54.55, '145-149': 28.0, '150-154': 61.62, '155-159': 72.0, '160-164': 56.0, '165-169': 63.64, '170-174': 49.0, '175-179': 19.0, '180-184': 78.57, '185-189': 34.0, '190-194': 59.0, '195-199': 53.0, '200-204': 45.45, '205-209': 44.0, '210-214': 35.0, '215-219': 26.0, 'old': 58.38, 'new': 26.0}
2026-06-10 04:20:21,192 [trainer.py] => CNN top1 curve: [100.0, 90.5, 87.0, 89.75, 82.0, 81.17, 82.71, 79.62, 79.11, 77.6, 79.0, 77.31, 77.44, 74.12, 73.52, 74.05, 72.73, 73.64, 72.81, 71.01, 71.58, 71.13, 70.47, 69.06, 68.14, 67.13, 67.05, 66.33, 66.0, 64.8, 64.82, 64.42, 63.47, 62.68, 62.51, 61.33, 61.73, 60.66, 60.77, 59.67, 59.38, 58.94, 58.59, 57.64]
2026-06-10 04:20:21,192 [trainer.py] => CNN top1 with task curve: [100.0, 99.5, 99.67, 99.75, 99.4, 99.5, 99.57, 99.5, 99.44, 99.5, 99.36, 99.42, 99.46, 99.5, 99.27, 99.31, 99.18, 99.22, 99.21, 99.25, 99.09, 99.23, 98.87, 98.91, 99.0, 99.08, 99.04, 99.11, 99.1, 99.0, 98.8, 98.84, 98.82, 98.88, 98.94, 98.91, 98.94, 99.0, 98.97, 98.95, 98.92, 98.95, 98.81, 98.52]
2026-06-10 04:20:21,192 [trainer.py] => CNN top1 task curve: [1.0, 0.905, 0.87, 0.8975, 0.82, 0.8117, 0.8271, 0.7962, 0.7922, 0.777, 0.79, 0.7731, 0.7744, 0.7412, 0.7352, 0.7405, 0.7273, 0.7364, 0.7281, 0.7101, 0.7158, 0.7113, 0.7047, 0.6906, 0.6814, 0.6713, 0.6705, 0.6633, 0.66, 0.648, 0.6489, 0.6448, 0.6353, 0.6274, 0.6257, 0.6139, 0.6179, 0.6071, 0.6082, 0.5975, 0.5945, 0.5899, 0.5866, 0.5771]
2026-06-10 04:20:21,193 [trainer.py] => CNN top5 curve: [100.0, 100.0, 100.0, 100.0, 100.0, 99.33, 99.29, 98.38, 96.56, 96.2, 96.55, 96.66, 95.92, 94.64, 94.33, 94.43, 93.05, 93.16, 93.1, 91.74, 91.89, 92.12, 91.03, 91.19, 90.9, 90.25, 89.94, 89.23, 89.25, 88.54, 88.39, 87.82, 87.18, 86.35, 86.57, 86.3, 86.29, 85.88, 86.04, 85.54, 85.3, 84.63, 84.33, 83.32]
2026-06-10 04:20:21,193 [trainer.py] => Average Accuracy (CNN): 71.21
2026-06-10 04:20:21,212 [trainer.py] => All params: 134254251
2026-06-10 04:20:21,222 [trainer.py] => Trainable params: 75845
2026-06-10 04:20:21,222 [bilora.py] => Learning on 220-225
2026-06-10 04:36:35,697 [bilora.py] => Task 44, Epoch 50/50 => Loss 0.033, Train_accy 98.74
2026-06-10 04:37:24,067 [trainer.py] => Timing Task 44 => Train 987.66s, Epochs 50, Train 19.7531s/epoch, Inference 35.19s, Images 4489, Inference 7.8386ms/image
2026-06-10 04:37:24,068 [bilora.py] => Exemplar size: 0
2026-06-10 04:37:24,068 [trainer.py] => No NME accuracy.
2026-06-10 04:37:24,068 [trainer.py] => CNN: {'total': 57.34, '00-04': 95.0, '05-09': 77.0, '10-14': 73.0, '15-19': 75.0, '20-24': 49.0, '25-29': 71.0, '30-34': 75.0, '35-39': 63.0, '40-44': 54.0, '45-49': 58.0, '50-54': 89.0, '55-59': 51.52, '60-64': 77.0, '65-69': 27.0, '70-74': 59.0, '75-79': 64.0, '80-84': 51.52, '85-89': 75.0, '90-94': 67.0, '95-99': 41.41, '100-104': 77.0, '105-109': 54.55, '110-114': 46.0, '115-119': 46.46, '120-124': 71.0, '125-129': 39.0, '130-134': 72.0, '135-139': 47.0, '140-144': 55.56, '145-149': 28.0, '150-154': 60.61, '155-159': 70.0, '160-164': 52.0, '165-169': 65.66, '170-174': 48.0, '175-179': 19.0, '180-184': 74.49, '185-189': 35.0, '190-194': 60.0, '195-199': 51.0, '200-204': 30.3, '205-209': 44.0, '210-214': 34.0, '215-219': 26.0, '220-224': 81.0, 'old': 56.8, 'new': 81.0}
2026-06-10 04:37:24,068 [trainer.py] => CNN top1 curve: [100.0, 90.5, 87.0, 89.75, 82.0, 81.17, 82.71, 79.62, 79.11, 77.6, 79.0, 77.31, 77.44, 74.12, 73.52, 74.05, 72.73, 73.64, 72.81, 71.01, 71.58, 71.13, 70.47, 69.06, 68.14, 67.13, 67.05, 66.33, 66.0, 64.8, 64.82, 64.42, 63.47, 62.68, 62.51, 61.33, 61.73, 60.66, 60.77, 59.67, 59.38, 58.94, 58.59, 57.64, 57.34]
2026-06-10 04:37:24,068 [trainer.py] => CNN top1 with task curve: [100.0, 99.5, 99.67, 99.75, 99.4, 99.5, 99.57, 99.5, 99.44, 99.5, 99.36, 99.42, 99.46, 99.5, 99.27, 99.31, 99.18, 99.22, 99.21, 99.25, 99.09, 99.23, 98.87, 98.91, 99.0, 99.08, 99.04, 99.11, 99.1, 99.0, 98.8, 98.84, 98.82, 98.88, 98.94, 98.91, 98.94, 99.0, 98.97, 98.95, 98.92, 98.95, 98.81, 98.52, 98.62]
2026-06-10 04:37:24,068 [trainer.py] => CNN top1 task curve: [1.0, 0.905, 0.87, 0.8975, 0.82, 0.8117, 0.8271, 0.7962, 0.7922, 0.777, 0.79, 0.7731, 0.7744, 0.7412, 0.7352, 0.7405, 0.7273, 0.7364, 0.7281, 0.7101, 0.7158, 0.7113, 0.7047, 0.6906, 0.6814, 0.6713, 0.6705, 0.6633, 0.66, 0.648, 0.6489, 0.6448, 0.6353, 0.6274, 0.6257, 0.6139, 0.6179, 0.6071, 0.6082, 0.5975, 0.5945, 0.5899, 0.5866, 0.5771, 0.5741]
2026-06-10 04:37:24,069 [trainer.py] => CNN top5 curve: [100.0, 100.0, 100.0, 100.0, 100.0, 99.33, 99.29, 98.38, 96.56, 96.2, 96.55, 96.66, 95.92, 94.64, 94.33, 94.43, 93.05, 93.16, 93.1, 91.74, 91.89, 92.12, 91.03, 91.19, 90.9, 90.25, 89.94, 89.23, 89.25, 88.54, 88.39, 87.82, 87.18, 86.35, 86.57, 86.3, 86.29, 85.88, 86.04, 85.54, 85.3, 84.63, 84.33, 83.32, 83.49]
2026-06-10 04:37:24,069 [trainer.py] => Average Accuracy (CNN): 70.91
2026-06-10 04:37:24,088 [trainer.py] => All params: 134254251
2026-06-10 04:37:24,102 [trainer.py] => Trainable params: 75845
2026-06-10 04:37:24,102 [bilora.py] => Learning on 225-230
2026-06-10 04:52:53,250 [bilora.py] => Task 45, Epoch 50/50 => Loss 0.017, Train_accy 99.40
2026-06-10 04:53:42,830 [trainer.py] => Timing Task 45 => Train 941.74s, Epochs 50, Train 18.8348s/epoch, Inference 36.99s, Images 4588, Inference 8.0617ms/image
2026-06-10 04:53:42,831 [bilora.py] => Exemplar size: 0
2026-06-10 04:53:42,832 [trainer.py] => No NME accuracy.
2026-06-10 04:53:42,832 [trainer.py] => CNN: {'total': 57.19, '00-04': 94.0, '05-09': 77.0, '10-14': 71.0, '15-19': 73.0, '20-24': 47.0, '25-29': 71.0, '30-34': 74.0, '35-39': 63.0, '40-44': 54.0, '45-49': 51.0, '50-54': 89.0, '55-59': 52.53, '60-64': 76.0, '65-69': 26.0, '70-74': 61.0, '75-79': 64.0, '80-84': 51.52, '85-89': 76.0, '90-94': 69.0, '95-99': 44.44, '100-104': 77.0, '105-109': 55.56, '110-114': 48.0, '115-119': 41.41, '120-124': 69.0, '125-129': 44.0, '130-134': 72.0, '135-139': 47.0, '140-144': 53.54, '145-149': 27.0, '150-154': 60.61, '155-159': 73.0, '160-164': 51.0, '165-169': 66.67, '170-174': 43.0, '175-179': 19.0, '180-184': 74.49, '185-189': 35.0, '190-194': 63.0, '195-199': 50.0, '200-204': 30.3, '205-209': 44.0, '210-214': 33.0, '215-219': 26.0, '220-224': 82.0, '225-229': 60.61, 'old': 57.12, 'new': 60.61}
2026-06-10 04:53:42,832 [trainer.py] => CNN top1 curve: [100.0, 90.5, 87.0, 89.75, 82.0, 81.17, 82.71, 79.62, 79.11, 77.6, 79.0, 77.31, 77.44, 74.12, 73.52, 74.05, 72.73, 73.64, 72.81, 71.01, 71.58, 71.13, 70.47, 69.06, 68.14, 67.13, 67.05, 66.33, 66.0, 64.8, 64.82, 64.42, 63.47, 62.68, 62.51, 61.33, 61.73, 60.66, 60.77, 59.67, 59.38, 58.94, 58.59, 57.64, 57.34, 57.19]
2026-06-10 04:53:42,832 [trainer.py] => CNN top1 with task curve: [100.0, 99.5, 99.67, 99.75, 99.4, 99.5, 99.57, 99.5, 99.44, 99.5, 99.36, 99.42, 99.46, 99.5, 99.27, 99.31, 99.18, 99.22, 99.21, 99.25, 99.09, 99.23, 98.87, 98.91, 99.0, 99.08, 99.04, 99.11, 99.1, 99.0, 98.8, 98.84, 98.82, 98.88, 98.94, 98.91, 98.94, 99.0, 98.97, 98.95, 98.92, 98.95, 98.81, 98.52, 98.62, 98.71]
2026-06-10 04:53:42,832 [trainer.py] => CNN top1 task curve: [1.0, 0.905, 0.87, 0.8975, 0.82, 0.8117, 0.8271, 0.7962, 0.7922, 0.777, 0.79, 0.7731, 0.7744, 0.7412, 0.7352, 0.7405, 0.7273, 0.7364, 0.7281, 0.7101, 0.7158, 0.7113, 0.7047, 0.6906, 0.6814, 0.6713, 0.6705, 0.6633, 0.66, 0.648, 0.6489, 0.6448, 0.6353, 0.6274, 0.6257, 0.6139, 0.6179, 0.6071, 0.6082, 0.5975, 0.5945, 0.5899, 0.5866, 0.5771, 0.5741, 0.5726]
2026-06-10 04:53:42,833 [trainer.py] => CNN top5 curve: [100.0, 100.0, 100.0, 100.0, 100.0, 99.33, 99.29, 98.38, 96.56, 96.2, 96.55, 96.66, 95.92, 94.64, 94.33, 94.43, 93.05, 93.16, 93.1, 91.74, 91.89, 92.12, 91.03, 91.19, 90.9, 90.25, 89.94, 89.23, 89.25, 88.54, 88.39, 87.82, 87.18, 86.35, 86.57, 86.3, 86.29, 85.88, 86.04, 85.54, 85.3, 84.63, 84.33, 83.32, 83.49, 83.35]
2026-06-10 04:53:42,833 [trainer.py] => Average Accuracy (CNN): 70.61
2026-06-10 04:53:42,852 [trainer.py] => All params: 134254251
2026-06-10 04:53:42,861 [trainer.py] => Trainable params: 75845
2026-06-10 04:53:42,861 [bilora.py] => Learning on 230-235
2026-06-10 05:09:12,800 [bilora.py] => Task 46, Epoch 50/50 => Loss 0.025, Train_accy 98.98
2026-06-10 05:10:02,868 [trainer.py] => Timing Task 46 => Train 942.73s, Epochs 50, Train 18.8545s/epoch, Inference 37.28s, Images 4688, Inference 7.9521ms/image
2026-06-10 05:10:02,868 [bilora.py] => Exemplar size: 0
2026-06-10 05:10:02,868 [trainer.py] => No NME accuracy.
2026-06-10 05:10:02,869 [trainer.py] => CNN: {'total': 56.93, '00-04': 92.0, '05-09': 76.0, '10-14': 71.0, '15-19': 73.0, '20-24': 48.0, '25-29': 73.0, '30-34': 73.0, '35-39': 54.0, '40-44': 55.0, '45-49': 49.0, '50-54': 90.0, '55-59': 50.51, '60-64': 75.0, '65-69': 25.0, '70-74': 57.0, '75-79': 68.0, '80-84': 50.51, '85-89': 74.0, '90-94': 70.0, '95-99': 43.43, '100-104': 79.0, '105-109': 54.55, '110-114': 50.0, '115-119': 40.4, '120-124': 69.0, '125-129': 42.0, '130-134': 71.0, '135-139': 46.0, '140-144': 51.52, '145-149': 27.0, '150-154': 63.64, '155-159': 79.0, '160-164': 49.0, '165-169': 68.69, '170-174': 44.0, '175-179': 20.0, '180-184': 76.53, '185-189': 33.0, '190-194': 64.0, '195-199': 48.0, '200-204': 28.28, '205-209': 45.0, '210-214': 35.0, '215-219': 24.0, '220-224': 82.0, '225-229': 59.6, '230-234': 58.0, 'old': 56.91, 'new': 58.0}
2026-06-10 05:10:02,869 [trainer.py] => CNN top1 curve: [100.0, 90.5, 87.0, 89.75, 82.0, 81.17, 82.71, 79.62, 79.11, 77.6, 79.0, 77.31, 77.44, 74.12, 73.52, 74.05, 72.73, 73.64, 72.81, 71.01, 71.58, 71.13, 70.47, 69.06, 68.14, 67.13, 67.05, 66.33, 66.0, 64.8, 64.82, 64.42, 63.47, 62.68, 62.51, 61.33, 61.73, 60.66, 60.77, 59.67, 59.38, 58.94, 58.59, 57.64, 57.34, 57.19, 56.93]
2026-06-10 05:10:02,869 [trainer.py] => CNN top1 with task curve: [100.0, 99.5, 99.67, 99.75, 99.4, 99.5, 99.57, 99.5, 99.44, 99.5, 99.36, 99.42, 99.46, 99.5, 99.27, 99.31, 99.18, 99.22, 99.21, 99.25, 99.09, 99.23, 98.87, 98.91, 99.0, 99.08, 99.04, 99.11, 99.1, 99.0, 98.8, 98.84, 98.82, 98.88, 98.94, 98.91, 98.94, 99.0, 98.97, 98.95, 98.92, 98.95, 98.81, 98.52, 98.62, 98.71, 98.68]
2026-06-10 05:10:02,869 [trainer.py] => CNN top1 task curve: [1.0, 0.905, 0.87, 0.8975, 0.82, 0.8117, 0.8271, 0.7962, 0.7922, 0.777, 0.79, 0.7731, 0.7744, 0.7412, 0.7352, 0.7405, 0.7273, 0.7364, 0.7281, 0.7101, 0.7158, 0.7113, 0.7047, 0.6906, 0.6814, 0.6713, 0.6705, 0.6633, 0.66, 0.648, 0.6489, 0.6448, 0.6353, 0.6274, 0.6257, 0.6139, 0.6179, 0.6071, 0.6082, 0.5975, 0.5945, 0.5899, 0.5866, 0.5771, 0.5741, 0.5726, 0.57]
2026-06-10 05:10:02,869 [trainer.py] => CNN top5 curve: [100.0, 100.0, 100.0, 100.0, 100.0, 99.33, 99.29, 98.38, 96.56, 96.2, 96.55, 96.66, 95.92, 94.64, 94.33, 94.43, 93.05, 93.16, 93.1, 91.74, 91.89, 92.12, 91.03, 91.19, 90.9, 90.25, 89.94, 89.23, 89.25, 88.54, 88.39, 87.82, 87.18, 86.35, 86.57, 86.3, 86.29, 85.88, 86.04, 85.54, 85.3, 84.63, 84.33, 83.32, 83.49, 83.35, 83.11]
2026-06-10 05:10:02,869 [trainer.py] => Average Accuracy (CNN): 70.32
2026-06-10 05:10:02,883 [trainer.py] => All params: 134254251
2026-06-10 05:10:02,896 [trainer.py] => Trainable params: 75845
2026-06-10 05:10:02,896 [bilora.py] => Learning on 235-240
2026-06-10 05:27:03,314 [bilora.py] => Task 47, Epoch 50/50 => Loss 0.009, Train_accy 99.63
2026-06-10 05:27:55,474 [trainer.py] => Timing Task 47 => Train 1034.27s, Epochs 50, Train 20.6855s/epoch, Inference 38.30s, Images 4788, Inference 8.0000ms/image
2026-06-10 05:27:55,475 [bilora.py] => Exemplar size: 0
2026-06-10 05:27:55,475 [trainer.py] => No NME accuracy.
2026-06-10 05:27:55,475 [trainer.py] => CNN: {'total': 56.58, '00-04': 91.0, '05-09': 74.0, '10-14': 71.0, '15-19': 71.0, '20-24': 47.0, '25-29': 73.0, '30-34': 73.0, '35-39': 55.0, '40-44': 55.0, '45-49': 49.0, '50-54': 90.0, '55-59': 49.49, '60-64': 74.0, '65-69': 24.0, '70-74': 57.0, '75-79': 68.0, '80-84': 50.51, '85-89': 76.0, '90-94': 69.0, '95-99': 42.42, '100-104': 82.0, '105-109': 54.55, '110-114': 51.0, '115-119': 41.41, '120-124': 69.0, '125-129': 43.0, '130-134': 71.0, '135-139': 46.0, '140-144': 51.52, '145-149': 28.0, '150-154': 61.62, '155-159': 79.0, '160-164': 50.0, '165-169': 68.69, '170-174': 44.0, '175-179': 17.0, '180-184': 78.57, '185-189': 31.0, '190-194': 61.0, '195-199': 49.0, '200-204': 28.28, '205-209': 45.0, '210-214': 35.0, '215-219': 24.0, '220-224': 82.0, '225-229': 60.61, '230-234': 58.0, '235-239': 46.0, 'old': 56.8, 'new': 46.0}
2026-06-10 05:27:55,475 [trainer.py] => CNN top1 curve: [100.0, 90.5, 87.0, 89.75, 82.0, 81.17, 82.71, 79.62, 79.11, 77.6, 79.0, 77.31, 77.44, 74.12, 73.52, 74.05, 72.73, 73.64, 72.81, 71.01, 71.58, 71.13, 70.47, 69.06, 68.14, 67.13, 67.05, 66.33, 66.0, 64.8, 64.82, 64.42, 63.47, 62.68, 62.51, 61.33, 61.73, 60.66, 60.77, 59.67, 59.38, 58.94, 58.59, 57.64, 57.34, 57.19, 56.93, 56.58]
2026-06-10 05:27:55,475 [trainer.py] => CNN top1 with task curve: [100.0, 99.5, 99.67, 99.75, 99.4, 99.5, 99.57, 99.5, 99.44, 99.5, 99.36, 99.42, 99.46, 99.5, 99.27, 99.31, 99.18, 99.22, 99.21, 99.25, 99.09, 99.23, 98.87, 98.91, 99.0, 99.08, 99.04, 99.11, 99.1, 99.0, 98.8, 98.84, 98.82, 98.88, 98.94, 98.91, 98.94, 99.0, 98.97, 98.95, 98.92, 98.95, 98.81, 98.52, 98.62, 98.71, 98.68, 98.64]
2026-06-10 05:27:55,475 [trainer.py] => CNN top1 task curve: [1.0, 0.905, 0.87, 0.8975, 0.82, 0.8117, 0.8271, 0.7962, 0.7922, 0.777, 0.79, 0.7731, 0.7744, 0.7412, 0.7352, 0.7405, 0.7273, 0.7364, 0.7281, 0.7101, 0.7158, 0.7113, 0.7047, 0.6906, 0.6814, 0.6713, 0.6705, 0.6633, 0.66, 0.648, 0.6489, 0.6448, 0.6353, 0.6274, 0.6257, 0.6139, 0.6179, 0.6071, 0.6082, 0.5975, 0.5945, 0.5899, 0.5866, 0.5771, 0.5741, 0.5726, 0.57, 0.5662]
2026-06-10 05:27:55,475 [trainer.py] => CNN top5 curve: [100.0, 100.0, 100.0, 100.0, 100.0, 99.33, 99.29, 98.38, 96.56, 96.2, 96.55, 96.66, 95.92, 94.64, 94.33, 94.43, 93.05, 93.16, 93.1, 91.74, 91.89, 92.12, 91.03, 91.19, 90.9, 90.25, 89.94, 89.23, 89.25, 88.54, 88.39, 87.82, 87.18, 86.35, 86.57, 86.3, 86.29, 85.88, 86.04, 85.54, 85.3, 84.63, 84.33, 83.32, 83.49, 83.35, 83.11, 82.44]
2026-06-10 05:27:55,475 [trainer.py] => Average Accuracy (CNN): 70.03
2026-06-10 05:27:55,486 [trainer.py] => All params: 134254251
2026-06-10 05:27:55,497 [trainer.py] => Trainable params: 75845
2026-06-10 05:27:55,497 [bilora.py] => Learning on 240-245
2026-06-10 05:45:07,203 [bilora.py] => Task 48, Epoch 50/50 => Loss 0.023, Train_accy 99.20
2026-06-10 05:46:02,791 [trainer.py] => Timing Task 48 => Train 1046.36s, Epochs 50, Train 20.9271s/epoch, Inference 40.94s, Images 4888, Inference 8.3753ms/image
2026-06-10 05:46:02,792 [bilora.py] => Exemplar size: 0
2026-06-10 05:46:02,792 [trainer.py] => No NME accuracy.
2026-06-10 05:46:02,792 [trainer.py] => CNN: {'total': 56.08, '00-04': 91.0, '05-09': 76.0, '10-14': 72.0, '15-19': 70.0, '20-24': 49.0, '25-29': 73.0, '30-34': 72.0, '35-39': 61.0, '40-44': 55.0, '45-49': 51.0, '50-54': 90.0, '55-59': 50.51, '60-64': 76.0, '65-69': 25.0, '70-74': 58.0, '75-79': 69.0, '80-84': 51.52, '85-89': 73.0, '90-94': 66.0, '95-99': 44.44, '100-104': 78.0, '105-109': 55.56, '110-114': 49.0, '115-119': 41.41, '120-124': 69.0, '125-129': 41.0, '130-134': 72.0, '135-139': 47.0, '140-144': 52.53, '145-149': 27.0, '150-154': 60.61, '155-159': 76.0, '160-164': 48.0, '165-169': 68.69, '170-174': 43.0, '175-179': 18.0, '180-184': 77.55, '185-189': 32.0, '190-194': 61.0, '195-199': 46.0, '200-204': 27.27, '205-209': 46.0, '210-214': 34.0, '215-219': 25.0, '220-224': 78.0, '225-229': 57.58, '230-234': 58.0, '235-239': 44.0, '240-244': 41.0, 'old': 56.39, 'new': 41.0}
2026-06-10 05:46:02,792 [trainer.py] => CNN top1 curve: [100.0, 90.5, 87.0, 89.75, 82.0, 81.17, 82.71, 79.62, 79.11, 77.6, 79.0, 77.31, 77.44, 74.12, 73.52, 74.05, 72.73, 73.64, 72.81, 71.01, 71.58, 71.13, 70.47, 69.06, 68.14, 67.13, 67.05, 66.33, 66.0, 64.8, 64.82, 64.42, 63.47, 62.68, 62.51, 61.33, 61.73, 60.66, 60.77, 59.67, 59.38, 58.94, 58.59, 57.64, 57.34, 57.19, 56.93, 56.58, 56.08]
2026-06-10 05:46:02,792 [trainer.py] => CNN top1 with task curve: [100.0, 99.5, 99.67, 99.75, 99.4, 99.5, 99.57, 99.5, 99.44, 99.5, 99.36, 99.42, 99.46, 99.5, 99.27, 99.31, 99.18, 99.22, 99.21, 99.25, 99.09, 99.23, 98.87, 98.91, 99.0, 99.08, 99.04, 99.11, 99.1, 99.0, 98.8, 98.84, 98.82, 98.88, 98.94, 98.91, 98.94, 99.0, 98.97, 98.95, 98.92, 98.95, 98.81, 98.52, 98.62, 98.71, 98.68, 98.64, 98.69]
2026-06-10 05:46:02,792 [trainer.py] => CNN top1 task curve: [1.0, 0.905, 0.87, 0.8975, 0.82, 0.8117, 0.8271, 0.7962, 0.7922, 0.777, 0.79, 0.7731, 0.7744, 0.7412, 0.7352, 0.7405, 0.7273, 0.7364, 0.7281, 0.7101, 0.7158, 0.7113, 0.7047, 0.6906, 0.6814, 0.6713, 0.6705, 0.6633, 0.66, 0.648, 0.6489, 0.6448, 0.6353, 0.6274, 0.6257, 0.6139, 0.6179, 0.6071, 0.6082, 0.5975, 0.5945, 0.5899, 0.5866, 0.5771, 0.5741, 0.5726, 0.57, 0.5662, 0.5612]
2026-06-10 05:46:02,793 [trainer.py] => CNN top5 curve: [100.0, 100.0, 100.0, 100.0, 100.0, 99.33, 99.29, 98.38, 96.56, 96.2, 96.55, 96.66, 95.92, 94.64, 94.33, 94.43, 93.05, 93.16, 93.1, 91.74, 91.89, 92.12, 91.03, 91.19, 90.9, 90.25, 89.94, 89.23, 89.25, 88.54, 88.39, 87.82, 87.18, 86.35, 86.57, 86.3, 86.29, 85.88, 86.04, 85.54, 85.3, 84.63, 84.33, 83.32, 83.49, 83.35, 83.11, 82.44, 82.47]
2026-06-10 05:46:02,793 [trainer.py] => Average Accuracy (CNN): 69.75
2026-06-10 05:46:02,812 [trainer.py] => All params: 134254251
2026-06-10 05:46:02,822 [trainer.py] => Trainable params: 75845
2026-06-10 05:46:02,822 [bilora.py] => Learning on 245-250
2026-06-10 06:02:15,546 [bilora.py] => Task 49, Epoch 50/50 => Loss 0.091, Train_accy 96.46
2026-06-10 06:03:09,076 [trainer.py] => Timing Task 49 => Train 985.96s, Epochs 50, Train 19.7191s/epoch, Inference 40.30s, Images 4988, Inference 8.0789ms/image
2026-06-10 06:03:09,076 [bilora.py] => Exemplar size: 0
2026-06-10 06:03:09,076 [trainer.py] => No NME accuracy.
2026-06-10 06:03:09,077 [trainer.py] => CNN: {'total': 55.63, '00-04': 91.0, '05-09': 75.0, '10-14': 72.0, '15-19': 63.0, '20-24': 48.0, '25-29': 72.0, '30-34': 73.0, '35-39': 56.0, '40-44': 56.0, '45-49': 50.0, '50-54': 90.0, '55-59': 51.52, '60-64': 76.0, '65-69': 25.0, '70-74': 56.0, '75-79': 69.0, '80-84': 50.51, '85-89': 72.0, '90-94': 67.0, '95-99': 43.43, '100-104': 77.0, '105-109': 51.52, '110-114': 51.0, '115-119': 41.41, '120-124': 70.0, '125-129': 40.0, '130-134': 72.0, '135-139': 41.0, '140-144': 53.54, '145-149': 28.0, '150-154': 59.6, '155-159': 78.0, '160-164': 47.0, '165-169': 67.68, '170-174': 44.0, '175-179': 17.0, '180-184': 73.47, '185-189': 32.0, '190-194': 61.0, '195-199': 48.0, '200-204': 29.29, '205-209': 46.0, '210-214': 33.0, '215-219': 25.0, '220-224': 78.0, '225-229': 60.61, '230-234': 61.0, '235-239': 44.0, '240-244': 42.0, '245-249': 53.0, 'old': 55.69, 'new': 53.0}
2026-06-10 06:03:09,077 [trainer.py] => CNN top1 curve: [100.0, 90.5, 87.0, 89.75, 82.0, 81.17, 82.71, 79.62, 79.11, 77.6, 79.0, 77.31, 77.44, 74.12, 73.52, 74.05, 72.73, 73.64, 72.81, 71.01, 71.58, 71.13, 70.47, 69.06, 68.14, 67.13, 67.05, 66.33, 66.0, 64.8, 64.82, 64.42, 63.47, 62.68, 62.51, 61.33, 61.73, 60.66, 60.77, 59.67, 59.38, 58.94, 58.59, 57.64, 57.34, 57.19, 56.93, 56.58, 56.08, 55.63]
2026-06-10 06:03:09,077 [trainer.py] => CNN top1 with task curve: [100.0, 99.5, 99.67, 99.75, 99.4, 99.5, 99.57, 99.5, 99.44, 99.5, 99.36, 99.42, 99.46, 99.5, 99.27, 99.31, 99.18, 99.22, 99.21, 99.25, 99.09, 99.23, 98.87, 98.91, 99.0, 99.08, 99.04, 99.11, 99.1, 99.0, 98.8, 98.84, 98.82, 98.88, 98.94, 98.91, 98.94, 99.0, 98.97, 98.95, 98.92, 98.95, 98.81, 98.52, 98.62, 98.71, 98.68, 98.64, 98.69, 98.56]
2026-06-10 06:03:09,077 [trainer.py] => CNN top1 task curve: [1.0, 0.905, 0.87, 0.8975, 0.82, 0.8117, 0.8271, 0.7962, 0.7922, 0.777, 0.79, 0.7731, 0.7744, 0.7412, 0.7352, 0.7405, 0.7273, 0.7364, 0.7281, 0.7101, 0.7158, 0.7113, 0.7047, 0.6906, 0.6814, 0.6713, 0.6705, 0.6633, 0.66, 0.648, 0.6489, 0.6448, 0.6353, 0.6274, 0.6257, 0.6139, 0.6179, 0.6071, 0.6082, 0.5975, 0.5945, 0.5899, 0.5866, 0.5771, 0.5741, 0.5726, 0.57, 0.5662, 0.5612, 0.5569]
2026-06-10 06:03:09,077 [trainer.py] => CNN top5 curve: [100.0, 100.0, 100.0, 100.0, 100.0, 99.33, 99.29, 98.38, 96.56, 96.2, 96.55, 96.66, 95.92, 94.64, 94.33, 94.43, 93.05, 93.16, 93.1, 91.74, 91.89, 92.12, 91.03, 91.19, 90.9, 90.25, 89.94, 89.23, 89.25, 88.54, 88.39, 87.82, 87.18, 86.35, 86.57, 86.3, 86.29, 85.88, 86.04, 85.54, 85.3, 84.63, 84.33, 83.32, 83.49, 83.35, 83.11, 82.44, 82.47, 82.36]
2026-06-10 06:03:09,077 [trainer.py] => Average Accuracy (CNN): 69.46
2026-06-10 06:03:09,097 [trainer.py] => All params: 134254251
2026-06-10 06:03:09,106 [trainer.py] => Trainable params: 75845
2026-06-10 06:03:09,107 [bilora.py] => Learning on 250-255
2026-06-10 06:18:48,773 [bilora.py] => Task 50, Epoch 50/50 => Loss 0.025, Train_accy 99.44
2026-06-10 06:19:43,731 [trainer.py] => Timing Task 50 => Train 952.83s, Epochs 50, Train 19.0567s/epoch, Inference 41.79s, Images 5088, Inference 8.2136ms/image
2026-06-10 06:19:43,731 [bilora.py] => Exemplar size: 0
2026-06-10 06:19:43,731 [trainer.py] => No NME accuracy.
2026-06-10 06:19:43,731 [trainer.py] => CNN: {'total': 54.91, '00-04': 90.0, '05-09': 77.0, '10-14': 72.0, '15-19': 65.0, '20-24': 48.0, '25-29': 71.0, '30-34': 74.0, '35-39': 54.0, '40-44': 55.0, '45-49': 49.0, '50-54': 89.0, '55-59': 50.51, '60-64': 77.0, '65-69': 24.0, '70-74': 55.0, '75-79': 67.0, '80-84': 51.52, '85-89': 72.0, '90-94': 65.0, '95-99': 43.43, '100-104': 78.0, '105-109': 50.51, '110-114': 50.0, '115-119': 41.41, '120-124': 69.0, '125-129': 34.0, '130-134': 71.0, '135-139': 38.0, '140-144': 52.53, '145-149': 30.0, '150-154': 58.59, '155-159': 80.0, '160-164': 47.0, '165-169': 68.69, '170-174': 45.0, '175-179': 19.0, '180-184': 73.47, '185-189': 35.0, '190-194': 59.0, '195-199': 47.0, '200-204': 29.29, '205-209': 47.0, '210-214': 34.0, '215-219': 25.0, '220-224': 81.0, '225-229': 56.57, '230-234': 60.0, '235-239': 43.0, '240-244': 42.0, '245-249': 50.0, '250-254': 36.0, 'old': 55.29, 'new': 36.0}
2026-06-10 06:19:43,731 [trainer.py] => CNN top1 curve: [100.0, 90.5, 87.0, 89.75, 82.0, 81.17, 82.71, 79.62, 79.11, 77.6, 79.0, 77.31, 77.44, 74.12, 73.52, 74.05, 72.73, 73.64, 72.81, 71.01, 71.58, 71.13, 70.47, 69.06, 68.14, 67.13, 67.05, 66.33, 66.0, 64.8, 64.82, 64.42, 63.47, 62.68, 62.51, 61.33, 61.73, 60.66, 60.77, 59.67, 59.38, 58.94, 58.59, 57.64, 57.34, 57.19, 56.93, 56.58, 56.08, 55.63, 54.91]
2026-06-10 06:19:43,732 [trainer.py] => CNN top1 with task curve: [100.0, 99.5, 99.67, 99.75, 99.4, 99.5, 99.57, 99.5, 99.44, 99.5, 99.36, 99.42, 99.46, 99.5, 99.27, 99.31, 99.18, 99.22, 99.21, 99.25, 99.09, 99.23, 98.87, 98.91, 99.0, 99.08, 99.04, 99.11, 99.1, 99.0, 98.8, 98.84, 98.82, 98.88, 98.94, 98.91, 98.94, 99.0, 98.97, 98.95, 98.92, 98.95, 98.81, 98.52, 98.62, 98.71, 98.68, 98.64, 98.69, 98.56, 98.58]
2026-06-10 06:19:43,732 [trainer.py] => CNN top1 task curve: [1.0, 0.905, 0.87, 0.8975, 0.82, 0.8117, 0.8271, 0.7962, 0.7922, 0.777, 0.79, 0.7731, 0.7744, 0.7412, 0.7352, 0.7405, 0.7273, 0.7364, 0.7281, 0.7101, 0.7158, 0.7113, 0.7047, 0.6906, 0.6814, 0.6713, 0.6705, 0.6633, 0.66, 0.648, 0.6489, 0.6448, 0.6353, 0.6274, 0.6257, 0.6139, 0.6179, 0.6071, 0.6082, 0.5975, 0.5945, 0.5899, 0.5866, 0.5771, 0.5741, 0.5726, 0.57, 0.5662, 0.5612, 0.5569, 0.5499]
2026-06-10 06:19:43,732 [trainer.py] => CNN top5 curve: [100.0, 100.0, 100.0, 100.0, 100.0, 99.33, 99.29, 98.38, 96.56, 96.2, 96.55, 96.66, 95.92, 94.64, 94.33, 94.43, 93.05, 93.16, 93.1, 91.74, 91.89, 92.12, 91.03, 91.19, 90.9, 90.25, 89.94, 89.23, 89.25, 88.54, 88.39, 87.82, 87.18, 86.35, 86.57, 86.3, 86.29, 85.88, 86.04, 85.54, 85.3, 84.63, 84.33, 83.32, 83.49, 83.35, 83.11, 82.44, 82.47, 82.36, 82.47]
2026-06-10 06:19:43,732 [trainer.py] => Average Accuracy (CNN): 69.18
2026-06-10 06:19:43,745 [trainer.py] => All params: 134254251
2026-06-10 06:19:43,759 [trainer.py] => Trainable params: 75845
2026-06-10 06:19:43,760 [bilora.py] => Learning on 255-260
2026-06-10 06:36:02,385 [bilora.py] => Task 51, Epoch 50/50 => Loss 0.027, Train_accy 99.21
2026-06-10 06:37:01,869 [trainer.py] => Timing Task 51 => Train 992.14s, Epochs 50, Train 19.8428s/epoch, Inference 45.97s, Images 5187, Inference 8.8626ms/image
2026-06-10 06:37:01,869 [bilora.py] => Exemplar size: 0
2026-06-10 06:37:01,869 [trainer.py] => No NME accuracy.
2026-06-10 06:37:01,869 [trainer.py] => CNN: {'total': 54.31, '00-04': 85.0, '05-09': 76.0, '10-14': 71.0, '15-19': 61.0, '20-24': 48.0, '25-29': 71.0, '30-34': 71.0, '35-39': 53.0, '40-44': 55.0, '45-49': 48.0, '50-54': 89.0, '55-59': 50.51, '60-64': 76.0, '65-69': 24.0, '70-74': 56.0, '75-79': 68.0, '80-84': 51.52, '85-89': 72.0, '90-94': 55.0, '95-99': 46.46, '100-104': 77.0, '105-109': 50.51, '110-114': 52.0, '115-119': 41.41, '120-124': 70.0, '125-129': 36.0, '130-134': 72.0, '135-139': 36.0, '140-144': 54.55, '145-149': 28.0, '150-154': 59.6, '155-159': 78.0, '160-164': 49.0, '165-169': 67.68, '170-174': 47.0, '175-179': 18.0, '180-184': 74.49, '185-189': 34.0, '190-194': 59.0, '195-199': 48.0, '200-204': 28.28, '205-209': 47.0, '210-214': 35.0, '215-219': 25.0, '220-224': 79.0, '225-229': 56.57, '230-234': 59.0, '235-239': 42.0, '240-244': 42.0, '245-249': 50.0, '250-254': 36.0, '255-259': 44.44, 'old': 54.5, 'new': 44.44}
2026-06-10 06:37:01,870 [trainer.py] => CNN top1 curve: [100.0, 90.5, 87.0, 89.75, 82.0, 81.17, 82.71, 79.62, 79.11, 77.6, 79.0, 77.31, 77.44, 74.12, 73.52, 74.05, 72.73, 73.64, 72.81, 71.01, 71.58, 71.13, 70.47, 69.06, 68.14, 67.13, 67.05, 66.33, 66.0, 64.8, 64.82, 64.42, 63.47, 62.68, 62.51, 61.33, 61.73, 60.66, 60.77, 59.67, 59.38, 58.94, 58.59, 57.64, 57.34, 57.19, 56.93, 56.58, 56.08, 55.63, 54.91, 54.31]
2026-06-10 06:37:01,870 [trainer.py] => CNN top1 with task curve: [100.0, 99.5, 99.67, 99.75, 99.4, 99.5, 99.57, 99.5, 99.44, 99.5, 99.36, 99.42, 99.46, 99.5, 99.27, 99.31, 99.18, 99.22, 99.21, 99.25, 99.09, 99.23, 98.87, 98.91, 99.0, 99.08, 99.04, 99.11, 99.1, 99.0, 98.8, 98.84, 98.82, 98.88, 98.94, 98.91, 98.94, 99.0, 98.97, 98.95, 98.92, 98.95, 98.81, 98.52, 98.62, 98.71, 98.68, 98.64, 98.69, 98.56, 98.58, 98.61]
2026-06-10 06:37:01,870 [trainer.py] => CNN top1 task curve: [1.0, 0.905, 0.87, 0.8975, 0.82, 0.8117, 0.8271, 0.7962, 0.7922, 0.777, 0.79, 0.7731, 0.7744, 0.7412, 0.7352, 0.7405, 0.7273, 0.7364, 0.7281, 0.7101, 0.7158, 0.7113, 0.7047, 0.6906, 0.6814, 0.6713, 0.6705, 0.6633, 0.66, 0.648, 0.6489, 0.6448, 0.6353, 0.6274, 0.6257, 0.6139, 0.6179, 0.6071, 0.6082, 0.5975, 0.5945, 0.5899, 0.5866, 0.5771, 0.5741, 0.5726, 0.57, 0.5662, 0.5612, 0.5569, 0.5499, 0.5437]
2026-06-10 06:37:01,870 [trainer.py] => CNN top5 curve: [100.0, 100.0, 100.0, 100.0, 100.0, 99.33, 99.29, 98.38, 96.56, 96.2, 96.55, 96.66, 95.92, 94.64, 94.33, 94.43, 93.05, 93.16, 93.1, 91.74, 91.89, 92.12, 91.03, 91.19, 90.9, 90.25, 89.94, 89.23, 89.25, 88.54, 88.39, 87.82, 87.18, 86.35, 86.57, 86.3, 86.29, 85.88, 86.04, 85.54, 85.3, 84.63, 84.33, 83.32, 83.49, 83.35, 83.11, 82.44, 82.47, 82.36, 82.47, 82.67]
2026-06-10 06:37:01,870 [trainer.py] => Average Accuracy (CNN): 68.89
2026-06-10 06:37:01,889 [trainer.py] => All params: 134254251
2026-06-10 06:37:01,899 [trainer.py] => Trainable params: 75845
2026-06-10 06:37:01,900 [bilora.py] => Learning on 260-265
2026-06-10 06:54:14,636 [bilora.py] => Task 52, Epoch 50/50 => Loss 0.007, Train_accy 99.81
2026-06-10 06:55:13,287 [trainer.py] => Timing Task 52 => Train 1047.44s, Epochs 50, Train 20.9488s/epoch, Inference 43.95s, Images 5287, Inference 8.3120ms/image
2026-06-10 06:55:13,287 [bilora.py] => Exemplar size: 0
2026-06-10 06:55:13,287 [trainer.py] => No NME accuracy.
2026-06-10 06:55:13,287 [trainer.py] => CNN: {'total': 53.98, '00-04': 83.0, '05-09': 73.0, '10-14': 70.0, '15-19': 59.0, '20-24': 48.0, '25-29': 71.0, '30-34': 70.0, '35-39': 56.0, '40-44': 55.0, '45-49': 47.0, '50-54': 89.0, '55-59': 49.49, '60-64': 75.0, '65-69': 23.0, '70-74': 57.0, '75-79': 73.0, '80-84': 50.51, '85-89': 73.0, '90-94': 52.0, '95-99': 46.46, '100-104': 78.0, '105-109': 48.48, '110-114': 51.0, '115-119': 40.4, '120-124': 70.0, '125-129': 39.0, '130-134': 72.0, '135-139': 39.0, '140-144': 53.54, '145-149': 27.0, '150-154': 56.57, '155-159': 77.0, '160-164': 47.0, '165-169': 67.68, '170-174': 46.0, '175-179': 17.0, '180-184': 74.49, '185-189': 34.0, '190-194': 56.0, '195-199': 48.0, '200-204': 27.27, '205-209': 48.0, '210-214': 34.0, '215-219': 25.0, '220-224': 80.0, '225-229': 56.57, '230-234': 58.0, '235-239': 43.0, '240-244': 41.0, '245-249': 51.0, '250-254': 35.0, '255-259': 43.43, '260-264': 56.0, 'old': 53.94, 'new': 56.0}
2026-06-10 06:55:13,288 [trainer.py] => CNN top1 curve: [100.0, 90.5, 87.0, 89.75, 82.0, 81.17, 82.71, 79.62, 79.11, 77.6, 79.0, 77.31, 77.44, 74.12, 73.52, 74.05, 72.73, 73.64, 72.81, 71.01, 71.58, 71.13, 70.47, 69.06, 68.14, 67.13, 67.05, 66.33, 66.0, 64.8, 64.82, 64.42, 63.47, 62.68, 62.51, 61.33, 61.73, 60.66, 60.77, 59.67, 59.38, 58.94, 58.59, 57.64, 57.34, 57.19, 56.93, 56.58, 56.08, 55.63, 54.91, 54.31, 53.98]
2026-06-10 06:55:13,288 [trainer.py] => CNN top1 with task curve: [100.0, 99.5, 99.67, 99.75, 99.4, 99.5, 99.57, 99.5, 99.44, 99.5, 99.36, 99.42, 99.46, 99.5, 99.27, 99.31, 99.18, 99.22, 99.21, 99.25, 99.09, 99.23, 98.87, 98.91, 99.0, 99.08, 99.04, 99.11, 99.1, 99.0, 98.8, 98.84, 98.82, 98.88, 98.94, 98.91, 98.94, 99.0, 98.97, 98.95, 98.92, 98.95, 98.81, 98.52, 98.62, 98.71, 98.68, 98.64, 98.69, 98.56, 98.58, 98.61, 98.52]
2026-06-10 06:55:13,288 [trainer.py] => CNN top1 task curve: [1.0, 0.905, 0.87, 0.8975, 0.82, 0.8117, 0.8271, 0.7962, 0.7922, 0.777, 0.79, 0.7731, 0.7744, 0.7412, 0.7352, 0.7405, 0.7273, 0.7364, 0.7281, 0.7101, 0.7158, 0.7113, 0.7047, 0.6906, 0.6814, 0.6713, 0.6705, 0.6633, 0.66, 0.648, 0.6489, 0.6448, 0.6353, 0.6274, 0.6257, 0.6139, 0.6179, 0.6071, 0.6082, 0.5975, 0.5945, 0.5899, 0.5866, 0.5771, 0.5741, 0.5726, 0.57, 0.5662, 0.5612, 0.5569, 0.5499, 0.5437, 0.5402]
2026-06-10 06:55:13,288 [trainer.py] => CNN top5 curve: [100.0, 100.0, 100.0, 100.0, 100.0, 99.33, 99.29, 98.38, 96.56, 96.2, 96.55, 96.66, 95.92, 94.64, 94.33, 94.43, 93.05, 93.16, 93.1, 91.74, 91.89, 92.12, 91.03, 91.19, 90.9, 90.25, 89.94, 89.23, 89.25, 88.54, 88.39, 87.82, 87.18, 86.35, 86.57, 86.3, 86.29, 85.88, 86.04, 85.54, 85.3, 84.63, 84.33, 83.32, 83.49, 83.35, 83.11, 82.44, 82.47, 82.36, 82.47, 82.67, 82.41]
2026-06-10 06:55:13,288 [trainer.py] => Average Accuracy (CNN): 68.61
2026-06-10 06:55:13,299 [trainer.py] => All params: 134254251
2026-06-10 06:55:13,310 [trainer.py] => Trainable params: 75845
2026-06-10 06:55:13,311 [bilora.py] => Learning on 265-270
2026-06-10 07:11:31,495 [bilora.py] => Task 53, Epoch 50/50 => Loss 0.008, Train_accy 99.80
2026-06-10 07:12:31,505 [trainer.py] => Timing Task 53 => Train 991.56s, Epochs 50, Train 19.8312s/epoch, Inference 46.64s, Images 5387, Inference 8.6572ms/image
2026-06-10 07:12:31,506 [bilora.py] => Exemplar size: 0
2026-06-10 07:12:31,506 [trainer.py] => No NME accuracy.
2026-06-10 07:12:31,506 [trainer.py] => CNN: {'total': 54.43, '00-04': 84.0, '05-09': 73.0, '10-14': 70.0, '15-19': 60.0, '20-24': 50.0, '25-29': 71.0, '30-34': 70.0, '35-39': 54.0, '40-44': 55.0, '45-49': 48.0, '50-54': 89.0, '55-59': 48.48, '60-64': 75.0, '65-69': 23.0, '70-74': 56.0, '75-79': 73.0, '80-84': 50.51, '85-89': 74.0, '90-94': 53.0, '95-99': 44.44, '100-104': 76.0, '105-109': 47.47, '110-114': 50.0, '115-119': 39.39, '120-124': 69.0, '125-129': 38.0, '130-134': 72.0, '135-139': 38.0, '140-144': 54.55, '145-149': 27.0, '150-154': 55.56, '155-159': 77.0, '160-164': 50.0, '165-169': 67.68, '170-174': 46.0, '175-179': 17.0, '180-184': 74.49, '185-189': 35.0, '190-194': 55.0, '195-199': 50.0, '200-204': 27.27, '205-209': 46.0, '210-214': 34.0, '215-219': 27.0, '220-224': 80.0, '225-229': 56.57, '230-234': 58.0, '235-239': 44.0, '240-244': 39.0, '245-249': 52.0, '250-254': 35.0, '255-259': 45.45, '260-264': 55.0, '265-269': 79.0, 'old': 53.96, 'new': 79.0}
2026-06-10 07:12:31,507 [trainer.py] => CNN top1 curve: [100.0, 90.5, 87.0, 89.75, 82.0, 81.17, 82.71, 79.62, 79.11, 77.6, 79.0, 77.31, 77.44, 74.12, 73.52, 74.05, 72.73, 73.64, 72.81, 71.01, 71.58, 71.13, 70.47, 69.06, 68.14, 67.13, 67.05, 66.33, 66.0, 64.8, 64.82, 64.42, 63.47, 62.68, 62.51, 61.33, 61.73, 60.66, 60.77, 59.67, 59.38, 58.94, 58.59, 57.64, 57.34, 57.19, 56.93, 56.58, 56.08, 55.63, 54.91, 54.31, 53.98, 54.43]
2026-06-10 07:12:31,507 [trainer.py] => CNN top1 with task curve: [100.0, 99.5, 99.67, 99.75, 99.4, 99.5, 99.57, 99.5, 99.44, 99.5, 99.36, 99.42, 99.46, 99.5, 99.27, 99.31, 99.18, 99.22, 99.21, 99.25, 99.09, 99.23, 98.87, 98.91, 99.0, 99.08, 99.04, 99.11, 99.1, 99.0, 98.8, 98.84, 98.82, 98.88, 98.94, 98.91, 98.94, 99.0, 98.97, 98.95, 98.92, 98.95, 98.81, 98.52, 98.62, 98.71, 98.68, 98.64, 98.69, 98.56, 98.58, 98.61, 98.52, 98.57]
2026-06-10 07:12:31,507 [trainer.py] => CNN top1 task curve: [1.0, 0.905, 0.87, 0.8975, 0.82, 0.8117, 0.8271, 0.7962, 0.7922, 0.777, 0.79, 0.7731, 0.7744, 0.7412, 0.7352, 0.7405, 0.7273, 0.7364, 0.7281, 0.7101, 0.7158, 0.7113, 0.7047, 0.6906, 0.6814, 0.6713, 0.6705, 0.6633, 0.66, 0.648, 0.6489, 0.6448, 0.6353, 0.6274, 0.6257, 0.6139, 0.6179, 0.6071, 0.6082, 0.5975, 0.5945, 0.5899, 0.5866, 0.5771, 0.5741, 0.5726, 0.57, 0.5662, 0.5612, 0.5569, 0.5499, 0.5437, 0.5402, 0.5446]
2026-06-10 07:12:31,507 [trainer.py] => CNN top5 curve: [100.0, 100.0, 100.0, 100.0, 100.0, 99.33, 99.29, 98.38, 96.56, 96.2, 96.55, 96.66, 95.92, 94.64, 94.33, 94.43, 93.05, 93.16, 93.1, 91.74, 91.89, 92.12, 91.03, 91.19, 90.9, 90.25, 89.94, 89.23, 89.25, 88.54, 88.39, 87.82, 87.18, 86.35, 86.57, 86.3, 86.29, 85.88, 86.04, 85.54, 85.3, 84.63, 84.33, 83.32, 83.49, 83.35, 83.11, 82.44, 82.47, 82.36, 82.47, 82.67, 82.41, 82.77]
2026-06-10 07:12:31,507 [trainer.py] => Average Accuracy (CNN): 68.35
2026-06-10 07:12:31,526 [trainer.py] => All params: 134254251
2026-06-10 07:12:31,535 [trainer.py] => Trainable params: 75845
2026-06-10 07:12:31,535 [bilora.py] => Learning on 270-275
2026-06-10 07:28:40,873 [bilora.py] => Task 54, Epoch 50/50 => Loss 0.012, Train_accy 99.57
2026-06-10 07:29:42,302 [trainer.py] => Timing Task 54 => Train 982.90s, Epochs 50, Train 19.6580s/epoch, Inference 47.87s, Images 5487, Inference 8.7239ms/image
2026-06-10 07:29:42,302 [bilora.py] => Exemplar size: 0
2026-06-10 07:29:42,302 [trainer.py] => No NME accuracy.
2026-06-10 07:29:42,302 [trainer.py] => CNN: {'total': 53.84, '00-04': 82.0, '05-09': 72.0, '10-14': 70.0, '15-19': 58.0, '20-24': 48.0, '25-29': 68.0, '30-34': 69.0, '35-39': 53.0, '40-44': 55.0, '45-49': 47.0, '50-54': 88.0, '55-59': 47.47, '60-64': 75.0, '65-69': 22.0, '70-74': 55.0, '75-79': 72.0, '80-84': 50.51, '85-89': 74.0, '90-94': 54.0, '95-99': 43.43, '100-104': 80.0, '105-109': 46.46, '110-114': 48.0, '115-119': 38.38, '120-124': 69.0, '125-129': 35.0, '130-134': 72.0, '135-139': 37.0, '140-144': 51.52, '145-149': 27.0, '150-154': 57.58, '155-159': 79.0, '160-164': 49.0, '165-169': 68.69, '170-174': 46.0, '175-179': 18.0, '180-184': 74.49, '185-189': 35.0, '190-194': 58.0, '195-199': 51.0, '200-204': 27.27, '205-209': 47.0, '210-214': 37.0, '215-219': 26.0, '220-224': 82.0, '225-229': 55.56, '230-234': 57.0, '235-239': 41.0, '240-244': 37.0, '245-249': 52.0, '250-254': 34.0, '255-259': 43.43, '260-264': 53.0, '265-269': 78.0, '270-274': 46.0, 'old': 53.98, 'new': 46.0}
2026-06-10 07:29:42,303 [trainer.py] => CNN top1 curve: [100.0, 90.5, 87.0, 89.75, 82.0, 81.17, 82.71, 79.62, 79.11, 77.6, 79.0, 77.31, 77.44, 74.12, 73.52, 74.05, 72.73, 73.64, 72.81, 71.01, 71.58, 71.13, 70.47, 69.06, 68.14, 67.13, 67.05, 66.33, 66.0, 64.8, 64.82, 64.42, 63.47, 62.68, 62.51, 61.33, 61.73, 60.66, 60.77, 59.67, 59.38, 58.94, 58.59, 57.64, 57.34, 57.19, 56.93, 56.58, 56.08, 55.63, 54.91, 54.31, 53.98, 54.43, 53.84]
2026-06-10 07:29:42,303 [trainer.py] => CNN top1 with task curve: [100.0, 99.5, 99.67, 99.75, 99.4, 99.5, 99.57, 99.5, 99.44, 99.5, 99.36, 99.42, 99.46, 99.5, 99.27, 99.31, 99.18, 99.22, 99.21, 99.25, 99.09, 99.23, 98.87, 98.91, 99.0, 99.08, 99.04, 99.11, 99.1, 99.0, 98.8, 98.84, 98.82, 98.88, 98.94, 98.91, 98.94, 99.0, 98.97, 98.95, 98.92, 98.95, 98.81, 98.52, 98.62, 98.71, 98.68, 98.64, 98.69, 98.56, 98.58, 98.61, 98.52, 98.57, 98.58]
2026-06-10 07:29:42,303 [trainer.py] => CNN top1 task curve: [1.0, 0.905, 0.87, 0.8975, 0.82, 0.8117, 0.8271, 0.7962, 0.7922, 0.777, 0.79, 0.7731, 0.7744, 0.7412, 0.7352, 0.7405, 0.7273, 0.7364, 0.7281, 0.7101, 0.7158, 0.7113, 0.7047, 0.6906, 0.6814, 0.6713, 0.6705, 0.6633, 0.66, 0.648, 0.6489, 0.6448, 0.6353, 0.6274, 0.6257, 0.6139, 0.6179, 0.6071, 0.6082, 0.5975, 0.5945, 0.5899, 0.5866, 0.5771, 0.5741, 0.5726, 0.57, 0.5662, 0.5612, 0.5569, 0.5499, 0.5437, 0.5402, 0.5446, 0.5385]
2026-06-10 07:29:42,303 [trainer.py] => CNN top5 curve: [100.0, 100.0, 100.0, 100.0, 100.0, 99.33, 99.29, 98.38, 96.56, 96.2, 96.55, 96.66, 95.92, 94.64, 94.33, 94.43, 93.05, 93.16, 93.1, 91.74, 91.89, 92.12, 91.03, 91.19, 90.9, 90.25, 89.94, 89.23, 89.25, 88.54, 88.39, 87.82, 87.18, 86.35, 86.57, 86.3, 86.29, 85.88, 86.04, 85.54, 85.3, 84.63, 84.33, 83.32, 83.49, 83.35, 83.11, 82.44, 82.47, 82.36, 82.47, 82.67, 82.41, 82.77, 82.32]
2026-06-10 07:29:42,303 [trainer.py] => Average Accuracy (CNN): 68.08
2026-06-10 07:29:42,315 [trainer.py] => All params: 134254251
2026-06-10 07:29:42,328 [trainer.py] => Trainable params: 75845
2026-06-10 07:29:42,329 [bilora.py] => Learning on 275-280
2026-06-10 07:45:16,396 [bilora.py] => Task 55, Epoch 50/50 => Loss 0.009, Train_accy 99.56
2026-06-10 07:46:16,869 [trainer.py] => Timing Task 55 => Train 946.92s, Epochs 50, Train 18.9384s/epoch, Inference 47.62s, Images 5586, Inference 8.5253ms/image
2026-06-10 07:46:16,870 [bilora.py] => Exemplar size: 0
2026-06-10 07:46:16,870 [trainer.py] => No NME accuracy.
2026-06-10 07:46:16,870 [trainer.py] => CNN: {'total': 53.46, '00-04': 79.0, '05-09': 70.0, '10-14': 70.0, '15-19': 57.0, '20-24': 47.0, '25-29': 69.0, '30-34': 66.0, '35-39': 52.0, '40-44': 51.0, '45-49': 46.0, '50-54': 89.0, '55-59': 49.49, '60-64': 74.0, '65-69': 21.0, '70-74': 55.0, '75-79': 68.0, '80-84': 51.52, '85-89': 74.0, '90-94': 54.0, '95-99': 44.44, '100-104': 81.0, '105-109': 46.46, '110-114': 51.0, '115-119': 39.39, '120-124': 69.0, '125-129': 33.0, '130-134': 72.0, '135-139': 35.0, '140-144': 53.54, '145-149': 26.0, '150-154': 57.58, '155-159': 80.0, '160-164': 49.0, '165-169': 69.7, '170-174': 47.0, '175-179': 18.0, '180-184': 74.49, '185-189': 34.0, '190-194': 51.0, '195-199': 51.0, '200-204': 26.26, '205-209': 48.0, '210-214': 37.0, '215-219': 26.0, '220-224': 80.0, '225-229': 56.57, '230-234': 57.0, '235-239': 41.0, '240-244': 35.0, '245-249': 51.0, '250-254': 34.0, '255-259': 44.44, '260-264': 53.0, '265-269': 80.0, '270-274': 47.0, '275-279': 51.52, 'old': 53.49, 'new': 51.52}
2026-06-10 07:46:16,871 [trainer.py] => CNN top1 curve: [100.0, 90.5, 87.0, 89.75, 82.0, 81.17, 82.71, 79.62, 79.11, 77.6, 79.0, 77.31, 77.44, 74.12, 73.52, 74.05, 72.73, 73.64, 72.81, 71.01, 71.58, 71.13, 70.47, 69.06, 68.14, 67.13, 67.05, 66.33, 66.0, 64.8, 64.82, 64.42, 63.47, 62.68, 62.51, 61.33, 61.73, 60.66, 60.77, 59.67, 59.38, 58.94, 58.59, 57.64, 57.34, 57.19, 56.93, 56.58, 56.08, 55.63, 54.91, 54.31, 53.98, 54.43, 53.84, 53.46]
2026-06-10 07:46:16,871 [trainer.py] => CNN top1 with task curve: [100.0, 99.5, 99.67, 99.75, 99.4, 99.5, 99.57, 99.5, 99.44, 99.5, 99.36, 99.42, 99.46, 99.5, 99.27, 99.31, 99.18, 99.22, 99.21, 99.25, 99.09, 99.23, 98.87, 98.91, 99.0, 99.08, 99.04, 99.11, 99.1, 99.0, 98.8, 98.84, 98.82, 98.88, 98.94, 98.91, 98.94, 99.0, 98.97, 98.95, 98.92, 98.95, 98.81, 98.52, 98.62, 98.71, 98.68, 98.64, 98.69, 98.56, 98.58, 98.61, 98.52, 98.57, 98.58, 98.68]
2026-06-10 07:46:16,871 [trainer.py] => CNN top1 task curve: [1.0, 0.905, 0.87, 0.8975, 0.82, 0.8117, 0.8271, 0.7962, 0.7922, 0.777, 0.79, 0.7731, 0.7744, 0.7412, 0.7352, 0.7405, 0.7273, 0.7364, 0.7281, 0.7101, 0.7158, 0.7113, 0.7047, 0.6906, 0.6814, 0.6713, 0.6705, 0.6633, 0.66, 0.648, 0.6489, 0.6448, 0.6353, 0.6274, 0.6257, 0.6139, 0.6179, 0.6071, 0.6082, 0.5975, 0.5945, 0.5899, 0.5866, 0.5771, 0.5741, 0.5726, 0.57, 0.5662, 0.5612, 0.5569, 0.5499, 0.5437, 0.5402, 0.5446, 0.5385, 0.5347]
2026-06-10 07:46:16,871 [trainer.py] => CNN top5 curve: [100.0, 100.0, 100.0, 100.0, 100.0, 99.33, 99.29, 98.38, 96.56, 96.2, 96.55, 96.66, 95.92, 94.64, 94.33, 94.43, 93.05, 93.16, 93.1, 91.74, 91.89, 92.12, 91.03, 91.19, 90.9, 90.25, 89.94, 89.23, 89.25, 88.54, 88.39, 87.82, 87.18, 86.35, 86.57, 86.3, 86.29, 85.88, 86.04, 85.54, 85.3, 84.63, 84.33, 83.32, 83.49, 83.35, 83.11, 82.44, 82.47, 82.36, 82.47, 82.67, 82.41, 82.77, 82.32, 82.28]
2026-06-10 07:46:16,871 [trainer.py] => Average Accuracy (CNN): 67.82
2026-06-10 07:46:16,890 [trainer.py] => All params: 134254251
2026-06-10 07:46:16,900 [trainer.py] => Trainable params: 75845
2026-06-10 07:46:16,901 [bilora.py] => Learning on 280-285
2026-06-10 08:01:37,396 [bilora.py] => Task 56, Epoch 50/50 => Loss 0.006, Train_accy 99.78
2026-06-10 08:02:39,646 [trainer.py] => Timing Task 56 => Train 933.45s, Epochs 50, Train 18.6690s/epoch, Inference 49.29s, Images 5686, Inference 8.6693ms/image
2026-06-10 08:02:39,647 [bilora.py] => Exemplar size: 0
2026-06-10 08:02:39,647 [trainer.py] => No NME accuracy.
2026-06-10 08:02:39,647 [trainer.py] => CNN: {'total': 53.27, '00-04': 78.0, '05-09': 69.0, '10-14': 71.0, '15-19': 57.0, '20-24': 49.0, '25-29': 69.0, '30-34': 65.0, '35-39': 53.0, '40-44': 52.0, '45-49': 45.0, '50-54': 87.0, '55-59': 50.51, '60-64': 72.0, '65-69': 19.0, '70-74': 56.0, '75-79': 67.0, '80-84': 52.53, '85-89': 68.0, '90-94': 51.0, '95-99': 45.45, '100-104': 80.0, '105-109': 49.49, '110-114': 54.0, '115-119': 38.38, '120-124': 69.0, '125-129': 30.0, '130-134': 72.0, '135-139': 34.0, '140-144': 51.52, '145-149': 27.0, '150-154': 58.59, '155-159': 80.0, '160-164': 51.0, '165-169': 68.69, '170-174': 47.0, '175-179': 19.0, '180-184': 74.49, '185-189': 35.0, '190-194': 50.0, '195-199': 48.0, '200-204': 25.25, '205-209': 48.0, '210-214': 35.0, '215-219': 19.0, '220-224': 81.0, '225-229': 58.59, '230-234': 56.0, '235-239': 43.0, '240-244': 34.0, '245-249': 51.0, '250-254': 31.0, '255-259': 30.3, '260-264': 54.0, '265-269': 79.0, '270-274': 46.0, '275-279': 50.51, '280-284': 81.0, 'old': 52.77, 'new': 81.0}
2026-06-10 08:02:39,647 [trainer.py] => CNN top1 curve: [100.0, 90.5, 87.0, 89.75, 82.0, 81.17, 82.71, 79.62, 79.11, 77.6, 79.0, 77.31, 77.44, 74.12, 73.52, 74.05, 72.73, 73.64, 72.81, 71.01, 71.58, 71.13, 70.47, 69.06, 68.14, 67.13, 67.05, 66.33, 66.0, 64.8, 64.82, 64.42, 63.47, 62.68, 62.51, 61.33, 61.73, 60.66, 60.77, 59.67, 59.38, 58.94, 58.59, 57.64, 57.34, 57.19, 56.93, 56.58, 56.08, 55.63, 54.91, 54.31, 53.98, 54.43, 53.84, 53.46, 53.27]
2026-06-10 08:02:39,647 [trainer.py] => CNN top1 with task curve: [100.0, 99.5, 99.67, 99.75, 99.4, 99.5, 99.57, 99.5, 99.44, 99.5, 99.36, 99.42, 99.46, 99.5, 99.27, 99.31, 99.18, 99.22, 99.21, 99.25, 99.09, 99.23, 98.87, 98.91, 99.0, 99.08, 99.04, 99.11, 99.1, 99.0, 98.8, 98.84, 98.82, 98.88, 98.94, 98.91, 98.94, 99.0, 98.97, 98.95, 98.92, 98.95, 98.81, 98.52, 98.62, 98.71, 98.68, 98.64, 98.69, 98.56, 98.58, 98.61, 98.52, 98.57, 98.58, 98.68, 98.65]
2026-06-10 08:02:39,647 [trainer.py] => CNN top1 task curve: [1.0, 0.905, 0.87, 0.8975, 0.82, 0.8117, 0.8271, 0.7962, 0.7922, 0.777, 0.79, 0.7731, 0.7744, 0.7412, 0.7352, 0.7405, 0.7273, 0.7364, 0.7281, 0.7101, 0.7158, 0.7113, 0.7047, 0.6906, 0.6814, 0.6713, 0.6705, 0.6633, 0.66, 0.648, 0.6489, 0.6448, 0.6353, 0.6274, 0.6257, 0.6139, 0.6179, 0.6071, 0.6082, 0.5975, 0.5945, 0.5899, 0.5866, 0.5771, 0.5741, 0.5726, 0.57, 0.5662, 0.5612, 0.5569, 0.5499, 0.5437, 0.5402, 0.5446, 0.5385, 0.5347, 0.5329]
2026-06-10 08:02:39,647 [trainer.py] => CNN top5 curve: [100.0, 100.0, 100.0, 100.0, 100.0, 99.33, 99.29, 98.38, 96.56, 96.2, 96.55, 96.66, 95.92, 94.64, 94.33, 94.43, 93.05, 93.16, 93.1, 91.74, 91.89, 92.12, 91.03, 91.19, 90.9, 90.25, 89.94, 89.23, 89.25, 88.54, 88.39, 87.82, 87.18, 86.35, 86.57, 86.3, 86.29, 85.88, 86.04, 85.54, 85.3, 84.63, 84.33, 83.32, 83.49, 83.35, 83.11, 82.44, 82.47, 82.36, 82.47, 82.67, 82.41, 82.77, 82.32, 82.28, 82.45]
2026-06-10 08:02:39,648 [trainer.py] => Average Accuracy (CNN): 67.57
2026-06-10 08:02:39,666 [trainer.py] => All params: 134254251
2026-06-10 08:02:39,676 [trainer.py] => Trainable params: 75845
2026-06-10 08:02:39,676 [bilora.py] => Learning on 285-290
2026-06-10 08:19:33,120 [bilora.py] => Task 57, Epoch 50/50 => Loss 0.019, Train_accy 99.14
2026-06-10 08:20:37,932 [trainer.py] => Timing Task 57 => Train 1028.08s, Epochs 50, Train 20.5616s/epoch, Inference 50.18s, Images 5786, Inference 8.6722ms/image
2026-06-10 08:20:37,932 [bilora.py] => Exemplar size: 0
2026-06-10 08:20:37,932 [trainer.py] => No NME accuracy.
2026-06-10 08:20:37,933 [trainer.py] => CNN: {'total': 53.32, '00-04': 82.0, '05-09': 70.0, '10-14': 71.0, '15-19': 57.0, '20-24': 48.0, '25-29': 69.0, '30-34': 68.0, '35-39': 53.0, '40-44': 49.0, '45-49': 46.0, '50-54': 87.0, '55-59': 47.47, '60-64': 74.0, '65-69': 20.0, '70-74': 54.0, '75-79': 66.0, '80-84': 51.52, '85-89': 72.0, '90-94': 52.0, '95-99': 44.44, '100-104': 81.0, '105-109': 50.51, '110-114': 53.0, '115-119': 38.38, '120-124': 69.0, '125-129': 32.0, '130-134': 72.0, '135-139': 35.0, '140-144': 51.52, '145-149': 27.0, '150-154': 58.59, '155-159': 79.0, '160-164': 48.0, '165-169': 68.69, '170-174': 49.0, '175-179': 19.0, '180-184': 74.49, '185-189': 38.0, '190-194': 51.0, '195-199': 51.0, '200-204': 25.25, '205-209': 46.0, '210-214': 36.0, '215-219': 22.0, '220-224': 80.0, '225-229': 57.58, '230-234': 54.0, '235-239': 40.0, '240-244': 34.0, '245-249': 53.0, '250-254': 32.0, '255-259': 31.31, '260-264': 53.0, '265-269': 80.0, '270-274': 46.0, '275-279': 48.48, '280-284': 74.0, '285-289': 52.0, 'old': 53.34, 'new': 52.0}
2026-06-10 08:20:37,933 [trainer.py] => CNN top1 curve: [100.0, 90.5, 87.0, 89.75, 82.0, 81.17, 82.71, 79.62, 79.11, 77.6, 79.0, 77.31, 77.44, 74.12, 73.52, 74.05, 72.73, 73.64, 72.81, 71.01, 71.58, 71.13, 70.47, 69.06, 68.14, 67.13, 67.05, 66.33, 66.0, 64.8, 64.82, 64.42, 63.47, 62.68, 62.51, 61.33, 61.73, 60.66, 60.77, 59.67, 59.38, 58.94, 58.59, 57.64, 57.34, 57.19, 56.93, 56.58, 56.08, 55.63, 54.91, 54.31, 53.98, 54.43, 53.84, 53.46, 53.27, 53.32]
2026-06-10 08:20:37,933 [trainer.py] => CNN top1 with task curve: [100.0, 99.5, 99.67, 99.75, 99.4, 99.5, 99.57, 99.5, 99.44, 99.5, 99.36, 99.42, 99.46, 99.5, 99.27, 99.31, 99.18, 99.22, 99.21, 99.25, 99.09, 99.23, 98.87, 98.91, 99.0, 99.08, 99.04, 99.11, 99.1, 99.0, 98.8, 98.84, 98.82, 98.88, 98.94, 98.91, 98.94, 99.0, 98.97, 98.95, 98.92, 98.95, 98.81, 98.52, 98.62, 98.71, 98.68, 98.64, 98.69, 98.56, 98.58, 98.61, 98.52, 98.57, 98.58, 98.68, 98.65, 98.72]
2026-06-10 08:20:37,933 [trainer.py] => CNN top1 task curve: [1.0, 0.905, 0.87, 0.8975, 0.82, 0.8117, 0.8271, 0.7962, 0.7922, 0.777, 0.79, 0.7731, 0.7744, 0.7412, 0.7352, 0.7405, 0.7273, 0.7364, 0.7281, 0.7101, 0.7158, 0.7113, 0.7047, 0.6906, 0.6814, 0.6713, 0.6705, 0.6633, 0.66, 0.648, 0.6489, 0.6448, 0.6353, 0.6274, 0.6257, 0.6139, 0.6179, 0.6071, 0.6082, 0.5975, 0.5945, 0.5899, 0.5866, 0.5771, 0.5741, 0.5726, 0.57, 0.5662, 0.5612, 0.5569, 0.5499, 0.5437, 0.5402, 0.5446, 0.5385, 0.5347, 0.5329, 0.5335]
2026-06-10 08:20:37,933 [trainer.py] => CNN top5 curve: [100.0, 100.0, 100.0, 100.0, 100.0, 99.33, 99.29, 98.38, 96.56, 96.2, 96.55, 96.66, 95.92, 94.64, 94.33, 94.43, 93.05, 93.16, 93.1, 91.74, 91.89, 92.12, 91.03, 91.19, 90.9, 90.25, 89.94, 89.23, 89.25, 88.54, 88.39, 87.82, 87.18, 86.35, 86.57, 86.3, 86.29, 85.88, 86.04, 85.54, 85.3, 84.63, 84.33, 83.32, 83.49, 83.35, 83.11, 82.44, 82.47, 82.36, 82.47, 82.67, 82.41, 82.77, 82.32, 82.28, 82.45, 82.53]
2026-06-10 08:20:37,933 [trainer.py] => Average Accuracy (CNN): 67.32
2026-06-10 08:20:37,951 [trainer.py] => All params: 134254251
2026-06-10 08:20:37,961 [trainer.py] => Trainable params: 75845
2026-06-10 08:20:37,961 [bilora.py] => Learning on 290-295
2026-06-10 08:36:15,325 [bilora.py] => Task 58, Epoch 50/50 => Loss 0.024, Train_accy 99.12
2026-06-10 08:37:19,554 [trainer.py] => Timing Task 58 => Train 950.73s, Epochs 50, Train 19.0146s/epoch, Inference 50.86s, Images 5886, Inference 8.6411ms/image
2026-06-10 08:37:19,555 [bilora.py] => Exemplar size: 0
2026-06-10 08:37:19,555 [trainer.py] => No NME accuracy.
2026-06-10 08:37:19,555 [trainer.py] => CNN: {'total': 53.02, '00-04': 81.0, '05-09': 70.0, '10-14': 70.0, '15-19': 58.0, '20-24': 49.0, '25-29': 65.0, '30-34': 68.0, '35-39': 51.0, '40-44': 51.0, '45-49': 45.0, '50-54': 86.0, '55-59': 49.49, '60-64': 72.0, '65-69': 19.0, '70-74': 52.0, '75-79': 60.0, '80-84': 51.52, '85-89': 70.0, '90-94': 51.0, '95-99': 44.44, '100-104': 83.0, '105-109': 48.48, '110-114': 53.0, '115-119': 36.36, '120-124': 68.0, '125-129': 32.0, '130-134': 72.0, '135-139': 33.0, '140-144': 51.52, '145-149': 26.0, '150-154': 55.56, '155-159': 82.0, '160-164': 52.0, '165-169': 69.7, '170-174': 46.0, '175-179': 18.0, '180-184': 71.43, '185-189': 36.0, '190-194': 48.0, '195-199': 52.0, '200-204': 25.25, '205-209': 47.0, '210-214': 37.0, '215-219': 19.0, '220-224': 81.0, '225-229': 57.58, '230-234': 54.0, '235-239': 42.0, '240-244': 34.0, '245-249': 51.0, '250-254': 31.0, '255-259': 29.29, '260-264': 48.0, '265-269': 76.0, '270-274': 46.0, '275-279': 53.54, '280-284': 80.0, '285-289': 49.0, '290-294': 70.0, 'old': 52.73, 'new': 70.0}
2026-06-10 08:37:19,555 [trainer.py] => CNN top1 curve: [100.0, 90.5, 87.0, 89.75, 82.0, 81.17, 82.71, 79.62, 79.11, 77.6, 79.0, 77.31, 77.44, 74.12, 73.52, 74.05, 72.73, 73.64, 72.81, 71.01, 71.58, 71.13, 70.47, 69.06, 68.14, 67.13, 67.05, 66.33, 66.0, 64.8, 64.82, 64.42, 63.47, 62.68, 62.51, 61.33, 61.73, 60.66, 60.77, 59.67, 59.38, 58.94, 58.59, 57.64, 57.34, 57.19, 56.93, 56.58, 56.08, 55.63, 54.91, 54.31, 53.98, 54.43, 53.84, 53.46, 53.27, 53.32, 53.02]
2026-06-10 08:37:19,556 [trainer.py] => CNN top1 with task curve: [100.0, 99.5, 99.67, 99.75, 99.4, 99.5, 99.57, 99.5, 99.44, 99.5, 99.36, 99.42, 99.46, 99.5, 99.27, 99.31, 99.18, 99.22, 99.21, 99.25, 99.09, 99.23, 98.87, 98.91, 99.0, 99.08, 99.04, 99.11, 99.1, 99.0, 98.8, 98.84, 98.82, 98.88, 98.94, 98.91, 98.94, 99.0, 98.97, 98.95, 98.92, 98.95, 98.81, 98.52, 98.62, 98.71, 98.68, 98.64, 98.69, 98.56, 98.58, 98.61, 98.52, 98.57, 98.58, 98.68, 98.65, 98.72, 98.61]
2026-06-10 08:37:19,556 [trainer.py] => CNN top1 task curve: [1.0, 0.905, 0.87, 0.8975, 0.82, 0.8117, 0.8271, 0.7962, 0.7922, 0.777, 0.79, 0.7731, 0.7744, 0.7412, 0.7352, 0.7405, 0.7273, 0.7364, 0.7281, 0.7101, 0.7158, 0.7113, 0.7047, 0.6906, 0.6814, 0.6713, 0.6705, 0.6633, 0.66, 0.648, 0.6489, 0.6448, 0.6353, 0.6274, 0.6257, 0.6139, 0.6179, 0.6071, 0.6082, 0.5975, 0.5945, 0.5899, 0.5866, 0.5771, 0.5741, 0.5726, 0.57, 0.5662, 0.5612, 0.5569, 0.5499, 0.5437, 0.5402, 0.5446, 0.5385, 0.5347, 0.5329, 0.5335, 0.5304]
2026-06-10 08:37:19,556 [trainer.py] => CNN top5 curve: [100.0, 100.0, 100.0, 100.0, 100.0, 99.33, 99.29, 98.38, 96.56, 96.2, 96.55, 96.66, 95.92, 94.64, 94.33, 94.43, 93.05, 93.16, 93.1, 91.74, 91.89, 92.12, 91.03, 91.19, 90.9, 90.25, 89.94, 89.23, 89.25, 88.54, 88.39, 87.82, 87.18, 86.35, 86.57, 86.3, 86.29, 85.88, 86.04, 85.54, 85.3, 84.63, 84.33, 83.32, 83.49, 83.35, 83.11, 82.44, 82.47, 82.36, 82.47, 82.67, 82.41, 82.77, 82.32, 82.28, 82.45, 82.53, 82.26]
2026-06-10 08:37:19,556 [trainer.py] => Average Accuracy (CNN): 67.08
2026-06-10 08:37:19,575 [trainer.py] => All params: 134254251
2026-06-10 08:37:19,584 [trainer.py] => Trainable params: 75845
2026-06-10 08:37:19,585 [bilora.py] => Learning on 295-300
2026-06-10 08:55:24,874 [bilora.py] => Task 59, Epoch 50/50 => Loss 0.024, Train_accy 99.18
2026-06-10 08:56:36,041 [trainer.py] => Timing Task 59 => Train 1100.87s, Epochs 50, Train 22.0173s/epoch, Inference 55.59s, Images 5985, Inference 9.2884ms/image
2026-06-10 08:56:36,041 [bilora.py] => Exemplar size: 0
2026-06-10 08:56:36,041 [trainer.py] => No NME accuracy.
2026-06-10 08:56:36,041 [trainer.py] => CNN: {'total': 53.08, '00-04': 77.0, '05-09': 69.0, '10-14': 71.0, '15-19': 56.0, '20-24': 48.0, '25-29': 63.0, '30-34': 70.0, '35-39': 50.0, '40-44': 51.0, '45-49': 44.0, '50-54': 84.0, '55-59': 46.46, '60-64': 72.0, '65-69': 19.0, '70-74': 55.0, '75-79': 61.0, '80-84': 51.52, '85-89': 67.0, '90-94': 50.0, '95-99': 45.45, '100-104': 82.0, '105-109': 52.53, '110-114': 56.0, '115-119': 36.36, '120-124': 69.0, '125-129': 33.0, '130-134': 71.0, '135-139': 33.0, '140-144': 52.53, '145-149': 26.0, '150-154': 56.57, '155-159': 83.0, '160-164': 51.0, '165-169': 69.7, '170-174': 47.0, '175-179': 18.0, '180-184': 72.45, '185-189': 35.0, '190-194': 49.0, '195-199': 52.0, '200-204': 24.24, '205-209': 37.0, '210-214': 35.0, '215-219': 19.0, '220-224': 81.0, '225-229': 57.58, '230-234': 55.0, '235-239': 43.0, '240-244': 35.0, '245-249': 50.0, '250-254': 28.0, '255-259': 30.3, '260-264': 50.0, '265-269': 78.0, '270-274': 46.0, '275-279': 54.55, '280-284': 78.0, '285-289': 50.0, '290-294': 71.0, '295-299': 66.67, 'old': 52.85, 'new': 66.67}
2026-06-10 08:56:36,042 [trainer.py] => CNN top1 curve: [100.0, 90.5, 87.0, 89.75, 82.0, 81.17, 82.71, 79.62, 79.11, 77.6, 79.0, 77.31, 77.44, 74.12, 73.52, 74.05, 72.73, 73.64, 72.81, 71.01, 71.58, 71.13, 70.47, 69.06, 68.14, 67.13, 67.05, 66.33, 66.0, 64.8, 64.82, 64.42, 63.47, 62.68, 62.51, 61.33, 61.73, 60.66, 60.77, 59.67, 59.38, 58.94, 58.59, 57.64, 57.34, 57.19, 56.93, 56.58, 56.08, 55.63, 54.91, 54.31, 53.98, 54.43, 53.84, 53.46, 53.27, 53.32, 53.02, 53.08]
2026-06-10 08:56:36,042 [trainer.py] => CNN top1 with task curve: [100.0, 99.5, 99.67, 99.75, 99.4, 99.5, 99.57, 99.5, 99.44, 99.5, 99.36, 99.42, 99.46, 99.5, 99.27, 99.31, 99.18, 99.22, 99.21, 99.25, 99.09, 99.23, 98.87, 98.91, 99.0, 99.08, 99.04, 99.11, 99.1, 99.0, 98.8, 98.84, 98.82, 98.88, 98.94, 98.91, 98.94, 99.0, 98.97, 98.95, 98.92, 98.95, 98.81, 98.52, 98.62, 98.71, 98.68, 98.64, 98.69, 98.56, 98.58, 98.61, 98.52, 98.57, 98.58, 98.68, 98.65, 98.72, 98.61, 98.68]
2026-06-10 08:56:36,042 [trainer.py] => CNN top1 task curve: [1.0, 0.905, 0.87, 0.8975, 0.82, 0.8117, 0.8271, 0.7962, 0.7922, 0.777, 0.79, 0.7731, 0.7744, 0.7412, 0.7352, 0.7405, 0.7273, 0.7364, 0.7281, 0.7101, 0.7158, 0.7113, 0.7047, 0.6906, 0.6814, 0.6713, 0.6705, 0.6633, 0.66, 0.648, 0.6489, 0.6448, 0.6353, 0.6274, 0.6257, 0.6139, 0.6179, 0.6071, 0.6082, 0.5975, 0.5945, 0.5899, 0.5866, 0.5771, 0.5741, 0.5726, 0.57, 0.5662, 0.5612, 0.5569, 0.5499, 0.5437, 0.5402, 0.5446, 0.5385, 0.5347, 0.5329, 0.5335, 0.5304, 0.531]
2026-06-10 08:56:36,042 [trainer.py] => CNN top5 curve: [100.0, 100.0, 100.0, 100.0, 100.0, 99.33, 99.29, 98.38, 96.56, 96.2, 96.55, 96.66, 95.92, 94.64, 94.33, 94.43, 93.05, 93.16, 93.1, 91.74, 91.89, 92.12, 91.03, 91.19, 90.9, 90.25, 89.94, 89.23, 89.25, 88.54, 88.39, 87.82, 87.18, 86.35, 86.57, 86.3, 86.29, 85.88, 86.04, 85.54, 85.3, 84.63, 84.33, 83.32, 83.49, 83.35, 83.11, 82.44, 82.47, 82.36, 82.47, 82.67, 82.41, 82.77, 82.32, 82.28, 82.45, 82.53, 82.26, 82.19]
2026-06-10 08:56:36,042 [trainer.py] => Average Accuracy (CNN): 66.85
