2026-06-10 08:56:36,064 [trainer.py] => config: ./configs/bilora/bilora_omni_B0_Inc5.json
2026-06-10 08:56:36,064 [trainer.py] => prefix: reproduce
2026-06-10 08:56:36,064 [trainer.py] => dataset: omnibenchmark
2026-06-10 08:56:36,064 [trainer.py] => data_path: /home/team/zhaohongwei/Dataset/omnibenchmark
2026-06-10 08:56:36,064 [trainer.py] => memory_size: 0
2026-06-10 08:56:36,064 [trainer.py] => memory_per_class: 0
2026-06-10 08:56:36,064 [trainer.py] => fixed_memory: True
2026-06-10 08:56:36,065 [trainer.py] => shuffle: True
2026-06-10 08:56:36,065 [trainer.py] => init_cls: 5
2026-06-10 08:56:36,065 [trainer.py] => increment: 5
2026-06-10 08:56:36,065 [trainer.py] => model_name: bilora
2026-06-10 08:56:36,065 [trainer.py] => backbone_type: vit_base_patch16_224_in21k_bilora
2026-06-10 08:56:36,065 [trainer.py] => net_type: sip
2026-06-10 08:56:36,065 [trainer.py] => embd_dim: 768
2026-06-10 08:56:36,065 [trainer.py] => num_heads: 12
2026-06-10 08:56:36,065 [trainer.py] => total_sessions: 60
2026-06-10 08:56:36,065 [trainer.py] => device: [device(type='cuda', index=2)]
2026-06-10 08:56:36,065 [trainer.py] => seed: 1994
2026-06-10 08:56:36,065 [trainer.py] => EPSILON: 1e-08
2026-06-10 08:56:36,065 [trainer.py] => init_epoch: 50
2026-06-10 08:56:36,065 [trainer.py] => optim: adam
2026-06-10 08:56:36,065 [trainer.py] => init_lr: 0.0005
2026-06-10 08:56:36,065 [trainer.py] => init_lr_decay: 0.1
2026-06-10 08:56:36,065 [trainer.py] => init_weight_decay: 0.0
2026-06-10 08:56:36,065 [trainer.py] => epochs: 50
2026-06-10 08:56:36,065 [trainer.py] => lrate: 0.0005
2026-06-10 08:56:36,065 [trainer.py] => lrate_decay: 0.1
2026-06-10 08:56:36,065 [trainer.py] => batch_size: 128
2026-06-10 08:56:36,065 [trainer.py] => weight_decay: 0.0
2026-06-10 08:56:36,065 [trainer.py] => rank: 10
2026-06-10 08:56:36,065 [trainer.py] => lamb: 0.98
2026-06-10 08:56:36,066 [trainer.py] => lame: 1.0
2026-06-10 08:56:36,066 [trainer.py] => num_workers: 16
2026-06-10 08:56:36,066 [trainer.py] => nb_classes: 300
2026-06-10 08:56:36,066 [trainer.py] => nb_tasks: 60
2026-06-10 08:56:36,334 [data_manager.py] => [79, 231, 55, 293, 15, 281, 208, 119, 12, 11, 254, 126, 287, 215, 152, 278, 284, 140, 95, 72, 207, 232, 289, 171, 178, 189, 63, 86, 41, 159, 87, 103, 22, 80, 274, 73, 263, 122, 23, 28, 114, 273, 220, 185, 4, 70, 156, 286, 56, 115, 240, 268, 296, 174, 204, 113, 81, 221, 6, 101, 135, 224, 64, 269, 190, 244, 182, 181, 219, 198, 163, 150, 134, 210, 206, 202, 147, 234, 197, 222, 66, 144, 51, 24, 44, 209, 175, 195, 264, 205, 90, 21, 138, 52, 151, 124, 100, 121, 83, 132, 169, 285, 225, 27, 214, 236, 213, 162, 153, 271, 98, 233, 275, 299, 127, 29, 246, 50, 45, 280, 116, 242, 145, 165, 26, 149, 20, 186, 48, 129, 40, 2, 18, 241, 112, 200, 75, 85, 249, 68, 54, 59, 230, 228, 74, 253, 194, 77, 217, 227, 14, 8, 211, 297, 19, 226, 88, 96, 106, 9, 255, 38, 33, 176, 93, 35, 109, 69, 216, 92, 183, 47, 99, 39, 108, 160, 282, 199, 71, 201, 196, 120, 133, 270, 243, 250, 247, 288, 118, 136, 283, 187, 1, 184, 117, 130, 237, 32, 102, 177, 65, 173, 46, 267, 290, 128, 239, 0, 107, 167, 261, 43, 170, 104, 298, 262, 248, 60, 256, 78, 3, 58, 265, 62, 259, 61, 218, 157, 110, 143, 141, 252, 295, 97, 25, 291, 245, 125, 272, 17, 49, 161, 31, 155, 166, 251, 179, 94, 111, 142, 192, 229, 172, 16, 53, 168, 188, 158, 91, 258, 13, 10, 42, 36, 238, 105, 154, 257, 7, 277, 294, 279, 137, 266, 139, 292, 164, 276, 57, 123, 89, 82, 148, 67, 37, 146, 193, 131, 180, 5, 84, 260, 235, 223, 191, 30, 212, 76, 203, 34]
2026-06-10 08:56:45,346 [trainer.py] => All params: 134254251
2026-06-10 08:56:45,355 [trainer.py] => Trainable params: 134254251
2026-06-10 08:56:45,356 [bilora.py] => Learning on 0-5
2026-06-10 09:07:07,163 [bilora.py] => Task 0, Epoch 50/50 => Loss 0.131, Train_accy 95.37
2026-06-10 09:07:15,658 [trainer.py] => Timing Task 0 => Train 628.33s, Epochs 50, Train 12.5665s/epoch, Inference 1.98s, Images 100, Inference 19.7656ms/image
2026-06-10 09:07:15,658 [bilora.py] => Exemplar size: 0
2026-06-10 09:07:15,658 [trainer.py] => No NME accuracy.
2026-06-10 09:07:15,659 [trainer.py] => CNN: {'total': 91.0, '00-04': 91.0, 'old': 0, 'new': 91.0}
2026-06-10 09:07:15,659 [trainer.py] => CNN top1 curve: [91.0]
2026-06-10 09:07:15,659 [trainer.py] => CNN top1 with task curve: [91.0]
2026-06-10 09:07:15,659 [trainer.py] => CNN top1 task curve: [1.0]
2026-06-10 09:07:15,659 [trainer.py] => CNN top5 curve: [100.0]
2026-06-10 09:07:15,659 [trainer.py] => Average Accuracy (CNN): 91.0
2026-06-10 09:07:15,684 [trainer.py] => All params: 134254251
2026-06-10 09:07:15,696 [trainer.py] => Trainable params: 75845
2026-06-10 09:07:15,696 [bilora.py] => Learning on 5-10
2026-06-10 09:17:04,837 [bilora.py] => Task 1, Epoch 50/50 => Loss 0.035, Train_accy 98.78
2026-06-10 09:17:13,794 [trainer.py] => Timing Task 1 => Train 595.52s, Epochs 50, Train 11.9104s/epoch, Inference 2.58s, Images 200, Inference 12.8894ms/image
2026-06-10 09:17:13,794 [bilora.py] => Exemplar size: 0
2026-06-10 09:17:13,795 [trainer.py] => No NME accuracy.
2026-06-10 09:17:13,795 [trainer.py] => CNN: {'total': 93.5, '00-04': 88.0, '05-09': 99.0, 'old': 88.0, 'new': 99.0}
2026-06-10 09:17:13,795 [trainer.py] => CNN top1 curve: [91.0, 93.5]
2026-06-10 09:17:13,795 [trainer.py] => CNN top1 with task curve: [91.0, 95.5]
2026-06-10 09:17:13,795 [trainer.py] => CNN top1 task curve: [1.0, 0.96]
2026-06-10 09:17:13,795 [trainer.py] => CNN top5 curve: [100.0, 99.5]
2026-06-10 09:17:13,795 [trainer.py] => Average Accuracy (CNN): 92.25
2026-06-10 09:17:13,809 [trainer.py] => All params: 134254251
2026-06-10 09:17:13,825 [trainer.py] => Trainable params: 75845
2026-06-10 09:17:13,825 [bilora.py] => Learning on 10-15
2026-06-10 09:27:27,481 [bilora.py] => Task 2, Epoch 50/50 => Loss 0.021, Train_accy 99.01
2026-06-10 09:27:38,043 [trainer.py] => Timing Task 2 => Train 620.81s, Epochs 50, Train 12.4162s/epoch, Inference 3.41s, Images 300, Inference 11.3504ms/image
2026-06-10 09:27:38,043 [bilora.py] => Exemplar size: 0
2026-06-10 09:27:38,043 [trainer.py] => No NME accuracy.
2026-06-10 09:27:38,043 [trainer.py] => CNN: {'total': 92.67, '00-04': 81.0, '05-09': 98.0, '10-14': 99.0, 'old': 89.5, 'new': 99.0}
2026-06-10 09:27:38,043 [trainer.py] => CNN top1 curve: [91.0, 93.5, 92.67]
2026-06-10 09:27:38,043 [trainer.py] => CNN top1 with task curve: [91.0, 95.5, 97.0]
2026-06-10 09:27:38,043 [trainer.py] => CNN top1 task curve: [1.0, 0.96, 0.9433]
2026-06-10 09:27:38,043 [trainer.py] => CNN top5 curve: [100.0, 99.5, 99.67]
2026-06-10 09:27:38,043 [trainer.py] => Average Accuracy (CNN): 92.39
2026-06-10 09:27:38,056 [trainer.py] => All params: 134254251
2026-06-10 09:27:38,070 [trainer.py] => Trainable params: 75845
2026-06-10 09:27:38,070 [bilora.py] => Learning on 15-20
2026-06-10 09:38:30,015 [bilora.py] => Task 3, Epoch 50/50 => Loss 0.139, Train_accy 94.43
2026-06-10 09:38:40,703 [trainer.py] => Timing Task 3 => Train 659.07s, Epochs 50, Train 13.1815s/epoch, Inference 3.56s, Images 400, Inference 8.8968ms/image
2026-06-10 09:38:40,703 [bilora.py] => Exemplar size: 0
2026-06-10 09:38:40,703 [trainer.py] => No NME accuracy.
2026-06-10 09:38:40,703 [trainer.py] => CNN: {'total': 82.75, '00-04': 78.0, '05-09': 96.0, '10-14': 99.0, '15-19': 58.0, 'old': 91.0, 'new': 58.0}
2026-06-10 09:38:40,704 [trainer.py] => CNN top1 curve: [91.0, 93.5, 92.67, 82.75]
2026-06-10 09:38:40,704 [trainer.py] => CNN top1 with task curve: [91.0, 95.5, 97.0, 96.5]
2026-06-10 09:38:40,704 [trainer.py] => CNN top1 task curve: [1.0, 0.96, 0.9433, 0.8325]
2026-06-10 09:38:40,704 [trainer.py] => CNN top5 curve: [100.0, 99.5, 99.67, 99.0]
2026-06-10 09:38:40,704 [trainer.py] => Average Accuracy (CNN): 89.98
2026-06-10 09:38:40,715 [trainer.py] => All params: 134254251
2026-06-10 09:38:40,724 [trainer.py] => Trainable params: 75845
2026-06-10 09:38:40,724 [bilora.py] => Learning on 20-25
2026-06-10 09:48:23,546 [bilora.py] => Task 4, Epoch 50/50 => Loss 0.010, Train_accy 99.54
2026-06-10 09:48:34,064 [trainer.py] => Timing Task 4 => Train 589.43s, Epochs 50, Train 11.7886s/epoch, Inference 3.91s, Images 500, Inference 7.8178ms/image
2026-06-10 09:48:34,064 [bilora.py] => Exemplar size: 0
2026-06-10 09:48:34,064 [trainer.py] => No NME accuracy.
2026-06-10 09:48:34,064 [trainer.py] => CNN: {'total': 84.8, '00-04': 77.0, '05-09': 96.0, '10-14': 98.0, '15-19': 56.0, '20-24': 97.0, 'old': 81.75, 'new': 97.0}
2026-06-10 09:48:34,064 [trainer.py] => CNN top1 curve: [91.0, 93.5, 92.67, 82.75, 84.8]
2026-06-10 09:48:34,064 [trainer.py] => CNN top1 with task curve: [91.0, 95.5, 97.0, 96.5, 97.2]
2026-06-10 09:48:34,064 [trainer.py] => CNN top1 task curve: [1.0, 0.96, 0.9433, 0.8325, 0.854]
2026-06-10 09:48:34,064 [trainer.py] => CNN top5 curve: [100.0, 99.5, 99.67, 99.0, 99.2]
2026-06-10 09:48:34,064 [trainer.py] => Average Accuracy (CNN): 88.94
2026-06-10 09:48:34,076 [trainer.py] => All params: 134254251
2026-06-10 09:48:34,087 [trainer.py] => Trainable params: 75845
2026-06-10 09:48:34,088 [bilora.py] => Learning on 25-30
2026-06-10 10:00:01,862 [bilora.py] => Task 5, Epoch 50/50 => Loss 0.020, Train_accy 99.17
2026-06-10 10:00:13,938 [trainer.py] => Timing Task 5 => Train 695.53s, Epochs 50, Train 13.9107s/epoch, Inference 4.32s, Images 600, Inference 7.1940ms/image
2026-06-10 10:00:13,939 [bilora.py] => Exemplar size: 0
2026-06-10 10:00:13,939 [trainer.py] => No NME accuracy.
2026-06-10 10:00:13,939 [trainer.py] => CNN: {'total': 86.0, '00-04': 78.0, '05-09': 95.0, '10-14': 97.0, '15-19': 58.0, '20-24': 94.0, '25-29': 94.0, 'old': 84.4, 'new': 94.0}
2026-06-10 10:00:13,939 [trainer.py] => CNN top1 curve: [91.0, 93.5, 92.67, 82.75, 84.8, 86.0]
2026-06-10 10:00:13,939 [trainer.py] => CNN top1 with task curve: [91.0, 95.5, 97.0, 96.5, 97.2, 97.67]
2026-06-10 10:00:13,940 [trainer.py] => CNN top1 task curve: [1.0, 0.96, 0.9433, 0.8325, 0.854, 0.8633]
2026-06-10 10:00:13,940 [trainer.py] => CNN top5 curve: [100.0, 99.5, 99.67, 99.0, 99.2, 99.0]
2026-06-10 10:00:13,940 [trainer.py] => Average Accuracy (CNN): 88.45
2026-06-10 10:00:13,963 [trainer.py] => All params: 134254251
2026-06-10 10:00:13,975 [trainer.py] => Trainable params: 75845
2026-06-10 10:00:13,975 [bilora.py] => Learning on 30-35
2026-06-10 10:11:48,707 [bilora.py] => Task 6, Epoch 50/50 => Loss 0.026, Train_accy 98.96
2026-06-10 10:12:01,548 [trainer.py] => Timing Task 6 => Train 702.65s, Epochs 50, Train 14.0531s/epoch, Inference 4.92s, Images 699, Inference 7.0348ms/image
2026-06-10 10:12:01,548 [bilora.py] => Exemplar size: 0
2026-06-10 10:12:01,548 [trainer.py] => No NME accuracy.
2026-06-10 10:12:01,549 [trainer.py] => CNN: {'total': 83.12, '00-04': 79.0, '05-09': 94.0, '10-14': 97.0, '15-19': 57.0, '20-24': 93.0, '25-29': 95.0, '30-34': 66.67, 'old': 85.83, 'new': 66.67}
2026-06-10 10:12:01,549 [trainer.py] => CNN top1 curve: [91.0, 93.5, 92.67, 82.75, 84.8, 86.0, 83.12]
2026-06-10 10:12:01,549 [trainer.py] => CNN top1 with task curve: [91.0, 95.5, 97.0, 96.5, 97.2, 97.67, 97.85]
2026-06-10 10:12:01,549 [trainer.py] => CNN top1 task curve: [1.0, 0.96, 0.9433, 0.8325, 0.854, 0.8633, 0.8355]
2026-06-10 10:12:01,549 [trainer.py] => CNN top5 curve: [100.0, 99.5, 99.67, 99.0, 99.2, 99.0, 98.28]
2026-06-10 10:12:01,549 [trainer.py] => Average Accuracy (CNN): 87.69
2026-06-10 10:12:01,574 [trainer.py] => All params: 134254251
2026-06-10 10:12:01,585 [trainer.py] => Trainable params: 75845
2026-06-10 10:12:01,585 [bilora.py] => Learning on 35-40
2026-06-10 10:23:21,670 [bilora.py] => Task 7, Epoch 50/50 => Loss 0.012, Train_accy 99.73
2026-06-10 10:23:35,023 [trainer.py] => Timing Task 7 => Train 688.03s, Epochs 50, Train 13.7606s/epoch, Inference 5.41s, Images 799, Inference 6.7672ms/image
2026-06-10 10:23:35,023 [bilora.py] => Exemplar size: 0
2026-06-10 10:23:35,023 [trainer.py] => No NME accuracy.
2026-06-10 10:23:35,023 [trainer.py] => CNN: {'total': 80.85, '00-04': 77.0, '05-09': 94.0, '10-14': 98.0, '15-19': 57.0, '20-24': 93.0, '25-29': 93.0, '30-34': 67.68, '35-39': 67.0, 'old': 82.83, 'new': 67.0}
2026-06-10 10:23:35,023 [trainer.py] => CNN top1 curve: [91.0, 93.5, 92.67, 82.75, 84.8, 86.0, 83.12, 80.85]
2026-06-10 10:23:35,023 [trainer.py] => CNN top1 with task curve: [91.0, 95.5, 97.0, 96.5, 97.2, 97.67, 97.85, 98.12]
2026-06-10 10:23:35,023 [trainer.py] => CNN top1 task curve: [1.0, 0.96, 0.9433, 0.8325, 0.854, 0.8633, 0.8355, 0.811]
2026-06-10 10:23:35,023 [trainer.py] => CNN top5 curve: [100.0, 99.5, 99.67, 99.0, 99.2, 99.0, 98.28, 98.0]
2026-06-10 10:23:35,023 [trainer.py] => Average Accuracy (CNN): 86.84
2026-06-10 10:23:35,035 [trainer.py] => All params: 134254251
2026-06-10 10:23:35,044 [trainer.py] => Trainable params: 75845
2026-06-10 10:23:35,044 [bilora.py] => Learning on 40-45
2026-06-10 10:35:17,020 [bilora.py] => Task 8, Epoch 50/50 => Loss 0.020, Train_accy 99.54
2026-06-10 10:35:30,958 [trainer.py] => Timing Task 8 => Train 710.07s, Epochs 50, Train 14.2014s/epoch, Inference 5.84s, Images 899, Inference 6.4998ms/image
2026-06-10 10:35:30,958 [bilora.py] => Exemplar size: 0
2026-06-10 10:35:30,958 [trainer.py] => No NME accuracy.
2026-06-10 10:35:30,958 [trainer.py] => CNN: {'total': 81.65, '00-04': 78.0, '05-09': 93.0, '10-14': 98.0, '15-19': 56.0, '20-24': 92.0, '25-29': 93.0, '30-34': 65.66, '35-39': 67.0, '40-44': 92.0, 'old': 80.35, 'new': 92.0}
2026-06-10 10:35:30,958 [trainer.py] => CNN top1 curve: [91.0, 93.5, 92.67, 82.75, 84.8, 86.0, 83.12, 80.85, 81.65]
2026-06-10 10:35:30,958 [trainer.py] => CNN top1 with task curve: [91.0, 95.5, 97.0, 96.5, 97.2, 97.67, 97.85, 98.12, 98.44]
2026-06-10 10:35:30,958 [trainer.py] => CNN top1 task curve: [1.0, 0.96, 0.9433, 0.8325, 0.854, 0.8633, 0.8355, 0.811, 0.8187]
2026-06-10 10:35:30,959 [trainer.py] => CNN top5 curve: [100.0, 99.5, 99.67, 99.0, 99.2, 99.0, 98.28, 98.0, 98.11]
2026-06-10 10:35:30,959 [trainer.py] => Average Accuracy (CNN): 86.26
2026-06-10 10:35:30,970 [trainer.py] => All params: 134254251
2026-06-10 10:35:30,979 [trainer.py] => Trainable params: 75845
2026-06-10 10:35:30,979 [bilora.py] => Learning on 45-50
2026-06-10 10:46:51,296 [bilora.py] => Task 9, Epoch 50/50 => Loss 0.017, Train_accy 99.31
2026-06-10 10:47:05,928 [trainer.py] => Timing Task 9 => Train 688.56s, Epochs 50, Train 13.7712s/epoch, Inference 6.39s, Images 999, Inference 6.3942ms/image
2026-06-10 10:47:05,928 [bilora.py] => Exemplar size: 0
2026-06-10 10:47:05,928 [trainer.py] => No NME accuracy.
2026-06-10 10:47:05,928 [trainer.py] => CNN: {'total': 79.98, '00-04': 77.0, '05-09': 94.0, '10-14': 98.0, '15-19': 57.0, '20-24': 93.0, '25-29': 92.0, '30-34': 65.66, '35-39': 66.0, '40-44': 92.0, '45-49': 65.0, 'old': 81.65, 'new': 65.0}
2026-06-10 10:47:05,929 [trainer.py] => CNN top1 curve: [91.0, 93.5, 92.67, 82.75, 84.8, 86.0, 83.12, 80.85, 81.65, 79.98]
2026-06-10 10:47:05,929 [trainer.py] => CNN top1 with task curve: [91.0, 95.5, 97.0, 96.5, 97.2, 97.67, 97.85, 98.12, 98.44, 98.6]
2026-06-10 10:47:05,929 [trainer.py] => CNN top1 task curve: [1.0, 0.96, 0.9433, 0.8325, 0.854, 0.8633, 0.8355, 0.811, 0.8187, 0.8018]
2026-06-10 10:47:05,929 [trainer.py] => CNN top5 curve: [100.0, 99.5, 99.67, 99.0, 99.2, 99.0, 98.28, 98.0, 98.11, 94.99]
2026-06-10 10:47:05,929 [trainer.py] => Average Accuracy (CNN): 85.63
2026-06-10 10:47:05,953 [trainer.py] => All params: 134254251
2026-06-10 10:47:05,964 [trainer.py] => Trainable params: 75845
2026-06-10 10:47:05,965 [bilora.py] => Learning on 50-55
2026-06-10 10:59:24,861 [bilora.py] => Task 10, Epoch 50/50 => Loss 0.040, Train_accy 98.48
2026-06-10 10:59:40,591 [trainer.py] => Timing Task 10 => Train 747.54s, Epochs 50, Train 14.9509s/epoch, Inference 7.08s, Images 1099, Inference 6.4438ms/image
2026-06-10 10:59:40,591 [bilora.py] => Exemplar size: 0
2026-06-10 10:59:40,592 [trainer.py] => No NME accuracy.
2026-06-10 10:59:40,592 [trainer.py] => CNN: {'total': 81.16, '00-04': 79.0, '05-09': 94.0, '10-14': 99.0, '15-19': 58.0, '20-24': 92.0, '25-29': 93.0, '30-34': 64.65, '35-39': 66.0, '40-44': 91.0, '45-49': 66.0, '50-54': 90.0, 'old': 80.28, 'new': 90.0}
2026-06-10 10:59:40,592 [trainer.py] => CNN top1 curve: [91.0, 93.5, 92.67, 82.75, 84.8, 86.0, 83.12, 80.85, 81.65, 79.98, 81.16]
2026-06-10 10:59:40,592 [trainer.py] => CNN top1 with task curve: [91.0, 95.5, 97.0, 96.5, 97.2, 97.67, 97.85, 98.12, 98.44, 98.6, 98.36]
2026-06-10 10:59:40,592 [trainer.py] => CNN top1 task curve: [1.0, 0.96, 0.9433, 0.8325, 0.854, 0.8633, 0.8355, 0.811, 0.8187, 0.8018, 0.8153]
2026-06-10 10:59:40,592 [trainer.py] => CNN top5 curve: [100.0, 99.5, 99.67, 99.0, 99.2, 99.0, 98.28, 98.0, 98.11, 94.99, 95.27]
2026-06-10 10:59:40,592 [trainer.py] => Average Accuracy (CNN): 85.23
2026-06-10 10:59:40,616 [trainer.py] => All params: 134254251
2026-06-10 10:59:40,628 [trainer.py] => Trainable params: 75845
2026-06-10 10:59:40,628 [bilora.py] => Learning on 55-60
2026-06-10 11:11:45,828 [bilora.py] => Task 11, Epoch 50/50 => Loss 0.006, Train_accy 99.87
2026-06-10 11:12:02,160 [trainer.py] => Timing Task 11 => Train 733.82s, Epochs 50, Train 14.6763s/epoch, Inference 7.72s, Images 1199, Inference 6.4356ms/image
2026-06-10 11:12:02,160 [bilora.py] => Exemplar size: 0
2026-06-10 11:12:02,160 [trainer.py] => No NME accuracy.
2026-06-10 11:12:02,160 [trainer.py] => CNN: {'total': 80.82, '00-04': 73.0, '05-09': 94.0, '10-14': 98.0, '15-19': 57.0, '20-24': 89.0, '25-29': 92.0, '30-34': 60.61, '35-39': 66.0, '40-44': 90.0, '45-49': 65.0, '50-54': 90.0, '55-59': 95.0, 'old': 79.53, 'new': 95.0}
2026-06-10 11:12:02,160 [trainer.py] => CNN top1 curve: [91.0, 93.5, 92.67, 82.75, 84.8, 86.0, 83.12, 80.85, 81.65, 79.98, 81.16, 80.82]
2026-06-10 11:12:02,161 [trainer.py] => CNN top1 with task curve: [91.0, 95.5, 97.0, 96.5, 97.2, 97.67, 97.85, 98.12, 98.44, 98.6, 98.36, 98.42]
2026-06-10 11:12:02,161 [trainer.py] => CNN top1 task curve: [1.0, 0.96, 0.9433, 0.8325, 0.854, 0.8633, 0.8355, 0.811, 0.8187, 0.8018, 0.8153, 0.8107]
2026-06-10 11:12:02,161 [trainer.py] => CNN top5 curve: [100.0, 99.5, 99.67, 99.0, 99.2, 99.0, 98.28, 98.0, 98.11, 94.99, 95.27, 95.41]
2026-06-10 11:12:02,161 [trainer.py] => Average Accuracy (CNN): 84.86
2026-06-10 11:12:02,174 [trainer.py] => All params: 134254251
2026-06-10 11:12:02,188 [trainer.py] => Trainable params: 75845
2026-06-10 11:12:02,188 [bilora.py] => Learning on 60-65
2026-06-10 11:24:27,580 [bilora.py] => Task 12, Epoch 50/50 => Loss 0.015, Train_accy 99.48
2026-06-10 11:24:44,480 [trainer.py] => Timing Task 12 => Train 754.23s, Epochs 50, Train 15.0845s/epoch, Inference 8.07s, Images 1299, Inference 6.2093ms/image
2026-06-10 11:24:44,480 [bilora.py] => Exemplar size: 0
2026-06-10 11:24:44,481 [trainer.py] => No NME accuracy.
2026-06-10 11:24:44,481 [trainer.py] => CNN: {'total': 79.14, '00-04': 77.0, '05-09': 93.0, '10-14': 98.0, '15-19': 57.0, '20-24': 88.0, '25-29': 74.0, '30-34': 60.61, '35-39': 64.0, '40-44': 90.0, '45-49': 66.0, '50-54': 90.0, '55-59': 94.0, '60-64': 77.0, 'old': 79.32, 'new': 77.0}
2026-06-10 11:24:44,481 [trainer.py] => CNN top1 curve: [91.0, 93.5, 92.67, 82.75, 84.8, 86.0, 83.12, 80.85, 81.65, 79.98, 81.16, 80.82, 79.14]
2026-06-10 11:24:44,481 [trainer.py] => CNN top1 with task curve: [91.0, 95.5, 97.0, 96.5, 97.2, 97.67, 97.85, 98.12, 98.44, 98.6, 98.36, 98.42, 98.54]
2026-06-10 11:24:44,481 [trainer.py] => CNN top1 task curve: [1.0, 0.96, 0.9433, 0.8325, 0.854, 0.8633, 0.8355, 0.811, 0.8187, 0.8018, 0.8153, 0.8107, 0.7945]
2026-06-10 11:24:44,481 [trainer.py] => CNN top5 curve: [100.0, 99.5, 99.67, 99.0, 99.2, 99.0, 98.28, 98.0, 98.11, 94.99, 95.27, 95.41, 95.07]
2026-06-10 11:24:44,481 [trainer.py] => Average Accuracy (CNN): 84.42
2026-06-10 11:24:44,498 [trainer.py] => All params: 134254251
2026-06-10 11:24:44,508 [trainer.py] => Trainable params: 75845
2026-06-10 11:24:44,508 [bilora.py] => Learning on 65-70
2026-06-10 11:36:34,704 [bilora.py] => Task 13, Epoch 50/50 => Loss 0.012, Train_accy 99.52
2026-06-10 11:36:52,174 [trainer.py] => Timing Task 13 => Train 718.94s, Epochs 50, Train 14.3789s/epoch, Inference 8.72s, Images 1398, Inference 6.2381ms/image
2026-06-10 11:36:52,175 [bilora.py] => Exemplar size: 0
2026-06-10 11:36:52,175 [trainer.py] => No NME accuracy.
2026-06-10 11:36:52,176 [trainer.py] => CNN: {'total': 77.75, '00-04': 79.0, '05-09': 93.0, '10-14': 87.0, '15-19': 56.0, '20-24': 88.0, '25-29': 72.0, '30-34': 55.56, '35-39': 63.0, '40-44': 90.0, '45-49': 65.0, '50-54': 87.0, '55-59': 93.0, '60-64': 78.0, '65-69': 81.82, 'old': 77.44, 'new': 81.82}
2026-06-10 11:36:52,176 [trainer.py] => CNN top1 curve: [91.0, 93.5, 92.67, 82.75, 84.8, 86.0, 83.12, 80.85, 81.65, 79.98, 81.16, 80.82, 79.14, 77.75]
2026-06-10 11:36:52,176 [trainer.py] => CNN top1 with task curve: [91.0, 95.5, 97.0, 96.5, 97.2, 97.67, 97.85, 98.12, 98.44, 98.6, 98.36, 98.42, 98.54, 98.71]
2026-06-10 11:36:52,176 [trainer.py] => CNN top1 task curve: [1.0, 0.96, 0.9433, 0.8325, 0.854, 0.8633, 0.8355, 0.811, 0.8187, 0.8018, 0.8153, 0.8107, 0.7945, 0.779]
2026-06-10 11:36:52,176 [trainer.py] => CNN top5 curve: [100.0, 99.5, 99.67, 99.0, 99.2, 99.0, 98.28, 98.0, 98.11, 94.99, 95.27, 95.41, 95.07, 95.57]
2026-06-10 11:36:52,176 [trainer.py] => Average Accuracy (CNN): 83.94
2026-06-10 11:36:52,200 [trainer.py] => All params: 134254251
2026-06-10 11:36:52,212 [trainer.py] => Trainable params: 75845
2026-06-10 11:36:52,212 [bilora.py] => Learning on 70-75
2026-06-10 11:49:49,205 [bilora.py] => Task 14, Epoch 50/50 => Loss 0.008, Train_accy 99.88
2026-06-10 11:50:07,833 [trainer.py] => Timing Task 14 => Train 786.39s, Epochs 50, Train 15.7278s/epoch, Inference 9.23s, Images 1498, Inference 6.1632ms/image
2026-06-10 11:50:07,834 [bilora.py] => Exemplar size: 0
2026-06-10 11:50:07,834 [trainer.py] => No NME accuracy.
2026-06-10 11:50:07,834 [trainer.py] => CNN: {'total': 77.77, '00-04': 79.0, '05-09': 93.0, '10-14': 85.0, '15-19': 57.0, '20-24': 88.0, '25-29': 68.0, '30-34': 54.55, '35-39': 67.0, '40-44': 89.0, '45-49': 65.0, '50-54': 86.0, '55-59': 92.0, '60-64': 77.0, '65-69': 74.75, '70-74': 91.0, 'old': 76.82, 'new': 91.0}
2026-06-10 11:50:07,834 [trainer.py] => CNN top1 curve: [91.0, 93.5, 92.67, 82.75, 84.8, 86.0, 83.12, 80.85, 81.65, 79.98, 81.16, 80.82, 79.14, 77.75, 77.77]
2026-06-10 11:50:07,834 [trainer.py] => CNN top1 with task curve: [91.0, 95.5, 97.0, 96.5, 97.2, 97.67, 97.85, 98.12, 98.44, 98.6, 98.36, 98.42, 98.54, 98.71, 98.66]
2026-06-10 11:50:07,834 [trainer.py] => CNN top1 task curve: [1.0, 0.96, 0.9433, 0.8325, 0.854, 0.8633, 0.8355, 0.811, 0.8187, 0.8018, 0.8153, 0.8107, 0.7945, 0.779, 0.779]
2026-06-10 11:50:07,835 [trainer.py] => CNN top5 curve: [100.0, 99.5, 99.67, 99.0, 99.2, 99.0, 98.28, 98.0, 98.11, 94.99, 95.27, 95.41, 95.07, 95.57, 95.86]
2026-06-10 11:50:07,835 [trainer.py] => Average Accuracy (CNN): 83.53
2026-06-10 11:50:07,857 [trainer.py] => All params: 134254251
2026-06-10 11:50:07,868 [trainer.py] => Trainable params: 75845
2026-06-10 11:50:07,869 [bilora.py] => Learning on 75-80
2026-06-10 12:02:26,664 [bilora.py] => Task 15, Epoch 50/50 => Loss 0.020, Train_accy 99.20
2026-06-10 12:02:45,681 [trainer.py] => Timing Task 15 => Train 747.83s, Epochs 50, Train 14.9566s/epoch, Inference 9.98s, Images 1598, Inference 6.2465ms/image
2026-06-10 12:02:45,682 [bilora.py] => Exemplar size: 0
2026-06-10 12:02:45,682 [trainer.py] => No NME accuracy.
2026-06-10 12:02:45,682 [trainer.py] => CNN: {'total': 78.66, '00-04': 79.0, '05-09': 92.0, '10-14': 84.0, '15-19': 58.0, '20-24': 88.0, '25-29': 70.0, '30-34': 53.54, '35-39': 67.0, '40-44': 89.0, '45-49': 65.0, '50-54': 86.0, '55-59': 92.0, '60-64': 77.0, '65-69': 75.76, '70-74': 89.0, '75-79': 93.0, 'old': 77.7, 'new': 93.0}
2026-06-10 12:02:45,682 [trainer.py] => CNN top1 curve: [91.0, 93.5, 92.67, 82.75, 84.8, 86.0, 83.12, 80.85, 81.65, 79.98, 81.16, 80.82, 79.14, 77.75, 77.77, 78.66]
2026-06-10 12:02:45,682 [trainer.py] => CNN top1 with task curve: [91.0, 95.5, 97.0, 96.5, 97.2, 97.67, 97.85, 98.12, 98.44, 98.6, 98.36, 98.42, 98.54, 98.71, 98.66, 98.69]
2026-06-10 12:02:45,682 [trainer.py] => CNN top1 task curve: [1.0, 0.96, 0.9433, 0.8325, 0.854, 0.8633, 0.8355, 0.811, 0.8187, 0.8018, 0.8153, 0.8107, 0.7945, 0.779, 0.779, 0.7879]
2026-06-10 12:02:45,683 [trainer.py] => CNN top5 curve: [100.0, 99.5, 99.67, 99.0, 99.2, 99.0, 98.28, 98.0, 98.11, 94.99, 95.27, 95.41, 95.07, 95.57, 95.86, 95.99]
2026-06-10 12:02:45,683 [trainer.py] => Average Accuracy (CNN): 83.23
2026-06-10 12:02:45,706 [trainer.py] => All params: 134254251
2026-06-10 12:02:45,717 [trainer.py] => Trainable params: 75845
2026-06-10 12:02:45,717 [bilora.py] => Learning on 80-85
2026-06-10 12:14:19,216 [bilora.py] => Task 16, Epoch 50/50 => Loss 0.011, Train_accy 99.64
2026-06-10 12:14:38,405 [trainer.py] => Timing Task 16 => Train 702.07s, Epochs 50, Train 14.0414s/epoch, Inference 10.62s, Images 1698, Inference 6.2524ms/image
2026-06-10 12:14:38,406 [bilora.py] => Exemplar size: 0
2026-06-10 12:14:38,406 [trainer.py] => No NME accuracy.
2026-06-10 12:14:38,406 [trainer.py] => CNN: {'total': 76.74, '00-04': 78.0, '05-09': 92.0, '10-14': 84.0, '15-19': 59.0, '20-24': 79.0, '25-29': 63.0, '30-34': 54.55, '35-39': 66.0, '40-44': 87.0, '45-49': 63.0, '50-54': 86.0, '55-59': 90.0, '60-64': 76.0, '65-69': 75.76, '70-74': 90.0, '75-79': 93.0, '80-84': 68.0, 'old': 77.28, 'new': 68.0}
2026-06-10 12:14:38,406 [trainer.py] => CNN top1 curve: [91.0, 93.5, 92.67, 82.75, 84.8, 86.0, 83.12, 80.85, 81.65, 79.98, 81.16, 80.82, 79.14, 77.75, 77.77, 78.66, 76.74]
2026-06-10 12:14:38,406 [trainer.py] => CNN top1 with task curve: [91.0, 95.5, 97.0, 96.5, 97.2, 97.67, 97.85, 98.12, 98.44, 98.6, 98.36, 98.42, 98.54, 98.71, 98.66, 98.69, 98.82]
2026-06-10 12:14:38,406 [trainer.py] => CNN top1 task curve: [1.0, 0.96, 0.9433, 0.8325, 0.854, 0.8633, 0.8355, 0.811, 0.8187, 0.8018, 0.8153, 0.8107, 0.7945, 0.779, 0.779, 0.7879, 0.7691]
2026-06-10 12:14:38,406 [trainer.py] => CNN top5 curve: [100.0, 99.5, 99.67, 99.0, 99.2, 99.0, 98.28, 98.0, 98.11, 94.99, 95.27, 95.41, 95.07, 95.57, 95.86, 95.99, 95.05]
2026-06-10 12:14:38,407 [trainer.py] => Average Accuracy (CNN): 82.84
2026-06-10 12:14:38,429 [trainer.py] => All params: 134254251
2026-06-10 12:14:38,441 [trainer.py] => Trainable params: 75845
2026-06-10 12:14:38,441 [bilora.py] => Learning on 85-90
2026-06-10 12:27:44,235 [bilora.py] => Task 17, Epoch 50/50 => Loss 0.020, Train_accy 99.22
2026-06-10 12:28:05,519 [trainer.py] => Timing Task 17 => Train 795.65s, Epochs 50, Train 15.9130s/epoch, Inference 11.43s, Images 1798, Inference 6.3547ms/image
2026-06-10 12:28:05,519 [bilora.py] => Exemplar size: 0
2026-06-10 12:28:05,519 [trainer.py] => No NME accuracy.
2026-06-10 12:28:05,519 [trainer.py] => CNN: {'total': 75.19, '00-04': 77.0, '05-09': 92.0, '10-14': 84.0, '15-19': 59.0, '20-24': 78.0, '25-29': 63.0, '30-34': 55.56, '35-39': 66.0, '40-44': 87.0, '45-49': 62.0, '50-54': 86.0, '55-59': 91.0, '60-64': 68.0, '65-69': 74.75, '70-74': 89.0, '75-79': 92.0, '80-84': 70.0, '85-89': 59.0, 'old': 76.15, 'new': 59.0}
2026-06-10 12:28:05,519 [trainer.py] => CNN top1 curve: [91.0, 93.5, 92.67, 82.75, 84.8, 86.0, 83.12, 80.85, 81.65, 79.98, 81.16, 80.82, 79.14, 77.75, 77.77, 78.66, 76.74, 75.19]
2026-06-10 12:28:05,519 [trainer.py] => CNN top1 with task curve: [91.0, 95.5, 97.0, 96.5, 97.2, 97.67, 97.85, 98.12, 98.44, 98.6, 98.36, 98.42, 98.54, 98.71, 98.66, 98.69, 98.82, 98.72]
2026-06-10 12:28:05,519 [trainer.py] => CNN top1 task curve: [1.0, 0.96, 0.9433, 0.8325, 0.854, 0.8633, 0.8355, 0.811, 0.8187, 0.8018, 0.8153, 0.8107, 0.7945, 0.779, 0.779, 0.7879, 0.7691, 0.7531]
2026-06-10 12:28:05,519 [trainer.py] => CNN top5 curve: [100.0, 99.5, 99.67, 99.0, 99.2, 99.0, 98.28, 98.0, 98.11, 94.99, 95.27, 95.41, 95.07, 95.57, 95.86, 95.99, 95.05, 95.22]
2026-06-10 12:28:05,519 [trainer.py] => Average Accuracy (CNN): 82.42
2026-06-10 12:28:05,531 [trainer.py] => All params: 134254251
2026-06-10 12:28:05,544 [trainer.py] => Trainable params: 75845
2026-06-10 12:28:05,544 [bilora.py] => Learning on 90-95
2026-06-10 12:42:25,904 [bilora.py] => Task 18, Epoch 50/50 => Loss 0.026, Train_accy 98.95
2026-06-10 12:42:48,348 [trainer.py] => Timing Task 18 => Train 870.85s, Epochs 50, Train 17.4171s/epoch, Inference 11.95s, Images 1898, Inference 6.2958ms/image
2026-06-10 12:42:48,348 [bilora.py] => Exemplar size: 0
2026-06-10 12:42:48,349 [trainer.py] => No NME accuracy.
2026-06-10 12:42:48,349 [trainer.py] => CNN: {'total': 74.39, '00-04': 76.0, '05-09': 93.0, '10-14': 83.0, '15-19': 59.0, '20-24': 76.0, '25-29': 64.0, '30-34': 59.6, '35-39': 66.0, '40-44': 86.0, '45-49': 63.0, '50-54': 86.0, '55-59': 91.0, '60-64': 68.0, '65-69': 73.74, '70-74': 89.0, '75-79': 92.0, '80-84': 70.0, '85-89': 58.0, '90-94': 60.0, 'old': 75.19, 'new': 60.0}
2026-06-10 12:42:48,349 [trainer.py] => CNN top1 curve: [91.0, 93.5, 92.67, 82.75, 84.8, 86.0, 83.12, 80.85, 81.65, 79.98, 81.16, 80.82, 79.14, 77.75, 77.77, 78.66, 76.74, 75.19, 74.39]
2026-06-10 12:42:48,349 [trainer.py] => CNN top1 with task curve: [91.0, 95.5, 97.0, 96.5, 97.2, 97.67, 97.85, 98.12, 98.44, 98.6, 98.36, 98.42, 98.54, 98.71, 98.66, 98.69, 98.82, 98.72, 98.74]
2026-06-10 12:42:48,349 [trainer.py] => CNN top1 task curve: [1.0, 0.96, 0.9433, 0.8325, 0.854, 0.8633, 0.8355, 0.811, 0.8187, 0.8018, 0.8153, 0.8107, 0.7945, 0.779, 0.779, 0.7879, 0.7691, 0.7531, 0.745]
2026-06-10 12:42:48,349 [trainer.py] => CNN top5 curve: [100.0, 99.5, 99.67, 99.0, 99.2, 99.0, 98.28, 98.0, 98.11, 94.99, 95.27, 95.41, 95.07, 95.57, 95.86, 95.99, 95.05, 95.22, 94.42]
2026-06-10 12:42:48,350 [trainer.py] => Average Accuracy (CNN): 82.0
2026-06-10 12:42:48,373 [trainer.py] => All params: 134254251
2026-06-10 12:42:48,384 [trainer.py] => Trainable params: 75845
2026-06-10 12:42:48,384 [bilora.py] => Learning on 95-100
2026-06-10 12:55:06,374 [bilora.py] => Task 19, Epoch 50/50 => Loss 0.011, Train_accy 99.57
2026-06-10 12:55:28,420 [trainer.py] => Timing Task 19 => Train 747.36s, Epochs 50, Train 14.9473s/epoch, Inference 12.67s, Images 1997, Inference 6.3459ms/image
2026-06-10 12:55:28,420 [bilora.py] => Exemplar size: 0
2026-06-10 12:55:28,420 [trainer.py] => No NME accuracy.
2026-06-10 12:55:28,420 [trainer.py] => CNN: {'total': 73.11, '00-04': 76.0, '05-09': 92.0, '10-14': 83.0, '15-19': 59.0, '20-24': 74.0, '25-29': 63.0, '30-34': 58.59, '35-39': 65.0, '40-44': 85.0, '45-49': 62.0, '50-54': 87.0, '55-59': 89.0, '60-64': 68.0, '65-69': 75.76, '70-74': 90.0, '75-79': 82.0, '80-84': 70.0, '85-89': 58.0, '90-94': 60.0, '95-99': 64.65, 'old': 73.55, 'new': 64.65}
2026-06-10 12:55:28,420 [trainer.py] => CNN top1 curve: [91.0, 93.5, 92.67, 82.75, 84.8, 86.0, 83.12, 80.85, 81.65, 79.98, 81.16, 80.82, 79.14, 77.75, 77.77, 78.66, 76.74, 75.19, 74.39, 73.11]
2026-06-10 12:55:28,420 [trainer.py] => CNN top1 with task curve: [91.0, 95.5, 97.0, 96.5, 97.2, 97.67, 97.85, 98.12, 98.44, 98.6, 98.36, 98.42, 98.54, 98.71, 98.66, 98.69, 98.82, 98.72, 98.74, 98.8]
2026-06-10 12:55:28,420 [trainer.py] => CNN top1 task curve: [1.0, 0.96, 0.9433, 0.8325, 0.854, 0.8633, 0.8355, 0.811, 0.8187, 0.8018, 0.8153, 0.8107, 0.7945, 0.779, 0.779, 0.7879, 0.7691, 0.7531, 0.745, 0.7321]
2026-06-10 12:55:28,420 [trainer.py] => CNN top5 curve: [100.0, 99.5, 99.67, 99.0, 99.2, 99.0, 98.28, 98.0, 98.11, 94.99, 95.27, 95.41, 95.07, 95.57, 95.86, 95.99, 95.05, 95.22, 94.42, 93.69]
2026-06-10 12:55:28,420 [trainer.py] => Average Accuracy (CNN): 81.55
2026-06-10 12:55:28,432 [trainer.py] => All params: 134254251
2026-06-10 12:55:28,444 [trainer.py] => Trainable params: 75845
2026-06-10 12:55:28,444 [bilora.py] => Learning on 100-105
2026-06-10 13:08:16,375 [bilora.py] => Task 20, Epoch 50/50 => Loss 0.033, Train_accy 98.59
2026-06-10 13:08:38,935 [trainer.py] => Timing Task 20 => Train 777.37s, Epochs 50, Train 15.5475s/epoch, Inference 13.12s, Images 2097, Inference 6.2551ms/image
2026-06-10 13:08:38,936 [bilora.py] => Exemplar size: 0
2026-06-10 13:08:38,936 [trainer.py] => No NME accuracy.
2026-06-10 13:08:38,936 [trainer.py] => CNN: {'total': 72.2, '00-04': 74.0, '05-09': 92.0, '10-14': 82.0, '15-19': 58.0, '20-24': 69.0, '25-29': 53.0, '30-34': 51.52, '35-39': 63.0, '40-44': 86.0, '45-49': 60.0, '50-54': 87.0, '55-59': 88.0, '60-64': 69.0, '65-69': 72.73, '70-74': 86.0, '75-79': 81.0, '80-84': 73.0, '85-89': 59.0, '90-94': 61.0, '95-99': 63.64, '100-104': 87.0, 'old': 71.46, 'new': 87.0}
2026-06-10 13:08:38,936 [trainer.py] => CNN top1 curve: [91.0, 93.5, 92.67, 82.75, 84.8, 86.0, 83.12, 80.85, 81.65, 79.98, 81.16, 80.82, 79.14, 77.75, 77.77, 78.66, 76.74, 75.19, 74.39, 73.11, 72.2]
2026-06-10 13:08:38,936 [trainer.py] => CNN top1 with task curve: [91.0, 95.5, 97.0, 96.5, 97.2, 97.67, 97.85, 98.12, 98.44, 98.6, 98.36, 98.42, 98.54, 98.71, 98.66, 98.69, 98.82, 98.72, 98.74, 98.8, 98.66]
2026-06-10 13:08:38,936 [trainer.py] => CNN top1 task curve: [1.0, 0.96, 0.9433, 0.8325, 0.854, 0.8633, 0.8355, 0.811, 0.8187, 0.8018, 0.8153, 0.8107, 0.7945, 0.779, 0.779, 0.7879, 0.7691, 0.7531, 0.745, 0.7321, 0.7229]
2026-06-10 13:08:38,936 [trainer.py] => CNN top5 curve: [100.0, 99.5, 99.67, 99.0, 99.2, 99.0, 98.28, 98.0, 98.11, 94.99, 95.27, 95.41, 95.07, 95.57, 95.86, 95.99, 95.05, 95.22, 94.42, 93.69, 93.37]
2026-06-10 13:08:38,936 [trainer.py] => Average Accuracy (CNN): 81.11
2026-06-10 13:08:38,948 [trainer.py] => All params: 134254251
2026-06-10 13:08:38,960 [trainer.py] => Trainable params: 75845
2026-06-10 13:08:38,960 [bilora.py] => Learning on 105-110
2026-06-10 13:20:34,252 [bilora.py] => Task 21, Epoch 50/50 => Loss 0.015, Train_accy 99.63
2026-06-10 13:20:57,496 [trainer.py] => Timing Task 21 => Train 724.58s, Epochs 50, Train 14.4916s/epoch, Inference 13.96s, Images 2195, Inference 6.3584ms/image
2026-06-10 13:20:57,497 [bilora.py] => Exemplar size: 0
2026-06-10 13:20:57,497 [trainer.py] => No NME accuracy.
2026-06-10 13:20:57,497 [trainer.py] => CNN: {'total': 71.71, '00-04': 75.0, '05-09': 92.0, '10-14': 82.0, '15-19': 57.0, '20-24': 68.0, '25-29': 53.0, '30-34': 51.52, '35-39': 63.0, '40-44': 81.0, '45-49': 59.0, '50-54': 86.0, '55-59': 88.0, '60-64': 68.0, '65-69': 72.73, '70-74': 84.0, '75-79': 80.0, '80-84': 72.0, '85-89': 58.0, '90-94': 61.0, '95-99': 62.63, '100-104': 85.0, '105-109': 78.57, 'old': 71.39, 'new': 78.57}
2026-06-10 13:20:57,498 [trainer.py] => CNN top1 curve: [91.0, 93.5, 92.67, 82.75, 84.8, 86.0, 83.12, 80.85, 81.65, 79.98, 81.16, 80.82, 79.14, 77.75, 77.77, 78.66, 76.74, 75.19, 74.39, 73.11, 72.2, 71.71]
2026-06-10 13:20:57,498 [trainer.py] => CNN top1 with task curve: [91.0, 95.5, 97.0, 96.5, 97.2, 97.67, 97.85, 98.12, 98.44, 98.6, 98.36, 98.42, 98.54, 98.71, 98.66, 98.69, 98.82, 98.72, 98.74, 98.8, 98.66, 98.72]
2026-06-10 13:20:57,498 [trainer.py] => CNN top1 task curve: [1.0, 0.96, 0.9433, 0.8325, 0.854, 0.8633, 0.8355, 0.811, 0.8187, 0.8018, 0.8153, 0.8107, 0.7945, 0.779, 0.779, 0.7879, 0.7691, 0.7531, 0.745, 0.7321, 0.7229, 0.718]
2026-06-10 13:20:57,498 [trainer.py] => CNN top5 curve: [100.0, 99.5, 99.67, 99.0, 99.2, 99.0, 98.28, 98.0, 98.11, 94.99, 95.27, 95.41, 95.07, 95.57, 95.86, 95.99, 95.05, 95.22, 94.42, 93.69, 93.37, 93.44]
2026-06-10 13:20:57,498 [trainer.py] => Average Accuracy (CNN): 80.68
2026-06-10 13:20:57,520 [trainer.py] => All params: 134254251
2026-06-10 13:20:57,530 [trainer.py] => Trainable params: 75845
2026-06-10 13:20:57,531 [bilora.py] => Learning on 110-115
2026-06-10 13:34:15,459 [bilora.py] => Task 22, Epoch 50/50 => Loss 0.035, Train_accy 98.88
2026-06-10 13:34:40,006 [trainer.py] => Timing Task 22 => Train 807.96s, Epochs 50, Train 16.1592s/epoch, Inference 14.52s, Images 2295, Inference 6.3248ms/image
2026-06-10 13:34:40,007 [bilora.py] => Exemplar size: 0
2026-06-10 13:34:40,007 [trainer.py] => No NME accuracy.
2026-06-10 13:34:40,007 [trainer.py] => CNN: {'total': 71.63, '00-04': 74.0, '05-09': 92.0, '10-14': 82.0, '15-19': 57.0, '20-24': 66.0, '25-29': 52.0, '30-34': 49.49, '35-39': 61.0, '40-44': 80.0, '45-49': 61.0, '50-54': 86.0, '55-59': 89.0, '60-64': 68.0, '65-69': 67.68, '70-74': 86.0, '75-79': 79.0, '80-84': 72.0, '85-89': 54.0, '90-94': 61.0, '95-99': 63.64, '100-104': 87.0, '105-109': 81.63, '110-114': 78.0, 'old': 71.34, 'new': 78.0}
2026-06-10 13:34:40,007 [trainer.py] => CNN top1 curve: [91.0, 93.5, 92.67, 82.75, 84.8, 86.0, 83.12, 80.85, 81.65, 79.98, 81.16, 80.82, 79.14, 77.75, 77.77, 78.66, 76.74, 75.19, 74.39, 73.11, 72.2, 71.71, 71.63]
2026-06-10 13:34:40,007 [trainer.py] => CNN top1 with task curve: [91.0, 95.5, 97.0, 96.5, 97.2, 97.67, 97.85, 98.12, 98.44, 98.6, 98.36, 98.42, 98.54, 98.71, 98.66, 98.69, 98.82, 98.72, 98.74, 98.8, 98.66, 98.72, 98.74]
2026-06-10 13:34:40,007 [trainer.py] => CNN top1 task curve: [1.0, 0.96, 0.9433, 0.8325, 0.854, 0.8633, 0.8355, 0.811, 0.8187, 0.8018, 0.8153, 0.8107, 0.7945, 0.779, 0.779, 0.7879, 0.7691, 0.7531, 0.745, 0.7321, 0.7229, 0.718, 0.7172]
2026-06-10 13:34:40,007 [trainer.py] => CNN top5 curve: [100.0, 99.5, 99.67, 99.0, 99.2, 99.0, 98.28, 98.0, 98.11, 94.99, 95.27, 95.41, 95.07, 95.57, 95.86, 95.99, 95.05, 95.22, 94.42, 93.69, 93.37, 93.44, 93.42]
2026-06-10 13:34:40,007 [trainer.py] => Average Accuracy (CNN): 80.29
2026-06-10 13:34:40,020 [trainer.py] => All params: 134254251
2026-06-10 13:34:40,033 [trainer.py] => Trainable params: 75845
2026-06-10 13:34:40,033 [bilora.py] => Learning on 115-120
2026-06-10 13:47:02,027 [bilora.py] => Task 23, Epoch 50/50 => Loss 0.073, Train_accy 97.07
2026-06-10 13:47:26,661 [trainer.py] => Timing Task 23 => Train 751.22s, Epochs 50, Train 15.0243s/epoch, Inference 15.41s, Images 2395, Inference 6.4347ms/image
2026-06-10 13:47:26,662 [bilora.py] => Exemplar size: 0
2026-06-10 13:47:26,662 [trainer.py] => No NME accuracy.
2026-06-10 13:47:26,662 [trainer.py] => CNN: {'total': 71.23, '00-04': 75.0, '05-09': 92.0, '10-14': 83.0, '15-19': 58.0, '20-24': 66.0, '25-29': 53.0, '30-34': 53.54, '35-39': 60.0, '40-44': 80.0, '45-49': 60.0, '50-54': 88.0, '55-59': 89.0, '60-64': 66.0, '65-69': 67.68, '70-74': 86.0, '75-79': 78.0, '80-84': 74.0, '85-89': 55.0, '90-94': 62.0, '95-99': 65.66, '100-104': 85.0, '105-109': 83.67, '110-114': 78.0, '115-119': 51.0, 'old': 72.11, 'new': 51.0}
2026-06-10 13:47:26,662 [trainer.py] => CNN top1 curve: [91.0, 93.5, 92.67, 82.75, 84.8, 86.0, 83.12, 80.85, 81.65, 79.98, 81.16, 80.82, 79.14, 77.75, 77.77, 78.66, 76.74, 75.19, 74.39, 73.11, 72.2, 71.71, 71.63, 71.23]
2026-06-10 13:47:26,662 [trainer.py] => CNN top1 with task curve: [91.0, 95.5, 97.0, 96.5, 97.2, 97.67, 97.85, 98.12, 98.44, 98.6, 98.36, 98.42, 98.54, 98.71, 98.66, 98.69, 98.82, 98.72, 98.74, 98.8, 98.66, 98.72, 98.74, 98.71]
2026-06-10 13:47:26,663 [trainer.py] => CNN top1 task curve: [1.0, 0.96, 0.9433, 0.8325, 0.854, 0.8633, 0.8355, 0.811, 0.8187, 0.8018, 0.8153, 0.8107, 0.7945, 0.779, 0.779, 0.7879, 0.7691, 0.7531, 0.745, 0.7321, 0.7229, 0.718, 0.7172, 0.7132]
2026-06-10 13:47:26,663 [trainer.py] => CNN top5 curve: [100.0, 99.5, 99.67, 99.0, 99.2, 99.0, 98.28, 98.0, 98.11, 94.99, 95.27, 95.41, 95.07, 95.57, 95.86, 95.99, 95.05, 95.22, 94.42, 93.69, 93.37, 93.44, 93.42, 92.4]
2026-06-10 13:47:26,663 [trainer.py] => Average Accuracy (CNN): 79.91
2026-06-10 13:47:26,684 [trainer.py] => All params: 134254251
2026-06-10 13:47:26,694 [trainer.py] => Trainable params: 75845
2026-06-10 13:47:26,695 [bilora.py] => Learning on 120-125
2026-06-10 14:00:19,664 [bilora.py] => Task 24, Epoch 50/50 => Loss 0.043, Train_accy 98.52
2026-06-10 14:00:45,424 [trainer.py] => Timing Task 24 => Train 782.80s, Epochs 50, Train 15.6559s/epoch, Inference 15.93s, Images 2494, Inference 6.3883ms/image
2026-06-10 14:00:45,424 [bilora.py] => Exemplar size: 0
2026-06-10 14:00:45,424 [trainer.py] => No NME accuracy.
2026-06-10 14:00:45,425 [trainer.py] => CNN: {'total': 70.85, '00-04': 77.0, '05-09': 92.0, '10-14': 82.0, '15-19': 58.0, '20-24': 67.0, '25-29': 51.0, '30-34': 52.53, '35-39': 60.0, '40-44': 80.0, '45-49': 60.0, '50-54': 89.0, '55-59': 87.0, '60-64': 67.0, '65-69': 67.68, '70-74': 84.0, '75-79': 79.0, '80-84': 72.0, '85-89': 54.0, '90-94': 60.0, '95-99': 65.66, '100-104': 84.0, '105-109': 83.67, '110-114': 75.0, '115-119': 48.0, '120-124': 75.76, 'old': 70.65, 'new': 75.76}
2026-06-10 14:00:45,425 [trainer.py] => CNN top1 curve: [91.0, 93.5, 92.67, 82.75, 84.8, 86.0, 83.12, 80.85, 81.65, 79.98, 81.16, 80.82, 79.14, 77.75, 77.77, 78.66, 76.74, 75.19, 74.39, 73.11, 72.2, 71.71, 71.63, 71.23, 70.85]
2026-06-10 14:00:45,425 [trainer.py] => CNN top1 with task curve: [91.0, 95.5, 97.0, 96.5, 97.2, 97.67, 97.85, 98.12, 98.44, 98.6, 98.36, 98.42, 98.54, 98.71, 98.66, 98.69, 98.82, 98.72, 98.74, 98.8, 98.66, 98.72, 98.74, 98.71, 98.72]
2026-06-10 14:00:45,425 [trainer.py] => CNN top1 task curve: [1.0, 0.96, 0.9433, 0.8325, 0.854, 0.8633, 0.8355, 0.811, 0.8187, 0.8018, 0.8153, 0.8107, 0.7945, 0.779, 0.779, 0.7879, 0.7691, 0.7531, 0.745, 0.7321, 0.7229, 0.718, 0.7172, 0.7132, 0.7097]
2026-06-10 14:00:45,425 [trainer.py] => CNN top5 curve: [100.0, 99.5, 99.67, 99.0, 99.2, 99.0, 98.28, 98.0, 98.11, 94.99, 95.27, 95.41, 95.07, 95.57, 95.86, 95.99, 95.05, 95.22, 94.42, 93.69, 93.37, 93.44, 93.42, 92.4, 92.62]
2026-06-10 14:00:45,425 [trainer.py] => Average Accuracy (CNN): 79.55
2026-06-10 14:00:45,447 [trainer.py] => All params: 134254251
2026-06-10 14:00:45,458 [trainer.py] => Trainable params: 75845
2026-06-10 14:00:45,458 [bilora.py] => Learning on 125-130
2026-06-10 14:13:54,020 [bilora.py] => Task 25, Epoch 50/50 => Loss 0.015, Train_accy 99.66
2026-06-10 14:14:21,028 [trainer.py] => Timing Task 25 => Train 798.58s, Epochs 50, Train 15.9716s/epoch, Inference 16.99s, Images 2594, Inference 6.5506ms/image
2026-06-10 14:14:21,029 [bilora.py] => Exemplar size: 0
2026-06-10 14:14:21,029 [trainer.py] => No NME accuracy.
2026-06-10 14:14:21,029 [trainer.py] => CNN: {'total': 69.35, '00-04': 74.0, '05-09': 91.0, '10-14': 80.0, '15-19': 58.0, '20-24': 67.0, '25-29': 50.0, '30-34': 50.51, '35-39': 60.0, '40-44': 79.0, '45-49': 60.0, '50-54': 86.0, '55-59': 80.0, '60-64': 67.0, '65-69': 70.71, '70-74': 71.0, '75-79': 79.0, '80-84': 73.0, '85-89': 53.0, '90-94': 62.0, '95-99': 64.65, '100-104': 88.0, '105-109': 80.61, '110-114': 77.0, '115-119': 50.0, '120-124': 72.73, '125-129': 59.0, 'old': 69.77, 'new': 59.0}
2026-06-10 14:14:21,029 [trainer.py] => CNN top1 curve: [91.0, 93.5, 92.67, 82.75, 84.8, 86.0, 83.12, 80.85, 81.65, 79.98, 81.16, 80.82, 79.14, 77.75, 77.77, 78.66, 76.74, 75.19, 74.39, 73.11, 72.2, 71.71, 71.63, 71.23, 70.85, 69.35]
2026-06-10 14:14:21,029 [trainer.py] => CNN top1 with task curve: [91.0, 95.5, 97.0, 96.5, 97.2, 97.67, 97.85, 98.12, 98.44, 98.6, 98.36, 98.42, 98.54, 98.71, 98.66, 98.69, 98.82, 98.72, 98.74, 98.8, 98.66, 98.72, 98.74, 98.71, 98.72, 98.8]
2026-06-10 14:14:21,030 [trainer.py] => CNN top1 task curve: [1.0, 0.96, 0.9433, 0.8325, 0.854, 0.8633, 0.8355, 0.811, 0.8187, 0.8018, 0.8153, 0.8107, 0.7945, 0.779, 0.779, 0.7879, 0.7691, 0.7531, 0.745, 0.7321, 0.7229, 0.718, 0.7172, 0.7132, 0.7097, 0.6947]
2026-06-10 14:14:21,030 [trainer.py] => CNN top5 curve: [100.0, 99.5, 99.67, 99.0, 99.2, 99.0, 98.28, 98.0, 98.11, 94.99, 95.27, 95.41, 95.07, 95.57, 95.86, 95.99, 95.05, 95.22, 94.42, 93.69, 93.37, 93.44, 93.42, 92.4, 92.62, 92.17]
2026-06-10 14:14:21,030 [trainer.py] => Average Accuracy (CNN): 79.15
2026-06-10 14:14:21,051 [trainer.py] => All params: 134254251
2026-06-10 14:14:21,062 [trainer.py] => Trainable params: 75845
2026-06-10 14:14:21,062 [bilora.py] => Learning on 130-135
2026-06-10 14:28:02,810 [bilora.py] => Task 26, Epoch 50/50 => Loss 0.040, Train_accy 98.53
2026-06-10 14:28:32,041 [trainer.py] => Timing Task 26 => Train 832.48s, Epochs 50, Train 16.6496s/epoch, Inference 18.50s, Images 2692, Inference 6.8708ms/image
2026-06-10 14:28:32,041 [bilora.py] => Exemplar size: 0
2026-06-10 14:28:32,041 [trainer.py] => No NME accuracy.
2026-06-10 14:28:32,041 [trainer.py] => CNN: {'total': 68.28, '00-04': 71.0, '05-09': 91.0, '10-14': 81.0, '15-19': 58.0, '20-24': 64.0, '25-29': 50.0, '30-34': 47.47, '35-39': 61.0, '40-44': 80.0, '45-49': 58.0, '50-54': 86.0, '55-59': 71.0, '60-64': 68.0, '65-69': 70.71, '70-74': 74.0, '75-79': 78.0, '80-84': 73.0, '85-89': 53.0, '90-94': 60.0, '95-99': 63.64, '100-104': 88.0, '105-109': 78.57, '110-114': 74.0, '115-119': 49.0, '120-124': 72.73, '125-129': 60.0, '130-134': 62.24, 'old': 68.5, 'new': 62.24}
2026-06-10 14:28:32,041 [trainer.py] => CNN top1 curve: [91.0, 93.5, 92.67, 82.75, 84.8, 86.0, 83.12, 80.85, 81.65, 79.98, 81.16, 80.82, 79.14, 77.75, 77.77, 78.66, 76.74, 75.19, 74.39, 73.11, 72.2, 71.71, 71.63, 71.23, 70.85, 69.35, 68.28]
2026-06-10 14:28:32,041 [trainer.py] => CNN top1 with task curve: [91.0, 95.5, 97.0, 96.5, 97.2, 97.67, 97.85, 98.12, 98.44, 98.6, 98.36, 98.42, 98.54, 98.71, 98.66, 98.69, 98.82, 98.72, 98.74, 98.8, 98.66, 98.72, 98.74, 98.71, 98.72, 98.8, 98.81]
2026-06-10 14:28:32,041 [trainer.py] => CNN top1 task curve: [1.0, 0.96, 0.9433, 0.8325, 0.854, 0.8633, 0.8355, 0.811, 0.8187, 0.8018, 0.8153, 0.8107, 0.7945, 0.779, 0.779, 0.7879, 0.7691, 0.7531, 0.745, 0.7321, 0.7229, 0.718, 0.7172, 0.7132, 0.7097, 0.6947, 0.6839]
2026-06-10 14:28:32,041 [trainer.py] => CNN top5 curve: [100.0, 99.5, 99.67, 99.0, 99.2, 99.0, 98.28, 98.0, 98.11, 94.99, 95.27, 95.41, 95.07, 95.57, 95.86, 95.99, 95.05, 95.22, 94.42, 93.69, 93.37, 93.44, 93.42, 92.4, 92.62, 92.17, 91.98]
2026-06-10 14:28:32,041 [trainer.py] => Average Accuracy (CNN): 78.75
2026-06-10 14:28:32,053 [trainer.py] => All params: 134254251
2026-06-10 14:28:32,062 [trainer.py] => Trainable params: 75845
2026-06-10 14:28:32,062 [bilora.py] => Learning on 135-140
2026-06-10 14:43:13,849 [bilora.py] => Task 27, Epoch 50/50 => Loss 0.088, Train_accy 97.28
2026-06-10 14:43:43,587 [trainer.py] => Timing Task 27 => Train 893.16s, Epochs 50, Train 17.8632s/epoch, Inference 18.37s, Images 2792, Inference 6.5780ms/image
2026-06-10 14:43:43,588 [bilora.py] => Exemplar size: 0
2026-06-10 14:43:43,588 [trainer.py] => No NME accuracy.
2026-06-10 14:43:43,588 [trainer.py] => CNN: {'total': 68.09, '00-04': 73.0, '05-09': 93.0, '10-14': 82.0, '15-19': 57.0, '20-24': 65.0, '25-29': 54.0, '30-34': 56.57, '35-39': 62.0, '40-44': 81.0, '45-49': 59.0, '50-54': 87.0, '55-59': 74.0, '60-64': 67.0, '65-69': 69.7, '70-74': 76.0, '75-79': 76.0, '80-84': 74.0, '85-89': 56.0, '90-94': 59.0, '95-99': 64.65, '100-104': 83.0, '105-109': 80.61, '110-114': 74.0, '115-119': 49.0, '120-124': 71.72, '125-129': 57.0, '130-134': 59.18, '135-139': 46.0, 'old': 68.91, 'new': 46.0}
2026-06-10 14:43:43,589 [trainer.py] => CNN top1 curve: [91.0, 93.5, 92.67, 82.75, 84.8, 86.0, 83.12, 80.85, 81.65, 79.98, 81.16, 80.82, 79.14, 77.75, 77.77, 78.66, 76.74, 75.19, 74.39, 73.11, 72.2, 71.71, 71.63, 71.23, 70.85, 69.35, 68.28, 68.09]
2026-06-10 14:43:43,589 [trainer.py] => CNN top1 with task curve: [91.0, 95.5, 97.0, 96.5, 97.2, 97.67, 97.85, 98.12, 98.44, 98.6, 98.36, 98.42, 98.54, 98.71, 98.66, 98.69, 98.82, 98.72, 98.74, 98.8, 98.66, 98.72, 98.74, 98.71, 98.72, 98.8, 98.81, 98.67]
2026-06-10 14:43:43,589 [trainer.py] => CNN top1 task curve: [1.0, 0.96, 0.9433, 0.8325, 0.854, 0.8633, 0.8355, 0.811, 0.8187, 0.8018, 0.8153, 0.8107, 0.7945, 0.779, 0.779, 0.7879, 0.7691, 0.7531, 0.745, 0.7321, 0.7229, 0.718, 0.7172, 0.7132, 0.7097, 0.6947, 0.6839, 0.6816]
2026-06-10 14:43:43,589 [trainer.py] => CNN top5 curve: [100.0, 99.5, 99.67, 99.0, 99.2, 99.0, 98.28, 98.0, 98.11, 94.99, 95.27, 95.41, 95.07, 95.57, 95.86, 95.99, 95.05, 95.22, 94.42, 93.69, 93.37, 93.44, 93.42, 92.4, 92.62, 92.17, 91.98, 91.48]
2026-06-10 14:43:43,589 [trainer.py] => Average Accuracy (CNN): 78.37
2026-06-10 14:43:43,611 [trainer.py] => All params: 134254251
2026-06-10 14:43:43,621 [trainer.py] => Trainable params: 75845
2026-06-10 14:43:43,621 [bilora.py] => Learning on 140-145
2026-06-10 14:57:07,798 [bilora.py] => Task 28, Epoch 50/50 => Loss 0.131, Train_accy 94.63
2026-06-10 14:57:38,007 [trainer.py] => Timing Task 28 => Train 814.64s, Epochs 50, Train 16.2928s/epoch, Inference 19.75s, Images 2892, Inference 6.8279ms/image
2026-06-10 14:57:38,008 [bilora.py] => Exemplar size: 0
2026-06-10 14:57:38,008 [trainer.py] => No NME accuracy.
2026-06-10 14:57:38,008 [trainer.py] => CNN: {'total': 67.05, '00-04': 76.0, '05-09': 92.0, '10-14': 84.0, '15-19': 56.0, '20-24': 67.0, '25-29': 52.0, '30-34': 59.6, '35-39': 61.0, '40-44': 79.0, '45-49': 60.0, '50-54': 87.0, '55-59': 76.0, '60-64': 64.0, '65-69': 69.7, '70-74': 81.0, '75-79': 79.0, '80-84': 70.0, '85-89': 55.0, '90-94': 61.0, '95-99': 63.64, '100-104': 74.0, '105-109': 79.59, '110-114': 75.0, '115-119': 56.0, '120-124': 70.71, '125-129': 52.0, '130-134': 56.12, '135-139': 49.0, '140-144': 39.0, 'old': 68.05, 'new': 39.0}
2026-06-10 14:57:38,008 [trainer.py] => CNN top1 curve: [91.0, 93.5, 92.67, 82.75, 84.8, 86.0, 83.12, 80.85, 81.65, 79.98, 81.16, 80.82, 79.14, 77.75, 77.77, 78.66, 76.74, 75.19, 74.39, 73.11, 72.2, 71.71, 71.63, 71.23, 70.85, 69.35, 68.28, 68.09, 67.05]
2026-06-10 14:57:38,008 [trainer.py] => CNN top1 with task curve: [91.0, 95.5, 97.0, 96.5, 97.2, 97.67, 97.85, 98.12, 98.44, 98.6, 98.36, 98.42, 98.54, 98.71, 98.66, 98.69, 98.82, 98.72, 98.74, 98.8, 98.66, 98.72, 98.74, 98.71, 98.72, 98.8, 98.81, 98.67, 98.31]
2026-06-10 14:57:38,008 [trainer.py] => CNN top1 task curve: [1.0, 0.96, 0.9433, 0.8325, 0.854, 0.8633, 0.8355, 0.811, 0.8187, 0.8018, 0.8153, 0.8107, 0.7945, 0.779, 0.779, 0.7879, 0.7691, 0.7531, 0.745, 0.7321, 0.7229, 0.718, 0.7172, 0.7132, 0.7097, 0.6947, 0.6839, 0.6816, 0.6715]
2026-06-10 14:57:38,008 [trainer.py] => CNN top5 curve: [100.0, 99.5, 99.67, 99.0, 99.2, 99.0, 98.28, 98.0, 98.11, 94.99, 95.27, 95.41, 95.07, 95.57, 95.86, 95.99, 95.05, 95.22, 94.42, 93.69, 93.37, 93.44, 93.42, 92.4, 92.62, 92.17, 91.98, 91.48, 90.04]
2026-06-10 14:57:38,008 [trainer.py] => Average Accuracy (CNN): 77.98
2026-06-10 14:57:38,029 [trainer.py] => All params: 134254251
2026-06-10 14:57:38,039 [trainer.py] => Trainable params: 75845
2026-06-10 14:57:38,039 [bilora.py] => Learning on 145-150
2026-06-10 15:11:27,349 [bilora.py] => Task 29, Epoch 50/50 => Loss 0.015, Train_accy 99.40
2026-06-10 15:11:59,116 [trainer.py] => Timing Task 29 => Train 840.61s, Epochs 50, Train 16.8122s/epoch, Inference 20.46s, Images 2992, Inference 6.8398ms/image
2026-06-10 15:11:59,117 [bilora.py] => Exemplar size: 0
2026-06-10 15:11:59,117 [trainer.py] => No NME accuracy.
2026-06-10 15:11:59,117 [trainer.py] => CNN: {'total': 66.71, '00-04': 76.0, '05-09': 91.0, '10-14': 83.0, '15-19': 57.0, '20-24': 69.0, '25-29': 52.0, '30-34': 58.59, '35-39': 58.0, '40-44': 80.0, '45-49': 59.0, '50-54': 84.0, '55-59': 76.0, '60-64': 66.0, '65-69': 68.69, '70-74': 81.0, '75-79': 80.0, '80-84': 70.0, '85-89': 54.0, '90-94': 59.0, '95-99': 64.65, '100-104': 72.0, '105-109': 62.24, '110-114': 75.0, '115-119': 55.0, '120-124': 70.71, '125-129': 50.0, '130-134': 56.12, '135-139': 50.0, '140-144': 39.0, '145-149': 84.0, 'old': 66.11, 'new': 84.0}
2026-06-10 15:11:59,117 [trainer.py] => CNN top1 curve: [91.0, 93.5, 92.67, 82.75, 84.8, 86.0, 83.12, 80.85, 81.65, 79.98, 81.16, 80.82, 79.14, 77.75, 77.77, 78.66, 76.74, 75.19, 74.39, 73.11, 72.2, 71.71, 71.63, 71.23, 70.85, 69.35, 68.28, 68.09, 67.05, 66.71]
2026-06-10 15:11:59,117 [trainer.py] => CNN top1 with task curve: [91.0, 95.5, 97.0, 96.5, 97.2, 97.67, 97.85, 98.12, 98.44, 98.6, 98.36, 98.42, 98.54, 98.71, 98.66, 98.69, 98.82, 98.72, 98.74, 98.8, 98.66, 98.72, 98.74, 98.71, 98.72, 98.8, 98.81, 98.67, 98.31, 98.3]
2026-06-10 15:11:59,117 [trainer.py] => CNN top1 task curve: [1.0, 0.96, 0.9433, 0.8325, 0.854, 0.8633, 0.8355, 0.811, 0.8187, 0.8018, 0.8153, 0.8107, 0.7945, 0.779, 0.779, 0.7879, 0.7691, 0.7531, 0.745, 0.7321, 0.7229, 0.718, 0.7172, 0.7132, 0.7097, 0.6947, 0.6839, 0.6816, 0.6715, 0.6678]
2026-06-10 15:11:59,117 [trainer.py] => CNN top5 curve: [100.0, 99.5, 99.67, 99.0, 99.2, 99.0, 98.28, 98.0, 98.11, 94.99, 95.27, 95.41, 95.07, 95.57, 95.86, 95.99, 95.05, 95.22, 94.42, 93.69, 93.37, 93.44, 93.42, 92.4, 92.62, 92.17, 91.98, 91.48, 90.04, 90.17]
2026-06-10 15:11:59,118 [trainer.py] => Average Accuracy (CNN): 77.61
2026-06-10 15:11:59,138 [trainer.py] => All params: 134254251
2026-06-10 15:11:59,163 [trainer.py] => Trainable params: 75845
2026-06-10 15:11:59,163 [bilora.py] => Learning on 150-155
2026-06-10 15:27:00,506 [bilora.py] => Task 30, Epoch 50/50 => Loss 0.036, Train_accy 98.70
2026-06-10 15:27:34,183 [trainer.py] => Timing Task 30 => Train 913.12s, Epochs 50, Train 18.2624s/epoch, Inference 21.90s, Images 3092, Inference 7.0824ms/image
2026-06-10 15:27:34,184 [bilora.py] => Exemplar size: 0
2026-06-10 15:27:34,184 [trainer.py] => No NME accuracy.
2026-06-10 15:27:34,184 [trainer.py] => CNN: {'total': 66.43, '00-04': 74.0, '05-09': 91.0, '10-14': 80.0, '15-19': 57.0, '20-24': 68.0, '25-29': 52.0, '30-34': 57.58, '35-39': 58.0, '40-44': 78.0, '45-49': 55.0, '50-54': 86.0, '55-59': 74.0, '60-64': 66.0, '65-69': 70.71, '70-74': 79.0, '75-79': 82.0, '80-84': 71.0, '85-89': 55.0, '90-94': 59.0, '95-99': 64.65, '100-104': 76.0, '105-109': 50.0, '110-114': 74.0, '115-119': 53.0, '120-124': 69.7, '125-129': 51.0, '130-134': 54.08, '135-139': 52.0, '140-144': 37.0, '145-149': 82.0, '150-154': 82.0, 'old': 65.91, 'new': 82.0}
2026-06-10 15:27:34,184 [trainer.py] => CNN top1 curve: [91.0, 93.5, 92.67, 82.75, 84.8, 86.0, 83.12, 80.85, 81.65, 79.98, 81.16, 80.82, 79.14, 77.75, 77.77, 78.66, 76.74, 75.19, 74.39, 73.11, 72.2, 71.71, 71.63, 71.23, 70.85, 69.35, 68.28, 68.09, 67.05, 66.71, 66.43]
2026-06-10 15:27:34,184 [trainer.py] => CNN top1 with task curve: [91.0, 95.5, 97.0, 96.5, 97.2, 97.67, 97.85, 98.12, 98.44, 98.6, 98.36, 98.42, 98.54, 98.71, 98.66, 98.69, 98.82, 98.72, 98.74, 98.8, 98.66, 98.72, 98.74, 98.71, 98.72, 98.8, 98.81, 98.67, 98.31, 98.3, 98.38]
2026-06-10 15:27:34,185 [trainer.py] => CNN top1 task curve: [1.0, 0.96, 0.9433, 0.8325, 0.854, 0.8633, 0.8355, 0.811, 0.8187, 0.8018, 0.8153, 0.8107, 0.7945, 0.779, 0.779, 0.7879, 0.7691, 0.7531, 0.745, 0.7321, 0.7229, 0.718, 0.7172, 0.7132, 0.7097, 0.6947, 0.6839, 0.6816, 0.6715, 0.6678, 0.6649]
2026-06-10 15:27:34,185 [trainer.py] => CNN top5 curve: [100.0, 99.5, 99.67, 99.0, 99.2, 99.0, 98.28, 98.0, 98.11, 94.99, 95.27, 95.41, 95.07, 95.57, 95.86, 95.99, 95.05, 95.22, 94.42, 93.69, 93.37, 93.44, 93.42, 92.4, 92.62, 92.17, 91.98, 91.48, 90.04, 90.17, 90.3]
2026-06-10 15:27:34,185 [trainer.py] => Average Accuracy (CNN): 77.24
2026-06-10 15:27:34,206 [trainer.py] => All params: 134254251
2026-06-10 15:27:34,216 [trainer.py] => Trainable params: 75845
2026-06-10 15:27:34,216 [bilora.py] => Learning on 155-160
2026-06-10 15:42:23,512 [bilora.py] => Task 31, Epoch 50/50 => Loss 0.025, Train_accy 99.11
2026-06-10 15:42:58,035 [trainer.py] => Timing Task 31 => Train 901.24s, Epochs 50, Train 18.0249s/epoch, Inference 22.57s, Images 3192, Inference 7.0723ms/image
2026-06-10 15:42:58,035 [bilora.py] => Exemplar size: 0
2026-06-10 15:42:58,035 [trainer.py] => No NME accuracy.
2026-06-10 15:42:58,035 [trainer.py] => CNN: {'total': 66.13, '00-04': 73.0, '05-09': 91.0, '10-14': 81.0, '15-19': 57.0, '20-24': 66.0, '25-29': 52.0, '30-34': 54.55, '35-39': 58.0, '40-44': 74.0, '45-49': 60.0, '50-54': 85.0, '55-59': 72.0, '60-64': 68.0, '65-69': 69.7, '70-74': 76.0, '75-79': 81.0, '80-84': 72.0, '85-89': 56.0, '90-94': 58.0, '95-99': 64.65, '100-104': 76.0, '105-109': 54.08, '110-114': 74.0, '115-119': 51.0, '120-124': 66.67, '125-129': 54.0, '130-134': 53.06, '135-139': 52.0, '140-144': 37.0, '145-149': 81.0, '150-154': 82.0, '155-159': 66.0, 'old': 66.14, 'new': 66.0}
2026-06-10 15:42:58,035 [trainer.py] => CNN top1 curve: [91.0, 93.5, 92.67, 82.75, 84.8, 86.0, 83.12, 80.85, 81.65, 79.98, 81.16, 80.82, 79.14, 77.75, 77.77, 78.66, 76.74, 75.19, 74.39, 73.11, 72.2, 71.71, 71.63, 71.23, 70.85, 69.35, 68.28, 68.09, 67.05, 66.71, 66.43, 66.13]
2026-06-10 15:42:58,035 [trainer.py] => CNN top1 with task curve: [91.0, 95.5, 97.0, 96.5, 97.2, 97.67, 97.85, 98.12, 98.44, 98.6, 98.36, 98.42, 98.54, 98.71, 98.66, 98.69, 98.82, 98.72, 98.74, 98.8, 98.66, 98.72, 98.74, 98.71, 98.72, 98.8, 98.81, 98.67, 98.31, 98.3, 98.38, 98.46]
2026-06-10 15:42:58,035 [trainer.py] => CNN top1 task curve: [1.0, 0.96, 0.9433, 0.8325, 0.854, 0.8633, 0.8355, 0.811, 0.8187, 0.8018, 0.8153, 0.8107, 0.7945, 0.779, 0.779, 0.7879, 0.7691, 0.7531, 0.745, 0.7321, 0.7229, 0.718, 0.7172, 0.7132, 0.7097, 0.6947, 0.6839, 0.6816, 0.6715, 0.6678, 0.6649, 0.6623]
2026-06-10 15:42:58,035 [trainer.py] => CNN top5 curve: [100.0, 99.5, 99.67, 99.0, 99.2, 99.0, 98.28, 98.0, 98.11, 94.99, 95.27, 95.41, 95.07, 95.57, 95.86, 95.99, 95.05, 95.22, 94.42, 93.69, 93.37, 93.44, 93.42, 92.4, 92.62, 92.17, 91.98, 91.48, 90.04, 90.17, 90.3, 89.72]
2026-06-10 15:42:58,035 [trainer.py] => Average Accuracy (CNN): 76.9
2026-06-10 15:42:58,047 [trainer.py] => All params: 134254251
2026-06-10 15:42:58,059 [trainer.py] => Trainable params: 75845
2026-06-10 15:42:58,059 [bilora.py] => Learning on 160-165
2026-06-10 15:56:52,086 [bilora.py] => Task 32, Epoch 50/50 => Loss 0.014, Train_accy 99.45
2026-06-10 15:57:26,534 [trainer.py] => Timing Task 32 => Train 845.11s, Epochs 50, Train 16.9022s/epoch, Inference 23.36s, Images 3292, Inference 7.0973ms/image
2026-06-10 15:57:26,535 [bilora.py] => Exemplar size: 0
2026-06-10 15:57:26,535 [trainer.py] => No NME accuracy.
2026-06-10 15:57:26,535 [trainer.py] => CNN: {'total': 65.31, '00-04': 74.0, '05-09': 89.0, '10-14': 79.0, '15-19': 57.0, '20-24': 64.0, '25-29': 53.0, '30-34': 54.55, '35-39': 59.0, '40-44': 75.0, '45-49': 58.0, '50-54': 86.0, '55-59': 69.0, '60-64': 68.0, '65-69': 58.59, '70-74': 76.0, '75-79': 79.0, '80-84': 73.0, '85-89': 59.0, '90-94': 57.0, '95-99': 64.65, '100-104': 81.0, '105-109': 55.1, '110-114': 69.0, '115-119': 51.0, '120-124': 65.66, '125-129': 57.0, '130-134': 56.12, '135-139': 47.0, '140-144': 33.0, '145-149': 82.0, '150-154': 82.0, '155-159': 66.0, '160-164': 57.0, 'old': 65.57, 'new': 57.0}
2026-06-10 15:57:26,536 [trainer.py] => CNN top1 curve: [91.0, 93.5, 92.67, 82.75, 84.8, 86.0, 83.12, 80.85, 81.65, 79.98, 81.16, 80.82, 79.14, 77.75, 77.77, 78.66, 76.74, 75.19, 74.39, 73.11, 72.2, 71.71, 71.63, 71.23, 70.85, 69.35, 68.28, 68.09, 67.05, 66.71, 66.43, 66.13, 65.31]
2026-06-10 15:57:26,536 [trainer.py] => CNN top1 with task curve: [91.0, 95.5, 97.0, 96.5, 97.2, 97.67, 97.85, 98.12, 98.44, 98.6, 98.36, 98.42, 98.54, 98.71, 98.66, 98.69, 98.82, 98.72, 98.74, 98.8, 98.66, 98.72, 98.74, 98.71, 98.72, 98.8, 98.81, 98.67, 98.31, 98.3, 98.38, 98.46, 98.39]
2026-06-10 15:57:26,536 [trainer.py] => CNN top1 task curve: [1.0, 0.96, 0.9433, 0.8325, 0.854, 0.8633, 0.8355, 0.811, 0.8187, 0.8018, 0.8153, 0.8107, 0.7945, 0.779, 0.779, 0.7879, 0.7691, 0.7531, 0.745, 0.7321, 0.7229, 0.718, 0.7172, 0.7132, 0.7097, 0.6947, 0.6839, 0.6816, 0.6715, 0.6678, 0.6649, 0.6623, 0.654]
2026-06-10 15:57:26,536 [trainer.py] => CNN top5 curve: [100.0, 99.5, 99.67, 99.0, 99.2, 99.0, 98.28, 98.0, 98.11, 94.99, 95.27, 95.41, 95.07, 95.57, 95.86, 95.99, 95.05, 95.22, 94.42, 93.69, 93.37, 93.44, 93.42, 92.4, 92.62, 92.17, 91.98, 91.48, 90.04, 90.17, 90.3, 89.72, 89.43]
2026-06-10 15:57:26,536 [trainer.py] => Average Accuracy (CNN): 76.55
2026-06-10 15:57:26,557 [trainer.py] => All params: 134254251
2026-06-10 15:57:26,567 [trainer.py] => Trainable params: 75845
2026-06-10 15:57:26,567 [bilora.py] => Learning on 165-170
2026-06-10 16:12:15,407 [bilora.py] => Task 33, Epoch 50/50 => Loss 0.049, Train_accy 98.25
2026-06-10 16:12:51,989 [trainer.py] => Timing Task 33 => Train 900.93s, Epochs 50, Train 18.0186s/epoch, Inference 24.49s, Images 3392, Inference 7.2200ms/image
2026-06-10 16:12:51,989 [bilora.py] => Exemplar size: 0
2026-06-10 16:12:51,990 [trainer.py] => No NME accuracy.
2026-06-10 16:12:51,990 [trainer.py] => CNN: {'total': 63.89, '00-04': 76.0, '05-09': 89.0, '10-14': 80.0, '15-19': 57.0, '20-24': 65.0, '25-29': 52.0, '30-34': 45.45, '35-39': 60.0, '40-44': 74.0, '45-49': 59.0, '50-54': 87.0, '55-59': 64.0, '60-64': 68.0, '65-69': 56.57, '70-74': 78.0, '75-79': 79.0, '80-84': 74.0, '85-89': 58.0, '90-94': 56.0, '95-99': 63.64, '100-104': 82.0, '105-109': 54.08, '110-114': 69.0, '115-119': 51.0, '120-124': 66.67, '125-129': 52.0, '130-134': 56.12, '135-139': 48.0, '140-144': 31.0, '145-149': 74.0, '150-154': 83.0, '155-159': 65.0, '160-164': 56.0, '165-169': 42.0, 'old': 64.55, 'new': 42.0}
2026-06-10 16:12:51,990 [trainer.py] => CNN top1 curve: [91.0, 93.5, 92.67, 82.75, 84.8, 86.0, 83.12, 80.85, 81.65, 79.98, 81.16, 80.82, 79.14, 77.75, 77.77, 78.66, 76.74, 75.19, 74.39, 73.11, 72.2, 71.71, 71.63, 71.23, 70.85, 69.35, 68.28, 68.09, 67.05, 66.71, 66.43, 66.13, 65.31, 63.89]
2026-06-10 16:12:51,990 [trainer.py] => CNN top1 with task curve: [91.0, 95.5, 97.0, 96.5, 97.2, 97.67, 97.85, 98.12, 98.44, 98.6, 98.36, 98.42, 98.54, 98.71, 98.66, 98.69, 98.82, 98.72, 98.74, 98.8, 98.66, 98.72, 98.74, 98.71, 98.72, 98.8, 98.81, 98.67, 98.31, 98.3, 98.38, 98.46, 98.39, 98.44]
2026-06-10 16:12:51,990 [trainer.py] => CNN top1 task curve: [1.0, 0.96, 0.9433, 0.8325, 0.854, 0.8633, 0.8355, 0.811, 0.8187, 0.8018, 0.8153, 0.8107, 0.7945, 0.779, 0.779, 0.7879, 0.7691, 0.7531, 0.745, 0.7321, 0.7229, 0.718, 0.7172, 0.7132, 0.7097, 0.6947, 0.6839, 0.6816, 0.6715, 0.6678, 0.6649, 0.6623, 0.654, 0.6403]
2026-06-10 16:12:51,990 [trainer.py] => CNN top5 curve: [100.0, 99.5, 99.67, 99.0, 99.2, 99.0, 98.28, 98.0, 98.11, 94.99, 95.27, 95.41, 95.07, 95.57, 95.86, 95.99, 95.05, 95.22, 94.42, 93.69, 93.37, 93.44, 93.42, 92.4, 92.62, 92.17, 91.98, 91.48, 90.04, 90.17, 90.3, 89.72, 89.43, 89.24]
2026-06-10 16:12:51,991 [trainer.py] => Average Accuracy (CNN): 76.17
2026-06-10 16:12:52,011 [trainer.py] => All params: 134254251
2026-06-10 16:12:52,022 [trainer.py] => Trainable params: 75845
2026-06-10 16:12:52,022 [bilora.py] => Learning on 170-175
2026-06-10 16:26:16,590 [bilora.py] => Task 34, Epoch 50/50 => Loss 0.016, Train_accy 99.64
2026-06-10 16:26:51,965 [trainer.py] => Timing Task 34 => Train 815.29s, Epochs 50, Train 16.3059s/epoch, Inference 24.65s, Images 3492, Inference 7.0585ms/image
2026-06-10 16:26:51,965 [bilora.py] => Exemplar size: 0
2026-06-10 16:26:51,965 [trainer.py] => No NME accuracy.
2026-06-10 16:26:51,965 [trainer.py] => CNN: {'total': 63.34, '00-04': 71.0, '05-09': 90.0, '10-14': 79.0, '15-19': 55.0, '20-24': 64.0, '25-29': 49.0, '30-34': 47.47, '35-39': 60.0, '40-44': 76.0, '45-49': 60.0, '50-54': 87.0, '55-59': 66.0, '60-64': 69.0, '65-69': 57.58, '70-74': 77.0, '75-79': 77.0, '80-84': 74.0, '85-89': 57.0, '90-94': 56.0, '95-99': 64.65, '100-104': 85.0, '105-109': 52.04, '110-114': 68.0, '115-119': 54.0, '120-124': 64.65, '125-129': 55.0, '130-134': 53.06, '135-139': 44.0, '140-144': 31.0, '145-149': 77.0, '150-154': 84.0, '155-159': 65.0, '160-164': 48.0, '165-169': 36.0, '170-174': 63.0, 'old': 63.35, 'new': 63.0}
2026-06-10 16:26:51,965 [trainer.py] => CNN top1 curve: [91.0, 93.5, 92.67, 82.75, 84.8, 86.0, 83.12, 80.85, 81.65, 79.98, 81.16, 80.82, 79.14, 77.75, 77.77, 78.66, 76.74, 75.19, 74.39, 73.11, 72.2, 71.71, 71.63, 71.23, 70.85, 69.35, 68.28, 68.09, 67.05, 66.71, 66.43, 66.13, 65.31, 63.89, 63.34]
2026-06-10 16:26:51,965 [trainer.py] => CNN top1 with task curve: [91.0, 95.5, 97.0, 96.5, 97.2, 97.67, 97.85, 98.12, 98.44, 98.6, 98.36, 98.42, 98.54, 98.71, 98.66, 98.69, 98.82, 98.72, 98.74, 98.8, 98.66, 98.72, 98.74, 98.71, 98.72, 98.8, 98.81, 98.67, 98.31, 98.3, 98.38, 98.46, 98.39, 98.44, 98.48]
2026-06-10 16:26:51,965 [trainer.py] => CNN top1 task curve: [1.0, 0.96, 0.9433, 0.8325, 0.854, 0.8633, 0.8355, 0.811, 0.8187, 0.8018, 0.8153, 0.8107, 0.7945, 0.779, 0.779, 0.7879, 0.7691, 0.7531, 0.745, 0.7321, 0.7229, 0.718, 0.7172, 0.7132, 0.7097, 0.6947, 0.6839, 0.6816, 0.6715, 0.6678, 0.6649, 0.6623, 0.654, 0.6403, 0.6337]
2026-06-10 16:26:51,965 [trainer.py] => CNN top5 curve: [100.0, 99.5, 99.67, 99.0, 99.2, 99.0, 98.28, 98.0, 98.11, 94.99, 95.27, 95.41, 95.07, 95.57, 95.86, 95.99, 95.05, 95.22, 94.42, 93.69, 93.37, 93.44, 93.42, 92.4, 92.62, 92.17, 91.98, 91.48, 90.04, 90.17, 90.3, 89.72, 89.43, 89.24, 88.37]
2026-06-10 16:26:51,965 [trainer.py] => Average Accuracy (CNN): 75.81
2026-06-10 16:26:51,976 [trainer.py] => All params: 134254251
2026-06-10 16:26:51,987 [trainer.py] => Trainable params: 75845
2026-06-10 16:26:51,988 [bilora.py] => Learning on 175-180
2026-06-10 16:42:15,362 [bilora.py] => Task 35, Epoch 50/50 => Loss 0.009, Train_accy 99.68
2026-06-10 16:42:53,817 [trainer.py] => Timing Task 35 => Train 935.74s, Epochs 50, Train 18.7148s/epoch, Inference 26.09s, Images 3592, Inference 7.2634ms/image
2026-06-10 16:42:53,818 [bilora.py] => Exemplar size: 0
2026-06-10 16:42:53,818 [trainer.py] => No NME accuracy.
2026-06-10 16:42:53,818 [trainer.py] => CNN: {'total': 61.55, '00-04': 68.0, '05-09': 88.0, '10-14': 79.0, '15-19': 55.0, '20-24': 59.0, '25-29': 48.0, '30-34': 47.47, '35-39': 58.0, '40-44': 74.0, '45-49': 49.0, '50-54': 84.0, '55-59': 56.0, '60-64': 70.0, '65-69': 55.56, '70-74': 73.0, '75-79': 78.0, '80-84': 75.0, '85-89': 56.0, '90-94': 56.0, '95-99': 64.65, '100-104': 73.0, '105-109': 51.02, '110-114': 64.0, '115-119': 52.0, '120-124': 65.66, '125-129': 59.0, '130-134': 54.08, '135-139': 44.0, '140-144': 28.0, '145-149': 73.0, '150-154': 82.0, '155-159': 64.0, '160-164': 46.0, '165-169': 38.0, '170-174': 60.0, '175-179': 68.0, 'old': 61.37, 'new': 68.0}
2026-06-10 16:42:53,818 [trainer.py] => CNN top1 curve: [91.0, 93.5, 92.67, 82.75, 84.8, 86.0, 83.12, 80.85, 81.65, 79.98, 81.16, 80.82, 79.14, 77.75, 77.77, 78.66, 76.74, 75.19, 74.39, 73.11, 72.2, 71.71, 71.63, 71.23, 70.85, 69.35, 68.28, 68.09, 67.05, 66.71, 66.43, 66.13, 65.31, 63.89, 63.34, 61.55]
2026-06-10 16:42:53,818 [trainer.py] => CNN top1 with task curve: [91.0, 95.5, 97.0, 96.5, 97.2, 97.67, 97.85, 98.12, 98.44, 98.6, 98.36, 98.42, 98.54, 98.71, 98.66, 98.69, 98.82, 98.72, 98.74, 98.8, 98.66, 98.72, 98.74, 98.71, 98.72, 98.8, 98.81, 98.67, 98.31, 98.3, 98.38, 98.46, 98.39, 98.44, 98.48, 98.58]
2026-06-10 16:42:53,819 [trainer.py] => CNN top1 task curve: [1.0, 0.96, 0.9433, 0.8325, 0.854, 0.8633, 0.8355, 0.811, 0.8187, 0.8018, 0.8153, 0.8107, 0.7945, 0.779, 0.779, 0.7879, 0.7691, 0.7531, 0.745, 0.7321, 0.7229, 0.718, 0.7172, 0.7132, 0.7097, 0.6947, 0.6839, 0.6816, 0.6715, 0.6678, 0.6649, 0.6623, 0.654, 0.6403, 0.6337, 0.6155]
2026-06-10 16:42:53,819 [trainer.py] => CNN top5 curve: [100.0, 99.5, 99.67, 99.0, 99.2, 99.0, 98.28, 98.0, 98.11, 94.99, 95.27, 95.41, 95.07, 95.57, 95.86, 95.99, 95.05, 95.22, 94.42, 93.69, 93.37, 93.44, 93.42, 92.4, 92.62, 92.17, 91.98, 91.48, 90.04, 90.17, 90.3, 89.72, 89.43, 89.24, 88.37, 87.44]
2026-06-10 16:42:53,819 [trainer.py] => Average Accuracy (CNN): 75.41
2026-06-10 16:42:53,839 [trainer.py] => All params: 134254251
2026-06-10 16:42:53,849 [trainer.py] => Trainable params: 75845
2026-06-10 16:42:53,849 [bilora.py] => Learning on 180-185
2026-06-10 16:57:28,363 [bilora.py] => Task 36, Epoch 50/50 => Loss 0.016, Train_accy 99.46
2026-06-10 16:58:07,402 [trainer.py] => Timing Task 36 => Train 886.46s, Epochs 50, Train 17.7292s/epoch, Inference 27.09s, Images 3692, Inference 7.3381ms/image
2026-06-10 16:58:07,402 [bilora.py] => Exemplar size: 0
2026-06-10 16:58:07,402 [trainer.py] => No NME accuracy.
2026-06-10 16:58:07,402 [trainer.py] => CNN: {'total': 60.29, '00-04': 67.0, '05-09': 86.0, '10-14': 79.0, '15-19': 55.0, '20-24': 57.0, '25-29': 46.0, '30-34': 47.47, '35-39': 58.0, '40-44': 71.0, '45-49': 47.0, '50-54': 75.0, '55-59': 53.0, '60-64': 72.0, '65-69': 58.59, '70-74': 67.0, '75-79': 78.0, '80-84': 75.0, '85-89': 55.0, '90-94': 53.0, '95-99': 63.64, '100-104': 75.0, '105-109': 50.0, '110-114': 63.0, '115-119': 51.0, '120-124': 64.65, '125-129': 58.0, '130-134': 54.08, '135-139': 44.0, '140-144': 27.0, '145-149': 74.0, '150-154': 82.0, '155-159': 61.0, '160-164': 46.0, '165-169': 37.0, '170-174': 63.0, '175-179': 69.0, '180-184': 48.0, 'old': 60.63, 'new': 48.0}
2026-06-10 16:58:07,403 [trainer.py] => CNN top1 curve: [91.0, 93.5, 92.67, 82.75, 84.8, 86.0, 83.12, 80.85, 81.65, 79.98, 81.16, 80.82, 79.14, 77.75, 77.77, 78.66, 76.74, 75.19, 74.39, 73.11, 72.2, 71.71, 71.63, 71.23, 70.85, 69.35, 68.28, 68.09, 67.05, 66.71, 66.43, 66.13, 65.31, 63.89, 63.34, 61.55, 60.29]
2026-06-10 16:58:07,403 [trainer.py] => CNN top1 with task curve: [91.0, 95.5, 97.0, 96.5, 97.2, 97.67, 97.85, 98.12, 98.44, 98.6, 98.36, 98.42, 98.54, 98.71, 98.66, 98.69, 98.82, 98.72, 98.74, 98.8, 98.66, 98.72, 98.74, 98.71, 98.72, 98.8, 98.81, 98.67, 98.31, 98.3, 98.38, 98.46, 98.39, 98.44, 98.48, 98.58, 98.65]
2026-06-10 16:58:07,403 [trainer.py] => CNN top1 task curve: [1.0, 0.96, 0.9433, 0.8325, 0.854, 0.8633, 0.8355, 0.811, 0.8187, 0.8018, 0.8153, 0.8107, 0.7945, 0.779, 0.779, 0.7879, 0.7691, 0.7531, 0.745, 0.7321, 0.7229, 0.718, 0.7172, 0.7132, 0.7097, 0.6947, 0.6839, 0.6816, 0.6715, 0.6678, 0.6649, 0.6623, 0.654, 0.6403, 0.6337, 0.6155, 0.6029]
2026-06-10 16:58:07,403 [trainer.py] => CNN top5 curve: [100.0, 99.5, 99.67, 99.0, 99.2, 99.0, 98.28, 98.0, 98.11, 94.99, 95.27, 95.41, 95.07, 95.57, 95.86, 95.99, 95.05, 95.22, 94.42, 93.69, 93.37, 93.44, 93.42, 92.4, 92.62, 92.17, 91.98, 91.48, 90.04, 90.17, 90.3, 89.72, 89.43, 89.24, 88.37, 87.44, 87.57]
2026-06-10 16:58:07,403 [trainer.py] => Average Accuracy (CNN): 75.0
2026-06-10 16:58:07,414 [trainer.py] => All params: 134254251
2026-06-10 16:58:07,424 [trainer.py] => Trainable params: 75845
2026-06-10 16:58:07,425 [bilora.py] => Learning on 185-190
2026-06-10 17:12:58,319 [bilora.py] => Task 37, Epoch 50/50 => Loss 0.051, Train_accy 98.31
2026-06-10 17:13:38,329 [trainer.py] => Timing Task 37 => Train 903.00s, Epochs 50, Train 18.0601s/epoch, Inference 27.90s, Images 3792, Inference 7.3580ms/image
2026-06-10 17:13:38,329 [bilora.py] => Exemplar size: 0
2026-06-10 17:13:38,329 [trainer.py] => No NME accuracy.
2026-06-10 17:13:38,330 [trainer.py] => CNN: {'total': 59.97, '00-04': 67.0, '05-09': 87.0, '10-14': 78.0, '15-19': 55.0, '20-24': 57.0, '25-29': 46.0, '30-34': 44.44, '35-39': 57.0, '40-44': 70.0, '45-49': 46.0, '50-54': 75.0, '55-59': 55.0, '60-64': 72.0, '65-69': 57.58, '70-74': 66.0, '75-79': 78.0, '80-84': 74.0, '85-89': 55.0, '90-94': 53.0, '95-99': 63.64, '100-104': 73.0, '105-109': 53.06, '110-114': 60.0, '115-119': 49.0, '120-124': 64.65, '125-129': 58.0, '130-134': 55.1, '135-139': 43.0, '140-144': 28.0, '145-149': 73.0, '150-154': 82.0, '155-159': 60.0, '160-164': 46.0, '165-169': 37.0, '170-174': 63.0, '175-179': 69.0, '180-184': 45.0, '185-189': 63.0, 'old': 59.89, 'new': 63.0}
2026-06-10 17:13:38,330 [trainer.py] => CNN top1 curve: [91.0, 93.5, 92.67, 82.75, 84.8, 86.0, 83.12, 80.85, 81.65, 79.98, 81.16, 80.82, 79.14, 77.75, 77.77, 78.66, 76.74, 75.19, 74.39, 73.11, 72.2, 71.71, 71.63, 71.23, 70.85, 69.35, 68.28, 68.09, 67.05, 66.71, 66.43, 66.13, 65.31, 63.89, 63.34, 61.55, 60.29, 59.97]
2026-06-10 17:13:38,330 [trainer.py] => CNN top1 with task curve: [91.0, 95.5, 97.0, 96.5, 97.2, 97.67, 97.85, 98.12, 98.44, 98.6, 98.36, 98.42, 98.54, 98.71, 98.66, 98.69, 98.82, 98.72, 98.74, 98.8, 98.66, 98.72, 98.74, 98.71, 98.72, 98.8, 98.81, 98.67, 98.31, 98.3, 98.38, 98.46, 98.39, 98.44, 98.48, 98.58, 98.65, 98.55]
2026-06-10 17:13:38,330 [trainer.py] => CNN top1 task curve: [1.0, 0.96, 0.9433, 0.8325, 0.854, 0.8633, 0.8355, 0.811, 0.8187, 0.8018, 0.8153, 0.8107, 0.7945, 0.779, 0.779, 0.7879, 0.7691, 0.7531, 0.745, 0.7321, 0.7229, 0.718, 0.7172, 0.7132, 0.7097, 0.6947, 0.6839, 0.6816, 0.6715, 0.6678, 0.6649, 0.6623, 0.654, 0.6403, 0.6337, 0.6155, 0.6029, 0.5999]
2026-06-10 17:13:38,330 [trainer.py] => CNN top5 curve: [100.0, 99.5, 99.67, 99.0, 99.2, 99.0, 98.28, 98.0, 98.11, 94.99, 95.27, 95.41, 95.07, 95.57, 95.86, 95.99, 95.05, 95.22, 94.42, 93.69, 93.37, 93.44, 93.42, 92.4, 92.62, 92.17, 91.98, 91.48, 90.04, 90.17, 90.3, 89.72, 89.43, 89.24, 88.37, 87.44, 87.57, 87.63]
2026-06-10 17:13:38,330 [trainer.py] => Average Accuracy (CNN): 74.61
2026-06-10 17:13:38,350 [trainer.py] => All params: 134254251
2026-06-10 17:13:38,361 [trainer.py] => Trainable params: 75845
2026-06-10 17:13:38,361 [bilora.py] => Learning on 190-195
2026-06-10 17:28:31,618 [bilora.py] => Task 38, Epoch 50/50 => Loss 0.041, Train_accy 98.13
2026-06-10 17:29:13,138 [trainer.py] => Timing Task 38 => Train 905.59s, Epochs 50, Train 18.1117s/epoch, Inference 29.19s, Images 3892, Inference 7.4999ms/image
2026-06-10 17:29:13,138 [bilora.py] => Exemplar size: 0
2026-06-10 17:29:13,138 [trainer.py] => No NME accuracy.
2026-06-10 17:29:13,138 [trainer.py] => CNN: {'total': 59.84, '00-04': 68.0, '05-09': 85.0, '10-14': 76.0, '15-19': 55.0, '20-24': 58.0, '25-29': 47.0, '30-34': 45.45, '35-39': 58.0, '40-44': 71.0, '45-49': 47.0, '50-54': 77.0, '55-59': 55.0, '60-64': 70.0, '65-69': 58.59, '70-74': 68.0, '75-79': 78.0, '80-84': 73.0, '85-89': 56.0, '90-94': 52.0, '95-99': 63.64, '100-104': 73.0, '105-109': 53.06, '110-114': 62.0, '115-119': 50.0, '120-124': 64.65, '125-129': 58.0, '130-134': 55.1, '135-139': 45.0, '140-144': 28.0, '145-149': 74.0, '150-154': 82.0, '155-159': 59.0, '160-164': 43.0, '165-169': 36.0, '170-174': 56.0, '175-179': 67.0, '180-184': 42.0, '185-189': 65.0, '190-194': 59.0, 'old': 59.86, 'new': 59.0}
2026-06-10 17:29:13,138 [trainer.py] => CNN top1 curve: [91.0, 93.5, 92.67, 82.75, 84.8, 86.0, 83.12, 80.85, 81.65, 79.98, 81.16, 80.82, 79.14, 77.75, 77.77, 78.66, 76.74, 75.19, 74.39, 73.11, 72.2, 71.71, 71.63, 71.23, 70.85, 69.35, 68.28, 68.09, 67.05, 66.71, 66.43, 66.13, 65.31, 63.89, 63.34, 61.55, 60.29, 59.97, 59.84]
2026-06-10 17:29:13,138 [trainer.py] => CNN top1 with task curve: [91.0, 95.5, 97.0, 96.5, 97.2, 97.67, 97.85, 98.12, 98.44, 98.6, 98.36, 98.42, 98.54, 98.71, 98.66, 98.69, 98.82, 98.72, 98.74, 98.8, 98.66, 98.72, 98.74, 98.71, 98.72, 98.8, 98.81, 98.67, 98.31, 98.3, 98.38, 98.46, 98.39, 98.44, 98.48, 98.58, 98.65, 98.55, 98.61]
2026-06-10 17:29:13,138 [trainer.py] => CNN top1 task curve: [1.0, 0.96, 0.9433, 0.8325, 0.854, 0.8633, 0.8355, 0.811, 0.8187, 0.8018, 0.8153, 0.8107, 0.7945, 0.779, 0.779, 0.7879, 0.7691, 0.7531, 0.745, 0.7321, 0.7229, 0.718, 0.7172, 0.7132, 0.7097, 0.6947, 0.6839, 0.6816, 0.6715, 0.6678, 0.6649, 0.6623, 0.654, 0.6403, 0.6337, 0.6155, 0.6029, 0.5999, 0.5984]
2026-06-10 17:29:13,138 [trainer.py] => CNN top5 curve: [100.0, 99.5, 99.67, 99.0, 99.2, 99.0, 98.28, 98.0, 98.11, 94.99, 95.27, 95.41, 95.07, 95.57, 95.86, 95.99, 95.05, 95.22, 94.42, 93.69, 93.37, 93.44, 93.42, 92.4, 92.62, 92.17, 91.98, 91.48, 90.04, 90.17, 90.3, 89.72, 89.43, 89.24, 88.37, 87.44, 87.57, 87.63, 87.95]
2026-06-10 17:29:13,138 [trainer.py] => Average Accuracy (CNN): 74.23
2026-06-10 17:29:13,150 [trainer.py] => All params: 134254251
2026-06-10 17:29:13,164 [trainer.py] => Trainable params: 75845
2026-06-10 17:29:13,164 [bilora.py] => Learning on 195-200
2026-06-10 17:43:09,834 [bilora.py] => Task 39, Epoch 50/50 => Loss 0.010, Train_accy 99.63
2026-06-10 17:43:51,750 [trainer.py] => Timing Task 39 => Train 848.20s, Epochs 50, Train 16.9641s/epoch, Inference 30.38s, Images 3992, Inference 7.6106ms/image
2026-06-10 17:43:51,750 [bilora.py] => Exemplar size: 0
2026-06-10 17:43:51,750 [trainer.py] => No NME accuracy.
2026-06-10 17:43:51,750 [trainer.py] => CNN: {'total': 59.44, '00-04': 68.0, '05-09': 85.0, '10-14': 76.0, '15-19': 55.0, '20-24': 57.0, '25-29': 45.0, '30-34': 43.43, '35-39': 57.0, '40-44': 68.0, '45-49': 48.0, '50-54': 76.0, '55-59': 52.0, '60-64': 70.0, '65-69': 57.58, '70-74': 67.0, '75-79': 79.0, '80-84': 73.0, '85-89': 59.0, '90-94': 47.0, '95-99': 63.64, '100-104': 74.0, '105-109': 53.06, '110-114': 61.0, '115-119': 51.0, '120-124': 66.67, '125-129': 58.0, '130-134': 54.08, '135-139': 44.0, '140-144': 25.0, '145-149': 75.0, '150-154': 82.0, '155-159': 59.0, '160-164': 42.0, '165-169': 38.0, '170-174': 55.0, '175-179': 68.0, '180-184': 40.0, '185-189': 63.0, '190-194': 61.0, '195-199': 61.0, 'old': 59.4, 'new': 61.0}
2026-06-10 17:43:51,750 [trainer.py] => CNN top1 curve: [91.0, 93.5, 92.67, 82.75, 84.8, 86.0, 83.12, 80.85, 81.65, 79.98, 81.16, 80.82, 79.14, 77.75, 77.77, 78.66, 76.74, 75.19, 74.39, 73.11, 72.2, 71.71, 71.63, 71.23, 70.85, 69.35, 68.28, 68.09, 67.05, 66.71, 66.43, 66.13, 65.31, 63.89, 63.34, 61.55, 60.29, 59.97, 59.84, 59.44]
2026-06-10 17:43:51,751 [trainer.py] => CNN top1 with task curve: [91.0, 95.5, 97.0, 96.5, 97.2, 97.67, 97.85, 98.12, 98.44, 98.6, 98.36, 98.42, 98.54, 98.71, 98.66, 98.69, 98.82, 98.72, 98.74, 98.8, 98.66, 98.72, 98.74, 98.71, 98.72, 98.8, 98.81, 98.67, 98.31, 98.3, 98.38, 98.46, 98.39, 98.44, 98.48, 98.58, 98.65, 98.55, 98.61, 98.67]
2026-06-10 17:43:51,751 [trainer.py] => CNN top1 task curve: [1.0, 0.96, 0.9433, 0.8325, 0.854, 0.8633, 0.8355, 0.811, 0.8187, 0.8018, 0.8153, 0.8107, 0.7945, 0.779, 0.779, 0.7879, 0.7691, 0.7531, 0.745, 0.7321, 0.7229, 0.718, 0.7172, 0.7132, 0.7097, 0.6947, 0.6839, 0.6816, 0.6715, 0.6678, 0.6649, 0.6623, 0.654, 0.6403, 0.6337, 0.6155, 0.6029, 0.5999, 0.5984, 0.5944]
2026-06-10 17:43:51,751 [trainer.py] => CNN top5 curve: [100.0, 99.5, 99.67, 99.0, 99.2, 99.0, 98.28, 98.0, 98.11, 94.99, 95.27, 95.41, 95.07, 95.57, 95.86, 95.99, 95.05, 95.22, 94.42, 93.69, 93.37, 93.44, 93.42, 92.4, 92.62, 92.17, 91.98, 91.48, 90.04, 90.17, 90.3, 89.72, 89.43, 89.24, 88.37, 87.44, 87.57, 87.63, 87.95, 87.4]
2026-06-10 17:43:51,751 [trainer.py] => Average Accuracy (CNN): 73.86
2026-06-10 17:43:51,762 [trainer.py] => All params: 134254251
2026-06-10 17:43:51,773 [trainer.py] => Trainable params: 75845
2026-06-10 17:43:51,773 [bilora.py] => Learning on 200-205
2026-06-10 17:58:09,403 [bilora.py] => Task 40, Epoch 50/50 => Loss 0.055, Train_accy 98.35
2026-06-10 17:58:51,980 [trainer.py] => Timing Task 40 => Train 869.33s, Epochs 50, Train 17.3865s/epoch, Inference 30.88s, Images 4092, Inference 7.5467ms/image
2026-06-10 17:58:51,980 [bilora.py] => Exemplar size: 0
2026-06-10 17:58:51,980 [trainer.py] => No NME accuracy.
2026-06-10 17:58:51,980 [trainer.py] => CNN: {'total': 58.97, '00-04': 69.0, '05-09': 85.0, '10-14': 77.0, '15-19': 55.0, '20-24': 59.0, '25-29': 44.0, '30-34': 45.45, '35-39': 57.0, '40-44': 67.0, '45-49': 51.0, '50-54': 77.0, '55-59': 51.0, '60-64': 66.0, '65-69': 58.59, '70-74': 70.0, '75-79': 80.0, '80-84': 73.0, '85-89': 59.0, '90-94': 50.0, '95-99': 63.64, '100-104': 72.0, '105-109': 54.08, '110-114': 62.0, '115-119': 55.0, '120-124': 65.66, '125-129': 54.0, '130-134': 48.98, '135-139': 44.0, '140-144': 26.0, '145-149': 74.0, '150-154': 83.0, '155-159': 60.0, '160-164': 43.0, '165-169': 43.0, '170-174': 53.0, '175-179': 68.0, '180-184': 40.0, '185-189': 63.0, '190-194': 61.0, '195-199': 59.0, '200-204': 31.0, 'old': 59.67, 'new': 31.0}
2026-06-10 17:58:51,980 [trainer.py] => CNN top1 curve: [91.0, 93.5, 92.67, 82.75, 84.8, 86.0, 83.12, 80.85, 81.65, 79.98, 81.16, 80.82, 79.14, 77.75, 77.77, 78.66, 76.74, 75.19, 74.39, 73.11, 72.2, 71.71, 71.63, 71.23, 70.85, 69.35, 68.28, 68.09, 67.05, 66.71, 66.43, 66.13, 65.31, 63.89, 63.34, 61.55, 60.29, 59.97, 59.84, 59.44, 58.97]
2026-06-10 17:58:51,980 [trainer.py] => CNN top1 with task curve: [91.0, 95.5, 97.0, 96.5, 97.2, 97.67, 97.85, 98.12, 98.44, 98.6, 98.36, 98.42, 98.54, 98.71, 98.66, 98.69, 98.82, 98.72, 98.74, 98.8, 98.66, 98.72, 98.74, 98.71, 98.72, 98.8, 98.81, 98.67, 98.31, 98.3, 98.38, 98.46, 98.39, 98.44, 98.48, 98.58, 98.65, 98.55, 98.61, 98.67, 98.56]
2026-06-10 17:58:51,980 [trainer.py] => CNN top1 task curve: [1.0, 0.96, 0.9433, 0.8325, 0.854, 0.8633, 0.8355, 0.811, 0.8187, 0.8018, 0.8153, 0.8107, 0.7945, 0.779, 0.779, 0.7879, 0.7691, 0.7531, 0.745, 0.7321, 0.7229, 0.718, 0.7172, 0.7132, 0.7097, 0.6947, 0.6839, 0.6816, 0.6715, 0.6678, 0.6649, 0.6623, 0.654, 0.6403, 0.6337, 0.6155, 0.6029, 0.5999, 0.5984, 0.5944, 0.5902]
2026-06-10 17:58:51,980 [trainer.py] => CNN top5 curve: [100.0, 99.5, 99.67, 99.0, 99.2, 99.0, 98.28, 98.0, 98.11, 94.99, 95.27, 95.41, 95.07, 95.57, 95.86, 95.99, 95.05, 95.22, 94.42, 93.69, 93.37, 93.44, 93.42, 92.4, 92.62, 92.17, 91.98, 91.48, 90.04, 90.17, 90.3, 89.72, 89.43, 89.24, 88.37, 87.44, 87.57, 87.63, 87.95, 87.4, 86.93]
2026-06-10 17:58:51,980 [trainer.py] => Average Accuracy (CNN): 73.5
2026-06-10 17:58:51,993 [trainer.py] => All params: 134254251
2026-06-10 17:58:52,007 [trainer.py] => Trainable params: 75845
2026-06-10 17:58:52,007 [bilora.py] => Learning on 205-210
2026-06-10 18:13:36,730 [bilora.py] => Task 41, Epoch 50/50 => Loss 0.027, Train_accy 99.02
2026-06-10 18:14:20,953 [trainer.py] => Timing Task 41 => Train 897.03s, Epochs 50, Train 17.9405s/epoch, Inference 31.92s, Images 4192, Inference 7.6142ms/image
2026-06-10 18:14:20,954 [bilora.py] => Exemplar size: 0
2026-06-10 18:14:20,954 [trainer.py] => No NME accuracy.
2026-06-10 18:14:20,954 [trainer.py] => CNN: {'total': 58.73, '00-04': 70.0, '05-09': 84.0, '10-14': 76.0, '15-19': 55.0, '20-24': 58.0, '25-29': 45.0, '30-34': 46.46, '35-39': 57.0, '40-44': 69.0, '45-49': 51.0, '50-54': 76.0, '55-59': 53.0, '60-64': 69.0, '65-69': 58.59, '70-74': 71.0, '75-79': 80.0, '80-84': 73.0, '85-89': 58.0, '90-94': 48.0, '95-99': 62.63, '100-104': 72.0, '105-109': 54.08, '110-114': 64.0, '115-119': 55.0, '120-124': 66.67, '125-129': 54.0, '130-134': 48.98, '135-139': 43.0, '140-144': 26.0, '145-149': 72.0, '150-154': 83.0, '155-159': 59.0, '160-164': 42.0, '165-169': 42.0, '170-174': 52.0, '175-179': 68.0, '180-184': 42.0, '185-189': 62.0, '190-194': 60.0, '195-199': 60.0, '200-204': 31.0, '205-209': 49.0, 'old': 58.97, 'new': 49.0}
2026-06-10 18:14:20,954 [trainer.py] => CNN top1 curve: [91.0, 93.5, 92.67, 82.75, 84.8, 86.0, 83.12, 80.85, 81.65, 79.98, 81.16, 80.82, 79.14, 77.75, 77.77, 78.66, 76.74, 75.19, 74.39, 73.11, 72.2, 71.71, 71.63, 71.23, 70.85, 69.35, 68.28, 68.09, 67.05, 66.71, 66.43, 66.13, 65.31, 63.89, 63.34, 61.55, 60.29, 59.97, 59.84, 59.44, 58.97, 58.73]
2026-06-10 18:14:20,954 [trainer.py] => CNN top1 with task curve: [91.0, 95.5, 97.0, 96.5, 97.2, 97.67, 97.85, 98.12, 98.44, 98.6, 98.36, 98.42, 98.54, 98.71, 98.66, 98.69, 98.82, 98.72, 98.74, 98.8, 98.66, 98.72, 98.74, 98.71, 98.72, 98.8, 98.81, 98.67, 98.31, 98.3, 98.38, 98.46, 98.39, 98.44, 98.48, 98.58, 98.65, 98.55, 98.61, 98.67, 98.56, 98.62]
2026-06-10 18:14:20,954 [trainer.py] => CNN top1 task curve: [1.0, 0.96, 0.9433, 0.8325, 0.854, 0.8633, 0.8355, 0.811, 0.8187, 0.8018, 0.8153, 0.8107, 0.7945, 0.779, 0.779, 0.7879, 0.7691, 0.7531, 0.745, 0.7321, 0.7229, 0.718, 0.7172, 0.7132, 0.7097, 0.6947, 0.6839, 0.6816, 0.6715, 0.6678, 0.6649, 0.6623, 0.654, 0.6403, 0.6337, 0.6155, 0.6029, 0.5999, 0.5984, 0.5944, 0.5902, 0.5878]
2026-06-10 18:14:20,954 [trainer.py] => CNN top5 curve: [100.0, 99.5, 99.67, 99.0, 99.2, 99.0, 98.28, 98.0, 98.11, 94.99, 95.27, 95.41, 95.07, 95.57, 95.86, 95.99, 95.05, 95.22, 94.42, 93.69, 93.37, 93.44, 93.42, 92.4, 92.62, 92.17, 91.98, 91.48, 90.04, 90.17, 90.3, 89.72, 89.43, 89.24, 88.37, 87.44, 87.57, 87.63, 87.95, 87.4, 86.93, 87.07]
2026-06-10 18:14:20,955 [trainer.py] => Average Accuracy (CNN): 73.14
2026-06-10 18:14:20,974 [trainer.py] => All params: 134254251
2026-06-10 18:14:20,984 [trainer.py] => Trainable params: 75845
2026-06-10 18:14:20,984 [bilora.py] => Learning on 210-215
2026-06-10 18:30:24,452 [bilora.py] => Task 42, Epoch 50/50 => Loss 0.006, Train_accy 99.74
2026-06-10 18:31:10,677 [trainer.py] => Timing Task 42 => Train 976.69s, Epochs 50, Train 19.5338s/epoch, Inference 33.00s, Images 4292, Inference 7.6886ms/image
2026-06-10 18:31:10,677 [bilora.py] => Exemplar size: 0
2026-06-10 18:31:10,677 [trainer.py] => No NME accuracy.
2026-06-10 18:31:10,678 [trainer.py] => CNN: {'total': 58.27, '00-04': 64.0, '05-09': 84.0, '10-14': 76.0, '15-19': 55.0, '20-24': 56.0, '25-29': 43.0, '30-34': 46.46, '35-39': 56.0, '40-44': 70.0, '45-49': 49.0, '50-54': 75.0, '55-59': 54.0, '60-64': 68.0, '65-69': 57.58, '70-74': 67.0, '75-79': 79.0, '80-84': 74.0, '85-89': 58.0, '90-94': 52.0, '95-99': 63.64, '100-104': 70.0, '105-109': 53.06, '110-114': 64.0, '115-119': 54.0, '120-124': 66.67, '125-129': 55.0, '130-134': 50.0, '135-139': 41.0, '140-144': 29.0, '145-149': 74.0, '150-154': 83.0, '155-159': 59.0, '160-164': 41.0, '165-169': 39.0, '170-174': 53.0, '175-179': 68.0, '180-184': 45.0, '185-189': 60.0, '190-194': 60.0, '195-199': 59.0, '200-204': 32.0, '205-209': 46.0, '210-214': 56.0, 'old': 58.33, 'new': 56.0}
2026-06-10 18:31:10,678 [trainer.py] => CNN top1 curve: [91.0, 93.5, 92.67, 82.75, 84.8, 86.0, 83.12, 80.85, 81.65, 79.98, 81.16, 80.82, 79.14, 77.75, 77.77, 78.66, 76.74, 75.19, 74.39, 73.11, 72.2, 71.71, 71.63, 71.23, 70.85, 69.35, 68.28, 68.09, 67.05, 66.71, 66.43, 66.13, 65.31, 63.89, 63.34, 61.55, 60.29, 59.97, 59.84, 59.44, 58.97, 58.73, 58.27]
2026-06-10 18:31:10,678 [trainer.py] => CNN top1 with task curve: [91.0, 95.5, 97.0, 96.5, 97.2, 97.67, 97.85, 98.12, 98.44, 98.6, 98.36, 98.42, 98.54, 98.71, 98.66, 98.69, 98.82, 98.72, 98.74, 98.8, 98.66, 98.72, 98.74, 98.71, 98.72, 98.8, 98.81, 98.67, 98.31, 98.3, 98.38, 98.46, 98.39, 98.44, 98.48, 98.58, 98.65, 98.55, 98.61, 98.67, 98.56, 98.62, 98.6]
2026-06-10 18:31:10,678 [trainer.py] => CNN top1 task curve: [1.0, 0.96, 0.9433, 0.8325, 0.854, 0.8633, 0.8355, 0.811, 0.8187, 0.8018, 0.8153, 0.8107, 0.7945, 0.779, 0.779, 0.7879, 0.7691, 0.7531, 0.745, 0.7321, 0.7229, 0.718, 0.7172, 0.7132, 0.7097, 0.6947, 0.6839, 0.6816, 0.6715, 0.6678, 0.6649, 0.6623, 0.654, 0.6403, 0.6337, 0.6155, 0.6029, 0.5999, 0.5984, 0.5944, 0.5902, 0.5878, 0.5827]
2026-06-10 18:31:10,678 [trainer.py] => CNN top5 curve: [100.0, 99.5, 99.67, 99.0, 99.2, 99.0, 98.28, 98.0, 98.11, 94.99, 95.27, 95.41, 95.07, 95.57, 95.86, 95.99, 95.05, 95.22, 94.42, 93.69, 93.37, 93.44, 93.42, 92.4, 92.62, 92.17, 91.98, 91.48, 90.04, 90.17, 90.3, 89.72, 89.43, 89.24, 88.37, 87.44, 87.57, 87.63, 87.95, 87.4, 86.93, 87.07, 86.51]
2026-06-10 18:31:10,678 [trainer.py] => Average Accuracy (CNN): 72.8
2026-06-10 18:31:10,697 [trainer.py] => All params: 134254251
2026-06-10 18:31:10,708 [trainer.py] => Trainable params: 75845
2026-06-10 18:31:10,708 [bilora.py] => Learning on 215-220
2026-06-10 18:46:29,305 [bilora.py] => Task 43, Epoch 50/50 => Loss 0.035, Train_accy 98.84
2026-06-10 18:47:15,593 [trainer.py] => Timing Task 43 => Train 931.01s, Epochs 50, Train 18.6202s/epoch, Inference 33.87s, Images 4392, Inference 7.7127ms/image
2026-06-10 18:47:15,593 [bilora.py] => Exemplar size: 0
2026-06-10 18:47:15,593 [trainer.py] => No NME accuracy.
2026-06-10 18:47:15,594 [trainer.py] => CNN: {'total': 57.51, '00-04': 64.0, '05-09': 86.0, '10-14': 77.0, '15-19': 48.0, '20-24': 57.0, '25-29': 44.0, '30-34': 45.45, '35-39': 57.0, '40-44': 69.0, '45-49': 50.0, '50-54': 74.0, '55-59': 58.0, '60-64': 72.0, '65-69': 57.58, '70-74': 66.0, '75-79': 78.0, '80-84': 74.0, '85-89': 53.0, '90-94': 49.0, '95-99': 63.64, '100-104': 68.0, '105-109': 52.04, '110-114': 59.0, '115-119': 55.0, '120-124': 66.67, '125-129': 55.0, '130-134': 46.94, '135-139': 44.0, '140-144': 28.0, '145-149': 76.0, '150-154': 80.0, '155-159': 61.0, '160-164': 41.0, '165-169': 38.0, '170-174': 54.0, '175-179': 69.0, '180-184': 47.0, '185-189': 62.0, '190-194': 60.0, '195-199': 58.0, '200-204': 31.0, '205-209': 46.0, '210-214': 56.0, '215-219': 34.0, 'old': 58.06, 'new': 34.0}
2026-06-10 18:47:15,594 [trainer.py] => CNN top1 curve: [91.0, 93.5, 92.67, 82.75, 84.8, 86.0, 83.12, 80.85, 81.65, 79.98, 81.16, 80.82, 79.14, 77.75, 77.77, 78.66, 76.74, 75.19, 74.39, 73.11, 72.2, 71.71, 71.63, 71.23, 70.85, 69.35, 68.28, 68.09, 67.05, 66.71, 66.43, 66.13, 65.31, 63.89, 63.34, 61.55, 60.29, 59.97, 59.84, 59.44, 58.97, 58.73, 58.27, 57.51]
2026-06-10 18:47:15,594 [trainer.py] => CNN top1 with task curve: [91.0, 95.5, 97.0, 96.5, 97.2, 97.67, 97.85, 98.12, 98.44, 98.6, 98.36, 98.42, 98.54, 98.71, 98.66, 98.69, 98.82, 98.72, 98.74, 98.8, 98.66, 98.72, 98.74, 98.71, 98.72, 98.8, 98.81, 98.67, 98.31, 98.3, 98.38, 98.46, 98.39, 98.44, 98.48, 98.58, 98.65, 98.55, 98.61, 98.67, 98.56, 98.62, 98.6, 98.61]
2026-06-10 18:47:15,594 [trainer.py] => CNN top1 task curve: [1.0, 0.96, 0.9433, 0.8325, 0.854, 0.8633, 0.8355, 0.811, 0.8187, 0.8018, 0.8153, 0.8107, 0.7945, 0.779, 0.779, 0.7879, 0.7691, 0.7531, 0.745, 0.7321, 0.7229, 0.718, 0.7172, 0.7132, 0.7097, 0.6947, 0.6839, 0.6816, 0.6715, 0.6678, 0.6649, 0.6623, 0.654, 0.6403, 0.6337, 0.6155, 0.6029, 0.5999, 0.5984, 0.5944, 0.5902, 0.5878, 0.5827, 0.5754]
2026-06-10 18:47:15,594 [trainer.py] => CNN top5 curve: [100.0, 99.5, 99.67, 99.0, 99.2, 99.0, 98.28, 98.0, 98.11, 94.99, 95.27, 95.41, 95.07, 95.57, 95.86, 95.99, 95.05, 95.22, 94.42, 93.69, 93.37, 93.44, 93.42, 92.4, 92.62, 92.17, 91.98, 91.48, 90.04, 90.17, 90.3, 89.72, 89.43, 89.24, 88.37, 87.44, 87.57, 87.63, 87.95, 87.4, 86.93, 87.07, 86.51, 86.0]
2026-06-10 18:47:15,594 [trainer.py] => Average Accuracy (CNN): 72.45
2026-06-10 18:47:15,614 [trainer.py] => All params: 134254251
2026-06-10 18:47:15,625 [trainer.py] => Trainable params: 75845
2026-06-10 18:47:15,625 [bilora.py] => Learning on 220-225
2026-06-10 19:03:43,166 [bilora.py] => Task 44, Epoch 50/50 => Loss 0.038, Train_accy 98.45
2026-06-10 19:04:32,652 [trainer.py] => Timing Task 44 => Train 1001.22s, Epochs 50, Train 20.0245s/epoch, Inference 35.80s, Images 4491, Inference 7.9722ms/image
2026-06-10 19:04:32,653 [bilora.py] => Exemplar size: 0
2026-06-10 19:04:32,653 [trainer.py] => No NME accuracy.
2026-06-10 19:04:32,653 [trainer.py] => CNN: {'total': 57.85, '00-04': 67.0, '05-09': 87.0, '10-14': 78.0, '15-19': 50.0, '20-24': 60.0, '25-29': 47.0, '30-34': 48.48, '35-39': 57.0, '40-44': 73.0, '45-49': 50.0, '50-54': 74.0, '55-59': 57.0, '60-64': 70.0, '65-69': 56.57, '70-74': 71.0, '75-79': 79.0, '80-84': 74.0, '85-89': 54.0, '90-94': 47.0, '95-99': 65.66, '100-104': 66.0, '105-109': 52.04, '110-114': 58.0, '115-119': 55.0, '120-124': 65.66, '125-129': 50.0, '130-134': 48.98, '135-139': 45.0, '140-144': 32.0, '145-149': 75.0, '150-154': 80.0, '155-159': 63.0, '160-164': 41.0, '165-169': 41.0, '170-174': 56.0, '175-179': 68.0, '180-184': 49.0, '185-189': 66.0, '190-194': 61.0, '195-199': 58.0, '200-204': 30.0, '205-209': 49.0, '210-214': 55.0, '215-219': 33.0, '220-224': 39.39, 'old': 58.27, 'new': 39.39}
2026-06-10 19:04:32,653 [trainer.py] => CNN top1 curve: [91.0, 93.5, 92.67, 82.75, 84.8, 86.0, 83.12, 80.85, 81.65, 79.98, 81.16, 80.82, 79.14, 77.75, 77.77, 78.66, 76.74, 75.19, 74.39, 73.11, 72.2, 71.71, 71.63, 71.23, 70.85, 69.35, 68.28, 68.09, 67.05, 66.71, 66.43, 66.13, 65.31, 63.89, 63.34, 61.55, 60.29, 59.97, 59.84, 59.44, 58.97, 58.73, 58.27, 57.51, 57.85]
2026-06-10 19:04:32,653 [trainer.py] => CNN top1 with task curve: [91.0, 95.5, 97.0, 96.5, 97.2, 97.67, 97.85, 98.12, 98.44, 98.6, 98.36, 98.42, 98.54, 98.71, 98.66, 98.69, 98.82, 98.72, 98.74, 98.8, 98.66, 98.72, 98.74, 98.71, 98.72, 98.8, 98.81, 98.67, 98.31, 98.3, 98.38, 98.46, 98.39, 98.44, 98.48, 98.58, 98.65, 98.55, 98.61, 98.67, 98.56, 98.62, 98.6, 98.61, 98.75]
2026-06-10 19:04:32,654 [trainer.py] => CNN top1 task curve: [1.0, 0.96, 0.9433, 0.8325, 0.854, 0.8633, 0.8355, 0.811, 0.8187, 0.8018, 0.8153, 0.8107, 0.7945, 0.779, 0.779, 0.7879, 0.7691, 0.7531, 0.745, 0.7321, 0.7229, 0.718, 0.7172, 0.7132, 0.7097, 0.6947, 0.6839, 0.6816, 0.6715, 0.6678, 0.6649, 0.6623, 0.654, 0.6403, 0.6337, 0.6155, 0.6029, 0.5999, 0.5984, 0.5944, 0.5902, 0.5878, 0.5827, 0.5754, 0.5787]
2026-06-10 19:04:32,654 [trainer.py] => CNN top5 curve: [100.0, 99.5, 99.67, 99.0, 99.2, 99.0, 98.28, 98.0, 98.11, 94.99, 95.27, 95.41, 95.07, 95.57, 95.86, 95.99, 95.05, 95.22, 94.42, 93.69, 93.37, 93.44, 93.42, 92.4, 92.62, 92.17, 91.98, 91.48, 90.04, 90.17, 90.3, 89.72, 89.43, 89.24, 88.37, 87.44, 87.57, 87.63, 87.95, 87.4, 86.93, 87.07, 86.51, 86.0, 85.93]
2026-06-10 19:04:32,654 [trainer.py] => Average Accuracy (CNN): 72.13
2026-06-10 19:04:32,673 [trainer.py] => All params: 134254251
2026-06-10 19:04:32,684 [trainer.py] => Trainable params: 75845
2026-06-10 19:04:32,684 [bilora.py] => Learning on 225-230
2026-06-10 19:19:46,720 [bilora.py] => Task 45, Epoch 50/50 => Loss 0.005, Train_accy 99.79
2026-06-10 19:20:36,739 [trainer.py] => Timing Task 45 => Train 927.08s, Epochs 50, Train 18.5415s/epoch, Inference 36.98s, Images 4591, Inference 8.0545ms/image
2026-06-10 19:20:36,740 [bilora.py] => Exemplar size: 0
2026-06-10 19:20:36,740 [trainer.py] => No NME accuracy.
2026-06-10 19:20:36,740 [trainer.py] => CNN: {'total': 57.22, '00-04': 64.0, '05-09': 87.0, '10-14': 80.0, '15-19': 50.0, '20-24': 58.0, '25-29': 46.0, '30-34': 47.47, '35-39': 56.0, '40-44': 69.0, '45-49': 50.0, '50-54': 74.0, '55-59': 57.0, '60-64': 72.0, '65-69': 54.55, '70-74': 72.0, '75-79': 78.0, '80-84': 75.0, '85-89': 55.0, '90-94': 45.0, '95-99': 63.64, '100-104': 68.0, '105-109': 48.98, '110-114': 55.0, '115-119': 50.0, '120-124': 66.67, '125-129': 50.0, '130-134': 45.92, '135-139': 43.0, '140-144': 29.0, '145-149': 78.0, '150-154': 78.0, '155-159': 65.0, '160-164': 41.0, '165-169': 37.0, '170-174': 54.0, '175-179': 69.0, '180-184': 51.0, '185-189': 62.0, '190-194': 60.0, '195-199': 58.0, '200-204': 32.0, '205-209': 46.0, '210-214': 55.0, '215-219': 29.0, '220-224': 35.35, '225-229': 71.0, 'old': 56.91, 'new': 71.0}
2026-06-10 19:20:36,740 [trainer.py] => CNN top1 curve: [91.0, 93.5, 92.67, 82.75, 84.8, 86.0, 83.12, 80.85, 81.65, 79.98, 81.16, 80.82, 79.14, 77.75, 77.77, 78.66, 76.74, 75.19, 74.39, 73.11, 72.2, 71.71, 71.63, 71.23, 70.85, 69.35, 68.28, 68.09, 67.05, 66.71, 66.43, 66.13, 65.31, 63.89, 63.34, 61.55, 60.29, 59.97, 59.84, 59.44, 58.97, 58.73, 58.27, 57.51, 57.85, 57.22]
2026-06-10 19:20:36,740 [trainer.py] => CNN top1 with task curve: [91.0, 95.5, 97.0, 96.5, 97.2, 97.67, 97.85, 98.12, 98.44, 98.6, 98.36, 98.42, 98.54, 98.71, 98.66, 98.69, 98.82, 98.72, 98.74, 98.8, 98.66, 98.72, 98.74, 98.71, 98.72, 98.8, 98.81, 98.67, 98.31, 98.3, 98.38, 98.46, 98.39, 98.44, 98.48, 98.58, 98.65, 98.55, 98.61, 98.67, 98.56, 98.62, 98.6, 98.61, 98.75, 98.69]
2026-06-10 19:20:36,740 [trainer.py] => CNN top1 task curve: [1.0, 0.96, 0.9433, 0.8325, 0.854, 0.8633, 0.8355, 0.811, 0.8187, 0.8018, 0.8153, 0.8107, 0.7945, 0.779, 0.779, 0.7879, 0.7691, 0.7531, 0.745, 0.7321, 0.7229, 0.718, 0.7172, 0.7132, 0.7097, 0.6947, 0.6839, 0.6816, 0.6715, 0.6678, 0.6649, 0.6623, 0.654, 0.6403, 0.6337, 0.6155, 0.6029, 0.5999, 0.5984, 0.5944, 0.5902, 0.5878, 0.5827, 0.5754, 0.5787, 0.5722]
2026-06-10 19:20:36,740 [trainer.py] => CNN top5 curve: [100.0, 99.5, 99.67, 99.0, 99.2, 99.0, 98.28, 98.0, 98.11, 94.99, 95.27, 95.41, 95.07, 95.57, 95.86, 95.99, 95.05, 95.22, 94.42, 93.69, 93.37, 93.44, 93.42, 92.4, 92.62, 92.17, 91.98, 91.48, 90.04, 90.17, 90.3, 89.72, 89.43, 89.24, 88.37, 87.44, 87.57, 87.63, 87.95, 87.4, 86.93, 87.07, 86.51, 86.0, 85.93, 85.56]
2026-06-10 19:20:36,740 [trainer.py] => Average Accuracy (CNN): 71.8
2026-06-10 19:20:36,754 [trainer.py] => All params: 134254251
2026-06-10 19:20:36,768 [trainer.py] => Trainable params: 75845
2026-06-10 19:20:36,769 [bilora.py] => Learning on 230-235
2026-06-10 19:36:09,694 [bilora.py] => Task 46, Epoch 50/50 => Loss 0.039, Train_accy 98.84
2026-06-10 19:37:02,995 [trainer.py] => Timing Task 46 => Train 946.86s, Epochs 50, Train 18.9372s/epoch, Inference 39.37s, Images 4690, Inference 8.3937ms/image
2026-06-10 19:37:02,995 [bilora.py] => Exemplar size: 0
2026-06-10 19:37:02,995 [trainer.py] => No NME accuracy.
2026-06-10 19:37:02,996 [trainer.py] => CNN: {'total': 57.01, '00-04': 64.0, '05-09': 86.0, '10-14': 79.0, '15-19': 50.0, '20-24': 58.0, '25-29': 44.0, '30-34': 46.46, '35-39': 55.0, '40-44': 68.0, '45-49': 49.0, '50-54': 74.0, '55-59': 45.0, '60-64': 70.0, '65-69': 56.57, '70-74': 69.0, '75-79': 79.0, '80-84': 74.0, '85-89': 53.0, '90-94': 47.0, '95-99': 62.63, '100-104': 65.0, '105-109': 50.0, '110-114': 58.0, '115-119': 53.0, '120-124': 66.67, '125-129': 49.0, '130-134': 45.92, '135-139': 46.0, '140-144': 28.0, '145-149': 76.0, '150-154': 76.0, '155-159': 60.0, '160-164': 41.0, '165-169': 44.0, '170-174': 54.0, '175-179': 68.0, '180-184': 50.0, '185-189': 62.0, '190-194': 59.0, '195-199': 60.0, '200-204': 34.0, '205-209': 49.0, '210-214': 58.0, '215-219': 29.0, '220-224': 34.34, '225-229': 74.0, '230-234': 59.6, 'old': 56.96, 'new': 59.6}
2026-06-10 19:37:02,996 [trainer.py] => CNN top1 curve: [91.0, 93.5, 92.67, 82.75, 84.8, 86.0, 83.12, 80.85, 81.65, 79.98, 81.16, 80.82, 79.14, 77.75, 77.77, 78.66, 76.74, 75.19, 74.39, 73.11, 72.2, 71.71, 71.63, 71.23, 70.85, 69.35, 68.28, 68.09, 67.05, 66.71, 66.43, 66.13, 65.31, 63.89, 63.34, 61.55, 60.29, 59.97, 59.84, 59.44, 58.97, 58.73, 58.27, 57.51, 57.85, 57.22, 57.01]
2026-06-10 19:37:02,996 [trainer.py] => CNN top1 with task curve: [91.0, 95.5, 97.0, 96.5, 97.2, 97.67, 97.85, 98.12, 98.44, 98.6, 98.36, 98.42, 98.54, 98.71, 98.66, 98.69, 98.82, 98.72, 98.74, 98.8, 98.66, 98.72, 98.74, 98.71, 98.72, 98.8, 98.81, 98.67, 98.31, 98.3, 98.38, 98.46, 98.39, 98.44, 98.48, 98.58, 98.65, 98.55, 98.61, 98.67, 98.56, 98.62, 98.6, 98.61, 98.75, 98.69, 98.7]
2026-06-10 19:37:02,996 [trainer.py] => CNN top1 task curve: [1.0, 0.96, 0.9433, 0.8325, 0.854, 0.8633, 0.8355, 0.811, 0.8187, 0.8018, 0.8153, 0.8107, 0.7945, 0.779, 0.779, 0.7879, 0.7691, 0.7531, 0.745, 0.7321, 0.7229, 0.718, 0.7172, 0.7132, 0.7097, 0.6947, 0.6839, 0.6816, 0.6715, 0.6678, 0.6649, 0.6623, 0.654, 0.6403, 0.6337, 0.6155, 0.6029, 0.5999, 0.5984, 0.5944, 0.5902, 0.5878, 0.5827, 0.5754, 0.5787, 0.5722, 0.5704]
2026-06-10 19:37:02,996 [trainer.py] => CNN top5 curve: [100.0, 99.5, 99.67, 99.0, 99.2, 99.0, 98.28, 98.0, 98.11, 94.99, 95.27, 95.41, 95.07, 95.57, 95.86, 95.99, 95.05, 95.22, 94.42, 93.69, 93.37, 93.44, 93.42, 92.4, 92.62, 92.17, 91.98, 91.48, 90.04, 90.17, 90.3, 89.72, 89.43, 89.24, 88.37, 87.44, 87.57, 87.63, 87.95, 87.4, 86.93, 87.07, 86.51, 86.0, 85.93, 85.56, 85.61]
2026-06-10 19:37:02,997 [trainer.py] => Average Accuracy (CNN): 71.49
2026-06-10 19:37:03,016 [trainer.py] => All params: 134254251
2026-06-10 19:37:03,027 [trainer.py] => Trainable params: 75845
2026-06-10 19:37:03,027 [bilora.py] => Learning on 235-240
2026-06-10 19:53:47,368 [bilora.py] => Task 47, Epoch 50/50 => Loss 0.047, Train_accy 98.06
2026-06-10 19:54:39,880 [trainer.py] => Timing Task 47 => Train 1018.30s, Epochs 50, Train 20.3660s/epoch, Inference 38.55s, Images 4789, Inference 8.0500ms/image
2026-06-10 19:54:39,880 [bilora.py] => Exemplar size: 0
2026-06-10 19:54:39,880 [trainer.py] => No NME accuracy.
2026-06-10 19:54:39,880 [trainer.py] => CNN: {'total': 56.19, '00-04': 66.0, '05-09': 86.0, '10-14': 77.0, '15-19': 50.0, '20-24': 58.0, '25-29': 47.0, '30-34': 49.49, '35-39': 55.0, '40-44': 67.0, '45-49': 50.0, '50-54': 75.0, '55-59': 42.0, '60-64': 68.0, '65-69': 56.57, '70-74': 69.0, '75-79': 76.0, '80-84': 73.0, '85-89': 58.0, '90-94': 45.0, '95-99': 62.63, '100-104': 62.0, '105-109': 50.0, '110-114': 57.0, '115-119': 52.0, '120-124': 65.66, '125-129': 48.0, '130-134': 47.96, '135-139': 46.0, '140-144': 27.0, '145-149': 71.0, '150-154': 77.0, '155-159': 59.0, '160-164': 41.0, '165-169': 40.0, '170-174': 55.0, '175-179': 69.0, '180-184': 41.0, '185-189': 63.0, '190-194': 60.0, '195-199': 59.0, '200-204': 27.0, '205-209': 50.0, '210-214': 58.0, '215-219': 36.0, '220-224': 39.39, '225-229': 72.0, '230-234': 60.61, '235-239': 32.32, 'old': 56.7, 'new': 32.32}
2026-06-10 19:54:39,880 [trainer.py] => CNN top1 curve: [91.0, 93.5, 92.67, 82.75, 84.8, 86.0, 83.12, 80.85, 81.65, 79.98, 81.16, 80.82, 79.14, 77.75, 77.77, 78.66, 76.74, 75.19, 74.39, 73.11, 72.2, 71.71, 71.63, 71.23, 70.85, 69.35, 68.28, 68.09, 67.05, 66.71, 66.43, 66.13, 65.31, 63.89, 63.34, 61.55, 60.29, 59.97, 59.84, 59.44, 58.97, 58.73, 58.27, 57.51, 57.85, 57.22, 57.01, 56.19]
2026-06-10 19:54:39,880 [trainer.py] => CNN top1 with task curve: [91.0, 95.5, 97.0, 96.5, 97.2, 97.67, 97.85, 98.12, 98.44, 98.6, 98.36, 98.42, 98.54, 98.71, 98.66, 98.69, 98.82, 98.72, 98.74, 98.8, 98.66, 98.72, 98.74, 98.71, 98.72, 98.8, 98.81, 98.67, 98.31, 98.3, 98.38, 98.46, 98.39, 98.44, 98.48, 98.58, 98.65, 98.55, 98.61, 98.67, 98.56, 98.62, 98.6, 98.61, 98.75, 98.69, 98.7, 98.79]
2026-06-10 19:54:39,880 [trainer.py] => CNN top1 task curve: [1.0, 0.96, 0.9433, 0.8325, 0.854, 0.8633, 0.8355, 0.811, 0.8187, 0.8018, 0.8153, 0.8107, 0.7945, 0.779, 0.779, 0.7879, 0.7691, 0.7531, 0.745, 0.7321, 0.7229, 0.718, 0.7172, 0.7132, 0.7097, 0.6947, 0.6839, 0.6816, 0.6715, 0.6678, 0.6649, 0.6623, 0.654, 0.6403, 0.6337, 0.6155, 0.6029, 0.5999, 0.5984, 0.5944, 0.5902, 0.5878, 0.5827, 0.5754, 0.5787, 0.5722, 0.5704, 0.5621]
2026-06-10 19:54:39,880 [trainer.py] => CNN top5 curve: [100.0, 99.5, 99.67, 99.0, 99.2, 99.0, 98.28, 98.0, 98.11, 94.99, 95.27, 95.41, 95.07, 95.57, 95.86, 95.99, 95.05, 95.22, 94.42, 93.69, 93.37, 93.44, 93.42, 92.4, 92.62, 92.17, 91.98, 91.48, 90.04, 90.17, 90.3, 89.72, 89.43, 89.24, 88.37, 87.44, 87.57, 87.63, 87.95, 87.4, 86.93, 87.07, 86.51, 86.0, 85.93, 85.56, 85.61, 85.74]
2026-06-10 19:54:39,880 [trainer.py] => Average Accuracy (CNN): 71.17
2026-06-10 19:54:39,892 [trainer.py] => All params: 134254251
2026-06-10 19:54:39,902 [trainer.py] => Trainable params: 75845
2026-06-10 19:54:39,903 [bilora.py] => Learning on 240-245
2026-06-10 20:09:31,495 [bilora.py] => Task 48, Epoch 50/50 => Loss 0.004, Train_accy 100.00
2026-06-10 20:10:24,111 [trainer.py] => Timing Task 48 => Train 904.00s, Epochs 50, Train 18.0800s/epoch, Inference 40.21s, Images 4889, Inference 8.2238ms/image
2026-06-10 20:10:24,112 [bilora.py] => Exemplar size: 0
2026-06-10 20:10:24,112 [trainer.py] => No NME accuracy.
2026-06-10 20:10:24,112 [trainer.py] => CNN: {'total': 56.66, '00-04': 65.0, '05-09': 86.0, '10-14': 77.0, '15-19': 51.0, '20-24': 57.0, '25-29': 45.0, '30-34': 44.44, '35-39': 56.0, '40-44': 72.0, '45-49': 51.0, '50-54': 76.0, '55-59': 44.0, '60-64': 68.0, '65-69': 57.58, '70-74': 66.0, '75-79': 76.0, '80-84': 74.0, '85-89': 58.0, '90-94': 47.0, '95-99': 62.63, '100-104': 71.0, '105-109': 48.98, '110-114': 56.0, '115-119': 49.0, '120-124': 66.67, '125-129': 51.0, '130-134': 47.96, '135-139': 42.0, '140-144': 28.0, '145-149': 75.0, '150-154': 76.0, '155-159': 62.0, '160-164': 40.0, '165-169': 39.0, '170-174': 53.0, '175-179': 71.0, '180-184': 49.0, '185-189': 64.0, '190-194': 60.0, '195-199': 58.0, '200-204': 28.0, '205-209': 48.0, '210-214': 57.0, '215-219': 33.0, '220-224': 36.36, '225-229': 68.0, '230-234': 60.61, '235-239': 32.32, '240-244': 71.0, 'old': 56.36, 'new': 71.0}
2026-06-10 20:10:24,112 [trainer.py] => CNN top1 curve: [91.0, 93.5, 92.67, 82.75, 84.8, 86.0, 83.12, 80.85, 81.65, 79.98, 81.16, 80.82, 79.14, 77.75, 77.77, 78.66, 76.74, 75.19, 74.39, 73.11, 72.2, 71.71, 71.63, 71.23, 70.85, 69.35, 68.28, 68.09, 67.05, 66.71, 66.43, 66.13, 65.31, 63.89, 63.34, 61.55, 60.29, 59.97, 59.84, 59.44, 58.97, 58.73, 58.27, 57.51, 57.85, 57.22, 57.01, 56.19, 56.66]
2026-06-10 20:10:24,112 [trainer.py] => CNN top1 with task curve: [91.0, 95.5, 97.0, 96.5, 97.2, 97.67, 97.85, 98.12, 98.44, 98.6, 98.36, 98.42, 98.54, 98.71, 98.66, 98.69, 98.82, 98.72, 98.74, 98.8, 98.66, 98.72, 98.74, 98.71, 98.72, 98.8, 98.81, 98.67, 98.31, 98.3, 98.38, 98.46, 98.39, 98.44, 98.48, 98.58, 98.65, 98.55, 98.61, 98.67, 98.56, 98.62, 98.6, 98.61, 98.75, 98.69, 98.7, 98.79, 98.77]
2026-06-10 20:10:24,112 [trainer.py] => CNN top1 task curve: [1.0, 0.96, 0.9433, 0.8325, 0.854, 0.8633, 0.8355, 0.811, 0.8187, 0.8018, 0.8153, 0.8107, 0.7945, 0.779, 0.779, 0.7879, 0.7691, 0.7531, 0.745, 0.7321, 0.7229, 0.718, 0.7172, 0.7132, 0.7097, 0.6947, 0.6839, 0.6816, 0.6715, 0.6678, 0.6649, 0.6623, 0.654, 0.6403, 0.6337, 0.6155, 0.6029, 0.5999, 0.5984, 0.5944, 0.5902, 0.5878, 0.5827, 0.5754, 0.5787, 0.5722, 0.5704, 0.5621, 0.5666]
2026-06-10 20:10:24,113 [trainer.py] => CNN top5 curve: [100.0, 99.5, 99.67, 99.0, 99.2, 99.0, 98.28, 98.0, 98.11, 94.99, 95.27, 95.41, 95.07, 95.57, 95.86, 95.99, 95.05, 95.22, 94.42, 93.69, 93.37, 93.44, 93.42, 92.4, 92.62, 92.17, 91.98, 91.48, 90.04, 90.17, 90.3, 89.72, 89.43, 89.24, 88.37, 87.44, 87.57, 87.63, 87.95, 87.4, 86.93, 87.07, 86.51, 86.0, 85.93, 85.56, 85.61, 85.74, 84.95]
2026-06-10 20:10:24,113 [trainer.py] => Average Accuracy (CNN): 70.87
2026-06-10 20:10:24,133 [trainer.py] => All params: 134254251
2026-06-10 20:10:24,143 [trainer.py] => Trainable params: 75845
2026-06-10 20:10:24,143 [bilora.py] => Learning on 245-250
2026-06-10 20:27:33,014 [bilora.py] => Task 49, Epoch 50/50 => Loss 0.008, Train_accy 99.81
2026-06-10 20:28:30,151 [trainer.py] => Timing Task 49 => Train 1043.28s, Epochs 50, Train 20.8656s/epoch, Inference 42.73s, Images 4989, Inference 8.5645ms/image
2026-06-10 20:28:30,151 [bilora.py] => Exemplar size: 0
2026-06-10 20:28:30,151 [trainer.py] => No NME accuracy.
2026-06-10 20:28:30,151 [trainer.py] => CNN: {'total': 56.06, '00-04': 66.0, '05-09': 86.0, '10-14': 76.0, '15-19': 52.0, '20-24': 49.0, '25-29': 43.0, '30-34': 40.4, '35-39': 55.0, '40-44': 67.0, '45-49': 50.0, '50-54': 77.0, '55-59': 40.0, '60-64': 68.0, '65-69': 57.58, '70-74': 64.0, '75-79': 77.0, '80-84': 73.0, '85-89': 57.0, '90-94': 46.0, '95-99': 60.61, '100-104': 74.0, '105-109': 48.98, '110-114': 55.0, '115-119': 49.0, '120-124': 65.66, '125-129': 53.0, '130-134': 44.9, '135-139': 43.0, '140-144': 27.0, '145-149': 70.0, '150-154': 77.0, '155-159': 61.0, '160-164': 44.0, '165-169': 41.0, '170-174': 52.0, '175-179': 71.0, '180-184': 44.0, '185-189': 63.0, '190-194': 62.0, '195-199': 56.0, '200-204': 30.0, '205-209': 48.0, '210-214': 59.0, '215-219': 34.0, '220-224': 36.36, '225-229': 70.0, '230-234': 59.6, '235-239': 32.32, '240-244': 71.0, '245-249': 56.0, 'old': 56.06, 'new': 56.0}
2026-06-10 20:28:30,152 [trainer.py] => CNN top1 curve: [91.0, 93.5, 92.67, 82.75, 84.8, 86.0, 83.12, 80.85, 81.65, 79.98, 81.16, 80.82, 79.14, 77.75, 77.77, 78.66, 76.74, 75.19, 74.39, 73.11, 72.2, 71.71, 71.63, 71.23, 70.85, 69.35, 68.28, 68.09, 67.05, 66.71, 66.43, 66.13, 65.31, 63.89, 63.34, 61.55, 60.29, 59.97, 59.84, 59.44, 58.97, 58.73, 58.27, 57.51, 57.85, 57.22, 57.01, 56.19, 56.66, 56.06]
2026-06-10 20:28:30,152 [trainer.py] => CNN top1 with task curve: [91.0, 95.5, 97.0, 96.5, 97.2, 97.67, 97.85, 98.12, 98.44, 98.6, 98.36, 98.42, 98.54, 98.71, 98.66, 98.69, 98.82, 98.72, 98.74, 98.8, 98.66, 98.72, 98.74, 98.71, 98.72, 98.8, 98.81, 98.67, 98.31, 98.3, 98.38, 98.46, 98.39, 98.44, 98.48, 98.58, 98.65, 98.55, 98.61, 98.67, 98.56, 98.62, 98.6, 98.61, 98.75, 98.69, 98.7, 98.79, 98.77, 98.78]
2026-06-10 20:28:30,152 [trainer.py] => CNN top1 task curve: [1.0, 0.96, 0.9433, 0.8325, 0.854, 0.8633, 0.8355, 0.811, 0.8187, 0.8018, 0.8153, 0.8107, 0.7945, 0.779, 0.779, 0.7879, 0.7691, 0.7531, 0.745, 0.7321, 0.7229, 0.718, 0.7172, 0.7132, 0.7097, 0.6947, 0.6839, 0.6816, 0.6715, 0.6678, 0.6649, 0.6623, 0.654, 0.6403, 0.6337, 0.6155, 0.6029, 0.5999, 0.5984, 0.5944, 0.5902, 0.5878, 0.5827, 0.5754, 0.5787, 0.5722, 0.5704, 0.5621, 0.5666, 0.5608]
2026-06-10 20:28:30,152 [trainer.py] => CNN top5 curve: [100.0, 99.5, 99.67, 99.0, 99.2, 99.0, 98.28, 98.0, 98.11, 94.99, 95.27, 95.41, 95.07, 95.57, 95.86, 95.99, 95.05, 95.22, 94.42, 93.69, 93.37, 93.44, 93.42, 92.4, 92.62, 92.17, 91.98, 91.48, 90.04, 90.17, 90.3, 89.72, 89.43, 89.24, 88.37, 87.44, 87.57, 87.63, 87.95, 87.4, 86.93, 87.07, 86.51, 86.0, 85.93, 85.56, 85.61, 85.74, 84.95, 84.61]
2026-06-10 20:28:30,152 [trainer.py] => Average Accuracy (CNN): 70.58
2026-06-10 20:28:30,163 [trainer.py] => All params: 134254251
2026-06-10 20:28:30,172 [trainer.py] => Trainable params: 75845
2026-06-10 20:28:30,172 [bilora.py] => Learning on 250-255
2026-06-10 20:44:54,715 [bilora.py] => Task 50, Epoch 50/50 => Loss 0.039, Train_accy 98.35
2026-06-10 20:45:53,338 [trainer.py] => Timing Task 50 => Train 998.29s, Epochs 50, Train 19.9657s/epoch, Inference 44.88s, Images 5088, Inference 8.8204ms/image
2026-06-10 20:45:53,338 [bilora.py] => Exemplar size: 0
2026-06-10 20:45:53,338 [trainer.py] => No NME accuracy.
2026-06-10 20:45:53,338 [trainer.py] => CNN: {'total': 55.66, '00-04': 67.0, '05-09': 87.0, '10-14': 76.0, '15-19': 52.0, '20-24': 48.0, '25-29': 43.0, '30-34': 44.44, '35-39': 53.0, '40-44': 68.0, '45-49': 50.0, '50-54': 78.0, '55-59': 40.0, '60-64': 68.0, '65-69': 59.6, '70-74': 66.0, '75-79': 66.0, '80-84': 74.0, '85-89': 59.0, '90-94': 47.0, '95-99': 61.62, '100-104': 75.0, '105-109': 50.0, '110-114': 56.0, '115-119': 48.0, '120-124': 66.67, '125-129': 52.0, '130-134': 44.9, '135-139': 43.0, '140-144': 27.0, '145-149': 70.0, '150-154': 78.0, '155-159': 59.0, '160-164': 43.0, '165-169': 40.0, '170-174': 54.0, '175-179': 71.0, '180-184': 42.0, '185-189': 62.0, '190-194': 62.0, '195-199': 57.0, '200-204': 28.0, '205-209': 49.0, '210-214': 59.0, '215-219': 38.0, '220-224': 37.37, '225-229': 65.0, '230-234': 59.6, '235-239': 28.28, '240-244': 71.0, '245-249': 56.0, '250-254': 38.38, 'old': 56.0, 'new': 38.38}
2026-06-10 20:45:53,338 [trainer.py] => CNN top1 curve: [91.0, 93.5, 92.67, 82.75, 84.8, 86.0, 83.12, 80.85, 81.65, 79.98, 81.16, 80.82, 79.14, 77.75, 77.77, 78.66, 76.74, 75.19, 74.39, 73.11, 72.2, 71.71, 71.63, 71.23, 70.85, 69.35, 68.28, 68.09, 67.05, 66.71, 66.43, 66.13, 65.31, 63.89, 63.34, 61.55, 60.29, 59.97, 59.84, 59.44, 58.97, 58.73, 58.27, 57.51, 57.85, 57.22, 57.01, 56.19, 56.66, 56.06, 55.66]
2026-06-10 20:45:53,338 [trainer.py] => CNN top1 with task curve: [91.0, 95.5, 97.0, 96.5, 97.2, 97.67, 97.85, 98.12, 98.44, 98.6, 98.36, 98.42, 98.54, 98.71, 98.66, 98.69, 98.82, 98.72, 98.74, 98.8, 98.66, 98.72, 98.74, 98.71, 98.72, 98.8, 98.81, 98.67, 98.31, 98.3, 98.38, 98.46, 98.39, 98.44, 98.48, 98.58, 98.65, 98.55, 98.61, 98.67, 98.56, 98.62, 98.6, 98.61, 98.75, 98.69, 98.7, 98.79, 98.77, 98.78, 98.82]
2026-06-10 20:45:53,338 [trainer.py] => CNN top1 task curve: [1.0, 0.96, 0.9433, 0.8325, 0.854, 0.8633, 0.8355, 0.811, 0.8187, 0.8018, 0.8153, 0.8107, 0.7945, 0.779, 0.779, 0.7879, 0.7691, 0.7531, 0.745, 0.7321, 0.7229, 0.718, 0.7172, 0.7132, 0.7097, 0.6947, 0.6839, 0.6816, 0.6715, 0.6678, 0.6649, 0.6623, 0.654, 0.6403, 0.6337, 0.6155, 0.6029, 0.5999, 0.5984, 0.5944, 0.5902, 0.5878, 0.5827, 0.5754, 0.5787, 0.5722, 0.5704, 0.5621, 0.5666, 0.5608, 0.5568]
2026-06-10 20:45:53,339 [trainer.py] => CNN top5 curve: [100.0, 99.5, 99.67, 99.0, 99.2, 99.0, 98.28, 98.0, 98.11, 94.99, 95.27, 95.41, 95.07, 95.57, 95.86, 95.99, 95.05, 95.22, 94.42, 93.69, 93.37, 93.44, 93.42, 92.4, 92.62, 92.17, 91.98, 91.48, 90.04, 90.17, 90.3, 89.72, 89.43, 89.24, 88.37, 87.44, 87.57, 87.63, 87.95, 87.4, 86.93, 87.07, 86.51, 86.0, 85.93, 85.56, 85.61, 85.74, 84.95, 84.61, 84.71]
2026-06-10 20:45:53,339 [trainer.py] => Average Accuracy (CNN): 70.28
2026-06-10 20:45:53,358 [trainer.py] => All params: 134254251
2026-06-10 20:45:53,371 [trainer.py] => Trainable params: 75845
2026-06-10 20:45:53,371 [bilora.py] => Learning on 255-260
2026-06-10 21:02:16,475 [bilora.py] => Task 51, Epoch 50/50 => Loss 0.014, Train_accy 99.40
2026-06-10 21:03:15,825 [trainer.py] => Timing Task 51 => Train 997.39s, Epochs 50, Train 19.9479s/epoch, Inference 45.06s, Images 5188, Inference 8.6856ms/image
2026-06-10 21:03:15,825 [bilora.py] => Exemplar size: 0
2026-06-10 21:03:15,825 [trainer.py] => No NME accuracy.
2026-06-10 21:03:15,825 [trainer.py] => CNN: {'total': 55.24, '00-04': 63.0, '05-09': 86.0, '10-14': 76.0, '15-19': 49.0, '20-24': 50.0, '25-29': 43.0, '30-34': 43.43, '35-39': 55.0, '40-44': 68.0, '45-49': 46.0, '50-54': 76.0, '55-59': 40.0, '60-64': 69.0, '65-69': 59.6, '70-74': 66.0, '75-79': 63.0, '80-84': 75.0, '85-89': 61.0, '90-94': 47.0, '95-99': 61.62, '100-104': 78.0, '105-109': 50.0, '110-114': 53.0, '115-119': 49.0, '120-124': 65.66, '125-129': 50.0, '130-134': 45.92, '135-139': 41.0, '140-144': 28.0, '145-149': 69.0, '150-154': 78.0, '155-159': 59.0, '160-164': 43.0, '165-169': 36.0, '170-174': 52.0, '175-179': 71.0, '180-184': 44.0, '185-189': 61.0, '190-194': 61.0, '195-199': 55.0, '200-204': 29.0, '205-209': 49.0, '210-214': 59.0, '215-219': 36.0, '220-224': 35.35, '225-229': 67.0, '230-234': 59.6, '235-239': 29.29, '240-244': 71.0, '245-249': 55.0, '250-254': 37.37, '255-259': 57.0, 'old': 55.21, 'new': 57.0}
2026-06-10 21:03:15,826 [trainer.py] => CNN top1 curve: [91.0, 93.5, 92.67, 82.75, 84.8, 86.0, 83.12, 80.85, 81.65, 79.98, 81.16, 80.82, 79.14, 77.75, 77.77, 78.66, 76.74, 75.19, 74.39, 73.11, 72.2, 71.71, 71.63, 71.23, 70.85, 69.35, 68.28, 68.09, 67.05, 66.71, 66.43, 66.13, 65.31, 63.89, 63.34, 61.55, 60.29, 59.97, 59.84, 59.44, 58.97, 58.73, 58.27, 57.51, 57.85, 57.22, 57.01, 56.19, 56.66, 56.06, 55.66, 55.24]
2026-06-10 21:03:15,826 [trainer.py] => CNN top1 with task curve: [91.0, 95.5, 97.0, 96.5, 97.2, 97.67, 97.85, 98.12, 98.44, 98.6, 98.36, 98.42, 98.54, 98.71, 98.66, 98.69, 98.82, 98.72, 98.74, 98.8, 98.66, 98.72, 98.74, 98.71, 98.72, 98.8, 98.81, 98.67, 98.31, 98.3, 98.38, 98.46, 98.39, 98.44, 98.48, 98.58, 98.65, 98.55, 98.61, 98.67, 98.56, 98.62, 98.6, 98.61, 98.75, 98.69, 98.7, 98.79, 98.77, 98.78, 98.82, 98.79]
2026-06-10 21:03:15,826 [trainer.py] => CNN top1 task curve: [1.0, 0.96, 0.9433, 0.8325, 0.854, 0.8633, 0.8355, 0.811, 0.8187, 0.8018, 0.8153, 0.8107, 0.7945, 0.779, 0.779, 0.7879, 0.7691, 0.7531, 0.745, 0.7321, 0.7229, 0.718, 0.7172, 0.7132, 0.7097, 0.6947, 0.6839, 0.6816, 0.6715, 0.6678, 0.6649, 0.6623, 0.654, 0.6403, 0.6337, 0.6155, 0.6029, 0.5999, 0.5984, 0.5944, 0.5902, 0.5878, 0.5827, 0.5754, 0.5787, 0.5722, 0.5704, 0.5621, 0.5666, 0.5608, 0.5568, 0.5526]
2026-06-10 21:03:15,826 [trainer.py] => CNN top5 curve: [100.0, 99.5, 99.67, 99.0, 99.2, 99.0, 98.28, 98.0, 98.11, 94.99, 95.27, 95.41, 95.07, 95.57, 95.86, 95.99, 95.05, 95.22, 94.42, 93.69, 93.37, 93.44, 93.42, 92.4, 92.62, 92.17, 91.98, 91.48, 90.04, 90.17, 90.3, 89.72, 89.43, 89.24, 88.37, 87.44, 87.57, 87.63, 87.95, 87.4, 86.93, 87.07, 86.51, 86.0, 85.93, 85.56, 85.61, 85.74, 84.95, 84.61, 84.71, 83.94]
2026-06-10 21:03:15,826 [trainer.py] => Average Accuracy (CNN): 69.99
2026-06-10 21:03:15,844 [trainer.py] => All params: 134254251
2026-06-10 21:03:15,855 [trainer.py] => Trainable params: 75845
2026-06-10 21:03:15,855 [bilora.py] => Learning on 260-265
2026-06-10 21:20:46,454 [bilora.py] => Task 52, Epoch 50/50 => Loss 0.035, Train_accy 98.93
2026-06-10 21:21:47,222 [trainer.py] => Timing Task 52 => Train 1065.60s, Epochs 50, Train 21.3119s/epoch, Inference 45.77s, Images 5287, Inference 8.6571ms/image
2026-06-10 21:21:47,223 [bilora.py] => Exemplar size: 0
2026-06-10 21:21:47,223 [trainer.py] => No NME accuracy.
2026-06-10 21:21:47,223 [trainer.py] => CNN: {'total': 54.74, '00-04': 66.0, '05-09': 87.0, '10-14': 76.0, '15-19': 49.0, '20-24': 49.0, '25-29': 43.0, '30-34': 43.43, '35-39': 53.0, '40-44': 68.0, '45-49': 46.0, '50-54': 76.0, '55-59': 37.0, '60-64': 68.0, '65-69': 58.59, '70-74': 65.0, '75-79': 64.0, '80-84': 73.0, '85-89': 60.0, '90-94': 47.0, '95-99': 62.63, '100-104': 76.0, '105-109': 51.02, '110-114': 53.0, '115-119': 48.0, '120-124': 65.66, '125-129': 52.0, '130-134': 44.9, '135-139': 43.0, '140-144': 28.0, '145-149': 71.0, '150-154': 79.0, '155-159': 59.0, '160-164': 44.0, '165-169': 40.0, '170-174': 52.0, '175-179': 71.0, '180-184': 44.0, '185-189': 61.0, '190-194': 60.0, '195-199': 55.0, '200-204': 30.0, '205-209': 45.0, '210-214': 58.0, '215-219': 34.0, '220-224': 36.36, '225-229': 62.0, '230-234': 59.6, '235-239': 23.23, '240-244': 71.0, '245-249': 56.0, '250-254': 36.36, '255-259': 57.0, '260-264': 42.42, 'old': 54.97, 'new': 42.42}
2026-06-10 21:21:47,223 [trainer.py] => CNN top1 curve: [91.0, 93.5, 92.67, 82.75, 84.8, 86.0, 83.12, 80.85, 81.65, 79.98, 81.16, 80.82, 79.14, 77.75, 77.77, 78.66, 76.74, 75.19, 74.39, 73.11, 72.2, 71.71, 71.63, 71.23, 70.85, 69.35, 68.28, 68.09, 67.05, 66.71, 66.43, 66.13, 65.31, 63.89, 63.34, 61.55, 60.29, 59.97, 59.84, 59.44, 58.97, 58.73, 58.27, 57.51, 57.85, 57.22, 57.01, 56.19, 56.66, 56.06, 55.66, 55.24, 54.74]
2026-06-10 21:21:47,223 [trainer.py] => CNN top1 with task curve: [91.0, 95.5, 97.0, 96.5, 97.2, 97.67, 97.85, 98.12, 98.44, 98.6, 98.36, 98.42, 98.54, 98.71, 98.66, 98.69, 98.82, 98.72, 98.74, 98.8, 98.66, 98.72, 98.74, 98.71, 98.72, 98.8, 98.81, 98.67, 98.31, 98.3, 98.38, 98.46, 98.39, 98.44, 98.48, 98.58, 98.65, 98.55, 98.61, 98.67, 98.56, 98.62, 98.6, 98.61, 98.75, 98.69, 98.7, 98.79, 98.77, 98.78, 98.82, 98.79, 98.81]
2026-06-10 21:21:47,223 [trainer.py] => CNN top1 task curve: [1.0, 0.96, 0.9433, 0.8325, 0.854, 0.8633, 0.8355, 0.811, 0.8187, 0.8018, 0.8153, 0.8107, 0.7945, 0.779, 0.779, 0.7879, 0.7691, 0.7531, 0.745, 0.7321, 0.7229, 0.718, 0.7172, 0.7132, 0.7097, 0.6947, 0.6839, 0.6816, 0.6715, 0.6678, 0.6649, 0.6623, 0.654, 0.6403, 0.6337, 0.6155, 0.6029, 0.5999, 0.5984, 0.5944, 0.5902, 0.5878, 0.5827, 0.5754, 0.5787, 0.5722, 0.5704, 0.5621, 0.5666, 0.5608, 0.5568, 0.5526, 0.5476]
2026-06-10 21:21:47,223 [trainer.py] => CNN top5 curve: [100.0, 99.5, 99.67, 99.0, 99.2, 99.0, 98.28, 98.0, 98.11, 94.99, 95.27, 95.41, 95.07, 95.57, 95.86, 95.99, 95.05, 95.22, 94.42, 93.69, 93.37, 93.44, 93.42, 92.4, 92.62, 92.17, 91.98, 91.48, 90.04, 90.17, 90.3, 89.72, 89.43, 89.24, 88.37, 87.44, 87.57, 87.63, 87.95, 87.4, 86.93, 87.07, 86.51, 86.0, 85.93, 85.56, 85.61, 85.74, 84.95, 84.61, 84.71, 83.94, 83.66]
2026-06-10 21:21:47,223 [trainer.py] => Average Accuracy (CNN): 69.71
2026-06-10 21:21:47,235 [trainer.py] => All params: 134254251
2026-06-10 21:21:47,248 [trainer.py] => Trainable params: 75845
2026-06-10 21:21:47,248 [bilora.py] => Learning on 265-270
2026-06-10 21:39:16,653 [bilora.py] => Task 53, Epoch 50/50 => Loss 0.057, Train_accy 98.08
2026-06-10 21:40:19,839 [trainer.py] => Timing Task 53 => Train 1064.30s, Epochs 50, Train 21.2860s/epoch, Inference 48.29s, Images 5387, Inference 8.9642ms/image
2026-06-10 21:40:19,839 [bilora.py] => Exemplar size: 0
2026-06-10 21:40:19,839 [trainer.py] => No NME accuracy.
2026-06-10 21:40:19,840 [trainer.py] => CNN: {'total': 55.8, '00-04': 69.0, '05-09': 87.0, '10-14': 77.0, '15-19': 48.0, '20-24': 51.0, '25-29': 43.0, '30-34': 45.45, '35-39': 53.0, '40-44': 67.0, '45-49': 49.0, '50-54': 79.0, '55-59': 38.0, '60-64': 68.0, '65-69': 58.59, '70-74': 64.0, '75-79': 63.0, '80-84': 72.0, '85-89': 60.0, '90-94': 50.0, '95-99': 64.65, '100-104': 78.0, '105-109': 50.0, '110-114': 57.0, '115-119': 49.0, '120-124': 67.68, '125-129': 49.0, '130-134': 44.9, '135-139': 44.0, '140-144': 28.0, '145-149': 72.0, '150-154': 79.0, '155-159': 58.0, '160-164': 45.0, '165-169': 43.0, '170-174': 52.0, '175-179': 70.0, '180-184': 41.0, '185-189': 64.0, '190-194': 62.0, '195-199': 54.0, '200-204': 29.0, '205-209': 50.0, '210-214': 60.0, '215-219': 34.0, '220-224': 36.36, '225-229': 62.0, '230-234': 58.59, '235-239': 28.28, '240-244': 71.0, '245-249': 54.0, '250-254': 39.39, '255-259': 58.0, '260-264': 43.43, '265-269': 74.0, 'old': 55.46, 'new': 74.0}
2026-06-10 21:40:19,840 [trainer.py] => CNN top1 curve: [91.0, 93.5, 92.67, 82.75, 84.8, 86.0, 83.12, 80.85, 81.65, 79.98, 81.16, 80.82, 79.14, 77.75, 77.77, 78.66, 76.74, 75.19, 74.39, 73.11, 72.2, 71.71, 71.63, 71.23, 70.85, 69.35, 68.28, 68.09, 67.05, 66.71, 66.43, 66.13, 65.31, 63.89, 63.34, 61.55, 60.29, 59.97, 59.84, 59.44, 58.97, 58.73, 58.27, 57.51, 57.85, 57.22, 57.01, 56.19, 56.66, 56.06, 55.66, 55.24, 54.74, 55.8]
2026-06-10 21:40:19,840 [trainer.py] => CNN top1 with task curve: [91.0, 95.5, 97.0, 96.5, 97.2, 97.67, 97.85, 98.12, 98.44, 98.6, 98.36, 98.42, 98.54, 98.71, 98.66, 98.69, 98.82, 98.72, 98.74, 98.8, 98.66, 98.72, 98.74, 98.71, 98.72, 98.8, 98.81, 98.67, 98.31, 98.3, 98.38, 98.46, 98.39, 98.44, 98.48, 98.58, 98.65, 98.55, 98.61, 98.67, 98.56, 98.62, 98.6, 98.61, 98.75, 98.69, 98.7, 98.79, 98.77, 98.78, 98.82, 98.79, 98.81, 98.89]
2026-06-10 21:40:19,840 [trainer.py] => CNN top1 task curve: [1.0, 0.96, 0.9433, 0.8325, 0.854, 0.8633, 0.8355, 0.811, 0.8187, 0.8018, 0.8153, 0.8107, 0.7945, 0.779, 0.779, 0.7879, 0.7691, 0.7531, 0.745, 0.7321, 0.7229, 0.718, 0.7172, 0.7132, 0.7097, 0.6947, 0.6839, 0.6816, 0.6715, 0.6678, 0.6649, 0.6623, 0.654, 0.6403, 0.6337, 0.6155, 0.6029, 0.5999, 0.5984, 0.5944, 0.5902, 0.5878, 0.5827, 0.5754, 0.5787, 0.5722, 0.5704, 0.5621, 0.5666, 0.5608, 0.5568, 0.5526, 0.5476, 0.5584]
2026-06-10 21:40:19,840 [trainer.py] => CNN top5 curve: [100.0, 99.5, 99.67, 99.0, 99.2, 99.0, 98.28, 98.0, 98.11, 94.99, 95.27, 95.41, 95.07, 95.57, 95.86, 95.99, 95.05, 95.22, 94.42, 93.69, 93.37, 93.44, 93.42, 92.4, 92.62, 92.17, 91.98, 91.48, 90.04, 90.17, 90.3, 89.72, 89.43, 89.24, 88.37, 87.44, 87.57, 87.63, 87.95, 87.4, 86.93, 87.07, 86.51, 86.0, 85.93, 85.56, 85.61, 85.74, 84.95, 84.61, 84.71, 83.94, 83.66, 84.05]
2026-06-10 21:40:19,840 [trainer.py] => Average Accuracy (CNN): 69.45
2026-06-10 21:40:19,860 [trainer.py] => All params: 134254251
2026-06-10 21:40:19,869 [trainer.py] => Trainable params: 75845
2026-06-10 21:40:19,870 [bilora.py] => Learning on 270-275
2026-06-10 21:57:44,757 [bilora.py] => Task 54, Epoch 50/50 => Loss 0.034, Train_accy 98.76
2026-06-10 21:58:47,048 [trainer.py] => Timing Task 54 => Train 1059.85s, Epochs 50, Train 21.1970s/epoch, Inference 47.33s, Images 5486, Inference 8.6271ms/image
2026-06-10 21:58:47,048 [bilora.py] => Exemplar size: 0
2026-06-10 21:58:47,049 [trainer.py] => No NME accuracy.
2026-06-10 21:58:47,049 [trainer.py] => CNN: {'total': 55.3, '00-04': 65.0, '05-09': 88.0, '10-14': 77.0, '15-19': 50.0, '20-24': 52.0, '25-29': 43.0, '30-34': 45.45, '35-39': 55.0, '40-44': 68.0, '45-49': 49.0, '50-54': 78.0, '55-59': 37.0, '60-64': 70.0, '65-69': 59.6, '70-74': 68.0, '75-79': 62.0, '80-84': 72.0, '85-89': 59.0, '90-94': 47.0, '95-99': 63.64, '100-104': 77.0, '105-109': 44.9, '110-114': 58.0, '115-119': 50.0, '120-124': 65.66, '125-129': 49.0, '130-134': 44.9, '135-139': 42.0, '140-144': 27.0, '145-149': 71.0, '150-154': 79.0, '155-159': 59.0, '160-164': 42.0, '165-169': 42.0, '170-174': 54.0, '175-179': 69.0, '180-184': 41.0, '185-189': 63.0, '190-194': 60.0, '195-199': 55.0, '200-204': 30.0, '205-209': 47.0, '210-214': 59.0, '215-219': 30.0, '220-224': 37.37, '225-229': 65.0, '230-234': 59.6, '235-239': 27.27, '240-244': 71.0, '245-249': 53.0, '250-254': 38.38, '255-259': 59.0, '260-264': 41.41, '265-269': 76.0, '270-274': 44.44, 'old': 55.5, 'new': 44.44}
2026-06-10 21:58:47,049 [trainer.py] => CNN top1 curve: [91.0, 93.5, 92.67, 82.75, 84.8, 86.0, 83.12, 80.85, 81.65, 79.98, 81.16, 80.82, 79.14, 77.75, 77.77, 78.66, 76.74, 75.19, 74.39, 73.11, 72.2, 71.71, 71.63, 71.23, 70.85, 69.35, 68.28, 68.09, 67.05, 66.71, 66.43, 66.13, 65.31, 63.89, 63.34, 61.55, 60.29, 59.97, 59.84, 59.44, 58.97, 58.73, 58.27, 57.51, 57.85, 57.22, 57.01, 56.19, 56.66, 56.06, 55.66, 55.24, 54.74, 55.8, 55.3]
2026-06-10 21:58:47,049 [trainer.py] => CNN top1 with task curve: [91.0, 95.5, 97.0, 96.5, 97.2, 97.67, 97.85, 98.12, 98.44, 98.6, 98.36, 98.42, 98.54, 98.71, 98.66, 98.69, 98.82, 98.72, 98.74, 98.8, 98.66, 98.72, 98.74, 98.71, 98.72, 98.8, 98.81, 98.67, 98.31, 98.3, 98.38, 98.46, 98.39, 98.44, 98.48, 98.58, 98.65, 98.55, 98.61, 98.67, 98.56, 98.62, 98.6, 98.61, 98.75, 98.69, 98.7, 98.79, 98.77, 98.78, 98.82, 98.79, 98.81, 98.89, 98.89]
2026-06-10 21:58:47,049 [trainer.py] => CNN top1 task curve: [1.0, 0.96, 0.9433, 0.8325, 0.854, 0.8633, 0.8355, 0.811, 0.8187, 0.8018, 0.8153, 0.8107, 0.7945, 0.779, 0.779, 0.7879, 0.7691, 0.7531, 0.745, 0.7321, 0.7229, 0.718, 0.7172, 0.7132, 0.7097, 0.6947, 0.6839, 0.6816, 0.6715, 0.6678, 0.6649, 0.6623, 0.654, 0.6403, 0.6337, 0.6155, 0.6029, 0.5999, 0.5984, 0.5944, 0.5902, 0.5878, 0.5827, 0.5754, 0.5787, 0.5722, 0.5704, 0.5621, 0.5666, 0.5608, 0.5568, 0.5526, 0.5476, 0.5584, 0.5534]
2026-06-10 21:58:47,049 [trainer.py] => CNN top5 curve: [100.0, 99.5, 99.67, 99.0, 99.2, 99.0, 98.28, 98.0, 98.11, 94.99, 95.27, 95.41, 95.07, 95.57, 95.86, 95.99, 95.05, 95.22, 94.42, 93.69, 93.37, 93.44, 93.42, 92.4, 92.62, 92.17, 91.98, 91.48, 90.04, 90.17, 90.3, 89.72, 89.43, 89.24, 88.37, 87.44, 87.57, 87.63, 87.95, 87.4, 86.93, 87.07, 86.51, 86.0, 85.93, 85.56, 85.61, 85.74, 84.95, 84.61, 84.71, 83.94, 83.66, 84.05, 84.34]
2026-06-10 21:58:47,049 [trainer.py] => Average Accuracy (CNN): 69.19
2026-06-10 21:58:47,068 [trainer.py] => All params: 134254251
2026-06-10 21:58:47,078 [trainer.py] => Trainable params: 75845
2026-06-10 21:58:47,078 [bilora.py] => Learning on 275-280
2026-06-10 22:15:44,664 [bilora.py] => Task 55, Epoch 50/50 => Loss 0.025, Train_accy 99.27
2026-06-10 22:16:50,063 [trainer.py] => Timing Task 55 => Train 1032.16s, Epochs 50, Train 20.6432s/epoch, Inference 50.82s, Images 5585, Inference 9.0999ms/image
2026-06-10 22:16:50,063 [bilora.py] => Exemplar size: 0
2026-06-10 22:16:50,063 [trainer.py] => No NME accuracy.
2026-06-10 22:16:50,064 [trainer.py] => CNN: {'total': 54.72, '00-04': 67.0, '05-09': 86.0, '10-14': 77.0, '15-19': 48.0, '20-24': 52.0, '25-29': 43.0, '30-34': 45.45, '35-39': 54.0, '40-44': 67.0, '45-49': 47.0, '50-54': 78.0, '55-59': 39.0, '60-64': 68.0, '65-69': 57.58, '70-74': 62.0, '75-79': 61.0, '80-84': 72.0, '85-89': 58.0, '90-94': 47.0, '95-99': 64.65, '100-104': 75.0, '105-109': 46.94, '110-114': 44.0, '115-119': 47.0, '120-124': 66.67, '125-129': 50.0, '130-134': 43.88, '135-139': 44.0, '140-144': 24.0, '145-149': 69.0, '150-154': 80.0, '155-159': 59.0, '160-164': 43.0, '165-169': 43.0, '170-174': 54.0, '175-179': 67.0, '180-184': 40.0, '185-189': 64.0, '190-194': 59.0, '195-199': 52.0, '200-204': 32.0, '205-209': 47.0, '210-214': 61.0, '215-219': 35.0, '220-224': 35.35, '225-229': 63.0, '230-234': 58.59, '235-239': 27.27, '240-244': 71.0, '245-249': 53.0, '250-254': 36.36, '255-259': 59.0, '260-264': 43.43, '265-269': 75.0, '270-274': 45.45, '275-279': 55.56, 'old': 54.7, 'new': 55.56}
2026-06-10 22:16:50,064 [trainer.py] => CNN top1 curve: [91.0, 93.5, 92.67, 82.75, 84.8, 86.0, 83.12, 80.85, 81.65, 79.98, 81.16, 80.82, 79.14, 77.75, 77.77, 78.66, 76.74, 75.19, 74.39, 73.11, 72.2, 71.71, 71.63, 71.23, 70.85, 69.35, 68.28, 68.09, 67.05, 66.71, 66.43, 66.13, 65.31, 63.89, 63.34, 61.55, 60.29, 59.97, 59.84, 59.44, 58.97, 58.73, 58.27, 57.51, 57.85, 57.22, 57.01, 56.19, 56.66, 56.06, 55.66, 55.24, 54.74, 55.8, 55.3, 54.72]
2026-06-10 22:16:50,064 [trainer.py] => CNN top1 with task curve: [91.0, 95.5, 97.0, 96.5, 97.2, 97.67, 97.85, 98.12, 98.44, 98.6, 98.36, 98.42, 98.54, 98.71, 98.66, 98.69, 98.82, 98.72, 98.74, 98.8, 98.66, 98.72, 98.74, 98.71, 98.72, 98.8, 98.81, 98.67, 98.31, 98.3, 98.38, 98.46, 98.39, 98.44, 98.48, 98.58, 98.65, 98.55, 98.61, 98.67, 98.56, 98.62, 98.6, 98.61, 98.75, 98.69, 98.7, 98.79, 98.77, 98.78, 98.82, 98.79, 98.81, 98.89, 98.89, 98.82]
2026-06-10 22:16:50,064 [trainer.py] => CNN top1 task curve: [1.0, 0.96, 0.9433, 0.8325, 0.854, 0.8633, 0.8355, 0.811, 0.8187, 0.8018, 0.8153, 0.8107, 0.7945, 0.779, 0.779, 0.7879, 0.7691, 0.7531, 0.745, 0.7321, 0.7229, 0.718, 0.7172, 0.7132, 0.7097, 0.6947, 0.6839, 0.6816, 0.6715, 0.6678, 0.6649, 0.6623, 0.654, 0.6403, 0.6337, 0.6155, 0.6029, 0.5999, 0.5984, 0.5944, 0.5902, 0.5878, 0.5827, 0.5754, 0.5787, 0.5722, 0.5704, 0.5621, 0.5666, 0.5608, 0.5568, 0.5526, 0.5476, 0.5584, 0.5534, 0.5475]
2026-06-10 22:16:50,064 [trainer.py] => CNN top5 curve: [100.0, 99.5, 99.67, 99.0, 99.2, 99.0, 98.28, 98.0, 98.11, 94.99, 95.27, 95.41, 95.07, 95.57, 95.86, 95.99, 95.05, 95.22, 94.42, 93.69, 93.37, 93.44, 93.42, 92.4, 92.62, 92.17, 91.98, 91.48, 90.04, 90.17, 90.3, 89.72, 89.43, 89.24, 88.37, 87.44, 87.57, 87.63, 87.95, 87.4, 86.93, 87.07, 86.51, 86.0, 85.93, 85.56, 85.61, 85.74, 84.95, 84.61, 84.71, 83.94, 83.66, 84.05, 84.34, 83.65]
2026-06-10 22:16:50,065 [trainer.py] => Average Accuracy (CNN): 68.93
2026-06-10 22:16:50,084 [trainer.py] => All params: 134254251
2026-06-10 22:16:50,094 [trainer.py] => Trainable params: 75845
2026-06-10 22:16:50,094 [bilora.py] => Learning on 280-285
2026-06-10 22:35:40,100 [bilora.py] => Task 56, Epoch 50/50 => Loss 0.136, Train_accy 94.43
2026-06-10 22:36:46,741 [trainer.py] => Timing Task 56 => Train 1146.17s, Epochs 50, Train 22.9234s/epoch, Inference 50.48s, Images 5685, Inference 8.8791ms/image
2026-06-10 22:36:46,741 [bilora.py] => Exemplar size: 0
2026-06-10 22:36:46,741 [trainer.py] => No NME accuracy.
2026-06-10 22:36:46,742 [trainer.py] => CNN: {'total': 54.49, '00-04': 67.0, '05-09': 89.0, '10-14': 80.0, '15-19': 51.0, '20-24': 56.0, '25-29': 47.0, '30-34': 44.44, '35-39': 56.0, '40-44': 66.0, '45-49': 50.0, '50-54': 79.0, '55-59': 38.0, '60-64': 64.0, '65-69': 59.6, '70-74': 72.0, '75-79': 65.0, '80-84': 71.0, '85-89': 56.0, '90-94': 49.0, '95-99': 64.65, '100-104': 69.0, '105-109': 45.92, '110-114': 44.0, '115-119': 48.0, '120-124': 66.67, '125-129': 45.0, '130-134': 47.96, '135-139': 52.0, '140-144': 30.0, '145-149': 73.0, '150-154': 79.0, '155-159': 62.0, '160-164': 42.0, '165-169': 42.0, '170-174': 56.0, '175-179': 66.0, '180-184': 42.0, '185-189': 65.0, '190-194': 57.0, '195-199': 49.0, '200-204': 31.0, '205-209': 49.0, '210-214': 59.0, '215-219': 30.0, '220-224': 39.39, '225-229': 62.0, '230-234': 60.61, '235-239': 23.23, '240-244': 72.0, '245-249': 49.0, '250-254': 34.34, '255-259': 62.0, '260-264': 42.42, '265-269': 79.0, '270-274': 45.45, '275-279': 55.56, '280-284': 5.0, 'old': 55.38, 'new': 5.0}
2026-06-10 22:36:46,742 [trainer.py] => CNN top1 curve: [91.0, 93.5, 92.67, 82.75, 84.8, 86.0, 83.12, 80.85, 81.65, 79.98, 81.16, 80.82, 79.14, 77.75, 77.77, 78.66, 76.74, 75.19, 74.39, 73.11, 72.2, 71.71, 71.63, 71.23, 70.85, 69.35, 68.28, 68.09, 67.05, 66.71, 66.43, 66.13, 65.31, 63.89, 63.34, 61.55, 60.29, 59.97, 59.84, 59.44, 58.97, 58.73, 58.27, 57.51, 57.85, 57.22, 57.01, 56.19, 56.66, 56.06, 55.66, 55.24, 54.74, 55.8, 55.3, 54.72, 54.49]
2026-06-10 22:36:46,742 [trainer.py] => CNN top1 with task curve: [91.0, 95.5, 97.0, 96.5, 97.2, 97.67, 97.85, 98.12, 98.44, 98.6, 98.36, 98.42, 98.54, 98.71, 98.66, 98.69, 98.82, 98.72, 98.74, 98.8, 98.66, 98.72, 98.74, 98.71, 98.72, 98.8, 98.81, 98.67, 98.31, 98.3, 98.38, 98.46, 98.39, 98.44, 98.48, 98.58, 98.65, 98.55, 98.61, 98.67, 98.56, 98.62, 98.6, 98.61, 98.75, 98.69, 98.7, 98.79, 98.77, 98.78, 98.82, 98.79, 98.81, 98.89, 98.89, 98.82, 98.65]
2026-06-10 22:36:46,742 [trainer.py] => CNN top1 task curve: [1.0, 0.96, 0.9433, 0.8325, 0.854, 0.8633, 0.8355, 0.811, 0.8187, 0.8018, 0.8153, 0.8107, 0.7945, 0.779, 0.779, 0.7879, 0.7691, 0.7531, 0.745, 0.7321, 0.7229, 0.718, 0.7172, 0.7132, 0.7097, 0.6947, 0.6839, 0.6816, 0.6715, 0.6678, 0.6649, 0.6623, 0.654, 0.6403, 0.6337, 0.6155, 0.6029, 0.5999, 0.5984, 0.5944, 0.5902, 0.5878, 0.5827, 0.5754, 0.5787, 0.5722, 0.5704, 0.5621, 0.5666, 0.5608, 0.5568, 0.5526, 0.5476, 0.5584, 0.5534, 0.5475, 0.5456]
2026-06-10 22:36:46,742 [trainer.py] => CNN top5 curve: [100.0, 99.5, 99.67, 99.0, 99.2, 99.0, 98.28, 98.0, 98.11, 94.99, 95.27, 95.41, 95.07, 95.57, 95.86, 95.99, 95.05, 95.22, 94.42, 93.69, 93.37, 93.44, 93.42, 92.4, 92.62, 92.17, 91.98, 91.48, 90.04, 90.17, 90.3, 89.72, 89.43, 89.24, 88.37, 87.44, 87.57, 87.63, 87.95, 87.4, 86.93, 87.07, 86.51, 86.0, 85.93, 85.56, 85.61, 85.74, 84.95, 84.61, 84.71, 83.94, 83.66, 84.05, 84.34, 83.65, 83.66]
2026-06-10 22:36:46,742 [trainer.py] => Average Accuracy (CNN): 68.68
2026-06-10 22:36:46,760 [trainer.py] => All params: 134254251
2026-06-10 22:36:46,770 [trainer.py] => Trainable params: 75845
2026-06-10 22:36:46,770 [bilora.py] => Learning on 285-290
2026-06-10 22:54:13,337 [bilora.py] => Task 57, Epoch 50/50 => Loss 0.003, Train_accy 99.93
2026-06-10 22:55:19,378 [trainer.py] => Timing Task 57 => Train 1061.05s, Epochs 50, Train 21.2209s/epoch, Inference 51.56s, Images 5785, Inference 8.9130ms/image
2026-06-10 22:55:19,379 [bilora.py] => Exemplar size: 0
2026-06-10 22:55:19,379 [trainer.py] => No NME accuracy.
2026-06-10 22:55:19,379 [trainer.py] => CNN: {'total': 54.14, '00-04': 65.0, '05-09': 86.0, '10-14': 79.0, '15-19': 49.0, '20-24': 55.0, '25-29': 47.0, '30-34': 43.43, '35-39': 55.0, '40-44': 66.0, '45-49': 48.0, '50-54': 78.0, '55-59': 38.0, '60-64': 66.0, '65-69': 55.56, '70-74': 72.0, '75-79': 63.0, '80-84': 72.0, '85-89': 57.0, '90-94': 49.0, '95-99': 63.64, '100-104': 70.0, '105-109': 44.9, '110-114': 37.0, '115-119': 49.0, '120-124': 66.67, '125-129': 49.0, '130-134': 44.9, '135-139': 50.0, '140-144': 27.0, '145-149': 74.0, '150-154': 75.0, '155-159': 62.0, '160-164': 41.0, '165-169': 39.0, '170-174': 56.0, '175-179': 65.0, '180-184': 42.0, '185-189': 61.0, '190-194': 57.0, '195-199': 49.0, '200-204': 32.0, '205-209': 48.0, '210-214': 60.0, '215-219': 25.0, '220-224': 37.37, '225-229': 66.0, '230-234': 60.61, '235-239': 25.25, '240-244': 72.0, '245-249': 51.0, '250-254': 36.36, '255-259': 60.0, '260-264': 41.41, '265-269': 77.0, '270-274': 45.45, '275-279': 55.56, '280-284': 5.0, '285-289': 74.0, 'old': 53.79, 'new': 74.0}
2026-06-10 22:55:19,379 [trainer.py] => CNN top1 curve: [91.0, 93.5, 92.67, 82.75, 84.8, 86.0, 83.12, 80.85, 81.65, 79.98, 81.16, 80.82, 79.14, 77.75, 77.77, 78.66, 76.74, 75.19, 74.39, 73.11, 72.2, 71.71, 71.63, 71.23, 70.85, 69.35, 68.28, 68.09, 67.05, 66.71, 66.43, 66.13, 65.31, 63.89, 63.34, 61.55, 60.29, 59.97, 59.84, 59.44, 58.97, 58.73, 58.27, 57.51, 57.85, 57.22, 57.01, 56.19, 56.66, 56.06, 55.66, 55.24, 54.74, 55.8, 55.3, 54.72, 54.49, 54.14]
2026-06-10 22:55:19,379 [trainer.py] => CNN top1 with task curve: [91.0, 95.5, 97.0, 96.5, 97.2, 97.67, 97.85, 98.12, 98.44, 98.6, 98.36, 98.42, 98.54, 98.71, 98.66, 98.69, 98.82, 98.72, 98.74, 98.8, 98.66, 98.72, 98.74, 98.71, 98.72, 98.8, 98.81, 98.67, 98.31, 98.3, 98.38, 98.46, 98.39, 98.44, 98.48, 98.58, 98.65, 98.55, 98.61, 98.67, 98.56, 98.62, 98.6, 98.61, 98.75, 98.69, 98.7, 98.79, 98.77, 98.78, 98.82, 98.79, 98.81, 98.89, 98.89, 98.82, 98.65, 98.67]
2026-06-10 22:55:19,379 [trainer.py] => CNN top1 task curve: [1.0, 0.96, 0.9433, 0.8325, 0.854, 0.8633, 0.8355, 0.811, 0.8187, 0.8018, 0.8153, 0.8107, 0.7945, 0.779, 0.779, 0.7879, 0.7691, 0.7531, 0.745, 0.7321, 0.7229, 0.718, 0.7172, 0.7132, 0.7097, 0.6947, 0.6839, 0.6816, 0.6715, 0.6678, 0.6649, 0.6623, 0.654, 0.6403, 0.6337, 0.6155, 0.6029, 0.5999, 0.5984, 0.5944, 0.5902, 0.5878, 0.5827, 0.5754, 0.5787, 0.5722, 0.5704, 0.5621, 0.5666, 0.5608, 0.5568, 0.5526, 0.5476, 0.5584, 0.5534, 0.5475, 0.5456, 0.5421]
2026-06-10 22:55:19,379 [trainer.py] => CNN top5 curve: [100.0, 99.5, 99.67, 99.0, 99.2, 99.0, 98.28, 98.0, 98.11, 94.99, 95.27, 95.41, 95.07, 95.57, 95.86, 95.99, 95.05, 95.22, 94.42, 93.69, 93.37, 93.44, 93.42, 92.4, 92.62, 92.17, 91.98, 91.48, 90.04, 90.17, 90.3, 89.72, 89.43, 89.24, 88.37, 87.44, 87.57, 87.63, 87.95, 87.4, 86.93, 87.07, 86.51, 86.0, 85.93, 85.56, 85.61, 85.74, 84.95, 84.61, 84.71, 83.94, 83.66, 84.05, 84.34, 83.65, 83.66, 83.44]
2026-06-10 22:55:19,380 [trainer.py] => Average Accuracy (CNN): 68.43
2026-06-10 22:55:19,398 [trainer.py] => All params: 134254251
2026-06-10 22:55:19,408 [trainer.py] => Trainable params: 75845
2026-06-10 22:55:19,408 [bilora.py] => Learning on 290-295
2026-06-10 23:11:38,055 [bilora.py] => Task 58, Epoch 50/50 => Loss 0.013, Train_accy 99.43
2026-06-10 23:12:47,788 [trainer.py] => Timing Task 58 => Train 993.31s, Epochs 50, Train 19.8662s/epoch, Inference 55.07s, Images 5885, Inference 9.3579ms/image
2026-06-10 23:12:47,789 [bilora.py] => Exemplar size: 0
2026-06-10 23:12:47,789 [trainer.py] => No NME accuracy.
2026-06-10 23:12:47,789 [trainer.py] => CNN: {'total': 53.64, '00-04': 63.0, '05-09': 88.0, '10-14': 77.0, '15-19': 49.0, '20-24': 51.0, '25-29': 48.0, '30-34': 41.41, '35-39': 54.0, '40-44': 64.0, '45-49': 49.0, '50-54': 78.0, '55-59': 38.0, '60-64': 66.0, '65-69': 56.57, '70-74': 62.0, '75-79': 62.0, '80-84': 72.0, '85-89': 60.0, '90-94': 48.0, '95-99': 63.64, '100-104': 74.0, '105-109': 44.9, '110-114': 36.0, '115-119': 47.0, '120-124': 66.67, '125-129': 48.0, '130-134': 42.86, '135-139': 45.0, '140-144': 28.0, '145-149': 71.0, '150-154': 75.0, '155-159': 62.0, '160-164': 44.0, '165-169': 42.0, '170-174': 54.0, '175-179': 67.0, '180-184': 44.0, '185-189': 60.0, '190-194': 57.0, '195-199': 50.0, '200-204': 33.0, '205-209': 50.0, '210-214': 58.0, '215-219': 24.0, '220-224': 35.35, '225-229': 65.0, '230-234': 59.6, '235-239': 27.27, '240-244': 72.0, '245-249': 55.0, '250-254': 36.36, '255-259': 60.0, '260-264': 43.43, '265-269': 74.0, '270-274': 43.43, '275-279': 56.57, '280-284': 4.0, '285-289': 72.0, '290-294': 46.0, 'old': 53.78, 'new': 46.0}
2026-06-10 23:12:47,789 [trainer.py] => CNN top1 curve: [91.0, 93.5, 92.67, 82.75, 84.8, 86.0, 83.12, 80.85, 81.65, 79.98, 81.16, 80.82, 79.14, 77.75, 77.77, 78.66, 76.74, 75.19, 74.39, 73.11, 72.2, 71.71, 71.63, 71.23, 70.85, 69.35, 68.28, 68.09, 67.05, 66.71, 66.43, 66.13, 65.31, 63.89, 63.34, 61.55, 60.29, 59.97, 59.84, 59.44, 58.97, 58.73, 58.27, 57.51, 57.85, 57.22, 57.01, 56.19, 56.66, 56.06, 55.66, 55.24, 54.74, 55.8, 55.3, 54.72, 54.49, 54.14, 53.64]
2026-06-10 23:12:47,789 [trainer.py] => CNN top1 with task curve: [91.0, 95.5, 97.0, 96.5, 97.2, 97.67, 97.85, 98.12, 98.44, 98.6, 98.36, 98.42, 98.54, 98.71, 98.66, 98.69, 98.82, 98.72, 98.74, 98.8, 98.66, 98.72, 98.74, 98.71, 98.72, 98.8, 98.81, 98.67, 98.31, 98.3, 98.38, 98.46, 98.39, 98.44, 98.48, 98.58, 98.65, 98.55, 98.61, 98.67, 98.56, 98.62, 98.6, 98.61, 98.75, 98.69, 98.7, 98.79, 98.77, 98.78, 98.82, 98.79, 98.81, 98.89, 98.89, 98.82, 98.65, 98.67, 98.64]
2026-06-10 23:12:47,790 [trainer.py] => CNN top1 task curve: [1.0, 0.96, 0.9433, 0.8325, 0.854, 0.8633, 0.8355, 0.811, 0.8187, 0.8018, 0.8153, 0.8107, 0.7945, 0.779, 0.779, 0.7879, 0.7691, 0.7531, 0.745, 0.7321, 0.7229, 0.718, 0.7172, 0.7132, 0.7097, 0.6947, 0.6839, 0.6816, 0.6715, 0.6678, 0.6649, 0.6623, 0.654, 0.6403, 0.6337, 0.6155, 0.6029, 0.5999, 0.5984, 0.5944, 0.5902, 0.5878, 0.5827, 0.5754, 0.5787, 0.5722, 0.5704, 0.5621, 0.5666, 0.5608, 0.5568, 0.5526, 0.5476, 0.5584, 0.5534, 0.5475, 0.5456, 0.5421, 0.5368]
2026-06-10 23:12:47,790 [trainer.py] => CNN top5 curve: [100.0, 99.5, 99.67, 99.0, 99.2, 99.0, 98.28, 98.0, 98.11, 94.99, 95.27, 95.41, 95.07, 95.57, 95.86, 95.99, 95.05, 95.22, 94.42, 93.69, 93.37, 93.44, 93.42, 92.4, 92.62, 92.17, 91.98, 91.48, 90.04, 90.17, 90.3, 89.72, 89.43, 89.24, 88.37, 87.44, 87.57, 87.63, 87.95, 87.4, 86.93, 87.07, 86.51, 86.0, 85.93, 85.56, 85.61, 85.74, 84.95, 84.61, 84.71, 83.94, 83.66, 84.05, 84.34, 83.65, 83.66, 83.44, 82.55]
2026-06-10 23:12:47,790 [trainer.py] => Average Accuracy (CNN): 68.18
2026-06-10 23:12:47,808 [trainer.py] => All params: 134254251
2026-06-10 23:12:47,818 [trainer.py] => Trainable params: 75845
2026-06-10 23:12:47,818 [bilora.py] => Learning on 295-300
2026-06-10 23:30:42,582 [bilora.py] => Task 59, Epoch 50/50 => Loss 0.012, Train_accy 99.74
2026-06-10 23:31:53,528 [trainer.py] => Timing Task 59 => Train 1089.74s, Epochs 50, Train 21.7947s/epoch, Inference 55.97s, Images 5985, Inference 9.3523ms/image
2026-06-10 23:31:53,528 [bilora.py] => Exemplar size: 0
2026-06-10 23:31:53,528 [trainer.py] => No NME accuracy.
2026-06-10 23:31:53,528 [trainer.py] => CNN: {'total': 52.82, '00-04': 63.0, '05-09': 86.0, '10-14': 77.0, '15-19': 48.0, '20-24': 50.0, '25-29': 48.0, '30-34': 37.37, '35-39': 54.0, '40-44': 63.0, '45-49': 46.0, '50-54': 78.0, '55-59': 36.0, '60-64': 66.0, '65-69': 57.58, '70-74': 55.0, '75-79': 65.0, '80-84': 72.0, '85-89': 57.0, '90-94': 51.0, '95-99': 62.63, '100-104': 69.0, '105-109': 46.94, '110-114': 35.0, '115-119': 49.0, '120-124': 65.66, '125-129': 52.0, '130-134': 42.86, '135-139': 44.0, '140-144': 25.0, '145-149': 65.0, '150-154': 74.0, '155-159': 61.0, '160-164': 44.0, '165-169': 36.0, '170-174': 51.0, '175-179': 69.0, '180-184': 44.0, '185-189': 53.0, '190-194': 59.0, '195-199': 49.0, '200-204': 33.0, '205-209': 48.0, '210-214': 58.0, '215-219': 26.0, '220-224': 33.33, '225-229': 67.0, '230-234': 61.62, '235-239': 26.26, '240-244': 71.0, '245-249': 57.0, '250-254': 36.36, '255-259': 59.0, '260-264': 44.44, '265-269': 73.0, '270-274': 44.44, '275-279': 57.58, '280-284': 4.0, '285-289': 74.0, '290-294': 46.0, '295-299': 41.0, 'old': 53.02, 'new': 41.0}
2026-06-10 23:31:53,528 [trainer.py] => CNN top1 curve: [91.0, 93.5, 92.67, 82.75, 84.8, 86.0, 83.12, 80.85, 81.65, 79.98, 81.16, 80.82, 79.14, 77.75, 77.77, 78.66, 76.74, 75.19, 74.39, 73.11, 72.2, 71.71, 71.63, 71.23, 70.85, 69.35, 68.28, 68.09, 67.05, 66.71, 66.43, 66.13, 65.31, 63.89, 63.34, 61.55, 60.29, 59.97, 59.84, 59.44, 58.97, 58.73, 58.27, 57.51, 57.85, 57.22, 57.01, 56.19, 56.66, 56.06, 55.66, 55.24, 54.74, 55.8, 55.3, 54.72, 54.49, 54.14, 53.64, 52.82]
2026-06-10 23:31:53,528 [trainer.py] => CNN top1 with task curve: [91.0, 95.5, 97.0, 96.5, 97.2, 97.67, 97.85, 98.12, 98.44, 98.6, 98.36, 98.42, 98.54, 98.71, 98.66, 98.69, 98.82, 98.72, 98.74, 98.8, 98.66, 98.72, 98.74, 98.71, 98.72, 98.8, 98.81, 98.67, 98.31, 98.3, 98.38, 98.46, 98.39, 98.44, 98.48, 98.58, 98.65, 98.55, 98.61, 98.67, 98.56, 98.62, 98.6, 98.61, 98.75, 98.69, 98.7, 98.79, 98.77, 98.78, 98.82, 98.79, 98.81, 98.89, 98.89, 98.82, 98.65, 98.67, 98.64, 98.71]
2026-06-10 23:31:53,528 [trainer.py] => CNN top1 task curve: [1.0, 0.96, 0.9433, 0.8325, 0.854, 0.8633, 0.8355, 0.811, 0.8187, 0.8018, 0.8153, 0.8107, 0.7945, 0.779, 0.779, 0.7879, 0.7691, 0.7531, 0.745, 0.7321, 0.7229, 0.718, 0.7172, 0.7132, 0.7097, 0.6947, 0.6839, 0.6816, 0.6715, 0.6678, 0.6649, 0.6623, 0.654, 0.6403, 0.6337, 0.6155, 0.6029, 0.5999, 0.5984, 0.5944, 0.5902, 0.5878, 0.5827, 0.5754, 0.5787, 0.5722, 0.5704, 0.5621, 0.5666, 0.5608, 0.5568, 0.5526, 0.5476, 0.5584, 0.5534, 0.5475, 0.5456, 0.5421, 0.5368, 0.5285]
2026-06-10 23:31:53,528 [trainer.py] => CNN top5 curve: [100.0, 99.5, 99.67, 99.0, 99.2, 99.0, 98.28, 98.0, 98.11, 94.99, 95.27, 95.41, 95.07, 95.57, 95.86, 95.99, 95.05, 95.22, 94.42, 93.69, 93.37, 93.44, 93.42, 92.4, 92.62, 92.17, 91.98, 91.48, 90.04, 90.17, 90.3, 89.72, 89.43, 89.24, 88.37, 87.44, 87.57, 87.63, 87.95, 87.4, 86.93, 87.07, 86.51, 86.0, 85.93, 85.56, 85.61, 85.74, 84.95, 84.61, 84.71, 83.94, 83.66, 84.05, 84.34, 83.65, 83.66, 83.44, 82.55, 81.84]
2026-06-10 23:31:53,529 [trainer.py] => Average Accuracy (CNN): 67.92
