2026-06-08 00:33:35,386 [trainer.py] => config: ./configs/cllora/cllora_omni_B0_Inc5.json
2026-06-08 00:33:35,387 [trainer.py] => prefix:  
2026-06-08 00:33:35,387 [trainer.py] => dataset: omnibenchmark
2026-06-08 00:33:35,387 [trainer.py] => memory_size: 0
2026-06-08 00:33:35,387 [trainer.py] => memory_per_class: 0
2026-06-08 00:33:35,387 [trainer.py] => fixed_memory: False
2026-06-08 00:33:35,387 [trainer.py] => shuffle: True
2026-06-08 00:33:35,387 [trainer.py] => init_cls: 5
2026-06-08 00:33:35,387 [trainer.py] => increment: 5
2026-06-08 00:33:35,387 [trainer.py] => model_name: cllora
2026-06-08 00:33:35,387 [trainer.py] => backbone_type: vit_base_patch16_224_in21k_cllora
2026-06-08 00:33:35,387 [trainer.py] => device: [device(type='cuda', index=5)]
2026-06-08 00:33:35,387 [trainer.py] => seed: 42
2026-06-08 00:33:35,387 [trainer.py] => init_epochs: 20
2026-06-08 00:33:35,387 [trainer.py] => init_lr: 0.01
2026-06-08 00:33:35,387 [trainer.py] => later_epochs: 20
2026-06-08 00:33:35,387 [trainer.py] => later_lr: 0.01
2026-06-08 00:33:35,387 [trainer.py] => batch_size: 16
2026-06-08 00:33:35,387 [trainer.py] => weight_decay: 0.0005
2026-06-08 00:33:35,387 [trainer.py] => min_lr: 0
2026-06-08 00:33:35,387 [trainer.py] => optimizer: sgd
2026-06-08 00:33:35,388 [trainer.py] => scheduler: cosine
2026-06-08 00:33:35,388 [trainer.py] => pretrained: True
2026-06-08 00:33:35,388 [trainer.py] => vpt_type: Deep
2026-06-08 00:33:35,388 [trainer.py] => prompt_token_num: 5
2026-06-08 00:33:35,388 [trainer.py] => ffn_num: 10
2026-06-08 00:33:35,388 [trainer.py] => use_diagonal: False
2026-06-08 00:33:35,388 [trainer.py] => recalc_sim: True
2026-06-08 00:33:35,388 [trainer.py] => alpha: 0.0
2026-06-08 00:33:35,388 [trainer.py] => use_init_ptm: False
2026-06-08 00:33:35,388 [trainer.py] => beta: 0
2026-06-08 00:33:35,388 [trainer.py] => use_old_data: False
2026-06-08 00:33:35,388 [trainer.py] => use_reweight: True
2026-06-08 00:33:35,388 [trainer.py] => moni_adam: False
2026-06-08 00:33:35,388 [trainer.py] => adapter_num: -1
2026-06-08 00:33:35,388 [trainer.py] => msa_adapt: True
2026-06-08 00:33:35,388 [trainer.py] => use_distillation: True
2026-06-08 00:33:35,388 [trainer.py] => use_block_weight: True
2026-06-08 00:33:35,388 [trainer.py] => msa: [1, 0, 1]
2026-06-08 00:33:35,388 [trainer.py] => general_pos: [0, 1, 2, 3, 4, 5]
2026-06-08 00:33:35,388 [trainer.py] => specfic_pos: [6, 7, 8, 9, 10, 11]
2026-06-08 00:33:35,388 [trainer.py] => nb_classes: 300
2026-06-08 00:33:35,388 [trainer.py] => nb_tasks: 60
2026-06-08 00:33:35,673 [data_manager.py] => [203, 266, 152, 9, 233, 226, 196, 109, 5, 175, 237, 57, 218, 45, 182, 221, 289, 211, 148, 165, 78, 113, 249, 250, 104, 42, 281, 295, 157, 238, 17, 164, 33, 24, 215, 119, 7, 90, 46, 73, 93, 76, 286, 60, 77, 63, 234, 229, 111, 231, 180, 144, 239, 75, 297, 278, 97, 92, 192, 25, 232, 59, 6, 185, 173, 30, 22, 256, 56, 186, 108, 126, 230, 193, 129, 282, 82, 84, 66, 288, 163, 154, 19, 124, 79, 114, 118, 72, 15, 10, 194, 101, 68, 224, 37, 16, 179, 147, 274, 67, 228, 69, 31, 183, 265, 225, 140, 18, 181, 96, 132, 262, 86, 248, 245, 116, 146, 292, 197, 206, 55, 172, 184, 167, 139, 253, 38, 125, 195, 283, 137, 112, 168, 117, 277, 271, 155, 176, 178, 2, 115, 143, 177, 120, 210, 260, 127, 74, 29, 83, 269, 107, 223, 158, 280, 246, 222, 65, 198, 85, 213, 159, 12, 35, 28, 142, 284, 254, 170, 51, 95, 208, 247, 41, 89, 244, 136, 26, 293, 141, 200, 0, 268, 272, 100, 259, 255, 171, 98, 36, 61, 150, 236, 202, 242, 11, 296, 267, 27, 219, 4, 122, 32, 204, 162, 209, 285, 138, 62, 135, 128, 290, 8, 70, 264, 64, 44, 279, 156, 40, 123, 275, 216, 153, 23, 261, 110, 81, 207, 212, 39, 240, 291, 258, 199, 14, 47, 94, 263, 227, 273, 201, 161, 43, 217, 145, 190, 220, 251, 3, 105, 53, 133, 1, 131, 103, 49, 80, 205, 34, 91, 52, 241, 13, 88, 166, 294, 134, 287, 243, 54, 50, 174, 189, 298, 187, 169, 58, 48, 235, 252, 21, 160, 276, 191, 257, 149, 130, 151, 99, 87, 214, 121, 299, 20, 188, 71, 106, 270, 102]
2026-06-08 00:33:38,503 [trainer.py] => All params: 86167314
2026-06-08 00:33:38,504 [trainer.py] => Trainable params: 276498
2026-06-08 00:33:38,505 [cllora.py] => Learning on 0-5
2026-06-08 00:37:23,337 [cllora.py] => Task 0, Epoch 20/20 => Loss 0.040, Train_accy 98.99
2026-06-08 00:37:29,918 [cllora.py] => Task correct: 100.0
2026-06-08 00:37:29,919 [cllora.py] => Task acc: 99.0
2026-06-08 00:37:29,920 [trainer.py] => Timing Task 0 => Train 230.65s, Epochs 20, Train 11.5327s/epoch, Inference 0.76s, Images 100, Inference 7.6156ms/image
2026-06-08 00:37:29,953 [trainer.py] => No NME accuracy.
2026-06-08 00:37:29,953 [trainer.py] => CNN: {'total': 99.0, '00-04': 99.0, 'old': 0, 'new': 99.0}
2026-06-08 00:37:29,953 [trainer.py] => CNN top1 curve: [99.0]
2026-06-08 00:37:29,953 [trainer.py] => CNN top5 curve: [100.0]
2026-06-08 00:37:29,953 [trainer.py] => Average Accuracy (CNN): 99.0
2026-06-08 00:37:29,954 [trainer.py] => All params: 86547495
2026-06-08 00:37:29,955 [trainer.py] => Trainable params: 276498
2026-06-08 00:37:29,957 [cllora.py] => Learning on 5-10
2026-06-08 00:43:21,022 [cllora.py] => Task 1, Epoch 20/20 => Loss 0.030, Train_accy 99.26
2026-06-08 00:43:33,627 [cllora.py] => Task correct: 98.0
2026-06-08 00:43:33,628 [cllora.py] => Task acc: 99.5
2026-06-08 00:43:33,630 [trainer.py] => Timing Task 1 => Train 361.91s, Epochs 20, Train 18.0955s/epoch, Inference 1.76s, Images 200, Inference 8.8244ms/image
2026-06-08 00:43:33,668 [trainer.py] => No NME accuracy.
2026-06-08 00:43:33,669 [trainer.py] => CNN: {'total': 98.0, '00-04': 98.0, '05-09': 98.0, 'old': 98.0, 'new': 98.0}
2026-06-08 00:43:33,669 [trainer.py] => CNN top1 curve: [99.0, 98.0]
2026-06-08 00:43:33,669 [trainer.py] => CNN top5 curve: [100.0, 100.0]
2026-06-08 00:43:33,669 [trainer.py] => Average Accuracy (CNN): 98.5
2026-06-08 00:43:33,670 [trainer.py] => All params: 86935336
2026-06-08 00:43:33,671 [trainer.py] => Trainable params: 276498
2026-06-08 00:43:33,672 [cllora.py] => Learning on 10-15
2026-06-08 00:49:24,077 [cllora.py] => Task 2, Epoch 20/20 => Loss 0.032, Train_accy 98.98
2026-06-08 00:49:43,601 [cllora.py] => Task correct: 98.66666666666667
2026-06-08 00:49:43,601 [cllora.py] => Task acc: 99.66666666666667
2026-06-08 00:49:43,603 [trainer.py] => Timing Task 2 => Train 366.63s, Epochs 20, Train 18.3315s/epoch, Inference 3.30s, Images 300, Inference 11.0051ms/image
2026-06-08 00:49:43,638 [trainer.py] => No NME accuracy.
2026-06-08 00:49:43,638 [trainer.py] => CNN: {'total': 98.67, '00-04': 97.0, '05-09': 99.0, '10-14': 100.0, 'old': 98.0, 'new': 100.0}
2026-06-08 00:49:43,638 [trainer.py] => CNN top1 curve: [99.0, 98.0, 98.67]
2026-06-08 00:49:43,638 [trainer.py] => CNN top5 curve: [100.0, 100.0, 100.0]
2026-06-08 00:49:43,638 [trainer.py] => Average Accuracy (CNN): 98.56
2026-06-08 00:49:43,640 [trainer.py] => All params: 87330857
2026-06-08 00:49:43,641 [trainer.py] => Trainable params: 276498
2026-06-08 00:49:43,643 [cllora.py] => Learning on 15-20
2026-06-08 00:55:09,425 [cllora.py] => Task 3, Epoch 20/20 => Loss 0.033, Train_accy 98.99
2026-06-08 00:55:34,385 [cllora.py] => Task correct: 96.2406015037594
2026-06-08 00:55:34,385 [cllora.py] => Task acc: 99.74937343358395
2026-06-08 00:55:34,386 [trainer.py] => Timing Task 3 => Train 345.40s, Epochs 20, Train 17.2701s/epoch, Inference 5.34s, Images 399, Inference 13.3882ms/image
2026-06-08 00:55:34,405 [trainer.py] => No NME accuracy.
2026-06-08 00:55:34,405 [trainer.py] => CNN: {'total': 96.24, '00-04': 88.0, '05-09': 98.0, '10-14': 100.0, '15-19': 98.99, 'old': 95.33, 'new': 98.99}
2026-06-08 00:55:34,405 [trainer.py] => CNN top1 curve: [99.0, 98.0, 98.67, 96.24]
2026-06-08 00:55:34,405 [trainer.py] => CNN top5 curve: [100.0, 100.0, 100.0, 99.75]
2026-06-08 00:55:34,405 [trainer.py] => Average Accuracy (CNN): 97.98
2026-06-08 00:55:34,407 [trainer.py] => All params: 87734058
2026-06-08 00:55:34,408 [trainer.py] => Trainable params: 276498
2026-06-08 00:55:34,411 [cllora.py] => Learning on 20-25
2026-06-08 01:01:21,004 [cllora.py] => Task 4, Epoch 20/20 => Loss 0.013, Train_accy 99.87
2026-06-08 01:01:55,623 [cllora.py] => Task correct: 86.37274549098197
2026-06-08 01:01:55,623 [cllora.py] => Task acc: 99.79959919839679
2026-06-08 01:01:55,626 [trainer.py] => Timing Task 4 => Train 373.30s, Epochs 20, Train 18.6651s/epoch, Inference 7.92s, Images 499, Inference 15.8636ms/image
2026-06-08 01:01:55,662 [trainer.py] => No NME accuracy.
2026-06-08 01:01:55,662 [trainer.py] => CNN: {'total': 86.37, '00-04': 83.0, '05-09': 92.0, '10-14': 61.0, '15-19': 96.97, '20-24': 99.0, 'old': 83.21, 'new': 99.0}
2026-06-08 01:01:55,662 [trainer.py] => CNN top1 curve: [99.0, 98.0, 98.67, 96.24, 86.37]
2026-06-08 01:01:55,662 [trainer.py] => CNN top5 curve: [100.0, 100.0, 100.0, 99.75, 99.8]
2026-06-08 01:01:55,663 [trainer.py] => Average Accuracy (CNN): 95.66
2026-06-08 01:01:55,665 [trainer.py] => All params: 88144939
2026-06-08 01:01:55,667 [trainer.py] => Trainable params: 276498
2026-06-08 01:01:55,669 [cllora.py] => Learning on 25-30
2026-06-08 01:07:42,088 [cllora.py] => Task 5, Epoch 20/20 => Loss 0.057, Train_accy 98.23
2026-06-08 01:08:25,868 [cllora.py] => Task correct: 87.60469011725293
2026-06-08 01:08:25,868 [cllora.py] => Task acc: 99.83249581239531
2026-06-08 01:08:25,869 [trainer.py] => Timing Task 5 => Train 378.64s, Epochs 20, Train 18.9319s/epoch, Inference 11.56s, Images 597, Inference 19.3710ms/image
2026-06-08 01:08:25,892 [trainer.py] => No NME accuracy.
2026-06-08 01:08:25,892 [trainer.py] => CNN: {'total': 87.6, '00-04': 83.0, '05-09': 93.0, '10-14': 60.0, '15-19': 97.98, '20-24': 99.0, '25-29': 92.86, 'old': 86.57, 'new': 92.86}
2026-06-08 01:08:25,892 [trainer.py] => CNN top1 curve: [99.0, 98.0, 98.67, 96.24, 86.37, 87.6]
2026-06-08 01:08:25,892 [trainer.py] => CNN top5 curve: [100.0, 100.0, 100.0, 99.75, 99.8, 99.66]
2026-06-08 01:08:25,893 [trainer.py] => Average Accuracy (CNN): 94.31
2026-06-08 01:08:25,896 [trainer.py] => All params: 88563500
2026-06-08 01:08:25,898 [trainer.py] => Trainable params: 276498
2026-06-08 01:08:25,901 [cllora.py] => Learning on 30-35
2026-06-08 01:14:11,971 [cllora.py] => Task 6, Epoch 20/20 => Loss 0.032, Train_accy 98.98
2026-06-08 01:15:04,878 [cllora.py] => Task correct: 87.8048780487805
2026-06-08 01:15:04,879 [cllora.py] => Task acc: 99.85652797704448
2026-06-08 01:15:04,882 [trainer.py] => Timing Task 6 => Train 383.71s, Epochs 20, Train 19.1854s/epoch, Inference 15.28s, Images 697, Inference 21.9163ms/image
2026-06-08 01:15:04,916 [trainer.py] => No NME accuracy.
2026-06-08 01:15:04,916 [trainer.py] => CNN: {'total': 87.8, '00-04': 88.0, '05-09': 94.0, '10-14': 58.0, '15-19': 95.96, '20-24': 95.0, '25-29': 91.84, '30-34': 92.0, 'old': 87.1, 'new': 92.0}
2026-06-08 01:15:04,916 [trainer.py] => CNN top1 curve: [99.0, 98.0, 98.67, 96.24, 86.37, 87.6, 87.8]
2026-06-08 01:15:04,916 [trainer.py] => CNN top5 curve: [100.0, 100.0, 100.0, 99.75, 99.8, 99.66, 99.71]
2026-06-08 01:15:04,916 [trainer.py] => Average Accuracy (CNN): 93.38
2026-06-08 01:15:04,919 [trainer.py] => All params: 88989741
2026-06-08 01:15:04,921 [trainer.py] => Trainable params: 276498
2026-06-08 01:15:04,924 [cllora.py] => Learning on 35-40
2026-06-08 01:20:55,084 [cllora.py] => Task 7, Epoch 20/20 => Loss 0.065, Train_accy 97.76
2026-06-08 01:21:58,234 [cllora.py] => Task correct: 83.6888331242158
2026-06-08 01:21:58,234 [cllora.py] => Task acc: 99.37264742785446
2026-06-08 01:21:58,237 [trainer.py] => Timing Task 7 => Train 393.36s, Epochs 20, Train 19.6678s/epoch, Inference 19.96s, Images 797, Inference 25.0437ms/image
2026-06-08 01:21:58,274 [trainer.py] => No NME accuracy.
2026-06-08 01:21:58,275 [trainer.py] => CNN: {'total': 83.69, '00-04': 94.0, '05-09': 96.0, '10-14': 62.0, '15-19': 93.94, '20-24': 93.0, '25-29': 89.8, '30-34': 89.0, '35-39': 52.0, 'old': 88.24, 'new': 52.0}
2026-06-08 01:21:58,275 [trainer.py] => CNN top1 curve: [99.0, 98.0, 98.67, 96.24, 86.37, 87.6, 87.8, 83.69]
2026-06-08 01:21:58,275 [trainer.py] => CNN top5 curve: [100.0, 100.0, 100.0, 99.75, 99.8, 99.66, 99.71, 99.12]
2026-06-08 01:21:58,275 [trainer.py] => Average Accuracy (CNN): 92.17
2026-06-08 01:21:58,278 [trainer.py] => All params: 89423662
2026-06-08 01:21:58,280 [trainer.py] => Trainable params: 276498
2026-06-08 01:21:58,284 [cllora.py] => Learning on 40-45
2026-06-08 01:28:14,866 [cllora.py] => Task 8, Epoch 20/20 => Loss 0.074, Train_accy 97.67
2026-06-08 01:29:31,546 [cllora.py] => Task correct: 79.8216276477146
2026-06-08 01:29:31,547 [cllora.py] => Task acc: 99.33110367892976
2026-06-08 01:29:31,550 [trainer.py] => Timing Task 8 => Train 428.12s, Epochs 20, Train 21.4062s/epoch, Inference 25.15s, Images 897, Inference 28.0334ms/image
2026-06-08 01:29:31,587 [trainer.py] => No NME accuracy.
2026-06-08 01:29:31,587 [trainer.py] => CNN: {'total': 79.82, '00-04': 96.0, '05-09': 96.0, '10-14': 63.0, '15-19': 89.9, '20-24': 93.0, '25-29': 89.8, '30-34': 85.0, '35-39': 52.0, '40-44': 54.0, 'old': 83.06, 'new': 54.0}
2026-06-08 01:29:31,587 [trainer.py] => CNN top1 curve: [99.0, 98.0, 98.67, 96.24, 86.37, 87.6, 87.8, 83.69, 79.82]
2026-06-08 01:29:31,587 [trainer.py] => CNN top5 curve: [100.0, 100.0, 100.0, 99.75, 99.8, 99.66, 99.71, 99.12, 98.89]
2026-06-08 01:29:31,587 [trainer.py] => Average Accuracy (CNN): 90.8
2026-06-08 01:29:31,590 [trainer.py] => All params: 89865263
2026-06-08 01:29:31,593 [trainer.py] => Trainable params: 276498
2026-06-08 01:29:31,597 [cllora.py] => Learning on 45-50
2026-06-08 01:35:04,735 [cllora.py] => Task 9, Epoch 20/20 => Loss 0.034, Train_accy 99.00
2026-06-08 01:36:26,739 [cllora.py] => Task correct: 78.13440320962889
2026-06-08 01:36:26,739 [cllora.py] => Task acc: 99.19759277833501
2026-06-08 01:36:26,741 [trainer.py] => Timing Task 9 => Train 384.14s, Epochs 20, Train 19.2071s/epoch, Inference 31.01s, Images 997, Inference 31.0990ms/image
2026-06-08 01:36:26,765 [trainer.py] => No NME accuracy.
2026-06-08 01:36:26,765 [trainer.py] => CNN: {'total': 78.13, '00-04': 86.0, '05-09': 93.0, '10-14': 59.0, '15-19': 94.95, '20-24': 86.0, '25-29': 87.76, '30-34': 89.0, '35-39': 44.0, '40-44': 43.0, '45-49': 99.0, 'old': 75.81, 'new': 99.0}
2026-06-08 01:36:26,765 [trainer.py] => CNN top1 curve: [99.0, 98.0, 98.67, 96.24, 86.37, 87.6, 87.8, 83.69, 79.82, 78.13]
2026-06-08 01:36:26,765 [trainer.py] => CNN top5 curve: [100.0, 100.0, 100.0, 99.75, 99.8, 99.66, 99.71, 99.12, 98.89, 98.5]
2026-06-08 01:36:26,765 [trainer.py] => Average Accuracy (CNN): 89.53
2026-06-08 01:36:26,768 [trainer.py] => All params: 90314544
2026-06-08 01:36:26,770 [trainer.py] => Trainable params: 276498
2026-06-08 01:36:26,775 [cllora.py] => Learning on 50-55
2026-06-08 01:42:38,186 [cllora.py] => Task 10, Epoch 20/20 => Loss 0.039, Train_accy 98.60
2026-06-08 01:44:17,637 [cllora.py] => Task correct: 78.21330902461258
2026-06-08 01:44:17,637 [cllora.py] => Task acc: 99.27073837739289
2026-06-08 01:44:17,642 [trainer.py] => Timing Task 10 => Train 433.60s, Epochs 20, Train 21.6800s/epoch, Inference 37.27s, Images 1097, Inference 33.9763ms/image
2026-06-08 01:44:17,677 [trainer.py] => No NME accuracy.
2026-06-08 01:44:17,677 [trainer.py] => CNN: {'total': 78.21, '00-04': 82.0, '05-09': 92.0, '10-14': 57.0, '15-19': 94.95, '20-24': 86.0, '25-29': 89.8, '30-34': 89.0, '35-39': 41.0, '40-44': 43.0, '45-49': 96.0, '50-54': 90.0, 'old': 77.03, 'new': 90.0}
2026-06-08 01:44:17,678 [trainer.py] => CNN top1 curve: [99.0, 98.0, 98.67, 96.24, 86.37, 87.6, 87.8, 83.69, 79.82, 78.13, 78.21]
2026-06-08 01:44:17,678 [trainer.py] => CNN top5 curve: [100.0, 100.0, 100.0, 99.75, 99.8, 99.66, 99.71, 99.12, 98.89, 98.5, 97.81]
2026-06-08 01:44:17,678 [trainer.py] => Average Accuracy (CNN): 88.5
2026-06-08 01:44:17,682 [trainer.py] => All params: 90771505
2026-06-08 01:44:17,685 [trainer.py] => Trainable params: 276498
2026-06-08 01:44:17,691 [cllora.py] => Learning on 55-60
2026-06-08 01:49:59,189 [cllora.py] => Task 11, Epoch 20/20 => Loss 0.012, Train_accy 99.79
2026-06-08 01:51:46,879 [cllora.py] => Task correct: 76.17056856187291
2026-06-08 01:51:46,880 [cllora.py] => Task acc: 99.33110367892976
2026-06-08 01:51:46,884 [trainer.py] => Timing Task 11 => Train 404.81s, Epochs 20, Train 20.2405s/epoch, Inference 44.39s, Images 1196, Inference 37.1153ms/image
2026-06-08 01:51:46,919 [trainer.py] => No NME accuracy.
2026-06-08 01:51:46,919 [trainer.py] => CNN: {'total': 76.17, '00-04': 73.0, '05-09': 82.0, '10-14': 56.0, '15-19': 95.96, '20-24': 81.0, '25-29': 87.76, '30-34': 85.0, '35-39': 40.0, '40-44': 43.0, '45-49': 90.0, '50-54': 86.0, '55-59': 94.95, 'old': 74.48, 'new': 94.95}
2026-06-08 01:51:46,919 [trainer.py] => CNN top1 curve: [99.0, 98.0, 98.67, 96.24, 86.37, 87.6, 87.8, 83.69, 79.82, 78.13, 78.21, 76.17]
2026-06-08 01:51:46,919 [trainer.py] => CNN top5 curve: [100.0, 100.0, 100.0, 99.75, 99.8, 99.66, 99.71, 99.12, 98.89, 98.5, 97.81, 95.74]
2026-06-08 01:51:46,919 [trainer.py] => Average Accuracy (CNN): 87.47
2026-06-08 01:51:46,923 [trainer.py] => All params: 91236146
2026-06-08 01:51:46,926 [trainer.py] => Trainable params: 276498
2026-06-08 01:51:46,933 [cllora.py] => Learning on 60-65
2026-06-08 01:57:33,641 [cllora.py] => Task 12, Epoch 20/20 => Loss 0.025, Train_accy 99.39
2026-06-08 01:59:31,257 [cllora.py] => Task correct: 76.85185185185185
2026-06-08 01:59:31,257 [cllora.py] => Task acc: 99.30555555555556
2026-06-08 01:59:31,262 [trainer.py] => Timing Task 12 => Train 413.94s, Epochs 20, Train 20.6971s/epoch, Inference 50.39s, Images 1296, Inference 38.8835ms/image
2026-06-08 01:59:31,301 [trainer.py] => No NME accuracy.
2026-06-08 01:59:31,301 [trainer.py] => CNN: {'total': 76.85, '00-04': 78.0, '05-09': 82.0, '10-14': 57.0, '15-19': 94.95, '20-24': 98.0, '25-29': 87.76, '30-34': 80.0, '35-39': 40.0, '40-44': 40.0, '45-49': 87.0, '50-54': 81.0, '55-59': 77.78, '60-64': 96.0, 'old': 75.25, 'new': 96.0}
2026-06-08 01:59:31,301 [trainer.py] => CNN top1 curve: [99.0, 98.0, 98.67, 96.24, 86.37, 87.6, 87.8, 83.69, 79.82, 78.13, 78.21, 76.17, 76.85]
2026-06-08 01:59:31,301 [trainer.py] => CNN top5 curve: [100.0, 100.0, 100.0, 99.75, 99.8, 99.66, 99.71, 99.12, 98.89, 98.5, 97.81, 95.74, 92.75]
2026-06-08 01:59:31,301 [trainer.py] => Average Accuracy (CNN): 86.66
2026-06-08 01:59:31,305 [trainer.py] => All params: 91708467
2026-06-08 01:59:31,309 [trainer.py] => Trainable params: 276498
2026-06-08 01:59:31,315 [cllora.py] => Learning on 65-70
2026-06-08 02:04:49,766 [cllora.py] => Task 13, Epoch 20/20 => Loss 0.024, Train_accy 99.56
2026-06-08 02:06:59,369 [cllora.py] => Task correct: 76.71919770773638
2026-06-08 02:06:59,369 [cllora.py] => Task acc: 99.35530085959886
2026-06-08 02:06:59,372 [trainer.py] => Timing Task 13 => Train 387.87s, Epochs 20, Train 19.3936s/epoch, Inference 60.19s, Images 1396, Inference 43.1163ms/image
2026-06-08 02:06:59,447 [trainer.py] => No NME accuracy.
2026-06-08 02:06:59,447 [trainer.py] => CNN: {'total': 76.72, '00-04': 77.0, '05-09': 83.0, '10-14': 53.0, '15-19': 94.95, '20-24': 81.0, '25-29': 88.78, '30-34': 89.0, '35-39': 40.0, '40-44': 43.0, '45-49': 92.0, '50-54': 80.0, '55-59': 77.78, '60-64': 92.0, '65-69': 83.0, 'old': 76.23, 'new': 83.0}
2026-06-08 02:06:59,447 [trainer.py] => CNN top1 curve: [99.0, 98.0, 98.67, 96.24, 86.37, 87.6, 87.8, 83.69, 79.82, 78.13, 78.21, 76.17, 76.85, 76.72]
2026-06-08 02:06:59,447 [trainer.py] => CNN top5 curve: [100.0, 100.0, 100.0, 99.75, 99.8, 99.66, 99.71, 99.12, 98.89, 98.5, 97.81, 95.74, 92.75, 90.47]
2026-06-08 02:06:59,447 [trainer.py] => Average Accuracy (CNN): 85.95
2026-06-08 02:06:59,451 [trainer.py] => All params: 92188468
2026-06-08 02:06:59,455 [trainer.py] => Trainable params: 276498
2026-06-08 02:06:59,462 [cllora.py] => Learning on 70-75
2026-06-08 02:12:45,744 [cllora.py] => Task 14, Epoch 20/20 => Loss 0.033, Train_accy 99.18
2026-06-08 02:15:14,471 [cllora.py] => Task correct: 77.27272727272727
2026-06-08 02:15:14,472 [cllora.py] => Task acc: 99.46524064171123
2026-06-08 02:15:14,474 [trainer.py] => Timing Task 14 => Train 425.60s, Epochs 20, Train 21.2798s/epoch, Inference 69.42s, Images 1496, Inference 46.4062ms/image
2026-06-08 02:15:14,534 [trainer.py] => No NME accuracy.
2026-06-08 02:15:14,534 [trainer.py] => CNN: {'total': 77.27, '00-04': 75.0, '05-09': 82.0, '10-14': 54.0, '15-19': 95.96, '20-24': 87.0, '25-29': 88.78, '30-34': 83.0, '35-39': 40.0, '40-44': 43.0, '45-49': 89.0, '50-54': 81.0, '55-59': 77.78, '60-64': 92.0, '65-69': 74.0, '70-74': 97.0, 'old': 75.86, 'new': 97.0}
2026-06-08 02:15:14,534 [trainer.py] => CNN top1 curve: [99.0, 98.0, 98.67, 96.24, 86.37, 87.6, 87.8, 83.69, 79.82, 78.13, 78.21, 76.17, 76.85, 76.72, 77.27]
2026-06-08 02:15:14,534 [trainer.py] => CNN top5 curve: [100.0, 100.0, 100.0, 99.75, 99.8, 99.66, 99.71, 99.12, 98.89, 98.5, 97.81, 95.74, 92.75, 90.47, 91.18]
2026-06-08 02:15:14,534 [trainer.py] => Average Accuracy (CNN): 85.37
2026-06-08 02:15:14,540 [trainer.py] => All params: 92676149
2026-06-08 02:15:14,545 [trainer.py] => Trainable params: 276498
2026-06-08 02:15:14,556 [cllora.py] => Learning on 75-80
2026-06-08 02:21:16,144 [cllora.py] => Task 15, Epoch 20/20 => Loss 0.044, Train_accy 98.69
2026-06-08 02:24:03,537 [cllora.py] => Task correct: 76.50375939849624
2026-06-08 02:24:03,537 [cllora.py] => Task acc: 99.3734335839599
2026-06-08 02:24:03,540 [trainer.py] => Timing Task 15 => Train 449.81s, Epochs 20, Train 22.4905s/epoch, Inference 79.18s, Images 1596, Inference 49.6140ms/image
2026-06-08 02:24:03,571 [trainer.py] => No NME accuracy.
2026-06-08 02:24:03,571 [trainer.py] => CNN: {'total': 76.5, '00-04': 80.0, '05-09': 90.0, '10-14': 55.0, '15-19': 94.95, '20-24': 91.0, '25-29': 89.8, '30-34': 87.0, '35-39': 40.0, '40-44': 41.0, '45-49': 93.0, '50-54': 83.0, '55-59': 76.77, '60-64': 64.0, '65-69': 70.0, '70-74': 96.0, '75-79': 73.0, 'old': 76.74, 'new': 73.0}
2026-06-08 02:24:03,571 [trainer.py] => CNN top1 curve: [99.0, 98.0, 98.67, 96.24, 86.37, 87.6, 87.8, 83.69, 79.82, 78.13, 78.21, 76.17, 76.85, 76.72, 77.27, 76.5]
2026-06-08 02:24:03,571 [trainer.py] => CNN top5 curve: [100.0, 100.0, 100.0, 99.75, 99.8, 99.66, 99.71, 99.12, 98.89, 98.5, 97.81, 95.74, 92.75, 90.47, 91.18, 90.54]
2026-06-08 02:24:03,571 [trainer.py] => Average Accuracy (CNN): 84.81
2026-06-08 02:24:03,577 [trainer.py] => All params: 93171510
2026-06-08 02:24:03,581 [trainer.py] => Trainable params: 276498
2026-06-08 02:24:03,590 [cllora.py] => Learning on 80-85
2026-06-08 02:29:50,608 [cllora.py] => Task 16, Epoch 20/20 => Loss 0.031, Train_accy 98.90
2026-06-08 02:32:49,630 [cllora.py] => Task correct: 74.41037735849056
2026-06-08 02:32:49,631 [cllora.py] => Task acc: 99.29245283018868
2026-06-08 02:32:49,636 [trainer.py] => Timing Task 16 => Train 436.69s, Epochs 20, Train 21.8347s/epoch, Inference 89.36s, Images 1696, Inference 52.6886ms/image
2026-06-08 02:32:49,669 [trainer.py] => No NME accuracy.
2026-06-08 02:32:49,669 [trainer.py] => CNN: {'total': 74.41, '00-04': 76.0, '05-09': 83.0, '10-14': 56.0, '15-19': 93.94, '20-24': 77.0, '25-29': 86.73, '30-34': 81.0, '35-39': 39.0, '40-44': 41.0, '45-49': 89.0, '50-54': 77.0, '55-59': 75.76, '60-64': 68.0, '65-69': 68.0, '70-74': 96.0, '75-79': 68.0, '80-84': 90.0, 'old': 73.43, 'new': 90.0}
2026-06-08 02:32:49,669 [trainer.py] => CNN top1 curve: [99.0, 98.0, 98.67, 96.24, 86.37, 87.6, 87.8, 83.69, 79.82, 78.13, 78.21, 76.17, 76.85, 76.72, 77.27, 76.5, 74.41]
2026-06-08 02:32:49,669 [trainer.py] => CNN top5 curve: [100.0, 100.0, 100.0, 99.75, 99.8, 99.66, 99.71, 99.12, 98.89, 98.5, 97.81, 95.74, 92.75, 90.47, 91.18, 90.54, 89.5]
2026-06-08 02:32:49,669 [trainer.py] => Average Accuracy (CNN): 84.2
2026-06-08 02:32:49,673 [trainer.py] => All params: 93674551
2026-06-08 02:32:49,676 [trainer.py] => Trainable params: 276498
2026-06-08 02:32:49,686 [cllora.py] => Learning on 85-90
2026-06-08 02:38:53,725 [cllora.py] => Task 17, Epoch 20/20 => Loss 0.037, Train_accy 98.89
2026-06-08 02:42:12,624 [cllora.py] => Task correct: 74.22048997772829
2026-06-08 02:42:12,625 [cllora.py] => Task acc: 99.44320712694878
2026-06-08 02:42:12,628 [trainer.py] => Timing Task 17 => Train 462.26s, Epochs 20, Train 23.1131s/epoch, Inference 100.69s, Images 1796, Inference 56.0630ms/image
2026-06-08 02:42:12,669 [trainer.py] => No NME accuracy.
2026-06-08 02:42:12,669 [trainer.py] => CNN: {'total': 74.22, '00-04': 73.0, '05-09': 81.0, '10-14': 53.0, '15-19': 92.93, '20-24': 77.0, '25-29': 87.76, '30-34': 80.0, '35-39': 40.0, '40-44': 30.0, '45-49': 90.0, '50-54': 78.0, '55-59': 76.77, '60-64': 75.0, '65-69': 69.0, '70-74': 96.0, '75-79': 67.0, '80-84': 76.0, '85-89': 94.0, 'old': 73.05, 'new': 94.0}
2026-06-08 02:42:12,669 [trainer.py] => CNN top1 curve: [99.0, 98.0, 98.67, 96.24, 86.37, 87.6, 87.8, 83.69, 79.82, 78.13, 78.21, 76.17, 76.85, 76.72, 77.27, 76.5, 74.41, 74.22]
2026-06-08 02:42:12,669 [trainer.py] => CNN top5 curve: [100.0, 100.0, 100.0, 99.75, 99.8, 99.66, 99.71, 99.12, 98.89, 98.5, 97.81, 95.74, 92.75, 90.47, 91.18, 90.54, 89.5, 88.81]
2026-06-08 02:42:12,669 [trainer.py] => Average Accuracy (CNN): 83.65
2026-06-08 02:42:12,674 [trainer.py] => All params: 94185272
2026-06-08 02:42:12,678 [trainer.py] => Trainable params: 276498
2026-06-08 02:42:12,689 [cllora.py] => Learning on 90-95
2026-06-08 02:48:37,517 [cllora.py] => Task 18, Epoch 20/20 => Loss 0.044, Train_accy 98.64
2026-06-08 02:52:19,762 [cllora.py] => Task correct: 72.46835443037975
2026-06-08 02:52:19,763 [cllora.py] => Task acc: 99.26160337552743
2026-06-08 02:52:19,766 [trainer.py] => Timing Task 18 => Train 494.71s, Epochs 20, Train 24.7355s/epoch, Inference 112.38s, Images 1896, Inference 59.2704ms/image
2026-06-08 02:52:19,806 [trainer.py] => No NME accuracy.
2026-06-08 02:52:19,807 [trainer.py] => CNN: {'total': 72.47, '00-04': 76.0, '05-09': 88.0, '10-14': 53.0, '15-19': 82.83, '20-24': 93.0, '25-29': 86.73, '30-34': 86.0, '35-39': 41.0, '40-44': 35.0, '45-49': 94.0, '50-54': 82.0, '55-59': 67.68, '60-64': 67.0, '65-69': 68.0, '70-74': 96.0, '75-79': 65.0, '80-84': 74.0, '85-89': 70.0, '90-94': 52.0, 'old': 73.61, 'new': 52.0}
2026-06-08 02:52:19,807 [trainer.py] => CNN top1 curve: [99.0, 98.0, 98.67, 96.24, 86.37, 87.6, 87.8, 83.69, 79.82, 78.13, 78.21, 76.17, 76.85, 76.72, 77.27, 76.5, 74.41, 74.22, 72.47]
2026-06-08 02:52:19,807 [trainer.py] => CNN top5 curve: [100.0, 100.0, 100.0, 99.75, 99.8, 99.66, 99.71, 99.12, 98.89, 98.5, 97.81, 95.74, 92.75, 90.47, 91.18, 90.54, 89.5, 88.81, 89.35]
2026-06-08 02:52:19,807 [trainer.py] => Average Accuracy (CNN): 83.06
2026-06-08 02:52:19,818 [trainer.py] => All params: 94703673
2026-06-08 02:52:19,824 [trainer.py] => Trainable params: 276498
2026-06-08 02:52:19,843 [cllora.py] => Learning on 95-100
2026-06-08 02:58:37,224 [cllora.py] => Task 19, Epoch 20/20 => Loss 0.029, Train_accy 99.18
2026-06-08 03:02:35,394 [cllora.py] => Task correct: 70.24048096192385
2026-06-08 03:02:35,394 [cllora.py] => Task acc: 99.14829659318637
2026-06-08 03:02:35,396 [trainer.py] => Timing Task 19 => Train 491.24s, Epochs 20, Train 24.5621s/epoch, Inference 124.33s, Images 1996, Inference 62.2890ms/image
2026-06-08 03:02:35,426 [trainer.py] => No NME accuracy.
2026-06-08 03:02:35,426 [trainer.py] => CNN: {'total': 70.24, '00-04': 69.0, '05-09': 67.0, '10-14': 50.0, '15-19': 79.8, '20-24': 84.0, '25-29': 74.49, '30-34': 82.0, '35-39': 40.0, '40-44': 28.0, '45-49': 83.0, '50-54': 76.0, '55-59': 72.73, '60-64': 77.0, '65-69': 71.0, '70-74': 96.0, '75-79': 62.0, '80-84': 75.0, '85-89': 74.0, '90-94': 51.0, '95-99': 93.0, 'old': 69.04, 'new': 93.0}
2026-06-08 03:02:35,426 [trainer.py] => CNN top1 curve: [99.0, 98.0, 98.67, 96.24, 86.37, 87.6, 87.8, 83.69, 79.82, 78.13, 78.21, 76.17, 76.85, 76.72, 77.27, 76.5, 74.41, 74.22, 72.47, 70.24]
2026-06-08 03:02:35,426 [trainer.py] => CNN top5 curve: [100.0, 100.0, 100.0, 99.75, 99.8, 99.66, 99.71, 99.12, 98.89, 98.5, 97.81, 95.74, 92.75, 90.47, 91.18, 90.54, 89.5, 88.81, 89.35, 88.03]
2026-06-08 03:02:35,427 [trainer.py] => Average Accuracy (CNN): 82.42
2026-06-08 03:02:35,434 [trainer.py] => All params: 95229754
2026-06-08 03:02:35,440 [trainer.py] => Trainable params: 276498
2026-06-08 03:02:35,453 [cllora.py] => Learning on 100-105
2026-06-08 03:08:27,047 [cllora.py] => Task 20, Epoch 20/20 => Loss 0.010, Train_accy 99.80
2026-06-08 03:12:36,101 [cllora.py] => Task correct: 69.46564885496183
2026-06-08 03:12:36,102 [cllora.py] => Task acc: 99.18893129770993
2026-06-08 03:12:36,108 [trainer.py] => Timing Task 20 => Train 463.42s, Epochs 20, Train 23.1709s/epoch, Inference 137.25s, Images 2096, Inference 65.4816ms/image
2026-06-08 03:12:36,149 [trainer.py] => No NME accuracy.
2026-06-08 03:12:36,149 [trainer.py] => CNN: {'total': 69.47, '00-04': 72.0, '05-09': 69.0, '10-14': 37.0, '15-19': 81.82, '20-24': 90.0, '25-29': 74.49, '30-34': 75.0, '35-39': 40.0, '40-44': 28.0, '45-49': 76.0, '50-54': 78.0, '55-59': 72.73, '60-64': 69.0, '65-69': 68.0, '70-74': 96.0, '75-79': 65.0, '80-84': 74.0, '85-89': 73.0, '90-94': 50.0, '95-99': 79.0, '100-104': 91.0, 'old': 68.39, 'new': 91.0}
2026-06-08 03:12:36,150 [trainer.py] => CNN top1 curve: [99.0, 98.0, 98.67, 96.24, 86.37, 87.6, 87.8, 83.69, 79.82, 78.13, 78.21, 76.17, 76.85, 76.72, 77.27, 76.5, 74.41, 74.22, 72.47, 70.24, 69.47]
2026-06-08 03:12:36,150 [trainer.py] => CNN top5 curve: [100.0, 100.0, 100.0, 99.75, 99.8, 99.66, 99.71, 99.12, 98.89, 98.5, 97.81, 95.74, 92.75, 90.47, 91.18, 90.54, 89.5, 88.81, 89.35, 88.03, 87.79]
2026-06-08 03:12:36,150 [trainer.py] => Average Accuracy (CNN): 81.8
2026-06-08 03:12:36,156 [trainer.py] => All params: 95763515
2026-06-08 03:12:36,161 [trainer.py] => Trainable params: 276498
2026-06-08 03:12:36,176 [cllora.py] => Learning on 105-110
2026-06-08 03:18:55,703 [cllora.py] => Task 21, Epoch 20/20 => Loss 0.028, Train_accy 99.44
2026-06-08 03:23:32,955 [cllora.py] => Task correct: 70.20501138952164
2026-06-08 03:23:32,955 [cllora.py] => Task acc: 99.13439635535308
2026-06-08 03:23:32,962 [trainer.py] => Timing Task 21 => Train 506.08s, Epochs 20, Train 25.3041s/epoch, Inference 150.72s, Images 2195, Inference 68.6646ms/image
2026-06-08 03:23:33,000 [trainer.py] => No NME accuracy.
2026-06-08 03:23:33,000 [trainer.py] => CNN: {'total': 70.21, '00-04': 72.0, '05-09': 68.0, '10-14': 36.0, '15-19': 79.8, '20-24': 82.0, '25-29': 74.49, '30-34': 79.0, '35-39': 40.0, '40-44': 28.0, '45-49': 76.0, '50-54': 75.0, '55-59': 73.74, '60-64': 70.0, '65-69': 72.0, '70-74': 96.0, '75-79': 64.0, '80-84': 74.0, '85-89': 74.0, '90-94': 50.0, '95-99': 75.0, '100-104': 90.0, '105-109': 95.96, 'old': 68.99, 'new': 95.96}
2026-06-08 03:23:33,000 [trainer.py] => CNN top1 curve: [99.0, 98.0, 98.67, 96.24, 86.37, 87.6, 87.8, 83.69, 79.82, 78.13, 78.21, 76.17, 76.85, 76.72, 77.27, 76.5, 74.41, 74.22, 72.47, 70.24, 69.47, 70.21]
2026-06-08 03:23:33,000 [trainer.py] => CNN top5 curve: [100.0, 100.0, 100.0, 99.75, 99.8, 99.66, 99.71, 99.12, 98.89, 98.5, 97.81, 95.74, 92.75, 90.47, 91.18, 90.54, 89.5, 88.81, 89.35, 88.03, 87.79, 87.38]
2026-06-08 03:23:33,000 [trainer.py] => Average Accuracy (CNN): 81.28
2026-06-08 03:23:33,006 [trainer.py] => All params: 96304956
2026-06-08 03:23:33,011 [trainer.py] => Trainable params: 276498
2026-06-08 03:23:33,027 [cllora.py] => Learning on 110-115
2026-06-08 03:29:27,516 [cllora.py] => Task 22, Epoch 20/20 => Loss 0.041, Train_accy 98.32
2026-06-08 03:34:16,696 [cllora.py] => Task correct: 70.18308631211858
2026-06-08 03:34:16,696 [cllora.py] => Task acc: 99.2153443766347
2026-06-08 03:34:16,703 [trainer.py] => Timing Task 22 => Train 479.31s, Epochs 20, Train 23.9655s/epoch, Inference 164.38s, Images 2294, Inference 71.6578ms/image
2026-06-08 03:34:16,741 [trainer.py] => No NME accuracy.
2026-06-08 03:34:16,741 [trainer.py] => CNN: {'total': 70.18, '00-04': 72.0, '05-09': 61.0, '10-14': 39.0, '15-19': 83.84, '20-24': 87.0, '25-29': 77.55, '30-34': 82.0, '35-39': 39.0, '40-44': 32.0, '45-49': 73.0, '50-54': 76.0, '55-59': 71.72, '60-64': 67.0, '65-69': 68.0, '70-74': 96.0, '75-79': 64.0, '80-84': 74.0, '85-89': 72.0, '90-94': 49.0, '95-99': 73.0, '100-104': 85.0, '105-109': 84.85, '110-114': 87.88, 'old': 69.38, 'new': 87.88}
2026-06-08 03:34:16,741 [trainer.py] => CNN top1 curve: [99.0, 98.0, 98.67, 96.24, 86.37, 87.6, 87.8, 83.69, 79.82, 78.13, 78.21, 76.17, 76.85, 76.72, 77.27, 76.5, 74.41, 74.22, 72.47, 70.24, 69.47, 70.21, 70.18]
2026-06-08 03:34:16,741 [trainer.py] => CNN top5 curve: [100.0, 100.0, 100.0, 99.75, 99.8, 99.66, 99.71, 99.12, 98.89, 98.5, 97.81, 95.74, 92.75, 90.47, 91.18, 90.54, 89.5, 88.81, 89.35, 88.03, 87.79, 87.38, 87.79]
2026-06-08 03:34:16,741 [trainer.py] => Average Accuracy (CNN): 80.79
2026-06-08 03:34:16,747 [trainer.py] => All params: 96854077
2026-06-08 03:34:16,752 [trainer.py] => Trainable params: 276498
2026-06-08 03:34:16,768 [cllora.py] => Learning on 115-120
2026-06-08 03:40:33,363 [cllora.py] => Task 23, Epoch 20/20 => Loss 0.024, Train_accy 98.95
2026-06-08 03:45:48,723 [cllora.py] => Task correct: 70.53907229419139
2026-06-08 03:45:48,724 [cllora.py] => Task acc: 99.28959465106561
2026-06-08 03:45:48,729 [trainer.py] => Timing Task 23 => Train 514.97s, Epochs 20, Train 25.7483s/epoch, Inference 177.01s, Images 2393, Inference 73.9703ms/image
2026-06-08 03:45:48,768 [trainer.py] => No NME accuracy.
2026-06-08 03:45:48,769 [trainer.py] => CNN: {'total': 70.54, '00-04': 72.0, '05-09': 63.0, '10-14': 37.0, '15-19': 84.85, '20-24': 91.0, '25-29': 80.61, '30-34': 82.0, '35-39': 39.0, '40-44': 30.0, '45-49': 70.0, '50-54': 76.0, '55-59': 59.6, '60-64': 66.0, '65-69': 69.0, '70-74': 96.0, '75-79': 62.0, '80-84': 72.0, '85-89': 72.0, '90-94': 46.0, '95-99': 78.0, '100-104': 86.0, '105-109': 79.8, '110-114': 85.86, '115-119': 95.96, 'old': 69.44, 'new': 95.96}
2026-06-08 03:45:48,769 [trainer.py] => CNN top1 curve: [99.0, 98.0, 98.67, 96.24, 86.37, 87.6, 87.8, 83.69, 79.82, 78.13, 78.21, 76.17, 76.85, 76.72, 77.27, 76.5, 74.41, 74.22, 72.47, 70.24, 69.47, 70.21, 70.18, 70.54]
2026-06-08 03:45:48,769 [trainer.py] => CNN top5 curve: [100.0, 100.0, 100.0, 99.75, 99.8, 99.66, 99.71, 99.12, 98.89, 98.5, 97.81, 95.74, 92.75, 90.47, 91.18, 90.54, 89.5, 88.81, 89.35, 88.03, 87.79, 87.38, 87.79, 88.22]
2026-06-08 03:45:48,769 [trainer.py] => Average Accuracy (CNN): 80.37
2026-06-08 03:45:48,776 [trainer.py] => All params: 97410878
2026-06-08 03:45:48,781 [trainer.py] => Trainable params: 276498
2026-06-08 03:45:48,801 [cllora.py] => Learning on 120-125
2026-06-08 03:51:25,230 [cllora.py] => Task 24, Epoch 20/20 => Loss 0.013, Train_accy 99.93
2026-06-08 03:56:46,544 [cllora.py] => Task correct: 70.27677496991576
2026-06-08 03:56:46,545 [cllora.py] => Task acc: 99.23786602486963
2026-06-08 03:56:46,549 [trainer.py] => Timing Task 24 => Train 464.08s, Epochs 20, Train 23.2040s/epoch, Inference 193.69s, Images 2493, Inference 77.6923ms/image
2026-06-08 03:56:46,640 [trainer.py] => No NME accuracy.
2026-06-08 03:56:46,640 [trainer.py] => CNN: {'total': 70.28, '00-04': 63.0, '05-09': 55.0, '10-14': 35.0, '15-19': 80.81, '20-24': 89.0, '25-29': 76.53, '30-34': 81.0, '35-39': 40.0, '40-44': 31.0, '45-49': 67.0, '50-54': 77.0, '55-59': 68.69, '60-64': 59.0, '65-69': 74.0, '70-74': 97.0, '75-79': 61.0, '80-84': 73.0, '85-89': 72.0, '90-94': 52.0, '95-99': 78.0, '100-104': 86.0, '105-109': 78.79, '110-114': 81.82, '115-119': 88.89, '120-124': 92.0, 'old': 69.37, 'new': 92.0}
2026-06-08 03:56:46,640 [trainer.py] => CNN top1 curve: [99.0, 98.0, 98.67, 96.24, 86.37, 87.6, 87.8, 83.69, 79.82, 78.13, 78.21, 76.17, 76.85, 76.72, 77.27, 76.5, 74.41, 74.22, 72.47, 70.24, 69.47, 70.21, 70.18, 70.54, 70.28]
2026-06-08 03:56:46,640 [trainer.py] => CNN top5 curve: [100.0, 100.0, 100.0, 99.75, 99.8, 99.66, 99.71, 99.12, 98.89, 98.5, 97.81, 95.74, 92.75, 90.47, 91.18, 90.54, 89.5, 88.81, 89.35, 88.03, 87.79, 87.38, 87.79, 88.22, 88.61]
2026-06-08 03:56:46,640 [trainer.py] => Average Accuracy (CNN): 79.96
2026-06-08 03:56:46,648 [trainer.py] => All params: 97975359
2026-06-08 03:56:46,654 [trainer.py] => Trainable params: 276498
2026-06-08 03:56:46,682 [cllora.py] => Learning on 125-130
2026-06-08 04:02:36,178 [cllora.py] => Task 25, Epoch 20/20 => Loss 0.016, Train_accy 99.73
2026-06-08 04:08:23,468 [cllora.py] => Task correct: 70.53605861935982
2026-06-08 04:08:23,469 [cllora.py] => Task acc: 99.19012726571539
2026-06-08 04:08:23,477 [trainer.py] => Timing Task 25 => Train 486.92s, Epochs 20, Train 24.3461s/epoch, Inference 209.90s, Images 2593, Inference 80.9491ms/image
2026-06-08 04:08:23,524 [trainer.py] => No NME accuracy.
2026-06-08 04:08:23,525 [trainer.py] => CNN: {'total': 70.54, '00-04': 64.0, '05-09': 56.0, '10-14': 37.0, '15-19': 77.78, '20-24': 89.0, '25-29': 77.55, '30-34': 77.0, '35-39': 39.0, '40-44': 27.0, '45-49': 65.0, '50-54': 75.0, '55-59': 69.7, '60-64': 64.0, '65-69': 71.0, '70-74': 95.0, '75-79': 63.0, '80-84': 73.0, '85-89': 73.0, '90-94': 50.0, '95-99': 76.0, '100-104': 86.0, '105-109': 78.79, '110-114': 85.86, '115-119': 88.89, '120-124': 89.0, '125-129': 87.0, 'old': 69.88, 'new': 87.0}
2026-06-08 04:08:23,525 [trainer.py] => CNN top1 curve: [99.0, 98.0, 98.67, 96.24, 86.37, 87.6, 87.8, 83.69, 79.82, 78.13, 78.21, 76.17, 76.85, 76.72, 77.27, 76.5, 74.41, 74.22, 72.47, 70.24, 69.47, 70.21, 70.18, 70.54, 70.28, 70.54]
2026-06-08 04:08:23,525 [trainer.py] => CNN top5 curve: [100.0, 100.0, 100.0, 99.75, 99.8, 99.66, 99.71, 99.12, 98.89, 98.5, 97.81, 95.74, 92.75, 90.47, 91.18, 90.54, 89.5, 88.81, 89.35, 88.03, 87.79, 87.38, 87.79, 88.22, 88.61, 89.05]
2026-06-08 04:08:23,525 [trainer.py] => Average Accuracy (CNN): 79.6
2026-06-08 04:08:23,532 [trainer.py] => All params: 98547520
2026-06-08 04:08:23,537 [trainer.py] => Trainable params: 276498
2026-06-08 04:08:23,559 [cllora.py] => Learning on 130-135
2026-06-08 04:14:12,040 [cllora.py] => Task 26, Epoch 20/20 => Loss 0.019, Train_accy 99.52
2026-06-08 04:20:21,341 [cllora.py] => Task correct: 70.81321945785369
2026-06-08 04:20:21,342 [cllora.py] => Task acc: 99.25733382844412
2026-06-08 04:20:21,345 [trainer.py] => Timing Task 26 => Train 491.20s, Epochs 20, Train 24.5599s/epoch, Inference 226.61s, Images 2693, Inference 84.1474ms/image
2026-06-08 04:20:21,377 [trainer.py] => No NME accuracy.
2026-06-08 04:20:21,377 [trainer.py] => CNN: {'total': 70.81, '00-04': 65.0, '05-09': 52.0, '10-14': 40.0, '15-19': 81.82, '20-24': 77.0, '25-29': 76.53, '30-34': 80.0, '35-39': 40.0, '40-44': 35.0, '45-49': 70.0, '50-54': 76.0, '55-59': 69.7, '60-64': 60.0, '65-69': 68.0, '70-74': 95.0, '75-79': 64.0, '80-84': 73.0, '85-89': 71.0, '90-94': 51.0, '95-99': 77.0, '100-104': 83.0, '105-109': 77.78, '110-114': 77.78, '115-119': 86.87, '120-124': 85.0, '125-129': 83.0, '130-134': 97.0, 'old': 69.8, 'new': 97.0}
2026-06-08 04:20:21,377 [trainer.py] => CNN top1 curve: [99.0, 98.0, 98.67, 96.24, 86.37, 87.6, 87.8, 83.69, 79.82, 78.13, 78.21, 76.17, 76.85, 76.72, 77.27, 76.5, 74.41, 74.22, 72.47, 70.24, 69.47, 70.21, 70.18, 70.54, 70.28, 70.54, 70.81]
2026-06-08 04:20:21,377 [trainer.py] => CNN top5 curve: [100.0, 100.0, 100.0, 99.75, 99.8, 99.66, 99.71, 99.12, 98.89, 98.5, 97.81, 95.74, 92.75, 90.47, 91.18, 90.54, 89.5, 88.81, 89.35, 88.03, 87.79, 87.38, 87.79, 88.22, 88.61, 89.05, 89.68]
2026-06-08 04:20:21,377 [trainer.py] => Average Accuracy (CNN): 79.27
2026-06-08 04:20:21,385 [trainer.py] => All params: 99127361
2026-06-08 04:20:21,392 [trainer.py] => Trainable params: 276498
2026-06-08 04:20:21,426 [cllora.py] => Learning on 135-140
2026-06-08 04:25:53,785 [cllora.py] => Task 27, Epoch 20/20 => Loss 0.053, Train_accy 98.13
2026-06-08 04:32:17,964 [cllora.py] => Task correct: 70.46594982078852
2026-06-08 04:32:17,964 [cllora.py] => Task acc: 99.2831541218638
2026-06-08 04:32:17,971 [trainer.py] => Timing Task 27 => Train 473.20s, Epochs 20, Train 23.6599s/epoch, Inference 243.38s, Images 2790, Inference 87.2328ms/image
2026-06-08 04:32:18,010 [trainer.py] => No NME accuracy.
2026-06-08 04:32:18,011 [trainer.py] => CNN: {'total': 70.47, '00-04': 65.0, '05-09': 54.0, '10-14': 44.0, '15-19': 80.81, '20-24': 87.0, '25-29': 80.61, '30-34': 72.0, '35-39': 39.0, '40-44': 34.0, '45-49': 69.0, '50-54': 77.0, '55-59': 72.73, '60-64': 66.0, '65-69': 69.0, '70-74': 95.0, '75-79': 63.0, '80-84': 73.0, '85-89': 71.0, '90-94': 49.0, '95-99': 72.0, '100-104': 76.0, '105-109': 76.77, '110-114': 77.78, '115-119': 80.81, '120-124': 87.0, '125-129': 84.0, '130-134': 95.0, '135-139': 62.89, 'old': 70.74, 'new': 62.89}
2026-06-08 04:32:18,011 [trainer.py] => CNN top1 curve: [99.0, 98.0, 98.67, 96.24, 86.37, 87.6, 87.8, 83.69, 79.82, 78.13, 78.21, 76.17, 76.85, 76.72, 77.27, 76.5, 74.41, 74.22, 72.47, 70.24, 69.47, 70.21, 70.18, 70.54, 70.28, 70.54, 70.81, 70.47]
2026-06-08 04:32:18,011 [trainer.py] => CNN top5 curve: [100.0, 100.0, 100.0, 99.75, 99.8, 99.66, 99.71, 99.12, 98.89, 98.5, 97.81, 95.74, 92.75, 90.47, 91.18, 90.54, 89.5, 88.81, 89.35, 88.03, 87.79, 87.38, 87.79, 88.22, 88.61, 89.05, 89.68, 90.36]
2026-06-08 04:32:18,011 [trainer.py] => Average Accuracy (CNN): 78.96
2026-06-08 04:32:18,018 [trainer.py] => All params: 99714882
2026-06-08 04:32:18,024 [trainer.py] => Trainable params: 276498
2026-06-08 04:32:18,047 [cllora.py] => Learning on 140-145
2026-06-08 04:37:31,772 [cllora.py] => Task 28, Epoch 20/20 => Loss 0.012, Train_accy 99.77
2026-06-08 04:44:13,345 [cllora.py] => Task correct: 70.48442906574394
2026-06-08 04:44:13,346 [cllora.py] => Task acc: 99.27335640138408
2026-06-08 04:44:13,352 [trainer.py] => Timing Task 28 => Train 453.84s, Epochs 20, Train 22.6919s/epoch, Inference 261.49s, Images 2890, Inference 90.4812ms/image
2026-06-08 04:44:13,390 [trainer.py] => No NME accuracy.
2026-06-08 04:44:13,390 [trainer.py] => CNN: {'total': 70.48, '00-04': 63.0, '05-09': 51.0, '10-14': 37.0, '15-19': 78.79, '20-24': 86.0, '25-29': 78.57, '30-34': 63.0, '35-39': 39.0, '40-44': 27.0, '45-49': 60.0, '50-54': 76.0, '55-59': 71.72, '60-64': 71.0, '65-69': 69.0, '70-74': 95.0, '75-79': 65.0, '80-84': 73.0, '85-89': 72.0, '90-94': 51.0, '95-99': 72.0, '100-104': 80.0, '105-109': 78.79, '110-114': 77.78, '115-119': 80.81, '120-124': 86.0, '125-129': 87.0, '130-134': 93.0, '135-139': 64.95, '140-144': 97.0, 'old': 69.53, 'new': 97.0}
2026-06-08 04:44:13,391 [trainer.py] => CNN top1 curve: [99.0, 98.0, 98.67, 96.24, 86.37, 87.6, 87.8, 83.69, 79.82, 78.13, 78.21, 76.17, 76.85, 76.72, 77.27, 76.5, 74.41, 74.22, 72.47, 70.24, 69.47, 70.21, 70.18, 70.54, 70.28, 70.54, 70.81, 70.47, 70.48]
2026-06-08 04:44:13,391 [trainer.py] => CNN top5 curve: [100.0, 100.0, 100.0, 99.75, 99.8, 99.66, 99.71, 99.12, 98.89, 98.5, 97.81, 95.74, 92.75, 90.47, 91.18, 90.54, 89.5, 88.81, 89.35, 88.03, 87.79, 87.38, 87.79, 88.22, 88.61, 89.05, 89.68, 90.36, 89.97]
2026-06-08 04:44:13,391 [trainer.py] => Average Accuracy (CNN): 78.67
2026-06-08 04:44:13,399 [trainer.py] => All params: 100310083
2026-06-08 04:44:13,405 [trainer.py] => Trainable params: 276498
2026-06-08 04:44:13,431 [cllora.py] => Learning on 145-150
2026-06-08 04:50:10,217 [cllora.py] => Task 29, Epoch 20/20 => Loss 0.089, Train_accy 96.60
2026-06-08 04:57:16,706 [cllora.py] => Task correct: 70.70234113712375
2026-06-08 04:57:16,706 [cllora.py] => Task acc: 99.26421404682274
2026-06-08 04:57:16,710 [trainer.py] => Timing Task 29 => Train 515.89s, Epochs 20, Train 25.7946s/epoch, Inference 267.41s, Images 2990, Inference 89.4362ms/image
2026-06-08 04:57:16,751 [trainer.py] => No NME accuracy.
2026-06-08 04:57:16,751 [trainer.py] => CNN: {'total': 70.67, '00-04': 71.0, '05-09': 68.0, '10-14': 55.0, '15-19': 88.89, '20-24': 90.0, '25-29': 78.57, '30-34': 83.0, '35-39': 41.0, '40-44': 40.0, '45-49': 86.0, '50-54': 79.0, '55-59': 61.62, '60-64': 56.0, '65-69': 67.0, '70-74': 95.0, '75-79': 63.0, '80-84': 72.0, '85-89': 63.0, '90-94': 47.0, '95-99': 76.0, '100-104': 69.0, '105-109': 74.75, '110-114': 59.6, '115-119': 92.93, '120-124': 84.0, '125-129': 71.0, '130-134': 88.0, '135-139': 50.52, '140-144': 91.0, '145-149': 58.0, 'old': 71.11, 'new': 58.0}
2026-06-08 04:57:16,751 [trainer.py] => CNN top1 curve: [99.0, 98.0, 98.67, 96.24, 86.37, 87.6, 87.8, 83.69, 79.82, 78.13, 78.21, 76.17, 76.85, 76.72, 77.27, 76.5, 74.41, 74.22, 72.47, 70.24, 69.47, 70.21, 70.18, 70.54, 70.28, 70.54, 70.81, 70.47, 70.48, 70.67]
2026-06-08 04:57:16,751 [trainer.py] => CNN top5 curve: [100.0, 100.0, 100.0, 99.75, 99.8, 99.66, 99.71, 99.12, 98.89, 98.5, 97.81, 95.74, 92.75, 90.47, 91.18, 90.54, 89.5, 88.81, 89.35, 88.03, 87.79, 87.38, 87.79, 88.22, 88.61, 89.05, 89.68, 90.36, 89.97, 89.87]
2026-06-08 04:57:16,751 [trainer.py] => Average Accuracy (CNN): 78.4
2026-06-08 04:57:16,759 [trainer.py] => All params: 100912964
2026-06-08 04:57:16,766 [trainer.py] => Trainable params: 276498
2026-06-08 04:57:16,806 [cllora.py] => Learning on 150-155
2026-06-08 05:03:03,980 [cllora.py] => Task 30, Epoch 20/20 => Loss 0.050, Train_accy 97.94
2026-06-08 05:10:43,531 [cllora.py] => Task correct: 71.61812297734627
2026-06-08 05:10:43,531 [cllora.py] => Task acc: 99.19093851132686
2026-06-08 05:10:43,535 [trainer.py] => Timing Task 30 => Train 509.33s, Epochs 20, Train 25.4663s/epoch, Inference 297.44s, Images 3090, Inference 96.2599ms/image
2026-06-08 05:10:43,570 [trainer.py] => No NME accuracy.
2026-06-08 05:10:43,571 [trainer.py] => CNN: {'total': 71.59, '00-04': 66.0, '05-09': 58.0, '10-14': 44.0, '15-19': 83.84, '20-24': 88.0, '25-29': 81.63, '30-34': 76.0, '35-39': 36.0, '40-44': 40.0, '45-49': 75.0, '50-54': 78.0, '55-59': 67.68, '60-64': 59.0, '65-69': 68.0, '70-74': 95.0, '75-79': 62.0, '80-84': 72.0, '85-89': 71.0, '90-94': 48.0, '95-99': 74.0, '100-104': 76.0, '105-109': 76.77, '110-114': 70.71, '115-119': 89.9, '120-124': 85.0, '125-129': 80.0, '130-134': 92.0, '135-139': 57.73, '140-144': 95.0, '145-149': 58.0, '150-154': 95.0, 'old': 70.8, 'new': 95.0}
2026-06-08 05:10:43,571 [trainer.py] => CNN top1 curve: [99.0, 98.0, 98.67, 96.24, 86.37, 87.6, 87.8, 83.69, 79.82, 78.13, 78.21, 76.17, 76.85, 76.72, 77.27, 76.5, 74.41, 74.22, 72.47, 70.24, 69.47, 70.21, 70.18, 70.54, 70.28, 70.54, 70.81, 70.47, 70.48, 70.67, 71.59]
2026-06-08 05:10:43,571 [trainer.py] => CNN top5 curve: [100.0, 100.0, 100.0, 99.75, 99.8, 99.66, 99.71, 99.12, 98.89, 98.5, 97.81, 95.74, 92.75, 90.47, 91.18, 90.54, 89.5, 88.81, 89.35, 88.03, 87.79, 87.38, 87.79, 88.22, 88.61, 89.05, 89.68, 90.36, 89.97, 89.87, 89.97]
2026-06-08 05:10:43,571 [trainer.py] => Average Accuracy (CNN): 78.18
2026-06-08 05:10:43,579 [trainer.py] => All params: 101523525
2026-06-08 05:10:43,585 [trainer.py] => Trainable params: 276498
2026-06-08 05:10:43,613 [cllora.py] => Learning on 155-160
2026-06-08 05:16:38,128 [cllora.py] => Task 31, Epoch 20/20 => Loss 0.043, Train_accy 98.59
2026-06-08 05:24:46,698 [cllora.py] => Task correct: 70.65830721003135
2026-06-08 05:24:46,699 [cllora.py] => Task acc: 99.12225705329153
2026-06-08 05:24:46,702 [trainer.py] => Timing Task 31 => Train 525.91s, Epochs 20, Train 26.2956s/epoch, Inference 317.21s, Images 3190, Inference 99.4377ms/image
2026-06-08 05:24:46,756 [trainer.py] => No NME accuracy.
2026-06-08 05:24:46,757 [trainer.py] => CNN: {'total': 70.63, '00-04': 66.0, '05-09': 55.0, '10-14': 48.0, '15-19': 84.85, '20-24': 75.0, '25-29': 76.53, '30-34': 86.0, '35-39': 36.0, '40-44': 37.0, '45-49': 79.0, '50-54': 77.0, '55-59': 67.68, '60-64': 54.0, '65-69': 69.0, '70-74': 95.0, '75-79': 63.0, '80-84': 72.0, '85-89': 69.0, '90-94': 46.0, '95-99': 71.0, '100-104': 75.0, '105-109': 74.75, '110-114': 71.72, '115-119': 88.89, '120-124': 85.0, '125-129': 77.0, '130-134': 95.0, '135-139': 56.7, '140-144': 94.0, '145-149': 58.0, '150-154': 95.0, '155-159': 62.0, 'old': 70.91, 'new': 62.0}
2026-06-08 05:24:46,757 [trainer.py] => CNN top1 curve: [99.0, 98.0, 98.67, 96.24, 86.37, 87.6, 87.8, 83.69, 79.82, 78.13, 78.21, 76.17, 76.85, 76.72, 77.27, 76.5, 74.41, 74.22, 72.47, 70.24, 69.47, 70.21, 70.18, 70.54, 70.28, 70.54, 70.81, 70.47, 70.48, 70.67, 71.59, 70.63]
2026-06-08 05:24:46,757 [trainer.py] => CNN top5 curve: [100.0, 100.0, 100.0, 99.75, 99.8, 99.66, 99.71, 99.12, 98.89, 98.5, 97.81, 95.74, 92.75, 90.47, 91.18, 90.54, 89.5, 88.81, 89.35, 88.03, 87.79, 87.38, 87.79, 88.22, 88.61, 89.05, 89.68, 90.36, 89.97, 89.87, 89.97, 89.25]
2026-06-08 05:24:46,757 [trainer.py] => Average Accuracy (CNN): 77.95
2026-06-08 05:24:46,764 [trainer.py] => All params: 102141766
2026-06-08 05:24:46,771 [trainer.py] => Trainable params: 276498
2026-06-08 05:24:46,809 [cllora.py] => Learning on 160-165
2026-06-08 05:30:13,807 [cllora.py] => Task 32, Epoch 20/20 => Loss 0.021, Train_accy 99.49
2026-06-08 05:38:36,065 [cllora.py] => Task correct: 70.63829787234043
2026-06-08 05:38:36,066 [cllora.py] => Task acc: 99.17933130699087
2026-06-08 05:38:36,073 [trainer.py] => Timing Task 32 => Train 491.16s, Epochs 20, Train 24.5579s/epoch, Inference 338.14s, Images 3290, Inference 102.7793ms/image
2026-06-08 05:38:36,112 [trainer.py] => No NME accuracy.
2026-06-08 05:38:36,112 [trainer.py] => CNN: {'total': 70.61, '00-04': 67.0, '05-09': 52.0, '10-14': 48.0, '15-19': 81.82, '20-24': 83.0, '25-29': 77.55, '30-34': 71.0, '35-39': 36.0, '40-44': 31.0, '45-49': 69.0, '50-54': 75.0, '55-59': 65.66, '60-64': 64.0, '65-69': 69.0, '70-74': 94.0, '75-79': 52.0, '80-84': 73.0, '85-89': 73.0, '90-94': 47.0, '95-99': 71.0, '100-104': 78.0, '105-109': 75.76, '110-114': 71.72, '115-119': 83.84, '120-124': 82.0, '125-129': 79.0, '130-134': 95.0, '135-139': 61.86, '140-144': 97.0, '145-149': 57.0, '150-154': 94.0, '155-159': 60.0, '160-164': 95.0, 'old': 69.84, 'new': 95.0}
2026-06-08 05:38:36,112 [trainer.py] => CNN top1 curve: [99.0, 98.0, 98.67, 96.24, 86.37, 87.6, 87.8, 83.69, 79.82, 78.13, 78.21, 76.17, 76.85, 76.72, 77.27, 76.5, 74.41, 74.22, 72.47, 70.24, 69.47, 70.21, 70.18, 70.54, 70.28, 70.54, 70.81, 70.47, 70.48, 70.67, 71.59, 70.63, 70.61]
2026-06-08 05:38:36,112 [trainer.py] => CNN top5 curve: [100.0, 100.0, 100.0, 99.75, 99.8, 99.66, 99.71, 99.12, 98.89, 98.5, 97.81, 95.74, 92.75, 90.47, 91.18, 90.54, 89.5, 88.81, 89.35, 88.03, 87.79, 87.38, 87.79, 88.22, 88.61, 89.05, 89.68, 90.36, 89.97, 89.87, 89.97, 89.25, 89.24]
2026-06-08 05:38:36,112 [trainer.py] => Average Accuracy (CNN): 77.72
2026-06-08 05:38:36,119 [trainer.py] => All params: 102767687
2026-06-08 05:38:36,126 [trainer.py] => Trainable params: 276498
2026-06-08 05:38:36,165 [cllora.py] => Learning on 165-170
2026-06-08 05:44:43,205 [cllora.py] => Task 33, Epoch 20/20 => Loss 0.044, Train_accy 98.51
2026-06-08 05:53:52,112 [cllora.py] => Task correct: 70.7669616519174
2026-06-08 05:53:52,113 [cllora.py] => Task acc: 99.32153392330383
2026-06-08 05:53:52,122 [trainer.py] => Timing Task 33 => Train 556.79s, Epochs 20, Train 27.8397s/epoch, Inference 359.20s, Images 3390, Inference 105.9592ms/image
2026-06-08 05:53:52,160 [trainer.py] => No NME accuracy.
2026-06-08 05:53:52,160 [trainer.py] => CNN: {'total': 70.77, '00-04': 68.0, '05-09': 50.0, '10-14': 47.0, '15-19': 81.82, '20-24': 73.0, '25-29': 76.53, '30-34': 83.0, '35-39': 38.0, '40-44': 35.0, '45-49': 83.0, '50-54': 77.0, '55-59': 69.7, '60-64': 55.0, '65-69': 67.0, '70-74': 95.0, '75-79': 53.0, '80-84': 73.0, '85-89': 69.0, '90-94': 49.0, '95-99': 71.0, '100-104': 76.0, '105-109': 76.77, '110-114': 71.72, '115-119': 86.87, '120-124': 84.0, '125-129': 79.0, '130-134': 95.0, '135-139': 58.76, '140-144': 93.0, '145-149': 57.0, '150-154': 94.0, '155-159': 56.0, '160-164': 89.0, '165-169': 75.0, 'old': 70.64, 'new': 75.0}
2026-06-08 05:53:52,160 [trainer.py] => CNN top1 curve: [99.0, 98.0, 98.67, 96.24, 86.37, 87.6, 87.8, 83.69, 79.82, 78.13, 78.21, 76.17, 76.85, 76.72, 77.27, 76.5, 74.41, 74.22, 72.47, 70.24, 69.47, 70.21, 70.18, 70.54, 70.28, 70.54, 70.81, 70.47, 70.48, 70.67, 71.59, 70.63, 70.61, 70.77]
2026-06-08 05:53:52,160 [trainer.py] => CNN top5 curve: [100.0, 100.0, 100.0, 99.75, 99.8, 99.66, 99.71, 99.12, 98.89, 98.5, 97.81, 95.74, 92.75, 90.47, 91.18, 90.54, 89.5, 88.81, 89.35, 88.03, 87.79, 87.38, 87.79, 88.22, 88.61, 89.05, 89.68, 90.36, 89.97, 89.87, 89.97, 89.25, 89.24, 88.58]
2026-06-08 05:53:52,160 [trainer.py] => Average Accuracy (CNN): 77.52
2026-06-08 05:53:52,169 [trainer.py] => All params: 103401288
2026-06-08 05:53:52,175 [trainer.py] => Trainable params: 276498
2026-06-08 05:53:52,211 [cllora.py] => Learning on 170-175
2026-06-08 06:00:09,887 [cllora.py] => Task 34, Epoch 20/20 => Loss 0.104, Train_accy 96.15
2026-06-08 06:09:49,503 [cllora.py] => Task correct: 68.39541547277938
2026-06-08 06:09:49,504 [cllora.py] => Task acc: 99.08309455587393
2026-06-08 06:09:49,513 [trainer.py] => Timing Task 34 => Train 577.14s, Epochs 20, Train 28.8571s/epoch, Inference 380.20s, Images 3490, Inference 108.9384ms/image
2026-06-08 06:09:49,550 [trainer.py] => No NME accuracy.
2026-06-08 06:09:49,550 [trainer.py] => CNN: {'total': 68.4, '00-04': 71.0, '05-09': 57.0, '10-14': 50.0, '15-19': 81.82, '20-24': 84.0, '25-29': 77.55, '30-34': 85.0, '35-39': 40.0, '40-44': 40.0, '45-49': 89.0, '50-54': 77.0, '55-59': 69.7, '60-64': 53.0, '65-69': 66.0, '70-74': 93.0, '75-79': 57.0, '80-84': 72.0, '85-89': 61.0, '90-94': 48.0, '95-99': 72.0, '100-104': 66.0, '105-109': 75.76, '110-114': 57.58, '115-119': 78.79, '120-124': 85.0, '125-129': 64.0, '130-134': 92.0, '135-139': 49.48, '140-144': 89.0, '145-149': 57.0, '150-154': 94.0, '155-159': 35.0, '160-164': 86.0, '165-169': 71.0, '170-174': 49.0, 'old': 68.97, 'new': 49.0}
2026-06-08 06:09:49,550 [trainer.py] => CNN top1 curve: [99.0, 98.0, 98.67, 96.24, 86.37, 87.6, 87.8, 83.69, 79.82, 78.13, 78.21, 76.17, 76.85, 76.72, 77.27, 76.5, 74.41, 74.22, 72.47, 70.24, 69.47, 70.21, 70.18, 70.54, 70.28, 70.54, 70.81, 70.47, 70.48, 70.67, 71.59, 70.63, 70.61, 70.77, 68.4]
2026-06-08 06:09:49,550 [trainer.py] => CNN top5 curve: [100.0, 100.0, 100.0, 99.75, 99.8, 99.66, 99.71, 99.12, 98.89, 98.5, 97.81, 95.74, 92.75, 90.47, 91.18, 90.54, 89.5, 88.81, 89.35, 88.03, 87.79, 87.38, 87.79, 88.22, 88.61, 89.05, 89.68, 90.36, 89.97, 89.87, 89.97, 89.25, 89.24, 88.58, 88.05]
2026-06-08 06:09:49,550 [trainer.py] => Average Accuracy (CNN): 77.26
2026-06-08 06:09:49,558 [trainer.py] => All params: 104042569
2026-06-08 06:09:49,564 [trainer.py] => Trainable params: 276498
2026-06-08 06:09:49,601 [cllora.py] => Learning on 175-180
2026-06-08 06:15:43,186 [cllora.py] => Task 35, Epoch 20/20 => Loss 0.042, Train_accy 98.86
2026-06-08 06:25:40,041 [cllora.py] => Task correct: 68.37559208693229
2026-06-08 06:25:40,042 [cllora.py] => Task acc: 99.13624965171357
2026-06-08 06:25:40,051 [trainer.py] => Timing Task 35 => Train 547.90s, Epochs 20, Train 27.3949s/epoch, Inference 402.59s, Images 3589, Inference 112.1730ms/image
2026-06-08 06:25:40,137 [trainer.py] => No NME accuracy.
2026-06-08 06:25:40,137 [trainer.py] => CNN: {'total': 68.38, '00-04': 68.0, '05-09': 49.0, '10-14': 42.0, '15-19': 80.81, '20-24': 78.0, '25-29': 76.53, '30-34': 84.0, '35-39': 37.0, '40-44': 28.0, '45-49': 83.0, '50-54': 77.0, '55-59': 64.65, '60-64': 60.0, '65-69': 67.0, '70-74': 95.0, '75-79': 54.0, '80-84': 72.0, '85-89': 61.0, '90-94': 49.0, '95-99': 71.0, '100-104': 70.0, '105-109': 76.77, '110-114': 64.65, '115-119': 79.8, '120-124': 85.0, '125-129': 73.0, '130-134': 94.0, '135-139': 41.24, '140-144': 93.0, '145-149': 57.0, '150-154': 93.0, '155-159': 47.0, '160-164': 90.0, '165-169': 72.0, '170-174': 39.0, '175-179': 88.89, 'old': 67.79, 'new': 88.89}
2026-06-08 06:25:40,137 [trainer.py] => CNN top1 curve: [99.0, 98.0, 98.67, 96.24, 86.37, 87.6, 87.8, 83.69, 79.82, 78.13, 78.21, 76.17, 76.85, 76.72, 77.27, 76.5, 74.41, 74.22, 72.47, 70.24, 69.47, 70.21, 70.18, 70.54, 70.28, 70.54, 70.81, 70.47, 70.48, 70.67, 71.59, 70.63, 70.61, 70.77, 68.4, 68.38]
2026-06-08 06:25:40,137 [trainer.py] => CNN top5 curve: [100.0, 100.0, 100.0, 99.75, 99.8, 99.66, 99.71, 99.12, 98.89, 98.5, 97.81, 95.74, 92.75, 90.47, 91.18, 90.54, 89.5, 88.81, 89.35, 88.03, 87.79, 87.38, 87.79, 88.22, 88.61, 89.05, 89.68, 90.36, 89.97, 89.87, 89.97, 89.25, 89.24, 88.58, 88.05, 88.05]
2026-06-08 06:25:40,137 [trainer.py] => Average Accuracy (CNN): 77.01
2026-06-08 06:25:40,146 [trainer.py] => All params: 104691530
2026-06-08 06:25:40,153 [trainer.py] => Trainable params: 276498
2026-06-08 06:25:40,194 [cllora.py] => Learning on 180-185
2026-06-08 06:31:40,011 [cllora.py] => Task 36, Epoch 20/20 => Loss 0.035, Train_accy 98.94
2026-06-08 06:42:07,624 [cllora.py] => Task correct: 68.54663774403471
2026-06-08 06:42:07,625 [cllora.py] => Task acc: 99.15943600867679
2026-06-08 06:42:07,634 [trainer.py] => Timing Task 36 => Train 561.61s, Epochs 20, Train 28.0806s/epoch, Inference 425.87s, Images 3688, Inference 115.4746ms/image
2026-06-08 06:42:07,675 [trainer.py] => No NME accuracy.
2026-06-08 06:42:07,675 [trainer.py] => CNN: {'total': 68.55, '00-04': 71.0, '05-09': 66.0, '10-14': 48.0, '15-19': 85.86, '20-24': 90.0, '25-29': 78.57, '30-34': 84.0, '35-39': 39.0, '40-44': 35.0, '45-49': 84.0, '50-54': 78.0, '55-59': 55.56, '60-64': 57.0, '65-69': 69.0, '70-74': 95.0, '75-79': 54.0, '80-84': 72.0, '85-89': 62.0, '90-94': 46.0, '95-99': 70.0, '100-104': 67.0, '105-109': 76.77, '110-114': 59.6, '115-119': 90.91, '120-124': 84.0, '125-129': 63.0, '130-134': 91.0, '135-139': 36.08, '140-144': 89.0, '145-149': 57.0, '150-154': 95.0, '155-159': 33.0, '160-164': 85.0, '165-169': 69.0, '170-174': 37.0, '175-179': 83.84, '180-184': 78.79, 'old': 68.26, 'new': 78.79}
2026-06-08 06:42:07,675 [trainer.py] => CNN top1 curve: [99.0, 98.0, 98.67, 96.24, 86.37, 87.6, 87.8, 83.69, 79.82, 78.13, 78.21, 76.17, 76.85, 76.72, 77.27, 76.5, 74.41, 74.22, 72.47, 70.24, 69.47, 70.21, 70.18, 70.54, 70.28, 70.54, 70.81, 70.47, 70.48, 70.67, 71.59, 70.63, 70.61, 70.77, 68.4, 68.38, 68.55]
2026-06-08 06:42:07,675 [trainer.py] => CNN top5 curve: [100.0, 100.0, 100.0, 99.75, 99.8, 99.66, 99.71, 99.12, 98.89, 98.5, 97.81, 95.74, 92.75, 90.47, 91.18, 90.54, 89.5, 88.81, 89.35, 88.03, 87.79, 87.38, 87.79, 88.22, 88.61, 89.05, 89.68, 90.36, 89.97, 89.87, 89.97, 89.25, 89.24, 88.58, 88.05, 88.05, 88.34]
2026-06-08 06:42:07,676 [trainer.py] => Average Accuracy (CNN): 76.78
2026-06-08 06:42:07,685 [trainer.py] => All params: 105348171
2026-06-08 06:42:07,691 [trainer.py] => Trainable params: 276498
2026-06-08 06:42:07,733 [cllora.py] => Learning on 185-190
2026-06-08 06:47:58,212 [cllora.py] => Task 37, Epoch 20/20 => Loss 0.022, Train_accy 99.39
2026-06-08 06:58:49,668 [cllora.py] => Task correct: 66.17375231053605
2026-06-08 06:58:49,668 [cllora.py] => Task acc: 99.0493794560338
2026-06-08 06:58:49,674 [trainer.py] => Timing Task 37 => Train 553.02s, Epochs 20, Train 27.6510s/epoch, Inference 448.96s, Images 3787, Inference 118.5537ms/image
2026-06-08 06:58:49,715 [trainer.py] => No NME accuracy.
2026-06-08 06:58:49,715 [trainer.py] => CNN: {'total': 66.17, '00-04': 60.0, '05-09': 35.0, '10-14': 29.0, '15-19': 72.73, '20-24': 69.0, '25-29': 73.47, '30-34': 64.0, '35-39': 33.0, '40-44': 25.0, '45-49': 60.0, '50-54': 74.0, '55-59': 63.64, '60-64': 50.0, '65-69': 66.0, '70-74': 95.0, '75-79': 46.0, '80-84': 73.0, '85-89': 64.0, '90-94': 49.0, '95-99': 71.0, '100-104': 80.0, '105-109': 78.79, '110-114': 72.73, '115-119': 80.81, '120-124': 87.0, '125-129': 82.0, '130-134': 95.0, '135-139': 47.42, '140-144': 96.0, '145-149': 57.0, '150-154': 92.0, '155-159': 47.0, '160-164': 80.0, '165-169': 66.0, '170-174': 35.0, '175-179': 79.8, '180-184': 81.82, '185-189': 83.84, 'old': 65.7, 'new': 83.84}
2026-06-08 06:58:49,715 [trainer.py] => CNN top1 curve: [99.0, 98.0, 98.67, 96.24, 86.37, 87.6, 87.8, 83.69, 79.82, 78.13, 78.21, 76.17, 76.85, 76.72, 77.27, 76.5, 74.41, 74.22, 72.47, 70.24, 69.47, 70.21, 70.18, 70.54, 70.28, 70.54, 70.81, 70.47, 70.48, 70.67, 71.59, 70.63, 70.61, 70.77, 68.4, 68.38, 68.55, 66.17]
2026-06-08 06:58:49,715 [trainer.py] => CNN top5 curve: [100.0, 100.0, 100.0, 99.75, 99.8, 99.66, 99.71, 99.12, 98.89, 98.5, 97.81, 95.74, 92.75, 90.47, 91.18, 90.54, 89.5, 88.81, 89.35, 88.03, 87.79, 87.38, 87.79, 88.22, 88.61, 89.05, 89.68, 90.36, 89.97, 89.87, 89.97, 89.25, 89.24, 88.58, 88.05, 88.05, 88.34, 87.93]
2026-06-08 06:58:49,715 [trainer.py] => Average Accuracy (CNN): 76.5
2026-06-08 06:58:49,724 [trainer.py] => All params: 106012492
2026-06-08 06:58:49,731 [trainer.py] => Trainable params: 276498
2026-06-08 06:58:49,771 [cllora.py] => Learning on 190-195
2026-06-08 07:05:02,160 [cllora.py] => Task 38, Epoch 20/20 => Loss 0.012, Train_accy 99.74
2026-06-08 07:16:34,834 [cllora.py] => Task correct: 66.5551839464883
2026-06-08 07:16:34,835 [cllora.py] => Task acc: 98.99665551839465
2026-06-08 07:16:34,845 [trainer.py] => Timing Task 38 => Train 592.28s, Epochs 20, Train 29.6138s/epoch, Inference 472.84s, Images 3887, Inference 121.6459ms/image
2026-06-08 07:16:34,882 [trainer.py] => No NME accuracy.
2026-06-08 07:16:34,883 [trainer.py] => CNN: {'total': 66.56, '00-04': 64.0, '05-09': 26.0, '10-14': 37.0, '15-19': 75.76, '20-24': 72.0, '25-29': 79.59, '30-34': 66.0, '35-39': 33.0, '40-44': 26.0, '45-49': 61.0, '50-54': 73.0, '55-59': 60.61, '60-64': 55.0, '65-69': 68.0, '70-74': 95.0, '75-79': 50.0, '80-84': 67.0, '85-89': 66.0, '90-94': 50.0, '95-99': 72.0, '100-104': 65.0, '105-109': 75.76, '110-114': 73.74, '115-119': 86.87, '120-124': 83.0, '125-129': 67.0, '130-134': 93.0, '135-139': 47.42, '140-144': 93.0, '145-149': 57.0, '150-154': 94.0, '155-159': 54.0, '160-164': 84.0, '165-169': 67.0, '170-174': 34.0, '175-179': 72.73, '180-184': 80.81, '185-189': 77.78, '190-194': 93.0, 'old': 65.86, 'new': 93.0}
2026-06-08 07:16:34,883 [trainer.py] => CNN top1 curve: [99.0, 98.0, 98.67, 96.24, 86.37, 87.6, 87.8, 83.69, 79.82, 78.13, 78.21, 76.17, 76.85, 76.72, 77.27, 76.5, 74.41, 74.22, 72.47, 70.24, 69.47, 70.21, 70.18, 70.54, 70.28, 70.54, 70.81, 70.47, 70.48, 70.67, 71.59, 70.63, 70.61, 70.77, 68.4, 68.38, 68.55, 66.17, 66.56]
2026-06-08 07:16:34,883 [trainer.py] => CNN top5 curve: [100.0, 100.0, 100.0, 99.75, 99.8, 99.66, 99.71, 99.12, 98.89, 98.5, 97.81, 95.74, 92.75, 90.47, 91.18, 90.54, 89.5, 88.81, 89.35, 88.03, 87.79, 87.38, 87.79, 88.22, 88.61, 89.05, 89.68, 90.36, 89.97, 89.87, 89.97, 89.25, 89.24, 88.58, 88.05, 88.05, 88.34, 87.93, 87.7]
2026-06-08 07:16:34,883 [trainer.py] => Average Accuracy (CNN): 76.25
2026-06-08 07:16:34,893 [trainer.py] => All params: 106684493
2026-06-08 07:16:34,900 [trainer.py] => Trainable params: 276498
2026-06-08 07:16:34,942 [cllora.py] => Learning on 195-200
2026-06-08 07:22:39,818 [cllora.py] => Task 39, Epoch 20/20 => Loss 0.040, Train_accy 98.89
2026-06-08 07:34:37,109 [cllora.py] => Task correct: 65.91422121896163
2026-06-08 07:34:37,109 [cllora.py] => Task acc: 98.97165788813645
2026-06-08 07:34:37,119 [trainer.py] => Timing Task 39 => Train 585.27s, Epochs 20, Train 29.2635s/epoch, Inference 496.95s, Images 3987, Inference 124.6426ms/image
2026-06-08 07:34:37,173 [trainer.py] => No NME accuracy.
2026-06-08 07:34:37,173 [trainer.py] => CNN: {'total': 65.91, '00-04': 61.0, '05-09': 28.0, '10-14': 28.0, '15-19': 73.74, '20-24': 66.0, '25-29': 75.51, '30-34': 65.0, '35-39': 34.0, '40-44': 29.0, '45-49': 65.0, '50-54': 73.0, '55-59': 64.65, '60-64': 51.0, '65-69': 66.0, '70-74': 95.0, '75-79': 46.0, '80-84': 66.0, '85-89': 64.0, '90-94': 51.0, '95-99': 72.0, '100-104': 73.0, '105-109': 74.75, '110-114': 80.81, '115-119': 82.83, '120-124': 86.0, '125-129': 66.0, '130-134': 95.0, '135-139': 42.27, '140-144': 75.0, '145-149': 57.0, '150-154': 94.0, '155-159': 56.0, '160-164': 83.0, '165-169': 66.0, '170-174': 35.0, '175-179': 75.76, '180-184': 79.8, '185-189': 78.79, '190-194': 79.0, '195-199': 83.0, 'old': 65.47, 'new': 83.0}
2026-06-08 07:34:37,173 [trainer.py] => CNN top1 curve: [99.0, 98.0, 98.67, 96.24, 86.37, 87.6, 87.8, 83.69, 79.82, 78.13, 78.21, 76.17, 76.85, 76.72, 77.27, 76.5, 74.41, 74.22, 72.47, 70.24, 69.47, 70.21, 70.18, 70.54, 70.28, 70.54, 70.81, 70.47, 70.48, 70.67, 71.59, 70.63, 70.61, 70.77, 68.4, 68.38, 68.55, 66.17, 66.56, 65.91]
2026-06-08 07:34:37,173 [trainer.py] => CNN top5 curve: [100.0, 100.0, 100.0, 99.75, 99.8, 99.66, 99.71, 99.12, 98.89, 98.5, 97.81, 95.74, 92.75, 90.47, 91.18, 90.54, 89.5, 88.81, 89.35, 88.03, 87.79, 87.38, 87.79, 88.22, 88.61, 89.05, 89.68, 90.36, 89.97, 89.87, 89.97, 89.25, 89.24, 88.58, 88.05, 88.05, 88.34, 87.93, 87.7, 87.96]
2026-06-08 07:34:37,174 [trainer.py] => Average Accuracy (CNN): 75.99
2026-06-08 07:34:37,184 [trainer.py] => All params: 107364174
2026-06-08 07:34:37,193 [trainer.py] => Trainable params: 276498
2026-06-08 07:34:37,245 [cllora.py] => Learning on 200-205
2026-06-08 07:40:38,287 [cllora.py] => Task 40, Epoch 20/20 => Loss 0.019, Train_accy 99.42
2026-06-08 07:53:04,126 [cllora.py] => Task correct: 66.55248348421826
2026-06-08 07:53:04,126 [cllora.py] => Task acc: 99.02128700758503
2026-06-08 07:53:04,131 [trainer.py] => Timing Task 40 => Train 588.22s, Epochs 20, Train 29.4110s/epoch, Inference 518.72s, Images 4087, Inference 126.9187ms/image
2026-06-08 07:53:04,168 [trainer.py] => No NME accuracy.
2026-06-08 07:53:04,168 [trainer.py] => CNN: {'total': 66.55, '00-04': 60.0, '05-09': 29.0, '10-14': 24.0, '15-19': 75.76, '20-24': 63.0, '25-29': 73.47, '30-34': 63.0, '35-39': 35.0, '40-44': 27.0, '45-49': 62.0, '50-54': 72.0, '55-59': 65.66, '60-64': 48.0, '65-69': 65.0, '70-74': 95.0, '75-79': 47.0, '80-84': 68.0, '85-89': 64.0, '90-94': 51.0, '95-99': 73.0, '100-104': 79.0, '105-109': 77.78, '110-114': 76.77, '115-119': 84.85, '120-124': 84.0, '125-129': 67.0, '130-134': 96.0, '135-139': 50.52, '140-144': 76.0, '145-149': 57.0, '150-154': 92.0, '155-159': 57.0, '160-164': 83.0, '165-169': 67.0, '170-174': 35.0, '175-179': 75.76, '180-184': 80.81, '185-189': 80.81, '190-194': 78.0, '195-199': 82.0, '200-204': 88.0, 'old': 66.01, 'new': 88.0}
2026-06-08 07:53:04,168 [trainer.py] => CNN top1 curve: [99.0, 98.0, 98.67, 96.24, 86.37, 87.6, 87.8, 83.69, 79.82, 78.13, 78.21, 76.17, 76.85, 76.72, 77.27, 76.5, 74.41, 74.22, 72.47, 70.24, 69.47, 70.21, 70.18, 70.54, 70.28, 70.54, 70.81, 70.47, 70.48, 70.67, 71.59, 70.63, 70.61, 70.77, 68.4, 68.38, 68.55, 66.17, 66.56, 65.91, 66.55]
2026-06-08 07:53:04,168 [trainer.py] => CNN top5 curve: [100.0, 100.0, 100.0, 99.75, 99.8, 99.66, 99.71, 99.12, 98.89, 98.5, 97.81, 95.74, 92.75, 90.47, 91.18, 90.54, 89.5, 88.81, 89.35, 88.03, 87.79, 87.38, 87.79, 88.22, 88.61, 89.05, 89.68, 90.36, 89.97, 89.87, 89.97, 89.25, 89.24, 88.58, 88.05, 88.05, 88.34, 87.93, 87.7, 87.96, 88.11]
2026-06-08 07:53:04,168 [trainer.py] => Average Accuracy (CNN): 75.76
2026-06-08 07:53:04,179 [trainer.py] => All params: 108051535
2026-06-08 07:53:04,186 [trainer.py] => Trainable params: 276498
2026-06-08 07:53:04,234 [cllora.py] => Learning on 205-210
2026-06-08 07:58:53,254 [cllora.py] => Task 41, Epoch 20/20 => Loss 0.027, Train_accy 99.25
2026-06-08 08:11:44,117 [cllora.py] => Task correct: 66.70647241461667
2026-06-08 08:11:44,117 [cllora.py] => Task acc: 98.9491282541199
2026-06-08 08:11:44,122 [trainer.py] => Timing Task 41 => Train 573.02s, Epochs 20, Train 28.6509s/epoch, Inference 546.92s, Images 4187, Inference 130.6226ms/image
2026-06-08 08:11:44,167 [trainer.py] => No NME accuracy.
2026-06-08 08:11:44,167 [trainer.py] => CNN: {'total': 66.71, '00-04': 67.0, '05-09': 31.0, '10-14': 34.0, '15-19': 77.78, '20-24': 65.0, '25-29': 75.51, '30-34': 65.0, '35-39': 34.0, '40-44': 25.0, '45-49': 66.0, '50-54': 72.0, '55-59': 61.62, '60-64': 52.0, '65-69': 68.0, '70-74': 95.0, '75-79': 46.0, '80-84': 68.0, '85-89': 66.0, '90-94': 50.0, '95-99': 72.0, '100-104': 73.0, '105-109': 75.76, '110-114': 75.76, '115-119': 81.82, '120-124': 85.0, '125-129': 62.0, '130-134': 96.0, '135-139': 48.45, '140-144': 76.0, '145-149': 57.0, '150-154': 92.0, '155-159': 44.0, '160-164': 87.0, '165-169': 65.0, '170-174': 34.0, '175-179': 74.75, '180-184': 80.81, '185-189': 74.75, '190-194': 74.0, '195-199': 82.0, '200-204': 84.0, '205-209': 88.0, 'old': 66.19, 'new': 88.0}
2026-06-08 08:11:44,167 [trainer.py] => CNN top1 curve: [99.0, 98.0, 98.67, 96.24, 86.37, 87.6, 87.8, 83.69, 79.82, 78.13, 78.21, 76.17, 76.85, 76.72, 77.27, 76.5, 74.41, 74.22, 72.47, 70.24, 69.47, 70.21, 70.18, 70.54, 70.28, 70.54, 70.81, 70.47, 70.48, 70.67, 71.59, 70.63, 70.61, 70.77, 68.4, 68.38, 68.55, 66.17, 66.56, 65.91, 66.55, 66.71]
2026-06-08 08:11:44,167 [trainer.py] => CNN top5 curve: [100.0, 100.0, 100.0, 99.75, 99.8, 99.66, 99.71, 99.12, 98.89, 98.5, 97.81, 95.74, 92.75, 90.47, 91.18, 90.54, 89.5, 88.81, 89.35, 88.03, 87.79, 87.38, 87.79, 88.22, 88.61, 89.05, 89.68, 90.36, 89.97, 89.87, 89.97, 89.25, 89.24, 88.58, 88.05, 88.05, 88.34, 87.93, 87.7, 87.96, 88.11, 87.77]
2026-06-08 08:11:44,167 [trainer.py] => Average Accuracy (CNN): 75.54
2026-06-08 08:11:44,178 [trainer.py] => All params: 108746576
2026-06-08 08:11:44,188 [trainer.py] => Trainable params: 276498
2026-06-08 08:11:44,248 [cllora.py] => Learning on 210-215
2026-06-08 08:18:02,964 [cllora.py] => Task 42, Epoch 20/20 => Loss 0.036, Train_accy 98.87
2026-06-08 08:31:43,999 [cllora.py] => Task correct: 67.41310940051318
2026-06-08 08:31:43,999 [cllora.py] => Task acc: 99.06694658269186
2026-06-08 08:31:44,005 [trainer.py] => Timing Task 42 => Train 625.02s, Epochs 20, Train 31.2510s/epoch, Inference 574.80s, Images 4287, Inference 134.0792ms/image
2026-06-08 08:31:44,036 [trainer.py] => No NME accuracy.
2026-06-08 08:31:44,037 [trainer.py] => CNN: {'total': 67.41, '00-04': 66.0, '05-09': 36.0, '10-14': 39.0, '15-19': 78.79, '20-24': 77.0, '25-29': 79.59, '30-34': 59.0, '35-39': 34.0, '40-44': 31.0, '45-49': 68.0, '50-54': 74.0, '55-59': 59.6, '60-64': 57.0, '65-69': 67.0, '70-74': 95.0, '75-79': 47.0, '80-84': 66.0, '85-89': 67.0, '90-94': 49.0, '95-99': 71.0, '100-104': 68.0, '105-109': 74.75, '110-114': 71.72, '115-119': 91.92, '120-124': 84.0, '125-129': 63.0, '130-134': 94.0, '135-139': 42.27, '140-144': 76.0, '145-149': 57.0, '150-154': 92.0, '155-159': 50.0, '160-164': 84.0, '165-169': 65.0, '170-174': 35.0, '175-179': 73.74, '180-184': 81.82, '185-189': 68.69, '190-194': 73.0, '195-199': 85.0, '200-204': 84.0, '205-209': 81.0, '210-214': 82.0, 'old': 67.06, 'new': 82.0}
2026-06-08 08:31:44,037 [trainer.py] => CNN top1 curve: [99.0, 98.0, 98.67, 96.24, 86.37, 87.6, 87.8, 83.69, 79.82, 78.13, 78.21, 76.17, 76.85, 76.72, 77.27, 76.5, 74.41, 74.22, 72.47, 70.24, 69.47, 70.21, 70.18, 70.54, 70.28, 70.54, 70.81, 70.47, 70.48, 70.67, 71.59, 70.63, 70.61, 70.77, 68.4, 68.38, 68.55, 66.17, 66.56, 65.91, 66.55, 66.71, 67.41]
2026-06-08 08:31:44,037 [trainer.py] => CNN top5 curve: [100.0, 100.0, 100.0, 99.75, 99.8, 99.66, 99.71, 99.12, 98.89, 98.5, 97.81, 95.74, 92.75, 90.47, 91.18, 90.54, 89.5, 88.81, 89.35, 88.03, 87.79, 87.38, 87.79, 88.22, 88.61, 89.05, 89.68, 90.36, 89.97, 89.87, 89.97, 89.25, 89.24, 88.58, 88.05, 88.05, 88.34, 87.93, 87.7, 87.96, 88.11, 87.77, 87.87]
2026-06-08 08:31:44,037 [trainer.py] => Average Accuracy (CNN): 75.36
2026-06-08 08:31:44,047 [trainer.py] => All params: 109449297
2026-06-08 08:31:44,054 [trainer.py] => Trainable params: 276498
2026-06-08 08:31:44,130 [cllora.py] => Learning on 215-220
2026-06-08 08:37:13,390 [cllora.py] => Task 43, Epoch 20/20 => Loss 0.016, Train_accy 99.71
2026-06-08 08:50:55,341 [cllora.py] => Task correct: 65.38987688098496
2026-06-08 08:50:55,342 [cllora.py] => Task acc: 99.01960784313725
2026-06-08 08:50:55,353 [trainer.py] => Timing Task 43 => Train 548.70s, Epochs 20, Train 27.4350s/epoch, Inference 602.60s, Images 4386, Inference 137.3912ms/image
2026-06-08 08:50:55,393 [trainer.py] => No NME accuracy.
2026-06-08 08:50:55,393 [trainer.py] => CNN: {'total': 65.39, '00-04': 58.0, '05-09': 29.0, '10-14': 29.0, '15-19': 66.67, '20-24': 72.0, '25-29': 75.51, '30-34': 56.0, '35-39': 27.0, '40-44': 28.0, '45-49': 53.0, '50-54': 70.0, '55-59': 61.62, '60-64': 61.0, '65-69': 68.0, '70-74': 95.0, '75-79': 49.0, '80-84': 65.0, '85-89': 67.0, '90-94': 52.0, '95-99': 70.0, '100-104': 74.0, '105-109': 74.75, '110-114': 76.77, '115-119': 85.86, '120-124': 78.0, '125-129': 64.0, '130-134': 91.0, '135-139': 42.27, '140-144': 75.0, '145-149': 57.0, '150-154': 89.0, '155-159': 45.0, '160-164': 81.0, '165-169': 58.0, '170-174': 35.0, '175-179': 70.71, '180-184': 80.81, '185-189': 67.68, '190-194': 74.0, '195-199': 82.0, '200-204': 83.0, '205-209': 76.0, '210-214': 83.0, '215-219': 80.81, 'old': 65.03, 'new': 80.81}
2026-06-08 08:50:55,393 [trainer.py] => CNN top1 curve: [99.0, 98.0, 98.67, 96.24, 86.37, 87.6, 87.8, 83.69, 79.82, 78.13, 78.21, 76.17, 76.85, 76.72, 77.27, 76.5, 74.41, 74.22, 72.47, 70.24, 69.47, 70.21, 70.18, 70.54, 70.28, 70.54, 70.81, 70.47, 70.48, 70.67, 71.59, 70.63, 70.61, 70.77, 68.4, 68.38, 68.55, 66.17, 66.56, 65.91, 66.55, 66.71, 67.41, 65.39]
2026-06-08 08:50:55,393 [trainer.py] => CNN top5 curve: [100.0, 100.0, 100.0, 99.75, 99.8, 99.66, 99.71, 99.12, 98.89, 98.5, 97.81, 95.74, 92.75, 90.47, 91.18, 90.54, 89.5, 88.81, 89.35, 88.03, 87.79, 87.38, 87.79, 88.22, 88.61, 89.05, 89.68, 90.36, 89.97, 89.87, 89.97, 89.25, 89.24, 88.58, 88.05, 88.05, 88.34, 87.93, 87.7, 87.96, 88.11, 87.77, 87.87, 86.89]
2026-06-08 08:50:55,393 [trainer.py] => Average Accuracy (CNN): 75.13
2026-06-08 08:50:55,403 [trainer.py] => All params: 110159698
2026-06-08 08:50:55,411 [trainer.py] => Trainable params: 276498
2026-06-08 08:50:55,464 [cllora.py] => Learning on 220-225
2026-06-08 08:57:03,153 [cllora.py] => Task 44, Epoch 20/20 => Loss 0.018, Train_accy 99.61
2026-06-08 09:11:32,781 [cllora.py] => Task correct: 65.2251448952296
2026-06-08 09:11:32,782 [cllora.py] => Task acc: 99.06375390102541
2026-06-08 09:11:32,794 [trainer.py] => Timing Task 44 => Train 614.04s, Epochs 20, Train 30.7018s/epoch, Inference 623.35s, Images 4486, Inference 138.9537ms/image
2026-06-08 09:11:32,837 [trainer.py] => No NME accuracy.
2026-06-08 09:11:32,837 [trainer.py] => CNN: {'total': 65.23, '00-04': 58.0, '05-09': 29.0, '10-14': 27.0, '15-19': 70.71, '20-24': 67.0, '25-29': 73.47, '30-34': 56.0, '35-39': 31.0, '40-44': 24.0, '45-49': 47.0, '50-54': 72.0, '55-59': 62.63, '60-64': 60.0, '65-69': 68.0, '70-74': 95.0, '75-79': 47.0, '80-84': 66.0, '85-89': 59.0, '90-94': 49.0, '95-99': 71.0, '100-104': 79.0, '105-109': 74.75, '110-114': 73.74, '115-119': 85.86, '120-124': 79.0, '125-129': 66.0, '130-134': 95.0, '135-139': 45.36, '140-144': 76.0, '145-149': 52.0, '150-154': 90.0, '155-159': 46.0, '160-164': 77.0, '165-169': 60.0, '170-174': 35.0, '175-179': 65.66, '180-184': 79.8, '185-189': 71.72, '190-194': 77.0, '195-199': 82.0, '200-204': 85.0, '205-209': 80.0, '210-214': 79.0, '215-219': 68.69, '220-224': 79.0, 'old': 64.91, 'new': 79.0}
2026-06-08 09:11:32,837 [trainer.py] => CNN top1 curve: [99.0, 98.0, 98.67, 96.24, 86.37, 87.6, 87.8, 83.69, 79.82, 78.13, 78.21, 76.17, 76.85, 76.72, 77.27, 76.5, 74.41, 74.22, 72.47, 70.24, 69.47, 70.21, 70.18, 70.54, 70.28, 70.54, 70.81, 70.47, 70.48, 70.67, 71.59, 70.63, 70.61, 70.77, 68.4, 68.38, 68.55, 66.17, 66.56, 65.91, 66.55, 66.71, 67.41, 65.39, 65.23]
2026-06-08 09:11:32,837 [trainer.py] => CNN top5 curve: [100.0, 100.0, 100.0, 99.75, 99.8, 99.66, 99.71, 99.12, 98.89, 98.5, 97.81, 95.74, 92.75, 90.47, 91.18, 90.54, 89.5, 88.81, 89.35, 88.03, 87.79, 87.38, 87.79, 88.22, 88.61, 89.05, 89.68, 90.36, 89.97, 89.87, 89.97, 89.25, 89.24, 88.58, 88.05, 88.05, 88.34, 87.93, 87.7, 87.96, 88.11, 87.77, 87.87, 86.89, 87.2]
2026-06-08 09:11:32,837 [trainer.py] => Average Accuracy (CNN): 74.91
2026-06-08 09:11:32,850 [trainer.py] => All params: 110877779
2026-06-08 09:11:32,861 [trainer.py] => Trainable params: 276498
2026-06-08 09:11:32,928 [cllora.py] => Learning on 225-230
2026-06-08 09:17:13,462 [cllora.py] => Task 45, Epoch 20/20 => Loss 0.019, Train_accy 99.37
2026-06-08 09:32:08,698 [cllora.py] => Task correct: 65.17662450937637
2026-06-08 09:32:08,699 [cllora.py] => Task acc: 99.01875272568687
2026-06-08 09:32:08,712 [trainer.py] => Timing Task 45 => Train 578.24s, Epochs 20, Train 28.9118s/epoch, Inference 657.61s, Images 4586, Inference 143.3960ms/image
2026-06-08 09:32:08,783 [trainer.py] => No NME accuracy.
2026-06-08 09:32:08,783 [trainer.py] => CNN: {'total': 65.18, '00-04': 47.0, '05-09': 29.0, '10-14': 22.0, '15-19': 71.72, '20-24': 62.0, '25-29': 74.49, '30-34': 56.0, '35-39': 32.0, '40-44': 24.0, '45-49': 61.0, '50-54': 73.0, '55-59': 67.68, '60-64': 53.0, '65-69': 69.0, '70-74': 95.0, '75-79': 47.0, '80-84': 65.0, '85-89': 61.0, '90-94': 50.0, '95-99': 71.0, '100-104': 80.0, '105-109': 74.75, '110-114': 72.73, '115-119': 81.82, '120-124': 84.0, '125-129': 65.0, '130-134': 93.0, '135-139': 40.21, '140-144': 77.0, '145-149': 55.0, '150-154': 90.0, '155-159': 47.0, '160-164': 68.0, '165-169': 62.0, '170-174': 34.0, '175-179': 74.75, '180-184': 80.81, '185-189': 73.74, '190-194': 74.0, '195-199': 82.0, '200-204': 88.0, '205-209': 79.0, '210-214': 77.0, '215-219': 65.66, '220-224': 67.0, '225-229': 81.0, 'old': 64.82, 'new': 81.0}
2026-06-08 09:32:08,783 [trainer.py] => CNN top1 curve: [99.0, 98.0, 98.67, 96.24, 86.37, 87.6, 87.8, 83.69, 79.82, 78.13, 78.21, 76.17, 76.85, 76.72, 77.27, 76.5, 74.41, 74.22, 72.47, 70.24, 69.47, 70.21, 70.18, 70.54, 70.28, 70.54, 70.81, 70.47, 70.48, 70.67, 71.59, 70.63, 70.61, 70.77, 68.4, 68.38, 68.55, 66.17, 66.56, 65.91, 66.55, 66.71, 67.41, 65.39, 65.23, 65.18]
2026-06-08 09:32:08,783 [trainer.py] => CNN top5 curve: [100.0, 100.0, 100.0, 99.75, 99.8, 99.66, 99.71, 99.12, 98.89, 98.5, 97.81, 95.74, 92.75, 90.47, 91.18, 90.54, 89.5, 88.81, 89.35, 88.03, 87.79, 87.38, 87.79, 88.22, 88.61, 89.05, 89.68, 90.36, 89.97, 89.87, 89.97, 89.25, 89.24, 88.58, 88.05, 88.05, 88.34, 87.93, 87.7, 87.96, 88.11, 87.77, 87.87, 86.89, 87.2, 87.09]
2026-06-08 09:32:08,783 [trainer.py] => Average Accuracy (CNN): 74.7
2026-06-08 09:32:08,795 [trainer.py] => All params: 111603540
2026-06-08 09:32:08,804 [trainer.py] => Trainable params: 276498
2026-06-08 09:32:08,870 [cllora.py] => Learning on 230-235
2026-06-08 09:38:08,794 [cllora.py] => Task 46, Epoch 20/20 => Loss 0.024, Train_accy 99.35
2026-06-08 09:53:46,949 [cllora.py] => Task correct: 65.85574050362783
2026-06-08 09:53:46,950 [cllora.py] => Task acc: 99.082373026035
2026-06-08 09:53:46,961 [trainer.py] => Timing Task 46 => Train 617.38s, Epochs 20, Train 30.8690s/epoch, Inference 680.78s, Images 4686, Inference 145.2787ms/image
2026-06-08 09:53:47,000 [trainer.py] => No NME accuracy.
2026-06-08 09:53:47,000 [trainer.py] => CNN: {'total': 65.86, '00-04': 43.0, '05-09': 40.0, '10-14': 31.0, '15-19': 78.79, '20-24': 79.0, '25-29': 77.55, '30-34': 60.0, '35-39': 35.0, '40-44': 33.0, '45-49': 69.0, '50-54': 71.0, '55-59': 58.59, '60-64': 51.0, '65-69': 68.0, '70-74': 94.0, '75-79': 47.0, '80-84': 66.0, '85-89': 64.0, '90-94': 45.0, '95-99': 71.0, '100-104': 73.0, '105-109': 73.74, '110-114': 73.74, '115-119': 91.92, '120-124': 79.0, '125-129': 51.0, '130-134': 94.0, '135-139': 43.3, '140-144': 77.0, '145-149': 57.0, '150-154': 92.0, '155-159': 50.0, '160-164': 70.0, '165-169': 61.0, '170-174': 34.0, '175-179': 73.74, '180-184': 79.8, '185-189': 70.71, '190-194': 69.0, '195-199': 79.0, '200-204': 86.0, '205-209': 75.0, '210-214': 77.0, '215-219': 64.65, '220-224': 52.0, '225-229': 78.0, '230-234': 88.0, 'old': 65.37, 'new': 88.0}
2026-06-08 09:53:47,000 [trainer.py] => CNN top1 curve: [99.0, 98.0, 98.67, 96.24, 86.37, 87.6, 87.8, 83.69, 79.82, 78.13, 78.21, 76.17, 76.85, 76.72, 77.27, 76.5, 74.41, 74.22, 72.47, 70.24, 69.47, 70.21, 70.18, 70.54, 70.28, 70.54, 70.81, 70.47, 70.48, 70.67, 71.59, 70.63, 70.61, 70.77, 68.4, 68.38, 68.55, 66.17, 66.56, 65.91, 66.55, 66.71, 67.41, 65.39, 65.23, 65.18, 65.86]
2026-06-08 09:53:47,000 [trainer.py] => CNN top5 curve: [100.0, 100.0, 100.0, 99.75, 99.8, 99.66, 99.71, 99.12, 98.89, 98.5, 97.81, 95.74, 92.75, 90.47, 91.18, 90.54, 89.5, 88.81, 89.35, 88.03, 87.79, 87.38, 87.79, 88.22, 88.61, 89.05, 89.68, 90.36, 89.97, 89.87, 89.97, 89.25, 89.24, 88.58, 88.05, 88.05, 88.34, 87.93, 87.7, 87.96, 88.11, 87.77, 87.87, 86.89, 87.2, 87.09, 87.45]
2026-06-08 09:53:47,001 [trainer.py] => Average Accuracy (CNN): 74.51
2026-06-08 09:53:47,011 [trainer.py] => All params: 112336981
2026-06-08 09:53:47,019 [trainer.py] => Trainable params: 276498
2026-06-08 09:53:47,086 [cllora.py] => Learning on 235-240
2026-06-08 10:00:01,516 [cllora.py] => Task 47, Epoch 20/20 => Loss 0.070, Train_accy 97.78
2026-06-08 10:16:11,134 [cllora.py] => Task correct: 64.45883827831175
2026-06-08 10:16:11,135 [cllora.py] => Task acc: 99.0388633514417
2026-06-08 10:16:11,147 [trainer.py] => Timing Task 47 => Train 640.91s, Epochs 20, Train 32.0456s/epoch, Inference 703.21s, Images 4786, Inference 146.9316ms/image
2026-06-08 10:16:11,194 [trainer.py] => No NME accuracy.
2026-06-08 10:16:11,194 [trainer.py] => CNN: {'total': 64.44, '00-04': 57.0, '05-09': 68.0, '10-14': 54.0, '15-19': 89.9, '20-24': 92.0, '25-29': 81.63, '30-34': 80.0, '35-39': 38.0, '40-44': 40.0, '45-49': 84.0, '50-54': 77.0, '55-59': 49.49, '60-64': 54.0, '65-69': 63.0, '70-74': 94.0, '75-79': 50.0, '80-84': 67.0, '85-89': 53.0, '90-94': 46.0, '95-99': 71.0, '100-104': 62.0, '105-109': 74.75, '110-114': 56.57, '115-119': 97.98, '120-124': 74.0, '125-129': 38.0, '130-134': 86.0, '135-139': 36.08, '140-144': 72.0, '145-149': 56.0, '150-154': 92.0, '155-159': 35.0, '160-164': 70.0, '165-169': 64.0, '170-174': 38.0, '175-179': 68.69, '180-184': 77.78, '185-189': 57.58, '190-194': 69.0, '195-199': 75.0, '200-204': 73.0, '205-209': 70.0, '210-214': 60.0, '215-219': 51.52, '220-224': 38.0, '225-229': 64.0, '230-234': 85.0, '235-239': 42.0, 'old': 64.92, 'new': 42.0}
2026-06-08 10:16:11,194 [trainer.py] => CNN top1 curve: [99.0, 98.0, 98.67, 96.24, 86.37, 87.6, 87.8, 83.69, 79.82, 78.13, 78.21, 76.17, 76.85, 76.72, 77.27, 76.5, 74.41, 74.22, 72.47, 70.24, 69.47, 70.21, 70.18, 70.54, 70.28, 70.54, 70.81, 70.47, 70.48, 70.67, 71.59, 70.63, 70.61, 70.77, 68.4, 68.38, 68.55, 66.17, 66.56, 65.91, 66.55, 66.71, 67.41, 65.39, 65.23, 65.18, 65.86, 64.44]
2026-06-08 10:16:11,194 [trainer.py] => CNN top5 curve: [100.0, 100.0, 100.0, 99.75, 99.8, 99.66, 99.71, 99.12, 98.89, 98.5, 97.81, 95.74, 92.75, 90.47, 91.18, 90.54, 89.5, 88.81, 89.35, 88.03, 87.79, 87.38, 87.79, 88.22, 88.61, 89.05, 89.68, 90.36, 89.97, 89.87, 89.97, 89.25, 89.24, 88.58, 88.05, 88.05, 88.34, 87.93, 87.7, 87.96, 88.11, 87.77, 87.87, 86.89, 87.2, 87.09, 87.45, 87.61]
2026-06-08 10:16:11,194 [trainer.py] => Average Accuracy (CNN): 74.3
2026-06-08 10:16:11,208 [trainer.py] => All params: 113078102
2026-06-08 10:16:11,219 [trainer.py] => Trainable params: 276498
2026-06-08 10:16:11,287 [cllora.py] => Learning on 240-245
2026-06-08 10:22:15,489 [cllora.py] => Task 48, Epoch 20/20 => Loss 0.007, Train_accy 100.00
2026-06-08 10:38:53,996 [cllora.py] => Task correct: 64.46991404011462
2026-06-08 10:38:53,997 [cllora.py] => Task acc: 98.95620139173148
2026-06-08 10:38:54,008 [trainer.py] => Timing Task 48 => Train 630.95s, Epochs 20, Train 31.5473s/epoch, Inference 731.84s, Images 4886, Inference 149.7834ms/image
2026-06-08 10:38:54,048 [trainer.py] => No NME accuracy.
2026-06-08 10:38:54,049 [trainer.py] => CNN: {'total': 64.47, '00-04': 45.0, '05-09': 33.0, '10-14': 35.0, '15-19': 75.76, '20-24': 87.0, '25-29': 77.55, '30-34': 60.0, '35-39': 35.0, '40-44': 36.0, '45-49': 58.0, '50-54': 73.0, '55-59': 60.61, '60-64': 62.0, '65-69': 67.0, '70-74': 94.0, '75-79': 48.0, '80-84': 68.0, '85-89': 64.0, '90-94': 47.0, '95-99': 70.0, '100-104': 73.0, '105-109': 75.76, '110-114': 62.63, '115-119': 88.89, '120-124': 76.0, '125-129': 43.0, '130-134': 92.0, '135-139': 42.27, '140-144': 76.0, '145-149': 56.0, '150-154': 91.0, '155-159': 43.0, '160-164': 66.0, '165-169': 63.0, '170-174': 32.0, '175-179': 73.74, '180-184': 81.82, '185-189': 53.54, '190-194': 70.0, '195-199': 79.0, '200-204': 83.0, '205-209': 74.0, '210-214': 71.0, '215-219': 65.66, '220-224': 54.0, '225-229': 69.0, '230-234': 84.0, '235-239': 35.0, '240-244': 89.0, 'old': 63.96, 'new': 89.0}
2026-06-08 10:38:54,049 [trainer.py] => CNN top1 curve: [99.0, 98.0, 98.67, 96.24, 86.37, 87.6, 87.8, 83.69, 79.82, 78.13, 78.21, 76.17, 76.85, 76.72, 77.27, 76.5, 74.41, 74.22, 72.47, 70.24, 69.47, 70.21, 70.18, 70.54, 70.28, 70.54, 70.81, 70.47, 70.48, 70.67, 71.59, 70.63, 70.61, 70.77, 68.4, 68.38, 68.55, 66.17, 66.56, 65.91, 66.55, 66.71, 67.41, 65.39, 65.23, 65.18, 65.86, 64.44, 64.47]
2026-06-08 10:38:54,049 [trainer.py] => CNN top5 curve: [100.0, 100.0, 100.0, 99.75, 99.8, 99.66, 99.71, 99.12, 98.89, 98.5, 97.81, 95.74, 92.75, 90.47, 91.18, 90.54, 89.5, 88.81, 89.35, 88.03, 87.79, 87.38, 87.79, 88.22, 88.61, 89.05, 89.68, 90.36, 89.97, 89.87, 89.97, 89.25, 89.24, 88.58, 88.05, 88.05, 88.34, 87.93, 87.7, 87.96, 88.11, 87.77, 87.87, 86.89, 87.2, 87.09, 87.45, 87.61, 86.72]
2026-06-08 10:38:54,049 [trainer.py] => Average Accuracy (CNN): 74.1
2026-06-08 10:38:54,061 [trainer.py] => All params: 113826903
2026-06-08 10:38:54,069 [trainer.py] => Trainable params: 276498
2026-06-08 10:38:54,141 [cllora.py] => Learning on 245-250
2026-06-08 10:44:48,873 [cllora.py] => Task 49, Epoch 20/20 => Loss 0.026, Train_accy 99.34
2026-06-08 11:01:58,573 [cllora.py] => Task correct: 63.71841155234657
2026-06-08 11:01:58,573 [cllora.py] => Task acc: 98.93702366626555
2026-06-08 11:01:58,583 [trainer.py] => Timing Task 49 => Train 626.62s, Epochs 20, Train 31.3310s/epoch, Inference 757.89s, Images 4986, Inference 152.0042ms/image
2026-06-08 11:01:58,630 [trainer.py] => No NME accuracy.
2026-06-08 11:01:58,631 [trainer.py] => CNN: {'total': 63.72, '00-04': 40.0, '05-09': 27.0, '10-14': 27.0, '15-19': 68.69, '20-24': 79.0, '25-29': 76.53, '30-34': 55.0, '35-39': 32.0, '40-44': 28.0, '45-49': 46.0, '50-54': 69.0, '55-59': 61.62, '60-64': 61.0, '65-69': 72.0, '70-74': 95.0, '75-79': 46.0, '80-84': 67.0, '85-89': 63.0, '90-94': 49.0, '95-99': 69.0, '100-104': 78.0, '105-109': 75.76, '110-114': 68.69, '115-119': 82.83, '120-124': 80.0, '125-129': 35.0, '130-134': 91.0, '135-139': 41.24, '140-144': 74.0, '145-149': 55.0, '150-154': 90.0, '155-159': 43.0, '160-164': 70.0, '165-169': 64.0, '170-174': 32.0, '175-179': 68.69, '180-184': 81.82, '185-189': 61.62, '190-194': 70.0, '195-199': 79.0, '200-204': 86.0, '205-209': 76.0, '210-214': 76.0, '215-219': 64.65, '220-224': 68.0, '225-229': 74.0, '230-234': 85.0, '235-239': 30.0, '240-244': 79.0, '245-249': 74.0, 'old': 63.51, 'new': 74.0}
2026-06-08 11:01:58,631 [trainer.py] => CNN top1 curve: [99.0, 98.0, 98.67, 96.24, 86.37, 87.6, 87.8, 83.69, 79.82, 78.13, 78.21, 76.17, 76.85, 76.72, 77.27, 76.5, 74.41, 74.22, 72.47, 70.24, 69.47, 70.21, 70.18, 70.54, 70.28, 70.54, 70.81, 70.47, 70.48, 70.67, 71.59, 70.63, 70.61, 70.77, 68.4, 68.38, 68.55, 66.17, 66.56, 65.91, 66.55, 66.71, 67.41, 65.39, 65.23, 65.18, 65.86, 64.44, 64.47, 63.72]
2026-06-08 11:01:58,631 [trainer.py] => CNN top5 curve: [100.0, 100.0, 100.0, 99.75, 99.8, 99.66, 99.71, 99.12, 98.89, 98.5, 97.81, 95.74, 92.75, 90.47, 91.18, 90.54, 89.5, 88.81, 89.35, 88.03, 87.79, 87.38, 87.79, 88.22, 88.61, 89.05, 89.68, 90.36, 89.97, 89.87, 89.97, 89.25, 89.24, 88.58, 88.05, 88.05, 88.34, 87.93, 87.7, 87.96, 88.11, 87.77, 87.87, 86.89, 87.2, 87.09, 87.45, 87.61, 86.72, 86.5]
2026-06-08 11:01:58,631 [trainer.py] => Average Accuracy (CNN): 73.89
2026-06-08 11:01:58,643 [trainer.py] => All params: 114583384
2026-06-08 11:01:58,652 [trainer.py] => Trainable params: 276498
2026-06-08 11:01:58,727 [cllora.py] => Learning on 250-255
2026-06-08 11:07:53,386 [cllora.py] => Task 50, Epoch 20/20 => Loss 0.009, Train_accy 99.93
2026-06-08 11:25:36,227 [cllora.py] => Task correct: 61.679119150609516
2026-06-08 11:25:36,227 [cllora.py] => Task acc: 98.87927644514353
2026-06-08 11:25:36,232 [trainer.py] => Timing Task 50 => Train 630.33s, Epochs 20, Train 31.5166s/epoch, Inference 787.25s, Images 5086, Inference 154.7871ms/image
2026-06-08 11:25:36,272 [trainer.py] => No NME accuracy.
2026-06-08 11:25:36,272 [trainer.py] => CNN: {'total': 61.68, '00-04': 40.0, '05-09': 23.0, '10-14': 25.0, '15-19': 63.64, '20-24': 67.0, '25-29': 72.45, '30-34': 53.0, '35-39': 26.0, '40-44': 25.0, '45-49': 37.0, '50-54': 69.0, '55-59': 64.65, '60-64': 54.0, '65-69': 65.0, '70-74': 94.0, '75-79': 47.0, '80-84': 65.0, '85-89': 62.0, '90-94': 49.0, '95-99': 69.0, '100-104': 80.0, '105-109': 74.75, '110-114': 61.62, '115-119': 82.83, '120-124': 81.0, '125-129': 35.0, '130-134': 90.0, '135-139': 42.27, '140-144': 76.0, '145-149': 54.0, '150-154': 83.0, '155-159': 42.0, '160-164': 70.0, '165-169': 60.0, '170-174': 30.0, '175-179': 64.65, '180-184': 77.78, '185-189': 63.64, '190-194': 71.0, '195-199': 75.0, '200-204': 86.0, '205-209': 65.0, '210-214': 69.0, '215-219': 63.64, '220-224': 72.0, '225-229': 74.0, '230-234': 79.0, '235-239': 25.0, '240-244': 72.0, '245-249': 64.0, '250-254': 91.0, 'old': 61.09, 'new': 91.0}
2026-06-08 11:25:36,272 [trainer.py] => CNN top1 curve: [99.0, 98.0, 98.67, 96.24, 86.37, 87.6, 87.8, 83.69, 79.82, 78.13, 78.21, 76.17, 76.85, 76.72, 77.27, 76.5, 74.41, 74.22, 72.47, 70.24, 69.47, 70.21, 70.18, 70.54, 70.28, 70.54, 70.81, 70.47, 70.48, 70.67, 71.59, 70.63, 70.61, 70.77, 68.4, 68.38, 68.55, 66.17, 66.56, 65.91, 66.55, 66.71, 67.41, 65.39, 65.23, 65.18, 65.86, 64.44, 64.47, 63.72, 61.68]
2026-06-08 11:25:36,272 [trainer.py] => CNN top5 curve: [100.0, 100.0, 100.0, 99.75, 99.8, 99.66, 99.71, 99.12, 98.89, 98.5, 97.81, 95.74, 92.75, 90.47, 91.18, 90.54, 89.5, 88.81, 89.35, 88.03, 87.79, 87.38, 87.79, 88.22, 88.61, 89.05, 89.68, 90.36, 89.97, 89.87, 89.97, 89.25, 89.24, 88.58, 88.05, 88.05, 88.34, 87.93, 87.7, 87.96, 88.11, 87.77, 87.87, 86.89, 87.2, 87.09, 87.45, 87.61, 86.72, 86.5, 85.12]
2026-06-08 11:25:36,272 [trainer.py] => Average Accuracy (CNN): 73.65
2026-06-08 11:25:36,285 [trainer.py] => All params: 115347545
2026-06-08 11:25:36,294 [trainer.py] => Trainable params: 276498
2026-06-08 11:25:36,373 [cllora.py] => Learning on 255-260
2026-06-08 11:31:45,312 [cllora.py] => Task 51, Epoch 20/20 => Loss 0.062, Train_accy 97.88
2026-06-08 11:50:17,173 [cllora.py] => Task correct: 62.58437801350048
2026-06-08 11:50:17,174 [cllora.py] => Task acc: 99.15139826422372
2026-06-08 11:50:17,186 [trainer.py] => Timing Task 51 => Train 655.89s, Epochs 20, Train 32.7945s/epoch, Inference 825.00s, Images 5185, Inference 159.1133ms/image
2026-06-08 11:50:17,237 [trainer.py] => No NME accuracy.
2026-06-08 11:50:17,238 [trainer.py] => CNN: {'total': 62.58, '00-04': 47.0, '05-09': 39.0, '10-14': 38.0, '15-19': 77.78, '20-24': 75.0, '25-29': 74.49, '30-34': 64.0, '35-39': 34.0, '40-44': 31.0, '45-49': 79.0, '50-54': 72.0, '55-59': 61.62, '60-64': 49.0, '65-69': 66.0, '70-74': 95.0, '75-79': 47.0, '80-84': 67.0, '85-89': 66.0, '90-94': 47.0, '95-99': 73.0, '100-104': 65.0, '105-109': 74.75, '110-114': 60.61, '115-119': 73.74, '120-124': 80.0, '125-129': 39.0, '130-134': 93.0, '135-139': 38.14, '140-144': 73.0, '145-149': 57.0, '150-154': 89.0, '155-159': 51.0, '160-164': 77.0, '165-169': 66.0, '170-174': 32.0, '175-179': 76.77, '180-184': 79.8, '185-189': 54.55, '190-194': 70.0, '195-199': 79.0, '200-204': 83.0, '205-209': 70.0, '210-214': 69.0, '215-219': 57.58, '220-224': 41.0, '225-229': 63.0, '230-234': 81.0, '235-239': 31.0, '240-244': 70.0, '245-249': 41.0, '250-254': 67.0, '255-259': 48.48, 'old': 62.86, 'new': 48.48}
2026-06-08 11:50:17,238 [trainer.py] => CNN top1 curve: [99.0, 98.0, 98.67, 96.24, 86.37, 87.6, 87.8, 83.69, 79.82, 78.13, 78.21, 76.17, 76.85, 76.72, 77.27, 76.5, 74.41, 74.22, 72.47, 70.24, 69.47, 70.21, 70.18, 70.54, 70.28, 70.54, 70.81, 70.47, 70.48, 70.67, 71.59, 70.63, 70.61, 70.77, 68.4, 68.38, 68.55, 66.17, 66.56, 65.91, 66.55, 66.71, 67.41, 65.39, 65.23, 65.18, 65.86, 64.44, 64.47, 63.72, 61.68, 62.58]
2026-06-08 11:50:17,238 [trainer.py] => CNN top5 curve: [100.0, 100.0, 100.0, 99.75, 99.8, 99.66, 99.71, 99.12, 98.89, 98.5, 97.81, 95.74, 92.75, 90.47, 91.18, 90.54, 89.5, 88.81, 89.35, 88.03, 87.79, 87.38, 87.79, 88.22, 88.61, 89.05, 89.68, 90.36, 89.97, 89.87, 89.97, 89.25, 89.24, 88.58, 88.05, 88.05, 88.34, 87.93, 87.7, 87.96, 88.11, 87.77, 87.87, 86.89, 87.2, 87.09, 87.45, 87.61, 86.72, 86.5, 85.12, 86.11]
2026-06-08 11:50:17,238 [trainer.py] => Average Accuracy (CNN): 73.44
2026-06-08 11:50:17,253 [trainer.py] => All params: 116119386
2026-06-08 11:50:17,262 [trainer.py] => Trainable params: 276498
2026-06-08 11:50:17,346 [cllora.py] => Learning on 260-265
2026-06-08 11:56:15,222 [cllora.py] => Task 52, Epoch 20/20 => Loss 0.054, Train_accy 98.09
2026-06-08 12:15:11,241 [cllora.py] => Task correct: 63.04635761589404
2026-06-08 12:15:11,241 [cllora.py] => Task acc: 99.11069063386944
2026-06-08 12:15:11,248 [trainer.py] => Timing Task 52 => Train 646.57s, Epochs 20, Train 32.3287s/epoch, Inference 847.41s, Images 5285, Inference 160.3426ms/image
2026-06-08 12:15:11,293 [trainer.py] => No NME accuracy.
2026-06-08 12:15:11,293 [trainer.py] => CNN: {'total': 63.03, '00-04': 51.0, '05-09': 53.0, '10-14': 49.0, '15-19': 79.8, '20-24': 75.0, '25-29': 76.53, '30-34': 76.0, '35-39': 37.0, '40-44': 34.0, '45-49': 83.0, '50-54': 75.0, '55-59': 56.57, '60-64': 48.0, '65-69': 67.0, '70-74': 95.0, '75-79': 51.0, '80-84': 70.0, '85-89': 64.0, '90-94': 47.0, '95-99': 73.0, '100-104': 64.0, '105-109': 74.75, '110-114': 60.61, '115-119': 76.77, '120-124': 81.0, '125-129': 39.0, '130-134': 93.0, '135-139': 36.08, '140-144': 73.0, '145-149': 58.0, '150-154': 91.0, '155-159': 44.0, '160-164': 77.0, '165-169': 63.0, '170-174': 36.0, '175-179': 74.75, '180-184': 79.8, '185-189': 58.59, '190-194': 66.0, '195-199': 80.0, '200-204': 77.0, '205-209': 69.0, '210-214': 61.0, '215-219': 53.54, '220-224': 34.0, '225-229': 63.0, '230-234': 81.0, '235-239': 34.0, '240-244': 60.0, '245-249': 40.0, '250-254': 61.0, '255-259': 42.42, '260-264': 77.0, 'old': 62.76, 'new': 77.0}
2026-06-08 12:15:11,293 [trainer.py] => CNN top1 curve: [99.0, 98.0, 98.67, 96.24, 86.37, 87.6, 87.8, 83.69, 79.82, 78.13, 78.21, 76.17, 76.85, 76.72, 77.27, 76.5, 74.41, 74.22, 72.47, 70.24, 69.47, 70.21, 70.18, 70.54, 70.28, 70.54, 70.81, 70.47, 70.48, 70.67, 71.59, 70.63, 70.61, 70.77, 68.4, 68.38, 68.55, 66.17, 66.56, 65.91, 66.55, 66.71, 67.41, 65.39, 65.23, 65.18, 65.86, 64.44, 64.47, 63.72, 61.68, 62.58, 63.03]
2026-06-08 12:15:11,293 [trainer.py] => CNN top5 curve: [100.0, 100.0, 100.0, 99.75, 99.8, 99.66, 99.71, 99.12, 98.89, 98.5, 97.81, 95.74, 92.75, 90.47, 91.18, 90.54, 89.5, 88.81, 89.35, 88.03, 87.79, 87.38, 87.79, 88.22, 88.61, 89.05, 89.68, 90.36, 89.97, 89.87, 89.97, 89.25, 89.24, 88.58, 88.05, 88.05, 88.34, 87.93, 87.7, 87.96, 88.11, 87.77, 87.87, 86.89, 87.2, 87.09, 87.45, 87.61, 86.72, 86.5, 85.12, 86.11, 86.87]
2026-06-08 12:15:11,294 [trainer.py] => Average Accuracy (CNN): 73.24
2026-06-08 12:15:11,308 [trainer.py] => All params: 116898907
2026-06-08 12:15:11,319 [trainer.py] => Trainable params: 276498
2026-06-08 12:15:11,404 [cllora.py] => Learning on 265-270
2026-06-08 12:21:07,855 [cllora.py] => Task 53, Epoch 20/20 => Loss 0.071, Train_accy 97.39
2026-06-08 12:40:42,452 [cllora.py] => Task correct: 63.119777158774376
2026-06-08 12:40:42,453 [cllora.py] => Task acc: 99.07149489322191
2026-06-08 12:40:42,464 [trainer.py] => Timing Task 53 => Train 646.60s, Epochs 20, Train 32.3298s/epoch, Inference 884.55s, Images 5385, Inference 164.2616ms/image
2026-06-08 12:40:42,507 [trainer.py] => No NME accuracy.
2026-06-08 12:40:42,508 [trainer.py] => CNN: {'total': 63.1, '00-04': 50.0, '05-09': 47.0, '10-14': 43.0, '15-19': 84.85, '20-24': 83.0, '25-29': 75.51, '30-34': 71.0, '35-39': 36.0, '40-44': 32.0, '45-49': 73.0, '50-54': 75.0, '55-59': 62.63, '60-64': 46.0, '65-69': 68.0, '70-74': 82.0, '75-79': 47.0, '80-84': 68.0, '85-89': 64.0, '90-94': 44.0, '95-99': 74.0, '100-104': 65.0, '105-109': 75.76, '110-114': 67.68, '115-119': 75.76, '120-124': 81.0, '125-129': 44.0, '130-134': 91.0, '135-139': 37.11, '140-144': 74.0, '145-149': 57.0, '150-154': 92.0, '155-159': 45.0, '160-164': 80.0, '165-169': 63.0, '170-174': 34.0, '175-179': 75.76, '180-184': 74.75, '185-189': 64.65, '190-194': 66.0, '195-199': 80.0, '200-204': 81.0, '205-209': 66.0, '210-214': 71.0, '215-219': 55.56, '220-224': 38.0, '225-229': 62.0, '230-234': 81.0, '235-239': 28.0, '240-244': 66.0, '245-249': 43.0, '250-254': 65.0, '255-259': 37.37, '260-264': 65.0, '265-269': 79.0, 'old': 62.8, 'new': 79.0}
2026-06-08 12:40:42,508 [trainer.py] => CNN top1 curve: [99.0, 98.0, 98.67, 96.24, 86.37, 87.6, 87.8, 83.69, 79.82, 78.13, 78.21, 76.17, 76.85, 76.72, 77.27, 76.5, 74.41, 74.22, 72.47, 70.24, 69.47, 70.21, 70.18, 70.54, 70.28, 70.54, 70.81, 70.47, 70.48, 70.67, 71.59, 70.63, 70.61, 70.77, 68.4, 68.38, 68.55, 66.17, 66.56, 65.91, 66.55, 66.71, 67.41, 65.39, 65.23, 65.18, 65.86, 64.44, 64.47, 63.72, 61.68, 62.58, 63.03, 63.1]
2026-06-08 12:40:42,508 [trainer.py] => CNN top5 curve: [100.0, 100.0, 100.0, 99.75, 99.8, 99.66, 99.71, 99.12, 98.89, 98.5, 97.81, 95.74, 92.75, 90.47, 91.18, 90.54, 89.5, 88.81, 89.35, 88.03, 87.79, 87.38, 87.79, 88.22, 88.61, 89.05, 89.68, 90.36, 89.97, 89.87, 89.97, 89.25, 89.24, 88.58, 88.05, 88.05, 88.34, 87.93, 87.7, 87.96, 88.11, 87.77, 87.87, 86.89, 87.2, 87.09, 87.45, 87.61, 86.72, 86.5, 85.12, 86.11, 86.87, 86.43]
2026-06-08 12:40:42,508 [trainer.py] => Average Accuracy (CNN): 73.05
2026-06-08 12:40:42,523 [trainer.py] => All params: 117686108
2026-06-08 12:40:42,533 [trainer.py] => Trainable params: 276498
2026-06-08 12:40:42,628 [cllora.py] => Learning on 270-275
2026-06-08 12:46:28,728 [cllora.py] => Task 54, Epoch 20/20 => Loss 0.051, Train_accy 98.01
2026-06-08 13:06:34,792 [cllora.py] => Task correct: 60.56517775752051
2026-06-08 13:06:34,793 [cllora.py] => Task acc: 99.08842297174111
2026-06-08 13:06:34,805 [trainer.py] => Timing Task 54 => Train 633.31s, Epochs 20, Train 31.6656s/epoch, Inference 918.96s, Images 5485, Inference 167.5406ms/image
2026-06-08 13:06:34,874 [trainer.py] => No NME accuracy.
2026-06-08 13:06:34,874 [trainer.py] => CNN: {'total': 60.57, '00-04': 43.0, '05-09': 32.0, '10-14': 24.0, '15-19': 67.68, '20-24': 68.0, '25-29': 71.43, '30-34': 58.0, '35-39': 35.0, '40-44': 29.0, '45-49': 71.0, '50-54': 74.0, '55-59': 67.68, '60-64': 43.0, '65-69': 69.0, '70-74': 82.0, '75-79': 48.0, '80-84': 68.0, '85-89': 60.0, '90-94': 46.0, '95-99': 72.0, '100-104': 68.0, '105-109': 74.75, '110-114': 61.62, '115-119': 71.72, '120-124': 81.0, '125-129': 40.0, '130-134': 93.0, '135-139': 38.14, '140-144': 74.0, '145-149': 57.0, '150-154': 89.0, '155-159': 48.0, '160-164': 77.0, '165-169': 64.0, '170-174': 33.0, '175-179': 75.76, '180-184': 74.75, '185-189': 62.63, '190-194': 67.0, '195-199': 80.0, '200-204': 81.0, '205-209': 66.0, '210-214': 69.0, '215-219': 55.56, '220-224': 34.0, '225-229': 64.0, '230-234': 77.0, '235-239': 26.0, '240-244': 67.0, '245-249': 40.0, '250-254': 68.0, '255-259': 39.39, '260-264': 64.0, '265-269': 77.0, '270-274': 44.0, 'old': 60.87, 'new': 44.0}
2026-06-08 13:06:34,874 [trainer.py] => CNN top1 curve: [99.0, 98.0, 98.67, 96.24, 86.37, 87.6, 87.8, 83.69, 79.82, 78.13, 78.21, 76.17, 76.85, 76.72, 77.27, 76.5, 74.41, 74.22, 72.47, 70.24, 69.47, 70.21, 70.18, 70.54, 70.28, 70.54, 70.81, 70.47, 70.48, 70.67, 71.59, 70.63, 70.61, 70.77, 68.4, 68.38, 68.55, 66.17, 66.56, 65.91, 66.55, 66.71, 67.41, 65.39, 65.23, 65.18, 65.86, 64.44, 64.47, 63.72, 61.68, 62.58, 63.03, 63.1, 60.57]
2026-06-08 13:06:34,875 [trainer.py] => CNN top5 curve: [100.0, 100.0, 100.0, 99.75, 99.8, 99.66, 99.71, 99.12, 98.89, 98.5, 97.81, 95.74, 92.75, 90.47, 91.18, 90.54, 89.5, 88.81, 89.35, 88.03, 87.79, 87.38, 87.79, 88.22, 88.61, 89.05, 89.68, 90.36, 89.97, 89.87, 89.97, 89.25, 89.24, 88.58, 88.05, 88.05, 88.34, 87.93, 87.7, 87.96, 88.11, 87.77, 87.87, 86.89, 87.2, 87.09, 87.45, 87.61, 86.72, 86.5, 85.12, 86.11, 86.87, 86.43, 85.16]
2026-06-08 13:06:34,875 [trainer.py] => Average Accuracy (CNN): 72.83
2026-06-08 13:06:34,898 [trainer.py] => All params: 118480989
2026-06-08 13:06:34,920 [trainer.py] => Trainable params: 276498
2026-06-08 13:06:35,105 [cllora.py] => Learning on 275-280
2026-06-08 13:12:15,610 [cllora.py] => Task 55, Epoch 20/20 => Loss 0.026, Train_accy 99.31
2026-06-08 13:32:46,944 [cllora.py] => Task correct: 61.50402864816473
2026-06-08 13:32:46,945 [cllora.py] => Task acc: 98.97940913160251
2026-06-08 13:32:46,958 [trainer.py] => Timing Task 55 => Train 629.08s, Epochs 20, Train 31.4538s/epoch, Inference 942.96s, Images 5585, Inference 168.8384ms/image
2026-06-08 13:32:47,002 [trainer.py] => No NME accuracy.
2026-06-08 13:32:47,003 [trainer.py] => CNN: {'total': 61.5, '00-04': 45.0, '05-09': 34.0, '10-14': 35.0, '15-19': 67.68, '20-24': 67.0, '25-29': 72.45, '30-34': 59.0, '35-39': 35.0, '40-44': 30.0, '45-49': 75.0, '50-54': 73.0, '55-59': 65.66, '60-64': 47.0, '65-69': 67.0, '70-74': 81.0, '75-79': 47.0, '80-84': 69.0, '85-89': 67.0, '90-94': 46.0, '95-99': 70.0, '100-104': 65.0, '105-109': 74.75, '110-114': 65.66, '115-119': 70.71, '120-124': 80.0, '125-129': 41.0, '130-134': 93.0, '135-139': 36.08, '140-144': 73.0, '145-149': 57.0, '150-154': 89.0, '155-159': 49.0, '160-164': 79.0, '165-169': 62.0, '170-174': 36.0, '175-179': 72.73, '180-184': 73.74, '185-189': 62.63, '190-194': 65.0, '195-199': 82.0, '200-204': 81.0, '205-209': 69.0, '210-214': 72.0, '215-219': 54.55, '220-224': 33.0, '225-229': 64.0, '230-234': 79.0, '235-239': 30.0, '240-244': 65.0, '245-249': 39.0, '250-254': 68.0, '255-259': 42.42, '260-264': 71.0, '265-269': 78.0, '270-274': 44.0, '275-279': 74.0, 'old': 61.28, 'new': 74.0}
2026-06-08 13:32:47,003 [trainer.py] => CNN top1 curve: [99.0, 98.0, 98.67, 96.24, 86.37, 87.6, 87.8, 83.69, 79.82, 78.13, 78.21, 76.17, 76.85, 76.72, 77.27, 76.5, 74.41, 74.22, 72.47, 70.24, 69.47, 70.21, 70.18, 70.54, 70.28, 70.54, 70.81, 70.47, 70.48, 70.67, 71.59, 70.63, 70.61, 70.77, 68.4, 68.38, 68.55, 66.17, 66.56, 65.91, 66.55, 66.71, 67.41, 65.39, 65.23, 65.18, 65.86, 64.44, 64.47, 63.72, 61.68, 62.58, 63.03, 63.1, 60.57, 61.5]
2026-06-08 13:32:47,003 [trainer.py] => CNN top5 curve: [100.0, 100.0, 100.0, 99.75, 99.8, 99.66, 99.71, 99.12, 98.89, 98.5, 97.81, 95.74, 92.75, 90.47, 91.18, 90.54, 89.5, 88.81, 89.35, 88.03, 87.79, 87.38, 87.79, 88.22, 88.61, 89.05, 89.68, 90.36, 89.97, 89.87, 89.97, 89.25, 89.24, 88.58, 88.05, 88.05, 88.34, 87.93, 87.7, 87.96, 88.11, 87.77, 87.87, 86.89, 87.2, 87.09, 87.45, 87.61, 86.72, 86.5, 85.12, 86.11, 86.87, 86.43, 85.16, 85.1]
2026-06-08 13:32:47,003 [trainer.py] => Average Accuracy (CNN): 72.63
2026-06-08 13:32:47,017 [trainer.py] => All params: 119283550
2026-06-08 13:32:47,029 [trainer.py] => Trainable params: 276498
2026-06-08 13:32:47,124 [cllora.py] => Learning on 280-285
2026-06-08 13:38:36,993 [cllora.py] => Task 56, Epoch 20/20 => Loss 0.059, Train_accy 97.92
2026-06-08 14:00:07,472 [cllora.py] => Task correct: 61.74142480211082
2026-06-08 14:00:07,473 [cllora.py] => Task acc: 99.06772207563765
2026-06-08 14:00:07,485 [trainer.py] => Timing Task 56 => Train 656.99s, Epochs 20, Train 32.8497s/epoch, Inference 983.46s, Images 5685, Inference 172.9926ms/image
2026-06-08 14:00:07,527 [trainer.py] => No NME accuracy.
2026-06-08 14:00:07,527 [trainer.py] => CNN: {'total': 61.72, '00-04': 44.0, '05-09': 36.0, '10-14': 33.0, '15-19': 74.75, '20-24': 78.0, '25-29': 75.51, '30-34': 62.0, '35-39': 33.0, '40-44': 32.0, '45-49': 71.0, '50-54': 74.0, '55-59': 65.66, '60-64': 54.0, '65-69': 67.0, '70-74': 83.0, '75-79': 47.0, '80-84': 70.0, '85-89': 66.0, '90-94': 45.0, '95-99': 69.0, '100-104': 69.0, '105-109': 75.76, '110-114': 65.66, '115-119': 72.73, '120-124': 82.0, '125-129': 25.0, '130-134': 92.0, '135-139': 35.05, '140-144': 74.0, '145-149': 56.0, '150-154': 89.0, '155-159': 50.0, '160-164': 80.0, '165-169': 61.0, '170-174': 33.0, '175-179': 73.74, '180-184': 76.77, '185-189': 59.6, '190-194': 65.0, '195-199': 82.0, '200-204': 80.0, '205-209': 68.0, '210-214': 71.0, '215-219': 42.42, '220-224': 34.0, '225-229': 65.0, '230-234': 85.0, '235-239': 27.0, '240-244': 68.0, '245-249': 43.0, '250-254': 67.0, '255-259': 38.38, '260-264': 64.0, '265-269': 66.0, '270-274': 41.0, '275-279': 67.0, '280-284': 94.0, 'old': 61.15, 'new': 94.0}
2026-06-08 14:00:07,528 [trainer.py] => CNN top1 curve: [99.0, 98.0, 98.67, 96.24, 86.37, 87.6, 87.8, 83.69, 79.82, 78.13, 78.21, 76.17, 76.85, 76.72, 77.27, 76.5, 74.41, 74.22, 72.47, 70.24, 69.47, 70.21, 70.18, 70.54, 70.28, 70.54, 70.81, 70.47, 70.48, 70.67, 71.59, 70.63, 70.61, 70.77, 68.4, 68.38, 68.55, 66.17, 66.56, 65.91, 66.55, 66.71, 67.41, 65.39, 65.23, 65.18, 65.86, 64.44, 64.47, 63.72, 61.68, 62.58, 63.03, 63.1, 60.57, 61.5, 61.72]
2026-06-08 14:00:07,528 [trainer.py] => CNN top5 curve: [100.0, 100.0, 100.0, 99.75, 99.8, 99.66, 99.71, 99.12, 98.89, 98.5, 97.81, 95.74, 92.75, 90.47, 91.18, 90.54, 89.5, 88.81, 89.35, 88.03, 87.79, 87.38, 87.79, 88.22, 88.61, 89.05, 89.68, 90.36, 89.97, 89.87, 89.97, 89.25, 89.24, 88.58, 88.05, 88.05, 88.34, 87.93, 87.7, 87.96, 88.11, 87.77, 87.87, 86.89, 87.2, 87.09, 87.45, 87.61, 86.72, 86.5, 85.12, 86.11, 86.87, 86.43, 85.16, 85.1, 85.77]
2026-06-08 14:00:07,528 [trainer.py] => Average Accuracy (CNN): 72.43
2026-06-08 14:00:07,541 [trainer.py] => All params: 120093791
2026-06-08 14:00:07,552 [trainer.py] => Trainable params: 276498
2026-06-08 14:00:07,649 [cllora.py] => Learning on 285-290
2026-06-08 14:06:02,883 [cllora.py] => Task 57, Epoch 20/20 => Loss 0.028, Train_accy 99.40
2026-06-08 14:28:18,536 [cllora.py] => Task correct: 62.45462402765774
2026-06-08 14:28:18,537 [cllora.py] => Task acc: 99.06655142610198
2026-06-08 14:28:18,552 [trainer.py] => Timing Task 57 => Train 667.23s, Epochs 20, Train 33.3617s/epoch, Inference 1023.76s, Images 5785, Inference 176.9688ms/image
2026-06-08 14:28:18,593 [trainer.py] => No NME accuracy.
2026-06-08 14:28:18,593 [trainer.py] => CNN: {'total': 62.44, '00-04': 48.0, '05-09': 39.0, '10-14': 39.0, '15-19': 77.78, '20-24': 82.0, '25-29': 75.51, '30-34': 62.0, '35-39': 36.0, '40-44': 25.0, '45-49': 67.0, '50-54': 75.0, '55-59': 63.64, '60-64': 51.0, '65-69': 66.0, '70-74': 88.0, '75-79': 47.0, '80-84': 73.0, '85-89': 66.0, '90-94': 45.0, '95-99': 70.0, '100-104': 69.0, '105-109': 73.74, '110-114': 64.65, '115-119': 77.78, '120-124': 80.0, '125-129': 31.0, '130-134': 92.0, '135-139': 37.11, '140-144': 75.0, '145-149': 57.0, '150-154': 91.0, '155-159': 41.0, '160-164': 79.0, '165-169': 64.0, '170-174': 32.0, '175-179': 75.76, '180-184': 74.75, '185-189': 66.67, '190-194': 67.0, '195-199': 82.0, '200-204': 80.0, '205-209': 66.0, '210-214': 72.0, '215-219': 48.48, '220-224': 39.0, '225-229': 65.0, '230-234': 85.0, '235-239': 26.0, '240-244': 67.0, '245-249': 41.0, '250-254': 68.0, '255-259': 37.37, '260-264': 59.0, '265-269': 64.0, '270-274': 37.0, '275-279': 65.0, '280-284': 91.0, '285-289': 84.0, 'old': 62.06, 'new': 84.0}
2026-06-08 14:28:18,593 [trainer.py] => CNN top1 curve: [99.0, 98.0, 98.67, 96.24, 86.37, 87.6, 87.8, 83.69, 79.82, 78.13, 78.21, 76.17, 76.85, 76.72, 77.27, 76.5, 74.41, 74.22, 72.47, 70.24, 69.47, 70.21, 70.18, 70.54, 70.28, 70.54, 70.81, 70.47, 70.48, 70.67, 71.59, 70.63, 70.61, 70.77, 68.4, 68.38, 68.55, 66.17, 66.56, 65.91, 66.55, 66.71, 67.41, 65.39, 65.23, 65.18, 65.86, 64.44, 64.47, 63.72, 61.68, 62.58, 63.03, 63.1, 60.57, 61.5, 61.72, 62.44]
2026-06-08 14:28:18,594 [trainer.py] => CNN top5 curve: [100.0, 100.0, 100.0, 99.75, 99.8, 99.66, 99.71, 99.12, 98.89, 98.5, 97.81, 95.74, 92.75, 90.47, 91.18, 90.54, 89.5, 88.81, 89.35, 88.03, 87.79, 87.38, 87.79, 88.22, 88.61, 89.05, 89.68, 90.36, 89.97, 89.87, 89.97, 89.25, 89.24, 88.58, 88.05, 88.05, 88.34, 87.93, 87.7, 87.96, 88.11, 87.77, 87.87, 86.89, 87.2, 87.09, 87.45, 87.61, 86.72, 86.5, 85.12, 86.11, 86.87, 86.43, 85.16, 85.1, 85.77, 86.0]
2026-06-08 14:28:18,594 [trainer.py] => Average Accuracy (CNN): 72.26
2026-06-08 14:28:18,607 [trainer.py] => All params: 120911712
2026-06-08 14:28:18,617 [trainer.py] => Trainable params: 276498
2026-06-08 14:28:18,719 [cllora.py] => Learning on 290-295
2026-06-08 14:34:32,434 [cllora.py] => Task 58, Epoch 20/20 => Loss 0.034, Train_accy 99.04
2026-06-08 14:57:41,102 [cllora.py] => Task correct: 61.444350042480885
2026-06-08 14:57:41,102 [cllora.py] => Task acc: 99.09940526762956
2026-06-08 14:57:41,110 [trainer.py] => Timing Task 58 => Train 703.07s, Epochs 20, Train 35.1534s/epoch, Inference 1059.42s, Images 5885, Inference 180.0210ms/image
2026-06-08 14:57:41,177 [trainer.py] => No NME accuracy.
2026-06-08 14:57:41,178 [trainer.py] => CNN: {'total': 61.41, '00-04': 42.0, '05-09': 35.0, '10-14': 33.0, '15-19': 74.75, '20-24': 72.0, '25-29': 75.51, '30-34': 64.0, '35-39': 34.0, '40-44': 30.0, '45-49': 71.0, '50-54': 73.0, '55-59': 64.65, '60-64': 47.0, '65-69': 66.0, '70-74': 91.0, '75-79': 48.0, '80-84': 71.0, '85-89': 63.0, '90-94': 47.0, '95-99': 68.0, '100-104': 68.0, '105-109': 74.75, '110-114': 63.64, '115-119': 74.75, '120-124': 80.0, '125-129': 30.0, '130-134': 94.0, '135-139': 35.05, '140-144': 74.0, '145-149': 57.0, '150-154': 90.0, '155-159': 44.0, '160-164': 76.0, '165-169': 63.0, '170-174': 29.0, '175-179': 74.75, '180-184': 75.76, '185-189': 65.66, '190-194': 68.0, '195-199': 80.0, '200-204': 79.0, '205-209': 64.0, '210-214': 71.0, '215-219': 49.49, '220-224': 39.0, '225-229': 65.0, '230-234': 85.0, '235-239': 29.0, '240-244': 67.0, '245-249': 43.0, '250-254': 65.0, '255-259': 36.36, '260-264': 56.0, '265-269': 64.0, '270-274': 39.0, '275-279': 64.0, '280-284': 91.0, '285-289': 81.0, '290-294': 48.0, 'old': 61.64, 'new': 48.0}
2026-06-08 14:57:41,178 [trainer.py] => CNN top1 curve: [99.0, 98.0, 98.67, 96.24, 86.37, 87.6, 87.8, 83.69, 79.82, 78.13, 78.21, 76.17, 76.85, 76.72, 77.27, 76.5, 74.41, 74.22, 72.47, 70.24, 69.47, 70.21, 70.18, 70.54, 70.28, 70.54, 70.81, 70.47, 70.48, 70.67, 71.59, 70.63, 70.61, 70.77, 68.4, 68.38, 68.55, 66.17, 66.56, 65.91, 66.55, 66.71, 67.41, 65.39, 65.23, 65.18, 65.86, 64.44, 64.47, 63.72, 61.68, 62.58, 63.03, 63.1, 60.57, 61.5, 61.72, 62.44, 61.41]
2026-06-08 14:57:41,178 [trainer.py] => CNN top5 curve: [100.0, 100.0, 100.0, 99.75, 99.8, 99.66, 99.71, 99.12, 98.89, 98.5, 97.81, 95.74, 92.75, 90.47, 91.18, 90.54, 89.5, 88.81, 89.35, 88.03, 87.79, 87.38, 87.79, 88.22, 88.61, 89.05, 89.68, 90.36, 89.97, 89.87, 89.97, 89.25, 89.24, 88.58, 88.05, 88.05, 88.34, 87.93, 87.7, 87.96, 88.11, 87.77, 87.87, 86.89, 87.2, 87.09, 87.45, 87.61, 86.72, 86.5, 85.12, 86.11, 86.87, 86.43, 85.16, 85.1, 85.77, 86.0, 85.45]
2026-06-08 14:57:41,178 [trainer.py] => Average Accuracy (CNN): 72.08
2026-06-08 14:57:41,203 [trainer.py] => All params: 121737313
2026-06-08 14:57:41,228 [trainer.py] => Trainable params: 276498
2026-06-08 14:57:41,442 [cllora.py] => Learning on 295-300
2026-06-08 15:03:26,855 [cllora.py] => Task 59, Epoch 20/20 => Loss 0.031, Train_accy 99.04
2026-06-08 15:26:50,676 [cllora.py] => Task correct: 61.35338345864662
2026-06-08 15:26:50,676 [cllora.py] => Task acc: 98.99749373433583
2026-06-08 15:26:50,683 [trainer.py] => Timing Task 59 => Train 657.46s, Epochs 20, Train 32.8731s/epoch, Inference 1091.99s, Images 5985, Inference 182.4548ms/image
2026-06-08 15:26:50,729 [trainer.py] => No NME accuracy.
2026-06-08 15:26:50,729 [trainer.py] => CNN: {'total': 61.34, '00-04': 48.0, '05-09': 44.0, '10-14': 44.0, '15-19': 77.78, '20-24': 83.0, '25-29': 73.47, '30-34': 67.0, '35-39': 35.0, '40-44': 28.0, '45-49': 72.0, '50-54': 76.0, '55-59': 64.65, '60-64': 48.0, '65-69': 65.0, '70-74': 87.0, '75-79': 48.0, '80-84': 71.0, '85-89': 66.0, '90-94': 46.0, '95-99': 68.0, '100-104': 69.0, '105-109': 72.73, '110-114': 62.63, '115-119': 73.74, '120-124': 78.0, '125-129': 28.0, '130-134': 91.0, '135-139': 37.11, '140-144': 76.0, '145-149': 57.0, '150-154': 90.0, '155-159': 39.0, '160-164': 79.0, '165-169': 65.0, '170-174': 31.0, '175-179': 76.77, '180-184': 75.76, '185-189': 59.6, '190-194': 68.0, '195-199': 65.0, '200-204': 80.0, '205-209': 64.0, '210-214': 64.0, '215-219': 44.44, '220-224': 38.0, '225-229': 63.0, '230-234': 83.0, '235-239': 27.0, '240-244': 66.0, '245-249': 40.0, '250-254': 69.0, '255-259': 37.37, '260-264': 54.0, '265-269': 64.0, '270-274': 34.0, '275-279': 64.0, '280-284': 91.0, '285-289': 77.0, '290-294': 32.0, '295-299': 82.0, 'old': 60.99, 'new': 82.0}
2026-06-08 15:26:50,729 [trainer.py] => CNN top1 curve: [99.0, 98.0, 98.67, 96.24, 86.37, 87.6, 87.8, 83.69, 79.82, 78.13, 78.21, 76.17, 76.85, 76.72, 77.27, 76.5, 74.41, 74.22, 72.47, 70.24, 69.47, 70.21, 70.18, 70.54, 70.28, 70.54, 70.81, 70.47, 70.48, 70.67, 71.59, 70.63, 70.61, 70.77, 68.4, 68.38, 68.55, 66.17, 66.56, 65.91, 66.55, 66.71, 67.41, 65.39, 65.23, 65.18, 65.86, 64.44, 64.47, 63.72, 61.68, 62.58, 63.03, 63.1, 60.57, 61.5, 61.72, 62.44, 61.41, 61.34]
2026-06-08 15:26:50,729 [trainer.py] => CNN top5 curve: [100.0, 100.0, 100.0, 99.75, 99.8, 99.66, 99.71, 99.12, 98.89, 98.5, 97.81, 95.74, 92.75, 90.47, 91.18, 90.54, 89.5, 88.81, 89.35, 88.03, 87.79, 87.38, 87.79, 88.22, 88.61, 89.05, 89.68, 90.36, 89.97, 89.87, 89.97, 89.25, 89.24, 88.58, 88.05, 88.05, 88.34, 87.93, 87.7, 87.96, 88.11, 87.77, 87.87, 86.89, 87.2, 87.09, 87.45, 87.61, 86.72, 86.5, 85.12, 86.11, 86.87, 86.43, 85.16, 85.1, 85.77, 86.0, 85.45, 85.25]
2026-06-08 15:26:50,729 [trainer.py] => Average Accuracy (CNN): 71.9
