2026-06-09 06:10:55,798 [trainer.py] => config: ./configs/cllora/cllora_omni_B0_Inc5.json
2026-06-09 06:10:55,798 [trainer.py] => prefix:  
2026-06-09 06:10:55,798 [trainer.py] => dataset: omnibenchmark
2026-06-09 06:10:55,798 [trainer.py] => memory_size: 0
2026-06-09 06:10:55,798 [trainer.py] => memory_per_class: 0
2026-06-09 06:10:55,798 [trainer.py] => fixed_memory: False
2026-06-09 06:10:55,798 [trainer.py] => shuffle: True
2026-06-09 06:10:55,798 [trainer.py] => init_cls: 5
2026-06-09 06:10:55,798 [trainer.py] => increment: 5
2026-06-09 06:10:55,798 [trainer.py] => model_name: cllora
2026-06-09 06:10:55,798 [trainer.py] => backbone_type: vit_base_patch16_224_in21k_cllora
2026-06-09 06:10:55,798 [trainer.py] => device: [device(type='cuda', index=5)]
2026-06-09 06:10:55,798 [trainer.py] => seed: 1994
2026-06-09 06:10:55,798 [trainer.py] => init_epochs: 20
2026-06-09 06:10:55,798 [trainer.py] => init_lr: 0.01
2026-06-09 06:10:55,798 [trainer.py] => later_epochs: 20
2026-06-09 06:10:55,798 [trainer.py] => later_lr: 0.01
2026-06-09 06:10:55,799 [trainer.py] => batch_size: 16
2026-06-09 06:10:55,799 [trainer.py] => weight_decay: 0.0005
2026-06-09 06:10:55,799 [trainer.py] => min_lr: 0
2026-06-09 06:10:55,799 [trainer.py] => optimizer: sgd
2026-06-09 06:10:55,799 [trainer.py] => scheduler: cosine
2026-06-09 06:10:55,799 [trainer.py] => pretrained: True
2026-06-09 06:10:55,799 [trainer.py] => vpt_type: Deep
2026-06-09 06:10:55,799 [trainer.py] => prompt_token_num: 5
2026-06-09 06:10:55,799 [trainer.py] => ffn_num: 10
2026-06-09 06:10:55,799 [trainer.py] => use_diagonal: False
2026-06-09 06:10:55,799 [trainer.py] => recalc_sim: True
2026-06-09 06:10:55,799 [trainer.py] => alpha: 0.0
2026-06-09 06:10:55,799 [trainer.py] => use_init_ptm: False
2026-06-09 06:10:55,799 [trainer.py] => beta: 0
2026-06-09 06:10:55,799 [trainer.py] => use_old_data: False
2026-06-09 06:10:55,799 [trainer.py] => use_reweight: True
2026-06-09 06:10:55,799 [trainer.py] => moni_adam: False
2026-06-09 06:10:55,799 [trainer.py] => adapter_num: -1
2026-06-09 06:10:55,799 [trainer.py] => msa_adapt: True
2026-06-09 06:10:55,799 [trainer.py] => use_distillation: True
2026-06-09 06:10:55,799 [trainer.py] => use_block_weight: True
2026-06-09 06:10:55,799 [trainer.py] => msa: [1, 0, 1]
2026-06-09 06:10:55,799 [trainer.py] => general_pos: [0, 1, 2, 3, 4, 5]
2026-06-09 06:10:55,799 [trainer.py] => specfic_pos: [6, 7, 8, 9, 10, 11]
2026-06-09 06:10:55,799 [trainer.py] => nb_classes: 300
2026-06-09 06:10:55,799 [trainer.py] => nb_tasks: 60
2026-06-09 06:10:56,091 [data_manager.py] => [79, 231, 55, 293, 15, 281, 208, 119, 12, 11, 254, 126, 287, 215, 152, 278, 284, 140, 95, 72, 207, 232, 289, 171, 178, 189, 63, 86, 41, 159, 87, 103, 22, 80, 274, 73, 263, 122, 23, 28, 114, 273, 220, 185, 4, 70, 156, 286, 56, 115, 240, 268, 296, 174, 204, 113, 81, 221, 6, 101, 135, 224, 64, 269, 190, 244, 182, 181, 219, 198, 163, 150, 134, 210, 206, 202, 147, 234, 197, 222, 66, 144, 51, 24, 44, 209, 175, 195, 264, 205, 90, 21, 138, 52, 151, 124, 100, 121, 83, 132, 169, 285, 225, 27, 214, 236, 213, 162, 153, 271, 98, 233, 275, 299, 127, 29, 246, 50, 45, 280, 116, 242, 145, 165, 26, 149, 20, 186, 48, 129, 40, 2, 18, 241, 112, 200, 75, 85, 249, 68, 54, 59, 230, 228, 74, 253, 194, 77, 217, 227, 14, 8, 211, 297, 19, 226, 88, 96, 106, 9, 255, 38, 33, 176, 93, 35, 109, 69, 216, 92, 183, 47, 99, 39, 108, 160, 282, 199, 71, 201, 196, 120, 133, 270, 243, 250, 247, 288, 118, 136, 283, 187, 1, 184, 117, 130, 237, 32, 102, 177, 65, 173, 46, 267, 290, 128, 239, 0, 107, 167, 261, 43, 170, 104, 298, 262, 248, 60, 256, 78, 3, 58, 265, 62, 259, 61, 218, 157, 110, 143, 141, 252, 295, 97, 25, 291, 245, 125, 272, 17, 49, 161, 31, 155, 166, 251, 179, 94, 111, 142, 192, 229, 172, 16, 53, 168, 188, 158, 91, 258, 13, 10, 42, 36, 238, 105, 154, 257, 7, 277, 294, 279, 137, 266, 139, 292, 164, 276, 57, 123, 89, 82, 148, 67, 37, 146, 193, 131, 180, 5, 84, 260, 235, 223, 191, 30, 212, 76, 203, 34]
2026-06-09 06:10:59,132 [trainer.py] => All params: 86167314
2026-06-09 06:10:59,134 [trainer.py] => Trainable params: 276498
2026-06-09 06:10:59,135 [cllora.py] => Learning on 0-5
2026-06-09 06:14:35,738 [cllora.py] => Task 0, Epoch 20/20 => Loss 0.146, Train_accy 94.91
2026-06-09 06:14:42,060 [cllora.py] => Task correct: 100.0
2026-06-09 06:14:42,060 [cllora.py] => Task acc: 92.0
2026-06-09 06:14:42,062 [trainer.py] => Timing Task 0 => Train 222.19s, Epochs 20, Train 11.1097s/epoch, Inference 0.73s, Images 100, Inference 7.3456ms/image
2026-06-09 06:14:42,096 [trainer.py] => No NME accuracy.
2026-06-09 06:14:42,096 [trainer.py] => CNN: {'total': 92.0, '00-04': 92.0, 'old': 0, 'new': 92.0}
2026-06-09 06:14:42,097 [trainer.py] => CNN top1 curve: [92.0]
2026-06-09 06:14:42,097 [trainer.py] => CNN top5 curve: [100.0]
2026-06-09 06:14:42,097 [trainer.py] => Average Accuracy (CNN): 92.0
2026-06-09 06:14:42,098 [trainer.py] => All params: 86547495
2026-06-09 06:14:42,099 [trainer.py] => Trainable params: 276498
2026-06-09 06:14:42,101 [cllora.py] => Learning on 5-10
2026-06-09 06:20:11,374 [cllora.py] => Task 1, Epoch 20/20 => Loss 0.043, Train_accy 98.70
2026-06-09 06:20:23,615 [cllora.py] => Task correct: 96.5
2026-06-09 06:20:23,616 [cllora.py] => Task acc: 96.0
2026-06-09 06:20:23,618 [trainer.py] => Timing Task 1 => Train 339.73s, Epochs 20, Train 16.9864s/epoch, Inference 1.79s, Images 200, Inference 8.9495ms/image
2026-06-09 06:20:23,663 [trainer.py] => No NME accuracy.
2026-06-09 06:20:23,663 [trainer.py] => CNN: {'total': 93.0, '00-04': 88.0, '05-09': 98.0, 'old': 88.0, 'new': 98.0}
2026-06-09 06:20:23,663 [trainer.py] => CNN top1 curve: [92.0, 93.0]
2026-06-09 06:20:23,663 [trainer.py] => CNN top5 curve: [100.0, 100.0]
2026-06-09 06:20:23,663 [trainer.py] => Average Accuracy (CNN): 92.5
2026-06-09 06:20:23,665 [trainer.py] => All params: 86935336
2026-06-09 06:20:23,666 [trainer.py] => Trainable params: 276498
2026-06-09 06:20:23,668 [cllora.py] => Learning on 10-15
2026-06-09 06:25:56,318 [cllora.py] => Task 2, Epoch 20/20 => Loss 0.014, Train_accy 99.72
2026-06-09 06:26:14,783 [cllora.py] => Task correct: 94.0
2026-06-09 06:26:14,784 [cllora.py] => Task acc: 97.33333333333333
2026-06-09 06:26:14,786 [trainer.py] => Timing Task 2 => Train 347.98s, Epochs 20, Train 17.3992s/epoch, Inference 3.14s, Images 300, Inference 10.4554ms/image
2026-06-09 06:26:14,822 [trainer.py] => No NME accuracy.
2026-06-09 06:26:14,822 [trainer.py] => CNN: {'total': 92.33, '00-04': 78.0, '05-09': 99.0, '10-14': 100.0, 'old': 88.5, 'new': 100.0}
2026-06-09 06:26:14,822 [trainer.py] => CNN top1 curve: [92.0, 93.0, 92.33]
2026-06-09 06:26:14,822 [trainer.py] => CNN top5 curve: [100.0, 100.0, 100.0]
2026-06-09 06:26:14,823 [trainer.py] => Average Accuracy (CNN): 92.44
2026-06-09 06:26:14,824 [trainer.py] => All params: 87330857
2026-06-09 06:26:14,826 [trainer.py] => Trainable params: 276498
2026-06-09 06:26:14,828 [cllora.py] => Learning on 15-20
2026-06-09 06:32:05,114 [cllora.py] => Task 3, Epoch 20/20 => Loss 0.128, Train_accy 94.56
2026-06-09 06:32:32,295 [cllora.py] => Task correct: 84.25
2026-06-09 06:32:32,295 [cllora.py] => Task acc: 95.5
2026-06-09 06:32:32,297 [trainer.py] => Timing Task 3 => Train 372.08s, Epochs 20, Train 18.6038s/epoch, Inference 5.40s, Images 400, Inference 13.4896ms/image
2026-06-09 06:32:32,338 [trainer.py] => No NME accuracy.
2026-06-09 06:32:32,338 [trainer.py] => CNN: {'total': 83.25, '00-04': 75.0, '05-09': 98.0, '10-14': 100.0, '15-19': 60.0, 'old': 91.0, 'new': 60.0}
2026-06-09 06:32:32,338 [trainer.py] => CNN top1 curve: [92.0, 93.0, 92.33, 83.25]
2026-06-09 06:32:32,338 [trainer.py] => CNN top5 curve: [100.0, 100.0, 100.0, 100.0]
2026-06-09 06:32:32,338 [trainer.py] => Average Accuracy (CNN): 90.14
2026-06-09 06:32:32,340 [trainer.py] => All params: 87734058
2026-06-09 06:32:32,342 [trainer.py] => Trainable params: 276498
2026-06-09 06:32:32,345 [cllora.py] => Learning on 20-25
2026-06-09 06:37:40,393 [cllora.py] => Task 4, Epoch 20/20 => Loss 0.014, Train_accy 99.69
2026-06-09 06:38:12,527 [cllora.py] => Task correct: 84.8
2026-06-09 06:38:12,528 [cllora.py] => Task acc: 95.8
2026-06-09 06:38:12,530 [trainer.py] => Timing Task 4 => Train 331.99s, Epochs 20, Train 16.5993s/epoch, Inference 8.20s, Images 500, Inference 16.4031ms/image
2026-06-09 06:38:12,559 [trainer.py] => No NME accuracy.
2026-06-09 06:38:12,559 [trainer.py] => CNN: {'total': 84.2, '00-04': 68.0, '05-09': 97.0, '10-14': 98.0, '15-19': 59.0, '20-24': 99.0, 'old': 80.5, 'new': 99.0}
2026-06-09 06:38:12,559 [trainer.py] => CNN top1 curve: [92.0, 93.0, 92.33, 83.25, 84.2]
2026-06-09 06:38:12,560 [trainer.py] => CNN top5 curve: [100.0, 100.0, 100.0, 100.0, 99.8]
2026-06-09 06:38:12,560 [trainer.py] => Average Accuracy (CNN): 88.96
2026-06-09 06:38:12,562 [trainer.py] => All params: 88144939
2026-06-09 06:38:12,564 [trainer.py] => Trainable params: 276498
2026-06-09 06:38:12,567 [cllora.py] => Learning on 25-30
2026-06-09 06:44:21,479 [cllora.py] => Task 5, Epoch 20/20 => Loss 0.019, Train_accy 99.49
2026-06-09 06:45:06,352 [cllora.py] => Task correct: 85.5
2026-06-09 06:45:06,353 [cllora.py] => Task acc: 96.66666666666667
2026-06-09 06:45:06,356 [trainer.py] => Timing Task 5 => Train 402.42s, Epochs 20, Train 20.1208s/epoch, Inference 11.38s, Images 600, Inference 18.9614ms/image
2026-06-09 06:45:06,397 [trainer.py] => No NME accuracy.
2026-06-09 06:45:06,397 [trainer.py] => CNN: {'total': 85.0, '00-04': 60.0, '05-09': 97.0, '10-14': 98.0, '15-19': 59.0, '20-24': 97.0, '25-29': 99.0, 'old': 82.2, 'new': 99.0}
2026-06-09 06:45:06,398 [trainer.py] => CNN top1 curve: [92.0, 93.0, 92.33, 83.25, 84.2, 85.0]
2026-06-09 06:45:06,398 [trainer.py] => CNN top5 curve: [100.0, 100.0, 100.0, 100.0, 99.8, 99.83]
2026-06-09 06:45:06,398 [trainer.py] => Average Accuracy (CNN): 88.3
2026-06-09 06:45:06,400 [trainer.py] => All params: 88563500
2026-06-09 06:45:06,402 [trainer.py] => Trainable params: 276498
2026-06-09 06:45:06,405 [cllora.py] => Learning on 30-35
2026-06-09 06:51:03,236 [cllora.py] => Task 6, Epoch 20/20 => Loss 0.036, Train_accy 99.03
2026-06-09 06:51:56,792 [cllora.py] => Task correct: 84.69241773962804
2026-06-09 06:51:56,793 [cllora.py] => Task acc: 96.85264663805437
2026-06-09 06:51:56,796 [trainer.py] => Timing Task 6 => Train 395.36s, Epochs 20, Train 19.7681s/epoch, Inference 15.03s, Images 699, Inference 21.5038ms/image
2026-06-09 06:51:56,831 [trainer.py] => No NME accuracy.
2026-06-09 06:51:56,831 [trainer.py] => CNN: {'total': 84.41, '00-04': 51.0, '05-09': 97.0, '10-14': 98.0, '15-19': 59.0, '20-24': 98.0, '25-29': 97.0, '30-34': 90.91, 'old': 83.33, 'new': 90.91}
2026-06-09 06:51:56,831 [trainer.py] => CNN top1 curve: [92.0, 93.0, 92.33, 83.25, 84.2, 85.0, 84.41]
2026-06-09 06:51:56,831 [trainer.py] => CNN top5 curve: [100.0, 100.0, 100.0, 100.0, 99.8, 99.83, 99.14]
2026-06-09 06:51:56,831 [trainer.py] => Average Accuracy (CNN): 87.74
2026-06-09 06:51:56,834 [trainer.py] => All params: 88989741
2026-06-09 06:51:56,836 [trainer.py] => Trainable params: 276498
2026-06-09 06:51:56,841 [cllora.py] => Learning on 35-40
2026-06-09 06:57:47,063 [cllora.py] => Task 7, Epoch 20/20 => Loss 0.025, Train_accy 99.53
2026-06-09 06:58:49,858 [cllora.py] => Task correct: 79.59949937421777
2026-06-09 06:58:49,858 [cllora.py] => Task acc: 97.37171464330413
2026-06-09 06:58:49,861 [trainer.py] => Timing Task 7 => Train 393.40s, Epochs 20, Train 19.6698s/epoch, Inference 19.63s, Images 799, Inference 24.5674ms/image
2026-06-09 06:58:49,894 [trainer.py] => No NME accuracy.
2026-06-09 06:58:49,895 [trainer.py] => CNN: {'total': 79.6, '00-04': 29.0, '05-09': 94.0, '10-14': 98.0, '15-19': 58.0, '20-24': 99.0, '25-29': 90.0, '30-34': 71.72, '35-39': 97.0, 'old': 77.11, 'new': 97.0}
2026-06-09 06:58:49,895 [trainer.py] => CNN top1 curve: [92.0, 93.0, 92.33, 83.25, 84.2, 85.0, 84.41, 79.6]
2026-06-09 06:58:49,895 [trainer.py] => CNN top5 curve: [100.0, 100.0, 100.0, 100.0, 99.8, 99.83, 99.14, 97.25]
2026-06-09 06:58:49,895 [trainer.py] => Average Accuracy (CNN): 86.72
2026-06-09 06:58:49,898 [trainer.py] => All params: 89423662
2026-06-09 06:58:49,900 [trainer.py] => Trainable params: 276498
2026-06-09 06:58:49,904 [cllora.py] => Learning on 40-45
2026-06-09 07:04:51,073 [cllora.py] => Task 8, Epoch 20/20 => Loss 0.015, Train_accy 99.80
2026-06-09 07:06:05,907 [cllora.py] => Task correct: 81.20133481646273
2026-06-09 07:06:05,908 [cllora.py] => Task acc: 97.66407119021135
2026-06-09 07:06:05,912 [trainer.py] => Timing Task 8 => Train 411.14s, Epochs 20, Train 20.5568s/epoch, Inference 24.88s, Images 899, Inference 27.6702ms/image
2026-06-09 07:06:05,948 [trainer.py] => No NME accuracy.
2026-06-09 07:06:05,948 [trainer.py] => CNN: {'total': 81.2, '00-04': 29.0, '05-09': 94.0, '10-14': 98.0, '15-19': 58.0, '20-24': 98.0, '25-29': 90.0, '30-34': 72.73, '35-39': 97.0, '40-44': 94.0, 'old': 79.6, 'new': 94.0}
2026-06-09 07:06:05,948 [trainer.py] => CNN top1 curve: [92.0, 93.0, 92.33, 83.25, 84.2, 85.0, 84.41, 79.6, 81.2]
2026-06-09 07:06:05,948 [trainer.py] => CNN top5 curve: [100.0, 100.0, 100.0, 100.0, 99.8, 99.83, 99.14, 97.25, 96.89]
2026-06-09 07:06:05,949 [trainer.py] => Average Accuracy (CNN): 86.11
2026-06-09 07:06:05,952 [trainer.py] => All params: 89865263
2026-06-09 07:06:05,955 [trainer.py] => Trainable params: 276498
2026-06-09 07:06:05,961 [cllora.py] => Learning on 45-50
2026-06-09 07:11:46,932 [cllora.py] => Task 9, Epoch 20/20 => Loss 0.022, Train_accy 99.52
2026-06-09 07:13:08,075 [cllora.py] => Task correct: 80.18018018018019
2026-06-09 07:13:08,076 [cllora.py] => Task acc: 97.997997997998
2026-06-09 07:13:08,080 [trainer.py] => Timing Task 9 => Train 392.18s, Epochs 20, Train 19.6092s/epoch, Inference 29.94s, Images 999, Inference 29.9705ms/image
2026-06-09 07:13:08,146 [trainer.py] => No NME accuracy.
2026-06-09 07:13:08,147 [trainer.py] => CNN: {'total': 80.18, '00-04': 28.0, '05-09': 95.0, '10-14': 98.0, '15-19': 58.0, '20-24': 98.0, '25-29': 86.0, '30-34': 69.7, '35-39': 92.0, '40-44': 94.0, '45-49': 83.0, 'old': 79.87, 'new': 83.0}
2026-06-09 07:13:08,147 [trainer.py] => CNN top1 curve: [92.0, 93.0, 92.33, 83.25, 84.2, 85.0, 84.41, 79.6, 81.2, 80.18]
2026-06-09 07:13:08,147 [trainer.py] => CNN top5 curve: [100.0, 100.0, 100.0, 100.0, 99.8, 99.83, 99.14, 97.25, 96.89, 94.59]
2026-06-09 07:13:08,147 [trainer.py] => Average Accuracy (CNN): 85.52
2026-06-09 07:13:08,151 [trainer.py] => All params: 90314544
2026-06-09 07:13:08,156 [trainer.py] => Trainable params: 276498
2026-06-09 07:13:08,161 [cllora.py] => Learning on 50-55
2026-06-09 07:19:16,323 [cllora.py] => Task 10, Epoch 20/20 => Loss 0.049, Train_accy 98.42
2026-06-09 07:20:55,019 [cllora.py] => Task correct: 80.89171974522293
2026-06-09 07:20:55,020 [cllora.py] => Task acc: 97.36123748862602
2026-06-09 07:20:55,024 [trainer.py] => Timing Task 10 => Train 430.02s, Epochs 20, Train 21.5010s/epoch, Inference 36.85s, Images 1099, Inference 33.5290ms/image
2026-06-09 07:20:55,061 [trainer.py] => No NME accuracy.
2026-06-09 07:20:55,061 [trainer.py] => CNN: {'total': 80.62, '00-04': 27.0, '05-09': 95.0, '10-14': 98.0, '15-19': 58.0, '20-24': 96.0, '25-29': 87.0, '30-34': 69.7, '35-39': 95.0, '40-44': 94.0, '45-49': 77.0, '50-54': 90.0, 'old': 79.68, 'new': 90.0}
2026-06-09 07:20:55,061 [trainer.py] => CNN top1 curve: [92.0, 93.0, 92.33, 83.25, 84.2, 85.0, 84.41, 79.6, 81.2, 80.18, 80.62]
2026-06-09 07:20:55,061 [trainer.py] => CNN top5 curve: [100.0, 100.0, 100.0, 100.0, 99.8, 99.83, 99.14, 97.25, 96.89, 94.59, 94.9]
2026-06-09 07:20:55,061 [trainer.py] => Average Accuracy (CNN): 85.07
2026-06-09 07:20:55,066 [trainer.py] => All params: 90771505
2026-06-09 07:20:55,069 [trainer.py] => Trainable params: 276498
2026-06-09 07:20:55,075 [cllora.py] => Learning on 55-60
2026-06-09 07:26:58,513 [cllora.py] => Task 11, Epoch 20/20 => Loss 0.023, Train_accy 99.41
2026-06-09 07:28:48,966 [cllora.py] => Task correct: 80.56713928273561
2026-06-09 07:28:48,967 [cllora.py] => Task acc: 97.83152627189324
2026-06-09 07:28:48,972 [trainer.py] => Timing Task 11 => Train 430.06s, Epochs 20, Train 21.5029s/epoch, Inference 43.84s, Images 1199, Inference 36.5676ms/image
2026-06-09 07:28:49,006 [trainer.py] => No NME accuracy.
2026-06-09 07:28:49,006 [trainer.py] => CNN: {'total': 80.4, '00-04': 27.0, '05-09': 95.0, '10-14': 98.0, '15-19': 58.0, '20-24': 97.0, '25-29': 85.0, '30-34': 59.6, '35-39': 96.0, '40-44': 93.0, '45-49': 67.0, '50-54': 91.0, '55-59': 98.0, 'old': 78.8, 'new': 98.0}
2026-06-09 07:28:49,006 [trainer.py] => CNN top1 curve: [92.0, 93.0, 92.33, 83.25, 84.2, 85.0, 84.41, 79.6, 81.2, 80.18, 80.62, 80.4]
2026-06-09 07:28:49,006 [trainer.py] => CNN top5 curve: [100.0, 100.0, 100.0, 100.0, 99.8, 99.83, 99.14, 97.25, 96.89, 94.59, 94.9, 94.91]
2026-06-09 07:28:49,006 [trainer.py] => Average Accuracy (CNN): 84.68
2026-06-09 07:28:49,011 [trainer.py] => All params: 91236146
2026-06-09 07:28:49,014 [trainer.py] => Trainable params: 276498
2026-06-09 07:28:49,020 [cllora.py] => Learning on 60-65
2026-06-09 07:34:47,217 [cllora.py] => Task 12, Epoch 20/20 => Loss 0.024, Train_accy 99.22
2026-06-09 07:36:49,143 [cllora.py] => Task correct: 79.98460354118552
2026-06-09 07:36:49,144 [cllora.py] => Task acc: 97.84449576597383
2026-06-09 07:36:49,146 [trainer.py] => Timing Task 12 => Train 429.36s, Epochs 20, Train 21.4679s/epoch, Inference 50.77s, Images 1299, Inference 39.0865ms/image
2026-06-09 07:36:49,183 [trainer.py] => No NME accuracy.
2026-06-09 07:36:49,183 [trainer.py] => CNN: {'total': 79.75, '00-04': 27.0, '05-09': 92.0, '10-14': 98.0, '15-19': 58.0, '20-24': 95.0, '25-29': 69.0, '30-34': 65.66, '35-39': 89.0, '40-44': 92.0, '45-49': 71.0, '50-54': 89.0, '55-59': 97.0, '60-64': 94.0, 'old': 78.57, 'new': 94.0}
2026-06-09 07:36:49,183 [trainer.py] => CNN top1 curve: [92.0, 93.0, 92.33, 83.25, 84.2, 85.0, 84.41, 79.6, 81.2, 80.18, 80.62, 80.4, 79.75]
2026-06-09 07:36:49,184 [trainer.py] => CNN top5 curve: [100.0, 100.0, 100.0, 100.0, 99.8, 99.83, 99.14, 97.25, 96.89, 94.59, 94.9, 94.91, 94.15]
2026-06-09 07:36:49,184 [trainer.py] => Average Accuracy (CNN): 84.3
2026-06-09 07:36:49,188 [trainer.py] => All params: 91708467
2026-06-09 07:36:49,191 [trainer.py] => Trainable params: 276498
2026-06-09 07:36:49,198 [cllora.py] => Learning on 65-70
2026-06-09 07:42:30,716 [cllora.py] => Task 13, Epoch 20/20 => Loss 0.010, Train_accy 99.86
2026-06-09 07:44:43,699 [cllora.py] => Task correct: 77.82546494992847
2026-06-09 07:44:43,700 [cllora.py] => Task acc: 97.92560801144492
2026-06-09 07:44:43,705 [trainer.py] => Timing Task 13 => Train 414.54s, Epochs 20, Train 20.7271s/epoch, Inference 59.97s, Images 1398, Inference 42.8987ms/image
2026-06-09 07:44:43,743 [trainer.py] => No NME accuracy.
2026-06-09 07:44:43,743 [trainer.py] => CNN: {'total': 77.83, '00-04': 21.0, '05-09': 91.0, '10-14': 79.0, '15-19': 57.0, '20-24': 94.0, '25-29': 67.0, '30-34': 61.62, '35-39': 94.0, '40-44': 92.0, '45-49': 73.0, '50-54': 87.0, '55-59': 96.0, '60-64': 82.0, '65-69': 94.95, 'old': 76.52, 'new': 94.95}
2026-06-09 07:44:43,743 [trainer.py] => CNN top1 curve: [92.0, 93.0, 92.33, 83.25, 84.2, 85.0, 84.41, 79.6, 81.2, 80.18, 80.62, 80.4, 79.75, 77.83]
2026-06-09 07:44:43,743 [trainer.py] => CNN top5 curve: [100.0, 100.0, 100.0, 100.0, 99.8, 99.83, 99.14, 97.25, 96.89, 94.59, 94.9, 94.91, 94.15, 94.28]
2026-06-09 07:44:43,743 [trainer.py] => Average Accuracy (CNN): 83.84
2026-06-09 07:44:43,749 [trainer.py] => All params: 92188468
2026-06-09 07:44:43,753 [trainer.py] => Trainable params: 276498
2026-06-09 07:44:43,761 [cllora.py] => Learning on 70-75
2026-06-09 07:50:56,417 [cllora.py] => Task 14, Epoch 20/20 => Loss 0.015, Train_accy 99.63
2026-06-09 07:53:28,893 [cllora.py] => Task correct: 78.17089452603471
2026-06-09 07:53:28,894 [cllora.py] => Task acc: 98.13084112149532
2026-06-09 07:53:28,899 [trainer.py] => Timing Task 14 => Train 457.55s, Epochs 20, Train 22.8776s/epoch, Inference 67.59s, Images 1498, Inference 45.1228ms/image
2026-06-09 07:53:28,935 [trainer.py] => No NME accuracy.
2026-06-09 07:53:28,935 [trainer.py] => CNN: {'total': 78.17, '00-04': 25.0, '05-09': 92.0, '10-14': 79.0, '15-19': 58.0, '20-24': 96.0, '25-29': 69.0, '30-34': 61.62, '35-39': 96.0, '40-44': 93.0, '45-49': 73.0, '50-54': 84.0, '55-59': 94.0, '60-64': 75.0, '65-69': 79.8, '70-74': 97.0, 'old': 76.82, 'new': 97.0}
2026-06-09 07:53:28,935 [trainer.py] => CNN top1 curve: [92.0, 93.0, 92.33, 83.25, 84.2, 85.0, 84.41, 79.6, 81.2, 80.18, 80.62, 80.4, 79.75, 77.83, 78.17]
2026-06-09 07:53:28,935 [trainer.py] => CNN top5 curve: [100.0, 100.0, 100.0, 100.0, 99.8, 99.83, 99.14, 97.25, 96.89, 94.59, 94.9, 94.91, 94.15, 94.28, 94.79]
2026-06-09 07:53:28,935 [trainer.py] => Average Accuracy (CNN): 83.46
2026-06-09 07:53:28,941 [trainer.py] => All params: 92676149
2026-06-09 07:53:28,946 [trainer.py] => Trainable params: 276498
2026-06-09 07:53:28,954 [cllora.py] => Learning on 75-80
2026-06-09 07:59:23,969 [cllora.py] => Task 15, Epoch 20/20 => Loss 0.023, Train_accy 99.27
2026-06-09 08:02:09,037 [cllora.py] => Task correct: 79.91239048811013
2026-06-09 08:02:09,038 [cllora.py] => Task acc: 98.31038798498123
2026-06-09 08:02:09,043 [trainer.py] => Timing Task 15 => Train 441.50s, Epochs 20, Train 22.0751s/epoch, Inference 78.60s, Images 1598, Inference 49.1838ms/image
2026-06-09 08:02:09,083 [trainer.py] => No NME accuracy.
2026-06-09 08:02:09,083 [trainer.py] => CNN: {'total': 79.91, '00-04': 27.0, '05-09': 92.0, '10-14': 81.0, '15-19': 56.0, '20-24': 96.0, '25-29': 81.0, '30-34': 59.6, '35-39': 94.0, '40-44': 93.0, '45-49': 71.0, '50-54': 85.0, '55-59': 96.0, '60-64': 75.0, '65-69': 81.82, '70-74': 93.0, '75-79': 97.0, 'old': 78.77, 'new': 97.0}
2026-06-09 08:02:09,083 [trainer.py] => CNN top1 curve: [92.0, 93.0, 92.33, 83.25, 84.2, 85.0, 84.41, 79.6, 81.2, 80.18, 80.62, 80.4, 79.75, 77.83, 78.17, 79.91]
2026-06-09 08:02:09,084 [trainer.py] => CNN top5 curve: [100.0, 100.0, 100.0, 100.0, 99.8, 99.83, 99.14, 97.25, 96.89, 94.59, 94.9, 94.91, 94.15, 94.28, 94.79, 95.06]
2026-06-09 08:02:09,084 [trainer.py] => Average Accuracy (CNN): 83.24
2026-06-09 08:02:09,089 [trainer.py] => All params: 93171510
2026-06-09 08:02:09,093 [trainer.py] => Trainable params: 276498
2026-06-09 08:02:09,106 [cllora.py] => Learning on 80-85
2026-06-09 08:07:36,542 [cllora.py] => Task 16, Epoch 20/20 => Loss 0.021, Train_accy 99.57
2026-06-09 08:10:26,179 [cllora.py] => Task correct: 78.38633686690224
2026-06-09 08:10:26,180 [cllora.py] => Task acc: 98.40989399293287
2026-06-09 08:10:26,183 [trainer.py] => Timing Task 16 => Train 411.12s, Epochs 20, Train 20.5558s/epoch, Inference 85.97s, Images 1698, Inference 50.6321ms/image
2026-06-09 08:10:26,229 [trainer.py] => No NME accuracy.
2026-06-09 08:10:26,229 [trainer.py] => CNN: {'total': 78.39, '00-04': 25.0, '05-09': 91.0, '10-14': 78.0, '15-19': 58.0, '20-24': 91.0, '25-29': 64.0, '30-34': 61.62, '35-39': 81.0, '40-44': 93.0, '45-49': 69.0, '50-54': 85.0, '55-59': 95.0, '60-64': 76.0, '65-69': 91.92, '70-74': 90.0, '75-79': 96.0, '80-84': 87.0, 'old': 77.85, 'new': 87.0}
2026-06-09 08:10:26,229 [trainer.py] => CNN top1 curve: [92.0, 93.0, 92.33, 83.25, 84.2, 85.0, 84.41, 79.6, 81.2, 80.18, 80.62, 80.4, 79.75, 77.83, 78.17, 79.91, 78.39]
2026-06-09 08:10:26,229 [trainer.py] => CNN top5 curve: [100.0, 100.0, 100.0, 100.0, 99.8, 99.83, 99.14, 97.25, 96.89, 94.59, 94.9, 94.91, 94.15, 94.28, 94.79, 95.06, 94.82]
2026-06-09 08:10:26,229 [trainer.py] => Average Accuracy (CNN): 82.96
2026-06-09 08:10:26,235 [trainer.py] => All params: 93674551
2026-06-09 08:10:26,239 [trainer.py] => Trainable params: 276498
2026-06-09 08:10:26,252 [cllora.py] => Learning on 85-90
2026-06-09 08:16:27,237 [cllora.py] => Task 17, Epoch 20/20 => Loss 0.024, Train_accy 99.42
2026-06-09 08:19:46,826 [cllora.py] => Task correct: 77.30812013348165
2026-06-09 08:19:46,827 [cllora.py] => Task acc: 98.60956618464961
2026-06-09 08:19:46,832 [trainer.py] => Timing Task 17 => Train 460.71s, Epochs 20, Train 23.0355s/epoch, Inference 99.88s, Images 1798, Inference 55.5521ms/image
2026-06-09 08:19:46,868 [trainer.py] => No NME accuracy.
2026-06-09 08:19:46,868 [trainer.py] => CNN: {'total': 77.31, '00-04': 24.0, '05-09': 91.0, '10-14': 79.0, '15-19': 58.0, '20-24': 92.0, '25-29': 65.0, '30-34': 60.61, '35-39': 85.0, '40-44': 93.0, '45-49': 72.0, '50-54': 85.0, '55-59': 96.0, '60-64': 57.0, '65-69': 89.9, '70-74': 80.0, '75-79': 96.0, '80-84': 84.0, '85-89': 84.0, 'old': 76.91, 'new': 84.0}
2026-06-09 08:19:46,869 [trainer.py] => CNN top1 curve: [92.0, 93.0, 92.33, 83.25, 84.2, 85.0, 84.41, 79.6, 81.2, 80.18, 80.62, 80.4, 79.75, 77.83, 78.17, 79.91, 78.39, 77.31]
2026-06-09 08:19:46,869 [trainer.py] => CNN top5 curve: [100.0, 100.0, 100.0, 100.0, 99.8, 99.83, 99.14, 97.25, 96.89, 94.59, 94.9, 94.91, 94.15, 94.28, 94.79, 95.06, 94.82, 94.83]
2026-06-09 08:19:46,869 [trainer.py] => Average Accuracy (CNN): 82.64
2026-06-09 08:19:46,874 [trainer.py] => All params: 94185272
2026-06-09 08:19:46,879 [trainer.py] => Trainable params: 276498
2026-06-09 08:19:46,889 [cllora.py] => Learning on 90-95
2026-06-09 08:26:30,297 [cllora.py] => Task 18, Epoch 20/20 => Loss 0.034, Train_accy 98.77
2026-06-09 08:30:12,622 [cllora.py] => Task correct: 77.44994731296102
2026-06-09 08:30:12,623 [cllora.py] => Task acc: 98.63013698630137
2026-06-09 08:30:12,629 [trainer.py] => Timing Task 18 => Train 518.26s, Epochs 20, Train 25.9131s/epoch, Inference 107.49s, Images 1898, Inference 56.6324ms/image
2026-06-09 08:30:12,663 [trainer.py] => No NME accuracy.
2026-06-09 08:30:12,663 [trainer.py] => CNN: {'total': 77.45, '00-04': 31.0, '05-09': 93.0, '10-14': 93.0, '15-19': 56.0, '20-24': 96.0, '25-29': 80.0, '30-34': 59.6, '35-39': 89.0, '40-44': 92.0, '45-49': 65.0, '50-54': 86.0, '55-59': 93.0, '60-64': 59.0, '65-69': 85.86, '70-74': 87.0, '75-79': 96.0, '80-84': 73.0, '85-89': 62.0, '90-94': 75.0, 'old': 77.59, 'new': 75.0}
2026-06-09 08:30:12,663 [trainer.py] => CNN top1 curve: [92.0, 93.0, 92.33, 83.25, 84.2, 85.0, 84.41, 79.6, 81.2, 80.18, 80.62, 80.4, 79.75, 77.83, 78.17, 79.91, 78.39, 77.31, 77.45]
2026-06-09 08:30:12,663 [trainer.py] => CNN top5 curve: [100.0, 100.0, 100.0, 100.0, 99.8, 99.83, 99.14, 97.25, 96.89, 94.59, 94.9, 94.91, 94.15, 94.28, 94.79, 95.06, 94.82, 94.83, 94.15]
2026-06-09 08:30:12,664 [trainer.py] => Average Accuracy (CNN): 82.37
2026-06-09 08:30:12,668 [trainer.py] => All params: 94703673
2026-06-09 08:30:12,672 [trainer.py] => Trainable params: 276498
2026-06-09 08:30:12,684 [cllora.py] => Learning on 95-100
2026-06-09 08:35:41,551 [cllora.py] => Task 19, Epoch 20/20 => Loss 0.016, Train_accy 99.50
2026-06-09 08:39:23,982 [cllora.py] => Task correct: 75.7135703555333
2026-06-09 08:39:23,982 [cllora.py] => Task acc: 98.74812218327492
2026-06-09 08:39:23,986 [trainer.py] => Timing Task 19 => Train 429.40s, Epochs 20, Train 21.4698s/epoch, Inference 121.92s, Images 1997, Inference 61.0504ms/image
2026-06-09 08:39:24,026 [trainer.py] => No NME accuracy.
2026-06-09 08:39:24,026 [trainer.py] => CNN: {'total': 75.71, '00-04': 21.0, '05-09': 91.0, '10-14': 80.0, '15-19': 57.0, '20-24': 91.0, '25-29': 63.0, '30-34': 61.62, '35-39': 82.0, '40-44': 92.0, '45-49': 67.0, '50-54': 83.0, '55-59': 93.0, '60-64': 63.0, '65-69': 93.94, '70-74': 89.0, '75-79': 91.0, '80-84': 69.0, '85-89': 71.0, '90-94': 64.0, '95-99': 91.92, 'old': 74.87, 'new': 91.92}
2026-06-09 08:39:24,026 [trainer.py] => CNN top1 curve: [92.0, 93.0, 92.33, 83.25, 84.2, 85.0, 84.41, 79.6, 81.2, 80.18, 80.62, 80.4, 79.75, 77.83, 78.17, 79.91, 78.39, 77.31, 77.45, 75.71]
2026-06-09 08:39:24,026 [trainer.py] => CNN top5 curve: [100.0, 100.0, 100.0, 100.0, 99.8, 99.83, 99.14, 97.25, 96.89, 94.59, 94.9, 94.91, 94.15, 94.28, 94.79, 95.06, 94.82, 94.83, 94.15, 93.34]
2026-06-09 08:39:24,027 [trainer.py] => Average Accuracy (CNN): 82.04
2026-06-09 08:39:24,032 [trainer.py] => All params: 95229754
2026-06-09 08:39:24,036 [trainer.py] => Trainable params: 276498
2026-06-09 08:39:24,049 [cllora.py] => Learning on 100-105
2026-06-09 08:45:12,594 [cllora.py] => Task 20, Epoch 20/20 => Loss 0.040, Train_accy 98.38
2026-06-09 08:49:13,339 [cllora.py] => Task correct: 75.63185503099666
2026-06-09 08:49:13,340 [cllora.py] => Task acc: 98.76013352408202
2026-06-09 08:49:13,346 [trainer.py] => Timing Task 20 => Train 458.59s, Epochs 20, Train 22.9293s/epoch, Inference 130.72s, Images 2097, Inference 62.3385ms/image
2026-06-09 08:49:13,381 [trainer.py] => No NME accuracy.
2026-06-09 08:49:13,381 [trainer.py] => CNN: {'total': 75.63, '00-04': 24.0, '05-09': 90.0, '10-14': 81.0, '15-19': 57.0, '20-24': 93.0, '25-29': 57.0, '30-34': 60.61, '35-39': 81.0, '40-44': 91.0, '45-49': 68.0, '50-54': 85.0, '55-59': 94.0, '60-64': 61.0, '65-69': 91.92, '70-74': 81.0, '75-79': 91.0, '80-84': 67.0, '85-89': 68.0, '90-94': 66.0, '95-99': 89.9, '100-104': 91.0, 'old': 74.86, 'new': 91.0}
2026-06-09 08:49:13,381 [trainer.py] => CNN top1 curve: [92.0, 93.0, 92.33, 83.25, 84.2, 85.0, 84.41, 79.6, 81.2, 80.18, 80.62, 80.4, 79.75, 77.83, 78.17, 79.91, 78.39, 77.31, 77.45, 75.71, 75.63]
2026-06-09 08:49:13,382 [trainer.py] => CNN top5 curve: [100.0, 100.0, 100.0, 100.0, 99.8, 99.83, 99.14, 97.25, 96.89, 94.59, 94.9, 94.91, 94.15, 94.28, 94.79, 95.06, 94.82, 94.83, 94.15, 93.34, 93.85]
2026-06-09 08:49:13,382 [trainer.py] => Average Accuracy (CNN): 81.73
2026-06-09 08:49:13,386 [trainer.py] => All params: 95763515
2026-06-09 08:49:13,391 [trainer.py] => Trainable params: 276498
2026-06-09 08:49:13,407 [cllora.py] => Learning on 105-110
2026-06-09 08:54:32,958 [cllora.py] => Task 21, Epoch 20/20 => Loss 0.020, Train_accy 99.41
2026-06-09 08:58:49,321 [cllora.py] => Task correct: 76.44646924829158
2026-06-09 08:58:49,322 [cllora.py] => Task acc: 98.81548974943053
2026-06-09 08:58:49,328 [trainer.py] => Timing Task 21 => Train 426.95s, Epochs 20, Train 21.3475s/epoch, Inference 148.99s, Images 2195, Inference 67.8760ms/image
2026-06-09 08:58:49,368 [trainer.py] => No NME accuracy.
2026-06-09 08:58:49,368 [trainer.py] => CNN: {'total': 76.45, '00-04': 24.0, '05-09': 88.0, '10-14': 86.0, '15-19': 56.0, '20-24': 92.0, '25-29': 60.0, '30-34': 60.61, '35-39': 80.0, '40-44': 91.0, '45-49': 68.0, '50-54': 83.0, '55-59': 94.0, '60-64': 61.0, '65-69': 93.94, '70-74': 83.0, '75-79': 91.0, '80-84': 69.0, '85-89': 71.0, '90-94': 64.0, '95-99': 85.86, '100-104': 87.0, '105-109': 93.88, 'old': 75.63, 'new': 93.88}
2026-06-09 08:58:49,368 [trainer.py] => CNN top1 curve: [92.0, 93.0, 92.33, 83.25, 84.2, 85.0, 84.41, 79.6, 81.2, 80.18, 80.62, 80.4, 79.75, 77.83, 78.17, 79.91, 78.39, 77.31, 77.45, 75.71, 75.63, 76.45]
2026-06-09 08:58:49,368 [trainer.py] => CNN top5 curve: [100.0, 100.0, 100.0, 100.0, 99.8, 99.83, 99.14, 97.25, 96.89, 94.59, 94.9, 94.91, 94.15, 94.28, 94.79, 95.06, 94.82, 94.83, 94.15, 93.34, 93.85, 93.71]
2026-06-09 08:58:49,368 [trainer.py] => Average Accuracy (CNN): 81.49
2026-06-09 08:58:49,375 [trainer.py] => All params: 96304956
2026-06-09 08:58:49,380 [trainer.py] => Trainable params: 276498
2026-06-09 08:58:49,396 [cllora.py] => Learning on 110-115
2026-06-09 09:04:42,681 [cllora.py] => Task 22, Epoch 20/20 => Loss 0.042, Train_accy 99.01
2026-06-09 09:09:25,233 [cllora.py] => Task correct: 76.86274509803921
2026-06-09 09:09:25,233 [cllora.py] => Task acc: 98.73638344226579
2026-06-09 09:09:25,237 [trainer.py] => Timing Task 22 => Train 476.25s, Epochs 20, Train 23.8127s/epoch, Inference 159.60s, Images 2295, Inference 69.5433ms/image
2026-06-09 09:09:25,279 [trainer.py] => No NME accuracy.
2026-06-09 09:09:25,279 [trainer.py] => CNN: {'total': 76.86, '00-04': 23.0, '05-09': 91.0, '10-14': 87.0, '15-19': 58.0, '20-24': 96.0, '25-29': 67.0, '30-34': 59.6, '35-39': 81.0, '40-44': 91.0, '45-49': 65.0, '50-54': 85.0, '55-59': 95.0, '60-64': 61.0, '65-69': 86.87, '70-74': 82.0, '75-79': 91.0, '80-84': 67.0, '85-89': 68.0, '90-94': 66.0, '95-99': 87.88, '100-104': 83.0, '105-109': 92.86, '110-114': 84.0, 'old': 76.54, 'new': 84.0}
2026-06-09 09:09:25,279 [trainer.py] => CNN top1 curve: [92.0, 93.0, 92.33, 83.25, 84.2, 85.0, 84.41, 79.6, 81.2, 80.18, 80.62, 80.4, 79.75, 77.83, 78.17, 79.91, 78.39, 77.31, 77.45, 75.71, 75.63, 76.45, 76.86]
2026-06-09 09:09:25,279 [trainer.py] => CNN top5 curve: [100.0, 100.0, 100.0, 100.0, 99.8, 99.83, 99.14, 97.25, 96.89, 94.59, 94.9, 94.91, 94.15, 94.28, 94.79, 95.06, 94.82, 94.83, 94.15, 93.34, 93.85, 93.71, 93.81]
2026-06-09 09:09:25,279 [trainer.py] => Average Accuracy (CNN): 81.29
2026-06-09 09:09:25,286 [trainer.py] => All params: 96854077
2026-06-09 09:09:25,290 [trainer.py] => Trainable params: 276498
2026-06-09 09:09:25,310 [cllora.py] => Learning on 115-120
2026-06-09 09:14:56,588 [cllora.py] => Task 23, Epoch 20/20 => Loss 0.073, Train_accy 97.43
2026-06-09 09:19:56,837 [cllora.py] => Task correct: 76.24217118997912
2026-06-09 09:19:56,837 [cllora.py] => Task acc: 98.83089770354906
2026-06-09 09:19:56,845 [trainer.py] => Timing Task 23 => Train 453.70s, Epochs 20, Train 22.6851s/epoch, Inference 177.85s, Images 2395, Inference 74.2596ms/image
2026-06-09 09:19:56,897 [trainer.py] => No NME accuracy.
2026-06-09 09:19:56,897 [trainer.py] => CNN: {'total': 76.24, '00-04': 26.0, '05-09': 92.0, '10-14': 89.0, '15-19': 58.0, '20-24': 95.0, '25-29': 78.0, '30-34': 61.62, '35-39': 84.0, '40-44': 91.0, '45-49': 65.0, '50-54': 83.0, '55-59': 93.0, '60-64': 61.0, '65-69': 85.86, '70-74': 82.0, '75-79': 91.0, '80-84': 66.0, '85-89': 61.0, '90-94': 66.0, '95-99': 89.9, '100-104': 81.0, '105-109': 94.9, '110-114': 84.0, '115-119': 52.0, 'old': 77.3, 'new': 52.0}
2026-06-09 09:19:56,897 [trainer.py] => CNN top1 curve: [92.0, 93.0, 92.33, 83.25, 84.2, 85.0, 84.41, 79.6, 81.2, 80.18, 80.62, 80.4, 79.75, 77.83, 78.17, 79.91, 78.39, 77.31, 77.45, 75.71, 75.63, 76.45, 76.86, 76.24]
2026-06-09 09:19:56,897 [trainer.py] => CNN top5 curve: [100.0, 100.0, 100.0, 100.0, 99.8, 99.83, 99.14, 97.25, 96.89, 94.59, 94.9, 94.91, 94.15, 94.28, 94.79, 95.06, 94.82, 94.83, 94.15, 93.34, 93.85, 93.71, 93.81, 92.99]
2026-06-09 09:19:56,898 [trainer.py] => Average Accuracy (CNN): 81.08
2026-06-09 09:19:56,905 [trainer.py] => All params: 97410878
2026-06-09 09:19:56,911 [trainer.py] => Trainable params: 276498
2026-06-09 09:19:56,932 [cllora.py] => Learning on 120-125
2026-06-09 09:25:26,970 [cllora.py] => Task 24, Epoch 20/20 => Loss 0.051, Train_accy 98.37
2026-06-09 09:30:41,125 [cllora.py] => Task correct: 76.26303127506014
2026-06-09 09:30:41,126 [cllora.py] => Task acc: 98.79711307137129
2026-06-09 09:30:41,129 [trainer.py] => Timing Task 24 => Train 455.54s, Epochs 20, Train 22.7771s/epoch, Inference 188.68s, Images 2494, Inference 75.6517ms/image
2026-06-09 09:30:41,166 [trainer.py] => No NME accuracy.
2026-06-09 09:30:41,166 [trainer.py] => CNN: {'total': 76.26, '00-04': 27.0, '05-09': 92.0, '10-14': 87.0, '15-19': 57.0, '20-24': 94.0, '25-29': 73.0, '30-34': 59.6, '35-39': 85.0, '40-44': 93.0, '45-49': 68.0, '50-54': 84.0, '55-59': 91.0, '60-64': 59.0, '65-69': 91.92, '70-74': 80.0, '75-79': 90.0, '80-84': 64.0, '85-89': 67.0, '90-94': 65.0, '95-99': 87.88, '100-104': 78.0, '105-109': 93.88, '110-114': 84.0, '115-119': 46.0, '120-124': 89.9, 'old': 75.7, 'new': 89.9}
2026-06-09 09:30:41,166 [trainer.py] => CNN top1 curve: [92.0, 93.0, 92.33, 83.25, 84.2, 85.0, 84.41, 79.6, 81.2, 80.18, 80.62, 80.4, 79.75, 77.83, 78.17, 79.91, 78.39, 77.31, 77.45, 75.71, 75.63, 76.45, 76.86, 76.24, 76.26]
2026-06-09 09:30:41,166 [trainer.py] => CNN top5 curve: [100.0, 100.0, 100.0, 100.0, 99.8, 99.83, 99.14, 97.25, 96.89, 94.59, 94.9, 94.91, 94.15, 94.28, 94.79, 95.06, 94.82, 94.83, 94.15, 93.34, 93.85, 93.71, 93.81, 92.99, 93.1]
2026-06-09 09:30:41,166 [trainer.py] => Average Accuracy (CNN): 80.89
2026-06-09 09:30:41,173 [trainer.py] => All params: 97975359
2026-06-09 09:30:41,179 [trainer.py] => Trainable params: 276498
2026-06-09 09:30:41,200 [cllora.py] => Learning on 125-130
2026-06-09 09:36:23,878 [cllora.py] => Task 25, Epoch 20/20 => Loss 0.020, Train_accy 99.45
2026-06-09 09:42:07,230 [cllora.py] => Task correct: 74.55666923670007
2026-06-09 09:42:07,231 [cllora.py] => Task acc: 98.80493446414803
2026-06-09 09:42:07,238 [trainer.py] => Timing Task 25 => Train 477.84s, Epochs 20, Train 23.8918s/epoch, Inference 208.22s, Images 2594, Inference 80.2712ms/image
2026-06-09 09:42:07,310 [trainer.py] => No NME accuracy.
2026-06-09 09:42:07,310 [trainer.py] => CNN: {'total': 74.56, '00-04': 26.0, '05-09': 91.0, '10-14': 82.0, '15-19': 57.0, '20-24': 93.0, '25-29': 65.0, '30-34': 50.51, '35-39': 84.0, '40-44': 93.0, '45-49': 66.0, '50-54': 84.0, '55-59': 90.0, '60-64': 60.0, '65-69': 85.86, '70-74': 64.0, '75-79': 90.0, '80-84': 64.0, '85-89': 69.0, '90-94': 65.0, '95-99': 86.87, '100-104': 79.0, '105-109': 92.86, '110-114': 82.0, '115-119': 41.0, '120-124': 84.85, '125-129': 93.0, 'old': 73.82, 'new': 93.0}
2026-06-09 09:42:07,310 [trainer.py] => CNN top1 curve: [92.0, 93.0, 92.33, 83.25, 84.2, 85.0, 84.41, 79.6, 81.2, 80.18, 80.62, 80.4, 79.75, 77.83, 78.17, 79.91, 78.39, 77.31, 77.45, 75.71, 75.63, 76.45, 76.86, 76.24, 76.26, 74.56]
2026-06-09 09:42:07,310 [trainer.py] => CNN top5 curve: [100.0, 100.0, 100.0, 100.0, 99.8, 99.83, 99.14, 97.25, 96.89, 94.59, 94.9, 94.91, 94.15, 94.28, 94.79, 95.06, 94.82, 94.83, 94.15, 93.34, 93.85, 93.71, 93.81, 92.99, 93.1, 92.95]
2026-06-09 09:42:07,310 [trainer.py] => Average Accuracy (CNN): 80.64
2026-06-09 09:42:07,321 [trainer.py] => All params: 98547520
2026-06-09 09:42:07,329 [trainer.py] => Trainable params: 276498
2026-06-09 09:42:07,357 [cllora.py] => Learning on 130-135
2026-06-09 09:47:54,012 [cllora.py] => Task 26, Epoch 20/20 => Loss 0.066, Train_accy 97.59
2026-06-09 09:53:59,538 [cllora.py] => Task correct: 75.66864784546806
2026-06-09 09:53:59,538 [cllora.py] => Task acc: 98.8484398216939
2026-06-09 09:53:59,545 [trainer.py] => Timing Task 26 => Train 489.88s, Epochs 20, Train 24.4940s/epoch, Inference 222.34s, Images 2692, Inference 82.5912ms/image
2026-06-09 09:53:59,581 [trainer.py] => No NME accuracy.
2026-06-09 09:53:59,581 [trainer.py] => CNN: {'total': 75.67, '00-04': 26.0, '05-09': 89.0, '10-14': 84.0, '15-19': 58.0, '20-24': 95.0, '25-29': 68.0, '30-34': 53.54, '35-39': 86.0, '40-44': 93.0, '45-49': 65.0, '50-54': 84.0, '55-59': 82.0, '60-64': 66.0, '65-69': 89.9, '70-74': 63.0, '75-79': 91.0, '80-84': 66.0, '85-89': 65.0, '90-94': 65.0, '95-99': 86.87, '100-104': 80.0, '105-109': 90.82, '110-114': 84.0, '115-119': 43.0, '120-124': 87.88, '125-129': 89.0, '130-134': 92.86, 'old': 75.02, 'new': 92.86}
2026-06-09 09:53:59,582 [trainer.py] => CNN top1 curve: [92.0, 93.0, 92.33, 83.25, 84.2, 85.0, 84.41, 79.6, 81.2, 80.18, 80.62, 80.4, 79.75, 77.83, 78.17, 79.91, 78.39, 77.31, 77.45, 75.71, 75.63, 76.45, 76.86, 76.24, 76.26, 74.56, 75.67]
2026-06-09 09:53:59,582 [trainer.py] => CNN top5 curve: [100.0, 100.0, 100.0, 100.0, 99.8, 99.83, 99.14, 97.25, 96.89, 94.59, 94.9, 94.91, 94.15, 94.28, 94.79, 95.06, 94.82, 94.83, 94.15, 93.34, 93.85, 93.71, 93.81, 92.99, 93.1, 92.95, 93.13]
2026-06-09 09:53:59,582 [trainer.py] => Average Accuracy (CNN): 80.46
2026-06-09 09:53:59,589 [trainer.py] => All params: 99127361
2026-06-09 09:53:59,595 [trainer.py] => Trainable params: 276498
2026-06-09 09:53:59,633 [cllora.py] => Learning on 135-140
2026-06-09 10:00:27,484 [cllora.py] => Task 27, Epoch 20/20 => Loss 0.056, Train_accy 97.95
2026-06-09 10:07:04,845 [cllora.py] => Task correct: 73.8538681948424
2026-06-09 10:07:04,846 [cllora.py] => Task acc: 98.96131805157593
2026-06-09 10:07:04,853 [trainer.py] => Timing Task 27 => Train 549.63s, Epochs 20, Train 27.4813s/epoch, Inference 235.63s, Images 2792, Inference 84.3951ms/image
2026-06-09 10:07:04,887 [trainer.py] => No NME accuracy.
2026-06-09 10:07:04,887 [trainer.py] => CNN: {'total': 73.85, '00-04': 28.0, '05-09': 91.0, '10-14': 92.0, '15-19': 57.0, '20-24': 96.0, '25-29': 82.0, '30-34': 55.56, '35-39': 86.0, '40-44': 94.0, '45-49': 64.0, '50-54': 84.0, '55-59': 86.0, '60-64': 59.0, '65-69': 79.8, '70-74': 60.0, '75-79': 89.0, '80-84': 62.0, '85-89': 46.0, '90-94': 64.0, '95-99': 88.89, '100-104': 79.0, '105-109': 91.84, '110-114': 82.0, '115-119': 48.0, '120-124': 87.88, '125-129': 87.0, '130-134': 88.78, '135-139': 40.0, 'old': 75.11, 'new': 40.0}
2026-06-09 10:07:04,887 [trainer.py] => CNN top1 curve: [92.0, 93.0, 92.33, 83.25, 84.2, 85.0, 84.41, 79.6, 81.2, 80.18, 80.62, 80.4, 79.75, 77.83, 78.17, 79.91, 78.39, 77.31, 77.45, 75.71, 75.63, 76.45, 76.86, 76.24, 76.26, 74.56, 75.67, 73.85]
2026-06-09 10:07:04,887 [trainer.py] => CNN top5 curve: [100.0, 100.0, 100.0, 100.0, 99.8, 99.83, 99.14, 97.25, 96.89, 94.59, 94.9, 94.91, 94.15, 94.28, 94.79, 95.06, 94.82, 94.83, 94.15, 93.34, 93.85, 93.71, 93.81, 92.99, 93.1, 92.95, 93.13, 92.08]
2026-06-09 10:07:04,888 [trainer.py] => Average Accuracy (CNN): 80.22
2026-06-09 10:07:04,895 [trainer.py] => All params: 99714882
2026-06-09 10:07:04,901 [trainer.py] => Trainable params: 276498
2026-06-09 10:07:04,936 [cllora.py] => Learning on 140-145
2026-06-09 10:12:48,568 [cllora.py] => Task 28, Epoch 20/20 => Loss 0.089, Train_accy 96.70
2026-06-09 10:19:30,282 [cllora.py] => Task correct: 72.06085753803596
2026-06-09 10:19:30,283 [cllora.py] => Task acc: 98.54771784232365
2026-06-09 10:19:30,291 [trainer.py] => Timing Task 28 => Train 495.90s, Epochs 20, Train 24.7952s/epoch, Inference 249.49s, Images 2892, Inference 86.2674ms/image
2026-06-09 10:19:30,326 [trainer.py] => No NME accuracy.
2026-06-09 10:19:30,326 [trainer.py] => CNN: {'total': 72.06, '00-04': 28.0, '05-09': 93.0, '10-14': 90.0, '15-19': 58.0, '20-24': 97.0, '25-29': 83.0, '30-34': 57.58, '35-39': 86.0, '40-44': 94.0, '45-49': 69.0, '50-54': 84.0, '55-59': 82.0, '60-64': 58.0, '65-69': 77.78, '70-74': 50.0, '75-79': 89.0, '80-84': 61.0, '85-89': 48.0, '90-94': 67.0, '95-99': 83.84, '100-104': 75.0, '105-109': 92.86, '110-114': 79.0, '115-119': 48.0, '120-124': 86.87, '125-129': 80.0, '130-134': 88.78, '135-139': 39.0, '140-144': 45.0, 'old': 73.03, 'new': 45.0}
2026-06-09 10:19:30,326 [trainer.py] => CNN top1 curve: [92.0, 93.0, 92.33, 83.25, 84.2, 85.0, 84.41, 79.6, 81.2, 80.18, 80.62, 80.4, 79.75, 77.83, 78.17, 79.91, 78.39, 77.31, 77.45, 75.71, 75.63, 76.45, 76.86, 76.24, 76.26, 74.56, 75.67, 73.85, 72.06]
2026-06-09 10:19:30,326 [trainer.py] => CNN top5 curve: [100.0, 100.0, 100.0, 100.0, 99.8, 99.83, 99.14, 97.25, 96.89, 94.59, 94.9, 94.91, 94.15, 94.28, 94.79, 95.06, 94.82, 94.83, 94.15, 93.34, 93.85, 93.71, 93.81, 92.99, 93.1, 92.95, 93.13, 92.08, 90.73]
2026-06-09 10:19:30,326 [trainer.py] => Average Accuracy (CNN): 79.94
2026-06-09 10:19:30,335 [trainer.py] => All params: 100310083
2026-06-09 10:19:30,344 [trainer.py] => Trainable params: 276498
2026-06-09 10:19:30,379 [cllora.py] => Learning on 145-150
2026-06-09 10:25:20,002 [cllora.py] => Task 29, Epoch 20/20 => Loss 0.033, Train_accy 99.20
2026-06-09 10:32:37,623 [cllora.py] => Task correct: 71.85828877005348
2026-06-09 10:32:37,624 [cllora.py] => Task acc: 98.56283422459893
2026-06-09 10:32:37,632 [trainer.py] => Timing Task 29 => Train 510.05s, Epochs 20, Train 25.5024s/epoch, Inference 277.24s, Images 2992, Inference 92.6606ms/image
2026-06-09 10:32:37,707 [trainer.py] => No NME accuracy.
2026-06-09 10:32:37,707 [trainer.py] => CNN: {'total': 71.86, '00-04': 24.0, '05-09': 88.0, '10-14': 79.0, '15-19': 56.0, '20-24': 94.0, '25-29': 68.0, '30-34': 56.57, '35-39': 80.0, '40-44': 93.0, '45-49': 69.0, '50-54': 80.0, '55-59': 85.0, '60-64': 62.0, '65-69': 87.88, '70-74': 63.0, '75-79': 91.0, '80-84': 66.0, '85-89': 67.0, '90-94': 64.0, '95-99': 85.86, '100-104': 77.0, '105-109': 72.45, '110-114': 81.0, '115-119': 40.0, '120-124': 86.87, '125-129': 88.0, '130-134': 87.76, '135-139': 38.0, '140-144': 37.0, '145-149': 89.0, 'old': 71.27, 'new': 89.0}
2026-06-09 10:32:37,707 [trainer.py] => CNN top1 curve: [92.0, 93.0, 92.33, 83.25, 84.2, 85.0, 84.41, 79.6, 81.2, 80.18, 80.62, 80.4, 79.75, 77.83, 78.17, 79.91, 78.39, 77.31, 77.45, 75.71, 75.63, 76.45, 76.86, 76.24, 76.26, 74.56, 75.67, 73.85, 72.06, 71.86]
2026-06-09 10:32:37,707 [trainer.py] => CNN top5 curve: [100.0, 100.0, 100.0, 100.0, 99.8, 99.83, 99.14, 97.25, 96.89, 94.59, 94.9, 94.91, 94.15, 94.28, 94.79, 95.06, 94.82, 94.83, 94.15, 93.34, 93.85, 93.71, 93.81, 92.99, 93.1, 92.95, 93.13, 92.08, 90.73, 90.04]
2026-06-09 10:32:37,707 [trainer.py] => Average Accuracy (CNN): 79.67
2026-06-09 10:32:37,715 [trainer.py] => All params: 100912964
2026-06-09 10:32:37,721 [trainer.py] => Trainable params: 276498
2026-06-09 10:32:37,750 [cllora.py] => Learning on 150-155
2026-06-09 10:38:54,550 [cllora.py] => Task 30, Epoch 20/20 => Loss 0.033, Train_accy 99.07
2026-06-09 10:46:44,693 [cllora.py] => Task correct: 71.76584734799482
2026-06-09 10:46:44,694 [cllora.py] => Task acc: 98.54463130659767
2026-06-09 10:46:44,701 [trainer.py] => Timing Task 30 => Train 553.15s, Epochs 20, Train 27.6577s/epoch, Inference 293.83s, Images 3092, Inference 95.0281ms/image
2026-06-09 10:46:44,740 [trainer.py] => No NME accuracy.
2026-06-09 10:46:44,740 [trainer.py] => CNN: {'total': 71.77, '00-04': 26.0, '05-09': 89.0, '10-14': 78.0, '15-19': 57.0, '20-24': 92.0, '25-29': 63.0, '30-34': 56.57, '35-39': 86.0, '40-44': 88.0, '45-49': 70.0, '50-54': 83.0, '55-59': 83.0, '60-64': 60.0, '65-69': 88.89, '70-74': 62.0, '75-79': 90.0, '80-84': 69.0, '85-89': 68.0, '90-94': 65.0, '95-99': 81.82, '100-104': 79.0, '105-109': 61.22, '110-114': 81.0, '115-119': 43.0, '120-124': 84.85, '125-129': 88.0, '130-134': 89.8, '135-139': 38.0, '140-144': 37.0, '145-149': 81.0, '150-154': 86.0, 'old': 71.29, 'new': 86.0}
2026-06-09 10:46:44,740 [trainer.py] => CNN top1 curve: [92.0, 93.0, 92.33, 83.25, 84.2, 85.0, 84.41, 79.6, 81.2, 80.18, 80.62, 80.4, 79.75, 77.83, 78.17, 79.91, 78.39, 77.31, 77.45, 75.71, 75.63, 76.45, 76.86, 76.24, 76.26, 74.56, 75.67, 73.85, 72.06, 71.86, 71.77]
2026-06-09 10:46:44,740 [trainer.py] => CNN top5 curve: [100.0, 100.0, 100.0, 100.0, 99.8, 99.83, 99.14, 97.25, 96.89, 94.59, 94.9, 94.91, 94.15, 94.28, 94.79, 95.06, 94.82, 94.83, 94.15, 93.34, 93.85, 93.71, 93.81, 92.99, 93.1, 92.95, 93.13, 92.08, 90.73, 90.04, 90.33]
2026-06-09 10:46:44,740 [trainer.py] => Average Accuracy (CNN): 79.42
2026-06-09 10:46:44,749 [trainer.py] => All params: 101523525
2026-06-09 10:46:44,755 [trainer.py] => Trainable params: 276498
2026-06-09 10:46:44,782 [cllora.py] => Learning on 155-160
2026-06-09 10:52:50,137 [cllora.py] => Task 31, Epoch 20/20 => Loss 0.033, Train_accy 99.04
2026-06-09 11:00:58,947 [cllora.py] => Task correct: 70.83333333333333
2026-06-09 11:00:58,948 [cllora.py] => Task acc: 98.55889724310777
2026-06-09 11:00:58,953 [trainer.py] => Timing Task 31 => Train 541.85s, Epochs 20, Train 27.0923s/epoch, Inference 312.35s, Images 3192, Inference 97.8544ms/image
2026-06-09 11:00:58,994 [trainer.py] => No NME accuracy.
2026-06-09 11:00:58,994 [trainer.py] => CNN: {'total': 70.83, '00-04': 18.0, '05-09': 86.0, '10-14': 77.0, '15-19': 56.0, '20-24': 93.0, '25-29': 56.0, '30-34': 54.55, '35-39': 84.0, '40-44': 88.0, '45-49': 67.0, '50-54': 83.0, '55-59': 82.0, '60-64': 64.0, '65-69': 92.93, '70-74': 58.0, '75-79': 88.0, '80-84': 69.0, '85-89': 74.0, '90-94': 63.0, '95-99': 77.78, '100-104': 83.0, '105-109': 65.31, '110-114': 82.0, '115-119': 41.0, '120-124': 80.81, '125-129': 86.0, '130-134': 89.8, '135-139': 38.0, '140-144': 34.0, '145-149': 77.0, '150-154': 85.0, '155-159': 74.0, 'old': 70.73, 'new': 74.0}
2026-06-09 11:00:58,995 [trainer.py] => CNN top1 curve: [92.0, 93.0, 92.33, 83.25, 84.2, 85.0, 84.41, 79.6, 81.2, 80.18, 80.62, 80.4, 79.75, 77.83, 78.17, 79.91, 78.39, 77.31, 77.45, 75.71, 75.63, 76.45, 76.86, 76.24, 76.26, 74.56, 75.67, 73.85, 72.06, 71.86, 71.77, 70.83]
2026-06-09 11:00:58,995 [trainer.py] => CNN top5 curve: [100.0, 100.0, 100.0, 100.0, 99.8, 99.83, 99.14, 97.25, 96.89, 94.59, 94.9, 94.91, 94.15, 94.28, 94.79, 95.06, 94.82, 94.83, 94.15, 93.34, 93.85, 93.71, 93.81, 92.99, 93.1, 92.95, 93.13, 92.08, 90.73, 90.04, 90.33, 88.72]
2026-06-09 11:00:58,995 [trainer.py] => Average Accuracy (CNN): 79.15
2026-06-09 11:00:59,002 [trainer.py] => All params: 102141766
2026-06-09 11:00:59,009 [trainer.py] => Trainable params: 276498
2026-06-09 11:00:59,039 [cllora.py] => Learning on 160-165
2026-06-09 11:06:41,314 [cllora.py] => Task 32, Epoch 20/20 => Loss 0.020, Train_accy 99.38
2026-06-09 11:14:57,891 [cllora.py] => Task correct: 70.0789793438639
2026-06-09 11:14:57,891 [cllora.py] => Task acc: 98.60267314702308
2026-06-09 11:14:57,896 [trainer.py] => Timing Task 32 => Train 510.70s, Epochs 20, Train 25.5350s/epoch, Inference 328.19s, Images 3292, Inference 99.6925ms/image
2026-06-09 11:14:57,945 [trainer.py] => No NME accuracy.
2026-06-09 11:14:57,946 [trainer.py] => CNN: {'total': 70.08, '00-04': 24.0, '05-09': 89.0, '10-14': 77.0, '15-19': 57.0, '20-24': 95.0, '25-29': 57.0, '30-34': 51.52, '35-39': 83.0, '40-44': 89.0, '45-49': 68.0, '50-54': 81.0, '55-59': 78.0, '60-64': 63.0, '65-69': 79.8, '70-74': 62.0, '75-79': 90.0, '80-84': 67.0, '85-89': 70.0, '90-94': 63.0, '95-99': 84.85, '100-104': 82.0, '105-109': 63.27, '110-114': 82.0, '115-119': 42.0, '120-124': 80.81, '125-129': 85.0, '130-134': 90.82, '135-139': 38.0, '140-144': 34.0, '145-149': 80.0, '150-154': 86.0, '155-159': 56.0, '160-164': 64.0, 'old': 70.27, 'new': 64.0}
2026-06-09 11:14:57,946 [trainer.py] => CNN top1 curve: [92.0, 93.0, 92.33, 83.25, 84.2, 85.0, 84.41, 79.6, 81.2, 80.18, 80.62, 80.4, 79.75, 77.83, 78.17, 79.91, 78.39, 77.31, 77.45, 75.71, 75.63, 76.45, 76.86, 76.24, 76.26, 74.56, 75.67, 73.85, 72.06, 71.86, 71.77, 70.83, 70.08]
2026-06-09 11:14:57,946 [trainer.py] => CNN top5 curve: [100.0, 100.0, 100.0, 100.0, 99.8, 99.83, 99.14, 97.25, 96.89, 94.59, 94.9, 94.91, 94.15, 94.28, 94.79, 95.06, 94.82, 94.83, 94.15, 93.34, 93.85, 93.71, 93.81, 92.99, 93.1, 92.95, 93.13, 92.08, 90.73, 90.04, 90.33, 88.72, 88.85]
2026-06-09 11:14:57,946 [trainer.py] => Average Accuracy (CNN): 78.87
2026-06-09 11:14:57,958 [trainer.py] => All params: 102767687
2026-06-09 11:14:57,969 [trainer.py] => Trainable params: 276498
2026-06-09 11:14:58,010 [cllora.py] => Learning on 165-170
2026-06-09 11:20:59,699 [cllora.py] => Task 33, Epoch 20/20 => Loss 0.052, Train_accy 98.05
2026-06-09 11:29:50,484 [cllora.py] => Task correct: 69.36910377358491
2026-06-09 11:29:50,484 [cllora.py] => Task acc: 98.76179245283019
2026-06-09 11:29:50,488 [trainer.py] => Timing Task 33 => Train 544.56s, Epochs 20, Train 27.2278s/epoch, Inference 347.96s, Images 3392, Inference 102.5831ms/image
2026-06-09 11:29:50,531 [trainer.py] => No NME accuracy.
2026-06-09 11:29:50,531 [trainer.py] => CNN: {'total': 69.37, '00-04': 27.0, '05-09': 89.0, '10-14': 84.0, '15-19': 57.0, '20-24': 96.0, '25-29': 73.0, '30-34': 51.52, '35-39': 80.0, '40-44': 91.0, '45-49': 68.0, '50-54': 82.0, '55-59': 80.0, '60-64': 59.0, '65-69': 82.83, '70-74': 57.0, '75-79': 89.0, '80-84': 65.0, '85-89': 59.0, '90-94': 64.0, '95-99': 74.75, '100-104': 77.0, '105-109': 59.18, '110-114': 78.0, '115-119': 47.0, '120-124': 85.86, '125-129': 88.0, '130-134': 87.76, '135-139': 38.0, '140-144': 38.0, '145-149': 80.0, '150-154': 87.0, '155-159': 48.0, '160-164': 54.0, '165-169': 62.0, 'old': 69.59, 'new': 62.0}
2026-06-09 11:29:50,532 [trainer.py] => CNN top1 curve: [92.0, 93.0, 92.33, 83.25, 84.2, 85.0, 84.41, 79.6, 81.2, 80.18, 80.62, 80.4, 79.75, 77.83, 78.17, 79.91, 78.39, 77.31, 77.45, 75.71, 75.63, 76.45, 76.86, 76.24, 76.26, 74.56, 75.67, 73.85, 72.06, 71.86, 71.77, 70.83, 70.08, 69.37]
2026-06-09 11:29:50,532 [trainer.py] => CNN top5 curve: [100.0, 100.0, 100.0, 100.0, 99.8, 99.83, 99.14, 97.25, 96.89, 94.59, 94.9, 94.91, 94.15, 94.28, 94.79, 95.06, 94.82, 94.83, 94.15, 93.34, 93.85, 93.71, 93.81, 92.99, 93.1, 92.95, 93.13, 92.08, 90.73, 90.04, 90.33, 88.72, 88.85, 88.97]
2026-06-09 11:29:50,532 [trainer.py] => Average Accuracy (CNN): 78.59
2026-06-09 11:29:50,541 [trainer.py] => All params: 103401288
2026-06-09 11:29:50,549 [trainer.py] => Trainable params: 276498
2026-06-09 11:29:50,588 [cllora.py] => Learning on 170-175
2026-06-09 11:35:18,490 [cllora.py] => Task 34, Epoch 20/20 => Loss 0.020, Train_accy 99.56
2026-06-09 11:44:14,316 [cllora.py] => Task correct: 67.86941580756013
2026-06-09 11:44:14,316 [cllora.py] => Task acc: 98.65406643757159
2026-06-09 11:44:14,320 [trainer.py] => Timing Task 34 => Train 499.56s, Epochs 20, Train 24.9781s/epoch, Inference 364.21s, Images 3492, Inference 104.2981ms/image
2026-06-09 11:44:14,391 [trainer.py] => No NME accuracy.
2026-06-09 11:44:14,391 [trainer.py] => CNN: {'total': 67.87, '00-04': 24.0, '05-09': 86.0, '10-14': 76.0, '15-19': 56.0, '20-24': 95.0, '25-29': 58.0, '30-34': 48.48, '35-39': 74.0, '40-44': 91.0, '45-49': 66.0, '50-54': 82.0, '55-59': 74.0, '60-64': 58.0, '65-69': 84.85, '70-74': 66.0, '75-79': 88.0, '80-84': 64.0, '85-89': 69.0, '90-94': 63.0, '95-99': 71.72, '100-104': 80.0, '105-109': 60.2, '110-114': 79.0, '115-119': 38.0, '120-124': 82.83, '125-129': 89.0, '130-134': 87.76, '135-139': 37.0, '140-144': 34.0, '145-149': 78.0, '150-154': 84.0, '155-159': 51.0, '160-164': 48.0, '165-169': 47.0, '170-174': 85.0, 'old': 67.36, 'new': 85.0}
2026-06-09 11:44:14,392 [trainer.py] => CNN top1 curve: [92.0, 93.0, 92.33, 83.25, 84.2, 85.0, 84.41, 79.6, 81.2, 80.18, 80.62, 80.4, 79.75, 77.83, 78.17, 79.91, 78.39, 77.31, 77.45, 75.71, 75.63, 76.45, 76.86, 76.24, 76.26, 74.56, 75.67, 73.85, 72.06, 71.86, 71.77, 70.83, 70.08, 69.37, 67.87]
2026-06-09 11:44:14,392 [trainer.py] => CNN top5 curve: [100.0, 100.0, 100.0, 100.0, 99.8, 99.83, 99.14, 97.25, 96.89, 94.59, 94.9, 94.91, 94.15, 94.28, 94.79, 95.06, 94.82, 94.83, 94.15, 93.34, 93.85, 93.71, 93.81, 92.99, 93.1, 92.95, 93.13, 92.08, 90.73, 90.04, 90.33, 88.72, 88.85, 88.97, 87.69]
2026-06-09 11:44:14,392 [trainer.py] => Average Accuracy (CNN): 78.29
2026-06-09 11:44:14,400 [trainer.py] => All params: 104042569
2026-06-09 11:44:14,407 [trainer.py] => Trainable params: 276498
2026-06-09 11:44:14,456 [cllora.py] => Learning on 175-180
2026-06-09 11:50:27,784 [cllora.py] => Task 35, Epoch 20/20 => Loss 0.011, Train_accy 99.81
2026-06-09 12:00:14,755 [cllora.py] => Task correct: 68.34632516703786
2026-06-09 12:00:14,755 [cllora.py] => Task acc: 98.69153674832963
2026-06-09 12:00:14,759 [trainer.py] => Timing Task 35 => Train 576.56s, Epochs 20, Train 28.8279s/epoch, Inference 383.79s, Images 3592, Inference 106.8471ms/image
2026-06-09 12:00:14,829 [trainer.py] => No NME accuracy.
2026-06-09 12:00:14,829 [trainer.py] => CNN: {'total': 68.35, '00-04': 25.0, '05-09': 85.0, '10-14': 77.0, '15-19': 56.0, '20-24': 92.0, '25-29': 64.0, '30-34': 50.51, '35-39': 77.0, '40-44': 89.0, '45-49': 64.0, '50-54': 82.0, '55-59': 79.0, '60-64': 61.0, '65-69': 85.86, '70-74': 69.0, '75-79': 92.0, '80-84': 66.0, '85-89': 67.0, '90-94': 62.0, '95-99': 74.75, '100-104': 76.0, '105-109': 61.22, '110-114': 78.0, '115-119': 41.0, '120-124': 80.81, '125-129': 86.0, '130-134': 85.71, '135-139': 38.0, '140-144': 33.0, '145-149': 75.0, '150-154': 82.0, '155-159': 56.0, '160-164': 50.0, '165-169': 44.0, '170-174': 77.0, '175-179': 79.0, 'old': 68.04, 'new': 79.0}
2026-06-09 12:00:14,829 [trainer.py] => CNN top1 curve: [92.0, 93.0, 92.33, 83.25, 84.2, 85.0, 84.41, 79.6, 81.2, 80.18, 80.62, 80.4, 79.75, 77.83, 78.17, 79.91, 78.39, 77.31, 77.45, 75.71, 75.63, 76.45, 76.86, 76.24, 76.26, 74.56, 75.67, 73.85, 72.06, 71.86, 71.77, 70.83, 70.08, 69.37, 67.87, 68.35]
2026-06-09 12:00:14,829 [trainer.py] => CNN top5 curve: [100.0, 100.0, 100.0, 100.0, 99.8, 99.83, 99.14, 97.25, 96.89, 94.59, 94.9, 94.91, 94.15, 94.28, 94.79, 95.06, 94.82, 94.83, 94.15, 93.34, 93.85, 93.71, 93.81, 92.99, 93.1, 92.95, 93.13, 92.08, 90.73, 90.04, 90.33, 88.72, 88.85, 88.97, 87.69, 87.03]
2026-06-09 12:00:14,830 [trainer.py] => Average Accuracy (CNN): 78.01
2026-06-09 12:00:14,839 [trainer.py] => All params: 104691530
2026-06-09 12:00:14,846 [trainer.py] => Trainable params: 276498
2026-06-09 12:00:14,891 [cllora.py] => Learning on 180-185
2026-06-09 12:06:04,381 [cllora.py] => Task 36, Epoch 20/20 => Loss 0.022, Train_accy 99.53
2026-06-09 12:16:03,868 [cllora.py] => Task correct: 67.00975081256772
2026-06-09 12:16:03,869 [cllora.py] => Task acc: 98.78114842903575
2026-06-09 12:16:03,878 [trainer.py] => Timing Task 36 => Train 543.10s, Epochs 20, Train 27.1548s/epoch, Inference 405.93s, Images 3692, Inference 109.9498ms/image
2026-06-09 12:16:03,919 [trainer.py] => No NME accuracy.
2026-06-09 12:16:03,919 [trainer.py] => CNN: {'total': 67.01, '00-04': 19.0, '05-09': 87.0, '10-14': 76.0, '15-19': 55.0, '20-24': 89.0, '25-29': 62.0, '30-34': 51.52, '35-39': 84.0, '40-44': 89.0, '45-49': 63.0, '50-54': 56.0, '55-59': 86.0, '60-64': 59.0, '65-69': 85.86, '70-74': 79.0, '75-79': 91.0, '80-84': 66.0, '85-89': 69.0, '90-94': 55.0, '95-99': 84.85, '100-104': 79.0, '105-109': 66.33, '110-114': 80.0, '115-119': 37.0, '120-124': 77.78, '125-129': 86.0, '130-134': 85.71, '135-139': 38.0, '140-144': 30.0, '145-149': 67.0, '150-154': 79.0, '155-159': 47.0, '160-164': 42.0, '165-169': 33.0, '170-174': 65.0, '175-179': 74.0, '180-184': 86.0, 'old': 66.48, 'new': 86.0}
2026-06-09 12:16:03,919 [trainer.py] => CNN top1 curve: [92.0, 93.0, 92.33, 83.25, 84.2, 85.0, 84.41, 79.6, 81.2, 80.18, 80.62, 80.4, 79.75, 77.83, 78.17, 79.91, 78.39, 77.31, 77.45, 75.71, 75.63, 76.45, 76.86, 76.24, 76.26, 74.56, 75.67, 73.85, 72.06, 71.86, 71.77, 70.83, 70.08, 69.37, 67.87, 68.35, 67.01]
2026-06-09 12:16:03,919 [trainer.py] => CNN top5 curve: [100.0, 100.0, 100.0, 100.0, 99.8, 99.83, 99.14, 97.25, 96.89, 94.59, 94.9, 94.91, 94.15, 94.28, 94.79, 95.06, 94.82, 94.83, 94.15, 93.34, 93.85, 93.71, 93.81, 92.99, 93.1, 92.95, 93.13, 92.08, 90.73, 90.04, 90.33, 88.72, 88.85, 88.97, 87.69, 87.03, 86.84]
2026-06-09 12:16:03,919 [trainer.py] => Average Accuracy (CNN): 77.71
2026-06-09 12:16:03,931 [trainer.py] => All params: 105348171
2026-06-09 12:16:03,939 [trainer.py] => Trainable params: 276498
2026-06-09 12:16:03,982 [cllora.py] => Learning on 185-190
2026-06-09 12:21:53,846 [cllora.py] => Task 37, Epoch 20/20 => Loss 0.055, Train_accy 97.97
2026-06-09 12:32:25,082 [cllora.py] => Task correct: 67.98523206751055
2026-06-09 12:32:25,083 [cllora.py] => Task acc: 98.8132911392405
2026-06-09 12:32:25,086 [trainer.py] => Timing Task 37 => Train 548.39s, Epochs 20, Train 27.4193s/epoch, Inference 432.76s, Images 3792, Inference 114.1245ms/image
2026-06-09 12:32:25,245 [trainer.py] => No NME accuracy.
2026-06-09 12:32:25,245 [trainer.py] => CNN: {'total': 67.99, '00-04': 26.0, '05-09': 88.0, '10-14': 81.0, '15-19': 58.0, '20-24': 91.0, '25-29': 76.0, '30-34': 52.53, '35-39': 81.0, '40-44': 91.0, '45-49': 64.0, '50-54': 65.0, '55-59': 84.0, '60-64': 60.0, '65-69': 69.7, '70-74': 70.0, '75-79': 91.0, '80-84': 64.0, '85-89': 62.0, '90-94': 59.0, '95-99': 86.87, '100-104': 74.0, '105-109': 65.31, '110-114': 83.0, '115-119': 41.0, '120-124': 81.82, '125-129': 91.0, '130-134': 87.76, '135-139': 38.0, '140-144': 34.0, '145-149': 68.0, '150-154': 81.0, '155-159': 46.0, '160-164': 43.0, '165-169': 41.0, '170-174': 56.0, '175-179': 74.0, '180-184': 75.0, '185-189': 84.0, 'old': 67.55, 'new': 84.0}
2026-06-09 12:32:25,245 [trainer.py] => CNN top1 curve: [92.0, 93.0, 92.33, 83.25, 84.2, 85.0, 84.41, 79.6, 81.2, 80.18, 80.62, 80.4, 79.75, 77.83, 78.17, 79.91, 78.39, 77.31, 77.45, 75.71, 75.63, 76.45, 76.86, 76.24, 76.26, 74.56, 75.67, 73.85, 72.06, 71.86, 71.77, 70.83, 70.08, 69.37, 67.87, 68.35, 67.01, 67.99]
2026-06-09 12:32:25,246 [trainer.py] => CNN top5 curve: [100.0, 100.0, 100.0, 100.0, 99.8, 99.83, 99.14, 97.25, 96.89, 94.59, 94.9, 94.91, 94.15, 94.28, 94.79, 95.06, 94.82, 94.83, 94.15, 93.34, 93.85, 93.71, 93.81, 92.99, 93.1, 92.95, 93.13, 92.08, 90.73, 90.04, 90.33, 88.72, 88.85, 88.97, 87.69, 87.03, 86.84, 87.82]
2026-06-09 12:32:25,246 [trainer.py] => Average Accuracy (CNN): 77.46
2026-06-09 12:32:25,255 [trainer.py] => All params: 106012492
2026-06-09 12:32:25,263 [trainer.py] => Trainable params: 276498
2026-06-09 12:32:25,303 [cllora.py] => Learning on 190-195
2026-06-09 12:38:16,867 [cllora.py] => Task 38, Epoch 20/20 => Loss 0.056, Train_accy 97.99
2026-06-09 12:49:20,064 [cllora.py] => Task correct: 68.01130524152107
2026-06-09 12:49:20,065 [cllora.py] => Task acc: 98.86947584789311
2026-06-09 12:49:20,070 [trainer.py] => Timing Task 38 => Train 555.96s, Epochs 20, Train 27.7980s/epoch, Inference 458.85s, Images 3892, Inference 117.8950ms/image
2026-06-09 12:49:20,111 [trainer.py] => No NME accuracy.
2026-06-09 12:49:20,111 [trainer.py] => CNN: {'total': 68.01, '00-04': 25.0, '05-09': 90.0, '10-14': 83.0, '15-19': 57.0, '20-24': 94.0, '25-29': 74.0, '30-34': 50.51, '35-39': 80.0, '40-44': 91.0, '45-49': 68.0, '50-54': 69.0, '55-59': 84.0, '60-64': 57.0, '65-69': 75.76, '70-74': 65.0, '75-79': 91.0, '80-84': 64.0, '85-89': 64.0, '90-94': 60.0, '95-99': 83.84, '100-104': 72.0, '105-109': 61.22, '110-114': 81.0, '115-119': 40.0, '120-124': 80.81, '125-129': 88.0, '130-134': 86.73, '135-139': 38.0, '140-144': 34.0, '145-149': 73.0, '150-154': 81.0, '155-159': 45.0, '160-164': 46.0, '165-169': 38.0, '170-174': 56.0, '175-179': 71.0, '180-184': 74.0, '185-189': 80.0, '190-194': 81.0, 'old': 67.67, 'new': 81.0}
2026-06-09 12:49:20,111 [trainer.py] => CNN top1 curve: [92.0, 93.0, 92.33, 83.25, 84.2, 85.0, 84.41, 79.6, 81.2, 80.18, 80.62, 80.4, 79.75, 77.83, 78.17, 79.91, 78.39, 77.31, 77.45, 75.71, 75.63, 76.45, 76.86, 76.24, 76.26, 74.56, 75.67, 73.85, 72.06, 71.86, 71.77, 70.83, 70.08, 69.37, 67.87, 68.35, 67.01, 67.99, 68.01]
2026-06-09 12:49:20,111 [trainer.py] => CNN top5 curve: [100.0, 100.0, 100.0, 100.0, 99.8, 99.83, 99.14, 97.25, 96.89, 94.59, 94.9, 94.91, 94.15, 94.28, 94.79, 95.06, 94.82, 94.83, 94.15, 93.34, 93.85, 93.71, 93.81, 92.99, 93.1, 92.95, 93.13, 92.08, 90.73, 90.04, 90.33, 88.72, 88.85, 88.97, 87.69, 87.03, 86.84, 87.82, 88.28]
2026-06-09 12:49:20,111 [trainer.py] => Average Accuracy (CNN): 77.22
2026-06-09 12:49:20,119 [trainer.py] => All params: 106684493
2026-06-09 12:49:20,127 [trainer.py] => Trainable params: 276498
2026-06-09 12:49:20,175 [cllora.py] => Learning on 195-200
2026-06-09 12:54:40,052 [cllora.py] => Task 39, Epoch 20/20 => Loss 0.012, Train_accy 99.85
2026-06-09 13:06:01,310 [cllora.py] => Task correct: 67.45991983967936
2026-06-09 13:06:01,310 [cllora.py] => Task acc: 98.79759519038076
2026-06-09 13:06:01,316 [trainer.py] => Timing Task 39 => Train 513.55s, Epochs 20, Train 25.6776s/epoch, Inference 487.64s, Images 3992, Inference 122.1535ms/image
2026-06-09 13:06:01,348 [trainer.py] => No NME accuracy.
2026-06-09 13:06:01,349 [trainer.py] => CNN: {'total': 67.46, '00-04': 20.0, '05-09': 87.0, '10-14': 76.0, '15-19': 55.0, '20-24': 91.0, '25-29': 58.0, '30-34': 52.53, '35-39': 81.0, '40-44': 90.0, '45-49': 66.0, '50-54': 60.0, '55-59': 75.0, '60-64': 66.0, '65-69': 83.84, '70-74': 69.0, '75-79': 90.0, '80-84': 62.0, '85-89': 64.0, '90-94': 58.0, '95-99': 83.84, '100-104': 77.0, '105-109': 62.24, '110-114': 80.0, '115-119': 37.0, '120-124': 78.79, '125-129': 88.0, '130-134': 86.73, '135-139': 38.0, '140-144': 22.0, '145-149': 76.0, '150-154': 82.0, '155-159': 47.0, '160-164': 43.0, '165-169': 37.0, '170-174': 64.0, '175-179': 71.0, '180-184': 81.0, '185-189': 79.0, '190-194': 72.0, '195-199': 89.0, 'old': 66.91, 'new': 89.0}
2026-06-09 13:06:01,349 [trainer.py] => CNN top1 curve: [92.0, 93.0, 92.33, 83.25, 84.2, 85.0, 84.41, 79.6, 81.2, 80.18, 80.62, 80.4, 79.75, 77.83, 78.17, 79.91, 78.39, 77.31, 77.45, 75.71, 75.63, 76.45, 76.86, 76.24, 76.26, 74.56, 75.67, 73.85, 72.06, 71.86, 71.77, 70.83, 70.08, 69.37, 67.87, 68.35, 67.01, 67.99, 68.01, 67.46]
2026-06-09 13:06:01,349 [trainer.py] => CNN top5 curve: [100.0, 100.0, 100.0, 100.0, 99.8, 99.83, 99.14, 97.25, 96.89, 94.59, 94.9, 94.91, 94.15, 94.28, 94.79, 95.06, 94.82, 94.83, 94.15, 93.34, 93.85, 93.71, 93.81, 92.99, 93.1, 92.95, 93.13, 92.08, 90.73, 90.04, 90.33, 88.72, 88.85, 88.97, 87.69, 87.03, 86.84, 87.82, 88.28, 87.4]
2026-06-09 13:06:01,349 [trainer.py] => Average Accuracy (CNN): 76.97
2026-06-09 13:06:01,360 [trainer.py] => All params: 107364174
2026-06-09 13:06:01,369 [trainer.py] => Trainable params: 276498
2026-06-09 13:06:01,415 [cllora.py] => Learning on 200-205
2026-06-09 13:11:32,290 [cllora.py] => Task 40, Epoch 20/20 => Loss 0.065, Train_accy 98.35
2026-06-09 13:23:18,230 [cllora.py] => Task correct: 66.66666666666667
2026-06-09 13:23:18,231 [cllora.py] => Task acc: 98.82697947214076
2026-06-09 13:23:18,240 [trainer.py] => Timing Task 40 => Train 533.50s, Epochs 20, Train 26.6748s/epoch, Inference 503.37s, Images 4092, Inference 123.0143ms/image
2026-06-09 13:23:18,284 [trainer.py] => No NME accuracy.
2026-06-09 13:23:18,284 [trainer.py] => CNN: {'total': 66.67, '00-04': 21.0, '05-09': 87.0, '10-14': 77.0, '15-19': 57.0, '20-24': 88.0, '25-29': 69.0, '30-34': 48.48, '35-39': 76.0, '40-44': 91.0, '45-49': 64.0, '50-54': 63.0, '55-59': 71.0, '60-64': 58.0, '65-69': 88.89, '70-74': 62.0, '75-79': 91.0, '80-84': 58.0, '85-89': 70.0, '90-94': 59.0, '95-99': 75.76, '100-104': 76.0, '105-109': 56.12, '110-114': 80.0, '115-119': 38.0, '120-124': 78.79, '125-129': 88.0, '130-134': 73.47, '135-139': 38.0, '140-144': 33.0, '145-149': 78.0, '150-154': 81.0, '155-159': 47.0, '160-164': 50.0, '165-169': 46.0, '170-174': 67.0, '175-179': 76.0, '180-184': 75.0, '185-189': 79.0, '190-194': 64.0, '195-199': 78.0, '200-204': 56.0, 'old': 66.93, 'new': 56.0}
2026-06-09 13:23:18,285 [trainer.py] => CNN top1 curve: [92.0, 93.0, 92.33, 83.25, 84.2, 85.0, 84.41, 79.6, 81.2, 80.18, 80.62, 80.4, 79.75, 77.83, 78.17, 79.91, 78.39, 77.31, 77.45, 75.71, 75.63, 76.45, 76.86, 76.24, 76.26, 74.56, 75.67, 73.85, 72.06, 71.86, 71.77, 70.83, 70.08, 69.37, 67.87, 68.35, 67.01, 67.99, 68.01, 67.46, 66.67]
2026-06-09 13:23:18,285 [trainer.py] => CNN top5 curve: [100.0, 100.0, 100.0, 100.0, 99.8, 99.83, 99.14, 97.25, 96.89, 94.59, 94.9, 94.91, 94.15, 94.28, 94.79, 95.06, 94.82, 94.83, 94.15, 93.34, 93.85, 93.71, 93.81, 92.99, 93.1, 92.95, 93.13, 92.08, 90.73, 90.04, 90.33, 88.72, 88.85, 88.97, 87.69, 87.03, 86.84, 87.82, 88.28, 87.4, 86.95]
2026-06-09 13:23:18,285 [trainer.py] => Average Accuracy (CNN): 76.72
2026-06-09 13:23:18,296 [trainer.py] => All params: 108051535
2026-06-09 13:23:18,304 [trainer.py] => Trainable params: 276498
2026-06-09 13:23:18,366 [cllora.py] => Learning on 205-210
2026-06-09 13:28:51,466 [cllora.py] => Task 41, Epoch 20/20 => Loss 0.026, Train_accy 99.23
2026-06-09 13:41:12,355 [cllora.py] => Task correct: 67.48568702290076
2026-06-09 13:41:12,356 [cllora.py] => Task acc: 98.85496183206106
2026-06-09 13:41:12,366 [trainer.py] => Timing Task 41 => Train 547.41s, Epochs 20, Train 27.3703s/epoch, Inference 526.66s, Images 4192, Inference 125.6338ms/image
2026-06-09 13:41:12,407 [trainer.py] => No NME accuracy.
2026-06-09 13:41:12,407 [trainer.py] => CNN: {'total': 67.49, '00-04': 20.0, '05-09': 85.0, '10-14': 76.0, '15-19': 55.0, '20-24': 89.0, '25-29': 57.0, '30-34': 49.49, '35-39': 75.0, '40-44': 89.0, '45-49': 63.0, '50-54': 62.0, '55-59': 75.0, '60-64': 59.0, '65-69': 87.88, '70-74': 69.0, '75-79': 90.0, '80-84': 63.0, '85-89': 73.0, '90-94': 60.0, '95-99': 75.76, '100-104': 80.0, '105-109': 56.12, '110-114': 81.0, '115-119': 37.0, '120-124': 79.8, '125-129': 91.0, '130-134': 74.49, '135-139': 38.0, '140-144': 30.0, '145-149': 79.0, '150-154': 86.0, '155-159': 51.0, '160-164': 48.0, '165-169': 41.0, '170-174': 75.0, '175-179': 73.0, '180-184': 79.0, '185-189': 79.0, '190-194': 67.0, '195-199': 80.0, '200-204': 49.0, '205-209': 87.0, 'old': 67.01, 'new': 87.0}
2026-06-09 13:41:12,407 [trainer.py] => CNN top1 curve: [92.0, 93.0, 92.33, 83.25, 84.2, 85.0, 84.41, 79.6, 81.2, 80.18, 80.62, 80.4, 79.75, 77.83, 78.17, 79.91, 78.39, 77.31, 77.45, 75.71, 75.63, 76.45, 76.86, 76.24, 76.26, 74.56, 75.67, 73.85, 72.06, 71.86, 71.77, 70.83, 70.08, 69.37, 67.87, 68.35, 67.01, 67.99, 68.01, 67.46, 66.67, 67.49]
2026-06-09 13:41:12,407 [trainer.py] => CNN top5 curve: [100.0, 100.0, 100.0, 100.0, 99.8, 99.83, 99.14, 97.25, 96.89, 94.59, 94.9, 94.91, 94.15, 94.28, 94.79, 95.06, 94.82, 94.83, 94.15, 93.34, 93.85, 93.71, 93.81, 92.99, 93.1, 92.95, 93.13, 92.08, 90.73, 90.04, 90.33, 88.72, 88.85, 88.97, 87.69, 87.03, 86.84, 87.82, 88.28, 87.4, 86.95, 86.83]
2026-06-09 13:41:12,407 [trainer.py] => Average Accuracy (CNN): 76.5
2026-06-09 13:41:12,417 [trainer.py] => All params: 108746576
2026-06-09 13:41:12,425 [trainer.py] => Trainable params: 276498
2026-06-09 13:41:12,475 [cllora.py] => Learning on 210-215
2026-06-09 13:47:18,332 [cllora.py] => Task 42, Epoch 20/20 => Loss 0.015, Train_accy 99.68
2026-06-09 14:00:33,912 [cllora.py] => Task correct: 65.09785647716683
2026-06-09 14:00:33,912 [cllora.py] => Task acc: 98.81174277726002
2026-06-09 14:00:33,923 [trainer.py] => Timing Task 42 => Train 605.29s, Epochs 20, Train 30.2646s/epoch, Inference 556.21s, Images 4292, Inference 129.5911ms/image
2026-06-09 14:00:34,099 [trainer.py] => No NME accuracy.
2026-06-09 14:00:34,099 [trainer.py] => CNN: {'total': 65.1, '00-04': 15.0, '05-09': 82.0, '10-14': 76.0, '15-19': 56.0, '20-24': 87.0, '25-29': 47.0, '30-34': 50.51, '35-39': 75.0, '40-44': 88.0, '45-49': 62.0, '50-54': 61.0, '55-59': 83.0, '60-64': 64.0, '65-69': 84.85, '70-74': 70.0, '75-79': 90.0, '80-84': 55.0, '85-89': 62.0, '90-94': 57.0, '95-99': 84.85, '100-104': 72.0, '105-109': 66.33, '110-114': 81.0, '115-119': 36.0, '120-124': 71.72, '125-129': 86.0, '130-134': 76.53, '135-139': 38.0, '140-144': 23.0, '145-149': 68.0, '150-154': 78.0, '155-159': 48.0, '160-164': 42.0, '165-169': 25.0, '170-174': 65.0, '175-179': 68.0, '180-184': 80.0, '185-189': 81.0, '190-194': 59.0, '195-199': 83.0, '200-204': 34.0, '205-209': 76.0, '210-214': 92.0, 'old': 64.46, 'new': 92.0}
2026-06-09 14:00:34,099 [trainer.py] => CNN top1 curve: [92.0, 93.0, 92.33, 83.25, 84.2, 85.0, 84.41, 79.6, 81.2, 80.18, 80.62, 80.4, 79.75, 77.83, 78.17, 79.91, 78.39, 77.31, 77.45, 75.71, 75.63, 76.45, 76.86, 76.24, 76.26, 74.56, 75.67, 73.85, 72.06, 71.86, 71.77, 70.83, 70.08, 69.37, 67.87, 68.35, 67.01, 67.99, 68.01, 67.46, 66.67, 67.49, 65.1]
2026-06-09 14:00:34,100 [trainer.py] => CNN top5 curve: [100.0, 100.0, 100.0, 100.0, 99.8, 99.83, 99.14, 97.25, 96.89, 94.59, 94.9, 94.91, 94.15, 94.28, 94.79, 95.06, 94.82, 94.83, 94.15, 93.34, 93.85, 93.71, 93.81, 92.99, 93.1, 92.95, 93.13, 92.08, 90.73, 90.04, 90.33, 88.72, 88.85, 88.97, 87.69, 87.03, 86.84, 87.82, 88.28, 87.4, 86.95, 86.83, 86.18]
2026-06-09 14:00:34,100 [trainer.py] => Average Accuracy (CNN): 76.24
2026-06-09 14:00:34,116 [trainer.py] => All params: 109449297
2026-06-09 14:00:34,129 [trainer.py] => Trainable params: 276498
2026-06-09 14:00:34,203 [cllora.py] => Learning on 215-220
2026-06-09 14:06:19,309 [cllora.py] => Task 43, Epoch 20/20 => Loss 0.043, Train_accy 98.77
2026-06-09 14:19:45,161 [cllora.py] => Task correct: 66.0063752276867
2026-06-09 14:19:45,162 [cllora.py] => Task acc: 98.88433515482696
2026-06-09 14:19:45,167 [trainer.py] => Timing Task 43 => Train 574.28s, Epochs 20, Train 28.7141s/epoch, Inference 576.76s, Images 4392, Inference 131.3197ms/image
2026-06-09 14:19:45,279 [trainer.py] => No NME accuracy.
2026-06-09 14:19:45,279 [trainer.py] => CNN: {'total': 66.01, '00-04': 22.0, '05-09': 85.0, '10-14': 78.0, '15-19': 41.0, '20-24': 92.0, '25-29': 67.0, '30-34': 51.52, '35-39': 77.0, '40-44': 89.0, '45-49': 62.0, '50-54': 69.0, '55-59': 79.0, '60-64': 60.0, '65-69': 85.86, '70-74': 60.0, '75-79': 89.0, '80-84': 54.0, '85-89': 67.0, '90-94': 61.0, '95-99': 74.75, '100-104': 72.0, '105-109': 56.12, '110-114': 81.0, '115-119': 36.0, '120-124': 73.74, '125-129': 85.0, '130-134': 76.53, '135-139': 38.0, '140-144': 33.0, '145-149': 80.0, '150-154': 83.0, '155-159': 48.0, '160-164': 49.0, '165-169': 42.0, '170-174': 67.0, '175-179': 70.0, '180-184': 72.0, '185-189': 80.0, '190-194': 66.0, '195-199': 73.0, '200-204': 37.0, '205-209': 82.0, '210-214': 83.0, '215-219': 57.0, 'old': 66.22, 'new': 57.0}
2026-06-09 14:19:45,279 [trainer.py] => CNN top1 curve: [92.0, 93.0, 92.33, 83.25, 84.2, 85.0, 84.41, 79.6, 81.2, 80.18, 80.62, 80.4, 79.75, 77.83, 78.17, 79.91, 78.39, 77.31, 77.45, 75.71, 75.63, 76.45, 76.86, 76.24, 76.26, 74.56, 75.67, 73.85, 72.06, 71.86, 71.77, 70.83, 70.08, 69.37, 67.87, 68.35, 67.01, 67.99, 68.01, 67.46, 66.67, 67.49, 65.1, 66.01]
2026-06-09 14:19:45,279 [trainer.py] => CNN top5 curve: [100.0, 100.0, 100.0, 100.0, 99.8, 99.83, 99.14, 97.25, 96.89, 94.59, 94.9, 94.91, 94.15, 94.28, 94.79, 95.06, 94.82, 94.83, 94.15, 93.34, 93.85, 93.71, 93.81, 92.99, 93.1, 92.95, 93.13, 92.08, 90.73, 90.04, 90.33, 88.72, 88.85, 88.97, 87.69, 87.03, 86.84, 87.82, 88.28, 87.4, 86.95, 86.83, 86.18, 86.77]
2026-06-09 14:19:45,279 [trainer.py] => Average Accuracy (CNN): 76.0
2026-06-09 14:19:45,290 [trainer.py] => All params: 110159698
2026-06-09 14:19:45,298 [trainer.py] => Trainable params: 276498
2026-06-09 14:19:45,355 [cllora.py] => Learning on 220-225
2026-06-09 14:25:50,249 [cllora.py] => Task 44, Epoch 20/20 => Loss 0.052, Train_accy 98.13
2026-06-09 14:39:55,123 [cllora.py] => Task correct: 66.19906479625918
2026-06-09 14:39:55,123 [cllora.py] => Task acc: 98.9311957247829
2026-06-09 14:39:55,129 [trainer.py] => Timing Task 44 => Train 608.69s, Epochs 20, Train 30.4346s/epoch, Inference 601.14s, Images 4491, Inference 133.8540ms/image
2026-06-09 14:39:55,193 [trainer.py] => No NME accuracy.
2026-06-09 14:39:55,193 [trainer.py] => CNN: {'total': 66.2, '00-04': 22.0, '05-09': 86.0, '10-14': 79.0, '15-19': 41.0, '20-24': 92.0, '25-29': 71.0, '30-34': 51.52, '35-39': 75.0, '40-44': 89.0, '45-49': 63.0, '50-54': 71.0, '55-59': 78.0, '60-64': 59.0, '65-69': 79.8, '70-74': 49.0, '75-79': 90.0, '80-84': 57.0, '85-89': 66.0, '90-94': 64.0, '95-99': 71.72, '100-104': 73.0, '105-109': 58.16, '110-114': 81.0, '115-119': 39.0, '120-124': 75.76, '125-129': 83.0, '130-134': 74.49, '135-139': 38.0, '140-144': 32.0, '145-149': 81.0, '150-154': 86.0, '155-159': 49.0, '160-164': 51.0, '165-169': 49.0, '170-174': 67.0, '175-179': 71.0, '180-184': 67.0, '185-189': 80.0, '190-194': 74.0, '195-199': 66.0, '200-204': 43.0, '205-209': 76.0, '210-214': 88.0, '215-219': 56.0, '220-224': 65.66, 'old': 66.21, 'new': 65.66}
2026-06-09 14:39:55,193 [trainer.py] => CNN top1 curve: [92.0, 93.0, 92.33, 83.25, 84.2, 85.0, 84.41, 79.6, 81.2, 80.18, 80.62, 80.4, 79.75, 77.83, 78.17, 79.91, 78.39, 77.31, 77.45, 75.71, 75.63, 76.45, 76.86, 76.24, 76.26, 74.56, 75.67, 73.85, 72.06, 71.86, 71.77, 70.83, 70.08, 69.37, 67.87, 68.35, 67.01, 67.99, 68.01, 67.46, 66.67, 67.49, 65.1, 66.01, 66.2]
2026-06-09 14:39:55,193 [trainer.py] => CNN top5 curve: [100.0, 100.0, 100.0, 100.0, 99.8, 99.83, 99.14, 97.25, 96.89, 94.59, 94.9, 94.91, 94.15, 94.28, 94.79, 95.06, 94.82, 94.83, 94.15, 93.34, 93.85, 93.71, 93.81, 92.99, 93.1, 92.95, 93.13, 92.08, 90.73, 90.04, 90.33, 88.72, 88.85, 88.97, 87.69, 87.03, 86.84, 87.82, 88.28, 87.4, 86.95, 86.83, 86.18, 86.77, 86.71]
2026-06-09 14:39:55,193 [trainer.py] => Average Accuracy (CNN): 75.79
2026-06-09 14:39:55,206 [trainer.py] => All params: 110877779
2026-06-09 14:39:55,217 [trainer.py] => Trainable params: 276498
2026-06-09 14:39:55,302 [cllora.py] => Learning on 225-230
2026-06-09 14:45:28,063 [cllora.py] => Task 45, Epoch 20/20 => Loss 0.014, Train_accy 99.72
2026-06-09 14:59:48,833 [cllora.py] => Task correct: 65.21455020692659
2026-06-09 14:59:48,834 [cllora.py] => Task acc: 98.91091265519495
2026-06-09 14:59:48,838 [trainer.py] => Timing Task 45 => Train 564.52s, Epochs 20, Train 28.2262s/epoch, Inference 629.10s, Images 4591, Inference 137.0282ms/image
2026-06-09 14:59:48,882 [trainer.py] => No NME accuracy.
2026-06-09 14:59:48,883 [trainer.py] => CNN: {'total': 65.21, '00-04': 16.0, '05-09': 82.0, '10-14': 76.0, '15-19': 41.0, '20-24': 88.0, '25-29': 47.0, '30-34': 52.53, '35-39': 75.0, '40-44': 89.0, '45-49': 63.0, '50-54': 60.0, '55-59': 77.0, '60-64': 61.0, '65-69': 85.86, '70-74': 58.0, '75-79': 89.0, '80-84': 61.0, '85-89': 72.0, '90-94': 56.0, '95-99': 77.78, '100-104': 80.0, '105-109': 68.37, '110-114': 80.0, '115-119': 34.0, '120-124': 73.74, '125-129': 85.0, '130-134': 75.51, '135-139': 38.0, '140-144': 21.0, '145-149': 73.0, '150-154': 81.0, '155-159': 50.0, '160-164': 46.0, '165-169': 37.0, '170-174': 70.0, '175-179': 71.0, '180-184': 81.0, '185-189': 80.0, '190-194': 61.0, '195-199': 74.0, '200-204': 40.0, '205-209': 75.0, '210-214': 90.0, '215-219': 51.0, '220-224': 50.51, '225-229': 87.0, 'old': 64.73, 'new': 87.0}
2026-06-09 14:59:48,883 [trainer.py] => CNN top1 curve: [92.0, 93.0, 92.33, 83.25, 84.2, 85.0, 84.41, 79.6, 81.2, 80.18, 80.62, 80.4, 79.75, 77.83, 78.17, 79.91, 78.39, 77.31, 77.45, 75.71, 75.63, 76.45, 76.86, 76.24, 76.26, 74.56, 75.67, 73.85, 72.06, 71.86, 71.77, 70.83, 70.08, 69.37, 67.87, 68.35, 67.01, 67.99, 68.01, 67.46, 66.67, 67.49, 65.1, 66.01, 66.2, 65.21]
2026-06-09 14:59:48,883 [trainer.py] => CNN top5 curve: [100.0, 100.0, 100.0, 100.0, 99.8, 99.83, 99.14, 97.25, 96.89, 94.59, 94.9, 94.91, 94.15, 94.28, 94.79, 95.06, 94.82, 94.83, 94.15, 93.34, 93.85, 93.71, 93.81, 92.99, 93.1, 92.95, 93.13, 92.08, 90.73, 90.04, 90.33, 88.72, 88.85, 88.97, 87.69, 87.03, 86.84, 87.82, 88.28, 87.4, 86.95, 86.83, 86.18, 86.77, 86.71, 85.86]
2026-06-09 14:59:48,883 [trainer.py] => Average Accuracy (CNN): 75.56
2026-06-09 14:59:48,894 [trainer.py] => All params: 111603540
2026-06-09 14:59:48,902 [trainer.py] => Trainable params: 276498
2026-06-09 14:59:48,991 [cllora.py] => Learning on 230-235
2026-06-09 15:05:28,249 [cllora.py] => Task 46, Epoch 20/20 => Loss 0.025, Train_accy 99.18
2026-06-09 15:20:28,002 [cllora.py] => Task correct: 65.11727078891258
2026-06-09 15:20:28,003 [cllora.py] => Task acc: 99.01918976545842
2026-06-09 15:20:28,014 [trainer.py] => Timing Task 46 => Train 584.30s, Epochs 20, Train 29.2152s/epoch, Inference 654.81s, Images 4690, Inference 139.6177ms/image
2026-06-09 15:20:28,054 [trainer.py] => No NME accuracy.
2026-06-09 15:20:28,054 [trainer.py] => CNN: {'total': 65.12, '00-04': 24.0, '05-09': 85.0, '10-14': 78.0, '15-19': 44.0, '20-24': 92.0, '25-29': 60.0, '30-34': 49.49, '35-39': 76.0, '40-44': 89.0, '45-49': 62.0, '50-54': 70.0, '55-59': 71.0, '60-64': 59.0, '65-69': 86.87, '70-74': 56.0, '75-79': 89.0, '80-84': 59.0, '85-89': 66.0, '90-94': 60.0, '95-99': 76.77, '100-104': 74.0, '105-109': 63.27, '110-114': 79.0, '115-119': 35.0, '120-124': 75.76, '125-129': 70.0, '130-134': 77.55, '135-139': 38.0, '140-144': 23.0, '145-149': 79.0, '150-154': 77.0, '155-159': 49.0, '160-164': 46.0, '165-169': 36.0, '170-174': 68.0, '175-179': 70.0, '180-184': 70.0, '185-189': 80.0, '190-194': 63.0, '195-199': 75.0, '200-204': 43.0, '205-209': 78.0, '210-214': 87.0, '215-219': 44.0, '220-224': 44.44, '225-229': 71.0, '230-234': 91.92, 'old': 64.54, 'new': 91.92}
2026-06-09 15:20:28,054 [trainer.py] => CNN top1 curve: [92.0, 93.0, 92.33, 83.25, 84.2, 85.0, 84.41, 79.6, 81.2, 80.18, 80.62, 80.4, 79.75, 77.83, 78.17, 79.91, 78.39, 77.31, 77.45, 75.71, 75.63, 76.45, 76.86, 76.24, 76.26, 74.56, 75.67, 73.85, 72.06, 71.86, 71.77, 70.83, 70.08, 69.37, 67.87, 68.35, 67.01, 67.99, 68.01, 67.46, 66.67, 67.49, 65.1, 66.01, 66.2, 65.21, 65.12]
2026-06-09 15:20:28,055 [trainer.py] => CNN top5 curve: [100.0, 100.0, 100.0, 100.0, 99.8, 99.83, 99.14, 97.25, 96.89, 94.59, 94.9, 94.91, 94.15, 94.28, 94.79, 95.06, 94.82, 94.83, 94.15, 93.34, 93.85, 93.71, 93.81, 92.99, 93.1, 92.95, 93.13, 92.08, 90.73, 90.04, 90.33, 88.72, 88.85, 88.97, 87.69, 87.03, 86.84, 87.82, 88.28, 87.4, 86.95, 86.83, 86.18, 86.77, 86.71, 85.86, 86.52]
2026-06-09 15:20:28,055 [trainer.py] => Average Accuracy (CNN): 75.33
2026-06-09 15:20:28,066 [trainer.py] => All params: 112336981
2026-06-09 15:20:28,074 [trainer.py] => Trainable params: 276498
2026-06-09 15:20:28,135 [cllora.py] => Learning on 235-240
2026-06-09 15:26:31,406 [cllora.py] => Task 47, Epoch 20/20 => Loss 0.068, Train_accy 97.93
2026-06-09 15:42:20,374 [cllora.py] => Task correct: 64.06347880559616
2026-06-09 15:42:20,375 [cllora.py] => Task acc: 98.97682188348298
2026-06-09 15:42:20,379 [trainer.py] => Timing Task 47 => Train 623.99s, Epochs 20, Train 31.1995s/epoch, Inference 688.31s, Images 4789, Inference 143.7281ms/image
2026-06-09 15:42:20,433 [trainer.py] => No NME accuracy.
2026-06-09 15:42:20,433 [trainer.py] => CNN: {'total': 64.06, '00-04': 24.0, '05-09': 82.0, '10-14': 80.0, '15-19': 44.0, '20-24': 94.0, '25-29': 66.0, '30-34': 48.48, '35-39': 77.0, '40-44': 91.0, '45-49': 65.0, '50-54': 71.0, '55-59': 73.0, '60-64': 58.0, '65-69': 82.83, '70-74': 54.0, '75-79': 81.0, '80-84': 54.0, '85-89': 65.0, '90-94': 63.0, '95-99': 75.76, '100-104': 73.0, '105-109': 62.24, '110-114': 81.0, '115-119': 35.0, '120-124': 75.76, '125-129': 72.0, '130-134': 69.39, '135-139': 38.0, '140-144': 28.0, '145-149': 77.0, '150-154': 80.0, '155-159': 47.0, '160-164': 37.0, '165-169': 35.0, '170-174': 63.0, '175-179': 67.0, '180-184': 70.0, '185-189': 80.0, '190-194': 69.0, '195-199': 73.0, '200-204': 28.0, '205-209': 79.0, '210-214': 83.0, '215-219': 37.0, '220-224': 42.42, '225-229': 60.0, '230-234': 85.86, '235-239': 78.79, 'old': 63.75, 'new': 78.79}
2026-06-09 15:42:20,433 [trainer.py] => CNN top1 curve: [92.0, 93.0, 92.33, 83.25, 84.2, 85.0, 84.41, 79.6, 81.2, 80.18, 80.62, 80.4, 79.75, 77.83, 78.17, 79.91, 78.39, 77.31, 77.45, 75.71, 75.63, 76.45, 76.86, 76.24, 76.26, 74.56, 75.67, 73.85, 72.06, 71.86, 71.77, 70.83, 70.08, 69.37, 67.87, 68.35, 67.01, 67.99, 68.01, 67.46, 66.67, 67.49, 65.1, 66.01, 66.2, 65.21, 65.12, 64.06]
2026-06-09 15:42:20,433 [trainer.py] => CNN top5 curve: [100.0, 100.0, 100.0, 100.0, 99.8, 99.83, 99.14, 97.25, 96.89, 94.59, 94.9, 94.91, 94.15, 94.28, 94.79, 95.06, 94.82, 94.83, 94.15, 93.34, 93.85, 93.71, 93.81, 92.99, 93.1, 92.95, 93.13, 92.08, 90.73, 90.04, 90.33, 88.72, 88.85, 88.97, 87.69, 87.03, 86.84, 87.82, 88.28, 87.4, 86.95, 86.83, 86.18, 86.77, 86.71, 85.86, 86.52, 86.49]
2026-06-09 15:42:20,433 [trainer.py] => Average Accuracy (CNN): 75.1
2026-06-09 15:42:20,445 [trainer.py] => All params: 113078102
2026-06-09 15:42:20,453 [trainer.py] => Trainable params: 276498
2026-06-09 15:42:20,519 [cllora.py] => Learning on 240-245
2026-06-09 15:47:43,695 [cllora.py] => Task 48, Epoch 20/20 => Loss 0.024, Train_accy 99.49
2026-06-09 16:03:39,766 [cllora.py] => Task correct: 64.04172632440172
2026-06-09 16:03:39,767 [cllora.py] => Task acc: 98.95684188995705
2026-06-09 16:03:39,779 [trainer.py] => Timing Task 48 => Train 566.91s, Epochs 20, Train 28.3456s/epoch, Inference 712.41s, Images 4889, Inference 145.7175ms/image
2026-06-09 16:03:39,819 [trainer.py] => No NME accuracy.
2026-06-09 16:03:39,819 [trainer.py] => CNN: {'total': 64.04, '00-04': 22.0, '05-09': 83.0, '10-14': 78.0, '15-19': 42.0, '20-24': 91.0, '25-29': 64.0, '30-34': 49.49, '35-39': 77.0, '40-44': 90.0, '45-49': 64.0, '50-54': 63.0, '55-59': 75.0, '60-64': 59.0, '65-69': 84.85, '70-74': 61.0, '75-79': 84.0, '80-84': 57.0, '85-89': 67.0, '90-94': 59.0, '95-99': 74.75, '100-104': 73.0, '105-109': 68.37, '110-114': 79.0, '115-119': 36.0, '120-124': 75.76, '125-129': 78.0, '130-134': 69.39, '135-139': 37.0, '140-144': 21.0, '145-149': 70.0, '150-154': 79.0, '155-159': 47.0, '160-164': 36.0, '165-169': 30.0, '170-174': 64.0, '175-179': 70.0, '180-184': 80.0, '185-189': 79.0, '190-194': 64.0, '195-199': 75.0, '200-204': 27.0, '205-209': 79.0, '210-214': 87.0, '215-219': 35.0, '220-224': 29.29, '225-229': 66.0, '230-234': 84.85, '235-239': 71.72, '240-244': 82.0, 'old': 63.67, 'new': 82.0}
2026-06-09 16:03:39,819 [trainer.py] => CNN top1 curve: [92.0, 93.0, 92.33, 83.25, 84.2, 85.0, 84.41, 79.6, 81.2, 80.18, 80.62, 80.4, 79.75, 77.83, 78.17, 79.91, 78.39, 77.31, 77.45, 75.71, 75.63, 76.45, 76.86, 76.24, 76.26, 74.56, 75.67, 73.85, 72.06, 71.86, 71.77, 70.83, 70.08, 69.37, 67.87, 68.35, 67.01, 67.99, 68.01, 67.46, 66.67, 67.49, 65.1, 66.01, 66.2, 65.21, 65.12, 64.06, 64.04]
2026-06-09 16:03:39,819 [trainer.py] => CNN top5 curve: [100.0, 100.0, 100.0, 100.0, 99.8, 99.83, 99.14, 97.25, 96.89, 94.59, 94.9, 94.91, 94.15, 94.28, 94.79, 95.06, 94.82, 94.83, 94.15, 93.34, 93.85, 93.71, 93.81, 92.99, 93.1, 92.95, 93.13, 92.08, 90.73, 90.04, 90.33, 88.72, 88.85, 88.97, 87.69, 87.03, 86.84, 87.82, 88.28, 87.4, 86.95, 86.83, 86.18, 86.77, 86.71, 85.86, 86.52, 86.49, 85.56]
2026-06-09 16:03:39,820 [trainer.py] => Average Accuracy (CNN): 74.87
2026-06-09 16:03:39,831 [trainer.py] => All params: 113826903
2026-06-09 16:03:39,840 [trainer.py] => Trainable params: 276498
2026-06-09 16:03:39,912 [cllora.py] => Learning on 245-250
2026-06-09 16:09:41,011 [cllora.py] => Task 49, Epoch 20/20 => Loss 0.009, Train_accy 99.81
2026-06-09 16:26:44,409 [cllora.py] => Task correct: 62.657847263980756
2026-06-09 16:26:44,410 [cllora.py] => Task acc: 98.95770695530166
2026-06-09 16:26:44,420 [trainer.py] => Timing Task 49 => Train 636.26s, Epochs 20, Train 31.8128s/epoch, Inference 748.32s, Images 4989, Inference 149.9946ms/image
2026-06-09 16:26:44,477 [trainer.py] => No NME accuracy.
2026-06-09 16:26:44,477 [trainer.py] => CNN: {'total': 62.66, '00-04': 13.0, '05-09': 83.0, '10-14': 77.0, '15-19': 42.0, '20-24': 80.0, '25-29': 56.0, '30-34': 52.53, '35-39': 77.0, '40-44': 90.0, '45-49': 65.0, '50-54': 59.0, '55-59': 62.0, '60-64': 63.0, '65-69': 86.87, '70-74': 69.0, '75-79': 86.0, '80-84': 57.0, '85-89': 63.0, '90-94': 56.0, '95-99': 69.7, '100-104': 74.0, '105-109': 68.37, '110-114': 79.0, '115-119': 35.0, '120-124': 73.74, '125-129': 77.0, '130-134': 60.2, '135-139': 36.0, '140-144': 21.0, '145-149': 69.0, '150-154': 76.0, '155-159': 47.0, '160-164': 35.0, '165-169': 26.0, '170-174': 65.0, '175-179': 70.0, '180-184': 83.0, '185-189': 80.0, '190-194': 62.0, '195-199': 76.0, '200-204': 25.0, '205-209': 77.0, '210-214': 89.0, '215-219': 29.0, '220-224': 25.25, '225-229': 62.0, '230-234': 83.84, '235-239': 61.62, '240-244': 73.0, '245-249': 87.0, 'old': 62.16, 'new': 87.0}
2026-06-09 16:26:44,477 [trainer.py] => CNN top1 curve: [92.0, 93.0, 92.33, 83.25, 84.2, 85.0, 84.41, 79.6, 81.2, 80.18, 80.62, 80.4, 79.75, 77.83, 78.17, 79.91, 78.39, 77.31, 77.45, 75.71, 75.63, 76.45, 76.86, 76.24, 76.26, 74.56, 75.67, 73.85, 72.06, 71.86, 71.77, 70.83, 70.08, 69.37, 67.87, 68.35, 67.01, 67.99, 68.01, 67.46, 66.67, 67.49, 65.1, 66.01, 66.2, 65.21, 65.12, 64.06, 64.04, 62.66]
2026-06-09 16:26:44,477 [trainer.py] => CNN top5 curve: [100.0, 100.0, 100.0, 100.0, 99.8, 99.83, 99.14, 97.25, 96.89, 94.59, 94.9, 94.91, 94.15, 94.28, 94.79, 95.06, 94.82, 94.83, 94.15, 93.34, 93.85, 93.71, 93.81, 92.99, 93.1, 92.95, 93.13, 92.08, 90.73, 90.04, 90.33, 88.72, 88.85, 88.97, 87.69, 87.03, 86.84, 87.82, 88.28, 87.4, 86.95, 86.83, 86.18, 86.77, 86.71, 85.86, 86.52, 86.49, 85.56, 85.17]
2026-06-09 16:26:44,477 [trainer.py] => Average Accuracy (CNN): 74.63
2026-06-09 16:26:44,488 [trainer.py] => All params: 114583384
2026-06-09 16:26:44,497 [trainer.py] => Trainable params: 276498
2026-06-09 16:26:44,569 [cllora.py] => Learning on 250-255
2026-06-09 16:32:26,650 [cllora.py] => Task 50, Epoch 20/20 => Loss 0.038, Train_accy 98.56
2026-06-09 16:49:45,093 [cllora.py] => Task correct: 63.522012578616355
2026-06-09 16:49:45,094 [cllora.py] => Task acc: 99.15487421383648
2026-06-09 16:49:45,105 [trainer.py] => Timing Task 50 => Train 603.57s, Epochs 20, Train 30.1784s/epoch, Inference 777.04s, Images 5088, Inference 152.7197ms/image
2026-06-09 16:49:45,144 [trainer.py] => No NME accuracy.
2026-06-09 16:49:45,144 [trainer.py] => CNN: {'total': 63.52, '00-04': 23.0, '05-09': 86.0, '10-14': 81.0, '15-19': 45.0, '20-24': 89.0, '25-29': 65.0, '30-34': 50.51, '35-39': 82.0, '40-44': 90.0, '45-49': 62.0, '50-54': 66.0, '55-59': 70.0, '60-64': 61.0, '65-69': 85.86, '70-74': 60.0, '75-79': 67.0, '80-84': 59.0, '85-89': 64.0, '90-94': 58.0, '95-99': 78.79, '100-104': 73.0, '105-109': 68.37, '110-114': 80.0, '115-119': 39.0, '120-124': 75.76, '125-129': 72.0, '130-134': 66.33, '135-139': 37.0, '140-144': 29.0, '145-149': 69.0, '150-154': 79.0, '155-159': 47.0, '160-164': 38.0, '165-169': 30.0, '170-174': 58.0, '175-179': 67.0, '180-184': 77.0, '185-189': 80.0, '190-194': 70.0, '195-199': 71.0, '200-204': 24.0, '205-209': 77.0, '210-214': 85.0, '215-219': 32.0, '220-224': 30.3, '225-229': 58.0, '230-234': 81.82, '235-239': 62.63, '240-244': 72.0, '245-249': 75.0, '250-254': 72.73, 'old': 63.34, 'new': 72.73}
2026-06-09 16:49:45,144 [trainer.py] => CNN top1 curve: [92.0, 93.0, 92.33, 83.25, 84.2, 85.0, 84.41, 79.6, 81.2, 80.18, 80.62, 80.4, 79.75, 77.83, 78.17, 79.91, 78.39, 77.31, 77.45, 75.71, 75.63, 76.45, 76.86, 76.24, 76.26, 74.56, 75.67, 73.85, 72.06, 71.86, 71.77, 70.83, 70.08, 69.37, 67.87, 68.35, 67.01, 67.99, 68.01, 67.46, 66.67, 67.49, 65.1, 66.01, 66.2, 65.21, 65.12, 64.06, 64.04, 62.66, 63.52]
2026-06-09 16:49:45,144 [trainer.py] => CNN top5 curve: [100.0, 100.0, 100.0, 100.0, 99.8, 99.83, 99.14, 97.25, 96.89, 94.59, 94.9, 94.91, 94.15, 94.28, 94.79, 95.06, 94.82, 94.83, 94.15, 93.34, 93.85, 93.71, 93.81, 92.99, 93.1, 92.95, 93.13, 92.08, 90.73, 90.04, 90.33, 88.72, 88.85, 88.97, 87.69, 87.03, 86.84, 87.82, 88.28, 87.4, 86.95, 86.83, 86.18, 86.77, 86.71, 85.86, 86.52, 86.49, 85.56, 85.17, 85.16]
2026-06-09 16:49:45,144 [trainer.py] => Average Accuracy (CNN): 74.41
2026-06-09 16:49:45,158 [trainer.py] => All params: 115347545
2026-06-09 16:49:45,170 [trainer.py] => Trainable params: 276498
2026-06-09 16:49:45,244 [cllora.py] => Learning on 255-260
2026-06-09 16:55:36,842 [cllora.py] => Task 51, Epoch 20/20 => Loss 0.013, Train_accy 99.73
2026-06-09 17:13:39,621 [cllora.py] => Task correct: 63.35774865073246
2026-06-09 17:13:39,622 [cllora.py] => Task acc: 99.03623747108712
2026-06-09 17:13:39,634 [trainer.py] => Timing Task 51 => Train 628.54s, Epochs 20, Train 31.4272s/epoch, Inference 805.92s, Images 5188, Inference 155.3430ms/image
2026-06-09 17:13:39,694 [trainer.py] => No NME accuracy.
2026-06-09 17:13:39,694 [trainer.py] => CNN: {'total': 63.36, '00-04': 10.0, '05-09': 83.0, '10-14': 77.0, '15-19': 44.0, '20-24': 85.0, '25-29': 59.0, '30-34': 49.49, '35-39': 81.0, '40-44': 89.0, '45-49': 63.0, '50-54': 62.0, '55-59': 64.0, '60-64': 63.0, '65-69': 87.88, '70-74': 66.0, '75-79': 67.0, '80-84': 66.0, '85-89': 70.0, '90-94': 58.0, '95-99': 73.74, '100-104': 74.0, '105-109': 68.37, '110-114': 80.0, '115-119': 38.0, '120-124': 73.74, '125-129': 75.0, '130-134': 57.14, '135-139': 37.0, '140-144': 25.0, '145-149': 71.0, '150-154': 77.0, '155-159': 44.0, '160-164': 35.0, '165-169': 30.0, '170-174': 64.0, '175-179': 72.0, '180-184': 87.0, '185-189': 80.0, '190-194': 66.0, '195-199': 72.0, '200-204': 26.0, '205-209': 79.0, '210-214': 84.0, '215-219': 32.0, '220-224': 25.25, '225-229': 62.0, '230-234': 83.84, '235-239': 63.64, '240-244': 71.0, '245-249': 72.0, '250-254': 69.7, '255-259': 82.0, 'old': 62.99, 'new': 82.0}
2026-06-09 17:13:39,694 [trainer.py] => CNN top1 curve: [92.0, 93.0, 92.33, 83.25, 84.2, 85.0, 84.41, 79.6, 81.2, 80.18, 80.62, 80.4, 79.75, 77.83, 78.17, 79.91, 78.39, 77.31, 77.45, 75.71, 75.63, 76.45, 76.86, 76.24, 76.26, 74.56, 75.67, 73.85, 72.06, 71.86, 71.77, 70.83, 70.08, 69.37, 67.87, 68.35, 67.01, 67.99, 68.01, 67.46, 66.67, 67.49, 65.1, 66.01, 66.2, 65.21, 65.12, 64.06, 64.04, 62.66, 63.52, 63.36]
2026-06-09 17:13:39,694 [trainer.py] => CNN top5 curve: [100.0, 100.0, 100.0, 100.0, 99.8, 99.83, 99.14, 97.25, 96.89, 94.59, 94.9, 94.91, 94.15, 94.28, 94.79, 95.06, 94.82, 94.83, 94.15, 93.34, 93.85, 93.71, 93.81, 92.99, 93.1, 92.95, 93.13, 92.08, 90.73, 90.04, 90.33, 88.72, 88.85, 88.97, 87.69, 87.03, 86.84, 87.82, 88.28, 87.4, 86.95, 86.83, 86.18, 86.77, 86.71, 85.86, 86.52, 86.49, 85.56, 85.17, 85.16, 84.64]
2026-06-09 17:13:39,695 [trainer.py] => Average Accuracy (CNN): 74.2
2026-06-09 17:13:39,707 [trainer.py] => All params: 116119386
2026-06-09 17:13:39,717 [trainer.py] => Trainable params: 276498
2026-06-09 17:13:39,791 [cllora.py] => Learning on 260-265
2026-06-09 17:19:49,536 [cllora.py] => Task 52, Epoch 20/20 => Loss 0.035, Train_accy 98.87
2026-06-09 17:38:54,658 [cllora.py] => Task correct: 63.58993758275014
2026-06-09 17:38:54,658 [cllora.py] => Task acc: 99.12994136561377
2026-06-09 17:38:54,663 [trainer.py] => Timing Task 52 => Train 668.96s, Epochs 20, Train 33.4479s/epoch, Inference 845.99s, Images 5287, Inference 160.0129ms/image
2026-06-09 17:38:54,718 [trainer.py] => No NME accuracy.
2026-06-09 17:38:54,718 [trainer.py] => CNN: {'total': 63.59, '00-04': 18.0, '05-09': 85.0, '10-14': 81.0, '15-19': 44.0, '20-24': 93.0, '25-29': 73.0, '30-34': 43.43, '35-39': 80.0, '40-44': 90.0, '45-49': 65.0, '50-54': 66.0, '55-59': 69.0, '60-64': 61.0, '65-69': 71.72, '70-74': 62.0, '75-79': 66.0, '80-84': 55.0, '85-89': 62.0, '90-94': 61.0, '95-99': 74.75, '100-104': 71.0, '105-109': 61.22, '110-114': 69.0, '115-119': 38.0, '120-124': 76.77, '125-129': 73.0, '130-134': 66.33, '135-139': 38.0, '140-144': 33.0, '145-149': 77.0, '150-154': 80.0, '155-159': 45.0, '160-164': 41.0, '165-169': 45.0, '170-174': 64.0, '175-179': 70.0, '180-184': 74.0, '185-189': 80.0, '190-194': 70.0, '195-199': 69.0, '200-204': 28.0, '205-209': 81.0, '210-214': 85.0, '215-219': 34.0, '220-224': 33.33, '225-229': 58.0, '230-234': 82.83, '235-239': 67.68, '240-244': 72.0, '245-249': 66.0, '250-254': 64.65, '255-259': 60.0, '260-264': 75.76, 'old': 63.36, 'new': 75.76}
2026-06-09 17:38:54,718 [trainer.py] => CNN top1 curve: [92.0, 93.0, 92.33, 83.25, 84.2, 85.0, 84.41, 79.6, 81.2, 80.18, 80.62, 80.4, 79.75, 77.83, 78.17, 79.91, 78.39, 77.31, 77.45, 75.71, 75.63, 76.45, 76.86, 76.24, 76.26, 74.56, 75.67, 73.85, 72.06, 71.86, 71.77, 70.83, 70.08, 69.37, 67.87, 68.35, 67.01, 67.99, 68.01, 67.46, 66.67, 67.49, 65.1, 66.01, 66.2, 65.21, 65.12, 64.06, 64.04, 62.66, 63.52, 63.36, 63.59]
2026-06-09 17:38:54,718 [trainer.py] => CNN top5 curve: [100.0, 100.0, 100.0, 100.0, 99.8, 99.83, 99.14, 97.25, 96.89, 94.59, 94.9, 94.91, 94.15, 94.28, 94.79, 95.06, 94.82, 94.83, 94.15, 93.34, 93.85, 93.71, 93.81, 92.99, 93.1, 92.95, 93.13, 92.08, 90.73, 90.04, 90.33, 88.72, 88.85, 88.97, 87.69, 87.03, 86.84, 87.82, 88.28, 87.4, 86.95, 86.83, 86.18, 86.77, 86.71, 85.86, 86.52, 86.49, 85.56, 85.17, 85.16, 84.64, 85.36]
2026-06-09 17:38:54,718 [trainer.py] => Average Accuracy (CNN): 74.0
2026-06-09 17:38:54,732 [trainer.py] => All params: 116898907
2026-06-09 17:38:54,744 [trainer.py] => Trainable params: 276498
2026-06-09 17:38:54,821 [cllora.py] => Learning on 265-270
2026-06-09 17:45:03,532 [cllora.py] => Task 53, Epoch 20/20 => Loss 0.066, Train_accy 97.82
2026-06-09 18:04:24,886 [cllora.py] => Task correct: 63.67180248746983
2026-06-09 18:04:24,886 [cllora.py] => Task acc: 99.01614999071839
2026-06-09 18:04:24,898 [trainer.py] => Timing Task 53 => Train 664.39s, Epochs 20, Train 33.2197s/epoch, Inference 865.76s, Images 5387, Inference 160.7128ms/image
2026-06-09 18:04:24,939 [trainer.py] => No NME accuracy.
2026-06-09 18:04:24,939 [trainer.py] => CNN: {'total': 63.67, '00-04': 22.0, '05-09': 87.0, '10-14': 83.0, '15-19': 44.0, '20-24': 92.0, '25-29': 75.0, '30-34': 45.45, '35-39': 81.0, '40-44': 91.0, '45-49': 63.0, '50-54': 72.0, '55-59': 75.0, '60-64': 62.0, '65-69': 65.66, '70-74': 58.0, '75-79': 64.0, '80-84': 56.0, '85-89': 56.0, '90-94': 61.0, '95-99': 72.73, '100-104': 72.0, '105-109': 57.14, '110-114': 68.0, '115-119': 38.0, '120-124': 76.77, '125-129': 73.0, '130-134': 71.43, '135-139': 38.0, '140-144': 34.0, '145-149': 77.0, '150-154': 82.0, '155-159': 46.0, '160-164': 34.0, '165-169': 41.0, '170-174': 63.0, '175-179': 68.0, '180-184': 67.0, '185-189': 80.0, '190-194': 73.0, '195-199': 66.0, '200-204': 28.0, '205-209': 77.0, '210-214': 80.0, '215-219': 34.0, '220-224': 35.35, '225-229': 55.0, '230-234': 82.83, '235-239': 68.69, '240-244': 72.0, '245-249': 70.0, '250-254': 59.6, '255-259': 61.0, '260-264': 72.73, '265-269': 91.0, 'old': 63.15, 'new': 91.0}
2026-06-09 18:04:24,939 [trainer.py] => CNN top1 curve: [92.0, 93.0, 92.33, 83.25, 84.2, 85.0, 84.41, 79.6, 81.2, 80.18, 80.62, 80.4, 79.75, 77.83, 78.17, 79.91, 78.39, 77.31, 77.45, 75.71, 75.63, 76.45, 76.86, 76.24, 76.26, 74.56, 75.67, 73.85, 72.06, 71.86, 71.77, 70.83, 70.08, 69.37, 67.87, 68.35, 67.01, 67.99, 68.01, 67.46, 66.67, 67.49, 65.1, 66.01, 66.2, 65.21, 65.12, 64.06, 64.04, 62.66, 63.52, 63.36, 63.59, 63.67]
2026-06-09 18:04:24,939 [trainer.py] => CNN top5 curve: [100.0, 100.0, 100.0, 100.0, 99.8, 99.83, 99.14, 97.25, 96.89, 94.59, 94.9, 94.91, 94.15, 94.28, 94.79, 95.06, 94.82, 94.83, 94.15, 93.34, 93.85, 93.71, 93.81, 92.99, 93.1, 92.95, 93.13, 92.08, 90.73, 90.04, 90.33, 88.72, 88.85, 88.97, 87.69, 87.03, 86.84, 87.82, 88.28, 87.4, 86.95, 86.83, 86.18, 86.77, 86.71, 85.86, 86.52, 86.49, 85.56, 85.17, 85.16, 84.64, 85.36, 85.65]
2026-06-09 18:04:24,940 [trainer.py] => Average Accuracy (CNN): 73.81
2026-06-09 18:04:24,953 [trainer.py] => All params: 117686108
2026-06-09 18:04:24,963 [trainer.py] => Trainable params: 276498
2026-06-09 18:04:25,045 [cllora.py] => Learning on 270-275
2026-06-09 18:10:22,575 [cllora.py] => Task 54, Epoch 20/20 => Loss 0.055, Train_accy 97.98
2026-06-09 18:30:16,653 [cllora.py] => Task correct: 63.39773970105723
2026-06-09 18:30:16,654 [cllora.py] => Task acc: 99.03390448414144
2026-06-09 18:30:16,658 [trainer.py] => Timing Task 54 => Train 651.49s, Epochs 20, Train 32.5745s/epoch, Inference 900.21s, Images 5486, Inference 164.0915ms/image
2026-06-09 18:30:16,697 [trainer.py] => No NME accuracy.
2026-06-09 18:30:16,697 [trainer.py] => CNN: {'total': 63.4, '00-04': 23.0, '05-09': 86.0, '10-14': 78.0, '15-19': 44.0, '20-24': 92.0, '25-29': 74.0, '30-34': 48.48, '35-39': 80.0, '40-44': 89.0, '45-49': 63.0, '50-54': 72.0, '55-59': 73.0, '60-64': 60.0, '65-69': 70.71, '70-74': 61.0, '75-79': 66.0, '80-84': 57.0, '85-89': 57.0, '90-94': 62.0, '95-99': 69.7, '100-104': 72.0, '105-109': 62.24, '110-114': 70.0, '115-119': 39.0, '120-124': 76.77, '125-129': 74.0, '130-134': 69.39, '135-139': 37.0, '140-144': 31.0, '145-149': 77.0, '150-154': 78.0, '155-159': 47.0, '160-164': 39.0, '165-169': 40.0, '170-174': 61.0, '175-179': 70.0, '180-184': 67.0, '185-189': 81.0, '190-194': 74.0, '195-199': 66.0, '200-204': 25.0, '205-209': 79.0, '210-214': 84.0, '215-219': 33.0, '220-224': 32.32, '225-229': 38.0, '230-234': 67.68, '235-239': 70.71, '240-244': 72.0, '245-249': 67.0, '250-254': 58.59, '255-259': 61.0, '260-264': 69.7, '265-269': 89.0, '270-274': 82.83, 'old': 63.04, 'new': 82.83}
2026-06-09 18:30:16,697 [trainer.py] => CNN top1 curve: [92.0, 93.0, 92.33, 83.25, 84.2, 85.0, 84.41, 79.6, 81.2, 80.18, 80.62, 80.4, 79.75, 77.83, 78.17, 79.91, 78.39, 77.31, 77.45, 75.71, 75.63, 76.45, 76.86, 76.24, 76.26, 74.56, 75.67, 73.85, 72.06, 71.86, 71.77, 70.83, 70.08, 69.37, 67.87, 68.35, 67.01, 67.99, 68.01, 67.46, 66.67, 67.49, 65.1, 66.01, 66.2, 65.21, 65.12, 64.06, 64.04, 62.66, 63.52, 63.36, 63.59, 63.67, 63.4]
2026-06-09 18:30:16,697 [trainer.py] => CNN top5 curve: [100.0, 100.0, 100.0, 100.0, 99.8, 99.83, 99.14, 97.25, 96.89, 94.59, 94.9, 94.91, 94.15, 94.28, 94.79, 95.06, 94.82, 94.83, 94.15, 93.34, 93.85, 93.71, 93.81, 92.99, 93.1, 92.95, 93.13, 92.08, 90.73, 90.04, 90.33, 88.72, 88.85, 88.97, 87.69, 87.03, 86.84, 87.82, 88.28, 87.4, 86.95, 86.83, 86.18, 86.77, 86.71, 85.86, 86.52, 86.49, 85.56, 85.17, 85.16, 84.64, 85.36, 85.65, 85.96]
2026-06-09 18:30:16,697 [trainer.py] => Average Accuracy (CNN): 73.62
2026-06-09 18:30:16,711 [trainer.py] => All params: 118480989
2026-06-09 18:30:16,721 [trainer.py] => Trainable params: 276498
2026-06-09 18:30:16,809 [cllora.py] => Learning on 275-280
2026-06-09 18:36:09,966 [cllora.py] => Task 55, Epoch 20/20 => Loss 0.028, Train_accy 99.07
2026-06-09 18:56:42,590 [cllora.py] => Task correct: 63.50940017905103
2026-06-09 18:56:42,591 [cllora.py] => Task acc: 98.92569382273948
2026-06-09 18:56:42,603 [trainer.py] => Timing Task 55 => Train 649.27s, Epochs 20, Train 32.4633s/epoch, Inference 936.62s, Images 5585, Inference 167.7019ms/image
2026-06-09 18:56:42,646 [trainer.py] => No NME accuracy.
2026-06-09 18:56:42,646 [trainer.py] => CNN: {'total': 63.51, '00-04': 21.0, '05-09': 86.0, '10-14': 77.0, '15-19': 45.0, '20-24': 91.0, '25-29': 68.0, '30-34': 48.48, '35-39': 74.0, '40-44': 90.0, '45-49': 63.0, '50-54': 69.0, '55-59': 71.0, '60-64': 62.0, '65-69': 71.72, '70-74': 63.0, '75-79': 73.0, '80-84': 58.0, '85-89': 65.0, '90-94': 60.0, '95-99': 62.63, '100-104': 73.0, '105-109': 69.39, '110-114': 65.0, '115-119': 38.0, '120-124': 75.76, '125-129': 74.0, '130-134': 69.39, '135-139': 37.0, '140-144': 28.0, '145-149': 73.0, '150-154': 76.0, '155-159': 47.0, '160-164': 40.0, '165-169': 33.0, '170-174': 59.0, '175-179': 70.0, '180-184': 72.0, '185-189': 81.0, '190-194': 72.0, '195-199': 70.0, '200-204': 24.0, '205-209': 79.0, '210-214': 83.0, '215-219': 37.0, '220-224': 27.27, '225-229': 38.0, '230-234': 66.67, '235-239': 66.67, '240-244': 72.0, '245-249': 68.0, '250-254': 59.6, '255-259': 62.0, '260-264': 68.69, '265-269': 87.0, '270-274': 82.83, '275-279': 93.94, 'old': 62.96, 'new': 93.94}
2026-06-09 18:56:42,646 [trainer.py] => CNN top1 curve: [92.0, 93.0, 92.33, 83.25, 84.2, 85.0, 84.41, 79.6, 81.2, 80.18, 80.62, 80.4, 79.75, 77.83, 78.17, 79.91, 78.39, 77.31, 77.45, 75.71, 75.63, 76.45, 76.86, 76.24, 76.26, 74.56, 75.67, 73.85, 72.06, 71.86, 71.77, 70.83, 70.08, 69.37, 67.87, 68.35, 67.01, 67.99, 68.01, 67.46, 66.67, 67.49, 65.1, 66.01, 66.2, 65.21, 65.12, 64.06, 64.04, 62.66, 63.52, 63.36, 63.59, 63.67, 63.4, 63.51]
2026-06-09 18:56:42,646 [trainer.py] => CNN top5 curve: [100.0, 100.0, 100.0, 100.0, 99.8, 99.83, 99.14, 97.25, 96.89, 94.59, 94.9, 94.91, 94.15, 94.28, 94.79, 95.06, 94.82, 94.83, 94.15, 93.34, 93.85, 93.71, 93.81, 92.99, 93.1, 92.95, 93.13, 92.08, 90.73, 90.04, 90.33, 88.72, 88.85, 88.97, 87.69, 87.03, 86.84, 87.82, 88.28, 87.4, 86.95, 86.83, 86.18, 86.77, 86.71, 85.86, 86.52, 86.49, 85.56, 85.17, 85.16, 84.64, 85.36, 85.65, 85.96, 85.35]
2026-06-09 18:56:42,646 [trainer.py] => Average Accuracy (CNN): 73.44
2026-06-09 18:56:42,660 [trainer.py] => All params: 119283550
2026-06-09 18:56:42,670 [trainer.py] => Trainable params: 276498
2026-06-09 18:56:42,759 [cllora.py] => Learning on 280-285
2026-06-09 19:03:13,111 [cllora.py] => Task 56, Epoch 20/20 => Loss 0.124, Train_accy 95.22
2026-06-09 19:24:49,894 [cllora.py] => Task correct: 59.859278803869834
2026-06-09 19:24:49,895 [cllora.py] => Task acc: 98.89182058047493
2026-06-09 19:24:49,908 [trainer.py] => Timing Task 56 => Train 718.38s, Epochs 20, Train 35.9191s/epoch, Inference 968.86s, Images 5685, Inference 170.4233ms/image
2026-06-09 19:24:49,950 [trainer.py] => No NME accuracy.
2026-06-09 19:24:49,950 [trainer.py] => CNN: {'total': 59.84, '00-04': 33.0, '05-09': 92.0, '10-14': 95.0, '15-19': 55.0, '20-24': 94.0, '25-29': 86.0, '30-34': 49.49, '35-39': 75.0, '40-44': 88.0, '45-49': 61.0, '50-54': 80.0, '55-59': 79.0, '60-64': 36.0, '65-69': 57.58, '70-74': 45.0, '75-79': 57.0, '80-84': 51.0, '85-89': 45.0, '90-94': 61.0, '95-99': 64.65, '100-104': 71.0, '105-109': 68.37, '110-114': 60.0, '115-119': 40.0, '120-124': 81.82, '125-129': 56.0, '130-134': 69.39, '135-139': 39.0, '140-144': 37.0, '145-149': 80.0, '150-154': 73.0, '155-159': 41.0, '160-164': 25.0, '165-169': 36.0, '170-174': 56.0, '175-179': 54.0, '180-184': 49.0, '185-189': 76.0, '190-194': 77.0, '195-199': 58.0, '200-204': 26.0, '205-209': 69.0, '210-214': 75.0, '215-219': 32.0, '220-224': 24.24, '225-229': 32.0, '230-234': 62.63, '235-239': 62.63, '240-244': 71.0, '245-249': 64.0, '250-254': 55.56, '255-259': 56.0, '260-264': 60.61, '265-269': 87.0, '270-274': 75.76, '275-279': 73.74, '280-284': 32.0, 'old': 60.34, 'new': 32.0}
2026-06-09 19:24:49,950 [trainer.py] => CNN top1 curve: [92.0, 93.0, 92.33, 83.25, 84.2, 85.0, 84.41, 79.6, 81.2, 80.18, 80.62, 80.4, 79.75, 77.83, 78.17, 79.91, 78.39, 77.31, 77.45, 75.71, 75.63, 76.45, 76.86, 76.24, 76.26, 74.56, 75.67, 73.85, 72.06, 71.86, 71.77, 70.83, 70.08, 69.37, 67.87, 68.35, 67.01, 67.99, 68.01, 67.46, 66.67, 67.49, 65.1, 66.01, 66.2, 65.21, 65.12, 64.06, 64.04, 62.66, 63.52, 63.36, 63.59, 63.67, 63.4, 63.51, 59.84]
2026-06-09 19:24:49,951 [trainer.py] => CNN top5 curve: [100.0, 100.0, 100.0, 100.0, 99.8, 99.83, 99.14, 97.25, 96.89, 94.59, 94.9, 94.91, 94.15, 94.28, 94.79, 95.06, 94.82, 94.83, 94.15, 93.34, 93.85, 93.71, 93.81, 92.99, 93.1, 92.95, 93.13, 92.08, 90.73, 90.04, 90.33, 88.72, 88.85, 88.97, 87.69, 87.03, 86.84, 87.82, 88.28, 87.4, 86.95, 86.83, 86.18, 86.77, 86.71, 85.86, 86.52, 86.49, 85.56, 85.17, 85.16, 84.64, 85.36, 85.65, 85.96, 85.35, 84.63]
2026-06-09 19:24:49,951 [trainer.py] => Average Accuracy (CNN): 73.2
2026-06-09 19:24:49,964 [trainer.py] => All params: 120093791
2026-06-09 19:24:49,974 [trainer.py] => Trainable params: 276498
2026-06-09 19:24:50,066 [cllora.py] => Learning on 285-290
2026-06-09 19:30:50,287 [cllora.py] => Task 57, Epoch 20/20 => Loss 0.013, Train_accy 99.74
2026-06-09 19:52:59,058 [cllora.py] => Task correct: 62.074330164217805
2026-06-09 19:52:59,059 [cllora.py] => Task acc: 98.91097666378565
2026-06-09 19:52:59,072 [trainer.py] => Timing Task 57 => Train 676.11s, Epochs 20, Train 33.8057s/epoch, Inference 1012.98s, Images 5785, Inference 175.1051ms/image
2026-06-09 19:52:59,113 [trainer.py] => No NME accuracy.
2026-06-09 19:52:59,113 [trainer.py] => CNN: {'total': 62.07, '00-04': 23.0, '05-09': 87.0, '10-14': 85.0, '15-19': 46.0, '20-24': 92.0, '25-29': 80.0, '30-34': 48.48, '35-39': 75.0, '40-44': 86.0, '45-49': 62.0, '50-54': 69.0, '55-59': 74.0, '60-64': 40.0, '65-69': 75.76, '70-74': 60.0, '75-79': 72.0, '80-84': 57.0, '85-89': 57.0, '90-94': 58.0, '95-99': 63.64, '100-104': 70.0, '105-109': 63.27, '110-114': 66.0, '115-119': 40.0, '120-124': 77.78, '125-129': 76.0, '130-134': 67.35, '135-139': 37.0, '140-144': 33.0, '145-149': 77.0, '150-154': 69.0, '155-159': 44.0, '160-164': 28.0, '165-169': 29.0, '170-174': 60.0, '175-179': 68.0, '180-184': 68.0, '185-189': 80.0, '190-194': 73.0, '195-199': 67.0, '200-204': 26.0, '205-209': 77.0, '210-214': 81.0, '215-219': 29.0, '220-224': 26.26, '225-229': 37.0, '230-234': 65.66, '235-239': 65.66, '240-244': 71.0, '245-249': 67.0, '250-254': 59.6, '255-259': 58.0, '260-264': 67.68, '265-269': 88.0, '270-274': 75.76, '275-279': 83.84, '280-284': 23.0, '285-289': 95.0, 'old': 61.5, 'new': 95.0}
2026-06-09 19:52:59,113 [trainer.py] => CNN top1 curve: [92.0, 93.0, 92.33, 83.25, 84.2, 85.0, 84.41, 79.6, 81.2, 80.18, 80.62, 80.4, 79.75, 77.83, 78.17, 79.91, 78.39, 77.31, 77.45, 75.71, 75.63, 76.45, 76.86, 76.24, 76.26, 74.56, 75.67, 73.85, 72.06, 71.86, 71.77, 70.83, 70.08, 69.37, 67.87, 68.35, 67.01, 67.99, 68.01, 67.46, 66.67, 67.49, 65.1, 66.01, 66.2, 65.21, 65.12, 64.06, 64.04, 62.66, 63.52, 63.36, 63.59, 63.67, 63.4, 63.51, 59.84, 62.07]
2026-06-09 19:52:59,113 [trainer.py] => CNN top5 curve: [100.0, 100.0, 100.0, 100.0, 99.8, 99.83, 99.14, 97.25, 96.89, 94.59, 94.9, 94.91, 94.15, 94.28, 94.79, 95.06, 94.82, 94.83, 94.15, 93.34, 93.85, 93.71, 93.81, 92.99, 93.1, 92.95, 93.13, 92.08, 90.73, 90.04, 90.33, 88.72, 88.85, 88.97, 87.69, 87.03, 86.84, 87.82, 88.28, 87.4, 86.95, 86.83, 86.18, 86.77, 86.71, 85.86, 86.52, 86.49, 85.56, 85.17, 85.16, 84.64, 85.36, 85.65, 85.96, 85.35, 84.63, 84.91]
2026-06-09 19:52:59,114 [trainer.py] => Average Accuracy (CNN): 73.01
2026-06-09 19:52:59,127 [trainer.py] => All params: 120911712
2026-06-09 19:52:59,137 [trainer.py] => Trainable params: 276498
2026-06-09 19:52:59,233 [cllora.py] => Learning on 290-295
2026-06-09 19:58:27,934 [cllora.py] => Task 58, Epoch 20/20 => Loss 0.023, Train_accy 99.22
2026-06-09 20:20:43,060 [cllora.py] => Task correct: 62.2090059473237
2026-06-09 20:20:43,060 [cllora.py] => Task acc: 98.89549702633815
2026-06-09 20:20:43,067 [trainer.py] => Timing Task 58 => Train 622.98s, Epochs 20, Train 31.1490s/epoch, Inference 1040.95s, Images 5885, Inference 176.8818ms/image
2026-06-09 20:20:43,101 [trainer.py] => No NME accuracy.
2026-06-09 20:20:43,101 [trainer.py] => CNN: {'total': 62.21, '00-04': 16.0, '05-09': 81.0, '10-14': 71.0, '15-19': 46.0, '20-24': 85.0, '25-29': 62.0, '30-34': 50.51, '35-39': 77.0, '40-44': 86.0, '45-49': 62.0, '50-54': 63.0, '55-59': 70.0, '60-64': 42.0, '65-69': 78.79, '70-74': 62.0, '75-79': 77.0, '80-84': 63.0, '85-89': 62.0, '90-94': 59.0, '95-99': 64.65, '100-104': 73.0, '105-109': 66.33, '110-114': 66.0, '115-119': 37.0, '120-124': 75.76, '125-129': 75.0, '130-134': 68.37, '135-139': 38.0, '140-144': 24.0, '145-149': 74.0, '150-154': 73.0, '155-159': 47.0, '160-164': 39.0, '165-169': 26.0, '170-174': 63.0, '175-179': 71.0, '180-184': 76.0, '185-189': 80.0, '190-194': 64.0, '195-199': 76.0, '200-204': 26.0, '205-209': 79.0, '210-214': 84.0, '215-219': 27.0, '220-224': 26.26, '225-229': 50.0, '230-234': 69.7, '235-239': 56.57, '240-244': 70.0, '245-249': 70.0, '250-254': 59.6, '255-259': 62.0, '260-264': 68.69, '265-269': 86.0, '270-274': 78.79, '275-279': 78.79, '280-284': 19.0, '285-289': 91.0, '290-294': 78.0, 'old': 61.94, 'new': 78.0}
2026-06-09 20:20:43,101 [trainer.py] => CNN top1 curve: [92.0, 93.0, 92.33, 83.25, 84.2, 85.0, 84.41, 79.6, 81.2, 80.18, 80.62, 80.4, 79.75, 77.83, 78.17, 79.91, 78.39, 77.31, 77.45, 75.71, 75.63, 76.45, 76.86, 76.24, 76.26, 74.56, 75.67, 73.85, 72.06, 71.86, 71.77, 70.83, 70.08, 69.37, 67.87, 68.35, 67.01, 67.99, 68.01, 67.46, 66.67, 67.49, 65.1, 66.01, 66.2, 65.21, 65.12, 64.06, 64.04, 62.66, 63.52, 63.36, 63.59, 63.67, 63.4, 63.51, 59.84, 62.07, 62.21]
2026-06-09 20:20:43,102 [trainer.py] => CNN top5 curve: [100.0, 100.0, 100.0, 100.0, 99.8, 99.83, 99.14, 97.25, 96.89, 94.59, 94.9, 94.91, 94.15, 94.28, 94.79, 95.06, 94.82, 94.83, 94.15, 93.34, 93.85, 93.71, 93.81, 92.99, 93.1, 92.95, 93.13, 92.08, 90.73, 90.04, 90.33, 88.72, 88.85, 88.97, 87.69, 87.03, 86.84, 87.82, 88.28, 87.4, 86.95, 86.83, 86.18, 86.77, 86.71, 85.86, 86.52, 86.49, 85.56, 85.17, 85.16, 84.64, 85.36, 85.65, 85.96, 85.35, 84.63, 84.91, 83.77]
2026-06-09 20:20:43,102 [trainer.py] => Average Accuracy (CNN): 72.82
2026-06-09 20:20:43,118 [trainer.py] => All params: 121737313
2026-06-09 20:20:43,131 [trainer.py] => Trainable params: 276498
2026-06-09 20:20:43,245 [cllora.py] => Learning on 295-300
2026-06-09 20:26:44,247 [cllora.py] => Task 59, Epoch 20/20 => Loss 0.032, Train_accy 99.02
2026-06-09 20:50:12,514 [cllora.py] => Task correct: 60.75187969924812
2026-06-09 20:50:12,514 [cllora.py] => Task acc: 98.93065998329156
2026-06-09 20:50:12,528 [trainer.py] => Timing Task 59 => Train 683.53s, Epochs 20, Train 34.1765s/epoch, Inference 1085.87s, Images 5985, Inference 181.4314ms/image
2026-06-09 20:50:12,568 [trainer.py] => No NME accuracy.
2026-06-09 20:50:12,568 [trainer.py] => CNN: {'total': 60.75, '00-04': 12.0, '05-09': 83.0, '10-14': 72.0, '15-19': 41.0, '20-24': 83.0, '25-29': 48.0, '30-34': 50.51, '35-39': 75.0, '40-44': 86.0, '45-49': 62.0, '50-54': 59.0, '55-59': 66.0, '60-64': 39.0, '65-69': 72.73, '70-74': 63.0, '75-79': 70.0, '80-84': 59.0, '85-89': 61.0, '90-94': 56.0, '95-99': 62.63, '100-104': 74.0, '105-109': 61.22, '110-114': 59.0, '115-119': 36.0, '120-124': 72.73, '125-129': 77.0, '130-134': 66.33, '135-139': 37.0, '140-144': 24.0, '145-149': 70.0, '150-154': 72.0, '155-159': 48.0, '160-164': 42.0, '165-169': 33.0, '170-174': 69.0, '175-179': 72.0, '180-184': 79.0, '185-189': 79.0, '190-194': 61.0, '195-199': 74.0, '200-204': 28.0, '205-209': 79.0, '210-214': 83.0, '215-219': 25.0, '220-224': 29.29, '225-229': 48.0, '230-234': 65.66, '235-239': 54.55, '240-244': 70.0, '245-249': 69.0, '250-254': 60.61, '255-259': 59.0, '260-264': 68.69, '265-269': 84.0, '270-274': 78.79, '275-279': 81.82, '280-284': 19.0, '285-289': 90.0, '290-294': 66.0, '295-299': 59.0, 'old': 60.78, 'new': 59.0}
2026-06-09 20:50:12,569 [trainer.py] => CNN top1 curve: [92.0, 93.0, 92.33, 83.25, 84.2, 85.0, 84.41, 79.6, 81.2, 80.18, 80.62, 80.4, 79.75, 77.83, 78.17, 79.91, 78.39, 77.31, 77.45, 75.71, 75.63, 76.45, 76.86, 76.24, 76.26, 74.56, 75.67, 73.85, 72.06, 71.86, 71.77, 70.83, 70.08, 69.37, 67.87, 68.35, 67.01, 67.99, 68.01, 67.46, 66.67, 67.49, 65.1, 66.01, 66.2, 65.21, 65.12, 64.06, 64.04, 62.66, 63.52, 63.36, 63.59, 63.67, 63.4, 63.51, 59.84, 62.07, 62.21, 60.75]
2026-06-09 20:50:12,569 [trainer.py] => CNN top5 curve: [100.0, 100.0, 100.0, 100.0, 99.8, 99.83, 99.14, 97.25, 96.89, 94.59, 94.9, 94.91, 94.15, 94.28, 94.79, 95.06, 94.82, 94.83, 94.15, 93.34, 93.85, 93.71, 93.81, 92.99, 93.1, 92.95, 93.13, 92.08, 90.73, 90.04, 90.33, 88.72, 88.85, 88.97, 87.69, 87.03, 86.84, 87.82, 88.28, 87.4, 86.95, 86.83, 86.18, 86.77, 86.71, 85.86, 86.52, 86.49, 85.56, 85.17, 85.16, 84.64, 85.36, 85.65, 85.96, 85.35, 84.63, 84.91, 83.77, 83.49]
2026-06-09 20:50:12,569 [trainer.py] => Average Accuracy (CNN): 72.62
