nohup: 忽略输入
2025-02-06 11:09:25,676 [trainer.py] => config: ./scripts/lae/lae_cifar_B0_Inc5.json
2025-02-06 11:09:25,677 [trainer.py] => prefix:  
2025-02-06 11:09:25,677 [trainer.py] => dataset: cifar224
2025-02-06 11:09:25,677 [trainer.py] => memory_size: 0
2025-02-06 11:09:25,677 [trainer.py] => memory_per_class: 0
2025-02-06 11:09:25,677 [trainer.py] => fixed_memory: False
2025-02-06 11:09:25,677 [trainer.py] => shuffle: True
2025-02-06 11:09:25,677 [trainer.py] => init_cls: 20
2025-02-06 11:09:25,677 [trainer.py] => increment: 20
2025-02-06 11:09:25,677 [trainer.py] => model_name: lae
2025-02-06 11:09:25,678 [trainer.py] => backbone_type: vit_base_patch16_224_in21k_lae
2025-02-06 11:09:25,678 [trainer.py] => device: [device(type='cuda', index=4)]
2025-02-06 11:09:25,678 [trainer.py] => seed: 1993
2025-02-06 11:09:25,678 [trainer.py] => tuned_epoch: 5
2025-02-06 11:09:25,678 [trainer.py] => init_lr: 0.0028125
2025-02-06 11:09:25,678 [trainer.py] => batch_size: 128
2025-02-06 11:09:25,678 [trainer.py] => weight_decay: 0
2025-02-06 11:09:25,678 [trainer.py] => min_lr: 1e-05
2025-02-06 11:09:25,679 [trainer.py] => optimizer: adam
2025-02-06 11:09:25,679 [trainer.py] => scheduler: constant
2025-02-06 11:09:25,679 [trainer.py] => reinit_optimizer: True
2025-02-06 11:09:25,679 [trainer.py] => pretrained: True
2025-02-06 11:09:25,679 [trainer.py] => drop: 0.0
2025-02-06 11:09:25,679 [trainer.py] => drop_path: 0.0
2025-02-06 11:09:25,679 [trainer.py] => ema_decay: 0.9999
2025-02-06 11:09:25,679 [trainer.py] => num_freeze_epochs: 3
2025-02-06 11:09:25,679 [trainer.py] => pet_cls: Adapter
2025-02-06 11:09:25,679 [trainer.py] => pet_length: 10
2025-02-06 11:09:25,680 [trainer.py] => down_sample_dim: 5
2025-02-06 11:09:26,789 [data_manager.py] => [68, 56, 78, 8, 23, 84, 90, 65, 74, 76, 40, 89, 3, 92, 55, 9, 26, 80, 43, 38, 58, 70, 77, 1, 85, 19, 17, 50, 28, 53, 13, 81, 45, 82, 6, 59, 83, 16, 15, 44, 91, 41, 72, 60, 79, 52, 20, 10, 31, 54, 37, 95, 14, 71, 96, 98, 97, 2, 64, 66, 42, 22, 35, 86, 24, 34, 87, 21, 99, 0, 88, 27, 18, 94, 11, 12, 47, 25, 30, 46, 62, 69, 36, 61, 7, 63, 75, 5, 32, 4, 51, 48, 73, 93, 39, 67, 29, 49, 57, 33]
2025-02-06 11:09:35,315 [lae.py] => 85,840,926 model total parameters.
2025-02-06 11:09:35,315 [lae.py] => 0 model training parameters.
2025-02-06 11:09:35,316 [trainer.py] => All params: 85883196
2025-02-06 11:09:35,317 [trainer.py] => Trainable params: 0
2025-02-06 11:09:35,317 [lae.py] => Learning on 0-20

  0%|          | 0/5 [00:00<?, ?it/s]
Task 0, Epoch 1/5 => Loss 1.022, Train_accy 71.87:   0%|          | 0/5 [00:28<?, ?it/s]
Task 0, Epoch 1/5 => Loss 1.022, Train_accy 71.87:  20%|██        | 1/5 [00:28<01:52, 28.04s/it]
Task 0, Epoch 2/5 => Loss 0.675, Train_accy 80.83:  20%|██        | 1/5 [00:55<01:52, 28.04s/it]
Task 0, Epoch 2/5 => Loss 0.675, Train_accy 80.83:  40%|████      | 2/5 [00:55<01:22, 27.62s/it]
Task 0, Epoch 3/5 => Loss 0.667, Train_accy 81.49:  40%|████      | 2/5 [01:23<01:22, 27.62s/it]
Task 0, Epoch 3/5 => Loss 0.667, Train_accy 81.49:  60%|██████    | 3/5 [01:23<00:55, 27.64s/it]
Task 0, Epoch 4/5 => Loss 0.641, Train_accy 82.33:  60%|██████    | 3/5 [01:50<00:55, 27.64s/it]
Task 0, Epoch 4/5 => Loss 0.641, Train_accy 82.33:  80%|████████  | 4/5 [01:50<00:27, 27.60s/it]
Task 0, Epoch 5/5 => Loss 0.633, Train_accy 82.46, Test_accy 92.65:  80%|████████  | 4/5 [02:28<00:27, 27.60s/it]
Task 0, Epoch 5/5 => Loss 0.633, Train_accy 82.46, Test_accy 92.65: 100%|██████████| 5/5 [02:28<00:00, 31.48s/it]
Task 0, Epoch 5/5 => Loss 0.633, Train_accy 82.46, Test_accy 92.65: 100%|██████████| 5/5 [02:28<00:00, 29.79s/it]2025-02-06 11:12:04,706 [lae.py] => Task 0, Epoch 5/5 => Loss 0.633, Train_accy 82.46, Test_accy 92.65

2025-02-06 11:12:15,573 [trainer.py] => No NME accuracy.
2025-02-06 11:12:15,573 [trainer.py] => CNN: {'total': 92.65, '00-19': 92.65, 'old': 0, 'new': 92.65}
2025-02-06 11:12:15,574 [trainer.py] => CNN top1 curve: [92.65]
2025-02-06 11:12:15,574 [trainer.py] => CNN top5 curve: [99.0]

Average Accuracy (CNN): 92.65
2025-02-06 11:12:15,574 [trainer.py] => Average Accuracy (CNN): 92.65 

2025-02-06 11:12:15,575 [trainer.py] => All params: 85898576
2025-02-06 11:12:15,576 [trainer.py] => Trainable params: 57650
2025-02-06 11:12:15,577 [lae.py] => Learning on 20-40

  0%|          | 0/5 [00:00<?, ?it/s]
Task 1, Epoch 1/5 => Loss 0.876, Train_accy 75.60:   0%|          | 0/5 [00:27<?, ?it/s]
Task 1, Epoch 1/5 => Loss 0.876, Train_accy 75.60:  20%|██        | 1/5 [00:27<01:50, 27.67s/it]
Task 1, Epoch 2/5 => Loss 0.557, Train_accy 83.68:  20%|██        | 1/5 [00:54<01:50, 27.67s/it]
Task 1, Epoch 2/5 => Loss 0.557, Train_accy 83.68:  40%|████      | 2/5 [00:54<01:22, 27.43s/it]
Task 1, Epoch 3/5 => Loss 0.531, Train_accy 84.97:  40%|████      | 2/5 [01:22<01:22, 27.43s/it]
Task 1, Epoch 3/5 => Loss 0.531, Train_accy 84.97:  60%|██████    | 3/5 [01:22<00:54, 27.32s/it]
Task 1, Epoch 4/5 => Loss 0.517, Train_accy 85.49:  60%|██████    | 3/5 [01:49<00:54, 27.32s/it]
Task 1, Epoch 4/5 => Loss 0.517, Train_accy 85.49:  80%|████████  | 4/5 [01:49<00:27, 27.34s/it]
Task 1, Epoch 5/5 => Loss 0.504, Train_accy 85.61, Test_accy 88.42:  80%|████████  | 4/5 [02:37<00:27, 27.34s/it]
Task 1, Epoch 5/5 => Loss 0.504, Train_accy 85.61, Test_accy 88.42: 100%|██████████| 5/5 [02:37<00:00, 34.97s/it]
Task 1, Epoch 5/5 => Loss 0.504, Train_accy 85.61, Test_accy 88.42: 100%|██████████| 5/5 [02:37<00:00, 31.60s/it]2025-02-06 11:14:53,603 [lae.py] => Task 1, Epoch 5/5 => Loss 0.504, Train_accy 85.61, Test_accy 88.42

2025-02-06 11:15:14,842 [trainer.py] => No NME accuracy.
2025-02-06 11:15:14,843 [trainer.py] => CNN: {'total': 88.42, '00-19': 85.65, '20-39': 91.2, 'old': 85.65, 'new': 91.2}
2025-02-06 11:15:14,843 [trainer.py] => CNN top1 curve: [92.65, 88.42]
2025-02-06 11:15:14,843 [trainer.py] => CNN top5 curve: [99.0, 98.2]

Average Accuracy (CNN): 90.54
2025-02-06 11:15:14,843 [trainer.py] => Average Accuracy (CNN): 90.54 

2025-02-06 11:15:14,845 [trainer.py] => All params: 85913956
2025-02-06 11:15:14,846 [trainer.py] => Trainable params: 73030
2025-02-06 11:15:14,848 [lae.py] => Learning on 40-60

  0%|          | 0/5 [00:00<?, ?it/s]
Task 2, Epoch 1/5 => Loss 0.905, Train_accy 74.90:   0%|          | 0/5 [00:27<?, ?it/s]
Task 2, Epoch 1/5 => Loss 0.905, Train_accy 74.90:  20%|██        | 1/5 [00:27<01:49, 27.49s/it]
Task 2, Epoch 2/5 => Loss 0.619, Train_accy 81.89:  20%|██        | 1/5 [00:55<01:49, 27.49s/it]
Task 2, Epoch 2/5 => Loss 0.619, Train_accy 81.89:  40%|████      | 2/5 [00:55<01:22, 27.59s/it]
Task 2, Epoch 3/5 => Loss 0.597, Train_accy 82.98:  40%|████      | 2/5 [01:22<01:22, 27.59s/it]
Task 2, Epoch 3/5 => Loss 0.597, Train_accy 82.98:  60%|██████    | 3/5 [01:22<00:55, 27.54s/it]
Task 2, Epoch 4/5 => Loss 0.558, Train_accy 84.27:  60%|██████    | 3/5 [01:50<00:55, 27.54s/it]
Task 2, Epoch 4/5 => Loss 0.558, Train_accy 84.27:  80%|████████  | 4/5 [01:50<00:27, 27.60s/it]
Task 2, Epoch 5/5 => Loss 0.568, Train_accy 84.29, Test_accy 85.60:  80%|████████  | 4/5 [02:49<00:27, 27.60s/it]
Task 2, Epoch 5/5 => Loss 0.568, Train_accy 84.29, Test_accy 85.60: 100%|██████████| 5/5 [02:49<00:00, 39.17s/it]
Task 2, Epoch 5/5 => Loss 0.568, Train_accy 84.29, Test_accy 85.60: 100%|██████████| 5/5 [02:49<00:00, 34.00s/it]2025-02-06 11:18:04,888 [lae.py] => Task 2, Epoch 5/5 => Loss 0.568, Train_accy 84.29, Test_accy 85.60

2025-02-06 11:18:36,933 [trainer.py] => No NME accuracy.
2025-02-06 11:18:36,933 [trainer.py] => CNN: {'total': 85.6, '00-19': 81.65, '20-39': 89.75, '40-59': 85.4, 'old': 85.7, 'new': 85.4}
2025-02-06 11:18:36,933 [trainer.py] => CNN top1 curve: [92.65, 88.42, 85.6]
2025-02-06 11:18:36,933 [trainer.py] => CNN top5 curve: [99.0, 98.2, 97.37]

Average Accuracy (CNN): 88.89
2025-02-06 11:18:36,933 [trainer.py] => Average Accuracy (CNN): 88.89 

2025-02-06 11:18:36,934 [trainer.py] => All params: 85929336
2025-02-06 11:18:36,935 [trainer.py] => Trainable params: 88410
2025-02-06 11:18:36,937 [lae.py] => Learning on 60-80

  0%|          | 0/5 [00:00<?, ?it/s]
Task 3, Epoch 1/5 => Loss 0.902, Train_accy 74.72:   0%|          | 0/5 [00:27<?, ?it/s]
Task 3, Epoch 1/5 => Loss 0.902, Train_accy 74.72:  20%|██        | 1/5 [00:27<01:50, 27.72s/it]
Task 3, Epoch 2/5 => Loss 0.619, Train_accy 82.24:  20%|██        | 1/5 [00:55<01:50, 27.72s/it]
Task 3, Epoch 2/5 => Loss 0.619, Train_accy 82.24:  40%|████      | 2/5 [00:55<01:23, 27.96s/it]
Task 3, Epoch 3/5 => Loss 0.563, Train_accy 83.83:  40%|████      | 2/5 [01:23<01:23, 27.96s/it]
Task 3, Epoch 3/5 => Loss 0.563, Train_accy 83.83:  60%|██████    | 3/5 [01:23<00:55, 27.86s/it]
Task 3, Epoch 4/5 => Loss 0.511, Train_accy 85.03:  60%|██████    | 3/5 [01:51<00:55, 27.86s/it]
Task 3, Epoch 4/5 => Loss 0.511, Train_accy 85.03:  80%|████████  | 4/5 [01:51<00:27, 27.73s/it]
Task 3, Epoch 5/5 => Loss 0.519, Train_accy 85.25, Test_accy 83.24:  80%|████████  | 4/5 [03:01<00:27, 27.73s/it]
Task 3, Epoch 5/5 => Loss 0.519, Train_accy 85.25, Test_accy 83.24: 100%|██████████| 5/5 [03:01<00:00, 43.07s/it]
Task 3, Epoch 5/5 => Loss 0.519, Train_accy 85.25, Test_accy 83.24: 100%|██████████| 5/5 [03:01<00:00, 36.28s/it]2025-02-06 11:21:38,415 [lae.py] => Task 3, Epoch 5/5 => Loss 0.519, Train_accy 85.25, Test_accy 83.24

2025-02-06 11:22:21,136 [trainer.py] => No NME accuracy.
2025-02-06 11:22:21,136 [trainer.py] => CNN: {'total': 83.24, '00-19': 79.35, '20-39': 88.8, '40-59': 82.8, '60-79': 82.0, 'old': 83.65, 'new': 82.0}
2025-02-06 11:22:21,136 [trainer.py] => CNN top1 curve: [92.65, 88.42, 85.6, 83.24]
2025-02-06 11:22:21,136 [trainer.py] => CNN top5 curve: [99.0, 98.2, 97.37, 96.6]

Average Accuracy (CNN): 87.48
2025-02-06 11:22:21,137 [trainer.py] => Average Accuracy (CNN): 87.48 

2025-02-06 11:22:21,138 [trainer.py] => All params: 85944716
2025-02-06 11:22:21,139 [trainer.py] => Trainable params: 103790
2025-02-06 11:22:21,142 [lae.py] => Learning on 80-100

  0%|          | 0/5 [00:00<?, ?it/s]
Task 4, Epoch 1/5 => Loss 0.887, Train_accy 75.61:   0%|          | 0/5 [00:27<?, ?it/s]
Task 4, Epoch 1/5 => Loss 0.887, Train_accy 75.61:  20%|██        | 1/5 [00:27<01:50, 27.56s/it]
Task 4, Epoch 2/5 => Loss 0.602, Train_accy 83.56:  20%|██        | 1/5 [00:55<01:50, 27.56s/it]
Task 4, Epoch 2/5 => Loss 0.602, Train_accy 83.56:  40%|████      | 2/5 [00:55<01:23, 27.69s/it]
Task 4, Epoch 3/5 => Loss 0.578, Train_accy 84.09:  40%|████      | 2/5 [01:22<01:23, 27.69s/it]
Task 4, Epoch 3/5 => Loss 0.578, Train_accy 84.09:  60%|██████    | 3/5 [01:22<00:55, 27.67s/it]
Task 4, Epoch 4/5 => Loss 0.536, Train_accy 85.17:  60%|██████    | 3/5 [01:50<00:55, 27.67s/it]
Task 4, Epoch 4/5 => Loss 0.536, Train_accy 85.17:  80%|████████  | 4/5 [01:50<00:27, 27.71s/it]
Task 4, Epoch 5/5 => Loss 0.565, Train_accy 84.72, Test_accy 81.47:  80%|████████  | 4/5 [03:12<00:27, 27.71s/it]
Task 4, Epoch 5/5 => Loss 0.565, Train_accy 84.72, Test_accy 81.47: 100%|██████████| 5/5 [03:12<00:00, 47.06s/it]
Task 4, Epoch 5/5 => Loss 0.565, Train_accy 84.72, Test_accy 81.47: 100%|██████████| 5/5 [03:12<00:00, 38.43s/it]2025-02-06 11:25:33,331 [lae.py] => Task 4, Epoch 5/5 => Loss 0.565, Train_accy 84.72, Test_accy 81.47

2025-02-06 11:26:26,911 [trainer.py] => No NME accuracy.
2025-02-06 11:26:26,911 [trainer.py] => CNN: {'total': 81.47, '00-19': 78.3, '20-39': 87.6, '40-59': 81.35, '60-79': 79.95, '80-99': 80.15, 'old': 81.8, 'new': 80.15}
2025-02-06 11:26:26,912 [trainer.py] => CNN top1 curve: [92.65, 88.42, 85.6, 83.24, 81.47]
2025-02-06 11:26:26,912 [trainer.py] => CNN top5 curve: [99.0, 98.2, 97.37, 96.6, 95.9]

Average Accuracy (CNN): 86.28
2025-02-06 11:26:26,912 [trainer.py] => Average Accuracy (CNN): 86.28 

Accuracy Matrix (CNN):
[[92.65 85.65 81.65 79.35 78.3 ]
 [ 0.   91.2  89.75 88.8  87.6 ]
 [ 0.    0.   85.4  82.8  81.35]
 [ 0.    0.    0.   82.   79.95]
 [ 0.    0.    0.    0.   80.15]]
2025-02-06 11:26:26,913 [trainer.py] => Forgetting (CNN): 6.012500000000006
2025-02-06 11:26:29,640 [trainer.py] => config: ./scripts/lae/lae_cifar_B0_Inc10.json
2025-02-06 11:26:29,641 [trainer.py] => prefix:  
2025-02-06 11:26:29,641 [trainer.py] => dataset: cifar224
2025-02-06 11:26:29,641 [trainer.py] => memory_size: 0
2025-02-06 11:26:29,641 [trainer.py] => memory_per_class: 0
2025-02-06 11:26:29,641 [trainer.py] => fixed_memory: False
2025-02-06 11:26:29,641 [trainer.py] => shuffle: True
2025-02-06 11:26:29,641 [trainer.py] => init_cls: 10
2025-02-06 11:26:29,641 [trainer.py] => increment: 10
2025-02-06 11:26:29,641 [trainer.py] => model_name: lae
2025-02-06 11:26:29,641 [trainer.py] => backbone_type: vit_base_patch16_224_in21k_lae
2025-02-06 11:26:29,641 [trainer.py] => device: [device(type='cuda', index=4)]
2025-02-06 11:26:29,641 [trainer.py] => seed: 1993
2025-02-06 11:26:29,641 [trainer.py] => tuned_epoch: 5
2025-02-06 11:26:29,641 [trainer.py] => init_lr: 0.0028125
2025-02-06 11:26:29,641 [trainer.py] => batch_size: 128
2025-02-06 11:26:29,641 [trainer.py] => weight_decay: 0
2025-02-06 11:26:29,641 [trainer.py] => min_lr: 1e-05
2025-02-06 11:26:29,641 [trainer.py] => optimizer: adam
2025-02-06 11:26:29,641 [trainer.py] => scheduler: constant
2025-02-06 11:26:29,641 [trainer.py] => reinit_optimizer: True
2025-02-06 11:26:29,641 [trainer.py] => pretrained: True
2025-02-06 11:26:29,641 [trainer.py] => drop: 0.0
2025-02-06 11:26:29,641 [trainer.py] => drop_path: 0.0
2025-02-06 11:26:29,641 [trainer.py] => ema_decay: 0.9999
2025-02-06 11:26:29,641 [trainer.py] => num_freeze_epochs: 3
2025-02-06 11:26:29,641 [trainer.py] => pet_cls: Adapter
2025-02-06 11:26:29,641 [trainer.py] => pet_length: 10
2025-02-06 11:26:29,642 [trainer.py] => down_sample_dim: 5
2025-02-06 11:26:30,753 [data_manager.py] => [68, 56, 78, 8, 23, 84, 90, 65, 74, 76, 40, 89, 3, 92, 55, 9, 26, 80, 43, 38, 58, 70, 77, 1, 85, 19, 17, 50, 28, 53, 13, 81, 45, 82, 6, 59, 83, 16, 15, 44, 91, 41, 72, 60, 79, 52, 20, 10, 31, 54, 37, 95, 14, 71, 96, 98, 97, 2, 64, 66, 42, 22, 35, 86, 24, 34, 87, 21, 99, 0, 88, 27, 18, 94, 11, 12, 47, 25, 30, 46, 62, 69, 36, 61, 7, 63, 75, 5, 32, 4, 51, 48, 73, 93, 39, 67, 29, 49, 57, 33]
2025-02-06 11:26:33,150 [lae.py] => 85,840,926 model total parameters.
2025-02-06 11:26:33,151 [lae.py] => 0 model training parameters.
2025-02-06 11:26:33,152 [trainer.py] => All params: 85883196
2025-02-06 11:26:33,152 [trainer.py] => Trainable params: 0
2025-02-06 11:26:33,153 [lae.py] => Learning on 0-10

  0%|          | 0/5 [00:00<?, ?it/s]
Task 0, Epoch 1/5 => Loss 0.880, Train_accy 73.78:   0%|          | 0/5 [00:13<?, ?it/s]
Task 0, Epoch 1/5 => Loss 0.880, Train_accy 73.78:  20%|██        | 1/5 [00:13<00:54, 13.65s/it]
Task 0, Epoch 2/5 => Loss 0.450, Train_accy 86.24:  20%|██        | 1/5 [00:27<00:54, 13.65s/it]
Task 0, Epoch 2/5 => Loss 0.450, Train_accy 86.24:  40%|████      | 2/5 [00:27<00:41, 13.75s/it]
Task 0, Epoch 3/5 => Loss 0.409, Train_accy 87.30:  40%|████      | 2/5 [00:41<00:41, 13.75s/it]
Task 0, Epoch 3/5 => Loss 0.409, Train_accy 87.30:  60%|██████    | 3/5 [00:41<00:27, 13.90s/it]
Task 0, Epoch 4/5 => Loss 0.414, Train_accy 88.36:  60%|██████    | 3/5 [00:55<00:27, 13.90s/it]
Task 0, Epoch 4/5 => Loss 0.414, Train_accy 88.36:  80%|████████  | 4/5 [00:55<00:13, 13.87s/it]
Task 0, Epoch 5/5 => Loss 0.375, Train_accy 88.46, Test_accy 96.40:  80%|████████  | 4/5 [01:14<00:13, 13.87s/it]
Task 0, Epoch 5/5 => Loss 0.375, Train_accy 88.46, Test_accy 96.40: 100%|██████████| 5/5 [01:14<00:00, 15.94s/it]
Task 0, Epoch 5/5 => Loss 0.375, Train_accy 88.46, Test_accy 96.40: 100%|██████████| 5/5 [01:14<00:00, 15.00s/it]2025-02-06 11:27:48,686 [lae.py] => Task 0, Epoch 5/5 => Loss 0.375, Train_accy 88.46, Test_accy 96.40

2025-02-06 11:27:54,339 [trainer.py] => No NME accuracy.
2025-02-06 11:27:54,339 [trainer.py] => CNN: {'total': 96.4, '00-09': 96.4, 'old': 0, 'new': 96.4}
2025-02-06 11:27:54,339 [trainer.py] => CNN top1 curve: [96.4]
2025-02-06 11:27:54,339 [trainer.py] => CNN top5 curve: [99.9]

Average Accuracy (CNN): 96.4
2025-02-06 11:27:54,339 [trainer.py] => Average Accuracy (CNN): 96.4 

2025-02-06 11:27:54,341 [trainer.py] => All params: 85890886
2025-02-06 11:27:54,342 [trainer.py] => Trainable params: 49960
2025-02-06 11:27:54,343 [lae.py] => Learning on 10-20

  0%|          | 0/5 [00:00<?, ?it/s]
Task 1, Epoch 1/5 => Loss 0.830, Train_accy 73.70:   0%|          | 0/5 [00:14<?, ?it/s]
Task 1, Epoch 1/5 => Loss 0.830, Train_accy 73.70:  20%|██        | 1/5 [00:14<00:56, 14.16s/it]
Task 1, Epoch 2/5 => Loss 0.521, Train_accy 84.56:  20%|██        | 1/5 [00:28<00:56, 14.16s/it]
Task 1, Epoch 2/5 => Loss 0.521, Train_accy 84.56:  40%|████      | 2/5 [00:28<00:42, 14.11s/it]
Task 1, Epoch 3/5 => Loss 0.518, Train_accy 84.68:  40%|████      | 2/5 [00:42<00:42, 14.11s/it]
Task 1, Epoch 3/5 => Loss 0.518, Train_accy 84.68:  60%|██████    | 3/5 [00:42<00:28, 14.02s/it]
Task 1, Epoch 4/5 => Loss 0.477, Train_accy 85.26:  60%|██████    | 3/5 [00:56<00:28, 14.02s/it]
Task 1, Epoch 4/5 => Loss 0.477, Train_accy 85.26:  80%|████████  | 4/5 [00:56<00:14, 14.07s/it]
Task 1, Epoch 5/5 => Loss 0.495, Train_accy 85.60, Test_accy 92.45:  80%|████████  | 4/5 [01:21<00:14, 14.07s/it]
Task 1, Epoch 5/5 => Loss 0.495, Train_accy 85.60, Test_accy 92.45: 100%|██████████| 5/5 [01:21<00:00, 18.04s/it]
Task 1, Epoch 5/5 => Loss 0.495, Train_accy 85.60, Test_accy 92.45: 100%|██████████| 5/5 [01:21<00:00, 16.27s/it]2025-02-06 11:29:15,731 [lae.py] => Task 1, Epoch 5/5 => Loss 0.495, Train_accy 85.60, Test_accy 92.45

2025-02-06 11:29:26,666 [trainer.py] => No NME accuracy.
2025-02-06 11:29:26,666 [trainer.py] => CNN: {'total': 92.45, '00-09': 91.9, '10-19': 93.0, 'old': 91.9, 'new': 93.0}
2025-02-06 11:29:26,666 [trainer.py] => CNN top1 curve: [96.4, 92.45]
2025-02-06 11:29:26,666 [trainer.py] => CNN top5 curve: [99.9, 99.0]

Average Accuracy (CNN): 94.43
2025-02-06 11:29:26,667 [trainer.py] => Average Accuracy (CNN): 94.43 

2025-02-06 11:29:26,668 [trainer.py] => All params: 85898576
2025-02-06 11:29:26,669 [trainer.py] => Trainable params: 57650
2025-02-06 11:29:26,671 [lae.py] => Learning on 20-30

  0%|          | 0/5 [00:00<?, ?it/s]
Task 2, Epoch 1/5 => Loss 0.582, Train_accy 81.80:   0%|          | 0/5 [00:14<?, ?it/s]
Task 2, Epoch 1/5 => Loss 0.582, Train_accy 81.80:  20%|██        | 1/5 [00:14<00:57, 14.28s/it]
Task 2, Epoch 2/5 => Loss 0.324, Train_accy 90.00:  20%|██        | 1/5 [00:28<00:57, 14.28s/it]
Task 2, Epoch 2/5 => Loss 0.324, Train_accy 90.00:  40%|████      | 2/5 [00:28<00:42, 14.11s/it]
Task 2, Epoch 3/5 => Loss 0.289, Train_accy 90.98:  40%|████      | 2/5 [00:42<00:42, 14.11s/it]
Task 2, Epoch 3/5 => Loss 0.289, Train_accy 90.98:  60%|██████    | 3/5 [00:42<00:28, 14.06s/it]
Task 2, Epoch 4/5 => Loss 0.293, Train_accy 91.14:  60%|██████    | 3/5 [00:56<00:28, 14.06s/it]
Task 2, Epoch 4/5 => Loss 0.293, Train_accy 91.14:  80%|████████  | 4/5 [00:56<00:14, 14.11s/it]
Task 2, Epoch 5/5 => Loss 0.295, Train_accy 91.16, Test_accy 90.23:  80%|████████  | 4/5 [01:26<00:14, 14.11s/it]
Task 2, Epoch 5/5 => Loss 0.295, Train_accy 91.16, Test_accy 90.23: 100%|██████████| 5/5 [01:26<00:00, 19.97s/it]
Task 2, Epoch 5/5 => Loss 0.295, Train_accy 91.16, Test_accy 90.23: 100%|██████████| 5/5 [01:26<00:00, 17.36s/it]2025-02-06 11:30:53,510 [lae.py] => Task 2, Epoch 5/5 => Loss 0.295, Train_accy 91.16, Test_accy 90.23

2025-02-06 11:31:09,680 [trainer.py] => No NME accuracy.
2025-02-06 11:31:09,680 [trainer.py] => CNN: {'total': 90.23, '00-09': 86.8, '10-19': 91.2, '20-29': 92.7, 'old': 89.0, 'new': 92.7}
2025-02-06 11:31:09,680 [trainer.py] => CNN top1 curve: [96.4, 92.45, 90.23]
2025-02-06 11:31:09,680 [trainer.py] => CNN top5 curve: [99.9, 99.0, 98.53]

Average Accuracy (CNN): 93.03
2025-02-06 11:31:09,681 [trainer.py] => Average Accuracy (CNN): 93.03 

2025-02-06 11:31:09,682 [trainer.py] => All params: 85906266
2025-02-06 11:31:09,683 [trainer.py] => Trainable params: 65340
2025-02-06 11:31:09,686 [lae.py] => Learning on 30-40

  0%|          | 0/5 [00:00<?, ?it/s]
Task 3, Epoch 1/5 => Loss 0.755, Train_accy 75.70:   0%|          | 0/5 [00:14<?, ?it/s]
Task 3, Epoch 1/5 => Loss 0.755, Train_accy 75.70:  20%|██        | 1/5 [00:14<00:57, 14.33s/it]
Task 3, Epoch 2/5 => Loss 0.423, Train_accy 86.56:  20%|██        | 1/5 [00:28<00:57, 14.33s/it]
Task 3, Epoch 2/5 => Loss 0.423, Train_accy 86.56:  40%|████      | 2/5 [00:28<00:42, 14.12s/it]
Task 3, Epoch 3/5 => Loss 0.424, Train_accy 86.94:  40%|████      | 2/5 [00:42<00:42, 14.12s/it]
Task 3, Epoch 3/5 => Loss 0.424, Train_accy 86.94:  60%|██████    | 3/5 [00:42<00:28, 14.06s/it]
Task 3, Epoch 4/5 => Loss 0.385, Train_accy 87.60:  60%|██████    | 3/5 [00:56<00:28, 14.06s/it]
Task 3, Epoch 4/5 => Loss 0.385, Train_accy 87.60:  80%|████████  | 4/5 [00:56<00:14, 14.04s/it]
Task 3, Epoch 5/5 => Loss 0.376, Train_accy 87.96, Test_accy 87.55:  80%|████████  | 4/5 [01:31<00:14, 14.04s/it]
Task 3, Epoch 5/5 => Loss 0.376, Train_accy 87.96, Test_accy 87.55: 100%|██████████| 5/5 [01:31<00:00, 21.84s/it]
Task 3, Epoch 5/5 => Loss 0.376, Train_accy 87.96, Test_accy 87.55: 100%|██████████| 5/5 [01:31<00:00, 18.39s/it]2025-02-06 11:32:41,678 [lae.py] => Task 3, Epoch 5/5 => Loss 0.376, Train_accy 87.96, Test_accy 87.55

2025-02-06 11:33:03,292 [trainer.py] => No NME accuracy.
2025-02-06 11:33:03,293 [trainer.py] => CNN: {'total': 87.55, '00-09': 84.0, '10-19': 89.9, '20-29': 89.0, '30-39': 87.3, 'old': 87.63, 'new': 87.3}
2025-02-06 11:33:03,293 [trainer.py] => CNN top1 curve: [96.4, 92.45, 90.23, 87.55]
2025-02-06 11:33:03,293 [trainer.py] => CNN top5 curve: [99.9, 99.0, 98.53, 97.85]

Average Accuracy (CNN): 91.66
2025-02-06 11:33:03,293 [trainer.py] => Average Accuracy (CNN): 91.66 

2025-02-06 11:33:03,295 [trainer.py] => All params: 85913956
2025-02-06 11:33:03,297 [trainer.py] => Trainable params: 73030
2025-02-06 11:33:03,298 [lae.py] => Learning on 40-50

  0%|          | 0/5 [00:00<?, ?it/s]
Task 4, Epoch 1/5 => Loss 0.683, Train_accy 79.82:   0%|          | 0/5 [00:14<?, ?it/s]
Task 4, Epoch 1/5 => Loss 0.683, Train_accy 79.82:  20%|██        | 1/5 [00:14<00:56, 14.17s/it]
Task 4, Epoch 2/5 => Loss 0.292, Train_accy 90.84:  20%|██        | 1/5 [00:28<00:56, 14.17s/it]
Task 4, Epoch 2/5 => Loss 0.292, Train_accy 90.84:  40%|████      | 2/5 [00:28<00:42, 14.08s/it]
Task 4, Epoch 3/5 => Loss 0.301, Train_accy 91.06:  40%|████      | 2/5 [00:42<00:42, 14.08s/it]
Task 4, Epoch 3/5 => Loss 0.301, Train_accy 91.06:  60%|██████    | 3/5 [00:42<00:28, 14.09s/it]
Task 4, Epoch 4/5 => Loss 0.342, Train_accy 90.06:  60%|██████    | 3/5 [00:56<00:28, 14.09s/it]
Task 4, Epoch 4/5 => Loss 0.342, Train_accy 90.06:  80%|████████  | 4/5 [00:56<00:14, 14.18s/it]
Task 4, Epoch 5/5 => Loss 0.266, Train_accy 91.82, Test_accy 84.78:  80%|████████  | 4/5 [01:37<00:14, 14.18s/it]
Task 4, Epoch 5/5 => Loss 0.266, Train_accy 91.82, Test_accy 84.78: 100%|██████████| 5/5 [01:37<00:00, 23.96s/it]
Task 4, Epoch 5/5 => Loss 0.266, Train_accy 91.82, Test_accy 84.78: 100%|██████████| 5/5 [01:37<00:00, 19.58s/it]2025-02-06 11:34:41,248 [lae.py] => Task 4, Epoch 5/5 => Loss 0.266, Train_accy 91.82, Test_accy 84.78

2025-02-06 11:35:08,049 [trainer.py] => No NME accuracy.
2025-02-06 11:35:08,050 [trainer.py] => CNN: {'total': 84.78, '00-09': 80.1, '10-19': 86.5, '20-29': 87.4, '30-39': 85.7, '40-49': 84.2, 'old': 84.92, 'new': 84.2}
2025-02-06 11:35:08,050 [trainer.py] => CNN top1 curve: [96.4, 92.45, 90.23, 87.55, 84.78]
2025-02-06 11:35:08,050 [trainer.py] => CNN top5 curve: [99.9, 99.0, 98.53, 97.85, 97.44]

Average Accuracy (CNN): 90.28
2025-02-06 11:35:08,051 [trainer.py] => Average Accuracy (CNN): 90.28 

2025-02-06 11:35:08,053 [trainer.py] => All params: 85921646
2025-02-06 11:35:08,055 [trainer.py] => Trainable params: 80720
2025-02-06 11:35:08,057 [lae.py] => Learning on 50-60

  0%|          | 0/5 [00:00<?, ?it/s]
Task 5, Epoch 1/5 => Loss 0.784, Train_accy 76.04:   0%|          | 0/5 [00:14<?, ?it/s]
Task 5, Epoch 1/5 => Loss 0.784, Train_accy 76.04:  20%|██        | 1/5 [00:14<00:56, 14.01s/it]
Task 5, Epoch 2/5 => Loss 0.480, Train_accy 86.50:  20%|██        | 1/5 [00:28<00:56, 14.01s/it]
Task 5, Epoch 2/5 => Loss 0.480, Train_accy 86.50:  40%|████      | 2/5 [00:28<00:42, 14.03s/it]
Task 5, Epoch 3/5 => Loss 0.427, Train_accy 87.18:  40%|████      | 2/5 [00:42<00:42, 14.03s/it]
Task 5, Epoch 3/5 => Loss 0.427, Train_accy 87.18:  60%|██████    | 3/5 [00:42<00:28, 14.01s/it]
Task 5, Epoch 4/5 => Loss 0.413, Train_accy 88.02:  60%|██████    | 3/5 [00:55<00:28, 14.01s/it]
Task 5, Epoch 4/5 => Loss 0.413, Train_accy 88.02:  80%|████████  | 4/5 [00:55<00:13, 13.91s/it]
Task 5, Epoch 5/5 => Loss 0.392, Train_accy 87.44, Test_accy 83.48:  80%|████████  | 4/5 [01:41<00:13, 13.91s/it]
Task 5, Epoch 5/5 => Loss 0.392, Train_accy 87.44, Test_accy 83.48: 100%|██████████| 5/5 [01:41<00:00, 25.35s/it]
Task 5, Epoch 5/5 => Loss 0.392, Train_accy 87.44, Test_accy 83.48: 100%|██████████| 5/5 [01:41<00:00, 20.29s/it]2025-02-06 11:36:49,532 [lae.py] => Task 5, Epoch 5/5 => Loss 0.392, Train_accy 87.44, Test_accy 83.48

2025-02-06 11:37:21,131 [trainer.py] => No NME accuracy.
2025-02-06 11:37:21,131 [trainer.py] => CNN: {'total': 83.48, '00-09': 78.6, '10-19': 85.7, '20-29': 86.7, '30-39': 84.5, '40-49': 80.3, '50-59': 85.1, 'old': 83.16, 'new': 85.1}
2025-02-06 11:37:21,131 [trainer.py] => CNN top1 curve: [96.4, 92.45, 90.23, 87.55, 84.78, 83.48]
2025-02-06 11:37:21,131 [trainer.py] => CNN top5 curve: [99.9, 99.0, 98.53, 97.85, 97.44, 96.98]

Average Accuracy (CNN): 89.15
2025-02-06 11:37:21,131 [trainer.py] => Average Accuracy (CNN): 89.15 

2025-02-06 11:37:21,132 [trainer.py] => All params: 85929336
2025-02-06 11:37:21,134 [trainer.py] => Trainable params: 88410
2025-02-06 11:37:21,136 [lae.py] => Learning on 60-70

  0%|          | 0/5 [00:00<?, ?it/s]
Task 6, Epoch 1/5 => Loss 0.684, Train_accy 80.24:   0%|          | 0/5 [00:13<?, ?it/s]
Task 6, Epoch 1/5 => Loss 0.684, Train_accy 80.24:  20%|██        | 1/5 [00:13<00:55, 13.98s/it]
Task 6, Epoch 2/5 => Loss 0.325, Train_accy 89.66:  20%|██        | 1/5 [00:27<00:55, 13.98s/it]
Task 6, Epoch 2/5 => Loss 0.325, Train_accy 89.66:  40%|████      | 2/5 [00:27<00:41, 13.83s/it]
Task 6, Epoch 3/5 => Loss 0.297, Train_accy 91.36:  40%|████      | 2/5 [00:41<00:41, 13.83s/it]
Task 6, Epoch 3/5 => Loss 0.297, Train_accy 91.36:  60%|██████    | 3/5 [00:41<00:27, 13.80s/it]
Task 6, Epoch 4/5 => Loss 0.299, Train_accy 91.06:  60%|██████    | 3/5 [00:55<00:27, 13.80s/it]
Task 6, Epoch 4/5 => Loss 0.299, Train_accy 91.06:  80%|████████  | 4/5 [00:55<00:13, 13.78s/it]
Task 6, Epoch 5/5 => Loss 0.274, Train_accy 91.56, Test_accy 83.43:  80%|████████  | 4/5 [01:45<00:13, 13.78s/it]
Task 6, Epoch 5/5 => Loss 0.274, Train_accy 91.56, Test_accy 83.43: 100%|██████████| 5/5 [01:45<00:00, 26.87s/it]
Task 6, Epoch 5/5 => Loss 0.274, Train_accy 91.56, Test_accy 83.43: 100%|██████████| 5/5 [01:45<00:00, 21.06s/it]2025-02-06 11:39:06,459 [lae.py] => Task 6, Epoch 5/5 => Loss 0.274, Train_accy 91.56, Test_accy 83.43

2025-02-06 11:39:42,808 [trainer.py] => No NME accuracy.
2025-02-06 11:39:42,808 [trainer.py] => CNN: {'total': 83.43, '00-09': 77.7, '10-19': 84.7, '20-29': 86.7, '30-39': 83.9, '40-49': 80.1, '50-59': 82.2, '60-69': 88.7, 'old': 82.55, 'new': 88.7}
2025-02-06 11:39:42,808 [trainer.py] => CNN top1 curve: [96.4, 92.45, 90.23, 87.55, 84.78, 83.48, 83.43]
2025-02-06 11:39:42,808 [trainer.py] => CNN top5 curve: [99.9, 99.0, 98.53, 97.85, 97.44, 96.98, 96.74]

Average Accuracy (CNN): 88.33
2025-02-06 11:39:42,809 [trainer.py] => Average Accuracy (CNN): 88.33 

2025-02-06 11:39:42,810 [trainer.py] => All params: 85937026
2025-02-06 11:39:42,811 [trainer.py] => Trainable params: 96100
2025-02-06 11:39:42,813 [lae.py] => Learning on 70-80

  0%|          | 0/5 [00:00<?, ?it/s]
Task 7, Epoch 1/5 => Loss 0.728, Train_accy 76.90:   0%|          | 0/5 [00:13<?, ?it/s]
Task 7, Epoch 1/5 => Loss 0.728, Train_accy 76.90:  20%|██        | 1/5 [00:13<00:55, 13.83s/it]
Task 7, Epoch 2/5 => Loss 0.412, Train_accy 87.14:  20%|██        | 1/5 [00:27<00:55, 13.83s/it]
Task 7, Epoch 2/5 => Loss 0.412, Train_accy 87.14:  40%|████      | 2/5 [00:27<00:41, 13.69s/it]
Task 7, Epoch 3/5 => Loss 0.345, Train_accy 88.64:  40%|████      | 2/5 [00:41<00:41, 13.69s/it]
Task 7, Epoch 3/5 => Loss 0.345, Train_accy 88.64:  60%|██████    | 3/5 [00:41<00:27, 13.67s/it]
Task 7, Epoch 4/5 => Loss 0.365, Train_accy 88.66:  60%|██████    | 3/5 [00:54<00:27, 13.67s/it]
Task 7, Epoch 4/5 => Loss 0.365, Train_accy 88.66:  80%|████████  | 4/5 [00:54<00:13, 13.72s/it]
Task 7, Epoch 5/5 => Loss 0.397, Train_accy 87.74, Test_accy 81.09:  80%|████████  | 4/5 [01:49<00:13, 13.72s/it]
Task 7, Epoch 5/5 => Loss 0.397, Train_accy 87.74, Test_accy 81.09: 100%|██████████| 5/5 [01:49<00:00, 28.61s/it]
Task 7, Epoch 5/5 => Loss 0.397, Train_accy 87.74, Test_accy 81.09: 100%|██████████| 5/5 [01:49<00:00, 21.98s/it]2025-02-06 11:41:32,732 [lae.py] => Task 7, Epoch 5/5 => Loss 0.397, Train_accy 87.74, Test_accy 81.09

2025-02-06 11:42:14,631 [trainer.py] => No NME accuracy.
2025-02-06 11:42:14,631 [trainer.py] => CNN: {'total': 81.09, '00-09': 77.6, '10-19': 84.5, '20-29': 86.7, '30-39': 83.6, '40-49': 78.9, '50-59': 80.0, '60-69': 86.8, '70-79': 70.6, 'old': 82.59, 'new': 70.6}
2025-02-06 11:42:14,631 [trainer.py] => CNN top1 curve: [96.4, 92.45, 90.23, 87.55, 84.78, 83.48, 83.43, 81.09]
2025-02-06 11:42:14,631 [trainer.py] => CNN top5 curve: [99.9, 99.0, 98.53, 97.85, 97.44, 96.98, 96.74, 96.14]

Average Accuracy (CNN): 87.43
2025-02-06 11:42:14,632 [trainer.py] => Average Accuracy (CNN): 87.43 

2025-02-06 11:42:14,633 [trainer.py] => All params: 85944716
2025-02-06 11:42:14,634 [trainer.py] => Trainable params: 103790
2025-02-06 11:42:14,636 [lae.py] => Learning on 80-90

  0%|          | 0/5 [00:00<?, ?it/s]
Task 8, Epoch 1/5 => Loss 0.750, Train_accy 77.08:   0%|          | 0/5 [00:13<?, ?it/s]
Task 8, Epoch 1/5 => Loss 0.750, Train_accy 77.08:  20%|██        | 1/5 [00:13<00:55, 13.87s/it]
Task 8, Epoch 2/5 => Loss 0.361, Train_accy 88.52:  20%|██        | 1/5 [00:27<00:55, 13.87s/it]
Task 8, Epoch 2/5 => Loss 0.361, Train_accy 88.52:  40%|████      | 2/5 [00:27<00:41, 13.85s/it]
Task 8, Epoch 3/5 => Loss 0.338, Train_accy 88.92:  40%|████      | 2/5 [00:41<00:41, 13.85s/it]
Task 8, Epoch 3/5 => Loss 0.338, Train_accy 88.92:  60%|██████    | 3/5 [00:41<00:27, 13.82s/it]
Task 8, Epoch 4/5 => Loss 0.365, Train_accy 88.96:  60%|██████    | 3/5 [00:55<00:27, 13.82s/it]
Task 8, Epoch 4/5 => Loss 0.365, Train_accy 88.96:  80%|████████  | 4/5 [00:55<00:13, 13.83s/it]
Task 8, Epoch 5/5 => Loss 0.388, Train_accy 88.08, Test_accy 80.26:  80%|████████  | 4/5 [01:56<00:13, 13.83s/it]
Task 8, Epoch 5/5 => Loss 0.388, Train_accy 88.08, Test_accy 80.26: 100%|██████████| 5/5 [01:56<00:00, 30.85s/it]
Task 8, Epoch 5/5 => Loss 0.388, Train_accy 88.08, Test_accy 80.26: 100%|██████████| 5/5 [01:56<00:00, 23.27s/it]2025-02-06 11:44:11,032 [lae.py] => Task 8, Epoch 5/5 => Loss 0.388, Train_accy 88.08, Test_accy 80.26

2025-02-06 11:44:58,555 [trainer.py] => No NME accuracy.
2025-02-06 11:44:58,556 [trainer.py] => CNN: {'total': 80.26, '00-09': 76.9, '10-19': 83.2, '20-29': 85.2, '30-39': 83.3, '40-49': 77.5, '50-59': 79.3, '60-69': 86.1, '70-79': 68.8, '80-89': 82.0, 'old': 80.04, 'new': 82.0}
2025-02-06 11:44:58,556 [trainer.py] => CNN top1 curve: [96.4, 92.45, 90.23, 87.55, 84.78, 83.48, 83.43, 81.09, 80.26]
2025-02-06 11:44:58,556 [trainer.py] => CNN top5 curve: [99.9, 99.0, 98.53, 97.85, 97.44, 96.98, 96.74, 96.14, 95.71]

Average Accuracy (CNN): 86.63
2025-02-06 11:44:58,556 [trainer.py] => Average Accuracy (CNN): 86.63 

2025-02-06 11:44:58,558 [trainer.py] => All params: 85952406
2025-02-06 11:44:58,559 [trainer.py] => Trainable params: 111480
2025-02-06 11:44:58,561 [lae.py] => Learning on 90-100

  0%|          | 0/5 [00:00<?, ?it/s]
Task 9, Epoch 1/5 => Loss 0.755, Train_accy 77.04:   0%|          | 0/5 [00:13<?, ?it/s]
Task 9, Epoch 1/5 => Loss 0.755, Train_accy 77.04:  20%|██        | 1/5 [00:13<00:55, 13.94s/it]
Task 9, Epoch 2/5 => Loss 0.424, Train_accy 86.72:  20%|██        | 1/5 [00:27<00:55, 13.94s/it]
Task 9, Epoch 2/5 => Loss 0.424, Train_accy 86.72:  40%|████      | 2/5 [00:27<00:41, 13.90s/it]
Task 9, Epoch 3/5 => Loss 0.434, Train_accy 86.66:  40%|████      | 2/5 [00:41<00:41, 13.90s/it]
Task 9, Epoch 3/5 => Loss 0.434, Train_accy 86.66:  60%|██████    | 3/5 [00:41<00:27, 13.94s/it]
Task 9, Epoch 4/5 => Loss 0.369, Train_accy 88.52:  60%|██████    | 3/5 [00:55<00:27, 13.94s/it]
Task 9, Epoch 4/5 => Loss 0.369, Train_accy 88.52:  80%|████████  | 4/5 [00:55<00:13, 13.94s/it]
Task 9, Epoch 5/5 => Loss 0.377, Train_accy 88.44, Test_accy 79.55:  80%|████████  | 4/5 [02:02<00:13, 13.94s/it]
Task 9, Epoch 5/5 => Loss 0.377, Train_accy 88.44, Test_accy 79.55: 100%|██████████| 5/5 [02:02<00:00, 33.10s/it]
Task 9, Epoch 5/5 => Loss 0.377, Train_accy 88.44, Test_accy 79.55: 100%|██████████| 5/5 [02:02<00:00, 24.56s/it]2025-02-06 11:47:01,419 [lae.py] => Task 9, Epoch 5/5 => Loss 0.377, Train_accy 88.44, Test_accy 79.55

2025-02-06 11:47:54,370 [trainer.py] => No NME accuracy.
2025-02-06 11:47:54,371 [trainer.py] => CNN: {'total': 79.55, '00-09': 76.0, '10-19': 82.8, '20-29': 85.1, '30-39': 82.9, '40-49': 77.0, '50-59': 79.1, '60-69': 85.0, '70-79': 68.1, '80-89': 81.9, '90-99': 77.6, 'old': 79.77, 'new': 77.6}
2025-02-06 11:47:54,371 [trainer.py] => CNN top1 curve: [96.4, 92.45, 90.23, 87.55, 84.78, 83.48, 83.43, 81.09, 80.26, 79.55]
2025-02-06 11:47:54,371 [trainer.py] => CNN top5 curve: [99.9, 99.0, 98.53, 97.85, 97.44, 96.98, 96.74, 96.14, 95.71, 95.26]

Average Accuracy (CNN): 85.92
2025-02-06 11:47:54,371 [trainer.py] => Average Accuracy (CNN): 85.92 

Accuracy Matrix (CNN):
[[96.4 91.9 86.8 84.  80.1 78.6 77.7 77.6 76.9 76. ]
 [ 0.  93.  91.2 89.9 86.5 85.7 84.7 84.5 83.2 82.8]
 [ 0.   0.  92.7 89.  87.4 86.7 86.7 86.7 85.2 85.1]
 [ 0.   0.   0.  87.3 85.7 84.5 83.9 83.6 83.3 82.9]
 [ 0.   0.   0.   0.  84.2 80.3 80.1 78.9 77.5 77. ]
 [ 0.   0.   0.   0.   0.  85.1 82.2 80.  79.3 79.1]
 [ 0.   0.   0.   0.   0.   0.  88.7 86.8 86.1 85. ]
 [ 0.   0.   0.   0.   0.   0.   0.  70.6 68.8 68.1]
 [ 0.   0.   0.   0.   0.   0.   0.   0.  82.  81.9]
 [ 0.   0.   0.   0.   0.   0.   0.   0.   0.  77.6]]
2025-02-06 11:47:54,373 [trainer.py] => Forgetting (CNN): 6.900000000000001
2025-02-06 11:47:56,419 [trainer.py] => config: ./scripts/lae/lae_cifar_B0_Inc20.json
2025-02-06 11:47:56,419 [trainer.py] => prefix:  
2025-02-06 11:47:56,419 [trainer.py] => dataset: cifar224
2025-02-06 11:47:56,419 [trainer.py] => memory_size: 0
2025-02-06 11:47:56,419 [trainer.py] => memory_per_class: 0
2025-02-06 11:47:56,419 [trainer.py] => fixed_memory: False
2025-02-06 11:47:56,419 [trainer.py] => shuffle: True
2025-02-06 11:47:56,419 [trainer.py] => init_cls: 5
2025-02-06 11:47:56,419 [trainer.py] => increment: 5
2025-02-06 11:47:56,419 [trainer.py] => model_name: lae
2025-02-06 11:47:56,419 [trainer.py] => backbone_type: vit_base_patch16_224_in21k_lae
2025-02-06 11:47:56,419 [trainer.py] => device: [device(type='cuda', index=4)]
2025-02-06 11:47:56,419 [trainer.py] => seed: 1993
2025-02-06 11:47:56,419 [trainer.py] => tuned_epoch: 5
2025-02-06 11:47:56,419 [trainer.py] => init_lr: 0.0028125
2025-02-06 11:47:56,419 [trainer.py] => batch_size: 128
2025-02-06 11:47:56,419 [trainer.py] => weight_decay: 0
2025-02-06 11:47:56,419 [trainer.py] => min_lr: 1e-05
2025-02-06 11:47:56,419 [trainer.py] => optimizer: adam
2025-02-06 11:47:56,419 [trainer.py] => scheduler: constant
2025-02-06 11:47:56,420 [trainer.py] => reinit_optimizer: True
2025-02-06 11:47:56,420 [trainer.py] => pretrained: True
2025-02-06 11:47:56,420 [trainer.py] => drop: 0.0
2025-02-06 11:47:56,420 [trainer.py] => drop_path: 0.0
2025-02-06 11:47:56,420 [trainer.py] => ema_decay: 0.9999
2025-02-06 11:47:56,420 [trainer.py] => num_freeze_epochs: 3
2025-02-06 11:47:56,420 [trainer.py] => pet_cls: Adapter
2025-02-06 11:47:56,420 [trainer.py] => pet_length: 10
2025-02-06 11:47:56,420 [trainer.py] => down_sample_dim: 5
2025-02-06 11:47:57,525 [data_manager.py] => [68, 56, 78, 8, 23, 84, 90, 65, 74, 76, 40, 89, 3, 92, 55, 9, 26, 80, 43, 38, 58, 70, 77, 1, 85, 19, 17, 50, 28, 53, 13, 81, 45, 82, 6, 59, 83, 16, 15, 44, 91, 41, 72, 60, 79, 52, 20, 10, 31, 54, 37, 95, 14, 71, 96, 98, 97, 2, 64, 66, 42, 22, 35, 86, 24, 34, 87, 21, 99, 0, 88, 27, 18, 94, 11, 12, 47, 25, 30, 46, 62, 69, 36, 61, 7, 63, 75, 5, 32, 4, 51, 48, 73, 93, 39, 67, 29, 49, 57, 33]
2025-02-06 11:47:59,824 [lae.py] => 85,840,926 model total parameters.
2025-02-06 11:47:59,824 [lae.py] => 0 model training parameters.
2025-02-06 11:47:59,825 [trainer.py] => All params: 85883196
2025-02-06 11:47:59,826 [trainer.py] => Trainable params: 0
2025-02-06 11:47:59,826 [lae.py] => Learning on 0-5

  0%|          | 0/5 [00:00<?, ?it/s]
Task 0, Epoch 1/5 => Loss 0.612, Train_accy 78.84:   0%|          | 0/5 [00:07<?, ?it/s]
Task 0, Epoch 1/5 => Loss 0.612, Train_accy 78.84:  20%|██        | 1/5 [00:07<00:28,  7.01s/it]
Task 0, Epoch 2/5 => Loss 0.213, Train_accy 92.68:  20%|██        | 1/5 [00:13<00:28,  7.01s/it]
Task 0, Epoch 2/5 => Loss 0.213, Train_accy 92.68:  40%|████      | 2/5 [00:13<00:20,  6.97s/it]
Task 0, Epoch 3/5 => Loss 0.218, Train_accy 93.36:  40%|████      | 2/5 [00:21<00:20,  6.97s/it]
Task 0, Epoch 3/5 => Loss 0.218, Train_accy 93.36:  60%|██████    | 3/5 [00:21<00:14,  7.01s/it]
Task 0, Epoch 4/5 => Loss 0.181, Train_accy 94.12:  60%|██████    | 3/5 [00:28<00:14,  7.01s/it]
Task 0, Epoch 4/5 => Loss 0.181, Train_accy 94.12:  80%|████████  | 4/5 [00:28<00:07,  7.07s/it]
Task 0, Epoch 5/5 => Loss 0.187, Train_accy 93.28, Test_accy 99.00:  80%|████████  | 4/5 [00:38<00:07,  7.07s/it]
Task 0, Epoch 5/5 => Loss 0.187, Train_accy 93.28, Test_accy 99.00: 100%|██████████| 5/5 [00:38<00:00,  8.18s/it]
Task 0, Epoch 5/5 => Loss 0.187, Train_accy 93.28, Test_accy 99.00: 100%|██████████| 5/5 [00:38<00:00,  7.66s/it]2025-02-06 11:48:38,564 [lae.py] => Task 0, Epoch 5/5 => Loss 0.187, Train_accy 93.28, Test_accy 99.00

2025-02-06 11:48:41,580 [trainer.py] => No NME accuracy.
2025-02-06 11:48:41,581 [trainer.py] => CNN: {'total': 99.0, '00-04': 99.0, 'old': 0, 'new': 99.0}
2025-02-06 11:48:41,581 [trainer.py] => CNN top1 curve: [99.0]
2025-02-06 11:48:41,581 [trainer.py] => CNN top5 curve: [100.0]

Average Accuracy (CNN): 99.0
2025-02-06 11:48:41,581 [trainer.py] => Average Accuracy (CNN): 99.0 

2025-02-06 11:48:41,582 [trainer.py] => All params: 85887041
2025-02-06 11:48:41,583 [trainer.py] => Trainable params: 46115
2025-02-06 11:48:41,584 [lae.py] => Learning on 5-10

  0%|          | 0/5 [00:00<?, ?it/s]
Task 1, Epoch 1/5 => Loss 0.764, Train_accy 73.08:   0%|          | 0/5 [00:07<?, ?it/s]
Task 1, Epoch 1/5 => Loss 0.764, Train_accy 73.08:  20%|██        | 1/5 [00:07<00:28,  7.13s/it]
Task 1, Epoch 2/5 => Loss 0.304, Train_accy 89.28:  20%|██        | 1/5 [00:14<00:28,  7.13s/it]
Task 1, Epoch 2/5 => Loss 0.304, Train_accy 89.28:  40%|████      | 2/5 [00:14<00:21,  7.16s/it]
Task 1, Epoch 3/5 => Loss 0.278, Train_accy 90.40:  40%|████      | 2/5 [00:21<00:21,  7.16s/it]
Task 1, Epoch 3/5 => Loss 0.278, Train_accy 90.40:  60%|██████    | 3/5 [00:21<00:14,  7.18s/it]
Task 1, Epoch 4/5 => Loss 0.254, Train_accy 90.80:  60%|██████    | 3/5 [00:28<00:14,  7.18s/it]
Task 1, Epoch 4/5 => Loss 0.254, Train_accy 90.80:  80%|████████  | 4/5 [00:28<00:07,  7.21s/it]
Task 1, Epoch 5/5 => Loss 0.268, Train_accy 90.32, Test_accy 95.70:  80%|████████  | 4/5 [00:41<00:07,  7.21s/it]
Task 1, Epoch 5/5 => Loss 0.268, Train_accy 90.32, Test_accy 95.70: 100%|██████████| 5/5 [00:41<00:00,  9.18s/it]
Task 1, Epoch 5/5 => Loss 0.268, Train_accy 90.32, Test_accy 95.70: 100%|██████████| 5/5 [00:41<00:00,  8.29s/it]2025-02-06 11:49:23,058 [lae.py] => Task 1, Epoch 5/5 => Loss 0.268, Train_accy 90.32, Test_accy 95.70

2025-02-06 11:49:28,628 [trainer.py] => No NME accuracy.
2025-02-06 11:49:28,628 [trainer.py] => CNN: {'total': 95.7, '00-04': 98.0, '05-09': 93.4, 'old': 98.0, 'new': 93.4}
2025-02-06 11:49:28,628 [trainer.py] => CNN top1 curve: [99.0, 95.7]
2025-02-06 11:49:28,628 [trainer.py] => CNN top5 curve: [100.0, 99.7]

Average Accuracy (CNN): 97.35
2025-02-06 11:49:28,628 [trainer.py] => Average Accuracy (CNN): 97.35 

2025-02-06 11:49:28,630 [trainer.py] => All params: 85890886
2025-02-06 11:49:28,631 [trainer.py] => Trainable params: 49960
2025-02-06 11:49:28,632 [lae.py] => Learning on 10-15

  0%|          | 0/5 [00:00<?, ?it/s]
Task 2, Epoch 1/5 => Loss 0.619, Train_accy 77.52:   0%|          | 0/5 [00:07<?, ?it/s]
Task 2, Epoch 1/5 => Loss 0.619, Train_accy 77.52:  20%|██        | 1/5 [00:07<00:28,  7.09s/it]
Task 2, Epoch 2/5 => Loss 0.315, Train_accy 89.52:  20%|██        | 1/5 [00:14<00:28,  7.09s/it]
Task 2, Epoch 2/5 => Loss 0.315, Train_accy 89.52:  40%|████      | 2/5 [00:14<00:21,  7.11s/it]
Task 2, Epoch 3/5 => Loss 0.282, Train_accy 89.84:  40%|████      | 2/5 [00:21<00:21,  7.11s/it]
Task 2, Epoch 3/5 => Loss 0.282, Train_accy 89.84:  60%|██████    | 3/5 [00:21<00:14,  7.14s/it]
Task 2, Epoch 4/5 => Loss 0.297, Train_accy 89.56:  60%|██████    | 3/5 [00:28<00:14,  7.14s/it]
Task 2, Epoch 4/5 => Loss 0.297, Train_accy 89.56:  80%|████████  | 4/5 [00:28<00:07,  7.11s/it]
Task 2, Epoch 5/5 => Loss 0.303, Train_accy 90.08, Test_accy 93.07:  80%|████████  | 4/5 [00:43<00:07,  7.11s/it]
Task 2, Epoch 5/5 => Loss 0.303, Train_accy 90.08, Test_accy 93.07: 100%|██████████| 5/5 [00:43<00:00, 10.14s/it]
Task 2, Epoch 5/5 => Loss 0.303, Train_accy 90.08, Test_accy 93.07: 100%|██████████| 5/5 [00:43<00:00,  8.79s/it]2025-02-06 11:50:12,606 [lae.py] => Task 2, Epoch 5/5 => Loss 0.303, Train_accy 90.08, Test_accy 93.07

2025-02-06 11:50:20,787 [trainer.py] => No NME accuracy.
2025-02-06 11:50:20,788 [trainer.py] => CNN: {'total': 93.07, '00-04': 97.4, '05-09': 89.2, '10-14': 92.6, 'old': 93.3, 'new': 92.6}
2025-02-06 11:50:20,788 [trainer.py] => CNN top1 curve: [99.0, 95.7, 93.07]
2025-02-06 11:50:20,788 [trainer.py] => CNN top5 curve: [100.0, 99.7, 99.2]

Average Accuracy (CNN): 95.92
2025-02-06 11:50:20,788 [trainer.py] => Average Accuracy (CNN): 95.92 

2025-02-06 11:50:20,789 [trainer.py] => All params: 85894731
2025-02-06 11:50:20,790 [trainer.py] => Trainable params: 53805
2025-02-06 11:50:20,792 [lae.py] => Learning on 15-20

  0%|          | 0/5 [00:00<?, ?it/s]
Task 3, Epoch 1/5 => Loss 0.734, Train_accy 73.80:   0%|          | 0/5 [00:07<?, ?it/s]
Task 3, Epoch 1/5 => Loss 0.734, Train_accy 73.80:  20%|██        | 1/5 [00:07<00:28,  7.13s/it]
Task 3, Epoch 2/5 => Loss 0.329, Train_accy 89.08:  20%|██        | 1/5 [00:14<00:28,  7.13s/it]
Task 3, Epoch 2/5 => Loss 0.329, Train_accy 89.08:  40%|████      | 2/5 [00:14<00:21,  7.22s/it]
Task 3, Epoch 3/5 => Loss 0.310, Train_accy 88.52:  40%|████      | 2/5 [00:21<00:21,  7.22s/it]
Task 3, Epoch 3/5 => Loss 0.310, Train_accy 88.52:  60%|██████    | 3/5 [00:21<00:14,  7.20s/it]
Task 3, Epoch 4/5 => Loss 0.314, Train_accy 89.32:  60%|██████    | 3/5 [00:28<00:14,  7.20s/it]
Task 3, Epoch 4/5 => Loss 0.314, Train_accy 89.32:  80%|████████  | 4/5 [00:28<00:07,  7.23s/it]
Task 3, Epoch 5/5 => Loss 0.257, Train_accy 90.24, Test_accy 90.50:  80%|████████  | 4/5 [00:46<00:07,  7.23s/it]
Task 3, Epoch 5/5 => Loss 0.257, Train_accy 90.24, Test_accy 90.50: 100%|██████████| 5/5 [00:46<00:00, 11.12s/it]
Task 3, Epoch 5/5 => Loss 0.257, Train_accy 90.24, Test_accy 90.50: 100%|██████████| 5/5 [00:46<00:00,  9.38s/it]2025-02-06 11:51:07,692 [lae.py] => Task 3, Epoch 5/5 => Loss 0.257, Train_accy 90.24, Test_accy 90.50

2025-02-06 11:51:18,592 [trainer.py] => No NME accuracy.
2025-02-06 11:51:18,593 [trainer.py] => CNN: {'total': 90.5, '00-04': 97.4, '05-09': 88.2, '10-14': 92.2, '15-19': 84.2, 'old': 92.6, 'new': 84.2}
2025-02-06 11:51:18,593 [trainer.py] => CNN top1 curve: [99.0, 95.7, 93.07, 90.5]
2025-02-06 11:51:18,593 [trainer.py] => CNN top5 curve: [100.0, 99.7, 99.2, 98.2]

Average Accuracy (CNN): 94.57
2025-02-06 11:51:18,593 [trainer.py] => Average Accuracy (CNN): 94.57 

2025-02-06 11:51:18,594 [trainer.py] => All params: 85898576
2025-02-06 11:51:18,595 [trainer.py] => Trainable params: 57650
2025-02-06 11:51:18,596 [lae.py] => Learning on 20-25

  0%|          | 0/5 [00:00<?, ?it/s]
Task 4, Epoch 1/5 => Loss 0.627, Train_accy 77.52:   0%|          | 0/5 [00:07<?, ?it/s]
Task 4, Epoch 1/5 => Loss 0.627, Train_accy 77.52:  20%|██        | 1/5 [00:07<00:29,  7.41s/it]
Task 4, Epoch 2/5 => Loss 0.201, Train_accy 93.28:  20%|██        | 1/5 [00:14<00:29,  7.41s/it]
Task 4, Epoch 2/5 => Loss 0.201, Train_accy 93.28:  40%|████      | 2/5 [00:14<00:21,  7.23s/it]
Task 4, Epoch 3/5 => Loss 0.169, Train_accy 94.20:  40%|████      | 2/5 [00:21<00:21,  7.23s/it]
Task 4, Epoch 3/5 => Loss 0.169, Train_accy 94.20:  60%|██████    | 3/5 [00:21<00:14,  7.23s/it]
Task 4, Epoch 4/5 => Loss 0.188, Train_accy 93.76:  60%|██████    | 3/5 [00:28<00:14,  7.23s/it]
Task 4, Epoch 4/5 => Loss 0.188, Train_accy 93.76:  80%|████████  | 4/5 [00:28<00:07,  7.23s/it]
Task 4, Epoch 5/5 => Loss 0.192, Train_accy 93.68, Test_accy 90.20:  80%|████████  | 4/5 [00:49<00:07,  7.23s/it]
Task 4, Epoch 5/5 => Loss 0.192, Train_accy 93.68, Test_accy 90.20: 100%|██████████| 5/5 [00:49<00:00, 12.02s/it]
Task 4, Epoch 5/5 => Loss 0.192, Train_accy 93.68, Test_accy 90.20: 100%|██████████| 5/5 [00:49<00:00,  9.90s/it]2025-02-06 11:52:08,115 [lae.py] => Task 4, Epoch 5/5 => Loss 0.192, Train_accy 93.68, Test_accy 90.20

2025-02-06 11:52:21,688 [trainer.py] => No NME accuracy.
2025-02-06 11:52:21,688 [trainer.py] => CNN: {'total': 90.2, '00-04': 96.6, '05-09': 87.6, '10-14': 90.6, '15-19': 83.0, '20-24': 93.2, 'old': 89.45, 'new': 93.2}
2025-02-06 11:52:21,688 [trainer.py] => CNN top1 curve: [99.0, 95.7, 93.07, 90.5, 90.2]
2025-02-06 11:52:21,688 [trainer.py] => CNN top5 curve: [100.0, 99.7, 99.2, 98.2, 97.76]

Average Accuracy (CNN): 93.69
2025-02-06 11:52:21,688 [trainer.py] => Average Accuracy (CNN): 93.69 

2025-02-06 11:52:21,690 [trainer.py] => All params: 85902421
2025-02-06 11:52:21,691 [trainer.py] => Trainable params: 61495
2025-02-06 11:52:21,693 [lae.py] => Learning on 25-30

  0%|          | 0/5 [00:00<?, ?it/s]
Task 5, Epoch 1/5 => Loss 0.546, Train_accy 82.28:   0%|          | 0/5 [00:07<?, ?it/s]
Task 5, Epoch 1/5 => Loss 0.546, Train_accy 82.28:  20%|██        | 1/5 [00:07<00:28,  7.03s/it]
Task 5, Epoch 2/5 => Loss 0.194, Train_accy 93.36:  20%|██        | 1/5 [00:14<00:28,  7.03s/it]
Task 5, Epoch 2/5 => Loss 0.194, Train_accy 93.36:  40%|████      | 2/5 [00:14<00:21,  7.08s/it]
Task 5, Epoch 3/5 => Loss 0.147, Train_accy 95.04:  40%|████      | 2/5 [00:21<00:21,  7.08s/it]
Task 5, Epoch 3/5 => Loss 0.147, Train_accy 95.04:  60%|██████    | 3/5 [00:21<00:14,  7.09s/it]
Task 5, Epoch 4/5 => Loss 0.158, Train_accy 94.60:  60%|██████    | 3/5 [00:28<00:14,  7.09s/it]
Task 5, Epoch 4/5 => Loss 0.158, Train_accy 94.60:  80%|████████  | 4/5 [00:28<00:07,  7.06s/it]
Task 5, Epoch 5/5 => Loss 0.152, Train_accy 94.68, Test_accy 87.43:  80%|████████  | 4/5 [00:51<00:07,  7.06s/it]
Task 5, Epoch 5/5 => Loss 0.152, Train_accy 94.68, Test_accy 87.43: 100%|██████████| 5/5 [00:51<00:00, 12.76s/it]
Task 5, Epoch 5/5 => Loss 0.152, Train_accy 94.68, Test_accy 87.43: 100%|██████████| 5/5 [00:51<00:00, 10.22s/it]2025-02-06 11:53:12,833 [lae.py] => Task 5, Epoch 5/5 => Loss 0.152, Train_accy 94.68, Test_accy 87.43

2025-02-06 11:53:28,659 [trainer.py] => No NME accuracy.
2025-02-06 11:53:28,660 [trainer.py] => CNN: {'total': 87.43, '00-04': 95.4, '05-09': 74.8, '10-14': 89.0, '15-19': 81.2, '20-24': 92.2, '25-29': 92.0, 'old': 86.52, 'new': 92.0}
2025-02-06 11:53:28,660 [trainer.py] => CNN top1 curve: [99.0, 95.7, 93.07, 90.5, 90.2, 87.43]
2025-02-06 11:53:28,660 [trainer.py] => CNN top5 curve: [100.0, 99.7, 99.2, 98.2, 97.76, 97.7]

Average Accuracy (CNN): 92.65
2025-02-06 11:53:28,660 [trainer.py] => Average Accuracy (CNN): 92.65 

2025-02-06 11:53:28,662 [trainer.py] => All params: 85906266
2025-02-06 11:53:28,663 [trainer.py] => Trainable params: 65340
2025-02-06 11:53:28,664 [lae.py] => Learning on 30-35

  0%|          | 0/5 [00:00<?, ?it/s]
Task 6, Epoch 1/5 => Loss 0.628, Train_accy 75.76:   0%|          | 0/5 [00:06<?, ?it/s]
Task 6, Epoch 1/5 => Loss 0.628, Train_accy 75.76:  20%|██        | 1/5 [00:06<00:27,  6.98s/it]
Task 6, Epoch 2/5 => Loss 0.334, Train_accy 87.40:  20%|██        | 1/5 [00:13<00:27,  6.98s/it]
Task 6, Epoch 2/5 => Loss 0.334, Train_accy 87.40:  40%|████      | 2/5 [00:13<00:20,  6.98s/it]
Task 6, Epoch 3/5 => Loss 0.321, Train_accy 88.52:  40%|████      | 2/5 [00:20<00:20,  6.98s/it]
Task 6, Epoch 3/5 => Loss 0.321, Train_accy 88.52:  60%|██████    | 3/5 [00:20<00:13,  6.95s/it]
Task 6, Epoch 4/5 => Loss 0.289, Train_accy 88.96:  60%|██████    | 3/5 [00:27<00:13,  6.95s/it]
Task 6, Epoch 4/5 => Loss 0.289, Train_accy 88.96:  80%|████████  | 4/5 [00:27<00:06,  6.96s/it]
Task 6, Epoch 5/5 => Loss 0.315, Train_accy 88.72, Test_accy 85.34:  80%|████████  | 4/5 [00:53<00:06,  6.96s/it]
Task 6, Epoch 5/5 => Loss 0.315, Train_accy 88.72, Test_accy 85.34: 100%|██████████| 5/5 [00:53<00:00, 13.59s/it]
Task 6, Epoch 5/5 => Loss 0.315, Train_accy 88.72, Test_accy 85.34: 100%|██████████| 5/5 [00:53<00:00, 10.64s/it]2025-02-06 11:54:21,901 [lae.py] => Task 6, Epoch 5/5 => Loss 0.315, Train_accy 88.72, Test_accy 85.34

2025-02-06 11:54:40,141 [trainer.py] => No NME accuracy.
2025-02-06 11:54:40,141 [trainer.py] => CNN: {'total': 85.34, '00-04': 95.2, '05-09': 74.2, '10-14': 88.8, '15-19': 79.8, '20-24': 89.0, '25-29': 91.2, '30-34': 79.2, 'old': 86.37, 'new': 79.2}
2025-02-06 11:54:40,141 [trainer.py] => CNN top1 curve: [99.0, 95.7, 93.07, 90.5, 90.2, 87.43, 85.34]
2025-02-06 11:54:40,141 [trainer.py] => CNN top5 curve: [100.0, 99.7, 99.2, 98.2, 97.76, 97.7, 97.26]

Average Accuracy (CNN): 91.61
2025-02-06 11:54:40,142 [trainer.py] => Average Accuracy (CNN): 91.61 

2025-02-06 11:54:40,144 [trainer.py] => All params: 85910111
2025-02-06 11:54:40,145 [trainer.py] => Trainable params: 69185
2025-02-06 11:54:40,147 [lae.py] => Learning on 35-40

  0%|          | 0/5 [00:00<?, ?it/s]
Task 7, Epoch 1/5 => Loss 0.628, Train_accy 79.44:   0%|          | 0/5 [00:07<?, ?it/s]
Task 7, Epoch 1/5 => Loss 0.628, Train_accy 79.44:  20%|██        | 1/5 [00:07<00:28,  7.02s/it]
Task 7, Epoch 2/5 => Loss 0.221, Train_accy 92.72:  20%|██        | 1/5 [00:14<00:28,  7.02s/it]
Task 7, Epoch 2/5 => Loss 0.221, Train_accy 92.72:  40%|████      | 2/5 [00:14<00:20,  7.00s/it]
Task 7, Epoch 3/5 => Loss 0.173, Train_accy 94.08:  40%|████      | 2/5 [00:20<00:20,  7.00s/it]
Task 7, Epoch 3/5 => Loss 0.173, Train_accy 94.08:  60%|██████    | 3/5 [00:20<00:13,  6.97s/it]
Task 7, Epoch 4/5 => Loss 0.179, Train_accy 94.24:  60%|██████    | 3/5 [00:28<00:13,  6.97s/it]
Task 7, Epoch 4/5 => Loss 0.179, Train_accy 94.24:  80%|████████  | 4/5 [00:28<00:07,  7.01s/it]
Task 7, Epoch 5/5 => Loss 0.178, Train_accy 94.12, Test_accy 84.28:  80%|████████  | 4/5 [00:55<00:07,  7.01s/it]
Task 7, Epoch 5/5 => Loss 0.178, Train_accy 94.12, Test_accy 84.28: 100%|██████████| 5/5 [00:55<00:00, 14.49s/it]
Task 7, Epoch 5/5 => Loss 0.178, Train_accy 94.12, Test_accy 84.28: 100%|██████████| 5/5 [00:55<00:00, 11.15s/it]2025-02-06 11:55:35,922 [lae.py] => Task 7, Epoch 5/5 => Loss 0.178, Train_accy 94.12, Test_accy 84.28

2025-02-06 11:55:56,799 [trainer.py] => No NME accuracy.
2025-02-06 11:55:56,800 [trainer.py] => CNN: {'total': 84.28, '00-04': 90.4, '05-09': 73.8, '10-14': 88.0, '15-19': 78.0, '20-24': 87.6, '25-29': 90.4, '30-34': 78.0, '35-39': 88.0, 'old': 83.74, 'new': 88.0}
2025-02-06 11:55:56,800 [trainer.py] => CNN top1 curve: [99.0, 95.7, 93.07, 90.5, 90.2, 87.43, 85.34, 84.28]
2025-02-06 11:55:56,800 [trainer.py] => CNN top5 curve: [100.0, 99.7, 99.2, 98.2, 97.76, 97.7, 97.26, 96.88]

Average Accuracy (CNN): 90.69
2025-02-06 11:55:56,800 [trainer.py] => Average Accuracy (CNN): 90.69 

2025-02-06 11:55:56,802 [trainer.py] => All params: 85913956
2025-02-06 11:55:56,803 [trainer.py] => Trainable params: 73030
2025-02-06 11:55:56,805 [lae.py] => Learning on 40-45

  0%|          | 0/5 [00:00<?, ?it/s]
Task 8, Epoch 1/5 => Loss 0.647, Train_accy 76.84:   0%|          | 0/5 [00:06<?, ?it/s]
Task 8, Epoch 1/5 => Loss 0.647, Train_accy 76.84:  20%|██        | 1/5 [00:06<00:27,  6.98s/it]
Task 8, Epoch 2/5 => Loss 0.221, Train_accy 92.52:  20%|██        | 1/5 [00:13<00:27,  6.98s/it]
Task 8, Epoch 2/5 => Loss 0.221, Train_accy 92.52:  40%|████      | 2/5 [00:13<00:20,  6.95s/it]
Task 8, Epoch 3/5 => Loss 0.227, Train_accy 92.28:  40%|████      | 2/5 [00:20<00:20,  6.95s/it]
Task 8, Epoch 3/5 => Loss 0.227, Train_accy 92.28:  60%|██████    | 3/5 [00:20<00:14,  7.00s/it]
Task 8, Epoch 4/5 => Loss 0.211, Train_accy 93.44:  60%|██████    | 3/5 [00:27<00:14,  7.00s/it]
Task 8, Epoch 4/5 => Loss 0.211, Train_accy 93.44:  80%|████████  | 4/5 [00:27<00:06,  6.97s/it]
Task 8, Epoch 5/5 => Loss 0.195, Train_accy 93.64, Test_accy 82.42:  80%|████████  | 4/5 [00:58<00:06,  6.97s/it]
Task 8, Epoch 5/5 => Loss 0.195, Train_accy 93.64, Test_accy 82.42: 100%|██████████| 5/5 [00:58<00:00, 15.38s/it]
Task 8, Epoch 5/5 => Loss 0.195, Train_accy 93.64, Test_accy 82.42: 100%|██████████| 5/5 [00:58<00:00, 11.63s/it]2025-02-06 11:56:55,008 [lae.py] => Task 8, Epoch 5/5 => Loss 0.195, Train_accy 93.64, Test_accy 82.42

2025-02-06 11:57:18,564 [trainer.py] => No NME accuracy.
2025-02-06 11:57:18,564 [trainer.py] => CNN: {'total': 82.42, '00-04': 80.8, '05-09': 72.8, '10-14': 81.2, '15-19': 77.6, '20-24': 86.2, '25-29': 90.4, '30-34': 77.4, '35-39': 87.2, '40-44': 88.2, 'old': 81.7, 'new': 88.2}
2025-02-06 11:57:18,564 [trainer.py] => CNN top1 curve: [99.0, 95.7, 93.07, 90.5, 90.2, 87.43, 85.34, 84.28, 82.42]
2025-02-06 11:57:18,564 [trainer.py] => CNN top5 curve: [100.0, 99.7, 99.2, 98.2, 97.76, 97.7, 97.26, 96.88, 96.58]

Average Accuracy (CNN): 89.77
2025-02-06 11:57:18,565 [trainer.py] => Average Accuracy (CNN): 89.77 

2025-02-06 11:57:18,566 [trainer.py] => All params: 85917801
2025-02-06 11:57:18,568 [trainer.py] => Trainable params: 76875
2025-02-06 11:57:18,569 [lae.py] => Learning on 45-50

  0%|          | 0/5 [00:00<?, ?it/s]
Task 9, Epoch 1/5 => Loss 0.434, Train_accy 85.52:   0%|          | 0/5 [00:07<?, ?it/s]
Task 9, Epoch 1/5 => Loss 0.434, Train_accy 85.52:  20%|██        | 1/5 [00:07<00:28,  7.01s/it]
Task 9, Epoch 2/5 => Loss 0.123, Train_accy 95.88:  20%|██        | 1/5 [00:14<00:28,  7.01s/it]
Task 9, Epoch 2/5 => Loss 0.123, Train_accy 95.88:  40%|████      | 2/5 [00:14<00:21,  7.03s/it]
Task 9, Epoch 3/5 => Loss 0.119, Train_accy 96.52:  40%|████      | 2/5 [00:21<00:21,  7.03s/it]
Task 9, Epoch 3/5 => Loss 0.119, Train_accy 96.52:  60%|██████    | 3/5 [00:21<00:14,  7.02s/it]
Task 9, Epoch 4/5 => Loss 0.141, Train_accy 95.76:  60%|██████    | 3/5 [00:27<00:14,  7.02s/it]
Task 9, Epoch 4/5 => Loss 0.141, Train_accy 95.76:  80%|████████  | 4/5 [00:27<00:06,  6.99s/it]
Task 9, Epoch 5/5 => Loss 0.133, Train_accy 95.84, Test_accy 81.34:  80%|████████  | 4/5 [01:01<00:06,  6.99s/it]
Task 9, Epoch 5/5 => Loss 0.133, Train_accy 95.84, Test_accy 81.34: 100%|██████████| 5/5 [01:01<00:00, 16.57s/it]
Task 9, Epoch 5/5 => Loss 0.133, Train_accy 95.84, Test_accy 81.34: 100%|██████████| 5/5 [01:01<00:00, 12.31s/it]2025-02-06 11:58:20,164 [lae.py] => Task 9, Epoch 5/5 => Loss 0.133, Train_accy 95.84, Test_accy 81.34

2025-02-06 11:58:46,139 [trainer.py] => No NME accuracy.
2025-02-06 11:58:46,140 [trainer.py] => CNN: {'total': 81.34, '00-04': 80.2, '05-09': 72.4, '10-14': 80.0, '15-19': 77.2, '20-24': 86.2, '25-29': 84.2, '30-34': 77.0, '35-39': 83.0, '40-44': 87.8, '45-49': 85.4, 'old': 80.89, 'new': 85.4}
2025-02-06 11:58:46,140 [trainer.py] => CNN top1 curve: [99.0, 95.7, 93.07, 90.5, 90.2, 87.43, 85.34, 84.28, 82.42, 81.34]
2025-02-06 11:58:46,140 [trainer.py] => CNN top5 curve: [100.0, 99.7, 99.2, 98.2, 97.76, 97.7, 97.26, 96.88, 96.58, 96.46]

Average Accuracy (CNN): 88.93
2025-02-06 11:58:46,141 [trainer.py] => Average Accuracy (CNN): 88.93 

2025-02-06 11:58:46,143 [trainer.py] => All params: 85921646
2025-02-06 11:58:46,144 [trainer.py] => Trainable params: 80720
2025-02-06 11:58:46,146 [lae.py] => Learning on 50-55

  0%|          | 0/5 [00:00<?, ?it/s]
Task 10, Epoch 1/5 => Loss 0.678, Train_accy 77.24:   0%|          | 0/5 [00:07<?, ?it/s]
Task 10, Epoch 1/5 => Loss 0.678, Train_accy 77.24:  20%|██        | 1/5 [00:07<00:28,  7.08s/it]
Task 10, Epoch 2/5 => Loss 0.239, Train_accy 92.52:  20%|██        | 1/5 [00:13<00:28,  7.08s/it]
Task 10, Epoch 2/5 => Loss 0.239, Train_accy 92.52:  40%|████      | 2/5 [00:13<00:20,  6.97s/it]
Task 10, Epoch 3/5 => Loss 0.195, Train_accy 93.64:  40%|████      | 2/5 [00:20<00:20,  6.97s/it]
Task 10, Epoch 3/5 => Loss 0.195, Train_accy 93.64:  60%|██████    | 3/5 [00:20<00:13,  6.98s/it]
Task 10, Epoch 4/5 => Loss 0.177, Train_accy 93.88:  60%|██████    | 3/5 [00:28<00:13,  6.98s/it]
Task 10, Epoch 4/5 => Loss 0.177, Train_accy 93.88:  80%|████████  | 4/5 [00:28<00:07,  7.06s/it]
Task 10, Epoch 5/5 => Loss 0.174, Train_accy 94.12, Test_accy 80.16:  80%|████████  | 4/5 [01:03<00:07,  7.06s/it]
Task 10, Epoch 5/5 => Loss 0.174, Train_accy 94.12, Test_accy 80.16: 100%|██████████| 5/5 [01:03<00:00, 17.33s/it]
Task 10, Epoch 5/5 => Loss 0.174, Train_accy 94.12, Test_accy 80.16: 100%|██████████| 5/5 [01:03<00:00, 12.74s/it]2025-02-06 11:59:49,860 [lae.py] => Task 10, Epoch 5/5 => Loss 0.174, Train_accy 94.12, Test_accy 80.16

2025-02-06 12:00:18,338 [trainer.py] => No NME accuracy.
2025-02-06 12:00:18,338 [trainer.py] => CNN: {'total': 80.16, '00-04': 78.2, '05-09': 72.2, '10-14': 80.0, '15-19': 77.2, '20-24': 85.6, '25-29': 83.2, '30-34': 74.0, '35-39': 83.0, '40-44': 86.8, '45-49': 83.8, '50-54': 77.8, 'old': 80.4, 'new': 77.8}
2025-02-06 12:00:18,338 [trainer.py] => CNN top1 curve: [99.0, 95.7, 93.07, 90.5, 90.2, 87.43, 85.34, 84.28, 82.42, 81.34, 80.16]
2025-02-06 12:00:18,338 [trainer.py] => CNN top5 curve: [100.0, 99.7, 99.2, 98.2, 97.76, 97.7, 97.26, 96.88, 96.58, 96.46, 96.05]

Average Accuracy (CNN): 88.13
2025-02-06 12:00:18,338 [trainer.py] => Average Accuracy (CNN): 88.13 

2025-02-06 12:00:18,339 [trainer.py] => All params: 85925491
2025-02-06 12:00:18,340 [trainer.py] => Trainable params: 84565
2025-02-06 12:00:18,341 [lae.py] => Learning on 55-60

  0%|          | 0/5 [00:00<?, ?it/s]
Task 11, Epoch 1/5 => Loss 0.858, Train_accy 69.44:   0%|          | 0/5 [00:06<?, ?it/s]
Task 11, Epoch 1/5 => Loss 0.858, Train_accy 69.44:  20%|██        | 1/5 [00:06<00:27,  6.94s/it]
Task 11, Epoch 2/5 => Loss 0.439, Train_accy 83.40:  20%|██        | 1/5 [00:13<00:27,  6.94s/it]
Task 11, Epoch 2/5 => Loss 0.439, Train_accy 83.40:  40%|████      | 2/5 [00:13<00:21,  7.01s/it]
Task 11, Epoch 3/5 => Loss 0.389, Train_accy 85.20:  40%|████      | 2/5 [00:21<00:21,  7.01s/it]
Task 11, Epoch 3/5 => Loss 0.389, Train_accy 85.20:  60%|██████    | 3/5 [00:21<00:14,  7.08s/it]
Task 11, Epoch 4/5 => Loss 0.361, Train_accy 86.20:  60%|██████    | 3/5 [00:28<00:14,  7.08s/it]
Task 11, Epoch 4/5 => Loss 0.361, Train_accy 86.20:  80%|████████  | 4/5 [00:28<00:07,  7.02s/it]
Task 11, Epoch 5/5 => Loss 0.336, Train_accy 87.08, Test_accy 79.93:  80%|████████  | 4/5 [01:06<00:07,  7.02s/it]
Task 11, Epoch 5/5 => Loss 0.336, Train_accy 87.08, Test_accy 79.93: 100%|██████████| 5/5 [01:06<00:00, 18.34s/it]
Task 11, Epoch 5/5 => Loss 0.336, Train_accy 87.08, Test_accy 79.93: 100%|██████████| 5/5 [01:06<00:00, 13.30s/it]2025-02-06 12:01:24,858 [lae.py] => Task 11, Epoch 5/5 => Loss 0.336, Train_accy 87.08, Test_accy 79.93

2025-02-06 12:01:56,328 [trainer.py] => No NME accuracy.
2025-02-06 12:01:56,328 [trainer.py] => CNN: {'total': 79.93, '00-04': 78.2, '05-09': 72.0, '10-14': 79.8, '15-19': 77.0, '20-24': 85.6, '25-29': 83.2, '30-34': 74.0, '35-39': 83.0, '40-44': 86.8, '45-49': 83.8, '50-54': 77.8, '55-59': 78.0, 'old': 80.11, 'new': 78.0}
2025-02-06 12:01:56,328 [trainer.py] => CNN top1 curve: [99.0, 95.7, 93.07, 90.5, 90.2, 87.43, 85.34, 84.28, 82.42, 81.34, 80.16, 79.93]
2025-02-06 12:01:56,328 [trainer.py] => CNN top5 curve: [100.0, 99.7, 99.2, 98.2, 97.76, 97.7, 97.26, 96.88, 96.58, 96.46, 96.05, 95.53]

Average Accuracy (CNN): 87.45
2025-02-06 12:01:56,328 [trainer.py] => Average Accuracy (CNN): 87.45 

2025-02-06 12:01:56,330 [trainer.py] => All params: 85929336
2025-02-06 12:01:56,331 [trainer.py] => Trainable params: 88410
2025-02-06 12:01:56,333 [lae.py] => Learning on 60-65

  0%|          | 0/5 [00:00<?, ?it/s]
Task 12, Epoch 1/5 => Loss 0.489, Train_accy 83.28:   0%|          | 0/5 [00:07<?, ?it/s]
Task 12, Epoch 1/5 => Loss 0.489, Train_accy 83.28:  20%|██        | 1/5 [00:07<00:28,  7.12s/it]
Task 12, Epoch 2/5 => Loss 0.201, Train_accy 93.52:  20%|██        | 1/5 [00:14<00:28,  7.12s/it]
Task 12, Epoch 2/5 => Loss 0.201, Train_accy 93.52:  40%|████      | 2/5 [00:14<00:21,  7.03s/it]
Task 12, Epoch 3/5 => Loss 0.170, Train_accy 94.28:  40%|████      | 2/5 [00:21<00:21,  7.03s/it]
Task 12, Epoch 3/5 => Loss 0.170, Train_accy 94.28:  60%|██████    | 3/5 [00:21<00:14,  7.02s/it]
Task 12, Epoch 4/5 => Loss 0.143, Train_accy 95.36:  60%|██████    | 3/5 [00:28<00:14,  7.02s/it]
Task 12, Epoch 4/5 => Loss 0.143, Train_accy 95.36:  80%|████████  | 4/5 [00:28<00:07,  7.06s/it]
Task 12, Epoch 5/5 => Loss 0.147, Train_accy 95.44, Test_accy 79.49:  80%|████████  | 4/5 [01:09<00:07,  7.06s/it]
Task 12, Epoch 5/5 => Loss 0.147, Train_accy 95.44, Test_accy 79.49: 100%|██████████| 5/5 [01:09<00:00, 19.46s/it]
Task 12, Epoch 5/5 => Loss 0.147, Train_accy 95.44, Test_accy 79.49: 100%|██████████| 5/5 [01:09<00:00, 13.93s/it]2025-02-06 12:03:06,017 [lae.py] => Task 12, Epoch 5/5 => Loss 0.147, Train_accy 95.44, Test_accy 79.49

2025-02-06 12:03:40,458 [trainer.py] => No NME accuracy.
2025-02-06 12:03:40,458 [trainer.py] => CNN: {'total': 79.49, '00-04': 77.8, '05-09': 72.0, '10-14': 79.4, '15-19': 74.8, '20-24': 85.6, '25-29': 83.0, '30-34': 73.6, '35-39': 82.2, '40-44': 86.6, '45-49': 83.8, '50-54': 77.4, '55-59': 68.8, '60-64': 88.4, 'old': 78.75, 'new': 88.4}
2025-02-06 12:03:40,458 [trainer.py] => CNN top1 curve: [99.0, 95.7, 93.07, 90.5, 90.2, 87.43, 85.34, 84.28, 82.42, 81.34, 80.16, 79.93, 79.49]
2025-02-06 12:03:40,458 [trainer.py] => CNN top5 curve: [100.0, 99.7, 99.2, 98.2, 97.76, 97.7, 97.26, 96.88, 96.58, 96.46, 96.05, 95.53, 95.37]

Average Accuracy (CNN): 86.84
2025-02-06 12:03:40,458 [trainer.py] => Average Accuracy (CNN): 86.84 

2025-02-06 12:03:40,459 [trainer.py] => All params: 85933181
2025-02-06 12:03:40,459 [trainer.py] => Trainable params: 92255
2025-02-06 12:03:40,461 [lae.py] => Learning on 65-70

  0%|          | 0/5 [00:00<?, ?it/s]
Task 13, Epoch 1/5 => Loss 0.477, Train_accy 84.40:   0%|          | 0/5 [00:07<?, ?it/s]
Task 13, Epoch 1/5 => Loss 0.477, Train_accy 84.40:  20%|██        | 1/5 [00:07<00:28,  7.08s/it]
Task 13, Epoch 2/5 => Loss 0.155, Train_accy 95.24:  20%|██        | 1/5 [00:14<00:28,  7.08s/it]
Task 13, Epoch 2/5 => Loss 0.155, Train_accy 95.24:  40%|████      | 2/5 [00:14<00:21,  7.09s/it]
Task 13, Epoch 3/5 => Loss 0.121, Train_accy 96.04:  40%|████      | 2/5 [00:21<00:21,  7.09s/it]
Task 13, Epoch 3/5 => Loss 0.121, Train_accy 96.04:  60%|██████    | 3/5 [00:21<00:14,  7.08s/it]
Task 13, Epoch 4/5 => Loss 0.129, Train_accy 95.44:  60%|██████    | 3/5 [00:28<00:14,  7.08s/it]
Task 13, Epoch 4/5 => Loss 0.129, Train_accy 95.44:  80%|████████  | 4/5 [00:28<00:07,  7.07s/it]
Task 13, Epoch 5/5 => Loss 0.130, Train_accy 96.08, Test_accy 79.93:  80%|████████  | 4/5 [01:12<00:07,  7.07s/it]
Task 13, Epoch 5/5 => Loss 0.130, Train_accy 96.08, Test_accy 79.93: 100%|██████████| 5/5 [01:12<00:00, 20.46s/it]
Task 13, Epoch 5/5 => Loss 0.130, Train_accy 96.08, Test_accy 79.93: 100%|██████████| 5/5 [01:12<00:00, 14.50s/it]2025-02-06 12:04:53,051 [lae.py] => Task 13, Epoch 5/5 => Loss 0.130, Train_accy 96.08, Test_accy 79.93

2025-02-06 12:05:30,177 [trainer.py] => No NME accuracy.
2025-02-06 12:05:30,177 [trainer.py] => CNN: {'total': 79.93, '00-04': 76.6, '05-09': 72.0, '10-14': 78.8, '15-19': 74.4, '20-24': 85.2, '25-29': 83.0, '30-34': 73.6, '35-39': 82.2, '40-44': 86.6, '45-49': 83.6, '50-54': 77.4, '55-59': 68.4, '60-64': 88.4, '65-69': 88.8, 'old': 79.25, 'new': 88.8}
2025-02-06 12:05:30,177 [trainer.py] => CNN top1 curve: [99.0, 95.7, 93.07, 90.5, 90.2, 87.43, 85.34, 84.28, 82.42, 81.34, 80.16, 79.93, 79.49, 79.93]
2025-02-06 12:05:30,177 [trainer.py] => CNN top5 curve: [100.0, 99.7, 99.2, 98.2, 97.76, 97.7, 97.26, 96.88, 96.58, 96.46, 96.05, 95.53, 95.37, 95.29]

Average Accuracy (CNN): 86.34
2025-02-06 12:05:30,177 [trainer.py] => Average Accuracy (CNN): 86.34 

2025-02-06 12:05:30,178 [trainer.py] => All params: 85937026
2025-02-06 12:05:30,179 [trainer.py] => Trainable params: 96100
2025-02-06 12:05:30,181 [lae.py] => Learning on 70-75

  0%|          | 0/5 [00:00<?, ?it/s]
Task 14, Epoch 1/5 => Loss 0.676, Train_accy 76.68:   0%|          | 0/5 [00:07<?, ?it/s]
Task 14, Epoch 1/5 => Loss 0.676, Train_accy 76.68:  20%|██        | 1/5 [00:07<00:29,  7.25s/it]
Task 14, Epoch 2/5 => Loss 0.186, Train_accy 93.44:  20%|██        | 1/5 [00:14<00:29,  7.25s/it]
Task 14, Epoch 2/5 => Loss 0.186, Train_accy 93.44:  40%|████      | 2/5 [00:14<00:21,  7.18s/it]
Task 14, Epoch 3/5 => Loss 0.193, Train_accy 93.52:  40%|████      | 2/5 [00:21<00:21,  7.18s/it]
Task 14, Epoch 3/5 => Loss 0.193, Train_accy 93.52:  60%|██████    | 3/5 [00:21<00:14,  7.17s/it]
Task 14, Epoch 4/5 => Loss 0.181, Train_accy 94.12:  60%|██████    | 3/5 [00:28<00:14,  7.17s/it]
Task 14, Epoch 4/5 => Loss 0.181, Train_accy 94.12:  80%|████████  | 4/5 [00:28<00:07,  7.14s/it]
Task 14, Epoch 5/5 => Loss 0.163, Train_accy 94.72, Test_accy 78.00:  80%|████████  | 4/5 [01:15<00:07,  7.14s/it]
Task 14, Epoch 5/5 => Loss 0.163, Train_accy 94.72, Test_accy 78.00: 100%|██████████| 5/5 [01:15<00:00, 21.54s/it]
Task 14, Epoch 5/5 => Loss 0.163, Train_accy 94.72, Test_accy 78.00: 100%|██████████| 5/5 [01:15<00:00, 15.14s/it]2025-02-06 12:06:45,909 [lae.py] => Task 14, Epoch 5/5 => Loss 0.163, Train_accy 94.72, Test_accy 78.00

2025-02-06 12:07:25,666 [trainer.py] => No NME accuracy.
2025-02-06 12:07:25,666 [trainer.py] => CNN: {'total': 78.0, '00-04': 76.2, '05-09': 71.2, '10-14': 77.6, '15-19': 73.8, '20-24': 85.0, '25-29': 83.0, '30-34': 72.6, '35-39': 80.6, '40-44': 85.4, '45-49': 83.4, '50-54': 77.4, '55-59': 62.0, '60-64': 74.8, '65-69': 87.2, '70-74': 79.8, 'old': 77.87, 'new': 79.8}
2025-02-06 12:07:25,666 [trainer.py] => CNN top1 curve: [99.0, 95.7, 93.07, 90.5, 90.2, 87.43, 85.34, 84.28, 82.42, 81.34, 80.16, 79.93, 79.49, 79.93, 78.0]
2025-02-06 12:07:25,667 [trainer.py] => CNN top5 curve: [100.0, 99.7, 99.2, 98.2, 97.76, 97.7, 97.26, 96.88, 96.58, 96.46, 96.05, 95.53, 95.37, 95.29, 95.07]

Average Accuracy (CNN): 85.79
2025-02-06 12:07:25,667 [trainer.py] => Average Accuracy (CNN): 85.79 

2025-02-06 12:07:25,668 [trainer.py] => All params: 85940871
2025-02-06 12:07:25,669 [trainer.py] => Trainable params: 99945
2025-02-06 12:07:25,671 [lae.py] => Learning on 75-80

  0%|          | 0/5 [00:00<?, ?it/s]
Task 15, Epoch 1/5 => Loss 0.704, Train_accy 77.28:   0%|          | 0/5 [00:07<?, ?it/s]
Task 15, Epoch 1/5 => Loss 0.704, Train_accy 77.28:  20%|██        | 1/5 [00:07<00:28,  7.16s/it]
Task 15, Epoch 2/5 => Loss 0.233, Train_accy 92.12:  20%|██        | 1/5 [00:14<00:28,  7.16s/it]
Task 15, Epoch 2/5 => Loss 0.233, Train_accy 92.12:  40%|████      | 2/5 [00:14<00:21,  7.28s/it]
Task 15, Epoch 3/5 => Loss 0.209, Train_accy 92.32:  40%|████      | 2/5 [00:21<00:21,  7.28s/it]
Task 15, Epoch 3/5 => Loss 0.209, Train_accy 92.32:  60%|██████    | 3/5 [00:21<00:14,  7.23s/it]
Task 15, Epoch 4/5 => Loss 0.192, Train_accy 93.84:  60%|██████    | 3/5 [00:28<00:14,  7.23s/it]
Task 15, Epoch 4/5 => Loss 0.192, Train_accy 93.84:  80%|████████  | 4/5 [00:28<00:07,  7.17s/it]
Task 15, Epoch 5/5 => Loss 0.172, Train_accy 94.00, Test_accy 76.65:  80%|████████  | 4/5 [01:17<00:07,  7.17s/it]
Task 15, Epoch 5/5 => Loss 0.172, Train_accy 94.00, Test_accy 76.65: 100%|██████████| 5/5 [01:17<00:00, 22.28s/it]
Task 15, Epoch 5/5 => Loss 0.172, Train_accy 94.00, Test_accy 76.65: 100%|██████████| 5/5 [01:17<00:00, 15.57s/it]2025-02-06 12:08:43,554 [lae.py] => Task 15, Epoch 5/5 => Loss 0.172, Train_accy 94.00, Test_accy 76.65

2025-02-06 12:09:25,271 [trainer.py] => No NME accuracy.
2025-02-06 12:09:25,271 [trainer.py] => CNN: {'total': 76.65, '00-04': 76.2, '05-09': 70.0, '10-14': 77.4, '15-19': 73.4, '20-24': 85.0, '25-29': 82.6, '30-34': 72.6, '35-39': 80.6, '40-44': 84.2, '45-49': 81.6, '50-54': 72.8, '55-59': 60.4, '60-64': 73.8, '65-69': 86.4, '70-74': 77.0, '75-79': 72.4, 'old': 76.93, 'new': 72.4}
2025-02-06 12:09:25,271 [trainer.py] => CNN top1 curve: [99.0, 95.7, 93.07, 90.5, 90.2, 87.43, 85.34, 84.28, 82.42, 81.34, 80.16, 79.93, 79.49, 79.93, 78.0, 76.65]
2025-02-06 12:09:25,271 [trainer.py] => CNN top5 curve: [100.0, 99.7, 99.2, 98.2, 97.76, 97.7, 97.26, 96.88, 96.58, 96.46, 96.05, 95.53, 95.37, 95.29, 95.07, 94.78]

Average Accuracy (CNN): 85.22
2025-02-06 12:09:25,272 [trainer.py] => Average Accuracy (CNN): 85.22 

2025-02-06 12:09:25,273 [trainer.py] => All params: 85944716
2025-02-06 12:09:25,274 [trainer.py] => Trainable params: 103790
2025-02-06 12:09:25,276 [lae.py] => Learning on 80-85

  0%|          | 0/5 [00:00<?, ?it/s]
Task 16, Epoch 1/5 => Loss 0.398, Train_accy 86.96:   0%|          | 0/5 [00:07<?, ?it/s]
Task 16, Epoch 1/5 => Loss 0.398, Train_accy 86.96:  20%|██        | 1/5 [00:07<00:28,  7.16s/it]
Task 16, Epoch 2/5 => Loss 0.156, Train_accy 95.08:  20%|██        | 1/5 [00:14<00:28,  7.16s/it]
Task 16, Epoch 2/5 => Loss 0.156, Train_accy 95.08:  40%|████      | 2/5 [00:14<00:21,  7.05s/it]
Task 16, Epoch 3/5 => Loss 0.144, Train_accy 95.00:  40%|████      | 2/5 [00:21<00:21,  7.05s/it]
Task 16, Epoch 3/5 => Loss 0.144, Train_accy 95.00:  60%|██████    | 3/5 [00:21<00:14,  7.03s/it]
Task 16, Epoch 4/5 => Loss 0.112, Train_accy 96.24:  60%|██████    | 3/5 [00:28<00:14,  7.03s/it]
Task 16, Epoch 4/5 => Loss 0.112, Train_accy 96.24:  80%|████████  | 4/5 [00:28<00:07,  7.09s/it]
Task 16, Epoch 5/5 => Loss 0.147, Train_accy 95.16, Test_accy 75.51:  80%|████████  | 4/5 [01:19<00:07,  7.09s/it]
Task 16, Epoch 5/5 => Loss 0.147, Train_accy 95.16, Test_accy 75.51: 100%|██████████| 5/5 [01:19<00:00, 23.02s/it]
Task 16, Epoch 5/5 => Loss 0.147, Train_accy 95.16, Test_accy 75.51: 100%|██████████| 5/5 [01:19<00:00, 15.92s/it]2025-02-06 12:10:44,883 [lae.py] => Task 16, Epoch 5/5 => Loss 0.147, Train_accy 95.16, Test_accy 75.51

2025-02-06 12:11:28,917 [trainer.py] => No NME accuracy.
2025-02-06 12:11:28,917 [trainer.py] => CNN: {'total': 75.51, '00-04': 74.6, '05-09': 66.8, '10-14': 76.0, '15-19': 72.6, '20-24': 83.8, '25-29': 75.4, '30-34': 70.6, '35-39': 79.8, '40-44': 82.8, '45-49': 79.4, '50-54': 68.8, '55-59': 58.6, '60-64': 71.8, '65-69': 85.4, '70-74': 76.4, '75-79': 70.8, '80-84': 90.0, 'old': 74.6, 'new': 90.0}
2025-02-06 12:11:28,917 [trainer.py] => CNN top1 curve: [99.0, 95.7, 93.07, 90.5, 90.2, 87.43, 85.34, 84.28, 82.42, 81.34, 80.16, 79.93, 79.49, 79.93, 78.0, 76.65, 75.51]
2025-02-06 12:11:28,918 [trainer.py] => CNN top5 curve: [100.0, 99.7, 99.2, 98.2, 97.76, 97.7, 97.26, 96.88, 96.58, 96.46, 96.05, 95.53, 95.37, 95.29, 95.07, 94.78, 94.46]

Average Accuracy (CNN): 84.64
2025-02-06 12:11:28,918 [trainer.py] => Average Accuracy (CNN): 84.64 

2025-02-06 12:11:28,919 [trainer.py] => All params: 85948561
2025-02-06 12:11:28,921 [trainer.py] => Trainable params: 107635
2025-02-06 12:11:28,923 [lae.py] => Learning on 85-90

  0%|          | 0/5 [00:00<?, ?it/s]
Task 17, Epoch 1/5 => Loss 0.875, Train_accy 69.20:   0%|          | 0/5 [00:07<?, ?it/s]
Task 17, Epoch 1/5 => Loss 0.875, Train_accy 69.20:  20%|██        | 1/5 [00:07<00:28,  7.08s/it]
Task 17, Epoch 2/5 => Loss 0.414, Train_accy 85.04:  20%|██        | 1/5 [00:14<00:28,  7.08s/it]
Task 17, Epoch 2/5 => Loss 0.414, Train_accy 85.04:  40%|████      | 2/5 [00:14<00:21,  7.04s/it]
Task 17, Epoch 3/5 => Loss 0.392, Train_accy 86.84:  40%|████      | 2/5 [00:21<00:21,  7.04s/it]
Task 17, Epoch 3/5 => Loss 0.392, Train_accy 86.84:  60%|██████    | 3/5 [00:21<00:14,  7.04s/it]
Task 17, Epoch 4/5 => Loss 0.355, Train_accy 86.44:  60%|██████    | 3/5 [00:28<00:14,  7.04s/it]
Task 17, Epoch 4/5 => Loss 0.355, Train_accy 86.44:  80%|████████  | 4/5 [00:28<00:07,  7.01s/it]
Task 17, Epoch 5/5 => Loss 0.350, Train_accy 87.32, Test_accy 75.01:  80%|████████  | 4/5 [01:21<00:07,  7.01s/it]
Task 17, Epoch 5/5 => Loss 0.350, Train_accy 87.32, Test_accy 75.01: 100%|██████████| 5/5 [01:21<00:00, 23.84s/it]
Task 17, Epoch 5/5 => Loss 0.350, Train_accy 87.32, Test_accy 75.01: 100%|██████████| 5/5 [01:21<00:00, 16.36s/it]2025-02-06 12:12:50,741 [lae.py] => Task 17, Epoch 5/5 => Loss 0.350, Train_accy 87.32, Test_accy 75.01

2025-02-06 12:13:37,194 [trainer.py] => No NME accuracy.
2025-02-06 12:13:37,194 [trainer.py] => CNN: {'total': 75.01, '00-04': 74.6, '05-09': 66.6, '10-14': 74.8, '15-19': 72.6, '20-24': 83.8, '25-29': 75.4, '30-34': 70.4, '35-39': 79.8, '40-44': 82.8, '45-49': 79.4, '50-54': 68.6, '55-59': 58.6, '60-64': 71.8, '65-69': 85.4, '70-74': 75.8, '75-79': 69.8, '80-84': 90.0, '85-89': 70.0, 'old': 75.31, 'new': 70.0}
2025-02-06 12:13:37,194 [trainer.py] => CNN top1 curve: [99.0, 95.7, 93.07, 90.5, 90.2, 87.43, 85.34, 84.28, 82.42, 81.34, 80.16, 79.93, 79.49, 79.93, 78.0, 76.65, 75.51, 75.01]
2025-02-06 12:13:37,195 [trainer.py] => CNN top5 curve: [100.0, 99.7, 99.2, 98.2, 97.76, 97.7, 97.26, 96.88, 96.58, 96.46, 96.05, 95.53, 95.37, 95.29, 95.07, 94.78, 94.46, 94.04]

Average Accuracy (CNN): 84.11
2025-02-06 12:13:37,195 [trainer.py] => Average Accuracy (CNN): 84.11 

2025-02-06 12:13:37,196 [trainer.py] => All params: 85952406
2025-02-06 12:13:37,198 [trainer.py] => Trainable params: 111480
2025-02-06 12:13:37,200 [lae.py] => Learning on 90-95

  0%|          | 0/5 [00:00<?, ?it/s]
Task 18, Epoch 1/5 => Loss 0.597, Train_accy 80.12:   0%|          | 0/5 [00:07<?, ?it/s]
Task 18, Epoch 1/5 => Loss 0.597, Train_accy 80.12:  20%|██        | 1/5 [00:07<00:28,  7.10s/it]
Task 18, Epoch 2/5 => Loss 0.220, Train_accy 92.48:  20%|██        | 1/5 [00:14<00:28,  7.10s/it]
Task 18, Epoch 2/5 => Loss 0.220, Train_accy 92.48:  40%|████      | 2/5 [00:14<00:21,  7.04s/it]
Task 18, Epoch 3/5 => Loss 0.189, Train_accy 93.32:  40%|████      | 2/5 [00:21<00:21,  7.04s/it]
Task 18, Epoch 3/5 => Loss 0.189, Train_accy 93.32:  60%|██████    | 3/5 [00:21<00:13,  6.99s/it]
Task 18, Epoch 4/5 => Loss 0.193, Train_accy 94.08:  60%|██████    | 3/5 [00:28<00:13,  6.99s/it]
Task 18, Epoch 4/5 => Loss 0.193, Train_accy 94.08:  80%|████████  | 4/5 [00:28<00:07,  7.05s/it]
Task 18, Epoch 5/5 => Loss 0.188, Train_accy 93.40, Test_accy 75.38:  80%|████████  | 4/5 [01:24<00:07,  7.05s/it]
Task 18, Epoch 5/5 => Loss 0.188, Train_accy 93.40, Test_accy 75.38: 100%|██████████| 5/5 [01:24<00:00, 24.74s/it]
Task 18, Epoch 5/5 => Loss 0.188, Train_accy 93.40, Test_accy 75.38: 100%|██████████| 5/5 [01:24<00:00, 16.86s/it]2025-02-06 12:15:01,517 [lae.py] => Task 18, Epoch 5/5 => Loss 0.188, Train_accy 93.40, Test_accy 75.38

2025-02-06 12:15:50,798 [trainer.py] => No NME accuracy.
2025-02-06 12:15:50,798 [trainer.py] => CNN: {'total': 75.38, '00-04': 74.4, '05-09': 65.4, '10-14': 74.6, '15-19': 72.4, '20-24': 83.6, '25-29': 75.4, '30-34': 70.4, '35-39': 79.8, '40-44': 82.2, '45-49': 79.4, '50-54': 67.6, '55-59': 58.6, '60-64': 70.8, '65-69': 85.4, '70-74': 75.8, '75-79': 69.0, '80-84': 89.8, '85-89': 69.8, '90-94': 87.8, 'old': 74.69, 'new': 87.8}
2025-02-06 12:15:50,799 [trainer.py] => CNN top1 curve: [99.0, 95.7, 93.07, 90.5, 90.2, 87.43, 85.34, 84.28, 82.42, 81.34, 80.16, 79.93, 79.49, 79.93, 78.0, 76.65, 75.51, 75.01, 75.38]
2025-02-06 12:15:50,799 [trainer.py] => CNN top5 curve: [100.0, 99.7, 99.2, 98.2, 97.76, 97.7, 97.26, 96.88, 96.58, 96.46, 96.05, 95.53, 95.37, 95.29, 95.07, 94.78, 94.46, 94.04, 93.97]

Average Accuracy (CNN): 83.65
2025-02-06 12:15:50,799 [trainer.py] => Average Accuracy (CNN): 83.65 

2025-02-06 12:15:50,801 [trainer.py] => All params: 85956251
2025-02-06 12:15:50,802 [trainer.py] => Trainable params: 115325
2025-02-06 12:15:50,805 [lae.py] => Learning on 95-100

  0%|          | 0/5 [00:00<?, ?it/s]
Task 19, Epoch 1/5 => Loss 0.627, Train_accy 78.36:   0%|          | 0/5 [00:07<?, ?it/s]
Task 19, Epoch 1/5 => Loss 0.627, Train_accy 78.36:  20%|██        | 1/5 [00:07<00:28,  7.18s/it]
Task 19, Epoch 2/5 => Loss 0.343, Train_accy 89.64:  20%|██        | 1/5 [00:14<00:28,  7.18s/it]
Task 19, Epoch 2/5 => Loss 0.343, Train_accy 89.64:  40%|████      | 2/5 [00:14<00:21,  7.05s/it]
Task 19, Epoch 3/5 => Loss 0.256, Train_accy 91.64:  40%|████      | 2/5 [00:21<00:21,  7.05s/it]
Task 19, Epoch 3/5 => Loss 0.256, Train_accy 91.64:  60%|██████    | 3/5 [00:21<00:14,  7.08s/it]
Task 19, Epoch 4/5 => Loss 0.261, Train_accy 91.76:  60%|██████    | 3/5 [00:28<00:14,  7.08s/it]
Task 19, Epoch 4/5 => Loss 0.261, Train_accy 91.76:  80%|████████  | 4/5 [00:28<00:07,  7.06s/it]
Task 19, Epoch 5/5 => Loss 0.244, Train_accy 91.60, Test_accy 74.75:  80%|████████  | 4/5 [01:26<00:07,  7.06s/it]
Task 19, Epoch 5/5 => Loss 0.244, Train_accy 91.60, Test_accy 74.75: 100%|██████████| 5/5 [01:26<00:00, 25.55s/it]
Task 19, Epoch 5/5 => Loss 0.244, Train_accy 91.60, Test_accy 74.75: 100%|██████████| 5/5 [01:26<00:00, 17.32s/it]2025-02-06 12:17:17,463 [lae.py] => Task 19, Epoch 5/5 => Loss 0.244, Train_accy 91.60, Test_accy 74.75

2025-02-06 12:18:08,834 [trainer.py] => No NME accuracy.
2025-02-06 12:18:08,835 [trainer.py] => CNN: {'total': 74.75, '00-04': 74.2, '05-09': 65.2, '10-14': 74.6, '15-19': 72.4, '20-24': 83.6, '25-29': 75.2, '30-34': 69.6, '35-39': 79.8, '40-44': 82.0, '45-49': 79.4, '50-54': 67.6, '55-59': 58.6, '60-64': 70.8, '65-69': 84.8, '70-74': 75.6, '75-79': 69.0, '80-84': 89.8, '85-89': 69.4, '90-94': 87.8, '95-99': 65.6, 'old': 75.23, 'new': 65.6}
2025-02-06 12:18:08,835 [trainer.py] => CNN top1 curve: [99.0, 95.7, 93.07, 90.5, 90.2, 87.43, 85.34, 84.28, 82.42, 81.34, 80.16, 79.93, 79.49, 79.93, 78.0, 76.65, 75.51, 75.01, 75.38, 74.75]
2025-02-06 12:18:08,835 [trainer.py] => CNN top5 curve: [100.0, 99.7, 99.2, 98.2, 97.76, 97.7, 97.26, 96.88, 96.58, 96.46, 96.05, 95.53, 95.37, 95.29, 95.07, 94.78, 94.46, 94.04, 93.97, 93.5]

Average Accuracy (CNN): 83.2
2025-02-06 12:18:08,835 [trainer.py] => Average Accuracy (CNN): 83.2 

Accuracy Matrix (CNN):
[[99.  98.  97.4 97.4 96.6 95.4 95.2 90.4 80.8 80.2 78.2 78.2 77.8 76.6
  76.2 76.2 74.6 74.6 74.4 74.2]
 [ 0.  93.4 89.2 88.2 87.6 74.8 74.2 73.8 72.8 72.4 72.2 72.  72.  72.
  71.2 70.  66.8 66.6 65.4 65.2]
 [ 0.   0.  92.6 92.2 90.6 89.  88.8 88.  81.2 80.  80.  79.8 79.4 78.8
  77.6 77.4 76.  74.8 74.6 74.6]
 [ 0.   0.   0.  84.2 83.  81.2 79.8 78.  77.6 77.2 77.2 77.  74.8 74.4
  73.8 73.4 72.6 72.6 72.4 72.4]
 [ 0.   0.   0.   0.  93.2 92.2 89.  87.6 86.2 86.2 85.6 85.6 85.6 85.2
  85.  85.  83.8 83.8 83.6 83.6]
 [ 0.   0.   0.   0.   0.  92.  91.2 90.4 90.4 84.2 83.2 83.2 83.  83.
  83.  82.6 75.4 75.4 75.4 75.2]
 [ 0.   0.   0.   0.   0.   0.  79.2 78.  77.4 77.  74.  74.  73.6 73.6
  72.6 72.6 70.6 70.4 70.4 69.6]
 [ 0.   0.   0.   0.   0.   0.   0.  88.  87.2 83.  83.  83.  82.2 82.2
  80.6 80.6 79.8 79.8 79.8 79.8]
 [ 0.   0.   0.   0.   0.   0.   0.   0.  88.2 87.8 86.8 86.8 86.6 86.6
  85.4 84.2 82.8 82.8 82.2 82. ]
 [ 0.   0.   0.   0.   0.   0.   0.   0.   0.  85.4 83.8 83.8 83.8 83.6
  83.4 81.6 79.4 79.4 79.4 79.4]
 [ 0.   0.   0.   0.   0.   0.   0.   0.   0.   0.  77.8 77.8 77.4 77.4
  77.4 72.8 68.8 68.6 67.6 67.6]
 [ 0.   0.   0.   0.   0.   0.   0.   0.   0.   0.   0.  78.  68.8 68.4
  62.  60.4 58.6 58.6 58.6 58.6]
 [ 0.   0.   0.   0.   0.   0.   0.   0.   0.   0.   0.   0.  88.4 88.4
  74.8 73.8 71.8 71.8 70.8 70.8]
 [ 0.   0.   0.   0.   0.   0.   0.   0.   0.   0.   0.   0.   0.  88.8
  87.2 86.4 85.4 85.4 85.4 84.8]
 [ 0.   0.   0.   0.   0.   0.   0.   0.   0.   0.   0.   0.   0.   0.
  79.8 77.  76.4 75.8 75.8 75.6]
 [ 0.   0.   0.   0.   0.   0.   0.   0.   0.   0.   0.   0.   0.   0.
   0.  72.4 70.8 69.8 69.  69. ]
 [ 0.   0.   0.   0.   0.   0.   0.   0.   0.   0.   0.   0.   0.   0.
   0.   0.  90.  90.  89.8 89.8]
 [ 0.   0.   0.   0.   0.   0.   0.   0.   0.   0.   0.   0.   0.   0.
   0.   0.   0.  70.  69.8 69.4]
 [ 0.   0.   0.   0.   0.   0.   0.   0.   0.   0.   0.   0.   0.   0.
   0.   0.   0.   0.  87.8 87.8]
 [ 0.   0.   0.   0.   0.   0.   0.   0.   0.   0.   0.   0.   0.   0.
   0.   0.   0.   0.   0.  65.6]]
2025-02-06 12:18:08,841 [trainer.py] => Forgetting (CNN): 10.463157894736844
2025-02-06 12:18:10,844 [trainer.py] => config: ./scripts/lae/lae_cifar_B50_Inc5.json
2025-02-06 12:18:10,845 [trainer.py] => prefix:  
2025-02-06 12:18:10,845 [trainer.py] => dataset: cifar224
2025-02-06 12:18:10,845 [trainer.py] => memory_size: 0
2025-02-06 12:18:10,845 [trainer.py] => memory_per_class: 0
2025-02-06 12:18:10,845 [trainer.py] => fixed_memory: False
2025-02-06 12:18:10,845 [trainer.py] => shuffle: True
2025-02-06 12:18:10,845 [trainer.py] => init_cls: 50
2025-02-06 12:18:10,845 [trainer.py] => increment: 10
2025-02-06 12:18:10,845 [trainer.py] => model_name: lae
2025-02-06 12:18:10,845 [trainer.py] => backbone_type: vit_base_patch16_224_in21k_lae
2025-02-06 12:18:10,845 [trainer.py] => device: [device(type='cuda', index=4)]
2025-02-06 12:18:10,845 [trainer.py] => seed: 1993
2025-02-06 12:18:10,845 [trainer.py] => tuned_epoch: 5
2025-02-06 12:18:10,845 [trainer.py] => init_lr: 0.0028125
2025-02-06 12:18:10,845 [trainer.py] => batch_size: 128
2025-02-06 12:18:10,845 [trainer.py] => weight_decay: 0
2025-02-06 12:18:10,845 [trainer.py] => min_lr: 1e-05
2025-02-06 12:18:10,845 [trainer.py] => optimizer: adam
2025-02-06 12:18:10,845 [trainer.py] => scheduler: constant
2025-02-06 12:18:10,845 [trainer.py] => reinit_optimizer: True
2025-02-06 12:18:10,845 [trainer.py] => pretrained: True
2025-02-06 12:18:10,845 [trainer.py] => drop: 0.0
2025-02-06 12:18:10,845 [trainer.py] => drop_path: 0.0
2025-02-06 12:18:10,845 [trainer.py] => ema_decay: 0.9999
2025-02-06 12:18:10,845 [trainer.py] => num_freeze_epochs: 3
2025-02-06 12:18:10,845 [trainer.py] => pet_cls: Adapter
2025-02-06 12:18:10,845 [trainer.py] => pet_length: 10
2025-02-06 12:18:10,845 [trainer.py] => down_sample_dim: 5
2025-02-06 12:18:11,953 [data_manager.py] => [68, 56, 78, 8, 23, 84, 90, 65, 74, 76, 40, 89, 3, 92, 55, 9, 26, 80, 43, 38, 58, 70, 77, 1, 85, 19, 17, 50, 28, 53, 13, 81, 45, 82, 6, 59, 83, 16, 15, 44, 91, 41, 72, 60, 79, 52, 20, 10, 31, 54, 37, 95, 14, 71, 96, 98, 97, 2, 64, 66, 42, 22, 35, 86, 24, 34, 87, 21, 99, 0, 88, 27, 18, 94, 11, 12, 47, 25, 30, 46, 62, 69, 36, 61, 7, 63, 75, 5, 32, 4, 51, 48, 73, 93, 39, 67, 29, 49, 57, 33]
2025-02-06 12:18:14,162 [lae.py] => 85,840,926 model total parameters.
2025-02-06 12:18:14,163 [lae.py] => 0 model training parameters.
2025-02-06 12:18:14,164 [trainer.py] => All params: 85883196
2025-02-06 12:18:14,165 [trainer.py] => Trainable params: 0
2025-02-06 12:18:14,165 [lae.py] => Learning on 0-50

  0%|          | 0/5 [00:00<?, ?it/s]
Task 0, Epoch 1/5 => Loss 1.279, Train_accy 68.39:   0%|          | 0/5 [01:06<?, ?it/s]
Task 0, Epoch 1/5 => Loss 1.279, Train_accy 68.39:  20%|██        | 1/5 [01:06<04:24, 66.12s/it]
Task 0, Epoch 2/5 => Loss 1.035, Train_accy 74.24:  20%|██        | 1/5 [02:13<04:24, 66.12s/it]
Task 0, Epoch 2/5 => Loss 1.035, Train_accy 74.24:  40%|████      | 2/5 [02:13<03:19, 66.62s/it]
Task 0, Epoch 3/5 => Loss 1.005, Train_accy 75.48:  40%|████      | 2/5 [03:20<03:19, 66.62s/it]
Task 0, Epoch 3/5 => Loss 1.005, Train_accy 75.48:  60%|██████    | 3/5 [03:20<02:14, 67.07s/it]
Task 0, Epoch 4/5 => Loss 0.969, Train_accy 76.37:  60%|██████    | 3/5 [04:28<02:14, 67.07s/it]
Task 0, Epoch 4/5 => Loss 0.969, Train_accy 76.37:  80%|████████  | 4/5 [04:28<01:07, 67.39s/it]
Task 0, Epoch 5/5 => Loss 0.983, Train_accy 76.66, Test_accy 89.52:  80%|████████  | 4/5 [06:03<01:07, 67.39s/it]
Task 0, Epoch 5/5 => Loss 0.983, Train_accy 76.66, Test_accy 89.52: 100%|██████████| 5/5 [06:03<00:00, 77.26s/it]
Task 0, Epoch 5/5 => Loss 0.983, Train_accy 76.66, Test_accy 89.52: 100%|██████████| 5/5 [06:03<00:00, 72.67s/it]2025-02-06 12:24:17,986 [lae.py] => Task 0, Epoch 5/5 => Loss 0.983, Train_accy 76.66, Test_accy 89.52

2025-02-06 12:24:44,360 [trainer.py] => No NME accuracy.
2025-02-06 12:24:44,360 [trainer.py] => CNN: {'total': 89.52, '00-49': 89.52, 'old': 0, 'new': 89.52}
2025-02-06 12:24:44,361 [trainer.py] => CNN top1 curve: [89.52]
2025-02-06 12:24:44,361 [trainer.py] => CNN top5 curve: [98.2]

Average Accuracy (CNN): 89.52
2025-02-06 12:24:44,361 [trainer.py] => Average Accuracy (CNN): 89.52 

2025-02-06 12:24:44,363 [trainer.py] => All params: 85921646
2025-02-06 12:24:44,365 [trainer.py] => Trainable params: 80720
2025-02-06 12:24:44,368 [lae.py] => Learning on 50-60

  0%|          | 0/5 [00:00<?, ?it/s]
Task 1, Epoch 1/5 => Loss 0.774, Train_accy 76.10:   0%|          | 0/5 [00:13<?, ?it/s]
Task 1, Epoch 1/5 => Loss 0.774, Train_accy 76.10:  20%|██        | 1/5 [00:13<00:55, 13.86s/it]
Task 1, Epoch 2/5 => Loss 0.410, Train_accy 87.02:  20%|██        | 1/5 [00:27<00:55, 13.86s/it]
Task 1, Epoch 2/5 => Loss 0.410, Train_accy 87.02:  40%|████      | 2/5 [00:27<00:41, 13.89s/it]
Task 1, Epoch 3/5 => Loss 0.419, Train_accy 87.00:  40%|████      | 2/5 [00:41<00:41, 13.89s/it]
Task 1, Epoch 3/5 => Loss 0.419, Train_accy 87.00:  60%|██████    | 3/5 [00:41<00:27, 13.82s/it]
Task 1, Epoch 4/5 => Loss 0.379, Train_accy 88.16:  60%|██████    | 3/5 [00:55<00:27, 13.82s/it]
Task 1, Epoch 4/5 => Loss 0.379, Train_accy 88.16:  80%|████████  | 4/5 [00:55<00:13, 13.85s/it]
Task 1, Epoch 5/5 => Loss 0.362, Train_accy 88.78, Test_accy 86.45:  80%|████████  | 4/5 [01:40<00:13, 13.85s/it]
Task 1, Epoch 5/5 => Loss 0.362, Train_accy 88.78, Test_accy 86.45: 100%|██████████| 5/5 [01:40<00:00, 25.12s/it]
Task 1, Epoch 5/5 => Loss 0.362, Train_accy 88.78, Test_accy 86.45: 100%|██████████| 5/5 [01:40<00:00, 20.10s/it]2025-02-06 12:26:24,955 [lae.py] => Task 1, Epoch 5/5 => Loss 0.362, Train_accy 88.78, Test_accy 86.45

2025-02-06 12:26:56,331 [trainer.py] => No NME accuracy.
2025-02-06 12:26:56,331 [trainer.py] => CNN: {'total': 86.45, '00-49': 89.08, '50-59': 73.3, 'old': 89.08, 'new': 73.3}
2025-02-06 12:26:56,331 [trainer.py] => CNN top1 curve: [89.52, 86.45]
2025-02-06 12:26:56,331 [trainer.py] => CNN top5 curve: [98.2, 97.45]

Average Accuracy (CNN): 87.98
2025-02-06 12:26:56,332 [trainer.py] => Average Accuracy (CNN): 87.98 

2025-02-06 12:26:56,333 [trainer.py] => All params: 85929336
2025-02-06 12:26:56,334 [trainer.py] => Trainable params: 88410
2025-02-06 12:26:56,335 [lae.py] => Learning on 60-70

  0%|          | 0/5 [00:00<?, ?it/s]
Task 2, Epoch 1/5 => Loss 0.605, Train_accy 80.82:   0%|          | 0/5 [00:13<?, ?it/s]
Task 2, Epoch 1/5 => Loss 0.605, Train_accy 80.82:  20%|██        | 1/5 [00:13<00:55, 13.83s/it]
Task 2, Epoch 2/5 => Loss 0.293, Train_accy 91.02:  20%|██        | 1/5 [00:27<00:55, 13.83s/it]
Task 2, Epoch 2/5 => Loss 0.293, Train_accy 91.02:  40%|████      | 2/5 [00:27<00:41, 13.71s/it]
Task 2, Epoch 3/5 => Loss 0.316, Train_accy 90.70:  40%|████      | 2/5 [00:41<00:41, 13.71s/it]
Task 2, Epoch 3/5 => Loss 0.316, Train_accy 90.70:  60%|██████    | 3/5 [00:41<00:27, 13.71s/it]
Task 2, Epoch 4/5 => Loss 0.280, Train_accy 91.82:  60%|██████    | 3/5 [00:54<00:27, 13.71s/it]
Task 2, Epoch 4/5 => Loss 0.280, Train_accy 91.82:  80%|████████  | 4/5 [00:54<00:13, 13.74s/it]
Task 2, Epoch 5/5 => Loss 0.296, Train_accy 91.42, Test_accy 85.54:  80%|████████  | 4/5 [01:44<00:13, 13.74s/it]
Task 2, Epoch 5/5 => Loss 0.296, Train_accy 91.42, Test_accy 85.54: 100%|██████████| 5/5 [01:44<00:00, 26.76s/it]
Task 2, Epoch 5/5 => Loss 0.296, Train_accy 91.42, Test_accy 85.54: 100%|██████████| 5/5 [01:44<00:00, 20.96s/it]2025-02-06 12:28:41,168 [lae.py] => Task 2, Epoch 5/5 => Loss 0.296, Train_accy 91.42, Test_accy 85.54

2025-02-06 12:29:17,538 [trainer.py] => No NME accuracy.
2025-02-06 12:29:17,538 [trainer.py] => CNN: {'total': 85.54, '00-49': 88.68, '50-59': 70.1, '60-69': 85.3, 'old': 85.58, 'new': 85.3}
2025-02-06 12:29:17,538 [trainer.py] => CNN top1 curve: [89.52, 86.45, 85.54]
2025-02-06 12:29:17,538 [trainer.py] => CNN top5 curve: [98.2, 97.45, 97.16]

Average Accuracy (CNN): 87.17
2025-02-06 12:29:17,538 [trainer.py] => Average Accuracy (CNN): 87.17 

2025-02-06 12:29:17,540 [trainer.py] => All params: 85937026
2025-02-06 12:29:17,541 [trainer.py] => Trainable params: 96100
2025-02-06 12:29:17,542 [lae.py] => Learning on 70-80

  0%|          | 0/5 [00:00<?, ?it/s]
Task 3, Epoch 1/5 => Loss 0.788, Train_accy 75.28:   0%|          | 0/5 [00:13<?, ?it/s]
Task 3, Epoch 1/5 => Loss 0.788, Train_accy 75.28:  20%|██        | 1/5 [00:13<00:54, 13.59s/it]
Task 3, Epoch 2/5 => Loss 0.382, Train_accy 87.50:  20%|██        | 1/5 [00:27<00:54, 13.59s/it]
Task 3, Epoch 2/5 => Loss 0.382, Train_accy 87.50:  40%|████      | 2/5 [00:27<00:41, 13.74s/it]
Task 3, Epoch 3/5 => Loss 0.392, Train_accy 88.24:  40%|████      | 2/5 [00:41<00:41, 13.74s/it]
Task 3, Epoch 3/5 => Loss 0.392, Train_accy 88.24:  60%|██████    | 3/5 [00:41<00:27, 13.68s/it]
Task 3, Epoch 4/5 => Loss 0.383, Train_accy 87.74:  60%|██████    | 3/5 [00:54<00:27, 13.68s/it]
Task 3, Epoch 4/5 => Loss 0.383, Train_accy 87.74:  80%|████████  | 4/5 [00:54<00:13, 13.67s/it]
Task 3, Epoch 5/5 => Loss 0.370, Train_accy 88.70, Test_accy 82.12:  80%|████████  | 4/5 [01:50<00:13, 13.67s/it]
Task 3, Epoch 5/5 => Loss 0.370, Train_accy 88.70, Test_accy 82.12: 100%|██████████| 5/5 [01:50<00:00, 28.80s/it]
Task 3, Epoch 5/5 => Loss 0.370, Train_accy 88.70, Test_accy 82.12: 100%|██████████| 5/5 [01:50<00:00, 22.07s/it]2025-02-06 12:31:07,927 [lae.py] => Task 3, Epoch 5/5 => Loss 0.370, Train_accy 88.70, Test_accy 82.12

2025-02-06 12:31:50,156 [trainer.py] => No NME accuracy.
2025-02-06 12:31:50,157 [trainer.py] => CNN: {'total': 82.12, '00-49': 88.3, '50-59': 66.7, '60-69': 81.9, '70-79': 66.9, 'old': 84.3, 'new': 66.9}
2025-02-06 12:31:50,157 [trainer.py] => CNN top1 curve: [89.52, 86.45, 85.54, 82.12]
2025-02-06 12:31:50,157 [trainer.py] => CNN top5 curve: [98.2, 97.45, 97.16, 96.51]

Average Accuracy (CNN): 85.91
2025-02-06 12:31:50,157 [trainer.py] => Average Accuracy (CNN): 85.91 

2025-02-06 12:31:50,159 [trainer.py] => All params: 85944716
2025-02-06 12:31:50,160 [trainer.py] => Trainable params: 103790
2025-02-06 12:31:50,161 [lae.py] => Learning on 80-90

  0%|          | 0/5 [00:00<?, ?it/s]
Task 4, Epoch 1/5 => Loss 0.769, Train_accy 76.38:   0%|          | 0/5 [00:13<?, ?it/s]
Task 4, Epoch 1/5 => Loss 0.769, Train_accy 76.38:  20%|██        | 1/5 [00:13<00:55, 13.92s/it]
Task 4, Epoch 2/5 => Loss 0.412, Train_accy 86.98:  20%|██        | 1/5 [00:27<00:55, 13.92s/it]
Task 4, Epoch 2/5 => Loss 0.412, Train_accy 86.98:  40%|████      | 2/5 [00:27<00:41, 13.96s/it]
Task 4, Epoch 3/5 => Loss 0.386, Train_accy 87.92:  40%|████      | 2/5 [00:41<00:41, 13.96s/it]
Task 4, Epoch 3/5 => Loss 0.386, Train_accy 87.92:  60%|██████    | 3/5 [00:41<00:27, 13.97s/it]
Task 4, Epoch 4/5 => Loss 0.354, Train_accy 89.08:  60%|██████    | 3/5 [00:55<00:27, 13.97s/it]
Task 4, Epoch 4/5 => Loss 0.354, Train_accy 89.08:  80%|████████  | 4/5 [00:55<00:13, 13.95s/it]
Task 4, Epoch 5/5 => Loss 0.368, Train_accy 88.62, Test_accy 80.04:  80%|████████  | 4/5 [01:57<00:13, 13.95s/it]
Task 4, Epoch 5/5 => Loss 0.368, Train_accy 88.62, Test_accy 80.04: 100%|██████████| 5/5 [01:57<00:00, 31.26s/it]
Task 4, Epoch 5/5 => Loss 0.368, Train_accy 88.62, Test_accy 80.04: 100%|██████████| 5/5 [01:57<00:00, 23.55s/it]2025-02-06 12:33:47,957 [lae.py] => Task 4, Epoch 5/5 => Loss 0.368, Train_accy 88.62, Test_accy 80.04

2025-02-06 12:34:35,125 [trainer.py] => No NME accuracy.
2025-02-06 12:34:35,126 [trainer.py] => CNN: {'total': 80.04, '00-49': 88.04, '50-59': 66.7, '60-69': 81.6, '70-79': 66.1, '80-89': 65.8, 'old': 81.82, 'new': 65.8}
2025-02-06 12:34:35,126 [trainer.py] => CNN top1 curve: [89.52, 86.45, 85.54, 82.12, 80.04]
2025-02-06 12:34:35,126 [trainer.py] => CNN top5 curve: [98.2, 97.45, 97.16, 96.51, 95.89]

Average Accuracy (CNN): 84.73
2025-02-06 12:34:35,126 [trainer.py] => Average Accuracy (CNN): 84.73 

2025-02-06 12:34:35,128 [trainer.py] => All params: 85952406
2025-02-06 12:34:35,130 [trainer.py] => Trainable params: 111480
2025-02-06 12:34:35,132 [lae.py] => Learning on 90-100

  0%|          | 0/5 [00:00<?, ?it/s]
Task 5, Epoch 1/5 => Loss 0.870, Train_accy 75.06:   0%|          | 0/5 [00:13<?, ?it/s]
Task 5, Epoch 1/5 => Loss 0.870, Train_accy 75.06:  20%|██        | 1/5 [00:13<00:55, 13.86s/it]
Task 5, Epoch 2/5 => Loss 0.420, Train_accy 86.28:  20%|██        | 1/5 [00:27<00:55, 13.86s/it]
Task 5, Epoch 2/5 => Loss 0.420, Train_accy 86.28:  40%|████      | 2/5 [00:27<00:41, 13.79s/it]
Task 5, Epoch 3/5 => Loss 0.431, Train_accy 87.18:  40%|████      | 2/5 [00:41<00:41, 13.79s/it]
Task 5, Epoch 3/5 => Loss 0.431, Train_accy 87.18:  60%|██████    | 3/5 [00:41<00:27, 13.73s/it]
Task 5, Epoch 4/5 => Loss 0.397, Train_accy 87.72:  60%|██████    | 3/5 [00:54<00:27, 13.73s/it]
Task 5, Epoch 4/5 => Loss 0.397, Train_accy 87.72:  80%|████████  | 4/5 [00:54<00:13, 13.71s/it]
Task 5, Epoch 5/5 => Loss 0.361, Train_accy 88.40, Test_accy 79.41:  80%|████████  | 4/5 [02:00<00:13, 13.71s/it]
Task 5, Epoch 5/5 => Loss 0.361, Train_accy 88.40, Test_accy 79.41: 100%|██████████| 5/5 [02:00<00:00, 32.32s/it]
Task 5, Epoch 5/5 => Loss 0.361, Train_accy 88.40, Test_accy 79.41: 100%|██████████| 5/5 [02:00<00:00, 24.05s/it]2025-02-06 12:36:35,434 [lae.py] => Task 5, Epoch 5/5 => Loss 0.361, Train_accy 88.40, Test_accy 79.41

2025-02-06 12:37:27,213 [trainer.py] => No NME accuracy.
2025-02-06 12:37:27,213 [trainer.py] => CNN: {'total': 79.41, '00-49': 87.96, '50-59': 66.5, '60-69': 81.2, '70-79': 65.0, '80-89': 65.6, '90-99': 76.0, 'old': 79.79, 'new': 76.0}
2025-02-06 12:37:27,213 [trainer.py] => CNN top1 curve: [89.52, 86.45, 85.54, 82.12, 80.04, 79.41]
2025-02-06 12:37:27,214 [trainer.py] => CNN top5 curve: [98.2, 97.45, 97.16, 96.51, 95.89, 95.5]

Average Accuracy (CNN): 83.85
2025-02-06 12:37:27,214 [trainer.py] => Average Accuracy (CNN): 83.85 

Accuracy Matrix (CNN):
[[89.52 89.08 88.68 88.3  88.04 87.96]
 [ 0.   73.3  70.1  66.7  66.7  66.5 ]
 [ 0.    0.   85.3  81.9  81.6  81.2 ]
 [ 0.    0.    0.   66.9  66.1  65.  ]
 [ 0.    0.    0.    0.   65.8  65.6 ]
 [ 0.    0.    0.    0.    0.   76.  ]]
2025-02-06 12:37:27,215 [trainer.py] => Forgetting (CNN): 2.9120000000000004
2025-02-06 12:37:29,152 [trainer.py] => config: ./scripts/lae/lae_cifar_B50_Inc10.json
2025-02-06 12:37:29,152 [trainer.py] => prefix:  
2025-02-06 12:37:29,152 [trainer.py] => dataset: cifar224
2025-02-06 12:37:29,152 [trainer.py] => memory_size: 0
2025-02-06 12:37:29,152 [trainer.py] => memory_per_class: 0
2025-02-06 12:37:29,152 [trainer.py] => fixed_memory: False
2025-02-06 12:37:29,152 [trainer.py] => shuffle: True
2025-02-06 12:37:29,152 [trainer.py] => init_cls: 50
2025-02-06 12:37:29,152 [trainer.py] => increment: 5
2025-02-06 12:37:29,152 [trainer.py] => model_name: lae
2025-02-06 12:37:29,152 [trainer.py] => backbone_type: vit_base_patch16_224_in21k_lae
2025-02-06 12:37:29,152 [trainer.py] => device: [device(type='cuda', index=4)]
2025-02-06 12:37:29,152 [trainer.py] => seed: 1993
2025-02-06 12:37:29,152 [trainer.py] => tuned_epoch: 5
2025-02-06 12:37:29,152 [trainer.py] => init_lr: 0.0028125
2025-02-06 12:37:29,152 [trainer.py] => batch_size: 128
2025-02-06 12:37:29,152 [trainer.py] => weight_decay: 0
2025-02-06 12:37:29,152 [trainer.py] => min_lr: 1e-05
2025-02-06 12:37:29,152 [trainer.py] => optimizer: adam
2025-02-06 12:37:29,152 [trainer.py] => scheduler: constant
2025-02-06 12:37:29,152 [trainer.py] => reinit_optimizer: True
2025-02-06 12:37:29,152 [trainer.py] => pretrained: True
2025-02-06 12:37:29,152 [trainer.py] => drop: 0.0
2025-02-06 12:37:29,152 [trainer.py] => drop_path: 0.0
2025-02-06 12:37:29,153 [trainer.py] => ema_decay: 0.9999
2025-02-06 12:37:29,153 [trainer.py] => num_freeze_epochs: 3
2025-02-06 12:37:29,153 [trainer.py] => pet_cls: Adapter
2025-02-06 12:37:29,153 [trainer.py] => pet_length: 10
2025-02-06 12:37:29,153 [trainer.py] => down_sample_dim: 5
2025-02-06 12:37:30,252 [data_manager.py] => [68, 56, 78, 8, 23, 84, 90, 65, 74, 76, 40, 89, 3, 92, 55, 9, 26, 80, 43, 38, 58, 70, 77, 1, 85, 19, 17, 50, 28, 53, 13, 81, 45, 82, 6, 59, 83, 16, 15, 44, 91, 41, 72, 60, 79, 52, 20, 10, 31, 54, 37, 95, 14, 71, 96, 98, 97, 2, 64, 66, 42, 22, 35, 86, 24, 34, 87, 21, 99, 0, 88, 27, 18, 94, 11, 12, 47, 25, 30, 46, 62, 69, 36, 61, 7, 63, 75, 5, 32, 4, 51, 48, 73, 93, 39, 67, 29, 49, 57, 33]
2025-02-06 12:37:32,589 [lae.py] => 85,840,926 model total parameters.
2025-02-06 12:37:32,589 [lae.py] => 0 model training parameters.
2025-02-06 12:37:32,590 [trainer.py] => All params: 85883196
2025-02-06 12:37:32,591 [trainer.py] => Trainable params: 0
2025-02-06 12:37:32,591 [lae.py] => Learning on 0-50

  0%|          | 0/5 [00:00<?, ?it/s]
Task 0, Epoch 1/5 => Loss 1.279, Train_accy 68.39:   0%|          | 0/5 [01:05<?, ?it/s]
Task 0, Epoch 1/5 => Loss 1.279, Train_accy 68.39:  20%|██        | 1/5 [01:05<04:22, 65.68s/it]
Task 0, Epoch 2/5 => Loss 1.035, Train_accy 74.24:  20%|██        | 1/5 [02:11<04:22, 65.68s/it]
Task 0, Epoch 2/5 => Loss 1.035, Train_accy 74.24:  40%|████      | 2/5 [02:11<03:17, 65.84s/it]
Task 0, Epoch 3/5 => Loss 1.005, Train_accy 75.48:  40%|████      | 2/5 [03:18<03:17, 65.84s/it]
Task 0, Epoch 3/5 => Loss 1.005, Train_accy 75.48:  60%|██████    | 3/5 [03:18<02:12, 66.23s/it]
Task 0, Epoch 4/5 => Loss 0.969, Train_accy 76.37:  60%|██████    | 3/5 [04:25<02:12, 66.23s/it]
Task 0, Epoch 4/5 => Loss 0.969, Train_accy 76.37:  80%|████████  | 4/5 [04:25<01:06, 66.65s/it]
Task 0, Epoch 5/5 => Loss 0.983, Train_accy 76.66, Test_accy 89.52:  80%|████████  | 4/5 [05:59<01:06, 66.65s/it]
Task 0, Epoch 5/5 => Loss 0.983, Train_accy 76.66, Test_accy 89.52: 100%|██████████| 5/5 [05:59<00:00, 76.31s/it]
Task 0, Epoch 5/5 => Loss 0.983, Train_accy 76.66, Test_accy 89.52: 100%|██████████| 5/5 [05:59<00:00, 71.81s/it]2025-02-06 12:43:32,181 [lae.py] => Task 0, Epoch 5/5 => Loss 0.983, Train_accy 76.66, Test_accy 89.52

2025-02-06 12:43:58,346 [trainer.py] => No NME accuracy.
2025-02-06 12:43:58,346 [trainer.py] => CNN: {'total': 89.52, '00-49': 89.52, 'old': 0, 'new': 89.52}
2025-02-06 12:43:58,347 [trainer.py] => CNN top1 curve: [89.52]
2025-02-06 12:43:58,347 [trainer.py] => CNN top5 curve: [98.2]

Average Accuracy (CNN): 89.52
2025-02-06 12:43:58,347 [trainer.py] => Average Accuracy (CNN): 89.52 

2025-02-06 12:43:58,349 [trainer.py] => All params: 85921646
2025-02-06 12:43:58,351 [trainer.py] => Trainable params: 80720
2025-02-06 12:43:58,354 [lae.py] => Learning on 50-55

  0%|          | 0/5 [00:00<?, ?it/s]
Task 1, Epoch 1/5 => Loss 0.632, Train_accy 78.04:   0%|          | 0/5 [00:06<?, ?it/s]
Task 1, Epoch 1/5 => Loss 0.632, Train_accy 78.04:  20%|██        | 1/5 [00:06<00:27,  6.99s/it]
Task 1, Epoch 2/5 => Loss 0.227, Train_accy 92.48:  20%|██        | 1/5 [00:13<00:27,  6.99s/it]
Task 1, Epoch 2/5 => Loss 0.227, Train_accy 92.48:  40%|████      | 2/5 [00:13<00:20,  6.99s/it]
Task 1, Epoch 3/5 => Loss 0.217, Train_accy 92.64:  40%|████      | 2/5 [00:21<00:20,  6.99s/it]
Task 1, Epoch 3/5 => Loss 0.217, Train_accy 92.64:  60%|██████    | 3/5 [00:21<00:14,  7.01s/it]
Task 1, Epoch 4/5 => Loss 0.193, Train_accy 93.48:  60%|██████    | 3/5 [00:28<00:14,  7.01s/it]
Task 1, Epoch 4/5 => Loss 0.193, Train_accy 93.48:  80%|████████  | 4/5 [00:28<00:07,  7.02s/it]
Task 1, Epoch 5/5 => Loss 0.191, Train_accy 94.32, Test_accy 86.02:  80%|████████  | 4/5 [01:03<00:07,  7.02s/it]
Task 1, Epoch 5/5 => Loss 0.191, Train_accy 94.32, Test_accy 86.02: 100%|██████████| 5/5 [01:03<00:00, 17.30s/it]
Task 1, Epoch 5/5 => Loss 0.191, Train_accy 94.32, Test_accy 86.02: 100%|██████████| 5/5 [01:03<00:00, 12.71s/it]2025-02-06 12:45:01,956 [lae.py] => Task 1, Epoch 5/5 => Loss 0.191, Train_accy 94.32, Test_accy 86.02

2025-02-06 12:45:30,491 [trainer.py] => No NME accuracy.
2025-02-06 12:45:30,492 [trainer.py] => CNN: {'total': 86.02, '00-49': 89.36, '50-54': 52.6, 'old': 89.36, 'new': 52.6}
2025-02-06 12:45:30,492 [trainer.py] => CNN top1 curve: [89.52, 86.02]
2025-02-06 12:45:30,492 [trainer.py] => CNN top5 curve: [98.2, 97.58]

Average Accuracy (CNN): 87.77
2025-02-06 12:45:30,492 [trainer.py] => Average Accuracy (CNN): 87.77 

2025-02-06 12:45:30,493 [trainer.py] => All params: 85925491
2025-02-06 12:45:30,494 [trainer.py] => Trainable params: 84565
2025-02-06 12:45:30,495 [lae.py] => Learning on 55-60

  0%|          | 0/5 [00:00<?, ?it/s]
Task 2, Epoch 1/5 => Loss 0.754, Train_accy 73.20:   0%|          | 0/5 [00:07<?, ?it/s]
Task 2, Epoch 1/5 => Loss 0.754, Train_accy 73.20:  20%|██        | 1/5 [00:07<00:28,  7.02s/it]
Task 2, Epoch 2/5 => Loss 0.450, Train_accy 83.96:  20%|██        | 1/5 [00:14<00:28,  7.02s/it]
Task 2, Epoch 2/5 => Loss 0.450, Train_accy 83.96:  40%|████      | 2/5 [00:14<00:20,  7.00s/it]
Task 2, Epoch 3/5 => Loss 0.404, Train_accy 85.40:  40%|████      | 2/5 [00:21<00:20,  7.00s/it]
Task 2, Epoch 3/5 => Loss 0.404, Train_accy 85.40:  60%|██████    | 3/5 [00:21<00:14,  7.01s/it]
Task 2, Epoch 4/5 => Loss 0.372, Train_accy 86.56:  60%|██████    | 3/5 [00:28<00:14,  7.01s/it]
Task 2, Epoch 4/5 => Loss 0.372, Train_accy 86.56:  80%|████████  | 4/5 [00:28<00:07,  7.01s/it]
Task 2, Epoch 5/5 => Loss 0.371, Train_accy 85.68, Test_accy 84.47:  80%|████████  | 4/5 [01:06<00:07,  7.01s/it]
Task 2, Epoch 5/5 => Loss 0.371, Train_accy 85.68, Test_accy 84.47: 100%|██████████| 5/5 [01:06<00:00, 18.21s/it]
Task 2, Epoch 5/5 => Loss 0.371, Train_accy 85.68, Test_accy 84.47: 100%|██████████| 5/5 [01:06<00:00, 13.22s/it]2025-02-06 12:46:36,634 [lae.py] => Task 2, Epoch 5/5 => Loss 0.371, Train_accy 85.68, Test_accy 84.47

2025-02-06 12:47:07,792 [trainer.py] => No NME accuracy.
2025-02-06 12:47:07,792 [trainer.py] => CNN: {'total': 84.47, '00-49': 89.36, '50-54': 52.6, '55-59': 67.4, 'old': 86.02, 'new': 67.4}
2025-02-06 12:47:07,792 [trainer.py] => CNN top1 curve: [89.52, 86.02, 84.47]
2025-02-06 12:47:07,792 [trainer.py] => CNN top5 curve: [98.2, 97.58, 96.82]

Average Accuracy (CNN): 86.67
2025-02-06 12:47:07,793 [trainer.py] => Average Accuracy (CNN): 86.67 

2025-02-06 12:47:07,794 [trainer.py] => All params: 85929336
2025-02-06 12:47:07,795 [trainer.py] => Trainable params: 88410
2025-02-06 12:47:07,796 [lae.py] => Learning on 60-65

  0%|          | 0/5 [00:00<?, ?it/s]
Task 3, Epoch 1/5 => Loss 0.581, Train_accy 80.12:   0%|          | 0/5 [00:06<?, ?it/s]
Task 3, Epoch 1/5 => Loss 0.581, Train_accy 80.12:  20%|██        | 1/5 [00:06<00:27,  6.96s/it]
Task 3, Epoch 2/5 => Loss 0.224, Train_accy 93.40:  20%|██        | 1/5 [00:14<00:27,  6.96s/it]
Task 3, Epoch 2/5 => Loss 0.224, Train_accy 93.40:  40%|████      | 2/5 [00:14<00:21,  7.01s/it]
Task 3, Epoch 3/5 => Loss 0.156, Train_accy 94.88:  40%|████      | 2/5 [00:21<00:21,  7.01s/it]
Task 3, Epoch 3/5 => Loss 0.156, Train_accy 94.88:  60%|██████    | 3/5 [00:21<00:14,  7.02s/it]
Task 3, Epoch 4/5 => Loss 0.162, Train_accy 94.44:  60%|██████    | 3/5 [00:27<00:14,  7.02s/it]
Task 3, Epoch 4/5 => Loss 0.162, Train_accy 94.44:  80%|████████  | 4/5 [00:27<00:06,  6.99s/it]
Task 3, Epoch 5/5 => Loss 0.151, Train_accy 95.48, Test_accy 83.38:  80%|████████  | 4/5 [01:08<00:06,  6.99s/it]
Task 3, Epoch 5/5 => Loss 0.151, Train_accy 95.48, Test_accy 83.38: 100%|██████████| 5/5 [01:08<00:00, 19.02s/it]
Task 3, Epoch 5/5 => Loss 0.151, Train_accy 95.48, Test_accy 83.38: 100%|██████████| 5/5 [01:08<00:00, 13.67s/it]2025-02-06 12:48:16,162 [lae.py] => Task 3, Epoch 5/5 => Loss 0.151, Train_accy 95.48, Test_accy 83.38

2025-02-06 12:48:49,819 [trainer.py] => No NME accuracy.
2025-02-06 12:48:49,819 [trainer.py] => CNN: {'total': 83.38, '00-49': 89.3, '50-54': 52.6, '55-59': 63.0, '60-64': 75.4, 'old': 84.05, 'new': 75.4}
2025-02-06 12:48:49,819 [trainer.py] => CNN top1 curve: [89.52, 86.02, 84.47, 83.38]
2025-02-06 12:48:49,819 [trainer.py] => CNN top5 curve: [98.2, 97.58, 96.82, 96.58]

Average Accuracy (CNN): 85.85
2025-02-06 12:48:49,819 [trainer.py] => Average Accuracy (CNN): 85.85 

2025-02-06 12:48:49,820 [trainer.py] => All params: 85933181
2025-02-06 12:48:49,821 [trainer.py] => Trainable params: 92255
2025-02-06 12:48:49,822 [lae.py] => Learning on 65-70

  0%|          | 0/5 [00:00<?, ?it/s]
Task 4, Epoch 1/5 => Loss 0.509, Train_accy 83.32:   0%|          | 0/5 [00:06<?, ?it/s]
Task 4, Epoch 1/5 => Loss 0.509, Train_accy 83.32:  20%|██        | 1/5 [00:06<00:27,  6.98s/it]
Task 4, Epoch 2/5 => Loss 0.162, Train_accy 94.68:  20%|██        | 1/5 [00:14<00:27,  6.98s/it]
Task 4, Epoch 2/5 => Loss 0.162, Train_accy 94.68:  40%|████      | 2/5 [00:14<00:21,  7.07s/it]
Task 4, Epoch 3/5 => Loss 0.173, Train_accy 94.56:  40%|████      | 2/5 [00:21<00:21,  7.07s/it]
Task 4, Epoch 3/5 => Loss 0.173, Train_accy 94.56:  60%|██████    | 3/5 [00:21<00:14,  7.03s/it]
Task 4, Epoch 4/5 => Loss 0.147, Train_accy 95.52:  60%|██████    | 3/5 [00:28<00:14,  7.03s/it]
Task 4, Epoch 4/5 => Loss 0.147, Train_accy 95.52:  80%|████████  | 4/5 [00:28<00:07,  7.02s/it]
Task 4, Epoch 5/5 => Loss 0.136, Train_accy 95.64, Test_accy 83.33:  80%|████████  | 4/5 [01:11<00:07,  7.02s/it]
Task 4, Epoch 5/5 => Loss 0.136, Train_accy 95.64, Test_accy 83.33: 100%|██████████| 5/5 [01:11<00:00, 19.98s/it]
Task 4, Epoch 5/5 => Loss 0.136, Train_accy 95.64, Test_accy 83.33: 100%|██████████| 5/5 [01:11<00:00, 14.21s/it]2025-02-06 12:50:00,903 [lae.py] => Task 4, Epoch 5/5 => Loss 0.136, Train_accy 95.64, Test_accy 83.33

2025-02-06 12:50:36,993 [trainer.py] => No NME accuracy.
2025-02-06 12:50:36,993 [trainer.py] => CNN: {'total': 83.33, '00-49': 89.1, '50-54': 52.6, '55-59': 62.4, '60-64': 75.0, '65-69': 85.6, 'old': 83.15, 'new': 85.6}
2025-02-06 12:50:36,994 [trainer.py] => CNN top1 curve: [89.52, 86.02, 84.47, 83.38, 83.33]
2025-02-06 12:50:36,994 [trainer.py] => CNN top5 curve: [98.2, 97.58, 96.82, 96.58, 96.47]

Average Accuracy (CNN): 85.34
2025-02-06 12:50:36,994 [trainer.py] => Average Accuracy (CNN): 85.34 

2025-02-06 12:50:36,995 [trainer.py] => All params: 85937026
2025-02-06 12:50:36,996 [trainer.py] => Trainable params: 96100
2025-02-06 12:50:36,998 [lae.py] => Learning on 70-75

  0%|          | 0/5 [00:00<?, ?it/s]
Task 5, Epoch 1/5 => Loss 0.682, Train_accy 77.00:   0%|          | 0/5 [00:06<?, ?it/s]
Task 5, Epoch 1/5 => Loss 0.682, Train_accy 77.00:  20%|██        | 1/5 [00:06<00:27,  6.99s/it]
Task 5, Epoch 2/5 => Loss 0.206, Train_accy 93.00:  20%|██        | 1/5 [00:14<00:27,  6.99s/it]
Task 5, Epoch 2/5 => Loss 0.206, Train_accy 93.00:  40%|████      | 2/5 [00:14<00:21,  7.04s/it]
Task 5, Epoch 3/5 => Loss 0.181, Train_accy 93.88:  40%|████      | 2/5 [00:21<00:21,  7.04s/it]
Task 5, Epoch 3/5 => Loss 0.181, Train_accy 93.88:  60%|██████    | 3/5 [00:21<00:14,  7.02s/it]
Task 5, Epoch 4/5 => Loss 0.171, Train_accy 94.00:  60%|██████    | 3/5 [00:28<00:14,  7.02s/it]
Task 5, Epoch 4/5 => Loss 0.171, Train_accy 94.00:  80%|████████  | 4/5 [00:28<00:06,  7.00s/it]
Task 5, Epoch 5/5 => Loss 0.174, Train_accy 94.04, Test_accy 81.28:  80%|████████  | 4/5 [01:13<00:06,  7.00s/it]
Task 5, Epoch 5/5 => Loss 0.174, Train_accy 94.04, Test_accy 81.28: 100%|██████████| 5/5 [01:13<00:00, 21.03s/it]
Task 5, Epoch 5/5 => Loss 0.174, Train_accy 94.04, Test_accy 81.28: 100%|██████████| 5/5 [01:13<00:00, 14.79s/it]2025-02-06 12:51:50,966 [lae.py] => Task 5, Epoch 5/5 => Loss 0.174, Train_accy 94.04, Test_accy 81.28

2025-02-06 12:52:29,664 [trainer.py] => No NME accuracy.
2025-02-06 12:52:29,664 [trainer.py] => CNN: {'total': 81.28, '00-49': 89.06, '50-54': 52.4, '55-59': 58.2, '60-64': 67.8, '65-69': 85.2, '70-74': 65.0, 'old': 82.44, 'new': 65.0}
2025-02-06 12:52:29,664 [trainer.py] => CNN top1 curve: [89.52, 86.02, 84.47, 83.38, 83.33, 81.28]
2025-02-06 12:52:29,664 [trainer.py] => CNN top5 curve: [98.2, 97.58, 96.82, 96.58, 96.47, 95.96]

Average Accuracy (CNN): 84.67
2025-02-06 12:52:29,664 [trainer.py] => Average Accuracy (CNN): 84.67 

2025-02-06 12:52:29,666 [trainer.py] => All params: 85940871
2025-02-06 12:52:29,666 [trainer.py] => Trainable params: 99945
2025-02-06 12:52:29,668 [lae.py] => Learning on 75-80

  0%|          | 0/5 [00:00<?, ?it/s]
Task 6, Epoch 1/5 => Loss 0.628, Train_accy 79.64:   0%|          | 0/5 [00:06<?, ?it/s]
Task 6, Epoch 1/5 => Loss 0.628, Train_accy 79.64:  20%|██        | 1/5 [00:06<00:27,  6.93s/it]
Task 6, Epoch 2/5 => Loss 0.210, Train_accy 93.56:  20%|██        | 1/5 [00:13<00:27,  6.93s/it]
Task 6, Epoch 2/5 => Loss 0.210, Train_accy 93.56:  40%|████      | 2/5 [00:13<00:20,  6.91s/it]
Task 6, Epoch 3/5 => Loss 0.240, Train_accy 92.00:  40%|████      | 2/5 [00:20<00:20,  6.91s/it]
Task 6, Epoch 3/5 => Loss 0.240, Train_accy 92.00:  60%|██████    | 3/5 [00:20<00:13,  6.91s/it]
Task 6, Epoch 4/5 => Loss 0.232, Train_accy 93.12:  60%|██████    | 3/5 [00:27<00:13,  6.91s/it]
Task 6, Epoch 4/5 => Loss 0.232, Train_accy 93.12:  80%|████████  | 4/5 [00:27<00:06,  6.90s/it]
Task 6, Epoch 5/5 => Loss 0.193, Train_accy 93.92, Test_accy 79.42:  80%|████████  | 4/5 [01:15<00:06,  6.90s/it]
Task 6, Epoch 5/5 => Loss 0.193, Train_accy 93.92, Test_accy 79.42: 100%|██████████| 5/5 [01:15<00:00, 21.77s/it]
Task 6, Epoch 5/5 => Loss 0.193, Train_accy 93.92, Test_accy 79.42: 100%|██████████| 5/5 [01:15<00:00, 15.15s/it]2025-02-06 12:53:45,465 [lae.py] => Task 6, Epoch 5/5 => Loss 0.193, Train_accy 93.92, Test_accy 79.42

2025-02-06 12:54:26,619 [trainer.py] => No NME accuracy.
2025-02-06 12:54:26,620 [trainer.py] => CNN: {'total': 79.42, '00-49': 89.02, '50-54': 50.2, '55-59': 57.8, '60-64': 67.4, '65-69': 85.0, '70-74': 63.6, '75-79': 56.6, 'old': 80.95, 'new': 56.6}
2025-02-06 12:54:26,620 [trainer.py] => CNN top1 curve: [89.52, 86.02, 84.47, 83.38, 83.33, 81.28, 79.42]
2025-02-06 12:54:26,620 [trainer.py] => CNN top5 curve: [98.2, 97.58, 96.82, 96.58, 96.47, 95.96, 95.51]

Average Accuracy (CNN): 83.92
2025-02-06 12:54:26,620 [trainer.py] => Average Accuracy (CNN): 83.92 

2025-02-06 12:54:26,621 [trainer.py] => All params: 85944716
2025-02-06 12:54:26,622 [trainer.py] => Trainable params: 103790
2025-02-06 12:54:26,624 [lae.py] => Learning on 80-85

  0%|          | 0/5 [00:00<?, ?it/s]
Task 7, Epoch 1/5 => Loss 0.567, Train_accy 80.96:   0%|          | 0/5 [00:06<?, ?it/s]
Task 7, Epoch 1/5 => Loss 0.567, Train_accy 80.96:  20%|██        | 1/5 [00:06<00:27,  6.92s/it]
Task 7, Epoch 2/5 => Loss 0.185, Train_accy 94.24:  20%|██        | 1/5 [00:13<00:27,  6.92s/it]
Task 7, Epoch 2/5 => Loss 0.185, Train_accy 94.24:  40%|████      | 2/5 [00:13<00:21,  7.00s/it]
Task 7, Epoch 3/5 => Loss 0.146, Train_accy 96.04:  40%|████      | 2/5 [00:20<00:21,  7.00s/it]
Task 7, Epoch 3/5 => Loss 0.146, Train_accy 96.04:  60%|██████    | 3/5 [00:20<00:13,  6.97s/it]
Task 7, Epoch 4/5 => Loss 0.154, Train_accy 95.20:  60%|██████    | 3/5 [00:27<00:13,  6.97s/it]
Task 7, Epoch 4/5 => Loss 0.154, Train_accy 95.20:  80%|████████  | 4/5 [00:27<00:06,  6.97s/it]
Task 7, Epoch 5/5 => Loss 0.139, Train_accy 95.48, Test_accy 77.61:  80%|████████  | 4/5 [01:18<00:06,  6.97s/it]
Task 7, Epoch 5/5 => Loss 0.139, Train_accy 95.48, Test_accy 77.61: 100%|██████████| 5/5 [01:18<00:00, 22.77s/it]
Task 7, Epoch 5/5 => Loss 0.139, Train_accy 95.48, Test_accy 77.61: 100%|██████████| 5/5 [01:18<00:00, 15.73s/it]2025-02-06 12:55:45,315 [lae.py] => Task 7, Epoch 5/5 => Loss 0.139, Train_accy 95.48, Test_accy 77.61

2025-02-06 12:56:29,495 [trainer.py] => No NME accuracy.
2025-02-06 12:56:29,495 [trainer.py] => CNN: {'total': 77.61, '00-49': 88.88, '50-54': 50.2, '55-59': 57.6, '60-64': 66.4, '65-69': 85.0, '70-74': 63.2, '75-79': 56.4, '80-84': 51.8, 'old': 79.22, 'new': 51.8}
2025-02-06 12:56:29,495 [trainer.py] => CNN top1 curve: [89.52, 86.02, 84.47, 83.38, 83.33, 81.28, 79.42, 77.61]
2025-02-06 12:56:29,495 [trainer.py] => CNN top5 curve: [98.2, 97.58, 96.82, 96.58, 96.47, 95.96, 95.51, 95.35]

Average Accuracy (CNN): 83.13
2025-02-06 12:56:29,496 [trainer.py] => Average Accuracy (CNN): 83.13 

2025-02-06 12:56:29,497 [trainer.py] => All params: 85948561
2025-02-06 12:56:29,498 [trainer.py] => Trainable params: 107635
2025-02-06 12:56:29,501 [lae.py] => Learning on 85-90

  0%|          | 0/5 [00:00<?, ?it/s]
Task 8, Epoch 1/5 => Loss 0.834, Train_accy 70.44:   0%|          | 0/5 [00:07<?, ?it/s]
Task 8, Epoch 1/5 => Loss 0.834, Train_accy 70.44:  20%|██        | 1/5 [00:07<00:28,  7.06s/it]
Task 8, Epoch 2/5 => Loss 0.414, Train_accy 85.84:  20%|██        | 1/5 [00:14<00:28,  7.06s/it]
Task 8, Epoch 2/5 => Loss 0.414, Train_accy 85.84:  40%|████      | 2/5 [00:14<00:21,  7.05s/it]
Task 8, Epoch 3/5 => Loss 0.356, Train_accy 87.68:  40%|████      | 2/5 [00:21<00:21,  7.05s/it]
Task 8, Epoch 3/5 => Loss 0.356, Train_accy 87.68:  60%|██████    | 3/5 [00:21<00:14,  7.05s/it]
Task 8, Epoch 4/5 => Loss 0.372, Train_accy 86.44:  60%|██████    | 3/5 [00:28<00:14,  7.05s/it]
Task 8, Epoch 4/5 => Loss 0.372, Train_accy 86.44:  80%|████████  | 4/5 [00:28<00:07,  7.04s/it]
Task 8, Epoch 5/5 => Loss 0.336, Train_accy 87.32, Test_accy 76.33:  80%|████████  | 4/5 [01:22<00:07,  7.04s/it]
Task 8, Epoch 5/5 => Loss 0.336, Train_accy 87.32, Test_accy 76.33: 100%|██████████| 5/5 [01:22<00:00, 24.03s/it]
Task 8, Epoch 5/5 => Loss 0.336, Train_accy 87.32, Test_accy 76.33: 100%|██████████| 5/5 [01:22<00:00, 16.47s/it]2025-02-06 12:57:51,860 [lae.py] => Task 8, Epoch 5/5 => Loss 0.336, Train_accy 87.32, Test_accy 76.33

2025-02-06 12:58:38,924 [trainer.py] => No NME accuracy.
2025-02-06 12:58:38,925 [trainer.py] => CNN: {'total': 76.33, '00-49': 88.8, '50-54': 50.2, '55-59': 57.6, '60-64': 66.4, '65-69': 84.8, '70-74': 62.6, '75-79': 56.0, '80-84': 51.8, '85-89': 56.6, 'old': 77.49, 'new': 56.6}
2025-02-06 12:58:38,925 [trainer.py] => CNN top1 curve: [89.52, 86.02, 84.47, 83.38, 83.33, 81.28, 79.42, 77.61, 76.33]
2025-02-06 12:58:38,925 [trainer.py] => CNN top5 curve: [98.2, 97.58, 96.82, 96.58, 96.47, 95.96, 95.51, 95.35, 94.51]

Average Accuracy (CNN): 82.37
2025-02-06 12:58:38,925 [trainer.py] => Average Accuracy (CNN): 82.37 

2025-02-06 12:58:38,928 [trainer.py] => All params: 85952406
2025-02-06 12:58:38,929 [trainer.py] => Trainable params: 111480
2025-02-06 12:58:38,931 [lae.py] => Learning on 90-95

  0%|          | 0/5 [00:00<?, ?it/s]
Task 9, Epoch 1/5 => Loss 0.702, Train_accy 76.68:   0%|          | 0/5 [00:07<?, ?it/s]
Task 9, Epoch 1/5 => Loss 0.702, Train_accy 76.68:  20%|██        | 1/5 [00:07<00:28,  7.01s/it]
Task 9, Epoch 2/5 => Loss 0.219, Train_accy 92.24:  20%|██        | 1/5 [00:14<00:28,  7.01s/it]
Task 9, Epoch 2/5 => Loss 0.219, Train_accy 92.24:  40%|████      | 2/5 [00:14<00:20,  7.00s/it]
Task 9, Epoch 3/5 => Loss 0.189, Train_accy 93.52:  40%|████      | 2/5 [00:20<00:20,  7.00s/it]
Task 9, Epoch 3/5 => Loss 0.189, Train_accy 93.52:  60%|██████    | 3/5 [00:20<00:13,  6.98s/it]
Task 9, Epoch 4/5 => Loss 0.191, Train_accy 93.92:  60%|██████    | 3/5 [00:27<00:13,  6.98s/it]
Task 9, Epoch 4/5 => Loss 0.191, Train_accy 93.92:  80%|████████  | 4/5 [00:27<00:06,  6.99s/it]
Task 9, Epoch 5/5 => Loss 0.178, Train_accy 93.56, Test_accy 76.35:  80%|████████  | 4/5 [01:25<00:06,  6.99s/it]
Task 9, Epoch 5/5 => Loss 0.178, Train_accy 93.56, Test_accy 76.35: 100%|██████████| 5/5 [01:25<00:00, 25.07s/it]
Task 9, Epoch 5/5 => Loss 0.178, Train_accy 93.56, Test_accy 76.35: 100%|██████████| 5/5 [01:25<00:00, 17.02s/it]2025-02-06 13:00:04,053 [lae.py] => Task 9, Epoch 5/5 => Loss 0.178, Train_accy 93.56, Test_accy 76.35

2025-02-06 13:00:53,900 [trainer.py] => No NME accuracy.
2025-02-06 13:00:53,901 [trainer.py] => CNN: {'total': 76.35, '00-49': 88.54, '50-54': 47.2, '55-59': 57.6, '60-64': 66.4, '65-69': 84.8, '70-74': 62.4, '75-79': 53.8, '80-84': 51.8, '85-89': 55.6, '90-94': 85.6, 'old': 75.83, 'new': 85.6}
2025-02-06 13:00:53,901 [trainer.py] => CNN top1 curve: [89.52, 86.02, 84.47, 83.38, 83.33, 81.28, 79.42, 77.61, 76.33, 76.35]
2025-02-06 13:00:53,901 [trainer.py] => CNN top5 curve: [98.2, 97.58, 96.82, 96.58, 96.47, 95.96, 95.51, 95.35, 94.51, 94.37]

Average Accuracy (CNN): 81.77
2025-02-06 13:00:53,901 [trainer.py] => Average Accuracy (CNN): 81.77 

2025-02-06 13:00:53,902 [trainer.py] => All params: 85956251
2025-02-06 13:00:53,904 [trainer.py] => Trainable params: 115325
2025-02-06 13:00:53,906 [lae.py] => Learning on 95-100

  0%|          | 0/5 [00:00<?, ?it/s]
Task 10, Epoch 1/5 => Loss 0.606, Train_accy 77.96:   0%|          | 0/5 [00:07<?, ?it/s]
Task 10, Epoch 1/5 => Loss 0.606, Train_accy 77.96:  20%|██        | 1/5 [00:07<00:28,  7.07s/it]
Task 10, Epoch 2/5 => Loss 0.297, Train_accy 90.56:  20%|██        | 1/5 [00:14<00:28,  7.07s/it]
Task 10, Epoch 2/5 => Loss 0.297, Train_accy 90.56:  40%|████      | 2/5 [00:14<00:21,  7.14s/it]
Task 10, Epoch 3/5 => Loss 0.276, Train_accy 91.20:  40%|████      | 2/5 [00:21<00:21,  7.14s/it]
Task 10, Epoch 3/5 => Loss 0.276, Train_accy 91.20:  60%|██████    | 3/5 [00:21<00:14,  7.09s/it]
Task 10, Epoch 4/5 => Loss 0.241, Train_accy 91.84:  60%|██████    | 3/5 [00:28<00:14,  7.09s/it]
Task 10, Epoch 4/5 => Loss 0.241, Train_accy 91.84:  80%|████████  | 4/5 [00:28<00:07,  7.11s/it]
Task 10, Epoch 5/5 => Loss 0.239, Train_accy 92.00, Test_accy 75.59:  80%|████████  | 4/5 [01:27<00:07,  7.11s/it]
Task 10, Epoch 5/5 => Loss 0.239, Train_accy 92.00, Test_accy 75.59: 100%|██████████| 5/5 [01:27<00:00, 25.94s/it]
Task 10, Epoch 5/5 => Loss 0.239, Train_accy 92.00, Test_accy 75.59: 100%|██████████| 5/5 [01:27<00:00, 17.55s/it]2025-02-06 13:02:21,697 [lae.py] => Task 10, Epoch 5/5 => Loss 0.239, Train_accy 92.00, Test_accy 75.59

2025-02-06 13:03:14,135 [trainer.py] => No NME accuracy.
2025-02-06 13:03:14,136 [trainer.py] => CNN: {'total': 75.59, '00-49': 88.38, '50-54': 47.0, '55-59': 57.6, '60-64': 66.4, '65-69': 84.0, '70-74': 62.4, '75-79': 53.8, '80-84': 51.8, '85-89': 55.6, '90-94': 85.4, '95-99': 64.0, 'old': 76.2, 'new': 64.0}
2025-02-06 13:03:14,136 [trainer.py] => CNN top1 curve: [89.52, 86.02, 84.47, 83.38, 83.33, 81.28, 79.42, 77.61, 76.33, 76.35, 75.59]
2025-02-06 13:03:14,136 [trainer.py] => CNN top5 curve: [98.2, 97.58, 96.82, 96.58, 96.47, 95.96, 95.51, 95.35, 94.51, 94.37, 93.91]

Average Accuracy (CNN): 81.21
2025-02-06 13:03:14,136 [trainer.py] => Average Accuracy (CNN): 81.21 

Accuracy Matrix (CNN):
[[89.52 89.36 89.36 89.3  89.1  89.06 89.02 88.88 88.8  88.54 88.38]
 [ 0.   52.6  52.6  52.6  52.6  52.4  50.2  50.2  50.2  47.2  47.  ]
 [ 0.    0.   67.4  63.   62.4  58.2  57.8  57.6  57.6  57.6  57.6 ]
 [ 0.    0.    0.   75.4  75.   67.8  67.4  66.4  66.4  66.4  66.4 ]
 [ 0.    0.    0.    0.   85.6  85.2  85.   85.   84.8  84.8  84.  ]
 [ 0.    0.    0.    0.    0.   65.   63.6  63.2  62.6  62.4  62.4 ]
 [ 0.    0.    0.    0.    0.    0.   56.6  56.4  56.   53.8  53.8 ]
 [ 0.    0.    0.    0.    0.    0.    0.   51.8  51.8  51.8  51.8 ]
 [ 0.    0.    0.    0.    0.    0.    0.    0.   56.6  55.6  55.6 ]
 [ 0.    0.    0.    0.    0.    0.    0.    0.    0.   85.6  85.4 ]
 [ 0.    0.    0.    0.    0.    0.    0.    0.    0.    0.   64.  ]]
2025-02-06 13:03:14,138 [trainer.py] => Forgetting (CNN): 3.3739999999999997
2025-02-06 13:03:16,058 [trainer.py] => config: ./scripts/lae/lae_cub_B0_Inc5.json
2025-02-06 13:03:16,058 [trainer.py] => prefix:  
2025-02-06 13:03:16,058 [trainer.py] => dataset: cub
2025-02-06 13:03:16,058 [trainer.py] => memory_size: 0
2025-02-06 13:03:16,058 [trainer.py] => memory_per_class: 0
2025-02-06 13:03:16,058 [trainer.py] => fixed_memory: False
2025-02-06 13:03:16,058 [trainer.py] => shuffle: True
2025-02-06 13:03:16,058 [trainer.py] => init_cls: 40
2025-02-06 13:03:16,058 [trainer.py] => increment: 40
2025-02-06 13:03:16,058 [trainer.py] => model_name: lae
2025-02-06 13:03:16,058 [trainer.py] => backbone_type: vit_base_patch16_224_in21k_lae
2025-02-06 13:03:16,058 [trainer.py] => device: [device(type='cuda', index=4)]
2025-02-06 13:03:16,058 [trainer.py] => seed: 1993
2025-02-06 13:03:16,058 [trainer.py] => tuned_epoch: 50
2025-02-06 13:03:16,058 [trainer.py] => init_lr: 0.00046875
2025-02-06 13:03:16,058 [trainer.py] => batch_size: 128
2025-02-06 13:03:16,058 [trainer.py] => weight_decay: 0
2025-02-06 13:03:16,059 [trainer.py] => min_lr: 1e-05
2025-02-06 13:03:16,059 [trainer.py] => optimizer: adam
2025-02-06 13:03:16,059 [trainer.py] => scheduler: constant
2025-02-06 13:03:16,059 [trainer.py] => reinit_optimizer: True
2025-02-06 13:03:16,059 [trainer.py] => pretrained: True
2025-02-06 13:03:16,059 [trainer.py] => drop: 0.0
2025-02-06 13:03:16,059 [trainer.py] => drop_path: 0.0
2025-02-06 13:03:16,059 [trainer.py] => ema_decay: 0.9999
2025-02-06 13:03:16,059 [trainer.py] => num_freeze_epochs: 30
2025-02-06 13:03:16,059 [trainer.py] => pet_cls: Adapter
2025-02-06 13:03:16,059 [trainer.py] => pet_length: 10
2025-02-06 13:03:16,059 [trainer.py] => down_sample_dim: 5
2025-02-06 13:03:16,840 [data_manager.py] => [168, 136, 51, 9, 183, 101, 171, 99, 42, 159, 191, 70, 16, 188, 27, 10, 175, 26, 68, 187, 98, 6, 85, 35, 112, 43, 100, 0, 103, 181, 88, 59, 4, 2, 116, 174, 94, 80, 106, 1, 147, 17, 141, 131, 72, 23, 173, 54, 197, 118, 87, 32, 79, 104, 91, 19, 135, 107, 178, 36, 11, 199, 142, 8, 122, 3, 28, 57, 153, 172, 190, 56, 49, 44, 97, 62, 151, 169, 194, 55, 192, 12, 189, 78, 66, 180, 15, 137, 109, 134, 92, 119, 126, 52, 170, 40, 148, 65, 144, 64, 138, 45, 77, 89, 154, 90, 71, 193, 74, 30, 113, 143, 96, 84, 67, 50, 186, 156, 69, 21, 18, 111, 108, 58, 125, 157, 150, 110, 182, 129, 166, 83, 81, 60, 13, 165, 14, 176, 63, 117, 5, 22, 145, 121, 38, 41, 82, 127, 114, 20, 31, 53, 37, 163, 196, 130, 152, 162, 86, 76, 24, 34, 184, 149, 33, 128, 198, 155, 146, 167, 139, 120, 140, 102, 47, 25, 158, 123, 46, 164, 61, 7, 115, 75, 133, 160, 105, 132, 179, 124, 48, 73, 93, 39, 95, 195, 29, 177, 185, 161]
2025-02-06 13:03:18,879 [lae.py] => 85,840,926 model total parameters.
2025-02-06 13:03:18,880 [lae.py] => 0 model training parameters.
2025-02-06 13:03:18,881 [trainer.py] => All params: 85883196
2025-02-06 13:03:18,881 [trainer.py] => Trainable params: 0
2025-02-06 13:03:18,881 [lae.py] => Learning on 0-40

  0%|          | 0/50 [00:00<?, ?it/s]
Task 0, Epoch 1/50 => Loss 3.620, Train_accy 15.86:   0%|          | 0/50 [00:07<?, ?it/s]
Task 0, Epoch 1/50 => Loss 3.620, Train_accy 15.86:   2%|▏         | 1/50 [00:07<05:58,  7.31s/it]
Task 0, Epoch 2/50 => Loss 1.668, Train_accy 59.60:   2%|▏         | 1/50 [00:13<05:58,  7.31s/it]
Task 0, Epoch 2/50 => Loss 1.668, Train_accy 59.60:   4%|▍         | 2/50 [00:13<05:12,  6.51s/it]
Task 0, Epoch 3/50 => Loss 0.934, Train_accy 77.37:   4%|▍         | 2/50 [00:19<05:12,  6.51s/it]
Task 0, Epoch 3/50 => Loss 0.934, Train_accy 77.37:   6%|▌         | 3/50 [00:19<04:51,  6.21s/it]
Task 0, Epoch 4/50 => Loss 0.628, Train_accy 84.66:   6%|▌         | 3/50 [00:24<04:51,  6.21s/it]
Task 0, Epoch 4/50 => Loss 0.628, Train_accy 84.66:   8%|▊         | 4/50 [00:24<04:38,  6.05s/it]
Task 0, Epoch 5/50 => Loss 0.565, Train_accy 86.36, Test_accy 91.63:   8%|▊         | 4/50 [00:34<04:38,  6.05s/it]
Task 0, Epoch 5/50 => Loss 0.565, Train_accy 86.36, Test_accy 91.63:  10%|█         | 5/50 [00:34<05:30,  7.34s/it]
Task 0, Epoch 6/50 => Loss 0.466, Train_accy 89.26:  10%|█         | 5/50 [00:40<05:30,  7.34s/it]                 
Task 0, Epoch 6/50 => Loss 0.466, Train_accy 89.26:  12%|█▏        | 6/50 [00:40<05:00,  6.84s/it]
Task 0, Epoch 7/50 => Loss 0.421, Train_accy 89.69:  12%|█▏        | 6/50 [00:46<05:00,  6.84s/it]
Task 0, Epoch 7/50 => Loss 0.421, Train_accy 89.69:  14%|█▍        | 7/50 [00:46<04:40,  6.53s/it]
Task 0, Epoch 8/50 => Loss 0.387, Train_accy 90.53:  14%|█▍        | 7/50 [00:52<04:40,  6.53s/it]
Task 0, Epoch 8/50 => Loss 0.387, Train_accy 90.53:  16%|█▌        | 8/50 [00:52<04:25,  6.32s/it]
Task 0, Epoch 9/50 => Loss 0.345, Train_accy 91.54:  16%|█▌        | 8/50 [00:58<04:25,  6.32s/it]
Task 0, Epoch 9/50 => Loss 0.345, Train_accy 91.54:  18%|█▊        | 9/50 [00:58<04:14,  6.21s/it]
Task 0, Epoch 10/50 => Loss 0.351, Train_accy 91.49, Test_accy 95.37:  18%|█▊        | 9/50 [01:07<04:14,  6.21s/it]
Task 0, Epoch 10/50 => Loss 0.351, Train_accy 91.49, Test_accy 95.37:  20%|██        | 10/50 [01:07<04:48,  7.20s/it]
Task 0, Epoch 11/50 => Loss 0.342, Train_accy 91.54:  20%|██        | 10/50 [01:13<04:48,  7.20s/it]                 
Task 0, Epoch 11/50 => Loss 0.342, Train_accy 91.54:  22%|██▏       | 11/50 [01:13<04:26,  6.83s/it]
Task 0, Epoch 12/50 => Loss 0.308, Train_accy 92.12:  22%|██▏       | 11/50 [01:19<04:26,  6.83s/it]
Task 0, Epoch 12/50 => Loss 0.308, Train_accy 92.12:  24%|██▍       | 12/50 [01:19<04:08,  6.53s/it]
Task 0, Epoch 13/50 => Loss 0.313, Train_accy 91.75:  24%|██▍       | 12/50 [01:25<04:08,  6.53s/it]
Task 0, Epoch 13/50 => Loss 0.313, Train_accy 91.75:  26%|██▌       | 13/50 [01:25<03:54,  6.34s/it]
Task 0, Epoch 14/50 => Loss 0.301, Train_accy 92.38:  26%|██▌       | 13/50 [01:31<03:54,  6.34s/it]
Task 0, Epoch 14/50 => Loss 0.301, Train_accy 92.38:  28%|██▊       | 14/50 [01:31<03:44,  6.22s/it]
Task 0, Epoch 15/50 => Loss 0.238, Train_accy 94.34, Test_accy 95.81:  28%|██▊       | 14/50 [01:40<03:44,  6.22s/it]
Task 0, Epoch 15/50 => Loss 0.238, Train_accy 94.34, Test_accy 95.81:  30%|███       | 15/50 [01:40<04:09,  7.14s/it]
Task 0, Epoch 16/50 => Loss 0.291, Train_accy 92.76:  30%|███       | 15/50 [01:46<04:09,  7.14s/it]                 
Task 0, Epoch 16/50 => Loss 0.291, Train_accy 92.76:  32%|███▏      | 16/50 [01:46<03:52,  6.83s/it]
Task 0, Epoch 17/50 => Loss 0.255, Train_accy 93.81:  32%|███▏      | 16/50 [01:52<03:52,  6.83s/it]
Task 0, Epoch 17/50 => Loss 0.255, Train_accy 93.81:  34%|███▍      | 17/50 [01:52<03:36,  6.55s/it]
Task 0, Epoch 18/50 => Loss 0.261, Train_accy 92.86:  34%|███▍      | 17/50 [01:58<03:36,  6.55s/it]
Task 0, Epoch 18/50 => Loss 0.261, Train_accy 92.86:  36%|███▌      | 18/50 [01:58<03:23,  6.35s/it]
Task 0, Epoch 19/50 => Loss 0.196, Train_accy 94.55:  36%|███▌      | 18/50 [02:04<03:23,  6.35s/it]
Task 0, Epoch 19/50 => Loss 0.196, Train_accy 94.55:  38%|███▊      | 19/50 [02:04<03:12,  6.20s/it]
Task 0, Epoch 20/50 => Loss 0.242, Train_accy 93.87, Test_accy 96.04:  38%|███▊      | 19/50 [02:13<03:12,  6.20s/it]
Task 0, Epoch 20/50 => Loss 0.242, Train_accy 93.87, Test_accy 96.04:  40%|████      | 20/50 [02:13<03:33,  7.11s/it]
Task 0, Epoch 21/50 => Loss 0.231, Train_accy 94.13:  40%|████      | 20/50 [02:19<03:33,  7.11s/it]                 
Task 0, Epoch 21/50 => Loss 0.231, Train_accy 94.13:  42%|████▏     | 21/50 [02:19<03:15,  6.74s/it]
Task 0, Epoch 22/50 => Loss 0.220, Train_accy 94.29:  42%|████▏     | 21/50 [02:25<03:15,  6.74s/it]
Task 0, Epoch 22/50 => Loss 0.220, Train_accy 94.29:  44%|████▍     | 22/50 [02:25<03:01,  6.48s/it]
Task 0, Epoch 23/50 => Loss 0.216, Train_accy 94.08:  44%|████▍     | 22/50 [02:31<03:01,  6.48s/it]
Task 0, Epoch 23/50 => Loss 0.216, Train_accy 94.08:  46%|████▌     | 23/50 [02:31<02:49,  6.30s/it]
Task 0, Epoch 24/50 => Loss 0.213, Train_accy 94.39:  46%|████▌     | 23/50 [02:36<02:49,  6.30s/it]
Task 0, Epoch 24/50 => Loss 0.213, Train_accy 94.39:  48%|████▊     | 24/50 [02:36<02:39,  6.15s/it]
Task 0, Epoch 25/50 => Loss 0.223, Train_accy 94.18, Test_accy 96.26:  48%|████▊     | 24/50 [02:46<02:39,  6.15s/it]
Task 0, Epoch 25/50 => Loss 0.223, Train_accy 94.18, Test_accy 96.26:  50%|█████     | 25/50 [02:46<02:56,  7.08s/it]
Task 0, Epoch 26/50 => Loss 0.224, Train_accy 94.29:  50%|█████     | 25/50 [02:52<02:56,  7.08s/it]                 
Task 0, Epoch 26/50 => Loss 0.224, Train_accy 94.29:  52%|█████▏    | 26/50 [02:52<02:41,  6.71s/it]
Task 0, Epoch 27/50 => Loss 0.214, Train_accy 94.29:  52%|█████▏    | 26/50 [02:58<02:41,  6.71s/it]
Task 0, Epoch 27/50 => Loss 0.214, Train_accy 94.29:  54%|█████▍    | 27/50 [02:58<02:30,  6.54s/it]
Task 0, Epoch 28/50 => Loss 0.199, Train_accy 94.39:  54%|█████▍    | 27/50 [03:04<02:30,  6.54s/it]
Task 0, Epoch 28/50 => Loss 0.199, Train_accy 94.39:  56%|█████▌    | 28/50 [03:04<02:20,  6.39s/it]
Task 0, Epoch 29/50 => Loss 0.237, Train_accy 93.81:  56%|█████▌    | 28/50 [03:10<02:20,  6.39s/it]
Task 0, Epoch 29/50 => Loss 0.237, Train_accy 93.81:  58%|█████▊    | 29/50 [03:10<02:11,  6.24s/it]
Task 0, Epoch 30/50 => Loss 0.203, Train_accy 94.55, Test_accy 96.48:  58%|█████▊    | 29/50 [03:19<02:11,  6.24s/it]
Task 0, Epoch 30/50 => Loss 0.203, Train_accy 94.55, Test_accy 96.48:  60%|██████    | 30/50 [03:19<02:22,  7.14s/it]
Task 0, Epoch 31/50 => Loss 0.170, Train_accy 95.51:  60%|██████    | 30/50 [03:25<02:22,  7.14s/it]                 
Task 0, Epoch 31/50 => Loss 0.170, Train_accy 95.51:  62%|██████▏   | 31/50 [03:25<02:10,  6.85s/it]
Task 0, Epoch 32/50 => Loss 0.188, Train_accy 94.66:  62%|██████▏   | 31/50 [03:31<02:10,  6.85s/it]
Task 0, Epoch 32/50 => Loss 0.188, Train_accy 94.66:  64%|██████▍   | 32/50 [03:31<01:58,  6.56s/it]
Task 0, Epoch 33/50 => Loss 0.198, Train_accy 94.76:  64%|██████▍   | 32/50 [03:37<01:58,  6.56s/it]
Task 0, Epoch 33/50 => Loss 0.198, Train_accy 94.76:  66%|██████▌   | 33/50 [03:37<01:48,  6.36s/it]
Task 0, Epoch 34/50 => Loss 0.184, Train_accy 95.29:  66%|██████▌   | 33/50 [03:43<01:48,  6.36s/it]
Task 0, Epoch 34/50 => Loss 0.184, Train_accy 95.29:  68%|██████▊   | 34/50 [03:43<01:39,  6.21s/it]
Task 0, Epoch 35/50 => Loss 0.192, Train_accy 94.82, Test_accy 96.48:  68%|██████▊   | 34/50 [03:52<01:39,  6.21s/it]
Task 0, Epoch 35/50 => Loss 0.192, Train_accy 94.82, Test_accy 96.48:  70%|███████   | 35/50 [03:52<01:46,  7.13s/it]
Task 0, Epoch 36/50 => Loss 0.209, Train_accy 94.66:  70%|███████   | 35/50 [03:58<01:46,  7.13s/it]                 
Task 0, Epoch 36/50 => Loss 0.209, Train_accy 94.66:  72%|███████▏  | 36/50 [03:58<01:34,  6.75s/it]
Task 0, Epoch 37/50 => Loss 0.179, Train_accy 94.98:  72%|███████▏  | 36/50 [04:04<01:34,  6.75s/it]
Task 0, Epoch 37/50 => Loss 0.179, Train_accy 94.98:  74%|███████▍  | 37/50 [04:04<01:25,  6.54s/it]
Task 0, Epoch 38/50 => Loss 0.173, Train_accy 95.08:  74%|███████▍  | 37/50 [04:10<01:25,  6.54s/it]
Task 0, Epoch 38/50 => Loss 0.173, Train_accy 95.08:  76%|███████▌  | 38/50 [04:10<01:16,  6.37s/it]
Task 0, Epoch 39/50 => Loss 0.187, Train_accy 94.55:  76%|███████▌  | 38/50 [04:16<01:16,  6.37s/it]
Task 0, Epoch 39/50 => Loss 0.187, Train_accy 94.55:  78%|███████▊  | 39/50 [04:16<01:09,  6.29s/it]
Task 0, Epoch 40/50 => Loss 0.159, Train_accy 95.66, Test_accy 96.92:  78%|███████▊  | 39/50 [04:25<01:09,  6.29s/it]
Task 0, Epoch 40/50 => Loss 0.159, Train_accy 95.66, Test_accy 96.92:  80%|████████  | 40/50 [04:25<01:12,  7.24s/it]
Task 0, Epoch 41/50 => Loss 0.178, Train_accy 95.29:  80%|████████  | 40/50 [04:31<01:12,  7.24s/it]                 
Task 0, Epoch 41/50 => Loss 0.178, Train_accy 95.29:  82%|████████▏ | 41/50 [04:31<01:01,  6.84s/it]
Task 0, Epoch 42/50 => Loss 0.174, Train_accy 94.98:  82%|████████▏ | 41/50 [04:37<01:01,  6.84s/it]
Task 0, Epoch 42/50 => Loss 0.174, Train_accy 94.98:  84%|████████▍ | 42/50 [04:37<00:52,  6.56s/it]
Task 0, Epoch 43/50 => Loss 0.192, Train_accy 94.55:  84%|████████▍ | 42/50 [04:43<00:52,  6.56s/it]
Task 0, Epoch 43/50 => Loss 0.192, Train_accy 94.55:  86%|████████▌ | 43/50 [04:43<00:44,  6.36s/it]
Task 0, Epoch 44/50 => Loss 0.150, Train_accy 95.77:  86%|████████▌ | 43/50 [04:49<00:44,  6.36s/it]
Task 0, Epoch 44/50 => Loss 0.150, Train_accy 95.77:  88%|████████▊ | 44/50 [04:49<00:37,  6.23s/it]
Task 0, Epoch 45/50 => Loss 0.174, Train_accy 95.29, Test_accy 96.70:  88%|████████▊ | 44/50 [04:58<00:37,  6.23s/it]
Task 0, Epoch 45/50 => Loss 0.174, Train_accy 95.29, Test_accy 96.70:  90%|█████████ | 45/50 [04:58<00:35,  7.14s/it]
Task 0, Epoch 46/50 => Loss 0.165, Train_accy 95.13:  90%|█████████ | 45/50 [05:04<00:35,  7.14s/it]                 
Task 0, Epoch 46/50 => Loss 0.165, Train_accy 95.13:  92%|█████████▏| 46/50 [05:04<00:27,  6.75s/it]
Task 0, Epoch 47/50 => Loss 0.144, Train_accy 95.61:  92%|█████████▏| 46/50 [05:10<00:27,  6.75s/it]
Task 0, Epoch 47/50 => Loss 0.144, Train_accy 95.61:  94%|█████████▍| 47/50 [05:10<00:19,  6.53s/it]
Task 0, Epoch 48/50 => Loss 0.143, Train_accy 96.14:  94%|█████████▍| 47/50 [05:16<00:19,  6.53s/it]
Task 0, Epoch 48/50 => Loss 0.143, Train_accy 96.14:  96%|█████████▌| 48/50 [05:16<00:12,  6.35s/it]
Task 0, Epoch 49/50 => Loss 0.165, Train_accy 95.24:  96%|█████████▌| 48/50 [05:22<00:12,  6.35s/it]
Task 0, Epoch 49/50 => Loss 0.165, Train_accy 95.24:  98%|█████████▊| 49/50 [05:22<00:06,  6.21s/it]
Task 0, Epoch 50/50 => Loss 0.172, Train_accy 95.35, Test_accy 96.92:  98%|█████████▊| 49/50 [05:31<00:06,  6.21s/it]
Task 0, Epoch 50/50 => Loss 0.172, Train_accy 95.35, Test_accy 96.92: 100%|██████████| 50/50 [05:31<00:00,  7.12s/it]
Task 0, Epoch 50/50 => Loss 0.172, Train_accy 95.35, Test_accy 96.92: 100%|██████████| 50/50 [05:31<00:00,  6.63s/it]2025-02-06 13:08:50,972 [lae.py] => Task 0, Epoch 50/50 => Loss 0.172, Train_accy 95.35, Test_accy 96.92

2025-02-06 13:08:54,319 [trainer.py] => No NME accuracy.
2025-02-06 13:08:54,320 [trainer.py] => CNN: {'total': 96.92, '00-39': 96.92, 'old': 0, 'new': 96.92}
2025-02-06 13:08:54,320 [trainer.py] => CNN top1 curve: [96.92]
2025-02-06 13:08:54,320 [trainer.py] => CNN top5 curve: [99.56]

Average Accuracy (CNN): 96.92
2025-02-06 13:08:54,320 [trainer.py] => Average Accuracy (CNN): 96.92 

2025-02-06 13:08:54,322 [trainer.py] => All params: 85913956
2025-02-06 13:08:54,323 [trainer.py] => Trainable params: 73030
2025-02-06 13:08:54,326 [lae.py] => Learning on 40-80

  0%|          | 0/50 [00:00<?, ?it/s]
Task 1, Epoch 1/50 => Loss 3.489, Train_accy 15.35:   0%|          | 0/50 [00:07<?, ?it/s]
Task 1, Epoch 1/50 => Loss 3.489, Train_accy 15.35:   2%|▏         | 1/50 [00:07<05:44,  7.04s/it]
Task 1, Epoch 2/50 => Loss 1.658, Train_accy 61.20:   2%|▏         | 1/50 [00:12<05:44,  7.04s/it]
Task 1, Epoch 2/50 => Loss 1.658, Train_accy 61.20:   4%|▍         | 2/50 [00:12<05:03,  6.33s/it]
Task 1, Epoch 3/50 => Loss 0.836, Train_accy 81.31:   4%|▍         | 2/50 [00:18<05:03,  6.33s/it]
Task 1, Epoch 3/50 => Loss 0.836, Train_accy 81.31:   6%|▌         | 3/50 [00:18<04:47,  6.12s/it]
Task 1, Epoch 4/50 => Loss 0.590, Train_accy 86.66:   6%|▌         | 3/50 [00:24<04:47,  6.12s/it]
Task 1, Epoch 4/50 => Loss 0.590, Train_accy 86.66:   8%|▊         | 4/50 [00:24<04:36,  6.01s/it]
Task 1, Epoch 5/50 => Loss 0.507, Train_accy 88.25, Test_accy 77.58:   8%|▊         | 4/50 [00:36<04:36,  6.01s/it]
Task 1, Epoch 5/50 => Loss 0.507, Train_accy 88.25, Test_accy 77.58:  10%|█         | 5/50 [00:36<06:02,  8.06s/it]
Task 1, Epoch 6/50 => Loss 0.462, Train_accy 88.88:  10%|█         | 5/50 [00:42<06:02,  8.06s/it]                 
Task 1, Epoch 6/50 => Loss 0.462, Train_accy 88.88:  12%|█▏        | 6/50 [00:42<05:22,  7.33s/it]
Task 1, Epoch 7/50 => Loss 0.429, Train_accy 89.04:  12%|█▏        | 6/50 [00:48<05:22,  7.33s/it]
Task 1, Epoch 7/50 => Loss 0.429, Train_accy 89.04:  14%|█▍        | 7/50 [00:48<04:56,  6.91s/it]
Task 1, Epoch 8/50 => Loss 0.409, Train_accy 89.52:  14%|█▍        | 7/50 [00:54<04:56,  6.91s/it]
Task 1, Epoch 8/50 => Loss 0.409, Train_accy 89.52:  16%|█▌        | 8/50 [00:54<04:36,  6.57s/it]
Task 1, Epoch 9/50 => Loss 0.368, Train_accy 90.74:  16%|█▌        | 8/50 [01:00<04:36,  6.57s/it]
Task 1, Epoch 9/50 => Loss 0.368, Train_accy 90.74:  18%|█▊        | 9/50 [01:00<04:22,  6.41s/it]
Task 1, Epoch 10/50 => Loss 0.398, Train_accy 90.21, Test_accy 83.46:  18%|█▊        | 9/50 [01:11<04:22,  6.41s/it]
Task 1, Epoch 10/50 => Loss 0.398, Train_accy 90.21, Test_accy 83.46:  20%|██        | 10/50 [01:11<05:21,  8.04s/it]
Task 1, Epoch 11/50 => Loss 0.334, Train_accy 91.27:  20%|██        | 10/50 [01:17<05:21,  8.04s/it]                 
Task 1, Epoch 11/50 => Loss 0.334, Train_accy 91.27:  22%|██▏       | 11/50 [01:17<04:47,  7.38s/it]
Task 1, Epoch 12/50 => Loss 0.368, Train_accy 90.52:  22%|██▏       | 11/50 [01:23<04:47,  7.38s/it]
Task 1, Epoch 12/50 => Loss 0.368, Train_accy 90.52:  24%|██▍       | 12/50 [01:23<04:23,  6.94s/it]
Task 1, Epoch 13/50 => Loss 0.304, Train_accy 91.79:  24%|██▍       | 12/50 [01:29<04:23,  6.94s/it]
Task 1, Epoch 13/50 => Loss 0.304, Train_accy 91.79:  26%|██▌       | 13/50 [01:29<04:04,  6.61s/it]
Task 1, Epoch 14/50 => Loss 0.307, Train_accy 92.48:  26%|██▌       | 13/50 [01:35<04:04,  6.61s/it]
Task 1, Epoch 14/50 => Loss 0.307, Train_accy 92.48:  28%|██▊       | 14/50 [01:35<03:49,  6.37s/it]
Task 1, Epoch 15/50 => Loss 0.332, Train_accy 91.11, Test_accy 85.96:  28%|██▊       | 14/50 [01:46<03:49,  6.37s/it]
Task 1, Epoch 15/50 => Loss 0.332, Train_accy 91.11, Test_accy 85.96:  30%|███       | 15/50 [01:46<04:37,  7.93s/it]
Task 1, Epoch 16/50 => Loss 0.256, Train_accy 93.22:  30%|███       | 15/50 [01:52<04:37,  7.93s/it]                 
Task 1, Epoch 16/50 => Loss 0.256, Train_accy 93.22:  32%|███▏      | 16/50 [01:52<04:08,  7.31s/it]
Task 1, Epoch 17/50 => Loss 0.264, Train_accy 93.22:  32%|███▏      | 16/50 [01:58<04:08,  7.31s/it]
Task 1, Epoch 17/50 => Loss 0.264, Train_accy 93.22:  34%|███▍      | 17/50 [01:58<03:46,  6.88s/it]
Task 1, Epoch 18/50 => Loss 0.246, Train_accy 92.91:  34%|███▍      | 17/50 [02:04<03:46,  6.88s/it]
Task 1, Epoch 18/50 => Loss 0.246, Train_accy 92.91:  36%|███▌      | 18/50 [02:04<03:29,  6.55s/it]
Task 1, Epoch 19/50 => Loss 0.252, Train_accy 93.17:  36%|███▌      | 18/50 [02:10<03:29,  6.55s/it]
Task 1, Epoch 19/50 => Loss 0.252, Train_accy 93.17:  38%|███▊      | 19/50 [02:10<03:16,  6.33s/it]
Task 1, Epoch 20/50 => Loss 0.234, Train_accy 93.59, Test_accy 86.83:  38%|███▊      | 19/50 [02:21<03:16,  6.33s/it]
Task 1, Epoch 20/50 => Loss 0.234, Train_accy 93.59, Test_accy 86.83:  40%|████      | 20/50 [02:21<03:56,  7.89s/it]
Task 1, Epoch 21/50 => Loss 0.261, Train_accy 92.91:  40%|████      | 20/50 [02:27<03:56,  7.89s/it]                 
Task 1, Epoch 21/50 => Loss 0.261, Train_accy 92.91:  42%|████▏     | 21/50 [02:27<03:31,  7.29s/it]
Task 1, Epoch 22/50 => Loss 0.254, Train_accy 93.07:  42%|████▏     | 21/50 [02:33<03:31,  7.29s/it]
Task 1, Epoch 22/50 => Loss 0.254, Train_accy 93.07:  44%|████▍     | 22/50 [02:33<03:13,  6.91s/it]
Task 1, Epoch 23/50 => Loss 0.259, Train_accy 93.07:  44%|████▍     | 22/50 [02:39<03:13,  6.91s/it]
Task 1, Epoch 23/50 => Loss 0.259, Train_accy 93.07:  46%|████▌     | 23/50 [02:39<02:57,  6.58s/it]
Task 1, Epoch 24/50 => Loss 0.226, Train_accy 93.81:  46%|████▌     | 23/50 [02:45<02:57,  6.58s/it]
Task 1, Epoch 24/50 => Loss 0.226, Train_accy 93.81:  48%|████▊     | 24/50 [02:45<02:44,  6.35s/it]
Task 1, Epoch 25/50 => Loss 0.240, Train_accy 93.70, Test_accy 87.81:  48%|████▊     | 24/50 [02:56<02:44,  6.35s/it]
Task 1, Epoch 25/50 => Loss 0.240, Train_accy 93.70, Test_accy 87.81:  50%|█████     | 25/50 [02:56<03:17,  7.90s/it]
Task 1, Epoch 26/50 => Loss 0.216, Train_accy 93.86:  50%|█████     | 25/50 [03:02<03:17,  7.90s/it]                 
Task 1, Epoch 26/50 => Loss 0.216, Train_accy 93.86:  52%|█████▏    | 26/50 [03:02<02:54,  7.28s/it]
Task 1, Epoch 27/50 => Loss 0.239, Train_accy 93.97:  52%|█████▏    | 26/50 [03:08<02:54,  7.28s/it]
Task 1, Epoch 27/50 => Loss 0.239, Train_accy 93.97:  54%|█████▍    | 27/50 [03:08<02:37,  6.83s/it]
Task 1, Epoch 28/50 => Loss 0.247, Train_accy 93.12:  54%|█████▍    | 27/50 [03:14<02:37,  6.83s/it]
Task 1, Epoch 28/50 => Loss 0.247, Train_accy 93.12:  56%|█████▌    | 28/50 [03:14<02:23,  6.53s/it]
Task 1, Epoch 29/50 => Loss 0.213, Train_accy 94.18:  56%|█████▌    | 28/50 [03:20<02:23,  6.53s/it]
Task 1, Epoch 29/50 => Loss 0.213, Train_accy 94.18:  58%|█████▊    | 29/50 [03:20<02:12,  6.31s/it]
Task 1, Epoch 30/50 => Loss 0.229, Train_accy 93.91, Test_accy 89.23:  58%|█████▊    | 29/50 [03:31<02:12,  6.31s/it]
Task 1, Epoch 30/50 => Loss 0.229, Train_accy 93.91, Test_accy 89.23:  60%|██████    | 30/50 [03:31<02:37,  7.88s/it]
Task 1, Epoch 31/50 => Loss 0.191, Train_accy 94.60:  60%|██████    | 30/50 [03:37<02:37,  7.88s/it]                 
Task 1, Epoch 31/50 => Loss 0.191, Train_accy 94.60:  62%|██████▏   | 31/50 [03:37<02:19,  7.33s/it]
Task 1, Epoch 32/50 => Loss 0.207, Train_accy 94.44:  62%|██████▏   | 31/50 [03:43<02:19,  7.33s/it]
Task 1, Epoch 32/50 => Loss 0.207, Train_accy 94.44:  64%|██████▍   | 32/50 [03:43<02:03,  6.87s/it]
Task 1, Epoch 33/50 => Loss 0.208, Train_accy 94.18:  64%|██████▍   | 32/50 [03:49<02:03,  6.87s/it]
Task 1, Epoch 33/50 => Loss 0.208, Train_accy 94.18:  66%|██████▌   | 33/50 [03:49<01:51,  6.54s/it]
Task 1, Epoch 34/50 => Loss 0.188, Train_accy 94.92:  66%|██████▌   | 33/50 [03:54<01:51,  6.54s/it]
Task 1, Epoch 34/50 => Loss 0.188, Train_accy 94.92:  68%|██████▊   | 34/50 [03:54<01:41,  6.32s/it]
Task 1, Epoch 35/50 => Loss 0.232, Train_accy 94.02, Test_accy 89.34:  68%|██████▊   | 34/50 [04:06<01:41,  6.32s/it]
Task 1, Epoch 35/50 => Loss 0.232, Train_accy 94.02, Test_accy 89.34:  70%|███████   | 35/50 [04:06<01:58,  7.89s/it]
Task 1, Epoch 36/50 => Loss 0.216, Train_accy 94.07:  70%|███████   | 35/50 [04:12<01:58,  7.89s/it]                 
Task 1, Epoch 36/50 => Loss 0.216, Train_accy 94.07:  72%|███████▏  | 36/50 [04:12<01:41,  7.27s/it]
Task 1, Epoch 37/50 => Loss 0.203, Train_accy 94.97:  72%|███████▏  | 36/50 [04:18<01:41,  7.27s/it]
Task 1, Epoch 37/50 => Loss 0.203, Train_accy 94.97:  74%|███████▍  | 37/50 [04:18<01:29,  6.87s/it]
Task 1, Epoch 38/50 => Loss 0.186, Train_accy 95.18:  74%|███████▍  | 37/50 [04:24<01:29,  6.87s/it]
Task 1, Epoch 38/50 => Loss 0.186, Train_accy 95.18:  76%|███████▌  | 38/50 [04:24<01:18,  6.55s/it]
Task 1, Epoch 39/50 => Loss 0.171, Train_accy 95.29:  76%|███████▌  | 38/50 [04:29<01:18,  6.55s/it]
Task 1, Epoch 39/50 => Loss 0.171, Train_accy 95.29:  78%|███████▊  | 39/50 [04:29<01:09,  6.32s/it]
Task 1, Epoch 40/50 => Loss 0.200, Train_accy 94.34, Test_accy 89.55:  78%|███████▊  | 39/50 [04:41<01:09,  6.32s/it]
Task 1, Epoch 40/50 => Loss 0.200, Train_accy 94.34, Test_accy 89.55:  80%|████████  | 40/50 [04:41<01:18,  7.87s/it]
Task 1, Epoch 41/50 => Loss 0.196, Train_accy 94.28:  80%|████████  | 40/50 [04:47<01:18,  7.87s/it]                 
Task 1, Epoch 41/50 => Loss 0.196, Train_accy 94.28:  82%|████████▏ | 41/50 [04:47<01:05,  7.29s/it]
Task 1, Epoch 42/50 => Loss 0.163, Train_accy 95.45:  82%|████████▏ | 41/50 [04:53<01:05,  7.29s/it]
Task 1, Epoch 42/50 => Loss 0.163, Train_accy 95.45:  84%|████████▍ | 42/50 [04:53<00:54,  6.85s/it]
Task 1, Epoch 43/50 => Loss 0.185, Train_accy 95.24:  84%|████████▍ | 42/50 [04:59<00:54,  6.85s/it]
Task 1, Epoch 43/50 => Loss 0.185, Train_accy 95.24:  86%|████████▌ | 43/50 [04:59<00:45,  6.57s/it]
Task 1, Epoch 44/50 => Loss 0.192, Train_accy 94.60:  86%|████████▌ | 43/50 [05:04<00:45,  6.57s/it]
Task 1, Epoch 44/50 => Loss 0.192, Train_accy 94.60:  88%|████████▊ | 44/50 [05:04<00:38,  6.34s/it]
Task 1, Epoch 45/50 => Loss 0.196, Train_accy 94.44, Test_accy 89.55:  88%|████████▊ | 44/50 [05:16<00:38,  6.34s/it]
Task 1, Epoch 45/50 => Loss 0.196, Train_accy 94.44, Test_accy 89.55:  90%|█████████ | 45/50 [05:16<00:39,  7.86s/it]
Task 1, Epoch 46/50 => Loss 0.204, Train_accy 94.49:  90%|█████████ | 45/50 [05:22<00:39,  7.86s/it]                 
Task 1, Epoch 46/50 => Loss 0.204, Train_accy 94.49:  92%|█████████▏| 46/50 [05:22<00:29,  7.25s/it]
Task 1, Epoch 47/50 => Loss 0.193, Train_accy 95.02:  92%|█████████▏| 46/50 [05:27<00:29,  7.25s/it]
Task 1, Epoch 47/50 => Loss 0.193, Train_accy 95.02:  94%|█████████▍| 47/50 [05:27<00:20,  6.82s/it]
Task 1, Epoch 48/50 => Loss 0.188, Train_accy 95.08:  94%|█████████▍| 47/50 [05:33<00:20,  6.82s/it]
Task 1, Epoch 48/50 => Loss 0.188, Train_accy 95.08:  96%|█████████▌| 48/50 [05:33<00:13,  6.51s/it]
Task 1, Epoch 49/50 => Loss 0.167, Train_accy 95.76:  96%|█████████▌| 48/50 [05:39<00:13,  6.51s/it]
Task 1, Epoch 49/50 => Loss 0.167, Train_accy 95.76:  98%|█████████▊| 49/50 [05:39<00:06,  6.30s/it]
Task 1, Epoch 50/50 => Loss 0.201, Train_accy 94.18, Test_accy 89.88:  98%|█████████▊| 49/50 [05:50<00:06,  6.30s/it]
Task 1, Epoch 50/50 => Loss 0.201, Train_accy 94.18, Test_accy 89.88: 100%|██████████| 50/50 [05:50<00:00,  7.85s/it]
Task 1, Epoch 50/50 => Loss 0.201, Train_accy 94.18, Test_accy 89.88: 100%|██████████| 50/50 [05:50<00:00,  7.02s/it]2025-02-06 13:14:45,298 [lae.py] => Task 1, Epoch 50/50 => Loss 0.201, Train_accy 94.18, Test_accy 89.88

2025-02-06 13:14:50,961 [trainer.py] => No NME accuracy.
2025-02-06 13:14:50,962 [trainer.py] => CNN: {'total': 89.88, '00-39': 92.07, '40-79': 87.74, 'old': 92.07, 'new': 87.74}
2025-02-06 13:14:50,962 [trainer.py] => CNN top1 curve: [96.92, 89.88]
2025-02-06 13:14:50,962 [trainer.py] => CNN top5 curve: [99.56, 98.91]

Average Accuracy (CNN): 93.4
2025-02-06 13:14:50,962 [trainer.py] => Average Accuracy (CNN): 93.4 

2025-02-06 13:14:50,965 [trainer.py] => All params: 85944716
2025-02-06 13:14:50,966 [trainer.py] => Trainable params: 103790
2025-02-06 13:14:50,970 [lae.py] => Learning on 80-120

  0%|          | 0/50 [00:00<?, ?it/s]
Task 2, Epoch 1/50 => Loss 3.530, Train_accy 15.92:   0%|          | 0/50 [00:06<?, ?it/s]
Task 2, Epoch 1/50 => Loss 3.530, Train_accy 15.92:   2%|▏         | 1/50 [00:06<05:26,  6.66s/it]
Task 2, Epoch 2/50 => Loss 1.571, Train_accy 63.77:   2%|▏         | 1/50 [00:12<05:26,  6.66s/it]
Task 2, Epoch 2/50 => Loss 1.571, Train_accy 63.77:   4%|▍         | 2/50 [00:12<04:58,  6.21s/it]
Task 2, Epoch 3/50 => Loss 0.847, Train_accy 78.67:   4%|▍         | 2/50 [00:18<04:58,  6.21s/it]
Task 2, Epoch 3/50 => Loss 0.847, Train_accy 78.67:   6%|▌         | 3/50 [00:18<04:41,  6.00s/it]
Task 2, Epoch 4/50 => Loss 0.620, Train_accy 83.17:   6%|▌         | 3/50 [00:24<04:41,  6.00s/it]
Task 2, Epoch 4/50 => Loss 0.620, Train_accy 83.17:   8%|▊         | 4/50 [00:24<04:31,  5.90s/it]
Task 2, Epoch 5/50 => Loss 0.545, Train_accy 84.78, Test_accy 72.81:   8%|▊         | 4/50 [00:37<04:31,  5.90s/it]
Task 2, Epoch 5/50 => Loss 0.545, Train_accy 84.78, Test_accy 72.81:  10%|█         | 5/50 [00:37<06:35,  8.78s/it]
Task 2, Epoch 6/50 => Loss 0.457, Train_accy 87.25:  10%|█         | 5/50 [00:43<06:35,  8.78s/it]                 
Task 2, Epoch 6/50 => Loss 0.457, Train_accy 87.25:  12%|█▏        | 6/50 [00:43<05:41,  7.76s/it]
Task 2, Epoch 7/50 => Loss 0.444, Train_accy 87.03:  12%|█▏        | 6/50 [00:49<05:41,  7.76s/it]
Task 2, Epoch 7/50 => Loss 0.444, Train_accy 87.03:  14%|█▍        | 7/50 [00:49<05:04,  7.08s/it]
Task 2, Epoch 8/50 => Loss 0.370, Train_accy 89.39:  14%|█▍        | 7/50 [00:55<05:04,  7.08s/it]
Task 2, Epoch 8/50 => Loss 0.370, Train_accy 89.39:  16%|█▌        | 8/50 [00:55<04:39,  6.65s/it]
Task 2, Epoch 9/50 => Loss 0.382, Train_accy 89.82:  16%|█▌        | 8/50 [01:00<04:39,  6.65s/it]
Task 2, Epoch 9/50 => Loss 0.382, Train_accy 89.82:  18%|█▊        | 9/50 [01:00<04:20,  6.35s/it]
Task 2, Epoch 10/50 => Loss 0.352, Train_accy 89.82, Test_accy 77.05:  18%|█▊        | 9/50 [01:14<04:20,  6.35s/it]
Task 2, Epoch 10/50 => Loss 0.352, Train_accy 89.82, Test_accy 77.05:  20%|██        | 10/50 [01:14<05:48,  8.71s/it]
Task 2, Epoch 11/50 => Loss 0.322, Train_accy 91.05:  20%|██        | 10/50 [01:20<05:48,  8.71s/it]                 
Task 2, Epoch 11/50 => Loss 0.322, Train_accy 91.05:  22%|██▏       | 11/50 [01:20<05:03,  7.79s/it]
Task 2, Epoch 12/50 => Loss 0.317, Train_accy 91.26:  22%|██▏       | 11/50 [01:26<05:03,  7.79s/it]
Task 2, Epoch 12/50 => Loss 0.317, Train_accy 91.26:  24%|██▍       | 12/50 [01:26<04:32,  7.16s/it]
Task 2, Epoch 13/50 => Loss 0.325, Train_accy 90.73:  24%|██▍       | 12/50 [01:32<04:32,  7.16s/it]
Task 2, Epoch 13/50 => Loss 0.325, Train_accy 90.73:  26%|██▌       | 13/50 [01:32<04:09,  6.74s/it]
Task 2, Epoch 14/50 => Loss 0.301, Train_accy 92.12:  26%|██▌       | 13/50 [01:37<04:09,  6.74s/it]
Task 2, Epoch 14/50 => Loss 0.301, Train_accy 92.12:  28%|██▊       | 14/50 [01:37<03:51,  6.43s/it]
Task 2, Epoch 15/50 => Loss 0.288, Train_accy 92.18, Test_accy 79.10:  28%|██▊       | 14/50 [01:51<03:51,  6.43s/it]
Task 2, Epoch 15/50 => Loss 0.288, Train_accy 92.18, Test_accy 79.10:  30%|███       | 15/50 [01:51<05:05,  8.73s/it]
Task 2, Epoch 16/50 => Loss 0.258, Train_accy 92.60:  30%|███       | 15/50 [01:57<05:05,  8.73s/it]                 
Task 2, Epoch 16/50 => Loss 0.258, Train_accy 92.60:  32%|███▏      | 16/50 [01:57<04:27,  7.87s/it]
Task 2, Epoch 17/50 => Loss 0.267, Train_accy 91.75:  32%|███▏      | 16/50 [02:03<04:27,  7.87s/it]
Task 2, Epoch 17/50 => Loss 0.267, Train_accy 91.75:  34%|███▍      | 17/50 [02:03<03:58,  7.23s/it]
Task 2, Epoch 18/50 => Loss 0.276, Train_accy 92.28:  34%|███▍      | 17/50 [02:09<03:58,  7.23s/it]
Task 2, Epoch 18/50 => Loss 0.276, Train_accy 92.28:  36%|███▌      | 18/50 [02:09<03:36,  6.77s/it]
Task 2, Epoch 19/50 => Loss 0.271, Train_accy 92.34:  36%|███▌      | 18/50 [02:14<03:36,  6.77s/it]
Task 2, Epoch 19/50 => Loss 0.271, Train_accy 92.34:  38%|███▊      | 19/50 [02:14<03:20,  6.47s/it]
Task 2, Epoch 20/50 => Loss 0.234, Train_accy 92.87, Test_accy 80.79:  38%|███▊      | 19/50 [02:28<03:20,  6.47s/it]
Task 2, Epoch 20/50 => Loss 0.234, Train_accy 92.87, Test_accy 80.79:  40%|████      | 20/50 [02:28<04:22,  8.74s/it]
Task 2, Epoch 21/50 => Loss 0.257, Train_accy 92.98:  40%|████      | 20/50 [02:34<04:22,  8.74s/it]                 
Task 2, Epoch 21/50 => Loss 0.257, Train_accy 92.98:  42%|████▏     | 21/50 [02:34<03:47,  7.85s/it]
Task 2, Epoch 22/50 => Loss 0.250, Train_accy 92.82:  42%|████▏     | 21/50 [02:40<03:47,  7.85s/it]
Task 2, Epoch 22/50 => Loss 0.250, Train_accy 92.82:  44%|████▍     | 22/50 [02:40<03:22,  7.22s/it]
Task 2, Epoch 23/50 => Loss 0.236, Train_accy 93.68:  44%|████▍     | 22/50 [02:46<03:22,  7.22s/it]
Task 2, Epoch 23/50 => Loss 0.236, Train_accy 93.68:  46%|████▌     | 23/50 [02:46<03:02,  6.77s/it]
Task 2, Epoch 24/50 => Loss 0.255, Train_accy 92.44:  46%|████▌     | 23/50 [02:51<03:02,  6.77s/it]
Task 2, Epoch 24/50 => Loss 0.255, Train_accy 92.44:  48%|████▊     | 24/50 [02:51<02:48,  6.48s/it]
Task 2, Epoch 25/50 => Loss 0.222, Train_accy 93.78, Test_accy 82.13:  48%|████▊     | 24/50 [03:05<02:48,  6.48s/it]
Task 2, Epoch 25/50 => Loss 0.222, Train_accy 93.78, Test_accy 82.13:  50%|█████     | 25/50 [03:05<03:38,  8.74s/it]
Task 2, Epoch 26/50 => Loss 0.220, Train_accy 93.14:  50%|█████     | 25/50 [03:11<03:38,  8.74s/it]                 
Task 2, Epoch 26/50 => Loss 0.220, Train_accy 93.14:  52%|█████▏    | 26/50 [03:11<03:08,  7.86s/it]
Task 2, Epoch 27/50 => Loss 0.247, Train_accy 93.52:  52%|█████▏    | 26/50 [03:17<03:08,  7.86s/it]
Task 2, Epoch 27/50 => Loss 0.247, Train_accy 93.52:  54%|█████▍    | 27/50 [03:17<02:46,  7.22s/it]
Task 2, Epoch 28/50 => Loss 0.203, Train_accy 94.16:  54%|█████▍    | 27/50 [03:23<02:46,  7.22s/it]
Task 2, Epoch 28/50 => Loss 0.203, Train_accy 94.16:  56%|█████▌    | 28/50 [03:23<02:29,  6.79s/it]
Task 2, Epoch 29/50 => Loss 0.206, Train_accy 94.11:  56%|█████▌    | 28/50 [03:29<02:29,  6.79s/it]
Task 2, Epoch 29/50 => Loss 0.206, Train_accy 94.11:  58%|█████▊    | 29/50 [03:29<02:18,  6.58s/it]
Task 2, Epoch 30/50 => Loss 0.192, Train_accy 94.80, Test_accy 82.06:  58%|█████▊    | 29/50 [03:43<02:18,  6.58s/it]
Task 2, Epoch 30/50 => Loss 0.192, Train_accy 94.80, Test_accy 82.06:  60%|██████    | 30/50 [03:43<02:56,  8.83s/it]
Task 2, Epoch 31/50 => Loss 0.192, Train_accy 94.69:  60%|██████    | 30/50 [03:49<02:56,  8.83s/it]                 
Task 2, Epoch 31/50 => Loss 0.192, Train_accy 94.69:  62%|██████▏   | 31/50 [03:49<02:30,  7.91s/it]
Task 2, Epoch 32/50 => Loss 0.203, Train_accy 94.43:  62%|██████▏   | 31/50 [03:55<02:30,  7.91s/it]
Task 2, Epoch 32/50 => Loss 0.203, Train_accy 94.43:  64%|██████▍   | 32/50 [03:55<02:12,  7.34s/it]
Task 2, Epoch 33/50 => Loss 0.199, Train_accy 94.32:  64%|██████▍   | 32/50 [04:01<02:12,  7.34s/it]
Task 2, Epoch 33/50 => Loss 0.199, Train_accy 94.32:  66%|██████▌   | 33/50 [04:01<01:57,  6.93s/it]
Task 2, Epoch 34/50 => Loss 0.228, Train_accy 94.11:  66%|██████▌   | 33/50 [04:07<01:57,  6.93s/it]
Task 2, Epoch 34/50 => Loss 0.228, Train_accy 94.11:  68%|██████▊   | 34/50 [04:07<01:45,  6.60s/it]
Task 2, Epoch 35/50 => Loss 0.222, Train_accy 94.00, Test_accy 83.19:  68%|██████▊   | 34/50 [04:21<01:45,  6.60s/it]
Task 2, Epoch 35/50 => Loss 0.222, Train_accy 94.00, Test_accy 83.19:  70%|███████   | 35/50 [04:21<02:12,  8.86s/it]
Task 2, Epoch 36/50 => Loss 0.188, Train_accy 94.96:  70%|███████   | 35/50 [04:26<02:12,  8.86s/it]                 
Task 2, Epoch 36/50 => Loss 0.188, Train_accy 94.96:  72%|███████▏  | 36/50 [04:26<01:50,  7.93s/it]
Task 2, Epoch 37/50 => Loss 0.186, Train_accy 94.91:  72%|███████▏  | 36/50 [04:32<01:50,  7.93s/it]
Task 2, Epoch 37/50 => Loss 0.186, Train_accy 94.91:  74%|███████▍  | 37/50 [04:32<01:34,  7.28s/it]
Task 2, Epoch 38/50 => Loss 0.190, Train_accy 94.21:  74%|███████▍  | 37/50 [04:38<01:34,  7.28s/it]
Task 2, Epoch 38/50 => Loss 0.190, Train_accy 94.21:  76%|███████▌  | 38/50 [04:38<01:21,  6.82s/it]
Task 2, Epoch 39/50 => Loss 0.191, Train_accy 95.23:  76%|███████▌  | 38/50 [04:44<01:21,  6.82s/it]
Task 2, Epoch 39/50 => Loss 0.191, Train_accy 95.23:  78%|███████▊  | 39/50 [04:44<01:11,  6.51s/it]
Task 2, Epoch 40/50 => Loss 0.244, Train_accy 93.14, Test_accy 84.18:  78%|███████▊  | 39/50 [04:58<01:11,  6.51s/it]
Task 2, Epoch 40/50 => Loss 0.244, Train_accy 93.14, Test_accy 84.18:  80%|████████  | 40/50 [04:58<01:27,  8.79s/it]
Task 2, Epoch 41/50 => Loss 0.206, Train_accy 94.05:  80%|████████  | 40/50 [05:04<01:27,  8.79s/it]                 
Task 2, Epoch 41/50 => Loss 0.206, Train_accy 94.05:  82%|████████▏ | 41/50 [05:04<01:11,  7.90s/it]
Task 2, Epoch 42/50 => Loss 0.181, Train_accy 95.02:  82%|████████▏ | 41/50 [05:09<01:11,  7.90s/it]
Task 2, Epoch 42/50 => Loss 0.181, Train_accy 95.02:  84%|████████▍ | 42/50 [05:09<00:58,  7.28s/it]
Task 2, Epoch 43/50 => Loss 0.180, Train_accy 95.23:  84%|████████▍ | 42/50 [05:15<00:58,  7.28s/it]
Task 2, Epoch 43/50 => Loss 0.180, Train_accy 95.23:  86%|████████▌ | 43/50 [05:15<00:47,  6.82s/it]
Task 2, Epoch 44/50 => Loss 0.152, Train_accy 95.98:  86%|████████▌ | 43/50 [05:21<00:47,  6.82s/it]
Task 2, Epoch 44/50 => Loss 0.152, Train_accy 95.98:  88%|████████▊ | 44/50 [05:21<00:39,  6.51s/it]
Task 2, Epoch 45/50 => Loss 0.178, Train_accy 95.28, Test_accy 84.68:  88%|████████▊ | 44/50 [05:35<00:39,  6.51s/it]
Task 2, Epoch 45/50 => Loss 0.178, Train_accy 95.28, Test_accy 84.68:  90%|█████████ | 45/50 [05:35<00:44,  8.82s/it]
Task 2, Epoch 46/50 => Loss 0.175, Train_accy 95.28:  90%|█████████ | 45/50 [05:41<00:44,  8.82s/it]                 
Task 2, Epoch 46/50 => Loss 0.175, Train_accy 95.28:  92%|█████████▏| 46/50 [05:41<00:31,  7.91s/it]
Task 2, Epoch 47/50 => Loss 0.163, Train_accy 95.39:  92%|█████████▏| 46/50 [05:47<00:31,  7.91s/it]
Task 2, Epoch 47/50 => Loss 0.163, Train_accy 95.39:  94%|█████████▍| 47/50 [05:47<00:21,  7.29s/it]
Task 2, Epoch 48/50 => Loss 0.174, Train_accy 95.39:  94%|█████████▍| 47/50 [05:53<00:21,  7.29s/it]
Task 2, Epoch 48/50 => Loss 0.174, Train_accy 95.39:  96%|█████████▌| 48/50 [05:53<00:13,  6.84s/it]
Task 2, Epoch 49/50 => Loss 0.144, Train_accy 95.93:  96%|█████████▌| 48/50 [05:59<00:13,  6.84s/it]
Task 2, Epoch 49/50 => Loss 0.144, Train_accy 95.93:  98%|█████████▊| 49/50 [05:59<00:06,  6.54s/it]
Task 2, Epoch 50/50 => Loss 0.172, Train_accy 95.18, Test_accy 85.03:  98%|█████████▊| 49/50 [06:13<00:06,  6.54s/it]
Task 2, Epoch 50/50 => Loss 0.172, Train_accy 95.18, Test_accy 85.03: 100%|██████████| 50/50 [06:13<00:00,  8.91s/it]
Task 2, Epoch 50/50 => Loss 0.172, Train_accy 95.18, Test_accy 85.03: 100%|██████████| 50/50 [06:13<00:00,  7.47s/it]2025-02-06 13:21:04,429 [lae.py] => Task 2, Epoch 50/50 => Loss 0.172, Train_accy 95.18, Test_accy 85.03

2025-02-06 13:21:12,771 [trainer.py] => No NME accuracy.
2025-02-06 13:21:12,772 [trainer.py] => CNN: {'total': 85.03, '00-39': 90.53, '40-79': 83.44, '80-119': 81.49, 'old': 86.94, 'new': 81.49}
2025-02-06 13:21:12,772 [trainer.py] => CNN top1 curve: [96.92, 89.88, 85.03]
2025-02-06 13:21:12,772 [trainer.py] => CNN top5 curve: [99.56, 98.91, 98.66]

Average Accuracy (CNN): 90.61
2025-02-06 13:21:12,772 [trainer.py] => Average Accuracy (CNN): 90.61 

2025-02-06 13:21:12,773 [trainer.py] => All params: 85975476
2025-02-06 13:21:12,773 [trainer.py] => Trainable params: 134550
2025-02-06 13:21:12,776 [lae.py] => Learning on 120-160

  0%|          | 0/50 [00:00<?, ?it/s]
Task 3, Epoch 1/50 => Loss 3.591, Train_accy 15.05:   0%|          | 0/50 [00:07<?, ?it/s]
Task 3, Epoch 1/50 => Loss 3.591, Train_accy 15.05:   2%|▏         | 1/50 [00:07<05:54,  7.23s/it]
Task 3, Epoch 2/50 => Loss 1.742, Train_accy 56.35:   2%|▏         | 1/50 [00:13<05:54,  7.23s/it]
Task 3, Epoch 2/50 => Loss 1.742, Train_accy 56.35:   4%|▍         | 2/50 [00:13<05:12,  6.51s/it]
Task 3, Epoch 3/50 => Loss 1.036, Train_accy 73.53:   4%|▍         | 2/50 [00:19<05:12,  6.51s/it]
Task 3, Epoch 3/50 => Loss 1.036, Train_accy 73.53:   6%|▌         | 3/50 [00:19<04:50,  6.18s/it]
Task 3, Epoch 4/50 => Loss 0.738, Train_accy 79.78:   6%|▌         | 3/50 [00:24<04:50,  6.18s/it]
Task 3, Epoch 4/50 => Loss 0.738, Train_accy 79.78:   8%|▊         | 4/50 [00:24<04:37,  6.03s/it]
Task 3, Epoch 5/50 => Loss 0.673, Train_accy 82.50, Test_accy 71.44:   8%|▊         | 4/50 [00:41<04:37,  6.03s/it]
Task 3, Epoch 5/50 => Loss 0.673, Train_accy 82.50, Test_accy 71.44:  10%|█         | 5/50 [00:41<07:26,  9.92s/it]
Task 3, Epoch 6/50 => Loss 0.556, Train_accy 84.95:  10%|█         | 5/50 [00:47<07:26,  9.92s/it]                 
Task 3, Epoch 6/50 => Loss 0.556, Train_accy 84.95:  12%|█▏        | 6/50 [00:47<06:15,  8.54s/it]
Task 3, Epoch 7/50 => Loss 0.517, Train_accy 85.97:  12%|█▏        | 6/50 [00:53<06:15,  8.54s/it]
Task 3, Epoch 7/50 => Loss 0.517, Train_accy 85.97:  14%|█▍        | 7/50 [00:53<05:29,  7.66s/it]
Task 3, Epoch 8/50 => Loss 0.482, Train_accy 87.73:  14%|█▍        | 7/50 [00:59<05:29,  7.66s/it]
Task 3, Epoch 8/50 => Loss 0.482, Train_accy 87.73:  16%|█▌        | 8/50 [00:59<04:57,  7.08s/it]
Task 3, Epoch 9/50 => Loss 0.465, Train_accy 87.89:  16%|█▌        | 8/50 [01:05<04:57,  7.08s/it]
Task 3, Epoch 9/50 => Loss 0.465, Train_accy 87.89:  18%|█▊        | 9/50 [01:05<04:34,  6.69s/it]
Task 3, Epoch 10/50 => Loss 0.461, Train_accy 87.89, Test_accy 76.10:  18%|█▊        | 9/50 [01:21<04:34,  6.69s/it]
Task 3, Epoch 10/50 => Loss 0.461, Train_accy 87.89, Test_accy 76.10:  20%|██        | 10/50 [01:21<06:33,  9.84s/it]
Task 3, Epoch 11/50 => Loss 0.415, Train_accy 88.63:  20%|██        | 10/50 [01:27<06:33,  9.84s/it]                 
Task 3, Epoch 11/50 => Loss 0.415, Train_accy 88.63:  22%|██▏       | 11/50 [01:27<05:36,  8.63s/it]
Task 3, Epoch 12/50 => Loss 0.464, Train_accy 88.31:  22%|██▏       | 11/50 [01:33<05:36,  8.63s/it]
Task 3, Epoch 12/50 => Loss 0.464, Train_accy 88.31:  24%|██▍       | 12/50 [01:33<04:55,  7.78s/it]
Task 3, Epoch 13/50 => Loss 0.381, Train_accy 89.27:  24%|██▍       | 12/50 [01:39<04:55,  7.78s/it]
Task 3, Epoch 13/50 => Loss 0.381, Train_accy 89.27:  26%|██▌       | 13/50 [01:39<04:26,  7.19s/it]
Task 3, Epoch 14/50 => Loss 0.392, Train_accy 89.97:  26%|██▌       | 13/50 [01:45<04:26,  7.19s/it]
Task 3, Epoch 14/50 => Loss 0.392, Train_accy 89.97:  28%|██▊       | 14/50 [01:45<04:04,  6.78s/it]
Task 3, Epoch 15/50 => Loss 0.366, Train_accy 90.23, Test_accy 78.69:  28%|██▊       | 14/50 [02:01<04:04,  6.78s/it]
Task 3, Epoch 15/50 => Loss 0.366, Train_accy 90.23, Test_accy 78.69:  30%|███       | 15/50 [02:01<05:41,  9.76s/it]
Task 3, Epoch 16/50 => Loss 0.364, Train_accy 90.07:  30%|███       | 15/50 [02:07<05:41,  9.76s/it]                 
Task 3, Epoch 16/50 => Loss 0.364, Train_accy 90.07:  32%|███▏      | 16/50 [02:07<04:51,  8.58s/it]
Task 3, Epoch 17/50 => Loss 0.338, Train_accy 90.77:  32%|███▏      | 16/50 [02:13<04:51,  8.58s/it]
Task 3, Epoch 17/50 => Loss 0.338, Train_accy 90.77:  34%|███▍      | 17/50 [02:13<04:15,  7.74s/it]
Task 3, Epoch 18/50 => Loss 0.306, Train_accy 91.46:  34%|███▍      | 17/50 [02:19<04:15,  7.74s/it]
Task 3, Epoch 18/50 => Loss 0.306, Train_accy 91.46:  36%|███▌      | 18/50 [02:19<03:50,  7.20s/it]
Task 3, Epoch 19/50 => Loss 0.326, Train_accy 90.88:  36%|███▌      | 18/50 [02:25<03:50,  7.20s/it]
Task 3, Epoch 19/50 => Loss 0.326, Train_accy 90.88:  38%|███▊      | 19/50 [02:25<03:30,  6.78s/it]
Task 3, Epoch 20/50 => Loss 0.300, Train_accy 91.73, Test_accy 79.59:  38%|███▊      | 19/50 [02:42<03:30,  6.78s/it]
Task 3, Epoch 20/50 => Loss 0.300, Train_accy 91.73, Test_accy 79.59:  40%|████      | 20/50 [02:42<04:54,  9.81s/it]
Task 3, Epoch 21/50 => Loss 0.310, Train_accy 91.68:  40%|████      | 20/50 [02:48<04:54,  9.81s/it]                 
Task 3, Epoch 21/50 => Loss 0.310, Train_accy 91.68:  42%|████▏     | 21/50 [02:48<04:11,  8.67s/it]
Task 3, Epoch 22/50 => Loss 0.296, Train_accy 92.21:  42%|████▏     | 21/50 [02:54<04:11,  8.67s/it]
Task 3, Epoch 22/50 => Loss 0.296, Train_accy 92.21:  44%|████▍     | 22/50 [02:54<03:38,  7.81s/it]
Task 3, Epoch 23/50 => Loss 0.291, Train_accy 92.16:  44%|████▍     | 22/50 [02:59<03:38,  7.81s/it]
Task 3, Epoch 23/50 => Loss 0.291, Train_accy 92.16:  46%|████▌     | 23/50 [02:59<03:14,  7.20s/it]
Task 3, Epoch 24/50 => Loss 0.279, Train_accy 92.42:  46%|████▌     | 23/50 [03:05<03:14,  7.20s/it]
Task 3, Epoch 24/50 => Loss 0.279, Train_accy 92.42:  48%|████▊     | 24/50 [03:05<02:56,  6.78s/it]
Task 3, Epoch 25/50 => Loss 0.286, Train_accy 92.16, Test_accy 80.91:  48%|████▊     | 24/50 [03:22<02:56,  6.78s/it]
Task 3, Epoch 25/50 => Loss 0.286, Train_accy 92.16, Test_accy 80.91:  50%|█████     | 25/50 [03:22<04:01,  9.67s/it]
Task 3, Epoch 26/50 => Loss 0.293, Train_accy 92.48:  50%|█████     | 25/50 [03:27<04:01,  9.67s/it]                 
Task 3, Epoch 26/50 => Loss 0.293, Train_accy 92.48:  52%|█████▏    | 26/50 [03:27<03:23,  8.50s/it]
Task 3, Epoch 27/50 => Loss 0.254, Train_accy 92.58:  52%|█████▏    | 26/50 [03:33<03:23,  8.50s/it]
Task 3, Epoch 27/50 => Loss 0.254, Train_accy 92.58:  54%|█████▍    | 27/50 [03:33<02:56,  7.67s/it]
Task 3, Epoch 28/50 => Loss 0.279, Train_accy 92.74:  54%|█████▍    | 27/50 [03:39<02:56,  7.67s/it]
Task 3, Epoch 28/50 => Loss 0.279, Train_accy 92.74:  56%|█████▌    | 28/50 [03:39<02:36,  7.10s/it]
Task 3, Epoch 29/50 => Loss 0.269, Train_accy 92.80:  56%|█████▌    | 28/50 [03:45<02:36,  7.10s/it]
Task 3, Epoch 29/50 => Loss 0.269, Train_accy 92.80:  58%|█████▊    | 29/50 [03:45<02:20,  6.69s/it]
Task 3, Epoch 30/50 => Loss 0.254, Train_accy 93.01, Test_accy 81.39:  58%|█████▊    | 29/50 [04:01<02:20,  6.69s/it]
Task 3, Epoch 30/50 => Loss 0.254, Train_accy 93.01, Test_accy 81.39:  60%|██████    | 30/50 [04:01<03:12,  9.64s/it]
Task 3, Epoch 31/50 => Loss 0.264, Train_accy 92.48:  60%|██████    | 30/50 [04:07<03:12,  9.64s/it]                 
Task 3, Epoch 31/50 => Loss 0.264, Train_accy 92.48:  62%|██████▏   | 31/50 [04:07<02:40,  8.46s/it]
Task 3, Epoch 32/50 => Loss 0.260, Train_accy 93.54:  62%|██████▏   | 31/50 [04:12<02:40,  8.46s/it]
Task 3, Epoch 32/50 => Loss 0.260, Train_accy 93.54:  64%|██████▍   | 32/50 [04:12<02:17,  7.64s/it]
Task 3, Epoch 33/50 => Loss 0.226, Train_accy 93.54:  64%|██████▍   | 32/50 [04:18<02:17,  7.64s/it]
Task 3, Epoch 33/50 => Loss 0.226, Train_accy 93.54:  66%|██████▌   | 33/50 [04:18<02:00,  7.08s/it]
Task 3, Epoch 34/50 => Loss 0.254, Train_accy 93.38:  66%|██████▌   | 33/50 [04:24<02:00,  7.08s/it]
Task 3, Epoch 34/50 => Loss 0.254, Train_accy 93.38:  68%|██████▊   | 34/50 [04:24<01:46,  6.68s/it]
Task 3, Epoch 35/50 => Loss 0.247, Train_accy 93.81, Test_accy 82.23:  68%|██████▊   | 34/50 [04:40<01:46,  6.68s/it]
Task 3, Epoch 35/50 => Loss 0.247, Train_accy 93.81, Test_accy 82.23:  70%|███████   | 35/50 [04:40<02:23,  9.59s/it]
Task 3, Epoch 36/50 => Loss 0.223, Train_accy 93.65:  70%|███████   | 35/50 [04:46<02:23,  9.59s/it]                 
Task 3, Epoch 36/50 => Loss 0.223, Train_accy 93.65:  72%|███████▏  | 36/50 [04:46<01:58,  8.46s/it]
Task 3, Epoch 37/50 => Loss 0.235, Train_accy 93.76:  72%|███████▏  | 36/50 [04:52<01:58,  8.46s/it]
Task 3, Epoch 37/50 => Loss 0.235, Train_accy 93.76:  74%|███████▍  | 37/50 [04:52<01:39,  7.64s/it]
Task 3, Epoch 38/50 => Loss 0.255, Train_accy 92.26:  74%|███████▍  | 37/50 [04:58<01:39,  7.64s/it]
Task 3, Epoch 38/50 => Loss 0.255, Train_accy 92.26:  76%|███████▌  | 38/50 [04:58<01:24,  7.07s/it]
Task 3, Epoch 39/50 => Loss 0.218, Train_accy 94.02:  76%|███████▌  | 38/50 [05:03<01:24,  7.07s/it]
Task 3, Epoch 39/50 => Loss 0.218, Train_accy 94.02:  78%|███████▊  | 39/50 [05:03<01:13,  6.67s/it]
Task 3, Epoch 40/50 => Loss 0.216, Train_accy 93.97, Test_accy 82.39:  78%|███████▊  | 39/50 [05:20<01:13,  6.67s/it]
Task 3, Epoch 40/50 => Loss 0.216, Train_accy 93.97, Test_accy 82.39:  80%|████████  | 40/50 [05:20<01:35,  9.59s/it]
Task 3, Epoch 41/50 => Loss 0.237, Train_accy 94.08:  80%|████████  | 40/50 [05:26<01:35,  9.59s/it]                 
Task 3, Epoch 41/50 => Loss 0.237, Train_accy 94.08:  82%|████████▏ | 41/50 [05:26<01:15,  8.43s/it]
Task 3, Epoch 42/50 => Loss 0.249, Train_accy 92.96:  82%|████████▏ | 41/50 [05:31<01:15,  8.43s/it]
Task 3, Epoch 42/50 => Loss 0.249, Train_accy 92.96:  84%|████████▍ | 42/50 [05:31<01:01,  7.63s/it]
Task 3, Epoch 43/50 => Loss 0.219, Train_accy 93.65:  84%|████████▍ | 42/50 [05:37<01:01,  7.63s/it]
Task 3, Epoch 43/50 => Loss 0.219, Train_accy 93.65:  86%|████████▌ | 43/50 [05:37<00:49,  7.07s/it]
Task 3, Epoch 44/50 => Loss 0.242, Train_accy 93.60:  86%|████████▌ | 43/50 [05:43<00:49,  7.07s/it]
Task 3, Epoch 44/50 => Loss 0.242, Train_accy 93.60:  88%|████████▊ | 44/50 [05:43<00:40,  6.68s/it]
Task 3, Epoch 45/50 => Loss 0.244, Train_accy 93.54, Test_accy 82.55:  88%|████████▊ | 44/50 [05:59<00:40,  6.68s/it]
Task 3, Epoch 45/50 => Loss 0.244, Train_accy 93.54, Test_accy 82.55:  90%|█████████ | 45/50 [05:59<00:47,  9.59s/it]
Task 3, Epoch 46/50 => Loss 0.227, Train_accy 93.76:  90%|█████████ | 45/50 [06:05<00:47,  9.59s/it]                 
Task 3, Epoch 46/50 => Loss 0.227, Train_accy 93.76:  92%|█████████▏| 46/50 [06:05<00:34,  8.51s/it]
Task 3, Epoch 47/50 => Loss 0.229, Train_accy 93.70:  92%|█████████▏| 46/50 [06:11<00:34,  8.51s/it]
Task 3, Epoch 47/50 => Loss 0.229, Train_accy 93.70:  94%|█████████▍| 47/50 [06:11<00:23,  7.69s/it]
Task 3, Epoch 48/50 => Loss 0.197, Train_accy 94.82:  94%|█████████▍| 47/50 [06:17<00:23,  7.69s/it]
Task 3, Epoch 48/50 => Loss 0.197, Train_accy 94.82:  96%|█████████▌| 48/50 [06:17<00:14,  7.11s/it]
Task 3, Epoch 49/50 => Loss 0.243, Train_accy 93.33:  96%|█████████▌| 48/50 [06:22<00:14,  7.11s/it]
Task 3, Epoch 49/50 => Loss 0.243, Train_accy 93.33:  98%|█████████▊| 49/50 [06:22<00:06,  6.70s/it]
Task 3, Epoch 50/50 => Loss 0.190, Train_accy 94.77, Test_accy 82.34:  98%|█████████▊| 49/50 [06:39<00:06,  6.70s/it]
Task 3, Epoch 50/50 => Loss 0.190, Train_accy 94.77, Test_accy 82.34: 100%|██████████| 50/50 [06:39<00:00,  9.63s/it]
Task 3, Epoch 50/50 => Loss 0.190, Train_accy 94.77, Test_accy 82.34: 100%|██████████| 50/50 [06:39<00:00,  7.99s/it]2025-02-06 13:27:52,227 [lae.py] => Task 3, Epoch 50/50 => Loss 0.190, Train_accy 94.77, Test_accy 82.34

2025-02-06 13:28:02,822 [trainer.py] => No NME accuracy.
2025-02-06 13:28:02,822 [trainer.py] => CNN: {'total': 82.34, '00-39': 88.55, '40-79': 79.78, '80-119': 78.47, '120-159': 82.95, 'old': 82.13, 'new': 82.95}
2025-02-06 13:28:02,822 [trainer.py] => CNN top1 curve: [96.92, 89.88, 85.03, 82.34]
2025-02-06 13:28:02,822 [trainer.py] => CNN top5 curve: [99.56, 98.91, 98.66, 98.36]

Average Accuracy (CNN): 88.54
2025-02-06 13:28:02,822 [trainer.py] => Average Accuracy (CNN): 88.54 

2025-02-06 13:28:02,823 [trainer.py] => All params: 86006236
2025-02-06 13:28:02,824 [trainer.py] => Trainable params: 165310
2025-02-06 13:28:02,826 [lae.py] => Learning on 160-200

  0%|          | 0/50 [00:00<?, ?it/s]
Task 4, Epoch 1/50 => Loss 3.700, Train_accy 15.29:   0%|          | 0/50 [00:07<?, ?it/s]
Task 4, Epoch 1/50 => Loss 3.700, Train_accy 15.29:   2%|▏         | 1/50 [00:07<05:43,  7.02s/it]
Task 4, Epoch 2/50 => Loss 1.752, Train_accy 57.80:   2%|▏         | 1/50 [00:12<05:43,  7.02s/it]
Task 4, Epoch 2/50 => Loss 1.752, Train_accy 57.80:   4%|▍         | 2/50 [00:12<05:06,  6.39s/it]
Task 4, Epoch 3/50 => Loss 0.955, Train_accy 77.02:   4%|▍         | 2/50 [00:18<05:06,  6.39s/it]
Task 4, Epoch 3/50 => Loss 0.955, Train_accy 77.02:   6%|▌         | 3/50 [00:18<04:49,  6.17s/it]
Task 4, Epoch 4/50 => Loss 0.685, Train_accy 83.51:   6%|▌         | 3/50 [00:24<04:49,  6.17s/it]
Task 4, Epoch 4/50 => Loss 0.685, Train_accy 83.51:   8%|▊         | 4/50 [00:24<04:37,  6.04s/it]
Task 4, Epoch 5/50 => Loss 0.590, Train_accy 85.50, Test_accy 71.50:   8%|▊         | 4/50 [00:43<04:37,  6.04s/it]
Task 4, Epoch 5/50 => Loss 0.590, Train_accy 85.50, Test_accy 71.50:  10%|█         | 5/50 [00:43<08:00, 10.68s/it]
Task 4, Epoch 6/50 => Loss 0.545, Train_accy 86.49:  10%|█         | 5/50 [00:49<08:00, 10.68s/it]                 
Task 4, Epoch 6/50 => Loss 0.545, Train_accy 86.49:  12%|█▏        | 6/50 [00:49<06:37,  9.03s/it]
Task 4, Epoch 7/50 => Loss 0.496, Train_accy 87.07:  12%|█▏        | 6/50 [00:55<06:37,  9.03s/it]
Task 4, Epoch 7/50 => Loss 0.496, Train_accy 87.07:  14%|█▍        | 7/50 [00:55<05:43,  8.00s/it]
Task 4, Epoch 8/50 => Loss 0.436, Train_accy 88.80:  14%|█▍        | 7/50 [01:01<05:43,  8.00s/it]
Task 4, Epoch 8/50 => Loss 0.436, Train_accy 88.80:  16%|█▌        | 8/50 [01:01<05:06,  7.31s/it]
Task 4, Epoch 9/50 => Loss 0.402, Train_accy 89.58:  16%|█▌        | 8/50 [01:07<05:06,  7.31s/it]
Task 4, Epoch 9/50 => Loss 0.402, Train_accy 89.58:  18%|█▊        | 9/50 [01:07<04:40,  6.85s/it]
Task 4, Epoch 10/50 => Loss 0.379, Train_accy 90.58, Test_accy 74.13:  18%|█▊        | 9/50 [01:25<04:40,  6.85s/it]
Task 4, Epoch 10/50 => Loss 0.379, Train_accy 90.58, Test_accy 74.13:  20%|██        | 10/50 [01:25<07:02, 10.56s/it]
Task 4, Epoch 11/50 => Loss 0.387, Train_accy 90.21:  20%|██        | 10/50 [01:31<07:02, 10.56s/it]                 
Task 4, Epoch 11/50 => Loss 0.387, Train_accy 90.21:  22%|██▏       | 11/50 [01:31<05:56,  9.14s/it]
Task 4, Epoch 12/50 => Loss 0.390, Train_accy 90.05:  22%|██▏       | 11/50 [01:37<05:56,  9.14s/it]
Task 4, Epoch 12/50 => Loss 0.390, Train_accy 90.05:  24%|██▍       | 12/50 [01:37<05:09,  8.14s/it]
Task 4, Epoch 13/50 => Loss 0.376, Train_accy 90.26:  24%|██▍       | 12/50 [01:43<05:09,  8.14s/it]
Task 4, Epoch 13/50 => Loss 0.376, Train_accy 90.26:  26%|██▌       | 13/50 [01:43<04:35,  7.44s/it]
Task 4, Epoch 14/50 => Loss 0.334, Train_accy 91.52:  26%|██▌       | 13/50 [01:49<04:35,  7.44s/it]
Task 4, Epoch 14/50 => Loss 0.334, Train_accy 91.52:  28%|██▊       | 14/50 [01:49<04:10,  6.97s/it]
Task 4, Epoch 15/50 => Loss 0.342, Train_accy 91.20, Test_accy 76.04:  28%|██▊       | 14/50 [02:08<04:10,  6.97s/it]
Task 4, Epoch 15/50 => Loss 0.342, Train_accy 91.20, Test_accy 76.04:  30%|███       | 15/50 [02:08<06:08, 10.53s/it]
Task 4, Epoch 16/50 => Loss 0.321, Train_accy 91.68:  30%|███       | 15/50 [02:14<06:08, 10.53s/it]                 
Task 4, Epoch 16/50 => Loss 0.321, Train_accy 91.68:  32%|███▏      | 16/50 [02:14<05:10,  9.14s/it]
Task 4, Epoch 17/50 => Loss 0.348, Train_accy 90.37:  32%|███▏      | 16/50 [02:19<05:10,  9.14s/it]
Task 4, Epoch 17/50 => Loss 0.348, Train_accy 90.37:  34%|███▍      | 17/50 [02:19<04:29,  8.16s/it]
Task 4, Epoch 18/50 => Loss 0.299, Train_accy 92.57:  34%|███▍      | 17/50 [02:25<04:29,  8.16s/it]
Task 4, Epoch 18/50 => Loss 0.299, Train_accy 92.57:  36%|███▌      | 18/50 [02:25<04:00,  7.51s/it]
Task 4, Epoch 19/50 => Loss 0.288, Train_accy 92.15:  36%|███▌      | 18/50 [02:31<04:00,  7.51s/it]
Task 4, Epoch 19/50 => Loss 0.288, Train_accy 92.15:  38%|███▊      | 19/50 [02:31<03:39,  7.08s/it]
Task 4, Epoch 20/50 => Loss 0.278, Train_accy 92.51, Test_accy 76.63:  38%|███▊      | 19/50 [02:51<03:39,  7.08s/it]
Task 4, Epoch 20/50 => Loss 0.278, Train_accy 92.51, Test_accy 76.63:  40%|████      | 20/50 [02:51<05:20, 10.70s/it]
Task 4, Epoch 21/50 => Loss 0.278, Train_accy 92.77:  40%|████      | 20/50 [02:57<05:20, 10.70s/it]                 
Task 4, Epoch 21/50 => Loss 0.278, Train_accy 92.77:  42%|████▏     | 21/50 [02:57<04:28,  9.25s/it]
Task 4, Epoch 22/50 => Loss 0.291, Train_accy 92.51:  42%|████▏     | 21/50 [03:03<04:28,  9.25s/it]
Task 4, Epoch 22/50 => Loss 0.291, Train_accy 92.51:  44%|████▍     | 22/50 [03:03<03:52,  8.29s/it]
Task 4, Epoch 23/50 => Loss 0.272, Train_accy 92.51:  44%|████▍     | 22/50 [03:09<03:52,  8.29s/it]
Task 4, Epoch 23/50 => Loss 0.272, Train_accy 92.51:  46%|████▌     | 23/50 [03:09<03:25,  7.60s/it]
Task 4, Epoch 24/50 => Loss 0.280, Train_accy 92.57:  46%|████▌     | 23/50 [03:14<03:25,  7.60s/it]
Task 4, Epoch 24/50 => Loss 0.280, Train_accy 92.57:  48%|████▊     | 24/50 [03:14<03:04,  7.08s/it]
Task 4, Epoch 25/50 => Loss 0.278, Train_accy 92.93, Test_accy 77.78:  48%|████▊     | 24/50 [03:33<03:04,  7.08s/it]
Task 4, Epoch 25/50 => Loss 0.278, Train_accy 92.93, Test_accy 77.78:  50%|█████     | 25/50 [03:33<04:25, 10.63s/it]
Task 4, Epoch 26/50 => Loss 0.277, Train_accy 92.93:  50%|█████     | 25/50 [03:39<04:25, 10.63s/it]                 
Task 4, Epoch 26/50 => Loss 0.277, Train_accy 92.93:  52%|█████▏    | 26/50 [03:39<03:41,  9.24s/it]
Task 4, Epoch 27/50 => Loss 0.238, Train_accy 93.72:  52%|█████▏    | 26/50 [03:45<03:41,  9.24s/it]
Task 4, Epoch 27/50 => Loss 0.238, Train_accy 93.72:  54%|█████▍    | 27/50 [03:45<03:10,  8.27s/it]
Task 4, Epoch 28/50 => Loss 0.266, Train_accy 93.19:  54%|█████▍    | 27/50 [03:51<03:10,  8.27s/it]
Task 4, Epoch 28/50 => Loss 0.266, Train_accy 93.19:  56%|█████▌    | 28/50 [03:51<02:46,  7.55s/it]
Task 4, Epoch 29/50 => Loss 0.254, Train_accy 93.14:  56%|█████▌    | 28/50 [03:57<02:46,  7.55s/it]
Task 4, Epoch 29/50 => Loss 0.254, Train_accy 93.14:  58%|█████▊    | 29/50 [03:57<02:28,  7.06s/it]
Task 4, Epoch 30/50 => Loss 0.241, Train_accy 93.35, Test_accy 78.58:  58%|█████▊    | 29/50 [04:16<02:28,  7.06s/it]
Task 4, Epoch 30/50 => Loss 0.241, Train_accy 93.35, Test_accy 78.58:  60%|██████    | 30/50 [04:16<03:33, 10.65s/it]
Task 4, Epoch 31/50 => Loss 0.246, Train_accy 93.51:  60%|██████    | 30/50 [04:22<03:33, 10.65s/it]                 
Task 4, Epoch 31/50 => Loss 0.246, Train_accy 93.51:  62%|██████▏   | 31/50 [04:22<02:56,  9.30s/it]
Task 4, Epoch 32/50 => Loss 0.219, Train_accy 93.87:  62%|██████▏   | 31/50 [04:28<02:56,  9.30s/it]
Task 4, Epoch 32/50 => Loss 0.219, Train_accy 93.87:  64%|██████▍   | 32/50 [04:28<02:29,  8.28s/it]
Task 4, Epoch 33/50 => Loss 0.238, Train_accy 93.09:  64%|██████▍   | 32/50 [04:34<02:29,  8.28s/it]
Task 4, Epoch 33/50 => Loss 0.238, Train_accy 93.09:  66%|██████▌   | 33/50 [04:34<02:09,  7.61s/it]
Task 4, Epoch 34/50 => Loss 0.218, Train_accy 94.40:  66%|██████▌   | 33/50 [04:40<02:09,  7.61s/it]
Task 4, Epoch 34/50 => Loss 0.218, Train_accy 94.40:  68%|██████▊   | 34/50 [04:40<01:53,  7.10s/it]
Task 4, Epoch 35/50 => Loss 0.213, Train_accy 94.19, Test_accy 78.97:  68%|██████▊   | 34/50 [04:59<01:53,  7.10s/it]
Task 4, Epoch 35/50 => Loss 0.213, Train_accy 94.19, Test_accy 78.97:  70%|███████   | 35/50 [04:59<02:40, 10.67s/it]
Task 4, Epoch 36/50 => Loss 0.217, Train_accy 93.98:  70%|███████   | 35/50 [05:05<02:40, 10.67s/it]                 
Task 4, Epoch 36/50 => Loss 0.217, Train_accy 93.98:  72%|███████▏  | 36/50 [05:05<02:09,  9.25s/it]
Task 4, Epoch 37/50 => Loss 0.238, Train_accy 93.14:  72%|███████▏  | 36/50 [05:11<02:09,  9.25s/it]
Task 4, Epoch 37/50 => Loss 0.238, Train_accy 93.14:  74%|███████▍  | 37/50 [05:11<01:47,  8.23s/it]
Task 4, Epoch 38/50 => Loss 0.240, Train_accy 93.98:  74%|███████▍  | 37/50 [05:17<01:47,  8.23s/it]
Task 4, Epoch 38/50 => Loss 0.240, Train_accy 93.98:  76%|███████▌  | 38/50 [05:17<01:30,  7.54s/it]
Task 4, Epoch 39/50 => Loss 0.222, Train_accy 94.14:  76%|███████▌  | 38/50 [05:23<01:30,  7.54s/it]
Task 4, Epoch 39/50 => Loss 0.222, Train_accy 94.14:  78%|███████▊  | 39/50 [05:23<01:17,  7.04s/it]
Task 4, Epoch 40/50 => Loss 0.221, Train_accy 93.98, Test_accy 79.39:  78%|███████▊  | 39/50 [05:42<01:17,  7.04s/it]
Task 4, Epoch 40/50 => Loss 0.221, Train_accy 93.98, Test_accy 79.39:  80%|████████  | 40/50 [05:42<01:46, 10.61s/it]
Task 4, Epoch 41/50 => Loss 0.223, Train_accy 93.72:  80%|████████  | 40/50 [05:48<01:46, 10.61s/it]                 
Task 4, Epoch 41/50 => Loss 0.223, Train_accy 93.72:  82%|████████▏ | 41/50 [05:48<01:22,  9.21s/it]
Task 4, Epoch 42/50 => Loss 0.227, Train_accy 94.19:  82%|████████▏ | 41/50 [05:54<01:22,  9.21s/it]
Task 4, Epoch 42/50 => Loss 0.227, Train_accy 94.19:  84%|████████▍ | 42/50 [05:54<01:05,  8.22s/it]
Task 4, Epoch 43/50 => Loss 0.202, Train_accy 94.45:  84%|████████▍ | 42/50 [06:00<01:05,  8.22s/it]
Task 4, Epoch 43/50 => Loss 0.202, Train_accy 94.45:  86%|████████▌ | 43/50 [06:00<00:53,  7.64s/it]
Task 4, Epoch 44/50 => Loss 0.190, Train_accy 94.55:  86%|████████▌ | 43/50 [06:06<00:53,  7.64s/it]
Task 4, Epoch 44/50 => Loss 0.190, Train_accy 94.55:  88%|████████▊ | 44/50 [06:06<00:42,  7.11s/it]
Task 4, Epoch 45/50 => Loss 0.203, Train_accy 94.55, Test_accy 79.73:  88%|████████▊ | 44/50 [06:25<00:42,  7.11s/it]
Task 4, Epoch 45/50 => Loss 0.203, Train_accy 94.55, Test_accy 79.73:  90%|█████████ | 45/50 [06:25<00:53, 10.70s/it]
Task 4, Epoch 46/50 => Loss 0.189, Train_accy 94.87:  90%|█████████ | 45/50 [06:31<00:53, 10.70s/it]                 
Task 4, Epoch 46/50 => Loss 0.189, Train_accy 94.87:  92%|█████████▏| 46/50 [06:31<00:37,  9.37s/it]
Task 4, Epoch 47/50 => Loss 0.208, Train_accy 94.08:  92%|█████████▏| 46/50 [06:37<00:37,  9.37s/it]
Task 4, Epoch 47/50 => Loss 0.208, Train_accy 94.08:  94%|█████████▍| 47/50 [06:37<00:25,  8.34s/it]
Task 4, Epoch 48/50 => Loss 0.176, Train_accy 95.13:  94%|█████████▍| 47/50 [06:43<00:25,  8.34s/it]
Task 4, Epoch 48/50 => Loss 0.176, Train_accy 95.13:  96%|█████████▌| 48/50 [06:43<00:15,  7.64s/it]
Task 4, Epoch 49/50 => Loss 0.208, Train_accy 94.29:  96%|█████████▌| 48/50 [06:49<00:15,  7.64s/it]
Task 4, Epoch 49/50 => Loss 0.208, Train_accy 94.29:  98%|█████████▊| 49/50 [06:49<00:07,  7.11s/it]
Task 4, Epoch 50/50 => Loss 0.190, Train_accy 94.87, Test_accy 79.94:  98%|█████████▊| 49/50 [07:08<00:07,  7.11s/it]
Task 4, Epoch 50/50 => Loss 0.190, Train_accy 94.87, Test_accy 79.94: 100%|██████████| 50/50 [07:08<00:00, 10.65s/it]
Task 4, Epoch 50/50 => Loss 0.190, Train_accy 94.87, Test_accy 79.94: 100%|██████████| 50/50 [07:08<00:00,  8.57s/it]2025-02-06 13:35:11,107 [lae.py] => Task 4, Epoch 50/50 => Loss 0.190, Train_accy 94.87, Test_accy 79.94

2025-02-06 13:35:24,254 [trainer.py] => No NME accuracy.
2025-02-06 13:35:24,255 [trainer.py] => CNN: {'total': 79.94, '00-39': 85.24, '40-79': 77.63, '80-119': 77.06, '120-159': 80.21, '160-199': 79.87, 'old': 79.96, 'new': 79.87}
2025-02-06 13:35:24,255 [trainer.py] => CNN top1 curve: [96.92, 89.88, 85.03, 82.34, 79.94]
2025-02-06 13:35:24,255 [trainer.py] => CNN top5 curve: [99.56, 98.91, 98.66, 98.36, 97.71]

Average Accuracy (CNN): 86.82
2025-02-06 13:35:24,255 [trainer.py] => Average Accuracy (CNN): 86.82 

Accuracy Matrix (CNN):
[[96.92 92.07 90.53 88.55 85.24]
 [ 0.   87.74 83.44 79.78 77.63]
 [ 0.    0.   81.49 78.47 77.06]
 [ 0.    0.    0.   82.95 80.21]
 [ 0.    0.    0.    0.   79.87]]
2025-02-06 13:35:24,256 [trainer.py] => Forgetting (CNN): 7.240000000000002
2025-02-06 13:35:26,112 [trainer.py] => config: ./scripts/lae/lae_cub_B0_Inc10.json
2025-02-06 13:35:26,112 [trainer.py] => prefix:  
2025-02-06 13:35:26,112 [trainer.py] => dataset: cub
2025-02-06 13:35:26,112 [trainer.py] => memory_size: 0
2025-02-06 13:35:26,112 [trainer.py] => memory_per_class: 0
2025-02-06 13:35:26,112 [trainer.py] => fixed_memory: False
2025-02-06 13:35:26,112 [trainer.py] => shuffle: True
2025-02-06 13:35:26,112 [trainer.py] => init_cls: 20
2025-02-06 13:35:26,112 [trainer.py] => increment: 20
2025-02-06 13:35:26,113 [trainer.py] => model_name: lae
2025-02-06 13:35:26,113 [trainer.py] => backbone_type: vit_base_patch16_224_in21k_lae
2025-02-06 13:35:26,113 [trainer.py] => device: [device(type='cuda', index=4)]
2025-02-06 13:35:26,113 [trainer.py] => seed: 1993
2025-02-06 13:35:26,113 [trainer.py] => tuned_epoch: 50
2025-02-06 13:35:26,113 [trainer.py] => init_lr: 0.00046875
2025-02-06 13:35:26,113 [trainer.py] => batch_size: 128
2025-02-06 13:35:26,113 [trainer.py] => weight_decay: 0
2025-02-06 13:35:26,113 [trainer.py] => min_lr: 1e-05
2025-02-06 13:35:26,113 [trainer.py] => optimizer: adam
2025-02-06 13:35:26,113 [trainer.py] => scheduler: constant
2025-02-06 13:35:26,113 [trainer.py] => reinit_optimizer: True
2025-02-06 13:35:26,113 [trainer.py] => pretrained: True
2025-02-06 13:35:26,113 [trainer.py] => drop: 0.0
2025-02-06 13:35:26,113 [trainer.py] => drop_path: 0.0
2025-02-06 13:35:26,113 [trainer.py] => ema_decay: 0.9999
2025-02-06 13:35:26,113 [trainer.py] => num_freeze_epochs: 30
2025-02-06 13:35:26,113 [trainer.py] => pet_cls: Adapter
2025-02-06 13:35:26,113 [trainer.py] => pet_length: 10
2025-02-06 13:35:26,113 [trainer.py] => down_sample_dim: 5
2025-02-06 13:35:26,153 [data_manager.py] => [168, 136, 51, 9, 183, 101, 171, 99, 42, 159, 191, 70, 16, 188, 27, 10, 175, 26, 68, 187, 98, 6, 85, 35, 112, 43, 100, 0, 103, 181, 88, 59, 4, 2, 116, 174, 94, 80, 106, 1, 147, 17, 141, 131, 72, 23, 173, 54, 197, 118, 87, 32, 79, 104, 91, 19, 135, 107, 178, 36, 11, 199, 142, 8, 122, 3, 28, 57, 153, 172, 190, 56, 49, 44, 97, 62, 151, 169, 194, 55, 192, 12, 189, 78, 66, 180, 15, 137, 109, 134, 92, 119, 126, 52, 170, 40, 148, 65, 144, 64, 138, 45, 77, 89, 154, 90, 71, 193, 74, 30, 113, 143, 96, 84, 67, 50, 186, 156, 69, 21, 18, 111, 108, 58, 125, 157, 150, 110, 182, 129, 166, 83, 81, 60, 13, 165, 14, 176, 63, 117, 5, 22, 145, 121, 38, 41, 82, 127, 114, 20, 31, 53, 37, 163, 196, 130, 152, 162, 86, 76, 24, 34, 184, 149, 33, 128, 198, 155, 146, 167, 139, 120, 140, 102, 47, 25, 158, 123, 46, 164, 61, 7, 115, 75, 133, 160, 105, 132, 179, 124, 48, 73, 93, 39, 95, 195, 29, 177, 185, 161]
2025-02-06 13:35:28,181 [lae.py] => 85,840,926 model total parameters.
2025-02-06 13:35:28,182 [lae.py] => 0 model training parameters.
2025-02-06 13:35:28,183 [trainer.py] => All params: 85883196
2025-02-06 13:35:28,183 [trainer.py] => Trainable params: 0
2025-02-06 13:35:28,183 [lae.py] => Learning on 0-20

  0%|          | 0/50 [00:00<?, ?it/s]
Task 0, Epoch 1/50 => Loss 3.424, Train_accy 12.68:   0%|          | 0/50 [00:03<?, ?it/s]
Task 0, Epoch 1/50 => Loss 3.424, Train_accy 12.68:   2%|▏         | 1/50 [00:03<02:48,  3.44s/it]
Task 0, Epoch 2/50 => Loss 2.136, Train_accy 40.06:   2%|▏         | 1/50 [00:06<02:48,  3.44s/it]
Task 0, Epoch 2/50 => Loss 2.136, Train_accy 40.06:   4%|▍         | 2/50 [00:06<02:41,  3.36s/it]
Task 0, Epoch 3/50 => Loss 1.265, Train_accy 63.00:   4%|▍         | 2/50 [00:10<02:41,  3.36s/it]
Task 0, Epoch 3/50 => Loss 1.265, Train_accy 63.00:   6%|▌         | 3/50 [00:10<02:37,  3.36s/it]
Task 0, Epoch 4/50 => Loss 0.823, Train_accy 77.91:   6%|▌         | 3/50 [00:13<02:37,  3.36s/it]
Task 0, Epoch 4/50 => Loss 0.823, Train_accy 77.91:   8%|▊         | 4/50 [00:13<02:34,  3.36s/it]
Task 0, Epoch 5/50 => Loss 0.631, Train_accy 83.40, Test_accy 89.07:   8%|▊         | 4/50 [00:19<02:34,  3.36s/it]
Task 0, Epoch 5/50 => Loss 0.631, Train_accy 83.40, Test_accy 89.07:  10%|█         | 5/50 [00:19<03:07,  4.16s/it]
Task 0, Epoch 6/50 => Loss 0.527, Train_accy 87.21:  10%|█         | 5/50 [00:22<03:07,  4.16s/it]                 
Task 0, Epoch 6/50 => Loss 0.527, Train_accy 87.21:  12%|█▏        | 6/50 [00:22<02:50,  3.88s/it]
Task 0, Epoch 7/50 => Loss 0.472, Train_accy 88.05:  12%|█▏        | 6/50 [00:25<02:50,  3.88s/it]
Task 0, Epoch 7/50 => Loss 0.472, Train_accy 88.05:  14%|█▍        | 7/50 [00:25<02:38,  3.69s/it]
Task 0, Epoch 8/50 => Loss 0.464, Train_accy 88.27:  14%|█▍        | 7/50 [00:29<02:38,  3.69s/it]
Task 0, Epoch 8/50 => Loss 0.464, Train_accy 88.27:  16%|█▌        | 8/50 [00:29<02:30,  3.58s/it]
Task 0, Epoch 9/50 => Loss 0.354, Train_accy 90.70:  16%|█▌        | 8/50 [00:32<02:30,  3.58s/it]
Task 0, Epoch 9/50 => Loss 0.354, Train_accy 90.70:  18%|█▊        | 9/50 [00:32<02:23,  3.51s/it]
Task 0, Epoch 10/50 => Loss 0.362, Train_accy 91.54, Test_accy 95.95:  18%|█▊        | 9/50 [00:38<02:23,  3.51s/it]
Task 0, Epoch 10/50 => Loss 0.362, Train_accy 91.54, Test_accy 95.95:  20%|██        | 10/50 [00:38<02:46,  4.17s/it]
Task 0, Epoch 11/50 => Loss 0.345, Train_accy 91.44:  20%|██        | 10/50 [00:41<02:46,  4.17s/it]                 
Task 0, Epoch 11/50 => Loss 0.345, Train_accy 91.44:  22%|██▏       | 11/50 [00:41<02:34,  3.95s/it]
Task 0, Epoch 12/50 => Loss 0.341, Train_accy 91.65:  22%|██▏       | 11/50 [00:44<02:34,  3.95s/it]
Task 0, Epoch 12/50 => Loss 0.341, Train_accy 91.65:  24%|██▍       | 12/50 [00:44<02:22,  3.75s/it]
Task 0, Epoch 13/50 => Loss 0.319, Train_accy 91.44:  24%|██▍       | 12/50 [00:48<02:22,  3.75s/it]
Task 0, Epoch 13/50 => Loss 0.319, Train_accy 91.44:  26%|██▌       | 13/50 [00:48<02:14,  3.63s/it]
Task 0, Epoch 14/50 => Loss 0.269, Train_accy 93.45:  26%|██▌       | 13/50 [00:51<02:14,  3.63s/it]
Task 0, Epoch 14/50 => Loss 0.269, Train_accy 93.45:  28%|██▊       | 14/50 [00:51<02:07,  3.54s/it]
Task 0, Epoch 15/50 => Loss 0.241, Train_accy 93.02, Test_accy 96.76:  28%|██▊       | 14/50 [00:57<02:07,  3.54s/it]
Task 0, Epoch 15/50 => Loss 0.241, Train_accy 93.02, Test_accy 96.76:  30%|███       | 15/50 [00:57<02:26,  4.18s/it]
Task 0, Epoch 16/50 => Loss 0.308, Train_accy 92.28:  30%|███       | 15/50 [01:00<02:26,  4.18s/it]                 
Task 0, Epoch 16/50 => Loss 0.308, Train_accy 92.28:  32%|███▏      | 16/50 [01:00<02:13,  3.93s/it]
Task 0, Epoch 17/50 => Loss 0.263, Train_accy 93.23:  32%|███▏      | 16/50 [01:03<02:13,  3.93s/it]
Task 0, Epoch 17/50 => Loss 0.263, Train_accy 93.23:  34%|███▍      | 17/50 [01:03<02:04,  3.76s/it]
Task 0, Epoch 18/50 => Loss 0.196, Train_accy 94.61:  34%|███▍      | 17/50 [01:07<02:04,  3.76s/it]
Task 0, Epoch 18/50 => Loss 0.196, Train_accy 94.61:  36%|███▌      | 18/50 [01:07<01:56,  3.63s/it]
Task 0, Epoch 19/50 => Loss 0.275, Train_accy 93.02:  36%|███▌      | 18/50 [01:10<01:56,  3.63s/it]
Task 0, Epoch 19/50 => Loss 0.275, Train_accy 93.02:  38%|███▊      | 19/50 [01:10<01:49,  3.52s/it]
Task 0, Epoch 20/50 => Loss 0.220, Train_accy 94.71, Test_accy 96.76:  38%|███▊      | 19/50 [01:16<01:49,  3.52s/it]
Task 0, Epoch 20/50 => Loss 0.220, Train_accy 94.71, Test_accy 96.76:  40%|████      | 20/50 [01:16<02:04,  4.14s/it]
Task 0, Epoch 21/50 => Loss 0.203, Train_accy 94.40:  40%|████      | 20/50 [01:19<02:04,  4.14s/it]                 
Task 0, Epoch 21/50 => Loss 0.203, Train_accy 94.40:  42%|████▏     | 21/50 [01:19<01:52,  3.89s/it]
Task 0, Epoch 22/50 => Loss 0.178, Train_accy 94.93:  42%|████▏     | 21/50 [01:22<01:52,  3.89s/it]
Task 0, Epoch 22/50 => Loss 0.178, Train_accy 94.93:  44%|████▍     | 22/50 [01:22<01:44,  3.73s/it]
Task 0, Epoch 23/50 => Loss 0.218, Train_accy 93.55:  44%|████▍     | 22/50 [01:26<01:44,  3.73s/it]
Task 0, Epoch 23/50 => Loss 0.218, Train_accy 93.55:  46%|████▌     | 23/50 [01:26<01:37,  3.61s/it]
Task 0, Epoch 24/50 => Loss 0.196, Train_accy 93.97:  46%|████▌     | 23/50 [01:29<01:37,  3.61s/it]
Task 0, Epoch 24/50 => Loss 0.196, Train_accy 93.97:  48%|████▊     | 24/50 [01:29<01:31,  3.52s/it]
Task 0, Epoch 25/50 => Loss 0.209, Train_accy 94.08, Test_accy 97.17:  48%|████▊     | 24/50 [01:34<01:31,  3.52s/it]
Task 0, Epoch 25/50 => Loss 0.209, Train_accy 94.08, Test_accy 97.17:  50%|█████     | 25/50 [01:34<01:43,  4.15s/it]
Task 0, Epoch 26/50 => Loss 0.225, Train_accy 94.08:  50%|█████     | 25/50 [01:38<01:43,  4.15s/it]                 
Task 0, Epoch 26/50 => Loss 0.225, Train_accy 94.08:  52%|█████▏    | 26/50 [01:38<01:33,  3.90s/it]
Task 0, Epoch 27/50 => Loss 0.208, Train_accy 93.97:  52%|█████▏    | 26/50 [01:41<01:33,  3.90s/it]
Task 0, Epoch 27/50 => Loss 0.208, Train_accy 93.97:  54%|█████▍    | 27/50 [01:41<01:25,  3.72s/it]
Task 0, Epoch 28/50 => Loss 0.199, Train_accy 94.61:  54%|█████▍    | 27/50 [01:44<01:25,  3.72s/it]
Task 0, Epoch 28/50 => Loss 0.199, Train_accy 94.61:  56%|█████▌    | 28/50 [01:44<01:19,  3.60s/it]
Task 0, Epoch 29/50 => Loss 0.168, Train_accy 95.14:  56%|█████▌    | 28/50 [01:48<01:19,  3.60s/it]
Task 0, Epoch 29/50 => Loss 0.168, Train_accy 95.14:  58%|█████▊    | 29/50 [01:48<01:13,  3.51s/it]
Task 0, Epoch 30/50 => Loss 0.203, Train_accy 94.29, Test_accy 97.57:  58%|█████▊    | 29/50 [01:53<01:13,  3.51s/it]
Task 0, Epoch 30/50 => Loss 0.203, Train_accy 94.29, Test_accy 97.57:  60%|██████    | 30/50 [01:53<01:23,  4.16s/it]
Task 0, Epoch 31/50 => Loss 0.173, Train_accy 95.14:  60%|██████    | 30/50 [01:57<01:23,  4.16s/it]                 
Task 0, Epoch 31/50 => Loss 0.173, Train_accy 95.14:  62%|██████▏   | 31/50 [01:57<01:13,  3.89s/it]
Task 0, Epoch 32/50 => Loss 0.190, Train_accy 94.93:  62%|██████▏   | 31/50 [02:00<01:13,  3.89s/it]
Task 0, Epoch 32/50 => Loss 0.190, Train_accy 94.93:  64%|██████▍   | 32/50 [02:00<01:06,  3.71s/it]
Task 0, Epoch 33/50 => Loss 0.205, Train_accy 93.45:  64%|██████▍   | 32/50 [02:03<01:06,  3.71s/it]
Task 0, Epoch 33/50 => Loss 0.205, Train_accy 93.45:  66%|██████▌   | 33/50 [02:03<01:01,  3.61s/it]
Task 0, Epoch 34/50 => Loss 0.193, Train_accy 95.14:  66%|██████▌   | 33/50 [02:07<01:01,  3.61s/it]
Task 0, Epoch 34/50 => Loss 0.193, Train_accy 95.14:  68%|██████▊   | 34/50 [02:07<00:56,  3.53s/it]
Task 0, Epoch 35/50 => Loss 0.196, Train_accy 93.55, Test_accy 97.57:  68%|██████▊   | 34/50 [02:12<00:56,  3.53s/it]
Task 0, Epoch 35/50 => Loss 0.196, Train_accy 93.55, Test_accy 97.57:  70%|███████   | 35/50 [02:12<01:03,  4.21s/it]
Task 0, Epoch 36/50 => Loss 0.164, Train_accy 94.93:  70%|███████   | 35/50 [02:16<01:03,  4.21s/it]                 
Task 0, Epoch 36/50 => Loss 0.164, Train_accy 94.93:  72%|███████▏  | 36/50 [02:16<00:55,  3.98s/it]
Task 0, Epoch 37/50 => Loss 0.167, Train_accy 94.93:  72%|███████▏  | 36/50 [02:19<00:55,  3.98s/it]
Task 0, Epoch 37/50 => Loss 0.167, Train_accy 94.93:  74%|███████▍  | 37/50 [02:19<00:49,  3.79s/it]
Task 0, Epoch 38/50 => Loss 0.178, Train_accy 95.14:  74%|███████▍  | 37/50 [02:23<00:49,  3.79s/it]
Task 0, Epoch 38/50 => Loss 0.178, Train_accy 95.14:  76%|███████▌  | 38/50 [02:23<00:44,  3.70s/it]
Task 0, Epoch 39/50 => Loss 0.166, Train_accy 94.61:  76%|███████▌  | 38/50 [02:26<00:44,  3.70s/it]
Task 0, Epoch 39/50 => Loss 0.166, Train_accy 94.61:  78%|███████▊  | 39/50 [02:26<00:39,  3.57s/it]
Task 0, Epoch 40/50 => Loss 0.161, Train_accy 95.77, Test_accy 97.57:  78%|███████▊  | 39/50 [02:32<00:39,  3.57s/it]
Task 0, Epoch 40/50 => Loss 0.161, Train_accy 95.77, Test_accy 97.57:  80%|████████  | 40/50 [02:32<00:41,  4.19s/it]
Task 0, Epoch 41/50 => Loss 0.156, Train_accy 95.14:  80%|████████  | 40/50 [02:35<00:41,  4.19s/it]                 
Task 0, Epoch 41/50 => Loss 0.156, Train_accy 95.14:  82%|████████▏ | 41/50 [02:35<00:35,  3.94s/it]
Task 0, Epoch 42/50 => Loss 0.155, Train_accy 95.67:  82%|████████▏ | 41/50 [02:38<00:35,  3.94s/it]
Task 0, Epoch 42/50 => Loss 0.155, Train_accy 95.67:  84%|████████▍ | 42/50 [02:38<00:30,  3.76s/it]
Task 0, Epoch 43/50 => Loss 0.181, Train_accy 95.03:  84%|████████▍ | 42/50 [02:42<00:30,  3.76s/it]
Task 0, Epoch 43/50 => Loss 0.181, Train_accy 95.03:  86%|████████▌ | 43/50 [02:42<00:25,  3.64s/it]
Task 0, Epoch 44/50 => Loss 0.201, Train_accy 95.35:  86%|████████▌ | 43/50 [02:45<00:25,  3.64s/it]
Task 0, Epoch 44/50 => Loss 0.201, Train_accy 95.35:  88%|████████▊ | 44/50 [02:45<00:21,  3.56s/it]
Task 0, Epoch 45/50 => Loss 0.182, Train_accy 95.35, Test_accy 97.17:  88%|████████▊ | 44/50 [02:51<00:21,  3.56s/it]
Task 0, Epoch 45/50 => Loss 0.182, Train_accy 95.35, Test_accy 97.17:  90%|█████████ | 45/50 [02:51<00:20,  4.18s/it]
Task 0, Epoch 46/50 => Loss 0.141, Train_accy 95.88:  90%|█████████ | 45/50 [02:54<00:20,  4.18s/it]                 
Task 0, Epoch 46/50 => Loss 0.141, Train_accy 95.88:  92%|█████████▏| 46/50 [02:54<00:15,  3.92s/it]
Task 0, Epoch 47/50 => Loss 0.142, Train_accy 95.45:  92%|█████████▏| 46/50 [02:57<00:15,  3.92s/it]
Task 0, Epoch 47/50 => Loss 0.142, Train_accy 95.45:  94%|█████████▍| 47/50 [02:57<00:11,  3.78s/it]
Task 0, Epoch 48/50 => Loss 0.119, Train_accy 96.62:  94%|█████████▍| 47/50 [03:01<00:11,  3.78s/it]
Task 0, Epoch 48/50 => Loss 0.119, Train_accy 96.62:  96%|█████████▌| 48/50 [03:01<00:07,  3.68s/it]
Task 0, Epoch 49/50 => Loss 0.164, Train_accy 95.45:  96%|█████████▌| 48/50 [03:04<00:07,  3.68s/it]
Task 0, Epoch 49/50 => Loss 0.164, Train_accy 95.45:  98%|█████████▊| 49/50 [03:04<00:03,  3.56s/it]
Task 0, Epoch 50/50 => Loss 0.151, Train_accy 95.24, Test_accy 97.17:  98%|█████████▊| 49/50 [03:10<00:03,  3.56s/it]
Task 0, Epoch 50/50 => Loss 0.151, Train_accy 95.24, Test_accy 97.17: 100%|██████████| 50/50 [03:10<00:00,  4.17s/it]
Task 0, Epoch 50/50 => Loss 0.151, Train_accy 95.24, Test_accy 97.17: 100%|██████████| 50/50 [03:10<00:00,  3.81s/it]2025-02-06 13:38:38,881 [lae.py] => Task 0, Epoch 50/50 => Loss 0.151, Train_accy 95.24, Test_accy 97.17

2025-02-06 13:38:41,211 [trainer.py] => No NME accuracy.
2025-02-06 13:38:41,212 [trainer.py] => CNN: {'total': 97.17, '00-19': 97.17, 'old': 0, 'new': 97.17}
2025-02-06 13:38:41,212 [trainer.py] => CNN top1 curve: [97.17]
2025-02-06 13:38:41,212 [trainer.py] => CNN top5 curve: [100.0]

Average Accuracy (CNN): 97.17
2025-02-06 13:38:41,212 [trainer.py] => Average Accuracy (CNN): 97.17 

2025-02-06 13:38:41,213 [trainer.py] => All params: 85898576
2025-02-06 13:38:41,214 [trainer.py] => Trainable params: 57650
2025-02-06 13:38:41,216 [lae.py] => Learning on 20-40

  0%|          | 0/50 [00:00<?, ?it/s]
Task 1, Epoch 1/50 => Loss 3.350, Train_accy 13.33:   0%|          | 0/50 [00:03<?, ?it/s]
Task 1, Epoch 1/50 => Loss 3.350, Train_accy 13.33:   2%|▏         | 1/50 [00:03<02:41,  3.30s/it]
Task 1, Epoch 2/50 => Loss 1.971, Train_accy 46.67:   2%|▏         | 1/50 [00:06<02:41,  3.30s/it]
Task 1, Epoch 2/50 => Loss 1.971, Train_accy 46.67:   4%|▍         | 2/50 [00:06<02:38,  3.31s/it]
Task 1, Epoch 3/50 => Loss 1.131, Train_accy 71.53:   4%|▍         | 2/50 [00:09<02:38,  3.31s/it]
Task 1, Epoch 3/50 => Loss 1.131, Train_accy 71.53:   6%|▌         | 3/50 [00:09<02:36,  3.33s/it]
Task 1, Epoch 4/50 => Loss 0.827, Train_accy 78.73:   6%|▌         | 3/50 [00:13<02:36,  3.33s/it]
Task 1, Epoch 4/50 => Loss 0.827, Train_accy 78.73:   8%|▊         | 4/50 [00:13<02:32,  3.32s/it]
Task 1, Epoch 5/50 => Loss 0.517, Train_accy 85.40, Test_accy 82.82:   8%|▊         | 4/50 [00:19<02:32,  3.32s/it]
Task 1, Epoch 5/50 => Loss 0.517, Train_accy 85.40, Test_accy 82.82:  10%|█         | 5/50 [00:19<03:23,  4.52s/it]
Task 1, Epoch 6/50 => Loss 0.478, Train_accy 87.94:  10%|█         | 5/50 [00:23<03:23,  4.52s/it]                 
Task 1, Epoch 6/50 => Loss 0.478, Train_accy 87.94:  12%|█▏        | 6/50 [00:23<03:01,  4.12s/it]
Task 1, Epoch 7/50 => Loss 0.375, Train_accy 90.48:  12%|█▏        | 6/50 [00:26<03:01,  4.12s/it]
Task 1, Epoch 7/50 => Loss 0.375, Train_accy 90.48:  14%|█▍        | 7/50 [00:26<02:45,  3.86s/it]
Task 1, Epoch 8/50 => Loss 0.375, Train_accy 90.26:  14%|█▍        | 7/50 [00:29<02:45,  3.86s/it]
Task 1, Epoch 8/50 => Loss 0.375, Train_accy 90.26:  16%|█▌        | 8/50 [00:29<02:34,  3.68s/it]
Task 1, Epoch 9/50 => Loss 0.379, Train_accy 89.95:  16%|█▌        | 8/50 [00:33<02:34,  3.68s/it]
Task 1, Epoch 9/50 => Loss 0.379, Train_accy 89.95:  18%|█▊        | 9/50 [00:33<02:26,  3.57s/it]
Task 1, Epoch 10/50 => Loss 0.348, Train_accy 90.90, Test_accy 90.97:  18%|█▊        | 9/50 [00:39<02:26,  3.57s/it]
Task 1, Epoch 10/50 => Loss 0.348, Train_accy 90.90, Test_accy 90.97:  20%|██        | 10/50 [00:39<03:00,  4.51s/it]
Task 1, Epoch 11/50 => Loss 0.309, Train_accy 93.02:  20%|██        | 10/50 [00:43<03:00,  4.51s/it]                 
Task 1, Epoch 11/50 => Loss 0.309, Train_accy 93.02:  22%|██▏       | 11/50 [00:43<02:42,  4.16s/it]
Task 1, Epoch 12/50 => Loss 0.299, Train_accy 90.58:  22%|██▏       | 11/50 [00:46<02:42,  4.16s/it]
Task 1, Epoch 12/50 => Loss 0.299, Train_accy 90.58:  24%|██▍       | 12/50 [00:46<02:28,  3.91s/it]
Task 1, Epoch 13/50 => Loss 0.295, Train_accy 92.06:  24%|██▍       | 12/50 [00:49<02:28,  3.91s/it]
Task 1, Epoch 13/50 => Loss 0.295, Train_accy 92.06:  26%|██▌       | 13/50 [00:49<02:18,  3.74s/it]
Task 1, Epoch 14/50 => Loss 0.253, Train_accy 93.33:  26%|██▌       | 13/50 [00:53<02:18,  3.74s/it]
Task 1, Epoch 14/50 => Loss 0.253, Train_accy 93.33:  28%|██▊       | 14/50 [00:53<02:09,  3.60s/it]
Task 1, Epoch 15/50 => Loss 0.262, Train_accy 92.91, Test_accy 91.85:  28%|██▊       | 14/50 [00:59<02:09,  3.60s/it]
Task 1, Epoch 15/50 => Loss 0.262, Train_accy 92.91, Test_accy 91.85:  30%|███       | 15/50 [00:59<02:38,  4.53s/it]
Task 1, Epoch 16/50 => Loss 0.260, Train_accy 92.59:  30%|███       | 15/50 [01:03<02:38,  4.53s/it]                 
Task 1, Epoch 16/50 => Loss 0.260, Train_accy 92.59:  32%|███▏      | 16/50 [01:03<02:22,  4.18s/it]
Task 1, Epoch 17/50 => Loss 0.254, Train_accy 93.44:  32%|███▏      | 16/50 [01:06<02:22,  4.18s/it]
Task 1, Epoch 17/50 => Loss 0.254, Train_accy 93.44:  34%|███▍      | 17/50 [01:06<02:09,  3.91s/it]
Task 1, Epoch 18/50 => Loss 0.189, Train_accy 94.92:  34%|███▍      | 17/50 [01:09<02:09,  3.91s/it]
Task 1, Epoch 18/50 => Loss 0.189, Train_accy 94.92:  36%|███▌      | 18/50 [01:09<01:59,  3.73s/it]
Task 1, Epoch 19/50 => Loss 0.217, Train_accy 94.18:  36%|███▌      | 18/50 [01:13<01:59,  3.73s/it]
Task 1, Epoch 19/50 => Loss 0.217, Train_accy 94.18:  38%|███▊      | 19/50 [01:13<01:51,  3.60s/it]
Task 1, Epoch 20/50 => Loss 0.226, Train_accy 94.39, Test_accy 93.61:  38%|███▊      | 19/50 [01:19<01:51,  3.60s/it]
Task 1, Epoch 20/50 => Loss 0.226, Train_accy 94.39, Test_accy 93.61:  40%|████      | 20/50 [01:19<02:15,  4.53s/it]
Task 1, Epoch 21/50 => Loss 0.225, Train_accy 93.65:  40%|████      | 20/50 [01:23<02:15,  4.53s/it]                 
Task 1, Epoch 21/50 => Loss 0.225, Train_accy 93.65:  42%|████▏     | 21/50 [01:23<02:00,  4.16s/it]
Task 1, Epoch 22/50 => Loss 0.220, Train_accy 93.33:  42%|████▏     | 21/50 [01:26<02:00,  4.16s/it]
Task 1, Epoch 22/50 => Loss 0.220, Train_accy 93.33:  44%|████▍     | 22/50 [01:26<01:49,  3.91s/it]
Task 1, Epoch 23/50 => Loss 0.180, Train_accy 95.13:  44%|████▍     | 22/50 [01:29<01:49,  3.91s/it]
Task 1, Epoch 23/50 => Loss 0.180, Train_accy 95.13:  46%|████▌     | 23/50 [01:29<01:40,  3.73s/it]
Task 1, Epoch 24/50 => Loss 0.176, Train_accy 95.13:  46%|████▌     | 23/50 [01:33<01:40,  3.73s/it]
Task 1, Epoch 24/50 => Loss 0.176, Train_accy 95.13:  48%|████▊     | 24/50 [01:33<01:33,  3.60s/it]
Task 1, Epoch 25/50 => Loss 0.203, Train_accy 94.07, Test_accy 93.83:  48%|████▊     | 24/50 [01:39<01:33,  3.60s/it]
Task 1, Epoch 25/50 => Loss 0.203, Train_accy 94.07, Test_accy 93.83:  50%|█████     | 25/50 [01:39<01:52,  4.51s/it]
Task 1, Epoch 26/50 => Loss 0.162, Train_accy 95.98:  50%|█████     | 25/50 [01:42<01:52,  4.51s/it]                 
Task 1, Epoch 26/50 => Loss 0.162, Train_accy 95.98:  52%|█████▏    | 26/50 [01:42<01:39,  4.13s/it]
Task 1, Epoch 27/50 => Loss 0.160, Train_accy 95.56:  52%|█████▏    | 26/50 [01:46<01:39,  4.13s/it]
Task 1, Epoch 27/50 => Loss 0.160, Train_accy 95.56:  54%|█████▍    | 27/50 [01:46<01:29,  3.89s/it]
Task 1, Epoch 28/50 => Loss 0.213, Train_accy 93.54:  54%|█████▍    | 27/50 [01:49<01:29,  3.89s/it]
Task 1, Epoch 28/50 => Loss 0.213, Train_accy 93.54:  56%|█████▌    | 28/50 [01:49<01:21,  3.72s/it]
Task 1, Epoch 29/50 => Loss 0.173, Train_accy 94.81:  56%|█████▌    | 28/50 [01:52<01:21,  3.72s/it]
Task 1, Epoch 29/50 => Loss 0.173, Train_accy 94.81:  58%|█████▊    | 29/50 [01:52<01:15,  3.59s/it]
Task 1, Epoch 30/50 => Loss 0.195, Train_accy 94.92, Test_accy 93.83:  58%|█████▊    | 29/50 [01:59<01:15,  3.59s/it]
Task 1, Epoch 30/50 => Loss 0.195, Train_accy 94.92, Test_accy 93.83:  60%|██████    | 30/50 [01:59<01:30,  4.51s/it]
Task 1, Epoch 31/50 => Loss 0.143, Train_accy 96.19:  60%|██████    | 30/50 [02:02<01:30,  4.51s/it]                 
Task 1, Epoch 31/50 => Loss 0.143, Train_accy 96.19:  62%|██████▏   | 31/50 [02:02<01:18,  4.15s/it]
Task 1, Epoch 32/50 => Loss 0.187, Train_accy 94.92:  62%|██████▏   | 31/50 [02:06<01:18,  4.15s/it]
Task 1, Epoch 32/50 => Loss 0.187, Train_accy 94.92:  64%|██████▍   | 32/50 [02:06<01:10,  3.91s/it]
Task 1, Epoch 33/50 => Loss 0.171, Train_accy 95.77:  64%|██████▍   | 32/50 [02:09<01:10,  3.91s/it]
Task 1, Epoch 33/50 => Loss 0.171, Train_accy 95.77:  66%|██████▌   | 33/50 [02:09<01:04,  3.77s/it]
Task 1, Epoch 34/50 => Loss 0.148, Train_accy 95.77:  66%|██████▌   | 33/50 [02:12<01:04,  3.77s/it]
Task 1, Epoch 34/50 => Loss 0.148, Train_accy 95.77:  68%|██████▊   | 34/50 [02:12<00:58,  3.64s/it]
Task 1, Epoch 35/50 => Loss 0.147, Train_accy 96.51, Test_accy 93.61:  68%|██████▊   | 34/50 [02:19<00:58,  3.64s/it]
Task 1, Epoch 35/50 => Loss 0.147, Train_accy 96.51, Test_accy 93.61:  70%|███████   | 35/50 [02:19<01:08,  4.54s/it]
Task 1, Epoch 36/50 => Loss 0.159, Train_accy 95.56:  70%|███████   | 35/50 [02:22<01:08,  4.54s/it]                 
Task 1, Epoch 36/50 => Loss 0.159, Train_accy 95.56:  72%|███████▏  | 36/50 [02:22<00:58,  4.20s/it]
Task 1, Epoch 37/50 => Loss 0.165, Train_accy 95.34:  72%|███████▏  | 36/50 [02:26<00:58,  4.20s/it]
Task 1, Epoch 37/50 => Loss 0.165, Train_accy 95.34:  74%|███████▍  | 37/50 [02:26<00:51,  3.93s/it]
Task 1, Epoch 38/50 => Loss 0.174, Train_accy 94.71:  74%|███████▍  | 37/50 [02:29<00:51,  3.93s/it]
Task 1, Epoch 38/50 => Loss 0.174, Train_accy 94.71:  76%|███████▌  | 38/50 [02:29<00:44,  3.74s/it]
Task 1, Epoch 39/50 => Loss 0.140, Train_accy 95.87:  76%|███████▌  | 38/50 [02:32<00:44,  3.74s/it]
Task 1, Epoch 39/50 => Loss 0.140, Train_accy 95.87:  78%|███████▊  | 39/50 [02:33<00:40,  3.64s/it]
Task 1, Epoch 40/50 => Loss 0.143, Train_accy 95.45, Test_accy 94.27:  78%|███████▊  | 39/50 [02:39<00:40,  3.64s/it]
Task 1, Epoch 40/50 => Loss 0.143, Train_accy 95.45, Test_accy 94.27:  80%|████████  | 40/50 [02:39<00:45,  4.55s/it]
Task 1, Epoch 41/50 => Loss 0.141, Train_accy 96.19:  80%|████████  | 40/50 [02:42<00:45,  4.55s/it]                 
Task 1, Epoch 41/50 => Loss 0.141, Train_accy 96.19:  82%|████████▏ | 41/50 [02:42<00:37,  4.18s/it]
Task 1, Epoch 42/50 => Loss 0.101, Train_accy 97.25:  82%|████████▏ | 41/50 [02:46<00:37,  4.18s/it]
Task 1, Epoch 42/50 => Loss 0.101, Train_accy 97.25:  84%|████████▍ | 42/50 [02:46<00:31,  3.94s/it]
Task 1, Epoch 43/50 => Loss 0.175, Train_accy 95.03:  84%|████████▍ | 42/50 [02:49<00:31,  3.94s/it]
Task 1, Epoch 43/50 => Loss 0.175, Train_accy 95.03:  86%|████████▌ | 43/50 [02:49<00:26,  3.75s/it]
Task 1, Epoch 44/50 => Loss 0.116, Train_accy 97.04:  86%|████████▌ | 43/50 [02:53<00:26,  3.75s/it]
Task 1, Epoch 44/50 => Loss 0.116, Train_accy 97.04:  88%|████████▊ | 44/50 [02:53<00:21,  3.65s/it]
Task 1, Epoch 45/50 => Loss 0.119, Train_accy 97.35, Test_accy 94.27:  88%|████████▊ | 44/50 [02:59<00:21,  3.65s/it]
Task 1, Epoch 45/50 => Loss 0.119, Train_accy 97.35, Test_accy 94.27:  90%|█████████ | 45/50 [02:59<00:22,  4.56s/it]
Task 1, Epoch 46/50 => Loss 0.130, Train_accy 95.77:  90%|█████████ | 45/50 [03:03<00:22,  4.56s/it]                 
Task 1, Epoch 46/50 => Loss 0.130, Train_accy 95.77:  92%|█████████▏| 46/50 [03:03<00:16,  4.20s/it]
Task 1, Epoch 47/50 => Loss 0.115, Train_accy 96.83:  92%|█████████▏| 46/50 [03:06<00:16,  4.20s/it]
Task 1, Epoch 47/50 => Loss 0.115, Train_accy 96.83:  94%|█████████▍| 47/50 [03:06<00:11,  3.98s/it]
Task 1, Epoch 48/50 => Loss 0.138, Train_accy 96.08:  94%|█████████▍| 47/50 [03:09<00:11,  3.98s/it]
Task 1, Epoch 48/50 => Loss 0.138, Train_accy 96.08:  96%|█████████▌| 48/50 [03:09<00:07,  3.78s/it]
Task 1, Epoch 49/50 => Loss 0.136, Train_accy 95.98:  96%|█████████▌| 48/50 [03:13<00:07,  3.78s/it]
Task 1, Epoch 49/50 => Loss 0.136, Train_accy 95.98:  98%|█████████▊| 49/50 [03:13<00:03,  3.65s/it]
Task 1, Epoch 50/50 => Loss 0.148, Train_accy 95.45, Test_accy 94.71:  98%|█████████▊| 49/50 [03:19<00:03,  3.65s/it]
Task 1, Epoch 50/50 => Loss 0.148, Train_accy 95.45, Test_accy 94.71: 100%|██████████| 50/50 [03:19<00:00,  4.57s/it]
Task 1, Epoch 50/50 => Loss 0.148, Train_accy 95.45, Test_accy 94.71: 100%|██████████| 50/50 [03:19<00:00,  4.00s/it]2025-02-06 13:42:01,198 [lae.py] => Task 1, Epoch 50/50 => Loss 0.148, Train_accy 95.45, Test_accy 94.71

2025-02-06 13:42:04,524 [trainer.py] => No NME accuracy.
2025-02-06 13:42:04,524 [trainer.py] => CNN: {'total': 94.71, '00-19': 94.74, '20-39': 94.69, 'old': 94.74, 'new': 94.69}
2025-02-06 13:42:04,524 [trainer.py] => CNN top1 curve: [97.17, 94.71]
2025-02-06 13:42:04,524 [trainer.py] => CNN top5 curve: [100.0, 99.78]

Average Accuracy (CNN): 95.94
2025-02-06 13:42:04,525 [trainer.py] => Average Accuracy (CNN): 95.94 

2025-02-06 13:42:04,526 [trainer.py] => All params: 85913956
2025-02-06 13:42:04,527 [trainer.py] => Trainable params: 73030
2025-02-06 13:42:04,529 [lae.py] => Learning on 40-60

  0%|          | 0/50 [00:00<?, ?it/s]
Task 2, Epoch 1/50 => Loss 3.714, Train_accy 7.74:   0%|          | 0/50 [00:03<?, ?it/s]
Task 2, Epoch 1/50 => Loss 3.714, Train_accy 7.74:   2%|▏         | 1/50 [00:03<02:42,  3.31s/it]
Task 2, Epoch 2/50 => Loss 2.196, Train_accy 36.37:   2%|▏         | 1/50 [00:06<02:42,  3.31s/it]
Task 2, Epoch 2/50 => Loss 2.196, Train_accy 36.37:   4%|▍         | 2/50 [00:06<02:39,  3.32s/it]
Task 2, Epoch 3/50 => Loss 1.264, Train_accy 69.03:   4%|▍         | 2/50 [00:09<02:39,  3.32s/it]
Task 2, Epoch 3/50 => Loss 1.264, Train_accy 69.03:   6%|▌         | 3/50 [00:09<02:36,  3.34s/it]
Task 2, Epoch 4/50 => Loss 0.788, Train_accy 81.12:   6%|▌         | 3/50 [00:13<02:36,  3.34s/it]
Task 2, Epoch 4/50 => Loss 0.788, Train_accy 81.12:   8%|▊         | 4/50 [00:13<02:33,  3.35s/it]
Task 2, Epoch 5/50 => Loss 0.586, Train_accy 86.64, Test_accy 80.65:   8%|▊         | 4/50 [00:21<02:33,  3.35s/it]
Task 2, Epoch 5/50 => Loss 0.586, Train_accy 86.64, Test_accy 80.65:  10%|█         | 5/50 [00:21<03:42,  4.94s/it]
Task 2, Epoch 6/50 => Loss 0.525, Train_accy 86.64:  10%|█         | 5/50 [00:24<03:42,  4.94s/it]                 
Task 2, Epoch 6/50 => Loss 0.525, Train_accy 86.64:  12%|█▏        | 6/50 [00:24<03:14,  4.41s/it]
Task 2, Epoch 7/50 => Loss 0.376, Train_accy 90.88:  12%|█▏        | 6/50 [00:27<03:14,  4.41s/it]
Task 2, Epoch 7/50 => Loss 0.376, Train_accy 90.88:  14%|█▍        | 7/50 [00:27<02:54,  4.05s/it]
Task 2, Epoch 8/50 => Loss 0.353, Train_accy 91.62:  14%|█▍        | 7/50 [00:31<02:54,  4.05s/it]
Task 2, Epoch 8/50 => Loss 0.353, Train_accy 91.62:  16%|█▌        | 8/50 [00:31<02:40,  3.82s/it]
Task 2, Epoch 9/50 => Loss 0.362, Train_accy 90.56:  16%|█▌        | 8/50 [00:34<02:40,  3.82s/it]
Task 2, Epoch 9/50 => Loss 0.362, Train_accy 90.56:  18%|█▊        | 9/50 [00:34<02:30,  3.66s/it]
Task 2, Epoch 10/50 => Loss 0.310, Train_accy 91.83, Test_accy 86.90:  18%|█▊        | 9/50 [00:42<02:30,  3.66s/it]
Task 2, Epoch 10/50 => Loss 0.310, Train_accy 91.83, Test_accy 86.90:  20%|██        | 10/50 [00:42<03:16,  4.92s/it]
Task 2, Epoch 11/50 => Loss 0.315, Train_accy 91.30:  20%|██        | 10/50 [00:45<03:16,  4.92s/it]                 
Task 2, Epoch 11/50 => Loss 0.315, Train_accy 91.30:  22%|██▏       | 11/50 [00:45<02:52,  4.43s/it]
Task 2, Epoch 12/50 => Loss 0.306, Train_accy 91.09:  22%|██▏       | 11/50 [00:48<02:52,  4.43s/it]
Task 2, Epoch 12/50 => Loss 0.306, Train_accy 91.09:  24%|██▍       | 12/50 [00:48<02:35,  4.09s/it]
Task 2, Epoch 13/50 => Loss 0.282, Train_accy 92.26:  24%|██▍       | 12/50 [00:52<02:35,  4.09s/it]
Task 2, Epoch 13/50 => Loss 0.282, Train_accy 92.26:  26%|██▌       | 13/50 [00:52<02:22,  3.86s/it]
Task 2, Epoch 14/50 => Loss 0.256, Train_accy 92.90:  26%|██▌       | 13/50 [00:55<02:22,  3.86s/it]
Task 2, Epoch 14/50 => Loss 0.256, Train_accy 92.90:  28%|██▊       | 14/50 [00:55<02:13,  3.71s/it]
Task 2, Epoch 15/50 => Loss 0.356, Train_accy 90.67, Test_accy 88.10:  28%|██▊       | 14/50 [01:03<02:13,  3.71s/it]
Task 2, Epoch 15/50 => Loss 0.356, Train_accy 90.67, Test_accy 88.10:  30%|███       | 15/50 [01:03<02:52,  4.93s/it]
Task 2, Epoch 16/50 => Loss 0.289, Train_accy 91.09:  30%|███       | 15/50 [01:06<02:52,  4.93s/it]                 
Task 2, Epoch 16/50 => Loss 0.289, Train_accy 91.09:  32%|███▏      | 16/50 [01:06<02:30,  4.44s/it]
Task 2, Epoch 17/50 => Loss 0.249, Train_accy 92.90:  32%|███▏      | 16/50 [01:09<02:30,  4.44s/it]
Task 2, Epoch 17/50 => Loss 0.249, Train_accy 92.90:  34%|███▍      | 17/50 [01:09<02:15,  4.10s/it]
Task 2, Epoch 18/50 => Loss 0.223, Train_accy 93.43:  34%|███▍      | 17/50 [01:13<02:15,  4.10s/it]
Task 2, Epoch 18/50 => Loss 0.223, Train_accy 93.43:  36%|███▌      | 18/50 [01:13<02:04,  3.88s/it]
Task 2, Epoch 19/50 => Loss 0.272, Train_accy 91.94:  36%|███▌      | 18/50 [01:17<02:04,  3.88s/it]
Task 2, Epoch 19/50 => Loss 0.272, Train_accy 91.94:  38%|███▊      | 19/50 [01:17<01:59,  3.85s/it]
Task 2, Epoch 20/50 => Loss 0.282, Train_accy 91.73, Test_accy 89.43:  38%|███▊      | 19/50 [01:24<01:59,  3.85s/it]
Task 2, Epoch 20/50 => Loss 0.282, Train_accy 91.73, Test_accy 89.43:  40%|████      | 20/50 [01:24<02:30,  5.03s/it]
Task 2, Epoch 21/50 => Loss 0.208, Train_accy 94.49:  40%|████      | 20/50 [01:28<02:30,  5.03s/it]                 
Task 2, Epoch 21/50 => Loss 0.208, Train_accy 94.49:  42%|████▏     | 21/50 [01:28<02:10,  4.51s/it]
Task 2, Epoch 22/50 => Loss 0.254, Train_accy 93.11:  42%|████▏     | 21/50 [01:31<02:10,  4.51s/it]
Task 2, Epoch 22/50 => Loss 0.254, Train_accy 93.11:  44%|████▍     | 22/50 [01:31<01:56,  4.15s/it]
Task 2, Epoch 23/50 => Loss 0.272, Train_accy 92.79:  44%|████▍     | 22/50 [01:34<01:56,  4.15s/it]
Task 2, Epoch 23/50 => Loss 0.272, Train_accy 92.79:  46%|████▌     | 23/50 [01:34<01:45,  3.90s/it]
Task 2, Epoch 24/50 => Loss 0.238, Train_accy 92.90:  46%|████▌     | 23/50 [01:38<01:45,  3.90s/it]
Task 2, Epoch 24/50 => Loss 0.238, Train_accy 92.90:  48%|████▊     | 24/50 [01:38<01:37,  3.73s/it]
Task 2, Epoch 25/50 => Loss 0.239, Train_accy 93.32, Test_accy 89.73:  48%|████▊     | 24/50 [01:45<01:37,  3.73s/it]
Task 2, Epoch 25/50 => Loss 0.239, Train_accy 93.32, Test_accy 89.73:  50%|█████     | 25/50 [01:45<02:04,  4.97s/it]
Task 2, Epoch 26/50 => Loss 0.213, Train_accy 93.32:  50%|█████     | 25/50 [01:49<02:04,  4.97s/it]                 
Task 2, Epoch 26/50 => Loss 0.213, Train_accy 93.32:  52%|█████▏    | 26/50 [01:49<01:47,  4.48s/it]
Task 2, Epoch 27/50 => Loss 0.201, Train_accy 94.27:  52%|█████▏    | 26/50 [01:52<01:47,  4.48s/it]
Task 2, Epoch 27/50 => Loss 0.201, Train_accy 94.27:  54%|█████▍    | 27/50 [01:52<01:35,  4.14s/it]
Task 2, Epoch 28/50 => Loss 0.177, Train_accy 95.02:  54%|█████▍    | 27/50 [01:55<01:35,  4.14s/it]
Task 2, Epoch 28/50 => Loss 0.177, Train_accy 95.02:  56%|█████▌    | 28/50 [01:55<01:25,  3.89s/it]
Task 2, Epoch 29/50 => Loss 0.204, Train_accy 94.59:  56%|█████▌    | 28/50 [01:59<01:25,  3.89s/it]
Task 2, Epoch 29/50 => Loss 0.204, Train_accy 94.59:  58%|█████▊    | 29/50 [01:59<01:18,  3.73s/it]
Task 2, Epoch 30/50 => Loss 0.210, Train_accy 94.59, Test_accy 90.03:  58%|█████▊    | 29/50 [02:07<01:18,  3.73s/it]
Task 2, Epoch 30/50 => Loss 0.210, Train_accy 94.59, Test_accy 90.03:  60%|██████    | 30/50 [02:07<01:38,  4.95s/it]
Task 2, Epoch 31/50 => Loss 0.216, Train_accy 93.96:  60%|██████    | 30/50 [02:10<01:38,  4.95s/it]                 
Task 2, Epoch 31/50 => Loss 0.216, Train_accy 93.96:  62%|██████▏   | 31/50 [02:10<01:25,  4.51s/it]
Task 2, Epoch 32/50 => Loss 0.207, Train_accy 93.53:  62%|██████▏   | 31/50 [02:13<01:25,  4.51s/it]
Task 2, Epoch 32/50 => Loss 0.207, Train_accy 93.53:  64%|██████▍   | 32/50 [02:13<01:15,  4.17s/it]
Task 2, Epoch 33/50 => Loss 0.178, Train_accy 94.49:  64%|██████▍   | 32/50 [02:17<01:15,  4.17s/it]
Task 2, Epoch 33/50 => Loss 0.178, Train_accy 94.49:  66%|██████▌   | 33/50 [02:17<01:06,  3.92s/it]
Task 2, Epoch 34/50 => Loss 0.181, Train_accy 94.59:  66%|██████▌   | 33/50 [02:20<01:06,  3.92s/it]
Task 2, Epoch 34/50 => Loss 0.181, Train_accy 94.59:  68%|██████▊   | 34/50 [02:20<00:59,  3.75s/it]
Task 2, Epoch 35/50 => Loss 0.180, Train_accy 93.74, Test_accy 89.88:  68%|██████▊   | 34/50 [02:28<00:59,  3.75s/it]
Task 2, Epoch 35/50 => Loss 0.180, Train_accy 93.74, Test_accy 89.88:  70%|███████   | 35/50 [02:28<01:14,  4.96s/it]
Task 2, Epoch 36/50 => Loss 0.219, Train_accy 93.85:  70%|███████   | 35/50 [02:31<01:14,  4.96s/it]                 
Task 2, Epoch 36/50 => Loss 0.219, Train_accy 93.85:  72%|███████▏  | 36/50 [02:31<01:02,  4.49s/it]
Task 2, Epoch 37/50 => Loss 0.176, Train_accy 95.23:  72%|███████▏  | 36/50 [02:35<01:02,  4.49s/it]
Task 2, Epoch 37/50 => Loss 0.176, Train_accy 95.23:  74%|███████▍  | 37/50 [02:35<00:53,  4.15s/it]
Task 2, Epoch 38/50 => Loss 0.182, Train_accy 94.91:  74%|███████▍  | 37/50 [02:38<00:53,  4.15s/it]
Task 2, Epoch 38/50 => Loss 0.182, Train_accy 94.91:  76%|███████▌  | 38/50 [02:38<00:46,  3.91s/it]
Task 2, Epoch 39/50 => Loss 0.171, Train_accy 95.65:  76%|███████▌  | 38/50 [02:41<00:46,  3.91s/it]
Task 2, Epoch 39/50 => Loss 0.171, Train_accy 95.65:  78%|███████▊  | 39/50 [02:41<00:41,  3.73s/it]
Task 2, Epoch 40/50 => Loss 0.171, Train_accy 94.80, Test_accy 89.43:  78%|███████▊  | 39/50 [02:49<00:41,  3.73s/it]
Task 2, Epoch 40/50 => Loss 0.171, Train_accy 94.80, Test_accy 89.43:  80%|████████  | 40/50 [02:49<00:49,  4.95s/it]
Task 2, Epoch 41/50 => Loss 0.184, Train_accy 95.23:  80%|████████  | 40/50 [02:52<00:49,  4.95s/it]                 
Task 2, Epoch 41/50 => Loss 0.184, Train_accy 95.23:  82%|████████▏ | 41/50 [02:52<00:40,  4.46s/it]
Task 2, Epoch 42/50 => Loss 0.200, Train_accy 94.49:  82%|████████▏ | 41/50 [02:56<00:40,  4.46s/it]
Task 2, Epoch 42/50 => Loss 0.200, Train_accy 94.49:  84%|████████▍ | 42/50 [02:56<00:33,  4.14s/it]
Task 2, Epoch 43/50 => Loss 0.131, Train_accy 96.39:  84%|████████▍ | 42/50 [02:59<00:33,  4.14s/it]
Task 2, Epoch 43/50 => Loss 0.131, Train_accy 96.39:  86%|████████▌ | 43/50 [02:59<00:27,  3.93s/it]
Task 2, Epoch 44/50 => Loss 0.172, Train_accy 95.12:  86%|████████▌ | 43/50 [03:03<00:27,  3.93s/it]
Task 2, Epoch 44/50 => Loss 0.172, Train_accy 95.12:  88%|████████▊ | 44/50 [03:03<00:22,  3.74s/it]
Task 2, Epoch 45/50 => Loss 0.180, Train_accy 95.55, Test_accy 89.58:  88%|████████▊ | 44/50 [03:10<00:22,  3.74s/it]
Task 2, Epoch 45/50 => Loss 0.180, Train_accy 95.55, Test_accy 89.58:  90%|█████████ | 45/50 [03:10<00:24,  4.96s/it]
Task 2, Epoch 46/50 => Loss 0.168, Train_accy 95.55:  90%|█████████ | 45/50 [03:14<00:24,  4.96s/it]                 
Task 2, Epoch 46/50 => Loss 0.168, Train_accy 95.55:  92%|█████████▏| 46/50 [03:14<00:17,  4.47s/it]
Task 2, Epoch 47/50 => Loss 0.149, Train_accy 95.55:  92%|█████████▏| 46/50 [03:17<00:17,  4.47s/it]
Task 2, Epoch 47/50 => Loss 0.149, Train_accy 95.55:  94%|█████████▍| 47/50 [03:17<00:12,  4.13s/it]
Task 2, Epoch 48/50 => Loss 0.165, Train_accy 95.65:  94%|█████████▍| 47/50 [03:20<00:12,  4.13s/it]
Task 2, Epoch 48/50 => Loss 0.165, Train_accy 95.65:  96%|█████████▌| 48/50 [03:20<00:07,  3.89s/it]
Task 2, Epoch 49/50 => Loss 0.183, Train_accy 95.65:  96%|█████████▌| 48/50 [03:24<00:07,  3.89s/it]
Task 2, Epoch 49/50 => Loss 0.183, Train_accy 95.65:  98%|█████████▊| 49/50 [03:24<00:03,  3.72s/it]
Task 2, Epoch 50/50 => Loss 0.145, Train_accy 95.65, Test_accy 89.88:  98%|█████████▊| 49/50 [03:32<00:03,  3.72s/it]
Task 2, Epoch 50/50 => Loss 0.145, Train_accy 95.65, Test_accy 89.88: 100%|██████████| 50/50 [03:32<00:00,  4.97s/it]
Task 2, Epoch 50/50 => Loss 0.145, Train_accy 95.65, Test_accy 89.88: 100%|██████████| 50/50 [03:32<00:00,  4.24s/it]2025-02-06 13:45:36,601 [lae.py] => Task 2, Epoch 50/50 => Loss 0.145, Train_accy 95.65, Test_accy 89.88

2025-02-06 13:45:41,056 [trainer.py] => No NME accuracy.
2025-02-06 13:45:41,057 [trainer.py] => CNN: {'total': 89.88, '00-19': 90.28, '20-39': 88.41, '40-59': 90.83, 'old': 89.43, 'new': 90.83}
2025-02-06 13:45:41,057 [trainer.py] => CNN top1 curve: [97.17, 94.71, 89.88]
2025-02-06 13:45:41,057 [trainer.py] => CNN top5 curve: [100.0, 99.78, 99.26]

Average Accuracy (CNN): 93.92
2025-02-06 13:45:41,057 [trainer.py] => Average Accuracy (CNN): 93.92 

2025-02-06 13:45:41,058 [trainer.py] => All params: 85929336
2025-02-06 13:45:41,059 [trainer.py] => Trainable params: 88410
2025-02-06 13:45:41,061 [lae.py] => Learning on 60-80

  0%|          | 0/50 [00:00<?, ?it/s]
Task 3, Epoch 1/50 => Loss 3.422, Train_accy 11.52:   0%|          | 0/50 [00:03<?, ?it/s]
Task 3, Epoch 1/50 => Loss 3.422, Train_accy 11.52:   2%|▏         | 1/50 [00:03<02:52,  3.53s/it]
Task 3, Epoch 2/50 => Loss 1.964, Train_accy 42.60:   2%|▏         | 1/50 [00:06<02:52,  3.53s/it]
Task 3, Epoch 2/50 => Loss 1.964, Train_accy 42.60:   4%|▍         | 2/50 [00:06<02:47,  3.49s/it]
Task 3, Epoch 3/50 => Loss 1.182, Train_accy 73.36:   4%|▍         | 2/50 [00:10<02:47,  3.49s/it]
Task 3, Epoch 3/50 => Loss 1.182, Train_accy 73.36:   6%|▌         | 3/50 [00:10<02:40,  3.41s/it]
Task 3, Epoch 4/50 => Loss 0.629, Train_accy 86.26:   6%|▌         | 3/50 [00:13<02:40,  3.41s/it]
Task 3, Epoch 4/50 => Loss 0.629, Train_accy 86.26:   8%|▊         | 4/50 [00:13<02:35,  3.38s/it]
Task 3, Epoch 5/50 => Loss 0.490, Train_accy 88.48, Test_accy 77.58:   8%|▊         | 4/50 [00:22<02:35,  3.38s/it]
Task 3, Epoch 5/50 => Loss 0.490, Train_accy 88.48, Test_accy 77.58:  10%|█         | 5/50 [00:22<04:03,  5.41s/it]
Task 3, Epoch 6/50 => Loss 0.400, Train_accy 90.91:  10%|█         | 5/50 [00:25<04:03,  5.41s/it]                 
Task 3, Epoch 6/50 => Loss 0.400, Train_accy 90.91:  12%|█▏        | 6/50 [00:25<03:26,  4.70s/it]
Task 3, Epoch 7/50 => Loss 0.377, Train_accy 91.01:  12%|█▏        | 6/50 [00:29<03:26,  4.70s/it]
Task 3, Epoch 7/50 => Loss 0.377, Train_accy 91.01:  14%|█▍        | 7/50 [00:29<03:02,  4.24s/it]
Task 3, Epoch 8/50 => Loss 0.405, Train_accy 90.49:  14%|█▍        | 7/50 [00:32<03:02,  4.24s/it]
Task 3, Epoch 8/50 => Loss 0.405, Train_accy 90.49:  16%|█▌        | 8/50 [00:32<02:45,  3.94s/it]
Task 3, Epoch 9/50 => Loss 0.314, Train_accy 91.12:  16%|█▌        | 8/50 [00:35<02:45,  3.94s/it]
Task 3, Epoch 9/50 => Loss 0.314, Train_accy 91.12:  18%|█▊        | 9/50 [00:35<02:33,  3.74s/it]
Task 3, Epoch 10/50 => Loss 0.284, Train_accy 92.71, Test_accy 82.70:  18%|█▊        | 9/50 [00:44<02:33,  3.74s/it]
Task 3, Epoch 10/50 => Loss 0.284, Train_accy 92.71, Test_accy 82.70:  20%|██        | 10/50 [00:44<03:35,  5.38s/it]
Task 3, Epoch 11/50 => Loss 0.313, Train_accy 91.75:  20%|██        | 10/50 [00:48<03:35,  5.38s/it]                 
Task 3, Epoch 11/50 => Loss 0.313, Train_accy 91.75:  22%|██▏       | 11/50 [00:48<03:05,  4.76s/it]
Task 3, Epoch 12/50 => Loss 0.306, Train_accy 92.07:  22%|██▏       | 11/50 [00:51<03:05,  4.76s/it]
Task 3, Epoch 12/50 => Loss 0.306, Train_accy 92.07:  24%|██▍       | 12/50 [00:51<02:44,  4.34s/it]
Task 3, Epoch 13/50 => Loss 0.248, Train_accy 93.97:  24%|██▍       | 12/50 [00:55<02:44,  4.34s/it]
Task 3, Epoch 13/50 => Loss 0.248, Train_accy 93.97:  26%|██▌       | 13/50 [00:55<02:29,  4.05s/it]
Task 3, Epoch 14/50 => Loss 0.257, Train_accy 92.07:  26%|██▌       | 13/50 [00:58<02:29,  4.05s/it]
Task 3, Epoch 14/50 => Loss 0.257, Train_accy 92.07:  28%|██▊       | 14/50 [00:58<02:18,  3.84s/it]
Task 3, Epoch 15/50 => Loss 0.242, Train_accy 93.13, Test_accy 84.22:  28%|██▊       | 14/50 [01:07<02:18,  3.84s/it]
Task 3, Epoch 15/50 => Loss 0.242, Train_accy 93.13, Test_accy 84.22:  30%|███       | 15/50 [01:07<03:09,  5.42s/it]
Task 3, Epoch 16/50 => Loss 0.209, Train_accy 94.08:  30%|███       | 15/50 [01:10<03:09,  5.42s/it]                 
Task 3, Epoch 16/50 => Loss 0.209, Train_accy 94.08:  32%|███▏      | 16/50 [01:10<02:42,  4.78s/it]
Task 3, Epoch 17/50 => Loss 0.198, Train_accy 94.71:  32%|███▏      | 16/50 [01:14<02:42,  4.78s/it]
Task 3, Epoch 17/50 => Loss 0.198, Train_accy 94.71:  34%|███▍      | 17/50 [01:14<02:23,  4.36s/it]
Task 3, Epoch 18/50 => Loss 0.246, Train_accy 93.45:  34%|███▍      | 17/50 [01:17<02:23,  4.36s/it]
Task 3, Epoch 18/50 => Loss 0.246, Train_accy 93.45:  36%|███▌      | 18/50 [01:17<02:09,  4.05s/it]
Task 3, Epoch 19/50 => Loss 0.281, Train_accy 91.33:  36%|███▌      | 18/50 [01:20<02:09,  4.05s/it]
Task 3, Epoch 19/50 => Loss 0.281, Train_accy 91.33:  38%|███▊      | 19/50 [01:20<01:58,  3.83s/it]
Task 3, Epoch 20/50 => Loss 0.220, Train_accy 93.87, Test_accy 85.31:  38%|███▊      | 19/50 [01:29<01:58,  3.83s/it]
Task 3, Epoch 20/50 => Loss 0.220, Train_accy 93.87, Test_accy 85.31:  40%|████      | 20/50 [01:29<02:41,  5.40s/it]
Task 3, Epoch 21/50 => Loss 0.202, Train_accy 94.40:  40%|████      | 20/50 [01:33<02:41,  5.40s/it]                 
Task 3, Epoch 21/50 => Loss 0.202, Train_accy 94.40:  42%|████▏     | 21/50 [01:33<02:18,  4.78s/it]
Task 3, Epoch 22/50 => Loss 0.209, Train_accy 94.19:  42%|████▏     | 21/50 [01:36<02:18,  4.78s/it]
Task 3, Epoch 22/50 => Loss 0.209, Train_accy 94.19:  44%|████▍     | 22/50 [01:36<02:01,  4.33s/it]
Task 3, Epoch 23/50 => Loss 0.191, Train_accy 95.03:  44%|████▍     | 22/50 [01:39<02:01,  4.33s/it]
Task 3, Epoch 23/50 => Loss 0.191, Train_accy 95.03:  46%|████▌     | 23/50 [01:39<01:48,  4.03s/it]
Task 3, Epoch 24/50 => Loss 0.158, Train_accy 95.67:  46%|████▌     | 23/50 [01:43<01:48,  4.03s/it]
Task 3, Epoch 24/50 => Loss 0.158, Train_accy 95.67:  48%|████▊     | 24/50 [01:43<01:39,  3.84s/it]
Task 3, Epoch 25/50 => Loss 0.174, Train_accy 95.77, Test_accy 85.31:  48%|████▊     | 24/50 [01:52<01:39,  3.84s/it]
Task 3, Epoch 25/50 => Loss 0.174, Train_accy 95.77, Test_accy 85.31:  50%|█████     | 25/50 [01:52<02:16,  5.46s/it]
Task 3, Epoch 26/50 => Loss 0.175, Train_accy 94.71:  50%|█████     | 25/50 [01:55<02:16,  5.46s/it]                 
Task 3, Epoch 26/50 => Loss 0.175, Train_accy 94.71:  52%|█████▏    | 26/50 [01:55<01:55,  4.82s/it]
Task 3, Epoch 27/50 => Loss 0.185, Train_accy 94.19:  52%|█████▏    | 26/50 [01:59<01:55,  4.82s/it]
Task 3, Epoch 27/50 => Loss 0.185, Train_accy 94.19:  54%|█████▍    | 27/50 [01:59<01:40,  4.37s/it]
Task 3, Epoch 28/50 => Loss 0.193, Train_accy 94.71:  54%|█████▍    | 27/50 [02:02<01:40,  4.37s/it]
Task 3, Epoch 28/50 => Loss 0.193, Train_accy 94.71:  56%|█████▌    | 28/50 [02:02<01:29,  4.07s/it]
Task 3, Epoch 29/50 => Loss 0.148, Train_accy 95.56:  56%|█████▌    | 28/50 [02:05<01:29,  4.07s/it]
Task 3, Epoch 29/50 => Loss 0.148, Train_accy 95.56:  58%|█████▊    | 29/50 [02:05<01:21,  3.86s/it]
Task 3, Epoch 30/50 => Loss 0.183, Train_accy 94.50, Test_accy 86.40:  58%|█████▊    | 29/50 [02:14<01:21,  3.86s/it]
Task 3, Epoch 30/50 => Loss 0.183, Train_accy 94.50, Test_accy 86.40:  60%|██████    | 30/50 [02:14<01:48,  5.43s/it]
Task 3, Epoch 31/50 => Loss 0.156, Train_accy 95.56:  60%|██████    | 30/50 [02:18<01:48,  5.43s/it]                 
Task 3, Epoch 31/50 => Loss 0.156, Train_accy 95.56:  62%|██████▏   | 31/50 [02:18<01:32,  4.85s/it]
Task 3, Epoch 32/50 => Loss 0.144, Train_accy 96.30:  62%|██████▏   | 31/50 [02:21<01:32,  4.85s/it]
Task 3, Epoch 32/50 => Loss 0.144, Train_accy 96.30:  64%|██████▍   | 32/50 [02:21<01:19,  4.40s/it]
Task 3, Epoch 33/50 => Loss 0.195, Train_accy 94.08:  64%|██████▍   | 32/50 [02:25<01:19,  4.40s/it]
Task 3, Epoch 33/50 => Loss 0.195, Train_accy 94.08:  66%|██████▌   | 33/50 [02:25<01:10,  4.13s/it]
Task 3, Epoch 34/50 => Loss 0.161, Train_accy 95.77:  66%|██████▌   | 33/50 [02:28<01:10,  4.13s/it]
Task 3, Epoch 34/50 => Loss 0.161, Train_accy 95.77:  68%|██████▊   | 34/50 [02:28<01:02,  3.89s/it]
Task 3, Epoch 35/50 => Loss 0.153, Train_accy 94.82, Test_accy 85.64:  68%|██████▊   | 34/50 [02:37<01:02,  3.89s/it]
Task 3, Epoch 35/50 => Loss 0.153, Train_accy 94.82, Test_accy 85.64:  70%|███████   | 35/50 [02:37<01:21,  5.43s/it]
Task 3, Epoch 36/50 => Loss 0.159, Train_accy 95.14:  70%|███████   | 35/50 [02:40<01:21,  5.43s/it]                 
Task 3, Epoch 36/50 => Loss 0.159, Train_accy 95.14:  72%|███████▏  | 36/50 [02:40<01:07,  4.80s/it]
Task 3, Epoch 37/50 => Loss 0.189, Train_accy 94.19:  72%|███████▏  | 36/50 [02:44<01:07,  4.80s/it]
Task 3, Epoch 37/50 => Loss 0.189, Train_accy 94.19:  74%|███████▍  | 37/50 [02:44<00:57,  4.45s/it]
Task 3, Epoch 38/50 => Loss 0.189, Train_accy 94.82:  74%|███████▍  | 37/50 [02:47<00:57,  4.45s/it]
Task 3, Epoch 38/50 => Loss 0.189, Train_accy 94.82:  76%|███████▌  | 38/50 [02:47<00:49,  4.11s/it]
Task 3, Epoch 39/50 => Loss 0.162, Train_accy 95.24:  76%|███████▌  | 38/50 [02:51<00:49,  4.11s/it]
Task 3, Epoch 39/50 => Loss 0.162, Train_accy 95.24:  78%|███████▊  | 39/50 [02:51<00:43,  3.97s/it]
Task 3, Epoch 40/50 => Loss 0.155, Train_accy 95.45, Test_accy 85.31:  78%|███████▊  | 39/50 [03:00<00:43,  3.97s/it]
Task 3, Epoch 40/50 => Loss 0.155, Train_accy 95.45, Test_accy 85.31:  80%|████████  | 40/50 [03:00<00:54,  5.50s/it]
Task 3, Epoch 41/50 => Loss 0.139, Train_accy 97.36:  80%|████████  | 40/50 [03:03<00:54,  5.50s/it]                 
Task 3, Epoch 41/50 => Loss 0.139, Train_accy 97.36:  82%|████████▏ | 41/50 [03:03<00:43,  4.87s/it]
Task 3, Epoch 42/50 => Loss 0.174, Train_accy 94.40:  82%|████████▏ | 41/50 [03:07<00:43,  4.87s/it]
Task 3, Epoch 42/50 => Loss 0.174, Train_accy 94.40:  84%|████████▍ | 42/50 [03:07<00:35,  4.40s/it]
Task 3, Epoch 43/50 => Loss 0.130, Train_accy 96.30:  84%|████████▍ | 42/50 [03:10<00:35,  4.40s/it]
Task 3, Epoch 43/50 => Loss 0.130, Train_accy 96.30:  86%|████████▌ | 43/50 [03:10<00:28,  4.07s/it]
Task 3, Epoch 44/50 => Loss 0.135, Train_accy 96.93:  86%|████████▌ | 43/50 [03:13<00:28,  4.07s/it]
Task 3, Epoch 44/50 => Loss 0.135, Train_accy 96.93:  88%|████████▊ | 44/50 [03:13<00:23,  3.86s/it]
Task 3, Epoch 45/50 => Loss 0.172, Train_accy 95.14, Test_accy 85.53:  88%|████████▊ | 44/50 [03:23<00:23,  3.86s/it]
Task 3, Epoch 45/50 => Loss 0.172, Train_accy 95.14, Test_accy 85.53:  90%|█████████ | 45/50 [03:23<00:27,  5.43s/it]
Task 3, Epoch 46/50 => Loss 0.131, Train_accy 96.30:  90%|█████████ | 45/50 [03:26<00:27,  5.43s/it]                 
Task 3, Epoch 46/50 => Loss 0.131, Train_accy 96.30:  92%|█████████▏| 46/50 [03:26<00:19,  4.80s/it]
Task 3, Epoch 47/50 => Loss 0.132, Train_accy 96.09:  92%|█████████▏| 46/50 [03:29<00:19,  4.80s/it]
Task 3, Epoch 47/50 => Loss 0.132, Train_accy 96.09:  94%|█████████▍| 47/50 [03:29<00:13,  4.36s/it]
Task 3, Epoch 48/50 => Loss 0.142, Train_accy 95.45:  94%|█████████▍| 47/50 [03:33<00:13,  4.36s/it]
Task 3, Epoch 48/50 => Loss 0.142, Train_accy 95.45:  96%|█████████▌| 48/50 [03:33<00:08,  4.04s/it]
Task 3, Epoch 49/50 => Loss 0.131, Train_accy 96.09:  96%|█████████▌| 48/50 [03:36<00:08,  4.04s/it]
Task 3, Epoch 49/50 => Loss 0.131, Train_accy 96.09:  98%|█████████▊| 49/50 [03:36<00:03,  3.83s/it]
Task 3, Epoch 50/50 => Loss 0.140, Train_accy 96.09, Test_accy 86.07:  98%|█████████▊| 49/50 [03:45<00:03,  3.83s/it]
Task 3, Epoch 50/50 => Loss 0.140, Train_accy 96.09, Test_accy 86.07: 100%|██████████| 50/50 [03:45<00:00,  5.45s/it]
Task 3, Epoch 50/50 => Loss 0.140, Train_accy 96.09, Test_accy 86.07: 100%|██████████| 50/50 [03:45<00:00,  4.51s/it]2025-02-06 13:49:26,662 [lae.py] => Task 3, Epoch 50/50 => Loss 0.140, Train_accy 96.09, Test_accy 86.07

2025-02-06 13:49:32,453 [trainer.py] => No NME accuracy.
2025-02-06 13:49:32,453 [trainer.py] => CNN: {'total': 86.07, '00-19': 81.38, '20-39': 81.16, '40-59': 88.53, '60-79': 92.71, 'old': 83.63, 'new': 92.71}
2025-02-06 13:49:32,454 [trainer.py] => CNN top1 curve: [97.17, 94.71, 89.88, 86.07]
2025-02-06 13:49:32,454 [trainer.py] => CNN top5 curve: [100.0, 99.78, 99.26, 98.91]

Average Accuracy (CNN): 91.96
2025-02-06 13:49:32,454 [trainer.py] => Average Accuracy (CNN): 91.96 

2025-02-06 13:49:32,456 [trainer.py] => All params: 85944716
2025-02-06 13:49:32,457 [trainer.py] => Trainable params: 103790
2025-02-06 13:49:32,460 [lae.py] => Learning on 80-100

  0%|          | 0/50 [00:00<?, ?it/s]
Task 4, Epoch 1/50 => Loss 3.919, Train_accy 3.61:   0%|          | 0/50 [00:03<?, ?it/s]
Task 4, Epoch 1/50 => Loss 3.919, Train_accy 3.61:   2%|▏         | 1/50 [00:03<02:39,  3.26s/it]
Task 4, Epoch 2/50 => Loss 2.224, Train_accy 33.59:   2%|▏         | 1/50 [00:06<02:39,  3.26s/it]
Task 4, Epoch 2/50 => Loss 2.224, Train_accy 33.59:   4%|▍         | 2/50 [00:06<02:37,  3.27s/it]
Task 4, Epoch 3/50 => Loss 1.278, Train_accy 68.49:   4%|▍         | 2/50 [00:09<02:37,  3.27s/it]
Task 4, Epoch 3/50 => Loss 1.278, Train_accy 68.49:   6%|▌         | 3/50 [00:09<02:33,  3.26s/it]
Task 4, Epoch 4/50 => Loss 0.864, Train_accy 80.74:   6%|▌         | 3/50 [00:13<02:33,  3.26s/it]
Task 4, Epoch 4/50 => Loss 0.864, Train_accy 80.74:   8%|▊         | 4/50 [00:13<02:29,  3.25s/it]
Task 4, Epoch 5/50 => Loss 0.533, Train_accy 85.56, Test_accy 73.15:   8%|▊         | 4/50 [00:23<02:29,  3.25s/it]
Task 4, Epoch 5/50 => Loss 0.533, Train_accy 85.56, Test_accy 73.15:  10%|█         | 5/50 [00:23<04:20,  5.79s/it]
Task 4, Epoch 6/50 => Loss 0.511, Train_accy 85.56:  10%|█         | 5/50 [00:26<04:20,  5.79s/it]                 
Task 4, Epoch 6/50 => Loss 0.511, Train_accy 85.56:  12%|█▏        | 6/50 [00:26<03:38,  4.96s/it]
Task 4, Epoch 7/50 => Loss 0.482, Train_accy 88.18:  12%|█▏        | 6/50 [00:29<03:38,  4.96s/it]
Task 4, Epoch 7/50 => Loss 0.482, Train_accy 88.18:  14%|█▍        | 7/50 [00:29<03:09,  4.40s/it]
Task 4, Epoch 8/50 => Loss 0.412, Train_accy 90.04:  14%|█▍        | 7/50 [00:33<03:09,  4.40s/it]
Task 4, Epoch 8/50 => Loss 0.412, Train_accy 90.04:  16%|█▌        | 8/50 [00:33<02:49,  4.04s/it]
Task 4, Epoch 9/50 => Loss 0.345, Train_accy 90.59:  16%|█▌        | 8/50 [00:36<02:49,  4.04s/it]
Task 4, Epoch 9/50 => Loss 0.345, Train_accy 90.59:  18%|█▊        | 9/50 [00:36<02:35,  3.79s/it]
Task 4, Epoch 10/50 => Loss 0.360, Train_accy 89.28, Test_accy 77.69:  18%|█▊        | 9/50 [00:46<02:35,  3.79s/it]
Task 4, Epoch 10/50 => Loss 0.360, Train_accy 89.28, Test_accy 77.69:  20%|██        | 10/50 [00:46<03:52,  5.81s/it]
Task 4, Epoch 11/50 => Loss 0.331, Train_accy 90.81:  20%|██        | 10/50 [00:50<03:52,  5.81s/it]                 
Task 4, Epoch 11/50 => Loss 0.331, Train_accy 90.81:  22%|██▏       | 11/50 [00:50<03:16,  5.04s/it]
Task 4, Epoch 12/50 => Loss 0.310, Train_accy 91.14:  22%|██▏       | 11/50 [00:53<03:16,  5.04s/it]
Task 4, Epoch 12/50 => Loss 0.310, Train_accy 91.14:  24%|██▍       | 12/50 [00:53<02:51,  4.51s/it]
Task 4, Epoch 13/50 => Loss 0.289, Train_accy 93.00:  24%|██▍       | 12/50 [00:56<02:51,  4.51s/it]
Task 4, Epoch 13/50 => Loss 0.289, Train_accy 93.00:  26%|██▌       | 13/50 [00:56<02:32,  4.13s/it]
Task 4, Epoch 14/50 => Loss 0.286, Train_accy 92.12:  26%|██▌       | 13/50 [00:59<02:32,  4.13s/it]
Task 4, Epoch 14/50 => Loss 0.286, Train_accy 92.12:  28%|██▊       | 14/50 [00:59<02:19,  3.86s/it]
Task 4, Epoch 15/50 => Loss 0.244, Train_accy 92.67, Test_accy 79.29:  28%|██▊       | 14/50 [01:10<02:19,  3.86s/it]
Task 4, Epoch 15/50 => Loss 0.244, Train_accy 92.67, Test_accy 79.29:  30%|███       | 15/50 [01:10<03:25,  5.86s/it]
Task 4, Epoch 16/50 => Loss 0.279, Train_accy 91.25:  30%|███       | 15/50 [01:13<03:25,  5.86s/it]                 
Task 4, Epoch 16/50 => Loss 0.279, Train_accy 91.25:  32%|███▏      | 16/50 [01:13<02:52,  5.08s/it]
Task 4, Epoch 17/50 => Loss 0.276, Train_accy 91.03:  32%|███▏      | 16/50 [01:16<02:52,  5.08s/it]
Task 4, Epoch 17/50 => Loss 0.276, Train_accy 91.03:  34%|███▍      | 17/50 [01:16<02:30,  4.56s/it]
Task 4, Epoch 18/50 => Loss 0.259, Train_accy 92.78:  34%|███▍      | 17/50 [01:20<02:30,  4.56s/it]
Task 4, Epoch 18/50 => Loss 0.259, Train_accy 92.78:  36%|███▌      | 18/50 [01:20<02:13,  4.17s/it]
Task 4, Epoch 19/50 => Loss 0.239, Train_accy 92.78:  36%|███▌      | 18/50 [01:23<02:13,  4.17s/it]
Task 4, Epoch 19/50 => Loss 0.239, Train_accy 92.78:  38%|███▊      | 19/50 [01:23<02:00,  3.90s/it]
Task 4, Epoch 20/50 => Loss 0.219, Train_accy 93.76, Test_accy 80.98:  38%|███▊      | 19/50 [01:33<02:00,  3.90s/it]
Task 4, Epoch 20/50 => Loss 0.219, Train_accy 93.76, Test_accy 80.98:  40%|████      | 20/50 [01:33<02:55,  5.84s/it]
Task 4, Epoch 21/50 => Loss 0.220, Train_accy 93.22:  40%|████      | 20/50 [01:37<02:55,  5.84s/it]                 
Task 4, Epoch 21/50 => Loss 0.220, Train_accy 93.22:  42%|████▏     | 21/50 [01:37<02:27,  5.08s/it]
Task 4, Epoch 22/50 => Loss 0.289, Train_accy 92.12:  42%|████▏     | 21/50 [01:40<02:27,  5.08s/it]
Task 4, Epoch 22/50 => Loss 0.289, Train_accy 92.12:  44%|████▍     | 22/50 [01:40<02:07,  4.54s/it]
Task 4, Epoch 23/50 => Loss 0.229, Train_accy 92.23:  44%|████▍     | 22/50 [01:43<02:07,  4.54s/it]
Task 4, Epoch 23/50 => Loss 0.229, Train_accy 92.23:  46%|████▌     | 23/50 [01:43<01:52,  4.16s/it]
Task 4, Epoch 24/50 => Loss 0.211, Train_accy 93.00:  46%|████▌     | 23/50 [01:46<01:52,  4.16s/it]
Task 4, Epoch 24/50 => Loss 0.211, Train_accy 93.00:  48%|████▊     | 24/50 [01:46<01:40,  3.88s/it]
Task 4, Epoch 25/50 => Loss 0.221, Train_accy 92.78, Test_accy 81.90:  48%|████▊     | 24/50 [01:57<01:40,  3.88s/it]
Task 4, Epoch 25/50 => Loss 0.221, Train_accy 92.78, Test_accy 81.90:  50%|█████     | 25/50 [01:57<02:26,  5.86s/it]
Task 4, Epoch 26/50 => Loss 0.270, Train_accy 93.00:  50%|█████     | 25/50 [02:00<02:26,  5.86s/it]                 
Task 4, Epoch 26/50 => Loss 0.270, Train_accy 93.00:  52%|█████▏    | 26/50 [02:00<02:01,  5.06s/it]
Task 4, Epoch 27/50 => Loss 0.252, Train_accy 92.78:  52%|█████▏    | 26/50 [02:03<02:01,  5.06s/it]
Task 4, Epoch 27/50 => Loss 0.252, Train_accy 92.78:  54%|█████▍    | 27/50 [02:03<01:43,  4.51s/it]
Task 4, Epoch 28/50 => Loss 0.207, Train_accy 92.78:  54%|█████▍    | 27/50 [02:07<01:43,  4.51s/it]
Task 4, Epoch 28/50 => Loss 0.207, Train_accy 92.78:  56%|█████▌    | 28/50 [02:07<01:31,  4.14s/it]
Task 4, Epoch 29/50 => Loss 0.226, Train_accy 93.87:  56%|█████▌    | 28/50 [02:10<01:31,  4.14s/it]
Task 4, Epoch 29/50 => Loss 0.226, Train_accy 93.87:  58%|█████▊    | 29/50 [02:10<01:21,  3.88s/it]
Task 4, Epoch 30/50 => Loss 0.188, Train_accy 93.98, Test_accy 82.91:  58%|█████▊    | 29/50 [02:20<01:21,  3.88s/it]
Task 4, Epoch 30/50 => Loss 0.188, Train_accy 93.98, Test_accy 82.91:  60%|██████    | 30/50 [02:20<01:56,  5.82s/it]
Task 4, Epoch 31/50 => Loss 0.141, Train_accy 95.84:  60%|██████    | 30/50 [02:24<01:56,  5.82s/it]                 
Task 4, Epoch 31/50 => Loss 0.141, Train_accy 95.84:  62%|██████▏   | 31/50 [02:24<01:36,  5.10s/it]
Task 4, Epoch 32/50 => Loss 0.209, Train_accy 93.33:  62%|██████▏   | 31/50 [02:27<01:36,  5.10s/it]
Task 4, Epoch 32/50 => Loss 0.209, Train_accy 93.33:  64%|██████▍   | 32/50 [02:27<01:23,  4.61s/it]
Task 4, Epoch 33/50 => Loss 0.242, Train_accy 93.11:  64%|██████▍   | 32/50 [02:30<01:23,  4.61s/it]
Task 4, Epoch 33/50 => Loss 0.242, Train_accy 93.11:  66%|██████▌   | 33/50 [02:30<01:11,  4.21s/it]
Task 4, Epoch 34/50 => Loss 0.196, Train_accy 93.22:  66%|██████▌   | 33/50 [02:34<01:11,  4.21s/it]
Task 4, Epoch 34/50 => Loss 0.196, Train_accy 93.22:  68%|██████▊   | 34/50 [02:34<01:03,  3.99s/it]
Task 4, Epoch 35/50 => Loss 0.229, Train_accy 93.87, Test_accy 83.59:  68%|██████▊   | 34/50 [02:44<01:03,  3.99s/it]
Task 4, Epoch 35/50 => Loss 0.229, Train_accy 93.87, Test_accy 83.59:  70%|███████   | 35/50 [02:44<01:28,  5.90s/it]
Task 4, Epoch 36/50 => Loss 0.184, Train_accy 94.97:  70%|███████   | 35/50 [02:48<01:28,  5.90s/it]                 
Task 4, Epoch 36/50 => Loss 0.184, Train_accy 94.97:  72%|███████▏  | 36/50 [02:48<01:11,  5.11s/it]
Task 4, Epoch 37/50 => Loss 0.192, Train_accy 93.65:  72%|███████▏  | 36/50 [02:51<01:11,  5.11s/it]
Task 4, Epoch 37/50 => Loss 0.192, Train_accy 93.65:  74%|███████▍  | 37/50 [02:51<00:59,  4.56s/it]
Task 4, Epoch 38/50 => Loss 0.191, Train_accy 93.98:  74%|███████▍  | 37/50 [02:54<00:59,  4.56s/it]
Task 4, Epoch 38/50 => Loss 0.191, Train_accy 93.98:  76%|███████▌  | 38/50 [02:54<00:50,  4.17s/it]
Task 4, Epoch 39/50 => Loss 0.194, Train_accy 93.11:  76%|███████▌  | 38/50 [02:57<00:50,  4.17s/it]
Task 4, Epoch 39/50 => Loss 0.194, Train_accy 93.11:  78%|███████▊  | 39/50 [02:57<00:42,  3.89s/it]
Task 4, Epoch 40/50 => Loss 0.164, Train_accy 95.19, Test_accy 83.67:  78%|███████▊  | 39/50 [03:08<00:42,  3.89s/it]
Task 4, Epoch 40/50 => Loss 0.164, Train_accy 95.19, Test_accy 83.67:  80%|████████  | 40/50 [03:08<00:59,  5.93s/it]
Task 4, Epoch 41/50 => Loss 0.176, Train_accy 94.53:  80%|████████  | 40/50 [03:11<00:59,  5.93s/it]                 
Task 4, Epoch 41/50 => Loss 0.176, Train_accy 94.53:  82%|████████▏ | 41/50 [03:11<00:46,  5.12s/it]
Task 4, Epoch 42/50 => Loss 0.135, Train_accy 95.73:  82%|████████▏ | 41/50 [03:15<00:46,  5.12s/it]
Task 4, Epoch 42/50 => Loss 0.135, Train_accy 95.73:  84%|████████▍ | 42/50 [03:15<00:36,  4.57s/it]
Task 4, Epoch 43/50 => Loss 0.181, Train_accy 95.19:  84%|████████▍ | 42/50 [03:18<00:36,  4.57s/it]
Task 4, Epoch 43/50 => Loss 0.181, Train_accy 95.19:  86%|████████▌ | 43/50 [03:18<00:29,  4.19s/it]
Task 4, Epoch 44/50 => Loss 0.177, Train_accy 94.97:  86%|████████▌ | 43/50 [03:21<00:29,  4.19s/it]
Task 4, Epoch 44/50 => Loss 0.177, Train_accy 94.97:  88%|████████▊ | 44/50 [03:21<00:23,  3.92s/it]
Task 4, Epoch 45/50 => Loss 0.163, Train_accy 94.09, Test_accy 83.75:  88%|████████▊ | 44/50 [03:32<00:23,  3.92s/it]
Task 4, Epoch 45/50 => Loss 0.163, Train_accy 94.09, Test_accy 83.75:  90%|█████████ | 45/50 [03:32<00:29,  5.86s/it]
Task 4, Epoch 46/50 => Loss 0.146, Train_accy 95.40:  90%|█████████ | 45/50 [03:35<00:29,  5.86s/it]                 
Task 4, Epoch 46/50 => Loss 0.146, Train_accy 95.40:  92%|█████████▏| 46/50 [03:35<00:20,  5.08s/it]
Task 4, Epoch 47/50 => Loss 0.153, Train_accy 95.51:  92%|█████████▏| 46/50 [03:38<00:20,  5.08s/it]
Task 4, Epoch 47/50 => Loss 0.153, Train_accy 95.51:  94%|█████████▍| 47/50 [03:38<00:13,  4.54s/it]
Task 4, Epoch 48/50 => Loss 0.198, Train_accy 94.20:  94%|█████████▍| 47/50 [03:41<00:13,  4.54s/it]
Task 4, Epoch 48/50 => Loss 0.198, Train_accy 94.20:  96%|█████████▌| 48/50 [03:41<00:08,  4.16s/it]
Task 4, Epoch 49/50 => Loss 0.115, Train_accy 96.83:  96%|█████████▌| 48/50 [03:45<00:08,  4.16s/it]
Task 4, Epoch 49/50 => Loss 0.115, Train_accy 96.83:  98%|█████████▊| 49/50 [03:45<00:03,  3.90s/it]
Task 4, Epoch 50/50 => Loss 0.157, Train_accy 94.75, Test_accy 84.26:  98%|█████████▊| 49/50 [03:55<00:03,  3.90s/it]
Task 4, Epoch 50/50 => Loss 0.157, Train_accy 94.75, Test_accy 84.26: 100%|██████████| 50/50 [03:55<00:00,  5.85s/it]
Task 4, Epoch 50/50 => Loss 0.157, Train_accy 94.75, Test_accy 84.26: 100%|██████████| 50/50 [03:55<00:00,  4.71s/it]2025-02-06 13:53:27,981 [lae.py] => Task 4, Epoch 50/50 => Loss 0.157, Train_accy 94.75, Test_accy 84.26

2025-02-06 13:53:35,082 [trainer.py] => No NME accuracy.
2025-02-06 13:53:35,082 [trainer.py] => CNN: {'total': 84.26, '00-19': 78.95, '20-39': 80.68, '40-59': 88.53, '60-79': 91.5, '80-99': 81.78, 'old': 84.98, 'new': 81.78}
2025-02-06 13:53:35,082 [trainer.py] => CNN top1 curve: [97.17, 94.71, 89.88, 86.07, 84.26]
2025-02-06 13:53:35,083 [trainer.py] => CNN top5 curve: [100.0, 99.78, 99.26, 98.91, 98.82]

Average Accuracy (CNN): 90.42
2025-02-06 13:53:35,083 [trainer.py] => Average Accuracy (CNN): 90.42 

2025-02-06 13:53:35,084 [trainer.py] => All params: 85960096
2025-02-06 13:53:35,086 [trainer.py] => Trainable params: 119170
2025-02-06 13:53:35,089 [lae.py] => Learning on 100-120

  0%|          | 0/50 [00:00<?, ?it/s]
Task 5, Epoch 1/50 => Loss 3.779, Train_accy 8.19:   0%|          | 0/50 [00:03<?, ?it/s]
Task 5, Epoch 1/50 => Loss 3.779, Train_accy 8.19:   2%|▏         | 1/50 [00:03<02:47,  3.41s/it]
Task 5, Epoch 2/50 => Loss 2.038, Train_accy 41.39:   2%|▏         | 1/50 [00:07<02:47,  3.41s/it]
Task 5, Epoch 2/50 => Loss 2.038, Train_accy 41.39:   4%|▍         | 2/50 [00:07<02:50,  3.55s/it]
Task 5, Epoch 3/50 => Loss 1.127, Train_accy 72.90:   4%|▍         | 2/50 [00:10<02:50,  3.55s/it]
Task 5, Epoch 3/50 => Loss 1.127, Train_accy 72.90:   6%|▌         | 3/50 [00:10<02:42,  3.47s/it]
Task 5, Epoch 4/50 => Loss 0.701, Train_accy 84.14:   6%|▌         | 3/50 [00:13<02:42,  3.47s/it]
Task 5, Epoch 4/50 => Loss 0.701, Train_accy 84.14:   8%|▊         | 4/50 [00:13<02:38,  3.44s/it]
Task 5, Epoch 5/50 => Loss 0.475, Train_accy 89.81, Test_accy 75.49:   8%|▊         | 4/50 [00:25<02:38,  3.44s/it]
Task 5, Epoch 5/50 => Loss 0.475, Train_accy 89.81, Test_accy 75.49:  10%|█         | 5/50 [00:25<04:49,  6.43s/it]
Task 5, Epoch 6/50 => Loss 0.399, Train_accy 89.92:  10%|█         | 5/50 [00:28<04:49,  6.43s/it]                 
Task 5, Epoch 6/50 => Loss 0.399, Train_accy 89.92:  12%|█▏        | 6/50 [00:28<03:57,  5.40s/it]
Task 5, Epoch 7/50 => Loss 0.418, Train_accy 90.02:  12%|█▏        | 6/50 [00:32<03:57,  5.40s/it]
Task 5, Epoch 7/50 => Loss 0.418, Train_accy 90.02:  14%|█▍        | 7/50 [00:32<03:23,  4.73s/it]
Task 5, Epoch 8/50 => Loss 0.337, Train_accy 92.02:  14%|█▍        | 7/50 [00:35<03:23,  4.73s/it]
Task 5, Epoch 8/50 => Loss 0.337, Train_accy 92.02:  16%|█▌        | 8/50 [00:35<03:01,  4.31s/it]
Task 5, Epoch 9/50 => Loss 0.304, Train_accy 91.28:  16%|█▌        | 8/50 [00:39<03:01,  4.31s/it]
Task 5, Epoch 9/50 => Loss 0.304, Train_accy 91.28:  18%|█▊        | 9/50 [00:39<02:44,  4.01s/it]
Task 5, Epoch 10/50 => Loss 0.220, Train_accy 95.06, Test_accy 77.54:  18%|█▊        | 9/50 [00:50<02:44,  4.01s/it]
Task 5, Epoch 10/50 => Loss 0.220, Train_accy 95.06, Test_accy 77.54:  20%|██        | 10/50 [00:50<04:14,  6.37s/it]
Task 5, Epoch 11/50 => Loss 0.270, Train_accy 92.75:  20%|██        | 10/50 [00:54<04:14,  6.37s/it]                 
Task 5, Epoch 11/50 => Loss 0.270, Train_accy 92.75:  22%|██▏       | 11/50 [00:54<03:32,  5.45s/it]
Task 5, Epoch 12/50 => Loss 0.224, Train_accy 94.33:  22%|██▏       | 11/50 [00:57<03:32,  5.45s/it]
Task 5, Epoch 12/50 => Loss 0.224, Train_accy 94.33:  24%|██▍       | 12/50 [00:57<03:03,  4.82s/it]
Task 5, Epoch 13/50 => Loss 0.218, Train_accy 93.59:  24%|██▍       | 12/50 [01:00<03:03,  4.82s/it]
Task 5, Epoch 13/50 => Loss 0.218, Train_accy 93.59:  26%|██▌       | 13/50 [01:00<02:41,  4.38s/it]
Task 5, Epoch 14/50 => Loss 0.243, Train_accy 93.59:  26%|██▌       | 13/50 [01:04<02:41,  4.38s/it]
Task 5, Epoch 14/50 => Loss 0.243, Train_accy 93.59:  28%|██▊       | 14/50 [01:04<02:26,  4.07s/it]
Task 5, Epoch 15/50 => Loss 0.199, Train_accy 94.85, Test_accy 78.39:  28%|██▊       | 14/50 [01:15<02:26,  4.07s/it]
Task 5, Epoch 15/50 => Loss 0.199, Train_accy 94.85, Test_accy 78.39:  30%|███       | 15/50 [01:15<03:42,  6.36s/it]
Task 5, Epoch 16/50 => Loss 0.182, Train_accy 94.85:  30%|███       | 15/50 [01:19<03:42,  6.36s/it]                 
Task 5, Epoch 16/50 => Loss 0.182, Train_accy 94.85:  32%|███▏      | 16/50 [01:19<03:05,  5.47s/it]
Task 5, Epoch 17/50 => Loss 0.154, Train_accy 95.17:  32%|███▏      | 16/50 [01:22<03:05,  5.47s/it]
Task 5, Epoch 17/50 => Loss 0.154, Train_accy 95.17:  34%|███▍      | 17/50 [01:22<02:39,  4.83s/it]
Task 5, Epoch 18/50 => Loss 0.211, Train_accy 94.12:  34%|███▍      | 17/50 [01:26<02:39,  4.83s/it]
Task 5, Epoch 18/50 => Loss 0.211, Train_accy 94.12:  36%|███▌      | 18/50 [01:26<02:20,  4.40s/it]
Task 5, Epoch 19/50 => Loss 0.175, Train_accy 95.38:  36%|███▌      | 18/50 [01:29<02:20,  4.40s/it]
Task 5, Epoch 19/50 => Loss 0.175, Train_accy 95.38:  38%|███▊      | 19/50 [01:29<02:07,  4.10s/it]
Task 5, Epoch 20/50 => Loss 0.161, Train_accy 95.90, Test_accy 79.17:  38%|███▊      | 19/50 [01:41<02:07,  4.10s/it]
Task 5, Epoch 20/50 => Loss 0.161, Train_accy 95.90, Test_accy 79.17:  40%|████      | 20/50 [01:41<03:11,  6.37s/it]
Task 5, Epoch 21/50 => Loss 0.180, Train_accy 94.43:  40%|████      | 20/50 [01:44<03:11,  6.37s/it]                 
Task 5, Epoch 21/50 => Loss 0.180, Train_accy 94.43:  42%|████▏     | 21/50 [01:44<02:40,  5.54s/it]
Task 5, Epoch 22/50 => Loss 0.185, Train_accy 94.22:  42%|████▏     | 21/50 [01:48<02:40,  5.54s/it]
Task 5, Epoch 22/50 => Loss 0.185, Train_accy 94.22:  44%|████▍     | 22/50 [01:48<02:16,  4.88s/it]
Task 5, Epoch 23/50 => Loss 0.200, Train_accy 94.64:  44%|████▍     | 22/50 [01:51<02:16,  4.88s/it]
Task 5, Epoch 23/50 => Loss 0.200, Train_accy 94.64:  46%|████▌     | 23/50 [01:51<01:59,  4.43s/it]
Task 5, Epoch 24/50 => Loss 0.183, Train_accy 94.64:  46%|████▌     | 23/50 [01:54<01:59,  4.43s/it]
Task 5, Epoch 24/50 => Loss 0.183, Train_accy 94.64:  48%|████▊     | 24/50 [01:54<01:47,  4.12s/it]
Task 5, Epoch 25/50 => Loss 0.151, Train_accy 95.80, Test_accy 79.38:  48%|████▊     | 24/50 [02:06<01:47,  4.12s/it]
Task 5, Epoch 25/50 => Loss 0.151, Train_accy 95.80, Test_accy 79.38:  50%|█████     | 25/50 [02:06<02:40,  6.44s/it]
Task 5, Epoch 26/50 => Loss 0.172, Train_accy 94.96:  50%|█████     | 25/50 [02:10<02:40,  6.44s/it]                 
Task 5, Epoch 26/50 => Loss 0.172, Train_accy 94.96:  52%|█████▏    | 26/50 [02:10<02:12,  5.52s/it]
Task 5, Epoch 27/50 => Loss 0.131, Train_accy 95.59:  52%|█████▏    | 26/50 [02:13<02:12,  5.52s/it]
Task 5, Epoch 27/50 => Loss 0.131, Train_accy 95.59:  54%|█████▍    | 27/50 [02:13<01:51,  4.87s/it]
Task 5, Epoch 28/50 => Loss 0.153, Train_accy 96.01:  54%|█████▍    | 27/50 [02:16<01:51,  4.87s/it]
Task 5, Epoch 28/50 => Loss 0.153, Train_accy 96.01:  56%|█████▌    | 28/50 [02:16<01:37,  4.42s/it]
Task 5, Epoch 29/50 => Loss 0.188, Train_accy 94.75:  56%|█████▌    | 28/50 [02:20<01:37,  4.42s/it]
Task 5, Epoch 29/50 => Loss 0.188, Train_accy 94.75:  58%|█████▊    | 29/50 [02:20<01:26,  4.12s/it]
Task 5, Epoch 30/50 => Loss 0.148, Train_accy 95.59, Test_accy 80.01:  58%|█████▊    | 29/50 [02:31<01:26,  4.12s/it]
Task 5, Epoch 30/50 => Loss 0.148, Train_accy 95.59, Test_accy 80.01:  60%|██████    | 30/50 [02:31<02:07,  6.38s/it]
Task 5, Epoch 31/50 => Loss 0.187, Train_accy 94.33:  60%|██████    | 30/50 [02:35<02:07,  6.38s/it]                 
Task 5, Epoch 31/50 => Loss 0.187, Train_accy 94.33:  62%|██████▏   | 31/50 [02:35<01:45,  5.53s/it]
Task 5, Epoch 32/50 => Loss 0.144, Train_accy 95.59:  62%|██████▏   | 31/50 [02:38<01:45,  5.53s/it]
Task 5, Epoch 32/50 => Loss 0.144, Train_accy 95.59:  64%|██████▍   | 32/50 [02:38<01:27,  4.87s/it]
Task 5, Epoch 33/50 => Loss 0.150, Train_accy 95.38:  64%|██████▍   | 32/50 [02:42<01:27,  4.87s/it]
Task 5, Epoch 33/50 => Loss 0.150, Train_accy 95.38:  66%|██████▌   | 33/50 [02:42<01:15,  4.42s/it]
Task 5, Epoch 34/50 => Loss 0.137, Train_accy 96.11:  66%|██████▌   | 33/50 [02:45<01:15,  4.42s/it]
Task 5, Epoch 34/50 => Loss 0.137, Train_accy 96.11:  68%|██████▊   | 34/50 [02:45<01:05,  4.11s/it]
Task 5, Epoch 35/50 => Loss 0.119, Train_accy 96.43, Test_accy 80.16:  68%|██████▊   | 34/50 [02:57<01:05,  4.11s/it]
Task 5, Epoch 35/50 => Loss 0.119, Train_accy 96.43, Test_accy 80.16:  70%|███████   | 35/50 [02:57<01:35,  6.40s/it]
Task 5, Epoch 36/50 => Loss 0.134, Train_accy 95.59:  70%|███████   | 35/50 [03:00<01:35,  6.40s/it]                 
Task 5, Epoch 36/50 => Loss 0.134, Train_accy 95.59:  72%|███████▏  | 36/50 [03:00<01:16,  5.49s/it]
Task 5, Epoch 37/50 => Loss 0.114, Train_accy 96.74:  72%|███████▏  | 36/50 [03:03<01:16,  5.49s/it]
Task 5, Epoch 37/50 => Loss 0.114, Train_accy 96.74:  74%|███████▍  | 37/50 [03:03<01:03,  4.86s/it]
Task 5, Epoch 38/50 => Loss 0.147, Train_accy 95.80:  74%|███████▍  | 37/50 [03:07<01:03,  4.86s/it]
Task 5, Epoch 38/50 => Loss 0.147, Train_accy 95.80:  76%|███████▌  | 38/50 [03:07<00:52,  4.41s/it]
Task 5, Epoch 39/50 => Loss 0.147, Train_accy 95.48:  76%|███████▌  | 38/50 [03:10<00:52,  4.41s/it]
Task 5, Epoch 39/50 => Loss 0.147, Train_accy 95.48:  78%|███████▊  | 39/50 [03:10<00:45,  4.12s/it]
Task 5, Epoch 40/50 => Loss 0.133, Train_accy 95.90, Test_accy 80.08:  78%|███████▊  | 39/50 [03:22<00:45,  4.12s/it]
Task 5, Epoch 40/50 => Loss 0.133, Train_accy 95.90, Test_accy 80.08:  80%|████████  | 40/50 [03:22<01:03,  6.39s/it]
Task 5, Epoch 41/50 => Loss 0.140, Train_accy 95.27:  80%|████████  | 40/50 [03:25<01:03,  6.39s/it]                 
Task 5, Epoch 41/50 => Loss 0.140, Train_accy 95.27:  82%|████████▏ | 41/50 [03:25<00:49,  5.48s/it]
Task 5, Epoch 42/50 => Loss 0.120, Train_accy 96.95:  82%|████████▏ | 41/50 [03:29<00:49,  5.48s/it]
Task 5, Epoch 42/50 => Loss 0.120, Train_accy 96.95:  84%|████████▍ | 42/50 [03:29<00:38,  4.86s/it]
Task 5, Epoch 43/50 => Loss 0.145, Train_accy 96.01:  84%|████████▍ | 42/50 [03:32<00:38,  4.86s/it]
Task 5, Epoch 43/50 => Loss 0.145, Train_accy 96.01:  86%|████████▌ | 43/50 [03:32<00:30,  4.40s/it]
Task 5, Epoch 44/50 => Loss 0.148, Train_accy 95.06:  86%|████████▌ | 43/50 [03:35<00:30,  4.40s/it]
Task 5, Epoch 44/50 => Loss 0.148, Train_accy 95.06:  88%|████████▊ | 44/50 [03:35<00:24,  4.11s/it]
Task 5, Epoch 45/50 => Loss 0.131, Train_accy 95.59, Test_accy 79.73:  88%|████████▊ | 44/50 [03:47<00:24,  4.11s/it]
Task 5, Epoch 45/50 => Loss 0.131, Train_accy 95.59, Test_accy 79.73:  90%|█████████ | 45/50 [03:47<00:32,  6.44s/it]
Task 5, Epoch 46/50 => Loss 0.122, Train_accy 96.43:  90%|█████████ | 45/50 [03:51<00:32,  6.44s/it]                 
Task 5, Epoch 46/50 => Loss 0.122, Train_accy 96.43:  92%|█████████▏| 46/50 [03:51<00:22,  5.56s/it]
Task 5, Epoch 47/50 => Loss 0.114, Train_accy 97.27:  92%|█████████▏| 46/50 [03:54<00:22,  5.56s/it]
Task 5, Epoch 47/50 => Loss 0.114, Train_accy 97.27:  94%|█████████▍| 47/50 [03:54<00:14,  4.91s/it]
Task 5, Epoch 48/50 => Loss 0.126, Train_accy 96.53:  94%|█████████▍| 47/50 [03:58<00:14,  4.91s/it]
Task 5, Epoch 48/50 => Loss 0.126, Train_accy 96.53:  96%|█████████▌| 48/50 [03:58<00:08,  4.44s/it]
Task 5, Epoch 49/50 => Loss 0.120, Train_accy 96.53:  96%|█████████▌| 48/50 [04:01<00:08,  4.44s/it]
Task 5, Epoch 49/50 => Loss 0.120, Train_accy 96.53:  98%|█████████▊| 49/50 [04:01<00:04,  4.13s/it]
Task 5, Epoch 50/50 => Loss 0.113, Train_accy 96.01, Test_accy 79.94:  98%|█████████▊| 49/50 [04:13<00:04,  4.13s/it]
Task 5, Epoch 50/50 => Loss 0.113, Train_accy 96.01, Test_accy 79.94: 100%|██████████| 50/50 [04:13<00:00,  6.38s/it]
Task 5, Epoch 50/50 => Loss 0.113, Train_accy 96.01, Test_accy 79.94: 100%|██████████| 50/50 [04:13<00:00,  5.06s/it]2025-02-06 13:57:48,266 [lae.py] => Task 5, Epoch 50/50 => Loss 0.113, Train_accy 96.01, Test_accy 79.94

2025-02-06 13:57:56,624 [trainer.py] => No NME accuracy.
2025-02-06 13:57:56,625 [trainer.py] => CNN: {'total': 79.94, '00-19': 77.73, '20-39': 78.26, '40-59': 84.4, '60-79': 87.45, '80-99': 81.04, '100-119': 70.18, 'old': 81.82, 'new': 70.18}
2025-02-06 13:57:56,625 [trainer.py] => CNN top1 curve: [97.17, 94.71, 89.88, 86.07, 84.26, 79.94]
2025-02-06 13:57:56,625 [trainer.py] => CNN top5 curve: [100.0, 99.78, 99.26, 98.91, 98.82, 98.52]

Average Accuracy (CNN): 88.67
2025-02-06 13:57:56,625 [trainer.py] => Average Accuracy (CNN): 88.67 

2025-02-06 13:57:56,627 [trainer.py] => All params: 85975476
2025-02-06 13:57:56,628 [trainer.py] => Trainable params: 134550
2025-02-06 13:57:56,632 [lae.py] => Learning on 120-140

  0%|          | 0/50 [00:00<?, ?it/s]
Task 6, Epoch 1/50 => Loss 3.601, Train_accy 6.71:   0%|          | 0/50 [00:03<?, ?it/s]
Task 6, Epoch 1/50 => Loss 3.601, Train_accy 6.71:   2%|▏         | 1/50 [00:03<02:46,  3.39s/it]
Task 6, Epoch 2/50 => Loss 2.153, Train_accy 34.49:   2%|▏         | 1/50 [00:06<02:46,  3.39s/it]
Task 6, Epoch 2/50 => Loss 2.153, Train_accy 34.49:   4%|▍         | 2/50 [00:06<02:47,  3.48s/it]
Task 6, Epoch 3/50 => Loss 1.404, Train_accy 56.60:   4%|▍         | 2/50 [00:10<02:47,  3.48s/it]
Task 6, Epoch 3/50 => Loss 1.404, Train_accy 56.60:   6%|▌         | 3/50 [00:10<02:40,  3.42s/it]
Task 6, Epoch 4/50 => Loss 1.060, Train_accy 67.82:   6%|▌         | 3/50 [00:13<02:40,  3.42s/it]
Task 6, Epoch 4/50 => Loss 1.060, Train_accy 67.82:   8%|▊         | 4/50 [00:13<02:39,  3.47s/it]
Task 6, Epoch 5/50 => Loss 0.748, Train_accy 76.62, Test_accy 71.66:   8%|▊         | 4/50 [00:26<02:39,  3.47s/it]
Task 6, Epoch 5/50 => Loss 0.748, Train_accy 76.62, Test_accy 71.66:  10%|█         | 5/50 [00:26<05:09,  6.87s/it]
Task 6, Epoch 6/50 => Loss 0.624, Train_accy 80.71:  10%|█         | 5/50 [00:30<05:09,  6.87s/it]                 
Task 6, Epoch 6/50 => Loss 0.624, Train_accy 80.71:  12%|█▏        | 6/50 [00:30<04:09,  5.67s/it]
Task 6, Epoch 7/50 => Loss 0.594, Train_accy 81.03:  12%|█▏        | 6/50 [00:33<04:09,  5.67s/it]
Task 6, Epoch 7/50 => Loss 0.594, Train_accy 81.03:  14%|█▍        | 7/50 [00:33<03:32,  4.94s/it]
Task 6, Epoch 8/50 => Loss 0.580, Train_accy 81.24:  14%|█▍        | 7/50 [00:36<03:32,  4.94s/it]
Task 6, Epoch 8/50 => Loss 0.580, Train_accy 81.24:  16%|█▌        | 8/50 [00:36<03:07,  4.47s/it]
Task 6, Epoch 9/50 => Loss 0.452, Train_accy 86.06:  16%|█▌        | 8/50 [00:40<03:07,  4.47s/it]
Task 6, Epoch 9/50 => Loss 0.452, Train_accy 86.06:  18%|█▊        | 9/50 [00:40<02:49,  4.12s/it]
Task 6, Epoch 10/50 => Loss 0.449, Train_accy 85.85, Test_accy 74.28:  18%|█▊        | 9/50 [00:53<02:49,  4.12s/it]
Task 6, Epoch 10/50 => Loss 0.449, Train_accy 85.85, Test_accy 74.28:  20%|██        | 10/50 [00:53<04:35,  6.89s/it]
Task 6, Epoch 11/50 => Loss 0.466, Train_accy 85.53:  20%|██        | 10/50 [00:56<04:35,  6.89s/it]                 
Task 6, Epoch 11/50 => Loss 0.466, Train_accy 85.53:  22%|██▏       | 11/50 [00:56<03:48,  5.85s/it]
Task 6, Epoch 12/50 => Loss 0.434, Train_accy 86.48:  22%|██▏       | 11/50 [01:00<03:48,  5.85s/it]
Task 6, Epoch 12/50 => Loss 0.434, Train_accy 86.48:  24%|██▍       | 12/50 [01:00<03:16,  5.16s/it]
Task 6, Epoch 13/50 => Loss 0.427, Train_accy 87.21:  24%|██▍       | 12/50 [01:03<03:16,  5.16s/it]
Task 6, Epoch 13/50 => Loss 0.427, Train_accy 87.21:  26%|██▌       | 13/50 [01:03<02:50,  4.62s/it]
Task 6, Epoch 14/50 => Loss 0.416, Train_accy 87.74:  26%|██▌       | 13/50 [01:07<02:50,  4.62s/it]
Task 6, Epoch 14/50 => Loss 0.416, Train_accy 87.74:  28%|██▊       | 14/50 [01:07<02:34,  4.29s/it]
Task 6, Epoch 15/50 => Loss 0.357, Train_accy 88.99, Test_accy 75.87:  28%|██▊       | 14/50 [01:20<02:34,  4.29s/it]
Task 6, Epoch 15/50 => Loss 0.357, Train_accy 88.99, Test_accy 75.87:  30%|███       | 15/50 [01:20<03:59,  6.85s/it]
Task 6, Epoch 16/50 => Loss 0.378, Train_accy 88.26:  30%|███       | 15/50 [01:23<03:59,  6.85s/it]                 
Task 6, Epoch 16/50 => Loss 0.378, Train_accy 88.26:  32%|███▏      | 16/50 [01:23<03:17,  5.81s/it]
Task 6, Epoch 17/50 => Loss 0.323, Train_accy 89.52:  32%|███▏      | 16/50 [01:26<03:17,  5.81s/it]
Task 6, Epoch 17/50 => Loss 0.323, Train_accy 89.52:  34%|███▍      | 17/50 [01:26<02:47,  5.07s/it]
Task 6, Epoch 18/50 => Loss 0.355, Train_accy 89.31:  34%|███▍      | 17/50 [01:30<02:47,  5.07s/it]
Task 6, Epoch 18/50 => Loss 0.355, Train_accy 89.31:  36%|███▌      | 18/50 [01:30<02:25,  4.56s/it]
Task 6, Epoch 19/50 => Loss 0.230, Train_accy 93.61:  36%|███▌      | 18/50 [01:33<02:25,  4.56s/it]
Task 6, Epoch 19/50 => Loss 0.230, Train_accy 93.61:  38%|███▊      | 19/50 [01:33<02:10,  4.21s/it]
Task 6, Epoch 20/50 => Loss 0.330, Train_accy 90.04, Test_accy 76.78:  38%|███▊      | 19/50 [01:46<02:10,  4.21s/it]
Task 6, Epoch 20/50 => Loss 0.330, Train_accy 90.04, Test_accy 76.78:  40%|████      | 20/50 [01:46<03:23,  6.77s/it]
Task 6, Epoch 21/50 => Loss 0.310, Train_accy 90.78:  40%|████      | 20/50 [01:49<03:23,  6.77s/it]                 
Task 6, Epoch 21/50 => Loss 0.310, Train_accy 90.78:  42%|████▏     | 21/50 [01:49<02:46,  5.75s/it]
Task 6, Epoch 22/50 => Loss 0.326, Train_accy 91.19:  42%|████▏     | 21/50 [01:53<02:46,  5.75s/it]
Task 6, Epoch 22/50 => Loss 0.326, Train_accy 91.19:  44%|████▍     | 22/50 [01:53<02:20,  5.03s/it]
Task 6, Epoch 23/50 => Loss 0.308, Train_accy 90.78:  44%|████▍     | 22/50 [01:56<02:20,  5.03s/it]
Task 6, Epoch 23/50 => Loss 0.308, Train_accy 90.78:  46%|████▌     | 23/50 [01:56<02:02,  4.53s/it]
Task 6, Epoch 24/50 => Loss 0.278, Train_accy 92.35:  46%|████▌     | 23/50 [01:59<02:02,  4.53s/it]
Task 6, Epoch 24/50 => Loss 0.278, Train_accy 92.35:  48%|████▊     | 24/50 [01:59<01:48,  4.18s/it]
Task 6, Epoch 25/50 => Loss 0.300, Train_accy 91.82, Test_accy 77.45:  48%|████▊     | 24/50 [02:12<01:48,  4.18s/it]
Task 6, Epoch 25/50 => Loss 0.300, Train_accy 91.82, Test_accy 77.45:  50%|█████     | 25/50 [02:12<02:48,  6.75s/it]
Task 6, Epoch 26/50 => Loss 0.266, Train_accy 92.35:  50%|█████     | 25/50 [02:15<02:48,  6.75s/it]                 
Task 6, Epoch 26/50 => Loss 0.266, Train_accy 92.35:  52%|█████▏    | 26/50 [02:15<02:17,  5.71s/it]
Task 6, Epoch 27/50 => Loss 0.293, Train_accy 91.40:  52%|█████▏    | 26/50 [02:19<02:17,  5.71s/it]
Task 6, Epoch 27/50 => Loss 0.293, Train_accy 91.40:  54%|█████▍    | 27/50 [02:19<01:55,  5.02s/it]
Task 6, Epoch 28/50 => Loss 0.282, Train_accy 90.88:  54%|█████▍    | 27/50 [02:22<01:55,  5.02s/it]
Task 6, Epoch 28/50 => Loss 0.282, Train_accy 90.88:  56%|█████▌    | 28/50 [02:22<01:39,  4.53s/it]
Task 6, Epoch 29/50 => Loss 0.252, Train_accy 91.82:  56%|█████▌    | 28/50 [02:26<01:39,  4.53s/it]
Task 6, Epoch 29/50 => Loss 0.252, Train_accy 91.82:  58%|█████▊    | 29/50 [02:26<01:27,  4.16s/it]
Task 6, Epoch 30/50 => Loss 0.245, Train_accy 92.24, Test_accy 78.12:  58%|█████▊    | 29/50 [02:38<01:27,  4.16s/it]
Task 6, Epoch 30/50 => Loss 0.245, Train_accy 92.24, Test_accy 78.12:  60%|██████    | 30/50 [02:38<02:14,  6.72s/it]
Task 6, Epoch 31/50 => Loss 0.286, Train_accy 92.35:  60%|██████    | 30/50 [02:42<02:14,  6.72s/it]                 
Task 6, Epoch 31/50 => Loss 0.286, Train_accy 92.35:  62%|██████▏   | 31/50 [02:42<01:48,  5.71s/it]
Task 6, Epoch 32/50 => Loss 0.280, Train_accy 91.51:  62%|██████▏   | 31/50 [02:45<01:48,  5.71s/it]
Task 6, Epoch 32/50 => Loss 0.280, Train_accy 91.51:  64%|██████▍   | 32/50 [02:45<01:30,  5.00s/it]
Task 6, Epoch 33/50 => Loss 0.225, Train_accy 93.08:  64%|██████▍   | 32/50 [02:48<01:30,  5.00s/it]
Task 6, Epoch 33/50 => Loss 0.225, Train_accy 93.08:  66%|██████▌   | 33/50 [02:48<01:16,  4.51s/it]
Task 6, Epoch 34/50 => Loss 0.222, Train_accy 94.55:  66%|██████▌   | 33/50 [02:52<01:16,  4.51s/it]
Task 6, Epoch 34/50 => Loss 0.222, Train_accy 94.55:  68%|██████▊   | 34/50 [02:52<01:06,  4.16s/it]
Task 6, Epoch 35/50 => Loss 0.249, Train_accy 91.72, Test_accy 78.43:  68%|██████▊   | 34/50 [03:04<01:06,  4.16s/it]
Task 6, Epoch 35/50 => Loss 0.249, Train_accy 91.72, Test_accy 78.43:  70%|███████   | 35/50 [03:04<01:40,  6.73s/it]
Task 6, Epoch 36/50 => Loss 0.221, Train_accy 93.50:  70%|███████   | 35/50 [03:08<01:40,  6.73s/it]                 
Task 6, Epoch 36/50 => Loss 0.221, Train_accy 93.50:  72%|███████▏  | 36/50 [03:08<01:19,  5.71s/it]
Task 6, Epoch 37/50 => Loss 0.226, Train_accy 93.82:  72%|███████▏  | 36/50 [03:11<01:19,  5.71s/it]
Task 6, Epoch 37/50 => Loss 0.226, Train_accy 93.82:  74%|███████▍  | 37/50 [03:11<01:05,  5.00s/it]
Task 6, Epoch 38/50 => Loss 0.212, Train_accy 94.03:  74%|███████▍  | 37/50 [03:14<01:05,  5.00s/it]
Task 6, Epoch 38/50 => Loss 0.212, Train_accy 94.03:  76%|███████▌  | 38/50 [03:14<00:54,  4.54s/it]
Task 6, Epoch 39/50 => Loss 0.213, Train_accy 93.92:  76%|███████▌  | 38/50 [03:18<00:54,  4.54s/it]
Task 6, Epoch 39/50 => Loss 0.213, Train_accy 93.92:  78%|███████▊  | 39/50 [03:18<00:46,  4.23s/it]
Task 6, Epoch 40/50 => Loss 0.214, Train_accy 94.03, Test_accy 78.61:  78%|███████▊  | 39/50 [03:31<00:46,  4.23s/it]
Task 6, Epoch 40/50 => Loss 0.214, Train_accy 94.03, Test_accy 78.61:  80%|████████  | 40/50 [03:31<01:07,  6.79s/it]
Task 6, Epoch 41/50 => Loss 0.212, Train_accy 93.82:  80%|████████  | 40/50 [03:34<01:07,  6.79s/it]                 
Task 6, Epoch 41/50 => Loss 0.212, Train_accy 93.82:  82%|████████▏ | 41/50 [03:34<00:51,  5.76s/it]
Task 6, Epoch 42/50 => Loss 0.222, Train_accy 93.40:  82%|████████▏ | 41/50 [03:37<00:51,  5.76s/it]
Task 6, Epoch 42/50 => Loss 0.222, Train_accy 93.40:  84%|████████▍ | 42/50 [03:37<00:40,  5.04s/it]
Task 6, Epoch 43/50 => Loss 0.234, Train_accy 93.19:  84%|████████▍ | 42/50 [03:41<00:40,  5.04s/it]
Task 6, Epoch 43/50 => Loss 0.234, Train_accy 93.19:  86%|████████▌ | 43/50 [03:41<00:31,  4.53s/it]
Task 6, Epoch 44/50 => Loss 0.235, Train_accy 92.98:  86%|████████▌ | 43/50 [03:44<00:31,  4.53s/it]
Task 6, Epoch 44/50 => Loss 0.235, Train_accy 92.98:  88%|████████▊ | 44/50 [03:44<00:24,  4.16s/it]
Task 6, Epoch 45/50 => Loss 0.184, Train_accy 94.97, Test_accy 79.04:  88%|████████▊ | 44/50 [03:57<00:24,  4.16s/it]
Task 6, Epoch 45/50 => Loss 0.184, Train_accy 94.97, Test_accy 79.04:  90%|█████████ | 45/50 [03:57<00:33,  6.72s/it]
Task 6, Epoch 46/50 => Loss 0.222, Train_accy 93.71:  90%|█████████ | 45/50 [04:00<00:33,  6.72s/it]                 
Task 6, Epoch 46/50 => Loss 0.222, Train_accy 93.71:  92%|█████████▏| 46/50 [04:00<00:22,  5.71s/it]
Task 6, Epoch 47/50 => Loss 0.218, Train_accy 93.50:  92%|█████████▏| 46/50 [04:03<00:22,  5.71s/it]
Task 6, Epoch 47/50 => Loss 0.218, Train_accy 93.50:  94%|█████████▍| 47/50 [04:03<00:15,  5.00s/it]
Task 6, Epoch 48/50 => Loss 0.194, Train_accy 93.71:  94%|█████████▍| 47/50 [04:07<00:15,  5.00s/it]
Task 6, Epoch 48/50 => Loss 0.194, Train_accy 93.71:  96%|█████████▌| 48/50 [04:07<00:09,  4.52s/it]
Task 6, Epoch 49/50 => Loss 0.205, Train_accy 93.40:  96%|█████████▌| 48/50 [04:10<00:09,  4.52s/it]
Task 6, Epoch 49/50 => Loss 0.205, Train_accy 93.40:  98%|█████████▊| 49/50 [04:10<00:04,  4.16s/it]
Task 6, Epoch 50/50 => Loss 0.205, Train_accy 94.86, Test_accy 79.34:  98%|█████████▊| 49/50 [04:23<00:04,  4.16s/it]
Task 6, Epoch 50/50 => Loss 0.205, Train_accy 94.86, Test_accy 79.34: 100%|██████████| 50/50 [04:23<00:00,  6.74s/it]
Task 6, Epoch 50/50 => Loss 0.205, Train_accy 94.86, Test_accy 79.34: 100%|██████████| 50/50 [04:23<00:00,  5.27s/it]2025-02-06 14:02:20,090 [lae.py] => Task 6, Epoch 50/50 => Loss 0.205, Train_accy 94.86, Test_accy 79.34

2025-02-06 14:02:29,481 [trainer.py] => No NME accuracy.
2025-02-06 14:02:29,481 [trainer.py] => CNN: {'total': 79.34, '00-19': 77.73, '20-39': 77.29, '40-59': 83.03, '60-79': 85.83, '80-99': 80.3, '100-119': 70.18, '120-139': 80.44, 'old': 79.17, 'new': 80.44}
2025-02-06 14:02:29,481 [trainer.py] => CNN top1 curve: [97.17, 94.71, 89.88, 86.07, 84.26, 79.94, 79.34]
2025-02-06 14:02:29,481 [trainer.py] => CNN top5 curve: [100.0, 99.78, 99.26, 98.91, 98.82, 98.52, 98.11]

Average Accuracy (CNN): 87.34
2025-02-06 14:02:29,481 [trainer.py] => Average Accuracy (CNN): 87.34 

2025-02-06 14:02:29,482 [trainer.py] => All params: 85990856
2025-02-06 14:02:29,483 [trainer.py] => Trainable params: 149930
2025-02-06 14:02:29,485 [lae.py] => Learning on 140-160

  0%|          | 0/50 [00:00<?, ?it/s]
Task 7, Epoch 1/50 => Loss 3.475, Train_accy 10.22:   0%|          | 0/50 [00:03<?, ?it/s]
Task 7, Epoch 1/50 => Loss 3.475, Train_accy 10.22:   2%|▏         | 1/50 [00:03<02:40,  3.27s/it]
Task 7, Epoch 2/50 => Loss 2.112, Train_accy 38.59:   2%|▏         | 1/50 [00:06<02:40,  3.27s/it]
Task 7, Epoch 2/50 => Loss 2.112, Train_accy 38.59:   4%|▍         | 2/50 [00:06<02:37,  3.29s/it]
Task 7, Epoch 3/50 => Loss 1.224, Train_accy 67.28:   4%|▍         | 2/50 [00:09<02:37,  3.29s/it]
Task 7, Epoch 3/50 => Loss 1.224, Train_accy 67.28:   6%|▌         | 3/50 [00:09<02:33,  3.27s/it]
Task 7, Epoch 4/50 => Loss 0.890, Train_accy 76.09:   6%|▌         | 3/50 [00:13<02:33,  3.27s/it]
Task 7, Epoch 4/50 => Loss 0.890, Train_accy 76.09:   8%|▊         | 4/50 [00:13<02:30,  3.27s/it]
Task 7, Epoch 5/50 => Loss 0.625, Train_accy 84.46, Test_accy 71.02:   8%|▊         | 4/50 [00:27<02:30,  3.27s/it]
Task 7, Epoch 5/50 => Loss 0.625, Train_accy 84.46, Test_accy 71.02:  10%|█         | 5/50 [00:27<05:21,  7.14s/it]
Task 7, Epoch 6/50 => Loss 0.485, Train_accy 87.07:  10%|█         | 5/50 [00:30<05:21,  7.14s/it]                 
Task 7, Epoch 6/50 => Loss 0.485, Train_accy 87.07:  12%|█▏        | 6/50 [00:30<04:16,  5.82s/it]
Task 7, Epoch 7/50 => Loss 0.527, Train_accy 86.96:  12%|█▏        | 6/50 [00:33<04:16,  5.82s/it]
Task 7, Epoch 7/50 => Loss 0.527, Train_accy 86.96:  14%|█▍        | 7/50 [00:33<03:34,  4.98s/it]
Task 7, Epoch 8/50 => Loss 0.419, Train_accy 89.57:  14%|█▍        | 7/50 [00:36<03:34,  4.98s/it]
Task 7, Epoch 8/50 => Loss 0.419, Train_accy 89.57:  16%|█▌        | 8/50 [00:36<03:06,  4.43s/it]
Task 7, Epoch 9/50 => Loss 0.368, Train_accy 89.67:  16%|█▌        | 8/50 [00:40<03:06,  4.43s/it]
Task 7, Epoch 9/50 => Loss 0.368, Train_accy 89.67:  18%|█▊        | 9/50 [00:40<02:46,  4.06s/it]
Task 7, Epoch 10/50 => Loss 0.335, Train_accy 90.98, Test_accy 74.09:  18%|█▊        | 9/50 [00:53<02:46,  4.06s/it]
Task 7, Epoch 10/50 => Loss 0.335, Train_accy 90.98, Test_accy 74.09:  20%|██        | 10/50 [00:53<04:43,  7.09s/it]
Task 7, Epoch 11/50 => Loss 0.380, Train_accy 89.78:  20%|██        | 10/50 [00:57<04:43,  7.09s/it]                 
Task 7, Epoch 11/50 => Loss 0.380, Train_accy 89.78:  22%|██▏       | 11/50 [00:57<03:51,  5.92s/it]
Task 7, Epoch 12/50 => Loss 0.301, Train_accy 91.96:  22%|██▏       | 11/50 [01:00<03:51,  5.92s/it]
Task 7, Epoch 12/50 => Loss 0.301, Train_accy 91.96:  24%|██▍       | 12/50 [01:00<03:15,  5.13s/it]
Task 7, Epoch 13/50 => Loss 0.357, Train_accy 91.09:  24%|██▍       | 12/50 [01:03<03:15,  5.13s/it]
Task 7, Epoch 13/50 => Loss 0.357, Train_accy 91.09:  26%|██▌       | 13/50 [01:03<02:49,  4.57s/it]
Task 7, Epoch 14/50 => Loss 0.249, Train_accy 92.61:  26%|██▌       | 13/50 [01:07<02:49,  4.57s/it]
Task 7, Epoch 14/50 => Loss 0.249, Train_accy 92.61:  28%|██▊       | 14/50 [01:07<02:30,  4.18s/it]
Task 7, Epoch 15/50 => Loss 0.277, Train_accy 93.48, Test_accy 75.52:  28%|██▊       | 14/50 [01:21<02:30,  4.18s/it]
Task 7, Epoch 15/50 => Loss 0.277, Train_accy 93.48, Test_accy 75.52:  30%|███       | 15/50 [01:21<04:08,  7.10s/it]
Task 7, Epoch 16/50 => Loss 0.268, Train_accy 92.93:  30%|███       | 15/50 [01:24<04:08,  7.10s/it]                 
Task 7, Epoch 16/50 => Loss 0.268, Train_accy 92.93:  32%|███▏      | 16/50 [01:24<03:21,  5.94s/it]
Task 7, Epoch 17/50 => Loss 0.270, Train_accy 91.85:  32%|███▏      | 16/50 [01:27<03:21,  5.94s/it]
Task 7, Epoch 17/50 => Loss 0.270, Train_accy 91.85:  34%|███▍      | 17/50 [01:27<02:49,  5.13s/it]
Task 7, Epoch 18/50 => Loss 0.283, Train_accy 92.28:  34%|███▍      | 17/50 [01:30<02:49,  5.13s/it]
Task 7, Epoch 18/50 => Loss 0.283, Train_accy 92.28:  36%|███▌      | 18/50 [01:30<02:26,  4.58s/it]
Task 7, Epoch 19/50 => Loss 0.279, Train_accy 92.07:  36%|███▌      | 18/50 [01:34<02:26,  4.58s/it]
Task 7, Epoch 19/50 => Loss 0.279, Train_accy 92.07:  38%|███▊      | 19/50 [01:34<02:09,  4.18s/it]
Task 7, Epoch 20/50 => Loss 0.249, Train_accy 93.26, Test_accy 76.31:  38%|███▊      | 19/50 [01:48<02:09,  4.18s/it]
Task 7, Epoch 20/50 => Loss 0.249, Train_accy 93.26, Test_accy 76.31:  40%|████      | 20/50 [01:48<03:34,  7.13s/it]
Task 7, Epoch 21/50 => Loss 0.182, Train_accy 95.00:  40%|████      | 20/50 [01:51<03:34,  7.13s/it]                 
Task 7, Epoch 21/50 => Loss 0.182, Train_accy 95.00:  42%|████▏     | 21/50 [01:51<02:53,  5.97s/it]
Task 7, Epoch 22/50 => Loss 0.207, Train_accy 94.35:  42%|████▏     | 21/50 [01:54<02:53,  5.97s/it]
Task 7, Epoch 22/50 => Loss 0.207, Train_accy 94.35:  44%|████▍     | 22/50 [01:54<02:24,  5.16s/it]
Task 7, Epoch 23/50 => Loss 0.201, Train_accy 93.70:  44%|████▍     | 22/50 [01:57<02:24,  5.16s/it]
Task 7, Epoch 23/50 => Loss 0.201, Train_accy 93.70:  46%|████▌     | 23/50 [01:57<02:03,  4.59s/it]
Task 7, Epoch 24/50 => Loss 0.267, Train_accy 92.39:  46%|████▌     | 23/50 [02:01<02:03,  4.59s/it]
Task 7, Epoch 24/50 => Loss 0.267, Train_accy 92.39:  48%|████▊     | 24/50 [02:01<01:48,  4.19s/it]
Task 7, Epoch 25/50 => Loss 0.221, Train_accy 94.35, Test_accy 77.05:  48%|████▊     | 24/50 [02:14<01:48,  4.19s/it]
Task 7, Epoch 25/50 => Loss 0.221, Train_accy 94.35, Test_accy 77.05:  50%|█████     | 25/50 [02:14<02:57,  7.08s/it]
Task 7, Epoch 26/50 => Loss 0.203, Train_accy 94.78:  50%|█████     | 25/50 [02:18<02:57,  7.08s/it]                 
Task 7, Epoch 26/50 => Loss 0.203, Train_accy 94.78:  52%|█████▏    | 26/50 [02:18<02:22,  5.93s/it]
Task 7, Epoch 27/50 => Loss 0.210, Train_accy 94.35:  52%|█████▏    | 26/50 [02:21<02:22,  5.93s/it]
Task 7, Epoch 27/50 => Loss 0.210, Train_accy 94.35:  54%|█████▍    | 27/50 [02:21<01:58,  5.13s/it]
Task 7, Epoch 28/50 => Loss 0.237, Train_accy 93.59:  54%|█████▍    | 27/50 [02:24<01:58,  5.13s/it]
Task 7, Epoch 28/50 => Loss 0.237, Train_accy 93.59:  56%|█████▌    | 28/50 [02:24<01:40,  4.57s/it]
Task 7, Epoch 29/50 => Loss 0.196, Train_accy 93.91:  56%|█████▌    | 28/50 [02:27<01:40,  4.57s/it]
Task 7, Epoch 29/50 => Loss 0.196, Train_accy 93.91:  58%|█████▊    | 29/50 [02:27<01:27,  4.18s/it]
Task 7, Epoch 30/50 => Loss 0.228, Train_accy 93.70, Test_accy 77.42:  58%|█████▊    | 29/50 [02:41<01:27,  4.18s/it]
Task 7, Epoch 30/50 => Loss 0.228, Train_accy 93.70, Test_accy 77.42:  60%|██████    | 30/50 [02:41<02:22,  7.11s/it]
Task 7, Epoch 31/50 => Loss 0.224, Train_accy 93.48:  60%|██████    | 30/50 [02:45<02:22,  7.11s/it]                 
Task 7, Epoch 31/50 => Loss 0.224, Train_accy 93.48:  62%|██████▏   | 31/50 [02:45<01:53,  5.95s/it]
Task 7, Epoch 32/50 => Loss 0.249, Train_accy 93.15:  62%|██████▏   | 31/50 [02:48<01:53,  5.95s/it]
Task 7, Epoch 32/50 => Loss 0.249, Train_accy 93.15:  64%|██████▍   | 32/50 [02:48<01:32,  5.15s/it]
Task 7, Epoch 33/50 => Loss 0.195, Train_accy 95.00:  64%|██████▍   | 32/50 [02:51<01:32,  5.15s/it]
Task 7, Epoch 33/50 => Loss 0.195, Train_accy 95.00:  66%|██████▌   | 33/50 [02:51<01:17,  4.58s/it]
Task 7, Epoch 34/50 => Loss 0.210, Train_accy 92.93:  66%|██████▌   | 33/50 [02:55<01:17,  4.58s/it]
Task 7, Epoch 34/50 => Loss 0.210, Train_accy 92.93:  68%|██████▊   | 34/50 [02:55<01:07,  4.20s/it]
Task 7, Epoch 35/50 => Loss 0.198, Train_accy 94.89, Test_accy 77.63:  68%|██████▊   | 34/50 [03:08<01:07,  4.20s/it]
Task 7, Epoch 35/50 => Loss 0.198, Train_accy 94.89, Test_accy 77.63:  70%|███████   | 35/50 [03:08<01:46,  7.13s/it]
Task 7, Epoch 36/50 => Loss 0.133, Train_accy 95.98:  70%|███████   | 35/50 [03:12<01:46,  7.13s/it]                 
Task 7, Epoch 36/50 => Loss 0.133, Train_accy 95.98:  72%|███████▏  | 36/50 [03:12<01:23,  5.96s/it]
Task 7, Epoch 37/50 => Loss 0.193, Train_accy 95.22:  72%|███████▏  | 36/50 [03:15<01:23,  5.96s/it]
Task 7, Epoch 37/50 => Loss 0.193, Train_accy 95.22:  74%|███████▍  | 37/50 [03:15<01:06,  5.15s/it]
Task 7, Epoch 38/50 => Loss 0.177, Train_accy 94.67:  74%|███████▍  | 37/50 [03:18<01:06,  5.15s/it]
Task 7, Epoch 38/50 => Loss 0.177, Train_accy 94.67:  76%|███████▌  | 38/50 [03:18<00:54,  4.57s/it]
Task 7, Epoch 39/50 => Loss 0.196, Train_accy 94.78:  76%|███████▌  | 38/50 [03:22<00:54,  4.57s/it]
Task 7, Epoch 39/50 => Loss 0.196, Train_accy 94.78:  78%|███████▊  | 39/50 [03:22<00:46,  4.23s/it]
Task 7, Epoch 40/50 => Loss 0.200, Train_accy 93.70, Test_accy 78.11:  78%|███████▊  | 39/50 [03:35<00:46,  4.23s/it]
Task 7, Epoch 40/50 => Loss 0.200, Train_accy 93.70, Test_accy 78.11:  80%|████████  | 40/50 [03:35<01:11,  7.11s/it]
Task 7, Epoch 41/50 => Loss 0.186, Train_accy 93.91:  80%|████████  | 40/50 [03:39<01:11,  7.11s/it]                 
Task 7, Epoch 41/50 => Loss 0.186, Train_accy 93.91:  82%|████████▏ | 41/50 [03:39<00:53,  5.94s/it]
Task 7, Epoch 42/50 => Loss 0.209, Train_accy 94.02:  82%|████████▏ | 41/50 [03:42<00:53,  5.94s/it]
Task 7, Epoch 42/50 => Loss 0.209, Train_accy 94.02:  84%|████████▍ | 42/50 [03:42<00:41,  5.13s/it]
Task 7, Epoch 43/50 => Loss 0.173, Train_accy 94.46:  84%|████████▍ | 42/50 [03:45<00:41,  5.13s/it]
Task 7, Epoch 43/50 => Loss 0.173, Train_accy 94.46:  86%|████████▌ | 43/50 [03:45<00:31,  4.56s/it]
Task 7, Epoch 44/50 => Loss 0.145, Train_accy 95.22:  86%|████████▌ | 43/50 [03:48<00:31,  4.56s/it]
Task 7, Epoch 44/50 => Loss 0.145, Train_accy 95.22:  88%|████████▊ | 44/50 [03:48<00:25,  4.17s/it]
Task 7, Epoch 45/50 => Loss 0.187, Train_accy 94.67, Test_accy 78.00:  88%|████████▊ | 44/50 [04:02<00:25,  4.17s/it]
Task 7, Epoch 45/50 => Loss 0.187, Train_accy 94.67, Test_accy 78.00:  90%|█████████ | 45/50 [04:02<00:35,  7.04s/it]
Task 7, Epoch 46/50 => Loss 0.190, Train_accy 94.24:  90%|█████████ | 45/50 [04:05<00:35,  7.04s/it]                 
Task 7, Epoch 46/50 => Loss 0.190, Train_accy 94.24:  92%|█████████▏| 46/50 [04:05<00:23,  5.91s/it]
Task 7, Epoch 47/50 => Loss 0.159, Train_accy 95.87:  92%|█████████▏| 46/50 [04:09<00:23,  5.91s/it]
Task 7, Epoch 47/50 => Loss 0.159, Train_accy 95.87:  94%|█████████▍| 47/50 [04:09<00:15,  5.11s/it]
Task 7, Epoch 48/50 => Loss 0.126, Train_accy 95.76:  94%|█████████▍| 47/50 [04:12<00:15,  5.11s/it]
Task 7, Epoch 48/50 => Loss 0.126, Train_accy 95.76:  96%|█████████▌| 48/50 [04:12<00:09,  4.60s/it]
Task 7, Epoch 49/50 => Loss 0.166, Train_accy 94.67:  96%|█████████▌| 48/50 [04:15<00:09,  4.60s/it]
Task 7, Epoch 49/50 => Loss 0.166, Train_accy 94.67:  98%|█████████▊| 49/50 [04:15<00:04,  4.20s/it]
Task 7, Epoch 50/50 => Loss 0.184, Train_accy 93.91, Test_accy 77.90:  98%|█████████▊| 49/50 [04:29<00:04,  4.20s/it]
Task 7, Epoch 50/50 => Loss 0.184, Train_accy 93.91, Test_accy 77.90: 100%|██████████| 50/50 [04:29<00:00,  7.14s/it]
Task 7, Epoch 50/50 => Loss 0.184, Train_accy 93.91, Test_accy 77.90: 100%|██████████| 50/50 [04:29<00:00,  5.40s/it]2025-02-06 14:06:59,303 [lae.py] => Task 7, Epoch 50/50 => Loss 0.184, Train_accy 93.91, Test_accy 77.90

2025-02-06 14:07:09,852 [trainer.py] => No NME accuracy.
2025-02-06 14:07:09,852 [trainer.py] => CNN: {'total': 77.9, '00-19': 77.33, '20-39': 76.33, '40-59': 80.73, '60-79': 83.4, '80-99': 79.55, '100-119': 67.98, '120-139': 79.56, '140-159': 77.6, 'old': 77.94, 'new': 77.6}
2025-02-06 14:07:09,852 [trainer.py] => CNN top1 curve: [97.17, 94.71, 89.88, 86.07, 84.26, 79.94, 79.34, 77.9]
2025-02-06 14:07:09,852 [trainer.py] => CNN top5 curve: [100.0, 99.78, 99.26, 98.91, 98.82, 98.52, 98.11, 97.99]

Average Accuracy (CNN): 86.16
2025-02-06 14:07:09,853 [trainer.py] => Average Accuracy (CNN): 86.16 

2025-02-06 14:07:09,854 [trainer.py] => All params: 86006236
2025-02-06 14:07:09,854 [trainer.py] => Trainable params: 165310
2025-02-06 14:07:09,857 [lae.py] => Learning on 160-180

  0%|          | 0/50 [00:00<?, ?it/s]
Task 8, Epoch 1/50 => Loss 3.402, Train_accy 10.65:   0%|          | 0/50 [00:03<?, ?it/s]
Task 8, Epoch 1/50 => Loss 3.402, Train_accy 10.65:   2%|▏         | 1/50 [00:03<02:46,  3.39s/it]
Task 8, Epoch 2/50 => Loss 2.065, Train_accy 40.61:   2%|▏         | 1/50 [00:06<02:46,  3.39s/it]
Task 8, Epoch 2/50 => Loss 2.065, Train_accy 40.61:   4%|▍         | 2/50 [00:06<02:41,  3.37s/it]
Task 8, Epoch 3/50 => Loss 1.179, Train_accy 70.77:   4%|▍         | 2/50 [00:10<02:41,  3.37s/it]
Task 8, Epoch 3/50 => Loss 1.179, Train_accy 70.77:   6%|▌         | 3/50 [00:10<02:38,  3.36s/it]
Task 8, Epoch 4/50 => Loss 0.785, Train_accy 81.32:   6%|▌         | 3/50 [00:13<02:38,  3.36s/it]
Task 8, Epoch 4/50 => Loss 0.785, Train_accy 81.32:   8%|▊         | 4/50 [00:13<02:34,  3.35s/it]
Task 8, Epoch 5/50 => Loss 0.570, Train_accy 86.01, Test_accy 71.43:   8%|▊         | 4/50 [00:28<02:34,  3.35s/it]
Task 8, Epoch 5/50 => Loss 0.570, Train_accy 86.01, Test_accy 71.43:  10%|█         | 5/50 [00:28<05:42,  7.61s/it]
Task 8, Epoch 6/50 => Loss 0.438, Train_accy 89.98:  10%|█         | 5/50 [00:31<05:42,  7.61s/it]                 
Task 8, Epoch 6/50 => Loss 0.438, Train_accy 89.98:  12%|█▏        | 6/50 [00:31<04:30,  6.16s/it]
Task 8, Epoch 7/50 => Loss 0.455, Train_accy 88.94:  12%|█▏        | 6/50 [00:35<04:30,  6.16s/it]
Task 8, Epoch 7/50 => Loss 0.455, Train_accy 88.94:  14%|█▍        | 7/50 [00:35<03:45,  5.24s/it]
Task 8, Epoch 8/50 => Loss 0.369, Train_accy 90.08:  14%|█▍        | 7/50 [00:38<03:45,  5.24s/it]
Task 8, Epoch 8/50 => Loss 0.369, Train_accy 90.08:  16%|█▌        | 8/50 [00:38<03:14,  4.63s/it]
Task 8, Epoch 9/50 => Loss 0.330, Train_accy 90.81:  16%|█▌        | 8/50 [00:41<03:14,  4.63s/it]
Task 8, Epoch 9/50 => Loss 0.330, Train_accy 90.81:  18%|█▊        | 9/50 [00:41<02:53,  4.22s/it]
Task 8, Epoch 10/50 => Loss 0.296, Train_accy 91.75, Test_accy 73.50:  18%|█▊        | 9/50 [00:57<02:53,  4.22s/it]
Task 8, Epoch 10/50 => Loss 0.296, Train_accy 91.75, Test_accy 73.50:  20%|██        | 10/50 [00:57<05:04,  7.62s/it]
Task 8, Epoch 11/50 => Loss 0.317, Train_accy 92.17:  20%|██        | 10/50 [01:00<05:04,  7.62s/it]                 
Task 8, Epoch 11/50 => Loss 0.317, Train_accy 92.17:  22%|██▏       | 11/50 [01:00<04:07,  6.35s/it]
Task 8, Epoch 12/50 => Loss 0.330, Train_accy 91.13:  22%|██▏       | 11/50 [01:04<04:07,  6.35s/it]
Task 8, Epoch 12/50 => Loss 0.330, Train_accy 91.13:  24%|██▍       | 12/50 [01:04<03:27,  5.45s/it]
Task 8, Epoch 13/50 => Loss 0.312, Train_accy 91.44:  24%|██▍       | 12/50 [01:07<03:27,  5.45s/it]
Task 8, Epoch 13/50 => Loss 0.312, Train_accy 91.44:  26%|██▌       | 13/50 [01:07<02:58,  4.81s/it]
Task 8, Epoch 14/50 => Loss 0.289, Train_accy 92.07:  26%|██▌       | 13/50 [01:10<02:58,  4.81s/it]
Task 8, Epoch 14/50 => Loss 0.289, Train_accy 92.07:  28%|██▊       | 14/50 [01:10<02:37,  4.37s/it]
Task 8, Epoch 15/50 => Loss 0.250, Train_accy 93.01, Test_accy 74.48:  28%|██▊       | 14/50 [01:25<02:37,  4.37s/it]
Task 8, Epoch 15/50 => Loss 0.250, Train_accy 93.01, Test_accy 74.48:  30%|███       | 15/50 [01:25<04:26,  7.61s/it]
Task 8, Epoch 16/50 => Loss 0.263, Train_accy 93.22:  30%|███       | 15/50 [01:29<04:26,  7.61s/it]                 
Task 8, Epoch 16/50 => Loss 0.263, Train_accy 93.22:  32%|███▏      | 16/50 [01:29<03:34,  6.32s/it]
Task 8, Epoch 17/50 => Loss 0.253, Train_accy 93.32:  32%|███▏      | 16/50 [01:32<03:34,  6.32s/it]
Task 8, Epoch 17/50 => Loss 0.253, Train_accy 93.32:  34%|███▍      | 17/50 [01:32<02:58,  5.42s/it]
Task 8, Epoch 18/50 => Loss 0.242, Train_accy 93.01:  34%|███▍      | 17/50 [01:35<02:58,  5.42s/it]
Task 8, Epoch 18/50 => Loss 0.242, Train_accy 93.01:  36%|███▌      | 18/50 [01:35<02:33,  4.79s/it]
Task 8, Epoch 19/50 => Loss 0.270, Train_accy 92.17:  36%|███▌      | 18/50 [01:39<02:33,  4.79s/it]
Task 8, Epoch 19/50 => Loss 0.270, Train_accy 92.17:  38%|███▊      | 19/50 [01:39<02:15,  4.36s/it]
Task 8, Epoch 20/50 => Loss 0.221, Train_accy 93.63, Test_accy 75.19:  38%|███▊      | 19/50 [01:54<02:15,  4.36s/it]
Task 8, Epoch 20/50 => Loss 0.221, Train_accy 93.63, Test_accy 75.19:  40%|████      | 20/50 [01:54<03:49,  7.63s/it]
Task 8, Epoch 21/50 => Loss 0.239, Train_accy 93.53:  40%|████      | 20/50 [01:57<03:49,  7.63s/it]                 
Task 8, Epoch 21/50 => Loss 0.239, Train_accy 93.53:  42%|████▏     | 21/50 [01:57<03:04,  6.35s/it]
Task 8, Epoch 22/50 => Loss 0.202, Train_accy 94.78:  42%|████▏     | 21/50 [02:01<03:04,  6.35s/it]
Task 8, Epoch 22/50 => Loss 0.202, Train_accy 94.78:  44%|████▍     | 22/50 [02:01<02:32,  5.44s/it]
Task 8, Epoch 23/50 => Loss 0.206, Train_accy 94.78:  44%|████▍     | 22/50 [02:04<02:32,  5.44s/it]
Task 8, Epoch 23/50 => Loss 0.206, Train_accy 94.78:  46%|████▌     | 23/50 [02:04<02:09,  4.81s/it]
Task 8, Epoch 24/50 => Loss 0.203, Train_accy 94.47:  46%|████▌     | 23/50 [02:07<02:09,  4.81s/it]
Task 8, Epoch 24/50 => Loss 0.203, Train_accy 94.47:  48%|████▊     | 24/50 [02:07<01:53,  4.37s/it]
Task 8, Epoch 25/50 => Loss 0.183, Train_accy 95.09, Test_accy 75.70:  48%|████▊     | 24/50 [02:22<01:53,  4.37s/it]
Task 8, Epoch 25/50 => Loss 0.183, Train_accy 95.09, Test_accy 75.70:  50%|█████     | 25/50 [02:22<03:10,  7.60s/it]
Task 8, Epoch 26/50 => Loss 0.208, Train_accy 94.57:  50%|█████     | 25/50 [02:26<03:10,  7.60s/it]                 
Task 8, Epoch 26/50 => Loss 0.208, Train_accy 94.57:  52%|█████▏    | 26/50 [02:26<02:31,  6.32s/it]
Task 8, Epoch 27/50 => Loss 0.181, Train_accy 94.78:  52%|█████▏    | 26/50 [02:29<02:31,  6.32s/it]
Task 8, Epoch 27/50 => Loss 0.181, Train_accy 94.78:  54%|█████▍    | 27/50 [02:29<02:05,  5.47s/it]
Task 8, Epoch 28/50 => Loss 0.205, Train_accy 94.47:  54%|█████▍    | 27/50 [02:33<02:05,  5.47s/it]
Task 8, Epoch 28/50 => Loss 0.205, Train_accy 94.47:  56%|█████▌    | 28/50 [02:33<01:47,  4.88s/it]
Task 8, Epoch 29/50 => Loss 0.220, Train_accy 93.42:  56%|█████▌    | 28/50 [02:36<01:47,  4.88s/it]
Task 8, Epoch 29/50 => Loss 0.220, Train_accy 93.42:  58%|█████▊    | 29/50 [02:36<01:32,  4.41s/it]
Task 8, Epoch 30/50 => Loss 0.188, Train_accy 94.68, Test_accy 75.70:  58%|█████▊    | 29/50 [02:51<01:32,  4.41s/it]
Task 8, Epoch 30/50 => Loss 0.188, Train_accy 94.68, Test_accy 75.70:  60%|██████    | 30/50 [02:51<02:32,  7.64s/it]
Task 8, Epoch 31/50 => Loss 0.136, Train_accy 96.45:  60%|██████    | 30/50 [02:55<02:32,  7.64s/it]                 
Task 8, Epoch 31/50 => Loss 0.136, Train_accy 96.45:  62%|██████▏   | 31/50 [02:55<02:00,  6.35s/it]
Task 8, Epoch 32/50 => Loss 0.195, Train_accy 95.20:  62%|██████▏   | 31/50 [02:58<02:00,  6.35s/it]
Task 8, Epoch 32/50 => Loss 0.195, Train_accy 95.20:  64%|██████▍   | 32/50 [02:58<01:37,  5.44s/it]
Task 8, Epoch 33/50 => Loss 0.193, Train_accy 94.68:  64%|██████▍   | 32/50 [03:01<01:37,  5.44s/it]
Task 8, Epoch 33/50 => Loss 0.193, Train_accy 94.68:  66%|██████▌   | 33/50 [03:01<01:22,  4.83s/it]
Task 8, Epoch 34/50 => Loss 0.173, Train_accy 95.09:  66%|██████▌   | 33/50 [03:05<01:22,  4.83s/it]
Task 8, Epoch 34/50 => Loss 0.173, Train_accy 95.09:  68%|██████▊   | 34/50 [03:05<01:10,  4.39s/it]
Task 8, Epoch 35/50 => Loss 0.174, Train_accy 94.78, Test_accy 76.03:  68%|██████▊   | 34/50 [03:20<01:10,  4.39s/it]
Task 8, Epoch 35/50 => Loss 0.174, Train_accy 94.78, Test_accy 76.03:  70%|███████   | 35/50 [03:20<01:54,  7.65s/it]
Task 8, Epoch 36/50 => Loss 0.220, Train_accy 93.84:  70%|███████   | 35/50 [03:23<01:54,  7.65s/it]                 
Task 8, Epoch 36/50 => Loss 0.220, Train_accy 93.84:  72%|███████▏  | 36/50 [03:23<01:29,  6.37s/it]
Task 8, Epoch 37/50 => Loss 0.189, Train_accy 94.57:  72%|███████▏  | 36/50 [03:27<01:29,  6.37s/it]
Task 8, Epoch 37/50 => Loss 0.189, Train_accy 94.57:  74%|███████▍  | 37/50 [03:27<01:11,  5.46s/it]
Task 8, Epoch 38/50 => Loss 0.143, Train_accy 96.35:  74%|███████▍  | 37/50 [03:30<01:11,  5.46s/it]
Task 8, Epoch 38/50 => Loss 0.143, Train_accy 96.35:  76%|███████▌  | 38/50 [03:30<00:57,  4.81s/it]
Task 8, Epoch 39/50 => Loss 0.154, Train_accy 95.93:  76%|███████▌  | 38/50 [03:33<00:57,  4.81s/it]
Task 8, Epoch 39/50 => Loss 0.154, Train_accy 95.93:  78%|███████▊  | 39/50 [03:33<00:48,  4.37s/it]
Task 8, Epoch 40/50 => Loss 0.190, Train_accy 94.68, Test_accy 75.85:  78%|███████▊  | 39/50 [03:48<00:48,  4.37s/it]
Task 8, Epoch 40/50 => Loss 0.190, Train_accy 94.68, Test_accy 75.85:  80%|████████  | 40/50 [03:48<01:15,  7.57s/it]
Task 8, Epoch 41/50 => Loss 0.165, Train_accy 96.03:  80%|████████  | 40/50 [03:52<01:15,  7.57s/it]                 
Task 8, Epoch 41/50 => Loss 0.165, Train_accy 96.03:  82%|████████▏ | 41/50 [03:52<00:57,  6.34s/it]
Task 8, Epoch 42/50 => Loss 0.165, Train_accy 94.99:  82%|████████▏ | 41/50 [03:55<00:57,  6.34s/it]
Task 8, Epoch 42/50 => Loss 0.165, Train_accy 94.99:  84%|████████▍ | 42/50 [03:55<00:43,  5.44s/it]
Task 8, Epoch 43/50 => Loss 0.154, Train_accy 94.89:  84%|████████▍ | 42/50 [03:59<00:43,  5.44s/it]
Task 8, Epoch 43/50 => Loss 0.154, Train_accy 94.89:  86%|████████▌ | 43/50 [03:59<00:33,  4.83s/it]
Task 8, Epoch 44/50 => Loss 0.145, Train_accy 95.82:  86%|████████▌ | 43/50 [04:02<00:33,  4.83s/it]
Task 8, Epoch 44/50 => Loss 0.145, Train_accy 95.82:  88%|████████▊ | 44/50 [04:02<00:26,  4.39s/it]
Task 8, Epoch 45/50 => Loss 0.196, Train_accy 94.99, Test_accy 76.32:  88%|████████▊ | 44/50 [04:17<00:26,  4.39s/it]
Task 8, Epoch 45/50 => Loss 0.196, Train_accy 94.99, Test_accy 76.32:  90%|█████████ | 45/50 [04:17<00:38,  7.63s/it]
Task 8, Epoch 46/50 => Loss 0.190, Train_accy 94.57:  90%|█████████ | 45/50 [04:21<00:38,  7.63s/it]                 
Task 8, Epoch 46/50 => Loss 0.190, Train_accy 94.57:  92%|█████████▏| 46/50 [04:21<00:25,  6.36s/it]
Task 8, Epoch 47/50 => Loss 0.192, Train_accy 94.36:  92%|█████████▏| 46/50 [04:24<00:25,  6.36s/it]
Task 8, Epoch 47/50 => Loss 0.192, Train_accy 94.36:  94%|█████████▍| 47/50 [04:24<00:16,  5.45s/it]
Task 8, Epoch 48/50 => Loss 0.152, Train_accy 95.93:  94%|█████████▍| 47/50 [04:27<00:16,  5.45s/it]
Task 8, Epoch 48/50 => Loss 0.152, Train_accy 95.93:  96%|█████████▌| 48/50 [04:27<00:09,  4.83s/it]
Task 8, Epoch 49/50 => Loss 0.166, Train_accy 94.78:  96%|█████████▌| 48/50 [04:31<00:09,  4.83s/it]
Task 8, Epoch 49/50 => Loss 0.166, Train_accy 94.78:  98%|█████████▊| 49/50 [04:31<00:04,  4.43s/it]
Task 8, Epoch 50/50 => Loss 0.156, Train_accy 95.20, Test_accy 76.41:  98%|█████████▊| 49/50 [04:46<00:04,  4.43s/it]
Task 8, Epoch 50/50 => Loss 0.156, Train_accy 95.20, Test_accy 76.41: 100%|██████████| 50/50 [04:46<00:00,  7.69s/it]
Task 8, Epoch 50/50 => Loss 0.156, Train_accy 95.20, Test_accy 76.41: 100%|██████████| 50/50 [04:46<00:00,  5.73s/it]2025-02-06 14:11:56,393 [lae.py] => Task 8, Epoch 50/50 => Loss 0.156, Train_accy 95.20, Test_accy 76.41

2025-02-06 14:12:08,246 [trainer.py] => No NME accuracy.
2025-02-06 14:12:08,246 [trainer.py] => CNN: {'total': 76.41, '00-19': 75.3, '20-39': 76.33, '40-59': 79.36, '60-79': 79.35, '80-99': 78.07, '100-119': 67.54, '120-139': 75.11, '140-159': 76.4, '160-179': 79.75, 'old': 75.99, 'new': 79.75}
2025-02-06 14:12:08,246 [trainer.py] => CNN top1 curve: [97.17, 94.71, 89.88, 86.07, 84.26, 79.94, 79.34, 77.9, 76.41]
2025-02-06 14:12:08,246 [trainer.py] => CNN top5 curve: [100.0, 99.78, 99.26, 98.91, 98.82, 98.52, 98.11, 97.99, 97.51]

Average Accuracy (CNN): 85.08
2025-02-06 14:12:08,247 [trainer.py] => Average Accuracy (CNN): 85.08 

2025-02-06 14:12:08,248 [trainer.py] => All params: 86021616
2025-02-06 14:12:08,249 [trainer.py] => Trainable params: 180690
2025-02-06 14:12:08,252 [lae.py] => Learning on 180-200

  0%|          | 0/50 [00:00<?, ?it/s]
Task 9, Epoch 1/50 => Loss 3.336, Train_accy 9.87:   0%|          | 0/50 [00:03<?, ?it/s]
Task 9, Epoch 1/50 => Loss 3.336, Train_accy 9.87:   2%|▏         | 1/50 [00:03<02:42,  3.32s/it]
Task 9, Epoch 2/50 => Loss 1.981, Train_accy 42.44:   2%|▏         | 1/50 [00:06<02:42,  3.32s/it]
Task 9, Epoch 2/50 => Loss 1.981, Train_accy 42.44:   4%|▍         | 2/50 [00:06<02:40,  3.34s/it]
Task 9, Epoch 3/50 => Loss 1.191, Train_accy 70.69:   4%|▍         | 2/50 [00:09<02:40,  3.34s/it]
Task 9, Epoch 3/50 => Loss 1.191, Train_accy 70.69:   6%|▌         | 3/50 [00:09<02:36,  3.33s/it]
Task 9, Epoch 4/50 => Loss 0.753, Train_accy 83.19:   6%|▌         | 3/50 [00:13<02:36,  3.33s/it]
Task 9, Epoch 4/50 => Loss 0.753, Train_accy 83.19:   8%|▊         | 4/50 [00:13<02:34,  3.35s/it]
Task 9, Epoch 5/50 => Loss 0.570, Train_accy 86.87, Test_accy 70.74:   8%|▊         | 4/50 [00:29<02:34,  3.35s/it]
Task 9, Epoch 5/50 => Loss 0.570, Train_accy 86.87, Test_accy 70.74:  10%|█         | 5/50 [00:29<06:03,  8.08s/it]
Task 9, Epoch 6/50 => Loss 0.491, Train_accy 87.61:  10%|█         | 5/50 [00:33<06:03,  8.08s/it]                 
Task 9, Epoch 6/50 => Loss 0.491, Train_accy 87.61:  12%|█▏        | 6/50 [00:33<04:44,  6.47s/it]
Task 9, Epoch 7/50 => Loss 0.438, Train_accy 89.39:  12%|█▏        | 6/50 [00:36<04:44,  6.47s/it]
Task 9, Epoch 7/50 => Loss 0.438, Train_accy 89.39:  14%|█▍        | 7/50 [00:36<03:54,  5.45s/it]
Task 9, Epoch 8/50 => Loss 0.353, Train_accy 90.65:  14%|█▍        | 7/50 [00:39<03:54,  5.45s/it]
Task 9, Epoch 8/50 => Loss 0.353, Train_accy 90.65:  16%|█▌        | 8/50 [00:39<03:21,  4.80s/it]
Task 9, Epoch 9/50 => Loss 0.369, Train_accy 90.76:  16%|█▌        | 8/50 [00:43<03:21,  4.80s/it]
Task 9, Epoch 9/50 => Loss 0.369, Train_accy 90.76:  18%|█▊        | 9/50 [00:43<02:58,  4.35s/it]
Task 9, Epoch 10/50 => Loss 0.361, Train_accy 91.49, Test_accy 72.60:  18%|█▊        | 9/50 [00:59<02:58,  4.35s/it]
Task 9, Epoch 10/50 => Loss 0.361, Train_accy 91.49, Test_accy 72.60:  20%|██        | 10/50 [00:59<05:23,  8.08s/it]
Task 9, Epoch 11/50 => Loss 0.355, Train_accy 89.60:  20%|██        | 10/50 [01:03<05:23,  8.08s/it]                 
Task 9, Epoch 11/50 => Loss 0.355, Train_accy 89.60:  22%|██▏       | 11/50 [01:03<04:19,  6.66s/it]
Task 9, Epoch 12/50 => Loss 0.323, Train_accy 91.07:  22%|██▏       | 11/50 [01:06<04:19,  6.66s/it]
Task 9, Epoch 12/50 => Loss 0.323, Train_accy 91.07:  24%|██▍       | 12/50 [01:06<03:35,  5.66s/it]
Task 9, Epoch 13/50 => Loss 0.295, Train_accy 91.60:  24%|██▍       | 12/50 [01:09<03:35,  5.66s/it]
Task 9, Epoch 13/50 => Loss 0.295, Train_accy 91.60:  26%|██▌       | 13/50 [01:09<03:04,  4.98s/it]
Task 9, Epoch 14/50 => Loss 0.308, Train_accy 92.02:  26%|██▌       | 13/50 [01:13<03:04,  4.98s/it]
Task 9, Epoch 14/50 => Loss 0.308, Train_accy 92.02:  28%|██▊       | 14/50 [01:13<02:41,  4.49s/it]
Task 9, Epoch 15/50 => Loss 0.267, Train_accy 92.33, Test_accy 73.11:  28%|██▊       | 14/50 [01:29<02:41,  4.49s/it]
Task 9, Epoch 15/50 => Loss 0.267, Train_accy 92.33, Test_accy 73.11:  30%|███       | 15/50 [01:29<04:43,  8.10s/it]
Task 9, Epoch 16/50 => Loss 0.264, Train_accy 93.59:  30%|███       | 15/50 [01:33<04:43,  8.10s/it]                 
Task 9, Epoch 16/50 => Loss 0.264, Train_accy 93.59:  32%|███▏      | 16/50 [01:33<03:47,  6.68s/it]
Task 9, Epoch 17/50 => Loss 0.259, Train_accy 92.96:  32%|███▏      | 16/50 [01:36<03:47,  6.68s/it]
Task 9, Epoch 17/50 => Loss 0.259, Train_accy 92.96:  34%|███▍      | 17/50 [01:36<03:07,  5.68s/it]
Task 9, Epoch 18/50 => Loss 0.245, Train_accy 93.38:  34%|███▍      | 17/50 [01:39<03:07,  5.68s/it]
Task 9, Epoch 18/50 => Loss 0.245, Train_accy 93.38:  36%|███▌      | 18/50 [01:39<02:40,  5.00s/it]
Task 9, Epoch 19/50 => Loss 0.214, Train_accy 93.80:  36%|███▌      | 18/50 [01:43<02:40,  5.00s/it]
Task 9, Epoch 19/50 => Loss 0.214, Train_accy 93.80:  38%|███▊      | 19/50 [01:43<02:20,  4.52s/it]
Task 9, Epoch 20/50 => Loss 0.222, Train_accy 93.38, Test_accy 73.71:  38%|███▊      | 19/50 [01:59<02:20,  4.52s/it]
Task 9, Epoch 20/50 => Loss 0.222, Train_accy 93.38, Test_accy 73.71:  40%|████      | 20/50 [01:59<04:03,  8.11s/it]
Task 9, Epoch 21/50 => Loss 0.201, Train_accy 93.80:  40%|████      | 20/50 [02:03<04:03,  8.11s/it]                 
Task 9, Epoch 21/50 => Loss 0.201, Train_accy 93.80:  42%|████▏     | 21/50 [02:03<03:13,  6.68s/it]
Task 9, Epoch 22/50 => Loss 0.217, Train_accy 93.38:  42%|████▏     | 21/50 [02:06<03:13,  6.68s/it]
Task 9, Epoch 22/50 => Loss 0.217, Train_accy 93.38:  44%|████▍     | 22/50 [02:06<02:39,  5.69s/it]
Task 9, Epoch 23/50 => Loss 0.237, Train_accy 92.54:  44%|████▍     | 22/50 [02:09<02:39,  5.69s/it]
Task 9, Epoch 23/50 => Loss 0.237, Train_accy 92.54:  46%|████▌     | 23/50 [02:09<02:15,  5.01s/it]
Task 9, Epoch 24/50 => Loss 0.244, Train_accy 93.07:  46%|████▌     | 23/50 [02:13<02:15,  5.01s/it]
Task 9, Epoch 24/50 => Loss 0.244, Train_accy 93.07:  48%|████▊     | 24/50 [02:13<01:58,  4.54s/it]
Task 9, Epoch 25/50 => Loss 0.240, Train_accy 93.38, Test_accy 73.75:  48%|████▊     | 24/50 [02:29<01:58,  4.54s/it]
Task 9, Epoch 25/50 => Loss 0.240, Train_accy 93.38, Test_accy 73.75:  50%|█████     | 25/50 [02:29<03:23,  8.15s/it]
Task 9, Epoch 26/50 => Loss 0.208, Train_accy 93.91:  50%|█████     | 25/50 [02:33<03:23,  8.15s/it]                 
Task 9, Epoch 26/50 => Loss 0.208, Train_accy 93.91:  52%|█████▏    | 26/50 [02:33<02:41,  6.73s/it]
Task 9, Epoch 27/50 => Loss 0.182, Train_accy 94.96:  52%|█████▏    | 26/50 [02:36<02:41,  6.73s/it]
Task 9, Epoch 27/50 => Loss 0.182, Train_accy 94.96:  54%|█████▍    | 27/50 [02:36<02:11,  5.73s/it]
Task 9, Epoch 28/50 => Loss 0.220, Train_accy 93.70:  54%|█████▍    | 27/50 [02:40<02:11,  5.73s/it]
Task 9, Epoch 28/50 => Loss 0.220, Train_accy 93.70:  56%|█████▌    | 28/50 [02:40<01:50,  5.04s/it]
Task 9, Epoch 29/50 => Loss 0.192, Train_accy 93.70:  56%|█████▌    | 28/50 [02:43<01:50,  5.04s/it]
Task 9, Epoch 29/50 => Loss 0.192, Train_accy 93.70:  58%|█████▊    | 29/50 [02:43<01:35,  4.55s/it]
Task 9, Epoch 30/50 => Loss 0.250, Train_accy 92.44, Test_accy 73.71:  58%|█████▊    | 29/50 [03:00<01:35,  4.55s/it]
Task 9, Epoch 30/50 => Loss 0.250, Train_accy 92.44, Test_accy 73.71:  60%|██████    | 30/50 [03:00<02:43,  8.15s/it]
Task 9, Epoch 31/50 => Loss 0.169, Train_accy 94.22:  60%|██████    | 30/50 [03:03<02:43,  8.15s/it]                 
Task 9, Epoch 31/50 => Loss 0.169, Train_accy 94.22:  62%|██████▏   | 31/50 [03:03<02:08,  6.75s/it]
Task 9, Epoch 32/50 => Loss 0.205, Train_accy 94.64:  62%|██████▏   | 31/50 [03:07<02:08,  6.75s/it]
Task 9, Epoch 32/50 => Loss 0.205, Train_accy 94.64:  64%|██████▍   | 32/50 [03:07<01:43,  5.73s/it]
Task 9, Epoch 33/50 => Loss 0.208, Train_accy 93.59:  64%|██████▍   | 32/50 [03:10<01:43,  5.73s/it]
Task 9, Epoch 33/50 => Loss 0.208, Train_accy 93.59:  66%|██████▌   | 33/50 [03:10<01:25,  5.03s/it]
Task 9, Epoch 34/50 => Loss 0.166, Train_accy 94.85:  66%|██████▌   | 33/50 [03:13<01:25,  5.03s/it]
Task 9, Epoch 34/50 => Loss 0.166, Train_accy 94.85:  68%|██████▊   | 34/50 [03:13<01:12,  4.56s/it]
Task 9, Epoch 35/50 => Loss 0.203, Train_accy 94.54, Test_accy 73.58:  68%|██████▊   | 34/50 [03:30<01:12,  4.56s/it]
Task 9, Epoch 35/50 => Loss 0.203, Train_accy 94.54, Test_accy 73.58:  70%|███████   | 35/50 [03:30<02:01,  8.13s/it]
Task 9, Epoch 36/50 => Loss 0.181, Train_accy 95.38:  70%|███████   | 35/50 [03:33<02:01,  8.13s/it]                 
Task 9, Epoch 36/50 => Loss 0.181, Train_accy 95.38:  72%|███████▏  | 36/50 [03:33<01:33,  6.69s/it]
Task 9, Epoch 37/50 => Loss 0.213, Train_accy 93.49:  72%|███████▏  | 36/50 [03:37<01:33,  6.69s/it]
Task 9, Epoch 37/50 => Loss 0.213, Train_accy 93.49:  74%|███████▍  | 37/50 [03:37<01:13,  5.69s/it]
Task 9, Epoch 38/50 => Loss 0.174, Train_accy 94.54:  74%|███████▍  | 37/50 [03:40<01:13,  5.69s/it]
Task 9, Epoch 38/50 => Loss 0.174, Train_accy 94.54:  76%|███████▌  | 38/50 [03:40<00:59,  4.99s/it]
Task 9, Epoch 39/50 => Loss 0.177, Train_accy 94.33:  76%|███████▌  | 38/50 [03:43<00:59,  4.99s/it]
Task 9, Epoch 39/50 => Loss 0.177, Train_accy 94.33:  78%|███████▊  | 39/50 [03:43<00:49,  4.50s/it]
Task 9, Epoch 40/50 => Loss 0.152, Train_accy 95.48, Test_accy 73.71:  78%|███████▊  | 39/50 [04:00<00:49,  4.50s/it]
Task 9, Epoch 40/50 => Loss 0.152, Train_accy 95.48, Test_accy 73.71:  80%|████████  | 40/50 [04:00<01:20,  8.05s/it]
Task 9, Epoch 41/50 => Loss 0.206, Train_accy 93.70:  80%|████████  | 40/50 [04:03<01:20,  8.05s/it]                 
Task 9, Epoch 41/50 => Loss 0.206, Train_accy 93.70:  82%|████████▏ | 41/50 [04:03<00:59,  6.63s/it]
Task 9, Epoch 42/50 => Loss 0.177, Train_accy 94.96:  82%|████████▏ | 41/50 [04:06<00:59,  6.63s/it]
Task 9, Epoch 42/50 => Loss 0.177, Train_accy 94.96:  84%|████████▍ | 42/50 [04:06<00:45,  5.65s/it]
Task 9, Epoch 43/50 => Loss 0.162, Train_accy 94.64:  84%|████████▍ | 42/50 [04:10<00:45,  5.65s/it]
Task 9, Epoch 43/50 => Loss 0.162, Train_accy 94.64:  86%|████████▌ | 43/50 [04:10<00:34,  4.97s/it]
Task 9, Epoch 44/50 => Loss 0.162, Train_accy 94.64:  86%|████████▌ | 43/50 [04:13<00:34,  4.97s/it]
Task 9, Epoch 44/50 => Loss 0.162, Train_accy 94.64:  88%|████████▊ | 44/50 [04:13<00:26,  4.48s/it]
Task 9, Epoch 45/50 => Loss 0.143, Train_accy 95.38, Test_accy 73.49:  88%|████████▊ | 44/50 [04:29<00:26,  4.48s/it]
Task 9, Epoch 45/50 => Loss 0.143, Train_accy 95.38, Test_accy 73.49:  90%|█████████ | 45/50 [04:29<00:40,  8.03s/it]
Task 9, Epoch 46/50 => Loss 0.189, Train_accy 94.85:  90%|█████████ | 45/50 [04:33<00:40,  8.03s/it]                 
Task 9, Epoch 46/50 => Loss 0.189, Train_accy 94.85:  92%|█████████▏| 46/50 [04:33<00:26,  6.73s/it]
Task 9, Epoch 47/50 => Loss 0.197, Train_accy 93.91:  92%|█████████▏| 46/50 [04:36<00:26,  6.73s/it]
Task 9, Epoch 47/50 => Loss 0.197, Train_accy 93.91:  94%|█████████▍| 47/50 [04:36<00:17,  5.72s/it]
Task 9, Epoch 48/50 => Loss 0.161, Train_accy 94.43:  94%|█████████▍| 47/50 [04:40<00:17,  5.72s/it]
Task 9, Epoch 48/50 => Loss 0.161, Train_accy 94.43:  96%|█████████▌| 48/50 [04:40<00:10,  5.02s/it]
Task 9, Epoch 49/50 => Loss 0.189, Train_accy 93.70:  96%|█████████▌| 48/50 [04:43<00:10,  5.02s/it]
Task 9, Epoch 49/50 => Loss 0.189, Train_accy 93.70:  98%|█████████▊| 49/50 [04:43<00:04,  4.56s/it]
Task 9, Epoch 50/50 => Loss 0.178, Train_accy 95.17, Test_accy 73.41:  98%|█████████▊| 49/50 [04:59<00:04,  4.56s/it]
Task 9, Epoch 50/50 => Loss 0.178, Train_accy 95.17, Test_accy 73.41: 100%|██████████| 50/50 [04:59<00:00,  8.08s/it]
Task 9, Epoch 50/50 => Loss 0.178, Train_accy 95.17, Test_accy 73.41: 100%|██████████| 50/50 [04:59<00:00,  6.00s/it]2025-02-06 14:17:08,247 [lae.py] => Task 9, Epoch 50/50 => Loss 0.178, Train_accy 95.17, Test_accy 73.41

2025-02-06 14:17:21,315 [trainer.py] => No NME accuracy.
2025-02-06 14:17:21,315 [trainer.py] => CNN: {'total': 73.41, '00-19': 74.9, '20-39': 66.67, '40-59': 78.44, '60-79': 72.47, '80-99': 74.35, '100-119': 67.11, '120-139': 68.0, '140-159': 76.4, '160-179': 76.37, '180-199': 78.26, 'old': 72.89, 'new': 78.26}
2025-02-06 14:17:21,315 [trainer.py] => CNN top1 curve: [97.17, 94.71, 89.88, 86.07, 84.26, 79.94, 79.34, 77.9, 76.41, 73.41]
2025-02-06 14:17:21,315 [trainer.py] => CNN top5 curve: [100.0, 99.78, 99.26, 98.91, 98.82, 98.52, 98.11, 97.99, 97.51, 97.16]

Average Accuracy (CNN): 83.91
2025-02-06 14:17:21,316 [trainer.py] => Average Accuracy (CNN): 83.91 

Accuracy Matrix (CNN):
[[97.17 94.74 90.28 81.38 78.95 77.73 77.73 77.33 75.3  74.9 ]
 [ 0.   94.69 88.41 81.16 80.68 78.26 77.29 76.33 76.33 66.67]
 [ 0.    0.   90.83 88.53 88.53 84.4  83.03 80.73 79.36 78.44]
 [ 0.    0.    0.   92.71 91.5  87.45 85.83 83.4  79.35 72.47]
 [ 0.    0.    0.    0.   81.78 81.04 80.3  79.55 78.07 74.35]
 [ 0.    0.    0.    0.    0.   70.18 70.18 67.98 67.54 67.11]
 [ 0.    0.    0.    0.    0.    0.   80.44 79.56 75.11 68.  ]
 [ 0.    0.    0.    0.    0.    0.    0.   77.6  76.4  76.4 ]
 [ 0.    0.    0.    0.    0.    0.    0.    0.   79.75 76.37]
 [ 0.    0.    0.    0.    0.    0.    0.    0.    0.   78.26]]
2025-02-06 14:17:21,318 [trainer.py] => Forgetting (CNN): 12.271111111111109
2025-02-06 14:17:23,339 [trainer.py] => config: ./scripts/lae/lae_cub_B0_Inc20.json
2025-02-06 14:17:23,339 [trainer.py] => prefix:  
2025-02-06 14:17:23,339 [trainer.py] => dataset: cub
2025-02-06 14:17:23,339 [trainer.py] => memory_size: 0
2025-02-06 14:17:23,339 [trainer.py] => memory_per_class: 0
2025-02-06 14:17:23,339 [trainer.py] => fixed_memory: False
2025-02-06 14:17:23,339 [trainer.py] => shuffle: True
2025-02-06 14:17:23,339 [trainer.py] => init_cls: 10
2025-02-06 14:17:23,339 [trainer.py] => increment: 10
2025-02-06 14:17:23,339 [trainer.py] => model_name: lae
2025-02-06 14:17:23,339 [trainer.py] => backbone_type: vit_base_patch16_224_in21k_lae
2025-02-06 14:17:23,339 [trainer.py] => device: [device(type='cuda', index=4)]
2025-02-06 14:17:23,339 [trainer.py] => seed: 1993
2025-02-06 14:17:23,339 [trainer.py] => tuned_epoch: 50
2025-02-06 14:17:23,339 [trainer.py] => init_lr: 0.00046875
2025-02-06 14:17:23,339 [trainer.py] => batch_size: 128
2025-02-06 14:17:23,339 [trainer.py] => weight_decay: 0
2025-02-06 14:17:23,339 [trainer.py] => min_lr: 1e-05
2025-02-06 14:17:23,339 [trainer.py] => optimizer: adam
2025-02-06 14:17:23,339 [trainer.py] => scheduler: constant
2025-02-06 14:17:23,339 [trainer.py] => reinit_optimizer: True
2025-02-06 14:17:23,339 [trainer.py] => pretrained: True
2025-02-06 14:17:23,339 [trainer.py] => drop: 0.0
2025-02-06 14:17:23,339 [trainer.py] => drop_path: 0.0
2025-02-06 14:17:23,339 [trainer.py] => ema_decay: 0.9999
2025-02-06 14:17:23,339 [trainer.py] => num_freeze_epochs: 30
2025-02-06 14:17:23,340 [trainer.py] => pet_cls: Adapter
2025-02-06 14:17:23,340 [trainer.py] => pet_length: 10
2025-02-06 14:17:23,340 [trainer.py] => down_sample_dim: 5
2025-02-06 14:17:23,379 [data_manager.py] => [168, 136, 51, 9, 183, 101, 171, 99, 42, 159, 191, 70, 16, 188, 27, 10, 175, 26, 68, 187, 98, 6, 85, 35, 112, 43, 100, 0, 103, 181, 88, 59, 4, 2, 116, 174, 94, 80, 106, 1, 147, 17, 141, 131, 72, 23, 173, 54, 197, 118, 87, 32, 79, 104, 91, 19, 135, 107, 178, 36, 11, 199, 142, 8, 122, 3, 28, 57, 153, 172, 190, 56, 49, 44, 97, 62, 151, 169, 194, 55, 192, 12, 189, 78, 66, 180, 15, 137, 109, 134, 92, 119, 126, 52, 170, 40, 148, 65, 144, 64, 138, 45, 77, 89, 154, 90, 71, 193, 74, 30, 113, 143, 96, 84, 67, 50, 186, 156, 69, 21, 18, 111, 108, 58, 125, 157, 150, 110, 182, 129, 166, 83, 81, 60, 13, 165, 14, 176, 63, 117, 5, 22, 145, 121, 38, 41, 82, 127, 114, 20, 31, 53, 37, 163, 196, 130, 152, 162, 86, 76, 24, 34, 184, 149, 33, 128, 198, 155, 146, 167, 139, 120, 140, 102, 47, 25, 158, 123, 46, 164, 61, 7, 115, 75, 133, 160, 105, 132, 179, 124, 48, 73, 93, 39, 95, 195, 29, 177, 185, 161]
2025-02-06 14:17:25,436 [lae.py] => 85,840,926 model total parameters.
2025-02-06 14:17:25,437 [lae.py] => 0 model training parameters.
2025-02-06 14:17:25,438 [trainer.py] => All params: 85883196
2025-02-06 14:17:25,438 [trainer.py] => Trainable params: 0
2025-02-06 14:17:25,438 [lae.py] => Learning on 0-10

  0%|          | 0/50 [00:00<?, ?it/s]
Task 0, Epoch 1/50 => Loss 2.946, Train_accy 21.71:   0%|          | 0/50 [00:02<?, ?it/s]
Task 0, Epoch 1/50 => Loss 2.946, Train_accy 21.71:   2%|▏         | 1/50 [00:02<01:51,  2.28s/it]
Task 0, Epoch 2/50 => Loss 2.087, Train_accy 39.67:   2%|▏         | 1/50 [00:04<01:51,  2.28s/it]
Task 0, Epoch 2/50 => Loss 2.087, Train_accy 39.67:   4%|▍         | 2/50 [00:04<01:42,  2.13s/it]
Task 0, Epoch 3/50 => Loss 1.482, Train_accy 52.40:   4%|▍         | 2/50 [00:06<01:42,  2.13s/it]
Task 0, Epoch 3/50 => Loss 1.482, Train_accy 52.40:   6%|▌         | 3/50 [00:06<01:38,  2.09s/it]
Task 0, Epoch 4/50 => Loss 1.147, Train_accy 66.18:   6%|▌         | 3/50 [00:08<01:38,  2.09s/it]
Task 0, Epoch 4/50 => Loss 1.147, Train_accy 66.18:   8%|▊         | 4/50 [00:08<01:34,  2.06s/it]
Task 0, Epoch 5/50 => Loss 0.821, Train_accy 74.95, Test_accy 87.29:   8%|▊         | 4/50 [00:11<01:34,  2.06s/it]
Task 0, Epoch 5/50 => Loss 0.821, Train_accy 74.95, Test_accy 87.29:  10%|█         | 5/50 [00:11<01:57,  2.61s/it]
Task 0, Epoch 6/50 => Loss 0.597, Train_accy 83.51:  10%|█         | 5/50 [00:13<01:57,  2.61s/it]                 
Task 0, Epoch 6/50 => Loss 0.597, Train_accy 83.51:  12%|█▏        | 6/50 [00:13<01:46,  2.41s/it]
Task 0, Epoch 7/50 => Loss 0.497, Train_accy 89.35:  12%|█▏        | 6/50 [00:16<01:46,  2.41s/it]
Task 0, Epoch 7/50 => Loss 0.497, Train_accy 89.35:  14%|█▍        | 7/50 [00:16<01:38,  2.30s/it]
Task 0, Epoch 8/50 => Loss 0.418, Train_accy 88.10:  14%|█▍        | 7/50 [00:18<01:38,  2.30s/it]
Task 0, Epoch 8/50 => Loss 0.418, Train_accy 88.10:  16%|█▌        | 8/50 [00:18<01:33,  2.23s/it]
Task 0, Epoch 9/50 => Loss 0.400, Train_accy 89.14:  16%|█▌        | 8/50 [00:20<01:33,  2.23s/it]
Task 0, Epoch 9/50 => Loss 0.400, Train_accy 89.14:  18%|█▊        | 9/50 [00:20<01:29,  2.18s/it]
Task 0, Epoch 10/50 => Loss 0.320, Train_accy 91.65, Test_accy 96.61:  18%|█▊        | 9/50 [00:23<01:29,  2.18s/it]
Task 0, Epoch 10/50 => Loss 0.320, Train_accy 91.65, Test_accy 96.61:  20%|██        | 10/50 [00:23<01:45,  2.63s/it]
Task 0, Epoch 11/50 => Loss 0.299, Train_accy 90.81:  20%|██        | 10/50 [00:25<01:45,  2.63s/it]                 
Task 0, Epoch 11/50 => Loss 0.299, Train_accy 90.81:  22%|██▏       | 11/50 [00:25<01:35,  2.45s/it]
Task 0, Epoch 12/50 => Loss 0.294, Train_accy 92.48:  22%|██▏       | 11/50 [00:27<01:35,  2.45s/it]
Task 0, Epoch 12/50 => Loss 0.294, Train_accy 92.48:  24%|██▍       | 12/50 [00:27<01:28,  2.33s/it]
Task 0, Epoch 13/50 => Loss 0.255, Train_accy 92.69:  24%|██▍       | 12/50 [00:30<01:28,  2.33s/it]
Task 0, Epoch 13/50 => Loss 0.255, Train_accy 92.69:  26%|██▌       | 13/50 [00:30<01:23,  2.26s/it]
Task 0, Epoch 14/50 => Loss 0.234, Train_accy 92.90:  26%|██▌       | 13/50 [00:32<01:23,  2.26s/it]
Task 0, Epoch 14/50 => Loss 0.234, Train_accy 92.90:  28%|██▊       | 14/50 [00:32<01:19,  2.20s/it]
Task 0, Epoch 15/50 => Loss 0.214, Train_accy 93.32, Test_accy 98.31:  28%|██▊       | 14/50 [00:35<01:19,  2.20s/it]
Task 0, Epoch 15/50 => Loss 0.214, Train_accy 93.32, Test_accy 98.31:  30%|███       | 15/50 [00:35<01:32,  2.65s/it]
Task 0, Epoch 16/50 => Loss 0.270, Train_accy 92.69:  30%|███       | 15/50 [00:37<01:32,  2.65s/it]                 
Task 0, Epoch 16/50 => Loss 0.270, Train_accy 92.69:  32%|███▏      | 16/50 [00:37<01:23,  2.47s/it]
Task 0, Epoch 17/50 => Loss 0.219, Train_accy 92.69:  32%|███▏      | 16/50 [00:39<01:23,  2.47s/it]
Task 0, Epoch 17/50 => Loss 0.219, Train_accy 92.69:  34%|███▍      | 17/50 [00:39<01:16,  2.33s/it]
Task 0, Epoch 18/50 => Loss 0.288, Train_accy 89.98:  34%|███▍      | 17/50 [00:41<01:16,  2.33s/it]
Task 0, Epoch 18/50 => Loss 0.288, Train_accy 89.98:  36%|███▌      | 18/50 [00:41<01:11,  2.24s/it]
Task 0, Epoch 19/50 => Loss 0.183, Train_accy 94.99:  36%|███▌      | 18/50 [00:43<01:11,  2.24s/it]
Task 0, Epoch 19/50 => Loss 0.183, Train_accy 94.99:  38%|███▊      | 19/50 [00:43<01:07,  2.18s/it]
Task 0, Epoch 20/50 => Loss 0.225, Train_accy 93.95, Test_accy 99.15:  38%|███▊      | 19/50 [00:47<01:07,  2.18s/it]
Task 0, Epoch 20/50 => Loss 0.225, Train_accy 93.95, Test_accy 99.15:  40%|████      | 20/50 [00:47<01:18,  2.62s/it]
Task 0, Epoch 21/50 => Loss 0.216, Train_accy 93.53:  40%|████      | 20/50 [00:49<01:18,  2.62s/it]                 
Task 0, Epoch 21/50 => Loss 0.216, Train_accy 93.53:  42%|████▏     | 21/50 [00:49<01:11,  2.45s/it]
Task 0, Epoch 22/50 => Loss 0.178, Train_accy 95.41:  42%|████▏     | 21/50 [00:51<01:11,  2.45s/it]
Task 0, Epoch 22/50 => Loss 0.178, Train_accy 95.41:  44%|████▍     | 22/50 [00:51<01:05,  2.34s/it]
Task 0, Epoch 23/50 => Loss 0.181, Train_accy 94.36:  44%|████▍     | 22/50 [00:53<01:05,  2.34s/it]
Task 0, Epoch 23/50 => Loss 0.181, Train_accy 94.36:  46%|████▌     | 23/50 [00:53<01:00,  2.25s/it]
Task 0, Epoch 24/50 => Loss 0.210, Train_accy 93.53:  46%|████▌     | 23/50 [00:55<01:00,  2.25s/it]
Task 0, Epoch 24/50 => Loss 0.210, Train_accy 93.53:  48%|████▊     | 24/50 [00:55<00:57,  2.20s/it]
Task 0, Epoch 25/50 => Loss 0.167, Train_accy 94.15, Test_accy 99.15:  48%|████▊     | 24/50 [00:59<00:57,  2.20s/it]
Task 0, Epoch 25/50 => Loss 0.167, Train_accy 94.15, Test_accy 99.15:  50%|█████     | 25/50 [00:59<01:05,  2.63s/it]
Task 0, Epoch 26/50 => Loss 0.179, Train_accy 94.36:  50%|█████     | 25/50 [01:01<01:05,  2.63s/it]                 
Task 0, Epoch 26/50 => Loss 0.179, Train_accy 94.36:  52%|█████▏    | 26/50 [01:01<00:58,  2.46s/it]
Task 0, Epoch 27/50 => Loss 0.187, Train_accy 93.95:  52%|█████▏    | 26/50 [01:03<00:58,  2.46s/it]
Task 0, Epoch 27/50 => Loss 0.187, Train_accy 93.95:  54%|█████▍    | 27/50 [01:03<00:53,  2.34s/it]
Task 0, Epoch 28/50 => Loss 0.255, Train_accy 92.69:  54%|█████▍    | 27/50 [01:05<00:53,  2.34s/it]
Task 0, Epoch 28/50 => Loss 0.255, Train_accy 92.69:  56%|█████▌    | 28/50 [01:05<00:49,  2.25s/it]
Task 0, Epoch 29/50 => Loss 0.212, Train_accy 93.74:  56%|█████▌    | 28/50 [01:07<00:49,  2.25s/it]
Task 0, Epoch 29/50 => Loss 0.212, Train_accy 93.74:  58%|█████▊    | 29/50 [01:07<00:46,  2.20s/it]
Task 0, Epoch 30/50 => Loss 0.165, Train_accy 94.57, Test_accy 99.15:  58%|█████▊    | 29/50 [01:11<00:46,  2.20s/it]
Task 0, Epoch 30/50 => Loss 0.165, Train_accy 94.57, Test_accy 99.15:  60%|██████    | 30/50 [01:11<00:52,  2.63s/it]
Task 0, Epoch 31/50 => Loss 0.202, Train_accy 93.32:  60%|██████    | 30/50 [01:13<00:52,  2.63s/it]                 
Task 0, Epoch 31/50 => Loss 0.202, Train_accy 93.32:  62%|██████▏   | 31/50 [01:13<00:46,  2.45s/it]
Task 0, Epoch 32/50 => Loss 0.196, Train_accy 93.95:  62%|██████▏   | 31/50 [01:15<00:46,  2.45s/it]
Task 0, Epoch 32/50 => Loss 0.196, Train_accy 93.95:  64%|██████▍   | 32/50 [01:15<00:41,  2.33s/it]
Task 0, Epoch 33/50 => Loss 0.173, Train_accy 94.36:  64%|██████▍   | 32/50 [01:17<00:41,  2.33s/it]
Task 0, Epoch 33/50 => Loss 0.173, Train_accy 94.36:  66%|██████▌   | 33/50 [01:17<00:38,  2.25s/it]
Task 0, Epoch 34/50 => Loss 0.147, Train_accy 96.66:  66%|██████▌   | 33/50 [01:19<00:38,  2.25s/it]
Task 0, Epoch 34/50 => Loss 0.147, Train_accy 96.66:  68%|██████▊   | 34/50 [01:19<00:35,  2.19s/it]
Task 0, Epoch 35/50 => Loss 0.147, Train_accy 94.36, Test_accy 99.15:  68%|██████▊   | 34/50 [01:23<00:35,  2.19s/it]
Task 0, Epoch 35/50 => Loss 0.147, Train_accy 94.36, Test_accy 99.15:  70%|███████   | 35/50 [01:23<00:39,  2.62s/it]
Task 0, Epoch 36/50 => Loss 0.130, Train_accy 96.24:  70%|███████   | 35/50 [01:25<00:39,  2.62s/it]                 
Task 0, Epoch 36/50 => Loss 0.130, Train_accy 96.24:  72%|███████▏  | 36/50 [01:25<00:34,  2.45s/it]
Task 0, Epoch 37/50 => Loss 0.165, Train_accy 94.99:  72%|███████▏  | 36/50 [01:27<00:34,  2.45s/it]
Task 0, Epoch 37/50 => Loss 0.165, Train_accy 94.99:  74%|███████▍  | 37/50 [01:27<00:30,  2.33s/it]
Task 0, Epoch 38/50 => Loss 0.194, Train_accy 93.74:  74%|███████▍  | 37/50 [01:29<00:30,  2.33s/it]
Task 0, Epoch 38/50 => Loss 0.194, Train_accy 93.74:  76%|███████▌  | 38/50 [01:29<00:26,  2.24s/it]
Task 0, Epoch 39/50 => Loss 0.138, Train_accy 95.82:  76%|███████▌  | 38/50 [01:31<00:26,  2.24s/it]
Task 0, Epoch 39/50 => Loss 0.138, Train_accy 95.82:  78%|███████▊  | 39/50 [01:31<00:24,  2.19s/it]
Task 0, Epoch 40/50 => Loss 0.142, Train_accy 94.99, Test_accy 99.15:  78%|███████▊  | 39/50 [01:35<00:24,  2.19s/it]
Task 0, Epoch 40/50 => Loss 0.142, Train_accy 94.99, Test_accy 99.15:  80%|████████  | 40/50 [01:35<00:26,  2.63s/it]
Task 0, Epoch 41/50 => Loss 0.157, Train_accy 94.99:  80%|████████  | 40/50 [01:37<00:26,  2.63s/it]                 
Task 0, Epoch 41/50 => Loss 0.157, Train_accy 94.99:  82%|████████▏ | 41/50 [01:37<00:22,  2.46s/it]
Task 0, Epoch 42/50 => Loss 0.155, Train_accy 95.62:  82%|████████▏ | 41/50 [01:39<00:22,  2.46s/it]
Task 0, Epoch 42/50 => Loss 0.155, Train_accy 95.62:  84%|████████▍ | 42/50 [01:39<00:18,  2.33s/it]
Task 0, Epoch 43/50 => Loss 0.100, Train_accy 96.87:  84%|████████▍ | 42/50 [01:41<00:18,  2.33s/it]
Task 0, Epoch 43/50 => Loss 0.100, Train_accy 96.87:  86%|████████▌ | 43/50 [01:41<00:15,  2.23s/it]
Task 0, Epoch 44/50 => Loss 0.110, Train_accy 96.87:  86%|████████▌ | 43/50 [01:43<00:15,  2.23s/it]
Task 0, Epoch 44/50 => Loss 0.110, Train_accy 96.87:  88%|████████▊ | 44/50 [01:43<00:13,  2.18s/it]
Task 0, Epoch 45/50 => Loss 0.104, Train_accy 97.29, Test_accy 99.15:  88%|████████▊ | 44/50 [01:46<00:13,  2.18s/it]
Task 0, Epoch 45/50 => Loss 0.104, Train_accy 97.29, Test_accy 99.15:  90%|█████████ | 45/50 [01:46<00:13,  2.62s/it]
Task 0, Epoch 46/50 => Loss 0.107, Train_accy 96.87:  90%|█████████ | 45/50 [01:48<00:13,  2.62s/it]                 
Task 0, Epoch 46/50 => Loss 0.107, Train_accy 96.87:  92%|█████████▏| 46/50 [01:48<00:09,  2.44s/it]
Task 0, Epoch 47/50 => Loss 0.119, Train_accy 96.24:  92%|█████████▏| 46/50 [01:50<00:09,  2.44s/it]
Task 0, Epoch 47/50 => Loss 0.119, Train_accy 96.24:  94%|█████████▍| 47/50 [01:50<00:06,  2.32s/it]
Task 0, Epoch 48/50 => Loss 0.132, Train_accy 95.62:  94%|█████████▍| 47/50 [01:52<00:06,  2.32s/it]
Task 0, Epoch 48/50 => Loss 0.132, Train_accy 95.62:  96%|█████████▌| 48/50 [01:52<00:04,  2.22s/it]
Task 0, Epoch 49/50 => Loss 0.122, Train_accy 95.82:  96%|█████████▌| 48/50 [01:54<00:04,  2.22s/it]
Task 0, Epoch 49/50 => Loss 0.122, Train_accy 95.82:  98%|█████████▊| 49/50 [01:54<00:02,  2.16s/it]
Task 0, Epoch 50/50 => Loss 0.096, Train_accy 96.87, Test_accy 99.15:  98%|█████████▊| 49/50 [01:58<00:02,  2.16s/it]
Task 0, Epoch 50/50 => Loss 0.096, Train_accy 96.87, Test_accy 99.15: 100%|██████████| 50/50 [01:58<00:00,  2.60s/it]
Task 0, Epoch 50/50 => Loss 0.096, Train_accy 96.87, Test_accy 99.15: 100%|██████████| 50/50 [01:58<00:00,  2.37s/it]2025-02-06 14:19:24,363 [lae.py] => Task 0, Epoch 50/50 => Loss 0.096, Train_accy 96.87, Test_accy 99.15

2025-02-06 14:19:25,951 [trainer.py] => No NME accuracy.
2025-02-06 14:19:25,951 [trainer.py] => CNN: {'total': 99.15, '00-09': 99.15, 'old': 0, 'new': 99.15}
2025-02-06 14:19:25,951 [trainer.py] => CNN top1 curve: [99.15]
2025-02-06 14:19:25,951 [trainer.py] => CNN top5 curve: [100.0]

Average Accuracy (CNN): 99.15
2025-02-06 14:19:25,951 [trainer.py] => Average Accuracy (CNN): 99.15 

2025-02-06 14:19:25,953 [trainer.py] => All params: 85890886
2025-02-06 14:19:25,954 [trainer.py] => Trainable params: 49960
2025-02-06 14:19:25,955 [lae.py] => Learning on 10-20

  0%|          | 0/50 [00:00<?, ?it/s]
Task 1, Epoch 1/50 => Loss 3.072, Train_accy 15.42:   0%|          | 0/50 [00:02<?, ?it/s]
Task 1, Epoch 1/50 => Loss 3.072, Train_accy 15.42:   2%|▏         | 1/50 [00:02<01:41,  2.07s/it]
Task 1, Epoch 2/50 => Loss 2.218, Train_accy 26.77:   2%|▏         | 1/50 [00:04<01:41,  2.07s/it]
Task 1, Epoch 2/50 => Loss 2.218, Train_accy 26.77:   4%|▍         | 2/50 [00:04<01:39,  2.06s/it]
Task 1, Epoch 3/50 => Loss 1.527, Train_accy 48.61:   4%|▍         | 2/50 [00:06<01:39,  2.06s/it]
Task 1, Epoch 3/50 => Loss 1.527, Train_accy 48.61:   6%|▌         | 3/50 [00:06<01:39,  2.11s/it]
Task 1, Epoch 4/50 => Loss 1.130, Train_accy 64.67:   6%|▌         | 3/50 [00:08<01:39,  2.11s/it]
Task 1, Epoch 4/50 => Loss 1.130, Train_accy 64.67:   8%|▊         | 4/50 [00:08<01:35,  2.08s/it]
Task 1, Epoch 5/50 => Loss 0.847, Train_accy 75.59, Test_accy 74.90:   8%|▊         | 4/50 [00:12<01:35,  2.08s/it]
Task 1, Epoch 5/50 => Loss 0.847, Train_accy 75.59, Test_accy 74.90:  10%|█         | 5/50 [00:12<02:09,  2.88s/it]
Task 1, Epoch 6/50 => Loss 0.656, Train_accy 80.09:  10%|█         | 5/50 [00:14<02:09,  2.88s/it]                 
Task 1, Epoch 6/50 => Loss 0.656, Train_accy 80.09:  12%|█▏        | 6/50 [00:14<01:56,  2.64s/it]
Task 1, Epoch 7/50 => Loss 0.552, Train_accy 82.66:  12%|█▏        | 6/50 [00:16<01:56,  2.64s/it]
Task 1, Epoch 7/50 => Loss 0.552, Train_accy 82.66:  14%|█▍        | 7/50 [00:16<01:46,  2.48s/it]
Task 1, Epoch 8/50 => Loss 0.526, Train_accy 84.37:  14%|█▍        | 7/50 [00:19<01:46,  2.48s/it]
Task 1, Epoch 8/50 => Loss 0.526, Train_accy 84.37:  16%|█▌        | 8/50 [00:19<01:38,  2.35s/it]
Task 1, Epoch 9/50 => Loss 0.405, Train_accy 90.15:  16%|█▌        | 8/50 [00:21<01:38,  2.35s/it]
Task 1, Epoch 9/50 => Loss 0.405, Train_accy 90.15:  18%|█▊        | 9/50 [00:21<01:32,  2.26s/it]
Task 1, Epoch 10/50 => Loss 0.442, Train_accy 86.30, Test_accy 89.47:  18%|█▊        | 9/50 [00:25<01:32,  2.26s/it]
Task 1, Epoch 10/50 => Loss 0.442, Train_accy 86.30, Test_accy 89.47:  20%|██        | 10/50 [00:25<01:55,  2.89s/it]
Task 1, Epoch 11/50 => Loss 0.386, Train_accy 89.29:  20%|██        | 10/50 [00:27<01:55,  2.89s/it]                 
Task 1, Epoch 11/50 => Loss 0.386, Train_accy 89.29:  22%|██▏       | 11/50 [00:27<01:43,  2.65s/it]
Task 1, Epoch 12/50 => Loss 0.401, Train_accy 88.87:  22%|██▏       | 11/50 [00:29<01:43,  2.65s/it]
Task 1, Epoch 12/50 => Loss 0.401, Train_accy 88.87:  24%|██▍       | 12/50 [00:29<01:34,  2.48s/it]
Task 1, Epoch 13/50 => Loss 0.254, Train_accy 94.22:  24%|██▍       | 12/50 [00:31<01:34,  2.48s/it]
Task 1, Epoch 13/50 => Loss 0.254, Train_accy 94.22:  26%|██▌       | 13/50 [00:31<01:26,  2.34s/it]
Task 1, Epoch 14/50 => Loss 0.314, Train_accy 91.86:  26%|██▌       | 13/50 [00:33<01:26,  2.34s/it]
Task 1, Epoch 14/50 => Loss 0.314, Train_accy 91.86:  28%|██▊       | 14/50 [00:33<01:21,  2.27s/it]
Task 1, Epoch 15/50 => Loss 0.238, Train_accy 92.93, Test_accy 93.12:  28%|██▊       | 14/50 [00:37<01:21,  2.27s/it]
Task 1, Epoch 15/50 => Loss 0.238, Train_accy 92.93, Test_accy 93.12:  30%|███       | 15/50 [00:37<01:40,  2.86s/it]
Task 1, Epoch 16/50 => Loss 0.284, Train_accy 92.51:  30%|███       | 15/50 [00:40<01:40,  2.86s/it]                 
Task 1, Epoch 16/50 => Loss 0.284, Train_accy 92.51:  32%|███▏      | 16/50 [00:40<01:29,  2.63s/it]
Task 1, Epoch 17/50 => Loss 0.190, Train_accy 94.86:  32%|███▏      | 16/50 [00:42<01:29,  2.63s/it]
Task 1, Epoch 17/50 => Loss 0.190, Train_accy 94.86:  34%|███▍      | 17/50 [00:42<01:20,  2.44s/it]
Task 1, Epoch 18/50 => Loss 0.197, Train_accy 94.86:  34%|███▍      | 17/50 [00:44<01:20,  2.44s/it]
Task 1, Epoch 18/50 => Loss 0.197, Train_accy 94.86:  36%|███▌      | 18/50 [00:44<01:14,  2.32s/it]
Task 1, Epoch 19/50 => Loss 0.183, Train_accy 94.86:  36%|███▌      | 18/50 [00:46<01:14,  2.32s/it]
Task 1, Epoch 19/50 => Loss 0.183, Train_accy 94.86:  38%|███▊      | 19/50 [00:46<01:09,  2.26s/it]
Task 1, Epoch 20/50 => Loss 0.198, Train_accy 94.65, Test_accy 93.52:  38%|███▊      | 19/50 [00:50<01:09,  2.26s/it]
Task 1, Epoch 20/50 => Loss 0.198, Train_accy 94.65, Test_accy 93.52:  40%|████      | 20/50 [00:50<01:26,  2.88s/it]
Task 1, Epoch 21/50 => Loss 0.206, Train_accy 93.79:  40%|████      | 20/50 [00:52<01:26,  2.88s/it]                 
Task 1, Epoch 21/50 => Loss 0.206, Train_accy 93.79:  42%|████▏     | 21/50 [00:52<01:16,  2.64s/it]
Task 1, Epoch 22/50 => Loss 0.282, Train_accy 93.36:  42%|████▏     | 21/50 [00:54<01:16,  2.64s/it]
Task 1, Epoch 22/50 => Loss 0.282, Train_accy 93.36:  44%|████▍     | 22/50 [00:54<01:08,  2.46s/it]
Task 1, Epoch 23/50 => Loss 0.204, Train_accy 93.58:  44%|████▍     | 22/50 [00:56<01:08,  2.46s/it]
Task 1, Epoch 23/50 => Loss 0.204, Train_accy 93.58:  46%|████▌     | 23/50 [00:56<01:03,  2.35s/it]
Task 1, Epoch 24/50 => Loss 0.190, Train_accy 93.79:  46%|████▌     | 23/50 [00:58<01:03,  2.35s/it]
Task 1, Epoch 24/50 => Loss 0.190, Train_accy 93.79:  48%|████▊     | 24/50 [00:58<00:58,  2.27s/it]
Task 1, Epoch 25/50 => Loss 0.234, Train_accy 92.72, Test_accy 94.33:  48%|████▊     | 24/50 [01:03<00:58,  2.27s/it]
Task 1, Epoch 25/50 => Loss 0.234, Train_accy 92.72, Test_accy 94.33:  50%|█████     | 25/50 [01:03<01:12,  2.90s/it]
Task 1, Epoch 26/50 => Loss 0.180, Train_accy 94.65:  50%|█████     | 25/50 [01:05<01:12,  2.90s/it]                 
Task 1, Epoch 26/50 => Loss 0.180, Train_accy 94.65:  52%|█████▏    | 26/50 [01:05<01:03,  2.65s/it]
Task 1, Epoch 27/50 => Loss 0.161, Train_accy 96.36:  52%|█████▏    | 26/50 [01:07<01:03,  2.65s/it]
Task 1, Epoch 27/50 => Loss 0.161, Train_accy 96.36:  54%|█████▍    | 27/50 [01:07<00:56,  2.48s/it]
Task 1, Epoch 28/50 => Loss 0.180, Train_accy 94.22:  54%|█████▍    | 27/50 [01:09<00:56,  2.48s/it]
Task 1, Epoch 28/50 => Loss 0.180, Train_accy 94.22:  56%|█████▌    | 28/50 [01:09<00:51,  2.35s/it]
Task 1, Epoch 29/50 => Loss 0.156, Train_accy 95.72:  56%|█████▌    | 28/50 [01:11<00:51,  2.35s/it]
Task 1, Epoch 29/50 => Loss 0.156, Train_accy 95.72:  58%|█████▊    | 29/50 [01:11<00:47,  2.27s/it]
Task 1, Epoch 30/50 => Loss 0.162, Train_accy 95.93, Test_accy 94.33:  58%|█████▊    | 29/50 [01:15<00:47,  2.27s/it]
Task 1, Epoch 30/50 => Loss 0.162, Train_accy 95.93, Test_accy 94.33:  60%|██████    | 30/50 [01:15<00:57,  2.89s/it]
Task 1, Epoch 31/50 => Loss 0.175, Train_accy 96.15:  60%|██████    | 30/50 [01:17<00:57,  2.89s/it]                 
Task 1, Epoch 31/50 => Loss 0.175, Train_accy 96.15:  62%|██████▏   | 31/50 [01:17<00:50,  2.65s/it]
Task 1, Epoch 32/50 => Loss 0.177, Train_accy 95.29:  62%|██████▏   | 31/50 [01:19<00:50,  2.65s/it]
Task 1, Epoch 32/50 => Loss 0.177, Train_accy 95.29:  64%|██████▍   | 32/50 [01:19<00:44,  2.47s/it]
Task 1, Epoch 33/50 => Loss 0.166, Train_accy 95.07:  64%|██████▍   | 32/50 [01:22<00:44,  2.47s/it]
Task 1, Epoch 33/50 => Loss 0.166, Train_accy 95.07:  66%|██████▌   | 33/50 [01:22<00:39,  2.35s/it]
Task 1, Epoch 34/50 => Loss 0.171, Train_accy 95.50:  66%|██████▌   | 33/50 [01:24<00:39,  2.35s/it]
Task 1, Epoch 34/50 => Loss 0.171, Train_accy 95.50:  68%|██████▊   | 34/50 [01:24<00:36,  2.27s/it]
Task 1, Epoch 35/50 => Loss 0.107, Train_accy 97.64, Test_accy 94.74:  68%|██████▊   | 34/50 [01:28<00:36,  2.27s/it]
Task 1, Epoch 35/50 => Loss 0.107, Train_accy 97.64, Test_accy 94.74:  70%|███████   | 35/50 [01:28<00:43,  2.89s/it]
Task 1, Epoch 36/50 => Loss 0.133, Train_accy 95.72:  70%|███████   | 35/50 [01:30<00:43,  2.89s/it]                 
Task 1, Epoch 36/50 => Loss 0.133, Train_accy 95.72:  72%|███████▏  | 36/50 [01:30<00:36,  2.64s/it]
Task 1, Epoch 37/50 => Loss 0.141, Train_accy 95.72:  72%|███████▏  | 36/50 [01:32<00:36,  2.64s/it]
Task 1, Epoch 37/50 => Loss 0.141, Train_accy 95.72:  74%|███████▍  | 37/50 [01:32<00:32,  2.47s/it]
Task 1, Epoch 38/50 => Loss 0.154, Train_accy 95.72:  74%|███████▍  | 37/50 [01:34<00:32,  2.47s/it]
Task 1, Epoch 38/50 => Loss 0.154, Train_accy 95.72:  76%|███████▌  | 38/50 [01:34<00:28,  2.35s/it]
Task 1, Epoch 39/50 => Loss 0.155, Train_accy 95.50:  76%|███████▌  | 38/50 [01:36<00:28,  2.35s/it]
Task 1, Epoch 39/50 => Loss 0.155, Train_accy 95.50:  78%|███████▊  | 39/50 [01:36<00:24,  2.27s/it]
Task 1, Epoch 40/50 => Loss 0.127, Train_accy 96.36, Test_accy 95.14:  78%|███████▊  | 39/50 [01:41<00:24,  2.27s/it]
Task 1, Epoch 40/50 => Loss 0.127, Train_accy 96.36, Test_accy 95.14:  80%|████████  | 40/50 [01:41<00:28,  2.89s/it]
Task 1, Epoch 41/50 => Loss 0.170, Train_accy 94.86:  80%|████████  | 40/50 [01:43<00:28,  2.89s/it]                 
Task 1, Epoch 41/50 => Loss 0.170, Train_accy 94.86:  82%|████████▏ | 41/50 [01:43<00:23,  2.66s/it]
Task 1, Epoch 42/50 => Loss 0.144, Train_accy 95.72:  82%|████████▏ | 41/50 [01:45<00:23,  2.66s/it]
Task 1, Epoch 42/50 => Loss 0.144, Train_accy 95.72:  84%|████████▍ | 42/50 [01:45<00:19,  2.48s/it]
Task 1, Epoch 43/50 => Loss 0.148, Train_accy 95.93:  84%|████████▍ | 42/50 [01:47<00:19,  2.48s/it]
Task 1, Epoch 43/50 => Loss 0.148, Train_accy 95.93:  86%|████████▌ | 43/50 [01:47<00:16,  2.36s/it]
Task 1, Epoch 44/50 => Loss 0.145, Train_accy 96.15:  86%|████████▌ | 43/50 [01:49<00:16,  2.36s/it]
Task 1, Epoch 44/50 => Loss 0.145, Train_accy 96.15:  88%|████████▊ | 44/50 [01:49<00:13,  2.28s/it]
Task 1, Epoch 45/50 => Loss 0.130, Train_accy 96.57, Test_accy 95.14:  88%|████████▊ | 44/50 [01:53<00:13,  2.28s/it]
Task 1, Epoch 45/50 => Loss 0.130, Train_accy 96.57, Test_accy 95.14:  90%|█████████ | 45/50 [01:53<00:14,  2.90s/it]
Task 1, Epoch 46/50 => Loss 0.101, Train_accy 97.86:  90%|█████████ | 45/50 [01:55<00:14,  2.90s/it]                 
Task 1, Epoch 46/50 => Loss 0.101, Train_accy 97.86:  92%|█████████▏| 46/50 [01:55<00:10,  2.65s/it]
Task 1, Epoch 47/50 => Loss 0.159, Train_accy 95.72:  92%|█████████▏| 46/50 [01:57<00:10,  2.65s/it]
Task 1, Epoch 47/50 => Loss 0.159, Train_accy 95.72:  94%|█████████▍| 47/50 [01:57<00:07,  2.48s/it]
Task 1, Epoch 48/50 => Loss 0.135, Train_accy 97.00:  94%|█████████▍| 47/50 [01:59<00:07,  2.48s/it]
Task 1, Epoch 48/50 => Loss 0.135, Train_accy 97.00:  96%|█████████▌| 48/50 [01:59<00:04,  2.36s/it]
Task 1, Epoch 49/50 => Loss 0.097, Train_accy 97.43:  96%|█████████▌| 48/50 [02:02<00:04,  2.36s/it]
Task 1, Epoch 49/50 => Loss 0.097, Train_accy 97.43:  98%|█████████▊| 49/50 [02:02<00:02,  2.27s/it]
Task 1, Epoch 50/50 => Loss 0.176, Train_accy 93.79, Test_accy 95.95:  98%|█████████▊| 49/50 [02:06<00:02,  2.27s/it]
Task 1, Epoch 50/50 => Loss 0.176, Train_accy 93.79, Test_accy 95.95: 100%|██████████| 50/50 [02:06<00:00,  2.90s/it]
Task 1, Epoch 50/50 => Loss 0.176, Train_accy 93.79, Test_accy 95.95: 100%|██████████| 50/50 [02:06<00:00,  2.53s/it]2025-02-06 14:21:32,355 [lae.py] => Task 1, Epoch 50/50 => Loss 0.176, Train_accy 93.79, Test_accy 95.95

2025-02-06 14:21:34,605 [trainer.py] => No NME accuracy.
2025-02-06 14:21:34,606 [trainer.py] => CNN: {'total': 95.95, '00-09': 98.31, '10-19': 93.8, 'old': 98.31, 'new': 93.8}
2025-02-06 14:21:34,606 [trainer.py] => CNN top1 curve: [99.15, 95.95]
2025-02-06 14:21:34,606 [trainer.py] => CNN top5 curve: [100.0, 99.6]

Average Accuracy (CNN): 97.55
2025-02-06 14:21:34,606 [trainer.py] => Average Accuracy (CNN): 97.55 

2025-02-06 14:21:34,607 [trainer.py] => All params: 85898576
2025-02-06 14:21:34,608 [trainer.py] => Trainable params: 57650
2025-02-06 14:21:34,609 [lae.py] => Learning on 20-30

  0%|          | 0/50 [00:00<?, ?it/s]
Task 2, Epoch 1/50 => Loss 3.019, Train_accy 7.35:   0%|          | 0/50 [00:02<?, ?it/s]
Task 2, Epoch 1/50 => Loss 3.019, Train_accy 7.35:   2%|▏         | 1/50 [00:02<01:42,  2.10s/it]
Task 2, Epoch 2/50 => Loss 2.068, Train_accy 28.78:   2%|▏         | 1/50 [00:04<01:42,  2.10s/it]
Task 2, Epoch 2/50 => Loss 2.068, Train_accy 28.78:   4%|▍         | 2/50 [00:04<01:39,  2.08s/it]
Task 2, Epoch 3/50 => Loss 1.394, Train_accy 55.04:   4%|▍         | 2/50 [00:06<01:39,  2.08s/it]
Task 2, Epoch 3/50 => Loss 1.394, Train_accy 55.04:   6%|▌         | 3/50 [00:06<01:37,  2.07s/it]
Task 2, Epoch 4/50 => Loss 0.902, Train_accy 73.95:   6%|▌         | 3/50 [00:08<01:37,  2.07s/it]
Task 2, Epoch 4/50 => Loss 0.902, Train_accy 73.95:   8%|▊         | 4/50 [00:08<01:34,  2.05s/it]
Task 2, Epoch 5/50 => Loss 0.680, Train_accy 86.13, Test_accy 79.36:   8%|▊         | 4/50 [00:13<01:34,  2.05s/it]
Task 2, Epoch 5/50 => Loss 0.680, Train_accy 86.13, Test_accy 79.36:  10%|█         | 5/50 [00:13<02:16,  3.03s/it]
Task 2, Epoch 6/50 => Loss 0.477, Train_accy 88.87:  10%|█         | 5/50 [00:15<02:16,  3.03s/it]                 
Task 2, Epoch 6/50 => Loss 0.477, Train_accy 88.87:  12%|█▏        | 6/50 [00:15<01:57,  2.68s/it]
Task 2, Epoch 7/50 => Loss 0.374, Train_accy 91.39:  12%|█▏        | 6/50 [00:17<01:57,  2.68s/it]
Task 2, Epoch 7/50 => Loss 0.374, Train_accy 91.39:  14%|█▍        | 7/50 [00:17<01:46,  2.48s/it]
Task 2, Epoch 8/50 => Loss 0.297, Train_accy 92.44:  14%|█▍        | 7/50 [00:19<01:46,  2.48s/it]
Task 2, Epoch 8/50 => Loss 0.297, Train_accy 92.44:  16%|█▌        | 8/50 [00:19<01:38,  2.34s/it]
Task 2, Epoch 9/50 => Loss 0.256, Train_accy 92.86:  16%|█▌        | 8/50 [00:21<01:38,  2.34s/it]
Task 2, Epoch 9/50 => Loss 0.256, Train_accy 92.86:  18%|█▊        | 9/50 [00:21<01:32,  2.26s/it]
Task 2, Epoch 10/50 => Loss 0.190, Train_accy 96.01, Test_accy 87.50:  18%|█▊        | 9/50 [00:25<01:32,  2.26s/it]
Task 2, Epoch 10/50 => Loss 0.190, Train_accy 96.01, Test_accy 87.50:  20%|██        | 10/50 [00:25<02:01,  3.03s/it]
Task 2, Epoch 11/50 => Loss 0.168, Train_accy 95.59:  20%|██        | 10/50 [00:28<02:01,  3.03s/it]                 
Task 2, Epoch 11/50 => Loss 0.168, Train_accy 95.59:  22%|██▏       | 11/50 [00:28<01:46,  2.74s/it]
Task 2, Epoch 12/50 => Loss 0.220, Train_accy 93.91:  22%|██▏       | 11/50 [00:30<01:46,  2.74s/it]
Task 2, Epoch 12/50 => Loss 0.220, Train_accy 93.91:  24%|██▍       | 12/50 [00:30<01:36,  2.54s/it]
Task 2, Epoch 13/50 => Loss 0.198, Train_accy 94.54:  24%|██▍       | 12/50 [00:32<01:36,  2.54s/it]
Task 2, Epoch 13/50 => Loss 0.198, Train_accy 94.54:  26%|██▌       | 13/50 [00:32<01:28,  2.40s/it]
Task 2, Epoch 14/50 => Loss 0.159, Train_accy 96.01:  26%|██▌       | 13/50 [00:34<01:28,  2.40s/it]
Task 2, Epoch 14/50 => Loss 0.159, Train_accy 96.01:  28%|██▊       | 14/50 [00:34<01:23,  2.31s/it]
Task 2, Epoch 15/50 => Loss 0.145, Train_accy 97.27, Test_accy 90.41:  28%|██▊       | 14/50 [00:39<01:23,  2.31s/it]
Task 2, Epoch 15/50 => Loss 0.145, Train_accy 97.27, Test_accy 90.41:  30%|███       | 15/50 [00:39<01:47,  3.06s/it]
Task 2, Epoch 16/50 => Loss 0.170, Train_accy 95.59:  30%|███       | 15/50 [00:41<01:47,  3.06s/it]                 
Task 2, Epoch 16/50 => Loss 0.170, Train_accy 95.59:  32%|███▏      | 16/50 [00:41<01:33,  2.76s/it]
Task 2, Epoch 17/50 => Loss 0.130, Train_accy 96.64:  32%|███▏      | 16/50 [00:43<01:33,  2.76s/it]
Task 2, Epoch 17/50 => Loss 0.130, Train_accy 96.64:  34%|███▍      | 17/50 [00:43<01:24,  2.55s/it]
Task 2, Epoch 18/50 => Loss 0.171, Train_accy 94.54:  34%|███▍      | 17/50 [00:45<01:24,  2.55s/it]
Task 2, Epoch 18/50 => Loss 0.171, Train_accy 94.54:  36%|███▌      | 18/50 [00:45<01:17,  2.44s/it]
Task 2, Epoch 19/50 => Loss 0.145, Train_accy 96.43:  36%|███▌      | 18/50 [00:47<01:17,  2.44s/it]
Task 2, Epoch 19/50 => Loss 0.145, Train_accy 96.43:  38%|███▊      | 19/50 [00:47<01:11,  2.32s/it]
Task 2, Epoch 20/50 => Loss 0.122, Train_accy 96.43, Test_accy 91.86:  38%|███▊      | 19/50 [00:52<01:11,  2.32s/it]
Task 2, Epoch 20/50 => Loss 0.122, Train_accy 96.43, Test_accy 91.86:  40%|████      | 20/50 [00:52<01:31,  3.06s/it]
Task 2, Epoch 21/50 => Loss 0.138, Train_accy 95.38:  40%|████      | 20/50 [00:54<01:31,  3.06s/it]                 
Task 2, Epoch 21/50 => Loss 0.138, Train_accy 95.38:  42%|████▏     | 21/50 [00:54<01:19,  2.75s/it]
Task 2, Epoch 22/50 => Loss 0.151, Train_accy 96.64:  42%|████▏     | 21/50 [00:56<01:19,  2.75s/it]
Task 2, Epoch 22/50 => Loss 0.151, Train_accy 96.64:  44%|████▍     | 22/50 [00:56<01:10,  2.53s/it]
Task 2, Epoch 23/50 => Loss 0.116, Train_accy 96.85:  44%|████▍     | 22/50 [00:58<01:10,  2.53s/it]
Task 2, Epoch 23/50 => Loss 0.116, Train_accy 96.85:  46%|████▌     | 23/50 [00:58<01:04,  2.38s/it]
Task 2, Epoch 24/50 => Loss 0.138, Train_accy 96.43:  46%|████▌     | 23/50 [01:00<01:04,  2.38s/it]
Task 2, Epoch 24/50 => Loss 0.138, Train_accy 96.43:  48%|████▊     | 24/50 [01:00<00:59,  2.28s/it]
Task 2, Epoch 25/50 => Loss 0.106, Train_accy 96.85, Test_accy 92.15:  48%|████▊     | 24/50 [01:05<00:59,  2.28s/it]
Task 2, Epoch 25/50 => Loss 0.106, Train_accy 96.85, Test_accy 92.15:  50%|█████     | 25/50 [01:05<01:16,  3.04s/it]
Task 2, Epoch 26/50 => Loss 0.097, Train_accy 96.85:  50%|█████     | 25/50 [01:07<01:16,  3.04s/it]                 
Task 2, Epoch 26/50 => Loss 0.097, Train_accy 96.85:  52%|█████▏    | 26/50 [01:07<01:06,  2.76s/it]
Task 2, Epoch 27/50 => Loss 0.119, Train_accy 96.22:  52%|█████▏    | 26/50 [01:09<01:06,  2.76s/it]
Task 2, Epoch 27/50 => Loss 0.119, Train_accy 96.22:  54%|█████▍    | 27/50 [01:09<00:58,  2.55s/it]
Task 2, Epoch 28/50 => Loss 0.131, Train_accy 94.75:  54%|█████▍    | 27/50 [01:11<00:58,  2.55s/it]
Task 2, Epoch 28/50 => Loss 0.131, Train_accy 94.75:  56%|█████▌    | 28/50 [01:11<00:52,  2.40s/it]
Task 2, Epoch 29/50 => Loss 0.073, Train_accy 98.11:  56%|█████▌    | 28/50 [01:13<00:52,  2.40s/it]
Task 2, Epoch 29/50 => Loss 0.073, Train_accy 98.11:  58%|█████▊    | 29/50 [01:13<00:48,  2.29s/it]
Task 2, Epoch 30/50 => Loss 0.100, Train_accy 97.27, Test_accy 92.15:  58%|█████▊    | 29/50 [01:18<00:48,  2.29s/it]
Task 2, Epoch 30/50 => Loss 0.100, Train_accy 97.27, Test_accy 92.15:  60%|██████    | 30/50 [01:18<01:01,  3.07s/it]
Task 2, Epoch 31/50 => Loss 0.123, Train_accy 96.01:  60%|██████    | 30/50 [01:20<01:01,  3.07s/it]                 
Task 2, Epoch 31/50 => Loss 0.123, Train_accy 96.01:  62%|██████▏   | 31/50 [01:20<00:52,  2.76s/it]
Task 2, Epoch 32/50 => Loss 0.083, Train_accy 97.48:  62%|██████▏   | 31/50 [01:22<00:52,  2.76s/it]
Task 2, Epoch 32/50 => Loss 0.083, Train_accy 97.48:  64%|██████▍   | 32/50 [01:22<00:46,  2.56s/it]
Task 2, Epoch 33/50 => Loss 0.084, Train_accy 97.69:  64%|██████▍   | 32/50 [01:24<00:46,  2.56s/it]
Task 2, Epoch 33/50 => Loss 0.084, Train_accy 97.69:  66%|██████▌   | 33/50 [01:24<00:40,  2.41s/it]
Task 2, Epoch 34/50 => Loss 0.096, Train_accy 97.06:  66%|██████▌   | 33/50 [01:26<00:40,  2.41s/it]
Task 2, Epoch 34/50 => Loss 0.096, Train_accy 97.06:  68%|██████▊   | 34/50 [01:26<00:37,  2.32s/it]
Task 2, Epoch 35/50 => Loss 0.139, Train_accy 96.64, Test_accy 92.44:  68%|██████▊   | 34/50 [01:31<00:37,  2.32s/it]
Task 2, Epoch 35/50 => Loss 0.139, Train_accy 96.64, Test_accy 92.44:  70%|███████   | 35/50 [01:31<00:45,  3.07s/it]
Task 2, Epoch 36/50 => Loss 0.087, Train_accy 97.27:  70%|███████   | 35/50 [01:33<00:45,  3.07s/it]                 
Task 2, Epoch 36/50 => Loss 0.087, Train_accy 97.27:  72%|███████▏  | 36/50 [01:33<00:38,  2.76s/it]
Task 2, Epoch 37/50 => Loss 0.083, Train_accy 97.48:  72%|███████▏  | 36/50 [01:35<00:38,  2.76s/it]
Task 2, Epoch 37/50 => Loss 0.083, Train_accy 97.48:  74%|███████▍  | 37/50 [01:35<00:33,  2.54s/it]
Task 2, Epoch 38/50 => Loss 0.070, Train_accy 98.11:  74%|███████▍  | 37/50 [01:37<00:33,  2.54s/it]
Task 2, Epoch 38/50 => Loss 0.070, Train_accy 98.11:  76%|███████▌  | 38/50 [01:37<00:28,  2.39s/it]
Task 2, Epoch 39/50 => Loss 0.083, Train_accy 97.69:  76%|███████▌  | 38/50 [01:39<00:28,  2.39s/it]
Task 2, Epoch 39/50 => Loss 0.083, Train_accy 97.69:  78%|███████▊  | 39/50 [01:39<00:25,  2.30s/it]
Task 2, Epoch 40/50 => Loss 0.097, Train_accy 96.85, Test_accy 92.44:  78%|███████▊  | 39/50 [01:44<00:25,  2.30s/it]
Task 2, Epoch 40/50 => Loss 0.097, Train_accy 96.85, Test_accy 92.44:  80%|████████  | 40/50 [01:44<00:30,  3.04s/it]
Task 2, Epoch 41/50 => Loss 0.074, Train_accy 97.27:  80%|████████  | 40/50 [01:46<00:30,  3.04s/it]                 
Task 2, Epoch 41/50 => Loss 0.074, Train_accy 97.27:  82%|████████▏ | 41/50 [01:46<00:24,  2.74s/it]
Task 2, Epoch 42/50 => Loss 0.082, Train_accy 97.90:  82%|████████▏ | 41/50 [01:48<00:24,  2.74s/it]
Task 2, Epoch 42/50 => Loss 0.082, Train_accy 97.90:  84%|████████▍ | 42/50 [01:48<00:20,  2.53s/it]
Task 2, Epoch 43/50 => Loss 0.065, Train_accy 97.69:  84%|████████▍ | 42/50 [01:50<00:20,  2.53s/it]
Task 2, Epoch 43/50 => Loss 0.065, Train_accy 97.69:  86%|████████▌ | 43/50 [01:50<00:16,  2.38s/it]
Task 2, Epoch 44/50 => Loss 0.105, Train_accy 96.43:  86%|████████▌ | 43/50 [01:52<00:16,  2.38s/it]
Task 2, Epoch 44/50 => Loss 0.105, Train_accy 96.43:  88%|████████▊ | 44/50 [01:52<00:13,  2.28s/it]
Task 2, Epoch 45/50 => Loss 0.082, Train_accy 96.85, Test_accy 92.73:  88%|████████▊ | 44/50 [01:57<00:13,  2.28s/it]
Task 2, Epoch 45/50 => Loss 0.082, Train_accy 96.85, Test_accy 92.73:  90%|█████████ | 45/50 [01:57<00:15,  3.06s/it]
Task 2, Epoch 46/50 => Loss 0.071, Train_accy 97.69:  90%|█████████ | 45/50 [01:59<00:15,  3.06s/it]                 
Task 2, Epoch 46/50 => Loss 0.071, Train_accy 97.69:  92%|█████████▏| 46/50 [01:59<00:11,  2.77s/it]
Task 2, Epoch 47/50 => Loss 0.066, Train_accy 98.11:  92%|█████████▏| 46/50 [02:01<00:11,  2.77s/it]
Task 2, Epoch 47/50 => Loss 0.066, Train_accy 98.11:  94%|█████████▍| 47/50 [02:01<00:07,  2.56s/it]
Task 2, Epoch 48/50 => Loss 0.119, Train_accy 97.06:  94%|█████████▍| 47/50 [02:03<00:07,  2.56s/it]
Task 2, Epoch 48/50 => Loss 0.119, Train_accy 97.06:  96%|█████████▌| 48/50 [02:03<00:04,  2.40s/it]
Task 2, Epoch 49/50 => Loss 0.086, Train_accy 97.48:  96%|█████████▌| 48/50 [02:05<00:04,  2.40s/it]
Task 2, Epoch 49/50 => Loss 0.086, Train_accy 97.48:  98%|█████████▊| 49/50 [02:05<00:02,  2.31s/it]
Task 2, Epoch 50/50 => Loss 0.060, Train_accy 98.53, Test_accy 92.15:  98%|█████████▊| 49/50 [02:10<00:02,  2.31s/it]
Task 2, Epoch 50/50 => Loss 0.060, Train_accy 98.53, Test_accy 92.15: 100%|██████████| 50/50 [02:10<00:00,  3.07s/it]
Task 2, Epoch 50/50 => Loss 0.060, Train_accy 98.53, Test_accy 92.15: 100%|██████████| 50/50 [02:10<00:00,  2.61s/it]2025-02-06 14:23:45,181 [lae.py] => Task 2, Epoch 50/50 => Loss 0.060, Train_accy 98.53, Test_accy 92.15

2025-02-06 14:23:47,945 [trainer.py] => No NME accuracy.
2025-02-06 14:23:47,945 [trainer.py] => CNN: {'total': 92.15, '00-09': 94.92, '10-19': 89.92, '20-29': 91.75, 'old': 92.31, 'new': 91.75}
2025-02-06 14:23:47,945 [trainer.py] => CNN top1 curve: [99.15, 95.95, 92.15]
2025-02-06 14:23:47,946 [trainer.py] => CNN top5 curve: [100.0, 99.6, 99.42]

Average Accuracy (CNN): 95.75
2025-02-06 14:23:47,946 [trainer.py] => Average Accuracy (CNN): 95.75 

2025-02-06 14:23:47,947 [trainer.py] => All params: 85906266
2025-02-06 14:23:47,948 [trainer.py] => Trainable params: 65340
2025-02-06 14:23:47,950 [lae.py] => Learning on 30-40

  0%|          | 0/50 [00:00<?, ?it/s]
Task 3, Epoch 1/50 => Loss 2.735, Train_accy 14.71:   0%|          | 0/50 [00:02<?, ?it/s]
Task 3, Epoch 1/50 => Loss 2.735, Train_accy 14.71:   2%|▏         | 1/50 [00:02<01:38,  2.02s/it]
Task 3, Epoch 2/50 => Loss 1.920, Train_accy 37.95:   2%|▏         | 1/50 [00:04<01:38,  2.02s/it]
Task 3, Epoch 2/50 => Loss 1.920, Train_accy 37.95:   4%|▍         | 2/50 [00:04<01:41,  2.11s/it]
Task 3, Epoch 3/50 => Loss 1.463, Train_accy 54.16:   4%|▍         | 2/50 [00:06<01:41,  2.11s/it]
Task 3, Epoch 3/50 => Loss 1.463, Train_accy 54.16:   6%|▌         | 3/50 [00:06<01:37,  2.08s/it]
Task 3, Epoch 4/50 => Loss 0.950, Train_accy 75.05:   6%|▌         | 3/50 [00:08<01:37,  2.08s/it]
Task 3, Epoch 4/50 => Loss 0.950, Train_accy 75.05:   8%|▊         | 4/50 [00:08<01:35,  2.07s/it]
Task 3, Epoch 5/50 => Loss 0.737, Train_accy 82.09, Test_accy 78.41:   8%|▊         | 4/50 [00:13<01:35,  2.07s/it]
Task 3, Epoch 5/50 => Loss 0.737, Train_accy 82.09, Test_accy 78.41:  10%|█         | 5/50 [00:13<02:26,  3.26s/it]
Task 3, Epoch 6/50 => Loss 0.520, Train_accy 87.21:  10%|█         | 5/50 [00:15<02:26,  3.26s/it]                 
Task 3, Epoch 6/50 => Loss 0.520, Train_accy 87.21:  12%|█▏        | 6/50 [00:15<02:05,  2.85s/it]
Task 3, Epoch 7/50 => Loss 0.412, Train_accy 89.77:  12%|█▏        | 6/50 [00:17<02:05,  2.85s/it]
Task 3, Epoch 7/50 => Loss 0.412, Train_accy 89.77:  14%|█▍        | 7/50 [00:17<01:50,  2.58s/it]
Task 3, Epoch 8/50 => Loss 0.328, Train_accy 91.47:  14%|█▍        | 7/50 [00:19<01:50,  2.58s/it]
Task 3, Epoch 8/50 => Loss 0.328, Train_accy 91.47:  16%|█▌        | 8/50 [00:19<01:41,  2.42s/it]
Task 3, Epoch 9/50 => Loss 0.374, Train_accy 91.04:  16%|█▌        | 8/50 [00:21<01:41,  2.42s/it]
Task 3, Epoch 9/50 => Loss 0.374, Train_accy 91.04:  18%|█▊        | 9/50 [00:21<01:34,  2.30s/it]
Task 3, Epoch 10/50 => Loss 0.308, Train_accy 91.90, Test_accy 83.70:  18%|█▊        | 9/50 [00:27<01:34,  2.30s/it]
Task 3, Epoch 10/50 => Loss 0.308, Train_accy 91.90, Test_accy 83.70:  20%|██        | 10/50 [00:27<02:09,  3.24s/it]
Task 3, Epoch 11/50 => Loss 0.281, Train_accy 93.60:  20%|██        | 10/50 [00:29<02:09,  3.24s/it]                 
Task 3, Epoch 11/50 => Loss 0.281, Train_accy 93.60:  22%|██▏       | 11/50 [00:29<01:54,  2.94s/it]
Task 3, Epoch 12/50 => Loss 0.249, Train_accy 93.39:  22%|██▏       | 11/50 [00:31<01:54,  2.94s/it]
Task 3, Epoch 12/50 => Loss 0.249, Train_accy 93.39:  24%|██▍       | 12/50 [00:31<01:41,  2.68s/it]
Task 3, Epoch 13/50 => Loss 0.271, Train_accy 92.96:  24%|██▍       | 12/50 [00:33<01:41,  2.68s/it]
Task 3, Epoch 13/50 => Loss 0.271, Train_accy 92.96:  26%|██▌       | 13/50 [00:33<01:31,  2.48s/it]
Task 3, Epoch 14/50 => Loss 0.245, Train_accy 93.82:  26%|██▌       | 13/50 [00:35<01:31,  2.48s/it]
Task 3, Epoch 14/50 => Loss 0.245, Train_accy 93.82:  28%|██▊       | 14/50 [00:35<01:24,  2.34s/it]
Task 3, Epoch 15/50 => Loss 0.210, Train_accy 94.67, Test_accy 85.68:  28%|██▊       | 14/50 [00:40<01:24,  2.34s/it]
Task 3, Epoch 15/50 => Loss 0.210, Train_accy 94.67, Test_accy 85.68:  30%|███       | 15/50 [00:40<01:53,  3.25s/it]
Task 3, Epoch 16/50 => Loss 0.265, Train_accy 93.39:  30%|███       | 15/50 [00:43<01:53,  3.25s/it]                 
Task 3, Epoch 16/50 => Loss 0.265, Train_accy 93.39:  32%|███▏      | 16/50 [00:43<01:38,  2.90s/it]
Task 3, Epoch 17/50 => Loss 0.241, Train_accy 94.67:  32%|███▏      | 16/50 [00:45<01:38,  2.90s/it]
Task 3, Epoch 17/50 => Loss 0.241, Train_accy 94.67:  34%|███▍      | 17/50 [00:45<01:27,  2.64s/it]
Task 3, Epoch 18/50 => Loss 0.176, Train_accy 94.88:  34%|███▍      | 17/50 [00:47<01:27,  2.64s/it]
Task 3, Epoch 18/50 => Loss 0.176, Train_accy 94.88:  36%|███▌      | 18/50 [00:47<01:19,  2.48s/it]
Task 3, Epoch 19/50 => Loss 0.183, Train_accy 94.67:  36%|███▌      | 18/50 [00:49<01:19,  2.48s/it]
Task 3, Epoch 19/50 => Loss 0.183, Train_accy 94.67:  38%|███▊      | 19/50 [00:49<01:12,  2.35s/it]
Task 3, Epoch 20/50 => Loss 0.180, Train_accy 94.46, Test_accy 87.22:  38%|███▊      | 19/50 [00:54<01:12,  2.35s/it]
Task 3, Epoch 20/50 => Loss 0.180, Train_accy 94.46, Test_accy 87.22:  40%|████      | 20/50 [00:54<01:37,  3.24s/it]
Task 3, Epoch 21/50 => Loss 0.200, Train_accy 94.67:  40%|████      | 20/50 [00:56<01:37,  3.24s/it]                 
Task 3, Epoch 21/50 => Loss 0.200, Train_accy 94.67:  42%|████▏     | 21/50 [00:56<01:23,  2.89s/it]
Task 3, Epoch 22/50 => Loss 0.213, Train_accy 93.82:  42%|████▏     | 21/50 [00:58<01:23,  2.89s/it]
Task 3, Epoch 22/50 => Loss 0.213, Train_accy 93.82:  44%|████▍     | 22/50 [00:58<01:14,  2.66s/it]
Task 3, Epoch 23/50 => Loss 0.191, Train_accy 94.03:  44%|████▍     | 22/50 [01:00<01:14,  2.66s/it]
Task 3, Epoch 23/50 => Loss 0.191, Train_accy 94.03:  46%|████▌     | 23/50 [01:00<01:06,  2.47s/it]
Task 3, Epoch 24/50 => Loss 0.168, Train_accy 95.31:  46%|████▌     | 23/50 [01:02<01:06,  2.47s/it]
Task 3, Epoch 24/50 => Loss 0.168, Train_accy 95.31:  48%|████▊     | 24/50 [01:02<01:00,  2.34s/it]
Task 3, Epoch 25/50 => Loss 0.132, Train_accy 96.38, Test_accy 88.11:  48%|████▊     | 24/50 [01:08<01:00,  2.34s/it]
Task 3, Epoch 25/50 => Loss 0.132, Train_accy 96.38, Test_accy 88.11:  50%|█████     | 25/50 [01:08<01:21,  3.25s/it]
Task 3, Epoch 26/50 => Loss 0.181, Train_accy 94.88:  50%|█████     | 25/50 [01:10<01:21,  3.25s/it]                 
Task 3, Epoch 26/50 => Loss 0.181, Train_accy 94.88:  52%|█████▏    | 26/50 [01:10<01:09,  2.91s/it]
Task 3, Epoch 27/50 => Loss 0.134, Train_accy 96.16:  52%|█████▏    | 26/50 [01:12<01:09,  2.91s/it]
Task 3, Epoch 27/50 => Loss 0.134, Train_accy 96.16:  54%|█████▍    | 27/50 [01:12<01:00,  2.65s/it]
Task 3, Epoch 28/50 => Loss 0.114, Train_accy 96.16:  54%|█████▍    | 27/50 [01:14<01:00,  2.65s/it]
Task 3, Epoch 28/50 => Loss 0.114, Train_accy 96.16:  56%|█████▌    | 28/50 [01:14<00:54,  2.47s/it]
Task 3, Epoch 29/50 => Loss 0.172, Train_accy 94.46:  56%|█████▌    | 28/50 [01:16<00:54,  2.47s/it]
Task 3, Epoch 29/50 => Loss 0.172, Train_accy 94.46:  58%|█████▊    | 29/50 [01:16<00:49,  2.34s/it]
Task 3, Epoch 30/50 => Loss 0.150, Train_accy 95.74, Test_accy 88.55:  58%|█████▊    | 29/50 [01:21<00:49,  2.34s/it]
Task 3, Epoch 30/50 => Loss 0.150, Train_accy 95.74, Test_accy 88.55:  60%|██████    | 30/50 [01:21<01:05,  3.25s/it]
Task 3, Epoch 31/50 => Loss 0.143, Train_accy 95.74:  60%|██████    | 30/50 [01:23<01:05,  3.25s/it]                 
Task 3, Epoch 31/50 => Loss 0.143, Train_accy 95.74:  62%|██████▏   | 31/50 [01:23<00:54,  2.89s/it]
Task 3, Epoch 32/50 => Loss 0.148, Train_accy 95.31:  62%|██████▏   | 31/50 [01:25<00:54,  2.89s/it]
Task 3, Epoch 32/50 => Loss 0.148, Train_accy 95.31:  64%|██████▍   | 32/50 [01:25<00:47,  2.64s/it]
Task 3, Epoch 33/50 => Loss 0.123, Train_accy 95.95:  64%|██████▍   | 32/50 [01:27<00:47,  2.64s/it]
Task 3, Epoch 33/50 => Loss 0.123, Train_accy 95.95:  66%|██████▌   | 33/50 [01:27<00:41,  2.46s/it]
Task 3, Epoch 34/50 => Loss 0.131, Train_accy 96.38:  66%|██████▌   | 33/50 [01:29<00:41,  2.46s/it]
Task 3, Epoch 34/50 => Loss 0.131, Train_accy 96.38:  68%|██████▊   | 34/50 [01:29<00:37,  2.33s/it]
Task 3, Epoch 35/50 => Loss 0.203, Train_accy 94.67, Test_accy 88.77:  68%|██████▊   | 34/50 [01:35<00:37,  2.33s/it]
Task 3, Epoch 35/50 => Loss 0.203, Train_accy 94.67, Test_accy 88.77:  70%|███████   | 35/50 [01:35<00:48,  3.23s/it]
Task 3, Epoch 36/50 => Loss 0.132, Train_accy 95.74:  70%|███████   | 35/50 [01:37<00:48,  3.23s/it]                 
Task 3, Epoch 36/50 => Loss 0.132, Train_accy 95.74:  72%|███████▏  | 36/50 [01:37<00:40,  2.88s/it]
Task 3, Epoch 37/50 => Loss 0.164, Train_accy 93.82:  72%|███████▏  | 36/50 [01:39<00:40,  2.88s/it]
Task 3, Epoch 37/50 => Loss 0.164, Train_accy 93.82:  74%|███████▍  | 37/50 [01:39<00:34,  2.62s/it]
Task 3, Epoch 38/50 => Loss 0.117, Train_accy 96.59:  74%|███████▍  | 37/50 [01:41<00:34,  2.62s/it]
Task 3, Epoch 38/50 => Loss 0.117, Train_accy 96.59:  76%|███████▌  | 38/50 [01:41<00:29,  2.45s/it]
Task 3, Epoch 39/50 => Loss 0.121, Train_accy 96.80:  76%|███████▌  | 38/50 [01:43<00:29,  2.45s/it]
Task 3, Epoch 39/50 => Loss 0.121, Train_accy 96.80:  78%|███████▊  | 39/50 [01:43<00:25,  2.33s/it]
Task 3, Epoch 40/50 => Loss 0.140, Train_accy 94.67, Test_accy 88.99:  78%|███████▊  | 39/50 [01:48<00:25,  2.33s/it]
Task 3, Epoch 40/50 => Loss 0.140, Train_accy 94.67, Test_accy 88.99:  80%|████████  | 40/50 [01:48<00:32,  3.23s/it]
Task 3, Epoch 41/50 => Loss 0.126, Train_accy 95.52:  80%|████████  | 40/50 [01:50<00:32,  3.23s/it]                 
Task 3, Epoch 41/50 => Loss 0.126, Train_accy 95.52:  82%|████████▏ | 41/50 [01:50<00:25,  2.89s/it]
Task 3, Epoch 42/50 => Loss 0.112, Train_accy 96.38:  82%|████████▏ | 41/50 [01:52<00:25,  2.89s/it]
Task 3, Epoch 42/50 => Loss 0.112, Train_accy 96.38:  84%|████████▍ | 42/50 [01:52<00:21,  2.63s/it]
Task 3, Epoch 43/50 => Loss 0.146, Train_accy 94.67:  84%|████████▍ | 42/50 [01:55<00:21,  2.63s/it]
Task 3, Epoch 43/50 => Loss 0.146, Train_accy 94.67:  86%|████████▌ | 43/50 [01:55<00:17,  2.47s/it]
Task 3, Epoch 44/50 => Loss 0.115, Train_accy 97.23:  86%|████████▌ | 43/50 [01:57<00:17,  2.47s/it]
Task 3, Epoch 44/50 => Loss 0.115, Train_accy 97.23:  88%|████████▊ | 44/50 [01:57<00:14,  2.34s/it]
Task 3, Epoch 45/50 => Loss 0.086, Train_accy 97.23, Test_accy 89.21:  88%|████████▊ | 44/50 [02:02<00:14,  2.34s/it]
Task 3, Epoch 45/50 => Loss 0.086, Train_accy 97.23, Test_accy 89.21:  90%|█████████ | 45/50 [02:02<00:16,  3.25s/it]
Task 3, Epoch 46/50 => Loss 0.080, Train_accy 98.08:  90%|█████████ | 45/50 [02:04<00:16,  3.25s/it]                 
Task 3, Epoch 46/50 => Loss 0.080, Train_accy 98.08:  92%|█████████▏| 46/50 [02:04<00:11,  2.93s/it]
Task 3, Epoch 47/50 => Loss 0.119, Train_accy 95.52:  92%|█████████▏| 46/50 [02:06<00:11,  2.93s/it]
Task 3, Epoch 47/50 => Loss 0.119, Train_accy 95.52:  94%|█████████▍| 47/50 [02:06<00:07,  2.66s/it]
Task 3, Epoch 48/50 => Loss 0.130, Train_accy 95.95:  94%|█████████▍| 47/50 [02:08<00:07,  2.66s/it]
Task 3, Epoch 48/50 => Loss 0.130, Train_accy 95.95:  96%|█████████▌| 48/50 [02:08<00:04,  2.49s/it]
Task 3, Epoch 49/50 => Loss 0.094, Train_accy 97.01:  96%|█████████▌| 48/50 [02:10<00:04,  2.49s/it]
Task 3, Epoch 49/50 => Loss 0.094, Train_accy 97.01:  98%|█████████▊| 49/50 [02:10<00:02,  2.36s/it]
Task 3, Epoch 50/50 => Loss 0.096, Train_accy 96.80, Test_accy 89.43:  98%|█████████▊| 49/50 [02:16<00:02,  2.36s/it]
Task 3, Epoch 50/50 => Loss 0.096, Train_accy 96.80, Test_accy 89.43: 100%|██████████| 50/50 [02:16<00:00,  3.26s/it]
Task 3, Epoch 50/50 => Loss 0.096, Train_accy 96.80, Test_accy 89.43: 100%|██████████| 50/50 [02:16<00:00,  2.72s/it]2025-02-06 14:26:04,115 [lae.py] => Task 3, Epoch 50/50 => Loss 0.096, Train_accy 96.80, Test_accy 89.43

2025-02-06 14:26:07,434 [trainer.py] => No NME accuracy.
2025-02-06 14:26:07,435 [trainer.py] => CNN: {'total': 89.43, '00-09': 90.68, '10-19': 89.15, '20-29': 84.54, '30-39': 92.73, 'old': 88.37, 'new': 92.73}
2025-02-06 14:26:07,435 [trainer.py] => CNN top1 curve: [99.15, 95.95, 92.15, 89.43]
2025-02-06 14:26:07,435 [trainer.py] => CNN top5 curve: [100.0, 99.6, 99.42, 99.34]

Average Accuracy (CNN): 94.17
2025-02-06 14:26:07,435 [trainer.py] => Average Accuracy (CNN): 94.17 

2025-02-06 14:26:07,437 [trainer.py] => All params: 85913956
2025-02-06 14:26:07,438 [trainer.py] => Trainable params: 73030
2025-02-06 14:26:07,439 [lae.py] => Learning on 40-50

  0%|          | 0/50 [00:00<?, ?it/s]
Task 4, Epoch 1/50 => Loss 2.551, Train_accy 16.42:   0%|          | 0/50 [00:02<?, ?it/s]
Task 4, Epoch 1/50 => Loss 2.551, Train_accy 16.42:   2%|▏         | 1/50 [00:02<01:41,  2.06s/it]
Task 4, Epoch 2/50 => Loss 1.829, Train_accy 35.82:   2%|▏         | 1/50 [00:04<01:41,  2.06s/it]
Task 4, Epoch 2/50 => Loss 1.829, Train_accy 35.82:   4%|▍         | 2/50 [00:04<01:38,  2.06s/it]
Task 4, Epoch 3/50 => Loss 1.278, Train_accy 62.26:   4%|▍         | 2/50 [00:06<01:38,  2.06s/it]
Task 4, Epoch 3/50 => Loss 1.278, Train_accy 62.26:   6%|▌         | 3/50 [00:06<01:38,  2.09s/it]
Task 4, Epoch 4/50 => Loss 0.898, Train_accy 76.97:   6%|▌         | 3/50 [00:08<01:38,  2.09s/it]
Task 4, Epoch 4/50 => Loss 0.898, Train_accy 76.97:   8%|▊         | 4/50 [00:08<01:35,  2.07s/it]
Task 4, Epoch 5/50 => Loss 0.708, Train_accy 81.66, Test_accy 77.90:   8%|▊         | 4/50 [00:14<01:35,  2.07s/it]
Task 4, Epoch 5/50 => Loss 0.708, Train_accy 81.66, Test_accy 77.90:  10%|█         | 5/50 [00:14<02:35,  3.46s/it]
Task 4, Epoch 6/50 => Loss 0.460, Train_accy 90.41:  10%|█         | 5/50 [00:16<02:35,  3.46s/it]                 
Task 4, Epoch 6/50 => Loss 0.460, Train_accy 90.41:  12%|█▏        | 6/50 [00:16<02:12,  3.02s/it]
Task 4, Epoch 7/50 => Loss 0.449, Train_accy 88.27:  12%|█▏        | 6/50 [00:18<02:12,  3.02s/it]
Task 4, Epoch 7/50 => Loss 0.449, Train_accy 88.27:  14%|█▍        | 7/50 [00:18<01:58,  2.76s/it]
Task 4, Epoch 8/50 => Loss 0.363, Train_accy 91.26:  14%|█▍        | 7/50 [00:20<01:58,  2.76s/it]
Task 4, Epoch 8/50 => Loss 0.363, Train_accy 91.26:  16%|█▌        | 8/50 [00:20<01:47,  2.55s/it]
Task 4, Epoch 9/50 => Loss 0.325, Train_accy 91.26:  16%|█▌        | 8/50 [00:22<01:47,  2.55s/it]
Task 4, Epoch 9/50 => Loss 0.325, Train_accy 91.26:  18%|█▊        | 9/50 [00:22<01:38,  2.39s/it]
Task 4, Epoch 10/50 => Loss 0.343, Train_accy 89.98, Test_accy 83.96:  18%|█▊        | 9/50 [00:28<01:38,  2.39s/it]
Task 4, Epoch 10/50 => Loss 0.343, Train_accy 89.98, Test_accy 83.96:  20%|██        | 10/50 [00:28<02:18,  3.47s/it]
Task 4, Epoch 11/50 => Loss 0.260, Train_accy 92.32:  20%|██        | 10/50 [00:30<02:18,  3.47s/it]                 
Task 4, Epoch 11/50 => Loss 0.260, Train_accy 92.32:  22%|██▏       | 11/50 [00:30<01:58,  3.05s/it]
Task 4, Epoch 12/50 => Loss 0.256, Train_accy 92.75:  22%|██▏       | 11/50 [00:32<01:58,  3.05s/it]
Task 4, Epoch 12/50 => Loss 0.256, Train_accy 92.75:  24%|██▍       | 12/50 [00:32<01:44,  2.74s/it]
Task 4, Epoch 13/50 => Loss 0.228, Train_accy 92.75:  24%|██▍       | 12/50 [00:34<01:44,  2.74s/it]
Task 4, Epoch 13/50 => Loss 0.228, Train_accy 92.75:  26%|██▌       | 13/50 [00:34<01:33,  2.53s/it]
Task 4, Epoch 14/50 => Loss 0.204, Train_accy 92.75:  26%|██▌       | 13/50 [00:36<01:33,  2.53s/it]
Task 4, Epoch 14/50 => Loss 0.204, Train_accy 92.75:  28%|██▊       | 14/50 [00:36<01:25,  2.38s/it]
Task 4, Epoch 15/50 => Loss 0.289, Train_accy 92.54, Test_accy 86.27:  28%|██▊       | 14/50 [00:42<01:25,  2.38s/it]
Task 4, Epoch 15/50 => Loss 0.289, Train_accy 92.54, Test_accy 86.27:  30%|███       | 15/50 [00:42<02:02,  3.50s/it]
Task 4, Epoch 16/50 => Loss 0.263, Train_accy 92.54:  30%|███       | 15/50 [00:44<02:02,  3.50s/it]                 
Task 4, Epoch 16/50 => Loss 0.263, Train_accy 92.54:  32%|███▏      | 16/50 [00:44<01:43,  3.06s/it]
Task 4, Epoch 17/50 => Loss 0.227, Train_accy 94.03:  32%|███▏      | 16/50 [00:47<01:43,  3.06s/it]
Task 4, Epoch 17/50 => Loss 0.227, Train_accy 94.03:  34%|███▍      | 17/50 [00:47<01:30,  2.75s/it]
Task 4, Epoch 18/50 => Loss 0.215, Train_accy 94.46:  34%|███▍      | 17/50 [00:49<01:30,  2.75s/it]
Task 4, Epoch 18/50 => Loss 0.215, Train_accy 94.46:  36%|███▌      | 18/50 [00:49<01:21,  2.54s/it]
Task 4, Epoch 19/50 => Loss 0.203, Train_accy 94.46:  36%|███▌      | 18/50 [00:51<01:21,  2.54s/it]
Task 4, Epoch 19/50 => Loss 0.203, Train_accy 94.46:  38%|███▊      | 19/50 [00:51<01:14,  2.40s/it]
Task 4, Epoch 20/50 => Loss 0.198, Train_accy 94.46, Test_accy 87.52:  38%|███▊      | 19/50 [00:57<01:14,  2.40s/it]
Task 4, Epoch 20/50 => Loss 0.198, Train_accy 94.46, Test_accy 87.52:  40%|████      | 20/50 [00:57<01:44,  3.47s/it]
Task 4, Epoch 21/50 => Loss 0.169, Train_accy 95.31:  40%|████      | 20/50 [00:59<01:44,  3.47s/it]                 
Task 4, Epoch 21/50 => Loss 0.169, Train_accy 95.31:  42%|████▏     | 21/50 [00:59<01:28,  3.05s/it]
Task 4, Epoch 22/50 => Loss 0.189, Train_accy 95.10:  42%|████▏     | 21/50 [01:01<01:28,  3.05s/it]
Task 4, Epoch 22/50 => Loss 0.189, Train_accy 95.10:  44%|████▍     | 22/50 [01:01<01:17,  2.76s/it]
Task 4, Epoch 23/50 => Loss 0.158, Train_accy 95.95:  44%|████▍     | 22/50 [01:03<01:17,  2.76s/it]
Task 4, Epoch 23/50 => Loss 0.158, Train_accy 95.95:  46%|████▌     | 23/50 [01:03<01:08,  2.54s/it]
Task 4, Epoch 24/50 => Loss 0.138, Train_accy 96.16:  46%|████▌     | 23/50 [01:05<01:08,  2.54s/it]
Task 4, Epoch 24/50 => Loss 0.138, Train_accy 96.16:  48%|████▊     | 24/50 [01:05<01:02,  2.39s/it]
Task 4, Epoch 25/50 => Loss 0.174, Train_accy 95.52, Test_accy 88.06:  48%|████▊     | 24/50 [01:11<01:02,  2.39s/it]
Task 4, Epoch 25/50 => Loss 0.174, Train_accy 95.52, Test_accy 88.06:  50%|█████     | 25/50 [01:11<01:27,  3.51s/it]
Task 4, Epoch 26/50 => Loss 0.155, Train_accy 95.74:  50%|█████     | 25/50 [01:13<01:27,  3.51s/it]                 
Task 4, Epoch 26/50 => Loss 0.155, Train_accy 95.74:  52%|█████▏    | 26/50 [01:13<01:14,  3.09s/it]
Task 4, Epoch 27/50 => Loss 0.187, Train_accy 94.24:  52%|█████▏    | 26/50 [01:15<01:14,  3.09s/it]
Task 4, Epoch 27/50 => Loss 0.187, Train_accy 94.24:  54%|█████▍    | 27/50 [01:15<01:03,  2.77s/it]
Task 4, Epoch 28/50 => Loss 0.140, Train_accy 95.95:  54%|█████▍    | 27/50 [01:17<01:03,  2.77s/it]
Task 4, Epoch 28/50 => Loss 0.140, Train_accy 95.95:  56%|█████▌    | 28/50 [01:17<00:56,  2.56s/it]
Task 4, Epoch 29/50 => Loss 0.163, Train_accy 94.24:  56%|█████▌    | 28/50 [01:19<00:56,  2.56s/it]
Task 4, Epoch 29/50 => Loss 0.163, Train_accy 94.24:  58%|█████▊    | 29/50 [01:19<00:50,  2.42s/it]
Task 4, Epoch 30/50 => Loss 0.268, Train_accy 93.60, Test_accy 88.24:  58%|█████▊    | 29/50 [01:25<00:50,  2.42s/it]
Task 4, Epoch 30/50 => Loss 0.268, Train_accy 93.60, Test_accy 88.24:  60%|██████    | 30/50 [01:25<01:09,  3.46s/it]
Task 4, Epoch 31/50 => Loss 0.213, Train_accy 93.60:  60%|██████    | 30/50 [01:27<01:09,  3.46s/it]                 
Task 4, Epoch 31/50 => Loss 0.213, Train_accy 93.60:  62%|██████▏   | 31/50 [01:27<00:57,  3.04s/it]
Task 4, Epoch 32/50 => Loss 0.186, Train_accy 94.03:  62%|██████▏   | 31/50 [01:29<00:57,  3.04s/it]
Task 4, Epoch 32/50 => Loss 0.186, Train_accy 94.03:  64%|██████▍   | 32/50 [01:29<00:49,  2.75s/it]
Task 4, Epoch 33/50 => Loss 0.121, Train_accy 96.59:  64%|██████▍   | 32/50 [01:31<00:49,  2.75s/it]
Task 4, Epoch 33/50 => Loss 0.121, Train_accy 96.59:  66%|██████▌   | 33/50 [01:31<00:43,  2.54s/it]
Task 4, Epoch 34/50 => Loss 0.154, Train_accy 95.74:  66%|██████▌   | 33/50 [01:33<00:43,  2.54s/it]
Task 4, Epoch 34/50 => Loss 0.154, Train_accy 95.74:  68%|██████▊   | 34/50 [01:33<00:38,  2.40s/it]
Task 4, Epoch 35/50 => Loss 0.137, Train_accy 96.16, Test_accy 88.41:  68%|██████▊   | 34/50 [01:40<00:38,  2.40s/it]
Task 4, Epoch 35/50 => Loss 0.137, Train_accy 96.16, Test_accy 88.41:  70%|███████   | 35/50 [01:40<00:52,  3.53s/it]
Task 4, Epoch 36/50 => Loss 0.132, Train_accy 95.74:  70%|███████   | 35/50 [01:42<00:52,  3.53s/it]                 
Task 4, Epoch 36/50 => Loss 0.132, Train_accy 95.74:  72%|███████▏  | 36/50 [01:42<00:43,  3.10s/it]
Task 4, Epoch 37/50 => Loss 0.177, Train_accy 94.24:  72%|███████▏  | 36/50 [01:44<00:43,  3.10s/it]
Task 4, Epoch 37/50 => Loss 0.177, Train_accy 94.24:  74%|███████▍  | 37/50 [01:44<00:37,  2.86s/it]
Task 4, Epoch 38/50 => Loss 0.130, Train_accy 95.74:  74%|███████▍  | 37/50 [01:46<00:37,  2.86s/it]
Task 4, Epoch 38/50 => Loss 0.130, Train_accy 95.74:  76%|███████▌  | 38/50 [01:46<00:31,  2.62s/it]
Task 4, Epoch 39/50 => Loss 0.149, Train_accy 95.31:  76%|███████▌  | 38/50 [01:48<00:31,  2.62s/it]
Task 4, Epoch 39/50 => Loss 0.149, Train_accy 95.31:  78%|███████▊  | 39/50 [01:48<00:27,  2.46s/it]
Task 4, Epoch 40/50 => Loss 0.146, Train_accy 95.10, Test_accy 88.24:  78%|███████▊  | 39/50 [01:54<00:27,  2.46s/it]
Task 4, Epoch 40/50 => Loss 0.146, Train_accy 95.10, Test_accy 88.24:  80%|████████  | 40/50 [01:54<00:35,  3.53s/it]
Task 4, Epoch 41/50 => Loss 0.154, Train_accy 95.52:  80%|████████  | 40/50 [01:56<00:35,  3.53s/it]                 
Task 4, Epoch 41/50 => Loss 0.154, Train_accy 95.52:  82%|████████▏ | 41/50 [01:56<00:27,  3.09s/it]
Task 4, Epoch 42/50 => Loss 0.147, Train_accy 95.95:  82%|████████▏ | 41/50 [01:58<00:27,  3.09s/it]
Task 4, Epoch 42/50 => Loss 0.147, Train_accy 95.95:  84%|████████▍ | 42/50 [01:58<00:22,  2.78s/it]
Task 4, Epoch 43/50 => Loss 0.182, Train_accy 95.52:  84%|████████▍ | 42/50 [02:00<00:22,  2.78s/it]
Task 4, Epoch 43/50 => Loss 0.182, Train_accy 95.52:  86%|████████▌ | 43/50 [02:00<00:17,  2.56s/it]
Task 4, Epoch 44/50 => Loss 0.131, Train_accy 95.52:  86%|████████▌ | 43/50 [02:02<00:17,  2.56s/it]
Task 4, Epoch 44/50 => Loss 0.131, Train_accy 95.52:  88%|████████▊ | 44/50 [02:02<00:14,  2.39s/it]
Task 4, Epoch 45/50 => Loss 0.155, Train_accy 95.10, Test_accy 88.59:  88%|████████▊ | 44/50 [02:08<00:14,  2.39s/it]
Task 4, Epoch 45/50 => Loss 0.155, Train_accy 95.10, Test_accy 88.59:  90%|█████████ | 45/50 [02:08<00:17,  3.44s/it]
Task 4, Epoch 46/50 => Loss 0.145, Train_accy 95.52:  90%|█████████ | 45/50 [02:10<00:17,  3.44s/it]                 
Task 4, Epoch 46/50 => Loss 0.145, Train_accy 95.52:  92%|█████████▏| 46/50 [02:10<00:12,  3.03s/it]
Task 4, Epoch 47/50 => Loss 0.148, Train_accy 95.31:  92%|█████████▏| 46/50 [02:12<00:12,  3.03s/it]
Task 4, Epoch 47/50 => Loss 0.148, Train_accy 95.31:  94%|█████████▍| 47/50 [02:12<00:08,  2.74s/it]
Task 4, Epoch 48/50 => Loss 0.144, Train_accy 95.52:  94%|█████████▍| 47/50 [02:14<00:08,  2.74s/it]
Task 4, Epoch 48/50 => Loss 0.144, Train_accy 95.52:  96%|█████████▌| 48/50 [02:14<00:05,  2.54s/it]
Task 4, Epoch 49/50 => Loss 0.158, Train_accy 95.74:  96%|█████████▌| 48/50 [02:17<00:05,  2.54s/it]
Task 4, Epoch 49/50 => Loss 0.158, Train_accy 95.74:  98%|█████████▊| 49/50 [02:17<00:02,  2.42s/it]
Task 4, Epoch 50/50 => Loss 0.185, Train_accy 94.03, Test_accy 88.41:  98%|█████████▊| 49/50 [02:22<00:02,  2.42s/it]
Task 4, Epoch 50/50 => Loss 0.185, Train_accy 94.03, Test_accy 88.41: 100%|██████████| 50/50 [02:22<00:00,  3.48s/it]
Task 4, Epoch 50/50 => Loss 0.185, Train_accy 94.03, Test_accy 88.41: 100%|██████████| 50/50 [02:22<00:00,  2.86s/it]2025-02-06 14:28:30,405 [lae.py] => Task 4, Epoch 50/50 => Loss 0.185, Train_accy 94.03, Test_accy 88.41

2025-02-06 14:28:34,269 [trainer.py] => No NME accuracy.
2025-02-06 14:28:34,269 [trainer.py] => CNN: {'total': 88.41, '00-09': 89.83, '10-19': 89.15, '20-29': 84.54, '30-39': 90.91, '40-49': 86.92, 'old': 88.77, 'new': 86.92}
2025-02-06 14:28:34,270 [trainer.py] => CNN top1 curve: [99.15, 95.95, 92.15, 89.43, 88.41]
2025-02-06 14:28:34,270 [trainer.py] => CNN top5 curve: [100.0, 99.6, 99.42, 99.34, 99.47]

Average Accuracy (CNN): 93.02
2025-02-06 14:28:34,270 [trainer.py] => Average Accuracy (CNN): 93.02 

2025-02-06 14:28:34,272 [trainer.py] => All params: 85921646
2025-02-06 14:28:34,273 [trainer.py] => Trainable params: 80720
2025-02-06 14:28:34,275 [lae.py] => Learning on 50-60

  0%|          | 0/50 [00:00<?, ?it/s]
Task 5, Epoch 1/50 => Loss 3.163, Train_accy 10.76:   0%|          | 0/50 [00:02<?, ?it/s]
Task 5, Epoch 1/50 => Loss 3.163, Train_accy 10.76:   2%|▏         | 1/50 [00:02<01:41,  2.07s/it]
Task 5, Epoch 2/50 => Loss 2.208, Train_accy 28.90:   2%|▏         | 1/50 [00:04<01:41,  2.07s/it]
Task 5, Epoch 2/50 => Loss 2.208, Train_accy 28.90:   4%|▍         | 2/50 [00:04<01:40,  2.09s/it]
Task 5, Epoch 3/50 => Loss 1.672, Train_accy 50.63:   4%|▍         | 2/50 [00:06<01:40,  2.09s/it]
Task 5, Epoch 3/50 => Loss 1.672, Train_accy 50.63:   6%|▌         | 3/50 [00:06<01:38,  2.10s/it]
Task 5, Epoch 4/50 => Loss 1.168, Train_accy 65.61:   6%|▌         | 3/50 [00:08<01:38,  2.10s/it]
Task 5, Epoch 4/50 => Loss 1.168, Train_accy 65.61:   8%|▊         | 4/50 [00:08<01:36,  2.11s/it]
Task 5, Epoch 5/50 => Loss 0.813, Train_accy 75.32, Test_accy 75.74:   8%|▊         | 4/50 [00:14<01:36,  2.11s/it]
Task 5, Epoch 5/50 => Loss 0.813, Train_accy 75.32, Test_accy 75.74:  10%|█         | 5/50 [00:14<02:47,  3.72s/it]
Task 5, Epoch 6/50 => Loss 0.629, Train_accy 80.59:  10%|█         | 5/50 [00:17<02:47,  3.72s/it]                 
Task 5, Epoch 6/50 => Loss 0.629, Train_accy 80.59:  12%|█▏        | 6/50 [00:17<02:19,  3.16s/it]
Task 5, Epoch 7/50 => Loss 0.569, Train_accy 82.07:  12%|█▏        | 6/50 [00:19<02:19,  3.16s/it]
Task 5, Epoch 7/50 => Loss 0.569, Train_accy 82.07:  14%|█▍        | 7/50 [00:19<02:00,  2.80s/it]
Task 5, Epoch 8/50 => Loss 0.526, Train_accy 84.39:  14%|█▍        | 7/50 [00:21<02:00,  2.80s/it]
Task 5, Epoch 8/50 => Loss 0.526, Train_accy 84.39:  16%|█▌        | 8/50 [00:21<01:47,  2.57s/it]
Task 5, Epoch 9/50 => Loss 0.462, Train_accy 84.81:  16%|█▌        | 8/50 [00:23<01:47,  2.57s/it]
Task 5, Epoch 9/50 => Loss 0.462, Train_accy 84.81:  18%|█▊        | 9/50 [00:23<01:38,  2.41s/it]
Task 5, Epoch 10/50 => Loss 0.314, Train_accy 89.87, Test_accy 81.55:  18%|█▊        | 9/50 [00:29<01:38,  2.41s/it]
Task 5, Epoch 10/50 => Loss 0.314, Train_accy 89.87, Test_accy 81.55:  20%|██        | 10/50 [00:29<02:27,  3.68s/it]
Task 5, Epoch 11/50 => Loss 0.329, Train_accy 91.35:  20%|██        | 10/50 [00:31<02:27,  3.68s/it]                 
Task 5, Epoch 11/50 => Loss 0.329, Train_accy 91.35:  22%|██▏       | 11/50 [00:31<02:04,  3.19s/it]
Task 5, Epoch 12/50 => Loss 0.410, Train_accy 89.24:  22%|██▏       | 11/50 [00:33<02:04,  3.19s/it]
Task 5, Epoch 12/50 => Loss 0.410, Train_accy 89.24:  24%|██▍       | 12/50 [00:33<01:48,  2.86s/it]
Task 5, Epoch 13/50 => Loss 0.313, Train_accy 90.72:  24%|██▍       | 12/50 [00:36<01:48,  2.86s/it]
Task 5, Epoch 13/50 => Loss 0.313, Train_accy 90.72:  26%|██▌       | 13/50 [00:36<01:36,  2.62s/it]
Task 5, Epoch 14/50 => Loss 0.333, Train_accy 89.87:  26%|██▌       | 13/50 [00:38<01:36,  2.62s/it]
Task 5, Epoch 14/50 => Loss 0.333, Train_accy 89.87:  28%|██▊       | 14/50 [00:38<01:28,  2.46s/it]
Task 5, Epoch 15/50 => Loss 0.281, Train_accy 91.77, Test_accy 84.08:  28%|██▊       | 14/50 [00:44<01:28,  2.46s/it]
Task 5, Epoch 15/50 => Loss 0.281, Train_accy 91.77, Test_accy 84.08:  30%|███       | 15/50 [00:44<02:08,  3.67s/it]
Task 5, Epoch 16/50 => Loss 0.260, Train_accy 92.41:  30%|███       | 15/50 [00:46<02:08,  3.67s/it]                 
Task 5, Epoch 16/50 => Loss 0.260, Train_accy 92.41:  32%|███▏      | 16/50 [00:46<01:48,  3.19s/it]
Task 5, Epoch 17/50 => Loss 0.287, Train_accy 90.72:  32%|███▏      | 16/50 [00:48<01:48,  3.19s/it]
Task 5, Epoch 17/50 => Loss 0.287, Train_accy 90.72:  34%|███▍      | 17/50 [00:48<01:33,  2.84s/it]
Task 5, Epoch 18/50 => Loss 0.257, Train_accy 91.77:  34%|███▍      | 17/50 [00:50<01:33,  2.84s/it]
Task 5, Epoch 18/50 => Loss 0.257, Train_accy 91.77:  36%|███▌      | 18/50 [00:50<01:25,  2.67s/it]
Task 5, Epoch 19/50 => Loss 0.257, Train_accy 92.62:  36%|███▌      | 18/50 [00:53<01:25,  2.67s/it]
Task 5, Epoch 19/50 => Loss 0.257, Train_accy 92.62:  38%|███▊      | 19/50 [00:53<01:17,  2.51s/it]
Task 5, Epoch 20/50 => Loss 0.244, Train_accy 92.83, Test_accy 84.52:  38%|███▊      | 19/50 [00:59<01:17,  2.51s/it]
Task 5, Epoch 20/50 => Loss 0.244, Train_accy 92.83, Test_accy 84.52:  40%|████      | 20/50 [00:59<01:50,  3.69s/it]
Task 5, Epoch 21/50 => Loss 0.205, Train_accy 94.30:  40%|████      | 20/50 [01:01<01:50,  3.69s/it]                 
Task 5, Epoch 21/50 => Loss 0.205, Train_accy 94.30:  42%|████▏     | 21/50 [01:01<01:32,  3.20s/it]
Task 5, Epoch 22/50 => Loss 0.213, Train_accy 92.83:  42%|████▏     | 21/50 [01:03<01:32,  3.20s/it]
Task 5, Epoch 22/50 => Loss 0.213, Train_accy 92.83:  44%|████▍     | 22/50 [01:03<01:19,  2.86s/it]
Task 5, Epoch 23/50 => Loss 0.201, Train_accy 94.30:  44%|████▍     | 22/50 [01:05<01:19,  2.86s/it]
Task 5, Epoch 23/50 => Loss 0.201, Train_accy 94.30:  46%|████▌     | 23/50 [01:05<01:10,  2.61s/it]
Task 5, Epoch 24/50 => Loss 0.171, Train_accy 94.73:  46%|████▌     | 23/50 [01:07<01:10,  2.61s/it]
Task 5, Epoch 24/50 => Loss 0.171, Train_accy 94.73:  48%|████▊     | 24/50 [01:07<01:03,  2.44s/it]
Task 5, Epoch 25/50 => Loss 0.195, Train_accy 94.30, Test_accy 84.52:  48%|████▊     | 24/50 [01:14<01:03,  2.44s/it]
Task 5, Epoch 25/50 => Loss 0.195, Train_accy 94.30, Test_accy 84.52:  50%|█████     | 25/50 [01:14<01:31,  3.64s/it]
Task 5, Epoch 26/50 => Loss 0.254, Train_accy 92.41:  50%|█████     | 25/50 [01:16<01:31,  3.64s/it]                 
Task 5, Epoch 26/50 => Loss 0.254, Train_accy 92.41:  52%|█████▏    | 26/50 [01:16<01:16,  3.17s/it]
Task 5, Epoch 27/50 => Loss 0.227, Train_accy 93.67:  52%|█████▏    | 26/50 [01:18<01:16,  3.17s/it]
Task 5, Epoch 27/50 => Loss 0.227, Train_accy 93.67:  54%|█████▍    | 27/50 [01:18<01:04,  2.82s/it]
Task 5, Epoch 28/50 => Loss 0.204, Train_accy 93.46:  54%|█████▍    | 27/50 [01:20<01:04,  2.82s/it]
Task 5, Epoch 28/50 => Loss 0.204, Train_accy 93.46:  56%|█████▌    | 28/50 [01:20<00:57,  2.60s/it]
Task 5, Epoch 29/50 => Loss 0.189, Train_accy 93.25:  56%|█████▌    | 28/50 [01:22<00:57,  2.60s/it]
Task 5, Epoch 29/50 => Loss 0.189, Train_accy 93.25:  58%|█████▊    | 29/50 [01:22<00:51,  2.43s/it]
Task 5, Epoch 30/50 => Loss 0.205, Train_accy 93.67, Test_accy 85.12:  58%|█████▊    | 29/50 [01:28<00:51,  2.43s/it]
Task 5, Epoch 30/50 => Loss 0.205, Train_accy 93.67, Test_accy 85.12:  60%|██████    | 30/50 [01:28<01:12,  3.65s/it]
Task 5, Epoch 31/50 => Loss 0.206, Train_accy 93.88:  60%|██████    | 30/50 [01:31<01:12,  3.65s/it]                 
Task 5, Epoch 31/50 => Loss 0.206, Train_accy 93.88:  62%|██████▏   | 31/50 [01:31<01:01,  3.22s/it]
Task 5, Epoch 32/50 => Loss 0.185, Train_accy 93.88:  62%|██████▏   | 31/50 [01:33<01:01,  3.22s/it]
Task 5, Epoch 32/50 => Loss 0.185, Train_accy 93.88:  64%|██████▍   | 32/50 [01:33<00:51,  2.87s/it]
Task 5, Epoch 33/50 => Loss 0.198, Train_accy 94.09:  64%|██████▍   | 32/50 [01:35<00:51,  2.87s/it]
Task 5, Epoch 33/50 => Loss 0.198, Train_accy 94.09:  66%|██████▌   | 33/50 [01:35<00:45,  2.65s/it]
Task 5, Epoch 34/50 => Loss 0.199, Train_accy 94.51:  66%|██████▌   | 33/50 [01:37<00:45,  2.65s/it]
Task 5, Epoch 34/50 => Loss 0.199, Train_accy 94.51:  68%|██████▊   | 34/50 [01:37<00:39,  2.47s/it]
Task 5, Epoch 35/50 => Loss 0.175, Train_accy 94.09, Test_accy 84.82:  68%|██████▊   | 34/50 [01:43<00:39,  2.47s/it]
Task 5, Epoch 35/50 => Loss 0.175, Train_accy 94.09, Test_accy 84.82:  70%|███████   | 35/50 [01:43<00:55,  3.68s/it]
Task 5, Epoch 36/50 => Loss 0.222, Train_accy 93.04:  70%|███████   | 35/50 [01:45<00:55,  3.68s/it]                 
Task 5, Epoch 36/50 => Loss 0.222, Train_accy 93.04:  72%|███████▏  | 36/50 [01:45<00:44,  3.19s/it]
Task 5, Epoch 37/50 => Loss 0.167, Train_accy 94.30:  72%|███████▏  | 36/50 [01:48<00:44,  3.19s/it]
Task 5, Epoch 37/50 => Loss 0.167, Train_accy 94.30:  74%|███████▍  | 37/50 [01:48<00:37,  2.91s/it]
Task 5, Epoch 38/50 => Loss 0.199, Train_accy 93.04:  74%|███████▍  | 37/50 [01:50<00:37,  2.91s/it]
Task 5, Epoch 38/50 => Loss 0.199, Train_accy 93.04:  76%|███████▌  | 38/50 [01:50<00:31,  2.65s/it]
Task 5, Epoch 39/50 => Loss 0.189, Train_accy 94.73:  76%|███████▌  | 38/50 [01:52<00:31,  2.65s/it]
Task 5, Epoch 39/50 => Loss 0.189, Train_accy 94.73:  78%|███████▊  | 39/50 [01:52<00:27,  2.48s/it]
Task 5, Epoch 40/50 => Loss 0.208, Train_accy 94.51, Test_accy 84.67:  78%|███████▊  | 39/50 [01:58<00:27,  2.48s/it]
Task 5, Epoch 40/50 => Loss 0.208, Train_accy 94.51, Test_accy 84.67:  80%|████████  | 40/50 [01:58<00:36,  3.68s/it]
Task 5, Epoch 41/50 => Loss 0.171, Train_accy 94.73:  80%|████████  | 40/50 [02:00<00:36,  3.68s/it]                 
Task 5, Epoch 41/50 => Loss 0.171, Train_accy 94.73:  82%|████████▏ | 41/50 [02:00<00:28,  3.19s/it]
Task 5, Epoch 42/50 => Loss 0.193, Train_accy 94.30:  82%|████████▏ | 41/50 [02:02<00:28,  3.19s/it]
Task 5, Epoch 42/50 => Loss 0.193, Train_accy 94.30:  84%|████████▍ | 42/50 [02:02<00:22,  2.85s/it]
Task 5, Epoch 43/50 => Loss 0.156, Train_accy 94.73:  84%|████████▍ | 42/50 [02:04<00:22,  2.85s/it]
Task 5, Epoch 43/50 => Loss 0.156, Train_accy 94.73:  86%|████████▌ | 43/50 [02:04<00:18,  2.62s/it]
Task 5, Epoch 44/50 => Loss 0.151, Train_accy 95.78:  86%|████████▌ | 43/50 [02:06<00:18,  2.62s/it]
Task 5, Epoch 44/50 => Loss 0.151, Train_accy 95.78:  88%|████████▊ | 44/50 [02:06<00:14,  2.45s/it]
Task 5, Epoch 45/50 => Loss 0.090, Train_accy 97.05, Test_accy 85.27:  88%|████████▊ | 44/50 [02:13<00:14,  2.45s/it]
Task 5, Epoch 45/50 => Loss 0.090, Train_accy 97.05, Test_accy 85.27:  90%|█████████ | 45/50 [02:13<00:18,  3.66s/it]
Task 5, Epoch 46/50 => Loss 0.122, Train_accy 96.62:  90%|█████████ | 45/50 [02:15<00:18,  3.66s/it]                 
Task 5, Epoch 46/50 => Loss 0.122, Train_accy 96.62:  92%|█████████▏| 46/50 [02:15<00:12,  3.18s/it]
Task 5, Epoch 47/50 => Loss 0.138, Train_accy 95.57:  92%|█████████▏| 46/50 [02:17<00:12,  3.18s/it]
Task 5, Epoch 47/50 => Loss 0.138, Train_accy 95.57:  94%|█████████▍| 47/50 [02:17<00:08,  2.83s/it]
Task 5, Epoch 48/50 => Loss 0.126, Train_accy 97.05:  94%|█████████▍| 47/50 [02:19<00:08,  2.83s/it]
Task 5, Epoch 48/50 => Loss 0.126, Train_accy 97.05:  96%|█████████▌| 48/50 [02:19<00:05,  2.60s/it]
Task 5, Epoch 49/50 => Loss 0.150, Train_accy 95.57:  96%|█████████▌| 48/50 [02:21<00:05,  2.60s/it]
Task 5, Epoch 49/50 => Loss 0.150, Train_accy 95.57:  98%|█████████▊| 49/50 [02:21<00:02,  2.43s/it]
Task 5, Epoch 50/50 => Loss 0.110, Train_accy 97.05, Test_accy 85.27:  98%|█████████▊| 49/50 [02:28<00:02,  2.43s/it]
Task 5, Epoch 50/50 => Loss 0.110, Train_accy 97.05, Test_accy 85.27: 100%|██████████| 50/50 [02:28<00:00,  3.63s/it]
Task 5, Epoch 50/50 => Loss 0.110, Train_accy 97.05, Test_accy 85.27: 100%|██████████| 50/50 [02:28<00:00,  2.96s/it]2025-02-06 14:31:02,321 [lae.py] => Task 5, Epoch 50/50 => Loss 0.110, Train_accy 97.05, Test_accy 85.27

2025-02-06 14:31:06,777 [trainer.py] => No NME accuracy.
2025-02-06 14:31:06,777 [trainer.py] => CNN: {'total': 85.27, '00-09': 75.42, '10-19': 89.15, '20-29': 84.54, '30-39': 88.18, '40-49': 86.92, '50-59': 87.39, 'old': 84.85, 'new': 87.39}
2025-02-06 14:31:06,778 [trainer.py] => CNN top1 curve: [99.15, 95.95, 92.15, 89.43, 88.41, 85.27]
2025-02-06 14:31:06,778 [trainer.py] => CNN top5 curve: [100.0, 99.6, 99.42, 99.34, 99.47, 98.81]

Average Accuracy (CNN): 91.73
2025-02-06 14:31:06,778 [trainer.py] => Average Accuracy (CNN): 91.73 

2025-02-06 14:31:06,779 [trainer.py] => All params: 85929336
2025-02-06 14:31:06,781 [trainer.py] => Trainable params: 88410
2025-02-06 14:31:06,783 [lae.py] => Learning on 60-70

  0%|          | 0/50 [00:00<?, ?it/s]
Task 6, Epoch 1/50 => Loss 3.025, Train_accy 9.03:   0%|          | 0/50 [00:02<?, ?it/s]
Task 6, Epoch 1/50 => Loss 3.025, Train_accy 9.03:   2%|▏         | 1/50 [00:02<01:46,  2.18s/it]
Task 6, Epoch 2/50 => Loss 2.186, Train_accy 26.69:   2%|▏         | 1/50 [00:04<01:46,  2.18s/it]
Task 6, Epoch 2/50 => Loss 2.186, Train_accy 26.69:   4%|▍         | 2/50 [00:04<01:44,  2.17s/it]
Task 6, Epoch 3/50 => Loss 1.572, Train_accy 49.90:   4%|▍         | 2/50 [00:06<01:44,  2.17s/it]
Task 6, Epoch 3/50 => Loss 1.572, Train_accy 49.90:   6%|▌         | 3/50 [00:06<01:41,  2.15s/it]
Task 6, Epoch 4/50 => Loss 1.040, Train_accy 73.10:   6%|▌         | 3/50 [00:08<01:41,  2.15s/it]
Task 6, Epoch 4/50 => Loss 1.040, Train_accy 73.10:   8%|▊         | 4/50 [00:08<01:38,  2.13s/it]
Task 6, Epoch 5/50 => Loss 0.755, Train_accy 80.90, Test_accy 75.32:   8%|▊         | 4/50 [00:15<01:38,  2.13s/it]
Task 6, Epoch 5/50 => Loss 0.755, Train_accy 80.90, Test_accy 75.32:  10%|█         | 5/50 [00:15<02:56,  3.92s/it]
Task 6, Epoch 6/50 => Loss 0.575, Train_accy 86.24:  10%|█         | 5/50 [00:17<02:56,  3.92s/it]                 
Task 6, Epoch 6/50 => Loss 0.575, Train_accy 86.24:  12%|█▏        | 6/50 [00:17<02:26,  3.33s/it]
Task 6, Epoch 7/50 => Loss 0.400, Train_accy 90.76:  12%|█▏        | 6/50 [00:20<02:26,  3.33s/it]
Task 6, Epoch 7/50 => Loss 0.400, Train_accy 90.76:  14%|█▍        | 7/50 [00:20<02:08,  2.99s/it]
Task 6, Epoch 8/50 => Loss 0.376, Train_accy 89.73:  14%|█▍        | 7/50 [00:22<02:08,  2.99s/it]
Task 6, Epoch 8/50 => Loss 0.376, Train_accy 89.73:  16%|█▌        | 8/50 [00:22<01:53,  2.70s/it]
Task 6, Epoch 9/50 => Loss 0.359, Train_accy 90.55:  16%|█▌        | 8/50 [00:24<01:53,  2.70s/it]
Task 6, Epoch 9/50 => Loss 0.359, Train_accy 90.55:  18%|█▊        | 9/50 [00:24<01:42,  2.51s/it]
Task 6, Epoch 10/50 => Loss 0.329, Train_accy 91.38, Test_accy 79.18:  18%|█▊        | 9/50 [00:31<01:42,  2.51s/it]
Task 6, Epoch 10/50 => Loss 0.329, Train_accy 91.38, Test_accy 79.18:  20%|██        | 10/50 [00:31<02:36,  3.92s/it]
Task 6, Epoch 11/50 => Loss 0.292, Train_accy 90.55:  20%|██        | 10/50 [00:33<02:36,  3.92s/it]                 
Task 6, Epoch 11/50 => Loss 0.292, Train_accy 90.55:  22%|██▏       | 11/50 [00:33<02:11,  3.38s/it]
Task 6, Epoch 12/50 => Loss 0.249, Train_accy 92.61:  22%|██▏       | 11/50 [00:35<02:11,  3.38s/it]
Task 6, Epoch 12/50 => Loss 0.249, Train_accy 92.61:  24%|██▍       | 12/50 [00:35<01:54,  3.00s/it]
Task 6, Epoch 13/50 => Loss 0.203, Train_accy 93.63:  24%|██▍       | 12/50 [00:37<01:54,  3.00s/it]
Task 6, Epoch 13/50 => Loss 0.203, Train_accy 93.63:  26%|██▌       | 13/50 [00:37<01:41,  2.74s/it]
Task 6, Epoch 14/50 => Loss 0.272, Train_accy 91.79:  26%|██▌       | 13/50 [00:39<01:41,  2.74s/it]
Task 6, Epoch 14/50 => Loss 0.272, Train_accy 91.79:  28%|██▊       | 14/50 [00:39<01:31,  2.55s/it]
Task 6, Epoch 15/50 => Loss 0.213, Train_accy 94.25, Test_accy 80.33:  28%|██▊       | 14/50 [00:46<01:31,  2.55s/it]
Task 6, Epoch 15/50 => Loss 0.213, Train_accy 94.25, Test_accy 80.33:  30%|███       | 15/50 [00:47<02:16,  3.91s/it]
Task 6, Epoch 16/50 => Loss 0.195, Train_accy 94.25:  30%|███       | 15/50 [00:49<02:16,  3.91s/it]                 
Task 6, Epoch 16/50 => Loss 0.195, Train_accy 94.25:  32%|███▏      | 16/50 [00:49<01:54,  3.38s/it]
Task 6, Epoch 17/50 => Loss 0.232, Train_accy 93.43:  32%|███▏      | 16/50 [00:51<01:54,  3.38s/it]
Task 6, Epoch 17/50 => Loss 0.232, Train_accy 93.43:  34%|███▍      | 17/50 [00:51<01:38,  3.00s/it]
Task 6, Epoch 18/50 => Loss 0.192, Train_accy 93.22:  34%|███▍      | 17/50 [00:53<01:38,  3.00s/it]
Task 6, Epoch 18/50 => Loss 0.192, Train_accy 93.22:  36%|███▌      | 18/50 [00:53<01:27,  2.74s/it]
Task 6, Epoch 19/50 => Loss 0.189, Train_accy 94.46:  36%|███▌      | 18/50 [00:55<01:27,  2.74s/it]
Task 6, Epoch 19/50 => Loss 0.189, Train_accy 94.46:  38%|███▊      | 19/50 [00:55<01:19,  2.56s/it]
Task 6, Epoch 20/50 => Loss 0.211, Train_accy 92.61, Test_accy 80.59:  38%|███▊      | 19/50 [01:02<01:19,  2.56s/it]
Task 6, Epoch 20/50 => Loss 0.211, Train_accy 92.61, Test_accy 80.59:  40%|████      | 20/50 [01:02<01:58,  3.94s/it]
Task 6, Epoch 21/50 => Loss 0.214, Train_accy 93.22:  40%|████      | 20/50 [01:04<01:58,  3.94s/it]                 
Task 6, Epoch 21/50 => Loss 0.214, Train_accy 93.22:  42%|████▏     | 21/50 [01:04<01:38,  3.40s/it]
Task 6, Epoch 22/50 => Loss 0.215, Train_accy 93.22:  42%|████▏     | 21/50 [01:06<01:38,  3.40s/it]
Task 6, Epoch 22/50 => Loss 0.215, Train_accy 93.22:  44%|████▍     | 22/50 [01:06<01:24,  3.03s/it]
Task 6, Epoch 23/50 => Loss 0.171, Train_accy 95.28:  44%|████▍     | 22/50 [01:09<01:24,  3.03s/it]
Task 6, Epoch 23/50 => Loss 0.171, Train_accy 95.28:  46%|████▌     | 23/50 [01:09<01:14,  2.77s/it]
Task 6, Epoch 24/50 => Loss 0.194, Train_accy 93.84:  46%|████▌     | 23/50 [01:11<01:14,  2.77s/it]
Task 6, Epoch 24/50 => Loss 0.194, Train_accy 93.84:  48%|████▊     | 24/50 [01:11<01:06,  2.57s/it]
Task 6, Epoch 25/50 => Loss 0.178, Train_accy 94.66, Test_accy 80.72:  48%|████▊     | 24/50 [01:18<01:06,  2.57s/it]
Task 6, Epoch 25/50 => Loss 0.178, Train_accy 94.66, Test_accy 80.72:  50%|█████     | 25/50 [01:18<01:38,  3.94s/it]
Task 6, Epoch 26/50 => Loss 0.156, Train_accy 94.66:  50%|█████     | 25/50 [01:20<01:38,  3.94s/it]                 
Task 6, Epoch 26/50 => Loss 0.156, Train_accy 94.66:  52%|█████▏    | 26/50 [01:20<01:21,  3.40s/it]
Task 6, Epoch 27/50 => Loss 0.204, Train_accy 94.66:  52%|█████▏    | 26/50 [01:22<01:21,  3.40s/it]
Task 6, Epoch 27/50 => Loss 0.204, Train_accy 94.66:  54%|█████▍    | 27/50 [01:22<01:09,  3.02s/it]
Task 6, Epoch 28/50 => Loss 0.167, Train_accy 95.48:  54%|█████▍    | 27/50 [01:24<01:09,  3.02s/it]
Task 6, Epoch 28/50 => Loss 0.167, Train_accy 95.48:  56%|█████▌    | 28/50 [01:24<01:00,  2.74s/it]
Task 6, Epoch 29/50 => Loss 0.171, Train_accy 94.46:  56%|█████▌    | 28/50 [01:26<01:00,  2.74s/it]
Task 6, Epoch 29/50 => Loss 0.171, Train_accy 94.46:  58%|█████▊    | 29/50 [01:26<00:53,  2.55s/it]
Task 6, Epoch 30/50 => Loss 0.194, Train_accy 94.25, Test_accy 81.23:  58%|█████▊    | 29/50 [01:34<00:53,  2.55s/it]
Task 6, Epoch 30/50 => Loss 0.194, Train_accy 94.25, Test_accy 81.23:  60%|██████    | 30/50 [01:34<01:18,  3.94s/it]
Task 6, Epoch 31/50 => Loss 0.222, Train_accy 93.22:  60%|██████    | 30/50 [01:36<01:18,  3.94s/it]                 
Task 6, Epoch 31/50 => Loss 0.222, Train_accy 93.22:  62%|██████▏   | 31/50 [01:36<01:04,  3.40s/it]
Task 6, Epoch 32/50 => Loss 0.198, Train_accy 93.22:  62%|██████▏   | 31/50 [01:38<01:04,  3.40s/it]
Task 6, Epoch 32/50 => Loss 0.198, Train_accy 93.22:  64%|██████▍   | 32/50 [01:38<00:54,  3.03s/it]
Task 6, Epoch 33/50 => Loss 0.181, Train_accy 93.84:  64%|██████▍   | 32/50 [01:40<00:54,  3.03s/it]
Task 6, Epoch 33/50 => Loss 0.181, Train_accy 93.84:  66%|██████▌   | 33/50 [01:40<00:46,  2.76s/it]
Task 6, Epoch 34/50 => Loss 0.136, Train_accy 94.87:  66%|██████▌   | 33/50 [01:42<00:46,  2.76s/it]
Task 6, Epoch 34/50 => Loss 0.136, Train_accy 94.87:  68%|██████▊   | 34/50 [01:42<00:41,  2.57s/it]
Task 6, Epoch 35/50 => Loss 0.159, Train_accy 94.46, Test_accy 81.62:  68%|██████▊   | 34/50 [01:49<00:41,  2.57s/it]
Task 6, Epoch 35/50 => Loss 0.159, Train_accy 94.46, Test_accy 81.62:  70%|███████   | 35/50 [01:49<00:58,  3.93s/it]
Task 6, Epoch 36/50 => Loss 0.124, Train_accy 96.10:  70%|███████   | 35/50 [01:51<00:58,  3.93s/it]                 
Task 6, Epoch 36/50 => Loss 0.124, Train_accy 96.10:  72%|███████▏  | 36/50 [01:51<00:47,  3.40s/it]
Task 6, Epoch 37/50 => Loss 0.152, Train_accy 94.46:  72%|███████▏  | 36/50 [01:53<00:47,  3.40s/it]
Task 6, Epoch 37/50 => Loss 0.152, Train_accy 94.46:  74%|███████▍  | 37/50 [01:53<00:39,  3.02s/it]
Task 6, Epoch 38/50 => Loss 0.157, Train_accy 94.66:  74%|███████▍  | 37/50 [01:56<00:39,  3.02s/it]
Task 6, Epoch 38/50 => Loss 0.157, Train_accy 94.66:  76%|███████▌  | 38/50 [01:56<00:33,  2.75s/it]
Task 6, Epoch 39/50 => Loss 0.131, Train_accy 96.51:  76%|███████▌  | 38/50 [01:58<00:33,  2.75s/it]
Task 6, Epoch 39/50 => Loss 0.131, Train_accy 96.51:  78%|███████▊  | 39/50 [01:58<00:28,  2.62s/it]
Task 6, Epoch 40/50 => Loss 0.139, Train_accy 95.07, Test_accy 81.49:  78%|███████▊  | 39/50 [02:05<00:28,  2.62s/it]
Task 6, Epoch 40/50 => Loss 0.139, Train_accy 95.07, Test_accy 81.49:  80%|████████  | 40/50 [02:05<00:40,  4.03s/it]
Task 6, Epoch 41/50 => Loss 0.136, Train_accy 96.51:  80%|████████  | 40/50 [02:07<00:40,  4.03s/it]                 
Task 6, Epoch 41/50 => Loss 0.136, Train_accy 96.51:  82%|████████▏ | 41/50 [02:07<00:31,  3.48s/it]
Task 6, Epoch 42/50 => Loss 0.127, Train_accy 96.10:  82%|████████▏ | 41/50 [02:10<00:31,  3.48s/it]
Task 6, Epoch 42/50 => Loss 0.127, Train_accy 96.10:  84%|████████▍ | 42/50 [02:10<00:24,  3.07s/it]
Task 6, Epoch 43/50 => Loss 0.127, Train_accy 96.71:  84%|████████▍ | 42/50 [02:12<00:24,  3.07s/it]
Task 6, Epoch 43/50 => Loss 0.127, Train_accy 96.71:  86%|████████▌ | 43/50 [02:12<00:19,  2.79s/it]
Task 6, Epoch 44/50 => Loss 0.133, Train_accy 96.30:  86%|████████▌ | 43/50 [02:14<00:19,  2.79s/it]
Task 6, Epoch 44/50 => Loss 0.133, Train_accy 96.30:  88%|████████▊ | 44/50 [02:14<00:15,  2.59s/it]
Task 6, Epoch 45/50 => Loss 0.124, Train_accy 95.69, Test_accy 81.49:  88%|████████▊ | 44/50 [02:21<00:15,  2.59s/it]
Task 6, Epoch 45/50 => Loss 0.124, Train_accy 95.69, Test_accy 81.49:  90%|█████████ | 45/50 [02:21<00:19,  3.95s/it]
Task 6, Epoch 46/50 => Loss 0.116, Train_accy 96.30:  90%|█████████ | 45/50 [02:23<00:19,  3.95s/it]                 
Task 6, Epoch 46/50 => Loss 0.116, Train_accy 96.30:  92%|█████████▏| 46/50 [02:23<00:13,  3.40s/it]
Task 6, Epoch 47/50 => Loss 0.163, Train_accy 95.07:  92%|█████████▏| 46/50 [02:25<00:13,  3.40s/it]
Task 6, Epoch 47/50 => Loss 0.163, Train_accy 95.07:  94%|█████████▍| 47/50 [02:25<00:09,  3.03s/it]
Task 6, Epoch 48/50 => Loss 0.150, Train_accy 94.87:  94%|█████████▍| 47/50 [02:27<00:09,  3.03s/it]
Task 6, Epoch 48/50 => Loss 0.150, Train_accy 94.87:  96%|█████████▌| 48/50 [02:27<00:05,  2.75s/it]
Task 6, Epoch 49/50 => Loss 0.128, Train_accy 96.51:  96%|█████████▌| 48/50 [02:29<00:05,  2.75s/it]
Task 6, Epoch 49/50 => Loss 0.128, Train_accy 96.51:  98%|█████████▊| 49/50 [02:29<00:02,  2.56s/it]
Task 6, Epoch 50/50 => Loss 0.101, Train_accy 97.13, Test_accy 81.75:  98%|█████████▊| 49/50 [02:37<00:02,  2.56s/it]
Task 6, Epoch 50/50 => Loss 0.101, Train_accy 97.13, Test_accy 81.75: 100%|██████████| 50/50 [02:37<00:00,  3.93s/it]
Task 6, Epoch 50/50 => Loss 0.101, Train_accy 97.13, Test_accy 81.75: 100%|██████████| 50/50 [02:37<00:00,  3.14s/it]2025-02-06 14:33:43,863 [lae.py] => Task 6, Epoch 50/50 => Loss 0.101, Train_accy 97.13, Test_accy 81.75

2025-02-06 14:33:48,872 [trainer.py] => No NME accuracy.
2025-02-06 14:33:48,872 [trainer.py] => CNN: {'total': 81.75, '00-09': 74.58, '10-19': 83.72, '20-29': 84.54, '30-39': 85.45, '40-49': 84.11, '50-59': 86.49, '60-69': 73.58, 'old': 83.04, 'new': 73.58}
2025-02-06 14:33:48,872 [trainer.py] => CNN top1 curve: [99.15, 95.95, 92.15, 89.43, 88.41, 85.27, 81.75]
2025-02-06 14:33:48,873 [trainer.py] => CNN top5 curve: [100.0, 99.6, 99.42, 99.34, 99.47, 98.81, 98.46]

Average Accuracy (CNN): 90.3
2025-02-06 14:33:48,873 [trainer.py] => Average Accuracy (CNN): 90.3 

2025-02-06 14:33:48,875 [trainer.py] => All params: 85937026
2025-02-06 14:33:48,877 [trainer.py] => Trainable params: 96100
2025-02-06 14:33:48,880 [lae.py] => Learning on 70-80

  0%|          | 0/50 [00:00<?, ?it/s]
Task 7, Epoch 1/50 => Loss 2.731, Train_accy 17.43:   0%|          | 0/50 [00:02<?, ?it/s]
Task 7, Epoch 1/50 => Loss 2.731, Train_accy 17.43:   2%|▏         | 1/50 [00:02<01:39,  2.03s/it]
Task 7, Epoch 2/50 => Loss 1.940, Train_accy 37.69:   2%|▏         | 1/50 [00:04<01:39,  2.03s/it]
Task 7, Epoch 2/50 => Loss 1.940, Train_accy 37.69:   4%|▍         | 2/50 [00:04<01:37,  2.02s/it]
Task 7, Epoch 3/50 => Loss 1.282, Train_accy 62.96:   4%|▍         | 2/50 [00:06<01:37,  2.02s/it]
Task 7, Epoch 3/50 => Loss 1.282, Train_accy 62.96:   6%|▌         | 3/50 [00:06<01:36,  2.05s/it]
Task 7, Epoch 4/50 => Loss 0.804, Train_accy 81.70:   6%|▌         | 3/50 [00:08<01:36,  2.05s/it]
Task 7, Epoch 4/50 => Loss 0.804, Train_accy 81.70:   8%|▊         | 4/50 [00:08<01:33,  2.04s/it]
Task 7, Epoch 5/50 => Loss 0.596, Train_accy 87.58, Test_accy 73.56:   8%|▊         | 4/50 [00:15<01:33,  2.04s/it]
Task 7, Epoch 5/50 => Loss 0.596, Train_accy 87.58, Test_accy 73.56:  10%|█         | 5/50 [00:15<03:04,  4.09s/it]
Task 7, Epoch 6/50 => Loss 0.433, Train_accy 90.20:  10%|█         | 5/50 [00:17<03:04,  4.09s/it]                 
Task 7, Epoch 6/50 => Loss 0.433, Train_accy 90.20:  12%|█▏        | 6/50 [00:17<02:29,  3.40s/it]
Task 7, Epoch 7/50 => Loss 0.295, Train_accy 93.90:  12%|█▏        | 6/50 [00:19<02:29,  3.40s/it]
Task 7, Epoch 7/50 => Loss 0.295, Train_accy 93.90:  14%|█▍        | 7/50 [00:19<02:06,  2.95s/it]
Task 7, Epoch 8/50 => Loss 0.280, Train_accy 93.25:  14%|█▍        | 7/50 [00:21<02:06,  2.95s/it]
Task 7, Epoch 8/50 => Loss 0.280, Train_accy 93.25:  16%|█▌        | 8/50 [00:21<01:51,  2.65s/it]
Task 7, Epoch 9/50 => Loss 0.269, Train_accy 93.46:  16%|█▌        | 8/50 [00:23<01:51,  2.65s/it]
Task 7, Epoch 9/50 => Loss 0.269, Train_accy 93.46:  18%|█▊        | 9/50 [00:23<01:40,  2.45s/it]
Task 7, Epoch 10/50 => Loss 0.263, Train_accy 93.68, Test_accy 79.11:  18%|█▊        | 9/50 [00:31<01:40,  2.45s/it]
Task 7, Epoch 10/50 => Loss 0.263, Train_accy 93.68, Test_accy 79.11:  20%|██        | 10/50 [00:31<02:43,  4.08s/it]
Task 7, Epoch 11/50 => Loss 0.188, Train_accy 94.55:  20%|██        | 10/50 [00:33<02:43,  4.08s/it]                 
Task 7, Epoch 11/50 => Loss 0.188, Train_accy 94.55:  22%|██▏       | 11/50 [00:33<02:15,  3.48s/it]
Task 7, Epoch 12/50 => Loss 0.234, Train_accy 93.46:  22%|██▏       | 11/50 [00:35<02:15,  3.48s/it]
Task 7, Epoch 12/50 => Loss 0.234, Train_accy 93.46:  24%|██▍       | 12/50 [00:35<01:55,  3.03s/it]
Task 7, Epoch 13/50 => Loss 0.157, Train_accy 95.64:  24%|██▍       | 12/50 [00:37<01:55,  3.03s/it]
Task 7, Epoch 13/50 => Loss 0.157, Train_accy 95.64:  26%|██▌       | 13/50 [00:37<01:40,  2.73s/it]
Task 7, Epoch 14/50 => Loss 0.175, Train_accy 95.21:  26%|██▌       | 13/50 [00:39<01:40,  2.73s/it]
Task 7, Epoch 14/50 => Loss 0.175, Train_accy 95.21:  28%|██▊       | 14/50 [00:39<01:31,  2.53s/it]
Task 7, Epoch 15/50 => Loss 0.148, Train_accy 96.08, Test_accy 80.63:  28%|██▊       | 14/50 [00:47<01:31,  2.53s/it]
Task 7, Epoch 15/50 => Loss 0.148, Train_accy 96.08, Test_accy 80.63:  30%|███       | 15/50 [00:47<02:24,  4.12s/it]
Task 7, Epoch 16/50 => Loss 0.196, Train_accy 93.68:  30%|███       | 15/50 [00:49<02:24,  4.12s/it]                 
Task 7, Epoch 16/50 => Loss 0.196, Train_accy 93.68:  32%|███▏      | 16/50 [00:49<01:58,  3.49s/it]
Task 7, Epoch 17/50 => Loss 0.218, Train_accy 93.68:  32%|███▏      | 16/50 [00:51<01:58,  3.49s/it]
Task 7, Epoch 17/50 => Loss 0.218, Train_accy 93.68:  34%|███▍      | 17/50 [00:51<01:40,  3.05s/it]
Task 7, Epoch 18/50 => Loss 0.205, Train_accy 93.25:  34%|███▍      | 17/50 [00:53<01:40,  3.05s/it]
Task 7, Epoch 18/50 => Loss 0.205, Train_accy 93.25:  36%|███▌      | 18/50 [00:53<01:27,  2.73s/it]
Task 7, Epoch 19/50 => Loss 0.165, Train_accy 95.21:  36%|███▌      | 18/50 [00:55<01:27,  2.73s/it]
Task 7, Epoch 19/50 => Loss 0.165, Train_accy 95.21:  38%|███▊      | 19/50 [00:55<01:18,  2.52s/it]
Task 7, Epoch 20/50 => Loss 0.121, Train_accy 96.30, Test_accy 80.85:  38%|███▊      | 19/50 [01:03<01:18,  2.52s/it]
Task 7, Epoch 20/50 => Loss 0.121, Train_accy 96.30, Test_accy 80.85:  40%|████      | 20/50 [01:03<02:02,  4.07s/it]
Task 7, Epoch 21/50 => Loss 0.167, Train_accy 94.55:  40%|████      | 20/50 [01:05<02:02,  4.07s/it]                 
Task 7, Epoch 21/50 => Loss 0.167, Train_accy 94.55:  42%|████▏     | 21/50 [01:05<01:40,  3.46s/it]
Task 7, Epoch 22/50 => Loss 0.123, Train_accy 95.86:  42%|████▏     | 21/50 [01:07<01:40,  3.46s/it]
Task 7, Epoch 22/50 => Loss 0.123, Train_accy 95.86:  44%|████▍     | 22/50 [01:07<01:24,  3.03s/it]
Task 7, Epoch 23/50 => Loss 0.120, Train_accy 96.51:  44%|████▍     | 22/50 [01:09<01:24,  3.03s/it]
Task 7, Epoch 23/50 => Loss 0.120, Train_accy 96.51:  46%|████▌     | 23/50 [01:09<01:13,  2.73s/it]
Task 7, Epoch 24/50 => Loss 0.122, Train_accy 97.17:  46%|████▌     | 23/50 [01:11<01:13,  2.73s/it]
Task 7, Epoch 24/50 => Loss 0.122, Train_accy 97.17:  48%|████▊     | 24/50 [01:11<01:05,  2.52s/it]
Task 7, Epoch 25/50 => Loss 0.181, Train_accy 94.12, Test_accy 81.28:  48%|████▊     | 24/50 [01:19<01:05,  2.52s/it]
Task 7, Epoch 25/50 => Loss 0.181, Train_accy 94.12, Test_accy 81.28:  50%|█████     | 25/50 [01:19<01:42,  4.08s/it]
Task 7, Epoch 26/50 => Loss 0.152, Train_accy 95.64:  50%|█████     | 25/50 [01:21<01:42,  4.08s/it]                 
Task 7, Epoch 26/50 => Loss 0.152, Train_accy 95.64:  52%|█████▏    | 26/50 [01:21<01:23,  3.46s/it]
Task 7, Epoch 27/50 => Loss 0.159, Train_accy 95.42:  52%|█████▏    | 26/50 [01:23<01:23,  3.46s/it]
Task 7, Epoch 27/50 => Loss 0.159, Train_accy 95.42:  54%|█████▍    | 27/50 [01:23<01:09,  3.04s/it]
Task 7, Epoch 28/50 => Loss 0.073, Train_accy 98.04:  54%|█████▍    | 27/50 [01:25<01:09,  3.04s/it]
Task 7, Epoch 28/50 => Loss 0.073, Train_accy 98.04:  56%|█████▌    | 28/50 [01:25<01:00,  2.74s/it]
Task 7, Epoch 29/50 => Loss 0.125, Train_accy 96.30:  56%|█████▌    | 28/50 [01:27<01:00,  2.74s/it]
Task 7, Epoch 29/50 => Loss 0.125, Train_accy 96.30:  58%|█████▊    | 29/50 [01:27<00:53,  2.53s/it]
Task 7, Epoch 30/50 => Loss 0.104, Train_accy 96.73, Test_accy 81.61:  58%|█████▊    | 29/50 [01:35<00:53,  2.53s/it]
Task 7, Epoch 30/50 => Loss 0.104, Train_accy 96.73, Test_accy 81.61:  60%|██████    | 30/50 [01:35<01:21,  4.09s/it]
Task 7, Epoch 31/50 => Loss 0.147, Train_accy 94.12:  60%|██████    | 30/50 [01:37<01:21,  4.09s/it]                 
Task 7, Epoch 31/50 => Loss 0.147, Train_accy 94.12:  62%|██████▏   | 31/50 [01:37<01:05,  3.47s/it]
Task 7, Epoch 32/50 => Loss 0.188, Train_accy 93.90:  62%|██████▏   | 31/50 [01:39<01:05,  3.47s/it]
Task 7, Epoch 32/50 => Loss 0.188, Train_accy 93.90:  64%|██████▍   | 32/50 [01:39<00:54,  3.05s/it]
Task 7, Epoch 33/50 => Loss 0.097, Train_accy 96.51:  64%|██████▍   | 32/50 [01:41<00:54,  3.05s/it]
Task 7, Epoch 33/50 => Loss 0.097, Train_accy 96.51:  66%|██████▌   | 33/50 [01:41<00:46,  2.75s/it]
Task 7, Epoch 34/50 => Loss 0.105, Train_accy 96.51:  66%|██████▌   | 33/50 [01:43<00:46,  2.75s/it]
Task 7, Epoch 34/50 => Loss 0.105, Train_accy 96.51:  68%|██████▊   | 34/50 [01:43<00:40,  2.53s/it]
Task 7, Epoch 35/50 => Loss 0.087, Train_accy 97.60, Test_accy 81.61:  68%|██████▊   | 34/50 [01:51<00:40,  2.53s/it]
Task 7, Epoch 35/50 => Loss 0.087, Train_accy 97.60, Test_accy 81.61:  70%|███████   | 35/50 [01:51<01:01,  4.09s/it]
Task 7, Epoch 36/50 => Loss 0.101, Train_accy 96.51:  70%|███████   | 35/50 [01:53<01:01,  4.09s/it]                 
Task 7, Epoch 36/50 => Loss 0.101, Train_accy 96.51:  72%|███████▏  | 36/50 [01:53<00:49,  3.52s/it]
Task 7, Epoch 37/50 => Loss 0.124, Train_accy 96.51:  72%|███████▏  | 36/50 [01:55<00:49,  3.52s/it]
Task 7, Epoch 37/50 => Loss 0.124, Train_accy 96.51:  74%|███████▍  | 37/50 [01:55<00:39,  3.07s/it]
Task 7, Epoch 38/50 => Loss 0.147, Train_accy 94.99:  74%|███████▍  | 37/50 [01:57<00:39,  3.07s/it]
Task 7, Epoch 38/50 => Loss 0.147, Train_accy 94.99:  76%|███████▌  | 38/50 [01:57<00:33,  2.76s/it]
Task 7, Epoch 39/50 => Loss 0.108, Train_accy 95.86:  76%|███████▌  | 38/50 [01:59<00:33,  2.76s/it]
Task 7, Epoch 39/50 => Loss 0.108, Train_accy 95.86:  78%|███████▊  | 39/50 [01:59<00:27,  2.54s/it]
Task 7, Epoch 40/50 => Loss 0.107, Train_accy 96.51, Test_accy 81.28:  78%|███████▊  | 39/50 [02:07<00:27,  2.54s/it]
Task 7, Epoch 40/50 => Loss 0.107, Train_accy 96.51, Test_accy 81.28:  80%|████████  | 40/50 [02:07<00:41,  4.14s/it]
Task 7, Epoch 41/50 => Loss 0.110, Train_accy 96.30:  80%|████████  | 40/50 [02:09<00:41,  4.14s/it]                 
Task 7, Epoch 41/50 => Loss 0.110, Train_accy 96.30:  82%|████████▏ | 41/50 [02:09<00:32,  3.56s/it]
Task 7, Epoch 42/50 => Loss 0.080, Train_accy 97.82:  82%|████████▏ | 41/50 [02:11<00:32,  3.56s/it]
Task 7, Epoch 42/50 => Loss 0.080, Train_accy 97.82:  84%|████████▍ | 42/50 [02:11<00:24,  3.10s/it]
Task 7, Epoch 43/50 => Loss 0.082, Train_accy 96.51:  84%|████████▍ | 42/50 [02:13<00:24,  3.10s/it]
Task 7, Epoch 43/50 => Loss 0.082, Train_accy 96.51:  86%|████████▌ | 43/50 [02:13<00:19,  2.78s/it]
Task 7, Epoch 44/50 => Loss 0.058, Train_accy 98.69:  86%|████████▌ | 43/50 [02:15<00:19,  2.78s/it]
Task 7, Epoch 44/50 => Loss 0.058, Train_accy 98.69:  88%|████████▊ | 44/50 [02:15<00:15,  2.56s/it]
Task 7, Epoch 45/50 => Loss 0.128, Train_accy 96.08, Test_accy 80.96:  88%|████████▊ | 44/50 [02:23<00:15,  2.56s/it]
Task 7, Epoch 45/50 => Loss 0.128, Train_accy 96.08, Test_accy 80.96:  90%|█████████ | 45/50 [02:23<00:20,  4.12s/it]
Task 7, Epoch 46/50 => Loss 0.108, Train_accy 96.73:  90%|█████████ | 45/50 [02:25<00:20,  4.12s/it]                 
Task 7, Epoch 46/50 => Loss 0.108, Train_accy 96.73:  92%|█████████▏| 46/50 [02:25<00:14,  3.53s/it]
Task 7, Epoch 47/50 => Loss 0.111, Train_accy 97.17:  92%|█████████▏| 46/50 [02:27<00:14,  3.53s/it]
Task 7, Epoch 47/50 => Loss 0.111, Train_accy 97.17:  94%|█████████▍| 47/50 [02:27<00:09,  3.10s/it]
Task 7, Epoch 48/50 => Loss 0.096, Train_accy 97.17:  94%|█████████▍| 47/50 [02:29<00:09,  3.10s/it]
Task 7, Epoch 48/50 => Loss 0.096, Train_accy 97.17:  96%|█████████▌| 48/50 [02:29<00:05,  2.79s/it]
Task 7, Epoch 49/50 => Loss 0.090, Train_accy 97.82:  96%|█████████▌| 48/50 [02:31<00:05,  2.79s/it]
Task 7, Epoch 49/50 => Loss 0.090, Train_accy 97.82:  98%|█████████▊| 49/50 [02:31<00:02,  2.56s/it]
Task 7, Epoch 50/50 => Loss 0.118, Train_accy 95.64, Test_accy 80.96:  98%|█████████▊| 49/50 [02:39<00:02,  2.56s/it]
Task 7, Epoch 50/50 => Loss 0.118, Train_accy 95.64, Test_accy 80.96: 100%|██████████| 50/50 [02:39<00:00,  4.12s/it]
Task 7, Epoch 50/50 => Loss 0.118, Train_accy 95.64, Test_accy 80.96: 100%|██████████| 50/50 [02:39<00:00,  3.19s/it]2025-02-06 14:36:28,338 [lae.py] => Task 7, Epoch 50/50 => Loss 0.118, Train_accy 95.64, Test_accy 80.96

2025-02-06 14:36:34,288 [trainer.py] => No NME accuracy.
2025-02-06 14:36:34,289 [trainer.py] => CNN: {'total': 80.96, '00-09': 74.58, '10-19': 74.42, '20-29': 83.51, '30-39': 83.64, '40-49': 84.11, '50-59': 85.59, '60-69': 73.58, '70-79': 87.94, 'old': 79.69, 'new': 87.94}
2025-02-06 14:36:34,289 [trainer.py] => CNN top1 curve: [99.15, 95.95, 92.15, 89.43, 88.41, 85.27, 81.75, 80.96]
2025-02-06 14:36:34,289 [trainer.py] => CNN top5 curve: [100.0, 99.6, 99.42, 99.34, 99.47, 98.81, 98.46, 98.15]

Average Accuracy (CNN): 89.13
2025-02-06 14:36:34,290 [trainer.py] => Average Accuracy (CNN): 89.13 

2025-02-06 14:36:34,291 [trainer.py] => All params: 85944716
2025-02-06 14:36:34,293 [trainer.py] => Trainable params: 103790
2025-02-06 14:36:34,295 [lae.py] => Learning on 80-90

  0%|          | 0/50 [00:00<?, ?it/s]
Task 8, Epoch 1/50 => Loss 2.586, Train_accy 21.91:   0%|          | 0/50 [00:02<?, ?it/s]
Task 8, Epoch 1/50 => Loss 2.586, Train_accy 21.91:   2%|▏         | 1/50 [00:02<01:41,  2.07s/it]
Task 8, Epoch 2/50 => Loss 1.784, Train_accy 41.43:   2%|▏         | 1/50 [00:04<01:41,  2.07s/it]
Task 8, Epoch 2/50 => Loss 1.784, Train_accy 41.43:   4%|▍         | 2/50 [00:04<01:38,  2.05s/it]
Task 8, Epoch 3/50 => Loss 1.273, Train_accy 64.86:   4%|▍         | 2/50 [00:06<01:38,  2.05s/it]
Task 8, Epoch 3/50 => Loss 1.273, Train_accy 64.86:   6%|▌         | 3/50 [00:06<01:36,  2.06s/it]
Task 8, Epoch 4/50 => Loss 0.937, Train_accy 74.40:   6%|▌         | 3/50 [00:08<01:36,  2.06s/it]
Task 8, Epoch 4/50 => Loss 0.937, Train_accy 74.40:   8%|▊         | 4/50 [00:08<01:35,  2.07s/it]
Task 8, Epoch 5/50 => Loss 0.676, Train_accy 83.30, Test_accy 72.62:   8%|▊         | 4/50 [00:16<01:35,  2.07s/it]
Task 8, Epoch 5/50 => Loss 0.676, Train_accy 83.30, Test_accy 72.62:  10%|█         | 5/50 [00:16<03:16,  4.36s/it]
Task 8, Epoch 6/50 => Loss 0.536, Train_accy 86.33:  10%|█         | 5/50 [00:18<03:16,  4.36s/it]                 
Task 8, Epoch 6/50 => Loss 0.536, Train_accy 86.33:  12%|█▏        | 6/50 [00:18<02:37,  3.58s/it]
Task 8, Epoch 7/50 => Loss 0.466, Train_accy 88.50:  12%|█▏        | 6/50 [00:20<02:37,  3.58s/it]
Task 8, Epoch 7/50 => Loss 0.466, Train_accy 88.50:  14%|█▍        | 7/50 [00:20<02:12,  3.08s/it]
Task 8, Epoch 8/50 => Loss 0.362, Train_accy 91.11:  14%|█▍        | 7/50 [00:22<02:12,  3.08s/it]
Task 8, Epoch 8/50 => Loss 0.362, Train_accy 91.11:  16%|█▌        | 8/50 [00:22<01:55,  2.75s/it]
Task 8, Epoch 9/50 => Loss 0.324, Train_accy 91.11:  16%|█▌        | 8/50 [00:24<01:55,  2.75s/it]
Task 8, Epoch 9/50 => Loss 0.324, Train_accy 91.11:  18%|█▊        | 9/50 [00:24<01:44,  2.54s/it]
Task 8, Epoch 10/50 => Loss 0.319, Train_accy 90.24, Test_accy 75.10:  18%|█▊        | 9/50 [00:33<01:44,  2.54s/it]
Task 8, Epoch 10/50 => Loss 0.319, Train_accy 90.24, Test_accy 75.10:  20%|██        | 10/50 [00:33<02:54,  4.37s/it]
Task 8, Epoch 11/50 => Loss 0.261, Train_accy 92.84:  20%|██        | 10/50 [00:35<02:54,  4.37s/it]                 
Task 8, Epoch 11/50 => Loss 0.261, Train_accy 92.84:  22%|██▏       | 11/50 [00:35<02:23,  3.68s/it]
Task 8, Epoch 12/50 => Loss 0.189, Train_accy 93.93:  22%|██▏       | 11/50 [00:37<02:23,  3.68s/it]
Task 8, Epoch 12/50 => Loss 0.189, Train_accy 93.93:  24%|██▍       | 12/50 [00:37<02:01,  3.19s/it]
Task 8, Epoch 13/50 => Loss 0.271, Train_accy 92.62:  24%|██▍       | 12/50 [00:39<02:01,  3.19s/it]
Task 8, Epoch 13/50 => Loss 0.271, Train_accy 92.62:  26%|██▌       | 13/50 [00:39<01:45,  2.86s/it]
Task 8, Epoch 14/50 => Loss 0.272, Train_accy 92.19:  26%|██▌       | 13/50 [00:41<01:45,  2.86s/it]
Task 8, Epoch 14/50 => Loss 0.272, Train_accy 92.19:  28%|██▊       | 14/50 [00:41<01:34,  2.62s/it]
Task 8, Epoch 15/50 => Loss 0.203, Train_accy 94.36, Test_accy 76.90:  28%|██▊       | 14/50 [00:50<01:34,  2.62s/it]
Task 8, Epoch 15/50 => Loss 0.203, Train_accy 94.36, Test_accy 76.90:  30%|███       | 15/50 [00:50<02:32,  4.37s/it]
Task 8, Epoch 16/50 => Loss 0.294, Train_accy 91.97:  30%|███       | 15/50 [00:52<02:32,  4.37s/it]                 
Task 8, Epoch 16/50 => Loss 0.294, Train_accy 91.97:  32%|███▏      | 16/50 [00:52<02:04,  3.67s/it]
Task 8, Epoch 17/50 => Loss 0.255, Train_accy 93.71:  32%|███▏      | 16/50 [00:54<02:04,  3.67s/it]
Task 8, Epoch 17/50 => Loss 0.255, Train_accy 93.71:  34%|███▍      | 17/50 [00:54<01:45,  3.19s/it]
Task 8, Epoch 18/50 => Loss 0.184, Train_accy 94.58:  34%|███▍      | 17/50 [00:56<01:45,  3.19s/it]
Task 8, Epoch 18/50 => Loss 0.184, Train_accy 94.58:  36%|███▌      | 18/50 [00:56<01:31,  2.86s/it]
Task 8, Epoch 19/50 => Loss 0.205, Train_accy 93.93:  36%|███▌      | 18/50 [00:58<01:31,  2.86s/it]
Task 8, Epoch 19/50 => Loss 0.205, Train_accy 93.93:  38%|███▊      | 19/50 [00:58<01:20,  2.61s/it]
Task 8, Epoch 20/50 => Loss 0.193, Train_accy 94.79, Test_accy 78.04:  38%|███▊      | 19/50 [01:06<01:20,  2.61s/it]
Task 8, Epoch 20/50 => Loss 0.193, Train_accy 94.79, Test_accy 78.04:  40%|████      | 20/50 [01:06<02:10,  4.36s/it]
Task 8, Epoch 21/50 => Loss 0.214, Train_accy 93.06:  40%|████      | 20/50 [01:08<02:10,  4.36s/it]                 
Task 8, Epoch 21/50 => Loss 0.214, Train_accy 93.06:  42%|████▏     | 21/50 [01:08<01:46,  3.67s/it]
Task 8, Epoch 22/50 => Loss 0.182, Train_accy 94.79:  42%|████▏     | 21/50 [01:10<01:46,  3.67s/it]
Task 8, Epoch 22/50 => Loss 0.182, Train_accy 94.79:  44%|████▍     | 22/50 [01:10<01:29,  3.18s/it]
Task 8, Epoch 23/50 => Loss 0.170, Train_accy 94.58:  44%|████▍     | 22/50 [01:13<01:29,  3.18s/it]
Task 8, Epoch 23/50 => Loss 0.170, Train_accy 94.58:  46%|████▌     | 23/50 [01:13<01:17,  2.86s/it]
Task 8, Epoch 24/50 => Loss 0.194, Train_accy 95.01:  46%|████▌     | 23/50 [01:15<01:17,  2.86s/it]
Task 8, Epoch 24/50 => Loss 0.194, Train_accy 95.01:  48%|████▊     | 24/50 [01:15<01:07,  2.61s/it]
Task 8, Epoch 25/50 => Loss 0.176, Train_accy 94.79, Test_accy 78.99:  48%|████▊     | 24/50 [01:23<01:07,  2.61s/it]
Task 8, Epoch 25/50 => Loss 0.176, Train_accy 94.79, Test_accy 78.99:  50%|█████     | 25/50 [01:23<01:49,  4.36s/it]
Task 8, Epoch 26/50 => Loss 0.209, Train_accy 93.93:  50%|█████     | 25/50 [01:25<01:49,  4.36s/it]                 
Task 8, Epoch 26/50 => Loss 0.209, Train_accy 93.93:  52%|█████▏    | 26/50 [01:25<01:28,  3.68s/it]
Task 8, Epoch 27/50 => Loss 0.128, Train_accy 95.88:  52%|█████▏    | 26/50 [01:27<01:28,  3.68s/it]
Task 8, Epoch 27/50 => Loss 0.128, Train_accy 95.88:  54%|█████▍    | 27/50 [01:27<01:13,  3.20s/it]
Task 8, Epoch 28/50 => Loss 0.190, Train_accy 95.23:  54%|█████▍    | 27/50 [01:29<01:13,  3.20s/it]
Task 8, Epoch 28/50 => Loss 0.190, Train_accy 95.23:  56%|█████▌    | 28/50 [01:29<01:02,  2.85s/it]
Task 8, Epoch 29/50 => Loss 0.217, Train_accy 93.28:  56%|█████▌    | 28/50 [01:31<01:02,  2.85s/it]
Task 8, Epoch 29/50 => Loss 0.217, Train_accy 93.28:  58%|█████▊    | 29/50 [01:31<00:54,  2.60s/it]
Task 8, Epoch 30/50 => Loss 0.218, Train_accy 93.49, Test_accy 79.09:  58%|█████▊    | 29/50 [01:40<00:54,  2.60s/it]
Task 8, Epoch 30/50 => Loss 0.218, Train_accy 93.49, Test_accy 79.09:  60%|██████    | 30/50 [01:40<01:27,  4.37s/it]
Task 8, Epoch 31/50 => Loss 0.120, Train_accy 96.10:  60%|██████    | 30/50 [01:42<01:27,  4.37s/it]                 
Task 8, Epoch 31/50 => Loss 0.120, Train_accy 96.10:  62%|██████▏   | 31/50 [01:42<01:09,  3.68s/it]
Task 8, Epoch 32/50 => Loss 0.149, Train_accy 95.01:  62%|██████▏   | 31/50 [01:44<01:09,  3.68s/it]
Task 8, Epoch 32/50 => Loss 0.149, Train_accy 95.01:  64%|██████▍   | 32/50 [01:44<00:57,  3.18s/it]
Task 8, Epoch 33/50 => Loss 0.123, Train_accy 95.88:  64%|██████▍   | 32/50 [01:46<00:57,  3.18s/it]
Task 8, Epoch 33/50 => Loss 0.123, Train_accy 95.88:  66%|██████▌   | 33/50 [01:46<00:48,  2.85s/it]
Task 8, Epoch 34/50 => Loss 0.181, Train_accy 93.93:  66%|██████▌   | 33/50 [01:48<00:48,  2.85s/it]
Task 8, Epoch 34/50 => Loss 0.181, Train_accy 93.93:  68%|██████▊   | 34/50 [01:48<00:41,  2.60s/it]
Task 8, Epoch 35/50 => Loss 0.158, Train_accy 93.71, Test_accy 79.66:  68%|██████▊   | 34/50 [01:56<00:41,  2.60s/it]
Task 8, Epoch 35/50 => Loss 0.158, Train_accy 93.71, Test_accy 79.66:  70%|███████   | 35/50 [01:56<01:05,  4.35s/it]
Task 8, Epoch 36/50 => Loss 0.164, Train_accy 95.23:  70%|███████   | 35/50 [01:58<01:05,  4.35s/it]                 
Task 8, Epoch 36/50 => Loss 0.164, Train_accy 95.23:  72%|███████▏  | 36/50 [01:58<00:51,  3.66s/it]
Task 8, Epoch 37/50 => Loss 0.173, Train_accy 95.44:  72%|███████▏  | 36/50 [02:00<00:51,  3.66s/it]
Task 8, Epoch 37/50 => Loss 0.173, Train_accy 95.44:  74%|███████▍  | 37/50 [02:00<00:41,  3.19s/it]
Task 8, Epoch 38/50 => Loss 0.132, Train_accy 95.88:  74%|███████▍  | 37/50 [02:03<00:41,  3.19s/it]
Task 8, Epoch 38/50 => Loss 0.132, Train_accy 95.88:  76%|███████▌  | 38/50 [02:03<00:34,  2.84s/it]
Task 8, Epoch 39/50 => Loss 0.128, Train_accy 96.31:  76%|███████▌  | 38/50 [02:05<00:34,  2.84s/it]
Task 8, Epoch 39/50 => Loss 0.128, Train_accy 96.31:  78%|███████▊  | 39/50 [02:05<00:28,  2.60s/it]
Task 8, Epoch 40/50 => Loss 0.146, Train_accy 96.31, Test_accy 79.94:  78%|███████▊  | 39/50 [02:13<00:28,  2.60s/it]
Task 8, Epoch 40/50 => Loss 0.146, Train_accy 96.31, Test_accy 79.94:  80%|████████  | 40/50 [02:13<00:43,  4.36s/it]
Task 8, Epoch 41/50 => Loss 0.142, Train_accy 95.01:  80%|████████  | 40/50 [02:15<00:43,  4.36s/it]                 
Task 8, Epoch 41/50 => Loss 0.142, Train_accy 95.01:  82%|████████▏ | 41/50 [02:15<00:33,  3.67s/it]
Task 8, Epoch 42/50 => Loss 0.172, Train_accy 93.93:  82%|████████▏ | 41/50 [02:17<00:33,  3.67s/it]
Task 8, Epoch 42/50 => Loss 0.172, Train_accy 93.93:  84%|████████▍ | 42/50 [02:17<00:25,  3.19s/it]
Task 8, Epoch 43/50 => Loss 0.158, Train_accy 95.23:  84%|████████▍ | 42/50 [02:19<00:25,  3.19s/it]
Task 8, Epoch 43/50 => Loss 0.158, Train_accy 95.23:  86%|████████▌ | 43/50 [02:19<00:19,  2.85s/it]
Task 8, Epoch 44/50 => Loss 0.136, Train_accy 96.10:  86%|████████▌ | 43/50 [02:21<00:19,  2.85s/it]
Task 8, Epoch 44/50 => Loss 0.136, Train_accy 96.10:  88%|████████▊ | 44/50 [02:21<00:15,  2.61s/it]
Task 8, Epoch 45/50 => Loss 0.194, Train_accy 93.49, Test_accy 79.85:  88%|████████▊ | 44/50 [02:30<00:15,  2.61s/it]
Task 8, Epoch 45/50 => Loss 0.194, Train_accy 93.49, Test_accy 79.85:  90%|█████████ | 45/50 [02:30<00:21,  4.35s/it]
Task 8, Epoch 46/50 => Loss 0.147, Train_accy 95.88:  90%|█████████ | 45/50 [02:32<00:21,  4.35s/it]                 
Task 8, Epoch 46/50 => Loss 0.147, Train_accy 95.88:  92%|█████████▏| 46/50 [02:32<00:14,  3.72s/it]
Task 8, Epoch 47/50 => Loss 0.147, Train_accy 94.36:  92%|█████████▏| 46/50 [02:34<00:14,  3.72s/it]
Task 8, Epoch 47/50 => Loss 0.147, Train_accy 94.36:  94%|█████████▍| 47/50 [02:34<00:09,  3.23s/it]
Task 8, Epoch 48/50 => Loss 0.176, Train_accy 93.93:  94%|█████████▍| 47/50 [02:36<00:09,  3.23s/it]
Task 8, Epoch 48/50 => Loss 0.176, Train_accy 93.93:  96%|█████████▌| 48/50 [02:36<00:05,  2.88s/it]
Task 8, Epoch 49/50 => Loss 0.157, Train_accy 93.49:  96%|█████████▌| 48/50 [02:38<00:05,  2.88s/it]
Task 8, Epoch 49/50 => Loss 0.157, Train_accy 93.49:  98%|█████████▊| 49/50 [02:38<00:02,  2.63s/it]
Task 8, Epoch 50/50 => Loss 0.108, Train_accy 96.53, Test_accy 80.04:  98%|█████████▊| 49/50 [02:47<00:02,  2.63s/it]
Task 8, Epoch 50/50 => Loss 0.108, Train_accy 96.53, Test_accy 80.04: 100%|██████████| 50/50 [02:47<00:00,  4.37s/it]
Task 8, Epoch 50/50 => Loss 0.108, Train_accy 96.53, Test_accy 80.04: 100%|██████████| 50/50 [02:47<00:00,  3.34s/it]2025-02-06 14:39:21,364 [lae.py] => Task 8, Epoch 50/50 => Loss 0.108, Train_accy 96.53, Test_accy 80.04

2025-02-06 14:39:27,774 [trainer.py] => No NME accuracy.
2025-02-06 14:39:27,775 [trainer.py] => CNN: {'total': 80.04, '00-09': 74.58, '10-19': 71.32, '20-29': 83.51, '30-39': 83.64, '40-49': 84.11, '50-59': 83.78, '60-69': 73.58, '70-79': 84.4, '80-89': 81.95, 'old': 79.76, 'new': 81.95}
2025-02-06 14:39:27,775 [trainer.py] => CNN top1 curve: [99.15, 95.95, 92.15, 89.43, 88.41, 85.27, 81.75, 80.96, 80.04]
2025-02-06 14:39:27,775 [trainer.py] => CNN top5 curve: [100.0, 99.6, 99.42, 99.34, 99.47, 98.81, 98.46, 98.15, 98.19]

Average Accuracy (CNN): 88.12
2025-02-06 14:39:27,775 [trainer.py] => Average Accuracy (CNN): 88.12 

2025-02-06 14:39:27,777 [trainer.py] => All params: 85952406
2025-02-06 14:39:27,778 [trainer.py] => Trainable params: 111480
2025-02-06 14:39:27,781 [lae.py] => Learning on 90-100

  0%|          | 0/50 [00:00<?, ?it/s]
Task 9, Epoch 1/50 => Loss 2.523, Train_accy 25.39:   0%|          | 0/50 [00:02<?, ?it/s]
Task 9, Epoch 1/50 => Loss 2.523, Train_accy 25.39:   2%|▏         | 1/50 [00:02<01:39,  2.02s/it]
Task 9, Epoch 2/50 => Loss 1.807, Train_accy 41.28:   2%|▏         | 1/50 [00:04<01:39,  2.02s/it]
Task 9, Epoch 2/50 => Loss 1.807, Train_accy 41.28:   4%|▍         | 2/50 [00:04<01:38,  2.05s/it]
Task 9, Epoch 3/50 => Loss 1.252, Train_accy 58.06:   4%|▍         | 2/50 [00:06<01:38,  2.05s/it]
Task 9, Epoch 3/50 => Loss 1.252, Train_accy 58.06:   6%|▌         | 3/50 [00:06<01:37,  2.08s/it]
Task 9, Epoch 4/50 => Loss 0.909, Train_accy 69.76:   6%|▌         | 3/50 [00:08<01:37,  2.08s/it]
Task 9, Epoch 4/50 => Loss 0.909, Train_accy 69.76:   8%|▊         | 4/50 [00:08<01:34,  2.06s/it]
Task 9, Epoch 5/50 => Loss 0.689, Train_accy 77.70, Test_accy 72.81:   8%|▊         | 4/50 [00:17<01:34,  2.06s/it]
Task 9, Epoch 5/50 => Loss 0.689, Train_accy 77.70, Test_accy 72.81:  10%|█         | 5/50 [00:17<03:27,  4.60s/it]
Task 9, Epoch 6/50 => Loss 0.545, Train_accy 83.22:  10%|█         | 5/50 [00:19<03:27,  4.60s/it]                 
Task 9, Epoch 6/50 => Loss 0.545, Train_accy 83.22:  12%|█▏        | 6/50 [00:19<02:43,  3.72s/it]
Task 9, Epoch 7/50 => Loss 0.442, Train_accy 85.87:  12%|█▏        | 6/50 [00:21<02:43,  3.72s/it]
Task 9, Epoch 7/50 => Loss 0.442, Train_accy 85.87:  14%|█▍        | 7/50 [00:21<02:16,  3.16s/it]
Task 9, Epoch 8/50 => Loss 0.402, Train_accy 86.98:  14%|█▍        | 7/50 [00:23<02:16,  3.16s/it]
Task 9, Epoch 8/50 => Loss 0.402, Train_accy 86.98:  16%|█▌        | 8/50 [00:23<01:58,  2.81s/it]
Task 9, Epoch 9/50 => Loss 0.326, Train_accy 89.18:  16%|█▌        | 8/50 [00:25<01:58,  2.81s/it]
Task 9, Epoch 9/50 => Loss 0.326, Train_accy 89.18:  18%|█▊        | 9/50 [00:25<01:47,  2.62s/it]
Task 9, Epoch 10/50 => Loss 0.300, Train_accy 91.17, Test_accy 76.35:  18%|█▊        | 9/50 [00:34<01:47,  2.62s/it]
Task 9, Epoch 10/50 => Loss 0.300, Train_accy 91.17, Test_accy 76.35:  20%|██        | 10/50 [00:34<03:04,  4.60s/it]
Task 9, Epoch 11/50 => Loss 0.300, Train_accy 91.17:  20%|██        | 10/50 [00:36<03:04,  4.60s/it]                 
Task 9, Epoch 11/50 => Loss 0.300, Train_accy 91.17:  22%|██▏       | 11/50 [00:36<02:28,  3.81s/it]
Task 9, Epoch 12/50 => Loss 0.285, Train_accy 89.62:  22%|██▏       | 11/50 [00:38<02:28,  3.81s/it]
Task 9, Epoch 12/50 => Loss 0.285, Train_accy 89.62:  24%|██▍       | 12/50 [00:38<02:04,  3.26s/it]
Task 9, Epoch 13/50 => Loss 0.252, Train_accy 91.17:  24%|██▍       | 12/50 [00:40<02:04,  3.26s/it]
Task 9, Epoch 13/50 => Loss 0.252, Train_accy 91.17:  26%|██▌       | 13/50 [00:40<01:46,  2.88s/it]
Task 9, Epoch 14/50 => Loss 0.277, Train_accy 91.61:  26%|██▌       | 13/50 [00:42<01:46,  2.88s/it]
Task 9, Epoch 14/50 => Loss 0.277, Train_accy 91.61:  28%|██▊       | 14/50 [00:42<01:34,  2.62s/it]
Task 9, Epoch 15/50 => Loss 0.333, Train_accy 87.86, Test_accy 77.36:  28%|██▊       | 14/50 [00:51<01:34,  2.62s/it]
Task 9, Epoch 15/50 => Loss 0.333, Train_accy 87.86, Test_accy 77.36:  30%|███       | 15/50 [00:51<02:39,  4.56s/it]
Task 9, Epoch 16/50 => Loss 0.285, Train_accy 91.39:  30%|███       | 15/50 [00:53<02:39,  4.56s/it]                 
Task 9, Epoch 16/50 => Loss 0.285, Train_accy 91.39:  32%|███▏      | 16/50 [00:53<02:09,  3.80s/it]
Task 9, Epoch 17/50 => Loss 0.271, Train_accy 90.29:  32%|███▏      | 16/50 [00:55<02:09,  3.80s/it]
Task 9, Epoch 17/50 => Loss 0.271, Train_accy 90.29:  34%|███▍      | 17/50 [00:55<01:47,  3.26s/it]
Task 9, Epoch 18/50 => Loss 0.275, Train_accy 92.05:  34%|███▍      | 17/50 [00:57<01:47,  3.26s/it]
Task 9, Epoch 18/50 => Loss 0.275, Train_accy 92.05:  36%|███▌      | 18/50 [00:57<01:32,  2.90s/it]
Task 9, Epoch 19/50 => Loss 0.221, Train_accy 92.72:  36%|███▌      | 18/50 [01:00<01:32,  2.90s/it]
Task 9, Epoch 19/50 => Loss 0.221, Train_accy 92.72:  38%|███▊      | 19/50 [01:00<01:23,  2.68s/it]
Task 9, Epoch 20/50 => Loss 0.172, Train_accy 94.04, Test_accy 77.44:  38%|███▊      | 19/50 [01:09<01:23,  2.68s/it]
Task 9, Epoch 20/50 => Loss 0.172, Train_accy 94.04, Test_accy 77.44:  40%|████      | 20/50 [01:09<02:17,  4.59s/it]
Task 9, Epoch 21/50 => Loss 0.190, Train_accy 94.48:  40%|████      | 20/50 [01:11<02:17,  4.59s/it]                 
Task 9, Epoch 21/50 => Loss 0.190, Train_accy 94.48:  42%|████▏     | 21/50 [01:11<01:51,  3.83s/it]
Task 9, Epoch 22/50 => Loss 0.175, Train_accy 94.92:  42%|████▏     | 21/50 [01:13<01:51,  3.83s/it]
Task 9, Epoch 22/50 => Loss 0.175, Train_accy 94.92:  44%|████▍     | 22/50 [01:13<01:32,  3.29s/it]
Task 9, Epoch 23/50 => Loss 0.204, Train_accy 94.04:  44%|████▍     | 22/50 [01:15<01:32,  3.29s/it]
Task 9, Epoch 23/50 => Loss 0.204, Train_accy 94.04:  46%|████▌     | 23/50 [01:15<01:18,  2.91s/it]
Task 9, Epoch 24/50 => Loss 0.164, Train_accy 95.14:  46%|████▌     | 23/50 [01:17<01:18,  2.91s/it]
Task 9, Epoch 24/50 => Loss 0.164, Train_accy 95.14:  48%|████▊     | 24/50 [01:17<01:08,  2.64s/it]
Task 9, Epoch 25/50 => Loss 0.160, Train_accy 94.48, Test_accy 77.95:  48%|████▊     | 24/50 [01:26<01:08,  2.64s/it]
Task 9, Epoch 25/50 => Loss 0.160, Train_accy 94.48, Test_accy 77.95:  50%|█████     | 25/50 [01:26<01:54,  4.58s/it]
Task 9, Epoch 26/50 => Loss 0.206, Train_accy 92.27:  50%|█████     | 25/50 [01:28<01:54,  4.58s/it]                 
Task 9, Epoch 26/50 => Loss 0.206, Train_accy 92.27:  52%|█████▏    | 26/50 [01:28<01:31,  3.81s/it]
Task 9, Epoch 27/50 => Loss 0.178, Train_accy 94.92:  52%|█████▏    | 26/50 [01:30<01:31,  3.81s/it]
Task 9, Epoch 27/50 => Loss 0.178, Train_accy 94.92:  54%|█████▍    | 27/50 [01:30<01:15,  3.27s/it]
Task 9, Epoch 28/50 => Loss 0.191, Train_accy 93.82:  54%|█████▍    | 27/50 [01:32<01:15,  3.27s/it]
Task 9, Epoch 28/50 => Loss 0.191, Train_accy 93.82:  56%|█████▌    | 28/50 [01:32<01:03,  2.89s/it]
Task 9, Epoch 29/50 => Loss 0.142, Train_accy 95.58:  56%|█████▌    | 28/50 [01:34<01:03,  2.89s/it]
Task 9, Epoch 29/50 => Loss 0.142, Train_accy 95.58:  58%|█████▊    | 29/50 [01:34<00:55,  2.63s/it]
Task 9, Epoch 30/50 => Loss 0.152, Train_accy 96.25, Test_accy 78.45:  58%|█████▊    | 29/50 [01:43<00:55,  2.63s/it]
Task 9, Epoch 30/50 => Loss 0.152, Train_accy 96.25, Test_accy 78.45:  60%|██████    | 30/50 [01:43<01:32,  4.62s/it]
Task 9, Epoch 31/50 => Loss 0.184, Train_accy 94.04:  60%|██████    | 30/50 [01:45<01:32,  4.62s/it]                 
Task 9, Epoch 31/50 => Loss 0.184, Train_accy 94.04:  62%|██████▏   | 31/50 [01:45<01:13,  3.87s/it]
Task 9, Epoch 32/50 => Loss 0.179, Train_accy 94.70:  62%|██████▏   | 31/50 [01:47<01:13,  3.87s/it]
Task 9, Epoch 32/50 => Loss 0.179, Train_accy 94.70:  64%|██████▍   | 32/50 [01:47<00:59,  3.30s/it]
Task 9, Epoch 33/50 => Loss 0.166, Train_accy 95.14:  64%|██████▍   | 32/50 [01:49<00:59,  3.30s/it]
Task 9, Epoch 33/50 => Loss 0.166, Train_accy 95.14:  66%|██████▌   | 33/50 [01:49<00:49,  2.92s/it]
Task 9, Epoch 34/50 => Loss 0.202, Train_accy 94.26:  66%|██████▌   | 33/50 [01:51<00:49,  2.92s/it]
Task 9, Epoch 34/50 => Loss 0.202, Train_accy 94.26:  68%|██████▊   | 34/50 [01:51<00:42,  2.65s/it]
Task 9, Epoch 35/50 => Loss 0.122, Train_accy 96.03, Test_accy 78.54:  68%|██████▊   | 34/50 [02:00<00:42,  2.65s/it]
Task 9, Epoch 35/50 => Loss 0.122, Train_accy 96.03, Test_accy 78.54:  70%|███████   | 35/50 [02:00<01:08,  4.59s/it]
Task 9, Epoch 36/50 => Loss 0.200, Train_accy 93.38:  70%|███████   | 35/50 [02:02<01:08,  4.59s/it]                 
Task 9, Epoch 36/50 => Loss 0.200, Train_accy 93.38:  72%|███████▏  | 36/50 [02:02<00:53,  3.82s/it]
Task 9, Epoch 37/50 => Loss 0.158, Train_accy 95.58:  72%|███████▏  | 36/50 [02:04<00:53,  3.82s/it]
Task 9, Epoch 37/50 => Loss 0.158, Train_accy 95.58:  74%|███████▍  | 37/50 [02:04<00:42,  3.28s/it]
Task 9, Epoch 38/50 => Loss 0.202, Train_accy 94.48:  74%|███████▍  | 37/50 [02:06<00:42,  3.28s/it]
Task 9, Epoch 38/50 => Loss 0.202, Train_accy 94.48:  76%|███████▌  | 38/50 [02:06<00:34,  2.90s/it]
Task 9, Epoch 39/50 => Loss 0.151, Train_accy 94.92:  76%|███████▌  | 38/50 [02:09<00:34,  2.90s/it]
Task 9, Epoch 39/50 => Loss 0.151, Train_accy 94.92:  78%|███████▊  | 39/50 [02:09<00:29,  2.66s/it]
Task 9, Epoch 40/50 => Loss 0.157, Train_accy 95.58, Test_accy 78.70:  78%|███████▊  | 39/50 [02:18<00:29,  2.66s/it]
Task 9, Epoch 40/50 => Loss 0.157, Train_accy 95.58, Test_accy 78.70:  80%|████████  | 40/50 [02:18<00:45,  4.58s/it]
Task 9, Epoch 41/50 => Loss 0.134, Train_accy 95.81:  80%|████████  | 40/50 [02:20<00:45,  4.58s/it]                 
Task 9, Epoch 41/50 => Loss 0.134, Train_accy 95.81:  82%|████████▏ | 41/50 [02:20<00:34,  3.81s/it]
Task 9, Epoch 42/50 => Loss 0.155, Train_accy 95.58:  82%|████████▏ | 41/50 [02:22<00:34,  3.81s/it]
Task 9, Epoch 42/50 => Loss 0.155, Train_accy 95.58:  84%|████████▍ | 42/50 [02:22<00:26,  3.28s/it]
Task 9, Epoch 43/50 => Loss 0.181, Train_accy 94.92:  84%|████████▍ | 42/50 [02:24<00:26,  3.28s/it]
Task 9, Epoch 43/50 => Loss 0.181, Train_accy 94.92:  86%|████████▌ | 43/50 [02:24<00:20,  2.90s/it]
Task 9, Epoch 44/50 => Loss 0.170, Train_accy 95.14:  86%|████████▌ | 43/50 [02:26<00:20,  2.90s/it]
Task 9, Epoch 44/50 => Loss 0.170, Train_accy 95.14:  88%|████████▊ | 44/50 [02:26<00:15,  2.64s/it]
Task 9, Epoch 45/50 => Loss 0.095, Train_accy 98.01, Test_accy 78.70:  88%|████████▊ | 44/50 [02:35<00:15,  2.64s/it]
Task 9, Epoch 45/50 => Loss 0.095, Train_accy 98.01, Test_accy 78.70:  90%|█████████ | 45/50 [02:35<00:23,  4.62s/it]
Task 9, Epoch 46/50 => Loss 0.123, Train_accy 96.25:  90%|█████████ | 45/50 [02:37<00:23,  4.62s/it]                 
Task 9, Epoch 46/50 => Loss 0.123, Train_accy 96.25:  92%|█████████▏| 46/50 [02:37<00:15,  3.85s/it]
Task 9, Epoch 47/50 => Loss 0.093, Train_accy 97.79:  92%|█████████▏| 46/50 [02:39<00:15,  3.85s/it]
Task 9, Epoch 47/50 => Loss 0.093, Train_accy 97.79:  94%|█████████▍| 47/50 [02:39<00:09,  3.30s/it]
Task 9, Epoch 48/50 => Loss 0.092, Train_accy 97.57:  94%|█████████▍| 47/50 [02:41<00:09,  3.30s/it]
Task 9, Epoch 48/50 => Loss 0.092, Train_accy 97.57:  96%|█████████▌| 48/50 [02:41<00:05,  2.92s/it]
Task 9, Epoch 49/50 => Loss 0.128, Train_accy 96.25:  96%|█████████▌| 48/50 [02:43<00:05,  2.92s/it]
Task 9, Epoch 49/50 => Loss 0.128, Train_accy 96.25:  98%|█████████▊| 49/50 [02:43<00:02,  2.65s/it]
Task 9, Epoch 50/50 => Loss 0.120, Train_accy 96.91, Test_accy 79.04:  98%|█████████▊| 49/50 [02:52<00:02,  2.65s/it]
Task 9, Epoch 50/50 => Loss 0.120, Train_accy 96.91, Test_accy 79.04: 100%|██████████| 50/50 [02:52<00:00,  4.59s/it]
Task 9, Epoch 50/50 => Loss 0.120, Train_accy 96.91, Test_accy 79.04: 100%|██████████| 50/50 [02:52<00:00,  3.45s/it]2025-02-06 14:42:20,524 [lae.py] => Task 9, Epoch 50/50 => Loss 0.120, Train_accy 96.91, Test_accy 79.04

2025-02-06 14:42:27,622 [trainer.py] => No NME accuracy.
2025-02-06 14:42:27,623 [trainer.py] => CNN: {'total': 79.04, '00-09': 67.8, '10-19': 69.77, '20-29': 83.51, '30-39': 80.91, '40-49': 84.11, '50-59': 83.78, '60-69': 70.75, '70-79': 83.69, '80-89': 81.95, '90-99': 83.82, 'old': 78.42, 'new': 83.82}
2025-02-06 14:42:27,623 [trainer.py] => CNN top1 curve: [99.15, 95.95, 92.15, 89.43, 88.41, 85.27, 81.75, 80.96, 80.04, 79.04]
2025-02-06 14:42:27,623 [trainer.py] => CNN top5 curve: [100.0, 99.6, 99.42, 99.34, 99.47, 98.81, 98.46, 98.15, 98.19, 98.32]

Average Accuracy (CNN): 87.22
2025-02-06 14:42:27,623 [trainer.py] => Average Accuracy (CNN): 87.22 

2025-02-06 14:42:27,624 [trainer.py] => All params: 85960096
2025-02-06 14:42:27,626 [trainer.py] => Trainable params: 119170
2025-02-06 14:42:27,628 [lae.py] => Learning on 100-110

  0%|          | 0/50 [00:00<?, ?it/s]
Task 10, Epoch 1/50 => Loss 2.682, Train_accy 14.76:   0%|          | 0/50 [00:02<?, ?it/s]
Task 10, Epoch 1/50 => Loss 2.682, Train_accy 14.76:   2%|▏         | 1/50 [00:02<01:42,  2.08s/it]
Task 10, Epoch 2/50 => Loss 1.822, Train_accy 35.14:   2%|▏         | 1/50 [00:04<01:42,  2.08s/it]
Task 10, Epoch 2/50 => Loss 1.822, Train_accy 35.14:   4%|▍         | 2/50 [00:04<01:40,  2.10s/it]
Task 10, Epoch 3/50 => Loss 1.215, Train_accy 62.37:   4%|▍         | 2/50 [00:06<01:40,  2.10s/it]
Task 10, Epoch 3/50 => Loss 1.215, Train_accy 62.37:   6%|▌         | 3/50 [00:06<01:39,  2.12s/it]
Task 10, Epoch 4/50 => Loss 0.791, Train_accy 80.25:   6%|▌         | 3/50 [00:08<01:39,  2.12s/it]
Task 10, Epoch 4/50 => Loss 0.791, Train_accy 80.25:   8%|▊         | 4/50 [00:08<01:37,  2.11s/it]
Task 10, Epoch 5/50 => Loss 0.517, Train_accy 88.77, Test_accy 73.45:   8%|▊         | 4/50 [00:18<01:37,  2.11s/it]
Task 10, Epoch 5/50 => Loss 0.517, Train_accy 88.77, Test_accy 73.45:  10%|█         | 5/50 [00:18<03:39,  4.88s/it]
Task 10, Epoch 6/50 => Loss 0.431, Train_accy 90.23:  10%|█         | 5/50 [00:20<03:39,  4.88s/it]                 
Task 10, Epoch 6/50 => Loss 0.431, Train_accy 90.23:  12%|█▏        | 6/50 [00:20<02:53,  3.94s/it]
Task 10, Epoch 7/50 => Loss 0.351, Train_accy 90.44:  12%|█▏        | 6/50 [00:22<02:53,  3.94s/it]
Task 10, Epoch 7/50 => Loss 0.351, Train_accy 90.44:  14%|█▍        | 7/50 [00:22<02:23,  3.33s/it]
Task 10, Epoch 8/50 => Loss 0.252, Train_accy 95.01:  14%|█▍        | 7/50 [00:24<02:23,  3.33s/it]
Task 10, Epoch 8/50 => Loss 0.252, Train_accy 95.01:  16%|█▌        | 8/50 [00:24<02:02,  2.93s/it]
Task 10, Epoch 9/50 => Loss 0.235, Train_accy 93.56:  16%|█▌        | 8/50 [00:26<02:02,  2.93s/it]
Task 10, Epoch 9/50 => Loss 0.235, Train_accy 93.56:  18%|█▊        | 9/50 [00:26<01:48,  2.66s/it]
Task 10, Epoch 10/50 => Loss 0.212, Train_accy 94.18, Test_accy 76.52:  18%|█▊        | 9/50 [00:36<01:48,  2.66s/it]
Task 10, Epoch 10/50 => Loss 0.212, Train_accy 94.18, Test_accy 76.52:  20%|██        | 10/50 [00:36<03:13,  4.83s/it]
Task 10, Epoch 11/50 => Loss 0.245, Train_accy 92.31:  20%|██        | 10/50 [00:38<03:13,  4.83s/it]                 
Task 10, Epoch 11/50 => Loss 0.245, Train_accy 92.31:  22%|██▏       | 11/50 [00:38<02:35,  4.00s/it]
Task 10, Epoch 12/50 => Loss 0.185, Train_accy 95.43:  22%|██▏       | 11/50 [00:40<02:35,  4.00s/it]
Task 10, Epoch 12/50 => Loss 0.185, Train_accy 95.43:  24%|██▍       | 12/50 [00:40<02:09,  3.41s/it]
Task 10, Epoch 13/50 => Loss 0.216, Train_accy 94.39:  24%|██▍       | 12/50 [00:42<02:09,  3.41s/it]
Task 10, Epoch 13/50 => Loss 0.216, Train_accy 94.39:  26%|██▌       | 13/50 [00:42<01:51,  3.00s/it]
Task 10, Epoch 14/50 => Loss 0.179, Train_accy 93.76:  26%|██▌       | 13/50 [00:44<01:51,  3.00s/it]
Task 10, Epoch 14/50 => Loss 0.179, Train_accy 93.76:  28%|██▊       | 14/50 [00:44<01:37,  2.72s/it]
Task 10, Epoch 15/50 => Loss 0.170, Train_accy 95.01, Test_accy 77.97:  28%|██▊       | 14/50 [00:54<01:37,  2.72s/it]
Task 10, Epoch 15/50 => Loss 0.170, Train_accy 95.01, Test_accy 77.97:  30%|███       | 15/50 [00:54<02:49,  4.85s/it]
Task 10, Epoch 16/50 => Loss 0.185, Train_accy 94.59:  30%|███       | 15/50 [00:56<02:49,  4.85s/it]                 
Task 10, Epoch 16/50 => Loss 0.185, Train_accy 94.59:  32%|███▏      | 16/50 [00:56<02:18,  4.06s/it]
Task 10, Epoch 17/50 => Loss 0.139, Train_accy 96.05:  32%|███▏      | 16/50 [00:58<02:18,  4.06s/it]
Task 10, Epoch 17/50 => Loss 0.139, Train_accy 96.05:  34%|███▍      | 17/50 [00:58<01:54,  3.47s/it]
Task 10, Epoch 18/50 => Loss 0.146, Train_accy 95.43:  34%|███▍      | 17/50 [01:00<01:54,  3.47s/it]
Task 10, Epoch 18/50 => Loss 0.146, Train_accy 95.43:  36%|███▌      | 18/50 [01:00<01:38,  3.07s/it]
Task 10, Epoch 19/50 => Loss 0.137, Train_accy 96.47:  36%|███▌      | 18/50 [01:02<01:38,  3.07s/it]
Task 10, Epoch 19/50 => Loss 0.137, Train_accy 96.47:  38%|███▊      | 19/50 [01:02<01:25,  2.77s/it]
Task 10, Epoch 20/50 => Loss 0.213, Train_accy 93.35, Test_accy 78.36:  38%|███▊      | 19/50 [01:12<01:25,  2.77s/it]
Task 10, Epoch 20/50 => Loss 0.213, Train_accy 93.35, Test_accy 78.36:  40%|████      | 20/50 [01:12<02:26,  4.89s/it]
Task 10, Epoch 21/50 => Loss 0.153, Train_accy 96.26:  40%|████      | 20/50 [01:14<02:26,  4.89s/it]                 
Task 10, Epoch 21/50 => Loss 0.153, Train_accy 96.26:  42%|████▏     | 21/50 [01:14<01:57,  4.05s/it]
Task 10, Epoch 22/50 => Loss 0.157, Train_accy 94.59:  42%|████▏     | 21/50 [01:16<01:57,  4.05s/it]
Task 10, Epoch 22/50 => Loss 0.157, Train_accy 94.59:  44%|████▍     | 22/50 [01:16<01:36,  3.46s/it]
Task 10, Epoch 23/50 => Loss 0.129, Train_accy 96.26:  44%|████▍     | 22/50 [01:18<01:36,  3.46s/it]
Task 10, Epoch 23/50 => Loss 0.129, Train_accy 96.26:  46%|████▌     | 23/50 [01:18<01:21,  3.04s/it]
Task 10, Epoch 24/50 => Loss 0.100, Train_accy 97.30:  46%|████▌     | 23/50 [01:20<01:21,  3.04s/it]
Task 10, Epoch 24/50 => Loss 0.100, Train_accy 97.30:  48%|████▊     | 24/50 [01:20<01:11,  2.74s/it]
Task 10, Epoch 25/50 => Loss 0.182, Train_accy 95.43, Test_accy 78.28:  48%|████▊     | 24/50 [01:30<01:11,  2.74s/it]
Task 10, Epoch 25/50 => Loss 0.182, Train_accy 95.43, Test_accy 78.28:  50%|█████     | 25/50 [01:30<02:01,  4.84s/it]
Task 10, Epoch 26/50 => Loss 0.161, Train_accy 95.01:  50%|█████     | 25/50 [01:32<02:01,  4.84s/it]                 
Task 10, Epoch 26/50 => Loss 0.161, Train_accy 95.01:  52%|█████▏    | 26/50 [01:32<01:36,  4.02s/it]
Task 10, Epoch 27/50 => Loss 0.120, Train_accy 96.47:  52%|█████▏    | 26/50 [01:34<01:36,  4.02s/it]
Task 10, Epoch 27/50 => Loss 0.120, Train_accy 96.47:  54%|█████▍    | 27/50 [01:34<01:19,  3.45s/it]
Task 10, Epoch 28/50 => Loss 0.139, Train_accy 96.05:  54%|█████▍    | 27/50 [01:37<01:19,  3.45s/it]
Task 10, Epoch 28/50 => Loss 0.139, Train_accy 96.05:  56%|█████▌    | 28/50 [01:37<01:06,  3.04s/it]
Task 10, Epoch 29/50 => Loss 0.126, Train_accy 96.26:  56%|█████▌    | 28/50 [01:39<01:06,  3.04s/it]
Task 10, Epoch 29/50 => Loss 0.126, Train_accy 96.26:  58%|█████▊    | 29/50 [01:39<00:58,  2.77s/it]
Task 10, Epoch 30/50 => Loss 0.134, Train_accy 95.63, Test_accy 78.51:  58%|█████▊    | 29/50 [01:48<00:58,  2.77s/it]
Task 10, Epoch 30/50 => Loss 0.134, Train_accy 95.63, Test_accy 78.51:  60%|██████    | 30/50 [01:48<01:37,  4.88s/it]
Task 10, Epoch 31/50 => Loss 0.128, Train_accy 96.05:  60%|██████    | 30/50 [01:51<01:37,  4.88s/it]                 
Task 10, Epoch 31/50 => Loss 0.128, Train_accy 96.05:  62%|██████▏   | 31/50 [01:51<01:17,  4.07s/it]
Task 10, Epoch 32/50 => Loss 0.127, Train_accy 96.26:  62%|██████▏   | 31/50 [01:53<01:17,  4.07s/it]
Task 10, Epoch 32/50 => Loss 0.127, Train_accy 96.26:  64%|██████▍   | 32/50 [01:53<01:03,  3.54s/it]
Task 10, Epoch 33/50 => Loss 0.142, Train_accy 95.63:  64%|██████▍   | 32/50 [01:55<01:03,  3.54s/it]
Task 10, Epoch 33/50 => Loss 0.142, Train_accy 95.63:  66%|██████▌   | 33/50 [01:55<00:52,  3.11s/it]
Task 10, Epoch 34/50 => Loss 0.132, Train_accy 96.67:  66%|██████▌   | 33/50 [01:57<00:52,  3.11s/it]
Task 10, Epoch 34/50 => Loss 0.132, Train_accy 96.67:  68%|██████▊   | 34/50 [01:57<00:44,  2.80s/it]
Task 10, Epoch 35/50 => Loss 0.115, Train_accy 96.67, Test_accy 78.43:  68%|██████▊   | 34/50 [02:07<00:44,  2.80s/it]
Task 10, Epoch 35/50 => Loss 0.115, Train_accy 96.67, Test_accy 78.43:  70%|███████   | 35/50 [02:07<01:13,  4.89s/it]
Task 10, Epoch 36/50 => Loss 0.142, Train_accy 95.63:  70%|███████   | 35/50 [02:09<01:13,  4.89s/it]                 
Task 10, Epoch 36/50 => Loss 0.142, Train_accy 95.63:  72%|███████▏  | 36/50 [02:09<00:56,  4.05s/it]
Task 10, Epoch 37/50 => Loss 0.138, Train_accy 94.59:  72%|███████▏  | 36/50 [02:11<00:56,  4.05s/it]
Task 10, Epoch 37/50 => Loss 0.138, Train_accy 94.59:  74%|███████▍  | 37/50 [02:11<00:45,  3.47s/it]
Task 10, Epoch 38/50 => Loss 0.125, Train_accy 95.63:  74%|███████▍  | 37/50 [02:13<00:45,  3.47s/it]
Task 10, Epoch 38/50 => Loss 0.125, Train_accy 95.63:  76%|███████▌  | 38/50 [02:13<00:36,  3.06s/it]
Task 10, Epoch 39/50 => Loss 0.112, Train_accy 96.88:  76%|███████▌  | 38/50 [02:15<00:36,  3.06s/it]
Task 10, Epoch 39/50 => Loss 0.112, Train_accy 96.88:  78%|███████▊  | 39/50 [02:15<00:30,  2.76s/it]
Task 10, Epoch 40/50 => Loss 0.121, Train_accy 95.84, Test_accy 78.51:  78%|███████▊  | 39/50 [02:25<00:30,  2.76s/it]
Task 10, Epoch 40/50 => Loss 0.121, Train_accy 95.84, Test_accy 78.51:  80%|████████  | 40/50 [02:25<00:48,  4.88s/it]
Task 10, Epoch 41/50 => Loss 0.100, Train_accy 97.09:  80%|████████  | 40/50 [02:27<00:48,  4.88s/it]                 
Task 10, Epoch 41/50 => Loss 0.100, Train_accy 97.09:  82%|████████▏ | 41/50 [02:27<00:36,  4.06s/it]
Task 10, Epoch 42/50 => Loss 0.074, Train_accy 98.13:  82%|████████▏ | 41/50 [02:29<00:36,  4.06s/it]
Task 10, Epoch 42/50 => Loss 0.074, Train_accy 98.13:  84%|████████▍ | 42/50 [02:29<00:27,  3.47s/it]
Task 10, Epoch 43/50 => Loss 0.140, Train_accy 95.01:  84%|████████▍ | 42/50 [02:31<00:27,  3.47s/it]
Task 10, Epoch 43/50 => Loss 0.140, Train_accy 95.01:  86%|████████▌ | 43/50 [02:31<00:21,  3.05s/it]
Task 10, Epoch 44/50 => Loss 0.100, Train_accy 97.30:  86%|████████▌ | 43/50 [02:34<00:21,  3.05s/it]
Task 10, Epoch 44/50 => Loss 0.100, Train_accy 97.30:  88%|████████▊ | 44/50 [02:34<00:16,  2.81s/it]
Task 10, Epoch 45/50 => Loss 0.089, Train_accy 97.71, Test_accy 78.59:  88%|████████▊ | 44/50 [02:43<00:16,  2.81s/it]
Task 10, Epoch 45/50 => Loss 0.089, Train_accy 97.71, Test_accy 78.59:  90%|█████████ | 45/50 [02:43<00:24,  4.91s/it]
Task 10, Epoch 46/50 => Loss 0.136, Train_accy 95.84:  90%|█████████ | 45/50 [02:46<00:24,  4.91s/it]                 
Task 10, Epoch 46/50 => Loss 0.136, Train_accy 95.84:  92%|█████████▏| 46/50 [02:46<00:16,  4.06s/it]
Task 10, Epoch 47/50 => Loss 0.112, Train_accy 96.67:  92%|█████████▏| 46/50 [02:48<00:16,  4.06s/it]
Task 10, Epoch 47/50 => Loss 0.112, Train_accy 96.67:  94%|█████████▍| 47/50 [02:48<00:10,  3.47s/it]
Task 10, Epoch 48/50 => Loss 0.097, Train_accy 97.30:  94%|█████████▍| 47/50 [02:50<00:10,  3.47s/it]
Task 10, Epoch 48/50 => Loss 0.097, Train_accy 97.30:  96%|█████████▌| 48/50 [02:50<00:06,  3.06s/it]
Task 10, Epoch 49/50 => Loss 0.110, Train_accy 96.47:  96%|█████████▌| 48/50 [02:52<00:06,  3.06s/it]
Task 10, Epoch 49/50 => Loss 0.110, Train_accy 96.47:  98%|█████████▊| 49/50 [02:52<00:02,  2.77s/it]
Task 10, Epoch 50/50 => Loss 0.116, Train_accy 96.47, Test_accy 78.51:  98%|█████████▊| 49/50 [03:02<00:02,  2.77s/it]
Task 10, Epoch 50/50 => Loss 0.116, Train_accy 96.47, Test_accy 78.51: 100%|██████████| 50/50 [03:02<00:00,  4.85s/it]
Task 10, Epoch 50/50 => Loss 0.116, Train_accy 96.47, Test_accy 78.51: 100%|██████████| 50/50 [03:02<00:00,  3.64s/it]2025-02-06 14:45:29,685 [lae.py] => Task 10, Epoch 50/50 => Loss 0.116, Train_accy 96.47, Test_accy 78.51

2025-02-06 14:45:37,495 [trainer.py] => No NME accuracy.
2025-02-06 14:45:37,496 [trainer.py] => CNN: {'total': 78.51, '00-09': 67.8, '10-19': 68.22, '20-29': 82.47, '30-39': 79.09, '40-49': 84.11, '50-59': 82.88, '60-69': 66.04, '70-79': 83.69, '80-89': 81.2, '90-99': 83.82, '100-109': 83.48, 'old': 78.03, 'new': 83.48}
2025-02-06 14:45:37,496 [trainer.py] => CNN top1 curve: [99.15, 95.95, 92.15, 89.43, 88.41, 85.27, 81.75, 80.96, 80.04, 79.04, 78.51]
2025-02-06 14:45:37,496 [trainer.py] => CNN top5 curve: [100.0, 99.6, 99.42, 99.34, 99.47, 98.81, 98.46, 98.15, 98.19, 98.32, 98.31]

Average Accuracy (CNN): 86.42
2025-02-06 14:45:37,496 [trainer.py] => Average Accuracy (CNN): 86.42 

2025-02-06 14:45:37,497 [trainer.py] => All params: 85967786
2025-02-06 14:45:37,498 [trainer.py] => Trainable params: 126860
2025-02-06 14:45:37,501 [lae.py] => Learning on 110-120

  0%|          | 0/50 [00:00<?, ?it/s]
Task 11, Epoch 1/50 => Loss 3.224, Train_accy 11.46:   0%|          | 0/50 [00:02<?, ?it/s]
Task 11, Epoch 1/50 => Loss 3.224, Train_accy 11.46:   2%|▏         | 1/50 [00:02<01:43,  2.12s/it]
Task 11, Epoch 2/50 => Loss 2.450, Train_accy 22.51:   2%|▏         | 1/50 [00:04<01:43,  2.12s/it]
Task 11, Epoch 2/50 => Loss 2.450, Train_accy 22.51:   4%|▍         | 2/50 [00:04<01:40,  2.09s/it]
Task 11, Epoch 3/50 => Loss 1.728, Train_accy 41.19:   4%|▍         | 2/50 [00:06<01:40,  2.09s/it]
Task 11, Epoch 3/50 => Loss 1.728, Train_accy 41.19:   6%|▌         | 3/50 [00:06<01:39,  2.13s/it]
Task 11, Epoch 4/50 => Loss 1.146, Train_accy 62.00:   6%|▌         | 3/50 [00:08<01:39,  2.13s/it]
Task 11, Epoch 4/50 => Loss 1.146, Train_accy 62.00:   8%|▊         | 4/50 [00:08<01:36,  2.11s/it]
Task 11, Epoch 5/50 => Loss 0.792, Train_accy 80.04, Test_accy 72.60:   8%|▊         | 4/50 [00:18<01:36,  2.11s/it]
Task 11, Epoch 5/50 => Loss 0.792, Train_accy 80.04, Test_accy 72.60:  10%|█         | 5/50 [00:18<03:48,  5.08s/it]
Task 11, Epoch 6/50 => Loss 0.600, Train_accy 85.99:  10%|█         | 5/50 [00:20<03:48,  5.08s/it]                 
Task 11, Epoch 6/50 => Loss 0.600, Train_accy 85.99:  12%|█▏        | 6/50 [00:20<03:00,  4.10s/it]
Task 11, Epoch 7/50 => Loss 0.465, Train_accy 90.45:  12%|█▏        | 6/50 [00:23<03:00,  4.10s/it]
Task 11, Epoch 7/50 => Loss 0.465, Train_accy 90.45:  14%|█▍        | 7/50 [00:23<02:27,  3.43s/it]
Task 11, Epoch 8/50 => Loss 0.364, Train_accy 91.08:  14%|█▍        | 7/50 [00:25<02:27,  3.43s/it]
Task 11, Epoch 8/50 => Loss 0.364, Train_accy 91.08:  16%|█▌        | 8/50 [00:25<02:05,  2.99s/it]
Task 11, Epoch 9/50 => Loss 0.291, Train_accy 92.78:  16%|█▌        | 8/50 [00:27<02:05,  2.99s/it]
Task 11, Epoch 9/50 => Loss 0.291, Train_accy 92.78:  18%|█▊        | 9/50 [00:27<01:50,  2.69s/it]
Task 11, Epoch 10/50 => Loss 0.233, Train_accy 94.27, Test_accy 73.87:  18%|█▊        | 9/50 [00:37<01:50,  2.69s/it]
Task 11, Epoch 10/50 => Loss 0.233, Train_accy 94.27, Test_accy 73.87:  20%|██        | 10/50 [00:37<03:21,  5.04s/it]
Task 11, Epoch 11/50 => Loss 0.227, Train_accy 93.84:  20%|██        | 10/50 [00:39<03:21,  5.04s/it]                 
Task 11, Epoch 11/50 => Loss 0.227, Train_accy 93.84:  22%|██▏       | 11/50 [00:39<02:42,  4.17s/it]
Task 11, Epoch 12/50 => Loss 0.200, Train_accy 94.90:  22%|██▏       | 11/50 [00:41<02:42,  4.17s/it]
Task 11, Epoch 12/50 => Loss 0.200, Train_accy 94.90:  24%|██▍       | 12/50 [00:41<02:14,  3.53s/it]
Task 11, Epoch 13/50 => Loss 0.214, Train_accy 94.06:  24%|██▍       | 12/50 [00:43<02:14,  3.53s/it]
Task 11, Epoch 13/50 => Loss 0.214, Train_accy 94.06:  26%|██▌       | 13/50 [00:43<01:54,  3.09s/it]
Task 11, Epoch 14/50 => Loss 0.204, Train_accy 94.48:  26%|██▌       | 13/50 [00:45<01:54,  3.09s/it]
Task 11, Epoch 14/50 => Loss 0.204, Train_accy 94.48:  28%|██▊       | 14/50 [00:45<01:39,  2.77s/it]
Task 11, Epoch 15/50 => Loss 0.188, Train_accy 95.33, Test_accy 74.36:  28%|██▊       | 14/50 [00:56<01:39,  2.77s/it]
Task 11, Epoch 15/50 => Loss 0.188, Train_accy 95.33, Test_accy 74.36:  30%|███       | 15/50 [00:56<02:56,  5.05s/it]
Task 11, Epoch 16/50 => Loss 0.227, Train_accy 94.06:  30%|███       | 15/50 [00:58<02:56,  5.05s/it]                 
Task 11, Epoch 16/50 => Loss 0.227, Train_accy 94.06:  32%|███▏      | 16/50 [00:58<02:21,  4.16s/it]
Task 11, Epoch 17/50 => Loss 0.157, Train_accy 95.75:  32%|███▏      | 16/50 [01:00<02:21,  4.16s/it]
Task 11, Epoch 17/50 => Loss 0.157, Train_accy 95.75:  34%|███▍      | 17/50 [01:00<01:56,  3.53s/it]
Task 11, Epoch 18/50 => Loss 0.197, Train_accy 94.69:  34%|███▍      | 17/50 [01:02<01:56,  3.53s/it]
Task 11, Epoch 18/50 => Loss 0.197, Train_accy 94.69:  36%|███▌      | 18/50 [01:02<01:39,  3.10s/it]
Task 11, Epoch 19/50 => Loss 0.132, Train_accy 95.75:  36%|███▌      | 18/50 [01:04<01:39,  3.10s/it]
Task 11, Epoch 19/50 => Loss 0.132, Train_accy 95.75:  38%|███▊      | 19/50 [01:04<01:25,  2.77s/it]
Task 11, Epoch 20/50 => Loss 0.145, Train_accy 96.60, Test_accy 74.79:  38%|███▊      | 19/50 [01:14<01:25,  2.77s/it]
Task 11, Epoch 20/50 => Loss 0.145, Train_accy 96.60, Test_accy 74.79:  40%|████      | 20/50 [01:14<02:31,  5.04s/it]
Task 11, Epoch 21/50 => Loss 0.125, Train_accy 97.24:  40%|████      | 20/50 [01:16<02:31,  5.04s/it]                 
Task 11, Epoch 21/50 => Loss 0.125, Train_accy 97.24:  42%|████▏     | 21/50 [01:16<02:00,  4.15s/it]
Task 11, Epoch 22/50 => Loss 0.142, Train_accy 95.97:  42%|████▏     | 21/50 [01:18<02:00,  4.15s/it]
Task 11, Epoch 22/50 => Loss 0.142, Train_accy 95.97:  44%|████▍     | 22/50 [01:18<01:38,  3.51s/it]
Task 11, Epoch 23/50 => Loss 0.141, Train_accy 95.54:  44%|████▍     | 22/50 [01:20<01:38,  3.51s/it]
Task 11, Epoch 23/50 => Loss 0.141, Train_accy 95.54:  46%|████▌     | 23/50 [01:20<01:23,  3.08s/it]
Task 11, Epoch 24/50 => Loss 0.127, Train_accy 96.18:  46%|████▌     | 23/50 [01:22<01:23,  3.08s/it]
Task 11, Epoch 24/50 => Loss 0.127, Train_accy 96.18:  48%|████▊     | 24/50 [01:22<01:12,  2.78s/it]
Task 11, Epoch 25/50 => Loss 0.170, Train_accy 94.90, Test_accy 75.00:  48%|████▊     | 24/50 [01:33<01:12,  2.78s/it]
Task 11, Epoch 25/50 => Loss 0.170, Train_accy 94.90, Test_accy 75.00:  50%|█████     | 25/50 [01:33<02:07,  5.08s/it]
Task 11, Epoch 26/50 => Loss 0.168, Train_accy 94.90:  50%|█████     | 25/50 [01:35<02:07,  5.08s/it]                 
Task 11, Epoch 26/50 => Loss 0.168, Train_accy 94.90:  52%|█████▏    | 26/50 [01:35<01:40,  4.18s/it]
Task 11, Epoch 27/50 => Loss 0.187, Train_accy 95.12:  52%|█████▏    | 26/50 [01:37<01:40,  4.18s/it]
Task 11, Epoch 27/50 => Loss 0.187, Train_accy 95.12:  54%|█████▍    | 27/50 [01:37<01:21,  3.54s/it]
Task 11, Epoch 28/50 => Loss 0.098, Train_accy 96.82:  54%|█████▍    | 27/50 [01:39<01:21,  3.54s/it]
Task 11, Epoch 28/50 => Loss 0.098, Train_accy 96.82:  56%|█████▌    | 28/50 [01:39<01:08,  3.09s/it]
Task 11, Epoch 29/50 => Loss 0.166, Train_accy 95.54:  56%|█████▌    | 28/50 [01:41<01:08,  3.09s/it]
Task 11, Epoch 29/50 => Loss 0.166, Train_accy 95.54:  58%|█████▊    | 29/50 [01:41<00:58,  2.79s/it]
Task 11, Epoch 30/50 => Loss 0.136, Train_accy 96.18, Test_accy 75.00:  58%|█████▊    | 29/50 [01:51<00:58,  2.79s/it]
Task 11, Epoch 30/50 => Loss 0.136, Train_accy 96.18, Test_accy 75.00:  60%|██████    | 30/50 [01:51<01:40,  5.05s/it]
Task 11, Epoch 31/50 => Loss 0.138, Train_accy 96.60:  60%|██████    | 30/50 [01:54<01:40,  5.05s/it]                 
Task 11, Epoch 31/50 => Loss 0.138, Train_accy 96.60:  62%|██████▏   | 31/50 [01:54<01:19,  4.17s/it]
Task 11, Epoch 32/50 => Loss 0.143, Train_accy 94.69:  62%|██████▏   | 31/50 [01:56<01:19,  4.17s/it]
Task 11, Epoch 32/50 => Loss 0.143, Train_accy 94.69:  64%|██████▍   | 32/50 [01:56<01:03,  3.54s/it]
Task 11, Epoch 33/50 => Loss 0.107, Train_accy 96.82:  64%|██████▍   | 32/50 [01:58<01:03,  3.54s/it]
Task 11, Epoch 33/50 => Loss 0.107, Train_accy 96.82:  66%|██████▌   | 33/50 [01:58<00:52,  3.10s/it]
Task 11, Epoch 34/50 => Loss 0.110, Train_accy 96.39:  66%|██████▌   | 33/50 [02:00<00:52,  3.10s/it]
Task 11, Epoch 34/50 => Loss 0.110, Train_accy 96.39:  68%|██████▊   | 34/50 [02:00<00:44,  2.78s/it]
Task 11, Epoch 35/50 => Loss 0.110, Train_accy 96.60, Test_accy 74.86:  68%|██████▊   | 34/50 [02:10<00:44,  2.78s/it]
Task 11, Epoch 35/50 => Loss 0.110, Train_accy 96.60, Test_accy 74.86:  70%|███████   | 35/50 [02:10<01:15,  5.02s/it]
Task 11, Epoch 36/50 => Loss 0.094, Train_accy 96.82:  70%|███████   | 35/50 [02:12<01:15,  5.02s/it]                 
Task 11, Epoch 36/50 => Loss 0.094, Train_accy 96.82:  72%|███████▏  | 36/50 [02:12<00:57,  4.14s/it]
Task 11, Epoch 37/50 => Loss 0.091, Train_accy 97.45:  72%|███████▏  | 36/50 [02:14<00:57,  4.14s/it]
Task 11, Epoch 37/50 => Loss 0.091, Train_accy 97.45:  74%|███████▍  | 37/50 [02:14<00:45,  3.51s/it]
Task 11, Epoch 38/50 => Loss 0.089, Train_accy 97.03:  74%|███████▍  | 37/50 [02:16<00:45,  3.51s/it]
Task 11, Epoch 38/50 => Loss 0.089, Train_accy 97.03:  76%|███████▌  | 38/50 [02:16<00:36,  3.07s/it]
Task 11, Epoch 39/50 => Loss 0.099, Train_accy 96.82:  76%|███████▌  | 38/50 [02:18<00:36,  3.07s/it]
Task 11, Epoch 39/50 => Loss 0.099, Train_accy 96.82:  78%|███████▊  | 39/50 [02:18<00:31,  2.83s/it]
Task 11, Epoch 40/50 => Loss 0.080, Train_accy 98.09, Test_accy 75.14:  78%|███████▊  | 39/50 [02:29<00:31,  2.83s/it]
Task 11, Epoch 40/50 => Loss 0.080, Train_accy 98.09, Test_accy 75.14:  80%|████████  | 40/50 [02:29<00:50,  5.07s/it]
Task 11, Epoch 41/50 => Loss 0.103, Train_accy 97.24:  80%|████████  | 40/50 [02:31<00:50,  5.07s/it]                 
Task 11, Epoch 41/50 => Loss 0.103, Train_accy 97.24:  82%|████████▏ | 41/50 [02:31<00:37,  4.17s/it]
Task 11, Epoch 42/50 => Loss 0.116, Train_accy 96.18:  82%|████████▏ | 41/50 [02:33<00:37,  4.17s/it]
Task 11, Epoch 42/50 => Loss 0.116, Train_accy 96.18:  84%|████████▍ | 42/50 [02:33<00:28,  3.53s/it]
Task 11, Epoch 43/50 => Loss 0.130, Train_accy 95.97:  84%|████████▍ | 42/50 [02:35<00:28,  3.53s/it]
Task 11, Epoch 43/50 => Loss 0.130, Train_accy 95.97:  86%|████████▌ | 43/50 [02:35<00:21,  3.08s/it]
Task 11, Epoch 44/50 => Loss 0.130, Train_accy 95.97:  86%|████████▌ | 43/50 [02:37<00:21,  3.08s/it]
Task 11, Epoch 44/50 => Loss 0.130, Train_accy 95.97:  88%|████████▊ | 44/50 [02:37<00:16,  2.79s/it]
Task 11, Epoch 45/50 => Loss 0.086, Train_accy 97.66, Test_accy 75.28:  88%|████████▊ | 44/50 [02:47<00:16,  2.79s/it]
Task 11, Epoch 45/50 => Loss 0.086, Train_accy 97.66, Test_accy 75.28:  90%|█████████ | 45/50 [02:47<00:25,  5.02s/it]
Task 11, Epoch 46/50 => Loss 0.053, Train_accy 98.73:  90%|█████████ | 45/50 [02:49<00:25,  5.02s/it]                 
Task 11, Epoch 46/50 => Loss 0.053, Train_accy 98.73:  92%|█████████▏| 46/50 [02:49<00:16,  4.14s/it]
Task 11, Epoch 47/50 => Loss 0.077, Train_accy 97.66:  92%|█████████▏| 46/50 [02:51<00:16,  4.14s/it]
Task 11, Epoch 47/50 => Loss 0.077, Train_accy 97.66:  94%|█████████▍| 47/50 [02:51<00:10,  3.51s/it]
Task 11, Epoch 48/50 => Loss 0.109, Train_accy 96.82:  94%|█████████▍| 47/50 [02:53<00:10,  3.51s/it]
Task 11, Epoch 48/50 => Loss 0.109, Train_accy 96.82:  96%|█████████▌| 48/50 [02:53<00:06,  3.07s/it]
Task 11, Epoch 49/50 => Loss 0.092, Train_accy 97.03:  96%|█████████▌| 48/50 [02:55<00:06,  3.07s/it]
Task 11, Epoch 49/50 => Loss 0.092, Train_accy 97.03:  98%|█████████▊| 49/50 [02:55<00:02,  2.76s/it]
Task 11, Epoch 50/50 => Loss 0.088, Train_accy 97.03, Test_accy 75.64:  98%|█████████▊| 49/50 [03:06<00:02,  2.76s/it]
Task 11, Epoch 50/50 => Loss 0.088, Train_accy 97.03, Test_accy 75.64: 100%|██████████| 50/50 [03:06<00:00,  5.09s/it]
Task 11, Epoch 50/50 => Loss 0.088, Train_accy 97.03, Test_accy 75.64: 100%|██████████| 50/50 [03:06<00:00,  3.73s/it]2025-02-06 14:48:43,979 [lae.py] => Task 11, Epoch 50/50 => Loss 0.088, Train_accy 97.03, Test_accy 75.64

2025-02-06 14:48:52,264 [trainer.py] => No NME accuracy.
2025-02-06 14:48:52,265 [trainer.py] => CNN: {'total': 75.64, '00-09': 64.41, '10-19': 68.22, '20-29': 82.47, '30-39': 79.09, '40-49': 84.11, '50-59': 73.87, '60-69': 64.15, '70-79': 76.6, '80-89': 80.45, '90-99': 81.62, '100-109': 83.48, '110-119': 69.03, 'old': 76.21, 'new': 69.03}
2025-02-06 14:48:52,265 [trainer.py] => CNN top1 curve: [99.15, 95.95, 92.15, 89.43, 88.41, 85.27, 81.75, 80.96, 80.04, 79.04, 78.51, 75.64]
2025-02-06 14:48:52,265 [trainer.py] => CNN top5 curve: [100.0, 99.6, 99.42, 99.34, 99.47, 98.81, 98.46, 98.15, 98.19, 98.32, 98.31, 98.02]

Average Accuracy (CNN): 85.52
2025-02-06 14:48:52,265 [trainer.py] => Average Accuracy (CNN): 85.52 

2025-02-06 14:48:52,267 [trainer.py] => All params: 85975476
2025-02-06 14:48:52,269 [trainer.py] => Trainable params: 134550
2025-02-06 14:48:52,272 [lae.py] => Learning on 120-130

  0%|          | 0/50 [00:00<?, ?it/s]
Task 12, Epoch 1/50 => Loss 2.958, Train_accy 18.26:   0%|          | 0/50 [00:02<?, ?it/s]
Task 12, Epoch 1/50 => Loss 2.958, Train_accy 18.26:   2%|▏         | 1/50 [00:02<01:44,  2.13s/it]
Task 12, Epoch 2/50 => Loss 2.113, Train_accy 33.82:   2%|▏         | 1/50 [00:04<01:44,  2.13s/it]
Task 12, Epoch 2/50 => Loss 2.113, Train_accy 33.82:   4%|▍         | 2/50 [00:04<01:41,  2.11s/it]
Task 12, Epoch 3/50 => Loss 1.560, Train_accy 50.21:   4%|▍         | 2/50 [00:06<01:41,  2.11s/it]
Task 12, Epoch 3/50 => Loss 1.560, Train_accy 50.21:   6%|▌         | 3/50 [00:06<01:39,  2.11s/it]
Task 12, Epoch 4/50 => Loss 1.104, Train_accy 64.73:   6%|▌         | 3/50 [00:08<01:39,  2.11s/it]
Task 12, Epoch 4/50 => Loss 1.104, Train_accy 64.73:   8%|▊         | 4/50 [00:08<01:36,  2.10s/it]
Task 12, Epoch 5/50 => Loss 0.809, Train_accy 73.86, Test_accy 71.50:   8%|▊         | 4/50 [00:19<01:36,  2.10s/it]
Task 12, Epoch 5/50 => Loss 0.809, Train_accy 73.86, Test_accy 71.50:  10%|█         | 5/50 [00:19<03:58,  5.29s/it]
Task 12, Epoch 6/50 => Loss 0.694, Train_accy 78.84:  10%|█         | 5/50 [00:21<03:58,  5.29s/it]                 
Task 12, Epoch 6/50 => Loss 0.694, Train_accy 78.84:  12%|█▏        | 6/50 [00:21<03:04,  4.20s/it]
Task 12, Epoch 7/50 => Loss 0.558, Train_accy 80.71:  12%|█▏        | 6/50 [00:23<03:04,  4.20s/it]
Task 12, Epoch 7/50 => Loss 0.558, Train_accy 80.71:  14%|█▍        | 7/50 [00:23<02:31,  3.52s/it]
Task 12, Epoch 8/50 => Loss 0.473, Train_accy 84.23:  14%|█▍        | 7/50 [00:25<02:31,  3.52s/it]
Task 12, Epoch 8/50 => Loss 0.473, Train_accy 84.23:  16%|█▌        | 8/50 [00:25<02:09,  3.08s/it]
Task 12, Epoch 9/50 => Loss 0.439, Train_accy 85.06:  16%|█▌        | 8/50 [00:27<02:09,  3.08s/it]
Task 12, Epoch 9/50 => Loss 0.439, Train_accy 85.06:  18%|█▊        | 9/50 [00:27<01:54,  2.79s/it]
Task 12, Epoch 10/50 => Loss 0.393, Train_accy 87.97, Test_accy 72.49:  18%|█▊        | 9/50 [00:38<01:54,  2.79s/it]
Task 12, Epoch 10/50 => Loss 0.393, Train_accy 87.97, Test_accy 72.49:  20%|██        | 10/50 [00:38<03:31,  5.29s/it]
Task 12, Epoch 11/50 => Loss 0.330, Train_accy 87.55:  20%|██        | 10/50 [00:40<03:31,  5.29s/it]                 
Task 12, Epoch 11/50 => Loss 0.330, Train_accy 87.55:  22%|██▏       | 11/50 [00:40<02:48,  4.32s/it]
Task 12, Epoch 12/50 => Loss 0.342, Train_accy 87.55:  22%|██▏       | 11/50 [00:43<02:48,  4.32s/it]
Task 12, Epoch 12/50 => Loss 0.342, Train_accy 87.55:  24%|██▍       | 12/50 [00:43<02:18,  3.65s/it]
Task 12, Epoch 13/50 => Loss 0.309, Train_accy 88.38:  24%|██▍       | 12/50 [00:45<02:18,  3.65s/it]
Task 12, Epoch 13/50 => Loss 0.309, Train_accy 88.38:  26%|██▌       | 13/50 [00:45<01:57,  3.19s/it]
Task 12, Epoch 14/50 => Loss 0.300, Train_accy 90.04:  26%|██▌       | 13/50 [00:47<01:57,  3.19s/it]
Task 12, Epoch 14/50 => Loss 0.300, Train_accy 90.04:  28%|██▊       | 14/50 [00:47<01:43,  2.86s/it]
Task 12, Epoch 15/50 => Loss 0.301, Train_accy 89.63, Test_accy 72.95:  28%|██▊       | 14/50 [00:58<01:43,  2.86s/it]
Task 12, Epoch 15/50 => Loss 0.301, Train_accy 89.63, Test_accy 72.95:  30%|███       | 15/50 [00:58<03:04,  5.28s/it]
Task 12, Epoch 16/50 => Loss 0.269, Train_accy 91.70:  30%|███       | 15/50 [01:00<03:04,  5.28s/it]                 
Task 12, Epoch 16/50 => Loss 0.269, Train_accy 91.70:  32%|███▏      | 16/50 [01:00<02:26,  4.32s/it]
Task 12, Epoch 17/50 => Loss 0.302, Train_accy 89.00:  32%|███▏      | 16/50 [01:02<02:26,  4.32s/it]
Task 12, Epoch 17/50 => Loss 0.302, Train_accy 89.00:  34%|███▍      | 17/50 [01:02<02:00,  3.64s/it]
Task 12, Epoch 18/50 => Loss 0.209, Train_accy 93.78:  34%|███▍      | 17/50 [01:04<02:00,  3.64s/it]
Task 12, Epoch 18/50 => Loss 0.209, Train_accy 93.78:  36%|███▌      | 18/50 [01:04<01:41,  3.18s/it]
Task 12, Epoch 19/50 => Loss 0.286, Train_accy 89.83:  36%|███▌      | 18/50 [01:06<01:41,  3.18s/it]
Task 12, Epoch 19/50 => Loss 0.286, Train_accy 89.83:  38%|███▊      | 19/50 [01:06<01:28,  2.85s/it]
Task 12, Epoch 20/50 => Loss 0.264, Train_accy 90.04, Test_accy 73.41:  38%|███▊      | 19/50 [01:17<01:28,  2.85s/it]
Task 12, Epoch 20/50 => Loss 0.264, Train_accy 90.04, Test_accy 73.41:  40%|████      | 20/50 [01:17<02:37,  5.26s/it]
Task 12, Epoch 21/50 => Loss 0.257, Train_accy 91.91:  40%|████      | 20/50 [01:19<02:37,  5.26s/it]                 
Task 12, Epoch 21/50 => Loss 0.257, Train_accy 91.91:  42%|████▏     | 21/50 [01:19<02:06,  4.36s/it]
Task 12, Epoch 22/50 => Loss 0.243, Train_accy 90.66:  42%|████▏     | 21/50 [01:21<02:06,  4.36s/it]
Task 12, Epoch 22/50 => Loss 0.243, Train_accy 90.66:  44%|████▍     | 22/50 [01:21<01:43,  3.69s/it]
Task 12, Epoch 23/50 => Loss 0.224, Train_accy 92.12:  44%|████▍     | 22/50 [01:23<01:43,  3.69s/it]
Task 12, Epoch 23/50 => Loss 0.224, Train_accy 92.12:  46%|████▌     | 23/50 [01:23<01:26,  3.20s/it]
Task 12, Epoch 24/50 => Loss 0.185, Train_accy 93.98:  46%|████▌     | 23/50 [01:25<01:26,  3.20s/it]
Task 12, Epoch 24/50 => Loss 0.185, Train_accy 93.98:  48%|████▊     | 24/50 [01:25<01:14,  2.88s/it]
Task 12, Epoch 25/50 => Loss 0.209, Train_accy 92.32, Test_accy 73.54:  48%|████▊     | 24/50 [01:36<01:14,  2.88s/it]
Task 12, Epoch 25/50 => Loss 0.209, Train_accy 92.32, Test_accy 73.54:  50%|█████     | 25/50 [01:36<02:11,  5.26s/it]
Task 12, Epoch 26/50 => Loss 0.211, Train_accy 92.32:  50%|█████     | 25/50 [01:38<02:11,  5.26s/it]                 
Task 12, Epoch 26/50 => Loss 0.211, Train_accy 92.32:  52%|█████▏    | 26/50 [01:38<01:43,  4.32s/it]
Task 12, Epoch 27/50 => Loss 0.220, Train_accy 92.53:  52%|█████▏    | 26/50 [01:40<01:43,  4.32s/it]
Task 12, Epoch 27/50 => Loss 0.220, Train_accy 92.53:  54%|█████▍    | 27/50 [01:40<01:24,  3.66s/it]
Task 12, Epoch 28/50 => Loss 0.174, Train_accy 94.40:  54%|█████▍    | 27/50 [01:43<01:24,  3.66s/it]
Task 12, Epoch 28/50 => Loss 0.174, Train_accy 94.40:  56%|█████▌    | 28/50 [01:43<01:10,  3.18s/it]
Task 12, Epoch 29/50 => Loss 0.208, Train_accy 94.19:  56%|█████▌    | 28/50 [01:45<01:10,  3.18s/it]
Task 12, Epoch 29/50 => Loss 0.208, Train_accy 94.19:  58%|█████▊    | 29/50 [01:45<01:00,  2.86s/it]
Task 12, Epoch 30/50 => Loss 0.151, Train_accy 95.23, Test_accy 73.74:  58%|█████▊    | 29/50 [01:56<01:00,  2.86s/it]
Task 12, Epoch 30/50 => Loss 0.151, Train_accy 95.23, Test_accy 73.74:  60%|██████    | 30/50 [01:56<01:46,  5.33s/it]
Task 12, Epoch 31/50 => Loss 0.249, Train_accy 92.74:  60%|██████    | 30/50 [01:58<01:46,  5.33s/it]                 
Task 12, Epoch 31/50 => Loss 0.249, Train_accy 92.74:  62%|██████▏   | 31/50 [01:58<01:22,  4.37s/it]
Task 12, Epoch 32/50 => Loss 0.177, Train_accy 94.40:  62%|██████▏   | 31/50 [02:00<01:22,  4.37s/it]
Task 12, Epoch 32/50 => Loss 0.177, Train_accy 94.40:  64%|██████▍   | 32/50 [02:00<01:06,  3.70s/it]
Task 12, Epoch 33/50 => Loss 0.204, Train_accy 92.95:  64%|██████▍   | 32/50 [02:02<01:06,  3.70s/it]
Task 12, Epoch 33/50 => Loss 0.204, Train_accy 92.95:  66%|██████▌   | 33/50 [02:02<00:54,  3.22s/it]
Task 12, Epoch 34/50 => Loss 0.163, Train_accy 94.81:  66%|██████▌   | 33/50 [02:04<00:54,  3.22s/it]
Task 12, Epoch 34/50 => Loss 0.163, Train_accy 94.81:  68%|██████▊   | 34/50 [02:04<00:46,  2.90s/it]
Task 12, Epoch 35/50 => Loss 0.189, Train_accy 94.19, Test_accy 73.80:  68%|██████▊   | 34/50 [02:15<00:46,  2.90s/it]
Task 12, Epoch 35/50 => Loss 0.189, Train_accy 94.19, Test_accy 73.80:  70%|███████   | 35/50 [02:15<01:19,  5.30s/it]
Task 12, Epoch 36/50 => Loss 0.218, Train_accy 93.98:  70%|███████   | 35/50 [02:17<01:19,  5.30s/it]                 
Task 12, Epoch 36/50 => Loss 0.218, Train_accy 93.98:  72%|███████▏  | 36/50 [02:17<01:00,  4.35s/it]
Task 12, Epoch 37/50 => Loss 0.204, Train_accy 93.98:  72%|███████▏  | 36/50 [02:19<01:00,  4.35s/it]
Task 12, Epoch 37/50 => Loss 0.204, Train_accy 93.98:  74%|███████▍  | 37/50 [02:19<00:47,  3.67s/it]
Task 12, Epoch 38/50 => Loss 0.167, Train_accy 95.02:  74%|███████▍  | 37/50 [02:21<00:47,  3.67s/it]
Task 12, Epoch 38/50 => Loss 0.167, Train_accy 95.02:  76%|███████▌  | 38/50 [02:21<00:38,  3.20s/it]
Task 12, Epoch 39/50 => Loss 0.181, Train_accy 94.40:  76%|███████▌  | 38/50 [02:24<00:38,  3.20s/it]
Task 12, Epoch 39/50 => Loss 0.181, Train_accy 94.40:  78%|███████▊  | 39/50 [02:24<00:31,  2.86s/it]
Task 12, Epoch 40/50 => Loss 0.183, Train_accy 94.61, Test_accy 73.67:  78%|███████▊  | 39/50 [02:34<00:31,  2.86s/it]
Task 12, Epoch 40/50 => Loss 0.183, Train_accy 94.61, Test_accy 73.67:  80%|████████  | 40/50 [02:34<00:52,  5.26s/it]
Task 12, Epoch 41/50 => Loss 0.197, Train_accy 94.81:  80%|████████  | 40/50 [02:36<00:52,  5.26s/it]                 
Task 12, Epoch 41/50 => Loss 0.197, Train_accy 94.81:  82%|████████▏ | 41/50 [02:36<00:38,  4.31s/it]
Task 12, Epoch 42/50 => Loss 0.158, Train_accy 96.47:  82%|████████▏ | 41/50 [02:39<00:38,  4.31s/it]
Task 12, Epoch 42/50 => Loss 0.158, Train_accy 96.47:  84%|████████▍ | 42/50 [02:39<00:29,  3.64s/it]
Task 12, Epoch 43/50 => Loss 0.165, Train_accy 95.02:  84%|████████▍ | 42/50 [02:41<00:29,  3.64s/it]
Task 12, Epoch 43/50 => Loss 0.165, Train_accy 95.02:  86%|████████▌ | 43/50 [02:41<00:22,  3.18s/it]
Task 12, Epoch 44/50 => Loss 0.205, Train_accy 94.40:  86%|████████▌ | 43/50 [02:43<00:22,  3.18s/it]
Task 12, Epoch 44/50 => Loss 0.205, Train_accy 94.40:  88%|████████▊ | 44/50 [02:43<00:17,  2.85s/it]
Task 12, Epoch 45/50 => Loss 0.153, Train_accy 96.27, Test_accy 73.74:  88%|████████▊ | 44/50 [02:54<00:17,  2.85s/it]
Task 12, Epoch 45/50 => Loss 0.153, Train_accy 96.27, Test_accy 73.74:  90%|█████████ | 45/50 [02:54<00:26,  5.26s/it]
Task 12, Epoch 46/50 => Loss 0.160, Train_accy 95.02:  90%|█████████ | 45/50 [02:56<00:26,  5.26s/it]                 
Task 12, Epoch 46/50 => Loss 0.160, Train_accy 95.02:  92%|█████████▏| 46/50 [02:56<00:17,  4.31s/it]
Task 12, Epoch 47/50 => Loss 0.142, Train_accy 95.85:  92%|█████████▏| 46/50 [02:58<00:17,  4.31s/it]
Task 12, Epoch 47/50 => Loss 0.142, Train_accy 95.85:  94%|█████████▍| 47/50 [02:58<00:11,  3.67s/it]
Task 12, Epoch 48/50 => Loss 0.131, Train_accy 95.64:  94%|█████████▍| 47/50 [03:00<00:11,  3.67s/it]
Task 12, Epoch 48/50 => Loss 0.131, Train_accy 95.64:  96%|█████████▌| 48/50 [03:00<00:06,  3.20s/it]
Task 12, Epoch 49/50 => Loss 0.193, Train_accy 93.36:  96%|█████████▌| 48/50 [03:02<00:06,  3.20s/it]
Task 12, Epoch 49/50 => Loss 0.193, Train_accy 93.36:  98%|█████████▊| 49/50 [03:02<00:02,  2.86s/it]
Task 12, Epoch 50/50 => Loss 0.172, Train_accy 94.61, Test_accy 73.87:  98%|█████████▊| 49/50 [03:13<00:02,  2.86s/it]
Task 12, Epoch 50/50 => Loss 0.172, Train_accy 94.61, Test_accy 73.87: 100%|██████████| 50/50 [03:13<00:00,  5.25s/it]
Task 12, Epoch 50/50 => Loss 0.172, Train_accy 94.61, Test_accy 73.87: 100%|██████████| 50/50 [03:13<00:00,  3.87s/it]2025-02-06 14:52:05,668 [lae.py] => Task 12, Epoch 50/50 => Loss 0.172, Train_accy 94.61, Test_accy 73.87

2025-02-06 14:52:14,510 [trainer.py] => No NME accuracy.
2025-02-06 14:52:14,510 [trainer.py] => CNN: {'total': 73.87, '00-09': 64.41, '10-19': 68.22, '20-29': 82.47, '30-39': 74.55, '40-49': 78.5, '50-59': 73.87, '60-69': 64.15, '70-79': 73.76, '80-89': 79.7, '90-99': 77.21, '100-109': 82.61, '110-119': 69.03, '120-129': 71.96, 'old': 74.01, 'new': 71.96}
2025-02-06 14:52:14,510 [trainer.py] => CNN top1 curve: [99.15, 95.95, 92.15, 89.43, 88.41, 85.27, 81.75, 80.96, 80.04, 79.04, 78.51, 75.64, 73.87]
2025-02-06 14:52:14,510 [trainer.py] => CNN top5 curve: [100.0, 99.6, 99.42, 99.34, 99.47, 98.81, 98.46, 98.15, 98.19, 98.32, 98.31, 98.02, 97.77]

Average Accuracy (CNN): 84.63
2025-02-06 14:52:14,510 [trainer.py] => Average Accuracy (CNN): 84.63 

2025-02-06 14:52:14,511 [trainer.py] => All params: 85983166
2025-02-06 14:52:14,512 [trainer.py] => Trainable params: 142240
2025-02-06 14:52:14,514 [lae.py] => Learning on 130-140

  0%|          | 0/50 [00:00<?, ?it/s]
Task 13, Epoch 1/50 => Loss 2.946, Train_accy 13.77:   0%|          | 0/50 [00:02<?, ?it/s]
Task 13, Epoch 1/50 => Loss 2.946, Train_accy 13.77:   2%|▏         | 1/50 [00:02<01:40,  2.06s/it]
Task 13, Epoch 2/50 => Loss 2.093, Train_accy 33.90:   2%|▏         | 1/50 [00:04<01:40,  2.06s/it]
Task 13, Epoch 2/50 => Loss 2.093, Train_accy 33.90:   4%|▍         | 2/50 [00:04<01:42,  2.13s/it]
Task 13, Epoch 3/50 => Loss 1.601, Train_accy 46.19:   4%|▍         | 2/50 [00:06<01:42,  2.13s/it]
Task 13, Epoch 3/50 => Loss 1.601, Train_accy 46.19:   6%|▌         | 3/50 [00:06<01:38,  2.09s/it]
Task 13, Epoch 4/50 => Loss 1.212, Train_accy 62.50:   6%|▌         | 3/50 [00:08<01:38,  2.09s/it]
Task 13, Epoch 4/50 => Loss 1.212, Train_accy 62.50:   8%|▊         | 4/50 [00:08<01:35,  2.07s/it]
Task 13, Epoch 5/50 => Loss 0.915, Train_accy 70.97, Test_accy 68.56:   8%|▊         | 4/50 [00:19<01:35,  2.07s/it]
Task 13, Epoch 5/50 => Loss 0.915, Train_accy 70.97, Test_accy 68.56:  10%|█         | 5/50 [00:19<04:06,  5.48s/it]
Task 13, Epoch 6/50 => Loss 0.735, Train_accy 75.64:  10%|█         | 5/50 [00:21<04:06,  5.48s/it]                 
Task 13, Epoch 6/50 => Loss 0.735, Train_accy 75.64:  12%|█▏        | 6/50 [00:21<03:09,  4.31s/it]
Task 13, Epoch 7/50 => Loss 0.570, Train_accy 84.11:  12%|█▏        | 6/50 [00:23<03:09,  4.31s/it]
Task 13, Epoch 7/50 => Loss 0.570, Train_accy 84.11:  14%|█▍        | 7/50 [00:23<02:33,  3.57s/it]
Task 13, Epoch 8/50 => Loss 0.483, Train_accy 88.35:  14%|█▍        | 7/50 [00:25<02:33,  3.57s/it]
Task 13, Epoch 8/50 => Loss 0.483, Train_accy 88.35:  16%|█▌        | 8/50 [00:25<02:09,  3.08s/it]
Task 13, Epoch 9/50 => Loss 0.518, Train_accy 83.90:  16%|█▌        | 8/50 [00:28<02:09,  3.08s/it]
Task 13, Epoch 9/50 => Loss 0.518, Train_accy 83.90:  18%|█▊        | 9/50 [00:28<01:53,  2.76s/it]
Task 13, Epoch 10/50 => Loss 0.462, Train_accy 87.71, Test_accy 68.98:  18%|█▊        | 9/50 [00:39<01:53,  2.76s/it]
Task 13, Epoch 10/50 => Loss 0.462, Train_accy 87.71, Test_accy 68.98:  20%|██        | 10/50 [00:39<03:37,  5.43s/it]
Task 13, Epoch 11/50 => Loss 0.401, Train_accy 88.35:  20%|██        | 10/50 [00:41<03:37,  5.43s/it]                 
Task 13, Epoch 11/50 => Loss 0.401, Train_accy 88.35:  22%|██▏       | 11/50 [00:41<02:51,  4.40s/it]
Task 13, Epoch 12/50 => Loss 0.360, Train_accy 88.98:  22%|██▏       | 11/50 [00:43<02:51,  4.40s/it]
Task 13, Epoch 12/50 => Loss 0.360, Train_accy 88.98:  24%|██▍       | 12/50 [00:43<02:19,  3.68s/it]
Task 13, Epoch 13/50 => Loss 0.403, Train_accy 87.92:  24%|██▍       | 12/50 [00:45<02:19,  3.68s/it]
Task 13, Epoch 13/50 => Loss 0.403, Train_accy 87.92:  26%|██▌       | 13/50 [00:45<01:58,  3.19s/it]
Task 13, Epoch 14/50 => Loss 0.383, Train_accy 90.47:  26%|██▌       | 13/50 [00:47<01:58,  3.19s/it]
Task 13, Epoch 14/50 => Loss 0.383, Train_accy 90.47:  28%|██▊       | 14/50 [00:47<01:42,  2.85s/it]
Task 13, Epoch 15/50 => Loss 0.308, Train_accy 91.53, Test_accy 69.23:  28%|██▊       | 14/50 [00:59<01:42,  2.85s/it]
Task 13, Epoch 15/50 => Loss 0.308, Train_accy 91.53, Test_accy 69.23:  30%|███       | 15/50 [00:59<03:09,  5.42s/it]
Task 13, Epoch 16/50 => Loss 0.264, Train_accy 93.86:  30%|███       | 15/50 [01:01<03:09,  5.42s/it]                 
Task 13, Epoch 16/50 => Loss 0.264, Train_accy 93.86:  32%|███▏      | 16/50 [01:01<02:30,  4.43s/it]
Task 13, Epoch 17/50 => Loss 0.330, Train_accy 89.83:  32%|███▏      | 16/50 [01:03<02:30,  4.43s/it]
Task 13, Epoch 17/50 => Loss 0.330, Train_accy 89.83:  34%|███▍      | 17/50 [01:03<02:02,  3.72s/it]
Task 13, Epoch 18/50 => Loss 0.228, Train_accy 93.64:  34%|███▍      | 17/50 [01:05<02:02,  3.72s/it]
Task 13, Epoch 18/50 => Loss 0.228, Train_accy 93.64:  36%|███▌      | 18/50 [01:05<01:43,  3.23s/it]
Task 13, Epoch 19/50 => Loss 0.256, Train_accy 92.16:  36%|███▌      | 18/50 [01:07<01:43,  3.23s/it]
Task 13, Epoch 19/50 => Loss 0.256, Train_accy 92.16:  38%|███▊      | 19/50 [01:07<01:28,  2.87s/it]
Task 13, Epoch 20/50 => Loss 0.282, Train_accy 91.31, Test_accy 69.77:  38%|███▊      | 19/50 [01:18<01:28,  2.87s/it]
Task 13, Epoch 20/50 => Loss 0.282, Train_accy 91.31, Test_accy 69.77:  40%|████      | 20/50 [01:18<02:43,  5.45s/it]
Task 13, Epoch 21/50 => Loss 0.261, Train_accy 91.53:  40%|████      | 20/50 [01:20<02:43,  5.45s/it]                 
Task 13, Epoch 21/50 => Loss 0.261, Train_accy 91.53:  42%|████▏     | 21/50 [01:20<02:08,  4.42s/it]
Task 13, Epoch 22/50 => Loss 0.199, Train_accy 93.86:  42%|████▏     | 21/50 [01:22<02:08,  4.42s/it]
Task 13, Epoch 22/50 => Loss 0.199, Train_accy 93.86:  44%|████▍     | 22/50 [01:22<01:43,  3.71s/it]
Task 13, Epoch 23/50 => Loss 0.275, Train_accy 92.37:  44%|████▍     | 22/50 [01:24<01:43,  3.71s/it]
Task 13, Epoch 23/50 => Loss 0.275, Train_accy 92.37:  46%|████▌     | 23/50 [01:24<01:26,  3.21s/it]
Task 13, Epoch 24/50 => Loss 0.187, Train_accy 95.13:  46%|████▌     | 23/50 [01:26<01:26,  3.21s/it]
Task 13, Epoch 24/50 => Loss 0.187, Train_accy 95.13:  48%|████▊     | 24/50 [01:26<01:14,  2.87s/it]
Task 13, Epoch 25/50 => Loss 0.256, Train_accy 92.37, Test_accy 70.02:  48%|████▊     | 24/50 [01:38<01:14,  2.87s/it]
Task 13, Epoch 25/50 => Loss 0.256, Train_accy 92.37, Test_accy 70.02:  50%|█████     | 25/50 [01:38<02:18,  5.53s/it]
Task 13, Epoch 26/50 => Loss 0.244, Train_accy 92.37:  50%|█████     | 25/50 [01:40<02:18,  5.53s/it]                 
Task 13, Epoch 26/50 => Loss 0.244, Train_accy 92.37:  52%|█████▏    | 26/50 [01:40<01:48,  4.50s/it]
Task 13, Epoch 27/50 => Loss 0.208, Train_accy 93.64:  52%|█████▏    | 26/50 [01:42<01:48,  4.50s/it]
Task 13, Epoch 27/50 => Loss 0.208, Train_accy 93.64:  54%|█████▍    | 27/50 [01:42<01:26,  3.76s/it]
Task 13, Epoch 28/50 => Loss 0.235, Train_accy 92.80:  54%|█████▍    | 27/50 [01:44<01:26,  3.76s/it]
Task 13, Epoch 28/50 => Loss 0.235, Train_accy 92.80:  56%|█████▌    | 28/50 [01:44<01:11,  3.24s/it]
Task 13, Epoch 29/50 => Loss 0.211, Train_accy 93.86:  56%|█████▌    | 28/50 [01:46<01:11,  3.24s/it]
Task 13, Epoch 29/50 => Loss 0.211, Train_accy 93.86:  58%|█████▊    | 29/50 [01:46<01:00,  2.88s/it]
Task 13, Epoch 30/50 => Loss 0.220, Train_accy 93.64, Test_accy 70.20:  58%|█████▊    | 29/50 [01:58<01:00,  2.88s/it]
Task 13, Epoch 30/50 => Loss 0.220, Train_accy 93.64, Test_accy 70.20:  60%|██████    | 30/50 [01:58<01:49,  5.45s/it]
Task 13, Epoch 31/50 => Loss 0.147, Train_accy 95.76:  60%|██████    | 30/50 [02:00<01:49,  5.45s/it]                 
Task 13, Epoch 31/50 => Loss 0.147, Train_accy 95.76:  62%|██████▏   | 31/50 [02:00<01:24,  4.46s/it]
Task 13, Epoch 32/50 => Loss 0.187, Train_accy 95.13:  62%|██████▏   | 31/50 [02:02<01:24,  4.46s/it]
Task 13, Epoch 32/50 => Loss 0.187, Train_accy 95.13:  64%|██████▍   | 32/50 [02:02<01:07,  3.74s/it]
Task 13, Epoch 33/50 => Loss 0.190, Train_accy 95.34:  64%|██████▍   | 32/50 [02:04<01:07,  3.74s/it]
Task 13, Epoch 33/50 => Loss 0.190, Train_accy 95.34:  66%|██████▌   | 33/50 [02:04<00:55,  3.24s/it]
Task 13, Epoch 34/50 => Loss 0.152, Train_accy 96.40:  66%|██████▌   | 33/50 [02:06<00:55,  3.24s/it]
Task 13, Epoch 34/50 => Loss 0.152, Train_accy 96.40:  68%|██████▊   | 34/50 [02:06<00:46,  2.88s/it]
Task 13, Epoch 35/50 => Loss 0.183, Train_accy 94.49, Test_accy 70.87:  68%|██████▊   | 34/50 [02:18<00:46,  2.88s/it]
Task 13, Epoch 35/50 => Loss 0.183, Train_accy 94.49, Test_accy 70.87:  70%|███████   | 35/50 [02:18<01:21,  5.44s/it]
Task 13, Epoch 36/50 => Loss 0.182, Train_accy 94.28:  70%|███████   | 35/50 [02:20<01:21,  5.44s/it]                 
Task 13, Epoch 36/50 => Loss 0.182, Train_accy 94.28:  72%|███████▏  | 36/50 [02:20<01:02,  4.49s/it]
Task 13, Epoch 37/50 => Loss 0.197, Train_accy 93.64:  72%|███████▏  | 36/50 [02:22<01:02,  4.49s/it]
Task 13, Epoch 37/50 => Loss 0.197, Train_accy 93.64:  74%|███████▍  | 37/50 [02:22<00:49,  3.78s/it]
Task 13, Epoch 38/50 => Loss 0.177, Train_accy 95.34:  74%|███████▍  | 37/50 [02:24<00:49,  3.78s/it]
Task 13, Epoch 38/50 => Loss 0.177, Train_accy 95.34:  76%|███████▌  | 38/50 [02:24<00:39,  3.25s/it]
Task 13, Epoch 39/50 => Loss 0.219, Train_accy 94.70:  76%|███████▌  | 38/50 [02:26<00:39,  3.25s/it]
Task 13, Epoch 39/50 => Loss 0.219, Train_accy 94.70:  78%|███████▊  | 39/50 [02:26<00:31,  2.89s/it]
Task 13, Epoch 40/50 => Loss 0.219, Train_accy 93.01, Test_accy 71.36:  78%|███████▊  | 39/50 [02:38<00:31,  2.89s/it]
Task 13, Epoch 40/50 => Loss 0.219, Train_accy 93.01, Test_accy 71.36:  80%|████████  | 40/50 [02:38<00:54,  5.45s/it]
Task 13, Epoch 41/50 => Loss 0.200, Train_accy 94.28:  80%|████████  | 40/50 [02:40<00:54,  5.45s/it]                 
Task 13, Epoch 41/50 => Loss 0.200, Train_accy 94.28:  82%|████████▏ | 41/50 [02:40<00:39,  4.44s/it]
Task 13, Epoch 42/50 => Loss 0.184, Train_accy 94.07:  82%|████████▏ | 41/50 [02:42<00:39,  4.44s/it]
Task 13, Epoch 42/50 => Loss 0.184, Train_accy 94.07:  84%|████████▍ | 42/50 [02:42<00:29,  3.74s/it]
Task 13, Epoch 43/50 => Loss 0.136, Train_accy 95.55:  84%|████████▍ | 42/50 [02:44<00:29,  3.74s/it]
Task 13, Epoch 43/50 => Loss 0.136, Train_accy 95.55:  86%|████████▌ | 43/50 [02:44<00:22,  3.28s/it]
Task 13, Epoch 44/50 => Loss 0.141, Train_accy 95.34:  86%|████████▌ | 43/50 [02:46<00:22,  3.28s/it]
Task 13, Epoch 44/50 => Loss 0.141, Train_accy 95.34:  88%|████████▊ | 44/50 [02:46<00:17,  2.92s/it]
Task 13, Epoch 45/50 => Loss 0.150, Train_accy 95.13, Test_accy 71.48:  88%|████████▊ | 44/50 [02:57<00:17,  2.92s/it]
Task 13, Epoch 45/50 => Loss 0.150, Train_accy 95.13, Test_accy 71.48:  90%|█████████ | 45/50 [02:57<00:27,  5.49s/it]
Task 13, Epoch 46/50 => Loss 0.164, Train_accy 94.92:  90%|█████████ | 45/50 [03:00<00:27,  5.49s/it]                 
Task 13, Epoch 46/50 => Loss 0.164, Train_accy 94.92:  92%|█████████▏| 46/50 [03:00<00:18,  4.51s/it]
Task 13, Epoch 47/50 => Loss 0.161, Train_accy 95.34:  92%|█████████▏| 46/50 [03:02<00:18,  4.51s/it]
Task 13, Epoch 47/50 => Loss 0.161, Train_accy 95.34:  94%|█████████▍| 47/50 [03:02<00:11,  3.78s/it]
Task 13, Epoch 48/50 => Loss 0.151, Train_accy 95.13:  94%|█████████▍| 47/50 [03:04<00:11,  3.78s/it]
Task 13, Epoch 48/50 => Loss 0.151, Train_accy 95.13:  96%|█████████▌| 48/50 [03:04<00:06,  3.33s/it]
Task 13, Epoch 49/50 => Loss 0.149, Train_accy 95.76:  96%|█████████▌| 48/50 [03:06<00:06,  3.33s/it]
Task 13, Epoch 49/50 => Loss 0.149, Train_accy 95.76:  98%|█████████▊| 49/50 [03:06<00:02,  2.95s/it]
Task 13, Epoch 50/50 => Loss 0.150, Train_accy 95.76, Test_accy 71.54:  98%|█████████▊| 49/50 [03:18<00:02,  2.95s/it]
Task 13, Epoch 50/50 => Loss 0.150, Train_accy 95.76, Test_accy 71.54: 100%|██████████| 50/50 [03:18<00:00,  5.50s/it]
Task 13, Epoch 50/50 => Loss 0.150, Train_accy 95.76, Test_accy 71.54: 100%|██████████| 50/50 [03:18<00:00,  3.96s/it]2025-02-06 14:55:32,557 [lae.py] => Task 13, Epoch 50/50 => Loss 0.150, Train_accy 95.76, Test_accy 71.54

2025-02-06 14:55:42,070 [trainer.py] => No NME accuracy.
2025-02-06 14:55:42,070 [trainer.py] => CNN: {'total': 71.54, '00-09': 64.41, '10-19': 68.22, '20-29': 82.47, '30-39': 73.64, '40-49': 78.5, '50-59': 72.97, '60-69': 64.15, '70-79': 73.76, '80-89': 78.2, '90-99': 77.21, '100-109': 82.61, '110-119': 69.03, '120-129': 71.03, '130-139': 45.76, 'old': 73.54, 'new': 45.76}
2025-02-06 14:55:42,070 [trainer.py] => CNN top1 curve: [99.15, 95.95, 92.15, 89.43, 88.41, 85.27, 81.75, 80.96, 80.04, 79.04, 78.51, 75.64, 73.87, 71.54]
2025-02-06 14:55:42,071 [trainer.py] => CNN top5 curve: [100.0, 99.6, 99.42, 99.34, 99.47, 98.81, 98.46, 98.15, 98.19, 98.32, 98.31, 98.02, 97.77, 97.2]

Average Accuracy (CNN): 83.69
2025-02-06 14:55:42,071 [trainer.py] => Average Accuracy (CNN): 83.69 

2025-02-06 14:55:42,072 [trainer.py] => All params: 85990856
2025-02-06 14:55:42,073 [trainer.py] => Trainable params: 149930
2025-02-06 14:55:42,076 [lae.py] => Learning on 140-150

  0%|          | 0/50 [00:00<?, ?it/s]
Task 14, Epoch 1/50 => Loss 3.349, Train_accy 5.97:   0%|          | 0/50 [00:02<?, ?it/s]
Task 14, Epoch 1/50 => Loss 3.349, Train_accy 5.97:   2%|▏         | 1/50 [00:02<01:39,  2.03s/it]
Task 14, Epoch 2/50 => Loss 2.466, Train_accy 19.69:   2%|▏         | 1/50 [00:04<01:39,  2.03s/it]
Task 14, Epoch 2/50 => Loss 2.466, Train_accy 19.69:   4%|▍         | 2/50 [00:04<01:38,  2.04s/it]
Task 14, Epoch 3/50 => Loss 1.908, Train_accy 37.17:   4%|▍         | 2/50 [00:06<01:38,  2.04s/it]
Task 14, Epoch 3/50 => Loss 1.908, Train_accy 37.17:   6%|▌         | 3/50 [00:06<01:35,  2.03s/it]
Task 14, Epoch 4/50 => Loss 1.393, Train_accy 57.96:   6%|▌         | 3/50 [00:08<01:35,  2.03s/it]
Task 14, Epoch 4/50 => Loss 1.393, Train_accy 57.96:   8%|▊         | 4/50 [00:08<01:33,  2.03s/it]
Task 14, Epoch 5/50 => Loss 0.973, Train_accy 74.12, Test_accy 66.89:   8%|▊         | 4/50 [00:20<01:33,  2.03s/it]
Task 14, Epoch 5/50 => Loss 0.973, Train_accy 74.12, Test_accy 66.89:  10%|█         | 5/50 [00:20<04:14,  5.65s/it]
Task 14, Epoch 6/50 => Loss 0.811, Train_accy 79.20:  10%|█         | 5/50 [00:22<04:14,  5.65s/it]                 
Task 14, Epoch 6/50 => Loss 0.811, Train_accy 79.20:  12%|█▏        | 6/50 [00:22<03:14,  4.42s/it]
Task 14, Epoch 7/50 => Loss 0.540, Train_accy 86.73:  12%|█▏        | 6/50 [00:24<03:14,  4.42s/it]
Task 14, Epoch 7/50 => Loss 0.540, Train_accy 86.73:  14%|█▍        | 7/50 [00:24<02:36,  3.63s/it]
Task 14, Epoch 8/50 => Loss 0.474, Train_accy 87.83:  14%|█▍        | 7/50 [00:26<02:36,  3.63s/it]
Task 14, Epoch 8/50 => Loss 0.474, Train_accy 87.83:  16%|█▌        | 8/50 [00:26<02:11,  3.12s/it]
Task 14, Epoch 9/50 => Loss 0.420, Train_accy 89.38:  16%|█▌        | 8/50 [00:28<02:11,  3.12s/it]
Task 14, Epoch 9/50 => Loss 0.420, Train_accy 89.38:  18%|█▊        | 9/50 [00:28<01:53,  2.78s/it]
Task 14, Epoch 10/50 => Loss 0.407, Train_accy 90.71, Test_accy 67.86:  18%|█▊        | 9/50 [00:40<01:53,  2.78s/it]
Task 14, Epoch 10/50 => Loss 0.407, Train_accy 90.71, Test_accy 67.86:  20%|██        | 10/50 [00:40<03:45,  5.64s/it]
Task 14, Epoch 11/50 => Loss 0.349, Train_accy 91.81:  20%|██        | 10/50 [00:42<03:45,  5.64s/it]                 
Task 14, Epoch 11/50 => Loss 0.349, Train_accy 91.81:  22%|██▏       | 11/50 [00:42<02:57,  4.54s/it]
Task 14, Epoch 12/50 => Loss 0.341, Train_accy 92.04:  22%|██▏       | 11/50 [00:44<02:57,  4.54s/it]
Task 14, Epoch 12/50 => Loss 0.341, Train_accy 92.04:  24%|██▍       | 12/50 [00:44<02:23,  3.77s/it]
Task 14, Epoch 13/50 => Loss 0.231, Train_accy 92.48:  24%|██▍       | 12/50 [00:46<02:23,  3.77s/it]
Task 14, Epoch 13/50 => Loss 0.231, Train_accy 92.48:  26%|██▌       | 13/50 [00:46<02:00,  3.25s/it]
Task 14, Epoch 14/50 => Loss 0.248, Train_accy 93.81:  26%|██▌       | 13/50 [00:48<02:00,  3.25s/it]
Task 14, Epoch 14/50 => Loss 0.248, Train_accy 93.81:  28%|██▊       | 14/50 [00:48<01:43,  2.88s/it]
Task 14, Epoch 15/50 => Loss 0.257, Train_accy 92.04, Test_accy 68.65:  28%|██▊       | 14/50 [01:00<01:43,  2.88s/it]
Task 14, Epoch 15/50 => Loss 0.257, Train_accy 92.04, Test_accy 68.65:  30%|███       | 15/50 [01:00<03:18,  5.67s/it]
Task 14, Epoch 16/50 => Loss 0.259, Train_accy 92.26:  30%|███       | 15/50 [01:02<03:18,  5.67s/it]                 
Task 14, Epoch 16/50 => Loss 0.259, Train_accy 92.26:  32%|███▏      | 16/50 [01:02<02:35,  4.57s/it]
Task 14, Epoch 17/50 => Loss 0.221, Train_accy 93.58:  32%|███▏      | 16/50 [01:04<02:35,  4.57s/it]
Task 14, Epoch 17/50 => Loss 0.221, Train_accy 93.58:  34%|███▍      | 17/50 [01:04<02:05,  3.81s/it]
Task 14, Epoch 18/50 => Loss 0.208, Train_accy 94.03:  34%|███▍      | 17/50 [01:06<02:05,  3.81s/it]
Task 14, Epoch 18/50 => Loss 0.208, Train_accy 94.03:  36%|███▌      | 18/50 [01:06<01:44,  3.28s/it]
Task 14, Epoch 19/50 => Loss 0.145, Train_accy 95.80:  36%|███▌      | 18/50 [01:08<01:44,  3.28s/it]
Task 14, Epoch 19/50 => Loss 0.145, Train_accy 95.80:  38%|███▊      | 19/50 [01:08<01:29,  2.89s/it]
Task 14, Epoch 20/50 => Loss 0.185, Train_accy 94.25, Test_accy 68.87:  38%|███▊      | 19/50 [01:21<01:29,  2.89s/it]
Task 14, Epoch 20/50 => Loss 0.185, Train_accy 94.25, Test_accy 68.87:  40%|████      | 20/50 [01:21<02:52,  5.74s/it]
Task 14, Epoch 21/50 => Loss 0.161, Train_accy 96.02:  40%|████      | 20/50 [01:23<02:52,  5.74s/it]                 
Task 14, Epoch 21/50 => Loss 0.161, Train_accy 96.02:  42%|████▏     | 21/50 [01:23<02:13,  4.61s/it]
Task 14, Epoch 22/50 => Loss 0.205, Train_accy 94.69:  42%|████▏     | 21/50 [01:25<02:13,  4.61s/it]
Task 14, Epoch 22/50 => Loss 0.205, Train_accy 94.69:  44%|████▍     | 22/50 [01:25<01:48,  3.89s/it]
Task 14, Epoch 23/50 => Loss 0.231, Train_accy 93.58:  44%|████▍     | 22/50 [01:27<01:48,  3.89s/it]
Task 14, Epoch 23/50 => Loss 0.231, Train_accy 93.58:  46%|████▌     | 23/50 [01:27<01:29,  3.32s/it]
Task 14, Epoch 24/50 => Loss 0.175, Train_accy 95.35:  46%|████▌     | 23/50 [01:29<01:29,  3.32s/it]
Task 14, Epoch 24/50 => Loss 0.175, Train_accy 95.35:  48%|████▊     | 24/50 [01:29<01:15,  2.92s/it]
Task 14, Epoch 25/50 => Loss 0.214, Train_accy 94.03, Test_accy 69.50:  48%|████▊     | 24/50 [01:41<01:15,  2.92s/it]
Task 14, Epoch 25/50 => Loss 0.214, Train_accy 94.03, Test_accy 69.50:  50%|█████     | 25/50 [01:41<02:21,  5.65s/it]
Task 14, Epoch 26/50 => Loss 0.196, Train_accy 93.81:  50%|█████     | 25/50 [01:43<02:21,  5.65s/it]                 
Task 14, Epoch 26/50 => Loss 0.196, Train_accy 93.81:  52%|█████▏    | 26/50 [01:43<01:50,  4.59s/it]
Task 14, Epoch 27/50 => Loss 0.158, Train_accy 95.80:  52%|█████▏    | 26/50 [01:45<01:50,  4.59s/it]
Task 14, Epoch 27/50 => Loss 0.158, Train_accy 95.80:  54%|█████▍    | 27/50 [01:45<01:27,  3.81s/it]
Task 14, Epoch 28/50 => Loss 0.183, Train_accy 93.81:  54%|█████▍    | 27/50 [01:47<01:27,  3.81s/it]
Task 14, Epoch 28/50 => Loss 0.183, Train_accy 93.81:  56%|█████▌    | 28/50 [01:47<01:12,  3.28s/it]
Task 14, Epoch 29/50 => Loss 0.155, Train_accy 94.25:  56%|█████▌    | 28/50 [01:49<01:12,  3.28s/it]
Task 14, Epoch 29/50 => Loss 0.155, Train_accy 94.25:  58%|█████▊    | 29/50 [01:49<01:00,  2.90s/it]
Task 14, Epoch 30/50 => Loss 0.141, Train_accy 95.58, Test_accy 69.50:  58%|█████▊    | 29/50 [02:01<01:00,  2.90s/it]
Task 14, Epoch 30/50 => Loss 0.141, Train_accy 95.58, Test_accy 69.50:  60%|██████    | 30/50 [02:01<01:52,  5.64s/it]
Task 14, Epoch 31/50 => Loss 0.174, Train_accy 94.25:  60%|██████    | 30/50 [02:03<01:52,  5.64s/it]                 
Task 14, Epoch 31/50 => Loss 0.174, Train_accy 94.25:  62%|██████▏   | 31/50 [02:03<01:26,  4.57s/it]
Task 14, Epoch 32/50 => Loss 0.167, Train_accy 95.58:  62%|██████▏   | 31/50 [02:05<01:26,  4.57s/it]
Task 14, Epoch 32/50 => Loss 0.167, Train_accy 95.58:  64%|██████▍   | 32/50 [02:05<01:08,  3.80s/it]
Task 14, Epoch 33/50 => Loss 0.125, Train_accy 96.68:  64%|██████▍   | 32/50 [02:07<01:08,  3.80s/it]
Task 14, Epoch 33/50 => Loss 0.125, Train_accy 96.68:  66%|██████▌   | 33/50 [02:07<00:55,  3.26s/it]
Task 14, Epoch 34/50 => Loss 0.167, Train_accy 94.25:  66%|██████▌   | 33/50 [02:09<00:55,  3.26s/it]
Task 14, Epoch 34/50 => Loss 0.167, Train_accy 94.25:  68%|██████▊   | 34/50 [02:09<00:46,  2.89s/it]
Task 14, Epoch 35/50 => Loss 0.174, Train_accy 93.58, Test_accy 69.55:  68%|██████▊   | 34/50 [02:21<00:46,  2.89s/it]
Task 14, Epoch 35/50 => Loss 0.174, Train_accy 93.58, Test_accy 69.55:  70%|███████   | 35/50 [02:21<01:24,  5.64s/it]
Task 14, Epoch 36/50 => Loss 0.130, Train_accy 96.02:  70%|███████   | 35/50 [02:23<01:24,  5.64s/it]                 
Task 14, Epoch 36/50 => Loss 0.130, Train_accy 96.02:  72%|███████▏  | 36/50 [02:23<01:03,  4.55s/it]
Task 14, Epoch 37/50 => Loss 0.189, Train_accy 94.69:  72%|███████▏  | 36/50 [02:25<01:03,  4.55s/it]
Task 14, Epoch 37/50 => Loss 0.189, Train_accy 94.69:  74%|███████▍  | 37/50 [02:25<00:49,  3.79s/it]
Task 14, Epoch 38/50 => Loss 0.123, Train_accy 96.68:  74%|███████▍  | 37/50 [02:27<00:49,  3.79s/it]
Task 14, Epoch 38/50 => Loss 0.123, Train_accy 96.68:  76%|███████▌  | 38/50 [02:27<00:39,  3.25s/it]
Task 14, Epoch 39/50 => Loss 0.189, Train_accy 94.91:  76%|███████▌  | 38/50 [02:29<00:39,  3.25s/it]
Task 14, Epoch 39/50 => Loss 0.189, Train_accy 94.91:  78%|███████▊  | 39/50 [02:29<00:31,  2.88s/it]
Task 14, Epoch 40/50 => Loss 0.151, Train_accy 94.91, Test_accy 69.67:  78%|███████▊  | 39/50 [02:41<00:31,  2.88s/it]
Task 14, Epoch 40/50 => Loss 0.151, Train_accy 94.91, Test_accy 69.67:  80%|████████  | 40/50 [02:41<00:56,  5.63s/it]
Task 14, Epoch 41/50 => Loss 0.124, Train_accy 96.46:  80%|████████  | 40/50 [02:43<00:56,  5.63s/it]                 
Task 14, Epoch 41/50 => Loss 0.124, Train_accy 96.46:  82%|████████▏ | 41/50 [02:43<00:41,  4.57s/it]
Task 14, Epoch 42/50 => Loss 0.085, Train_accy 97.35:  82%|████████▏ | 41/50 [02:45<00:41,  4.57s/it]
Task 14, Epoch 42/50 => Loss 0.085, Train_accy 97.35:  84%|████████▍ | 42/50 [02:45<00:30,  3.81s/it]
Task 14, Epoch 43/50 => Loss 0.144, Train_accy 95.13:  84%|████████▍ | 42/50 [02:47<00:30,  3.81s/it]
Task 14, Epoch 43/50 => Loss 0.144, Train_accy 95.13:  86%|████████▌ | 43/50 [02:47<00:22,  3.27s/it]
Task 14, Epoch 44/50 => Loss 0.199, Train_accy 93.81:  86%|████████▌ | 43/50 [02:49<00:22,  3.27s/it]
Task 14, Epoch 44/50 => Loss 0.199, Train_accy 93.81:  88%|████████▊ | 44/50 [02:49<00:17,  2.90s/it]
Task 14, Epoch 45/50 => Loss 0.194, Train_accy 93.81, Test_accy 69.89:  88%|████████▊ | 44/50 [03:01<00:17,  2.90s/it]
Task 14, Epoch 45/50 => Loss 0.194, Train_accy 93.81, Test_accy 69.89:  90%|█████████ | 45/50 [03:01<00:28,  5.62s/it]
Task 14, Epoch 46/50 => Loss 0.135, Train_accy 94.69:  90%|█████████ | 45/50 [03:03<00:28,  5.62s/it]                 
Task 14, Epoch 46/50 => Loss 0.135, Train_accy 94.69:  92%|█████████▏| 46/50 [03:03<00:18,  4.54s/it]
Task 14, Epoch 47/50 => Loss 0.114, Train_accy 96.46:  92%|█████████▏| 46/50 [03:05<00:18,  4.54s/it]
Task 14, Epoch 47/50 => Loss 0.114, Train_accy 96.46:  94%|█████████▍| 47/50 [03:05<00:11,  3.78s/it]
Task 14, Epoch 48/50 => Loss 0.156, Train_accy 95.35:  94%|█████████▍| 47/50 [03:07<00:11,  3.78s/it]
Task 14, Epoch 48/50 => Loss 0.156, Train_accy 95.35:  96%|█████████▌| 48/50 [03:07<00:06,  3.26s/it]
Task 14, Epoch 49/50 => Loss 0.180, Train_accy 94.03:  96%|█████████▌| 48/50 [03:10<00:06,  3.26s/it]
Task 14, Epoch 49/50 => Loss 0.180, Train_accy 94.03:  98%|█████████▊| 49/50 [03:10<00:02,  2.95s/it]
Task 14, Epoch 50/50 => Loss 0.169, Train_accy 94.69, Test_accy 70.06:  98%|█████████▊| 49/50 [03:22<00:02,  2.95s/it]
Task 14, Epoch 50/50 => Loss 0.169, Train_accy 94.69, Test_accy 70.06: 100%|██████████| 50/50 [03:22<00:00,  5.83s/it]
Task 14, Epoch 50/50 => Loss 0.169, Train_accy 94.69, Test_accy 70.06: 100%|██████████| 50/50 [03:22<00:00,  4.05s/it]2025-02-06 14:59:04,749 [lae.py] => Task 14, Epoch 50/50 => Loss 0.169, Train_accy 94.69, Test_accy 70.06

2025-02-06 14:59:14,935 [trainer.py] => No NME accuracy.
2025-02-06 14:59:14,935 [trainer.py] => CNN: {'total': 70.06, '00-09': 63.56, '10-19': 68.22, '20-29': 82.47, '30-39': 73.64, '40-49': 74.77, '50-59': 68.47, '60-69': 63.21, '70-79': 73.05, '80-89': 78.2, '90-99': 74.26, '100-109': 82.61, '110-119': 69.03, '120-129': 71.03, '130-139': 45.76, '140-149': 63.49, 'old': 70.57, 'new': 63.49}
2025-02-06 14:59:14,935 [trainer.py] => CNN top1 curve: [99.15, 95.95, 92.15, 89.43, 88.41, 85.27, 81.75, 80.96, 80.04, 79.04, 78.51, 75.64, 73.87, 71.54, 70.06]
2025-02-06 14:59:14,935 [trainer.py] => CNN top5 curve: [100.0, 99.6, 99.42, 99.34, 99.47, 98.81, 98.46, 98.15, 98.19, 98.32, 98.31, 98.02, 97.77, 97.2, 96.77]

Average Accuracy (CNN): 82.78
2025-02-06 14:59:14,936 [trainer.py] => Average Accuracy (CNN): 82.78 

2025-02-06 14:59:14,937 [trainer.py] => All params: 85998546
2025-02-06 14:59:14,938 [trainer.py] => Trainable params: 157620
2025-02-06 14:59:14,941 [lae.py] => Learning on 150-160

  0%|          | 0/50 [00:00<?, ?it/s]
Task 15, Epoch 1/50 => Loss 2.470, Train_accy 19.23:   0%|          | 0/50 [00:02<?, ?it/s]
Task 15, Epoch 1/50 => Loss 2.470, Train_accy 19.23:   2%|▏         | 1/50 [00:02<01:43,  2.11s/it]
Task 15, Epoch 2/50 => Loss 1.722, Train_accy 42.74:   2%|▏         | 1/50 [00:04<01:43,  2.11s/it]
Task 15, Epoch 2/50 => Loss 1.722, Train_accy 42.74:   4%|▍         | 2/50 [00:04<01:41,  2.10s/it]
Task 15, Epoch 3/50 => Loss 1.213, Train_accy 62.61:   4%|▍         | 2/50 [00:06<01:41,  2.10s/it]
Task 15, Epoch 3/50 => Loss 1.213, Train_accy 62.61:   6%|▌         | 3/50 [00:06<01:39,  2.11s/it]
Task 15, Epoch 4/50 => Loss 0.965, Train_accy 74.36:   6%|▌         | 3/50 [00:08<01:39,  2.11s/it]
Task 15, Epoch 4/50 => Loss 0.965, Train_accy 74.36:   8%|▊         | 4/50 [00:08<01:40,  2.19s/it]
Task 15, Epoch 5/50 => Loss 0.739, Train_accy 80.13, Test_accy 65.79:   8%|▊         | 4/50 [00:21<01:40,  2.19s/it]
Task 15, Epoch 5/50 => Loss 0.739, Train_accy 80.13, Test_accy 65.79:  10%|█         | 5/50 [00:21<04:31,  6.04s/it]
Task 15, Epoch 6/50 => Loss 0.558, Train_accy 85.68:  10%|█         | 5/50 [00:23<04:31,  6.04s/it]                 
Task 15, Epoch 6/50 => Loss 0.558, Train_accy 85.68:  12%|█▏        | 6/50 [00:23<03:27,  4.71s/it]
Task 15, Epoch 7/50 => Loss 0.422, Train_accy 89.53:  12%|█▏        | 6/50 [00:25<03:27,  4.71s/it]
Task 15, Epoch 7/50 => Loss 0.422, Train_accy 89.53:  14%|█▍        | 7/50 [00:25<02:45,  3.85s/it]
Task 15, Epoch 8/50 => Loss 0.356, Train_accy 91.03:  14%|█▍        | 7/50 [00:27<02:45,  3.85s/it]
Task 15, Epoch 8/50 => Loss 0.356, Train_accy 91.03:  16%|█▌        | 8/50 [00:27<02:18,  3.30s/it]
Task 15, Epoch 9/50 => Loss 0.344, Train_accy 91.24:  16%|█▌        | 8/50 [00:30<02:18,  3.30s/it]
Task 15, Epoch 9/50 => Loss 0.344, Train_accy 91.24:  18%|█▊        | 9/50 [00:30<02:00,  2.95s/it]
Task 15, Epoch 10/50 => Loss 0.352, Train_accy 90.38, Test_accy 67.69:  18%|█▊        | 9/50 [00:42<02:00,  2.95s/it]
Task 15, Epoch 10/50 => Loss 0.352, Train_accy 90.38, Test_accy 67.69:  20%|██        | 10/50 [00:42<03:59,  5.98s/it]
Task 15, Epoch 11/50 => Loss 0.323, Train_accy 90.38:  20%|██        | 10/50 [00:44<03:59,  5.98s/it]                 
Task 15, Epoch 11/50 => Loss 0.323, Train_accy 90.38:  22%|██▏       | 11/50 [00:44<03:06,  4.77s/it]
Task 15, Epoch 12/50 => Loss 0.225, Train_accy 94.23:  22%|██▏       | 11/50 [00:47<03:06,  4.77s/it]
Task 15, Epoch 12/50 => Loss 0.225, Train_accy 94.23:  24%|██▍       | 12/50 [00:47<02:32,  4.00s/it]
Task 15, Epoch 13/50 => Loss 0.247, Train_accy 94.02:  24%|██▍       | 12/50 [00:49<02:32,  4.00s/it]
Task 15, Epoch 13/50 => Loss 0.247, Train_accy 94.02:  26%|██▌       | 13/50 [00:49<02:06,  3.42s/it]
Task 15, Epoch 14/50 => Loss 0.233, Train_accy 93.59:  26%|██▌       | 13/50 [00:51<02:06,  3.42s/it]
Task 15, Epoch 14/50 => Loss 0.233, Train_accy 93.59:  28%|██▊       | 14/50 [00:51<01:48,  3.01s/it]
Task 15, Epoch 15/50 => Loss 0.262, Train_accy 91.67, Test_accy 68.54:  28%|██▊       | 14/50 [01:03<01:48,  3.01s/it]
Task 15, Epoch 15/50 => Loss 0.262, Train_accy 91.67, Test_accy 68.54:  30%|███       | 15/50 [01:03<03:27,  5.94s/it]
Task 15, Epoch 16/50 => Loss 0.241, Train_accy 93.80:  30%|███       | 15/50 [01:05<03:27,  5.94s/it]                 
Task 15, Epoch 16/50 => Loss 0.241, Train_accy 93.80:  32%|███▏      | 16/50 [01:05<02:42,  4.77s/it]
Task 15, Epoch 17/50 => Loss 0.227, Train_accy 93.59:  32%|███▏      | 16/50 [01:08<02:42,  4.77s/it]
Task 15, Epoch 17/50 => Loss 0.227, Train_accy 93.59:  34%|███▍      | 17/50 [01:08<02:10,  3.96s/it]
Task 15, Epoch 18/50 => Loss 0.237, Train_accy 93.16:  34%|███▍      | 17/50 [01:10<02:10,  3.96s/it]
Task 15, Epoch 18/50 => Loss 0.237, Train_accy 93.16:  36%|███▌      | 18/50 [01:10<01:48,  3.40s/it]
Task 15, Epoch 19/50 => Loss 0.176, Train_accy 95.30:  36%|███▌      | 18/50 [01:12<01:48,  3.40s/it]
Task 15, Epoch 19/50 => Loss 0.176, Train_accy 95.30:  38%|███▊      | 19/50 [01:12<01:32,  3.00s/it]
Task 15, Epoch 20/50 => Loss 0.212, Train_accy 93.59, Test_accy 68.80:  38%|███▊      | 19/50 [01:25<01:32,  3.00s/it]
Task 15, Epoch 20/50 => Loss 0.212, Train_accy 93.59, Test_accy 68.80:  40%|████      | 20/50 [01:25<02:58,  5.95s/it]
Task 15, Epoch 21/50 => Loss 0.189, Train_accy 93.80:  40%|████      | 20/50 [01:27<02:58,  5.95s/it]                 
Task 15, Epoch 21/50 => Loss 0.189, Train_accy 93.80:  42%|████▏     | 21/50 [01:27<02:18,  4.79s/it]
Task 15, Epoch 22/50 => Loss 0.183, Train_accy 95.09:  42%|████▏     | 21/50 [01:29<02:18,  4.79s/it]
Task 15, Epoch 22/50 => Loss 0.183, Train_accy 95.09:  44%|████▍     | 22/50 [01:29<01:51,  3.98s/it]
Task 15, Epoch 23/50 => Loss 0.170, Train_accy 95.09:  44%|████▍     | 22/50 [01:31<01:51,  3.98s/it]
Task 15, Epoch 23/50 => Loss 0.170, Train_accy 95.09:  46%|████▌     | 23/50 [01:31<01:32,  3.41s/it]
Task 15, Epoch 24/50 => Loss 0.238, Train_accy 92.52:  46%|████▌     | 23/50 [01:33<01:32,  3.41s/it]
Task 15, Epoch 24/50 => Loss 0.238, Train_accy 92.52:  48%|████▊     | 24/50 [01:33<01:18,  3.00s/it]
Task 15, Epoch 25/50 => Loss 0.144, Train_accy 95.94, Test_accy 68.96:  48%|████▊     | 24/50 [01:46<01:18,  3.00s/it]
Task 15, Epoch 25/50 => Loss 0.144, Train_accy 95.94, Test_accy 68.96:  50%|█████     | 25/50 [01:46<02:27,  5.92s/it]
Task 15, Epoch 26/50 => Loss 0.167, Train_accy 95.09:  50%|█████     | 25/50 [01:48<02:27,  5.92s/it]                 
Task 15, Epoch 26/50 => Loss 0.167, Train_accy 95.09:  52%|█████▏    | 26/50 [01:48<01:55,  4.81s/it]
Task 15, Epoch 27/50 => Loss 0.179, Train_accy 94.66:  52%|█████▏    | 26/50 [01:50<01:55,  4.81s/it]
Task 15, Epoch 27/50 => Loss 0.179, Train_accy 94.66:  54%|█████▍    | 27/50 [01:50<01:31,  3.99s/it]
Task 15, Epoch 28/50 => Loss 0.152, Train_accy 95.73:  54%|█████▍    | 27/50 [01:52<01:31,  3.99s/it]
Task 15, Epoch 28/50 => Loss 0.152, Train_accy 95.73:  56%|█████▌    | 28/50 [01:52<01:15,  3.42s/it]
Task 15, Epoch 29/50 => Loss 0.203, Train_accy 94.23:  56%|█████▌    | 28/50 [01:54<01:15,  3.42s/it]
Task 15, Epoch 29/50 => Loss 0.203, Train_accy 94.23:  58%|█████▊    | 29/50 [01:54<01:03,  3.03s/it]
Task 15, Epoch 30/50 => Loss 0.147, Train_accy 95.30, Test_accy 69.01:  58%|█████▊    | 29/50 [02:07<01:03,  3.03s/it]
Task 15, Epoch 30/50 => Loss 0.147, Train_accy 95.30, Test_accy 69.01:  60%|██████    | 30/50 [02:07<01:59,  5.96s/it]
Task 15, Epoch 31/50 => Loss 0.141, Train_accy 95.51:  60%|██████    | 30/50 [02:09<01:59,  5.96s/it]                 
Task 15, Epoch 31/50 => Loss 0.141, Train_accy 95.51:  62%|██████▏   | 31/50 [02:09<01:31,  4.80s/it]
Task 15, Epoch 32/50 => Loss 0.140, Train_accy 96.15:  62%|██████▏   | 31/50 [02:11<01:31,  4.80s/it]
Task 15, Epoch 32/50 => Loss 0.140, Train_accy 96.15:  64%|██████▍   | 32/50 [02:11<01:11,  3.99s/it]
Task 15, Epoch 33/50 => Loss 0.162, Train_accy 94.23:  64%|██████▍   | 32/50 [02:13<01:11,  3.99s/it]
Task 15, Epoch 33/50 => Loss 0.162, Train_accy 94.23:  66%|██████▌   | 33/50 [02:13<00:57,  3.41s/it]
Task 15, Epoch 34/50 => Loss 0.161, Train_accy 95.94:  66%|██████▌   | 33/50 [02:15<00:57,  3.41s/it]
Task 15, Epoch 34/50 => Loss 0.161, Train_accy 95.94:  68%|██████▊   | 34/50 [02:15<00:47,  3.00s/it]
Task 15, Epoch 35/50 => Loss 0.120, Train_accy 96.15, Test_accy 69.28:  68%|██████▊   | 34/50 [02:28<00:47,  3.00s/it]
Task 15, Epoch 35/50 => Loss 0.120, Train_accy 96.15, Test_accy 69.28:  70%|███████   | 35/50 [02:28<01:28,  5.91s/it]
Task 15, Epoch 36/50 => Loss 0.134, Train_accy 95.94:  70%|███████   | 35/50 [02:30<01:28,  5.91s/it]                 
Task 15, Epoch 36/50 => Loss 0.134, Train_accy 95.94:  72%|███████▏  | 36/50 [02:30<01:06,  4.75s/it]
Task 15, Epoch 37/50 => Loss 0.116, Train_accy 95.94:  72%|███████▏  | 36/50 [02:32<01:06,  4.75s/it]
Task 15, Epoch 37/50 => Loss 0.116, Train_accy 95.94:  74%|███████▍  | 37/50 [02:32<00:51,  3.94s/it]
Task 15, Epoch 38/50 => Loss 0.153, Train_accy 94.66:  74%|███████▍  | 37/50 [02:34<00:51,  3.94s/it]
Task 15, Epoch 38/50 => Loss 0.153, Train_accy 94.66:  76%|███████▌  | 38/50 [02:34<00:40,  3.38s/it]
Task 15, Epoch 39/50 => Loss 0.167, Train_accy 94.23:  76%|███████▌  | 38/50 [02:36<00:40,  3.38s/it]
Task 15, Epoch 39/50 => Loss 0.167, Train_accy 94.23:  78%|███████▊  | 39/50 [02:36<00:32,  2.98s/it]
Task 15, Epoch 40/50 => Loss 0.135, Train_accy 95.73, Test_accy 69.43:  78%|███████▊  | 39/50 [02:49<00:32,  2.98s/it]
Task 15, Epoch 40/50 => Loss 0.135, Train_accy 95.73, Test_accy 69.43:  80%|████████  | 40/50 [02:49<00:58,  5.90s/it]
Task 15, Epoch 41/50 => Loss 0.159, Train_accy 94.44:  80%|████████  | 40/50 [02:51<00:58,  5.90s/it]                 
Task 15, Epoch 41/50 => Loss 0.159, Train_accy 94.44:  82%|████████▏ | 41/50 [02:51<00:42,  4.75s/it]
Task 15, Epoch 42/50 => Loss 0.125, Train_accy 96.58:  82%|████████▏ | 41/50 [02:53<00:42,  4.75s/it]
Task 15, Epoch 42/50 => Loss 0.125, Train_accy 96.58:  84%|████████▍ | 42/50 [02:53<00:31,  3.94s/it]
Task 15, Epoch 43/50 => Loss 0.112, Train_accy 95.73:  84%|████████▍ | 42/50 [02:55<00:31,  3.94s/it]
Task 15, Epoch 43/50 => Loss 0.112, Train_accy 95.73:  86%|████████▌ | 43/50 [02:55<00:23,  3.37s/it]
Task 15, Epoch 44/50 => Loss 0.149, Train_accy 95.30:  86%|████████▌ | 43/50 [02:57<00:23,  3.37s/it]
Task 15, Epoch 44/50 => Loss 0.149, Train_accy 95.30:  88%|████████▊ | 44/50 [02:57<00:17,  2.98s/it]
Task 15, Epoch 45/50 => Loss 0.112, Train_accy 95.94, Test_accy 68.96:  88%|████████▊ | 44/50 [03:10<00:17,  2.98s/it]
Task 15, Epoch 45/50 => Loss 0.112, Train_accy 95.94, Test_accy 68.96:  90%|█████████ | 45/50 [03:10<00:29,  5.91s/it]
Task 15, Epoch 46/50 => Loss 0.139, Train_accy 95.30:  90%|█████████ | 45/50 [03:12<00:29,  5.91s/it]                 
Task 15, Epoch 46/50 => Loss 0.139, Train_accy 95.30:  92%|█████████▏| 46/50 [03:12<00:19,  4.80s/it]
Task 15, Epoch 47/50 => Loss 0.138, Train_accy 94.87:  92%|█████████▏| 46/50 [03:14<00:19,  4.80s/it]
Task 15, Epoch 47/50 => Loss 0.138, Train_accy 94.87:  94%|█████████▍| 47/50 [03:14<00:11,  3.97s/it]
Task 15, Epoch 48/50 => Loss 0.127, Train_accy 96.79:  94%|█████████▍| 47/50 [03:16<00:11,  3.97s/it]
Task 15, Epoch 48/50 => Loss 0.127, Train_accy 96.79:  96%|█████████▌| 48/50 [03:16<00:06,  3.41s/it]
Task 15, Epoch 49/50 => Loss 0.116, Train_accy 96.37:  96%|█████████▌| 48/50 [03:18<00:06,  3.41s/it]
Task 15, Epoch 49/50 => Loss 0.116, Train_accy 96.37:  98%|█████████▊| 49/50 [03:18<00:03,  3.01s/it]
Task 15, Epoch 50/50 => Loss 0.157, Train_accy 95.30, Test_accy 69.12:  98%|█████████▊| 49/50 [03:31<00:03,  3.01s/it]
Task 15, Epoch 50/50 => Loss 0.157, Train_accy 95.30, Test_accy 69.12: 100%|██████████| 50/50 [03:31<00:00,  5.94s/it]
Task 15, Epoch 50/50 => Loss 0.157, Train_accy 95.30, Test_accy 69.12: 100%|██████████| 50/50 [03:31<00:00,  4.23s/it]2025-02-06 15:02:46,405 [lae.py] => Task 15, Epoch 50/50 => Loss 0.157, Train_accy 95.30, Test_accy 69.12

2025-02-06 15:02:57,248 [trainer.py] => No NME accuracy.
2025-02-06 15:02:57,248 [trainer.py] => CNN: {'total': 69.12, '00-09': 62.71, '10-19': 68.22, '20-29': 82.47, '30-39': 71.82, '40-49': 74.77, '50-59': 63.06, '60-69': 62.26, '70-79': 70.21, '80-89': 77.44, '90-99': 73.53, '100-109': 79.13, '110-119': 69.03, '120-129': 68.22, '130-139': 37.29, '140-149': 58.73, '150-159': 87.1, 'old': 67.86, 'new': 87.1}
2025-02-06 15:02:57,248 [trainer.py] => CNN top1 curve: [99.15, 95.95, 92.15, 89.43, 88.41, 85.27, 81.75, 80.96, 80.04, 79.04, 78.51, 75.64, 73.87, 71.54, 70.06, 69.12]
2025-02-06 15:02:57,248 [trainer.py] => CNN top5 curve: [100.0, 99.6, 99.42, 99.34, 99.47, 98.81, 98.46, 98.15, 98.19, 98.32, 98.31, 98.02, 97.77, 97.2, 96.77, 96.77]

Average Accuracy (CNN): 81.93
2025-02-06 15:02:57,248 [trainer.py] => Average Accuracy (CNN): 81.93 

2025-02-06 15:02:57,250 [trainer.py] => All params: 86006236
2025-02-06 15:02:57,251 [trainer.py] => Trainable params: 165310
2025-02-06 15:02:57,253 [lae.py] => Learning on 160-170

  0%|          | 0/50 [00:00<?, ?it/s]
Task 16, Epoch 1/50 => Loss 2.710, Train_accy 15.73:   0%|          | 0/50 [00:02<?, ?it/s]
Task 16, Epoch 1/50 => Loss 2.710, Train_accy 15.73:   2%|▏         | 1/50 [00:02<01:44,  2.13s/it]
Task 16, Epoch 2/50 => Loss 1.880, Train_accy 36.85:   2%|▏         | 1/50 [00:04<01:44,  2.13s/it]
Task 16, Epoch 2/50 => Loss 1.880, Train_accy 36.85:   4%|▍         | 2/50 [00:04<01:39,  2.07s/it]
Task 16, Epoch 3/50 => Loss 1.260, Train_accy 61.21:   4%|▍         | 2/50 [00:06<01:39,  2.07s/it]
Task 16, Epoch 3/50 => Loss 1.260, Train_accy 61.21:   6%|▌         | 3/50 [00:06<01:36,  2.06s/it]
Task 16, Epoch 4/50 => Loss 0.818, Train_accy 82.54:   6%|▌         | 3/50 [00:08<01:36,  2.06s/it]
Task 16, Epoch 4/50 => Loss 0.818, Train_accy 82.54:   8%|▊         | 4/50 [00:08<01:35,  2.07s/it]
Task 16, Epoch 5/50 => Loss 0.723, Train_accy 83.84, Test_accy 65.19:   8%|▊         | 4/50 [00:21<01:35,  2.07s/it]
Task 16, Epoch 5/50 => Loss 0.723, Train_accy 83.84, Test_accy 65.19:  10%|█         | 5/50 [00:21<04:36,  6.14s/it]
Task 16, Epoch 6/50 => Loss 0.478, Train_accy 88.36:  10%|█         | 5/50 [00:23<04:36,  6.14s/it]                 
Task 16, Epoch 6/50 => Loss 0.478, Train_accy 88.36:  12%|█▏        | 6/50 [00:23<03:28,  4.75s/it]
Task 16, Epoch 7/50 => Loss 0.396, Train_accy 91.16:  12%|█▏        | 6/50 [00:25<03:28,  4.75s/it]
Task 16, Epoch 7/50 => Loss 0.396, Train_accy 91.16:  14%|█▍        | 7/50 [00:25<02:46,  3.87s/it]
Task 16, Epoch 8/50 => Loss 0.332, Train_accy 90.95:  14%|█▍        | 7/50 [00:27<02:46,  3.87s/it]
Task 16, Epoch 8/50 => Loss 0.332, Train_accy 90.95:  16%|█▌        | 8/50 [00:27<02:18,  3.30s/it]
Task 16, Epoch 9/50 => Loss 0.282, Train_accy 93.75:  16%|█▌        | 8/50 [00:29<02:18,  3.30s/it]
Task 16, Epoch 9/50 => Loss 0.282, Train_accy 93.75:  18%|█▊        | 9/50 [00:29<01:59,  2.91s/it]
Task 16, Epoch 10/50 => Loss 0.311, Train_accy 91.81, Test_accy 66.47:  18%|█▊        | 9/50 [00:43<01:59,  2.91s/it]
Task 16, Epoch 10/50 => Loss 0.311, Train_accy 91.81, Test_accy 66.47:  20%|██        | 10/50 [00:43<04:05,  6.15s/it]
Task 16, Epoch 11/50 => Loss 0.307, Train_accy 93.10:  20%|██        | 10/50 [00:45<04:05,  6.15s/it]                 
Task 16, Epoch 11/50 => Loss 0.307, Train_accy 93.10:  22%|██▏       | 11/50 [00:45<03:11,  4.90s/it]
Task 16, Epoch 12/50 => Loss 0.259, Train_accy 92.46:  22%|██▏       | 11/50 [00:47<03:11,  4.90s/it]
Task 16, Epoch 12/50 => Loss 0.259, Train_accy 92.46:  24%|██▍       | 12/50 [00:47<02:32,  4.03s/it]
Task 16, Epoch 13/50 => Loss 0.142, Train_accy 96.12:  24%|██▍       | 12/50 [00:49<02:32,  4.03s/it]
Task 16, Epoch 13/50 => Loss 0.142, Train_accy 96.12:  26%|██▌       | 13/50 [00:49<02:06,  3.43s/it]
Task 16, Epoch 14/50 => Loss 0.294, Train_accy 92.03:  26%|██▌       | 13/50 [00:51<02:06,  3.43s/it]
Task 16, Epoch 14/50 => Loss 0.294, Train_accy 92.03:  28%|██▊       | 14/50 [00:51<01:48,  3.01s/it]
Task 16, Epoch 15/50 => Loss 0.271, Train_accy 91.59, Test_accy 67.11:  28%|██▊       | 14/50 [01:04<01:48,  3.01s/it]
Task 16, Epoch 15/50 => Loss 0.271, Train_accy 91.59, Test_accy 67.11:  30%|███       | 15/50 [01:04<03:34,  6.12s/it]
Task 16, Epoch 16/50 => Loss 0.210, Train_accy 94.40:  30%|███       | 15/50 [01:06<03:34,  6.12s/it]                 
Task 16, Epoch 16/50 => Loss 0.210, Train_accy 94.40:  32%|███▏      | 16/50 [01:06<02:46,  4.89s/it]
Task 16, Epoch 17/50 => Loss 0.192, Train_accy 94.61:  32%|███▏      | 16/50 [01:08<02:46,  4.89s/it]
Task 16, Epoch 17/50 => Loss 0.192, Train_accy 94.61:  34%|███▍      | 17/50 [01:08<02:13,  4.03s/it]
Task 16, Epoch 18/50 => Loss 0.189, Train_accy 94.83:  34%|███▍      | 17/50 [01:10<02:13,  4.03s/it]
Task 16, Epoch 18/50 => Loss 0.189, Train_accy 94.83:  36%|███▌      | 18/50 [01:10<01:49,  3.44s/it]
Task 16, Epoch 19/50 => Loss 0.183, Train_accy 93.10:  36%|███▌      | 18/50 [01:12<01:49,  3.44s/it]
Task 16, Epoch 19/50 => Loss 0.183, Train_accy 93.10:  38%|███▊      | 19/50 [01:12<01:33,  3.02s/it]
Task 16, Epoch 20/50 => Loss 0.170, Train_accy 95.47, Test_accy 67.65:  38%|███▊      | 19/50 [01:26<01:33,  3.02s/it]
Task 16, Epoch 20/50 => Loss 0.170, Train_accy 95.47, Test_accy 67.65:  40%|████      | 20/50 [01:26<03:04,  6.14s/it]
Task 16, Epoch 21/50 => Loss 0.197, Train_accy 94.61:  40%|████      | 20/50 [01:28<03:04,  6.14s/it]                 
Task 16, Epoch 21/50 => Loss 0.197, Train_accy 94.61:  42%|████▏     | 21/50 [01:28<02:23,  4.94s/it]
Task 16, Epoch 22/50 => Loss 0.197, Train_accy 94.61:  42%|████▏     | 21/50 [01:30<02:23,  4.94s/it]
Task 16, Epoch 22/50 => Loss 0.197, Train_accy 94.61:  44%|████▍     | 22/50 [01:30<01:54,  4.08s/it]
Task 16, Epoch 23/50 => Loss 0.153, Train_accy 96.34:  44%|████▍     | 22/50 [01:32<01:54,  4.08s/it]
Task 16, Epoch 23/50 => Loss 0.153, Train_accy 96.34:  46%|████▌     | 23/50 [01:32<01:33,  3.47s/it]
Task 16, Epoch 24/50 => Loss 0.165, Train_accy 95.04:  46%|████▌     | 23/50 [01:34<01:33,  3.47s/it]
Task 16, Epoch 24/50 => Loss 0.165, Train_accy 95.04:  48%|████▊     | 24/50 [01:34<01:19,  3.04s/it]
Task 16, Epoch 25/50 => Loss 0.176, Train_accy 94.61, Test_accy 68.00:  48%|████▊     | 24/50 [01:48<01:19,  3.04s/it]
Task 16, Epoch 25/50 => Loss 0.176, Train_accy 94.61, Test_accy 68.00:  50%|█████     | 25/50 [01:48<02:34,  6.18s/it]
Task 16, Epoch 26/50 => Loss 0.176, Train_accy 94.40:  50%|█████     | 25/50 [01:50<02:34,  6.18s/it]                 
Task 16, Epoch 26/50 => Loss 0.176, Train_accy 94.40:  52%|█████▏    | 26/50 [01:50<01:58,  4.94s/it]
Task 16, Epoch 27/50 => Loss 0.174, Train_accy 94.18:  52%|█████▏    | 26/50 [01:52<01:58,  4.94s/it]
Task 16, Epoch 27/50 => Loss 0.174, Train_accy 94.18:  54%|█████▍    | 27/50 [01:52<01:33,  4.08s/it]
Task 16, Epoch 28/50 => Loss 0.218, Train_accy 93.53:  54%|█████▍    | 27/50 [01:54<01:33,  4.08s/it]
Task 16, Epoch 28/50 => Loss 0.218, Train_accy 93.53:  56%|█████▌    | 28/50 [01:54<01:16,  3.47s/it]
Task 16, Epoch 29/50 => Loss 0.125, Train_accy 95.47:  56%|█████▌    | 28/50 [01:56<01:16,  3.47s/it]
Task 16, Epoch 29/50 => Loss 0.125, Train_accy 95.47:  58%|█████▊    | 29/50 [01:56<01:03,  3.04s/it]
Task 16, Epoch 30/50 => Loss 0.129, Train_accy 95.91, Test_accy 68.10:  58%|█████▊    | 29/50 [02:09<01:03,  3.04s/it]
Task 16, Epoch 30/50 => Loss 0.129, Train_accy 95.91, Test_accy 68.10:  60%|██████    | 30/50 [02:09<02:03,  6.16s/it]
Task 16, Epoch 31/50 => Loss 0.148, Train_accy 95.26:  60%|██████    | 30/50 [02:11<02:03,  6.16s/it]                 
Task 16, Epoch 31/50 => Loss 0.148, Train_accy 95.26:  62%|██████▏   | 31/50 [02:11<01:33,  4.92s/it]
Task 16, Epoch 32/50 => Loss 0.144, Train_accy 94.83:  62%|██████▏   | 31/50 [02:13<01:33,  4.92s/it]
Task 16, Epoch 32/50 => Loss 0.144, Train_accy 94.83:  64%|██████▍   | 32/50 [02:13<01:13,  4.06s/it]
Task 16, Epoch 33/50 => Loss 0.117, Train_accy 96.77:  64%|██████▍   | 32/50 [02:15<01:13,  4.06s/it]
Task 16, Epoch 33/50 => Loss 0.117, Train_accy 96.77:  66%|██████▌   | 33/50 [02:15<00:58,  3.45s/it]
Task 16, Epoch 34/50 => Loss 0.181, Train_accy 95.04:  66%|██████▌   | 33/50 [02:18<00:58,  3.45s/it]
Task 16, Epoch 34/50 => Loss 0.181, Train_accy 95.04:  68%|██████▊   | 34/50 [02:18<00:48,  3.03s/it]
Task 16, Epoch 35/50 => Loss 0.157, Train_accy 95.04, Test_accy 68.25:  68%|██████▊   | 34/50 [02:31<00:48,  3.03s/it]
Task 16, Epoch 35/50 => Loss 0.157, Train_accy 95.04, Test_accy 68.25:  70%|███████   | 35/50 [02:31<01:32,  6.16s/it]
Task 16, Epoch 36/50 => Loss 0.158, Train_accy 95.69:  70%|███████   | 35/50 [02:33<01:32,  6.16s/it]                 
Task 16, Epoch 36/50 => Loss 0.158, Train_accy 95.69:  72%|███████▏  | 36/50 [02:33<01:09,  4.94s/it]
Task 16, Epoch 37/50 => Loss 0.117, Train_accy 96.55:  72%|███████▏  | 36/50 [02:35<01:09,  4.94s/it]
Task 16, Epoch 37/50 => Loss 0.117, Train_accy 96.55:  74%|███████▍  | 37/50 [02:35<00:53,  4.08s/it]
Task 16, Epoch 38/50 => Loss 0.119, Train_accy 96.98:  74%|███████▍  | 37/50 [02:37<00:53,  4.08s/it]
Task 16, Epoch 38/50 => Loss 0.119, Train_accy 96.98:  76%|███████▌  | 38/50 [02:37<00:41,  3.48s/it]
Task 16, Epoch 39/50 => Loss 0.170, Train_accy 93.75:  76%|███████▌  | 38/50 [02:39<00:41,  3.48s/it]
Task 16, Epoch 39/50 => Loss 0.170, Train_accy 93.75:  78%|███████▊  | 39/50 [02:39<00:33,  3.05s/it]
Task 16, Epoch 40/50 => Loss 0.127, Train_accy 95.91, Test_accy 68.44:  78%|███████▊  | 39/50 [02:53<00:33,  3.05s/it]
Task 16, Epoch 40/50 => Loss 0.127, Train_accy 95.91, Test_accy 68.44:  80%|████████  | 40/50 [02:53<01:02,  6.20s/it]
Task 16, Epoch 41/50 => Loss 0.138, Train_accy 95.47:  80%|████████  | 40/50 [02:55<01:02,  6.20s/it]                 
Task 16, Epoch 41/50 => Loss 0.138, Train_accy 95.47:  82%|████████▏ | 41/50 [02:55<00:44,  4.96s/it]
Task 16, Epoch 42/50 => Loss 0.135, Train_accy 95.26:  82%|████████▏ | 41/50 [02:57<00:44,  4.96s/it]
Task 16, Epoch 42/50 => Loss 0.135, Train_accy 95.26:  84%|████████▍ | 42/50 [02:57<00:32,  4.09s/it]
Task 16, Epoch 43/50 => Loss 0.125, Train_accy 96.77:  84%|████████▍ | 42/50 [02:59<00:32,  4.09s/it]
Task 16, Epoch 43/50 => Loss 0.125, Train_accy 96.77:  86%|████████▌ | 43/50 [02:59<00:24,  3.47s/it]
Task 16, Epoch 44/50 => Loss 0.113, Train_accy 96.77:  86%|████████▌ | 43/50 [03:01<00:24,  3.47s/it]
Task 16, Epoch 44/50 => Loss 0.113, Train_accy 96.77:  88%|████████▊ | 44/50 [03:01<00:18,  3.04s/it]
Task 16, Epoch 45/50 => Loss 0.143, Train_accy 95.69, Test_accy 68.74:  88%|████████▊ | 44/50 [03:14<00:18,  3.04s/it]
Task 16, Epoch 45/50 => Loss 0.143, Train_accy 95.69, Test_accy 68.74:  90%|█████████ | 45/50 [03:14<00:30,  6.17s/it]
Task 16, Epoch 46/50 => Loss 0.111, Train_accy 96.12:  90%|█████████ | 45/50 [03:17<00:30,  6.17s/it]                 
Task 16, Epoch 46/50 => Loss 0.111, Train_accy 96.12:  92%|█████████▏| 46/50 [03:17<00:19,  4.94s/it]
Task 16, Epoch 47/50 => Loss 0.106, Train_accy 96.55:  92%|█████████▏| 46/50 [03:19<00:19,  4.94s/it]
Task 16, Epoch 47/50 => Loss 0.106, Train_accy 96.55:  94%|█████████▍| 47/50 [03:19<00:12,  4.07s/it]
Task 16, Epoch 48/50 => Loss 0.107, Train_accy 96.77:  94%|█████████▍| 47/50 [03:21<00:12,  4.07s/it]
Task 16, Epoch 48/50 => Loss 0.107, Train_accy 96.77:  96%|█████████▌| 48/50 [03:21<00:06,  3.48s/it]
Task 16, Epoch 49/50 => Loss 0.089, Train_accy 96.77:  96%|█████████▌| 48/50 [03:23<00:06,  3.48s/it]
Task 16, Epoch 49/50 => Loss 0.089, Train_accy 96.77:  98%|█████████▊| 49/50 [03:23<00:03,  3.08s/it]
Task 16, Epoch 50/50 => Loss 0.106, Train_accy 96.77, Test_accy 68.69:  98%|█████████▊| 49/50 [03:36<00:03,  3.08s/it]
Task 16, Epoch 50/50 => Loss 0.106, Train_accy 96.77, Test_accy 68.69: 100%|██████████| 50/50 [03:36<00:00,  6.20s/it]
Task 16, Epoch 50/50 => Loss 0.106, Train_accy 96.77, Test_accy 68.69: 100%|██████████| 50/50 [03:36<00:00,  4.34s/it]2025-02-06 15:06:34,083 [lae.py] => Task 16, Epoch 50/50 => Loss 0.106, Train_accy 96.77, Test_accy 68.69

2025-02-06 15:06:45,631 [trainer.py] => No NME accuracy.
2025-02-06 15:06:45,632 [trainer.py] => CNN: {'total': 68.69, '00-09': 61.86, '10-19': 68.22, '20-29': 82.47, '30-39': 71.82, '40-49': 74.77, '50-59': 63.06, '60-69': 62.26, '70-79': 65.96, '80-89': 77.44, '90-99': 72.79, '100-109': 79.13, '110-119': 69.03, '120-129': 68.22, '130-139': 36.44, '140-149': 57.94, '150-159': 87.1, '160-169': 70.15, 'old': 68.59, 'new': 70.15}
2025-02-06 15:06:45,632 [trainer.py] => CNN top1 curve: [99.15, 95.95, 92.15, 89.43, 88.41, 85.27, 81.75, 80.96, 80.04, 79.04, 78.51, 75.64, 73.87, 71.54, 70.06, 69.12, 68.69]
2025-02-06 15:06:45,632 [trainer.py] => CNN top5 curve: [100.0, 99.6, 99.42, 99.34, 99.47, 98.81, 98.46, 98.15, 98.19, 98.32, 98.31, 98.02, 97.77, 97.2, 96.77, 96.77, 96.0]

Average Accuracy (CNN): 81.15
2025-02-06 15:06:45,632 [trainer.py] => Average Accuracy (CNN): 81.15 

2025-02-06 15:06:45,634 [trainer.py] => All params: 86013926
2025-02-06 15:06:45,634 [trainer.py] => Trainable params: 173000
2025-02-06 15:06:45,637 [lae.py] => Learning on 170-180

  0%|          | 0/50 [00:00<?, ?it/s]
Task 17, Epoch 1/50 => Loss 2.781, Train_accy 17.00:   0%|          | 0/50 [00:02<?, ?it/s]
Task 17, Epoch 1/50 => Loss 2.781, Train_accy 17.00:   2%|▏         | 1/50 [00:02<01:44,  2.13s/it]
Task 17, Epoch 2/50 => Loss 1.997, Train_accy 31.38:   2%|▏         | 1/50 [00:04<01:44,  2.13s/it]
Task 17, Epoch 2/50 => Loss 1.997, Train_accy 31.38:   4%|▍         | 2/50 [00:04<01:44,  2.17s/it]
Task 17, Epoch 3/50 => Loss 1.420, Train_accy 54.05:   4%|▍         | 2/50 [00:06<01:44,  2.17s/it]
Task 17, Epoch 3/50 => Loss 1.420, Train_accy 54.05:   6%|▌         | 3/50 [00:06<01:41,  2.15s/it]
Task 17, Epoch 4/50 => Loss 0.929, Train_accy 75.51:   6%|▌         | 3/50 [00:08<01:41,  2.15s/it]
Task 17, Epoch 4/50 => Loss 0.929, Train_accy 75.51:   8%|▊         | 4/50 [00:08<01:38,  2.14s/it]
Task 17, Epoch 5/50 => Loss 0.719, Train_accy 79.96, Test_accy 65.70:   8%|▊         | 4/50 [00:22<01:38,  2.14s/it]
Task 17, Epoch 5/50 => Loss 0.719, Train_accy 79.96, Test_accy 65.70:  10%|█         | 5/50 [00:22<04:48,  6.41s/it]
Task 17, Epoch 6/50 => Loss 0.542, Train_accy 86.23:  10%|█         | 5/50 [00:24<04:48,  6.41s/it]                 
Task 17, Epoch 6/50 => Loss 0.542, Train_accy 86.23:  12%|█▏        | 6/50 [00:24<03:38,  4.96s/it]
Task 17, Epoch 7/50 => Loss 0.482, Train_accy 87.25:  12%|█▏        | 6/50 [00:26<03:38,  4.96s/it]
Task 17, Epoch 7/50 => Loss 0.482, Train_accy 87.25:  14%|█▍        | 7/50 [00:26<02:54,  4.06s/it]
Task 17, Epoch 8/50 => Loss 0.394, Train_accy 89.07:  14%|█▍        | 7/50 [00:29<02:54,  4.06s/it]
Task 17, Epoch 8/50 => Loss 0.394, Train_accy 89.07:  16%|█▌        | 8/50 [00:29<02:25,  3.46s/it]
Task 17, Epoch 9/50 => Loss 0.337, Train_accy 90.69:  16%|█▌        | 8/50 [00:31<02:25,  3.46s/it]
Task 17, Epoch 9/50 => Loss 0.337, Train_accy 90.69:  18%|█▊        | 9/50 [00:31<02:04,  3.05s/it]
Task 17, Epoch 10/50 => Loss 0.297, Train_accy 91.70, Test_accy 66.40:  18%|█▊        | 9/50 [00:45<02:04,  3.05s/it]
Task 17, Epoch 10/50 => Loss 0.297, Train_accy 91.70, Test_accy 66.40:  20%|██        | 10/50 [00:45<04:17,  6.44s/it]
Task 17, Epoch 11/50 => Loss 0.291, Train_accy 90.28:  20%|██        | 10/50 [00:47<04:17,  6.44s/it]                 
Task 17, Epoch 11/50 => Loss 0.291, Train_accy 90.28:  22%|██▏       | 11/50 [00:47<03:19,  5.13s/it]
Task 17, Epoch 12/50 => Loss 0.302, Train_accy 92.71:  22%|██▏       | 11/50 [00:49<03:19,  5.13s/it]
Task 17, Epoch 12/50 => Loss 0.302, Train_accy 92.71:  24%|██▍       | 12/50 [00:49<02:40,  4.23s/it]
Task 17, Epoch 13/50 => Loss 0.252, Train_accy 92.11:  24%|██▍       | 12/50 [00:51<02:40,  4.23s/it]
Task 17, Epoch 13/50 => Loss 0.252, Train_accy 92.11:  26%|██▌       | 13/50 [00:51<02:13,  3.60s/it]
Task 17, Epoch 14/50 => Loss 0.212, Train_accy 93.93:  26%|██▌       | 13/50 [00:53<02:13,  3.60s/it]
Task 17, Epoch 14/50 => Loss 0.212, Train_accy 93.93:  28%|██▊       | 14/50 [00:53<01:53,  3.15s/it]
Task 17, Epoch 15/50 => Loss 0.247, Train_accy 92.51, Test_accy 66.64:  28%|██▊       | 14/50 [01:07<01:53,  3.15s/it]
Task 17, Epoch 15/50 => Loss 0.247, Train_accy 92.51, Test_accy 66.64:  30%|███       | 15/50 [01:07<03:44,  6.42s/it]
Task 17, Epoch 16/50 => Loss 0.249, Train_accy 93.52:  30%|███       | 15/50 [01:10<03:44,  6.42s/it]                 
Task 17, Epoch 16/50 => Loss 0.249, Train_accy 93.52:  32%|███▏      | 16/50 [01:10<02:55,  5.16s/it]
Task 17, Epoch 17/50 => Loss 0.185, Train_accy 95.14:  32%|███▏      | 16/50 [01:12<02:55,  5.16s/it]
Task 17, Epoch 17/50 => Loss 0.185, Train_accy 95.14:  34%|███▍      | 17/50 [01:12<02:20,  4.25s/it]
Task 17, Epoch 18/50 => Loss 0.197, Train_accy 94.74:  34%|███▍      | 17/50 [01:14<02:20,  4.25s/it]
Task 17, Epoch 18/50 => Loss 0.197, Train_accy 94.74:  36%|███▌      | 18/50 [01:14<01:55,  3.62s/it]
Task 17, Epoch 19/50 => Loss 0.185, Train_accy 93.72:  36%|███▌      | 18/50 [01:16<01:55,  3.62s/it]
Task 17, Epoch 19/50 => Loss 0.185, Train_accy 93.72:  38%|███▊      | 19/50 [01:16<01:38,  3.17s/it]
Task 17, Epoch 20/50 => Loss 0.165, Train_accy 94.74, Test_accy 66.82:  38%|███▊      | 19/50 [01:30<01:38,  3.17s/it]
Task 17, Epoch 20/50 => Loss 0.165, Train_accy 94.74, Test_accy 66.82:  40%|████      | 20/50 [01:30<03:13,  6.44s/it]
Task 17, Epoch 21/50 => Loss 0.184, Train_accy 95.14:  40%|████      | 20/50 [01:32<03:13,  6.44s/it]                 
Task 17, Epoch 21/50 => Loss 0.184, Train_accy 95.14:  42%|████▏     | 21/50 [01:32<02:29,  5.16s/it]
Task 17, Epoch 22/50 => Loss 0.179, Train_accy 94.33:  42%|████▏     | 21/50 [01:34<02:29,  5.16s/it]
Task 17, Epoch 22/50 => Loss 0.179, Train_accy 94.33:  44%|████▍     | 22/50 [01:34<01:59,  4.27s/it]
Task 17, Epoch 23/50 => Loss 0.205, Train_accy 93.93:  44%|████▍     | 22/50 [01:37<01:59,  4.27s/it]
Task 17, Epoch 23/50 => Loss 0.205, Train_accy 93.93:  46%|████▌     | 23/50 [01:37<01:38,  3.63s/it]
Task 17, Epoch 24/50 => Loss 0.157, Train_accy 94.33:  46%|████▌     | 23/50 [01:39<01:38,  3.63s/it]
Task 17, Epoch 24/50 => Loss 0.157, Train_accy 94.33:  48%|████▊     | 24/50 [01:39<01:23,  3.19s/it]
Task 17, Epoch 25/50 => Loss 0.157, Train_accy 94.94, Test_accy 67.15:  48%|████▊     | 24/50 [01:53<01:23,  3.19s/it]
Task 17, Epoch 25/50 => Loss 0.157, Train_accy 94.94, Test_accy 67.15:  50%|█████     | 25/50 [01:53<02:40,  6.43s/it]
Task 17, Epoch 26/50 => Loss 0.234, Train_accy 93.12:  50%|█████     | 25/50 [01:55<02:40,  6.43s/it]                 
Task 17, Epoch 26/50 => Loss 0.234, Train_accy 93.12:  52%|█████▏    | 26/50 [01:55<02:03,  5.16s/it]
Task 17, Epoch 27/50 => Loss 0.199, Train_accy 93.93:  52%|█████▏    | 26/50 [01:57<02:03,  5.16s/it]
Task 17, Epoch 27/50 => Loss 0.199, Train_accy 93.93:  54%|█████▍    | 27/50 [01:57<01:37,  4.24s/it]
Task 17, Epoch 28/50 => Loss 0.199, Train_accy 94.74:  54%|█████▍    | 27/50 [01:59<01:37,  4.24s/it]
Task 17, Epoch 28/50 => Loss 0.199, Train_accy 94.74:  56%|█████▌    | 28/50 [01:59<01:19,  3.61s/it]
Task 17, Epoch 29/50 => Loss 0.139, Train_accy 96.15:  56%|█████▌    | 28/50 [02:01<01:19,  3.61s/it]
Task 17, Epoch 29/50 => Loss 0.139, Train_accy 96.15:  58%|█████▊    | 29/50 [02:01<01:06,  3.16s/it]
Task 17, Epoch 30/50 => Loss 0.165, Train_accy 95.34, Test_accy 67.39:  58%|█████▊    | 29/50 [02:15<01:06,  3.16s/it]
Task 17, Epoch 30/50 => Loss 0.165, Train_accy 95.34, Test_accy 67.39:  60%|██████    | 30/50 [02:15<02:09,  6.48s/it]
Task 17, Epoch 31/50 => Loss 0.174, Train_accy 94.13:  60%|██████    | 30/50 [02:18<02:09,  6.48s/it]                 
Task 17, Epoch 31/50 => Loss 0.174, Train_accy 94.13:  62%|██████▏   | 31/50 [02:18<01:38,  5.19s/it]
Task 17, Epoch 32/50 => Loss 0.164, Train_accy 95.34:  62%|██████▏   | 31/50 [02:20<01:38,  5.19s/it]
Task 17, Epoch 32/50 => Loss 0.164, Train_accy 95.34:  64%|██████▍   | 32/50 [02:20<01:16,  4.27s/it]
Task 17, Epoch 33/50 => Loss 0.154, Train_accy 95.75:  64%|██████▍   | 32/50 [02:22<01:16,  4.27s/it]
Task 17, Epoch 33/50 => Loss 0.154, Train_accy 95.75:  66%|██████▌   | 33/50 [02:22<01:01,  3.63s/it]
Task 17, Epoch 34/50 => Loss 0.135, Train_accy 95.55:  66%|██████▌   | 33/50 [02:24<01:01,  3.63s/it]
Task 17, Epoch 34/50 => Loss 0.135, Train_accy 95.55:  68%|██████▊   | 34/50 [02:24<00:50,  3.17s/it]
Task 17, Epoch 35/50 => Loss 0.157, Train_accy 94.94, Test_accy 67.48:  68%|██████▊   | 34/50 [02:38<00:50,  3.17s/it]
Task 17, Epoch 35/50 => Loss 0.157, Train_accy 94.94, Test_accy 67.48:  70%|███████   | 35/50 [02:38<01:36,  6.42s/it]
Task 17, Epoch 36/50 => Loss 0.185, Train_accy 93.93:  70%|███████   | 35/50 [02:40<01:36,  6.42s/it]                 
Task 17, Epoch 36/50 => Loss 0.185, Train_accy 93.93:  72%|███████▏  | 36/50 [02:40<01:11,  5.13s/it]
Task 17, Epoch 37/50 => Loss 0.166, Train_accy 95.34:  72%|███████▏  | 36/50 [02:42<01:11,  5.13s/it]
Task 17, Epoch 37/50 => Loss 0.166, Train_accy 95.34:  74%|███████▍  | 37/50 [02:42<00:55,  4.29s/it]
Task 17, Epoch 38/50 => Loss 0.111, Train_accy 96.56:  74%|███████▍  | 37/50 [02:45<00:55,  4.29s/it]
Task 17, Epoch 38/50 => Loss 0.111, Train_accy 96.56:  76%|███████▌  | 38/50 [02:45<00:43,  3.64s/it]
Task 17, Epoch 39/50 => Loss 0.169, Train_accy 94.74:  76%|███████▌  | 38/50 [02:47<00:43,  3.64s/it]
Task 17, Epoch 39/50 => Loss 0.169, Train_accy 94.74:  78%|███████▊  | 39/50 [02:47<00:34,  3.18s/it]
Task 17, Epoch 40/50 => Loss 0.119, Train_accy 95.95, Test_accy 67.72:  78%|███████▊  | 39/50 [03:01<00:34,  3.18s/it]
Task 17, Epoch 40/50 => Loss 0.119, Train_accy 95.95, Test_accy 67.72:  80%|████████  | 40/50 [03:01<01:04,  6.41s/it]
Task 17, Epoch 41/50 => Loss 0.112, Train_accy 96.15:  80%|████████  | 40/50 [03:03<01:04,  6.41s/it]                 
Task 17, Epoch 41/50 => Loss 0.112, Train_accy 96.15:  82%|████████▏ | 41/50 [03:03<00:46,  5.13s/it]
Task 17, Epoch 42/50 => Loss 0.153, Train_accy 95.14:  82%|████████▏ | 41/50 [03:05<00:46,  5.13s/it]
Task 17, Epoch 42/50 => Loss 0.153, Train_accy 95.14:  84%|████████▍ | 42/50 [03:05<00:33,  4.24s/it]
Task 17, Epoch 43/50 => Loss 0.173, Train_accy 95.14:  84%|████████▍ | 42/50 [03:07<00:33,  4.24s/it]
Task 17, Epoch 43/50 => Loss 0.173, Train_accy 95.14:  86%|████████▌ | 43/50 [03:07<00:25,  3.61s/it]
Task 17, Epoch 44/50 => Loss 0.182, Train_accy 94.74:  86%|████████▌ | 43/50 [03:09<00:25,  3.61s/it]
Task 17, Epoch 44/50 => Loss 0.182, Train_accy 94.74:  88%|████████▊ | 44/50 [03:09<00:19,  3.17s/it]
Task 17, Epoch 45/50 => Loss 0.124, Train_accy 96.15, Test_accy 67.58:  88%|████████▊ | 44/50 [03:23<00:19,  3.17s/it]
Task 17, Epoch 45/50 => Loss 0.124, Train_accy 96.15, Test_accy 67.58:  90%|█████████ | 45/50 [03:23<00:32,  6.46s/it]
Task 17, Epoch 46/50 => Loss 0.161, Train_accy 94.94:  90%|█████████ | 45/50 [03:26<00:32,  6.46s/it]                 
Task 17, Epoch 46/50 => Loss 0.161, Train_accy 94.94:  92%|█████████▏| 46/50 [03:26<00:20,  5.19s/it]
Task 17, Epoch 47/50 => Loss 0.141, Train_accy 95.75:  92%|█████████▏| 46/50 [03:28<00:20,  5.19s/it]
Task 17, Epoch 47/50 => Loss 0.141, Train_accy 95.75:  94%|█████████▍| 47/50 [03:28<00:12,  4.28s/it]
Task 17, Epoch 48/50 => Loss 0.142, Train_accy 94.53:  94%|█████████▍| 47/50 [03:30<00:12,  4.28s/it]
Task 17, Epoch 48/50 => Loss 0.142, Train_accy 94.53:  96%|█████████▌| 48/50 [03:30<00:07,  3.63s/it]
Task 17, Epoch 49/50 => Loss 0.134, Train_accy 94.94:  96%|█████████▌| 48/50 [03:32<00:07,  3.63s/it]
Task 17, Epoch 49/50 => Loss 0.134, Train_accy 94.94:  98%|█████████▊| 49/50 [03:32<00:03,  3.18s/it]
Task 17, Epoch 50/50 => Loss 0.170, Train_accy 94.53, Test_accy 67.67:  98%|█████████▊| 49/50 [03:46<00:03,  3.18s/it]
Task 17, Epoch 50/50 => Loss 0.170, Train_accy 94.53, Test_accy 67.67: 100%|██████████| 50/50 [03:46<00:00,  6.42s/it]
Task 17, Epoch 50/50 => Loss 0.170, Train_accy 94.53, Test_accy 67.67: 100%|██████████| 50/50 [03:46<00:00,  4.53s/it]2025-02-06 15:10:32,116 [lae.py] => Task 17, Epoch 50/50 => Loss 0.170, Train_accy 94.53, Test_accy 67.67

2025-02-06 15:10:44,079 [trainer.py] => No NME accuracy.
2025-02-06 15:10:44,079 [trainer.py] => CNN: {'total': 67.67, '00-09': 58.47, '10-19': 64.34, '20-29': 82.47, '30-39': 70.91, '40-49': 74.77, '50-59': 63.06, '60-69': 58.49, '70-79': 65.96, '80-89': 76.69, '90-99': 72.79, '100-109': 79.13, '110-119': 67.26, '120-129': 67.29, '130-139': 35.59, '140-149': 53.97, '150-159': 83.87, '160-169': 69.4, '170-179': 75.73, 'old': 67.26, 'new': 75.73}
2025-02-06 15:10:44,080 [trainer.py] => CNN top1 curve: [99.15, 95.95, 92.15, 89.43, 88.41, 85.27, 81.75, 80.96, 80.04, 79.04, 78.51, 75.64, 73.87, 71.54, 70.06, 69.12, 68.69, 67.67]
2025-02-06 15:10:44,080 [trainer.py] => CNN top5 curve: [100.0, 99.6, 99.42, 99.34, 99.47, 98.81, 98.46, 98.15, 98.19, 98.32, 98.31, 98.02, 97.77, 97.2, 96.77, 96.77, 96.0, 95.44]

Average Accuracy (CNN): 80.4
2025-02-06 15:10:44,080 [trainer.py] => Average Accuracy (CNN): 80.4 

2025-02-06 15:10:44,081 [trainer.py] => All params: 86021616
2025-02-06 15:10:44,082 [trainer.py] => Trainable params: 180690
2025-02-06 15:10:44,085 [lae.py] => Learning on 180-190

  0%|          | 0/50 [00:00<?, ?it/s]
Task 18, Epoch 1/50 => Loss 2.562, Train_accy 17.58:   0%|          | 0/50 [00:02<?, ?it/s]
Task 18, Epoch 1/50 => Loss 2.562, Train_accy 17.58:   2%|▏         | 1/50 [00:02<01:42,  2.10s/it]
Task 18, Epoch 2/50 => Loss 1.790, Train_accy 38.46:   2%|▏         | 1/50 [00:04<01:42,  2.10s/it]
Task 18, Epoch 2/50 => Loss 1.790, Train_accy 38.46:   4%|▍         | 2/50 [00:04<01:40,  2.09s/it]
Task 18, Epoch 3/50 => Loss 1.332, Train_accy 58.90:   4%|▍         | 2/50 [00:06<01:40,  2.09s/it]
Task 18, Epoch 3/50 => Loss 1.332, Train_accy 58.90:   6%|▌         | 3/50 [00:06<01:37,  2.06s/it]
Task 18, Epoch 4/50 => Loss 0.915, Train_accy 75.16:   6%|▌         | 3/50 [00:08<01:37,  2.06s/it]
Task 18, Epoch 4/50 => Loss 0.915, Train_accy 75.16:   8%|▊         | 4/50 [00:08<01:35,  2.07s/it]
Task 18, Epoch 5/50 => Loss 0.692, Train_accy 83.08, Test_accy 64.16:   8%|▊         | 4/50 [00:22<01:35,  2.07s/it]
Task 18, Epoch 5/50 => Loss 0.692, Train_accy 83.08, Test_accy 64.16:  10%|█         | 5/50 [00:22<04:57,  6.61s/it]
Task 18, Epoch 6/50 => Loss 0.521, Train_accy 86.81:  10%|█         | 5/50 [00:24<04:57,  6.61s/it]                 
Task 18, Epoch 6/50 => Loss 0.521, Train_accy 86.81:  12%|█▏        | 6/50 [00:24<03:42,  5.06s/it]
Task 18, Epoch 7/50 => Loss 0.450, Train_accy 89.23:  12%|█▏        | 6/50 [00:27<03:42,  5.06s/it]
Task 18, Epoch 7/50 => Loss 0.450, Train_accy 89.23:  14%|█▍        | 7/50 [00:27<02:55,  4.08s/it]
Task 18, Epoch 8/50 => Loss 0.339, Train_accy 90.77:  14%|█▍        | 7/50 [00:29<02:55,  4.08s/it]
Task 18, Epoch 8/50 => Loss 0.339, Train_accy 90.77:  16%|█▌        | 8/50 [00:29<02:24,  3.44s/it]
Task 18, Epoch 9/50 => Loss 0.347, Train_accy 89.45:  16%|█▌        | 8/50 [00:31<02:24,  3.44s/it]
Task 18, Epoch 9/50 => Loss 0.347, Train_accy 89.45:  18%|█▊        | 9/50 [00:31<02:03,  3.00s/it]
Task 18, Epoch 10/50 => Loss 0.276, Train_accy 92.75, Test_accy 64.82:  18%|█▊        | 9/50 [00:45<02:03,  3.00s/it]
Task 18, Epoch 10/50 => Loss 0.276, Train_accy 92.75, Test_accy 64.82:  20%|██        | 10/50 [00:45<04:23,  6.58s/it]
Task 18, Epoch 11/50 => Loss 0.275, Train_accy 92.31:  20%|██        | 10/50 [00:47<04:23,  6.58s/it]                 
Task 18, Epoch 11/50 => Loss 0.275, Train_accy 92.31:  22%|██▏       | 11/50 [00:47<03:22,  5.20s/it]
Task 18, Epoch 12/50 => Loss 0.254, Train_accy 92.31:  22%|██▏       | 11/50 [00:49<03:22,  5.20s/it]
Task 18, Epoch 12/50 => Loss 0.254, Train_accy 92.31:  24%|██▍       | 12/50 [00:49<02:41,  4.25s/it]
Task 18, Epoch 13/50 => Loss 0.247, Train_accy 93.63:  24%|██▍       | 12/50 [00:51<02:41,  4.25s/it]
Task 18, Epoch 13/50 => Loss 0.247, Train_accy 93.63:  26%|██▌       | 13/50 [00:51<02:12,  3.59s/it]
Task 18, Epoch 14/50 => Loss 0.214, Train_accy 93.41:  26%|██▌       | 13/50 [00:54<02:12,  3.59s/it]
Task 18, Epoch 14/50 => Loss 0.214, Train_accy 93.41:  28%|██▊       | 14/50 [00:54<01:52,  3.13s/it]
Task 18, Epoch 15/50 => Loss 0.257, Train_accy 92.75, Test_accy 65.58:  28%|██▊       | 14/50 [01:08<01:52,  3.13s/it]
Task 18, Epoch 15/50 => Loss 0.257, Train_accy 92.75, Test_accy 65.58:  30%|███       | 15/50 [01:08<03:50,  6.59s/it]
Task 18, Epoch 16/50 => Loss 0.208, Train_accy 93.41:  30%|███       | 15/50 [01:10<03:50,  6.59s/it]                 
Task 18, Epoch 16/50 => Loss 0.208, Train_accy 93.41:  32%|███▏      | 16/50 [01:10<02:58,  5.24s/it]
Task 18, Epoch 17/50 => Loss 0.246, Train_accy 91.87:  32%|███▏      | 16/50 [01:12<02:58,  5.24s/it]
Task 18, Epoch 17/50 => Loss 0.246, Train_accy 91.87:  34%|███▍      | 17/50 [01:12<02:21,  4.27s/it]
Task 18, Epoch 18/50 => Loss 0.233, Train_accy 93.41:  34%|███▍      | 17/50 [01:14<02:21,  4.27s/it]
Task 18, Epoch 18/50 => Loss 0.233, Train_accy 93.41:  36%|███▌      | 18/50 [01:14<01:55,  3.61s/it]
Task 18, Epoch 19/50 => Loss 0.214, Train_accy 93.85:  36%|███▌      | 18/50 [01:16<01:55,  3.61s/it]
Task 18, Epoch 19/50 => Loss 0.214, Train_accy 93.85:  38%|███▊      | 19/50 [01:16<01:37,  3.15s/it]
Task 18, Epoch 20/50 => Loss 0.218, Train_accy 93.85, Test_accy 65.80:  38%|███▊      | 19/50 [01:31<01:37,  3.15s/it]
Task 18, Epoch 20/50 => Loss 0.218, Train_accy 93.85, Test_accy 65.80:  40%|████      | 20/50 [01:31<03:18,  6.60s/it]
Task 18, Epoch 21/50 => Loss 0.194, Train_accy 94.29:  40%|████      | 20/50 [01:33<03:18,  6.60s/it]                 
Task 18, Epoch 21/50 => Loss 0.194, Train_accy 94.29:  42%|████▏     | 21/50 [01:33<02:31,  5.24s/it]
Task 18, Epoch 22/50 => Loss 0.199, Train_accy 94.95:  42%|████▏     | 21/50 [01:35<02:31,  5.24s/it]
Task 18, Epoch 22/50 => Loss 0.199, Train_accy 94.95:  44%|████▍     | 22/50 [01:35<01:59,  4.27s/it]
Task 18, Epoch 23/50 => Loss 0.173, Train_accy 93.63:  44%|████▍     | 22/50 [01:37<01:59,  4.27s/it]
Task 18, Epoch 23/50 => Loss 0.173, Train_accy 93.63:  46%|████▌     | 23/50 [01:37<01:37,  3.60s/it]
Task 18, Epoch 24/50 => Loss 0.186, Train_accy 94.73:  46%|████▌     | 23/50 [01:39<01:37,  3.60s/it]
Task 18, Epoch 24/50 => Loss 0.186, Train_accy 94.73:  48%|████▊     | 24/50 [01:39<01:21,  3.14s/it]
Task 18, Epoch 25/50 => Loss 0.143, Train_accy 96.70, Test_accy 66.02:  48%|████▊     | 24/50 [01:54<01:21,  3.14s/it]
Task 18, Epoch 25/50 => Loss 0.143, Train_accy 96.70, Test_accy 66.02:  50%|█████     | 25/50 [01:54<02:45,  6.61s/it]
Task 18, Epoch 26/50 => Loss 0.173, Train_accy 94.95:  50%|█████     | 25/50 [01:56<02:45,  6.61s/it]                 
Task 18, Epoch 26/50 => Loss 0.173, Train_accy 94.95:  52%|█████▏    | 26/50 [01:56<02:06,  5.27s/it]
Task 18, Epoch 27/50 => Loss 0.156, Train_accy 95.16:  52%|█████▏    | 26/50 [01:58<02:06,  5.27s/it]
Task 18, Epoch 27/50 => Loss 0.156, Train_accy 95.16:  54%|█████▍    | 27/50 [01:58<01:39,  4.32s/it]
Task 18, Epoch 28/50 => Loss 0.156, Train_accy 94.07:  54%|█████▍    | 27/50 [02:00<01:39,  4.32s/it]
Task 18, Epoch 28/50 => Loss 0.156, Train_accy 94.07:  56%|█████▌    | 28/50 [02:00<01:19,  3.63s/it]
Task 18, Epoch 29/50 => Loss 0.208, Train_accy 93.41:  56%|█████▌    | 28/50 [02:02<01:19,  3.63s/it]
Task 18, Epoch 29/50 => Loss 0.208, Train_accy 93.41:  58%|█████▊    | 29/50 [02:02<01:06,  3.16s/it]
Task 18, Epoch 30/50 => Loss 0.160, Train_accy 95.38, Test_accy 66.24:  58%|█████▊    | 29/50 [02:17<01:06,  3.16s/it]
Task 18, Epoch 30/50 => Loss 0.160, Train_accy 95.38, Test_accy 66.24:  60%|██████    | 30/50 [02:17<02:11,  6.59s/it]
Task 18, Epoch 31/50 => Loss 0.169, Train_accy 94.29:  60%|██████    | 30/50 [02:19<02:11,  6.59s/it]                 
Task 18, Epoch 31/50 => Loss 0.169, Train_accy 94.29:  62%|██████▏   | 31/50 [02:19<01:39,  5.22s/it]
Task 18, Epoch 32/50 => Loss 0.164, Train_accy 94.07:  62%|██████▏   | 31/50 [02:21<01:39,  5.22s/it]
Task 18, Epoch 32/50 => Loss 0.164, Train_accy 94.07:  64%|██████▍   | 32/50 [02:21<01:18,  4.34s/it]
Task 18, Epoch 33/50 => Loss 0.133, Train_accy 96.48:  64%|██████▍   | 32/50 [02:23<01:18,  4.34s/it]
Task 18, Epoch 33/50 => Loss 0.133, Train_accy 96.48:  66%|██████▌   | 33/50 [02:23<01:02,  3.66s/it]
Task 18, Epoch 34/50 => Loss 0.157, Train_accy 95.60:  66%|██████▌   | 33/50 [02:25<01:02,  3.66s/it]
Task 18, Epoch 34/50 => Loss 0.157, Train_accy 95.60:  68%|██████▊   | 34/50 [02:25<00:50,  3.17s/it]
Task 18, Epoch 35/50 => Loss 0.139, Train_accy 96.48, Test_accy 66.42:  68%|██████▊   | 34/50 [02:40<00:50,  3.17s/it]
Task 18, Epoch 35/50 => Loss 0.139, Train_accy 96.48, Test_accy 66.42:  70%|███████   | 35/50 [02:40<01:39,  6.63s/it]
Task 18, Epoch 36/50 => Loss 0.177, Train_accy 94.29:  70%|███████   | 35/50 [02:42<01:39,  6.63s/it]                 
Task 18, Epoch 36/50 => Loss 0.177, Train_accy 94.29:  72%|███████▏  | 36/50 [02:42<01:13,  5.26s/it]
Task 18, Epoch 37/50 => Loss 0.163, Train_accy 95.60:  72%|███████▏  | 36/50 [02:44<01:13,  5.26s/it]
Task 18, Epoch 37/50 => Loss 0.163, Train_accy 95.60:  74%|███████▍  | 37/50 [02:44<00:55,  4.29s/it]
Task 18, Epoch 38/50 => Loss 0.167, Train_accy 94.51:  74%|███████▍  | 37/50 [02:46<00:55,  4.29s/it]
Task 18, Epoch 38/50 => Loss 0.167, Train_accy 94.51:  76%|███████▌  | 38/50 [02:46<00:43,  3.62s/it]
Task 18, Epoch 39/50 => Loss 0.122, Train_accy 95.82:  76%|███████▌  | 38/50 [02:48<00:43,  3.62s/it]
Task 18, Epoch 39/50 => Loss 0.122, Train_accy 95.82:  78%|███████▊  | 39/50 [02:48<00:34,  3.16s/it]
Task 18, Epoch 40/50 => Loss 0.139, Train_accy 96.04, Test_accy 66.42:  78%|███████▊  | 39/50 [03:03<00:34,  3.16s/it]
Task 18, Epoch 40/50 => Loss 0.139, Train_accy 96.04, Test_accy 66.42:  80%|████████  | 40/50 [03:03<01:05,  6.58s/it]
Task 18, Epoch 41/50 => Loss 0.167, Train_accy 94.07:  80%|████████  | 40/50 [03:05<01:05,  6.58s/it]                 
Task 18, Epoch 41/50 => Loss 0.167, Train_accy 94.07:  82%|████████▏ | 41/50 [03:05<00:47,  5.23s/it]
Task 18, Epoch 42/50 => Loss 0.150, Train_accy 96.04:  82%|████████▏ | 41/50 [03:07<00:47,  5.23s/it]
Task 18, Epoch 42/50 => Loss 0.150, Train_accy 96.04:  84%|████████▍ | 42/50 [03:07<00:34,  4.26s/it]
Task 18, Epoch 43/50 => Loss 0.140, Train_accy 95.82:  84%|████████▍ | 42/50 [03:09<00:34,  4.26s/it]
Task 18, Epoch 43/50 => Loss 0.140, Train_accy 95.82:  86%|████████▌ | 43/50 [03:09<00:25,  3.60s/it]
Task 18, Epoch 44/50 => Loss 0.139, Train_accy 95.38:  86%|████████▌ | 43/50 [03:11<00:25,  3.60s/it]
Task 18, Epoch 44/50 => Loss 0.139, Train_accy 95.38:  88%|████████▊ | 44/50 [03:11<00:18,  3.13s/it]
Task 18, Epoch 45/50 => Loss 0.151, Train_accy 95.38, Test_accy 66.50:  88%|████████▊ | 44/50 [03:26<00:18,  3.13s/it]
Task 18, Epoch 45/50 => Loss 0.151, Train_accy 95.38, Test_accy 66.50:  90%|█████████ | 45/50 [03:26<00:33,  6.61s/it]
Task 18, Epoch 46/50 => Loss 0.168, Train_accy 95.16:  90%|█████████ | 45/50 [03:28<00:33,  6.61s/it]                 
Task 18, Epoch 46/50 => Loss 0.168, Train_accy 95.16:  92%|█████████▏| 46/50 [03:28<00:20,  5.24s/it]
Task 18, Epoch 47/50 => Loss 0.096, Train_accy 96.92:  92%|█████████▏| 46/50 [03:30<00:20,  5.24s/it]
Task 18, Epoch 47/50 => Loss 0.096, Train_accy 96.92:  94%|█████████▍| 47/50 [03:30<00:12,  4.30s/it]
Task 18, Epoch 48/50 => Loss 0.158, Train_accy 96.04:  94%|█████████▍| 47/50 [03:32<00:12,  4.30s/it]
Task 18, Epoch 48/50 => Loss 0.158, Train_accy 96.04:  96%|█████████▌| 48/50 [03:32<00:07,  3.62s/it]
Task 18, Epoch 49/50 => Loss 0.149, Train_accy 95.60:  96%|█████████▌| 48/50 [03:34<00:07,  3.62s/it]
Task 18, Epoch 49/50 => Loss 0.149, Train_accy 95.60:  98%|█████████▊| 49/50 [03:34<00:03,  3.17s/it]
Task 18, Epoch 50/50 => Loss 0.132, Train_accy 96.04, Test_accy 66.64:  98%|█████████▊| 49/50 [03:49<00:03,  3.17s/it]
Task 18, Epoch 50/50 => Loss 0.132, Train_accy 96.04, Test_accy 66.64: 100%|██████████| 50/50 [03:49<00:00,  6.61s/it]
Task 18, Epoch 50/50 => Loss 0.132, Train_accy 96.04, Test_accy 66.64: 100%|██████████| 50/50 [03:49<00:00,  4.58s/it]2025-02-06 15:14:33,211 [lae.py] => Task 18, Epoch 50/50 => Loss 0.132, Train_accy 96.04, Test_accy 66.64

2025-02-06 15:14:45,876 [trainer.py] => No NME accuracy.
2025-02-06 15:14:45,877 [trainer.py] => CNN: {'total': 66.64, '00-09': 58.47, '10-19': 64.34, '20-29': 82.47, '30-39': 70.91, '40-49': 74.77, '50-59': 63.06, '60-69': 58.49, '70-79': 65.96, '80-89': 76.69, '90-99': 69.12, '100-109': 78.26, '110-119': 65.49, '120-129': 65.42, '130-139': 34.75, '140-149': 52.38, '150-159': 83.87, '160-169': 67.16, '170-179': 75.73, '180-189': 62.12, 'old': 66.92, 'new': 62.12}
2025-02-06 15:14:45,877 [trainer.py] => CNN top1 curve: [99.15, 95.95, 92.15, 89.43, 88.41, 85.27, 81.75, 80.96, 80.04, 79.04, 78.51, 75.64, 73.87, 71.54, 70.06, 69.12, 68.69, 67.67, 66.64]
2025-02-06 15:14:45,877 [trainer.py] => CNN top5 curve: [100.0, 99.6, 99.42, 99.34, 99.47, 98.81, 98.46, 98.15, 98.19, 98.32, 98.31, 98.02, 97.77, 97.2, 96.77, 96.77, 96.0, 95.44, 94.78]

Average Accuracy (CNN): 79.68
2025-02-06 15:14:45,877 [trainer.py] => Average Accuracy (CNN): 79.68 

2025-02-06 15:14:45,878 [trainer.py] => All params: 86029306
2025-02-06 15:14:45,879 [trainer.py] => Trainable params: 188380
2025-02-06 15:14:45,882 [lae.py] => Learning on 190-200

  0%|          | 0/50 [00:00<?, ?it/s]
Task 19, Epoch 1/50 => Loss 2.936, Train_accy 14.49:   0%|          | 0/50 [00:02<?, ?it/s]
Task 19, Epoch 1/50 => Loss 2.936, Train_accy 14.49:   2%|▏         | 1/50 [00:02<01:54,  2.33s/it]
Task 19, Epoch 2/50 => Loss 2.119, Train_accy 31.19:   2%|▏         | 1/50 [00:04<01:54,  2.33s/it]
Task 19, Epoch 2/50 => Loss 2.119, Train_accy 31.19:   4%|▍         | 2/50 [00:04<01:48,  2.26s/it]
Task 19, Epoch 3/50 => Loss 1.429, Train_accy 56.14:   4%|▍         | 2/50 [00:06<01:48,  2.26s/it]
Task 19, Epoch 3/50 => Loss 1.429, Train_accy 56.14:   6%|▌         | 3/50 [00:06<01:43,  2.19s/it]
Task 19, Epoch 4/50 => Loss 1.076, Train_accy 70.02:   6%|▌         | 3/50 [00:08<01:43,  2.19s/it]
Task 19, Epoch 4/50 => Loss 1.076, Train_accy 70.02:   8%|▊         | 4/50 [00:08<01:40,  2.18s/it]
Task 19, Epoch 5/50 => Loss 0.801, Train_accy 80.48, Test_accy 64.63:   8%|▊         | 4/50 [00:24<01:40,  2.18s/it]
Task 19, Epoch 5/50 => Loss 0.801, Train_accy 80.48, Test_accy 64.63:  10%|█         | 5/50 [00:24<05:09,  6.88s/it]
Task 19, Epoch 6/50 => Loss 0.567, Train_accy 85.31:  10%|█         | 5/50 [00:26<05:09,  6.88s/it]                 
Task 19, Epoch 6/50 => Loss 0.567, Train_accy 85.31:  12%|█▏        | 6/50 [00:26<03:52,  5.29s/it]
Task 19, Epoch 7/50 => Loss 0.439, Train_accy 89.34:  12%|█▏        | 6/50 [00:28<03:52,  5.29s/it]
Task 19, Epoch 7/50 => Loss 0.439, Train_accy 89.34:  14%|█▍        | 7/50 [00:28<03:03,  4.27s/it]
Task 19, Epoch 8/50 => Loss 0.408, Train_accy 89.34:  14%|█▍        | 7/50 [00:30<03:03,  4.27s/it]
Task 19, Epoch 8/50 => Loss 0.408, Train_accy 89.34:  16%|█▌        | 8/50 [00:30<02:31,  3.61s/it]
Task 19, Epoch 9/50 => Loss 0.384, Train_accy 89.74:  16%|█▌        | 8/50 [00:32<02:31,  3.61s/it]
Task 19, Epoch 9/50 => Loss 0.384, Train_accy 89.74:  18%|█▊        | 9/50 [00:32<02:09,  3.15s/it]
Task 19, Epoch 10/50 => Loss 0.296, Train_accy 91.75, Test_accy 65.18:  18%|█▊        | 9/50 [00:47<02:09,  3.15s/it]
Task 19, Epoch 10/50 => Loss 0.296, Train_accy 91.75, Test_accy 65.18:  20%|██        | 10/50 [00:47<04:35,  6.88s/it]
Task 19, Epoch 11/50 => Loss 0.261, Train_accy 92.15:  20%|██        | 10/50 [00:50<04:35,  6.88s/it]                 
Task 19, Epoch 11/50 => Loss 0.261, Train_accy 92.15:  22%|██▏       | 11/50 [00:50<03:31,  5.44s/it]
Task 19, Epoch 12/50 => Loss 0.352, Train_accy 88.53:  22%|██▏       | 11/50 [00:52<03:31,  5.44s/it]
Task 19, Epoch 12/50 => Loss 0.352, Train_accy 88.53:  24%|██▍       | 12/50 [00:52<02:48,  4.45s/it]
Task 19, Epoch 13/50 => Loss 0.283, Train_accy 91.15:  24%|██▍       | 12/50 [00:54<02:48,  4.45s/it]
Task 19, Epoch 13/50 => Loss 0.283, Train_accy 91.15:  26%|██▌       | 13/50 [00:54<02:18,  3.74s/it]
Task 19, Epoch 14/50 => Loss 0.272, Train_accy 91.95:  26%|██▌       | 13/50 [00:56<02:18,  3.74s/it]
Task 19, Epoch 14/50 => Loss 0.272, Train_accy 91.95:  28%|██▊       | 14/50 [00:56<01:57,  3.26s/it]
Task 19, Epoch 15/50 => Loss 0.313, Train_accy 90.74, Test_accy 65.56:  28%|██▊       | 14/50 [01:11<01:57,  3.26s/it]
Task 19, Epoch 15/50 => Loss 0.313, Train_accy 90.74, Test_accy 65.56:  30%|███       | 15/50 [01:11<04:01,  6.91s/it]
Task 19, Epoch 16/50 => Loss 0.241, Train_accy 93.16:  30%|███       | 15/50 [01:14<04:01,  6.91s/it]                 
Task 19, Epoch 16/50 => Loss 0.241, Train_accy 93.16:  32%|███▏      | 16/50 [01:14<03:07,  5.51s/it]
Task 19, Epoch 17/50 => Loss 0.185, Train_accy 94.57:  32%|███▏      | 16/50 [01:16<03:07,  5.51s/it]
Task 19, Epoch 17/50 => Loss 0.185, Train_accy 94.57:  34%|███▍      | 17/50 [01:16<02:30,  4.56s/it]
Task 19, Epoch 18/50 => Loss 0.225, Train_accy 94.16:  34%|███▍      | 17/50 [01:18<02:30,  4.56s/it]
Task 19, Epoch 18/50 => Loss 0.225, Train_accy 94.16:  36%|███▌      | 18/50 [01:18<02:02,  3.82s/it]
Task 19, Epoch 19/50 => Loss 0.240, Train_accy 92.56:  36%|███▌      | 18/50 [01:20<02:02,  3.82s/it]
Task 19, Epoch 19/50 => Loss 0.240, Train_accy 92.56:  38%|███▊      | 19/50 [01:20<01:42,  3.31s/it]
Task 19, Epoch 20/50 => Loss 0.260, Train_accy 90.95, Test_accy 65.82:  38%|███▊      | 19/50 [01:36<01:42,  3.31s/it]
Task 19, Epoch 20/50 => Loss 0.260, Train_accy 90.95, Test_accy 65.82:  40%|████      | 20/50 [01:36<03:27,  6.90s/it]
Task 19, Epoch 21/50 => Loss 0.218, Train_accy 94.57:  40%|████      | 20/50 [01:38<03:27,  6.90s/it]                 
Task 19, Epoch 21/50 => Loss 0.218, Train_accy 94.57:  42%|████▏     | 21/50 [01:38<02:39,  5.49s/it]
Task 19, Epoch 22/50 => Loss 0.226, Train_accy 92.35:  42%|████▏     | 21/50 [01:40<02:39,  5.49s/it]
Task 19, Epoch 22/50 => Loss 0.226, Train_accy 92.35:  44%|████▍     | 22/50 [01:40<02:05,  4.48s/it]
Task 19, Epoch 23/50 => Loss 0.159, Train_accy 95.57:  44%|████▍     | 22/50 [01:42<02:05,  4.48s/it]
Task 19, Epoch 23/50 => Loss 0.159, Train_accy 95.57:  46%|████▌     | 23/50 [01:42<01:42,  3.78s/it]
Task 19, Epoch 24/50 => Loss 0.227, Train_accy 93.96:  46%|████▌     | 23/50 [01:44<01:42,  3.78s/it]
Task 19, Epoch 24/50 => Loss 0.227, Train_accy 93.96:  48%|████▊     | 24/50 [01:44<01:25,  3.28s/it]
Task 19, Epoch 25/50 => Loss 0.200, Train_accy 93.36, Test_accy 65.90:  48%|████▊     | 24/50 [01:59<01:25,  3.28s/it]
Task 19, Epoch 25/50 => Loss 0.200, Train_accy 93.36, Test_accy 65.90:  50%|█████     | 25/50 [01:59<02:51,  6.86s/it]
Task 19, Epoch 26/50 => Loss 0.195, Train_accy 93.56:  50%|█████     | 25/50 [02:02<02:51,  6.86s/it]                 
Task 19, Epoch 26/50 => Loss 0.195, Train_accy 93.56:  52%|█████▏    | 26/50 [02:02<02:12,  5.51s/it]
Task 19, Epoch 27/50 => Loss 0.177, Train_accy 94.77:  52%|█████▏    | 26/50 [02:04<02:12,  5.51s/it]
Task 19, Epoch 27/50 => Loss 0.177, Train_accy 94.77:  54%|█████▍    | 27/50 [02:04<01:43,  4.50s/it]
Task 19, Epoch 28/50 => Loss 0.186, Train_accy 94.37:  54%|█████▍    | 27/50 [02:06<01:43,  4.50s/it]
Task 19, Epoch 28/50 => Loss 0.186, Train_accy 94.37:  56%|█████▌    | 28/50 [02:06<01:23,  3.79s/it]
Task 19, Epoch 29/50 => Loss 0.174, Train_accy 93.56:  56%|█████▌    | 28/50 [02:08<01:23,  3.79s/it]
Task 19, Epoch 29/50 => Loss 0.174, Train_accy 93.56:  58%|█████▊    | 29/50 [02:08<01:09,  3.29s/it]
Task 19, Epoch 30/50 => Loss 0.203, Train_accy 94.16, Test_accy 65.86:  58%|█████▊    | 29/50 [02:23<01:09,  3.29s/it]
Task 19, Epoch 30/50 => Loss 0.203, Train_accy 94.16, Test_accy 65.86:  60%|██████    | 30/50 [02:23<02:17,  6.87s/it]
Task 19, Epoch 31/50 => Loss 0.180, Train_accy 94.57:  60%|██████    | 30/50 [02:26<02:17,  6.87s/it]                 
Task 19, Epoch 31/50 => Loss 0.180, Train_accy 94.57:  62%|██████▏   | 31/50 [02:26<01:44,  5.48s/it]
Task 19, Epoch 32/50 => Loss 0.168, Train_accy 94.16:  62%|██████▏   | 31/50 [02:28<01:44,  5.48s/it]
Task 19, Epoch 32/50 => Loss 0.168, Train_accy 94.16:  64%|██████▍   | 32/50 [02:28<01:20,  4.48s/it]
Task 19, Epoch 33/50 => Loss 0.144, Train_accy 94.97:  64%|██████▍   | 32/50 [02:30<01:20,  4.48s/it]
Task 19, Epoch 33/50 => Loss 0.144, Train_accy 94.97:  66%|██████▌   | 33/50 [02:30<01:04,  3.78s/it]
Task 19, Epoch 34/50 => Loss 0.174, Train_accy 94.97:  66%|██████▌   | 33/50 [02:32<01:04,  3.78s/it]
Task 19, Epoch 34/50 => Loss 0.174, Train_accy 94.97:  68%|██████▊   | 34/50 [02:32<00:52,  3.28s/it]
Task 19, Epoch 35/50 => Loss 0.143, Train_accy 96.18, Test_accy 65.95:  68%|██████▊   | 34/50 [02:47<00:52,  3.28s/it]
Task 19, Epoch 35/50 => Loss 0.143, Train_accy 96.18, Test_accy 65.95:  70%|███████   | 35/50 [02:47<01:42,  6.84s/it]
Task 19, Epoch 36/50 => Loss 0.171, Train_accy 95.17:  70%|███████   | 35/50 [02:49<01:42,  6.84s/it]                 
Task 19, Epoch 36/50 => Loss 0.171, Train_accy 95.17:  72%|███████▏  | 36/50 [02:49<01:16,  5.44s/it]
Task 19, Epoch 37/50 => Loss 0.161, Train_accy 94.97:  72%|███████▏  | 36/50 [02:51<01:16,  5.44s/it]
Task 19, Epoch 37/50 => Loss 0.161, Train_accy 94.97:  74%|███████▍  | 37/50 [02:51<00:57,  4.45s/it]
Task 19, Epoch 38/50 => Loss 0.194, Train_accy 94.16:  74%|███████▍  | 37/50 [02:54<00:57,  4.45s/it]
Task 19, Epoch 38/50 => Loss 0.194, Train_accy 94.16:  76%|███████▌  | 38/50 [02:54<00:45,  3.76s/it]
Task 19, Epoch 39/50 => Loss 0.131, Train_accy 96.18:  76%|███████▌  | 38/50 [02:56<00:45,  3.76s/it]
Task 19, Epoch 39/50 => Loss 0.131, Train_accy 96.18:  78%|███████▊  | 39/50 [02:56<00:35,  3.27s/it]
Task 19, Epoch 40/50 => Loss 0.138, Train_accy 95.77, Test_accy 65.86:  78%|███████▊  | 39/50 [03:11<00:35,  3.27s/it]
Task 19, Epoch 40/50 => Loss 0.138, Train_accy 95.77, Test_accy 65.86:  80%|████████  | 40/50 [03:11<01:08,  6.83s/it]
Task 19, Epoch 41/50 => Loss 0.129, Train_accy 95.57:  80%|████████  | 40/50 [03:13<01:08,  6.83s/it]                 
Task 19, Epoch 41/50 => Loss 0.129, Train_accy 95.57:  82%|████████▏ | 41/50 [03:13<00:48,  5.42s/it]
Task 19, Epoch 42/50 => Loss 0.174, Train_accy 95.37:  82%|████████▏ | 41/50 [03:15<00:48,  5.42s/it]
Task 19, Epoch 42/50 => Loss 0.174, Train_accy 95.37:  84%|████████▍ | 42/50 [03:15<00:35,  4.45s/it]
Task 19, Epoch 43/50 => Loss 0.116, Train_accy 96.78:  84%|████████▍ | 42/50 [03:17<00:35,  4.45s/it]
Task 19, Epoch 43/50 => Loss 0.116, Train_accy 96.78:  86%|████████▌ | 43/50 [03:17<00:26,  3.77s/it]
Task 19, Epoch 44/50 => Loss 0.185, Train_accy 94.37:  86%|████████▌ | 43/50 [03:19<00:26,  3.77s/it]
Task 19, Epoch 44/50 => Loss 0.185, Train_accy 94.37:  88%|████████▊ | 44/50 [03:19<00:19,  3.28s/it]
Task 19, Epoch 45/50 => Loss 0.167, Train_accy 94.16, Test_accy 65.82:  88%|████████▊ | 44/50 [03:35<00:19,  3.28s/it]
Task 19, Epoch 45/50 => Loss 0.167, Train_accy 94.16, Test_accy 65.82:  90%|█████████ | 45/50 [03:35<00:34,  6.90s/it]
Task 19, Epoch 46/50 => Loss 0.159, Train_accy 94.97:  90%|█████████ | 45/50 [03:37<00:34,  6.90s/it]                 
Task 19, Epoch 46/50 => Loss 0.159, Train_accy 94.97:  92%|█████████▏| 46/50 [03:37<00:22,  5.50s/it]
Task 19, Epoch 47/50 => Loss 0.122, Train_accy 96.18:  92%|█████████▏| 46/50 [03:39<00:22,  5.50s/it]
Task 19, Epoch 47/50 => Loss 0.122, Train_accy 96.18:  94%|█████████▍| 47/50 [03:39<00:13,  4.49s/it]
Task 19, Epoch 48/50 => Loss 0.165, Train_accy 94.97:  94%|█████████▍| 47/50 [03:41<00:13,  4.49s/it]
Task 19, Epoch 48/50 => Loss 0.165, Train_accy 94.97:  96%|█████████▌| 48/50 [03:41<00:07,  3.78s/it]
Task 19, Epoch 49/50 => Loss 0.127, Train_accy 95.37:  96%|█████████▌| 48/50 [03:43<00:07,  3.78s/it]
Task 19, Epoch 49/50 => Loss 0.127, Train_accy 95.37:  98%|█████████▊| 49/50 [03:43<00:03,  3.28s/it]
Task 19, Epoch 50/50 => Loss 0.155, Train_accy 95.37, Test_accy 65.82:  98%|█████████▊| 49/50 [03:59<00:03,  3.28s/it]
Task 19, Epoch 50/50 => Loss 0.155, Train_accy 95.37, Test_accy 65.82: 100%|██████████| 50/50 [03:59<00:00,  6.84s/it]
Task 19, Epoch 50/50 => Loss 0.155, Train_accy 95.37, Test_accy 65.82: 100%|██████████| 50/50 [03:59<00:00,  4.78s/it]2025-02-06 15:18:44,970 [lae.py] => Task 19, Epoch 50/50 => Loss 0.155, Train_accy 95.37, Test_accy 65.82

2025-02-06 15:18:58,114 [trainer.py] => No NME accuracy.
2025-02-06 15:18:58,115 [trainer.py] => CNN: {'total': 65.82, '00-09': 58.47, '10-19': 64.34, '20-29': 82.47, '30-39': 66.36, '40-49': 73.83, '50-59': 62.16, '60-69': 58.49, '70-79': 63.83, '80-89': 74.44, '90-99': 69.12, '100-109': 78.26, '110-119': 65.49, '120-129': 65.42, '130-139': 34.75, '140-149': 52.38, '150-159': 83.87, '160-169': 59.7, '170-179': 75.73, '180-189': 62.12, '190-199': 70.41, 'old': 65.62, 'new': 70.41}
2025-02-06 15:18:58,115 [trainer.py] => CNN top1 curve: [99.15, 95.95, 92.15, 89.43, 88.41, 85.27, 81.75, 80.96, 80.04, 79.04, 78.51, 75.64, 73.87, 71.54, 70.06, 69.12, 68.69, 67.67, 66.64, 65.82]
2025-02-06 15:18:58,115 [trainer.py] => CNN top5 curve: [100.0, 99.6, 99.42, 99.34, 99.47, 98.81, 98.46, 98.15, 98.19, 98.32, 98.31, 98.02, 97.77, 97.2, 96.77, 96.77, 96.0, 95.44, 94.78, 94.32]

Average Accuracy (CNN): 78.99
2025-02-06 15:18:58,115 [trainer.py] => Average Accuracy (CNN): 78.99 

Accuracy Matrix (CNN):
[[99.15 98.31 94.92 90.68 89.83 75.42 74.58 74.58 74.58 67.8  67.8  64.41
  64.41 64.41 63.56 62.71 61.86 58.47 58.47 58.47]
 [ 0.   93.8  89.92 89.15 89.15 89.15 83.72 74.42 71.32 69.77 68.22 68.22
  68.22 68.22 68.22 68.22 68.22 64.34 64.34 64.34]
 [ 0.    0.   91.75 84.54 84.54 84.54 84.54 83.51 83.51 83.51 82.47 82.47
  82.47 82.47 82.47 82.47 82.47 82.47 82.47 82.47]
 [ 0.    0.    0.   92.73 90.91 88.18 85.45 83.64 83.64 80.91 79.09 79.09
  74.55 73.64 73.64 71.82 71.82 70.91 70.91 66.36]
 [ 0.    0.    0.    0.   86.92 86.92 84.11 84.11 84.11 84.11 84.11 84.11
  78.5  78.5  74.77 74.77 74.77 74.77 74.77 73.83]
 [ 0.    0.    0.    0.    0.   87.39 86.49 85.59 83.78 83.78 82.88 73.87
  73.87 72.97 68.47 63.06 63.06 63.06 63.06 62.16]
 [ 0.    0.    0.    0.    0.    0.   73.58 73.58 73.58 70.75 66.04 64.15
  64.15 64.15 63.21 62.26 62.26 58.49 58.49 58.49]
 [ 0.    0.    0.    0.    0.    0.    0.   87.94 84.4  83.69 83.69 76.6
  73.76 73.76 73.05 70.21 65.96 65.96 65.96 63.83]
 [ 0.    0.    0.    0.    0.    0.    0.    0.   81.95 81.95 81.2  80.45
  79.7  78.2  78.2  77.44 77.44 76.69 76.69 74.44]
 [ 0.    0.    0.    0.    0.    0.    0.    0.    0.   83.82 83.82 81.62
  77.21 77.21 74.26 73.53 72.79 72.79 69.12 69.12]
 [ 0.    0.    0.    0.    0.    0.    0.    0.    0.    0.   83.48 83.48
  82.61 82.61 82.61 79.13 79.13 79.13 78.26 78.26]
 [ 0.    0.    0.    0.    0.    0.    0.    0.    0.    0.    0.   69.03
  69.03 69.03 69.03 69.03 69.03 67.26 65.49 65.49]
 [ 0.    0.    0.    0.    0.    0.    0.    0.    0.    0.    0.    0.
  71.96 71.03 71.03 68.22 68.22 67.29 65.42 65.42]
 [ 0.    0.    0.    0.    0.    0.    0.    0.    0.    0.    0.    0.
   0.   45.76 45.76 37.29 36.44 35.59 34.75 34.75]
 [ 0.    0.    0.    0.    0.    0.    0.    0.    0.    0.    0.    0.
   0.    0.   63.49 58.73 57.94 53.97 52.38 52.38]
 [ 0.    0.    0.    0.    0.    0.    0.    0.    0.    0.    0.    0.
   0.    0.    0.   87.1  87.1  83.87 83.87 83.87]
 [ 0.    0.    0.    0.    0.    0.    0.    0.    0.    0.    0.    0.
   0.    0.    0.    0.   70.15 69.4  67.16 59.7 ]
 [ 0.    0.    0.    0.    0.    0.    0.    0.    0.    0.    0.    0.
   0.    0.    0.    0.    0.   75.73 75.73 75.73]
 [ 0.    0.    0.    0.    0.    0.    0.    0.    0.    0.    0.    0.
   0.    0.    0.    0.    0.    0.   62.12 62.12]
 [ 0.    0.    0.    0.    0.    0.    0.    0.    0.    0.    0.    0.
   0.    0.    0.    0.    0.    0.    0.   70.41]]
2025-02-06 15:18:58,121 [trainer.py] => Forgetting (CNN): 13.506315789473682
2025-02-06 15:19:00,069 [trainer.py] => config: ./scripts/lae/lae_cub_B100_Inc5.json
2025-02-06 15:19:00,069 [trainer.py] => prefix:  
2025-02-06 15:19:00,069 [trainer.py] => dataset: cub
2025-02-06 15:19:00,069 [trainer.py] => memory_size: 0
2025-02-06 15:19:00,069 [trainer.py] => memory_per_class: 0
2025-02-06 15:19:00,069 [trainer.py] => fixed_memory: False
2025-02-06 15:19:00,069 [trainer.py] => shuffle: True
2025-02-06 15:19:00,069 [trainer.py] => init_cls: 100
2025-02-06 15:19:00,069 [trainer.py] => increment: 20
2025-02-06 15:19:00,069 [trainer.py] => model_name: lae
2025-02-06 15:19:00,069 [trainer.py] => backbone_type: vit_base_patch16_224_in21k_lae
2025-02-06 15:19:00,069 [trainer.py] => device: [device(type='cuda', index=4)]
2025-02-06 15:19:00,069 [trainer.py] => seed: 1993
2025-02-06 15:19:00,069 [trainer.py] => tuned_epoch: 50
2025-02-06 15:19:00,069 [trainer.py] => init_lr: 0.00046875
2025-02-06 15:19:00,070 [trainer.py] => batch_size: 128
2025-02-06 15:19:00,070 [trainer.py] => weight_decay: 0
2025-02-06 15:19:00,070 [trainer.py] => min_lr: 1e-05
2025-02-06 15:19:00,070 [trainer.py] => optimizer: adam
2025-02-06 15:19:00,070 [trainer.py] => scheduler: constant
2025-02-06 15:19:00,070 [trainer.py] => reinit_optimizer: True
2025-02-06 15:19:00,070 [trainer.py] => pretrained: True
2025-02-06 15:19:00,070 [trainer.py] => drop: 0.0
2025-02-06 15:19:00,070 [trainer.py] => drop_path: 0.0
2025-02-06 15:19:00,070 [trainer.py] => ema_decay: 0.9999
2025-02-06 15:19:00,070 [trainer.py] => num_freeze_epochs: 30
2025-02-06 15:19:00,070 [trainer.py] => pet_cls: Adapter
2025-02-06 15:19:00,070 [trainer.py] => pet_length: 10
2025-02-06 15:19:00,070 [trainer.py] => down_sample_dim: 5
2025-02-06 15:19:00,109 [data_manager.py] => [168, 136, 51, 9, 183, 101, 171, 99, 42, 159, 191, 70, 16, 188, 27, 10, 175, 26, 68, 187, 98, 6, 85, 35, 112, 43, 100, 0, 103, 181, 88, 59, 4, 2, 116, 174, 94, 80, 106, 1, 147, 17, 141, 131, 72, 23, 173, 54, 197, 118, 87, 32, 79, 104, 91, 19, 135, 107, 178, 36, 11, 199, 142, 8, 122, 3, 28, 57, 153, 172, 190, 56, 49, 44, 97, 62, 151, 169, 194, 55, 192, 12, 189, 78, 66, 180, 15, 137, 109, 134, 92, 119, 126, 52, 170, 40, 148, 65, 144, 64, 138, 45, 77, 89, 154, 90, 71, 193, 74, 30, 113, 143, 96, 84, 67, 50, 186, 156, 69, 21, 18, 111, 108, 58, 125, 157, 150, 110, 182, 129, 166, 83, 81, 60, 13, 165, 14, 176, 63, 117, 5, 22, 145, 121, 38, 41, 82, 127, 114, 20, 31, 53, 37, 163, 196, 130, 152, 162, 86, 76, 24, 34, 184, 149, 33, 128, 198, 155, 146, 167, 139, 120, 140, 102, 47, 25, 158, 123, 46, 164, 61, 7, 115, 75, 133, 160, 105, 132, 179, 124, 48, 73, 93, 39, 95, 195, 29, 177, 185, 161]
2025-02-06 15:19:02,135 [lae.py] => 85,840,926 model total parameters.
2025-02-06 15:19:02,136 [lae.py] => 0 model training parameters.
2025-02-06 15:19:02,137 [trainer.py] => All params: 85883196
2025-02-06 15:19:02,138 [trainer.py] => Trainable params: 0
2025-02-06 15:19:02,138 [lae.py] => Learning on 0-100

  0%|          | 0/50 [00:00<?, ?it/s]
Task 0, Epoch 1/50 => Loss 3.612, Train_accy 25.84:   0%|          | 0/50 [00:13<?, ?it/s]
Task 0, Epoch 1/50 => Loss 3.612, Train_accy 25.84:   2%|▏         | 1/50 [00:13<10:58, 13.44s/it]
Task 0, Epoch 2/50 => Loss 1.313, Train_accy 68.83:   2%|▏         | 1/50 [00:26<10:58, 13.44s/it]
Task 0, Epoch 2/50 => Loss 1.313, Train_accy 68.83:   4%|▍         | 2/50 [00:26<10:42, 13.39s/it]
Task 0, Epoch 3/50 => Loss 0.845, Train_accy 78.59:   4%|▍         | 2/50 [00:40<10:42, 13.39s/it]
Task 0, Epoch 3/50 => Loss 0.845, Train_accy 78.59:   6%|▌         | 3/50 [00:40<10:29, 13.39s/it]
Task 0, Epoch 4/50 => Loss 0.755, Train_accy 81.72:   6%|▌         | 3/50 [00:53<10:29, 13.39s/it]
Task 0, Epoch 4/50 => Loss 0.755, Train_accy 81.72:   8%|▊         | 4/50 [00:53<10:16, 13.39s/it]
Task 0, Epoch 5/50 => Loss 0.624, Train_accy 84.02, Test_accy 88.72:   8%|▊         | 4/50 [01:14<10:16, 13.39s/it]
Task 0, Epoch 5/50 => Loss 0.624, Train_accy 84.02, Test_accy 88.72:  10%|█         | 5/50 [01:14<12:03, 16.08s/it]
Task 0, Epoch 6/50 => Loss 0.572, Train_accy 85.68:  10%|█         | 5/50 [01:27<12:03, 16.08s/it]                 
Task 0, Epoch 6/50 => Loss 0.572, Train_accy 85.68:  12%|█▏        | 6/50 [01:27<11:05, 15.13s/it]
Task 0, Epoch 7/50 => Loss 0.539, Train_accy 86.22:  12%|█▏        | 6/50 [01:41<11:05, 15.13s/it]
Task 0, Epoch 7/50 => Loss 0.539, Train_accy 86.22:  14%|█▍        | 7/50 [01:41<10:29, 14.64s/it]
Task 0, Epoch 8/50 => Loss 0.498, Train_accy 86.98:  14%|█▍        | 7/50 [01:54<10:29, 14.64s/it]
Task 0, Epoch 8/50 => Loss 0.498, Train_accy 86.98:  16%|█▌        | 8/50 [01:54<09:59, 14.26s/it]
Task 0, Epoch 9/50 => Loss 0.467, Train_accy 88.43:  16%|█▌        | 8/50 [02:08<09:59, 14.26s/it]
Task 0, Epoch 9/50 => Loss 0.467, Train_accy 88.43:  18%|█▊        | 9/50 [02:08<09:35, 14.03s/it]
Task 0, Epoch 10/50 => Loss 0.450, Train_accy 88.86, Test_accy 90.66:  18%|█▊        | 9/50 [02:29<09:35, 14.03s/it]
Task 0, Epoch 10/50 => Loss 0.450, Train_accy 88.86, Test_accy 90.66:  20%|██        | 10/50 [02:29<10:46, 16.16s/it]
Task 0, Epoch 11/50 => Loss 0.447, Train_accy 88.62:  20%|██        | 10/50 [02:42<10:46, 16.16s/it]                 
Task 0, Epoch 11/50 => Loss 0.447, Train_accy 88.62:  22%|██▏       | 11/50 [02:42<09:56, 15.30s/it]
Task 0, Epoch 12/50 => Loss 0.402, Train_accy 89.80:  22%|██▏       | 11/50 [02:56<09:56, 15.30s/it]
Task 0, Epoch 12/50 => Loss 0.402, Train_accy 89.80:  24%|██▍       | 12/50 [02:56<09:21, 14.77s/it]
Task 0, Epoch 13/50 => Loss 0.383, Train_accy 90.14:  24%|██▍       | 12/50 [03:09<09:21, 14.77s/it]
Task 0, Epoch 13/50 => Loss 0.383, Train_accy 90.14:  26%|██▌       | 13/50 [03:09<08:53, 14.42s/it]
Task 0, Epoch 14/50 => Loss 0.397, Train_accy 89.82:  26%|██▌       | 13/50 [03:23<08:53, 14.42s/it]
Task 0, Epoch 14/50 => Loss 0.397, Train_accy 89.82:  28%|██▊       | 14/50 [03:23<08:29, 14.15s/it]
Task 0, Epoch 15/50 => Loss 0.364, Train_accy 90.29, Test_accy 91.50:  28%|██▊       | 14/50 [03:44<08:29, 14.15s/it]
Task 0, Epoch 15/50 => Loss 0.364, Train_accy 90.29, Test_accy 91.50:  30%|███       | 15/50 [03:44<09:24, 16.14s/it]
Task 0, Epoch 16/50 => Loss 0.373, Train_accy 90.58:  30%|███       | 15/50 [03:57<09:24, 16.14s/it]                 
Task 0, Epoch 16/50 => Loss 0.373, Train_accy 90.58:  32%|███▏      | 16/50 [03:57<08:40, 15.32s/it]
Task 0, Epoch 17/50 => Loss 0.362, Train_accy 90.80:  32%|███▏      | 16/50 [04:10<08:40, 15.32s/it]
Task 0, Epoch 17/50 => Loss 0.362, Train_accy 90.80:  34%|███▍      | 17/50 [04:10<08:07, 14.77s/it]
Task 0, Epoch 18/50 => Loss 0.360, Train_accy 90.99:  34%|███▍      | 17/50 [04:24<08:07, 14.77s/it]
Task 0, Epoch 18/50 => Loss 0.360, Train_accy 90.99:  36%|███▌      | 18/50 [04:24<07:40, 14.40s/it]
Task 0, Epoch 19/50 => Loss 0.352, Train_accy 90.78:  36%|███▌      | 18/50 [04:38<07:40, 14.40s/it]
Task 0, Epoch 19/50 => Loss 0.352, Train_accy 90.78:  38%|███▊      | 19/50 [04:38<07:19, 14.16s/it]
Task 0, Epoch 20/50 => Loss 0.317, Train_accy 91.93, Test_accy 92.00:  38%|███▊      | 19/50 [04:58<07:19, 14.16s/it]
Task 0, Epoch 20/50 => Loss 0.317, Train_accy 91.93, Test_accy 92.00:  40%|████      | 20/50 [04:58<08:05, 16.19s/it]
Task 0, Epoch 21/50 => Loss 0.350, Train_accy 91.29:  40%|████      | 20/50 [05:12<08:05, 16.19s/it]                 
Task 0, Epoch 21/50 => Loss 0.350, Train_accy 91.29:  42%|████▏     | 21/50 [05:12<07:28, 15.47s/it]
Task 0, Epoch 22/50 => Loss 0.327, Train_accy 91.52:  42%|████▏     | 21/50 [05:26<07:28, 15.47s/it]
Task 0, Epoch 22/50 => Loss 0.327, Train_accy 91.52:  44%|████▍     | 22/50 [05:26<06:57, 14.93s/it]
Task 0, Epoch 23/50 => Loss 0.321, Train_accy 91.73:  44%|████▍     | 22/50 [05:40<06:57, 14.93s/it]
Task 0, Epoch 23/50 => Loss 0.321, Train_accy 91.73:  46%|████▌     | 23/50 [05:40<06:32, 14.52s/it]
Task 0, Epoch 24/50 => Loss 0.329, Train_accy 91.52:  46%|████▌     | 23/50 [05:53<06:32, 14.52s/it]
Task 0, Epoch 24/50 => Loss 0.329, Train_accy 91.52:  48%|████▊     | 24/50 [05:53<06:10, 14.25s/it]
Task 0, Epoch 25/50 => Loss 0.331, Train_accy 91.61, Test_accy 91.92:  48%|████▊     | 24/50 [06:14<06:10, 14.25s/it]
Task 0, Epoch 25/50 => Loss 0.331, Train_accy 91.61, Test_accy 91.92:  50%|█████     | 25/50 [06:14<06:45, 16.24s/it]
Task 0, Epoch 26/50 => Loss 0.290, Train_accy 92.67:  50%|█████     | 25/50 [06:28<06:45, 16.24s/it]                 
Task 0, Epoch 26/50 => Loss 0.290, Train_accy 92.67:  52%|█████▏    | 26/50 [06:28<06:10, 15.45s/it]
Task 0, Epoch 27/50 => Loss 0.288, Train_accy 92.71:  52%|█████▏    | 26/50 [06:41<06:10, 15.45s/it]
Task 0, Epoch 27/50 => Loss 0.288, Train_accy 92.71:  54%|█████▍    | 27/50 [06:41<05:42, 14.90s/it]
Task 0, Epoch 28/50 => Loss 0.260, Train_accy 93.50:  54%|█████▍    | 27/50 [06:55<05:42, 14.90s/it]
Task 0, Epoch 28/50 => Loss 0.260, Train_accy 93.50:  56%|█████▌    | 28/50 [06:55<05:21, 14.63s/it]
Task 0, Epoch 29/50 => Loss 0.294, Train_accy 92.31:  56%|█████▌    | 28/50 [07:09<05:21, 14.63s/it]
Task 0, Epoch 29/50 => Loss 0.294, Train_accy 92.31:  58%|█████▊    | 29/50 [07:09<05:00, 14.29s/it]
Task 0, Epoch 30/50 => Loss 0.281, Train_accy 92.80, Test_accy 91.84:  58%|█████▊    | 29/50 [07:30<05:00, 14.29s/it]
Task 0, Epoch 30/50 => Loss 0.281, Train_accy 92.80, Test_accy 91.84:  60%|██████    | 30/50 [07:30<05:26, 16.34s/it]
Task 0, Epoch 31/50 => Loss 0.267, Train_accy 93.48:  60%|██████    | 30/50 [07:44<05:26, 16.34s/it]                 
Task 0, Epoch 31/50 => Loss 0.267, Train_accy 93.48:  62%|██████▏   | 31/50 [07:44<04:55, 15.53s/it]
Task 0, Epoch 32/50 => Loss 0.280, Train_accy 92.74:  62%|██████▏   | 31/50 [07:57<04:55, 15.53s/it]
Task 0, Epoch 32/50 => Loss 0.280, Train_accy 92.74:  64%|██████▍   | 32/50 [07:57<04:28, 14.94s/it]
Task 0, Epoch 33/50 => Loss 0.278, Train_accy 92.97:  64%|██████▍   | 32/50 [08:11<04:28, 14.94s/it]
Task 0, Epoch 33/50 => Loss 0.278, Train_accy 92.97:  66%|██████▌   | 33/50 [08:11<04:07, 14.58s/it]
Task 0, Epoch 34/50 => Loss 0.275, Train_accy 93.14:  66%|██████▌   | 33/50 [08:24<04:07, 14.58s/it]
Task 0, Epoch 34/50 => Loss 0.275, Train_accy 93.14:  68%|██████▊   | 34/50 [08:24<03:48, 14.25s/it]
Task 0, Epoch 35/50 => Loss 0.272, Train_accy 93.25, Test_accy 91.58:  68%|██████▊   | 34/50 [08:45<03:48, 14.25s/it]
Task 0, Epoch 35/50 => Loss 0.272, Train_accy 93.25, Test_accy 91.58:  70%|███████   | 35/50 [08:45<04:03, 16.23s/it]
Task 0, Epoch 36/50 => Loss 0.257, Train_accy 93.44:  70%|███████   | 35/50 [08:59<04:03, 16.23s/it]                 
Task 0, Epoch 36/50 => Loss 0.257, Train_accy 93.44:  72%|███████▏  | 36/50 [08:59<03:36, 15.45s/it]
Task 0, Epoch 37/50 => Loss 0.278, Train_accy 92.69:  72%|███████▏  | 36/50 [09:12<03:36, 15.45s/it]
Task 0, Epoch 37/50 => Loss 0.278, Train_accy 92.69:  74%|███████▍  | 37/50 [09:12<03:13, 14.90s/it]
Task 0, Epoch 38/50 => Loss 0.247, Train_accy 93.46:  74%|███████▍  | 37/50 [09:26<03:13, 14.90s/it]
Task 0, Epoch 38/50 => Loss 0.247, Train_accy 93.46:  76%|███████▌  | 38/50 [09:26<02:54, 14.54s/it]
Task 0, Epoch 39/50 => Loss 0.255, Train_accy 93.25:  76%|███████▌  | 38/50 [09:40<02:54, 14.54s/it]
Task 0, Epoch 39/50 => Loss 0.255, Train_accy 93.25:  78%|███████▊  | 39/50 [09:40<02:36, 14.26s/it]
Task 0, Epoch 40/50 => Loss 0.271, Train_accy 93.03, Test_accy 92.00:  78%|███████▊  | 39/50 [10:01<02:36, 14.26s/it]
Task 0, Epoch 40/50 => Loss 0.271, Train_accy 93.03, Test_accy 92.00:  80%|████████  | 40/50 [10:01<02:42, 16.29s/it]
Task 0, Epoch 41/50 => Loss 0.263, Train_accy 92.97:  80%|████████  | 40/50 [10:15<02:42, 16.29s/it]                 
Task 0, Epoch 41/50 => Loss 0.263, Train_accy 92.97:  82%|████████▏ | 41/50 [10:15<02:19, 15.55s/it]
Task 0, Epoch 42/50 => Loss 0.231, Train_accy 94.14:  82%|████████▏ | 41/50 [10:28<02:19, 15.55s/it]
Task 0, Epoch 42/50 => Loss 0.231, Train_accy 94.14:  84%|████████▍ | 42/50 [10:28<01:59, 14.99s/it]
Task 0, Epoch 43/50 => Loss 0.239, Train_accy 94.01:  84%|████████▍ | 42/50 [10:42<01:59, 14.99s/it]
Task 0, Epoch 43/50 => Loss 0.239, Train_accy 94.01:  86%|████████▌ | 43/50 [10:42<01:42, 14.69s/it]
Task 0, Epoch 44/50 => Loss 0.243, Train_accy 93.46:  86%|████████▌ | 43/50 [10:56<01:42, 14.69s/it]
Task 0, Epoch 44/50 => Loss 0.243, Train_accy 93.46:  88%|████████▊ | 44/50 [10:56<01:26, 14.36s/it]
Task 0, Epoch 45/50 => Loss 0.249, Train_accy 93.44, Test_accy 91.50:  88%|████████▊ | 44/50 [11:17<01:26, 14.36s/it]
Task 0, Epoch 45/50 => Loss 0.249, Train_accy 93.44, Test_accy 91.50:  90%|█████████ | 45/50 [11:17<01:21, 16.35s/it]
Task 0, Epoch 46/50 => Loss 0.222, Train_accy 94.06:  90%|█████████ | 45/50 [11:30<01:21, 16.35s/it]                 
Task 0, Epoch 46/50 => Loss 0.222, Train_accy 94.06:  92%|█████████▏| 46/50 [11:30<01:01, 15.47s/it]
Task 0, Epoch 47/50 => Loss 0.229, Train_accy 94.31:  92%|█████████▏| 46/50 [11:44<01:01, 15.47s/it]
Task 0, Epoch 47/50 => Loss 0.229, Train_accy 94.31:  94%|█████████▍| 47/50 [11:44<00:44, 14.96s/it]
Task 0, Epoch 48/50 => Loss 0.242, Train_accy 93.76:  94%|█████████▍| 47/50 [11:58<00:44, 14.96s/it]
Task 0, Epoch 48/50 => Loss 0.242, Train_accy 93.76:  96%|█████████▌| 48/50 [11:58<00:29, 14.62s/it]
Task 0, Epoch 49/50 => Loss 0.224, Train_accy 94.27:  96%|█████████▌| 48/50 [12:12<00:29, 14.62s/it]
Task 0, Epoch 49/50 => Loss 0.224, Train_accy 94.27:  98%|█████████▊| 49/50 [12:12<00:14, 14.40s/it]
Task 0, Epoch 50/50 => Loss 0.234, Train_accy 94.16, Test_accy 91.33:  98%|█████████▊| 49/50 [12:32<00:14, 14.40s/it]
Task 0, Epoch 50/50 => Loss 0.234, Train_accy 94.16, Test_accy 91.33: 100%|██████████| 50/50 [12:32<00:00, 16.31s/it]
Task 0, Epoch 50/50 => Loss 0.234, Train_accy 94.16, Test_accy 91.33: 100%|██████████| 50/50 [12:32<00:00, 15.06s/it]2025-02-06 15:31:35,515 [lae.py] => Task 0, Epoch 50/50 => Loss 0.234, Train_accy 94.16, Test_accy 91.33

2025-02-06 15:31:42,785 [trainer.py] => No NME accuracy.
2025-02-06 15:31:42,785 [trainer.py] => CNN: {'total': 91.33, '00-99': 91.33, 'old': 0, 'new': 91.33}
2025-02-06 15:31:42,785 [trainer.py] => CNN top1 curve: [91.33]
2025-02-06 15:31:42,785 [trainer.py] => CNN top5 curve: [99.24]

Average Accuracy (CNN): 91.33
2025-02-06 15:31:42,786 [trainer.py] => Average Accuracy (CNN): 91.33 

2025-02-06 15:31:42,787 [trainer.py] => All params: 85960096
2025-02-06 15:31:42,788 [trainer.py] => Trainable params: 119170
2025-02-06 15:31:42,790 [lae.py] => Learning on 100-120

  0%|          | 0/50 [00:00<?, ?it/s]
Task 1, Epoch 1/50 => Loss 3.753, Train_accy 6.30:   0%|          | 0/50 [00:03<?, ?it/s]
Task 1, Epoch 1/50 => Loss 3.753, Train_accy 6.30:   2%|▏         | 1/50 [00:03<02:48,  3.43s/it]
Task 1, Epoch 2/50 => Loss 2.153, Train_accy 36.76:   2%|▏         | 1/50 [00:06<02:48,  3.43s/it]
Task 1, Epoch 2/50 => Loss 2.153, Train_accy 36.76:   4%|▍         | 2/50 [00:06<02:47,  3.49s/it]
Task 1, Epoch 3/50 => Loss 1.227, Train_accy 70.06:   4%|▍         | 2/50 [00:10<02:47,  3.49s/it]
Task 1, Epoch 3/50 => Loss 1.227, Train_accy 70.06:   6%|▌         | 3/50 [00:10<02:41,  3.44s/it]
Task 1, Epoch 4/50 => Loss 0.791, Train_accy 80.78:   6%|▌         | 3/50 [00:13<02:41,  3.44s/it]
Task 1, Epoch 4/50 => Loss 0.791, Train_accy 80.78:   8%|▊         | 4/50 [00:13<02:37,  3.42s/it]
Task 1, Epoch 5/50 => Loss 0.556, Train_accy 86.34, Test_accy 78.53:   8%|▊         | 4/50 [00:25<02:37,  3.42s/it]
Task 1, Epoch 5/50 => Loss 0.556, Train_accy 86.34, Test_accy 78.53:  10%|█         | 5/50 [00:25<04:49,  6.43s/it]
Task 1, Epoch 6/50 => Loss 0.382, Train_accy 90.55:  10%|█         | 5/50 [00:28<04:49,  6.43s/it]                 
Task 1, Epoch 6/50 => Loss 0.382, Train_accy 90.55:  12%|█▏        | 6/50 [00:28<03:57,  5.40s/it]
Task 1, Epoch 7/50 => Loss 0.387, Train_accy 90.65:  12%|█▏        | 6/50 [00:32<03:57,  5.40s/it]
Task 1, Epoch 7/50 => Loss 0.387, Train_accy 90.65:  14%|█▍        | 7/50 [00:32<03:23,  4.74s/it]
Task 1, Epoch 8/50 => Loss 0.325, Train_accy 91.91:  14%|█▍        | 7/50 [00:35<03:23,  4.74s/it]
Task 1, Epoch 8/50 => Loss 0.325, Train_accy 91.91:  16%|█▌        | 8/50 [00:35<03:00,  4.30s/it]
Task 1, Epoch 9/50 => Loss 0.279, Train_accy 93.17:  16%|█▌        | 8/50 [00:39<03:00,  4.30s/it]
Task 1, Epoch 9/50 => Loss 0.279, Train_accy 93.17:  18%|█▊        | 9/50 [00:39<02:44,  4.02s/it]
Task 1, Epoch 10/50 => Loss 0.316, Train_accy 90.86, Test_accy 81.57:  18%|█▊        | 9/50 [00:50<02:44,  4.02s/it]
Task 1, Epoch 10/50 => Loss 0.316, Train_accy 90.86, Test_accy 81.57:  20%|██        | 10/50 [00:50<04:14,  6.37s/it]
Task 1, Epoch 11/50 => Loss 0.262, Train_accy 93.49:  20%|██        | 10/50 [00:54<04:14,  6.37s/it]                 
Task 1, Epoch 11/50 => Loss 0.262, Train_accy 93.49:  22%|██▏       | 11/50 [00:54<03:32,  5.46s/it]
Task 1, Epoch 12/50 => Loss 0.218, Train_accy 94.12:  22%|██▏       | 11/50 [00:57<03:32,  5.46s/it]
Task 1, Epoch 12/50 => Loss 0.218, Train_accy 94.12:  24%|██▍       | 12/50 [00:57<03:03,  4.82s/it]
Task 1, Epoch 13/50 => Loss 0.219, Train_accy 93.80:  24%|██▍       | 12/50 [01:00<03:03,  4.82s/it]
Task 1, Epoch 13/50 => Loss 0.219, Train_accy 93.80:  26%|██▌       | 13/50 [01:00<02:42,  4.38s/it]
Task 1, Epoch 14/50 => Loss 0.219, Train_accy 94.75:  26%|██▌       | 13/50 [01:04<02:42,  4.38s/it]
Task 1, Epoch 14/50 => Loss 0.219, Train_accy 94.75:  28%|██▊       | 14/50 [01:04<02:27,  4.10s/it]
Task 1, Epoch 15/50 => Loss 0.283, Train_accy 92.12, Test_accy 82.63:  28%|██▊       | 14/50 [01:15<02:27,  4.10s/it]
Task 1, Epoch 15/50 => Loss 0.283, Train_accy 92.12, Test_accy 82.63:  30%|███       | 15/50 [01:15<03:43,  6.38s/it]
Task 1, Epoch 16/50 => Loss 0.232, Train_accy 94.54:  30%|███       | 15/50 [01:19<03:43,  6.38s/it]                 
Task 1, Epoch 16/50 => Loss 0.232, Train_accy 94.54:  32%|███▏      | 16/50 [01:19<03:05,  5.47s/it]
Task 1, Epoch 17/50 => Loss 0.213, Train_accy 94.33:  32%|███▏      | 16/50 [01:22<03:05,  5.47s/it]
Task 1, Epoch 17/50 => Loss 0.213, Train_accy 94.33:  34%|███▍      | 17/50 [01:22<02:39,  4.84s/it]
Task 1, Epoch 18/50 => Loss 0.184, Train_accy 94.43:  34%|███▍      | 17/50 [01:26<02:39,  4.84s/it]
Task 1, Epoch 18/50 => Loss 0.184, Train_accy 94.43:  36%|███▌      | 18/50 [01:26<02:20,  4.40s/it]
Task 1, Epoch 19/50 => Loss 0.219, Train_accy 93.80:  36%|███▌      | 18/50 [01:29<02:20,  4.40s/it]
Task 1, Epoch 19/50 => Loss 0.219, Train_accy 93.80:  38%|███▊      | 19/50 [01:29<02:06,  4.09s/it]
Task 1, Epoch 20/50 => Loss 0.171, Train_accy 94.96, Test_accy 82.98:  38%|███▊      | 19/50 [01:41<02:06,  4.09s/it]
Task 1, Epoch 20/50 => Loss 0.171, Train_accy 94.96, Test_accy 82.98:  40%|████      | 20/50 [01:41<03:10,  6.37s/it]
Task 1, Epoch 21/50 => Loss 0.153, Train_accy 95.80:  40%|████      | 20/50 [01:44<03:10,  6.37s/it]                 
Task 1, Epoch 21/50 => Loss 0.153, Train_accy 95.80:  42%|████▏     | 21/50 [01:44<02:38,  5.48s/it]
Task 1, Epoch 22/50 => Loss 0.171, Train_accy 95.27:  42%|████▏     | 21/50 [01:47<02:38,  5.48s/it]
Task 1, Epoch 22/50 => Loss 0.171, Train_accy 95.27:  44%|████▍     | 22/50 [01:47<02:15,  4.85s/it]
Task 1, Epoch 23/50 => Loss 0.158, Train_accy 96.01:  44%|████▍     | 22/50 [01:51<02:15,  4.85s/it]
Task 1, Epoch 23/50 => Loss 0.158, Train_accy 96.01:  46%|████▌     | 23/50 [01:51<01:59,  4.43s/it]
Task 1, Epoch 24/50 => Loss 0.181, Train_accy 94.43:  46%|████▌     | 23/50 [01:54<01:59,  4.43s/it]
Task 1, Epoch 24/50 => Loss 0.181, Train_accy 94.43:  48%|████▊     | 24/50 [01:54<01:48,  4.16s/it]
Task 1, Epoch 25/50 => Loss 0.186, Train_accy 94.75, Test_accy 83.69:  48%|████▊     | 24/50 [02:06<01:48,  4.16s/it]
Task 1, Epoch 25/50 => Loss 0.186, Train_accy 94.75, Test_accy 83.69:  50%|█████     | 25/50 [02:06<02:40,  6.40s/it]
Task 1, Epoch 26/50 => Loss 0.173, Train_accy 94.22:  50%|█████     | 25/50 [02:09<02:40,  6.40s/it]                 
Task 1, Epoch 26/50 => Loss 0.173, Train_accy 94.22:  52%|█████▏    | 26/50 [02:09<02:11,  5.50s/it]
Task 1, Epoch 27/50 => Loss 0.185, Train_accy 95.27:  52%|█████▏    | 26/50 [02:13<02:11,  5.50s/it]
Task 1, Epoch 27/50 => Loss 0.185, Train_accy 95.27:  54%|█████▍    | 27/50 [02:13<01:51,  4.86s/it]
Task 1, Epoch 28/50 => Loss 0.162, Train_accy 95.17:  54%|█████▍    | 27/50 [02:16<01:51,  4.86s/it]
Task 1, Epoch 28/50 => Loss 0.162, Train_accy 95.17:  56%|█████▌    | 28/50 [02:16<01:37,  4.44s/it]
Task 1, Epoch 29/50 => Loss 0.149, Train_accy 95.90:  56%|█████▌    | 28/50 [02:20<01:37,  4.44s/it]
Task 1, Epoch 29/50 => Loss 0.149, Train_accy 95.90:  58%|█████▊    | 29/50 [02:20<01:26,  4.11s/it]
Task 1, Epoch 30/50 => Loss 0.158, Train_accy 95.06, Test_accy 84.32:  58%|█████▊    | 29/50 [02:31<01:26,  4.11s/it]
Task 1, Epoch 30/50 => Loss 0.158, Train_accy 95.06, Test_accy 84.32:  60%|██████    | 30/50 [02:31<02:07,  6.38s/it]
Task 1, Epoch 31/50 => Loss 0.136, Train_accy 96.01:  60%|██████    | 30/50 [02:35<02:07,  6.38s/it]                 
Task 1, Epoch 31/50 => Loss 0.136, Train_accy 96.01:  62%|██████▏   | 31/50 [02:35<01:43,  5.47s/it]
Task 1, Epoch 32/50 => Loss 0.148, Train_accy 96.01:  62%|██████▏   | 31/50 [02:38<01:43,  5.47s/it]
Task 1, Epoch 32/50 => Loss 0.148, Train_accy 96.01:  64%|██████▍   | 32/50 [02:38<01:27,  4.84s/it]
Task 1, Epoch 33/50 => Loss 0.162, Train_accy 95.17:  64%|██████▍   | 32/50 [02:41<01:27,  4.84s/it]
Task 1, Epoch 33/50 => Loss 0.162, Train_accy 95.17:  66%|██████▌   | 33/50 [02:41<01:14,  4.39s/it]
Task 1, Epoch 34/50 => Loss 0.154, Train_accy 95.69:  66%|██████▌   | 33/50 [02:45<01:14,  4.39s/it]
Task 1, Epoch 34/50 => Loss 0.154, Train_accy 95.69:  68%|██████▊   | 34/50 [02:45<01:05,  4.08s/it]
Task 1, Epoch 35/50 => Loss 0.142, Train_accy 96.01, Test_accy 84.46:  68%|██████▊   | 34/50 [02:56<01:05,  4.08s/it]
Task 1, Epoch 35/50 => Loss 0.142, Train_accy 96.01, Test_accy 84.46:  70%|███████   | 35/50 [02:56<01:35,  6.38s/it]
Task 1, Epoch 36/50 => Loss 0.141, Train_accy 95.69:  70%|███████   | 35/50 [03:00<01:35,  6.38s/it]                 
Task 1, Epoch 36/50 => Loss 0.141, Train_accy 95.69:  72%|███████▏  | 36/50 [03:00<01:16,  5.49s/it]
Task 1, Epoch 37/50 => Loss 0.114, Train_accy 96.01:  72%|███████▏  | 36/50 [03:03<01:16,  5.49s/it]
Task 1, Epoch 37/50 => Loss 0.114, Train_accy 96.01:  74%|███████▍  | 37/50 [03:03<01:02,  4.85s/it]
Task 1, Epoch 38/50 => Loss 0.116, Train_accy 95.90:  74%|███████▍  | 37/50 [03:06<01:02,  4.85s/it]
Task 1, Epoch 38/50 => Loss 0.116, Train_accy 95.90:  76%|███████▌  | 38/50 [03:06<00:52,  4.39s/it]
Task 1, Epoch 39/50 => Loss 0.128, Train_accy 96.43:  76%|███████▌  | 38/50 [03:10<00:52,  4.39s/it]
Task 1, Epoch 39/50 => Loss 0.128, Train_accy 96.43:  78%|███████▊  | 39/50 [03:10<00:44,  4.08s/it]
Task 1, Epoch 40/50 => Loss 0.082, Train_accy 98.21, Test_accy 84.75:  78%|███████▊  | 39/50 [03:22<00:44,  4.08s/it]
Task 1, Epoch 40/50 => Loss 0.082, Train_accy 98.21, Test_accy 84.75:  80%|████████  | 40/50 [03:22<01:03,  6.38s/it]
Task 1, Epoch 41/50 => Loss 0.143, Train_accy 95.90:  80%|████████  | 40/50 [03:25<01:03,  6.38s/it]                 
Task 1, Epoch 41/50 => Loss 0.143, Train_accy 95.90:  82%|████████▏ | 41/50 [03:25<00:49,  5.53s/it]
Task 1, Epoch 42/50 => Loss 0.116, Train_accy 96.53:  82%|████████▏ | 41/50 [03:28<00:49,  5.53s/it]
Task 1, Epoch 42/50 => Loss 0.116, Train_accy 96.53:  84%|████████▍ | 42/50 [03:28<00:39,  4.89s/it]
Task 1, Epoch 43/50 => Loss 0.100, Train_accy 97.16:  84%|████████▍ | 42/50 [03:32<00:39,  4.89s/it]
Task 1, Epoch 43/50 => Loss 0.100, Train_accy 97.16:  86%|████████▌ | 43/50 [03:32<00:31,  4.46s/it]
Task 1, Epoch 44/50 => Loss 0.132, Train_accy 96.11:  86%|████████▌ | 43/50 [03:35<00:31,  4.46s/it]
Task 1, Epoch 44/50 => Loss 0.132, Train_accy 96.11:  88%|████████▊ | 44/50 [03:35<00:24,  4.13s/it]
Task 1, Epoch 45/50 => Loss 0.114, Train_accy 96.32, Test_accy 85.03:  88%|████████▊ | 44/50 [03:47<00:24,  4.13s/it]
Task 1, Epoch 45/50 => Loss 0.114, Train_accy 96.32, Test_accy 85.03:  90%|█████████ | 45/50 [03:47<00:31,  6.39s/it]
Task 1, Epoch 46/50 => Loss 0.133, Train_accy 95.80:  90%|█████████ | 45/50 [03:50<00:31,  6.39s/it]                 
Task 1, Epoch 46/50 => Loss 0.133, Train_accy 95.80:  92%|█████████▏| 46/50 [03:50<00:21,  5.48s/it]
Task 1, Epoch 47/50 => Loss 0.126, Train_accy 95.69:  92%|█████████▏| 46/50 [03:54<00:21,  5.48s/it]
Task 1, Epoch 47/50 => Loss 0.126, Train_accy 95.69:  94%|█████████▍| 47/50 [03:54<00:14,  4.88s/it]
Task 1, Epoch 48/50 => Loss 0.118, Train_accy 96.53:  94%|█████████▍| 47/50 [03:57<00:14,  4.88s/it]
Task 1, Epoch 48/50 => Loss 0.118, Train_accy 96.53:  96%|█████████▌| 48/50 [03:57<00:08,  4.47s/it]
Task 1, Epoch 49/50 => Loss 0.127, Train_accy 95.80:  96%|█████████▌| 48/50 [04:01<00:08,  4.47s/it]
Task 1, Epoch 49/50 => Loss 0.127, Train_accy 95.80:  98%|█████████▊| 49/50 [04:01<00:04,  4.14s/it]
Task 1, Epoch 50/50 => Loss 0.106, Train_accy 96.43, Test_accy 85.31:  98%|█████████▊| 49/50 [04:12<00:04,  4.14s/it]
Task 1, Epoch 50/50 => Loss 0.106, Train_accy 96.43, Test_accy 85.31: 100%|██████████| 50/50 [04:12<00:00,  6.39s/it]
Task 1, Epoch 50/50 => Loss 0.106, Train_accy 96.43, Test_accy 85.31: 100%|██████████| 50/50 [04:12<00:00,  5.06s/it]2025-02-06 15:35:55,638 [lae.py] => Task 1, Epoch 50/50 => Loss 0.106, Train_accy 96.43, Test_accy 85.31

2025-02-06 15:36:04,050 [trainer.py] => No NME accuracy.
2025-02-06 15:36:04,050 [trainer.py] => CNN: {'total': 85.31, '00-99': 91.33, '100-119': 53.95, 'old': 91.33, 'new': 53.95}
2025-02-06 15:36:04,050 [trainer.py] => CNN top1 curve: [91.33, 85.31]
2025-02-06 15:36:04,051 [trainer.py] => CNN top5 curve: [99.24, 98.87]

Average Accuracy (CNN): 88.32
2025-02-06 15:36:04,051 [trainer.py] => Average Accuracy (CNN): 88.32 

2025-02-06 15:36:04,053 [trainer.py] => All params: 85975476
2025-02-06 15:36:04,055 [trainer.py] => Trainable params: 134550
2025-02-06 15:36:04,059 [lae.py] => Learning on 120-140

  0%|          | 0/50 [00:00<?, ?it/s]
Task 2, Epoch 1/50 => Loss 3.393, Train_accy 8.70:   0%|          | 0/50 [00:03<?, ?it/s]
Task 2, Epoch 1/50 => Loss 3.393, Train_accy 8.70:   2%|▏         | 1/50 [00:03<02:44,  3.37s/it]
Task 2, Epoch 2/50 => Loss 2.096, Train_accy 36.06:   2%|▏         | 1/50 [00:06<02:44,  3.37s/it]
Task 2, Epoch 2/50 => Loss 2.096, Train_accy 36.06:   4%|▍         | 2/50 [00:06<02:44,  3.43s/it]
Task 2, Epoch 3/50 => Loss 1.410, Train_accy 58.60:   4%|▍         | 2/50 [00:10<02:44,  3.43s/it]
Task 2, Epoch 3/50 => Loss 1.410, Train_accy 58.60:   6%|▌         | 3/50 [00:10<02:42,  3.45s/it]
Task 2, Epoch 4/50 => Loss 0.915, Train_accy 73.58:   6%|▌         | 3/50 [00:13<02:42,  3.45s/it]
Task 2, Epoch 4/50 => Loss 0.915, Train_accy 73.58:   8%|▊         | 4/50 [00:13<02:38,  3.44s/it]
Task 2, Epoch 5/50 => Loss 0.740, Train_accy 75.89, Test_accy 75.44:   8%|▊         | 4/50 [00:26<02:38,  3.44s/it]
Task 2, Epoch 5/50 => Loss 0.740, Train_accy 75.89, Test_accy 75.44:  10%|█         | 5/50 [00:26<05:06,  6.82s/it]
Task 2, Epoch 6/50 => Loss 0.643, Train_accy 80.92:  10%|█         | 5/50 [00:29<05:06,  6.82s/it]                 
Task 2, Epoch 6/50 => Loss 0.643, Train_accy 80.92:  12%|█▏        | 6/50 [00:29<04:08,  5.65s/it]
Task 2, Epoch 7/50 => Loss 0.586, Train_accy 83.02:  12%|█▏        | 6/50 [00:33<04:08,  5.65s/it]
Task 2, Epoch 7/50 => Loss 0.586, Train_accy 83.02:  14%|█▍        | 7/50 [00:33<03:31,  4.91s/it]
Task 2, Epoch 8/50 => Loss 0.583, Train_accy 82.39:  14%|█▍        | 7/50 [00:36<03:31,  4.91s/it]
Task 2, Epoch 8/50 => Loss 0.583, Train_accy 82.39:  16%|█▌        | 8/50 [00:36<03:05,  4.42s/it]
Task 2, Epoch 9/50 => Loss 0.456, Train_accy 86.06:  16%|█▌        | 8/50 [00:40<03:05,  4.42s/it]
Task 2, Epoch 9/50 => Loss 0.456, Train_accy 86.06:  18%|█▊        | 9/50 [00:40<02:47,  4.09s/it]
Task 2, Epoch 10/50 => Loss 0.455, Train_accy 85.43, Test_accy 76.78:  18%|█▊        | 9/50 [00:52<02:47,  4.09s/it]
Task 2, Epoch 10/50 => Loss 0.455, Train_accy 85.43, Test_accy 76.78:  20%|██        | 10/50 [00:52<04:31,  6.78s/it]
Task 2, Epoch 11/50 => Loss 0.454, Train_accy 85.01:  20%|██        | 10/50 [00:56<04:31,  6.78s/it]                 
Task 2, Epoch 11/50 => Loss 0.454, Train_accy 85.01:  22%|██▏       | 11/50 [00:56<03:43,  5.74s/it]
Task 2, Epoch 12/50 => Loss 0.423, Train_accy 87.42:  22%|██▏       | 11/50 [00:59<03:43,  5.74s/it]
Task 2, Epoch 12/50 => Loss 0.423, Train_accy 87.42:  24%|██▍       | 12/50 [00:59<03:10,  5.02s/it]
Task 2, Epoch 13/50 => Loss 0.431, Train_accy 86.79:  24%|██▍       | 12/50 [01:02<03:10,  5.02s/it]
Task 2, Epoch 13/50 => Loss 0.431, Train_accy 86.79:  26%|██▌       | 13/50 [01:02<02:47,  4.52s/it]
Task 2, Epoch 14/50 => Loss 0.374, Train_accy 89.31:  26%|██▌       | 13/50 [01:06<02:47,  4.52s/it]
Task 2, Epoch 14/50 => Loss 0.374, Train_accy 89.31:  28%|██▊       | 14/50 [01:06<02:32,  4.24s/it]
Task 2, Epoch 15/50 => Loss 0.385, Train_accy 88.47, Test_accy 77.57:  28%|██▊       | 14/50 [01:19<02:32,  4.24s/it]
Task 2, Epoch 15/50 => Loss 0.385, Train_accy 88.47, Test_accy 77.57:  30%|███       | 15/50 [01:19<03:57,  6.80s/it]
Task 2, Epoch 16/50 => Loss 0.329, Train_accy 90.15:  30%|███       | 15/50 [01:22<03:57,  6.80s/it]                 
Task 2, Epoch 16/50 => Loss 0.329, Train_accy 90.15:  32%|███▏      | 16/50 [01:22<03:16,  5.79s/it]
Task 2, Epoch 17/50 => Loss 0.312, Train_accy 90.67:  32%|███▏      | 16/50 [01:26<03:16,  5.79s/it]
Task 2, Epoch 17/50 => Loss 0.312, Train_accy 90.67:  34%|███▍      | 17/50 [01:26<02:46,  5.05s/it]
Task 2, Epoch 18/50 => Loss 0.341, Train_accy 91.82:  34%|███▍      | 17/50 [01:29<02:46,  5.05s/it]
Task 2, Epoch 18/50 => Loss 0.341, Train_accy 91.82:  36%|███▌      | 18/50 [01:29<02:25,  4.55s/it]
Task 2, Epoch 19/50 => Loss 0.333, Train_accy 89.41:  36%|███▌      | 18/50 [01:32<02:25,  4.55s/it]
Task 2, Epoch 19/50 => Loss 0.333, Train_accy 89.41:  38%|███▊      | 19/50 [01:32<02:10,  4.20s/it]
Task 2, Epoch 20/50 => Loss 0.302, Train_accy 91.09, Test_accy 78.31:  38%|███▊      | 19/50 [01:45<02:10,  4.20s/it]
Task 2, Epoch 20/50 => Loss 0.302, Train_accy 91.09, Test_accy 78.31:  40%|████      | 20/50 [01:45<03:26,  6.88s/it]
Task 2, Epoch 21/50 => Loss 0.313, Train_accy 90.25:  40%|████      | 20/50 [01:49<03:26,  6.88s/it]                 
Task 2, Epoch 21/50 => Loss 0.313, Train_accy 90.25:  42%|████▏     | 21/50 [01:49<02:48,  5.83s/it]
Task 2, Epoch 22/50 => Loss 0.321, Train_accy 89.52:  42%|████▏     | 21/50 [01:52<02:48,  5.83s/it]
Task 2, Epoch 22/50 => Loss 0.321, Train_accy 89.52:  44%|████▍     | 22/50 [01:52<02:22,  5.09s/it]
Task 2, Epoch 23/50 => Loss 0.274, Train_accy 92.14:  44%|████▍     | 22/50 [01:56<02:22,  5.09s/it]
Task 2, Epoch 23/50 => Loss 0.274, Train_accy 92.14:  46%|████▌     | 23/50 [01:56<02:04,  4.62s/it]
Task 2, Epoch 24/50 => Loss 0.274, Train_accy 92.45:  46%|████▌     | 23/50 [01:59<02:04,  4.62s/it]
Task 2, Epoch 24/50 => Loss 0.274, Train_accy 92.45:  48%|████▊     | 24/50 [01:59<01:50,  4.25s/it]
Task 2, Epoch 25/50 => Loss 0.278, Train_accy 91.61, Test_accy 79.10:  48%|████▊     | 24/50 [02:12<01:50,  4.25s/it]
Task 2, Epoch 25/50 => Loss 0.278, Train_accy 91.61, Test_accy 79.10:  50%|█████     | 25/50 [02:12<02:50,  6.82s/it]
Task 2, Epoch 26/50 => Loss 0.266, Train_accy 92.24:  50%|█████     | 25/50 [02:15<02:50,  6.82s/it]                 
Task 2, Epoch 26/50 => Loss 0.266, Train_accy 92.24:  52%|█████▏    | 26/50 [02:15<02:19,  5.80s/it]
Task 2, Epoch 27/50 => Loss 0.273, Train_accy 91.40:  52%|█████▏    | 26/50 [02:19<02:19,  5.80s/it]
Task 2, Epoch 27/50 => Loss 0.273, Train_accy 91.40:  54%|█████▍    | 27/50 [02:19<01:56,  5.08s/it]
Task 2, Epoch 28/50 => Loss 0.233, Train_accy 93.08:  54%|█████▍    | 27/50 [02:22<01:56,  5.08s/it]
Task 2, Epoch 28/50 => Loss 0.233, Train_accy 93.08:  56%|█████▌    | 28/50 [02:22<01:40,  4.56s/it]
Task 2, Epoch 29/50 => Loss 0.247, Train_accy 93.71:  56%|█████▌    | 28/50 [02:26<01:40,  4.56s/it]
Task 2, Epoch 29/50 => Loss 0.247, Train_accy 93.71:  58%|█████▊    | 29/50 [02:26<01:30,  4.33s/it]
Task 2, Epoch 30/50 => Loss 0.236, Train_accy 93.61, Test_accy 79.77:  58%|█████▊    | 29/50 [02:39<01:30,  4.33s/it]
Task 2, Epoch 30/50 => Loss 0.236, Train_accy 93.61, Test_accy 79.77:  60%|██████    | 30/50 [02:39<02:17,  6.89s/it]
Task 2, Epoch 31/50 => Loss 0.275, Train_accy 92.24:  60%|██████    | 30/50 [02:42<02:17,  6.89s/it]                 
Task 2, Epoch 31/50 => Loss 0.275, Train_accy 92.24:  62%|██████▏   | 31/50 [02:42<01:50,  5.83s/it]
Task 2, Epoch 32/50 => Loss 0.237, Train_accy 92.98:  62%|██████▏   | 31/50 [02:46<01:50,  5.83s/it]
Task 2, Epoch 32/50 => Loss 0.237, Train_accy 92.98:  64%|██████▍   | 32/50 [02:46<01:31,  5.11s/it]
Task 2, Epoch 33/50 => Loss 0.274, Train_accy 92.24:  64%|██████▍   | 32/50 [02:49<01:31,  5.11s/it]
Task 2, Epoch 33/50 => Loss 0.274, Train_accy 92.24:  66%|██████▌   | 33/50 [02:49<01:17,  4.58s/it]
Task 2, Epoch 34/50 => Loss 0.232, Train_accy 93.29:  66%|██████▌   | 33/50 [02:52<01:17,  4.58s/it]
Task 2, Epoch 34/50 => Loss 0.232, Train_accy 93.29:  68%|██████▊   | 34/50 [02:52<01:07,  4.22s/it]
Task 2, Epoch 35/50 => Loss 0.235, Train_accy 93.08, Test_accy 80.13:  68%|██████▊   | 34/50 [03:05<01:07,  4.22s/it]
Task 2, Epoch 35/50 => Loss 0.235, Train_accy 93.08, Test_accy 80.13:  70%|███████   | 35/50 [03:05<01:42,  6.80s/it]
Task 2, Epoch 36/50 => Loss 0.259, Train_accy 92.24:  70%|███████   | 35/50 [03:09<01:42,  6.80s/it]                 
Task 2, Epoch 36/50 => Loss 0.259, Train_accy 92.24:  72%|███████▏  | 36/50 [03:09<01:21,  5.79s/it]
Task 2, Epoch 37/50 => Loss 0.235, Train_accy 93.29:  72%|███████▏  | 36/50 [03:12<01:21,  5.79s/it]
Task 2, Epoch 37/50 => Loss 0.235, Train_accy 93.29:  74%|███████▍  | 37/50 [03:12<01:05,  5.07s/it]
Task 2, Epoch 38/50 => Loss 0.224, Train_accy 93.19:  74%|███████▍  | 37/50 [03:15<01:05,  5.07s/it]
Task 2, Epoch 38/50 => Loss 0.224, Train_accy 93.19:  76%|███████▌  | 38/50 [03:15<00:54,  4.56s/it]
Task 2, Epoch 39/50 => Loss 0.218, Train_accy 95.07:  76%|███████▌  | 38/50 [03:19<00:54,  4.56s/it]
Task 2, Epoch 39/50 => Loss 0.218, Train_accy 95.07:  78%|███████▊  | 39/50 [03:19<00:46,  4.22s/it]
Task 2, Epoch 40/50 => Loss 0.205, Train_accy 94.55, Test_accy 80.56:  78%|███████▊  | 39/50 [03:32<00:46,  4.22s/it]
Task 2, Epoch 40/50 => Loss 0.205, Train_accy 94.55, Test_accy 80.56:  80%|████████  | 40/50 [03:32<01:07,  6.79s/it]
Task 2, Epoch 41/50 => Loss 0.251, Train_accy 92.14:  80%|████████  | 40/50 [03:35<01:07,  6.79s/it]                 
Task 2, Epoch 41/50 => Loss 0.251, Train_accy 92.14:  82%|████████▏ | 41/50 [03:35<00:52,  5.81s/it]
Task 2, Epoch 42/50 => Loss 0.204, Train_accy 93.82:  82%|████████▏ | 41/50 [03:38<00:52,  5.81s/it]
Task 2, Epoch 42/50 => Loss 0.204, Train_accy 93.82:  84%|████████▍ | 42/50 [03:38<00:40,  5.10s/it]
Task 2, Epoch 43/50 => Loss 0.175, Train_accy 95.28:  84%|████████▍ | 42/50 [03:42<00:40,  5.10s/it]
Task 2, Epoch 43/50 => Loss 0.175, Train_accy 95.28:  86%|████████▌ | 43/50 [03:42<00:32,  4.60s/it]
Task 2, Epoch 44/50 => Loss 0.217, Train_accy 93.71:  86%|████████▌ | 43/50 [03:45<00:32,  4.60s/it]
Task 2, Epoch 44/50 => Loss 0.217, Train_accy 93.71:  88%|████████▊ | 44/50 [03:45<00:25,  4.23s/it]
Task 2, Epoch 45/50 => Loss 0.197, Train_accy 93.92, Test_accy 80.93:  88%|████████▊ | 44/50 [03:58<00:25,  4.23s/it]
Task 2, Epoch 45/50 => Loss 0.197, Train_accy 93.92, Test_accy 80.93:  90%|█████████ | 45/50 [03:58<00:34,  6.83s/it]
Task 2, Epoch 46/50 => Loss 0.204, Train_accy 94.23:  90%|█████████ | 45/50 [04:02<00:34,  6.83s/it]                 
Task 2, Epoch 46/50 => Loss 0.204, Train_accy 94.23:  92%|█████████▏| 46/50 [04:02<00:23,  5.82s/it]
Task 2, Epoch 47/50 => Loss 0.207, Train_accy 94.23:  92%|█████████▏| 46/50 [04:05<00:23,  5.82s/it]
Task 2, Epoch 47/50 => Loss 0.207, Train_accy 94.23:  94%|█████████▍| 47/50 [04:05<00:15,  5.09s/it]
Task 2, Epoch 48/50 => Loss 0.216, Train_accy 93.61:  94%|█████████▍| 47/50 [04:08<00:15,  5.09s/it]
Task 2, Epoch 48/50 => Loss 0.216, Train_accy 93.61:  96%|█████████▌| 48/50 [04:08<00:09,  4.57s/it]
Task 2, Epoch 49/50 => Loss 0.223, Train_accy 93.82:  96%|█████████▌| 48/50 [04:12<00:09,  4.57s/it]
Task 2, Epoch 49/50 => Loss 0.223, Train_accy 93.82:  98%|█████████▊| 49/50 [04:12<00:04,  4.22s/it]
Task 2, Epoch 50/50 => Loss 0.207, Train_accy 93.40, Test_accy 81.35:  98%|█████████▊| 49/50 [04:25<00:04,  4.22s/it]
Task 2, Epoch 50/50 => Loss 0.207, Train_accy 93.40, Test_accy 81.35: 100%|██████████| 50/50 [04:25<00:00,  6.79s/it]
Task 2, Epoch 50/50 => Loss 0.207, Train_accy 93.40, Test_accy 81.35: 100%|██████████| 50/50 [04:25<00:00,  5.30s/it]2025-02-06 15:40:29,158 [lae.py] => Task 2, Epoch 50/50 => Loss 0.207, Train_accy 93.40, Test_accy 81.35

2025-02-06 15:40:38,655 [trainer.py] => No NME accuracy.
2025-02-06 15:40:38,656 [trainer.py] => CNN: {'total': 81.35, '00-99': 91.33, '100-119': 53.95, '120-139': 56.44, 'old': 85.31, 'new': 56.44}
2025-02-06 15:40:38,656 [trainer.py] => CNN top1 curve: [91.33, 85.31, 81.35]
2025-02-06 15:40:38,656 [trainer.py] => CNN top5 curve: [99.24, 98.87, 98.66]

Average Accuracy (CNN): 86.0
2025-02-06 15:40:38,656 [trainer.py] => Average Accuracy (CNN): 86.0 

2025-02-06 15:40:38,657 [trainer.py] => All params: 85990856
2025-02-06 15:40:38,658 [trainer.py] => Trainable params: 149930
2025-02-06 15:40:38,661 [lae.py] => Learning on 140-160

  0%|          | 0/50 [00:00<?, ?it/s]
Task 3, Epoch 1/50 => Loss 3.276, Train_accy 10.54:   0%|          | 0/50 [00:03<?, ?it/s]
Task 3, Epoch 1/50 => Loss 3.276, Train_accy 10.54:   2%|▏         | 1/50 [00:03<02:51,  3.49s/it]
Task 3, Epoch 2/50 => Loss 2.021, Train_accy 42.07:   2%|▏         | 1/50 [00:06<02:51,  3.49s/it]
Task 3, Epoch 2/50 => Loss 2.021, Train_accy 42.07:   4%|▍         | 2/50 [00:06<02:42,  3.39s/it]
Task 3, Epoch 3/50 => Loss 1.262, Train_accy 65.11:   4%|▍         | 2/50 [00:10<02:42,  3.39s/it]
Task 3, Epoch 3/50 => Loss 1.262, Train_accy 65.11:   6%|▌         | 3/50 [00:10<02:37,  3.35s/it]
Task 3, Epoch 4/50 => Loss 0.866, Train_accy 78.48:   6%|▌         | 3/50 [00:13<02:37,  3.35s/it]
Task 3, Epoch 4/50 => Loss 0.866, Train_accy 78.48:   8%|▊         | 4/50 [00:13<02:32,  3.32s/it]
Task 3, Epoch 5/50 => Loss 0.609, Train_accy 84.46, Test_accy 71.92:   8%|▊         | 4/50 [00:27<02:32,  3.32s/it]
Task 3, Epoch 5/50 => Loss 0.609, Train_accy 84.46, Test_accy 71.92:  10%|█         | 5/50 [00:27<05:24,  7.21s/it]
Task 3, Epoch 6/50 => Loss 0.545, Train_accy 85.33:  10%|█         | 5/50 [00:30<05:24,  7.21s/it]                 
Task 3, Epoch 6/50 => Loss 0.545, Train_accy 85.33:  12%|█▏        | 6/50 [00:30<04:18,  5.88s/it]
Task 3, Epoch 7/50 => Loss 0.449, Train_accy 88.04:  12%|█▏        | 6/50 [00:34<04:18,  5.88s/it]
Task 3, Epoch 7/50 => Loss 0.449, Train_accy 88.04:  14%|█▍        | 7/50 [00:34<03:36,  5.03s/it]
Task 3, Epoch 8/50 => Loss 0.383, Train_accy 90.65:  14%|█▍        | 7/50 [00:37<03:36,  5.03s/it]
Task 3, Epoch 8/50 => Loss 0.383, Train_accy 90.65:  16%|█▌        | 8/50 [00:37<03:07,  4.46s/it]
Task 3, Epoch 9/50 => Loss 0.379, Train_accy 90.33:  16%|█▌        | 8/50 [00:40<03:07,  4.46s/it]
Task 3, Epoch 9/50 => Loss 0.379, Train_accy 90.33:  18%|█▊        | 9/50 [00:40<02:47,  4.09s/it]
Task 3, Epoch 10/50 => Loss 0.414, Train_accy 89.13, Test_accy 73.66:  18%|█▊        | 9/50 [00:54<02:47,  4.09s/it]
Task 3, Epoch 10/50 => Loss 0.414, Train_accy 89.13, Test_accy 73.66:  20%|██        | 10/50 [00:54<04:47,  7.18s/it]
Task 3, Epoch 11/50 => Loss 0.346, Train_accy 91.09:  20%|██        | 10/50 [00:58<04:47,  7.18s/it]                 
Task 3, Epoch 11/50 => Loss 0.346, Train_accy 91.09:  22%|██▏       | 11/50 [00:58<03:54,  6.01s/it]
Task 3, Epoch 12/50 => Loss 0.318, Train_accy 90.98:  22%|██▏       | 11/50 [01:01<03:54,  6.01s/it]
Task 3, Epoch 12/50 => Loss 0.318, Train_accy 90.98:  24%|██▍       | 12/50 [01:01<03:16,  5.18s/it]
Task 3, Epoch 13/50 => Loss 0.362, Train_accy 91.41:  24%|██▍       | 12/50 [01:04<03:16,  5.18s/it]
Task 3, Epoch 13/50 => Loss 0.362, Train_accy 91.41:  26%|██▌       | 13/50 [01:04<02:50,  4.60s/it]
Task 3, Epoch 14/50 => Loss 0.313, Train_accy 92.50:  26%|██▌       | 13/50 [01:07<02:50,  4.60s/it]
Task 3, Epoch 14/50 => Loss 0.313, Train_accy 92.50:  28%|██▊       | 14/50 [01:07<02:31,  4.20s/it]
Task 3, Epoch 15/50 => Loss 0.247, Train_accy 93.04, Test_accy 74.88:  28%|██▊       | 14/50 [01:21<02:31,  4.20s/it]
Task 3, Epoch 15/50 => Loss 0.247, Train_accy 93.04, Test_accy 74.88:  30%|███       | 15/50 [01:21<04:11,  7.19s/it]
Task 3, Epoch 16/50 => Loss 0.276, Train_accy 93.26:  30%|███       | 15/50 [01:25<04:11,  7.19s/it]                 
Task 3, Epoch 16/50 => Loss 0.276, Train_accy 93.26:  32%|███▏      | 16/50 [01:25<03:24,  6.02s/it]
Task 3, Epoch 17/50 => Loss 0.274, Train_accy 92.50:  32%|███▏      | 16/50 [01:28<03:24,  6.02s/it]
Task 3, Epoch 17/50 => Loss 0.274, Train_accy 92.50:  34%|███▍      | 17/50 [01:28<02:52,  5.22s/it]
Task 3, Epoch 18/50 => Loss 0.215, Train_accy 94.13:  34%|███▍      | 17/50 [01:31<02:52,  5.22s/it]
Task 3, Epoch 18/50 => Loss 0.215, Train_accy 94.13:  36%|███▌      | 18/50 [01:31<02:28,  4.64s/it]
Task 3, Epoch 19/50 => Loss 0.269, Train_accy 91.85:  36%|███▌      | 18/50 [01:35<02:28,  4.64s/it]
Task 3, Epoch 19/50 => Loss 0.269, Train_accy 91.85:  38%|███▊      | 19/50 [01:35<02:11,  4.23s/it]
Task 3, Epoch 20/50 => Loss 0.269, Train_accy 94.02, Test_accy 75.46:  38%|███▊      | 19/50 [01:49<02:11,  4.23s/it]
Task 3, Epoch 20/50 => Loss 0.269, Train_accy 94.02, Test_accy 75.46:  40%|████      | 20/50 [01:49<03:35,  7.18s/it]
Task 3, Epoch 21/50 => Loss 0.288, Train_accy 93.04:  40%|████      | 20/50 [01:52<03:35,  7.18s/it]                 
Task 3, Epoch 21/50 => Loss 0.288, Train_accy 93.04:  42%|████▏     | 21/50 [01:52<02:54,  6.01s/it]
Task 3, Epoch 22/50 => Loss 0.225, Train_accy 94.02:  42%|████▏     | 21/50 [01:55<02:54,  6.01s/it]
Task 3, Epoch 22/50 => Loss 0.225, Train_accy 94.02:  44%|████▍     | 22/50 [01:55<02:25,  5.19s/it]
Task 3, Epoch 23/50 => Loss 0.181, Train_accy 94.67:  44%|████▍     | 22/50 [01:59<02:25,  5.19s/it]
Task 3, Epoch 23/50 => Loss 0.181, Train_accy 94.67:  46%|████▌     | 23/50 [01:59<02:04,  4.62s/it]
Task 3, Epoch 24/50 => Loss 0.271, Train_accy 92.39:  46%|████▌     | 23/50 [02:02<02:04,  4.62s/it]
Task 3, Epoch 24/50 => Loss 0.271, Train_accy 92.39:  48%|████▊     | 24/50 [02:02<01:50,  4.25s/it]
Task 3, Epoch 25/50 => Loss 0.238, Train_accy 93.91, Test_accy 75.94:  48%|████▊     | 24/50 [02:16<01:50,  4.25s/it]
Task 3, Epoch 25/50 => Loss 0.238, Train_accy 93.91, Test_accy 75.94:  50%|█████     | 25/50 [02:16<03:00,  7.20s/it]
Task 3, Epoch 26/50 => Loss 0.193, Train_accy 94.89:  50%|█████     | 25/50 [02:19<03:00,  7.20s/it]                 
Task 3, Epoch 26/50 => Loss 0.193, Train_accy 94.89:  52%|█████▏    | 26/50 [02:19<02:25,  6.05s/it]
Task 3, Epoch 27/50 => Loss 0.239, Train_accy 93.91:  52%|█████▏    | 26/50 [02:23<02:25,  6.05s/it]
Task 3, Epoch 27/50 => Loss 0.239, Train_accy 93.91:  54%|█████▍    | 27/50 [02:23<02:00,  5.23s/it]
Task 3, Epoch 28/50 => Loss 0.279, Train_accy 91.96:  54%|█████▍    | 27/50 [02:26<02:00,  5.23s/it]
Task 3, Epoch 28/50 => Loss 0.279, Train_accy 91.96:  56%|█████▌    | 28/50 [02:26<01:42,  4.65s/it]
Task 3, Epoch 29/50 => Loss 0.186, Train_accy 94.89:  56%|█████▌    | 28/50 [02:29<01:42,  4.65s/it]
Task 3, Epoch 29/50 => Loss 0.186, Train_accy 94.89:  58%|█████▊    | 29/50 [02:29<01:29,  4.26s/it]
Task 3, Epoch 30/50 => Loss 0.183, Train_accy 95.33, Test_accy 76.63:  58%|█████▊    | 29/50 [02:43<01:29,  4.26s/it]
Task 3, Epoch 30/50 => Loss 0.183, Train_accy 95.33, Test_accy 76.63:  60%|██████    | 30/50 [02:43<02:23,  7.17s/it]
Task 3, Epoch 31/50 => Loss 0.172, Train_accy 94.78:  60%|██████    | 30/50 [02:47<02:23,  7.17s/it]                 
Task 3, Epoch 31/50 => Loss 0.172, Train_accy 94.78:  62%|██████▏   | 31/50 [02:47<01:54,  6.03s/it]
Task 3, Epoch 32/50 => Loss 0.189, Train_accy 94.89:  62%|██████▏   | 31/50 [02:50<01:54,  6.03s/it]
Task 3, Epoch 32/50 => Loss 0.189, Train_accy 94.89:  64%|██████▍   | 32/50 [02:50<01:33,  5.21s/it]
Task 3, Epoch 33/50 => Loss 0.223, Train_accy 93.70:  64%|██████▍   | 32/50 [02:53<01:33,  5.21s/it]
Task 3, Epoch 33/50 => Loss 0.223, Train_accy 93.70:  66%|██████▌   | 33/50 [02:53<01:18,  4.64s/it]
Task 3, Epoch 34/50 => Loss 0.202, Train_accy 94.78:  66%|██████▌   | 33/50 [02:57<01:18,  4.64s/it]
Task 3, Epoch 34/50 => Loss 0.202, Train_accy 94.78:  68%|██████▊   | 34/50 [02:57<01:07,  4.24s/it]
Task 3, Epoch 35/50 => Loss 0.238, Train_accy 92.83, Test_accy 77.10:  68%|██████▊   | 34/50 [03:11<01:07,  4.24s/it]
Task 3, Epoch 35/50 => Loss 0.238, Train_accy 92.83, Test_accy 77.10:  70%|███████   | 35/50 [03:11<01:47,  7.18s/it]
Task 3, Epoch 36/50 => Loss 0.180, Train_accy 94.46:  70%|███████   | 35/50 [03:14<01:47,  7.18s/it]                 
Task 3, Epoch 36/50 => Loss 0.180, Train_accy 94.46:  72%|███████▏  | 36/50 [03:14<01:24,  6.01s/it]
Task 3, Epoch 37/50 => Loss 0.151, Train_accy 94.67:  72%|███████▏  | 36/50 [03:17<01:24,  6.01s/it]
Task 3, Epoch 37/50 => Loss 0.151, Train_accy 94.67:  74%|███████▍  | 37/50 [03:17<01:07,  5.19s/it]
Task 3, Epoch 38/50 => Loss 0.194, Train_accy 94.57:  74%|███████▍  | 37/50 [03:21<01:07,  5.19s/it]
Task 3, Epoch 38/50 => Loss 0.194, Train_accy 94.57:  76%|███████▌  | 38/50 [03:21<00:55,  4.62s/it]
Task 3, Epoch 39/50 => Loss 0.214, Train_accy 94.46:  76%|███████▌  | 38/50 [03:24<00:55,  4.62s/it]
Task 3, Epoch 39/50 => Loss 0.214, Train_accy 94.46:  78%|███████▊  | 39/50 [03:24<00:46,  4.23s/it]
Task 3, Epoch 40/50 => Loss 0.156, Train_accy 95.76, Test_accy 77.53:  78%|███████▊  | 39/50 [03:38<00:46,  4.23s/it]
Task 3, Epoch 40/50 => Loss 0.156, Train_accy 95.76, Test_accy 77.53:  80%|████████  | 40/50 [03:38<01:11,  7.19s/it]
Task 3, Epoch 41/50 => Loss 0.176, Train_accy 94.78:  80%|████████  | 40/50 [03:41<01:11,  7.19s/it]                 
Task 3, Epoch 41/50 => Loss 0.176, Train_accy 94.78:  82%|████████▏ | 41/50 [03:41<00:54,  6.02s/it]
Task 3, Epoch 42/50 => Loss 0.200, Train_accy 93.59:  82%|████████▏ | 41/50 [03:45<00:54,  6.02s/it]
Task 3, Epoch 42/50 => Loss 0.200, Train_accy 93.59:  84%|████████▍ | 42/50 [03:45<00:41,  5.21s/it]
Task 3, Epoch 43/50 => Loss 0.122, Train_accy 96.96:  84%|████████▍ | 42/50 [03:48<00:41,  5.21s/it]
Task 3, Epoch 43/50 => Loss 0.122, Train_accy 96.96:  86%|████████▌ | 43/50 [03:48<00:32,  4.62s/it]
Task 3, Epoch 44/50 => Loss 0.172, Train_accy 93.91:  86%|████████▌ | 43/50 [03:51<00:32,  4.62s/it]
Task 3, Epoch 44/50 => Loss 0.172, Train_accy 93.91:  88%|████████▊ | 44/50 [03:51<00:25,  4.21s/it]
Task 3, Epoch 45/50 => Loss 0.196, Train_accy 94.89, Test_accy 77.95:  88%|████████▊ | 44/50 [04:05<00:25,  4.21s/it]
Task 3, Epoch 45/50 => Loss 0.196, Train_accy 94.89, Test_accy 77.95:  90%|█████████ | 45/50 [04:05<00:35,  7.18s/it]
Task 3, Epoch 46/50 => Loss 0.177, Train_accy 95.43:  90%|█████████ | 45/50 [04:08<00:35,  7.18s/it]                 
Task 3, Epoch 46/50 => Loss 0.177, Train_accy 95.43:  92%|█████████▏| 46/50 [04:08<00:24,  6.01s/it]
Task 3, Epoch 47/50 => Loss 0.163, Train_accy 95.33:  92%|█████████▏| 46/50 [04:12<00:24,  6.01s/it]
Task 3, Epoch 47/50 => Loss 0.163, Train_accy 95.33:  94%|█████████▍| 47/50 [04:12<00:15,  5.21s/it]
Task 3, Epoch 48/50 => Loss 0.152, Train_accy 95.65:  94%|█████████▍| 47/50 [04:15<00:15,  5.21s/it]
Task 3, Epoch 48/50 => Loss 0.152, Train_accy 95.65:  96%|█████████▌| 48/50 [04:15<00:09,  4.64s/it]
Task 3, Epoch 49/50 => Loss 0.151, Train_accy 95.43:  96%|█████████▌| 48/50 [04:18<00:09,  4.64s/it]
Task 3, Epoch 49/50 => Loss 0.151, Train_accy 95.43:  98%|█████████▊| 49/50 [04:18<00:04,  4.23s/it]
Task 3, Epoch 50/50 => Loss 0.191, Train_accy 94.78, Test_accy 78.21:  98%|█████████▊| 49/50 [04:32<00:04,  4.23s/it]
Task 3, Epoch 50/50 => Loss 0.191, Train_accy 94.78, Test_accy 78.21: 100%|██████████| 50/50 [04:32<00:00,  7.18s/it]
Task 3, Epoch 50/50 => Loss 0.191, Train_accy 94.78, Test_accy 78.21: 100%|██████████| 50/50 [04:32<00:00,  5.46s/it]2025-02-06 15:45:11,641 [lae.py] => Task 3, Epoch 50/50 => Loss 0.191, Train_accy 94.78, Test_accy 78.21

2025-02-06 15:45:22,603 [trainer.py] => No NME accuracy.
2025-02-06 15:45:22,603 [trainer.py] => CNN: {'total': 78.21, '00-99': 90.74, '100-119': 53.95, '120-139': 56.44, '140-159': 60.4, 'old': 80.93, 'new': 60.4}
2025-02-06 15:45:22,604 [trainer.py] => CNN top1 curve: [91.33, 85.31, 81.35, 78.21]
2025-02-06 15:45:22,604 [trainer.py] => CNN top5 curve: [99.24, 98.87, 98.66, 98.47]

Average Accuracy (CNN): 84.05
2025-02-06 15:45:22,604 [trainer.py] => Average Accuracy (CNN): 84.05 

2025-02-06 15:45:22,605 [trainer.py] => All params: 86006236
2025-02-06 15:45:22,606 [trainer.py] => Trainable params: 165310
2025-02-06 15:45:22,609 [lae.py] => Learning on 160-180

  0%|          | 0/50 [00:00<?, ?it/s]
Task 4, Epoch 1/50 => Loss 3.276, Train_accy 12.32:   0%|          | 0/50 [00:03<?, ?it/s]
Task 4, Epoch 1/50 => Loss 3.276, Train_accy 12.32:   2%|▏         | 1/50 [00:03<02:44,  3.37s/it]
Task 4, Epoch 2/50 => Loss 1.910, Train_accy 44.99:   2%|▏         | 1/50 [00:06<02:44,  3.37s/it]
Task 4, Epoch 2/50 => Loss 1.910, Train_accy 44.99:   4%|▍         | 2/50 [00:06<02:42,  3.39s/it]
Task 4, Epoch 3/50 => Loss 1.176, Train_accy 71.09:   4%|▍         | 2/50 [00:10<02:42,  3.39s/it]
Task 4, Epoch 3/50 => Loss 1.176, Train_accy 71.09:   6%|▌         | 3/50 [00:10<02:41,  3.43s/it]
Task 4, Epoch 4/50 => Loss 0.771, Train_accy 81.94:   6%|▌         | 3/50 [00:13<02:41,  3.43s/it]
Task 4, Epoch 4/50 => Loss 0.771, Train_accy 81.94:   8%|▊         | 4/50 [00:13<02:36,  3.41s/it]
Task 4, Epoch 5/50 => Loss 0.548, Train_accy 87.47, Test_accy 71.66:   8%|▊         | 4/50 [00:29<02:36,  3.41s/it]
Task 4, Epoch 5/50 => Loss 0.548, Train_accy 87.47, Test_accy 71.66:  10%|█         | 5/50 [00:29<05:50,  7.80s/it]
Task 4, Epoch 6/50 => Loss 0.477, Train_accy 88.73:  10%|█         | 5/50 [00:32<05:50,  7.80s/it]                 
Task 4, Epoch 6/50 => Loss 0.477, Train_accy 88.73:  12%|█▏        | 6/50 [00:32<04:39,  6.36s/it]
Task 4, Epoch 7/50 => Loss 0.392, Train_accy 91.44:  12%|█▏        | 6/50 [00:36<04:39,  6.36s/it]
Task 4, Epoch 7/50 => Loss 0.392, Train_accy 91.44:  14%|█▍        | 7/50 [00:36<03:52,  5.41s/it]
Task 4, Epoch 8/50 => Loss 0.357, Train_accy 91.02:  14%|█▍        | 7/50 [00:39<03:52,  5.41s/it]
Task 4, Epoch 8/50 => Loss 0.357, Train_accy 91.02:  16%|█▌        | 8/50 [00:39<03:20,  4.77s/it]
Task 4, Epoch 9/50 => Loss 0.338, Train_accy 91.23:  16%|█▌        | 8/50 [00:43<03:20,  4.77s/it]
Task 4, Epoch 9/50 => Loss 0.338, Train_accy 91.23:  18%|█▊        | 9/50 [00:43<02:58,  4.35s/it]
Task 4, Epoch 10/50 => Loss 0.266, Train_accy 93.42, Test_accy 73.31:  18%|█▊        | 9/50 [00:58<02:58,  4.35s/it]
Task 4, Epoch 10/50 => Loss 0.266, Train_accy 93.42, Test_accy 73.31:  20%|██        | 10/50 [00:58<05:11,  7.80s/it]
Task 4, Epoch 11/50 => Loss 0.315, Train_accy 91.65:  20%|██        | 10/50 [01:01<05:11,  7.80s/it]                 
Task 4, Epoch 11/50 => Loss 0.315, Train_accy 91.65:  22%|██▏       | 11/50 [01:01<04:11,  6.45s/it]
Task 4, Epoch 12/50 => Loss 0.290, Train_accy 92.90:  22%|██▏       | 11/50 [01:05<04:11,  6.45s/it]
Task 4, Epoch 12/50 => Loss 0.290, Train_accy 92.90:  24%|██▍       | 12/50 [01:05<03:30,  5.53s/it]
Task 4, Epoch 13/50 => Loss 0.266, Train_accy 93.11:  24%|██▍       | 12/50 [01:08<03:30,  5.53s/it]
Task 4, Epoch 13/50 => Loss 0.266, Train_accy 93.11:  26%|██▌       | 13/50 [01:08<03:00,  4.88s/it]
Task 4, Epoch 14/50 => Loss 0.313, Train_accy 91.34:  26%|██▌       | 13/50 [01:12<03:00,  4.88s/it]
Task 4, Epoch 14/50 => Loss 0.313, Train_accy 91.34:  28%|██▊       | 14/50 [01:12<02:40,  4.45s/it]
Task 4, Epoch 15/50 => Loss 0.335, Train_accy 91.34, Test_accy 74.39:  28%|██▊       | 14/50 [01:27<02:40,  4.45s/it]
Task 4, Epoch 15/50 => Loss 0.335, Train_accy 91.34, Test_accy 74.39:  30%|███       | 15/50 [01:27<04:31,  7.75s/it]
Task 4, Epoch 16/50 => Loss 0.292, Train_accy 91.75:  30%|███       | 15/50 [01:31<04:31,  7.75s/it]                 
Task 4, Epoch 16/50 => Loss 0.292, Train_accy 91.75:  32%|███▏      | 16/50 [01:31<03:39,  6.45s/it]
Task 4, Epoch 17/50 => Loss 0.261, Train_accy 93.01:  32%|███▏      | 16/50 [01:34<03:39,  6.45s/it]
Task 4, Epoch 17/50 => Loss 0.261, Train_accy 93.01:  34%|███▍      | 17/50 [01:34<03:03,  5.55s/it]
Task 4, Epoch 18/50 => Loss 0.297, Train_accy 92.17:  34%|███▍      | 17/50 [01:37<03:03,  5.55s/it]
Task 4, Epoch 18/50 => Loss 0.297, Train_accy 92.17:  36%|███▌      | 18/50 [01:37<02:37,  4.92s/it]
Task 4, Epoch 19/50 => Loss 0.223, Train_accy 94.05:  36%|███▌      | 18/50 [01:41<02:37,  4.92s/it]
Task 4, Epoch 19/50 => Loss 0.223, Train_accy 94.05:  38%|███▊      | 19/50 [01:41<02:18,  4.45s/it]
Task 4, Epoch 20/50 => Loss 0.268, Train_accy 92.28, Test_accy 74.53:  38%|███▊      | 19/50 [01:56<02:18,  4.45s/it]
Task 4, Epoch 20/50 => Loss 0.268, Train_accy 92.28, Test_accy 74.53:  40%|████      | 20/50 [01:56<03:53,  7.79s/it]
Task 4, Epoch 21/50 => Loss 0.218, Train_accy 94.05:  40%|████      | 20/50 [02:00<03:53,  7.79s/it]                 
Task 4, Epoch 21/50 => Loss 0.218, Train_accy 94.05:  42%|████▏     | 21/50 [02:00<03:08,  6.49s/it]
Task 4, Epoch 22/50 => Loss 0.248, Train_accy 92.80:  42%|████▏     | 21/50 [02:03<03:08,  6.49s/it]
Task 4, Epoch 22/50 => Loss 0.248, Train_accy 92.80:  44%|████▍     | 22/50 [02:03<02:36,  5.58s/it]
Task 4, Epoch 23/50 => Loss 0.243, Train_accy 93.01:  44%|████▍     | 22/50 [02:07<02:36,  5.58s/it]
Task 4, Epoch 23/50 => Loss 0.243, Train_accy 93.01:  46%|████▌     | 23/50 [02:07<02:13,  4.93s/it]
Task 4, Epoch 24/50 => Loss 0.204, Train_accy 93.84:  46%|████▌     | 23/50 [02:10<02:13,  4.93s/it]
Task 4, Epoch 24/50 => Loss 0.204, Train_accy 93.84:  48%|████▊     | 24/50 [02:10<01:57,  4.51s/it]
Task 4, Epoch 25/50 => Loss 0.249, Train_accy 93.32, Test_accy 75.09:  48%|████▊     | 24/50 [02:26<01:57,  4.51s/it]
Task 4, Epoch 25/50 => Loss 0.249, Train_accy 93.32, Test_accy 75.09:  50%|█████     | 25/50 [02:26<03:15,  7.82s/it]
Task 4, Epoch 26/50 => Loss 0.187, Train_accy 94.05:  50%|█████     | 25/50 [02:29<03:15,  7.82s/it]                 
Task 4, Epoch 26/50 => Loss 0.187, Train_accy 94.05:  52%|█████▏    | 26/50 [02:29<02:36,  6.50s/it]
Task 4, Epoch 27/50 => Loss 0.197, Train_accy 94.57:  52%|█████▏    | 26/50 [02:33<02:36,  6.50s/it]
Task 4, Epoch 27/50 => Loss 0.197, Train_accy 94.57:  54%|█████▍    | 27/50 [02:33<02:10,  5.65s/it]
Task 4, Epoch 28/50 => Loss 0.185, Train_accy 94.99:  54%|█████▍    | 27/50 [02:36<02:10,  5.65s/it]
Task 4, Epoch 28/50 => Loss 0.185, Train_accy 94.99:  56%|█████▌    | 28/50 [02:36<01:49,  4.98s/it]
Task 4, Epoch 29/50 => Loss 0.168, Train_accy 95.09:  56%|█████▌    | 28/50 [02:40<01:49,  4.98s/it]
Task 4, Epoch 29/50 => Loss 0.168, Train_accy 95.09:  58%|█████▊    | 29/50 [02:40<01:35,  4.54s/it]
Task 4, Epoch 30/50 => Loss 0.203, Train_accy 94.15, Test_accy 75.33:  58%|█████▊    | 29/50 [02:55<01:35,  4.54s/it]
Task 4, Epoch 30/50 => Loss 0.203, Train_accy 94.15, Test_accy 75.33:  60%|██████    | 30/50 [02:55<02:36,  7.84s/it]
Task 4, Epoch 31/50 => Loss 0.158, Train_accy 95.30:  60%|██████    | 30/50 [02:59<02:36,  7.84s/it]                 
Task 4, Epoch 31/50 => Loss 0.158, Train_accy 95.30:  62%|██████▏   | 31/50 [02:59<02:03,  6.51s/it]
Task 4, Epoch 32/50 => Loss 0.190, Train_accy 94.57:  62%|██████▏   | 31/50 [03:02<02:03,  6.51s/it]
Task 4, Epoch 32/50 => Loss 0.190, Train_accy 94.57:  64%|██████▍   | 32/50 [03:02<01:40,  5.59s/it]
Task 4, Epoch 33/50 => Loss 0.172, Train_accy 95.82:  64%|██████▍   | 32/50 [03:06<01:40,  5.59s/it]
Task 4, Epoch 33/50 => Loss 0.172, Train_accy 95.82:  66%|██████▌   | 33/50 [03:06<01:23,  4.94s/it]
Task 4, Epoch 34/50 => Loss 0.211, Train_accy 93.84:  66%|██████▌   | 33/50 [03:09<01:23,  4.94s/it]
Task 4, Epoch 34/50 => Loss 0.211, Train_accy 93.84:  68%|██████▊   | 34/50 [03:09<01:11,  4.47s/it]
Task 4, Epoch 35/50 => Loss 0.179, Train_accy 94.89, Test_accy 75.56:  68%|██████▊   | 34/50 [03:24<01:11,  4.47s/it]
Task 4, Epoch 35/50 => Loss 0.179, Train_accy 94.89, Test_accy 75.56:  70%|███████   | 35/50 [03:24<01:56,  7.77s/it]
Task 4, Epoch 36/50 => Loss 0.194, Train_accy 94.57:  70%|███████   | 35/50 [03:28<01:56,  7.77s/it]                 
Task 4, Epoch 36/50 => Loss 0.194, Train_accy 94.57:  72%|███████▏  | 36/50 [03:28<01:30,  6.47s/it]
Task 4, Epoch 37/50 => Loss 0.179, Train_accy 94.68:  72%|███████▏  | 36/50 [03:31<01:30,  6.47s/it]
Task 4, Epoch 37/50 => Loss 0.179, Train_accy 94.68:  74%|███████▍  | 37/50 [03:31<01:12,  5.55s/it]
Task 4, Epoch 38/50 => Loss 0.180, Train_accy 94.89:  74%|███████▍  | 37/50 [03:35<01:12,  5.55s/it]
Task 4, Epoch 38/50 => Loss 0.180, Train_accy 94.89:  76%|███████▌  | 38/50 [03:35<00:58,  4.91s/it]
Task 4, Epoch 39/50 => Loss 0.179, Train_accy 94.57:  76%|███████▌  | 38/50 [03:38<00:58,  4.91s/it]
Task 4, Epoch 39/50 => Loss 0.179, Train_accy 94.57:  78%|███████▊  | 39/50 [03:38<00:48,  4.45s/it]
Task 4, Epoch 40/50 => Loss 0.190, Train_accy 95.41, Test_accy 75.89:  78%|███████▊  | 39/50 [03:54<00:48,  4.45s/it]
Task 4, Epoch 40/50 => Loss 0.190, Train_accy 95.41, Test_accy 75.89:  80%|████████  | 40/50 [03:54<01:18,  7.82s/it]
Task 4, Epoch 41/50 => Loss 0.164, Train_accy 95.30:  80%|████████  | 40/50 [03:57<01:18,  7.82s/it]                 
Task 4, Epoch 41/50 => Loss 0.164, Train_accy 95.30:  82%|████████▏ | 41/50 [03:57<00:58,  6.50s/it]
Task 4, Epoch 42/50 => Loss 0.165, Train_accy 95.72:  82%|████████▏ | 41/50 [04:01<00:58,  6.50s/it]
Task 4, Epoch 42/50 => Loss 0.165, Train_accy 95.72:  84%|████████▍ | 42/50 [04:01<00:44,  5.58s/it]
Task 4, Epoch 43/50 => Loss 0.170, Train_accy 94.99:  84%|████████▍ | 42/50 [04:04<00:44,  5.58s/it]
Task 4, Epoch 43/50 => Loss 0.170, Train_accy 94.99:  86%|████████▌ | 43/50 [04:04<00:34,  4.93s/it]
Task 4, Epoch 44/50 => Loss 0.170, Train_accy 95.72:  86%|████████▌ | 43/50 [04:07<00:34,  4.93s/it]
Task 4, Epoch 44/50 => Loss 0.170, Train_accy 95.72:  88%|████████▊ | 44/50 [04:07<00:26,  4.48s/it]
Task 4, Epoch 45/50 => Loss 0.158, Train_accy 95.62, Test_accy 76.22:  88%|████████▊ | 44/50 [04:23<00:26,  4.48s/it]
Task 4, Epoch 45/50 => Loss 0.158, Train_accy 95.62, Test_accy 76.22:  90%|█████████ | 45/50 [04:23<00:38,  7.75s/it]
Task 4, Epoch 46/50 => Loss 0.183, Train_accy 95.09:  90%|█████████ | 45/50 [04:26<00:38,  7.75s/it]                 
Task 4, Epoch 46/50 => Loss 0.183, Train_accy 95.09:  92%|█████████▏| 46/50 [04:26<00:25,  6.44s/it]
Task 4, Epoch 47/50 => Loss 0.173, Train_accy 94.68:  92%|█████████▏| 46/50 [04:30<00:25,  6.44s/it]
Task 4, Epoch 47/50 => Loss 0.173, Train_accy 94.68:  94%|█████████▍| 47/50 [04:30<00:16,  5.53s/it]
Task 4, Epoch 48/50 => Loss 0.156, Train_accy 95.51:  94%|█████████▍| 47/50 [04:33<00:16,  5.53s/it]
Task 4, Epoch 48/50 => Loss 0.156, Train_accy 95.51:  96%|█████████▌| 48/50 [04:33<00:09,  4.91s/it]
Task 4, Epoch 49/50 => Loss 0.187, Train_accy 94.26:  96%|█████████▌| 48/50 [04:37<00:09,  4.91s/it]
Task 4, Epoch 49/50 => Loss 0.187, Train_accy 94.26:  98%|█████████▊| 49/50 [04:37<00:04,  4.47s/it]
Task 4, Epoch 50/50 => Loss 0.133, Train_accy 94.99, Test_accy 76.36:  98%|█████████▊| 49/50 [04:52<00:04,  4.47s/it]
Task 4, Epoch 50/50 => Loss 0.133, Train_accy 94.99, Test_accy 76.36: 100%|██████████| 50/50 [04:52<00:00,  7.72s/it]
Task 4, Epoch 50/50 => Loss 0.133, Train_accy 94.99, Test_accy 76.36: 100%|██████████| 50/50 [04:52<00:00,  5.85s/it]2025-02-06 15:50:14,977 [lae.py] => Task 4, Epoch 50/50 => Loss 0.133, Train_accy 94.99, Test_accy 76.36

2025-02-06 15:50:26,933 [trainer.py] => No NME accuracy.
2025-02-06 15:50:26,933 [trainer.py] => CNN: {'total': 76.36, '00-99': 90.4, '100-119': 53.51, '120-139': 55.11, '140-159': 60.0, '160-179': 65.4, 'old': 77.74, 'new': 65.4}
2025-02-06 15:50:26,933 [trainer.py] => CNN top1 curve: [91.33, 85.31, 81.35, 78.21, 76.36]
2025-02-06 15:50:26,933 [trainer.py] => CNN top5 curve: [99.24, 98.87, 98.66, 98.47, 97.98]

Average Accuracy (CNN): 82.51
2025-02-06 15:50:26,933 [trainer.py] => Average Accuracy (CNN): 82.51 

2025-02-06 15:50:26,935 [trainer.py] => All params: 86021616
2025-02-06 15:50:26,936 [trainer.py] => Trainable params: 180690
2025-02-06 15:50:26,938 [lae.py] => Learning on 180-200

  0%|          | 0/50 [00:00<?, ?it/s]
Task 5, Epoch 1/50 => Loss 3.098, Train_accy 12.29:   0%|          | 0/50 [00:03<?, ?it/s]
Task 5, Epoch 1/50 => Loss 3.098, Train_accy 12.29:   2%|▏         | 1/50 [00:03<02:46,  3.40s/it]
Task 5, Epoch 2/50 => Loss 1.789, Train_accy 46.43:   2%|▏         | 1/50 [00:06<02:46,  3.40s/it]
Task 5, Epoch 2/50 => Loss 1.789, Train_accy 46.43:   4%|▍         | 2/50 [00:06<02:42,  3.38s/it]
Task 5, Epoch 3/50 => Loss 1.054, Train_accy 73.74:   4%|▍         | 2/50 [00:10<02:42,  3.38s/it]
Task 5, Epoch 3/50 => Loss 1.054, Train_accy 73.74:   6%|▌         | 3/50 [00:10<02:39,  3.40s/it]
Task 5, Epoch 4/50 => Loss 0.682, Train_accy 83.19:   6%|▌         | 3/50 [00:13<02:39,  3.40s/it]
Task 5, Epoch 4/50 => Loss 0.682, Train_accy 83.19:   8%|▊         | 4/50 [00:13<02:36,  3.40s/it]
Task 5, Epoch 5/50 => Loss 0.524, Train_accy 87.82, Test_accy 70.06:   8%|▊         | 4/50 [00:29<02:36,  3.40s/it]
Task 5, Epoch 5/50 => Loss 0.524, Train_accy 87.82, Test_accy 70.06:  10%|█         | 5/50 [00:29<06:04,  8.09s/it]
Task 5, Epoch 6/50 => Loss 0.498, Train_accy 86.66:  10%|█         | 5/50 [00:33<06:04,  8.09s/it]                 
Task 5, Epoch 6/50 => Loss 0.498, Train_accy 86.66:  12%|█▏        | 6/50 [00:33<04:45,  6.48s/it]
Task 5, Epoch 7/50 => Loss 0.415, Train_accy 89.29:  12%|█▏        | 6/50 [00:36<04:45,  6.48s/it]
Task 5, Epoch 7/50 => Loss 0.415, Train_accy 89.29:  14%|█▍        | 7/50 [00:36<03:56,  5.51s/it]
Task 5, Epoch 8/50 => Loss 0.396, Train_accy 89.50:  14%|█▍        | 7/50 [00:40<03:56,  5.51s/it]
Task 5, Epoch 8/50 => Loss 0.396, Train_accy 89.50:  16%|█▌        | 8/50 [00:40<03:22,  4.83s/it]
Task 5, Epoch 9/50 => Loss 0.379, Train_accy 90.02:  16%|█▌        | 8/50 [00:43<03:22,  4.83s/it]
Task 5, Epoch 9/50 => Loss 0.379, Train_accy 90.02:  18%|█▊        | 9/50 [00:43<02:58,  4.36s/it]
Task 5, Epoch 10/50 => Loss 0.305, Train_accy 90.55, Test_accy 70.44:  18%|█▊        | 9/50 [01:00<02:58,  4.36s/it]
Task 5, Epoch 10/50 => Loss 0.305, Train_accy 90.55, Test_accy 70.44:  20%|██        | 10/50 [01:00<05:23,  8.10s/it]
Task 5, Epoch 11/50 => Loss 0.297, Train_accy 91.91:  20%|██        | 10/50 [01:03<05:23,  8.10s/it]                 
Task 5, Epoch 11/50 => Loss 0.297, Train_accy 91.91:  22%|██▏       | 11/50 [01:03<04:19,  6.66s/it]
Task 5, Epoch 12/50 => Loss 0.310, Train_accy 90.55:  22%|██▏       | 11/50 [01:06<04:19,  6.66s/it]
Task 5, Epoch 12/50 => Loss 0.310, Train_accy 90.55:  24%|██▍       | 12/50 [01:06<03:34,  5.66s/it]
Task 5, Epoch 13/50 => Loss 0.321, Train_accy 90.76:  24%|██▍       | 12/50 [01:10<03:34,  5.66s/it]
Task 5, Epoch 13/50 => Loss 0.321, Train_accy 90.76:  26%|██▌       | 13/50 [01:10<03:03,  4.96s/it]
Task 5, Epoch 14/50 => Loss 0.310, Train_accy 90.76:  26%|██▌       | 13/50 [01:13<03:03,  4.96s/it]
Task 5, Epoch 14/50 => Loss 0.310, Train_accy 90.76:  28%|██▊       | 14/50 [01:13<02:41,  4.49s/it]
Task 5, Epoch 15/50 => Loss 0.289, Train_accy 92.23, Test_accy 71.29:  28%|██▊       | 14/50 [01:29<02:41,  4.49s/it]
Task 5, Epoch 15/50 => Loss 0.289, Train_accy 92.23, Test_accy 71.29:  30%|███       | 15/50 [01:29<04:42,  8.06s/it]
Task 5, Epoch 16/50 => Loss 0.290, Train_accy 91.60:  30%|███       | 15/50 [01:33<04:42,  8.06s/it]                 
Task 5, Epoch 16/50 => Loss 0.290, Train_accy 91.60:  32%|███▏      | 16/50 [01:33<03:45,  6.65s/it]
Task 5, Epoch 17/50 => Loss 0.276, Train_accy 92.54:  32%|███▏      | 16/50 [01:36<03:45,  6.65s/it]
Task 5, Epoch 17/50 => Loss 0.276, Train_accy 92.54:  34%|███▍      | 17/50 [01:36<03:06,  5.66s/it]
Task 5, Epoch 18/50 => Loss 0.264, Train_accy 92.86:  34%|███▍      | 17/50 [01:40<03:06,  5.66s/it]
Task 5, Epoch 18/50 => Loss 0.264, Train_accy 92.86:  36%|███▌      | 18/50 [01:40<02:39,  4.99s/it]
Task 5, Epoch 19/50 => Loss 0.241, Train_accy 93.38:  36%|███▌      | 18/50 [01:43<02:39,  4.99s/it]
Task 5, Epoch 19/50 => Loss 0.241, Train_accy 93.38:  38%|███▊      | 19/50 [01:43<02:19,  4.50s/it]
Task 5, Epoch 20/50 => Loss 0.244, Train_accy 93.49, Test_accy 71.67:  38%|███▊      | 19/50 [01:59<02:19,  4.50s/it]
Task 5, Epoch 20/50 => Loss 0.244, Train_accy 93.49, Test_accy 71.67:  40%|████      | 20/50 [01:59<04:01,  8.05s/it]
Task 5, Epoch 21/50 => Loss 0.224, Train_accy 93.80:  40%|████      | 20/50 [02:03<04:01,  8.05s/it]                 
Task 5, Epoch 21/50 => Loss 0.224, Train_accy 93.80:  42%|████▏     | 21/50 [02:03<03:13,  6.69s/it]
Task 5, Epoch 22/50 => Loss 0.233, Train_accy 93.07:  42%|████▏     | 21/50 [02:06<03:13,  6.69s/it]
Task 5, Epoch 22/50 => Loss 0.233, Train_accy 93.07:  44%|████▍     | 22/50 [02:06<02:39,  5.70s/it]
Task 5, Epoch 23/50 => Loss 0.219, Train_accy 93.17:  44%|████▍     | 22/50 [02:09<02:39,  5.70s/it]
Task 5, Epoch 23/50 => Loss 0.219, Train_accy 93.17:  46%|████▌     | 23/50 [02:09<02:14,  4.99s/it]
Task 5, Epoch 24/50 => Loss 0.215, Train_accy 93.91:  46%|████▌     | 23/50 [02:13<02:14,  4.99s/it]
Task 5, Epoch 24/50 => Loss 0.215, Train_accy 93.91:  48%|████▊     | 24/50 [02:13<01:56,  4.50s/it]
Task 5, Epoch 25/50 => Loss 0.224, Train_accy 93.91, Test_accy 72.39:  48%|████▊     | 24/50 [02:29<01:56,  4.50s/it]
Task 5, Epoch 25/50 => Loss 0.224, Train_accy 93.91, Test_accy 72.39:  50%|█████     | 25/50 [02:29<03:21,  8.05s/it]
Task 5, Epoch 26/50 => Loss 0.196, Train_accy 94.43:  50%|█████     | 25/50 [02:33<03:21,  8.05s/it]                 
Task 5, Epoch 26/50 => Loss 0.196, Train_accy 94.43:  52%|█████▏    | 26/50 [02:33<02:39,  6.64s/it]
Task 5, Epoch 27/50 => Loss 0.177, Train_accy 94.22:  52%|█████▏    | 26/50 [02:36<02:39,  6.64s/it]
Task 5, Epoch 27/50 => Loss 0.177, Train_accy 94.22:  54%|█████▍    | 27/50 [02:36<02:10,  5.67s/it]
Task 5, Epoch 28/50 => Loss 0.245, Train_accy 92.23:  54%|█████▍    | 27/50 [02:39<02:10,  5.67s/it]
Task 5, Epoch 28/50 => Loss 0.245, Train_accy 92.23:  56%|█████▌    | 28/50 [02:39<01:49,  4.97s/it]
Task 5, Epoch 29/50 => Loss 0.194, Train_accy 94.01:  56%|█████▌    | 28/50 [02:43<01:49,  4.97s/it]
Task 5, Epoch 29/50 => Loss 0.194, Train_accy 94.01:  58%|█████▊    | 29/50 [02:43<01:34,  4.49s/it]
Task 5, Epoch 30/50 => Loss 0.179, Train_accy 94.96, Test_accy 72.60:  58%|█████▊    | 29/50 [02:59<01:34,  4.49s/it]
Task 5, Epoch 30/50 => Loss 0.179, Train_accy 94.96, Test_accy 72.60:  60%|██████    | 30/50 [02:59<02:41,  8.06s/it]
Task 5, Epoch 31/50 => Loss 0.186, Train_accy 93.80:  60%|██████    | 30/50 [03:02<02:41,  8.06s/it]                 
Task 5, Epoch 31/50 => Loss 0.186, Train_accy 93.80:  62%|██████▏   | 31/50 [03:02<02:06,  6.65s/it]
Task 5, Epoch 32/50 => Loss 0.167, Train_accy 94.43:  62%|██████▏   | 31/50 [03:06<02:06,  6.65s/it]
Task 5, Epoch 32/50 => Loss 0.167, Train_accy 94.43:  64%|██████▍   | 32/50 [03:06<01:41,  5.66s/it]
Task 5, Epoch 33/50 => Loss 0.204, Train_accy 94.54:  64%|██████▍   | 32/50 [03:09<01:41,  5.66s/it]
Task 5, Epoch 33/50 => Loss 0.204, Train_accy 94.54:  66%|██████▌   | 33/50 [03:09<01:24,  5.00s/it]
Task 5, Epoch 34/50 => Loss 0.180, Train_accy 94.12:  66%|██████▌   | 33/50 [03:13<01:24,  5.00s/it]
Task 5, Epoch 34/50 => Loss 0.180, Train_accy 94.12:  68%|██████▊   | 34/50 [03:13<01:12,  4.53s/it]
Task 5, Epoch 35/50 => Loss 0.193, Train_accy 95.06, Test_accy 72.99:  68%|██████▊   | 34/50 [03:29<01:12,  4.53s/it]
Task 5, Epoch 35/50 => Loss 0.193, Train_accy 95.06, Test_accy 72.99:  70%|███████   | 35/50 [03:29<02:01,  8.08s/it]
Task 5, Epoch 36/50 => Loss 0.151, Train_accy 95.59:  70%|███████   | 35/50 [03:32<02:01,  8.08s/it]                 
Task 5, Epoch 36/50 => Loss 0.151, Train_accy 95.59:  72%|███████▏  | 36/50 [03:32<01:33,  6.66s/it]
Task 5, Epoch 37/50 => Loss 0.181, Train_accy 94.22:  72%|███████▏  | 36/50 [03:36<01:33,  6.66s/it]
Task 5, Epoch 37/50 => Loss 0.181, Train_accy 94.22:  74%|███████▍  | 37/50 [03:36<01:13,  5.67s/it]
Task 5, Epoch 38/50 => Loss 0.157, Train_accy 95.27:  74%|███████▍  | 37/50 [03:39<01:13,  5.67s/it]
Task 5, Epoch 38/50 => Loss 0.157, Train_accy 95.27:  76%|███████▌  | 38/50 [03:39<00:59,  4.97s/it]
Task 5, Epoch 39/50 => Loss 0.179, Train_accy 94.75:  76%|███████▌  | 38/50 [03:42<00:59,  4.97s/it]
Task 5, Epoch 39/50 => Loss 0.179, Train_accy 94.75:  78%|███████▊  | 39/50 [03:42<00:49,  4.49s/it]
Task 5, Epoch 40/50 => Loss 0.151, Train_accy 95.69, Test_accy 73.28:  78%|███████▊  | 39/50 [03:59<00:49,  4.49s/it]
Task 5, Epoch 40/50 => Loss 0.151, Train_accy 95.69, Test_accy 73.28:  80%|████████  | 40/50 [03:59<01:20,  8.05s/it]
Task 5, Epoch 41/50 => Loss 0.140, Train_accy 95.38:  80%|████████  | 40/50 [04:02<01:20,  8.05s/it]                 
Task 5, Epoch 41/50 => Loss 0.140, Train_accy 95.38:  82%|████████▏ | 41/50 [04:02<00:59,  6.64s/it]
Task 5, Epoch 42/50 => Loss 0.147, Train_accy 95.17:  82%|████████▏ | 41/50 [04:05<00:59,  6.64s/it]
Task 5, Epoch 42/50 => Loss 0.147, Train_accy 95.17:  84%|████████▍ | 42/50 [04:05<00:45,  5.65s/it]
Task 5, Epoch 43/50 => Loss 0.134, Train_accy 95.48:  84%|████████▍ | 42/50 [04:09<00:45,  5.65s/it]
Task 5, Epoch 43/50 => Loss 0.134, Train_accy 95.48:  86%|████████▌ | 43/50 [04:09<00:34,  4.96s/it]
Task 5, Epoch 44/50 => Loss 0.181, Train_accy 94.33:  86%|████████▌ | 43/50 [04:12<00:34,  4.96s/it]
Task 5, Epoch 44/50 => Loss 0.181, Train_accy 94.33:  88%|████████▊ | 44/50 [04:12<00:26,  4.47s/it]
Task 5, Epoch 45/50 => Loss 0.160, Train_accy 95.17, Test_accy 73.66:  88%|████████▊ | 44/50 [04:29<00:26,  4.47s/it]
Task 5, Epoch 45/50 => Loss 0.160, Train_accy 95.17, Test_accy 73.66:  90%|█████████ | 45/50 [04:29<00:40,  8.07s/it]
Task 5, Epoch 46/50 => Loss 0.162, Train_accy 95.17:  90%|█████████ | 45/50 [04:32<00:40,  8.07s/it]                 
Task 5, Epoch 46/50 => Loss 0.162, Train_accy 95.17:  92%|█████████▏| 46/50 [04:32<00:26,  6.73s/it]
Task 5, Epoch 47/50 => Loss 0.153, Train_accy 95.27:  92%|█████████▏| 46/50 [04:36<00:26,  6.73s/it]
Task 5, Epoch 47/50 => Loss 0.153, Train_accy 95.27:  94%|█████████▍| 47/50 [04:36<00:17,  5.71s/it]
Task 5, Epoch 48/50 => Loss 0.148, Train_accy 96.22:  94%|█████████▍| 47/50 [04:39<00:17,  5.71s/it]
Task 5, Epoch 48/50 => Loss 0.148, Train_accy 96.22:  96%|█████████▌| 48/50 [04:39<00:10,  5.00s/it]
Task 5, Epoch 49/50 => Loss 0.184, Train_accy 94.12:  96%|█████████▌| 48/50 [04:42<00:10,  5.00s/it]
Task 5, Epoch 49/50 => Loss 0.184, Train_accy 94.12:  98%|█████████▊| 49/50 [04:42<00:04,  4.51s/it]
Task 5, Epoch 50/50 => Loss 0.159, Train_accy 94.96, Test_accy 73.75:  98%|█████████▊| 49/50 [04:59<00:04,  4.51s/it]
Task 5, Epoch 50/50 => Loss 0.159, Train_accy 94.96, Test_accy 73.75: 100%|██████████| 50/50 [04:59<00:00,  8.06s/it]
Task 5, Epoch 50/50 => Loss 0.159, Train_accy 94.96, Test_accy 73.75: 100%|██████████| 50/50 [04:59<00:00,  5.98s/it]2025-02-06 15:55:26,017 [lae.py] => Task 5, Epoch 50/50 => Loss 0.159, Train_accy 94.96, Test_accy 73.75

2025-02-06 15:55:39,273 [trainer.py] => No NME accuracy.
2025-02-06 15:55:39,274 [trainer.py] => CNN: {'total': 73.75, '00-99': 90.15, '100-119': 53.51, '120-139': 53.78, '140-159': 60.0, '160-179': 62.45, '180-199': 55.22, 'old': 75.75, 'new': 55.22}
2025-02-06 15:55:39,274 [trainer.py] => CNN top1 curve: [91.33, 85.31, 81.35, 78.21, 76.36, 73.75]
2025-02-06 15:55:39,274 [trainer.py] => CNN top5 curve: [99.24, 98.87, 98.66, 98.47, 97.98, 97.54]

Average Accuracy (CNN): 81.05
2025-02-06 15:55:39,275 [trainer.py] => Average Accuracy (CNN): 81.05 

Accuracy Matrix (CNN):
[[91.33 91.33 91.33 90.74 90.4  90.15]
 [ 0.   53.95 53.95 53.95 53.51 53.51]
 [ 0.    0.   56.44 56.44 55.11 53.78]
 [ 0.    0.    0.   60.4  60.   60.  ]
 [ 0.    0.    0.    0.   65.4  62.45]
 [ 0.    0.    0.    0.    0.   55.22]]
2025-02-06 15:55:39,277 [trainer.py] => Forgetting (CNN): 1.5259999999999991
2025-02-06 15:55:41,266 [trainer.py] => config: ./scripts/lae/lae_cub_B100_Inc10.json
2025-02-06 15:55:41,266 [trainer.py] => prefix:  
2025-02-06 15:55:41,266 [trainer.py] => dataset: cub
2025-02-06 15:55:41,266 [trainer.py] => memory_size: 0
2025-02-06 15:55:41,267 [trainer.py] => memory_per_class: 0
2025-02-06 15:55:41,267 [trainer.py] => fixed_memory: False
2025-02-06 15:55:41,267 [trainer.py] => shuffle: True
2025-02-06 15:55:41,267 [trainer.py] => init_cls: 100
2025-02-06 15:55:41,267 [trainer.py] => increment: 10
2025-02-06 15:55:41,267 [trainer.py] => model_name: lae
2025-02-06 15:55:41,267 [trainer.py] => backbone_type: vit_base_patch16_224_in21k_lae
2025-02-06 15:55:41,267 [trainer.py] => device: [device(type='cuda', index=4)]
2025-02-06 15:55:41,267 [trainer.py] => seed: 1993
2025-02-06 15:55:41,267 [trainer.py] => tuned_epoch: 50
2025-02-06 15:55:41,267 [trainer.py] => init_lr: 0.00046875
2025-02-06 15:55:41,267 [trainer.py] => batch_size: 128
2025-02-06 15:55:41,267 [trainer.py] => weight_decay: 0
2025-02-06 15:55:41,267 [trainer.py] => min_lr: 1e-05
2025-02-06 15:55:41,267 [trainer.py] => optimizer: adam
2025-02-06 15:55:41,267 [trainer.py] => scheduler: constant
2025-02-06 15:55:41,267 [trainer.py] => reinit_optimizer: True
2025-02-06 15:55:41,267 [trainer.py] => pretrained: True
2025-02-06 15:55:41,267 [trainer.py] => drop: 0.0
2025-02-06 15:55:41,267 [trainer.py] => drop_path: 0.0
2025-02-06 15:55:41,267 [trainer.py] => ema_decay: 0.9999
2025-02-06 15:55:41,267 [trainer.py] => num_freeze_epochs: 30
2025-02-06 15:55:41,267 [trainer.py] => pet_cls: Adapter
2025-02-06 15:55:41,267 [trainer.py] => pet_length: 10
2025-02-06 15:55:41,267 [trainer.py] => down_sample_dim: 5
2025-02-06 15:55:41,307 [data_manager.py] => [168, 136, 51, 9, 183, 101, 171, 99, 42, 159, 191, 70, 16, 188, 27, 10, 175, 26, 68, 187, 98, 6, 85, 35, 112, 43, 100, 0, 103, 181, 88, 59, 4, 2, 116, 174, 94, 80, 106, 1, 147, 17, 141, 131, 72, 23, 173, 54, 197, 118, 87, 32, 79, 104, 91, 19, 135, 107, 178, 36, 11, 199, 142, 8, 122, 3, 28, 57, 153, 172, 190, 56, 49, 44, 97, 62, 151, 169, 194, 55, 192, 12, 189, 78, 66, 180, 15, 137, 109, 134, 92, 119, 126, 52, 170, 40, 148, 65, 144, 64, 138, 45, 77, 89, 154, 90, 71, 193, 74, 30, 113, 143, 96, 84, 67, 50, 186, 156, 69, 21, 18, 111, 108, 58, 125, 157, 150, 110, 182, 129, 166, 83, 81, 60, 13, 165, 14, 176, 63, 117, 5, 22, 145, 121, 38, 41, 82, 127, 114, 20, 31, 53, 37, 163, 196, 130, 152, 162, 86, 76, 24, 34, 184, 149, 33, 128, 198, 155, 146, 167, 139, 120, 140, 102, 47, 25, 158, 123, 46, 164, 61, 7, 115, 75, 133, 160, 105, 132, 179, 124, 48, 73, 93, 39, 95, 195, 29, 177, 185, 161]
2025-02-06 15:55:43,343 [lae.py] => 85,840,926 model total parameters.
2025-02-06 15:55:43,343 [lae.py] => 0 model training parameters.
2025-02-06 15:55:43,344 [trainer.py] => All params: 85883196
2025-02-06 15:55:43,345 [trainer.py] => Trainable params: 0
2025-02-06 15:55:43,345 [lae.py] => Learning on 0-100

  0%|          | 0/50 [00:00<?, ?it/s]
Task 0, Epoch 1/50 => Loss 3.612, Train_accy 25.84:   0%|          | 0/50 [00:13<?, ?it/s]
Task 0, Epoch 1/50 => Loss 3.612, Train_accy 25.84:   2%|▏         | 1/50 [00:13<10:50, 13.29s/it]
Task 0, Epoch 2/50 => Loss 1.313, Train_accy 68.83:   2%|▏         | 1/50 [00:26<10:50, 13.29s/it]
Task 0, Epoch 2/50 => Loss 1.313, Train_accy 68.83:   4%|▍         | 2/50 [00:26<10:35, 13.24s/it]
Task 0, Epoch 3/50 => Loss 0.845, Train_accy 78.59:   4%|▍         | 2/50 [00:39<10:35, 13.24s/it]
Task 0, Epoch 3/50 => Loss 0.845, Train_accy 78.59:   6%|▌         | 3/50 [00:39<10:27, 13.35s/it]
Task 0, Epoch 4/50 => Loss 0.755, Train_accy 81.72:   6%|▌         | 3/50 [00:53<10:27, 13.35s/it]
Task 0, Epoch 4/50 => Loss 0.755, Train_accy 81.72:   8%|▊         | 4/50 [00:53<10:13, 13.33s/it]
Task 0, Epoch 5/50 => Loss 0.624, Train_accy 84.02, Test_accy 88.72:   8%|▊         | 4/50 [01:13<10:13, 13.33s/it]
Task 0, Epoch 5/50 => Loss 0.624, Train_accy 84.02, Test_accy 88.72:  10%|█         | 5/50 [01:13<11:53, 15.85s/it]
Task 0, Epoch 6/50 => Loss 0.572, Train_accy 85.68:  10%|█         | 5/50 [01:26<11:53, 15.85s/it]                 
Task 0, Epoch 6/50 => Loss 0.572, Train_accy 85.68:  12%|█▏        | 6/50 [01:26<10:57, 14.95s/it]
Task 0, Epoch 7/50 => Loss 0.539, Train_accy 86.22:  12%|█▏        | 6/50 [01:40<10:57, 14.95s/it]
Task 0, Epoch 7/50 => Loss 0.539, Train_accy 86.22:  14%|█▍        | 7/50 [01:40<10:20, 14.43s/it]
Task 0, Epoch 8/50 => Loss 0.498, Train_accy 86.98:  14%|█▍        | 7/50 [01:53<10:20, 14.43s/it]
Task 0, Epoch 8/50 => Loss 0.498, Train_accy 86.98:  16%|█▌        | 8/50 [01:53<09:51, 14.09s/it]
Task 0, Epoch 9/50 => Loss 0.467, Train_accy 88.43:  16%|█▌        | 8/50 [02:07<09:51, 14.09s/it]
Task 0, Epoch 9/50 => Loss 0.467, Train_accy 88.43:  18%|█▊        | 9/50 [02:07<09:31, 13.93s/it]
Task 0, Epoch 10/50 => Loss 0.450, Train_accy 88.86, Test_accy 90.66:  18%|█▊        | 9/50 [02:27<09:31, 13.93s/it]
Task 0, Epoch 10/50 => Loss 0.450, Train_accy 88.86, Test_accy 90.66:  20%|██        | 10/50 [02:27<10:36, 15.91s/it]
Task 0, Epoch 11/50 => Loss 0.447, Train_accy 88.62:  20%|██        | 10/50 [02:40<10:36, 15.91s/it]                 
Task 0, Epoch 11/50 => Loss 0.447, Train_accy 88.62:  22%|██▏       | 11/50 [02:40<09:48, 15.10s/it]
Task 0, Epoch 12/50 => Loss 0.402, Train_accy 89.80:  22%|██▏       | 11/50 [02:54<09:48, 15.10s/it]
Task 0, Epoch 12/50 => Loss 0.402, Train_accy 89.80:  24%|██▍       | 12/50 [02:54<09:14, 14.58s/it]
Task 0, Epoch 13/50 => Loss 0.383, Train_accy 90.14:  24%|██▍       | 12/50 [03:07<09:14, 14.58s/it]
Task 0, Epoch 13/50 => Loss 0.383, Train_accy 90.14:  26%|██▌       | 13/50 [03:07<08:45, 14.20s/it]
Task 0, Epoch 14/50 => Loss 0.397, Train_accy 89.82:  26%|██▌       | 13/50 [03:21<08:45, 14.20s/it]
Task 0, Epoch 14/50 => Loss 0.397, Train_accy 89.82:  28%|██▊       | 14/50 [03:21<08:25, 14.03s/it]
Task 0, Epoch 15/50 => Loss 0.364, Train_accy 90.29, Test_accy 91.50:  28%|██▊       | 14/50 [03:41<08:25, 14.03s/it]
Task 0, Epoch 15/50 => Loss 0.364, Train_accy 90.29, Test_accy 91.50:  30%|███       | 15/50 [03:41<09:17, 15.92s/it]
Task 0, Epoch 16/50 => Loss 0.373, Train_accy 90.58:  30%|███       | 15/50 [03:54<09:17, 15.92s/it]                 
Task 0, Epoch 16/50 => Loss 0.373, Train_accy 90.58:  32%|███▏      | 16/50 [03:54<08:36, 15.18s/it]
Task 0, Epoch 17/50 => Loss 0.362, Train_accy 90.80:  32%|███▏      | 16/50 [04:08<08:36, 15.18s/it]
Task 0, Epoch 17/50 => Loss 0.362, Train_accy 90.80:  34%|███▍      | 17/50 [04:08<08:02, 14.61s/it]
Task 0, Epoch 18/50 => Loss 0.360, Train_accy 90.99:  34%|███▍      | 17/50 [04:21<08:02, 14.61s/it]
Task 0, Epoch 18/50 => Loss 0.360, Train_accy 90.99:  36%|███▌      | 18/50 [04:21<07:34, 14.21s/it]
Task 0, Epoch 19/50 => Loss 0.352, Train_accy 90.78:  36%|███▌      | 18/50 [04:34<07:34, 14.21s/it]
Task 0, Epoch 19/50 => Loss 0.352, Train_accy 90.78:  38%|███▊      | 19/50 [04:34<07:12, 13.95s/it]
Task 0, Epoch 20/50 => Loss 0.317, Train_accy 91.93, Test_accy 92.00:  38%|███▊      | 19/50 [04:55<07:12, 13.95s/it]
Task 0, Epoch 20/50 => Loss 0.317, Train_accy 91.93, Test_accy 92.00:  40%|████      | 20/50 [04:55<07:55, 15.85s/it]
Task 0, Epoch 21/50 => Loss 0.350, Train_accy 91.29:  40%|████      | 20/50 [05:08<07:55, 15.85s/it]                 
Task 0, Epoch 21/50 => Loss 0.350, Train_accy 91.29:  42%|████▏     | 21/50 [05:08<07:16, 15.05s/it]
Task 0, Epoch 22/50 => Loss 0.327, Train_accy 91.52:  42%|████▏     | 21/50 [05:21<07:16, 15.05s/it]
Task 0, Epoch 22/50 => Loss 0.327, Train_accy 91.52:  44%|████▍     | 22/50 [05:21<06:45, 14.48s/it]
Task 0, Epoch 23/50 => Loss 0.321, Train_accy 91.73:  44%|████▍     | 22/50 [05:34<06:45, 14.48s/it]
Task 0, Epoch 23/50 => Loss 0.321, Train_accy 91.73:  46%|████▌     | 23/50 [05:34<06:21, 14.12s/it]
Task 0, Epoch 24/50 => Loss 0.329, Train_accy 91.52:  46%|████▌     | 23/50 [05:47<06:21, 14.12s/it]
Task 0, Epoch 24/50 => Loss 0.329, Train_accy 91.52:  48%|████▊     | 24/50 [05:47<06:00, 13.86s/it]
Task 0, Epoch 25/50 => Loss 0.331, Train_accy 91.61, Test_accy 91.92:  48%|████▊     | 24/50 [06:08<06:00, 13.86s/it]
Task 0, Epoch 25/50 => Loss 0.331, Train_accy 91.61, Test_accy 91.92:  50%|█████     | 25/50 [06:08<06:37, 15.91s/it]
Task 0, Epoch 26/50 => Loss 0.290, Train_accy 92.67:  50%|█████     | 25/50 [06:21<06:37, 15.91s/it]                 
Task 0, Epoch 26/50 => Loss 0.290, Train_accy 92.67:  52%|█████▏    | 26/50 [06:21<06:03, 15.16s/it]
Task 0, Epoch 27/50 => Loss 0.288, Train_accy 92.71:  52%|█████▏    | 26/50 [06:35<06:03, 15.16s/it]
Task 0, Epoch 27/50 => Loss 0.288, Train_accy 92.71:  54%|█████▍    | 27/50 [06:35<05:36, 14.63s/it]
Task 0, Epoch 28/50 => Loss 0.260, Train_accy 93.50:  54%|█████▍    | 27/50 [06:48<05:36, 14.63s/it]
Task 0, Epoch 28/50 => Loss 0.260, Train_accy 93.50:  56%|█████▌    | 28/50 [06:48<05:13, 14.26s/it]
Task 0, Epoch 29/50 => Loss 0.294, Train_accy 92.31:  56%|█████▌    | 28/50 [07:02<05:13, 14.26s/it]
Task 0, Epoch 29/50 => Loss 0.294, Train_accy 92.31:  58%|█████▊    | 29/50 [07:02<04:55, 14.05s/it]
Task 0, Epoch 30/50 => Loss 0.281, Train_accy 92.80, Test_accy 91.84:  58%|█████▊    | 29/50 [07:22<04:55, 14.05s/it]
Task 0, Epoch 30/50 => Loss 0.281, Train_accy 92.80, Test_accy 91.84:  60%|██████    | 30/50 [07:22<05:20, 16.03s/it]
Task 0, Epoch 31/50 => Loss 0.267, Train_accy 93.48:  60%|██████    | 30/50 [07:36<05:20, 16.03s/it]                 
Task 0, Epoch 31/50 => Loss 0.267, Train_accy 93.48:  62%|██████▏   | 31/50 [07:36<04:49, 15.26s/it]
Task 0, Epoch 32/50 => Loss 0.280, Train_accy 92.74:  62%|██████▏   | 31/50 [07:50<04:49, 15.26s/it]
Task 0, Epoch 32/50 => Loss 0.280, Train_accy 92.74:  64%|██████▍   | 32/50 [07:50<04:25, 14.76s/it]
Task 0, Epoch 33/50 => Loss 0.278, Train_accy 92.97:  64%|██████▍   | 32/50 [08:03<04:25, 14.76s/it]
Task 0, Epoch 33/50 => Loss 0.278, Train_accy 92.97:  66%|██████▌   | 33/50 [08:03<04:04, 14.40s/it]
Task 0, Epoch 34/50 => Loss 0.275, Train_accy 93.14:  66%|██████▌   | 33/50 [08:17<04:04, 14.40s/it]
Task 0, Epoch 34/50 => Loss 0.275, Train_accy 93.14:  68%|██████▊   | 34/50 [08:17<03:46, 14.17s/it]
Task 0, Epoch 35/50 => Loss 0.272, Train_accy 93.25, Test_accy 91.58:  68%|██████▊   | 34/50 [08:38<03:46, 14.17s/it]
Task 0, Epoch 35/50 => Loss 0.272, Train_accy 93.25, Test_accy 91.58:  70%|███████   | 35/50 [08:38<04:02, 16.15s/it]
Task 0, Epoch 36/50 => Loss 0.257, Train_accy 93.44:  70%|███████   | 35/50 [08:51<04:02, 16.15s/it]                 
Task 0, Epoch 36/50 => Loss 0.257, Train_accy 93.44:  72%|███████▏  | 36/50 [08:51<03:35, 15.42s/it]
Task 0, Epoch 37/50 => Loss 0.278, Train_accy 92.69:  72%|███████▏  | 36/50 [09:05<03:35, 15.42s/it]
Task 0, Epoch 37/50 => Loss 0.278, Train_accy 92.69:  74%|███████▍  | 37/50 [09:05<03:13, 14.87s/it]
Task 0, Epoch 38/50 => Loss 0.247, Train_accy 93.46:  74%|███████▍  | 37/50 [09:19<03:13, 14.87s/it]
Task 0, Epoch 38/50 => Loss 0.247, Train_accy 93.46:  76%|███████▌  | 38/50 [09:19<02:54, 14.52s/it]
Task 0, Epoch 39/50 => Loss 0.255, Train_accy 93.25:  76%|███████▌  | 38/50 [09:32<02:54, 14.52s/it]
Task 0, Epoch 39/50 => Loss 0.255, Train_accy 93.25:  78%|███████▊  | 39/50 [09:32<02:36, 14.24s/it]
Task 0, Epoch 40/50 => Loss 0.271, Train_accy 93.03, Test_accy 92.00:  78%|███████▊  | 39/50 [09:53<02:36, 14.24s/it]
Task 0, Epoch 40/50 => Loss 0.271, Train_accy 93.03, Test_accy 92.00:  80%|████████  | 40/50 [09:53<02:42, 16.28s/it]
Task 0, Epoch 41/50 => Loss 0.263, Train_accy 92.97:  80%|████████  | 40/50 [10:07<02:42, 16.28s/it]                 
Task 0, Epoch 41/50 => Loss 0.263, Train_accy 92.97:  82%|████████▏ | 41/50 [10:07<02:19, 15.45s/it]
Task 0, Epoch 42/50 => Loss 0.231, Train_accy 94.14:  82%|████████▏ | 41/50 [10:20<02:19, 15.45s/it]
Task 0, Epoch 42/50 => Loss 0.231, Train_accy 94.14:  84%|████████▍ | 42/50 [10:20<01:59, 14.89s/it]
Task 0, Epoch 43/50 => Loss 0.239, Train_accy 94.01:  84%|████████▍ | 42/50 [10:34<01:59, 14.89s/it]
Task 0, Epoch 43/50 => Loss 0.239, Train_accy 94.01:  86%|████████▌ | 43/50 [10:34<01:41, 14.46s/it]
Task 0, Epoch 44/50 => Loss 0.243, Train_accy 93.46:  86%|████████▌ | 43/50 [10:47<01:41, 14.46s/it]
Task 0, Epoch 44/50 => Loss 0.243, Train_accy 93.46:  88%|████████▊ | 44/50 [10:47<01:25, 14.17s/it]
Task 0, Epoch 45/50 => Loss 0.249, Train_accy 93.44, Test_accy 91.50:  88%|████████▊ | 44/50 [11:08<01:25, 14.17s/it]
Task 0, Epoch 45/50 => Loss 0.249, Train_accy 93.44, Test_accy 91.50:  90%|█████████ | 45/50 [11:08<01:21, 16.21s/it]
Task 0, Epoch 46/50 => Loss 0.222, Train_accy 94.06:  90%|█████████ | 45/50 [11:22<01:21, 16.21s/it]                 
Task 0, Epoch 46/50 => Loss 0.222, Train_accy 94.06:  92%|█████████▏| 46/50 [11:22<01:01, 15.46s/it]
Task 0, Epoch 47/50 => Loss 0.229, Train_accy 94.31:  92%|█████████▏| 46/50 [11:35<01:01, 15.46s/it]
Task 0, Epoch 47/50 => Loss 0.229, Train_accy 94.31:  94%|█████████▍| 47/50 [11:35<00:44, 14.86s/it]
Task 0, Epoch 48/50 => Loss 0.242, Train_accy 93.76:  94%|█████████▍| 47/50 [11:49<00:44, 14.86s/it]
Task 0, Epoch 48/50 => Loss 0.242, Train_accy 93.76:  96%|█████████▌| 48/50 [11:49<00:29, 14.50s/it]
Task 0, Epoch 49/50 => Loss 0.224, Train_accy 94.27:  96%|█████████▌| 48/50 [12:02<00:29, 14.50s/it]
Task 0, Epoch 49/50 => Loss 0.224, Train_accy 94.27:  98%|█████████▊| 49/50 [12:02<00:14, 14.19s/it]
Task 0, Epoch 50/50 => Loss 0.234, Train_accy 94.16, Test_accy 91.33:  98%|█████████▊| 49/50 [12:23<00:14, 14.19s/it]
Task 0, Epoch 50/50 => Loss 0.234, Train_accy 94.16, Test_accy 91.33: 100%|██████████| 50/50 [12:23<00:00, 16.15s/it]
Task 0, Epoch 50/50 => Loss 0.234, Train_accy 94.16, Test_accy 91.33: 100%|██████████| 50/50 [12:23<00:00, 14.87s/it]2025-02-06 16:08:07,449 [lae.py] => Task 0, Epoch 50/50 => Loss 0.234, Train_accy 94.16, Test_accy 91.33

2025-02-06 16:08:14,718 [trainer.py] => No NME accuracy.
2025-02-06 16:08:14,719 [trainer.py] => CNN: {'total': 91.33, '00-99': 91.33, 'old': 0, 'new': 91.33}
2025-02-06 16:08:14,719 [trainer.py] => CNN top1 curve: [91.33]
2025-02-06 16:08:14,719 [trainer.py] => CNN top5 curve: [99.24]

Average Accuracy (CNN): 91.33
2025-02-06 16:08:14,719 [trainer.py] => Average Accuracy (CNN): 91.33 

2025-02-06 16:08:14,721 [trainer.py] => All params: 85960096
2025-02-06 16:08:14,722 [trainer.py] => Trainable params: 119170
2025-02-06 16:08:14,725 [lae.py] => Learning on 100-110

  0%|          | 0/50 [00:00<?, ?it/s]
Task 1, Epoch 1/50 => Loss 3.021, Train_accy 12.27:   0%|          | 0/50 [00:02<?, ?it/s]
Task 1, Epoch 1/50 => Loss 3.021, Train_accy 12.27:   2%|▏         | 1/50 [00:02<01:43,  2.11s/it]
Task 1, Epoch 2/50 => Loss 2.243, Train_accy 28.27:   2%|▏         | 1/50 [00:04<01:43,  2.11s/it]
Task 1, Epoch 2/50 => Loss 2.243, Train_accy 28.27:   4%|▍         | 2/50 [00:04<01:40,  2.10s/it]
Task 1, Epoch 3/50 => Loss 1.547, Train_accy 49.90:   4%|▍         | 2/50 [00:06<01:40,  2.10s/it]
Task 1, Epoch 3/50 => Loss 1.547, Train_accy 49.90:   6%|▌         | 3/50 [00:06<01:39,  2.11s/it]
Task 1, Epoch 4/50 => Loss 1.058, Train_accy 68.81:   6%|▌         | 3/50 [00:08<01:39,  2.11s/it]
Task 1, Epoch 4/50 => Loss 1.058, Train_accy 68.81:   8%|▊         | 4/50 [00:08<01:36,  2.10s/it]
Task 1, Epoch 5/50 => Loss 0.778, Train_accy 78.79, Test_accy 83.27:   8%|▊         | 4/50 [00:18<01:36,  2.10s/it]
Task 1, Epoch 5/50 => Loss 0.778, Train_accy 78.79, Test_accy 83.27:  10%|█         | 5/50 [00:18<03:38,  4.85s/it]
Task 1, Epoch 6/50 => Loss 0.492, Train_accy 89.81:  10%|█         | 5/50 [00:20<03:38,  4.85s/it]                 
Task 1, Epoch 6/50 => Loss 0.492, Train_accy 89.81:  12%|█▏        | 6/50 [00:20<02:52,  3.92s/it]
Task 1, Epoch 7/50 => Loss 0.493, Train_accy 85.86:  12%|█▏        | 6/50 [00:22<02:52,  3.92s/it]
Task 1, Epoch 7/50 => Loss 0.493, Train_accy 85.86:  14%|█▍        | 7/50 [00:22<02:22,  3.32s/it]
Task 1, Epoch 8/50 => Loss 0.349, Train_accy 90.85:  14%|█▍        | 7/50 [00:24<02:22,  3.32s/it]
Task 1, Epoch 8/50 => Loss 0.349, Train_accy 90.85:  16%|█▌        | 8/50 [00:24<02:02,  2.92s/it]
Task 1, Epoch 9/50 => Loss 0.264, Train_accy 92.52:  16%|█▌        | 8/50 [00:26<02:02,  2.92s/it]
Task 1, Epoch 9/50 => Loss 0.264, Train_accy 92.52:  18%|█▊        | 9/50 [00:26<01:48,  2.65s/it]
Task 1, Epoch 10/50 => Loss 0.186, Train_accy 95.43, Test_accy 84.65:  18%|█▊        | 9/50 [00:36<01:48,  2.65s/it]
Task 1, Epoch 10/50 => Loss 0.186, Train_accy 95.43, Test_accy 84.65:  20%|██        | 10/50 [00:36<03:13,  4.83s/it]
Task 1, Epoch 11/50 => Loss 0.221, Train_accy 94.59:  20%|██        | 10/50 [00:38<03:13,  4.83s/it]                 
Task 1, Epoch 11/50 => Loss 0.221, Train_accy 94.59:  22%|██▏       | 11/50 [00:38<02:35,  3.99s/it]
Task 1, Epoch 12/50 => Loss 0.275, Train_accy 93.35:  22%|██▏       | 11/50 [00:40<02:35,  3.99s/it]
Task 1, Epoch 12/50 => Loss 0.275, Train_accy 93.35:  24%|██▍       | 12/50 [00:40<02:09,  3.41s/it]
Task 1, Epoch 13/50 => Loss 0.181, Train_accy 95.43:  24%|██▍       | 12/50 [00:42<02:09,  3.41s/it]
Task 1, Epoch 13/50 => Loss 0.181, Train_accy 95.43:  26%|██▌       | 13/50 [00:42<01:51,  3.01s/it]
Task 1, Epoch 14/50 => Loss 0.171, Train_accy 95.84:  26%|██▌       | 13/50 [00:44<01:51,  3.01s/it]
Task 1, Epoch 14/50 => Loss 0.171, Train_accy 95.84:  28%|██▊       | 14/50 [00:44<01:38,  2.73s/it]
Task 1, Epoch 15/50 => Loss 0.196, Train_accy 94.39, Test_accy 85.03:  28%|██▊       | 14/50 [00:54<01:38,  2.73s/it]
Task 1, Epoch 15/50 => Loss 0.196, Train_accy 94.39, Test_accy 85.03:  30%|███       | 15/50 [00:54<02:48,  4.83s/it]
Task 1, Epoch 16/50 => Loss 0.187, Train_accy 94.18:  30%|███       | 15/50 [00:56<02:48,  4.83s/it]                 
Task 1, Epoch 16/50 => Loss 0.187, Train_accy 94.18:  32%|███▏      | 16/50 [00:56<02:16,  4.01s/it]
Task 1, Epoch 17/50 => Loss 0.193, Train_accy 95.22:  32%|███▏      | 16/50 [00:58<02:16,  4.01s/it]
Task 1, Epoch 17/50 => Loss 0.193, Train_accy 95.22:  34%|███▍      | 17/50 [00:58<01:53,  3.45s/it]
Task 1, Epoch 18/50 => Loss 0.173, Train_accy 93.56:  34%|███▍      | 17/50 [01:00<01:53,  3.45s/it]
Task 1, Epoch 18/50 => Loss 0.173, Train_accy 93.56:  36%|███▌      | 18/50 [01:00<01:37,  3.03s/it]
Task 1, Epoch 19/50 => Loss 0.138, Train_accy 96.47:  36%|███▌      | 18/50 [01:02<01:37,  3.03s/it]
Task 1, Epoch 19/50 => Loss 0.138, Train_accy 96.47:  38%|███▊      | 19/50 [01:02<01:25,  2.76s/it]
Task 1, Epoch 20/50 => Loss 0.127, Train_accy 96.05, Test_accy 85.50:  38%|███▊      | 19/50 [01:12<01:25,  2.76s/it]
Task 1, Epoch 20/50 => Loss 0.127, Train_accy 96.05, Test_accy 85.50:  40%|████      | 20/50 [01:12<02:24,  4.83s/it]
Task 1, Epoch 21/50 => Loss 0.160, Train_accy 94.80:  40%|████      | 20/50 [01:14<02:24,  4.83s/it]                 
Task 1, Epoch 21/50 => Loss 0.160, Train_accy 94.80:  42%|████▏     | 21/50 [01:14<01:56,  4.01s/it]
Task 1, Epoch 22/50 => Loss 0.151, Train_accy 95.01:  42%|████▏     | 21/50 [01:16<01:56,  4.01s/it]
Task 1, Epoch 22/50 => Loss 0.151, Train_accy 95.01:  44%|████▍     | 22/50 [01:16<01:35,  3.42s/it]
Task 1, Epoch 23/50 => Loss 0.189, Train_accy 93.76:  44%|████▍     | 22/50 [01:18<01:35,  3.42s/it]
Task 1, Epoch 23/50 => Loss 0.189, Train_accy 93.76:  46%|████▌     | 23/50 [01:18<01:21,  3.02s/it]
Task 1, Epoch 24/50 => Loss 0.138, Train_accy 95.01:  46%|████▌     | 23/50 [01:20<01:21,  3.02s/it]
Task 1, Epoch 24/50 => Loss 0.138, Train_accy 95.01:  48%|████▊     | 24/50 [01:20<01:12,  2.80s/it]
Task 1, Epoch 25/50 => Loss 0.138, Train_accy 96.05, Test_accy 86.11:  48%|████▊     | 24/50 [01:30<01:12,  2.80s/it]
Task 1, Epoch 25/50 => Loss 0.138, Train_accy 96.05, Test_accy 86.11:  50%|█████     | 25/50 [01:30<02:01,  4.87s/it]
Task 1, Epoch 26/50 => Loss 0.154, Train_accy 94.18:  50%|█████     | 25/50 [01:32<02:01,  4.87s/it]                 
Task 1, Epoch 26/50 => Loss 0.154, Train_accy 94.18:  52%|█████▏    | 26/50 [01:32<01:36,  4.03s/it]
Task 1, Epoch 27/50 => Loss 0.151, Train_accy 95.22:  52%|█████▏    | 26/50 [01:34<01:36,  4.03s/it]
Task 1, Epoch 27/50 => Loss 0.151, Train_accy 95.22:  54%|█████▍    | 27/50 [01:34<01:19,  3.44s/it]
Task 1, Epoch 28/50 => Loss 0.181, Train_accy 94.59:  54%|█████▍    | 27/50 [01:36<01:19,  3.44s/it]
Task 1, Epoch 28/50 => Loss 0.181, Train_accy 94.59:  56%|█████▌    | 28/50 [01:36<01:06,  3.04s/it]
Task 1, Epoch 29/50 => Loss 0.122, Train_accy 96.67:  56%|█████▌    | 28/50 [01:38<01:06,  3.04s/it]
Task 1, Epoch 29/50 => Loss 0.122, Train_accy 96.67:  58%|█████▊    | 29/50 [01:38<00:58,  2.79s/it]
Task 1, Epoch 30/50 => Loss 0.155, Train_accy 94.59, Test_accy 86.26:  58%|█████▊    | 29/50 [01:48<00:58,  2.79s/it]
Task 1, Epoch 30/50 => Loss 0.155, Train_accy 94.59, Test_accy 86.26:  60%|██████    | 30/50 [01:48<01:37,  4.85s/it]
Task 1, Epoch 31/50 => Loss 0.173, Train_accy 94.18:  60%|██████    | 30/50 [01:50<01:37,  4.85s/it]                 
Task 1, Epoch 31/50 => Loss 0.173, Train_accy 94.18:  62%|██████▏   | 31/50 [01:50<01:16,  4.01s/it]
Task 1, Epoch 32/50 => Loss 0.114, Train_accy 96.26:  62%|██████▏   | 31/50 [01:52<01:16,  4.01s/it]
Task 1, Epoch 32/50 => Loss 0.114, Train_accy 96.26:  64%|██████▍   | 32/50 [01:52<01:01,  3.43s/it]
Task 1, Epoch 33/50 => Loss 0.105, Train_accy 97.30:  64%|██████▍   | 32/50 [01:54<01:01,  3.43s/it]
Task 1, Epoch 33/50 => Loss 0.105, Train_accy 97.30:  66%|██████▌   | 33/50 [01:54<00:51,  3.02s/it]
Task 1, Epoch 34/50 => Loss 0.145, Train_accy 95.63:  66%|██████▌   | 33/50 [01:56<00:51,  3.02s/it]
Task 1, Epoch 34/50 => Loss 0.145, Train_accy 95.63:  68%|██████▊   | 34/50 [01:56<00:43,  2.73s/it]
Task 1, Epoch 35/50 => Loss 0.121, Train_accy 96.67, Test_accy 86.65:  68%|██████▊   | 34/50 [02:06<00:43,  2.73s/it]
Task 1, Epoch 35/50 => Loss 0.121, Train_accy 96.67, Test_accy 86.65:  70%|███████   | 35/50 [02:06<01:12,  4.81s/it]
Task 1, Epoch 36/50 => Loss 0.165, Train_accy 94.59:  70%|███████   | 35/50 [02:08<01:12,  4.81s/it]                 
Task 1, Epoch 36/50 => Loss 0.165, Train_accy 94.59:  72%|███████▏  | 36/50 [02:08<00:55,  3.97s/it]
Task 1, Epoch 37/50 => Loss 0.137, Train_accy 95.01:  72%|███████▏  | 36/50 [02:10<00:55,  3.97s/it]
Task 1, Epoch 37/50 => Loss 0.137, Train_accy 95.01:  74%|███████▍  | 37/50 [02:10<00:44,  3.39s/it]
Task 1, Epoch 38/50 => Loss 0.095, Train_accy 97.09:  74%|███████▍  | 37/50 [02:12<00:44,  3.39s/it]
Task 1, Epoch 38/50 => Loss 0.095, Train_accy 97.09:  76%|███████▌  | 38/50 [02:12<00:36,  3.04s/it]
Task 1, Epoch 39/50 => Loss 0.118, Train_accy 97.09:  76%|███████▌  | 38/50 [02:14<00:36,  3.04s/it]
Task 1, Epoch 39/50 => Loss 0.118, Train_accy 97.09:  78%|███████▊  | 39/50 [02:14<00:30,  2.75s/it]
Task 1, Epoch 40/50 => Loss 0.102, Train_accy 97.09, Test_accy 86.72:  78%|███████▊  | 39/50 [02:24<00:30,  2.75s/it]
Task 1, Epoch 40/50 => Loss 0.102, Train_accy 97.09, Test_accy 86.72:  80%|████████  | 40/50 [02:24<00:48,  4.82s/it]
Task 1, Epoch 41/50 => Loss 0.131, Train_accy 95.84:  80%|████████  | 40/50 [02:26<00:48,  4.82s/it]                 
Task 1, Epoch 41/50 => Loss 0.131, Train_accy 95.84:  82%|████████▏ | 41/50 [02:26<00:35,  4.00s/it]
Task 1, Epoch 42/50 => Loss 0.135, Train_accy 95.22:  82%|████████▏ | 41/50 [02:28<00:35,  4.00s/it]
Task 1, Epoch 42/50 => Loss 0.135, Train_accy 95.22:  84%|████████▍ | 42/50 [02:28<00:27,  3.42s/it]
Task 1, Epoch 43/50 => Loss 0.149, Train_accy 94.39:  84%|████████▍ | 42/50 [02:30<00:27,  3.42s/it]
Task 1, Epoch 43/50 => Loss 0.149, Train_accy 94.39:  86%|████████▌ | 43/50 [02:30<00:21,  3.01s/it]
Task 1, Epoch 44/50 => Loss 0.114, Train_accy 96.26:  86%|████████▌ | 43/50 [02:32<00:21,  3.01s/it]
Task 1, Epoch 44/50 => Loss 0.114, Train_accy 96.26:  88%|████████▊ | 44/50 [02:32<00:16,  2.73s/it]
Task 1, Epoch 45/50 => Loss 0.118, Train_accy 96.05, Test_accy 86.80:  88%|████████▊ | 44/50 [02:42<00:16,  2.73s/it]
Task 1, Epoch 45/50 => Loss 0.118, Train_accy 96.05, Test_accy 86.80:  90%|█████████ | 45/50 [02:42<00:24,  4.83s/it]
Task 1, Epoch 46/50 => Loss 0.109, Train_accy 95.84:  90%|█████████ | 45/50 [02:44<00:24,  4.83s/it]                 
Task 1, Epoch 46/50 => Loss 0.109, Train_accy 95.84:  92%|█████████▏| 46/50 [02:44<00:16,  4.03s/it]
Task 1, Epoch 47/50 => Loss 0.089, Train_accy 97.30:  92%|█████████▏| 46/50 [02:46<00:16,  4.03s/it]
Task 1, Epoch 47/50 => Loss 0.089, Train_accy 97.30:  94%|█████████▍| 47/50 [02:46<00:10,  3.46s/it]
Task 1, Epoch 48/50 => Loss 0.110, Train_accy 96.47:  94%|█████████▍| 47/50 [02:48<00:10,  3.46s/it]
Task 1, Epoch 48/50 => Loss 0.110, Train_accy 96.47:  96%|█████████▌| 48/50 [02:48<00:06,  3.05s/it]
Task 1, Epoch 49/50 => Loss 0.089, Train_accy 97.09:  96%|█████████▌| 48/50 [02:50<00:06,  3.05s/it]
Task 1, Epoch 49/50 => Loss 0.089, Train_accy 97.09:  98%|█████████▊| 49/50 [02:50<00:02,  2.76s/it]
Task 1, Epoch 50/50 => Loss 0.056, Train_accy 98.13, Test_accy 86.80:  98%|█████████▊| 49/50 [03:00<00:02,  2.76s/it]
Task 1, Epoch 50/50 => Loss 0.056, Train_accy 98.13, Test_accy 86.80: 100%|██████████| 50/50 [03:00<00:00,  4.83s/it]
Task 1, Epoch 50/50 => Loss 0.056, Train_accy 98.13, Test_accy 86.80: 100%|██████████| 50/50 [03:00<00:00,  3.61s/it]2025-02-06 16:11:15,383 [lae.py] => Task 1, Epoch 50/50 => Loss 0.056, Train_accy 98.13, Test_accy 86.80

2025-02-06 16:11:23,100 [trainer.py] => No NME accuracy.
2025-02-06 16:11:23,100 [trainer.py] => CNN: {'total': 86.8, '00-99': 91.33, '100-109': 40.0, 'old': 91.33, 'new': 40.0}
2025-02-06 16:11:23,101 [trainer.py] => CNN top1 curve: [91.33, 86.8]
2025-02-06 16:11:23,101 [trainer.py] => CNN top5 curve: [99.24, 98.85]

Average Accuracy (CNN): 89.06
2025-02-06 16:11:23,101 [trainer.py] => Average Accuracy (CNN): 89.06 

2025-02-06 16:11:23,103 [trainer.py] => All params: 85967786
2025-02-06 16:11:23,105 [trainer.py] => Trainable params: 126860
2025-02-06 16:11:23,109 [lae.py] => Learning on 110-120

  0%|          | 0/50 [00:00<?, ?it/s]
Task 2, Epoch 1/50 => Loss 3.284, Train_accy 7.01:   0%|          | 0/50 [00:02<?, ?it/s]
Task 2, Epoch 1/50 => Loss 3.284, Train_accy 7.01:   2%|▏         | 1/50 [00:02<01:39,  2.03s/it]
Task 2, Epoch 2/50 => Loss 2.394, Train_accy 21.44:   2%|▏         | 1/50 [00:04<01:39,  2.03s/it]
Task 2, Epoch 2/50 => Loss 2.394, Train_accy 21.44:   4%|▍         | 2/50 [00:04<01:37,  2.02s/it]
Task 2, Epoch 3/50 => Loss 1.625, Train_accy 47.13:   4%|▍         | 2/50 [00:06<01:37,  2.02s/it]
Task 2, Epoch 3/50 => Loss 1.625, Train_accy 47.13:   6%|▌         | 3/50 [00:06<01:35,  2.03s/it]
Task 2, Epoch 4/50 => Loss 1.093, Train_accy 67.73:   6%|▌         | 3/50 [00:08<01:35,  2.03s/it]
Task 2, Epoch 4/50 => Loss 1.093, Train_accy 67.73:   8%|▊         | 4/50 [00:08<01:35,  2.07s/it]
Task 2, Epoch 5/50 => Loss 0.782, Train_accy 81.53, Test_accy 80.01:   8%|▊         | 4/50 [00:18<01:35,  2.07s/it]
Task 2, Epoch 5/50 => Loss 0.782, Train_accy 81.53, Test_accy 80.01:  10%|█         | 5/50 [00:18<03:47,  5.06s/it]
Task 2, Epoch 6/50 => Loss 0.611, Train_accy 83.86:  10%|█         | 5/50 [00:20<03:47,  5.06s/it]                 
Task 2, Epoch 6/50 => Loss 0.611, Train_accy 83.86:  12%|█▏        | 6/50 [00:20<02:57,  4.04s/it]
Task 2, Epoch 7/50 => Loss 0.409, Train_accy 90.02:  12%|█▏        | 6/50 [00:22<02:57,  4.04s/it]
Task 2, Epoch 7/50 => Loss 0.409, Train_accy 90.02:  14%|█▍        | 7/50 [00:22<02:26,  3.40s/it]
Task 2, Epoch 8/50 => Loss 0.350, Train_accy 91.51:  14%|█▍        | 7/50 [00:24<02:26,  3.40s/it]
Task 2, Epoch 8/50 => Loss 0.350, Train_accy 91.51:  16%|█▌        | 8/50 [00:24<02:04,  2.96s/it]
Task 2, Epoch 9/50 => Loss 0.294, Train_accy 90.87:  16%|█▌        | 8/50 [00:26<02:04,  2.96s/it]
Task 2, Epoch 9/50 => Loss 0.294, Train_accy 90.87:  18%|█▊        | 9/50 [00:26<01:49,  2.68s/it]
Task 2, Epoch 10/50 => Loss 0.255, Train_accy 93.42, Test_accy 80.79:  18%|█▊        | 9/50 [00:37<01:49,  2.68s/it]
Task 2, Epoch 10/50 => Loss 0.255, Train_accy 93.42, Test_accy 80.79:  20%|██        | 10/50 [00:37<03:20,  5.02s/it]
Task 2, Epoch 11/50 => Loss 0.292, Train_accy 92.36:  20%|██        | 10/50 [00:39<03:20,  5.02s/it]                 
Task 2, Epoch 11/50 => Loss 0.292, Train_accy 92.36:  22%|██▏       | 11/50 [00:39<02:41,  4.13s/it]
Task 2, Epoch 12/50 => Loss 0.228, Train_accy 93.42:  22%|██▏       | 11/50 [00:41<02:41,  4.13s/it]
Task 2, Epoch 12/50 => Loss 0.228, Train_accy 93.42:  24%|██▍       | 12/50 [00:41<02:13,  3.52s/it]
Task 2, Epoch 13/50 => Loss 0.182, Train_accy 94.90:  24%|██▍       | 12/50 [00:43<02:13,  3.52s/it]
Task 2, Epoch 13/50 => Loss 0.182, Train_accy 94.90:  26%|██▌       | 13/50 [00:43<01:53,  3.07s/it]
Task 2, Epoch 14/50 => Loss 0.216, Train_accy 94.06:  26%|██▌       | 13/50 [00:45<01:53,  3.07s/it]
Task 2, Epoch 14/50 => Loss 0.216, Train_accy 94.06:  28%|██▊       | 14/50 [00:45<01:39,  2.77s/it]
Task 2, Epoch 15/50 => Loss 0.158, Train_accy 95.33, Test_accy 81.00:  28%|██▊       | 14/50 [00:55<01:39,  2.77s/it]
Task 2, Epoch 15/50 => Loss 0.158, Train_accy 95.33, Test_accy 81.00:  30%|███       | 15/50 [00:55<02:56,  5.06s/it]
Task 2, Epoch 16/50 => Loss 0.181, Train_accy 94.69:  30%|███       | 15/50 [00:57<02:56,  5.06s/it]                 
Task 2, Epoch 16/50 => Loss 0.181, Train_accy 94.69:  32%|███▏      | 16/50 [00:57<02:21,  4.16s/it]
Task 2, Epoch 17/50 => Loss 0.167, Train_accy 94.90:  32%|███▏      | 16/50 [00:59<02:21,  4.16s/it]
Task 2, Epoch 17/50 => Loss 0.167, Train_accy 94.90:  34%|███▍      | 17/50 [00:59<01:56,  3.52s/it]
Task 2, Epoch 18/50 => Loss 0.143, Train_accy 96.39:  34%|███▍      | 17/50 [01:01<01:56,  3.52s/it]
Task 2, Epoch 18/50 => Loss 0.143, Train_accy 96.39:  36%|███▌      | 18/50 [01:01<01:38,  3.07s/it]
Task 2, Epoch 19/50 => Loss 0.157, Train_accy 96.39:  36%|███▌      | 18/50 [01:03<01:38,  3.07s/it]
Task 2, Epoch 19/50 => Loss 0.157, Train_accy 96.39:  38%|███▊      | 19/50 [01:03<01:25,  2.76s/it]
Task 2, Epoch 20/50 => Loss 0.163, Train_accy 95.33, Test_accy 81.29:  38%|███▊      | 19/50 [01:14<01:25,  2.76s/it]
Task 2, Epoch 20/50 => Loss 0.163, Train_accy 95.33, Test_accy 81.29:  40%|████      | 20/50 [01:14<02:29,  4.99s/it]
Task 2, Epoch 21/50 => Loss 0.136, Train_accy 97.03:  40%|████      | 20/50 [01:16<02:29,  4.99s/it]                 
Task 2, Epoch 21/50 => Loss 0.136, Train_accy 97.03:  42%|████▏     | 21/50 [01:16<01:59,  4.12s/it]
Task 2, Epoch 22/50 => Loss 0.142, Train_accy 96.18:  42%|████▏     | 21/50 [01:18<01:59,  4.12s/it]
Task 2, Epoch 22/50 => Loss 0.142, Train_accy 96.18:  44%|████▍     | 22/50 [01:18<01:37,  3.49s/it]
Task 2, Epoch 23/50 => Loss 0.154, Train_accy 96.18:  44%|████▍     | 22/50 [01:20<01:37,  3.49s/it]
Task 2, Epoch 23/50 => Loss 0.154, Train_accy 96.18:  46%|████▌     | 23/50 [01:20<01:22,  3.05s/it]
Task 2, Epoch 24/50 => Loss 0.121, Train_accy 96.39:  46%|████▌     | 23/50 [01:22<01:22,  3.05s/it]
Task 2, Epoch 24/50 => Loss 0.121, Train_accy 96.39:  48%|████▊     | 24/50 [01:22<01:11,  2.75s/it]
Task 2, Epoch 25/50 => Loss 0.112, Train_accy 96.82, Test_accy 81.36:  48%|████▊     | 24/50 [01:32<01:11,  2.75s/it]
Task 2, Epoch 25/50 => Loss 0.112, Train_accy 96.82, Test_accy 81.36:  50%|█████     | 25/50 [01:32<02:04,  5.00s/it]
Task 2, Epoch 26/50 => Loss 0.150, Train_accy 95.75:  50%|█████     | 25/50 [01:34<02:04,  5.00s/it]                 
Task 2, Epoch 26/50 => Loss 0.150, Train_accy 95.75:  52%|█████▏    | 26/50 [01:34<01:39,  4.14s/it]
Task 2, Epoch 27/50 => Loss 0.143, Train_accy 96.60:  52%|█████▏    | 26/50 [01:36<01:39,  4.14s/it]
Task 2, Epoch 27/50 => Loss 0.143, Train_accy 96.60:  54%|█████▍    | 27/50 [01:36<01:20,  3.52s/it]
Task 2, Epoch 28/50 => Loss 0.109, Train_accy 96.60:  54%|█████▍    | 27/50 [01:39<01:20,  3.52s/it]
Task 2, Epoch 28/50 => Loss 0.109, Train_accy 96.60:  56%|█████▌    | 28/50 [01:39<01:09,  3.14s/it]
Task 2, Epoch 29/50 => Loss 0.123, Train_accy 97.24:  56%|█████▌    | 28/50 [01:41<01:09,  3.14s/it]
Task 2, Epoch 29/50 => Loss 0.123, Train_accy 97.24:  58%|█████▊    | 29/50 [01:41<01:00,  2.87s/it]
Task 2, Epoch 30/50 => Loss 0.112, Train_accy 96.60, Test_accy 81.36:  58%|█████▊    | 29/50 [01:51<01:00,  2.87s/it]
Task 2, Epoch 30/50 => Loss 0.112, Train_accy 96.60, Test_accy 81.36:  60%|██████    | 30/50 [01:51<01:42,  5.11s/it]
Task 2, Epoch 31/50 => Loss 0.100, Train_accy 97.45:  60%|██████    | 30/50 [01:53<01:42,  5.11s/it]                 
Task 2, Epoch 31/50 => Loss 0.100, Train_accy 97.45:  62%|██████▏   | 31/50 [01:53<01:20,  4.21s/it]
Task 2, Epoch 32/50 => Loss 0.097, Train_accy 97.88:  62%|██████▏   | 31/50 [01:55<01:20,  4.21s/it]
Task 2, Epoch 32/50 => Loss 0.097, Train_accy 97.88:  64%|██████▍   | 32/50 [01:55<01:04,  3.56s/it]
Task 2, Epoch 33/50 => Loss 0.101, Train_accy 97.66:  64%|██████▍   | 32/50 [01:57<01:04,  3.56s/it]
Task 2, Epoch 33/50 => Loss 0.101, Train_accy 97.66:  66%|██████▌   | 33/50 [01:57<00:52,  3.11s/it]
Task 2, Epoch 34/50 => Loss 0.117, Train_accy 95.97:  66%|██████▌   | 33/50 [01:59<00:52,  3.11s/it]
Task 2, Epoch 34/50 => Loss 0.117, Train_accy 95.97:  68%|██████▊   | 34/50 [01:59<00:44,  2.80s/it]
Task 2, Epoch 35/50 => Loss 0.109, Train_accy 96.60, Test_accy 81.36:  68%|██████▊   | 34/50 [02:10<00:44,  2.80s/it]
Task 2, Epoch 35/50 => Loss 0.109, Train_accy 96.60, Test_accy 81.36:  70%|███████   | 35/50 [02:10<01:16,  5.07s/it]
Task 2, Epoch 36/50 => Loss 0.090, Train_accy 97.66:  70%|███████   | 35/50 [02:12<01:16,  5.07s/it]                 
Task 2, Epoch 36/50 => Loss 0.090, Train_accy 97.66:  72%|███████▏  | 36/50 [02:12<00:58,  4.17s/it]
Task 2, Epoch 37/50 => Loss 0.106, Train_accy 97.45:  72%|███████▏  | 36/50 [02:14<00:58,  4.17s/it]
Task 2, Epoch 37/50 => Loss 0.106, Train_accy 97.45:  74%|███████▍  | 37/50 [02:14<00:45,  3.53s/it]
Task 2, Epoch 38/50 => Loss 0.082, Train_accy 97.66:  74%|███████▍  | 37/50 [02:16<00:45,  3.53s/it]
Task 2, Epoch 38/50 => Loss 0.082, Train_accy 97.66:  76%|███████▌  | 38/50 [02:16<00:37,  3.09s/it]
Task 2, Epoch 39/50 => Loss 0.092, Train_accy 97.03:  76%|███████▌  | 38/50 [02:18<00:37,  3.09s/it]
Task 2, Epoch 39/50 => Loss 0.092, Train_accy 97.03:  78%|███████▊  | 39/50 [02:18<00:30,  2.77s/it]
Task 2, Epoch 40/50 => Loss 0.088, Train_accy 97.88, Test_accy 81.64:  78%|███████▊  | 39/50 [02:28<00:30,  2.77s/it]
Task 2, Epoch 40/50 => Loss 0.088, Train_accy 97.88, Test_accy 81.64:  80%|████████  | 40/50 [02:28<00:50,  5.03s/it]
Task 2, Epoch 41/50 => Loss 0.063, Train_accy 98.30:  80%|████████  | 40/50 [02:31<00:50,  5.03s/it]                 
Task 2, Epoch 41/50 => Loss 0.063, Train_accy 98.30:  82%|████████▏ | 41/50 [02:31<00:37,  4.20s/it]
Task 2, Epoch 42/50 => Loss 0.090, Train_accy 97.45:  82%|████████▏ | 41/50 [02:33<00:37,  4.20s/it]
Task 2, Epoch 42/50 => Loss 0.090, Train_accy 97.45:  84%|████████▍ | 42/50 [02:33<00:28,  3.57s/it]
Task 2, Epoch 43/50 => Loss 0.095, Train_accy 97.45:  84%|████████▍ | 42/50 [02:35<00:28,  3.57s/it]
Task 2, Epoch 43/50 => Loss 0.095, Train_accy 97.45:  86%|████████▌ | 43/50 [02:35<00:21,  3.13s/it]
Task 2, Epoch 44/50 => Loss 0.100, Train_accy 97.03:  86%|████████▌ | 43/50 [02:37<00:21,  3.13s/it]
Task 2, Epoch 44/50 => Loss 0.100, Train_accy 97.03:  88%|████████▊ | 44/50 [02:37<00:16,  2.82s/it]
Task 2, Epoch 45/50 => Loss 0.111, Train_accy 96.82, Test_accy 81.64:  88%|████████▊ | 44/50 [02:47<00:16,  2.82s/it]
Task 2, Epoch 45/50 => Loss 0.111, Train_accy 96.82, Test_accy 81.64:  90%|█████████ | 45/50 [02:47<00:25,  5.09s/it]
Task 2, Epoch 46/50 => Loss 0.108, Train_accy 97.45:  90%|█████████ | 45/50 [02:50<00:25,  5.09s/it]                 
Task 2, Epoch 46/50 => Loss 0.108, Train_accy 97.45:  92%|█████████▏| 46/50 [02:50<00:17,  4.28s/it]
Task 2, Epoch 47/50 => Loss 0.083, Train_accy 96.82:  92%|█████████▏| 46/50 [02:52<00:17,  4.28s/it]
Task 2, Epoch 47/50 => Loss 0.083, Train_accy 96.82:  94%|█████████▍| 47/50 [02:52<00:10,  3.61s/it]
Task 2, Epoch 48/50 => Loss 0.098, Train_accy 97.45:  94%|█████████▍| 47/50 [02:54<00:10,  3.61s/it]
Task 2, Epoch 48/50 => Loss 0.098, Train_accy 97.45:  96%|█████████▌| 48/50 [02:54<00:06,  3.15s/it]
Task 2, Epoch 49/50 => Loss 0.072, Train_accy 97.66:  96%|█████████▌| 48/50 [02:56<00:06,  3.15s/it]
Task 2, Epoch 49/50 => Loss 0.072, Train_accy 97.66:  98%|█████████▊| 49/50 [02:56<00:02,  2.82s/it]
Task 2, Epoch 50/50 => Loss 0.103, Train_accy 96.39, Test_accy 81.71:  98%|█████████▊| 49/50 [03:06<00:02,  2.82s/it]
Task 2, Epoch 50/50 => Loss 0.103, Train_accy 96.39, Test_accy 81.71: 100%|██████████| 50/50 [03:06<00:00,  5.07s/it]
Task 2, Epoch 50/50 => Loss 0.103, Train_accy 96.39, Test_accy 81.71: 100%|██████████| 50/50 [03:06<00:00,  3.73s/it]2025-02-06 16:14:29,719 [lae.py] => Task 2, Epoch 50/50 => Loss 0.103, Train_accy 96.39, Test_accy 81.71

2025-02-06 16:14:38,066 [trainer.py] => No NME accuracy.
2025-02-06 16:14:38,067 [trainer.py] => CNN: {'total': 81.71, '00-99': 91.33, '100-109': 40.0, '110-119': 23.01, 'old': 86.8, 'new': 23.01}
2025-02-06 16:14:38,067 [trainer.py] => CNN top1 curve: [91.33, 86.8, 81.71]
2025-02-06 16:14:38,067 [trainer.py] => CNN top5 curve: [99.24, 98.85, 98.59]

Average Accuracy (CNN): 86.61
2025-02-06 16:14:38,067 [trainer.py] => Average Accuracy (CNN): 86.61 

2025-02-06 16:14:38,069 [trainer.py] => All params: 85975476
2025-02-06 16:14:38,071 [trainer.py] => Trainable params: 134550
2025-02-06 16:14:38,073 [lae.py] => Learning on 120-130

  0%|          | 0/50 [00:00<?, ?it/s]
Task 3, Epoch 1/50 => Loss 3.282, Train_accy 11.83:   0%|          | 0/50 [00:02<?, ?it/s]
Task 3, Epoch 1/50 => Loss 3.282, Train_accy 11.83:   2%|▏         | 1/50 [00:02<01:46,  2.17s/it]
Task 3, Epoch 2/50 => Loss 2.365, Train_accy 24.07:   2%|▏         | 1/50 [00:04<01:46,  2.17s/it]
Task 3, Epoch 2/50 => Loss 2.365, Train_accy 24.07:   4%|▍         | 2/50 [00:04<01:46,  2.22s/it]
Task 3, Epoch 3/50 => Loss 1.797, Train_accy 44.81:   4%|▍         | 2/50 [00:06<01:46,  2.22s/it]
Task 3, Epoch 3/50 => Loss 1.797, Train_accy 44.81:   6%|▌         | 3/50 [00:06<01:41,  2.16s/it]
Task 3, Epoch 4/50 => Loss 1.254, Train_accy 61.00:   6%|▌         | 3/50 [00:08<01:41,  2.16s/it]
Task 3, Epoch 4/50 => Loss 1.254, Train_accy 61.00:   8%|▊         | 4/50 [00:08<01:38,  2.14s/it]
Task 3, Epoch 5/50 => Loss 1.012, Train_accy 68.88, Test_accy 76.10:   8%|▊         | 4/50 [00:19<01:38,  2.14s/it]
Task 3, Epoch 5/50 => Loss 1.012, Train_accy 68.88, Test_accy 76.10:  10%|█         | 5/50 [00:19<03:58,  5.30s/it]
Task 3, Epoch 6/50 => Loss 0.721, Train_accy 77.59:  10%|█         | 5/50 [00:21<03:58,  5.30s/it]                 
Task 3, Epoch 6/50 => Loss 0.721, Train_accy 77.59:  12%|█▏        | 6/50 [00:21<03:04,  4.20s/it]
Task 3, Epoch 7/50 => Loss 0.558, Train_accy 80.08:  12%|█▏        | 6/50 [00:23<03:04,  4.20s/it]
Task 3, Epoch 7/50 => Loss 0.558, Train_accy 80.08:  14%|█▍        | 7/50 [00:23<02:30,  3.51s/it]
Task 3, Epoch 8/50 => Loss 0.536, Train_accy 83.20:  14%|█▍        | 7/50 [00:25<02:30,  3.51s/it]
Task 3, Epoch 8/50 => Loss 0.536, Train_accy 83.20:  16%|█▌        | 8/50 [00:25<02:09,  3.08s/it]
Task 3, Epoch 9/50 => Loss 0.482, Train_accy 85.27:  16%|█▌        | 8/50 [00:27<02:09,  3.08s/it]
Task 3, Epoch 9/50 => Loss 0.482, Train_accy 85.27:  18%|█▊        | 9/50 [00:27<01:53,  2.78s/it]
Task 3, Epoch 10/50 => Loss 0.413, Train_accy 86.72, Test_accy 76.82:  18%|█▊        | 9/50 [00:38<01:53,  2.78s/it]
Task 3, Epoch 10/50 => Loss 0.413, Train_accy 86.72, Test_accy 76.82:  20%|██        | 10/50 [00:38<03:31,  5.28s/it]
Task 3, Epoch 11/50 => Loss 0.393, Train_accy 86.31:  20%|██        | 10/50 [00:41<03:31,  5.28s/it]                 
Task 3, Epoch 11/50 => Loss 0.393, Train_accy 86.31:  22%|██▏       | 11/50 [00:41<02:48,  4.33s/it]
Task 3, Epoch 12/50 => Loss 0.326, Train_accy 87.14:  22%|██▏       | 11/50 [00:43<02:48,  4.33s/it]
Task 3, Epoch 12/50 => Loss 0.326, Train_accy 87.14:  24%|██▍       | 12/50 [00:43<02:19,  3.67s/it]
Task 3, Epoch 13/50 => Loss 0.320, Train_accy 88.17:  24%|██▍       | 12/50 [00:45<02:19,  3.67s/it]
Task 3, Epoch 13/50 => Loss 0.320, Train_accy 88.17:  26%|██▌       | 13/50 [00:45<01:58,  3.21s/it]
Task 3, Epoch 14/50 => Loss 0.333, Train_accy 88.17:  26%|██▌       | 13/50 [00:47<01:58,  3.21s/it]
Task 3, Epoch 14/50 => Loss 0.333, Train_accy 88.17:  28%|██▊       | 14/50 [00:47<01:43,  2.87s/it]
Task 3, Epoch 15/50 => Loss 0.305, Train_accy 88.59, Test_accy 77.48:  28%|██▊       | 14/50 [00:58<01:43,  2.87s/it]
Task 3, Epoch 15/50 => Loss 0.305, Train_accy 88.59, Test_accy 77.48:  30%|███       | 15/50 [00:58<03:04,  5.28s/it]
Task 3, Epoch 16/50 => Loss 0.277, Train_accy 89.42:  30%|███       | 15/50 [01:00<03:04,  5.28s/it]                 
Task 3, Epoch 16/50 => Loss 0.277, Train_accy 89.42:  32%|███▏      | 16/50 [01:00<02:26,  4.32s/it]
Task 3, Epoch 17/50 => Loss 0.266, Train_accy 90.87:  32%|███▏      | 16/50 [01:02<02:26,  4.32s/it]
Task 3, Epoch 17/50 => Loss 0.266, Train_accy 90.87:  34%|███▍      | 17/50 [01:02<02:00,  3.66s/it]
Task 3, Epoch 18/50 => Loss 0.293, Train_accy 89.63:  34%|███▍      | 17/50 [01:04<02:00,  3.66s/it]
Task 3, Epoch 18/50 => Loss 0.293, Train_accy 89.63:  36%|███▌      | 18/50 [01:04<01:42,  3.19s/it]
Task 3, Epoch 19/50 => Loss 0.302, Train_accy 88.59:  36%|███▌      | 18/50 [01:06<01:42,  3.19s/it]
Task 3, Epoch 19/50 => Loss 0.302, Train_accy 88.59:  38%|███▊      | 19/50 [01:06<01:28,  2.85s/it]
Task 3, Epoch 20/50 => Loss 0.255, Train_accy 90.87, Test_accy 78.07:  38%|███▊      | 19/50 [01:17<01:28,  2.85s/it]
Task 3, Epoch 20/50 => Loss 0.255, Train_accy 90.87, Test_accy 78.07:  40%|████      | 20/50 [01:17<02:38,  5.27s/it]
Task 3, Epoch 21/50 => Loss 0.233, Train_accy 92.32:  40%|████      | 20/50 [01:19<02:38,  5.27s/it]                 
Task 3, Epoch 21/50 => Loss 0.233, Train_accy 92.32:  42%|████▏     | 21/50 [01:19<02:05,  4.32s/it]
Task 3, Epoch 22/50 => Loss 0.245, Train_accy 90.46:  42%|████▏     | 21/50 [01:21<02:05,  4.32s/it]
Task 3, Epoch 22/50 => Loss 0.245, Train_accy 90.46:  44%|████▍     | 22/50 [01:21<01:42,  3.65s/it]
Task 3, Epoch 23/50 => Loss 0.242, Train_accy 92.74:  44%|████▍     | 22/50 [01:23<01:42,  3.65s/it]
Task 3, Epoch 23/50 => Loss 0.242, Train_accy 92.74:  46%|████▌     | 23/50 [01:23<01:25,  3.18s/it]
Task 3, Epoch 24/50 => Loss 0.231, Train_accy 92.74:  46%|████▌     | 23/50 [01:25<01:25,  3.18s/it]
Task 3, Epoch 24/50 => Loss 0.231, Train_accy 92.74:  48%|████▊     | 24/50 [01:25<01:14,  2.85s/it]
Task 3, Epoch 25/50 => Loss 0.238, Train_accy 92.32, Test_accy 78.33:  48%|████▊     | 24/50 [01:36<01:14,  2.85s/it]
Task 3, Epoch 25/50 => Loss 0.238, Train_accy 92.32, Test_accy 78.33:  50%|█████     | 25/50 [01:36<02:11,  5.26s/it]
Task 3, Epoch 26/50 => Loss 0.242, Train_accy 92.32:  50%|█████     | 25/50 [01:39<02:11,  5.26s/it]                 
Task 3, Epoch 26/50 => Loss 0.242, Train_accy 92.32:  52%|█████▏    | 26/50 [01:39<01:44,  4.36s/it]
Task 3, Epoch 27/50 => Loss 0.237, Train_accy 92.32:  52%|█████▏    | 26/50 [01:41<01:44,  4.36s/it]
Task 3, Epoch 27/50 => Loss 0.237, Train_accy 92.32:  54%|█████▍    | 27/50 [01:41<01:24,  3.68s/it]
Task 3, Epoch 28/50 => Loss 0.252, Train_accy 90.04:  54%|█████▍    | 27/50 [01:43<01:24,  3.68s/it]
Task 3, Epoch 28/50 => Loss 0.252, Train_accy 90.04:  56%|█████▌    | 28/50 [01:43<01:10,  3.22s/it]
Task 3, Epoch 29/50 => Loss 0.241, Train_accy 92.95:  56%|█████▌    | 28/50 [01:45<01:10,  3.22s/it]
Task 3, Epoch 29/50 => Loss 0.241, Train_accy 92.95:  58%|█████▊    | 29/50 [01:45<01:00,  2.88s/it]
Task 3, Epoch 30/50 => Loss 0.275, Train_accy 91.08, Test_accy 78.27:  58%|█████▊    | 29/50 [01:56<01:00,  2.88s/it]
Task 3, Epoch 30/50 => Loss 0.275, Train_accy 91.08, Test_accy 78.27:  60%|██████    | 30/50 [01:56<01:45,  5.29s/it]
Task 3, Epoch 31/50 => Loss 0.175, Train_accy 94.61:  60%|██████    | 30/50 [01:58<01:45,  5.29s/it]                 
Task 3, Epoch 31/50 => Loss 0.175, Train_accy 94.61:  62%|██████▏   | 31/50 [01:58<01:22,  4.36s/it]
Task 3, Epoch 32/50 => Loss 0.217, Train_accy 91.70:  62%|██████▏   | 31/50 [02:00<01:22,  4.36s/it]
Task 3, Epoch 32/50 => Loss 0.217, Train_accy 91.70:  64%|██████▍   | 32/50 [02:00<01:06,  3.67s/it]
Task 3, Epoch 33/50 => Loss 0.186, Train_accy 94.61:  64%|██████▍   | 32/50 [02:02<01:06,  3.67s/it]
Task 3, Epoch 33/50 => Loss 0.186, Train_accy 94.61:  66%|██████▌   | 33/50 [02:02<00:54,  3.22s/it]
Task 3, Epoch 34/50 => Loss 0.223, Train_accy 93.78:  66%|██████▌   | 33/50 [02:04<00:54,  3.22s/it]
Task 3, Epoch 34/50 => Loss 0.223, Train_accy 93.78:  68%|██████▊   | 34/50 [02:04<00:46,  2.88s/it]
Task 3, Epoch 35/50 => Loss 0.151, Train_accy 95.02, Test_accy 78.33:  68%|██████▊   | 34/50 [02:15<00:46,  2.88s/it]
Task 3, Epoch 35/50 => Loss 0.151, Train_accy 95.02, Test_accy 78.33:  70%|███████   | 35/50 [02:15<01:19,  5.32s/it]
Task 3, Epoch 36/50 => Loss 0.177, Train_accy 94.40:  70%|███████   | 35/50 [02:17<01:19,  5.32s/it]                 
Task 3, Epoch 36/50 => Loss 0.177, Train_accy 94.40:  72%|███████▏  | 36/50 [02:17<01:01,  4.36s/it]
Task 3, Epoch 37/50 => Loss 0.230, Train_accy 92.95:  72%|███████▏  | 36/50 [02:20<01:01,  4.36s/it]
Task 3, Epoch 37/50 => Loss 0.230, Train_accy 92.95:  74%|███████▍  | 37/50 [02:20<00:48,  3.71s/it]
Task 3, Epoch 38/50 => Loss 0.172, Train_accy 94.19:  74%|███████▍  | 37/50 [02:22<00:48,  3.71s/it]
Task 3, Epoch 38/50 => Loss 0.172, Train_accy 94.19:  76%|███████▌  | 38/50 [02:22<00:39,  3.25s/it]
Task 3, Epoch 39/50 => Loss 0.183, Train_accy 93.78:  76%|███████▌  | 38/50 [02:24<00:39,  3.25s/it]
Task 3, Epoch 39/50 => Loss 0.183, Train_accy 93.78:  78%|███████▊  | 39/50 [02:24<00:31,  2.90s/it]
Task 3, Epoch 40/50 => Loss 0.153, Train_accy 94.19, Test_accy 78.53:  78%|███████▊  | 39/50 [02:35<00:31,  2.90s/it]
Task 3, Epoch 40/50 => Loss 0.153, Train_accy 94.19, Test_accy 78.53:  80%|████████  | 40/50 [02:35<00:53,  5.30s/it]
Task 3, Epoch 41/50 => Loss 0.175, Train_accy 95.44:  80%|████████  | 40/50 [02:37<00:53,  5.30s/it]                 
Task 3, Epoch 41/50 => Loss 0.175, Train_accy 95.44:  82%|████████▏ | 41/50 [02:37<00:39,  4.35s/it]
Task 3, Epoch 42/50 => Loss 0.199, Train_accy 93.15:  82%|████████▏ | 41/50 [02:39<00:39,  4.35s/it]
Task 3, Epoch 42/50 => Loss 0.199, Train_accy 93.15:  84%|████████▍ | 42/50 [02:39<00:29,  3.68s/it]
Task 3, Epoch 43/50 => Loss 0.186, Train_accy 93.36:  84%|████████▍ | 42/50 [02:41<00:29,  3.68s/it]
Task 3, Epoch 43/50 => Loss 0.186, Train_accy 93.36:  86%|████████▌ | 43/50 [02:41<00:22,  3.21s/it]
Task 3, Epoch 44/50 => Loss 0.187, Train_accy 94.19:  86%|████████▌ | 43/50 [02:43<00:22,  3.21s/it]
Task 3, Epoch 44/50 => Loss 0.187, Train_accy 94.19:  88%|████████▊ | 44/50 [02:43<00:17,  2.89s/it]
Task 3, Epoch 45/50 => Loss 0.161, Train_accy 95.23, Test_accy 78.73:  88%|████████▊ | 44/50 [02:54<00:17,  2.89s/it]
Task 3, Epoch 45/50 => Loss 0.161, Train_accy 95.23, Test_accy 78.73:  90%|█████████ | 45/50 [02:54<00:26,  5.30s/it]
Task 3, Epoch 46/50 => Loss 0.167, Train_accy 95.02:  90%|█████████ | 45/50 [02:56<00:26,  5.30s/it]                 
Task 3, Epoch 46/50 => Loss 0.167, Train_accy 95.02:  92%|█████████▏| 46/50 [02:56<00:17,  4.34s/it]
Task 3, Epoch 47/50 => Loss 0.172, Train_accy 94.19:  92%|█████████▏| 46/50 [02:58<00:17,  4.34s/it]
Task 3, Epoch 47/50 => Loss 0.172, Train_accy 94.19:  94%|█████████▍| 47/50 [02:58<00:10,  3.66s/it]
Task 3, Epoch 48/50 => Loss 0.166, Train_accy 96.06:  94%|█████████▍| 47/50 [03:01<00:10,  3.66s/it]
Task 3, Epoch 48/50 => Loss 0.166, Train_accy 96.06:  96%|█████████▌| 48/50 [03:01<00:06,  3.20s/it]
Task 3, Epoch 49/50 => Loss 0.140, Train_accy 95.64:  96%|█████████▌| 48/50 [03:03<00:06,  3.20s/it]
Task 3, Epoch 49/50 => Loss 0.140, Train_accy 95.64:  98%|█████████▊| 49/50 [03:03<00:02,  2.86s/it]
Task 3, Epoch 50/50 => Loss 0.154, Train_accy 95.23, Test_accy 78.79:  98%|█████████▊| 49/50 [03:14<00:02,  2.86s/it]
Task 3, Epoch 50/50 => Loss 0.154, Train_accy 95.23, Test_accy 78.79: 100%|██████████| 50/50 [03:14<00:00,  5.29s/it]
Task 3, Epoch 50/50 => Loss 0.154, Train_accy 95.23, Test_accy 78.79: 100%|██████████| 50/50 [03:14<00:00,  3.88s/it]2025-02-06 16:17:52,160 [lae.py] => Task 3, Epoch 50/50 => Loss 0.154, Train_accy 95.23, Test_accy 78.79

2025-02-06 16:18:00,931 [trainer.py] => No NME accuracy.
2025-02-06 16:18:00,931 [trainer.py] => CNN: {'total': 78.79, '00-99': 91.33, '100-109': 40.0, '110-119': 23.01, '120-129': 40.19, 'old': 81.71, 'new': 40.19}
2025-02-06 16:18:00,932 [trainer.py] => CNN top1 curve: [91.33, 86.8, 81.71, 78.79]
2025-02-06 16:18:00,932 [trainer.py] => CNN top5 curve: [99.24, 98.85, 98.59, 98.49]

Average Accuracy (CNN): 84.66
2025-02-06 16:18:00,932 [trainer.py] => Average Accuracy (CNN): 84.66 

2025-02-06 16:18:00,933 [trainer.py] => All params: 85983166
2025-02-06 16:18:00,935 [trainer.py] => Trainable params: 142240
2025-02-06 16:18:00,938 [lae.py] => Learning on 130-140

  0%|          | 0/50 [00:00<?, ?it/s]
Task 4, Epoch 1/50 => Loss 3.008, Train_accy 17.37:   0%|          | 0/50 [00:02<?, ?it/s]
Task 4, Epoch 1/50 => Loss 3.008, Train_accy 17.37:   2%|▏         | 1/50 [00:02<01:49,  2.24s/it]
Task 4, Epoch 2/50 => Loss 2.233, Train_accy 30.72:   2%|▏         | 1/50 [00:04<01:49,  2.24s/it]
Task 4, Epoch 2/50 => Loss 2.233, Train_accy 30.72:   4%|▍         | 2/50 [00:04<01:42,  2.14s/it]
Task 4, Epoch 3/50 => Loss 1.597, Train_accy 47.88:   4%|▍         | 2/50 [00:06<01:42,  2.14s/it]
Task 4, Epoch 3/50 => Loss 1.597, Train_accy 47.88:   6%|▌         | 3/50 [00:06<01:38,  2.09s/it]
Task 4, Epoch 4/50 => Loss 1.150, Train_accy 61.86:   6%|▌         | 3/50 [00:08<01:38,  2.09s/it]
Task 4, Epoch 4/50 => Loss 1.150, Train_accy 61.86:   8%|▊         | 4/50 [00:08<01:39,  2.15s/it]
Task 4, Epoch 5/50 => Loss 0.854, Train_accy 73.52, Test_accy 73.13:   8%|▊         | 4/50 [00:19<01:39,  2.15s/it]
Task 4, Epoch 5/50 => Loss 0.854, Train_accy 73.52, Test_accy 73.13:  10%|█         | 5/50 [00:19<04:07,  5.49s/it]
Task 4, Epoch 6/50 => Loss 0.749, Train_accy 77.12:  10%|█         | 5/50 [00:22<04:07,  5.49s/it]                 
Task 4, Epoch 6/50 => Loss 0.749, Train_accy 77.12:  12%|█▏        | 6/50 [00:22<03:10,  4.33s/it]
Task 4, Epoch 7/50 => Loss 0.690, Train_accy 79.66:  12%|█▏        | 6/50 [00:24<03:10,  4.33s/it]
Task 4, Epoch 7/50 => Loss 0.690, Train_accy 79.66:  14%|█▍        | 7/50 [00:24<02:34,  3.60s/it]
Task 4, Epoch 8/50 => Loss 0.496, Train_accy 85.59:  14%|█▍        | 7/50 [00:26<02:34,  3.60s/it]
Task 4, Epoch 8/50 => Loss 0.496, Train_accy 85.59:  16%|█▌        | 8/50 [00:26<02:10,  3.11s/it]
Task 4, Epoch 9/50 => Loss 0.518, Train_accy 84.11:  16%|█▌        | 8/50 [00:28<02:10,  3.11s/it]
Task 4, Epoch 9/50 => Loss 0.518, Train_accy 84.11:  18%|█▊        | 9/50 [00:28<01:56,  2.83s/it]
Task 4, Epoch 10/50 => Loss 0.382, Train_accy 87.92, Test_accy 73.49:  18%|█▊        | 9/50 [00:39<01:56,  2.83s/it]
Task 4, Epoch 10/50 => Loss 0.382, Train_accy 87.92, Test_accy 73.49:  20%|██        | 10/50 [00:39<03:38,  5.47s/it]
Task 4, Epoch 11/50 => Loss 0.399, Train_accy 88.56:  20%|██        | 10/50 [00:41<03:38,  5.47s/it]                 
Task 4, Epoch 11/50 => Loss 0.399, Train_accy 88.56:  22%|██▏       | 11/50 [00:41<02:52,  4.42s/it]
Task 4, Epoch 12/50 => Loss 0.313, Train_accy 90.89:  22%|██▏       | 11/50 [00:43<02:52,  4.42s/it]
Task 4, Epoch 12/50 => Loss 0.313, Train_accy 90.89:  24%|██▍       | 12/50 [00:43<02:20,  3.69s/it]
Task 4, Epoch 13/50 => Loss 0.283, Train_accy 91.31:  24%|██▍       | 12/50 [00:45<02:20,  3.69s/it]
Task 4, Epoch 13/50 => Loss 0.283, Train_accy 91.31:  26%|██▌       | 13/50 [00:45<01:58,  3.19s/it]
Task 4, Epoch 14/50 => Loss 0.335, Train_accy 88.14:  26%|██▌       | 13/50 [00:47<01:58,  3.19s/it]
Task 4, Epoch 14/50 => Loss 0.335, Train_accy 88.14:  28%|██▊       | 14/50 [00:47<01:42,  2.85s/it]
Task 4, Epoch 15/50 => Loss 0.255, Train_accy 93.22, Test_accy 73.80:  28%|██▊       | 14/50 [00:59<01:42,  2.85s/it]
Task 4, Epoch 15/50 => Loss 0.255, Train_accy 93.22, Test_accy 73.80:  30%|███       | 15/50 [00:59<03:09,  5.41s/it]
Task 4, Epoch 16/50 => Loss 0.277, Train_accy 92.37:  30%|███       | 15/50 [01:01<03:09,  5.41s/it]                 
Task 4, Epoch 16/50 => Loss 0.277, Train_accy 92.37:  32%|███▏      | 16/50 [01:01<02:29,  4.39s/it]
Task 4, Epoch 17/50 => Loss 0.249, Train_accy 92.80:  32%|███▏      | 16/50 [01:03<02:29,  4.39s/it]
Task 4, Epoch 17/50 => Loss 0.249, Train_accy 92.80:  34%|███▍      | 17/50 [01:03<02:02,  3.70s/it]
Task 4, Epoch 18/50 => Loss 0.291, Train_accy 91.10:  34%|███▍      | 17/50 [01:05<02:02,  3.70s/it]
Task 4, Epoch 18/50 => Loss 0.291, Train_accy 91.10:  36%|███▌      | 18/50 [01:05<01:42,  3.21s/it]
Task 4, Epoch 19/50 => Loss 0.231, Train_accy 94.28:  36%|███▌      | 18/50 [01:07<01:42,  3.21s/it]
Task 4, Epoch 19/50 => Loss 0.231, Train_accy 94.28:  38%|███▊      | 19/50 [01:07<01:28,  2.86s/it]
Task 4, Epoch 20/50 => Loss 0.247, Train_accy 92.37, Test_accy 73.98:  38%|███▊      | 19/50 [01:19<01:28,  2.86s/it]
Task 4, Epoch 20/50 => Loss 0.247, Train_accy 92.37, Test_accy 73.98:  40%|████      | 20/50 [01:19<02:44,  5.47s/it]
Task 4, Epoch 21/50 => Loss 0.246, Train_accy 92.16:  40%|████      | 20/50 [01:21<02:44,  5.47s/it]                 
Task 4, Epoch 21/50 => Loss 0.246, Train_accy 92.16:  42%|████▏     | 21/50 [01:21<02:09,  4.45s/it]
Task 4, Epoch 22/50 => Loss 0.207, Train_accy 93.64:  42%|████▏     | 21/50 [01:23<02:09,  4.45s/it]
Task 4, Epoch 22/50 => Loss 0.207, Train_accy 93.64:  44%|████▍     | 22/50 [01:23<01:44,  3.73s/it]
Task 4, Epoch 23/50 => Loss 0.274, Train_accy 92.58:  44%|████▍     | 22/50 [01:25<01:44,  3.73s/it]
Task 4, Epoch 23/50 => Loss 0.274, Train_accy 92.58:  46%|████▌     | 23/50 [01:25<01:26,  3.22s/it]
Task 4, Epoch 24/50 => Loss 0.208, Train_accy 93.86:  46%|████▌     | 23/50 [01:27<01:26,  3.22s/it]
Task 4, Epoch 24/50 => Loss 0.208, Train_accy 93.86:  48%|████▊     | 24/50 [01:27<01:14,  2.85s/it]
Task 4, Epoch 25/50 => Loss 0.257, Train_accy 92.37, Test_accy 74.10:  48%|████▊     | 24/50 [01:38<01:14,  2.85s/it]
Task 4, Epoch 25/50 => Loss 0.257, Train_accy 92.37, Test_accy 74.10:  50%|█████     | 25/50 [01:38<02:15,  5.42s/it]
Task 4, Epoch 26/50 => Loss 0.239, Train_accy 91.95:  50%|█████     | 25/50 [01:40<02:15,  5.42s/it]                 
Task 4, Epoch 26/50 => Loss 0.239, Train_accy 91.95:  52%|█████▏    | 26/50 [01:40<01:45,  4.42s/it]
Task 4, Epoch 27/50 => Loss 0.203, Train_accy 93.86:  52%|█████▏    | 26/50 [01:42<01:45,  4.42s/it]
Task 4, Epoch 27/50 => Loss 0.203, Train_accy 93.86:  54%|█████▍    | 27/50 [01:42<01:25,  3.71s/it]
Task 4, Epoch 28/50 => Loss 0.257, Train_accy 94.28:  54%|█████▍    | 27/50 [01:44<01:25,  3.71s/it]
Task 4, Epoch 28/50 => Loss 0.257, Train_accy 94.28:  56%|█████▌    | 28/50 [01:44<01:10,  3.21s/it]
Task 4, Epoch 29/50 => Loss 0.196, Train_accy 93.86:  56%|█████▌    | 28/50 [01:46<01:10,  3.21s/it]
Task 4, Epoch 29/50 => Loss 0.196, Train_accy 93.86:  58%|█████▊    | 29/50 [01:46<00:59,  2.85s/it]
Task 4, Epoch 30/50 => Loss 0.183, Train_accy 94.92, Test_accy 74.28:  58%|█████▊    | 29/50 [01:58<00:59,  2.85s/it]
Task 4, Epoch 30/50 => Loss 0.183, Train_accy 94.92, Test_accy 74.28:  60%|██████    | 30/50 [01:58<01:47,  5.40s/it]
Task 4, Epoch 31/50 => Loss 0.180, Train_accy 96.19:  60%|██████    | 30/50 [02:00<01:47,  5.40s/it]                 
Task 4, Epoch 31/50 => Loss 0.180, Train_accy 96.19:  62%|██████▏   | 31/50 [02:00<01:23,  4.40s/it]
Task 4, Epoch 32/50 => Loss 0.157, Train_accy 96.82:  62%|██████▏   | 31/50 [02:02<01:23,  4.40s/it]
Task 4, Epoch 32/50 => Loss 0.157, Train_accy 96.82:  64%|██████▍   | 32/50 [02:02<01:06,  3.70s/it]
Task 4, Epoch 33/50 => Loss 0.184, Train_accy 94.92:  64%|██████▍   | 32/50 [02:04<01:06,  3.70s/it]
Task 4, Epoch 33/50 => Loss 0.184, Train_accy 94.92:  66%|██████▌   | 33/50 [02:04<00:54,  3.21s/it]
Task 4, Epoch 34/50 => Loss 0.221, Train_accy 93.64:  66%|██████▌   | 33/50 [02:06<00:54,  3.21s/it]
Task 4, Epoch 34/50 => Loss 0.221, Train_accy 93.64:  68%|██████▊   | 34/50 [02:06<00:45,  2.86s/it]
Task 4, Epoch 35/50 => Loss 0.172, Train_accy 94.07, Test_accy 74.28:  68%|██████▊   | 34/50 [02:17<00:45,  2.86s/it]
Task 4, Epoch 35/50 => Loss 0.172, Train_accy 94.07, Test_accy 74.28:  70%|███████   | 35/50 [02:17<01:21,  5.41s/it]
Task 4, Epoch 36/50 => Loss 0.189, Train_accy 94.07:  70%|███████   | 35/50 [02:19<01:21,  5.41s/it]                 
Task 4, Epoch 36/50 => Loss 0.189, Train_accy 94.07:  72%|███████▏  | 36/50 [02:19<01:01,  4.40s/it]
Task 4, Epoch 37/50 => Loss 0.179, Train_accy 94.70:  72%|███████▏  | 36/50 [02:21<01:01,  4.40s/it]
Task 4, Epoch 37/50 => Loss 0.179, Train_accy 94.70:  74%|███████▍  | 37/50 [02:21<00:47,  3.69s/it]
Task 4, Epoch 38/50 => Loss 0.161, Train_accy 95.13:  74%|███████▍  | 37/50 [02:23<00:47,  3.69s/it]
Task 4, Epoch 38/50 => Loss 0.161, Train_accy 95.13:  76%|███████▌  | 38/50 [02:23<00:38,  3.19s/it]
Task 4, Epoch 39/50 => Loss 0.230, Train_accy 93.86:  76%|███████▌  | 38/50 [02:25<00:38,  3.19s/it]
Task 4, Epoch 39/50 => Loss 0.230, Train_accy 93.86:  78%|███████▊  | 39/50 [02:25<00:31,  2.84s/it]
Task 4, Epoch 40/50 => Loss 0.166, Train_accy 95.34, Test_accy 74.41:  78%|███████▊  | 39/50 [02:37<00:31,  2.84s/it]
Task 4, Epoch 40/50 => Loss 0.166, Train_accy 95.34, Test_accy 74.41:  80%|████████  | 40/50 [02:37<00:53,  5.38s/it]
Task 4, Epoch 41/50 => Loss 0.171, Train_accy 94.49:  80%|████████  | 40/50 [02:39<00:53,  5.38s/it]                 
Task 4, Epoch 41/50 => Loss 0.171, Train_accy 94.49:  82%|████████▏ | 41/50 [02:39<00:39,  4.37s/it]
Task 4, Epoch 42/50 => Loss 0.195, Train_accy 93.43:  82%|████████▏ | 41/50 [02:41<00:39,  4.37s/it]
Task 4, Epoch 42/50 => Loss 0.195, Train_accy 93.43:  84%|████████▍ | 42/50 [02:41<00:29,  3.68s/it]
Task 4, Epoch 43/50 => Loss 0.167, Train_accy 94.92:  84%|████████▍ | 42/50 [02:43<00:29,  3.68s/it]
Task 4, Epoch 43/50 => Loss 0.167, Train_accy 94.92:  86%|████████▌ | 43/50 [02:43<00:22,  3.19s/it]
Task 4, Epoch 44/50 => Loss 0.148, Train_accy 96.19:  86%|████████▌ | 43/50 [02:45<00:22,  3.19s/it]
Task 4, Epoch 44/50 => Loss 0.148, Train_accy 96.19:  88%|████████▊ | 44/50 [02:45<00:17,  2.84s/it]
Task 4, Epoch 45/50 => Loss 0.178, Train_accy 93.43, Test_accy 74.47:  88%|████████▊ | 44/50 [02:56<00:17,  2.84s/it]
Task 4, Epoch 45/50 => Loss 0.178, Train_accy 93.43, Test_accy 74.47:  90%|█████████ | 45/50 [02:56<00:26,  5.39s/it]
Task 4, Epoch 46/50 => Loss 0.169, Train_accy 95.13:  90%|█████████ | 45/50 [02:58<00:26,  5.39s/it]                 
Task 4, Epoch 46/50 => Loss 0.169, Train_accy 95.13:  92%|█████████▏| 46/50 [02:58<00:17,  4.38s/it]
Task 4, Epoch 47/50 => Loss 0.148, Train_accy 95.55:  92%|█████████▏| 46/50 [03:00<00:17,  4.38s/it]
Task 4, Epoch 47/50 => Loss 0.148, Train_accy 95.55:  94%|█████████▍| 47/50 [03:00<00:11,  3.69s/it]
Task 4, Epoch 48/50 => Loss 0.122, Train_accy 96.40:  94%|█████████▍| 47/50 [03:02<00:11,  3.69s/it]
Task 4, Epoch 48/50 => Loss 0.122, Train_accy 96.40:  96%|█████████▌| 48/50 [03:02<00:06,  3.20s/it]
Task 4, Epoch 49/50 => Loss 0.123, Train_accy 96.82:  96%|█████████▌| 48/50 [03:04<00:06,  3.20s/it]
Task 4, Epoch 49/50 => Loss 0.123, Train_accy 96.82:  98%|█████████▊| 49/50 [03:04<00:02,  2.86s/it]
Task 4, Epoch 50/50 => Loss 0.152, Train_accy 94.70, Test_accy 74.83:  98%|█████████▊| 49/50 [03:16<00:02,  2.86s/it]
Task 4, Epoch 50/50 => Loss 0.152, Train_accy 94.70, Test_accy 74.83: 100%|██████████| 50/50 [03:16<00:00,  5.41s/it]
Task 4, Epoch 50/50 => Loss 0.152, Train_accy 94.70, Test_accy 74.83: 100%|██████████| 50/50 [03:16<00:00,  3.93s/it]2025-02-06 16:21:17,245 [lae.py] => Task 4, Epoch 50/50 => Loss 0.152, Train_accy 94.70, Test_accy 74.83

2025-02-06 16:21:26,563 [trainer.py] => No NME accuracy.
2025-02-06 16:21:26,563 [trainer.py] => CNN: {'total': 74.83, '00-99': 91.33, '100-109': 40.0, '110-119': 23.01, '120-129': 40.19, '130-139': 23.73, 'old': 78.79, 'new': 23.73}
2025-02-06 16:21:26,563 [trainer.py] => CNN top1 curve: [91.33, 86.8, 81.71, 78.79, 74.83]
2025-02-06 16:21:26,563 [trainer.py] => CNN top5 curve: [99.24, 98.85, 98.59, 98.49, 97.99]

Average Accuracy (CNN): 82.69
2025-02-06 16:21:26,563 [trainer.py] => Average Accuracy (CNN): 82.69 

2025-02-06 16:21:26,564 [trainer.py] => All params: 85990856
2025-02-06 16:21:26,565 [trainer.py] => Trainable params: 149930
2025-02-06 16:21:26,567 [lae.py] => Learning on 140-150

  0%|          | 0/50 [00:00<?, ?it/s]
Task 5, Epoch 1/50 => Loss 3.045, Train_accy 11.95:   0%|          | 0/50 [00:02<?, ?it/s]
Task 5, Epoch 1/50 => Loss 3.045, Train_accy 11.95:   2%|▏         | 1/50 [00:02<01:43,  2.12s/it]
Task 5, Epoch 2/50 => Loss 2.174, Train_accy 30.53:   2%|▏         | 1/50 [00:04<01:43,  2.12s/it]
Task 5, Epoch 2/50 => Loss 2.174, Train_accy 30.53:   4%|▍         | 2/50 [00:04<01:38,  2.05s/it]
Task 5, Epoch 3/50 => Loss 1.518, Train_accy 56.64:   4%|▍         | 2/50 [00:06<01:38,  2.05s/it]
Task 5, Epoch 3/50 => Loss 1.518, Train_accy 56.64:   6%|▌         | 3/50 [00:06<01:34,  2.02s/it]
Task 5, Epoch 4/50 => Loss 1.143, Train_accy 64.16:   6%|▌         | 3/50 [00:08<01:34,  2.02s/it]
Task 5, Epoch 4/50 => Loss 1.143, Train_accy 64.16:   8%|▊         | 4/50 [00:08<01:32,  2.01s/it]
Task 5, Epoch 5/50 => Loss 0.762, Train_accy 76.55, Test_accy 69.95:   8%|▊         | 4/50 [00:20<01:32,  2.01s/it]
Task 5, Epoch 5/50 => Loss 0.762, Train_accy 76.55, Test_accy 69.95:  10%|█         | 5/50 [00:20<04:11,  5.59s/it]
Task 5, Epoch 6/50 => Loss 0.682, Train_accy 82.08:  10%|█         | 5/50 [00:22<04:11,  5.59s/it]                 
Task 5, Epoch 6/50 => Loss 0.682, Train_accy 82.08:  12%|█▏        | 6/50 [00:22<03:12,  4.37s/it]
Task 5, Epoch 7/50 => Loss 0.518, Train_accy 84.29:  12%|█▏        | 6/50 [00:24<03:12,  4.37s/it]
Task 5, Epoch 7/50 => Loss 0.518, Train_accy 84.29:  14%|█▍        | 7/50 [00:24<02:34,  3.59s/it]
Task 5, Epoch 8/50 => Loss 0.390, Train_accy 89.38:  14%|█▍        | 7/50 [00:25<02:34,  3.59s/it]
Task 5, Epoch 8/50 => Loss 0.390, Train_accy 89.38:  16%|█▌        | 8/50 [00:25<02:09,  3.08s/it]
Task 5, Epoch 9/50 => Loss 0.413, Train_accy 89.60:  16%|█▌        | 8/50 [00:28<02:09,  3.08s/it]
Task 5, Epoch 9/50 => Loss 0.413, Train_accy 89.60:  18%|█▊        | 9/50 [00:28<01:54,  2.80s/it]
Task 5, Epoch 10/50 => Loss 0.382, Train_accy 89.16, Test_accy 70.57:  18%|█▊        | 9/50 [00:40<01:54,  2.80s/it]
Task 5, Epoch 10/50 => Loss 0.382, Train_accy 89.16, Test_accy 70.57:  20%|██        | 10/50 [00:40<03:45,  5.64s/it]
Task 5, Epoch 11/50 => Loss 0.302, Train_accy 92.26:  20%|██        | 10/50 [00:42<03:45,  5.64s/it]                 
Task 5, Epoch 11/50 => Loss 0.302, Train_accy 92.26:  22%|██▏       | 11/50 [00:42<02:57,  4.55s/it]
Task 5, Epoch 12/50 => Loss 0.296, Train_accy 92.04:  22%|██▏       | 11/50 [00:44<02:57,  4.55s/it]
Task 5, Epoch 12/50 => Loss 0.296, Train_accy 92.04:  24%|██▍       | 12/50 [00:44<02:23,  3.78s/it]
Task 5, Epoch 13/50 => Loss 0.260, Train_accy 92.70:  24%|██▍       | 12/50 [00:46<02:23,  3.78s/it]
Task 5, Epoch 13/50 => Loss 0.260, Train_accy 92.70:  26%|██▌       | 13/50 [00:46<02:00,  3.24s/it]
Task 5, Epoch 14/50 => Loss 0.301, Train_accy 92.70:  26%|██▌       | 13/50 [00:48<02:00,  3.24s/it]
Task 5, Epoch 14/50 => Loss 0.301, Train_accy 92.70:  28%|██▊       | 14/50 [00:48<01:43,  2.88s/it]
Task 5, Epoch 15/50 => Loss 0.247, Train_accy 92.70, Test_accy 70.91:  28%|██▊       | 14/50 [01:00<01:43,  2.88s/it]
Task 5, Epoch 15/50 => Loss 0.247, Train_accy 92.70, Test_accy 70.91:  30%|███       | 15/50 [01:00<03:17,  5.65s/it]
Task 5, Epoch 16/50 => Loss 0.224, Train_accy 93.81:  30%|███       | 15/50 [01:02<03:17,  5.65s/it]                 
Task 5, Epoch 16/50 => Loss 0.224, Train_accy 93.81:  32%|███▏      | 16/50 [01:02<02:36,  4.59s/it]
Task 5, Epoch 17/50 => Loss 0.258, Train_accy 90.93:  32%|███▏      | 16/50 [01:04<02:36,  4.59s/it]
Task 5, Epoch 17/50 => Loss 0.258, Train_accy 90.93:  34%|███▍      | 17/50 [01:04<02:06,  3.82s/it]
Task 5, Epoch 18/50 => Loss 0.242, Train_accy 93.14:  34%|███▍      | 17/50 [01:06<02:06,  3.82s/it]
Task 5, Epoch 18/50 => Loss 0.242, Train_accy 93.14:  36%|███▌      | 18/50 [01:06<01:45,  3.29s/it]
Task 5, Epoch 19/50 => Loss 0.208, Train_accy 94.47:  36%|███▌      | 18/50 [01:08<01:45,  3.29s/it]
Task 5, Epoch 19/50 => Loss 0.208, Train_accy 94.47:  38%|███▊      | 19/50 [01:08<01:29,  2.90s/it]
Task 5, Epoch 20/50 => Loss 0.176, Train_accy 95.58, Test_accy 71.02:  38%|███▊      | 19/50 [01:20<01:29,  2.90s/it]
Task 5, Epoch 20/50 => Loss 0.176, Train_accy 95.58, Test_accy 71.02:  40%|████      | 20/50 [01:20<02:49,  5.64s/it]
Task 5, Epoch 21/50 => Loss 0.183, Train_accy 94.47:  40%|████      | 20/50 [01:22<02:49,  5.64s/it]                 
Task 5, Epoch 21/50 => Loss 0.183, Train_accy 94.47:  42%|████▏     | 21/50 [01:22<02:11,  4.54s/it]
Task 5, Epoch 22/50 => Loss 0.192, Train_accy 94.91:  42%|████▏     | 21/50 [01:24<02:11,  4.54s/it]
Task 5, Epoch 22/50 => Loss 0.192, Train_accy 94.91:  44%|████▍     | 22/50 [01:24<01:45,  3.78s/it]
Task 5, Epoch 23/50 => Loss 0.180, Train_accy 94.69:  44%|████▍     | 22/50 [01:26<01:45,  3.78s/it]
Task 5, Epoch 23/50 => Loss 0.180, Train_accy 94.69:  46%|████▌     | 23/50 [01:26<01:27,  3.25s/it]
Task 5, Epoch 24/50 => Loss 0.221, Train_accy 93.14:  46%|████▌     | 23/50 [01:28<01:27,  3.25s/it]
Task 5, Epoch 24/50 => Loss 0.221, Train_accy 93.14:  48%|████▊     | 24/50 [01:28<01:15,  2.90s/it]
Task 5, Epoch 25/50 => Loss 0.171, Train_accy 95.80, Test_accy 71.19:  48%|████▊     | 24/50 [01:40<01:15,  2.90s/it]
Task 5, Epoch 25/50 => Loss 0.171, Train_accy 95.80, Test_accy 71.19:  50%|█████     | 25/50 [01:40<02:19,  5.59s/it]
Task 5, Epoch 26/50 => Loss 0.211, Train_accy 94.03:  50%|█████     | 25/50 [01:42<02:19,  5.59s/it]                 
Task 5, Epoch 26/50 => Loss 0.211, Train_accy 94.03:  52%|█████▏    | 26/50 [01:42<01:48,  4.51s/it]
Task 5, Epoch 27/50 => Loss 0.161, Train_accy 95.13:  52%|█████▏    | 26/50 [01:44<01:48,  4.51s/it]
Task 5, Epoch 27/50 => Loss 0.161, Train_accy 95.13:  54%|█████▍    | 27/50 [01:44<01:26,  3.75s/it]
Task 5, Epoch 28/50 => Loss 0.193, Train_accy 94.91:  54%|█████▍    | 27/50 [01:46<01:26,  3.75s/it]
Task 5, Epoch 28/50 => Loss 0.193, Train_accy 94.91:  56%|█████▌    | 28/50 [01:46<01:11,  3.24s/it]
Task 5, Epoch 29/50 => Loss 0.194, Train_accy 94.03:  56%|█████▌    | 28/50 [01:48<01:11,  3.24s/it]
Task 5, Epoch 29/50 => Loss 0.194, Train_accy 94.03:  58%|█████▊    | 29/50 [01:48<01:00,  2.86s/it]
Task 5, Epoch 30/50 => Loss 0.217, Train_accy 93.81, Test_accy 71.36:  58%|█████▊    | 29/50 [02:00<01:00,  2.86s/it]
Task 5, Epoch 30/50 => Loss 0.217, Train_accy 93.81, Test_accy 71.36:  60%|██████    | 30/50 [02:00<01:51,  5.56s/it]
Task 5, Epoch 31/50 => Loss 0.161, Train_accy 96.24:  60%|██████    | 30/50 [02:02<01:51,  5.56s/it]                 
Task 5, Epoch 31/50 => Loss 0.161, Train_accy 96.24:  62%|██████▏   | 31/50 [02:02<01:25,  4.49s/it]
Task 5, Epoch 32/50 => Loss 0.144, Train_accy 95.35:  62%|██████▏   | 31/50 [02:04<01:25,  4.49s/it]
Task 5, Epoch 32/50 => Loss 0.144, Train_accy 95.35:  64%|██████▍   | 32/50 [02:04<01:07,  3.73s/it]
Task 5, Epoch 33/50 => Loss 0.189, Train_accy 93.81:  64%|██████▍   | 32/50 [02:06<01:07,  3.73s/it]
Task 5, Epoch 33/50 => Loss 0.189, Train_accy 93.81:  66%|██████▌   | 33/50 [02:06<00:54,  3.22s/it]
Task 5, Epoch 34/50 => Loss 0.134, Train_accy 95.80:  66%|██████▌   | 33/50 [02:08<00:54,  3.22s/it]
Task 5, Epoch 34/50 => Loss 0.134, Train_accy 95.80:  68%|██████▊   | 34/50 [02:08<00:45,  2.86s/it]
Task 5, Epoch 35/50 => Loss 0.140, Train_accy 96.02, Test_accy 71.42:  68%|██████▊   | 34/50 [02:20<00:45,  2.86s/it]
Task 5, Epoch 35/50 => Loss 0.140, Train_accy 96.02, Test_accy 71.42:  70%|███████   | 35/50 [02:20<01:23,  5.59s/it]
Task 5, Epoch 36/50 => Loss 0.114, Train_accy 97.12:  70%|███████   | 35/50 [02:22<01:23,  5.59s/it]                 
Task 5, Epoch 36/50 => Loss 0.114, Train_accy 97.12:  72%|███████▏  | 36/50 [02:22<01:03,  4.51s/it]
Task 5, Epoch 37/50 => Loss 0.141, Train_accy 95.58:  72%|███████▏  | 36/50 [02:24<01:03,  4.51s/it]
Task 5, Epoch 37/50 => Loss 0.141, Train_accy 95.58:  74%|███████▍  | 37/50 [02:24<00:48,  3.75s/it]
Task 5, Epoch 38/50 => Loss 0.163, Train_accy 94.25:  74%|███████▍  | 37/50 [02:26<00:48,  3.75s/it]
Task 5, Epoch 38/50 => Loss 0.163, Train_accy 94.25:  76%|███████▌  | 38/50 [02:26<00:39,  3.28s/it]
Task 5, Epoch 39/50 => Loss 0.134, Train_accy 95.58:  76%|███████▌  | 38/50 [02:28<00:39,  3.28s/it]
Task 5, Epoch 39/50 => Loss 0.134, Train_accy 95.58:  78%|███████▊  | 39/50 [02:28<00:31,  2.90s/it]
Task 5, Epoch 40/50 => Loss 0.138, Train_accy 95.13, Test_accy 71.42:  78%|███████▊  | 39/50 [02:40<00:31,  2.90s/it]
Task 5, Epoch 40/50 => Loss 0.138, Train_accy 95.13, Test_accy 71.42:  80%|████████  | 40/50 [02:40<00:56,  5.62s/it]
Task 5, Epoch 41/50 => Loss 0.112, Train_accy 96.68:  80%|████████  | 40/50 [02:42<00:56,  5.62s/it]                 
Task 5, Epoch 41/50 => Loss 0.112, Train_accy 96.68:  82%|████████▏ | 41/50 [02:42<00:40,  4.53s/it]
Task 5, Epoch 42/50 => Loss 0.118, Train_accy 96.46:  82%|████████▏ | 41/50 [02:44<00:40,  4.53s/it]
Task 5, Epoch 42/50 => Loss 0.118, Train_accy 96.46:  84%|████████▍ | 42/50 [02:44<00:30,  3.77s/it]
Task 5, Epoch 43/50 => Loss 0.125, Train_accy 96.46:  84%|████████▍ | 42/50 [02:46<00:30,  3.77s/it]
Task 5, Epoch 43/50 => Loss 0.125, Train_accy 96.46:  86%|████████▌ | 43/50 [02:46<00:22,  3.23s/it]
Task 5, Epoch 44/50 => Loss 0.141, Train_accy 95.13:  86%|████████▌ | 43/50 [02:48<00:22,  3.23s/it]
Task 5, Epoch 44/50 => Loss 0.141, Train_accy 95.13:  88%|████████▊ | 44/50 [02:48<00:17,  2.89s/it]
Task 5, Epoch 45/50 => Loss 0.126, Train_accy 96.24, Test_accy 71.42:  88%|████████▊ | 44/50 [03:00<00:17,  2.89s/it]
Task 5, Epoch 45/50 => Loss 0.126, Train_accy 96.24, Test_accy 71.42:  90%|█████████ | 45/50 [03:00<00:27,  5.58s/it]
Task 5, Epoch 46/50 => Loss 0.123, Train_accy 94.91:  90%|█████████ | 45/50 [03:02<00:27,  5.58s/it]                 
Task 5, Epoch 46/50 => Loss 0.123, Train_accy 94.91:  92%|█████████▏| 46/50 [03:02<00:18,  4.52s/it]
Task 5, Epoch 47/50 => Loss 0.127, Train_accy 96.02:  92%|█████████▏| 46/50 [03:04<00:18,  4.52s/it]
Task 5, Epoch 47/50 => Loss 0.127, Train_accy 96.02:  94%|█████████▍| 47/50 [03:04<00:11,  3.77s/it]
Task 5, Epoch 48/50 => Loss 0.115, Train_accy 96.24:  94%|█████████▍| 47/50 [03:06<00:11,  3.77s/it]
Task 5, Epoch 48/50 => Loss 0.115, Train_accy 96.24:  96%|█████████▌| 48/50 [03:06<00:06,  3.23s/it]
Task 5, Epoch 49/50 => Loss 0.113, Train_accy 97.12:  96%|█████████▌| 48/50 [03:08<00:06,  3.23s/it]
Task 5, Epoch 49/50 => Loss 0.113, Train_accy 97.12:  98%|█████████▊| 49/50 [03:08<00:02,  2.87s/it]
Task 5, Epoch 50/50 => Loss 0.109, Train_accy 96.68, Test_accy 71.53:  98%|█████████▊| 49/50 [03:20<00:02,  2.87s/it]
Task 5, Epoch 50/50 => Loss 0.109, Train_accy 96.68, Test_accy 71.53: 100%|██████████| 50/50 [03:20<00:00,  5.59s/it]
Task 5, Epoch 50/50 => Loss 0.109, Train_accy 96.68, Test_accy 71.53: 100%|██████████| 50/50 [03:20<00:00,  4.01s/it]2025-02-06 16:24:47,007 [lae.py] => Task 5, Epoch 50/50 => Loss 0.109, Train_accy 96.68, Test_accy 71.53

2025-02-06 16:24:56,979 [trainer.py] => No NME accuracy.
2025-02-06 16:24:56,980 [trainer.py] => CNN: {'total': 71.53, '00-99': 91.33, '100-109': 39.13, '110-119': 23.01, '120-129': 40.19, '130-139': 23.73, '140-149': 29.37, 'old': 74.77, 'new': 29.37}
2025-02-06 16:24:56,980 [trainer.py] => CNN top1 curve: [91.33, 86.8, 81.71, 78.79, 74.83, 71.53]
2025-02-06 16:24:56,980 [trainer.py] => CNN top5 curve: [99.24, 98.85, 98.59, 98.49, 97.99, 97.62]

Average Accuracy (CNN): 80.83
2025-02-06 16:24:56,980 [trainer.py] => Average Accuracy (CNN): 80.83 

2025-02-06 16:24:56,981 [trainer.py] => All params: 85998546
2025-02-06 16:24:56,982 [trainer.py] => Trainable params: 157620
2025-02-06 16:24:56,985 [lae.py] => Learning on 150-160

  0%|          | 0/50 [00:00<?, ?it/s]
Task 6, Epoch 1/50 => Loss 2.732, Train_accy 16.88:   0%|          | 0/50 [00:02<?, ?it/s]
Task 6, Epoch 1/50 => Loss 2.732, Train_accy 16.88:   2%|▏         | 1/50 [00:02<01:40,  2.05s/it]
Task 6, Epoch 2/50 => Loss 1.927, Train_accy 39.53:   2%|▏         | 1/50 [00:04<01:40,  2.05s/it]
Task 6, Epoch 2/50 => Loss 1.927, Train_accy 39.53:   4%|▍         | 2/50 [00:04<01:38,  2.05s/it]
Task 6, Epoch 3/50 => Loss 1.364, Train_accy 57.91:   4%|▍         | 2/50 [00:06<01:38,  2.05s/it]
Task 6, Epoch 3/50 => Loss 1.364, Train_accy 57.91:   6%|▌         | 3/50 [00:06<01:36,  2.05s/it]
Task 6, Epoch 4/50 => Loss 0.991, Train_accy 73.93:   6%|▌         | 3/50 [00:08<01:36,  2.05s/it]
Task 6, Epoch 4/50 => Loss 0.991, Train_accy 73.93:   8%|▊         | 4/50 [00:08<01:34,  2.04s/it]
Task 6, Epoch 5/50 => Loss 0.726, Train_accy 80.13, Test_accy 66.90:   8%|▊         | 4/50 [00:20<01:34,  2.04s/it]
Task 6, Epoch 5/50 => Loss 0.726, Train_accy 80.13, Test_accy 66.90:  10%|█         | 5/50 [00:20<04:22,  5.83s/it]
Task 6, Epoch 6/50 => Loss 0.571, Train_accy 87.61:  10%|█         | 5/50 [00:22<04:22,  5.83s/it]                 
Task 6, Epoch 6/50 => Loss 0.571, Train_accy 87.61:  12%|█▏        | 6/50 [00:22<03:20,  4.55s/it]
Task 6, Epoch 7/50 => Loss 0.417, Train_accy 89.32:  12%|█▏        | 6/50 [00:24<03:20,  4.55s/it]
Task 6, Epoch 7/50 => Loss 0.417, Train_accy 89.32:  14%|█▍        | 7/50 [00:24<02:40,  3.72s/it]
Task 6, Epoch 8/50 => Loss 0.468, Train_accy 88.03:  14%|█▍        | 7/50 [00:26<02:40,  3.72s/it]
Task 6, Epoch 8/50 => Loss 0.468, Train_accy 88.03:  16%|█▌        | 8/50 [00:26<02:14,  3.21s/it]
Task 6, Epoch 9/50 => Loss 0.421, Train_accy 88.03:  16%|█▌        | 8/50 [00:28<02:14,  3.21s/it]
Task 6, Epoch 9/50 => Loss 0.421, Train_accy 88.03:  18%|█▊        | 9/50 [00:28<01:56,  2.84s/it]
Task 6, Epoch 10/50 => Loss 0.299, Train_accy 91.88, Test_accy 67.21:  18%|█▊        | 9/50 [00:41<01:56,  2.84s/it]
Task 6, Epoch 10/50 => Loss 0.299, Train_accy 91.88, Test_accy 67.21:  20%|██        | 10/50 [00:41<03:52,  5.82s/it]
Task 6, Epoch 11/50 => Loss 0.323, Train_accy 90.60:  20%|██        | 10/50 [00:43<03:52,  5.82s/it]                 
Task 6, Epoch 11/50 => Loss 0.323, Train_accy 90.60:  22%|██▏       | 11/50 [00:43<03:02,  4.68s/it]
Task 6, Epoch 12/50 => Loss 0.312, Train_accy 90.81:  22%|██▏       | 11/50 [00:45<03:02,  4.68s/it]
Task 6, Epoch 12/50 => Loss 0.312, Train_accy 90.81:  24%|██▍       | 12/50 [00:45<02:27,  3.88s/it]
Task 6, Epoch 13/50 => Loss 0.265, Train_accy 92.09:  24%|██▍       | 12/50 [00:47<02:27,  3.88s/it]
Task 6, Epoch 13/50 => Loss 0.265, Train_accy 92.09:  26%|██▌       | 13/50 [00:47<02:04,  3.36s/it]
Task 6, Epoch 14/50 => Loss 0.223, Train_accy 94.02:  26%|██▌       | 13/50 [00:49<02:04,  3.36s/it]
Task 6, Epoch 14/50 => Loss 0.223, Train_accy 94.02:  28%|██▊       | 14/50 [00:49<01:46,  2.97s/it]
Task 6, Epoch 15/50 => Loss 0.273, Train_accy 92.31, Test_accy 67.69:  28%|██▊       | 14/50 [01:02<01:46,  2.97s/it]
Task 6, Epoch 15/50 => Loss 0.273, Train_accy 92.31, Test_accy 67.69:  30%|███       | 15/50 [01:02<03:25,  5.87s/it]
Task 6, Epoch 16/50 => Loss 0.184, Train_accy 94.87:  30%|███       | 15/50 [01:04<03:25,  5.87s/it]                 
Task 6, Epoch 16/50 => Loss 0.184, Train_accy 94.87:  32%|███▏      | 16/50 [01:04<02:40,  4.72s/it]
Task 6, Epoch 17/50 => Loss 0.269, Train_accy 92.52:  32%|███▏      | 16/50 [01:06<02:40,  4.72s/it]
Task 6, Epoch 17/50 => Loss 0.269, Train_accy 92.52:  34%|███▍      | 17/50 [01:06<02:09,  3.92s/it]
Task 6, Epoch 18/50 => Loss 0.229, Train_accy 93.59:  34%|███▍      | 17/50 [01:08<02:09,  3.92s/it]
Task 6, Epoch 18/50 => Loss 0.229, Train_accy 93.59:  36%|███▌      | 18/50 [01:08<01:47,  3.35s/it]
Task 6, Epoch 19/50 => Loss 0.259, Train_accy 92.74:  36%|███▌      | 18/50 [01:10<01:47,  3.35s/it]
Task 6, Epoch 19/50 => Loss 0.259, Train_accy 92.74:  38%|███▊      | 19/50 [01:10<01:31,  2.97s/it]
Task 6, Epoch 20/50 => Loss 0.283, Train_accy 92.74, Test_accy 68.06:  38%|███▊      | 19/50 [01:23<01:31,  2.97s/it]
Task 6, Epoch 20/50 => Loss 0.283, Train_accy 92.74, Test_accy 68.06:  40%|████      | 20/50 [01:23<02:55,  5.86s/it]
Task 6, Epoch 21/50 => Loss 0.208, Train_accy 93.80:  40%|████      | 20/50 [01:25<02:55,  5.86s/it]                 
Task 6, Epoch 21/50 => Loss 0.208, Train_accy 93.80:  42%|████▏     | 21/50 [01:25<02:16,  4.72s/it]
Task 6, Epoch 22/50 => Loss 0.217, Train_accy 92.74:  42%|████▏     | 21/50 [01:27<02:16,  4.72s/it]
Task 6, Epoch 22/50 => Loss 0.217, Train_accy 92.74:  44%|████▍     | 22/50 [01:27<01:49,  3.92s/it]
Task 6, Epoch 23/50 => Loss 0.183, Train_accy 95.30:  44%|████▍     | 22/50 [01:29<01:49,  3.92s/it]
Task 6, Epoch 23/50 => Loss 0.183, Train_accy 95.30:  46%|████▌     | 23/50 [01:29<01:32,  3.42s/it]
Task 6, Epoch 24/50 => Loss 0.159, Train_accy 95.30:  46%|████▌     | 23/50 [01:31<01:32,  3.42s/it]
Task 6, Epoch 24/50 => Loss 0.159, Train_accy 95.30:  48%|████▊     | 24/50 [01:31<01:17,  3.00s/it]
Task 6, Epoch 25/50 => Loss 0.170, Train_accy 94.44, Test_accy 68.22:  48%|████▊     | 24/50 [01:44<01:17,  3.00s/it]
Task 6, Epoch 25/50 => Loss 0.170, Train_accy 94.44, Test_accy 68.22:  50%|█████     | 25/50 [01:44<02:26,  5.85s/it]
Task 6, Epoch 26/50 => Loss 0.165, Train_accy 94.66:  50%|█████     | 25/50 [01:46<02:26,  5.85s/it]                 
Task 6, Epoch 26/50 => Loss 0.165, Train_accy 94.66:  52%|█████▏    | 26/50 [01:46<01:52,  4.70s/it]
Task 6, Epoch 27/50 => Loss 0.149, Train_accy 95.09:  52%|█████▏    | 26/50 [01:48<01:52,  4.70s/it]
Task 6, Epoch 27/50 => Loss 0.149, Train_accy 95.09:  54%|█████▍    | 27/50 [01:48<01:29,  3.90s/it]
Task 6, Epoch 28/50 => Loss 0.170, Train_accy 94.44:  54%|█████▍    | 27/50 [01:50<01:29,  3.90s/it]
Task 6, Epoch 28/50 => Loss 0.170, Train_accy 94.44:  56%|█████▌    | 28/50 [01:50<01:13,  3.34s/it]
Task 6, Epoch 29/50 => Loss 0.184, Train_accy 94.87:  56%|█████▌    | 28/50 [01:52<01:13,  3.34s/it]
Task 6, Epoch 29/50 => Loss 0.184, Train_accy 94.87:  58%|█████▊    | 29/50 [01:52<01:01,  2.94s/it]
Task 6, Epoch 30/50 => Loss 0.157, Train_accy 95.73, Test_accy 68.59:  58%|█████▊    | 29/50 [02:04<01:01,  2.94s/it]
Task 6, Epoch 30/50 => Loss 0.157, Train_accy 95.73, Test_accy 68.59:  60%|██████    | 30/50 [02:04<01:56,  5.83s/it]
Task 6, Epoch 31/50 => Loss 0.190, Train_accy 94.66:  60%|██████    | 30/50 [02:06<01:56,  5.83s/it]                 
Task 6, Epoch 31/50 => Loss 0.190, Train_accy 94.66:  62%|██████▏   | 31/50 [02:06<01:29,  4.70s/it]
Task 6, Epoch 32/50 => Loss 0.133, Train_accy 95.51:  62%|██████▏   | 31/50 [02:08<01:29,  4.70s/it]
Task 6, Epoch 32/50 => Loss 0.133, Train_accy 95.51:  64%|██████▍   | 32/50 [02:08<01:10,  3.91s/it]
Task 6, Epoch 33/50 => Loss 0.186, Train_accy 94.66:  64%|██████▍   | 32/50 [02:10<01:10,  3.91s/it]
Task 6, Epoch 33/50 => Loss 0.186, Train_accy 94.66:  66%|██████▌   | 33/50 [02:10<00:56,  3.35s/it]
Task 6, Epoch 34/50 => Loss 0.173, Train_accy 94.23:  66%|██████▌   | 33/50 [02:12<00:56,  3.35s/it]
Task 6, Epoch 34/50 => Loss 0.173, Train_accy 94.23:  68%|██████▊   | 34/50 [02:12<00:47,  2.96s/it]
Task 6, Epoch 35/50 => Loss 0.134, Train_accy 95.51, Test_accy 68.80:  68%|██████▊   | 34/50 [02:25<00:47,  2.96s/it]
Task 6, Epoch 35/50 => Loss 0.134, Train_accy 95.51, Test_accy 68.80:  70%|███████   | 35/50 [02:25<01:27,  5.83s/it]
Task 6, Epoch 36/50 => Loss 0.166, Train_accy 95.73:  70%|███████   | 35/50 [02:27<01:27,  5.83s/it]                 
Task 6, Epoch 36/50 => Loss 0.166, Train_accy 95.73:  72%|███████▏  | 36/50 [02:27<01:05,  4.70s/it]
Task 6, Epoch 37/50 => Loss 0.153, Train_accy 95.51:  72%|███████▏  | 36/50 [02:29<01:05,  4.70s/it]
Task 6, Epoch 37/50 => Loss 0.153, Train_accy 95.51:  74%|███████▍  | 37/50 [02:29<00:50,  3.90s/it]
Task 6, Epoch 38/50 => Loss 0.165, Train_accy 94.23:  74%|███████▍  | 37/50 [02:31<00:50,  3.90s/it]
Task 6, Epoch 38/50 => Loss 0.165, Train_accy 94.23:  76%|███████▌  | 38/50 [02:31<00:40,  3.35s/it]
Task 6, Epoch 39/50 => Loss 0.148, Train_accy 96.15:  76%|███████▌  | 38/50 [02:33<00:40,  3.35s/it]
Task 6, Epoch 39/50 => Loss 0.148, Train_accy 96.15:  78%|███████▊  | 39/50 [02:33<00:32,  2.95s/it]
Task 6, Epoch 40/50 => Loss 0.158, Train_accy 94.23, Test_accy 68.85:  78%|███████▊  | 39/50 [02:46<00:32,  2.95s/it]
Task 6, Epoch 40/50 => Loss 0.158, Train_accy 94.23, Test_accy 68.85:  80%|████████  | 40/50 [02:46<00:58,  5.86s/it]
Task 6, Epoch 41/50 => Loss 0.189, Train_accy 93.80:  80%|████████  | 40/50 [02:48<00:58,  5.86s/it]                 
Task 6, Epoch 41/50 => Loss 0.189, Train_accy 93.80:  82%|████████▏ | 41/50 [02:48<00:42,  4.72s/it]
Task 6, Epoch 42/50 => Loss 0.135, Train_accy 95.09:  82%|████████▏ | 41/50 [02:50<00:42,  4.72s/it]
Task 6, Epoch 42/50 => Loss 0.135, Train_accy 95.09:  84%|████████▍ | 42/50 [02:50<00:31,  3.93s/it]
Task 6, Epoch 43/50 => Loss 0.130, Train_accy 96.58:  84%|████████▍ | 42/50 [02:52<00:31,  3.93s/it]
Task 6, Epoch 43/50 => Loss 0.130, Train_accy 96.58:  86%|████████▌ | 43/50 [02:52<00:23,  3.36s/it]
Task 6, Epoch 44/50 => Loss 0.127, Train_accy 96.15:  86%|████████▌ | 43/50 [02:54<00:23,  3.36s/it]
Task 6, Epoch 44/50 => Loss 0.127, Train_accy 96.15:  88%|████████▊ | 44/50 [02:54<00:17,  2.96s/it]
Task 6, Epoch 45/50 => Loss 0.168, Train_accy 94.44, Test_accy 69.22:  88%|████████▊ | 44/50 [03:07<00:17,  2.96s/it]
Task 6, Epoch 45/50 => Loss 0.168, Train_accy 94.44, Test_accy 69.22:  90%|█████████ | 45/50 [03:07<00:29,  5.86s/it]
Task 6, Epoch 46/50 => Loss 0.150, Train_accy 95.09:  90%|█████████ | 45/50 [03:09<00:29,  5.86s/it]                 
Task 6, Epoch 46/50 => Loss 0.150, Train_accy 95.09:  92%|█████████▏| 46/50 [03:09<00:18,  4.71s/it]
Task 6, Epoch 47/50 => Loss 0.154, Train_accy 95.51:  92%|█████████▏| 46/50 [03:11<00:18,  4.71s/it]
Task 6, Epoch 47/50 => Loss 0.154, Train_accy 95.51:  94%|█████████▍| 47/50 [03:11<00:11,  3.91s/it]
Task 6, Epoch 48/50 => Loss 0.165, Train_accy 94.23:  94%|█████████▍| 47/50 [03:13<00:11,  3.91s/it]
Task 6, Epoch 48/50 => Loss 0.165, Train_accy 94.23:  96%|█████████▌| 48/50 [03:13<00:06,  3.35s/it]
Task 6, Epoch 49/50 => Loss 0.137, Train_accy 95.09:  96%|█████████▌| 48/50 [03:15<00:06,  3.35s/it]
Task 6, Epoch 49/50 => Loss 0.137, Train_accy 95.09:  98%|█████████▊| 49/50 [03:15<00:02,  2.96s/it]
Task 6, Epoch 50/50 => Loss 0.143, Train_accy 96.37, Test_accy 69.28:  98%|█████████▊| 49/50 [03:27<00:02,  2.96s/it]
Task 6, Epoch 50/50 => Loss 0.143, Train_accy 96.37, Test_accy 69.28: 100%|██████████| 50/50 [03:27<00:00,  5.84s/it]
Task 6, Epoch 50/50 => Loss 0.143, Train_accy 96.37, Test_accy 69.28: 100%|██████████| 50/50 [03:27<00:00,  4.16s/it]2025-02-06 16:28:24,926 [lae.py] => Task 6, Epoch 50/50 => Loss 0.143, Train_accy 96.37, Test_accy 69.28

2025-02-06 16:28:35,537 [trainer.py] => No NME accuracy.
2025-02-06 16:28:35,537 [trainer.py] => CNN: {'total': 69.28, '00-99': 91.16, '100-109': 39.13, '110-119': 23.01, '120-129': 39.25, '130-139': 23.73, '140-149': 28.57, '150-159': 40.32, 'old': 71.31, 'new': 40.32}
2025-02-06 16:28:35,537 [trainer.py] => CNN top1 curve: [91.33, 86.8, 81.71, 78.79, 74.83, 71.53, 69.28]
2025-02-06 16:28:35,538 [trainer.py] => CNN top5 curve: [99.24, 98.85, 98.59, 98.49, 97.99, 97.62, 97.41]

Average Accuracy (CNN): 79.18
2025-02-06 16:28:35,538 [trainer.py] => Average Accuracy (CNN): 79.18 

2025-02-06 16:28:35,539 [trainer.py] => All params: 86006236
2025-02-06 16:28:35,540 [trainer.py] => Trainable params: 165310
2025-02-06 16:28:35,542 [lae.py] => Learning on 160-170

  0%|          | 0/50 [00:00<?, ?it/s]
Task 7, Epoch 1/50 => Loss 3.085, Train_accy 13.58:   0%|          | 0/50 [00:02<?, ?it/s]
Task 7, Epoch 1/50 => Loss 3.085, Train_accy 13.58:   2%|▏         | 1/50 [00:02<01:44,  2.13s/it]
Task 7, Epoch 2/50 => Loss 2.128, Train_accy 28.45:   2%|▏         | 1/50 [00:04<01:44,  2.13s/it]
Task 7, Epoch 2/50 => Loss 2.128, Train_accy 28.45:   4%|▍         | 2/50 [00:04<01:42,  2.13s/it]
Task 7, Epoch 3/50 => Loss 1.415, Train_accy 54.74:   4%|▍         | 2/50 [00:06<01:42,  2.13s/it]
Task 7, Epoch 3/50 => Loss 1.415, Train_accy 54.74:   6%|▌         | 3/50 [00:06<01:38,  2.09s/it]
Task 7, Epoch 4/50 => Loss 0.995, Train_accy 73.49:   6%|▌         | 3/50 [00:08<01:38,  2.09s/it]
Task 7, Epoch 4/50 => Loss 0.995, Train_accy 73.49:   8%|▊         | 4/50 [00:08<01:35,  2.07s/it]
Task 7, Epoch 5/50 => Loss 0.726, Train_accy 81.47, Test_accy 65.14:   8%|▊         | 4/50 [00:21<01:35,  2.07s/it]
Task 7, Epoch 5/50 => Loss 0.726, Train_accy 81.47, Test_accy 65.14:  10%|█         | 5/50 [00:21<04:35,  6.12s/it]
Task 7, Epoch 6/50 => Loss 0.556, Train_accy 86.85:  10%|█         | 5/50 [00:23<04:35,  6.12s/it]                 
Task 7, Epoch 6/50 => Loss 0.556, Train_accy 86.85:  12%|█▏        | 6/50 [00:23<03:28,  4.74s/it]
Task 7, Epoch 7/50 => Loss 0.352, Train_accy 92.89:  12%|█▏        | 6/50 [00:25<03:28,  4.74s/it]
Task 7, Epoch 7/50 => Loss 0.352, Train_accy 92.89:  14%|█▍        | 7/50 [00:25<02:45,  3.86s/it]
Task 7, Epoch 8/50 => Loss 0.334, Train_accy 91.16:  14%|█▍        | 7/50 [00:27<02:45,  3.86s/it]
Task 7, Epoch 8/50 => Loss 0.334, Train_accy 91.16:  16%|█▌        | 8/50 [00:27<02:17,  3.28s/it]
Task 7, Epoch 9/50 => Loss 0.321, Train_accy 92.24:  16%|█▌        | 8/50 [00:29<02:17,  3.28s/it]
Task 7, Epoch 9/50 => Loss 0.321, Train_accy 92.24:  18%|█▊        | 9/50 [00:29<01:58,  2.89s/it]
Task 7, Epoch 10/50 => Loss 0.246, Train_accy 92.89, Test_accy 65.78:  18%|█▊        | 9/50 [00:43<01:58,  2.89s/it]
Task 7, Epoch 10/50 => Loss 0.246, Train_accy 92.89, Test_accy 65.78:  20%|██        | 10/50 [00:43<04:04,  6.11s/it]
Task 7, Epoch 11/50 => Loss 0.247, Train_accy 93.53:  20%|██        | 10/50 [00:45<04:04,  6.11s/it]                 
Task 7, Epoch 11/50 => Loss 0.247, Train_accy 93.53:  22%|██▏       | 11/50 [00:45<03:10,  4.88s/it]
Task 7, Epoch 12/50 => Loss 0.208, Train_accy 94.40:  22%|██▏       | 11/50 [00:47<03:10,  4.88s/it]
Task 7, Epoch 12/50 => Loss 0.208, Train_accy 94.40:  24%|██▍       | 12/50 [00:47<02:33,  4.04s/it]
Task 7, Epoch 13/50 => Loss 0.269, Train_accy 92.03:  24%|██▍       | 12/50 [00:49<02:33,  4.04s/it]
Task 7, Epoch 13/50 => Loss 0.269, Train_accy 92.03:  26%|██▌       | 13/50 [00:49<02:06,  3.43s/it]
Task 7, Epoch 14/50 => Loss 0.193, Train_accy 94.61:  26%|██▌       | 13/50 [00:51<02:06,  3.43s/it]
Task 7, Epoch 14/50 => Loss 0.193, Train_accy 94.61:  28%|██▊       | 14/50 [00:51<01:48,  3.01s/it]
Task 7, Epoch 15/50 => Loss 0.221, Train_accy 94.18, Test_accy 66.27:  28%|██▊       | 14/50 [01:04<01:48,  3.01s/it]
Task 7, Epoch 15/50 => Loss 0.221, Train_accy 94.18, Test_accy 66.27:  30%|███       | 15/50 [01:04<03:35,  6.15s/it]
Task 7, Epoch 16/50 => Loss 0.254, Train_accy 92.46:  30%|███       | 15/50 [01:06<03:35,  6.15s/it]                 
Task 7, Epoch 16/50 => Loss 0.254, Train_accy 92.46:  32%|███▏      | 16/50 [01:06<02:46,  4.91s/it]
Task 7, Epoch 17/50 => Loss 0.200, Train_accy 94.61:  32%|███▏      | 16/50 [01:08<02:46,  4.91s/it]
Task 7, Epoch 17/50 => Loss 0.200, Train_accy 94.61:  34%|███▍      | 17/50 [01:08<02:13,  4.06s/it]
Task 7, Epoch 18/50 => Loss 0.206, Train_accy 93.75:  34%|███▍      | 17/50 [01:11<02:13,  4.06s/it]
Task 7, Epoch 18/50 => Loss 0.206, Train_accy 93.75:  36%|███▌      | 18/50 [01:11<01:50,  3.46s/it]
Task 7, Epoch 19/50 => Loss 0.200, Train_accy 94.18:  36%|███▌      | 18/50 [01:13<01:50,  3.46s/it]
Task 7, Epoch 19/50 => Loss 0.200, Train_accy 94.18:  38%|███▊      | 19/50 [01:13<01:34,  3.04s/it]
Task 7, Epoch 20/50 => Loss 0.196, Train_accy 95.26, Test_accy 66.67:  38%|███▊      | 19/50 [01:26<01:34,  3.04s/it]
Task 7, Epoch 20/50 => Loss 0.196, Train_accy 95.26, Test_accy 66.67:  40%|████      | 20/50 [01:26<03:03,  6.13s/it]
Task 7, Epoch 21/50 => Loss 0.217, Train_accy 93.75:  40%|████      | 20/50 [01:28<03:03,  6.13s/it]                 
Task 7, Epoch 21/50 => Loss 0.217, Train_accy 93.75:  42%|████▏     | 21/50 [01:28<02:22,  4.91s/it]
Task 7, Epoch 22/50 => Loss 0.164, Train_accy 95.69:  42%|████▏     | 21/50 [01:30<02:22,  4.91s/it]
Task 7, Epoch 22/50 => Loss 0.164, Train_accy 95.69:  44%|████▍     | 22/50 [01:30<01:55,  4.12s/it]
Task 7, Epoch 23/50 => Loss 0.166, Train_accy 95.04:  44%|████▍     | 22/50 [01:33<01:55,  4.12s/it]
Task 7, Epoch 23/50 => Loss 0.166, Train_accy 95.04:  46%|████▌     | 23/50 [01:33<01:36,  3.56s/it]
Task 7, Epoch 24/50 => Loss 0.168, Train_accy 95.26:  46%|████▌     | 23/50 [01:35<01:36,  3.56s/it]
Task 7, Epoch 24/50 => Loss 0.168, Train_accy 95.26:  48%|████▊     | 24/50 [01:35<01:21,  3.15s/it]
Task 7, Epoch 25/50 => Loss 0.159, Train_accy 96.34, Test_accy 66.77:  48%|████▊     | 24/50 [01:48<01:21,  3.15s/it]
Task 7, Epoch 25/50 => Loss 0.159, Train_accy 96.34, Test_accy 66.77:  50%|█████     | 25/50 [01:48<02:35,  6.24s/it]
Task 7, Epoch 26/50 => Loss 0.125, Train_accy 96.34:  50%|█████     | 25/50 [01:50<02:35,  6.24s/it]                 
Task 7, Epoch 26/50 => Loss 0.125, Train_accy 96.34:  52%|█████▏    | 26/50 [01:50<01:59,  5.00s/it]
Task 7, Epoch 27/50 => Loss 0.105, Train_accy 96.34:  52%|█████▏    | 26/50 [01:52<01:59,  5.00s/it]
Task 7, Epoch 27/50 => Loss 0.105, Train_accy 96.34:  54%|█████▍    | 27/50 [01:52<01:34,  4.11s/it]
Task 7, Epoch 28/50 => Loss 0.175, Train_accy 93.97:  54%|█████▍    | 27/50 [01:54<01:34,  4.11s/it]
Task 7, Epoch 28/50 => Loss 0.175, Train_accy 93.97:  56%|█████▌    | 28/50 [01:54<01:17,  3.51s/it]
Task 7, Epoch 29/50 => Loss 0.168, Train_accy 95.26:  56%|█████▌    | 28/50 [01:56<01:17,  3.51s/it]
Task 7, Epoch 29/50 => Loss 0.168, Train_accy 95.26:  58%|█████▊    | 29/50 [01:56<01:04,  3.07s/it]
Task 7, Epoch 30/50 => Loss 0.121, Train_accy 96.77, Test_accy 67.11:  58%|█████▊    | 29/50 [02:10<01:04,  3.07s/it]
Task 7, Epoch 30/50 => Loss 0.121, Train_accy 96.77, Test_accy 67.11:  60%|██████    | 30/50 [02:10<02:02,  6.15s/it]
Task 7, Epoch 31/50 => Loss 0.119, Train_accy 96.34:  60%|██████    | 30/50 [02:12<02:02,  6.15s/it]                 
Task 7, Epoch 31/50 => Loss 0.119, Train_accy 96.34:  62%|██████▏   | 31/50 [02:12<01:33,  4.92s/it]
Task 7, Epoch 32/50 => Loss 0.161, Train_accy 95.69:  62%|██████▏   | 31/50 [02:14<01:33,  4.92s/it]
Task 7, Epoch 32/50 => Loss 0.161, Train_accy 95.69:  64%|██████▍   | 32/50 [02:14<01:13,  4.10s/it]
Task 7, Epoch 33/50 => Loss 0.114, Train_accy 96.12:  64%|██████▍   | 32/50 [02:16<01:13,  4.10s/it]
Task 7, Epoch 33/50 => Loss 0.114, Train_accy 96.12:  66%|██████▌   | 33/50 [02:16<00:59,  3.49s/it]
Task 7, Epoch 34/50 => Loss 0.185, Train_accy 94.40:  66%|██████▌   | 33/50 [02:18<00:59,  3.49s/it]
Task 7, Epoch 34/50 => Loss 0.185, Train_accy 94.40:  68%|██████▊   | 34/50 [02:18<00:48,  3.06s/it]
Task 7, Epoch 35/50 => Loss 0.132, Train_accy 96.12, Test_accy 67.11:  68%|██████▊   | 34/50 [02:32<00:48,  3.06s/it]
Task 7, Epoch 35/50 => Loss 0.132, Train_accy 96.12, Test_accy 67.11:  70%|███████   | 35/50 [02:32<01:32,  6.17s/it]
Task 7, Epoch 36/50 => Loss 0.127, Train_accy 96.77:  70%|███████   | 35/50 [02:34<01:32,  6.17s/it]                 
Task 7, Epoch 36/50 => Loss 0.127, Train_accy 96.77:  72%|███████▏  | 36/50 [02:34<01:09,  4.95s/it]
Task 7, Epoch 37/50 => Loss 0.182, Train_accy 94.61:  72%|███████▏  | 36/50 [02:36<01:09,  4.95s/it]
Task 7, Epoch 37/50 => Loss 0.182, Train_accy 94.61:  74%|███████▍  | 37/50 [02:36<00:53,  4.08s/it]
Task 7, Epoch 38/50 => Loss 0.137, Train_accy 96.55:  74%|███████▍  | 37/50 [02:38<00:53,  4.08s/it]
Task 7, Epoch 38/50 => Loss 0.137, Train_accy 96.55:  76%|███████▌  | 38/50 [02:38<00:41,  3.48s/it]
Task 7, Epoch 39/50 => Loss 0.148, Train_accy 95.26:  76%|███████▌  | 38/50 [02:40<00:41,  3.48s/it]
Task 7, Epoch 39/50 => Loss 0.148, Train_accy 95.26:  78%|███████▊  | 39/50 [02:40<00:33,  3.05s/it]
Task 7, Epoch 40/50 => Loss 0.111, Train_accy 96.55, Test_accy 67.36:  78%|███████▊  | 39/50 [02:53<00:33,  3.05s/it]
Task 7, Epoch 40/50 => Loss 0.111, Train_accy 96.55, Test_accy 67.36:  80%|████████  | 40/50 [02:53<01:01,  6.15s/it]
Task 7, Epoch 41/50 => Loss 0.125, Train_accy 96.98:  80%|████████  | 40/50 [02:55<01:01,  6.15s/it]                 
Task 7, Epoch 41/50 => Loss 0.125, Train_accy 96.98:  82%|████████▏ | 41/50 [02:55<00:44,  4.96s/it]
Task 7, Epoch 42/50 => Loss 0.139, Train_accy 96.12:  82%|████████▏ | 41/50 [02:58<00:44,  4.96s/it]
Task 7, Epoch 42/50 => Loss 0.139, Train_accy 96.12:  84%|████████▍ | 42/50 [02:58<00:32,  4.10s/it]
Task 7, Epoch 43/50 => Loss 0.157, Train_accy 95.26:  84%|████████▍ | 42/50 [03:00<00:32,  4.10s/it]
Task 7, Epoch 43/50 => Loss 0.157, Train_accy 95.26:  86%|████████▌ | 43/50 [03:00<00:24,  3.48s/it]
Task 7, Epoch 44/50 => Loss 0.122, Train_accy 96.12:  86%|████████▌ | 43/50 [03:02<00:24,  3.48s/it]
Task 7, Epoch 44/50 => Loss 0.122, Train_accy 96.12:  88%|████████▊ | 44/50 [03:02<00:18,  3.05s/it]
Task 7, Epoch 45/50 => Loss 0.105, Train_accy 96.98, Test_accy 67.41:  88%|████████▊ | 44/50 [03:15<00:18,  3.05s/it]
Task 7, Epoch 45/50 => Loss 0.105, Train_accy 96.98, Test_accy 67.41:  90%|█████████ | 45/50 [03:15<00:30,  6.13s/it]
Task 7, Epoch 46/50 => Loss 0.093, Train_accy 96.98:  90%|█████████ | 45/50 [03:17<00:30,  6.13s/it]                 
Task 7, Epoch 46/50 => Loss 0.093, Train_accy 96.98:  92%|█████████▏| 46/50 [03:17<00:19,  4.91s/it]
Task 7, Epoch 47/50 => Loss 0.109, Train_accy 95.69:  92%|█████████▏| 46/50 [03:19<00:19,  4.91s/it]
Task 7, Epoch 47/50 => Loss 0.109, Train_accy 95.69:  94%|█████████▍| 47/50 [03:19<00:12,  4.12s/it]
Task 7, Epoch 48/50 => Loss 0.143, Train_accy 95.69:  94%|█████████▍| 47/50 [03:21<00:12,  4.12s/it]
Task 7, Epoch 48/50 => Loss 0.143, Train_accy 95.69:  96%|█████████▌| 48/50 [03:21<00:07,  3.52s/it]
Task 7, Epoch 49/50 => Loss 0.090, Train_accy 96.34:  96%|█████████▌| 48/50 [03:23<00:07,  3.52s/it]
Task 7, Epoch 49/50 => Loss 0.090, Train_accy 96.34:  98%|█████████▊| 49/50 [03:23<00:03,  3.07s/it]
Task 7, Epoch 50/50 => Loss 0.116, Train_accy 96.12, Test_accy 67.51:  98%|█████████▊| 49/50 [03:37<00:03,  3.07s/it]
Task 7, Epoch 50/50 => Loss 0.116, Train_accy 96.12, Test_accy 67.51: 100%|██████████| 50/50 [03:37<00:00,  6.18s/it]
Task 7, Epoch 50/50 => Loss 0.116, Train_accy 96.12, Test_accy 67.51: 100%|██████████| 50/50 [03:37<00:00,  4.35s/it]2025-02-06 16:32:12,858 [lae.py] => Task 7, Epoch 50/50 => Loss 0.116, Train_accy 96.12, Test_accy 67.51

2025-02-06 16:32:24,368 [trainer.py] => No NME accuracy.
2025-02-06 16:32:24,368 [trainer.py] => CNN: {'total': 67.51, '00-99': 91.08, '100-109': 39.13, '110-119': 23.01, '120-129': 39.25, '130-139': 22.88, '140-149': 27.78, '150-159': 40.32, '160-169': 44.78, 'old': 69.12, 'new': 44.78}
2025-02-06 16:32:24,368 [trainer.py] => CNN top1 curve: [91.33, 86.8, 81.71, 78.79, 74.83, 71.53, 69.28, 67.51]
2025-02-06 16:32:24,368 [trainer.py] => CNN top5 curve: [99.24, 98.85, 98.59, 98.49, 97.99, 97.62, 97.41, 96.79]

Average Accuracy (CNN): 77.72
2025-02-06 16:32:24,368 [trainer.py] => Average Accuracy (CNN): 77.72 

2025-02-06 16:32:24,370 [trainer.py] => All params: 86013926
2025-02-06 16:32:24,370 [trainer.py] => Trainable params: 173000
2025-02-06 16:32:24,372 [lae.py] => Learning on 170-180

  0%|          | 0/50 [00:00<?, ?it/s]
Task 8, Epoch 1/50 => Loss 2.968, Train_accy 13.77:   0%|          | 0/50 [00:02<?, ?it/s]
Task 8, Epoch 1/50 => Loss 2.968, Train_accy 13.77:   2%|▏         | 1/50 [00:02<01:46,  2.18s/it]
Task 8, Epoch 2/50 => Loss 2.120, Train_accy 29.15:   2%|▏         | 1/50 [00:04<01:46,  2.18s/it]
Task 8, Epoch 2/50 => Loss 2.120, Train_accy 29.15:   4%|▍         | 2/50 [00:04<01:43,  2.16s/it]
Task 8, Epoch 3/50 => Loss 1.576, Train_accy 50.61:   4%|▍         | 2/50 [00:06<01:43,  2.16s/it]
Task 8, Epoch 3/50 => Loss 1.576, Train_accy 50.61:   6%|▌         | 3/50 [00:06<01:42,  2.18s/it]
Task 8, Epoch 4/50 => Loss 1.102, Train_accy 69.23:   6%|▌         | 3/50 [00:08<01:42,  2.18s/it]
Task 8, Epoch 4/50 => Loss 1.102, Train_accy 69.23:   8%|▊         | 4/50 [00:08<01:39,  2.15s/it]
Task 8, Epoch 5/50 => Loss 0.786, Train_accy 78.14, Test_accy 64.24:   8%|▊         | 4/50 [00:22<01:39,  2.15s/it]
Task 8, Epoch 5/50 => Loss 0.786, Train_accy 78.14, Test_accy 64.24:  10%|█         | 5/50 [00:22<04:51,  6.48s/it]
Task 8, Epoch 6/50 => Loss 0.632, Train_accy 83.00:  10%|█         | 5/50 [00:24<04:51,  6.48s/it]                 
Task 8, Epoch 6/50 => Loss 0.632, Train_accy 83.00:  12%|█▏        | 6/50 [00:24<03:41,  5.02s/it]
Task 8, Epoch 7/50 => Loss 0.444, Train_accy 88.46:  12%|█▏        | 6/50 [00:27<03:41,  5.02s/it]
Task 8, Epoch 7/50 => Loss 0.444, Train_accy 88.46:  14%|█▍        | 7/50 [00:27<02:55,  4.08s/it]
Task 8, Epoch 8/50 => Loss 0.424, Train_accy 90.28:  14%|█▍        | 7/50 [00:29<02:55,  4.08s/it]
Task 8, Epoch 8/50 => Loss 0.424, Train_accy 90.28:  16%|█▌        | 8/50 [00:29<02:25,  3.46s/it]
Task 8, Epoch 9/50 => Loss 0.348, Train_accy 92.11:  16%|█▌        | 8/50 [00:31<02:25,  3.46s/it]
Task 8, Epoch 9/50 => Loss 0.348, Train_accy 92.11:  18%|█▊        | 9/50 [00:31<02:04,  3.04s/it]
Task 8, Epoch 10/50 => Loss 0.366, Train_accy 90.49, Test_accy 64.71:  18%|█▊        | 9/50 [00:45<02:04,  3.04s/it]
Task 8, Epoch 10/50 => Loss 0.366, Train_accy 90.49, Test_accy 64.71:  20%|██        | 10/50 [00:45<04:16,  6.42s/it]
Task 8, Epoch 11/50 => Loss 0.300, Train_accy 93.32:  20%|██        | 10/50 [00:47<04:16,  6.42s/it]                 
Task 8, Epoch 11/50 => Loss 0.300, Train_accy 93.32:  22%|██▏       | 11/50 [00:47<03:18,  5.10s/it]
Task 8, Epoch 12/50 => Loss 0.340, Train_accy 91.30:  22%|██▏       | 11/50 [00:49<03:18,  5.10s/it]
Task 8, Epoch 12/50 => Loss 0.340, Train_accy 91.30:  24%|██▍       | 12/50 [00:49<02:40,  4.22s/it]
Task 8, Epoch 13/50 => Loss 0.289, Train_accy 92.31:  24%|██▍       | 12/50 [00:51<02:40,  4.22s/it]
Task 8, Epoch 13/50 => Loss 0.289, Train_accy 92.31:  26%|██▌       | 13/50 [00:51<02:12,  3.59s/it]
Task 8, Epoch 14/50 => Loss 0.257, Train_accy 93.52:  26%|██▌       | 13/50 [00:53<02:12,  3.59s/it]
Task 8, Epoch 14/50 => Loss 0.257, Train_accy 93.52:  28%|██▊       | 14/50 [00:53<01:53,  3.15s/it]
Task 8, Epoch 15/50 => Loss 0.243, Train_accy 94.13, Test_accy 65.13:  28%|██▊       | 14/50 [01:07<01:53,  3.15s/it]
Task 8, Epoch 15/50 => Loss 0.243, Train_accy 94.13, Test_accy 65.13:  30%|███       | 15/50 [01:07<03:44,  6.41s/it]
Task 8, Epoch 16/50 => Loss 0.239, Train_accy 93.72:  30%|███       | 15/50 [01:10<03:44,  6.41s/it]                 
Task 8, Epoch 16/50 => Loss 0.239, Train_accy 93.72:  32%|███▏      | 16/50 [01:10<02:54,  5.14s/it]
Task 8, Epoch 17/50 => Loss 0.234, Train_accy 93.52:  32%|███▏      | 16/50 [01:12<02:54,  5.14s/it]
Task 8, Epoch 17/50 => Loss 0.234, Train_accy 93.52:  34%|███▍      | 17/50 [01:12<02:19,  4.24s/it]
Task 8, Epoch 18/50 => Loss 0.288, Train_accy 91.30:  34%|███▍      | 17/50 [01:14<02:19,  4.24s/it]
Task 8, Epoch 18/50 => Loss 0.288, Train_accy 91.30:  36%|███▌      | 18/50 [01:14<01:55,  3.60s/it]
Task 8, Epoch 19/50 => Loss 0.206, Train_accy 93.72:  36%|███▌      | 18/50 [01:16<01:55,  3.60s/it]
Task 8, Epoch 19/50 => Loss 0.206, Train_accy 93.72:  38%|███▊      | 19/50 [01:16<01:37,  3.16s/it]
Task 8, Epoch 20/50 => Loss 0.174, Train_accy 95.34, Test_accy 65.41:  38%|███▊      | 19/50 [01:30<01:37,  3.16s/it]
Task 8, Epoch 20/50 => Loss 0.174, Train_accy 95.34, Test_accy 65.41:  40%|████      | 20/50 [01:30<03:14,  6.48s/it]
Task 8, Epoch 21/50 => Loss 0.248, Train_accy 92.91:  40%|████      | 20/50 [01:32<03:14,  6.48s/it]                 
Task 8, Epoch 21/50 => Loss 0.248, Train_accy 92.91:  42%|████▏     | 21/50 [01:32<02:30,  5.18s/it]
Task 8, Epoch 22/50 => Loss 0.207, Train_accy 93.52:  42%|████▏     | 21/50 [01:34<02:30,  5.18s/it]
Task 8, Epoch 22/50 => Loss 0.207, Train_accy 93.52:  44%|████▍     | 22/50 [01:34<01:59,  4.27s/it]
Task 8, Epoch 23/50 => Loss 0.167, Train_accy 95.75:  44%|████▍     | 22/50 [01:37<01:59,  4.27s/it]
Task 8, Epoch 23/50 => Loss 0.167, Train_accy 95.75:  46%|████▌     | 23/50 [01:37<01:37,  3.62s/it]
Task 8, Epoch 24/50 => Loss 0.214, Train_accy 93.32:  46%|████▌     | 23/50 [01:39<01:37,  3.62s/it]
Task 8, Epoch 24/50 => Loss 0.214, Train_accy 93.32:  48%|████▊     | 24/50 [01:39<01:22,  3.18s/it]
Task 8, Epoch 25/50 => Loss 0.176, Train_accy 95.14, Test_accy 65.65:  48%|████▊     | 24/50 [01:53<01:22,  3.18s/it]
Task 8, Epoch 25/50 => Loss 0.176, Train_accy 95.14, Test_accy 65.65:  50%|█████     | 25/50 [01:53<02:41,  6.47s/it]
Task 8, Epoch 26/50 => Loss 0.206, Train_accy 94.94:  50%|█████     | 25/50 [01:55<02:41,  6.47s/it]                 
Task 8, Epoch 26/50 => Loss 0.206, Train_accy 94.94:  52%|█████▏    | 26/50 [01:55<02:04,  5.17s/it]
Task 8, Epoch 27/50 => Loss 0.207, Train_accy 93.52:  52%|█████▏    | 26/50 [01:57<02:04,  5.17s/it]
Task 8, Epoch 27/50 => Loss 0.207, Train_accy 93.52:  54%|█████▍    | 27/50 [01:57<01:37,  4.25s/it]
Task 8, Epoch 28/50 => Loss 0.187, Train_accy 93.72:  54%|█████▍    | 27/50 [01:59<01:37,  4.25s/it]
Task 8, Epoch 28/50 => Loss 0.187, Train_accy 93.72:  56%|█████▌    | 28/50 [01:59<01:19,  3.62s/it]
Task 8, Epoch 29/50 => Loss 0.132, Train_accy 95.95:  56%|█████▌    | 28/50 [02:01<01:19,  3.62s/it]
Task 8, Epoch 29/50 => Loss 0.132, Train_accy 95.95:  58%|█████▊    | 29/50 [02:01<01:06,  3.17s/it]
Task 8, Epoch 30/50 => Loss 0.144, Train_accy 95.75, Test_accy 65.74:  58%|█████▊    | 29/50 [02:15<01:06,  3.17s/it]
Task 8, Epoch 30/50 => Loss 0.144, Train_accy 95.75, Test_accy 65.74:  60%|██████    | 30/50 [02:15<02:08,  6.42s/it]
Task 8, Epoch 31/50 => Loss 0.147, Train_accy 95.75:  60%|██████    | 30/50 [02:18<02:08,  6.42s/it]                 
Task 8, Epoch 31/50 => Loss 0.147, Train_accy 95.75:  62%|██████▏   | 31/50 [02:18<01:37,  5.13s/it]
Task 8, Epoch 32/50 => Loss 0.130, Train_accy 95.14:  62%|██████▏   | 31/50 [02:20<01:37,  5.13s/it]
Task 8, Epoch 32/50 => Loss 0.130, Train_accy 95.14:  64%|██████▍   | 32/50 [02:20<01:16,  4.24s/it]
Task 8, Epoch 33/50 => Loss 0.194, Train_accy 94.33:  64%|██████▍   | 32/50 [02:22<01:16,  4.24s/it]
Task 8, Epoch 33/50 => Loss 0.194, Train_accy 94.33:  66%|██████▌   | 33/50 [02:22<01:01,  3.60s/it]
Task 8, Epoch 34/50 => Loss 0.209, Train_accy 94.33:  66%|██████▌   | 33/50 [02:24<01:01,  3.60s/it]
Task 8, Epoch 34/50 => Loss 0.209, Train_accy 94.33:  68%|██████▊   | 34/50 [02:24<00:50,  3.17s/it]
Task 8, Epoch 35/50 => Loss 0.168, Train_accy 95.14, Test_accy 65.74:  68%|██████▊   | 34/50 [02:38<00:50,  3.17s/it]
Task 8, Epoch 35/50 => Loss 0.168, Train_accy 95.14, Test_accy 65.74:  70%|███████   | 35/50 [02:38<01:35,  6.38s/it]
Task 8, Epoch 36/50 => Loss 0.145, Train_accy 96.15:  70%|███████   | 35/50 [02:40<01:35,  6.38s/it]                 
Task 8, Epoch 36/50 => Loss 0.145, Train_accy 96.15:  72%|███████▏  | 36/50 [02:40<01:11,  5.11s/it]
Task 8, Epoch 37/50 => Loss 0.206, Train_accy 93.72:  72%|███████▏  | 36/50 [02:42<01:11,  5.11s/it]
Task 8, Epoch 37/50 => Loss 0.206, Train_accy 93.72:  74%|███████▍  | 37/50 [02:42<00:54,  4.22s/it]
Task 8, Epoch 38/50 => Loss 0.192, Train_accy 93.93:  74%|███████▍  | 37/50 [02:44<00:54,  4.22s/it]
Task 8, Epoch 38/50 => Loss 0.192, Train_accy 93.93:  76%|███████▌  | 38/50 [02:44<00:43,  3.60s/it]
Task 8, Epoch 39/50 => Loss 0.150, Train_accy 95.34:  76%|███████▌  | 38/50 [02:46<00:43,  3.60s/it]
Task 8, Epoch 39/50 => Loss 0.150, Train_accy 95.34:  78%|███████▊  | 39/50 [02:46<00:34,  3.16s/it]
Task 8, Epoch 40/50 => Loss 0.168, Train_accy 95.14, Test_accy 65.79:  78%|███████▊  | 39/50 [03:00<00:34,  3.16s/it]
Task 8, Epoch 40/50 => Loss 0.168, Train_accy 95.14, Test_accy 65.79:  80%|████████  | 40/50 [03:00<01:03,  6.38s/it]
Task 8, Epoch 41/50 => Loss 0.213, Train_accy 93.93:  80%|████████  | 40/50 [03:03<01:03,  6.38s/it]                 
Task 8, Epoch 41/50 => Loss 0.213, Train_accy 93.93:  82%|████████▏ | 41/50 [03:03<00:46,  5.13s/it]
Task 8, Epoch 42/50 => Loss 0.134, Train_accy 95.75:  82%|████████▏ | 41/50 [03:05<00:46,  5.13s/it]
Task 8, Epoch 42/50 => Loss 0.134, Train_accy 95.75:  84%|████████▍ | 42/50 [03:05<00:33,  4.23s/it]
Task 8, Epoch 43/50 => Loss 0.126, Train_accy 96.15:  84%|████████▍ | 42/50 [03:07<00:33,  4.23s/it]
Task 8, Epoch 43/50 => Loss 0.126, Train_accy 96.15:  86%|████████▌ | 43/50 [03:07<00:25,  3.60s/it]
Task 8, Epoch 44/50 => Loss 0.156, Train_accy 95.55:  86%|████████▌ | 43/50 [03:09<00:25,  3.60s/it]
Task 8, Epoch 44/50 => Loss 0.156, Train_accy 95.55:  88%|████████▊ | 44/50 [03:09<00:18,  3.16s/it]
Task 8, Epoch 45/50 => Loss 0.146, Train_accy 96.15, Test_accy 65.84:  88%|████████▊ | 44/50 [03:23<00:18,  3.16s/it]
Task 8, Epoch 45/50 => Loss 0.146, Train_accy 96.15, Test_accy 65.84:  90%|█████████ | 45/50 [03:23<00:31,  6.39s/it]
Task 8, Epoch 46/50 => Loss 0.129, Train_accy 95.75:  90%|█████████ | 45/50 [03:25<00:31,  6.39s/it]                 
Task 8, Epoch 46/50 => Loss 0.129, Train_accy 95.75:  92%|█████████▏| 46/50 [03:25<00:20,  5.17s/it]
Task 8, Epoch 47/50 => Loss 0.146, Train_accy 96.36:  92%|█████████▏| 46/50 [03:27<00:20,  5.17s/it]
Task 8, Epoch 47/50 => Loss 0.146, Train_accy 96.36:  94%|█████████▍| 47/50 [03:27<00:12,  4.27s/it]
Task 8, Epoch 48/50 => Loss 0.152, Train_accy 95.75:  94%|█████████▍| 47/50 [03:29<00:12,  4.27s/it]
Task 8, Epoch 48/50 => Loss 0.152, Train_accy 95.75:  96%|█████████▌| 48/50 [03:29<00:07,  3.62s/it]
Task 8, Epoch 49/50 => Loss 0.160, Train_accy 95.75:  96%|█████████▌| 48/50 [03:31<00:07,  3.62s/it]
Task 8, Epoch 49/50 => Loss 0.160, Train_accy 95.75:  98%|█████████▊| 49/50 [03:31<00:03,  3.15s/it]
Task 8, Epoch 50/50 => Loss 0.139, Train_accy 95.34, Test_accy 65.98:  98%|█████████▊| 49/50 [03:45<00:03,  3.15s/it]
Task 8, Epoch 50/50 => Loss 0.139, Train_accy 95.34, Test_accy 65.98: 100%|██████████| 50/50 [03:45<00:00,  6.40s/it]
Task 8, Epoch 50/50 => Loss 0.139, Train_accy 95.34, Test_accy 65.98: 100%|██████████| 50/50 [03:45<00:00,  4.52s/it]2025-02-06 16:36:10,349 [lae.py] => Task 8, Epoch 50/50 => Loss 0.139, Train_accy 95.34, Test_accy 65.98

2025-02-06 16:36:22,224 [trainer.py] => No NME accuracy.
2025-02-06 16:36:22,225 [trainer.py] => CNN: {'total': 65.98, '00-99': 91.08, '100-109': 39.13, '110-119': 23.01, '120-129': 39.25, '130-139': 22.03, '140-149': 27.78, '150-159': 39.52, '160-169': 44.78, '170-179': 37.86, 'old': 67.41, 'new': 37.86}
2025-02-06 16:36:22,225 [trainer.py] => CNN top1 curve: [91.33, 86.8, 81.71, 78.79, 74.83, 71.53, 69.28, 67.51, 65.98]
2025-02-06 16:36:22,225 [trainer.py] => CNN top5 curve: [99.24, 98.85, 98.59, 98.49, 97.99, 97.62, 97.41, 96.79, 96.01]

Average Accuracy (CNN): 76.42
2025-02-06 16:36:22,225 [trainer.py] => Average Accuracy (CNN): 76.42 

2025-02-06 16:36:22,226 [trainer.py] => All params: 86021616
2025-02-06 16:36:22,227 [trainer.py] => Trainable params: 180690
2025-02-06 16:36:22,231 [lae.py] => Learning on 180-190

  0%|          | 0/50 [00:00<?, ?it/s]
Task 9, Epoch 1/50 => Loss 3.250, Train_accy 12.75:   0%|          | 0/50 [00:02<?, ?it/s]
Task 9, Epoch 1/50 => Loss 3.250, Train_accy 12.75:   2%|▏         | 1/50 [00:02<01:39,  2.03s/it]
Task 9, Epoch 2/50 => Loss 2.174, Train_accy 28.79:   2%|▏         | 1/50 [00:04<01:39,  2.03s/it]
Task 9, Epoch 2/50 => Loss 2.174, Train_accy 28.79:   4%|▍         | 2/50 [00:04<01:36,  2.02s/it]
Task 9, Epoch 3/50 => Loss 1.640, Train_accy 47.25:   4%|▍         | 2/50 [00:06<01:36,  2.02s/it]
Task 9, Epoch 3/50 => Loss 1.640, Train_accy 47.25:   6%|▌         | 3/50 [00:06<01:34,  2.02s/it]
Task 9, Epoch 4/50 => Loss 1.105, Train_accy 65.05:   6%|▌         | 3/50 [00:08<01:34,  2.02s/it]
Task 9, Epoch 4/50 => Loss 1.105, Train_accy 65.05:   8%|▊         | 4/50 [00:08<01:33,  2.03s/it]
Task 9, Epoch 5/50 => Loss 0.865, Train_accy 76.92, Test_accy 62.12:   8%|▊         | 4/50 [00:22<01:33,  2.03s/it]
Task 9, Epoch 5/50 => Loss 0.865, Train_accy 76.92, Test_accy 62.12:  10%|█         | 5/50 [00:22<04:54,  6.55s/it]
Task 9, Epoch 6/50 => Loss 0.641, Train_accy 82.64:  10%|█         | 5/50 [00:24<04:54,  6.55s/it]                 
Task 9, Epoch 6/50 => Loss 0.641, Train_accy 82.64:  12%|█▏        | 6/50 [00:24<03:40,  5.02s/it]
Task 9, Epoch 7/50 => Loss 0.473, Train_accy 87.25:  12%|█▏        | 6/50 [00:26<03:40,  5.02s/it]
Task 9, Epoch 7/50 => Loss 0.473, Train_accy 87.25:  14%|█▍        | 7/50 [00:26<02:53,  4.04s/it]
Task 9, Epoch 8/50 => Loss 0.461, Train_accy 86.37:  14%|█▍        | 7/50 [00:28<02:53,  4.04s/it]
Task 9, Epoch 8/50 => Loss 0.461, Train_accy 86.37:  16%|█▌        | 8/50 [00:28<02:23,  3.41s/it]
Task 9, Epoch 9/50 => Loss 0.449, Train_accy 86.37:  16%|█▌        | 8/50 [00:30<02:23,  3.41s/it]
Task 9, Epoch 9/50 => Loss 0.449, Train_accy 86.37:  18%|█▊        | 9/50 [00:30<02:02,  2.98s/it]
Task 9, Epoch 10/50 => Loss 0.347, Train_accy 91.43, Test_accy 62.61:  18%|█▊        | 9/50 [00:45<02:02,  2.98s/it]
Task 9, Epoch 10/50 => Loss 0.347, Train_accy 91.43, Test_accy 62.61:  20%|██        | 10/50 [00:45<04:22,  6.56s/it]
Task 9, Epoch 11/50 => Loss 0.263, Train_accy 92.53:  20%|██        | 10/50 [00:47<04:22,  6.56s/it]                 
Task 9, Epoch 11/50 => Loss 0.263, Train_accy 92.53:  22%|██▏       | 11/50 [00:47<03:21,  5.17s/it]
Task 9, Epoch 12/50 => Loss 0.357, Train_accy 90.77:  22%|██▏       | 11/50 [00:49<03:21,  5.17s/it]
Task 9, Epoch 12/50 => Loss 0.357, Train_accy 90.77:  24%|██▍       | 12/50 [00:49<02:40,  4.22s/it]
Task 9, Epoch 13/50 => Loss 0.196, Train_accy 94.07:  24%|██▍       | 12/50 [00:51<02:40,  4.22s/it]
Task 9, Epoch 13/50 => Loss 0.196, Train_accy 94.07:  26%|██▌       | 13/50 [00:51<02:12,  3.57s/it]
Task 9, Epoch 14/50 => Loss 0.250, Train_accy 92.09:  26%|██▌       | 13/50 [00:53<02:12,  3.57s/it]
Task 9, Epoch 14/50 => Loss 0.250, Train_accy 92.09:  28%|██▊       | 14/50 [00:53<01:51,  3.11s/it]
Task 9, Epoch 15/50 => Loss 0.298, Train_accy 91.43, Test_accy 62.96:  28%|██▊       | 14/50 [01:08<01:51,  3.11s/it]
Task 9, Epoch 15/50 => Loss 0.298, Train_accy 91.43, Test_accy 62.96:  30%|███       | 15/50 [01:08<03:48,  6.54s/it]
Task 9, Epoch 16/50 => Loss 0.250, Train_accy 93.19:  30%|███       | 15/50 [01:10<03:48,  6.54s/it]                 
Task 9, Epoch 16/50 => Loss 0.250, Train_accy 93.19:  32%|███▏      | 16/50 [01:10<02:55,  5.18s/it]
Task 9, Epoch 17/50 => Loss 0.222, Train_accy 92.53:  32%|███▏      | 16/50 [01:12<02:55,  5.18s/it]
Task 9, Epoch 17/50 => Loss 0.222, Train_accy 92.53:  34%|███▍      | 17/50 [01:12<02:19,  4.23s/it]
Task 9, Epoch 18/50 => Loss 0.212, Train_accy 93.85:  34%|███▍      | 17/50 [01:14<02:19,  4.23s/it]
Task 9, Epoch 18/50 => Loss 0.212, Train_accy 93.85:  36%|███▌      | 18/50 [01:14<01:54,  3.57s/it]
Task 9, Epoch 19/50 => Loss 0.199, Train_accy 93.41:  36%|███▌      | 18/50 [01:16<01:54,  3.57s/it]
Task 9, Epoch 19/50 => Loss 0.199, Train_accy 93.41:  38%|███▊      | 19/50 [01:16<01:36,  3.11s/it]
Task 9, Epoch 20/50 => Loss 0.268, Train_accy 92.97, Test_accy 63.27:  38%|███▊      | 19/50 [01:30<01:36,  3.11s/it]
Task 9, Epoch 20/50 => Loss 0.268, Train_accy 92.97, Test_accy 63.27:  40%|████      | 20/50 [01:30<03:15,  6.51s/it]
Task 9, Epoch 21/50 => Loss 0.192, Train_accy 92.97:  40%|████      | 20/50 [01:32<03:15,  6.51s/it]                 
Task 9, Epoch 21/50 => Loss 0.192, Train_accy 92.97:  42%|████▏     | 21/50 [01:32<02:30,  5.18s/it]
Task 9, Epoch 22/50 => Loss 0.206, Train_accy 92.97:  42%|████▏     | 21/50 [01:34<02:30,  5.18s/it]
Task 9, Epoch 22/50 => Loss 0.206, Train_accy 92.97:  44%|████▍     | 22/50 [01:34<01:58,  4.23s/it]
Task 9, Epoch 23/50 => Loss 0.208, Train_accy 93.85:  44%|████▍     | 22/50 [01:36<01:58,  4.23s/it]
Task 9, Epoch 23/50 => Loss 0.208, Train_accy 93.85:  46%|████▌     | 23/50 [01:36<01:36,  3.56s/it]
Task 9, Epoch 24/50 => Loss 0.165, Train_accy 94.95:  46%|████▌     | 23/50 [01:38<01:36,  3.56s/it]
Task 9, Epoch 24/50 => Loss 0.165, Train_accy 94.95:  48%|████▊     | 24/50 [01:38<01:20,  3.10s/it]
Task 9, Epoch 25/50 => Loss 0.183, Train_accy 93.85, Test_accy 63.36:  48%|████▊     | 24/50 [01:53<01:20,  3.10s/it]
Task 9, Epoch 25/50 => Loss 0.183, Train_accy 93.85, Test_accy 63.36:  50%|█████     | 25/50 [01:53<02:43,  6.55s/it]
Task 9, Epoch 26/50 => Loss 0.189, Train_accy 93.85:  50%|█████     | 25/50 [01:55<02:43,  6.55s/it]                 
Task 9, Epoch 26/50 => Loss 0.189, Train_accy 93.85:  52%|█████▏    | 26/50 [01:55<02:04,  5.18s/it]
Task 9, Epoch 27/50 => Loss 0.143, Train_accy 96.48:  52%|█████▏    | 26/50 [01:57<02:04,  5.18s/it]
Task 9, Epoch 27/50 => Loss 0.143, Train_accy 96.48:  54%|█████▍    | 27/50 [01:57<01:37,  4.23s/it]
Task 9, Epoch 28/50 => Loss 0.200, Train_accy 93.19:  54%|█████▍    | 27/50 [01:59<01:37,  4.23s/it]
Task 9, Epoch 28/50 => Loss 0.200, Train_accy 93.19:  56%|█████▌    | 28/50 [01:59<01:19,  3.59s/it]
Task 9, Epoch 29/50 => Loss 0.171, Train_accy 95.16:  56%|█████▌    | 28/50 [02:01<01:19,  3.59s/it]
Task 9, Epoch 29/50 => Loss 0.171, Train_accy 95.16:  58%|█████▊    | 29/50 [02:01<01:05,  3.12s/it]
Task 9, Epoch 30/50 => Loss 0.161, Train_accy 94.29, Test_accy 63.45:  58%|█████▊    | 29/50 [02:15<01:05,  3.12s/it]
Task 9, Epoch 30/50 => Loss 0.161, Train_accy 94.29, Test_accy 63.45:  60%|██████    | 30/50 [02:15<02:10,  6.54s/it]
Task 9, Epoch 31/50 => Loss 0.208, Train_accy 94.95:  60%|██████    | 30/50 [02:18<02:10,  6.54s/it]                 
Task 9, Epoch 31/50 => Loss 0.208, Train_accy 94.95:  62%|██████▏   | 31/50 [02:18<01:38,  5.19s/it]
Task 9, Epoch 32/50 => Loss 0.152, Train_accy 95.16:  62%|██████▏   | 31/50 [02:20<01:38,  5.19s/it]
Task 9, Epoch 32/50 => Loss 0.152, Train_accy 95.16:  64%|██████▍   | 32/50 [02:20<01:16,  4.24s/it]
Task 9, Epoch 33/50 => Loss 0.178, Train_accy 94.51:  64%|██████▍   | 32/50 [02:22<01:16,  4.24s/it]
Task 9, Epoch 33/50 => Loss 0.178, Train_accy 94.51:  66%|██████▌   | 33/50 [02:22<01:00,  3.58s/it]
Task 9, Epoch 34/50 => Loss 0.145, Train_accy 95.38:  66%|██████▌   | 33/50 [02:24<01:00,  3.58s/it]
Task 9, Epoch 34/50 => Loss 0.145, Train_accy 95.38:  68%|██████▊   | 34/50 [02:24<00:49,  3.12s/it]
Task 9, Epoch 35/50 => Loss 0.155, Train_accy 94.73, Test_accy 63.54:  68%|██████▊   | 34/50 [02:38<00:49,  3.12s/it]
Task 9, Epoch 35/50 => Loss 0.155, Train_accy 94.73, Test_accy 63.54:  70%|███████   | 35/50 [02:38<01:37,  6.53s/it]
Task 9, Epoch 36/50 => Loss 0.216, Train_accy 93.19:  70%|███████   | 35/50 [02:40<01:37,  6.53s/it]                 
Task 9, Epoch 36/50 => Loss 0.216, Train_accy 93.19:  72%|███████▏  | 36/50 [02:40<01:12,  5.18s/it]
Task 9, Epoch 37/50 => Loss 0.175, Train_accy 94.95:  72%|███████▏  | 36/50 [02:42<01:12,  5.18s/it]
Task 9, Epoch 37/50 => Loss 0.175, Train_accy 94.95:  74%|███████▍  | 37/50 [02:42<00:55,  4.23s/it]
Task 9, Epoch 38/50 => Loss 0.143, Train_accy 96.04:  74%|███████▍  | 37/50 [02:44<00:55,  4.23s/it]
Task 9, Epoch 38/50 => Loss 0.143, Train_accy 96.04:  76%|███████▌  | 38/50 [02:44<00:42,  3.57s/it]
Task 9, Epoch 39/50 => Loss 0.137, Train_accy 96.04:  76%|███████▌  | 38/50 [02:46<00:42,  3.57s/it]
Task 9, Epoch 39/50 => Loss 0.137, Train_accy 96.04:  78%|███████▊  | 39/50 [02:46<00:34,  3.13s/it]
Task 9, Epoch 40/50 => Loss 0.209, Train_accy 93.41, Test_accy 63.58:  78%|███████▊  | 39/50 [03:01<00:34,  3.13s/it]
Task 9, Epoch 40/50 => Loss 0.209, Train_accy 93.41, Test_accy 63.58:  80%|████████  | 40/50 [03:01<01:05,  6.54s/it]
Task 9, Epoch 41/50 => Loss 0.159, Train_accy 95.82:  80%|████████  | 40/50 [03:03<01:05,  6.54s/it]                 
Task 9, Epoch 41/50 => Loss 0.159, Train_accy 95.82:  82%|████████▏ | 41/50 [03:03<00:46,  5.20s/it]
Task 9, Epoch 42/50 => Loss 0.178, Train_accy 94.73:  82%|████████▏ | 41/50 [03:05<00:46,  5.20s/it]
Task 9, Epoch 42/50 => Loss 0.178, Train_accy 94.73:  84%|████████▍ | 42/50 [03:05<00:34,  4.26s/it]
Task 9, Epoch 43/50 => Loss 0.144, Train_accy 95.38:  84%|████████▍ | 42/50 [03:07<00:34,  4.26s/it]
Task 9, Epoch 43/50 => Loss 0.144, Train_accy 95.38:  86%|████████▌ | 43/50 [03:07<00:25,  3.60s/it]
Task 9, Epoch 44/50 => Loss 0.124, Train_accy 96.26:  86%|████████▌ | 43/50 [03:09<00:25,  3.60s/it]
Task 9, Epoch 44/50 => Loss 0.124, Train_accy 96.26:  88%|████████▊ | 44/50 [03:09<00:18,  3.16s/it]
Task 9, Epoch 45/50 => Loss 0.099, Train_accy 97.14, Test_accy 63.72:  88%|████████▊ | 44/50 [03:24<00:18,  3.16s/it]
Task 9, Epoch 45/50 => Loss 0.099, Train_accy 97.14, Test_accy 63.72:  90%|█████████ | 45/50 [03:24<00:32,  6.55s/it]
Task 9, Epoch 46/50 => Loss 0.153, Train_accy 95.38:  90%|█████████ | 45/50 [03:26<00:32,  6.55s/it]                 
Task 9, Epoch 46/50 => Loss 0.153, Train_accy 95.38:  92%|█████████▏| 46/50 [03:26<00:20,  5.19s/it]
Task 9, Epoch 47/50 => Loss 0.104, Train_accy 96.92:  92%|█████████▏| 46/50 [03:28<00:20,  5.19s/it]
Task 9, Epoch 47/50 => Loss 0.104, Train_accy 96.92:  94%|█████████▍| 47/50 [03:28<00:12,  4.26s/it]
Task 9, Epoch 48/50 => Loss 0.099, Train_accy 96.70:  94%|█████████▍| 47/50 [03:30<00:12,  4.26s/it]
Task 9, Epoch 48/50 => Loss 0.099, Train_accy 96.70:  96%|█████████▌| 48/50 [03:30<00:07,  3.59s/it]
Task 9, Epoch 49/50 => Loss 0.165, Train_accy 95.16:  96%|█████████▌| 48/50 [03:32<00:07,  3.59s/it]
Task 9, Epoch 49/50 => Loss 0.165, Train_accy 95.16:  98%|█████████▊| 49/50 [03:32<00:03,  3.13s/it]
Task 9, Epoch 50/50 => Loss 0.141, Train_accy 95.82, Test_accy 63.89:  98%|█████████▊| 49/50 [03:46<00:03,  3.13s/it]
Task 9, Epoch 50/50 => Loss 0.141, Train_accy 95.82, Test_accy 63.89: 100%|██████████| 50/50 [03:46<00:00,  6.52s/it]
Task 9, Epoch 50/50 => Loss 0.141, Train_accy 95.82, Test_accy 63.89: 100%|██████████| 50/50 [03:46<00:00,  4.53s/it]2025-02-06 16:40:08,974 [lae.py] => Task 9, Epoch 50/50 => Loss 0.141, Train_accy 95.82, Test_accy 63.89

2025-02-06 16:40:21,426 [trainer.py] => No NME accuracy.
2025-02-06 16:40:21,426 [trainer.py] => CNN: {'total': 63.89, '00-99': 91.08, '100-109': 39.13, '110-119': 23.01, '120-129': 39.25, '130-139': 22.03, '140-149': 27.78, '150-159': 39.52, '160-169': 44.78, '170-179': 37.86, '180-189': 30.3, 'old': 65.98, 'new': 30.3}
2025-02-06 16:40:21,426 [trainer.py] => CNN top1 curve: [91.33, 86.8, 81.71, 78.79, 74.83, 71.53, 69.28, 67.51, 65.98, 63.89]
2025-02-06 16:40:21,426 [trainer.py] => CNN top5 curve: [99.24, 98.85, 98.59, 98.49, 97.99, 97.62, 97.41, 96.79, 96.01, 95.35]

Average Accuracy (CNN): 75.16
2025-02-06 16:40:21,427 [trainer.py] => Average Accuracy (CNN): 75.16 

2025-02-06 16:40:21,428 [trainer.py] => All params: 86029306
2025-02-06 16:40:21,429 [trainer.py] => Trainable params: 188380
2025-02-06 16:40:21,432 [lae.py] => Learning on 190-200

  0%|          | 0/50 [00:00<?, ?it/s]
Task 10, Epoch 1/50 => Loss 2.944, Train_accy 12.68:   0%|          | 0/50 [00:02<?, ?it/s]
Task 10, Epoch 1/50 => Loss 2.944, Train_accy 12.68:   2%|▏         | 1/50 [00:02<01:45,  2.15s/it]
Task 10, Epoch 2/50 => Loss 2.137, Train_accy 32.80:   2%|▏         | 1/50 [00:04<01:45,  2.15s/it]
Task 10, Epoch 2/50 => Loss 2.137, Train_accy 32.80:   4%|▍         | 2/50 [00:04<01:42,  2.13s/it]
Task 10, Epoch 3/50 => Loss 1.551, Train_accy 49.30:   4%|▍         | 2/50 [00:06<01:42,  2.13s/it]
Task 10, Epoch 3/50 => Loss 1.551, Train_accy 49.30:   6%|▌         | 3/50 [00:06<01:40,  2.15s/it]
Task 10, Epoch 4/50 => Loss 1.032, Train_accy 72.43:   6%|▌         | 3/50 [00:08<01:40,  2.15s/it]
Task 10, Epoch 4/50 => Loss 1.032, Train_accy 72.43:   8%|▊         | 4/50 [00:08<01:38,  2.14s/it]
Task 10, Epoch 5/50 => Loss 0.843, Train_accy 80.08, Test_accy 61.37:   8%|▊         | 4/50 [00:23<01:38,  2.14s/it]
Task 10, Epoch 5/50 => Loss 0.843, Train_accy 80.08, Test_accy 61.37:  10%|█         | 5/50 [00:23<05:05,  6.79s/it]
Task 10, Epoch 6/50 => Loss 0.609, Train_accy 83.90:  10%|█         | 5/50 [00:25<05:05,  6.79s/it]                 
Task 10, Epoch 6/50 => Loss 0.609, Train_accy 83.90:  12%|█▏        | 6/50 [00:25<03:48,  5.20s/it]
Task 10, Epoch 7/50 => Loss 0.439, Train_accy 90.74:  12%|█▏        | 6/50 [00:27<03:48,  5.20s/it]
Task 10, Epoch 7/50 => Loss 0.439, Train_accy 90.74:  14%|█▍        | 7/50 [00:27<03:00,  4.19s/it]
Task 10, Epoch 8/50 => Loss 0.419, Train_accy 89.13:  14%|█▍        | 7/50 [00:29<03:00,  4.19s/it]
Task 10, Epoch 8/50 => Loss 0.419, Train_accy 89.13:  16%|█▌        | 8/50 [00:29<02:28,  3.53s/it]
Task 10, Epoch 9/50 => Loss 0.331, Train_accy 90.54:  16%|█▌        | 8/50 [00:32<02:28,  3.53s/it]
Task 10, Epoch 9/50 => Loss 0.331, Train_accy 90.54:  18%|█▊        | 9/50 [00:32<02:06,  3.09s/it]
Task 10, Epoch 10/50 => Loss 0.393, Train_accy 89.13, Test_accy 61.75:  18%|█▊        | 9/50 [00:46<02:06,  3.09s/it]
Task 10, Epoch 10/50 => Loss 0.393, Train_accy 89.13, Test_accy 61.75:  20%|██        | 10/50 [00:46<04:29,  6.74s/it]
Task 10, Epoch 11/50 => Loss 0.337, Train_accy 90.34:  20%|██        | 10/50 [00:49<04:29,  6.74s/it]                 
Task 10, Epoch 11/50 => Loss 0.337, Train_accy 90.34:  22%|██▏       | 11/50 [00:49<03:28,  5.33s/it]
Task 10, Epoch 12/50 => Loss 0.268, Train_accy 92.35:  22%|██▏       | 11/50 [00:51<03:28,  5.33s/it]
Task 10, Epoch 12/50 => Loss 0.268, Train_accy 92.35:  24%|██▍       | 12/50 [00:51<02:45,  4.36s/it]
Task 10, Epoch 13/50 => Loss 0.269, Train_accy 91.95:  24%|██▍       | 12/50 [00:53<02:45,  4.36s/it]
Task 10, Epoch 13/50 => Loss 0.269, Train_accy 91.95:  26%|██▌       | 13/50 [00:53<02:16,  3.69s/it]
Task 10, Epoch 14/50 => Loss 0.299, Train_accy 92.56:  26%|██▌       | 13/50 [00:55<02:16,  3.69s/it]
Task 10, Epoch 14/50 => Loss 0.299, Train_accy 92.56:  28%|██▊       | 14/50 [00:55<01:55,  3.21s/it]
Task 10, Epoch 15/50 => Loss 0.252, Train_accy 91.15, Test_accy 61.79:  28%|██▊       | 14/50 [01:10<01:55,  3.21s/it]
Task 10, Epoch 15/50 => Loss 0.252, Train_accy 91.15, Test_accy 61.79:  30%|███       | 15/50 [01:10<03:56,  6.76s/it]
Task 10, Epoch 16/50 => Loss 0.245, Train_accy 92.35:  30%|███       | 15/50 [01:12<03:56,  6.76s/it]                 
Task 10, Epoch 16/50 => Loss 0.245, Train_accy 92.35:  32%|███▏      | 16/50 [01:12<03:03,  5.39s/it]
Task 10, Epoch 17/50 => Loss 0.263, Train_accy 90.74:  32%|███▏      | 16/50 [01:14<03:03,  5.39s/it]
Task 10, Epoch 17/50 => Loss 0.263, Train_accy 90.74:  34%|███▍      | 17/50 [01:14<02:25,  4.42s/it]
Task 10, Epoch 18/50 => Loss 0.268, Train_accy 91.95:  34%|███▍      | 17/50 [01:17<02:25,  4.42s/it]
Task 10, Epoch 18/50 => Loss 0.268, Train_accy 91.95:  36%|███▌      | 18/50 [01:17<01:59,  3.74s/it]
Task 10, Epoch 19/50 => Loss 0.230, Train_accy 92.56:  36%|███▌      | 18/50 [01:19<01:59,  3.74s/it]
Task 10, Epoch 19/50 => Loss 0.230, Train_accy 92.56:  38%|███▊      | 19/50 [01:19<01:40,  3.25s/it]
Task 10, Epoch 20/50 => Loss 0.201, Train_accy 93.96, Test_accy 61.79:  38%|███▊      | 19/50 [01:34<01:40,  3.25s/it]
Task 10, Epoch 20/50 => Loss 0.201, Train_accy 93.96, Test_accy 61.79:  40%|████      | 20/50 [01:34<03:23,  6.77s/it]
Task 10, Epoch 21/50 => Loss 0.236, Train_accy 91.15:  40%|████      | 20/50 [01:36<03:23,  6.77s/it]                 
Task 10, Epoch 21/50 => Loss 0.236, Train_accy 91.15:  42%|████▏     | 21/50 [01:36<02:36,  5.40s/it]
Task 10, Epoch 22/50 => Loss 0.198, Train_accy 93.76:  42%|████▏     | 21/50 [01:38<02:36,  5.40s/it]
Task 10, Epoch 22/50 => Loss 0.198, Train_accy 93.76:  44%|████▍     | 22/50 [01:38<02:03,  4.41s/it]
Task 10, Epoch 23/50 => Loss 0.232, Train_accy 93.36:  44%|████▍     | 22/50 [01:40<02:03,  4.41s/it]
Task 10, Epoch 23/50 => Loss 0.232, Train_accy 93.36:  46%|████▌     | 23/50 [01:40<01:41,  3.76s/it]
Task 10, Epoch 24/50 => Loss 0.210, Train_accy 93.36:  46%|████▌     | 23/50 [01:42<01:41,  3.76s/it]
Task 10, Epoch 24/50 => Loss 0.210, Train_accy 93.36:  48%|████▊     | 24/50 [01:42<01:24,  3.26s/it]
Task 10, Epoch 25/50 => Loss 0.229, Train_accy 91.95, Test_accy 61.75:  48%|████▊     | 24/50 [01:57<01:24,  3.26s/it]
Task 10, Epoch 25/50 => Loss 0.229, Train_accy 91.95, Test_accy 61.75:  50%|█████     | 25/50 [01:57<02:49,  6.78s/it]
Task 10, Epoch 26/50 => Loss 0.221, Train_accy 92.96:  50%|█████     | 25/50 [01:59<02:49,  6.78s/it]                 
Task 10, Epoch 26/50 => Loss 0.221, Train_accy 92.96:  52%|█████▏    | 26/50 [01:59<02:09,  5.38s/it]
Task 10, Epoch 27/50 => Loss 0.202, Train_accy 93.36:  52%|█████▏    | 26/50 [02:01<02:09,  5.38s/it]
Task 10, Epoch 27/50 => Loss 0.202, Train_accy 93.36:  54%|█████▍    | 27/50 [02:01<01:41,  4.40s/it]
Task 10, Epoch 28/50 => Loss 0.161, Train_accy 93.96:  54%|█████▍    | 27/50 [02:04<01:41,  4.40s/it]
Task 10, Epoch 28/50 => Loss 0.161, Train_accy 93.96:  56%|█████▌    | 28/50 [02:04<01:21,  3.71s/it]
Task 10, Epoch 29/50 => Loss 0.231, Train_accy 92.35:  56%|█████▌    | 28/50 [02:06<01:21,  3.71s/it]
Task 10, Epoch 29/50 => Loss 0.231, Train_accy 92.35:  58%|█████▊    | 29/50 [02:06<01:08,  3.24s/it]
Task 10, Epoch 30/50 => Loss 0.160, Train_accy 94.57, Test_accy 61.83:  58%|█████▊    | 29/50 [02:21<01:08,  3.24s/it]
Task 10, Epoch 30/50 => Loss 0.160, Train_accy 94.57, Test_accy 61.83:  60%|██████    | 30/50 [02:21<02:15,  6.78s/it]
Task 10, Epoch 31/50 => Loss 0.157, Train_accy 95.77:  60%|██████    | 30/50 [02:23<02:15,  6.78s/it]                 
Task 10, Epoch 31/50 => Loss 0.157, Train_accy 95.77:  62%|██████▏   | 31/50 [02:23<01:42,  5.39s/it]
Task 10, Epoch 32/50 => Loss 0.156, Train_accy 95.17:  62%|██████▏   | 31/50 [02:25<01:42,  5.39s/it]
Task 10, Epoch 32/50 => Loss 0.156, Train_accy 95.17:  64%|██████▍   | 32/50 [02:25<01:19,  4.40s/it]
Task 10, Epoch 33/50 => Loss 0.191, Train_accy 94.16:  64%|██████▍   | 32/50 [02:27<01:19,  4.40s/it]
Task 10, Epoch 33/50 => Loss 0.191, Train_accy 94.16:  66%|██████▌   | 33/50 [02:27<01:03,  3.71s/it]
Task 10, Epoch 34/50 => Loss 0.190, Train_accy 94.37:  66%|██████▌   | 33/50 [02:29<01:03,  3.71s/it]
Task 10, Epoch 34/50 => Loss 0.190, Train_accy 94.37:  68%|██████▊   | 34/50 [02:29<00:51,  3.23s/it]
Task 10, Epoch 35/50 => Loss 0.162, Train_accy 95.57, Test_accy 61.87:  68%|██████▊   | 34/50 [02:44<00:51,  3.23s/it]
Task 10, Epoch 35/50 => Loss 0.162, Train_accy 95.57, Test_accy 61.87:  70%|███████   | 35/50 [02:44<01:42,  6.80s/it]
Task 10, Epoch 36/50 => Loss 0.187, Train_accy 93.76:  70%|███████   | 35/50 [02:47<01:42,  6.80s/it]                 
Task 10, Epoch 36/50 => Loss 0.187, Train_accy 93.76:  72%|███████▏  | 36/50 [02:47<01:15,  5.42s/it]
Task 10, Epoch 37/50 => Loss 0.168, Train_accy 93.76:  72%|███████▏  | 36/50 [02:49<01:15,  5.42s/it]
Task 10, Epoch 37/50 => Loss 0.168, Train_accy 93.76:  74%|███████▍  | 37/50 [02:49<00:57,  4.46s/it]
Task 10, Epoch 38/50 => Loss 0.154, Train_accy 94.57:  74%|███████▍  | 37/50 [02:51<00:57,  4.46s/it]
Task 10, Epoch 38/50 => Loss 0.154, Train_accy 94.57:  76%|███████▌  | 38/50 [02:51<00:45,  3.76s/it]
Task 10, Epoch 39/50 => Loss 0.156, Train_accy 94.97:  76%|███████▌  | 38/50 [02:53<00:45,  3.76s/it]
Task 10, Epoch 39/50 => Loss 0.156, Train_accy 94.97:  78%|███████▊  | 39/50 [02:53<00:35,  3.27s/it]
Task 10, Epoch 40/50 => Loss 0.148, Train_accy 95.17, Test_accy 61.87:  78%|███████▊  | 39/50 [03:08<00:35,  3.27s/it]
Task 10, Epoch 40/50 => Loss 0.148, Train_accy 95.17, Test_accy 61.87:  80%|████████  | 40/50 [03:08<01:07,  6.79s/it]
Task 10, Epoch 41/50 => Loss 0.160, Train_accy 95.37:  80%|████████  | 40/50 [03:10<01:07,  6.79s/it]                 
Task 10, Epoch 41/50 => Loss 0.160, Train_accy 95.37:  82%|████████▏ | 41/50 [03:10<00:48,  5.42s/it]
Task 10, Epoch 42/50 => Loss 0.123, Train_accy 96.38:  82%|████████▏ | 41/50 [03:12<00:48,  5.42s/it]
Task 10, Epoch 42/50 => Loss 0.123, Train_accy 96.38:  84%|████████▍ | 42/50 [03:12<00:35,  4.44s/it]
Task 10, Epoch 43/50 => Loss 0.154, Train_accy 95.17:  84%|████████▍ | 42/50 [03:15<00:35,  4.44s/it]
Task 10, Epoch 43/50 => Loss 0.154, Train_accy 95.17:  86%|████████▌ | 43/50 [03:15<00:26,  3.74s/it]
Task 10, Epoch 44/50 => Loss 0.145, Train_accy 95.77:  86%|████████▌ | 43/50 [03:17<00:26,  3.74s/it]
Task 10, Epoch 44/50 => Loss 0.145, Train_accy 95.77:  88%|████████▊ | 44/50 [03:17<00:19,  3.27s/it]
Task 10, Epoch 45/50 => Loss 0.147, Train_accy 95.17, Test_accy 61.87:  88%|████████▊ | 44/50 [03:32<00:19,  3.27s/it]
Task 10, Epoch 45/50 => Loss 0.147, Train_accy 95.17, Test_accy 61.87:  90%|█████████ | 45/50 [03:32<00:34,  6.82s/it]
Task 10, Epoch 46/50 => Loss 0.087, Train_accy 97.79:  90%|█████████ | 45/50 [03:34<00:34,  6.82s/it]                 
Task 10, Epoch 46/50 => Loss 0.087, Train_accy 97.79:  92%|█████████▏| 46/50 [03:34<00:21,  5.43s/it]
Task 10, Epoch 47/50 => Loss 0.104, Train_accy 96.58:  92%|█████████▏| 46/50 [03:36<00:21,  5.43s/it]
Task 10, Epoch 47/50 => Loss 0.104, Train_accy 96.58:  94%|█████████▍| 47/50 [03:36<00:13,  4.44s/it]
Task 10, Epoch 48/50 => Loss 0.122, Train_accy 97.18:  94%|█████████▍| 47/50 [03:38<00:13,  4.44s/it]
Task 10, Epoch 48/50 => Loss 0.122, Train_accy 97.18:  96%|█████████▌| 48/50 [03:38<00:07,  3.76s/it]
Task 10, Epoch 49/50 => Loss 0.161, Train_accy 94.97:  96%|█████████▌| 48/50 [03:41<00:07,  3.76s/it]
Task 10, Epoch 49/50 => Loss 0.161, Train_accy 94.97:  98%|█████████▊| 49/50 [03:41<00:03,  3.32s/it]
Task 10, Epoch 50/50 => Loss 0.127, Train_accy 95.57, Test_accy 61.96:  98%|█████████▊| 49/50 [03:56<00:03,  3.32s/it]
Task 10, Epoch 50/50 => Loss 0.127, Train_accy 95.57, Test_accy 61.96: 100%|██████████| 50/50 [03:56<00:00,  6.83s/it]
Task 10, Epoch 50/50 => Loss 0.127, Train_accy 95.57, Test_accy 61.96: 100%|██████████| 50/50 [03:56<00:00,  4.72s/it]2025-02-06 16:44:17,530 [lae.py] => Task 10, Epoch 50/50 => Loss 0.127, Train_accy 95.57, Test_accy 61.96

2025-02-06 16:44:30,657 [trainer.py] => No NME accuracy.
2025-02-06 16:44:30,657 [trainer.py] => CNN: {'total': 61.96, '00-99': 91.08, '100-109': 38.26, '110-119': 23.01, '120-129': 39.25, '130-139': 22.03, '140-149': 27.78, '150-159': 39.52, '160-169': 42.54, '170-179': 37.86, '180-189': 30.3, '190-199': 21.43, 'old': 63.72, 'new': 21.43}
2025-02-06 16:44:30,657 [trainer.py] => CNN top1 curve: [91.33, 86.8, 81.71, 78.79, 74.83, 71.53, 69.28, 67.51, 65.98, 63.89, 61.96]
2025-02-06 16:44:30,657 [trainer.py] => CNN top5 curve: [99.24, 98.85, 98.59, 98.49, 97.99, 97.62, 97.41, 96.79, 96.01, 95.35, 95.21]

Average Accuracy (CNN): 73.96
2025-02-06 16:44:30,657 [trainer.py] => Average Accuracy (CNN): 73.96 

Accuracy Matrix (CNN):
[[91.33 91.33 91.33 91.33 91.33 91.33 91.16 91.08 91.08 91.08 91.08]
 [ 0.   40.   40.   40.   40.   39.13 39.13 39.13 39.13 39.13 38.26]
 [ 0.    0.   23.01 23.01 23.01 23.01 23.01 23.01 23.01 23.01 23.01]
 [ 0.    0.    0.   40.19 40.19 40.19 39.25 39.25 39.25 39.25 39.25]
 [ 0.    0.    0.    0.   23.73 23.73 23.73 22.88 22.03 22.03 22.03]
 [ 0.    0.    0.    0.    0.   29.37 28.57 27.78 27.78 27.78 27.78]
 [ 0.    0.    0.    0.    0.    0.   40.32 40.32 39.52 39.52 39.52]
 [ 0.    0.    0.    0.    0.    0.    0.   44.78 44.78 44.78 42.54]
 [ 0.    0.    0.    0.    0.    0.    0.    0.   37.86 37.86 37.86]
 [ 0.    0.    0.    0.    0.    0.    0.    0.    0.   30.3  30.3 ]
 [ 0.    0.    0.    0.    0.    0.    0.    0.    0.    0.   21.43]]
2025-02-06 16:44:30,659 [trainer.py] => Forgetting (CNN): 0.9259999999999998
2025-02-06 16:44:32,668 [trainer.py] => config: ./scripts/lae/lae_inr_B0_Inc5.json
2025-02-06 16:44:32,668 [trainer.py] => prefix:  
2025-02-06 16:44:32,668 [trainer.py] => dataset: imagenetr
2025-02-06 16:44:32,668 [trainer.py] => memory_size: 0
2025-02-06 16:44:32,668 [trainer.py] => memory_per_class: 0
2025-02-06 16:44:32,668 [trainer.py] => fixed_memory: False
2025-02-06 16:44:32,668 [trainer.py] => shuffle: True
2025-02-06 16:44:32,668 [trainer.py] => init_cls: 40
2025-02-06 16:44:32,668 [trainer.py] => increment: 40
2025-02-06 16:44:32,668 [trainer.py] => model_name: lae
2025-02-06 16:44:32,668 [trainer.py] => backbone_type: vit_base_patch16_224_in21k_lae
2025-02-06 16:44:32,668 [trainer.py] => device: [device(type='cuda', index=4)]
2025-02-06 16:44:32,668 [trainer.py] => seed: 1993
2025-02-06 16:44:32,668 [trainer.py] => tuned_epoch: 50
2025-02-06 16:44:32,668 [trainer.py] => init_lr: 0.00046875
2025-02-06 16:44:32,669 [trainer.py] => batch_size: 128
2025-02-06 16:44:32,669 [trainer.py] => weight_decay: 0
2025-02-06 16:44:32,669 [trainer.py] => min_lr: 1e-05
2025-02-06 16:44:32,669 [trainer.py] => optimizer: adam
2025-02-06 16:44:32,669 [trainer.py] => scheduler: constant
2025-02-06 16:44:32,669 [trainer.py] => reinit_optimizer: True
2025-02-06 16:44:32,669 [trainer.py] => pretrained: True
2025-02-06 16:44:32,669 [trainer.py] => drop: 0.0
2025-02-06 16:44:32,669 [trainer.py] => drop_path: 0.0
2025-02-06 16:44:32,669 [trainer.py] => ema_decay: 0.9999
2025-02-06 16:44:32,669 [trainer.py] => num_freeze_epochs: 30
2025-02-06 16:44:32,669 [trainer.py] => pet_cls: Adapter
2025-02-06 16:44:32,669 [trainer.py] => pet_length: 10
2025-02-06 16:44:32,669 [trainer.py] => down_sample_dim: 5
2025-02-06 16:44:33,162 [data_manager.py] => [168, 136, 51, 9, 183, 101, 171, 99, 42, 159, 191, 70, 16, 188, 27, 10, 175, 26, 68, 187, 98, 6, 85, 35, 112, 43, 100, 0, 103, 181, 88, 59, 4, 2, 116, 174, 94, 80, 106, 1, 147, 17, 141, 131, 72, 23, 173, 54, 197, 118, 87, 32, 79, 104, 91, 19, 135, 107, 178, 36, 11, 199, 142, 8, 122, 3, 28, 57, 153, 172, 190, 56, 49, 44, 97, 62, 151, 169, 194, 55, 192, 12, 189, 78, 66, 180, 15, 137, 109, 134, 92, 119, 126, 52, 170, 40, 148, 65, 144, 64, 138, 45, 77, 89, 154, 90, 71, 193, 74, 30, 113, 143, 96, 84, 67, 50, 186, 156, 69, 21, 18, 111, 108, 58, 125, 157, 150, 110, 182, 129, 166, 83, 81, 60, 13, 165, 14, 176, 63, 117, 5, 22, 145, 121, 38, 41, 82, 127, 114, 20, 31, 53, 37, 163, 196, 130, 152, 162, 86, 76, 24, 34, 184, 149, 33, 128, 198, 155, 146, 167, 139, 120, 140, 102, 47, 25, 158, 123, 46, 164, 61, 7, 115, 75, 133, 160, 105, 132, 179, 124, 48, 73, 93, 39, 95, 195, 29, 177, 185, 161]
2025-02-06 16:44:35,374 [lae.py] => 85,840,926 model total parameters.
2025-02-06 16:44:35,375 [lae.py] => 0 model training parameters.
2025-02-06 16:44:35,376 [trainer.py] => All params: 85883196
2025-02-06 16:44:35,376 [trainer.py] => Trainable params: 0
2025-02-06 16:44:35,377 [lae.py] => Learning on 0-40

  0%|          | 0/50 [00:00<?, ?it/s]
Task 0, Epoch 1/50 => Loss 4.042, Train_accy 14.65:   0%|          | 0/50 [00:24<?, ?it/s]
Task 0, Epoch 1/50 => Loss 4.042, Train_accy 14.65:   2%|▏         | 1/50 [00:24<19:46, 24.21s/it]
Task 0, Epoch 2/50 => Loss 2.195, Train_accy 46.55:   2%|▏         | 1/50 [00:39<19:46, 24.21s/it]
Task 0, Epoch 2/50 => Loss 2.195, Train_accy 46.55:   4%|▍         | 2/50 [00:39<15:02, 18.80s/it]
Task 0, Epoch 3/50 => Loss 1.575, Train_accy 60.70:   4%|▍         | 2/50 [00:54<15:02, 18.80s/it]
Task 0, Epoch 3/50 => Loss 1.575, Train_accy 60.70:   6%|▌         | 3/50 [00:54<13:21, 17.05s/it]
Task 0, Epoch 4/50 => Loss 1.346, Train_accy 65.00:   6%|▌         | 3/50 [01:09<13:21, 17.05s/it]
Task 0, Epoch 4/50 => Loss 1.346, Train_accy 65.00:   8%|▊         | 4/50 [01:09<12:29, 16.29s/it]
Task 0, Epoch 5/50 => Loss 1.214, Train_accy 68.73, Test_accy 72.98:   8%|▊         | 4/50 [01:34<12:29, 16.29s/it]
Task 0, Epoch 5/50 => Loss 1.214, Train_accy 68.73, Test_accy 72.98:  10%|█         | 5/50 [01:34<14:40, 19.56s/it]
Task 0, Epoch 6/50 => Loss 1.087, Train_accy 71.21:  10%|█         | 5/50 [01:49<14:40, 19.56s/it]                 
Task 0, Epoch 6/50 => Loss 1.087, Train_accy 71.21:  12%|█▏        | 6/50 [01:49<13:14, 18.06s/it]
Task 0, Epoch 7/50 => Loss 0.989, Train_accy 74.04:  12%|█▏        | 6/50 [02:04<13:14, 18.06s/it]
Task 0, Epoch 7/50 => Loss 0.989, Train_accy 74.04:  14%|█▍        | 7/50 [02:04<12:14, 17.08s/it]
Task 0, Epoch 8/50 => Loss 0.930, Train_accy 75.57:  14%|█▍        | 7/50 [02:20<12:14, 17.08s/it]
Task 0, Epoch 8/50 => Loss 0.930, Train_accy 75.57:  16%|█▌        | 8/50 [02:20<11:32, 16.49s/it]
Task 0, Epoch 9/50 => Loss 0.868, Train_accy 76.72:  16%|█▌        | 8/50 [02:35<11:32, 16.49s/it]
Task 0, Epoch 9/50 => Loss 0.868, Train_accy 76.72:  18%|█▊        | 9/50 [02:35<11:02, 16.15s/it]
Task 0, Epoch 10/50 => Loss 0.841, Train_accy 77.84, Test_accy 77.97:  18%|█▊        | 9/50 [02:58<11:02, 16.15s/it]
Task 0, Epoch 10/50 => Loss 0.841, Train_accy 77.84, Test_accy 77.97:  20%|██        | 10/50 [02:58<12:14, 18.36s/it]
Task 0, Epoch 11/50 => Loss 0.783, Train_accy 79.17:  20%|██        | 10/50 [03:14<12:14, 18.36s/it]                 
Task 0, Epoch 11/50 => Loss 0.783, Train_accy 79.17:  22%|██▏       | 11/50 [03:14<11:19, 17.42s/it]
Task 0, Epoch 12/50 => Loss 0.779, Train_accy 79.26:  22%|██▏       | 11/50 [03:29<11:19, 17.42s/it]
Task 0, Epoch 12/50 => Loss 0.779, Train_accy 79.26:  24%|██▍       | 12/50 [03:29<10:36, 16.76s/it]
Task 0, Epoch 13/50 => Loss 0.745, Train_accy 80.53:  24%|██▍       | 12/50 [03:44<10:36, 16.76s/it]
Task 0, Epoch 13/50 => Loss 0.745, Train_accy 80.53:  26%|██▌       | 13/50 [03:44<10:02, 16.29s/it]
Task 0, Epoch 14/50 => Loss 0.704, Train_accy 81.29:  26%|██▌       | 13/50 [04:00<10:02, 16.29s/it]
Task 0, Epoch 14/50 => Loss 0.704, Train_accy 81.29:  28%|██▊       | 14/50 [04:00<09:37, 16.05s/it]
Task 0, Epoch 15/50 => Loss 0.659, Train_accy 82.28, Test_accy 79.33:  28%|██▊       | 14/50 [04:23<09:37, 16.05s/it]
Task 0, Epoch 15/50 => Loss 0.659, Train_accy 82.28, Test_accy 79.33:  30%|███       | 15/50 [04:23<10:36, 18.18s/it]
Task 0, Epoch 16/50 => Loss 0.657, Train_accy 82.18:  30%|███       | 15/50 [04:38<10:36, 18.18s/it]                 
Task 0, Epoch 16/50 => Loss 0.657, Train_accy 82.18:  32%|███▏      | 16/50 [04:38<09:50, 17.36s/it]
Task 0, Epoch 17/50 => Loss 0.647, Train_accy 83.02:  32%|███▏      | 16/50 [04:53<09:50, 17.36s/it]
Task 0, Epoch 17/50 => Loss 0.647, Train_accy 83.02:  34%|███▍      | 17/50 [04:53<09:12, 16.74s/it]
Task 0, Epoch 18/50 => Loss 0.609, Train_accy 84.08:  34%|███▍      | 17/50 [05:09<09:12, 16.74s/it]
Task 0, Epoch 18/50 => Loss 0.609, Train_accy 84.08:  36%|███▌      | 18/50 [05:09<08:42, 16.33s/it]
Task 0, Epoch 19/50 => Loss 0.617, Train_accy 84.10:  36%|███▌      | 18/50 [05:24<08:42, 16.33s/it]
Task 0, Epoch 19/50 => Loss 0.617, Train_accy 84.10:  38%|███▊      | 19/50 [05:24<08:16, 16.01s/it]
Task 0, Epoch 20/50 => Loss 0.589, Train_accy 84.68, Test_accy 79.41:  38%|███▊      | 19/50 [05:47<08:16, 16.01s/it]
Task 0, Epoch 20/50 => Loss 0.589, Train_accy 84.68, Test_accy 79.41:  40%|████      | 20/50 [05:47<09:05, 18.20s/it]
Task 0, Epoch 21/50 => Loss 0.562, Train_accy 85.50:  40%|████      | 20/50 [06:03<09:05, 18.20s/it]                 
Task 0, Epoch 21/50 => Loss 0.562, Train_accy 85.50:  42%|████▏     | 21/50 [06:03<08:22, 17.32s/it]
Task 0, Epoch 22/50 => Loss 0.588, Train_accy 85.24:  42%|████▏     | 21/50 [06:18<08:22, 17.32s/it]
Task 0, Epoch 22/50 => Loss 0.588, Train_accy 85.24:  44%|████▍     | 22/50 [06:18<07:47, 16.71s/it]
Task 0, Epoch 23/50 => Loss 0.535, Train_accy 86.25:  44%|████▍     | 22/50 [06:33<07:47, 16.71s/it]
Task 0, Epoch 23/50 => Loss 0.535, Train_accy 86.25:  46%|████▌     | 23/50 [06:33<07:19, 16.26s/it]
Task 0, Epoch 24/50 => Loss 0.545, Train_accy 86.13:  46%|████▌     | 23/50 [06:48<07:19, 16.26s/it]
Task 0, Epoch 24/50 => Loss 0.545, Train_accy 86.13:  48%|████▊     | 24/50 [06:48<06:55, 15.97s/it]
Task 0, Epoch 25/50 => Loss 0.525, Train_accy 86.66, Test_accy 79.33:  48%|████▊     | 24/50 [07:12<06:55, 15.97s/it]
Task 0, Epoch 25/50 => Loss 0.525, Train_accy 86.66, Test_accy 79.33:  50%|█████     | 25/50 [07:12<07:32, 18.11s/it]
Task 0, Epoch 26/50 => Loss 0.520, Train_accy 86.38:  50%|█████     | 25/50 [07:27<07:32, 18.11s/it]                 
Task 0, Epoch 26/50 => Loss 0.520, Train_accy 86.38:  52%|█████▏    | 26/50 [07:27<06:54, 17.28s/it]
Task 0, Epoch 27/50 => Loss 0.527, Train_accy 86.19:  52%|█████▏    | 26/50 [07:42<06:54, 17.28s/it]
Task 0, Epoch 27/50 => Loss 0.527, Train_accy 86.19:  54%|█████▍    | 27/50 [07:42<06:23, 16.68s/it]
Task 0, Epoch 28/50 => Loss 0.505, Train_accy 86.95:  54%|█████▍    | 27/50 [07:58<06:23, 16.68s/it]
Task 0, Epoch 28/50 => Loss 0.505, Train_accy 86.95:  56%|█████▌    | 28/50 [07:58<05:58, 16.31s/it]
Task 0, Epoch 29/50 => Loss 0.473, Train_accy 88.18:  56%|█████▌    | 28/50 [08:13<05:58, 16.31s/it]
Task 0, Epoch 29/50 => Loss 0.473, Train_accy 88.18:  58%|█████▊    | 29/50 [08:13<05:37, 16.08s/it]
Task 0, Epoch 30/50 => Loss 0.484, Train_accy 87.63, Test_accy 80.09:  58%|█████▊    | 29/50 [08:36<05:37, 16.08s/it]
Task 0, Epoch 30/50 => Loss 0.484, Train_accy 87.63, Test_accy 80.09:  60%|██████    | 30/50 [08:36<06:04, 18.22s/it]
Task 0, Epoch 31/50 => Loss 0.489, Train_accy 87.42:  60%|██████    | 30/50 [08:52<06:04, 18.22s/it]                 
Task 0, Epoch 31/50 => Loss 0.489, Train_accy 87.42:  62%|██████▏   | 31/50 [08:52<05:30, 17.41s/it]
Task 0, Epoch 32/50 => Loss 0.461, Train_accy 88.52:  62%|██████▏   | 31/50 [09:07<05:30, 17.41s/it]
Task 0, Epoch 32/50 => Loss 0.461, Train_accy 88.52:  64%|██████▍   | 32/50 [09:07<05:02, 16.78s/it]
Task 0, Epoch 33/50 => Loss 0.484, Train_accy 87.36:  64%|██████▍   | 32/50 [09:22<05:02, 16.78s/it]
Task 0, Epoch 33/50 => Loss 0.484, Train_accy 87.36:  66%|██████▌   | 33/50 [09:22<04:37, 16.32s/it]
Task 0, Epoch 34/50 => Loss 0.448, Train_accy 88.32:  66%|██████▌   | 33/50 [09:38<04:37, 16.32s/it]
Task 0, Epoch 34/50 => Loss 0.448, Train_accy 88.32:  68%|██████▊   | 34/50 [09:38<04:16, 16.05s/it]
Task 0, Epoch 35/50 => Loss 0.447, Train_accy 88.46, Test_accy 79.79:  68%|██████▊   | 34/50 [10:01<04:16, 16.05s/it]
Task 0, Epoch 35/50 => Loss 0.447, Train_accy 88.46, Test_accy 79.79:  70%|███████   | 35/50 [10:01<04:33, 18.21s/it]
Task 0, Epoch 36/50 => Loss 0.462, Train_accy 87.85:  70%|███████   | 35/50 [10:17<04:33, 18.21s/it]                 
Task 0, Epoch 36/50 => Loss 0.462, Train_accy 87.85:  72%|███████▏  | 36/50 [10:17<04:04, 17.43s/it]
Task 0, Epoch 37/50 => Loss 0.424, Train_accy 89.06:  72%|███████▏  | 36/50 [10:32<04:04, 17.43s/it]
Task 0, Epoch 37/50 => Loss 0.424, Train_accy 89.06:  74%|███████▍  | 37/50 [10:32<03:39, 16.89s/it]
Task 0, Epoch 38/50 => Loss 0.432, Train_accy 88.91:  74%|███████▍  | 37/50 [10:48<03:39, 16.89s/it]
Task 0, Epoch 38/50 => Loss 0.432, Train_accy 88.91:  76%|███████▌  | 38/50 [10:48<03:17, 16.46s/it]
Task 0, Epoch 39/50 => Loss 0.435, Train_accy 88.41:  76%|███████▌  | 38/50 [11:03<03:17, 16.46s/it]
Task 0, Epoch 39/50 => Loss 0.435, Train_accy 88.41:  78%|███████▊  | 39/50 [11:03<02:57, 16.16s/it]
Task 0, Epoch 40/50 => Loss 0.420, Train_accy 89.56, Test_accy 79.71:  78%|███████▊  | 39/50 [11:27<02:57, 16.16s/it]
Task 0, Epoch 40/50 => Loss 0.420, Train_accy 89.56, Test_accy 79.71:  80%|████████  | 40/50 [11:27<03:02, 18.28s/it]
Task 0, Epoch 41/50 => Loss 0.430, Train_accy 89.21:  80%|████████  | 40/50 [11:42<03:02, 18.28s/it]                 
Task 0, Epoch 41/50 => Loss 0.430, Train_accy 89.21:  82%|████████▏ | 41/50 [11:42<02:36, 17.36s/it]
Task 0, Epoch 42/50 => Loss 0.418, Train_accy 89.45:  82%|████████▏ | 41/50 [11:57<02:36, 17.36s/it]
Task 0, Epoch 42/50 => Loss 0.418, Train_accy 89.45:  84%|████████▍ | 42/50 [11:57<02:14, 16.80s/it]
Task 0, Epoch 43/50 => Loss 0.395, Train_accy 90.18:  84%|████████▍ | 42/50 [12:13<02:14, 16.80s/it]
Task 0, Epoch 43/50 => Loss 0.395, Train_accy 90.18:  86%|████████▌ | 43/50 [12:13<01:54, 16.37s/it]
Task 0, Epoch 44/50 => Loss 0.436, Train_accy 88.69:  86%|████████▌ | 43/50 [12:28<01:54, 16.37s/it]
Task 0, Epoch 44/50 => Loss 0.436, Train_accy 88.69:  88%|████████▊ | 44/50 [12:28<01:36, 16.05s/it]
Task 0, Epoch 45/50 => Loss 0.400, Train_accy 89.71, Test_accy 80.24:  88%|████████▊ | 44/50 [12:51<01:36, 16.05s/it]
Task 0, Epoch 45/50 => Loss 0.400, Train_accy 89.71, Test_accy 80.24:  90%|█████████ | 45/50 [12:51<01:31, 18.24s/it]
Task 0, Epoch 46/50 => Loss 0.395, Train_accy 89.96:  90%|█████████ | 45/50 [13:07<01:31, 18.24s/it]                 
Task 0, Epoch 46/50 => Loss 0.395, Train_accy 89.96:  92%|█████████▏| 46/50 [13:07<01:09, 17.39s/it]
Task 0, Epoch 47/50 => Loss 0.408, Train_accy 89.73:  92%|█████████▏| 46/50 [13:22<01:09, 17.39s/it]
Task 0, Epoch 47/50 => Loss 0.408, Train_accy 89.73:  94%|█████████▍| 47/50 [13:22<00:50, 16.84s/it]
Task 0, Epoch 48/50 => Loss 0.404, Train_accy 89.34:  94%|█████████▍| 47/50 [13:38<00:50, 16.84s/it]
Task 0, Epoch 48/50 => Loss 0.404, Train_accy 89.34:  96%|█████████▌| 48/50 [13:38<00:32, 16.48s/it]
Task 0, Epoch 49/50 => Loss 0.408, Train_accy 89.58:  96%|█████████▌| 48/50 [13:53<00:32, 16.48s/it]
Task 0, Epoch 49/50 => Loss 0.408, Train_accy 89.58:  98%|█████████▊| 49/50 [13:53<00:16, 16.19s/it]
Task 0, Epoch 50/50 => Loss 0.423, Train_accy 89.34, Test_accy 79.41:  98%|█████████▊| 49/50 [14:17<00:16, 16.19s/it]
Task 0, Epoch 50/50 => Loss 0.423, Train_accy 89.34, Test_accy 79.41: 100%|██████████| 50/50 [14:17<00:00, 18.34s/it]
Task 0, Epoch 50/50 => Loss 0.423, Train_accy 89.34, Test_accy 79.41: 100%|██████████| 50/50 [14:17<00:00, 17.14s/it]2025-02-06 16:58:53,018 [lae.py] => Task 0, Epoch 50/50 => Loss 0.423, Train_accy 89.34, Test_accy 79.41

2025-02-06 16:59:01,033 [trainer.py] => No NME accuracy.
2025-02-06 16:59:01,034 [trainer.py] => CNN: {'total': 79.41, '00-39': 79.41, 'old': 0, 'new': 79.41}
2025-02-06 16:59:01,034 [trainer.py] => CNN top1 curve: [79.41]
2025-02-06 16:59:01,034 [trainer.py] => CNN top5 curve: [93.04]

Average Accuracy (CNN): 79.41
2025-02-06 16:59:01,034 [trainer.py] => Average Accuracy (CNN): 79.41 

2025-02-06 16:59:01,035 [trainer.py] => All params: 85913956
2025-02-06 16:59:01,037 [trainer.py] => Trainable params: 73030
2025-02-06 16:59:01,039 [lae.py] => Learning on 40-80

  0%|          | 0/50 [00:00<?, ?it/s]
Task 1, Epoch 1/50 => Loss 4.322, Train_accy 11.32:   0%|          | 0/50 [00:22<?, ?it/s]
Task 1, Epoch 1/50 => Loss 4.322, Train_accy 11.32:   2%|▏         | 1/50 [00:22<17:59, 22.04s/it]
Task 1, Epoch 2/50 => Loss 2.489, Train_accy 40.25:   2%|▏         | 1/50 [00:35<17:59, 22.04s/it]
Task 1, Epoch 2/50 => Loss 2.489, Train_accy 40.25:   4%|▍         | 2/50 [00:35<13:24, 16.77s/it]
Task 1, Epoch 3/50 => Loss 1.851, Train_accy 54.34:   4%|▍         | 2/50 [00:48<13:24, 16.77s/it]
Task 1, Epoch 3/50 => Loss 1.851, Train_accy 54.34:   6%|▌         | 3/50 [00:48<11:54, 15.21s/it]
Task 1, Epoch 4/50 => Loss 1.515, Train_accy 62.30:   6%|▌         | 3/50 [01:01<11:54, 15.21s/it]
Task 1, Epoch 4/50 => Loss 1.515, Train_accy 62.30:   8%|▊         | 4/50 [01:01<11:05, 14.48s/it]
Task 1, Epoch 5/50 => Loss 1.375, Train_accy 64.43, Test_accy 62.81:   8%|▊         | 4/50 [01:29<11:05, 14.48s/it]
Task 1, Epoch 5/50 => Loss 1.375, Train_accy 64.43, Test_accy 62.81:  10%|█         | 5/50 [01:29<14:21, 19.14s/it]
Task 1, Epoch 6/50 => Loss 1.224, Train_accy 68.49:  10%|█         | 5/50 [01:42<14:21, 19.14s/it]                 
Task 1, Epoch 6/50 => Loss 1.224, Train_accy 68.49:  12%|█▏        | 6/50 [01:42<12:34, 17.16s/it]
Task 1, Epoch 7/50 => Loss 1.179, Train_accy 69.46:  12%|█▏        | 6/50 [01:55<12:34, 17.16s/it]
Task 1, Epoch 7/50 => Loss 1.179, Train_accy 69.46:  14%|█▍        | 7/50 [01:55<11:25, 15.94s/it]
Task 1, Epoch 8/50 => Loss 1.067, Train_accy 71.61:  14%|█▍        | 7/50 [02:09<11:25, 15.94s/it]
Task 1, Epoch 8/50 => Loss 1.067, Train_accy 71.61:  16%|█▌        | 8/50 [02:09<10:34, 15.11s/it]
Task 1, Epoch 9/50 => Loss 0.994, Train_accy 73.60:  16%|█▌        | 8/50 [02:22<10:34, 15.11s/it]
Task 1, Epoch 9/50 => Loss 0.994, Train_accy 73.60:  18%|█▊        | 9/50 [02:22<09:57, 14.58s/it]
Task 1, Epoch 10/50 => Loss 0.918, Train_accy 75.71, Test_accy 68.21:  18%|█▊        | 9/50 [02:50<09:57, 14.58s/it]
Task 1, Epoch 10/50 => Loss 0.918, Train_accy 75.71, Test_accy 68.21:  20%|██        | 10/50 [02:50<12:21, 18.55s/it]
Task 1, Epoch 11/50 => Loss 0.899, Train_accy 76.19:  20%|██        | 10/50 [03:03<12:21, 18.55s/it]                 
Task 1, Epoch 11/50 => Loss 0.899, Train_accy 76.19:  22%|██▏       | 11/50 [03:03<11:00, 16.92s/it]
Task 1, Epoch 12/50 => Loss 0.857, Train_accy 77.16:  22%|██▏       | 11/50 [03:16<11:00, 16.92s/it]
Task 1, Epoch 12/50 => Loss 0.857, Train_accy 77.16:  24%|██▍       | 12/50 [03:16<10:01, 15.84s/it]
Task 1, Epoch 13/50 => Loss 0.760, Train_accy 79.27:  24%|██▍       | 12/50 [03:29<10:01, 15.84s/it]
Task 1, Epoch 13/50 => Loss 0.760, Train_accy 79.27:  26%|██▌       | 13/50 [03:29<09:16, 15.04s/it]
Task 1, Epoch 14/50 => Loss 0.768, Train_accy 79.64:  26%|██▌       | 13/50 [03:43<09:16, 15.04s/it]
Task 1, Epoch 14/50 => Loss 0.768, Train_accy 79.64:  28%|██▊       | 14/50 [03:43<08:41, 14.50s/it]
Task 1, Epoch 15/50 => Loss 0.749, Train_accy 80.37, Test_accy 70.02:  28%|██▊       | 14/50 [04:10<08:41, 14.50s/it]
Task 1, Epoch 15/50 => Loss 0.749, Train_accy 80.37, Test_accy 70.02:  30%|███       | 15/50 [04:10<10:45, 18.44s/it]
Task 1, Epoch 16/50 => Loss 0.720, Train_accy 81.41:  30%|███       | 15/50 [04:24<10:45, 18.44s/it]                 
Task 1, Epoch 16/50 => Loss 0.720, Train_accy 81.41:  32%|███▏      | 16/50 [04:24<09:34, 16.90s/it]
Task 1, Epoch 17/50 => Loss 0.691, Train_accy 81.60:  32%|███▏      | 16/50 [04:37<09:34, 16.90s/it]
Task 1, Epoch 17/50 => Loss 0.691, Train_accy 81.60:  34%|███▍      | 17/50 [04:37<08:41, 15.80s/it]
Task 1, Epoch 18/50 => Loss 0.635, Train_accy 82.74:  34%|███▍      | 17/50 [04:50<08:41, 15.80s/it]
Task 1, Epoch 18/50 => Loss 0.635, Train_accy 82.74:  36%|███▌      | 18/50 [04:50<08:02, 15.07s/it]
Task 1, Epoch 19/50 => Loss 0.669, Train_accy 82.53:  36%|███▌      | 18/50 [05:04<08:02, 15.07s/it]
Task 1, Epoch 19/50 => Loss 0.669, Train_accy 82.53:  38%|███▊      | 19/50 [05:04<07:34, 14.66s/it]
Task 1, Epoch 20/50 => Loss 0.670, Train_accy 82.66, Test_accy 71.14:  38%|███▊      | 19/50 [05:32<07:34, 14.66s/it]
Task 1, Epoch 20/50 => Loss 0.670, Train_accy 82.66, Test_accy 71.14:  40%|████      | 20/50 [05:32<09:16, 18.54s/it]
Task 1, Epoch 21/50 => Loss 0.608, Train_accy 84.23:  40%|████      | 20/50 [05:45<09:16, 18.54s/it]                 
Task 1, Epoch 21/50 => Loss 0.608, Train_accy 84.23:  42%|████▏     | 21/50 [05:45<08:13, 17.01s/it]
Task 1, Epoch 22/50 => Loss 0.611, Train_accy 83.99:  42%|████▏     | 21/50 [05:58<08:13, 17.01s/it]
Task 1, Epoch 22/50 => Loss 0.611, Train_accy 83.99:  44%|████▍     | 22/50 [05:58<07:25, 15.92s/it]
Task 1, Epoch 23/50 => Loss 0.584, Train_accy 84.77:  44%|████▍     | 22/50 [06:12<07:25, 15.92s/it]
Task 1, Epoch 23/50 => Loss 0.584, Train_accy 84.77:  46%|████▌     | 23/50 [06:12<06:50, 15.19s/it]
Task 1, Epoch 24/50 => Loss 0.599, Train_accy 84.40:  46%|████▌     | 23/50 [06:25<06:50, 15.19s/it]
Task 1, Epoch 24/50 => Loss 0.599, Train_accy 84.40:  48%|████▊     | 24/50 [06:25<06:20, 14.62s/it]
Task 1, Epoch 25/50 => Loss 0.566, Train_accy 85.01, Test_accy 72.14:  48%|████▊     | 24/50 [06:53<06:20, 14.62s/it]
Task 1, Epoch 25/50 => Loss 0.566, Train_accy 85.01, Test_accy 72.14:  50%|█████     | 25/50 [06:53<07:41, 18.46s/it]
Task 1, Epoch 26/50 => Loss 0.561, Train_accy 85.59:  50%|█████     | 25/50 [07:06<07:41, 18.46s/it]                 
Task 1, Epoch 26/50 => Loss 0.561, Train_accy 85.59:  52%|█████▏    | 26/50 [07:06<06:46, 16.95s/it]
Task 1, Epoch 27/50 => Loss 0.574, Train_accy 85.01:  52%|█████▏    | 26/50 [07:20<06:46, 16.95s/it]
Task 1, Epoch 27/50 => Loss 0.574, Train_accy 85.01:  54%|█████▍    | 27/50 [07:20<06:10, 16.12s/it]
Task 1, Epoch 28/50 => Loss 0.564, Train_accy 85.44:  54%|█████▍    | 27/50 [07:34<06:10, 16.12s/it]
Task 1, Epoch 28/50 => Loss 0.564, Train_accy 85.44:  56%|█████▌    | 28/50 [07:34<05:36, 15.32s/it]
Task 1, Epoch 29/50 => Loss 0.523, Train_accy 86.60:  56%|█████▌    | 28/50 [07:47<05:36, 15.32s/it]
Task 1, Epoch 29/50 => Loss 0.523, Train_accy 86.60:  58%|█████▊    | 29/50 [07:47<05:10, 14.79s/it]
Task 1, Epoch 30/50 => Loss 0.525, Train_accy 86.37, Test_accy 72.22:  58%|█████▊    | 29/50 [08:14<05:10, 14.79s/it]
Task 1, Epoch 30/50 => Loss 0.525, Train_accy 86.37, Test_accy 72.22:  60%|██████    | 30/50 [08:14<06:10, 18.51s/it]
Task 1, Epoch 31/50 => Loss 0.497, Train_accy 87.06:  60%|██████    | 30/50 [08:27<06:10, 18.51s/it]                 
Task 1, Epoch 31/50 => Loss 0.497, Train_accy 87.06:  62%|██████▏   | 31/50 [08:27<05:20, 16.89s/it]
Task 1, Epoch 32/50 => Loss 0.492, Train_accy 87.21:  62%|██████▏   | 31/50 [08:41<05:20, 16.89s/it]
Task 1, Epoch 32/50 => Loss 0.492, Train_accy 87.21:  64%|██████▍   | 32/50 [08:41<04:46, 15.93s/it]
Task 1, Epoch 33/50 => Loss 0.520, Train_accy 86.65:  64%|██████▍   | 32/50 [08:54<04:46, 15.93s/it]
Task 1, Epoch 33/50 => Loss 0.520, Train_accy 86.65:  66%|██████▌   | 33/50 [08:54<04:17, 15.14s/it]
Task 1, Epoch 34/50 => Loss 0.489, Train_accy 87.38:  66%|██████▌   | 33/50 [09:08<04:17, 15.14s/it]
Task 1, Epoch 34/50 => Loss 0.489, Train_accy 87.38:  68%|██████▊   | 34/50 [09:08<03:53, 14.60s/it]
Task 1, Epoch 35/50 => Loss 0.500, Train_accy 86.93, Test_accy 72.94:  68%|██████▊   | 34/50 [09:36<03:53, 14.60s/it]
Task 1, Epoch 35/50 => Loss 0.500, Train_accy 86.93, Test_accy 72.94:  70%|███████   | 35/50 [09:36<04:39, 18.62s/it]
Task 1, Epoch 36/50 => Loss 0.464, Train_accy 88.52:  70%|███████   | 35/50 [09:49<04:39, 18.62s/it]                 
Task 1, Epoch 36/50 => Loss 0.464, Train_accy 88.52:  72%|███████▏  | 36/50 [09:49<03:58, 17.01s/it]
Task 1, Epoch 37/50 => Loss 0.488, Train_accy 87.81:  72%|███████▏  | 36/50 [10:02<03:58, 17.01s/it]
Task 1, Epoch 37/50 => Loss 0.488, Train_accy 87.81:  74%|███████▍  | 37/50 [10:02<03:27, 15.94s/it]
Task 1, Epoch 38/50 => Loss 0.475, Train_accy 88.24:  74%|███████▍  | 37/50 [10:16<03:27, 15.94s/it]
Task 1, Epoch 38/50 => Loss 0.475, Train_accy 88.24:  76%|███████▌  | 38/50 [10:16<03:01, 15.16s/it]
Task 1, Epoch 39/50 => Loss 0.475, Train_accy 87.90:  76%|███████▌  | 38/50 [10:29<03:01, 15.16s/it]
Task 1, Epoch 39/50 => Loss 0.475, Train_accy 87.90:  78%|███████▊  | 39/50 [10:29<02:40, 14.61s/it]
Task 1, Epoch 40/50 => Loss 0.434, Train_accy 88.98, Test_accy 72.94:  78%|███████▊  | 39/50 [10:56<02:40, 14.61s/it]
Task 1, Epoch 40/50 => Loss 0.434, Train_accy 88.98, Test_accy 72.94:  80%|████████  | 40/50 [10:56<03:04, 18.41s/it]
Task 1, Epoch 41/50 => Loss 0.459, Train_accy 88.44:  80%|████████  | 40/50 [11:10<03:04, 18.41s/it]                 
Task 1, Epoch 41/50 => Loss 0.459, Train_accy 88.44:  82%|████████▏ | 41/50 [11:10<02:31, 16.88s/it]
Task 1, Epoch 42/50 => Loss 0.423, Train_accy 89.11:  82%|████████▏ | 41/50 [11:23<02:31, 16.88s/it]
Task 1, Epoch 42/50 => Loss 0.423, Train_accy 89.11:  84%|████████▍ | 42/50 [11:23<02:07, 15.90s/it]
Task 1, Epoch 43/50 => Loss 0.445, Train_accy 88.91:  84%|████████▍ | 42/50 [11:37<02:07, 15.90s/it]
Task 1, Epoch 43/50 => Loss 0.445, Train_accy 88.91:  86%|████████▌ | 43/50 [11:37<01:45, 15.12s/it]
Task 1, Epoch 44/50 => Loss 0.433, Train_accy 88.93:  86%|████████▌ | 43/50 [11:50<01:45, 15.12s/it]
Task 1, Epoch 44/50 => Loss 0.433, Train_accy 88.93:  88%|████████▊ | 44/50 [11:50<01:27, 14.58s/it]
Task 1, Epoch 45/50 => Loss 0.460, Train_accy 88.48, Test_accy 72.66:  88%|████████▊ | 44/50 [12:17<01:27, 14.58s/it]
Task 1, Epoch 45/50 => Loss 0.460, Train_accy 88.48, Test_accy 72.66:  90%|█████████ | 45/50 [12:17<01:32, 18.44s/it]
Task 1, Epoch 46/50 => Loss 0.455, Train_accy 88.31:  90%|█████████ | 45/50 [12:31<01:32, 18.44s/it]                 
Task 1, Epoch 46/50 => Loss 0.455, Train_accy 88.31:  92%|█████████▏| 46/50 [12:31<01:07, 16.96s/it]
Task 1, Epoch 47/50 => Loss 0.444, Train_accy 88.74:  92%|█████████▏| 46/50 [12:44<01:07, 16.96s/it]
Task 1, Epoch 47/50 => Loss 0.444, Train_accy 88.74:  94%|█████████▍| 47/50 [12:44<00:47, 15.85s/it]
Task 1, Epoch 48/50 => Loss 0.438, Train_accy 89.26:  94%|█████████▍| 47/50 [12:58<00:47, 15.85s/it]
Task 1, Epoch 48/50 => Loss 0.438, Train_accy 89.26:  96%|█████████▌| 48/50 [12:58<00:30, 15.09s/it]
Task 1, Epoch 49/50 => Loss 0.418, Train_accy 89.52:  96%|█████████▌| 48/50 [13:11<00:30, 15.09s/it]
Task 1, Epoch 49/50 => Loss 0.418, Train_accy 89.52:  98%|█████████▊| 49/50 [13:11<00:14, 14.58s/it]
Task 1, Epoch 50/50 => Loss 0.432, Train_accy 89.71, Test_accy 72.90:  98%|█████████▊| 49/50 [13:38<00:14, 14.58s/it]
Task 1, Epoch 50/50 => Loss 0.432, Train_accy 89.71, Test_accy 72.90: 100%|██████████| 50/50 [13:38<00:00, 18.37s/it]
Task 1, Epoch 50/50 => Loss 0.432, Train_accy 89.71, Test_accy 72.90: 100%|██████████| 50/50 [13:38<00:00, 16.37s/it]2025-02-06 17:12:39,645 [lae.py] => Task 1, Epoch 50/50 => Loss 0.432, Train_accy 89.71, Test_accy 72.90

2025-02-06 17:12:53,775 [trainer.py] => No NME accuracy.
2025-02-06 17:12:53,776 [trainer.py] => CNN: {'total': 72.9, '00-39': 75.32, '40-79': 70.18, 'old': 75.32, 'new': 70.18}
2025-02-06 17:12:53,776 [trainer.py] => CNN top1 curve: [79.41, 72.9]
2025-02-06 17:12:53,776 [trainer.py] => CNN top5 curve: [93.04, 89.19]

Average Accuracy (CNN): 76.16
2025-02-06 17:12:53,776 [trainer.py] => Average Accuracy (CNN): 76.16 

2025-02-06 17:12:53,778 [trainer.py] => All params: 85944716
2025-02-06 17:12:53,779 [trainer.py] => Trainable params: 103790
2025-02-06 17:12:53,781 [lae.py] => Learning on 80-120

  0%|          | 0/50 [00:00<?, ?it/s]
Task 2, Epoch 1/50 => Loss 4.213, Train_accy 13.26:   0%|          | 0/50 [00:22<?, ?it/s]
Task 2, Epoch 1/50 => Loss 4.213, Train_accy 13.26:   2%|▏         | 1/50 [00:22<18:13, 22.33s/it]
Task 2, Epoch 2/50 => Loss 2.427, Train_accy 41.40:   2%|▏         | 1/50 [00:36<18:13, 22.33s/it]
Task 2, Epoch 2/50 => Loss 2.427, Train_accy 41.40:   4%|▍         | 2/50 [00:36<13:50, 17.31s/it]
Task 2, Epoch 3/50 => Loss 1.763, Train_accy 56.12:   4%|▍         | 2/50 [00:50<13:50, 17.31s/it]
Task 2, Epoch 3/50 => Loss 1.763, Train_accy 56.12:   6%|▌         | 3/50 [00:50<12:20, 15.76s/it]
Task 2, Epoch 4/50 => Loss 1.458, Train_accy 63.12:   6%|▌         | 3/50 [01:03<12:20, 15.76s/it]
Task 2, Epoch 4/50 => Loss 1.458, Train_accy 63.12:   8%|▊         | 4/50 [01:03<11:31, 15.04s/it]
Task 2, Epoch 5/50 => Loss 1.299, Train_accy 66.30, Test_accy 61.92:   8%|▊         | 4/50 [01:37<11:31, 15.04s/it]
Task 2, Epoch 5/50 => Loss 1.299, Train_accy 66.30, Test_accy 61.92:  10%|█         | 5/50 [01:37<16:22, 21.84s/it]
Task 2, Epoch 6/50 => Loss 1.149, Train_accy 69.94:  10%|█         | 5/50 [01:51<16:22, 21.84s/it]                 
Task 2, Epoch 6/50 => Loss 1.149, Train_accy 69.94:  12%|█▏        | 6/50 [01:51<14:01, 19.13s/it]
Task 2, Epoch 7/50 => Loss 1.113, Train_accy 70.60:  12%|█▏        | 6/50 [02:05<14:01, 19.13s/it]
Task 2, Epoch 7/50 => Loss 1.113, Train_accy 70.60:  14%|█▍        | 7/50 [02:05<12:29, 17.44s/it]
Task 2, Epoch 8/50 => Loss 1.005, Train_accy 73.10:  14%|█▍        | 7/50 [02:19<12:29, 17.44s/it]
Task 2, Epoch 8/50 => Loss 1.005, Train_accy 73.10:  16%|█▌        | 8/50 [02:19<11:24, 16.30s/it]
Task 2, Epoch 9/50 => Loss 0.948, Train_accy 75.27:  16%|█▌        | 8/50 [02:33<11:24, 16.30s/it]
Task 2, Epoch 9/50 => Loss 0.948, Train_accy 75.27:  18%|█▊        | 9/50 [02:33<10:40, 15.63s/it]
Task 2, Epoch 10/50 => Loss 0.848, Train_accy 77.07, Test_accy 65.46:  18%|█▊        | 9/50 [03:07<10:40, 15.63s/it]
Task 2, Epoch 10/50 => Loss 0.848, Train_accy 77.07, Test_accy 65.46:  20%|██        | 10/50 [03:07<14:14, 21.36s/it]
Task 2, Epoch 11/50 => Loss 0.837, Train_accy 77.58:  20%|██        | 10/50 [03:21<14:14, 21.36s/it]                 
Task 2, Epoch 11/50 => Loss 0.837, Train_accy 77.58:  22%|██▏       | 11/50 [03:21<12:23, 19.07s/it]
Task 2, Epoch 12/50 => Loss 0.803, Train_accy 78.39:  22%|██▏       | 11/50 [03:35<12:23, 19.07s/it]
Task 2, Epoch 12/50 => Loss 0.803, Train_accy 78.39:  24%|██▍       | 12/50 [03:35<11:05, 17.51s/it]
Task 2, Epoch 13/50 => Loss 0.719, Train_accy 80.87:  24%|██▍       | 12/50 [03:49<11:05, 17.51s/it]
Task 2, Epoch 13/50 => Loss 0.719, Train_accy 80.87:  26%|██▌       | 13/50 [03:49<10:07, 16.43s/it]
Task 2, Epoch 14/50 => Loss 0.725, Train_accy 80.10:  26%|██▌       | 13/50 [04:03<10:07, 16.43s/it]
Task 2, Epoch 14/50 => Loss 0.725, Train_accy 80.10:  28%|██▊       | 14/50 [04:03<09:23, 15.65s/it]
Task 2, Epoch 15/50 => Loss 0.713, Train_accy 81.05, Test_accy 66.80:  28%|██▊       | 14/50 [04:37<09:23, 15.65s/it]
Task 2, Epoch 15/50 => Loss 0.713, Train_accy 81.05, Test_accy 66.80:  30%|███       | 15/50 [04:37<12:18, 21.10s/it]
Task 2, Epoch 16/50 => Loss 0.673, Train_accy 81.67:  30%|███       | 15/50 [04:51<12:18, 21.10s/it]                 
Task 2, Epoch 16/50 => Loss 0.673, Train_accy 81.67:  32%|███▏      | 16/50 [04:51<10:44, 18.95s/it]
Task 2, Epoch 17/50 => Loss 0.634, Train_accy 82.67:  32%|███▏      | 16/50 [05:04<10:44, 18.95s/it]
Task 2, Epoch 17/50 => Loss 0.634, Train_accy 82.67:  34%|███▍      | 17/50 [05:04<09:32, 17.36s/it]
Task 2, Epoch 18/50 => Loss 0.627, Train_accy 83.88:  34%|███▍      | 17/50 [05:19<09:32, 17.36s/it]
Task 2, Epoch 18/50 => Loss 0.627, Train_accy 83.88:  36%|███▌      | 18/50 [05:19<08:44, 16.41s/it]
Task 2, Epoch 19/50 => Loss 0.615, Train_accy 82.75:  36%|███▌      | 18/50 [05:32<08:44, 16.41s/it]
Task 2, Epoch 19/50 => Loss 0.615, Train_accy 82.75:  38%|███▊      | 19/50 [05:32<08:04, 15.64s/it]
Task 2, Epoch 20/50 => Loss 0.585, Train_accy 83.95, Test_accy 67.41:  38%|███▊      | 19/50 [06:06<08:04, 15.64s/it]
Task 2, Epoch 20/50 => Loss 0.585, Train_accy 83.95, Test_accy 67.41:  40%|████      | 20/50 [06:06<10:34, 21.15s/it]
Task 2, Epoch 21/50 => Loss 0.599, Train_accy 84.13:  40%|████      | 20/50 [06:20<10:34, 21.15s/it]                 
Task 2, Epoch 21/50 => Loss 0.599, Train_accy 84.13:  42%|████▏     | 21/50 [06:20<09:09, 18.95s/it]
Task 2, Epoch 22/50 => Loss 0.566, Train_accy 85.25:  42%|████▏     | 21/50 [06:34<09:09, 18.95s/it]
Task 2, Epoch 22/50 => Loss 0.566, Train_accy 85.25:  44%|████▍     | 22/50 [06:34<08:06, 17.36s/it]
Task 2, Epoch 23/50 => Loss 0.570, Train_accy 84.88:  44%|████▍     | 22/50 [06:48<08:06, 17.36s/it]
Task 2, Epoch 23/50 => Loss 0.570, Train_accy 84.88:  46%|████▌     | 23/50 [06:48<07:21, 16.36s/it]
Task 2, Epoch 24/50 => Loss 0.563, Train_accy 85.14:  46%|████▌     | 23/50 [07:02<07:21, 16.36s/it]
Task 2, Epoch 24/50 => Loss 0.563, Train_accy 85.14:  48%|████▊     | 24/50 [07:02<06:47, 15.68s/it]
Task 2, Epoch 25/50 => Loss 0.549, Train_accy 86.10, Test_accy 67.96:  48%|████▊     | 24/50 [07:36<06:47, 15.68s/it]
Task 2, Epoch 25/50 => Loss 0.549, Train_accy 86.10, Test_accy 67.96:  50%|█████     | 25/50 [07:36<08:47, 21.12s/it]
Task 2, Epoch 26/50 => Loss 0.520, Train_accy 86.63:  50%|█████     | 25/50 [07:50<08:47, 21.12s/it]                 
Task 2, Epoch 26/50 => Loss 0.520, Train_accy 86.63:  52%|█████▏    | 26/50 [07:50<07:34, 18.95s/it]
Task 2, Epoch 27/50 => Loss 0.525, Train_accy 86.38:  52%|█████▏    | 26/50 [08:04<07:34, 18.95s/it]
Task 2, Epoch 27/50 => Loss 0.525, Train_accy 86.38:  54%|█████▍    | 27/50 [08:04<06:40, 17.41s/it]
Task 2, Epoch 28/50 => Loss 0.492, Train_accy 87.29:  54%|█████▍    | 27/50 [08:17<06:40, 17.41s/it]
Task 2, Epoch 28/50 => Loss 0.492, Train_accy 87.29:  56%|█████▌    | 28/50 [08:17<05:59, 16.36s/it]
Task 2, Epoch 29/50 => Loss 0.501, Train_accy 86.90:  56%|█████▌    | 28/50 [08:31<05:59, 16.36s/it]
Task 2, Epoch 29/50 => Loss 0.501, Train_accy 86.90:  58%|█████▊    | 29/50 [08:31<05:27, 15.58s/it]
Task 2, Epoch 30/50 => Loss 0.481, Train_accy 87.42, Test_accy 67.82:  58%|█████▊    | 29/50 [09:05<05:27, 15.58s/it]
Task 2, Epoch 30/50 => Loss 0.481, Train_accy 87.42, Test_accy 67.82:  60%|██████    | 30/50 [09:05<07:01, 21.08s/it]
Task 2, Epoch 31/50 => Loss 0.483, Train_accy 87.60:  60%|██████    | 30/50 [09:19<07:01, 21.08s/it]                 
Task 2, Epoch 31/50 => Loss 0.483, Train_accy 87.60:  62%|██████▏   | 31/50 [09:19<05:58, 18.86s/it]
Task 2, Epoch 32/50 => Loss 0.510, Train_accy 86.92:  62%|██████▏   | 31/50 [09:32<05:58, 18.86s/it]
Task 2, Epoch 32/50 => Loss 0.510, Train_accy 86.92:  64%|██████▍   | 32/50 [09:32<05:11, 17.29s/it]
Task 2, Epoch 33/50 => Loss 0.476, Train_accy 86.96:  64%|██████▍   | 32/50 [09:46<05:11, 17.29s/it]
Task 2, Epoch 33/50 => Loss 0.476, Train_accy 86.96:  66%|██████▌   | 33/50 [09:46<04:36, 16.27s/it]
Task 2, Epoch 34/50 => Loss 0.460, Train_accy 88.49:  66%|██████▌   | 33/50 [10:00<04:36, 16.27s/it]
Task 2, Epoch 34/50 => Loss 0.460, Train_accy 88.49:  68%|██████▊   | 34/50 [10:00<04:08, 15.56s/it]
Task 2, Epoch 35/50 => Loss 0.461, Train_accy 88.14, Test_accy 68.50:  68%|██████▊   | 34/50 [10:34<04:08, 15.56s/it]
Task 2, Epoch 35/50 => Loss 0.461, Train_accy 88.14, Test_accy 68.50:  70%|███████   | 35/50 [10:34<05:16, 21.08s/it]
Task 2, Epoch 36/50 => Loss 0.468, Train_accy 87.71:  70%|███████   | 35/50 [10:48<05:16, 21.08s/it]                 
Task 2, Epoch 36/50 => Loss 0.468, Train_accy 87.71:  72%|███████▏  | 36/50 [10:48<04:24, 18.92s/it]
Task 2, Epoch 37/50 => Loss 0.460, Train_accy 87.69:  72%|███████▏  | 36/50 [11:02<04:24, 18.92s/it]
Task 2, Epoch 37/50 => Loss 0.460, Train_accy 87.69:  74%|███████▍  | 37/50 [11:02<03:45, 17.37s/it]
Task 2, Epoch 38/50 => Loss 0.410, Train_accy 89.21:  74%|███████▍  | 37/50 [11:16<03:45, 17.37s/it]
Task 2, Epoch 38/50 => Loss 0.410, Train_accy 89.21:  76%|███████▌  | 38/50 [11:16<03:16, 16.39s/it]
Task 2, Epoch 39/50 => Loss 0.456, Train_accy 88.33:  76%|███████▌  | 38/50 [11:30<03:16, 16.39s/it]
Task 2, Epoch 39/50 => Loss 0.456, Train_accy 88.33:  78%|███████▊  | 39/50 [11:30<02:52, 15.65s/it]
Task 2, Epoch 40/50 => Loss 0.455, Train_accy 88.60, Test_accy 68.67:  78%|███████▊  | 39/50 [12:04<02:52, 15.65s/it]
Task 2, Epoch 40/50 => Loss 0.455, Train_accy 88.60, Test_accy 68.67:  80%|████████  | 40/50 [12:04<03:31, 21.10s/it]
Task 2, Epoch 41/50 => Loss 0.418, Train_accy 88.86:  80%|████████  | 40/50 [12:18<03:31, 21.10s/it]                 
Task 2, Epoch 41/50 => Loss 0.418, Train_accy 88.86:  82%|████████▏ | 41/50 [12:18<02:50, 18.99s/it]
Task 2, Epoch 42/50 => Loss 0.413, Train_accy 89.09:  82%|████████▏ | 41/50 [12:32<02:50, 18.99s/it]
Task 2, Epoch 42/50 => Loss 0.413, Train_accy 89.09:  84%|████████▍ | 42/50 [12:32<02:19, 17.48s/it]
Task 2, Epoch 43/50 => Loss 0.423, Train_accy 88.55:  84%|████████▍ | 42/50 [12:46<02:19, 17.48s/it]
Task 2, Epoch 43/50 => Loss 0.423, Train_accy 88.55:  86%|████████▌ | 43/50 [12:46<01:55, 16.48s/it]
Task 2, Epoch 44/50 => Loss 0.428, Train_accy 89.32:  86%|████████▌ | 43/50 [13:00<01:55, 16.48s/it]
Task 2, Epoch 44/50 => Loss 0.428, Train_accy 89.32:  88%|████████▊ | 44/50 [13:00<01:34, 15.73s/it]
Task 2, Epoch 45/50 => Loss 0.414, Train_accy 89.38, Test_accy 68.56:  88%|████████▊ | 44/50 [13:34<01:34, 15.73s/it]
Task 2, Epoch 45/50 => Loss 0.414, Train_accy 89.38, Test_accy 68.56:  90%|█████████ | 45/50 [13:34<01:46, 21.22s/it]
Task 2, Epoch 46/50 => Loss 0.413, Train_accy 89.46:  90%|█████████ | 45/50 [13:48<01:46, 21.22s/it]                 
Task 2, Epoch 46/50 => Loss 0.413, Train_accy 89.46:  92%|█████████▏| 46/50 [13:48<01:16, 19.02s/it]
Task 2, Epoch 47/50 => Loss 0.398, Train_accy 89.81:  92%|█████████▏| 46/50 [14:02<01:16, 19.02s/it]
Task 2, Epoch 47/50 => Loss 0.398, Train_accy 89.81:  94%|█████████▍| 47/50 [14:02<00:52, 17.51s/it]
Task 2, Epoch 48/50 => Loss 0.396, Train_accy 89.96:  94%|█████████▍| 47/50 [14:15<00:52, 17.51s/it]
Task 2, Epoch 48/50 => Loss 0.396, Train_accy 89.96:  96%|█████████▌| 48/50 [14:15<00:32, 16.39s/it]
Task 2, Epoch 49/50 => Loss 0.404, Train_accy 89.38:  96%|█████████▌| 48/50 [14:29<00:32, 16.39s/it]
Task 2, Epoch 49/50 => Loss 0.404, Train_accy 89.38:  98%|█████████▊| 49/50 [14:29<00:15, 15.65s/it]
Task 2, Epoch 50/50 => Loss 0.409, Train_accy 89.59, Test_accy 68.78:  98%|█████████▊| 49/50 [15:03<00:15, 15.65s/it]
Task 2, Epoch 50/50 => Loss 0.409, Train_accy 89.59, Test_accy 68.78: 100%|██████████| 50/50 [15:03<00:00, 21.17s/it]
Task 2, Epoch 50/50 => Loss 0.409, Train_accy 89.59, Test_accy 68.78: 100%|██████████| 50/50 [15:03<00:00, 18.08s/it]2025-02-06 17:27:57,726 [lae.py] => Task 2, Epoch 50/50 => Loss 0.409, Train_accy 89.59, Test_accy 68.78

2025-02-06 17:28:17,767 [trainer.py] => No NME accuracy.
2025-02-06 17:28:17,768 [trainer.py] => CNN: {'total': 68.78, '00-39': 71.99, '40-79': 66.02, '80-119': 67.92, 'old': 69.18, 'new': 67.92}
2025-02-06 17:28:17,768 [trainer.py] => CNN top1 curve: [79.41, 72.9, 68.78]
2025-02-06 17:28:17,768 [trainer.py] => CNN top5 curve: [93.04, 89.19, 85.71]

Average Accuracy (CNN): 73.7
2025-02-06 17:28:17,768 [trainer.py] => Average Accuracy (CNN): 73.7 

2025-02-06 17:28:17,770 [trainer.py] => All params: 85975476
2025-02-06 17:28:17,771 [trainer.py] => Trainable params: 134550
2025-02-06 17:28:17,773 [lae.py] => Learning on 120-160

  0%|          | 0/50 [00:00<?, ?it/s]
Task 3, Epoch 1/50 => Loss 4.025, Train_accy 16.60:   0%|          | 0/50 [00:21<?, ?it/s]
Task 3, Epoch 1/50 => Loss 4.025, Train_accy 16.60:   2%|▏         | 1/50 [00:21<17:47, 21.78s/it]
Task 3, Epoch 2/50 => Loss 2.251, Train_accy 45.02:   2%|▏         | 1/50 [00:35<17:47, 21.78s/it]
Task 3, Epoch 2/50 => Loss 2.251, Train_accy 45.02:   4%|▍         | 2/50 [00:35<13:41, 17.11s/it]
Task 3, Epoch 3/50 => Loss 1.685, Train_accy 57.02:   4%|▍         | 2/50 [00:49<13:41, 17.11s/it]
Task 3, Epoch 3/50 => Loss 1.685, Train_accy 57.02:   6%|▌         | 3/50 [00:49<12:15, 15.64s/it]
Task 3, Epoch 4/50 => Loss 1.423, Train_accy 63.58:   6%|▌         | 3/50 [01:03<12:15, 15.64s/it]
Task 3, Epoch 4/50 => Loss 1.423, Train_accy 63.58:   8%|▊         | 4/50 [01:03<11:29, 14.99s/it]
Task 3, Epoch 5/50 => Loss 1.200, Train_accy 68.91, Test_accy 60.27:   8%|▊         | 4/50 [01:44<11:29, 14.99s/it]
Task 3, Epoch 5/50 => Loss 1.200, Train_accy 68.91, Test_accy 60.27:  10%|█         | 5/50 [01:44<18:13, 24.30s/it]
Task 3, Epoch 6/50 => Loss 1.072, Train_accy 71.50:  10%|█         | 5/50 [01:58<18:13, 24.30s/it]                 
Task 3, Epoch 6/50 => Loss 1.072, Train_accy 71.50:  12%|█▏        | 6/50 [01:58<15:18, 20.87s/it]
Task 3, Epoch 7/50 => Loss 0.995, Train_accy 73.50:  12%|█▏        | 6/50 [02:13<15:18, 20.87s/it]
Task 3, Epoch 7/50 => Loss 0.995, Train_accy 73.50:  14%|█▍        | 7/50 [02:13<13:29, 18.82s/it]
Task 3, Epoch 8/50 => Loss 0.932, Train_accy 75.30:  14%|█▍        | 7/50 [02:27<13:29, 18.82s/it]
Task 3, Epoch 8/50 => Loss 0.932, Train_accy 75.30:  16%|█▌        | 8/50 [02:27<12:06, 17.31s/it]
Task 3, Epoch 9/50 => Loss 0.872, Train_accy 76.52:  16%|█▌        | 8/50 [02:41<12:06, 17.31s/it]
Task 3, Epoch 9/50 => Loss 0.872, Train_accy 76.52:  18%|█▊        | 9/50 [02:41<11:07, 16.29s/it]
Task 3, Epoch 10/50 => Loss 0.835, Train_accy 77.49, Test_accy 63.69:  18%|█▊        | 9/50 [03:22<11:07, 16.29s/it]
Task 3, Epoch 10/50 => Loss 0.835, Train_accy 77.49, Test_accy 63.69:  20%|██        | 10/50 [03:22<15:56, 23.91s/it]
Task 3, Epoch 11/50 => Loss 0.800, Train_accy 78.87:  20%|██        | 10/50 [03:36<15:56, 23.91s/it]                 
Task 3, Epoch 11/50 => Loss 0.800, Train_accy 78.87:  22%|██▏       | 11/50 [03:36<13:33, 20.86s/it]
Task 3, Epoch 12/50 => Loss 0.746, Train_accy 80.28:  22%|██▏       | 11/50 [03:50<13:33, 20.86s/it]
Task 3, Epoch 12/50 => Loss 0.746, Train_accy 80.28:  24%|██▍       | 12/50 [03:50<11:52, 18.76s/it]
Task 3, Epoch 13/50 => Loss 0.719, Train_accy 81.01:  24%|██▍       | 12/50 [04:04<11:52, 18.76s/it]
Task 3, Epoch 13/50 => Loss 0.719, Train_accy 81.01:  26%|██▌       | 13/50 [04:04<10:41, 17.33s/it]
Task 3, Epoch 14/50 => Loss 0.683, Train_accy 82.06:  26%|██▌       | 13/50 [04:18<10:41, 17.33s/it]
Task 3, Epoch 14/50 => Loss 0.683, Train_accy 82.06:  28%|██▊       | 14/50 [04:18<09:51, 16.43s/it]
Task 3, Epoch 15/50 => Loss 0.679, Train_accy 81.94, Test_accy 64.86:  28%|██▊       | 14/50 [04:59<09:51, 16.43s/it]
Task 3, Epoch 15/50 => Loss 0.679, Train_accy 81.94, Test_accy 64.86:  30%|███       | 15/50 [04:59<13:54, 23.83s/it]
Task 3, Epoch 16/50 => Loss 0.615, Train_accy 83.60:  30%|███       | 15/50 [05:13<13:54, 23.83s/it]                 
Task 3, Epoch 16/50 => Loss 0.615, Train_accy 83.60:  32%|███▏      | 16/50 [05:13<11:52, 20.97s/it]
Task 3, Epoch 17/50 => Loss 0.628, Train_accy 83.36:  32%|███▏      | 16/50 [05:28<11:52, 20.97s/it]
Task 3, Epoch 17/50 => Loss 0.628, Train_accy 83.36:  34%|███▍      | 17/50 [05:28<10:27, 19.03s/it]
Task 3, Epoch 18/50 => Loss 0.586, Train_accy 84.15:  34%|███▍      | 17/50 [05:42<10:27, 19.03s/it]
Task 3, Epoch 18/50 => Loss 0.586, Train_accy 84.15:  36%|███▌      | 18/50 [05:42<09:23, 17.60s/it]
Task 3, Epoch 19/50 => Loss 0.573, Train_accy 84.57:  36%|███▌      | 18/50 [05:56<09:23, 17.60s/it]
Task 3, Epoch 19/50 => Loss 0.573, Train_accy 84.57:  38%|███▊      | 19/50 [05:56<08:33, 16.56s/it]
Task 3, Epoch 20/50 => Loss 0.549, Train_accy 85.36, Test_accy 65.65:  38%|███▊      | 19/50 [06:38<08:33, 16.56s/it]
Task 3, Epoch 20/50 => Loss 0.549, Train_accy 85.36, Test_accy 65.65:  40%|████      | 20/50 [06:38<12:03, 24.10s/it]
Task 3, Epoch 21/50 => Loss 0.545, Train_accy 85.89:  40%|████      | 20/50 [06:52<12:03, 24.10s/it]                 
Task 3, Epoch 21/50 => Loss 0.545, Train_accy 85.89:  42%|████▏     | 21/50 [06:52<10:15, 21.23s/it]
Task 3, Epoch 22/50 => Loss 0.552, Train_accy 85.16:  42%|████▏     | 21/50 [07:07<10:15, 21.23s/it]
Task 3, Epoch 22/50 => Loss 0.552, Train_accy 85.16:  44%|████▍     | 22/50 [07:07<08:56, 19.15s/it]
Task 3, Epoch 23/50 => Loss 0.500, Train_accy 86.74:  44%|████▍     | 22/50 [07:21<08:56, 19.15s/it]
Task 3, Epoch 23/50 => Loss 0.500, Train_accy 86.74:  46%|████▌     | 23/50 [07:21<08:00, 17.81s/it]
Task 3, Epoch 24/50 => Loss 0.517, Train_accy 86.36:  46%|████▌     | 23/50 [07:36<08:00, 17.81s/it]
Task 3, Epoch 24/50 => Loss 0.517, Train_accy 86.36:  48%|████▊     | 24/50 [07:36<07:15, 16.76s/it]
Task 3, Epoch 25/50 => Loss 0.508, Train_accy 86.56, Test_accy 66.36:  48%|████▊     | 24/50 [08:17<07:15, 16.76s/it]
Task 3, Epoch 25/50 => Loss 0.508, Train_accy 86.56, Test_accy 66.36:  50%|█████     | 25/50 [08:17<10:04, 24.20s/it]
Task 3, Epoch 26/50 => Loss 0.492, Train_accy 87.59:  50%|█████     | 25/50 [08:32<10:04, 24.20s/it]                 
Task 3, Epoch 26/50 => Loss 0.492, Train_accy 87.59:  52%|█████▏    | 26/50 [08:32<08:30, 21.26s/it]
Task 3, Epoch 27/50 => Loss 0.459, Train_accy 87.47:  52%|█████▏    | 26/50 [08:46<08:30, 21.26s/it]
Task 3, Epoch 27/50 => Loss 0.459, Train_accy 87.47:  54%|█████▍    | 27/50 [08:46<07:20, 19.16s/it]
Task 3, Epoch 28/50 => Loss 0.454, Train_accy 88.30:  54%|█████▍    | 27/50 [09:00<07:20, 19.16s/it]
Task 3, Epoch 28/50 => Loss 0.454, Train_accy 88.30:  56%|█████▌    | 28/50 [09:00<06:30, 17.73s/it]
Task 3, Epoch 29/50 => Loss 0.462, Train_accy 88.26:  56%|█████▌    | 28/50 [09:15<06:30, 17.73s/it]
Task 3, Epoch 29/50 => Loss 0.462, Train_accy 88.26:  58%|█████▊    | 29/50 [09:15<05:50, 16.69s/it]
Task 3, Epoch 30/50 => Loss 0.455, Train_accy 88.20, Test_accy 66.42:  58%|█████▊    | 29/50 [09:56<05:50, 16.69s/it]
Task 3, Epoch 30/50 => Loss 0.455, Train_accy 88.20, Test_accy 66.42:  60%|██████    | 30/50 [09:56<08:01, 24.07s/it]
Task 3, Epoch 31/50 => Loss 0.442, Train_accy 88.62:  60%|██████    | 30/50 [10:10<08:01, 24.07s/it]                 
Task 3, Epoch 31/50 => Loss 0.442, Train_accy 88.62:  62%|██████▏   | 31/50 [10:10<06:41, 21.15s/it]
Task 3, Epoch 32/50 => Loss 0.428, Train_accy 89.53:  62%|██████▏   | 31/50 [10:25<06:41, 21.15s/it]
Task 3, Epoch 32/50 => Loss 0.428, Train_accy 89.53:  64%|██████▍   | 32/50 [10:25<05:44, 19.17s/it]
Task 3, Epoch 33/50 => Loss 0.439, Train_accy 88.66:  64%|██████▍   | 32/50 [10:39<05:44, 19.17s/it]
Task 3, Epoch 33/50 => Loss 0.439, Train_accy 88.66:  66%|██████▌   | 33/50 [10:39<05:00, 17.70s/it]
Task 3, Epoch 34/50 => Loss 0.438, Train_accy 88.85:  66%|██████▌   | 33/50 [10:54<05:00, 17.70s/it]
Task 3, Epoch 34/50 => Loss 0.438, Train_accy 88.85:  68%|██████▊   | 34/50 [10:54<04:27, 16.73s/it]
Task 3, Epoch 35/50 => Loss 0.434, Train_accy 89.01, Test_accy 66.74:  68%|██████▊   | 34/50 [11:35<04:27, 16.73s/it]
Task 3, Epoch 35/50 => Loss 0.434, Train_accy 89.01, Test_accy 66.74:  70%|███████   | 35/50 [11:35<06:01, 24.10s/it]
Task 3, Epoch 36/50 => Loss 0.436, Train_accy 88.48:  70%|███████   | 35/50 [11:49<06:01, 24.10s/it]                 
Task 3, Epoch 36/50 => Loss 0.436, Train_accy 88.48:  72%|███████▏  | 36/50 [11:49<04:56, 21.19s/it]
Task 3, Epoch 37/50 => Loss 0.411, Train_accy 89.47:  72%|███████▏  | 36/50 [12:04<04:56, 21.19s/it]
Task 3, Epoch 37/50 => Loss 0.411, Train_accy 89.47:  74%|███████▍  | 37/50 [12:04<04:08, 19.13s/it]
Task 3, Epoch 38/50 => Loss 0.417, Train_accy 89.55:  74%|███████▍  | 37/50 [12:18<04:08, 19.13s/it]
Task 3, Epoch 38/50 => Loss 0.417, Train_accy 89.55:  76%|███████▌  | 38/50 [12:18<03:33, 17.75s/it]
Task 3, Epoch 39/50 => Loss 0.402, Train_accy 89.90:  76%|███████▌  | 38/50 [12:33<03:33, 17.75s/it]
Task 3, Epoch 39/50 => Loss 0.402, Train_accy 89.90:  78%|███████▊  | 39/50 [12:33<03:04, 16.78s/it]
Task 3, Epoch 40/50 => Loss 0.393, Train_accy 89.82, Test_accy 66.64:  78%|███████▊  | 39/50 [13:14<03:04, 16.78s/it]
Task 3, Epoch 40/50 => Loss 0.393, Train_accy 89.82, Test_accy 66.64:  80%|████████  | 40/50 [13:14<04:02, 24.28s/it]
Task 3, Epoch 41/50 => Loss 0.399, Train_accy 90.40:  80%|████████  | 40/50 [13:29<04:02, 24.28s/it]                 
Task 3, Epoch 41/50 => Loss 0.399, Train_accy 90.40:  82%|████████▏ | 41/50 [13:29<03:11, 21.28s/it]
Task 3, Epoch 42/50 => Loss 0.408, Train_accy 89.31:  82%|████████▏ | 41/50 [13:44<03:11, 21.28s/it]
Task 3, Epoch 42/50 => Loss 0.408, Train_accy 89.31:  84%|████████▍ | 42/50 [13:44<02:34, 19.37s/it]
Task 3, Epoch 43/50 => Loss 0.378, Train_accy 90.67:  84%|████████▍ | 42/50 [13:58<02:34, 19.37s/it]
Task 3, Epoch 43/50 => Loss 0.378, Train_accy 90.67:  86%|████████▌ | 43/50 [13:58<02:05, 17.90s/it]
Task 3, Epoch 44/50 => Loss 0.400, Train_accy 90.00:  86%|████████▌ | 43/50 [14:12<02:05, 17.90s/it]
Task 3, Epoch 44/50 => Loss 0.400, Train_accy 90.00:  88%|████████▊ | 44/50 [14:12<01:40, 16.82s/it]
Task 3, Epoch 45/50 => Loss 0.382, Train_accy 90.61, Test_accy 66.88:  88%|████████▊ | 44/50 [14:54<01:40, 16.82s/it]
Task 3, Epoch 45/50 => Loss 0.382, Train_accy 90.61, Test_accy 66.88:  90%|█████████ | 45/50 [14:54<02:01, 24.31s/it]
Task 3, Epoch 46/50 => Loss 0.388, Train_accy 90.20:  90%|█████████ | 45/50 [15:08<02:01, 24.31s/it]                 
Task 3, Epoch 46/50 => Loss 0.388, Train_accy 90.20:  92%|█████████▏| 46/50 [15:08<01:25, 21.29s/it]
Task 3, Epoch 47/50 => Loss 0.365, Train_accy 90.71:  92%|█████████▏| 46/50 [15:23<01:25, 21.29s/it]
Task 3, Epoch 47/50 => Loss 0.365, Train_accy 90.71:  94%|█████████▍| 47/50 [15:23<00:58, 19.38s/it]
Task 3, Epoch 48/50 => Loss 0.365, Train_accy 91.03:  94%|█████████▍| 47/50 [15:38<00:58, 19.38s/it]
Task 3, Epoch 48/50 => Loss 0.365, Train_accy 91.03:  96%|█████████▌| 48/50 [15:38<00:35, 17.90s/it]
Task 3, Epoch 49/50 => Loss 0.364, Train_accy 90.40:  96%|█████████▌| 48/50 [15:52<00:35, 17.90s/it]
Task 3, Epoch 49/50 => Loss 0.364, Train_accy 90.40:  98%|█████████▊| 49/50 [15:52<00:16, 16.84s/it]
Task 3, Epoch 50/50 => Loss 0.383, Train_accy 90.57, Test_accy 67.04:  98%|█████████▊| 49/50 [16:34<00:16, 16.84s/it]
Task 3, Epoch 50/50 => Loss 0.383, Train_accy 90.57, Test_accy 67.04: 100%|██████████| 50/50 [16:34<00:00, 24.23s/it]
Task 3, Epoch 50/50 => Loss 0.383, Train_accy 90.57, Test_accy 67.04: 100%|██████████| 50/50 [16:34<00:00, 19.88s/it]2025-02-06 17:44:51,871 [lae.py] => Task 3, Epoch 50/50 => Loss 0.383, Train_accy 90.57, Test_accy 67.04

2025-02-06 17:45:18,807 [trainer.py] => No NME accuracy.
2025-02-06 17:45:18,807 [trainer.py] => CNN: {'total': 67.04, '00-39': 69.34, '40-79': 63.81, '80-119': 65.39, '120-159': 69.11, 'old': 66.31, 'new': 69.11}
2025-02-06 17:45:18,808 [trainer.py] => CNN top1 curve: [79.41, 72.9, 68.78, 67.04]
2025-02-06 17:45:18,808 [trainer.py] => CNN top5 curve: [93.04, 89.19, 85.71, 83.53]

Average Accuracy (CNN): 72.03
2025-02-06 17:45:18,808 [trainer.py] => Average Accuracy (CNN): 72.03 

2025-02-06 17:45:18,809 [trainer.py] => All params: 86006236
2025-02-06 17:45:18,810 [trainer.py] => Trainable params: 165310
2025-02-06 17:45:18,813 [lae.py] => Learning on 160-200

  0%|          | 0/50 [00:00<?, ?it/s]
Task 4, Epoch 1/50 => Loss 4.156, Train_accy 13.73:   0%|          | 0/50 [00:20<?, ?it/s]
Task 4, Epoch 1/50 => Loss 4.156, Train_accy 13.73:   2%|▏         | 1/50 [00:20<16:28, 20.17s/it]
Task 4, Epoch 2/50 => Loss 2.422, Train_accy 42.44:   2%|▏         | 1/50 [00:32<16:28, 20.17s/it]
Task 4, Epoch 2/50 => Loss 2.422, Train_accy 42.44:   4%|▍         | 2/50 [00:32<12:19, 15.41s/it]
Task 4, Epoch 3/50 => Loss 1.839, Train_accy 54.36:   4%|▍         | 2/50 [00:44<12:19, 15.41s/it]
Task 4, Epoch 3/50 => Loss 1.839, Train_accy 54.36:   6%|▌         | 3/50 [00:44<10:52, 13.88s/it]
Task 4, Epoch 4/50 => Loss 1.506, Train_accy 61.07:   6%|▌         | 3/50 [00:56<10:52, 13.88s/it]
Task 4, Epoch 4/50 => Loss 1.506, Train_accy 61.07:   8%|▊         | 4/50 [00:56<10:08, 13.23s/it]
Task 4, Epoch 5/50 => Loss 1.347, Train_accy 65.67, Test_accy 60.45:   8%|▊         | 4/50 [01:41<10:08, 13.23s/it]
Task 4, Epoch 5/50 => Loss 1.347, Train_accy 65.67, Test_accy 60.45:  10%|█         | 5/50 [01:41<18:22, 24.51s/it]
Task 4, Epoch 6/50 => Loss 1.216, Train_accy 68.26:  10%|█         | 5/50 [01:53<18:22, 24.51s/it]                 
Task 4, Epoch 6/50 => Loss 1.216, Train_accy 68.26:  12%|█▏        | 6/50 [01:53<14:54, 20.34s/it]
Task 4, Epoch 7/50 => Loss 1.099, Train_accy 70.58:  12%|█▏        | 6/50 [02:05<14:54, 20.34s/it]
Task 4, Epoch 7/50 => Loss 1.099, Train_accy 70.58:  14%|█▍        | 7/50 [02:05<12:38, 17.64s/it]
Task 4, Epoch 8/50 => Loss 1.048, Train_accy 72.93:  14%|█▍        | 7/50 [02:17<12:38, 17.64s/it]
Task 4, Epoch 8/50 => Loss 1.048, Train_accy 72.93:  16%|█▌        | 8/50 [02:17<11:07, 15.90s/it]
Task 4, Epoch 9/50 => Loss 0.959, Train_accy 74.80:  16%|█▌        | 8/50 [02:29<11:07, 15.90s/it]
Task 4, Epoch 9/50 => Loss 0.959, Train_accy 74.80:  18%|█▊        | 9/50 [02:29<10:04, 14.75s/it]
Task 4, Epoch 10/50 => Loss 0.903, Train_accy 75.87, Test_accy 62.58:  18%|█▊        | 9/50 [03:13<10:04, 14.75s/it]
Task 4, Epoch 10/50 => Loss 0.903, Train_accy 75.87, Test_accy 62.58:  20%|██        | 10/50 [03:13<15:52, 23.82s/it]
Task 4, Epoch 11/50 => Loss 0.853, Train_accy 77.41:  20%|██        | 10/50 [03:26<15:52, 23.82s/it]                 
Task 4, Epoch 11/50 => Loss 0.853, Train_accy 77.41:  22%|██▏       | 11/50 [03:26<13:09, 20.23s/it]
Task 4, Epoch 12/50 => Loss 0.840, Train_accy 77.69:  22%|██▏       | 11/50 [03:38<13:09, 20.23s/it]
Task 4, Epoch 12/50 => Loss 0.840, Train_accy 77.69:  24%|██▍       | 12/50 [03:38<11:14, 17.74s/it]
Task 4, Epoch 13/50 => Loss 0.780, Train_accy 79.52:  24%|██▍       | 12/50 [03:50<11:14, 17.74s/it]
Task 4, Epoch 13/50 => Loss 0.780, Train_accy 79.52:  26%|██▌       | 13/50 [03:50<09:57, 16.15s/it]
Task 4, Epoch 14/50 => Loss 0.766, Train_accy 79.54:  26%|██▌       | 13/50 [04:02<09:57, 16.15s/it]
Task 4, Epoch 14/50 => Loss 0.766, Train_accy 79.54:  28%|██▊       | 14/50 [04:02<08:55, 14.87s/it]
Task 4, Epoch 15/50 => Loss 0.749, Train_accy 79.82, Test_accy 63.50:  28%|██▊       | 14/50 [04:46<08:55, 14.87s/it]
Task 4, Epoch 15/50 => Loss 0.749, Train_accy 79.82, Test_accy 63.50:  30%|███       | 15/50 [04:46<13:46, 23.61s/it]
Task 4, Epoch 16/50 => Loss 0.666, Train_accy 82.55:  30%|███       | 15/50 [04:58<13:46, 23.61s/it]                 
Task 4, Epoch 16/50 => Loss 0.666, Train_accy 82.55:  32%|███▏      | 16/50 [04:58<11:24, 20.13s/it]
Task 4, Epoch 17/50 => Loss 0.648, Train_accy 83.03:  32%|███▏      | 16/50 [05:10<11:24, 20.13s/it]
Task 4, Epoch 17/50 => Loss 0.648, Train_accy 83.03:  34%|███▍      | 17/50 [05:10<09:43, 17.69s/it]
Task 4, Epoch 18/50 => Loss 0.674, Train_accy 82.81:  34%|███▍      | 17/50 [05:22<09:43, 17.69s/it]
Task 4, Epoch 18/50 => Loss 0.674, Train_accy 82.81:  36%|███▌      | 18/50 [05:22<08:31, 16.00s/it]
Task 4, Epoch 19/50 => Loss 0.615, Train_accy 83.14:  36%|███▌      | 18/50 [05:34<08:31, 16.00s/it]
Task 4, Epoch 19/50 => Loss 0.615, Train_accy 83.14:  38%|███▊      | 19/50 [05:34<07:39, 14.83s/it]
Task 4, Epoch 20/50 => Loss 0.627, Train_accy 84.19, Test_accy 64.20:  38%|███▊      | 19/50 [06:18<07:39, 14.83s/it]
Task 4, Epoch 20/50 => Loss 0.627, Train_accy 84.19, Test_accy 64.20:  40%|████      | 20/50 [06:18<11:45, 23.51s/it]
Task 4, Epoch 21/50 => Loss 0.611, Train_accy 84.09:  40%|████      | 20/50 [06:31<11:45, 23.51s/it]                 
Task 4, Epoch 21/50 => Loss 0.611, Train_accy 84.09:  42%|████▏     | 21/50 [06:31<09:49, 20.33s/it]
Task 4, Epoch 22/50 => Loss 0.598, Train_accy 84.76:  42%|████▏     | 21/50 [06:43<09:49, 20.33s/it]
Task 4, Epoch 22/50 => Loss 0.598, Train_accy 84.76:  44%|████▍     | 22/50 [06:43<08:22, 17.94s/it]
Task 4, Epoch 23/50 => Loss 0.580, Train_accy 84.78:  44%|████▍     | 22/50 [06:55<08:22, 17.94s/it]
Task 4, Epoch 23/50 => Loss 0.580, Train_accy 84.78:  46%|████▌     | 23/50 [06:55<07:17, 16.20s/it]
Task 4, Epoch 24/50 => Loss 0.575, Train_accy 85.37:  46%|████▌     | 23/50 [07:07<07:17, 16.20s/it]
Task 4, Epoch 24/50 => Loss 0.575, Train_accy 85.37:  48%|████▊     | 24/50 [07:07<06:28, 14.96s/it]
Task 4, Epoch 25/50 => Loss 0.566, Train_accy 85.54, Test_accy 64.23:  48%|████▊     | 24/50 [07:51<06:28, 14.96s/it]
Task 4, Epoch 25/50 => Loss 0.566, Train_accy 85.54, Test_accy 64.23:  50%|█████     | 25/50 [07:51<09:50, 23.63s/it]
Task 4, Epoch 26/50 => Loss 0.516, Train_accy 86.65:  50%|█████     | 25/50 [08:04<09:50, 23.63s/it]                 
Task 4, Epoch 26/50 => Loss 0.516, Train_accy 86.65:  52%|█████▏    | 26/50 [08:04<08:06, 20.26s/it]
Task 4, Epoch 27/50 => Loss 0.520, Train_accy 86.49:  52%|█████▏    | 26/50 [08:16<08:06, 20.26s/it]
Task 4, Epoch 27/50 => Loss 0.520, Train_accy 86.49:  54%|█████▍    | 27/50 [08:16<06:49, 17.79s/it]
Task 4, Epoch 28/50 => Loss 0.533, Train_accy 86.34:  54%|█████▍    | 27/50 [08:28<06:49, 17.79s/it]
Task 4, Epoch 28/50 => Loss 0.533, Train_accy 86.34:  56%|█████▌    | 28/50 [08:28<05:55, 16.15s/it]
Task 4, Epoch 29/50 => Loss 0.540, Train_accy 86.46:  56%|█████▌    | 28/50 [08:40<05:55, 16.15s/it]
Task 4, Epoch 29/50 => Loss 0.540, Train_accy 86.46:  58%|█████▊    | 29/50 [08:40<05:13, 14.91s/it]
Task 4, Epoch 30/50 => Loss 0.493, Train_accy 87.25, Test_accy 64.48:  58%|█████▊    | 29/50 [09:24<05:13, 14.91s/it]
Task 4, Epoch 30/50 => Loss 0.493, Train_accy 87.25, Test_accy 64.48:  60%|██████    | 30/50 [09:24<07:51, 23.55s/it]
Task 4, Epoch 31/50 => Loss 0.494, Train_accy 87.55:  60%|██████    | 30/50 [09:36<07:51, 23.55s/it]                 
Task 4, Epoch 31/50 => Loss 0.494, Train_accy 87.55:  62%|██████▏   | 31/50 [09:36<06:22, 20.13s/it]
Task 4, Epoch 32/50 => Loss 0.471, Train_accy 88.03:  62%|██████▏   | 31/50 [09:48<06:22, 20.13s/it]
Task 4, Epoch 32/50 => Loss 0.471, Train_accy 88.03:  64%|██████▍   | 32/50 [09:48<05:18, 17.68s/it]
Task 4, Epoch 33/50 => Loss 0.487, Train_accy 87.58:  64%|██████▍   | 32/50 [10:00<05:18, 17.68s/it]
Task 4, Epoch 33/50 => Loss 0.487, Train_accy 87.58:  66%|██████▌   | 33/50 [10:00<04:31, 15.98s/it]
Task 4, Epoch 34/50 => Loss 0.456, Train_accy 88.55:  66%|██████▌   | 33/50 [10:12<04:31, 15.98s/it]
Task 4, Epoch 34/50 => Loss 0.456, Train_accy 88.55:  68%|██████▊   | 34/50 [10:12<03:56, 14.78s/it]
Task 4, Epoch 35/50 => Loss 0.454, Train_accy 88.60, Test_accy 64.78:  68%|██████▊   | 34/50 [10:56<03:56, 14.78s/it]
Task 4, Epoch 35/50 => Loss 0.454, Train_accy 88.60, Test_accy 64.78:  70%|███████   | 35/50 [10:56<05:53, 23.54s/it]
Task 4, Epoch 36/50 => Loss 0.456, Train_accy 88.74:  70%|███████   | 35/50 [11:08<05:53, 23.54s/it]                 
Task 4, Epoch 36/50 => Loss 0.456, Train_accy 88.74:  72%|███████▏  | 36/50 [11:08<04:41, 20.12s/it]
Task 4, Epoch 37/50 => Loss 0.461, Train_accy 88.50:  72%|███████▏  | 36/50 [11:20<04:41, 20.12s/it]
Task 4, Epoch 37/50 => Loss 0.461, Train_accy 88.50:  74%|███████▍  | 37/50 [11:20<03:50, 17.71s/it]
Task 4, Epoch 38/50 => Loss 0.465, Train_accy 88.50:  74%|███████▍  | 37/50 [11:32<03:50, 17.71s/it]
Task 4, Epoch 38/50 => Loss 0.465, Train_accy 88.50:  76%|███████▌  | 38/50 [11:32<03:12, 16.03s/it]
Task 4, Epoch 39/50 => Loss 0.460, Train_accy 88.24:  76%|███████▌  | 38/50 [11:44<03:12, 16.03s/it]
Task 4, Epoch 39/50 => Loss 0.460, Train_accy 88.24:  78%|███████▊  | 39/50 [11:44<02:43, 14.87s/it]
Task 4, Epoch 40/50 => Loss 0.442, Train_accy 89.14, Test_accy 64.83:  78%|███████▊  | 39/50 [12:28<02:43, 14.87s/it]
Task 4, Epoch 40/50 => Loss 0.442, Train_accy 89.14, Test_accy 64.83:  80%|████████  | 40/50 [12:28<03:56, 23.66s/it]
Task 4, Epoch 41/50 => Loss 0.420, Train_accy 89.05:  80%|████████  | 40/50 [12:40<03:56, 23.66s/it]                 
Task 4, Epoch 41/50 => Loss 0.420, Train_accy 89.05:  82%|████████▏ | 41/50 [12:40<03:01, 20.20s/it]
Task 4, Epoch 42/50 => Loss 0.438, Train_accy 88.90:  82%|████████▏ | 41/50 [12:53<03:01, 20.20s/it]
Task 4, Epoch 42/50 => Loss 0.438, Train_accy 88.90:  84%|████████▍ | 42/50 [12:53<02:22, 17.82s/it]
Task 4, Epoch 43/50 => Loss 0.431, Train_accy 88.83:  84%|████████▍ | 42/50 [13:05<02:22, 17.82s/it]
Task 4, Epoch 43/50 => Loss 0.431, Train_accy 88.83:  86%|████████▌ | 43/50 [13:05<01:53, 16.16s/it]
Task 4, Epoch 44/50 => Loss 0.423, Train_accy 89.24:  86%|████████▌ | 43/50 [13:17<01:53, 16.16s/it]
Task 4, Epoch 44/50 => Loss 0.423, Train_accy 89.24:  88%|████████▊ | 44/50 [13:17<01:29, 15.00s/it]
Task 4, Epoch 45/50 => Loss 0.389, Train_accy 90.09, Test_accy 64.60:  88%|████████▊ | 44/50 [14:02<01:29, 15.00s/it]
Task 4, Epoch 45/50 => Loss 0.389, Train_accy 90.09, Test_accy 64.60:  90%|█████████ | 45/50 [14:02<01:59, 23.91s/it]
Task 4, Epoch 46/50 => Loss 0.377, Train_accy 90.42:  90%|█████████ | 45/50 [14:14<01:59, 23.91s/it]                 
Task 4, Epoch 46/50 => Loss 0.377, Train_accy 90.42:  92%|█████████▏| 46/50 [14:14<01:21, 20.44s/it]
Task 4, Epoch 47/50 => Loss 0.413, Train_accy 89.38:  92%|█████████▏| 46/50 [14:27<01:21, 20.44s/it]
Task 4, Epoch 47/50 => Loss 0.413, Train_accy 89.38:  94%|█████████▍| 47/50 [14:27<00:53, 17.97s/it]
Task 4, Epoch 48/50 => Loss 0.394, Train_accy 90.21:  94%|█████████▍| 47/50 [14:39<00:53, 17.97s/it]
Task 4, Epoch 48/50 => Loss 0.394, Train_accy 90.21:  96%|█████████▌| 48/50 [14:39<00:32, 16.23s/it]
Task 4, Epoch 49/50 => Loss 0.379, Train_accy 90.47:  96%|█████████▌| 48/50 [14:51<00:32, 16.23s/it]
Task 4, Epoch 49/50 => Loss 0.379, Train_accy 90.47:  98%|█████████▊| 49/50 [14:51<00:15, 15.07s/it]
Task 4, Epoch 50/50 => Loss 0.381, Train_accy 90.71, Test_accy 64.65:  98%|█████████▊| 49/50 [15:36<00:15, 15.07s/it]
Task 4, Epoch 50/50 => Loss 0.381, Train_accy 90.71, Test_accy 64.65: 100%|██████████| 50/50 [15:36<00:00, 24.05s/it]
Task 4, Epoch 50/50 => Loss 0.381, Train_accy 90.71, Test_accy 64.65: 100%|██████████| 50/50 [15:36<00:00, 18.73s/it]2025-02-06 18:00:55,443 [lae.py] => Task 4, Epoch 50/50 => Loss 0.381, Train_accy 90.71, Test_accy 64.65

2025-02-06 18:01:27,953 [trainer.py] => No NME accuracy.
2025-02-06 18:01:27,954 [trainer.py] => CNN: {'total': 64.65, '00-39': 66.84, '40-79': 61.43, '80-119': 63.56, '120-159': 67.41, '160-199': 63.29, 'old': 64.94, 'new': 63.29}
2025-02-06 18:01:27,954 [trainer.py] => CNN top1 curve: [79.41, 72.9, 68.78, 67.04, 64.65]
2025-02-06 18:01:27,954 [trainer.py] => CNN top5 curve: [93.04, 89.19, 85.71, 83.53, 81.38]

Average Accuracy (CNN): 70.56
2025-02-06 18:01:27,954 [trainer.py] => Average Accuracy (CNN): 70.56 

Accuracy Matrix (CNN):
[[79.41 75.32 71.99 69.34 66.84]
 [ 0.   70.18 66.02 63.81 61.43]
 [ 0.    0.   67.92 65.39 63.56]
 [ 0.    0.    0.   69.11 67.41]
 [ 0.    0.    0.    0.   63.29]]
2025-02-06 18:01:27,955 [trainer.py] => Forgetting (CNN): 6.845000000000001
2025-02-06 18:01:29,856 [trainer.py] => config: ./scripts/lae/lae_inr_B0_Inc10.json
2025-02-06 18:01:29,856 [trainer.py] => prefix:  
2025-02-06 18:01:29,856 [trainer.py] => dataset: imagenetr
2025-02-06 18:01:29,856 [trainer.py] => memory_size: 0
2025-02-06 18:01:29,856 [trainer.py] => memory_per_class: 0
2025-02-06 18:01:29,856 [trainer.py] => fixed_memory: False
2025-02-06 18:01:29,856 [trainer.py] => shuffle: True
2025-02-06 18:01:29,856 [trainer.py] => init_cls: 20
2025-02-06 18:01:29,856 [trainer.py] => increment: 20
2025-02-06 18:01:29,856 [trainer.py] => model_name: lae
2025-02-06 18:01:29,856 [trainer.py] => backbone_type: vit_base_patch16_224_in21k_lae
2025-02-06 18:01:29,856 [trainer.py] => device: [device(type='cuda', index=4)]
2025-02-06 18:01:29,856 [trainer.py] => seed: 1993
2025-02-06 18:01:29,857 [trainer.py] => tuned_epoch: 50
2025-02-06 18:01:29,857 [trainer.py] => init_lr: 0.00046875
2025-02-06 18:01:29,857 [trainer.py] => batch_size: 128
2025-02-06 18:01:29,857 [trainer.py] => weight_decay: 0
2025-02-06 18:01:29,857 [trainer.py] => min_lr: 1e-05
2025-02-06 18:01:29,857 [trainer.py] => optimizer: adam
2025-02-06 18:01:29,857 [trainer.py] => scheduler: constant
2025-02-06 18:01:29,857 [trainer.py] => reinit_optimizer: True
2025-02-06 18:01:29,857 [trainer.py] => pretrained: True
2025-02-06 18:01:29,857 [trainer.py] => drop: 0.0
2025-02-06 18:01:29,857 [trainer.py] => drop_path: 0.0
2025-02-06 18:01:29,857 [trainer.py] => ema_decay: 0.9999
2025-02-06 18:01:29,857 [trainer.py] => num_freeze_epochs: 30
2025-02-06 18:01:29,857 [trainer.py] => pet_cls: Adapter
2025-02-06 18:01:29,857 [trainer.py] => pet_length: 10
2025-02-06 18:01:29,857 [trainer.py] => down_sample_dim: 5
2025-02-06 18:01:29,947 [data_manager.py] => [168, 136, 51, 9, 183, 101, 171, 99, 42, 159, 191, 70, 16, 188, 27, 10, 175, 26, 68, 187, 98, 6, 85, 35, 112, 43, 100, 0, 103, 181, 88, 59, 4, 2, 116, 174, 94, 80, 106, 1, 147, 17, 141, 131, 72, 23, 173, 54, 197, 118, 87, 32, 79, 104, 91, 19, 135, 107, 178, 36, 11, 199, 142, 8, 122, 3, 28, 57, 153, 172, 190, 56, 49, 44, 97, 62, 151, 169, 194, 55, 192, 12, 189, 78, 66, 180, 15, 137, 109, 134, 92, 119, 126, 52, 170, 40, 148, 65, 144, 64, 138, 45, 77, 89, 154, 90, 71, 193, 74, 30, 113, 143, 96, 84, 67, 50, 186, 156, 69, 21, 18, 111, 108, 58, 125, 157, 150, 110, 182, 129, 166, 83, 81, 60, 13, 165, 14, 176, 63, 117, 5, 22, 145, 121, 38, 41, 82, 127, 114, 20, 31, 53, 37, 163, 196, 130, 152, 162, 86, 76, 24, 34, 184, 149, 33, 128, 198, 155, 146, 167, 139, 120, 140, 102, 47, 25, 158, 123, 46, 164, 61, 7, 115, 75, 133, 160, 105, 132, 179, 124, 48, 73, 93, 39, 95, 195, 29, 177, 185, 161]
2025-02-06 18:01:32,152 [lae.py] => 85,840,926 model total parameters.
2025-02-06 18:01:32,153 [lae.py] => 0 model training parameters.
2025-02-06 18:01:32,154 [trainer.py] => All params: 85883196
2025-02-06 18:01:32,154 [trainer.py] => Trainable params: 0
2025-02-06 18:01:32,154 [lae.py] => Learning on 0-20

  0%|          | 0/50 [00:00<?, ?it/s]
Task 0, Epoch 1/50 => Loss 3.838, Train_accy 12.05:   0%|          | 0/50 [00:08<?, ?it/s]
Task 0, Epoch 1/50 => Loss 3.838, Train_accy 12.05:   2%|▏         | 1/50 [00:08<06:53,  8.44s/it]
Task 0, Epoch 2/50 => Loss 2.210, Train_accy 39.87:   2%|▏         | 1/50 [00:16<06:53,  8.44s/it]
Task 0, Epoch 2/50 => Loss 2.210, Train_accy 39.87:   4%|▍         | 2/50 [00:16<06:39,  8.33s/it]
Task 0, Epoch 3/50 => Loss 1.573, Train_accy 57.60:   4%|▍         | 2/50 [00:25<06:39,  8.33s/it]
Task 0, Epoch 3/50 => Loss 1.573, Train_accy 57.60:   6%|▌         | 3/50 [00:25<06:37,  8.46s/it]
Task 0, Epoch 4/50 => Loss 1.263, Train_accy 64.98:   6%|▌         | 3/50 [00:33<06:37,  8.46s/it]
Task 0, Epoch 4/50 => Loss 1.263, Train_accy 64.98:   8%|▊         | 4/50 [00:33<06:27,  8.41s/it]
Task 0, Epoch 5/50 => Loss 1.062, Train_accy 70.36, Test_accy 75.33:   8%|▊         | 4/50 [00:46<06:27,  8.41s/it]
Task 0, Epoch 5/50 => Loss 1.062, Train_accy 70.36, Test_accy 75.33:  10%|█         | 5/50 [00:46<07:33, 10.08s/it]
Task 0, Epoch 6/50 => Loss 0.959, Train_accy 72.54:  10%|█         | 5/50 [00:54<07:33, 10.08s/it]                 
Task 0, Epoch 6/50 => Loss 0.959, Train_accy 72.54:  12%|█▏        | 6/50 [00:54<06:55,  9.44s/it]
Task 0, Epoch 7/50 => Loss 0.891, Train_accy 75.25:  12%|█▏        | 6/50 [01:03<06:55,  9.44s/it]
Task 0, Epoch 7/50 => Loss 0.891, Train_accy 75.25:  14%|█▍        | 7/50 [01:03<06:32,  9.12s/it]
Task 0, Epoch 8/50 => Loss 0.837, Train_accy 75.71:  14%|█▍        | 7/50 [01:11<06:32,  9.12s/it]
Task 0, Epoch 8/50 => Loss 0.837, Train_accy 75.71:  16%|█▌        | 8/50 [01:11<06:11,  8.84s/it]
Task 0, Epoch 9/50 => Loss 0.775, Train_accy 77.32:  16%|█▌        | 8/50 [01:19<06:11,  8.84s/it]
Task 0, Epoch 9/50 => Loss 0.775, Train_accy 77.32:  18%|█▊        | 9/50 [01:19<05:57,  8.71s/it]
Task 0, Epoch 10/50 => Loss 0.708, Train_accy 79.78, Test_accy 80.41:  18%|█▊        | 9/50 [01:33<05:57,  8.71s/it]
Task 0, Epoch 10/50 => Loss 0.708, Train_accy 79.78, Test_accy 80.41:  20%|██        | 10/50 [01:33<06:41, 10.04s/it]
Task 0, Epoch 11/50 => Loss 0.663, Train_accy 80.10:  20%|██        | 10/50 [01:41<06:41, 10.04s/it]                 
Task 0, Epoch 11/50 => Loss 0.663, Train_accy 80.10:  22%|██▏       | 11/50 [01:41<06:12,  9.55s/it]
Task 0, Epoch 12/50 => Loss 0.669, Train_accy 80.74:  22%|██▏       | 11/50 [01:50<06:12,  9.55s/it]
Task 0, Epoch 12/50 => Loss 0.669, Train_accy 80.74:  24%|██▍       | 12/50 [01:50<05:51,  9.25s/it]
Task 0, Epoch 13/50 => Loss 0.630, Train_accy 81.95:  24%|██▍       | 12/50 [01:58<05:51,  9.25s/it]
Task 0, Epoch 13/50 => Loss 0.630, Train_accy 81.95:  26%|██▌       | 13/50 [01:58<05:32,  8.97s/it]
Task 0, Epoch 14/50 => Loss 0.592, Train_accy 82.67:  26%|██▌       | 13/50 [02:06<05:32,  8.97s/it]
Task 0, Epoch 14/50 => Loss 0.592, Train_accy 82.67:  28%|██▊       | 14/50 [02:06<05:16,  8.78s/it]
Task 0, Epoch 15/50 => Loss 0.585, Train_accy 82.88, Test_accy 82.00:  28%|██▊       | 14/50 [02:19<05:16,  8.78s/it]
Task 0, Epoch 15/50 => Loss 0.585, Train_accy 82.88, Test_accy 82.00:  30%|███       | 15/50 [02:19<05:51, 10.04s/it]
Task 0, Epoch 16/50 => Loss 0.551, Train_accy 83.77:  30%|███       | 15/50 [02:27<05:51, 10.04s/it]                 
Task 0, Epoch 16/50 => Loss 0.551, Train_accy 83.77:  32%|███▏      | 16/50 [02:27<05:22,  9.49s/it]
Task 0, Epoch 17/50 => Loss 0.516, Train_accy 84.91:  32%|███▏      | 16/50 [02:36<05:22,  9.49s/it]
Task 0, Epoch 17/50 => Loss 0.516, Train_accy 84.91:  34%|███▍      | 17/50 [02:36<05:01,  9.14s/it]
Task 0, Epoch 18/50 => Loss 0.506, Train_accy 85.16:  34%|███▍      | 17/50 [02:44<05:01,  9.14s/it]
Task 0, Epoch 18/50 => Loss 0.506, Train_accy 85.16:  36%|███▌      | 18/50 [02:44<04:45,  8.92s/it]
Task 0, Epoch 19/50 => Loss 0.479, Train_accy 86.16:  36%|███▌      | 18/50 [02:53<04:45,  8.92s/it]
Task 0, Epoch 19/50 => Loss 0.479, Train_accy 86.16:  38%|███▊      | 19/50 [02:53<04:33,  8.81s/it]
Task 0, Epoch 20/50 => Loss 0.464, Train_accy 86.59, Test_accy 83.02:  38%|███▊      | 19/50 [03:06<04:33,  8.81s/it]
Task 0, Epoch 20/50 => Loss 0.464, Train_accy 86.59, Test_accy 83.02:  40%|████      | 20/50 [03:06<05:01, 10.05s/it]
Task 0, Epoch 21/50 => Loss 0.496, Train_accy 85.91:  40%|████      | 20/50 [03:14<05:01, 10.05s/it]                 
Task 0, Epoch 21/50 => Loss 0.496, Train_accy 85.91:  42%|████▏     | 21/50 [03:14<04:36,  9.54s/it]
Task 0, Epoch 22/50 => Loss 0.448, Train_accy 87.59:  42%|████▏     | 21/50 [03:22<04:36,  9.54s/it]
Task 0, Epoch 22/50 => Loss 0.448, Train_accy 87.59:  44%|████▍     | 22/50 [03:22<04:16,  9.15s/it]
Task 0, Epoch 23/50 => Loss 0.439, Train_accy 87.48:  44%|████▍     | 22/50 [03:30<04:16,  9.15s/it]
Task 0, Epoch 23/50 => Loss 0.439, Train_accy 87.48:  46%|████▌     | 23/50 [03:30<03:59,  8.86s/it]
Task 0, Epoch 24/50 => Loss 0.423, Train_accy 87.77:  46%|████▌     | 23/50 [03:39<03:59,  8.86s/it]
Task 0, Epoch 24/50 => Loss 0.423, Train_accy 87.77:  48%|████▊     | 24/50 [03:39<03:46,  8.73s/it]
Task 0, Epoch 25/50 => Loss 0.418, Train_accy 88.34, Test_accy 83.16:  48%|████▊     | 24/50 [03:52<03:46,  8.73s/it]
Task 0, Epoch 25/50 => Loss 0.418, Train_accy 88.34, Test_accy 83.16:  50%|█████     | 25/50 [03:52<04:09,  9.99s/it]
Task 0, Epoch 26/50 => Loss 0.414, Train_accy 88.48:  50%|█████     | 25/50 [04:00<04:09,  9.99s/it]                 
Task 0, Epoch 26/50 => Loss 0.414, Train_accy 88.48:  52%|█████▏    | 26/50 [04:00<03:47,  9.49s/it]
Task 0, Epoch 27/50 => Loss 0.377, Train_accy 89.16:  52%|█████▏    | 26/50 [04:08<03:47,  9.49s/it]
Task 0, Epoch 27/50 => Loss 0.377, Train_accy 89.16:  54%|█████▍    | 27/50 [04:08<03:29,  9.10s/it]
Task 0, Epoch 28/50 => Loss 0.384, Train_accy 89.51:  54%|█████▍    | 27/50 [04:17<03:29,  9.10s/it]
Task 0, Epoch 28/50 => Loss 0.384, Train_accy 89.51:  56%|█████▌    | 28/50 [04:17<03:14,  8.85s/it]
Task 0, Epoch 29/50 => Loss 0.381, Train_accy 89.48:  56%|█████▌    | 28/50 [04:25<03:14,  8.85s/it]
Task 0, Epoch 29/50 => Loss 0.381, Train_accy 89.48:  58%|█████▊    | 29/50 [04:25<03:02,  8.71s/it]
Task 0, Epoch 30/50 => Loss 0.389, Train_accy 89.16, Test_accy 83.31:  58%|█████▊    | 29/50 [04:38<03:02,  8.71s/it]
Task 0, Epoch 30/50 => Loss 0.389, Train_accy 89.16, Test_accy 83.31:  60%|██████    | 30/50 [04:38<03:18,  9.92s/it]
Task 0, Epoch 31/50 => Loss 0.376, Train_accy 89.69:  60%|██████    | 30/50 [04:46<03:18,  9.92s/it]                 
Task 0, Epoch 31/50 => Loss 0.376, Train_accy 89.69:  62%|██████▏   | 31/50 [04:46<02:59,  9.43s/it]
Task 0, Epoch 32/50 => Loss 0.350, Train_accy 89.98:  62%|██████▏   | 31/50 [04:54<02:59,  9.43s/it]
Task 0, Epoch 32/50 => Loss 0.350, Train_accy 89.98:  64%|██████▍   | 32/50 [04:54<02:44,  9.15s/it]
Task 0, Epoch 33/50 => Loss 0.363, Train_accy 90.05:  64%|██████▍   | 32/50 [05:03<02:44,  9.15s/it]
Task 0, Epoch 33/50 => Loss 0.363, Train_accy 90.05:  66%|██████▌   | 33/50 [05:03<02:31,  8.93s/it]
Task 0, Epoch 34/50 => Loss 0.338, Train_accy 91.48:  66%|██████▌   | 33/50 [05:11<02:31,  8.93s/it]
Task 0, Epoch 34/50 => Loss 0.338, Train_accy 91.48:  68%|██████▊   | 34/50 [05:11<02:19,  8.72s/it]
Task 0, Epoch 35/50 => Loss 0.380, Train_accy 90.01, Test_accy 84.03:  68%|██████▊   | 34/50 [05:24<02:19,  8.72s/it]
Task 0, Epoch 35/50 => Loss 0.380, Train_accy 90.01, Test_accy 84.03:  70%|███████   | 35/50 [05:24<02:30, 10.04s/it]
Task 0, Epoch 36/50 => Loss 0.342, Train_accy 91.19:  70%|███████   | 35/50 [05:33<02:30, 10.04s/it]                 
Task 0, Epoch 36/50 => Loss 0.342, Train_accy 91.19:  72%|███████▏  | 36/50 [05:33<02:15,  9.67s/it]
Task 0, Epoch 37/50 => Loss 0.346, Train_accy 90.16:  72%|███████▏  | 36/50 [05:41<02:15,  9.67s/it]
Task 0, Epoch 37/50 => Loss 0.346, Train_accy 90.16:  74%|███████▍  | 37/50 [05:41<01:59,  9.21s/it]
Task 0, Epoch 38/50 => Loss 0.338, Train_accy 90.98:  74%|███████▍  | 37/50 [05:49<01:59,  9.21s/it]
Task 0, Epoch 38/50 => Loss 0.338, Train_accy 90.98:  76%|███████▌  | 38/50 [05:49<01:47,  8.95s/it]
Task 0, Epoch 39/50 => Loss 0.325, Train_accy 91.58:  76%|███████▌  | 38/50 [05:58<01:47,  8.95s/it]
Task 0, Epoch 39/50 => Loss 0.325, Train_accy 91.58:  78%|███████▊  | 39/50 [05:58<01:36,  8.79s/it]
Task 0, Epoch 40/50 => Loss 0.306, Train_accy 91.65, Test_accy 84.62:  78%|███████▊  | 39/50 [06:11<01:36,  8.79s/it]
Task 0, Epoch 40/50 => Loss 0.306, Train_accy 91.65, Test_accy 84.62:  80%|████████  | 40/50 [06:11<01:39,  9.95s/it]
Task 0, Epoch 41/50 => Loss 0.311, Train_accy 91.51:  80%|████████  | 40/50 [06:19<01:39,  9.95s/it]                 
Task 0, Epoch 41/50 => Loss 0.311, Train_accy 91.51:  82%|████████▏ | 41/50 [06:19<01:24,  9.44s/it]
Task 0, Epoch 42/50 => Loss 0.318, Train_accy 91.44:  82%|████████▏ | 41/50 [06:27<01:24,  9.44s/it]
Task 0, Epoch 42/50 => Loss 0.318, Train_accy 91.44:  84%|████████▍ | 42/50 [06:27<01:12,  9.06s/it]
Task 0, Epoch 43/50 => Loss 0.300, Train_accy 91.65:  84%|████████▍ | 42/50 [06:35<01:12,  9.06s/it]
Task 0, Epoch 43/50 => Loss 0.300, Train_accy 91.65:  86%|████████▌ | 43/50 [06:35<01:01,  8.81s/it]
Task 0, Epoch 44/50 => Loss 0.319, Train_accy 91.69:  86%|████████▌ | 43/50 [06:44<01:01,  8.81s/it]
Task 0, Epoch 44/50 => Loss 0.319, Train_accy 91.69:  88%|████████▊ | 44/50 [06:44<00:52,  8.68s/it]
Task 0, Epoch 45/50 => Loss 0.324, Train_accy 91.55, Test_accy 83.89:  88%|████████▊ | 44/50 [06:56<00:52,  8.68s/it]
Task 0, Epoch 45/50 => Loss 0.324, Train_accy 91.55, Test_accy 83.89:  90%|█████████ | 45/50 [06:56<00:49,  9.87s/it]
Task 0, Epoch 46/50 => Loss 0.292, Train_accy 91.90:  90%|█████████ | 45/50 [07:05<00:49,  9.87s/it]                 
Task 0, Epoch 46/50 => Loss 0.292, Train_accy 91.90:  92%|█████████▏| 46/50 [07:05<00:38,  9.58s/it]
Task 0, Epoch 47/50 => Loss 0.284, Train_accy 92.37:  92%|█████████▏| 46/50 [07:13<00:38,  9.58s/it]
Task 0, Epoch 47/50 => Loss 0.284, Train_accy 92.37:  94%|█████████▍| 47/50 [07:13<00:27,  9.15s/it]
Task 0, Epoch 48/50 => Loss 0.283, Train_accy 92.55:  94%|█████████▍| 47/50 [07:22<00:27,  9.15s/it]
Task 0, Epoch 48/50 => Loss 0.283, Train_accy 92.55:  96%|█████████▌| 48/50 [07:22<00:17,  8.89s/it]
Task 0, Epoch 49/50 => Loss 0.295, Train_accy 91.98:  96%|█████████▌| 48/50 [07:30<00:17,  8.89s/it]
Task 0, Epoch 49/50 => Loss 0.295, Train_accy 91.98:  98%|█████████▊| 49/50 [07:30<00:08,  8.66s/it]
Task 0, Epoch 50/50 => Loss 0.303, Train_accy 91.83, Test_accy 84.18:  98%|█████████▊| 49/50 [07:42<00:08,  8.66s/it]
Task 0, Epoch 50/50 => Loss 0.303, Train_accy 91.83, Test_accy 84.18: 100%|██████████| 50/50 [07:42<00:00,  9.86s/it]
Task 0, Epoch 50/50 => Loss 0.303, Train_accy 91.83, Test_accy 84.18: 100%|██████████| 50/50 [07:42<00:00,  9.26s/it]2025-02-06 18:09:15,396 [lae.py] => Task 0, Epoch 50/50 => Loss 0.303, Train_accy 91.83, Test_accy 84.18

2025-02-06 18:09:19,952 [trainer.py] => No NME accuracy.
2025-02-06 18:09:19,952 [trainer.py] => CNN: {'total': 84.18, '00-19': 84.18, 'old': 0, 'new': 84.18}
2025-02-06 18:09:19,952 [trainer.py] => CNN top1 curve: [84.18]
2025-02-06 18:09:19,952 [trainer.py] => CNN top5 curve: [96.52]

Average Accuracy (CNN): 84.18
2025-02-06 18:09:19,952 [trainer.py] => Average Accuracy (CNN): 84.18 

2025-02-06 18:09:19,954 [trainer.py] => All params: 85898576
2025-02-06 18:09:19,955 [trainer.py] => Trainable params: 57650
2025-02-06 18:09:19,958 [lae.py] => Learning on 20-40

  0%|          | 0/50 [00:00<?, ?it/s]
Task 1, Epoch 1/50 => Loss 3.662, Train_accy 13.23:   0%|          | 0/50 [00:07<?, ?it/s]
Task 1, Epoch 1/50 => Loss 3.662, Train_accy 13.23:   2%|▏         | 1/50 [00:07<06:15,  7.67s/it]
Task 1, Epoch 2/50 => Loss 2.206, Train_accy 39.34:   2%|▏         | 1/50 [00:15<06:15,  7.67s/it]
Task 1, Epoch 2/50 => Loss 2.206, Train_accy 39.34:   4%|▍         | 2/50 [00:15<06:05,  7.62s/it]
Task 1, Epoch 3/50 => Loss 1.726, Train_accy 53.86:   4%|▍         | 2/50 [00:22<06:05,  7.62s/it]
Task 1, Epoch 3/50 => Loss 1.726, Train_accy 53.86:   6%|▌         | 3/50 [00:22<05:55,  7.56s/it]
Task 1, Epoch 4/50 => Loss 1.315, Train_accy 61.36:   6%|▌         | 3/50 [00:30<05:55,  7.56s/it]
Task 1, Epoch 4/50 => Loss 1.315, Train_accy 61.36:   8%|▊         | 4/50 [00:30<05:47,  7.55s/it]
Task 1, Epoch 5/50 => Loss 1.199, Train_accy 64.40, Test_accy 66.16:   8%|▊         | 4/50 [00:45<05:47,  7.55s/it]
Task 1, Epoch 5/50 => Loss 1.199, Train_accy 64.40, Test_accy 66.16:  10%|█         | 5/50 [00:45<07:44, 10.33s/it]
Task 1, Epoch 6/50 => Loss 1.074, Train_accy 68.93:  10%|█         | 5/50 [00:53<07:44, 10.33s/it]                 
Task 1, Epoch 6/50 => Loss 1.074, Train_accy 68.93:  12%|█▏        | 6/50 [00:53<06:52,  9.38s/it]
Task 1, Epoch 7/50 => Loss 1.006, Train_accy 70.18:  12%|█▏        | 6/50 [01:00<06:52,  9.38s/it]
Task 1, Epoch 7/50 => Loss 1.006, Train_accy 70.18:  14%|█▍        | 7/50 [01:00<06:17,  8.79s/it]
Task 1, Epoch 8/50 => Loss 0.911, Train_accy 71.98:  14%|█▍        | 7/50 [01:08<06:17,  8.79s/it]
Task 1, Epoch 8/50 => Loss 0.911, Train_accy 71.98:  16%|█▌        | 8/50 [01:08<05:51,  8.38s/it]
Task 1, Epoch 9/50 => Loss 0.864, Train_accy 74.43:  16%|█▌        | 8/50 [01:15<05:51,  8.38s/it]
Task 1, Epoch 9/50 => Loss 0.864, Train_accy 74.43:  18%|█▊        | 9/50 [01:15<05:34,  8.17s/it]
Task 1, Epoch 10/50 => Loss 0.903, Train_accy 75.29, Test_accy 72.37:  18%|█▊        | 9/50 [01:31<05:34,  8.17s/it]
Task 1, Epoch 10/50 => Loss 0.903, Train_accy 75.29, Test_accy 72.37:  20%|██        | 10/50 [01:31<06:54, 10.37s/it]
Task 1, Epoch 11/50 => Loss 0.854, Train_accy 77.71:  20%|██        | 10/50 [01:39<06:54, 10.37s/it]                 
Task 1, Epoch 11/50 => Loss 0.854, Train_accy 77.71:  22%|██▏       | 11/50 [01:39<06:14,  9.60s/it]
Task 1, Epoch 12/50 => Loss 0.842, Train_accy 76.58:  22%|██▏       | 11/50 [01:46<06:14,  9.60s/it]
Task 1, Epoch 12/50 => Loss 0.842, Train_accy 76.58:  24%|██▍       | 12/50 [01:46<05:42,  9.02s/it]
Task 1, Epoch 13/50 => Loss 0.727, Train_accy 78.57:  24%|██▍       | 12/50 [01:54<05:42,  9.02s/it]
Task 1, Epoch 13/50 => Loss 0.727, Train_accy 78.57:  26%|██▌       | 13/50 [01:54<05:17,  8.58s/it]
Task 1, Epoch 14/50 => Loss 0.653, Train_accy 80.29:  26%|██▌       | 13/50 [02:01<05:17,  8.58s/it]
Task 1, Epoch 14/50 => Loss 0.653, Train_accy 80.29:  28%|██▊       | 14/50 [02:01<04:58,  8.30s/it]
Task 1, Epoch 15/50 => Loss 0.634, Train_accy 80.91, Test_accy 74.19:  28%|██▊       | 14/50 [02:17<04:58,  8.30s/it]
Task 1, Epoch 15/50 => Loss 0.634, Train_accy 80.91, Test_accy 74.19:  30%|███       | 15/50 [02:17<06:07, 10.49s/it]
Task 1, Epoch 16/50 => Loss 0.648, Train_accy 81.77:  30%|███       | 15/50 [02:25<06:07, 10.49s/it]                 
Task 1, Epoch 16/50 => Loss 0.648, Train_accy 81.77:  32%|███▏      | 16/50 [02:25<05:27,  9.65s/it]
Task 1, Epoch 17/50 => Loss 0.589, Train_accy 81.11:  32%|███▏      | 16/50 [02:32<05:27,  9.65s/it]
Task 1, Epoch 17/50 => Loss 0.589, Train_accy 81.11:  34%|███▍      | 17/50 [02:32<04:59,  9.08s/it]
Task 1, Epoch 18/50 => Loss 0.573, Train_accy 82.79:  34%|███▍      | 17/50 [02:40<04:59,  9.08s/it]
Task 1, Epoch 18/50 => Loss 0.573, Train_accy 82.79:  36%|███▌      | 18/50 [02:40<04:36,  8.65s/it]
Task 1, Epoch 19/50 => Loss 0.595, Train_accy 82.44:  36%|███▌      | 18/50 [02:48<04:36,  8.65s/it]
Task 1, Epoch 19/50 => Loss 0.595, Train_accy 82.44:  38%|███▊      | 19/50 [02:48<04:17,  8.32s/it]
Task 1, Epoch 20/50 => Loss 0.575, Train_accy 83.65, Test_accy 75.32:  38%|███▊      | 19/50 [03:03<04:17,  8.32s/it]
Task 1, Epoch 20/50 => Loss 0.575, Train_accy 83.65, Test_accy 75.32:  40%|████      | 20/50 [03:03<05:14, 10.48s/it]
Task 1, Epoch 21/50 => Loss 0.609, Train_accy 83.65:  40%|████      | 20/50 [03:11<05:14, 10.48s/it]                 
Task 1, Epoch 21/50 => Loss 0.609, Train_accy 83.65:  42%|████▏     | 21/50 [03:11<04:39,  9.63s/it]
Task 1, Epoch 22/50 => Loss 0.505, Train_accy 84.47:  42%|████▏     | 21/50 [03:19<04:39,  9.63s/it]
Task 1, Epoch 22/50 => Loss 0.505, Train_accy 84.47:  44%|████▍     | 22/50 [03:19<04:13,  9.06s/it]
Task 1, Epoch 23/50 => Loss 0.528, Train_accy 84.35:  44%|████▍     | 22/50 [03:26<04:13,  9.06s/it]
Task 1, Epoch 23/50 => Loss 0.528, Train_accy 84.35:  46%|████▌     | 23/50 [03:26<03:52,  8.62s/it]
Task 1, Epoch 24/50 => Loss 0.522, Train_accy 84.86:  46%|████▌     | 23/50 [03:34<03:52,  8.62s/it]
Task 1, Epoch 24/50 => Loss 0.522, Train_accy 84.86:  48%|████▊     | 24/50 [03:34<03:37,  8.35s/it]
Task 1, Epoch 25/50 => Loss 0.476, Train_accy 85.68, Test_accy 76.00:  48%|████▊     | 24/50 [03:49<03:37,  8.35s/it]
Task 1, Epoch 25/50 => Loss 0.476, Train_accy 85.68, Test_accy 76.00:  50%|█████     | 25/50 [03:49<04:22, 10.48s/it]
Task 1, Epoch 26/50 => Loss 0.610, Train_accy 85.13:  50%|█████     | 25/50 [03:57<04:22, 10.48s/it]                 
Task 1, Epoch 26/50 => Loss 0.610, Train_accy 85.13:  52%|█████▏    | 26/50 [03:57<03:51,  9.66s/it]
Task 1, Epoch 27/50 => Loss 0.621, Train_accy 85.95:  52%|█████▏    | 26/50 [04:05<03:51,  9.66s/it]
Task 1, Epoch 27/50 => Loss 0.621, Train_accy 85.95:  54%|█████▍    | 27/50 [04:05<03:29,  9.11s/it]
Task 1, Epoch 28/50 => Loss 0.467, Train_accy 86.38:  54%|█████▍    | 27/50 [04:12<03:29,  9.11s/it]
Task 1, Epoch 28/50 => Loss 0.467, Train_accy 86.38:  56%|█████▌    | 28/50 [04:12<03:10,  8.66s/it]
Task 1, Epoch 29/50 => Loss 0.472, Train_accy 85.32:  56%|█████▌    | 28/50 [04:20<03:10,  8.66s/it]
Task 1, Epoch 29/50 => Loss 0.472, Train_accy 85.32:  58%|█████▊    | 29/50 [04:20<02:55,  8.37s/it]
Task 1, Epoch 30/50 => Loss 0.518, Train_accy 86.18, Test_accy 76.61:  58%|█████▊    | 29/50 [04:36<02:55,  8.37s/it]
Task 1, Epoch 30/50 => Loss 0.518, Train_accy 86.18, Test_accy 76.61:  60%|██████    | 30/50 [04:36<03:29, 10.48s/it]
Task 1, Epoch 31/50 => Loss 0.449, Train_accy 86.18:  60%|██████    | 30/50 [04:43<03:29, 10.48s/it]                 
Task 1, Epoch 31/50 => Loss 0.449, Train_accy 86.18:  62%|██████▏   | 31/50 [04:43<03:03,  9.66s/it]
Task 1, Epoch 32/50 => Loss 0.440, Train_accy 87.43:  62%|██████▏   | 31/50 [04:51<03:03,  9.66s/it]
Task 1, Epoch 32/50 => Loss 0.440, Train_accy 87.43:  64%|██████▍   | 32/50 [04:51<02:43,  9.06s/it]
Task 1, Epoch 33/50 => Loss 0.429, Train_accy 88.56:  64%|██████▍   | 32/50 [04:59<02:43,  9.06s/it]
Task 1, Epoch 33/50 => Loss 0.429, Train_accy 88.56:  66%|██████▌   | 33/50 [04:59<02:26,  8.62s/it]
Task 1, Epoch 34/50 => Loss 0.426, Train_accy 87.59:  66%|██████▌   | 33/50 [05:06<02:26,  8.62s/it]
Task 1, Epoch 34/50 => Loss 0.426, Train_accy 87.59:  68%|██████▊   | 34/50 [05:06<02:13,  8.33s/it]
Task 1, Epoch 35/50 => Loss 0.401, Train_accy 87.98, Test_accy 76.76:  68%|██████▊   | 34/50 [05:22<02:13,  8.33s/it]
Task 1, Epoch 35/50 => Loss 0.401, Train_accy 87.98, Test_accy 76.76:  70%|███████   | 35/50 [05:22<02:37, 10.49s/it]
Task 1, Epoch 36/50 => Loss 0.410, Train_accy 88.45:  70%|███████   | 35/50 [05:29<02:37, 10.49s/it]                 
Task 1, Epoch 36/50 => Loss 0.410, Train_accy 88.45:  72%|███████▏  | 36/50 [05:29<02:15,  9.66s/it]
Task 1, Epoch 37/50 => Loss 0.414, Train_accy 88.10:  72%|███████▏  | 36/50 [05:37<02:15,  9.66s/it]
Task 1, Epoch 37/50 => Loss 0.414, Train_accy 88.10:  74%|███████▍  | 37/50 [05:37<01:58,  9.12s/it]
Task 1, Epoch 38/50 => Loss 0.406, Train_accy 87.35:  74%|███████▍  | 37/50 [05:45<01:58,  9.12s/it]
Task 1, Epoch 38/50 => Loss 0.406, Train_accy 87.35:  76%|███████▌  | 38/50 [05:45<01:44,  8.73s/it]
Task 1, Epoch 39/50 => Loss 0.478, Train_accy 88.10:  76%|███████▌  | 38/50 [05:53<01:44,  8.73s/it]
Task 1, Epoch 39/50 => Loss 0.478, Train_accy 88.10:  78%|███████▊  | 39/50 [05:53<01:32,  8.44s/it]
Task 1, Epoch 40/50 => Loss 0.382, Train_accy 89.27, Test_accy 77.29:  78%|███████▊  | 39/50 [06:09<01:32,  8.44s/it]
Task 1, Epoch 40/50 => Loss 0.382, Train_accy 89.27, Test_accy 77.29:  80%|████████  | 40/50 [06:09<01:45, 10.59s/it]
Task 1, Epoch 41/50 => Loss 0.429, Train_accy 88.60:  80%|████████  | 40/50 [06:16<01:45, 10.59s/it]                 
Task 1, Epoch 41/50 => Loss 0.429, Train_accy 88.60:  82%|████████▏ | 41/50 [06:16<01:27,  9.75s/it]
Task 1, Epoch 42/50 => Loss 0.416, Train_accy 88.29:  82%|████████▏ | 41/50 [06:24<01:27,  9.75s/it]
Task 1, Epoch 42/50 => Loss 0.416, Train_accy 88.29:  84%|████████▍ | 42/50 [06:24<01:12,  9.11s/it]
Task 1, Epoch 43/50 => Loss 0.390, Train_accy 89.62:  84%|████████▍ | 42/50 [06:32<01:12,  9.11s/it]
Task 1, Epoch 43/50 => Loss 0.390, Train_accy 89.62:  86%|████████▌ | 43/50 [06:32<01:00,  8.70s/it]
Task 1, Epoch 44/50 => Loss 0.435, Train_accy 89.38:  86%|████████▌ | 43/50 [06:40<01:00,  8.70s/it]
Task 1, Epoch 44/50 => Loss 0.435, Train_accy 89.38:  88%|████████▊ | 44/50 [06:40<00:50,  8.48s/it]
Task 1, Epoch 45/50 => Loss 0.425, Train_accy 88.29, Test_accy 77.21:  88%|████████▊ | 44/50 [06:55<00:50,  8.48s/it]
Task 1, Epoch 45/50 => Loss 0.425, Train_accy 88.29, Test_accy 77.21:  90%|█████████ | 45/50 [06:55<00:53, 10.62s/it]
Task 1, Epoch 46/50 => Loss 0.383, Train_accy 88.45:  90%|█████████ | 45/50 [07:03<00:53, 10.62s/it]                 
Task 1, Epoch 46/50 => Loss 0.383, Train_accy 88.45:  92%|█████████▏| 46/50 [07:03<00:39,  9.75s/it]
Task 1, Epoch 47/50 => Loss 0.350, Train_accy 90.36:  92%|█████████▏| 46/50 [07:11<00:39,  9.75s/it]
Task 1, Epoch 47/50 => Loss 0.350, Train_accy 90.36:  94%|█████████▍| 47/50 [07:11<00:27,  9.17s/it]
Task 1, Epoch 48/50 => Loss 0.338, Train_accy 89.73:  94%|█████████▍| 47/50 [07:19<00:27,  9.17s/it]
Task 1, Epoch 48/50 => Loss 0.338, Train_accy 89.73:  96%|█████████▌| 48/50 [07:19<00:17,  8.83s/it]
Task 1, Epoch 49/50 => Loss 0.364, Train_accy 90.48:  96%|█████████▌| 48/50 [07:26<00:17,  8.83s/it]
Task 1, Epoch 49/50 => Loss 0.364, Train_accy 90.48:  98%|█████████▊| 49/50 [07:26<00:08,  8.47s/it]
Task 1, Epoch 50/50 => Loss 0.380, Train_accy 88.41, Test_accy 77.59:  98%|█████████▊| 49/50 [07:42<00:08,  8.47s/it]
Task 1, Epoch 50/50 => Loss 0.380, Train_accy 88.41, Test_accy 77.59: 100%|██████████| 50/50 [07:42<00:00, 10.56s/it]
Task 1, Epoch 50/50 => Loss 0.380, Train_accy 88.41, Test_accy 77.59: 100%|██████████| 50/50 [07:42<00:00,  9.25s/it]2025-02-06 18:17:02,363 [lae.py] => Task 1, Epoch 50/50 => Loss 0.380, Train_accy 88.41, Test_accy 77.59

2025-02-06 18:17:10,573 [trainer.py] => No NME accuracy.
2025-02-06 18:17:10,574 [trainer.py] => CNN: {'total': 77.59, '00-19': 82.29, '20-39': 72.47, 'old': 82.29, 'new': 72.47}
2025-02-06 18:17:10,574 [trainer.py] => CNN top1 curve: [84.18, 77.59]
2025-02-06 18:17:10,574 [trainer.py] => CNN top5 curve: [96.52, 91.6]

Average Accuracy (CNN): 80.89
2025-02-06 18:17:10,574 [trainer.py] => Average Accuracy (CNN): 80.89 

2025-02-06 18:17:10,576 [trainer.py] => All params: 85913956
2025-02-06 18:17:10,577 [trainer.py] => Trainable params: 73030
2025-02-06 18:17:10,578 [lae.py] => Learning on 40-60

  0%|          | 0/50 [00:00<?, ?it/s]
Task 2, Epoch 1/50 => Loss 3.948, Train_accy 12.38:   0%|          | 0/50 [00:07<?, ?it/s]
Task 2, Epoch 1/50 => Loss 3.948, Train_accy 12.38:   2%|▏         | 1/50 [00:07<05:44,  7.04s/it]
Task 2, Epoch 2/50 => Loss 2.468, Train_accy 35.38:   2%|▏         | 1/50 [00:14<05:44,  7.04s/it]
Task 2, Epoch 2/50 => Loss 2.468, Train_accy 35.38:   4%|▍         | 2/50 [00:14<05:41,  7.11s/it]
Task 2, Epoch 3/50 => Loss 1.850, Train_accy 50.19:   4%|▍         | 2/50 [00:21<05:41,  7.11s/it]
Task 2, Epoch 3/50 => Loss 1.850, Train_accy 50.19:   6%|▌         | 3/50 [00:21<05:33,  7.09s/it]
Task 2, Epoch 4/50 => Loss 1.497, Train_accy 58.73:   6%|▌         | 3/50 [00:28<05:33,  7.09s/it]
Task 2, Epoch 4/50 => Loss 1.497, Train_accy 58.73:   8%|▊         | 4/50 [00:28<05:29,  7.16s/it]
Task 2, Epoch 5/50 => Loss 1.273, Train_accy 64.06, Test_accy 66.84:   8%|▊         | 4/50 [00:46<05:29,  7.16s/it]
Task 2, Epoch 5/50 => Loss 1.273, Train_accy 64.06, Test_accy 66.84:  10%|█         | 5/50 [00:46<08:22, 11.16s/it]
Task 2, Epoch 6/50 => Loss 1.149, Train_accy 69.10:  10%|█         | 5/50 [00:53<08:22, 11.16s/it]                 
Task 2, Epoch 6/50 => Loss 1.149, Train_accy 69.10:  12%|█▏        | 6/50 [00:53<07:10,  9.79s/it]
Task 2, Epoch 7/50 => Loss 1.054, Train_accy 70.12:  12%|█▏        | 6/50 [01:00<07:10,  9.79s/it]
Task 2, Epoch 7/50 => Loss 1.054, Train_accy 70.12:  14%|█▍        | 7/50 [01:00<06:22,  8.90s/it]
Task 2, Epoch 8/50 => Loss 0.947, Train_accy 71.62:  14%|█▍        | 7/50 [01:08<06:22,  8.90s/it]
Task 2, Epoch 8/50 => Loss 0.947, Train_accy 71.62:  16%|█▌        | 8/50 [01:08<05:50,  8.36s/it]
Task 2, Epoch 9/50 => Loss 0.883, Train_accy 73.75:  16%|█▌        | 8/50 [01:15<05:50,  8.36s/it]
Task 2, Epoch 9/50 => Loss 0.883, Train_accy 73.75:  18%|█▊        | 9/50 [01:15<05:29,  8.03s/it]
Task 2, Epoch 10/50 => Loss 0.812, Train_accy 76.40, Test_accy 71.51:  18%|█▊        | 9/50 [01:33<05:29,  8.03s/it]
Task 2, Epoch 10/50 => Loss 0.812, Train_accy 76.40, Test_accy 71.51:  20%|██        | 10/50 [01:33<07:26, 11.16s/it]
Task 2, Epoch 11/50 => Loss 0.761, Train_accy 77.76:  20%|██        | 10/50 [01:40<07:26, 11.16s/it]                 
Task 2, Epoch 11/50 => Loss 0.761, Train_accy 77.76:  22%|██▏       | 11/50 [01:40<06:27,  9.93s/it]
Task 2, Epoch 12/50 => Loss 0.755, Train_accy 79.51:  22%|██▏       | 11/50 [01:47<06:27,  9.93s/it]
Task 2, Epoch 12/50 => Loss 0.755, Train_accy 79.51:  24%|██▍       | 12/50 [01:47<05:44,  9.06s/it]
Task 2, Epoch 13/50 => Loss 0.703, Train_accy 80.15:  24%|██▍       | 12/50 [01:55<05:44,  9.06s/it]
Task 2, Epoch 13/50 => Loss 0.703, Train_accy 80.15:  26%|██▌       | 13/50 [01:55<05:16,  8.54s/it]
Task 2, Epoch 14/50 => Loss 0.690, Train_accy 80.37:  26%|██▌       | 13/50 [02:02<05:16,  8.54s/it]
Task 2, Epoch 14/50 => Loss 0.690, Train_accy 80.37:  28%|██▊       | 14/50 [02:02<04:50,  8.07s/it]
Task 2, Epoch 15/50 => Loss 0.633, Train_accy 81.90, Test_accy 72.65:  28%|██▊       | 14/50 [02:20<04:50,  8.07s/it]
Task 2, Epoch 15/50 => Loss 0.633, Train_accy 81.90, Test_accy 72.65:  30%|███       | 15/50 [02:20<06:30, 11.17s/it]
Task 2, Epoch 16/50 => Loss 0.611, Train_accy 83.35:  30%|███       | 15/50 [02:27<06:30, 11.17s/it]                 
Task 2, Epoch 16/50 => Loss 0.611, Train_accy 83.35:  32%|███▏      | 16/50 [02:27<05:38,  9.96s/it]
Task 2, Epoch 17/50 => Loss 0.593, Train_accy 83.99:  32%|███▏      | 16/50 [02:34<05:38,  9.96s/it]
Task 2, Epoch 17/50 => Loss 0.593, Train_accy 83.99:  34%|███▍      | 17/50 [02:34<05:01,  9.13s/it]
Task 2, Epoch 18/50 => Loss 0.553, Train_accy 83.99:  34%|███▍      | 17/50 [02:41<05:01,  9.13s/it]
Task 2, Epoch 18/50 => Loss 0.553, Train_accy 83.99:  36%|███▌      | 18/50 [02:41<04:31,  8.47s/it]
Task 2, Epoch 19/50 => Loss 0.556, Train_accy 84.17:  36%|███▌      | 18/50 [02:48<04:31,  8.47s/it]
Task 2, Epoch 19/50 => Loss 0.556, Train_accy 84.17:  38%|███▊      | 19/50 [02:48<04:10,  8.07s/it]
Task 2, Epoch 20/50 => Loss 0.553, Train_accy 84.93, Test_accy 73.02:  38%|███▊      | 19/50 [03:07<04:10,  8.07s/it]
Task 2, Epoch 20/50 => Loss 0.553, Train_accy 84.93, Test_accy 73.02:  40%|████      | 20/50 [03:07<05:40, 11.35s/it]
Task 2, Epoch 21/50 => Loss 0.541, Train_accy 85.23:  40%|████      | 20/50 [03:15<05:40, 11.35s/it]                 
Task 2, Epoch 21/50 => Loss 0.541, Train_accy 85.23:  42%|████▏     | 21/50 [03:15<04:56, 10.23s/it]
Task 2, Epoch 22/50 => Loss 0.539, Train_accy 84.55:  42%|████▏     | 21/50 [03:22<04:56, 10.23s/it]
Task 2, Epoch 22/50 => Loss 0.539, Train_accy 84.55:  44%|████▍     | 22/50 [03:22<04:20,  9.31s/it]
Task 2, Epoch 23/50 => Loss 0.513, Train_accy 85.28:  44%|████▍     | 22/50 [03:29<04:20,  9.31s/it]
Task 2, Epoch 23/50 => Loss 0.513, Train_accy 85.28:  46%|████▌     | 23/50 [03:29<03:53,  8.63s/it]
Task 2, Epoch 24/50 => Loss 0.471, Train_accy 87.49:  46%|████▌     | 23/50 [03:36<03:53,  8.63s/it]
Task 2, Epoch 24/50 => Loss 0.471, Train_accy 87.49:  48%|████▊     | 24/50 [03:36<03:33,  8.20s/it]
Task 2, Epoch 25/50 => Loss 0.458, Train_accy 87.07, Test_accy 73.48:  48%|████▊     | 24/50 [03:55<03:33,  8.20s/it]
Task 2, Epoch 25/50 => Loss 0.458, Train_accy 87.07, Test_accy 73.48:  50%|█████     | 25/50 [03:55<04:40, 11.21s/it]
Task 2, Epoch 26/50 => Loss 0.446, Train_accy 87.37:  50%|█████     | 25/50 [04:02<04:40, 11.21s/it]                 
Task 2, Epoch 26/50 => Loss 0.446, Train_accy 87.37:  52%|█████▏    | 26/50 [04:02<03:59,  9.99s/it]
Task 2, Epoch 27/50 => Loss 0.426, Train_accy 88.13:  52%|█████▏    | 26/50 [04:10<03:59,  9.99s/it]
Task 2, Epoch 27/50 => Loss 0.426, Train_accy 88.13:  54%|█████▍    | 27/50 [04:10<03:34,  9.34s/it]
Task 2, Epoch 28/50 => Loss 0.451, Train_accy 87.28:  54%|█████▍    | 27/50 [04:17<03:34,  9.34s/it]
Task 2, Epoch 28/50 => Loss 0.451, Train_accy 87.28:  56%|█████▌    | 28/50 [04:17<03:11,  8.70s/it]
Task 2, Epoch 29/50 => Loss 0.422, Train_accy 88.05:  56%|█████▌    | 28/50 [04:24<03:11,  8.70s/it]
Task 2, Epoch 29/50 => Loss 0.422, Train_accy 88.05:  58%|█████▊    | 29/50 [04:24<02:53,  8.25s/it]
Task 2, Epoch 30/50 => Loss 0.436, Train_accy 87.62, Test_accy 73.74:  58%|█████▊    | 29/50 [04:42<02:53,  8.25s/it]
Task 2, Epoch 30/50 => Loss 0.436, Train_accy 87.62, Test_accy 73.74:  60%|██████    | 30/50 [04:42<03:44, 11.20s/it]
Task 2, Epoch 31/50 => Loss 0.419, Train_accy 88.09:  60%|██████    | 30/50 [04:49<03:44, 11.20s/it]                 
Task 2, Epoch 31/50 => Loss 0.419, Train_accy 88.09:  62%|██████▏   | 31/50 [04:49<03:10, 10.02s/it]
Task 2, Epoch 32/50 => Loss 0.429, Train_accy 88.48:  62%|██████▏   | 31/50 [04:57<03:10, 10.02s/it]
Task 2, Epoch 32/50 => Loss 0.429, Train_accy 88.48:  64%|██████▍   | 32/50 [04:57<02:44,  9.14s/it]
Task 2, Epoch 33/50 => Loss 0.378, Train_accy 90.10:  64%|██████▍   | 32/50 [05:04<02:44,  9.14s/it]
Task 2, Epoch 33/50 => Loss 0.378, Train_accy 90.10:  66%|██████▌   | 33/50 [05:04<02:24,  8.52s/it]
Task 2, Epoch 34/50 => Loss 0.369, Train_accy 89.93:  66%|██████▌   | 33/50 [05:11<02:24,  8.52s/it]
Task 2, Epoch 34/50 => Loss 0.369, Train_accy 89.93:  68%|██████▊   | 34/50 [05:11<02:11,  8.22s/it]
Task 2, Epoch 35/50 => Loss 0.381, Train_accy 90.18, Test_accy 73.90:  68%|██████▊   | 34/50 [05:29<02:11,  8.22s/it]
Task 2, Epoch 35/50 => Loss 0.381, Train_accy 90.18, Test_accy 73.90:  70%|███████   | 35/50 [05:29<02:47, 11.16s/it]
Task 2, Epoch 36/50 => Loss 0.388, Train_accy 90.14:  70%|███████   | 35/50 [05:36<02:47, 11.16s/it]                 
Task 2, Epoch 36/50 => Loss 0.388, Train_accy 90.14:  72%|███████▏  | 36/50 [05:36<02:19,  9.93s/it]
Task 2, Epoch 37/50 => Loss 0.370, Train_accy 90.14:  72%|███████▏  | 36/50 [05:44<02:19,  9.93s/it]
Task 2, Epoch 37/50 => Loss 0.370, Train_accy 90.14:  74%|███████▍  | 37/50 [05:44<02:00,  9.24s/it]
Task 2, Epoch 38/50 => Loss 0.359, Train_accy 90.35:  74%|███████▍  | 37/50 [05:51<02:00,  9.24s/it]
Task 2, Epoch 38/50 => Loss 0.359, Train_accy 90.35:  76%|███████▌  | 38/50 [05:51<01:44,  8.73s/it]
Task 2, Epoch 39/50 => Loss 0.355, Train_accy 90.91:  76%|███████▌  | 38/50 [05:58<01:44,  8.73s/it]
Task 2, Epoch 39/50 => Loss 0.355, Train_accy 90.91:  78%|███████▊  | 39/50 [05:58<01:30,  8.20s/it]
Task 2, Epoch 40/50 => Loss 0.367, Train_accy 90.35, Test_accy 73.69:  78%|███████▊  | 39/50 [06:16<01:30,  8.20s/it]
Task 2, Epoch 40/50 => Loss 0.367, Train_accy 90.35, Test_accy 73.69:  80%|████████  | 40/50 [06:16<01:50, 11.07s/it]
Task 2, Epoch 41/50 => Loss 0.348, Train_accy 90.10:  80%|████████  | 40/50 [06:23<01:50, 11.07s/it]                 
Task 2, Epoch 41/50 => Loss 0.348, Train_accy 90.10:  82%|████████▏ | 41/50 [06:23<01:28,  9.87s/it]
Task 2, Epoch 42/50 => Loss 0.354, Train_accy 90.14:  82%|████████▏ | 41/50 [06:30<01:28,  9.87s/it]
Task 2, Epoch 42/50 => Loss 0.354, Train_accy 90.14:  84%|████████▍ | 42/50 [06:30<01:11,  8.98s/it]
Task 2, Epoch 43/50 => Loss 0.365, Train_accy 89.97:  84%|████████▍ | 42/50 [06:38<01:11,  8.98s/it]
Task 2, Epoch 43/50 => Loss 0.365, Train_accy 89.97:  86%|████████▌ | 43/50 [06:38<00:59,  8.53s/it]
Task 2, Epoch 44/50 => Loss 0.340, Train_accy 90.78:  86%|████████▌ | 43/50 [06:44<00:59,  8.53s/it]
Task 2, Epoch 44/50 => Loss 0.340, Train_accy 90.78:  88%|████████▊ | 44/50 [06:44<00:48,  8.03s/it]
Task 2, Epoch 45/50 => Loss 0.319, Train_accy 90.74, Test_accy 73.69:  88%|████████▊ | 44/50 [07:02<00:48,  8.03s/it]
Task 2, Epoch 45/50 => Loss 0.319, Train_accy 90.74, Test_accy 73.69:  90%|█████████ | 45/50 [07:02<00:54, 10.96s/it]
Task 2, Epoch 46/50 => Loss 0.342, Train_accy 90.91:  90%|█████████ | 45/50 [07:09<00:54, 10.96s/it]                 
Task 2, Epoch 46/50 => Loss 0.342, Train_accy 90.91:  92%|█████████▏| 46/50 [07:09<00:38,  9.74s/it]
Task 2, Epoch 47/50 => Loss 0.306, Train_accy 92.06:  92%|█████████▏| 46/50 [07:16<00:38,  9.74s/it]
Task 2, Epoch 47/50 => Loss 0.306, Train_accy 92.06:  94%|█████████▍| 47/50 [07:16<00:26,  8.91s/it]
Task 2, Epoch 48/50 => Loss 0.322, Train_accy 91.81:  94%|█████████▍| 47/50 [07:23<00:26,  8.91s/it]
Task 2, Epoch 48/50 => Loss 0.322, Train_accy 91.81:  96%|█████████▌| 48/50 [07:23<00:16,  8.37s/it]
Task 2, Epoch 49/50 => Loss 0.317, Train_accy 91.98:  96%|█████████▌| 48/50 [07:30<00:16,  8.37s/it]
Task 2, Epoch 49/50 => Loss 0.317, Train_accy 91.98:  98%|█████████▊| 49/50 [07:30<00:07,  7.95s/it]
Task 2, Epoch 50/50 => Loss 0.352, Train_accy 91.08, Test_accy 74.00:  98%|█████████▊| 49/50 [07:48<00:07,  7.95s/it]
Task 2, Epoch 50/50 => Loss 0.352, Train_accy 91.08, Test_accy 74.00: 100%|██████████| 50/50 [07:48<00:00, 10.87s/it]
Task 2, Epoch 50/50 => Loss 0.352, Train_accy 91.08, Test_accy 74.00: 100%|██████████| 50/50 [07:48<00:00,  9.37s/it]2025-02-06 18:24:58,915 [lae.py] => Task 2, Epoch 50/50 => Loss 0.352, Train_accy 91.08, Test_accy 74.00

2025-02-06 18:25:09,752 [trainer.py] => No NME accuracy.
2025-02-06 18:25:09,752 [trainer.py] => CNN: {'total': 74.0, '00-19': 78.08, '20-39': 66.61, '40-59': 77.06, 'old': 72.6, 'new': 77.06}
2025-02-06 18:25:09,752 [trainer.py] => CNN top1 curve: [84.18, 77.59, 74.0]
2025-02-06 18:25:09,752 [trainer.py] => CNN top5 curve: [96.52, 91.6, 89.15]

Average Accuracy (CNN): 78.59
2025-02-06 18:25:09,753 [trainer.py] => Average Accuracy (CNN): 78.59 

2025-02-06 18:25:09,754 [trainer.py] => All params: 85929336
2025-02-06 18:25:09,756 [trainer.py] => Trainable params: 88410
2025-02-06 18:25:09,759 [lae.py] => Learning on 60-80

  0%|          | 0/50 [00:00<?, ?it/s]
Task 3, Epoch 1/50 => Loss 4.031, Train_accy 11.82:   0%|          | 0/50 [00:07<?, ?it/s]
Task 3, Epoch 1/50 => Loss 4.031, Train_accy 11.82:   2%|▏         | 1/50 [00:07<05:43,  7.02s/it]
Task 3, Epoch 2/50 => Loss 2.502, Train_accy 34.67:   2%|▏         | 1/50 [00:13<05:43,  7.02s/it]
Task 3, Epoch 2/50 => Loss 2.502, Train_accy 34.67:   4%|▍         | 2/50 [00:13<05:33,  6.95s/it]
Task 3, Epoch 3/50 => Loss 1.817, Train_accy 51.33:   4%|▍         | 2/50 [00:21<05:33,  6.95s/it]
Task 3, Epoch 3/50 => Loss 1.817, Train_accy 51.33:   6%|▌         | 3/50 [00:21<05:30,  7.03s/it]
Task 3, Epoch 4/50 => Loss 1.468, Train_accy 60.18:   6%|▌         | 3/50 [00:27<05:30,  7.03s/it]
Task 3, Epoch 4/50 => Loss 1.468, Train_accy 60.18:   8%|▊         | 4/50 [00:27<05:19,  6.95s/it]
Task 3, Epoch 5/50 => Loss 1.262, Train_accy 63.76, Test_accy 65.13:   8%|▊         | 4/50 [00:48<05:19,  6.95s/it]
Task 3, Epoch 5/50 => Loss 1.262, Train_accy 63.76, Test_accy 65.13:  10%|█         | 5/50 [00:48<08:55, 11.89s/it]
Task 3, Epoch 6/50 => Loss 1.115, Train_accy 68.25:  10%|█         | 5/50 [00:55<08:55, 11.89s/it]                 
Task 3, Epoch 6/50 => Loss 1.115, Train_accy 68.25:  12%|█▏        | 6/50 [00:55<07:28, 10.20s/it]
Task 3, Epoch 7/50 => Loss 1.050, Train_accy 69.52:  12%|█▏        | 6/50 [01:02<07:28, 10.20s/it]
Task 3, Epoch 7/50 => Loss 1.050, Train_accy 69.52:  14%|█▍        | 7/50 [01:02<06:33,  9.15s/it]
Task 3, Epoch 8/50 => Loss 0.952, Train_accy 72.61:  14%|█▍        | 7/50 [01:09<06:33,  9.15s/it]
Task 3, Epoch 8/50 => Loss 0.952, Train_accy 72.61:  16%|█▌        | 8/50 [01:09<05:54,  8.45s/it]
Task 3, Epoch 9/50 => Loss 0.901, Train_accy 73.88:  16%|█▌        | 8/50 [01:16<05:54,  8.45s/it]
Task 3, Epoch 9/50 => Loss 0.901, Train_accy 73.88:  18%|█▊        | 9/50 [01:16<05:25,  7.94s/it]
Task 3, Epoch 10/50 => Loss 0.849, Train_accy 74.84, Test_accy 68.53:  18%|█▊        | 9/50 [01:36<05:25,  7.94s/it]
Task 3, Epoch 10/50 => Loss 0.849, Train_accy 74.84, Test_accy 68.53:  20%|██        | 10/50 [01:36<07:56, 11.90s/it]
Task 3, Epoch 11/50 => Loss 0.746, Train_accy 77.37:  20%|██        | 10/50 [01:44<07:56, 11.90s/it]                 
Task 3, Epoch 11/50 => Loss 0.746, Train_accy 77.37:  22%|██▏       | 11/50 [01:44<06:50, 10.52s/it]
Task 3, Epoch 12/50 => Loss 0.748, Train_accy 78.33:  22%|██▏       | 11/50 [01:51<06:50, 10.52s/it]
Task 3, Epoch 12/50 => Loss 0.748, Train_accy 78.33:  24%|██▍       | 12/50 [01:51<05:58,  9.44s/it]
Task 3, Epoch 13/50 => Loss 0.698, Train_accy 80.07:  24%|██▍       | 12/50 [01:58<05:58,  9.44s/it]
Task 3, Epoch 13/50 => Loss 0.698, Train_accy 80.07:  26%|██▌       | 13/50 [01:58<05:22,  8.71s/it]
Task 3, Epoch 14/50 => Loss 0.638, Train_accy 81.33:  26%|██▌       | 13/50 [02:05<05:22,  8.71s/it]
Task 3, Epoch 14/50 => Loss 0.638, Train_accy 81.33:  28%|██▊       | 14/50 [02:05<04:52,  8.13s/it]
Task 3, Epoch 15/50 => Loss 0.669, Train_accy 80.51, Test_accy 69.90:  28%|██▊       | 14/50 [02:26<04:52,  8.13s/it]
Task 3, Epoch 15/50 => Loss 0.669, Train_accy 80.51, Test_accy 69.90:  30%|███       | 15/50 [02:26<06:59, 11.98s/it]
Task 3, Epoch 16/50 => Loss 0.620, Train_accy 81.47:  30%|███       | 15/50 [02:32<06:59, 11.98s/it]                 
Task 3, Epoch 16/50 => Loss 0.620, Train_accy 81.47:  32%|███▏      | 16/50 [02:32<05:55, 10.45s/it]
Task 3, Epoch 17/50 => Loss 0.625, Train_accy 81.29:  32%|███▏      | 16/50 [02:39<05:55, 10.45s/it]
Task 3, Epoch 17/50 => Loss 0.625, Train_accy 81.29:  34%|███▍      | 17/50 [02:39<05:08,  9.35s/it]
Task 3, Epoch 18/50 => Loss 0.588, Train_accy 83.78:  34%|███▍      | 17/50 [02:46<05:08,  9.35s/it]
Task 3, Epoch 18/50 => Loss 0.588, Train_accy 83.78:  36%|███▌      | 18/50 [02:46<04:38,  8.71s/it]
Task 3, Epoch 19/50 => Loss 0.538, Train_accy 84.52:  36%|███▌      | 18/50 [02:53<04:38,  8.71s/it]
Task 3, Epoch 19/50 => Loss 0.538, Train_accy 84.52:  38%|███▊      | 19/50 [02:53<04:12,  8.14s/it]
Task 3, Epoch 20/50 => Loss 0.539, Train_accy 84.74, Test_accy 70.66:  38%|███▊      | 19/50 [03:14<04:12,  8.14s/it]
Task 3, Epoch 20/50 => Loss 0.539, Train_accy 84.74, Test_accy 70.66:  40%|████      | 20/50 [03:14<05:55, 11.84s/it]
Task 3, Epoch 21/50 => Loss 0.509, Train_accy 85.87:  40%|████      | 20/50 [03:21<05:55, 11.84s/it]                 
Task 3, Epoch 21/50 => Loss 0.509, Train_accy 85.87:  42%|████▏     | 21/50 [03:21<04:59, 10.34s/it]
Task 3, Epoch 22/50 => Loss 0.523, Train_accy 85.04:  42%|████▏     | 21/50 [03:27<04:59, 10.34s/it]
Task 3, Epoch 22/50 => Loss 0.523, Train_accy 85.04:  44%|████▍     | 22/50 [03:27<04:19,  9.28s/it]
Task 3, Epoch 23/50 => Loss 0.507, Train_accy 85.52:  44%|████▍     | 22/50 [03:34<04:19,  9.28s/it]
Task 3, Epoch 23/50 => Loss 0.507, Train_accy 85.52:  46%|████▌     | 23/50 [03:34<03:50,  8.53s/it]
Task 3, Epoch 24/50 => Loss 0.490, Train_accy 85.83:  46%|████▌     | 23/50 [03:41<03:50,  8.53s/it]
Task 3, Epoch 24/50 => Loss 0.490, Train_accy 85.83:  48%|████▊     | 24/50 [03:41<03:29,  8.06s/it]
Task 3, Epoch 25/50 => Loss 0.471, Train_accy 86.57, Test_accy 71.06:  48%|████▊     | 24/50 [04:02<03:29,  8.06s/it]
Task 3, Epoch 25/50 => Loss 0.471, Train_accy 86.57, Test_accy 71.06:  50%|█████     | 25/50 [04:02<04:54, 11.79s/it]
Task 3, Epoch 26/50 => Loss 0.430, Train_accy 87.70:  50%|█████     | 25/50 [04:09<04:54, 11.79s/it]                 
Task 3, Epoch 26/50 => Loss 0.430, Train_accy 87.70:  52%|█████▏    | 26/50 [04:09<04:08, 10.36s/it]
Task 3, Epoch 27/50 => Loss 0.456, Train_accy 87.48:  52%|█████▏    | 26/50 [04:16<04:08, 10.36s/it]
Task 3, Epoch 27/50 => Loss 0.456, Train_accy 87.48:  54%|█████▍    | 27/50 [04:16<03:34,  9.32s/it]
Task 3, Epoch 28/50 => Loss 0.461, Train_accy 87.53:  54%|█████▍    | 27/50 [04:22<03:34,  9.32s/it]
Task 3, Epoch 28/50 => Loss 0.461, Train_accy 87.53:  56%|█████▌    | 28/50 [04:22<03:09,  8.59s/it]
Task 3, Epoch 29/50 => Loss 0.454, Train_accy 87.79:  56%|█████▌    | 28/50 [04:30<03:09,  8.59s/it]
Task 3, Epoch 29/50 => Loss 0.454, Train_accy 87.79:  58%|█████▊    | 29/50 [04:30<02:53,  8.27s/it]
Task 3, Epoch 30/50 => Loss 0.458, Train_accy 87.09, Test_accy 71.22:  58%|█████▊    | 29/50 [04:51<02:53,  8.27s/it]
Task 3, Epoch 30/50 => Loss 0.458, Train_accy 87.09, Test_accy 71.22:  60%|██████    | 30/50 [04:51<03:59, 11.99s/it]
Task 3, Epoch 31/50 => Loss 0.421, Train_accy 88.23:  60%|██████    | 30/50 [04:58<03:59, 11.99s/it]                 
Task 3, Epoch 31/50 => Loss 0.421, Train_accy 88.23:  62%|██████▏   | 31/50 [04:58<03:20, 10.56s/it]
Task 3, Epoch 32/50 => Loss 0.398, Train_accy 88.70:  62%|██████▏   | 31/50 [05:05<03:20, 10.56s/it]
Task 3, Epoch 32/50 => Loss 0.398, Train_accy 88.70:  64%|██████▍   | 32/50 [05:05<02:49,  9.43s/it]
Task 3, Epoch 33/50 => Loss 0.356, Train_accy 90.45:  64%|██████▍   | 32/50 [05:12<02:49,  9.43s/it]
Task 3, Epoch 33/50 => Loss 0.356, Train_accy 90.45:  66%|██████▌   | 33/50 [05:12<02:27,  8.68s/it]
Task 3, Epoch 34/50 => Loss 0.393, Train_accy 88.14:  66%|██████▌   | 33/50 [05:18<02:27,  8.68s/it]
Task 3, Epoch 34/50 => Loss 0.393, Train_accy 88.14:  68%|██████▊   | 34/50 [05:18<02:09,  8.12s/it]
Task 3, Epoch 35/50 => Loss 0.410, Train_accy 89.32, Test_accy 71.34:  68%|██████▊   | 34/50 [05:39<02:09,  8.12s/it]
Task 3, Epoch 35/50 => Loss 0.410, Train_accy 89.32, Test_accy 71.34:  70%|███████   | 35/50 [05:39<02:59, 11.98s/it]
Task 3, Epoch 36/50 => Loss 0.391, Train_accy 89.45:  70%|███████   | 35/50 [05:46<02:59, 11.98s/it]                 
Task 3, Epoch 36/50 => Loss 0.391, Train_accy 89.45:  72%|███████▏  | 36/50 [05:46<02:26, 10.46s/it]
Task 3, Epoch 37/50 => Loss 0.371, Train_accy 89.27:  72%|███████▏  | 36/50 [05:53<02:26, 10.46s/it]
Task 3, Epoch 37/50 => Loss 0.371, Train_accy 89.27:  74%|███████▍  | 37/50 [05:53<02:01,  9.38s/it]
Task 3, Epoch 38/50 => Loss 0.368, Train_accy 89.45:  74%|███████▍  | 37/50 [06:00<02:01,  9.38s/it]
Task 3, Epoch 38/50 => Loss 0.368, Train_accy 89.45:  76%|███████▌  | 38/50 [06:00<01:43,  8.62s/it]
Task 3, Epoch 39/50 => Loss 0.366, Train_accy 89.53:  76%|███████▌  | 38/50 [06:07<01:43,  8.62s/it]
Task 3, Epoch 39/50 => Loss 0.366, Train_accy 89.53:  78%|███████▊  | 39/50 [06:07<01:29,  8.12s/it]
Task 3, Epoch 40/50 => Loss 0.340, Train_accy 91.15, Test_accy 71.46:  78%|███████▊  | 39/50 [06:27<01:29,  8.12s/it]
Task 3, Epoch 40/50 => Loss 0.340, Train_accy 91.15, Test_accy 71.46:  80%|████████  | 40/50 [06:27<01:58, 11.85s/it]
Task 3, Epoch 41/50 => Loss 0.355, Train_accy 90.06:  80%|████████  | 40/50 [06:35<01:58, 11.85s/it]                 
Task 3, Epoch 41/50 => Loss 0.355, Train_accy 90.06:  82%|████████▏ | 41/50 [06:35<01:33, 10.41s/it]
Task 3, Epoch 42/50 => Loss 0.365, Train_accy 89.45:  82%|████████▏ | 41/50 [06:41<01:33, 10.41s/it]
Task 3, Epoch 42/50 => Loss 0.365, Train_accy 89.45:  84%|████████▍ | 42/50 [06:41<01:14,  9.36s/it]
Task 3, Epoch 43/50 => Loss 0.352, Train_accy 89.84:  84%|████████▍ | 42/50 [06:48<01:14,  9.36s/it]
Task 3, Epoch 43/50 => Loss 0.352, Train_accy 89.84:  86%|████████▌ | 43/50 [06:48<01:00,  8.61s/it]
Task 3, Epoch 44/50 => Loss 0.351, Train_accy 89.75:  86%|████████▌ | 43/50 [06:55<01:00,  8.61s/it]
Task 3, Epoch 44/50 => Loss 0.351, Train_accy 89.75:  88%|████████▊ | 44/50 [06:55<00:48,  8.12s/it]
Task 3, Epoch 45/50 => Loss 0.360, Train_accy 89.40, Test_accy 71.38:  88%|████████▊ | 44/50 [07:16<00:48,  8.12s/it]
Task 3, Epoch 45/50 => Loss 0.360, Train_accy 89.40, Test_accy 71.38:  90%|█████████ | 45/50 [07:16<00:59, 11.82s/it]
Task 3, Epoch 46/50 => Loss 0.345, Train_accy 91.19:  90%|█████████ | 45/50 [07:23<00:59, 11.82s/it]                 
Task 3, Epoch 46/50 => Loss 0.345, Train_accy 91.19:  92%|█████████▏| 46/50 [07:23<00:41, 10.33s/it]
Task 3, Epoch 47/50 => Loss 0.332, Train_accy 90.41:  92%|█████████▏| 46/50 [07:29<00:41, 10.33s/it]
Task 3, Epoch 47/50 => Loss 0.332, Train_accy 90.41:  94%|█████████▍| 47/50 [07:29<00:27,  9.30s/it]
Task 3, Epoch 48/50 => Loss 0.327, Train_accy 90.84:  94%|█████████▍| 47/50 [07:36<00:27,  9.30s/it]
Task 3, Epoch 48/50 => Loss 0.327, Train_accy 90.84:  96%|█████████▌| 48/50 [07:36<00:17,  8.59s/it]
Task 3, Epoch 49/50 => Loss 0.322, Train_accy 91.54:  96%|█████████▌| 48/50 [07:43<00:17,  8.59s/it]
Task 3, Epoch 49/50 => Loss 0.322, Train_accy 91.54:  98%|█████████▊| 49/50 [07:43<00:08,  8.08s/it]
Task 3, Epoch 50/50 => Loss 0.317, Train_accy 91.41, Test_accy 71.34:  98%|█████████▊| 49/50 [08:04<00:08,  8.08s/it]
Task 3, Epoch 50/50 => Loss 0.317, Train_accy 91.41, Test_accy 71.34: 100%|██████████| 50/50 [08:04<00:00, 11.87s/it]
Task 3, Epoch 50/50 => Loss 0.317, Train_accy 91.41, Test_accy 71.34: 100%|██████████| 50/50 [08:04<00:00,  9.69s/it]2025-02-06 18:33:14,294 [lae.py] => Task 3, Epoch 50/50 => Loss 0.317, Train_accy 91.41, Test_accy 71.34

2025-02-06 18:33:28,167 [trainer.py] => No NME accuracy.
2025-02-06 18:33:28,167 [trainer.py] => CNN: {'total': 71.34, '00-19': 74.6, '20-39': 63.61, '40-59': 74.26, '60-79': 72.85, 'old': 70.89, 'new': 72.85}
2025-02-06 18:33:28,168 [trainer.py] => CNN top1 curve: [84.18, 77.59, 74.0, 71.34]
2025-02-06 18:33:28,168 [trainer.py] => CNN top5 curve: [96.52, 91.6, 89.15, 87.31]

Average Accuracy (CNN): 76.78
2025-02-06 18:33:28,168 [trainer.py] => Average Accuracy (CNN): 76.78 

2025-02-06 18:33:28,170 [trainer.py] => All params: 85944716
2025-02-06 18:33:28,171 [trainer.py] => Trainable params: 103790
2025-02-06 18:33:28,173 [lae.py] => Learning on 80-100

  0%|          | 0/50 [00:00<?, ?it/s]
Task 4, Epoch 1/50 => Loss 3.763, Train_accy 14.02:   0%|          | 0/50 [00:06<?, ?it/s]
Task 4, Epoch 1/50 => Loss 3.763, Train_accy 14.02:   2%|▏         | 1/50 [00:06<05:24,  6.62s/it]
Task 4, Epoch 2/50 => Loss 2.479, Train_accy 36.41:   2%|▏         | 1/50 [00:13<05:24,  6.62s/it]
Task 4, Epoch 2/50 => Loss 2.479, Train_accy 36.41:   4%|▍         | 2/50 [00:13<05:17,  6.61s/it]
Task 4, Epoch 3/50 => Loss 1.865, Train_accy 50.48:   4%|▍         | 2/50 [00:20<05:17,  6.61s/it]
Task 4, Epoch 3/50 => Loss 1.865, Train_accy 50.48:   6%|▌         | 3/50 [00:20<05:16,  6.73s/it]
Task 4, Epoch 4/50 => Loss 1.527, Train_accy 57.66:   6%|▌         | 3/50 [00:26<05:16,  6.73s/it]
Task 4, Epoch 4/50 => Loss 1.527, Train_accy 57.66:   8%|▊         | 4/50 [00:26<05:07,  6.69s/it]
Task 4, Epoch 5/50 => Loss 1.278, Train_accy 63.77, Test_accy 63.92:   8%|▊         | 4/50 [00:49<05:07,  6.69s/it]
Task 4, Epoch 5/50 => Loss 1.278, Train_accy 63.77, Test_accy 63.92:  10%|█         | 5/50 [00:49<09:24, 12.53s/it]
Task 4, Epoch 6/50 => Loss 1.152, Train_accy 67.49:  10%|█         | 5/50 [00:56<09:24, 12.53s/it]                 
Task 4, Epoch 6/50 => Loss 1.152, Train_accy 67.49:  12%|█▏        | 6/50 [00:56<07:46, 10.61s/it]
Task 4, Epoch 7/50 => Loss 1.069, Train_accy 67.86:  12%|█▏        | 6/50 [01:03<07:46, 10.61s/it]
Task 4, Epoch 7/50 => Loss 1.069, Train_accy 67.86:  14%|█▍        | 7/50 [01:03<06:39,  9.29s/it]
Task 4, Epoch 8/50 => Loss 0.950, Train_accy 71.95:  14%|█▍        | 7/50 [01:09<06:39,  9.29s/it]
Task 4, Epoch 8/50 => Loss 0.950, Train_accy 71.95:  16%|█▌        | 8/50 [01:09<05:54,  8.45s/it]
Task 4, Epoch 9/50 => Loss 0.909, Train_accy 73.01:  16%|█▌        | 8/50 [01:16<05:54,  8.45s/it]
Task 4, Epoch 9/50 => Loss 0.909, Train_accy 73.01:  18%|█▊        | 9/50 [01:16<05:22,  7.87s/it]
Task 4, Epoch 10/50 => Loss 0.876, Train_accy 73.89, Test_accy 66.00:  18%|█▊        | 9/50 [01:39<05:22,  7.87s/it]
Task 4, Epoch 10/50 => Loss 0.876, Train_accy 73.89, Test_accy 66.00:  20%|██        | 10/50 [01:39<08:22, 12.57s/it]
Task 4, Epoch 11/50 => Loss 0.811, Train_accy 75.54:  20%|██        | 10/50 [01:46<08:22, 12.57s/it]                 
Task 4, Epoch 11/50 => Loss 0.811, Train_accy 75.54:  22%|██▏       | 11/50 [01:46<07:01, 10.81s/it]
Task 4, Epoch 12/50 => Loss 0.777, Train_accy 77.24:  22%|██▏       | 11/50 [01:52<07:01, 10.81s/it]
Task 4, Epoch 12/50 => Loss 0.777, Train_accy 77.24:  24%|██▍       | 12/50 [01:52<06:01,  9.51s/it]
Task 4, Epoch 13/50 => Loss 0.708, Train_accy 79.63:  24%|██▍       | 12/50 [01:59<06:01,  9.51s/it]
Task 4, Epoch 13/50 => Loss 0.708, Train_accy 79.63:  26%|██▌       | 13/50 [01:59<05:21,  8.69s/it]
Task 4, Epoch 14/50 => Loss 0.648, Train_accy 81.29:  26%|██▌       | 13/50 [02:06<05:21,  8.69s/it]
Task 4, Epoch 14/50 => Loss 0.648, Train_accy 81.29:  28%|██▊       | 14/50 [02:06<04:50,  8.07s/it]
Task 4, Epoch 15/50 => Loss 0.625, Train_accy 81.15, Test_accy 66.90:  28%|██▊       | 14/50 [02:29<04:50,  8.07s/it]
Task 4, Epoch 15/50 => Loss 0.625, Train_accy 81.15, Test_accy 66.90:  30%|███       | 15/50 [02:29<07:22, 12.65s/it]
Task 4, Epoch 16/50 => Loss 0.646, Train_accy 80.97:  30%|███       | 15/50 [02:36<07:22, 12.65s/it]                 
Task 4, Epoch 16/50 => Loss 0.646, Train_accy 80.97:  32%|███▏      | 16/50 [02:36<06:09, 10.87s/it]
Task 4, Epoch 17/50 => Loss 0.607, Train_accy 82.02:  32%|███▏      | 16/50 [02:42<06:09, 10.87s/it]
Task 4, Epoch 17/50 => Loss 0.607, Train_accy 82.02:  34%|███▍      | 17/50 [02:42<05:17,  9.61s/it]
Task 4, Epoch 18/50 => Loss 0.570, Train_accy 83.72:  34%|███▍      | 17/50 [02:49<05:17,  9.61s/it]
Task 4, Epoch 18/50 => Loss 0.570, Train_accy 83.72:  36%|███▌      | 18/50 [02:49<04:40,  8.75s/it]
Task 4, Epoch 19/50 => Loss 0.558, Train_accy 83.36:  36%|███▌      | 18/50 [02:56<04:40,  8.75s/it]
Task 4, Epoch 19/50 => Loss 0.558, Train_accy 83.36:  38%|███▊      | 19/50 [02:56<04:11,  8.12s/it]
Task 4, Epoch 20/50 => Loss 0.519, Train_accy 84.83, Test_accy 67.50:  38%|███▊      | 19/50 [03:19<04:11,  8.12s/it]
Task 4, Epoch 20/50 => Loss 0.519, Train_accy 84.83, Test_accy 67.50:  40%|████      | 20/50 [03:19<06:19, 12.65s/it]
Task 4, Epoch 21/50 => Loss 0.551, Train_accy 84.64:  40%|████      | 20/50 [03:26<06:19, 12.65s/it]                 
Task 4, Epoch 21/50 => Loss 0.551, Train_accy 84.64:  42%|████▏     | 21/50 [03:26<05:16, 10.92s/it]
Task 4, Epoch 22/50 => Loss 0.490, Train_accy 86.11:  42%|████▏     | 21/50 [03:33<05:16, 10.92s/it]
Task 4, Epoch 22/50 => Loss 0.490, Train_accy 86.11:  44%|████▍     | 22/50 [03:33<04:29,  9.63s/it]
Task 4, Epoch 23/50 => Loss 0.483, Train_accy 86.62:  44%|████▍     | 22/50 [03:39<04:29,  9.63s/it]
Task 4, Epoch 23/50 => Loss 0.483, Train_accy 86.62:  46%|████▌     | 23/50 [03:39<03:55,  8.74s/it]
Task 4, Epoch 24/50 => Loss 0.500, Train_accy 85.52:  46%|████▌     | 23/50 [03:46<03:55,  8.74s/it]
Task 4, Epoch 24/50 => Loss 0.500, Train_accy 85.52:  48%|████▊     | 24/50 [03:46<03:30,  8.09s/it]
Task 4, Epoch 25/50 => Loss 0.492, Train_accy 86.02, Test_accy 67.81:  48%|████▊     | 24/50 [04:09<03:30,  8.09s/it]
Task 4, Epoch 25/50 => Loss 0.492, Train_accy 86.02, Test_accy 67.81:  50%|█████     | 25/50 [04:09<05:13, 12.55s/it]
Task 4, Epoch 26/50 => Loss 0.477, Train_accy 86.80:  50%|█████     | 25/50 [04:15<05:13, 12.55s/it]                 
Task 4, Epoch 26/50 => Loss 0.477, Train_accy 86.80:  52%|█████▏    | 26/50 [04:15<04:18, 10.76s/it]
Task 4, Epoch 27/50 => Loss 0.457, Train_accy 86.94:  52%|█████▏    | 26/50 [04:22<04:18, 10.76s/it]
Task 4, Epoch 27/50 => Loss 0.457, Train_accy 86.94:  54%|█████▍    | 27/50 [04:22<03:37,  9.47s/it]
Task 4, Epoch 28/50 => Loss 0.452, Train_accy 87.22:  54%|█████▍    | 27/50 [04:28<03:37,  9.47s/it]
Task 4, Epoch 28/50 => Loss 0.452, Train_accy 87.22:  56%|█████▌    | 28/50 [04:28<03:09,  8.62s/it]
Task 4, Epoch 29/50 => Loss 0.424, Train_accy 87.72:  56%|█████▌    | 28/50 [04:35<03:09,  8.62s/it]
Task 4, Epoch 29/50 => Loss 0.424, Train_accy 87.72:  58%|█████▊    | 29/50 [04:35<02:48,  8.01s/it]
Task 4, Epoch 30/50 => Loss 0.433, Train_accy 88.18, Test_accy 67.94:  58%|█████▊    | 29/50 [04:58<02:48,  8.01s/it]
Task 4, Epoch 30/50 => Loss 0.433, Train_accy 88.18, Test_accy 67.94:  60%|██████    | 30/50 [04:58<04:09, 12.49s/it]
Task 4, Epoch 31/50 => Loss 0.434, Train_accy 88.18:  60%|██████    | 30/50 [05:04<04:09, 12.49s/it]                 
Task 4, Epoch 31/50 => Loss 0.434, Train_accy 88.18:  62%|██████▏   | 31/50 [05:04<03:23, 10.71s/it]
Task 4, Epoch 32/50 => Loss 0.397, Train_accy 89.33:  62%|██████▏   | 31/50 [05:11<03:23, 10.71s/it]
Task 4, Epoch 32/50 => Loss 0.397, Train_accy 89.33:  64%|██████▍   | 32/50 [05:11<02:50,  9.48s/it]
Task 4, Epoch 33/50 => Loss 0.415, Train_accy 87.91:  64%|██████▍   | 32/50 [05:18<02:50,  9.48s/it]
Task 4, Epoch 33/50 => Loss 0.415, Train_accy 87.91:  66%|██████▌   | 33/50 [05:18<02:26,  8.64s/it]
Task 4, Epoch 34/50 => Loss 0.382, Train_accy 89.84:  66%|██████▌   | 33/50 [05:24<02:26,  8.64s/it]
Task 4, Epoch 34/50 => Loss 0.382, Train_accy 89.84:  68%|██████▊   | 34/50 [05:24<02:07,  7.98s/it]
Task 4, Epoch 35/50 => Loss 0.409, Train_accy 88.41, Test_accy 68.27:  68%|██████▊   | 34/50 [05:47<02:07,  7.98s/it]
Task 4, Epoch 35/50 => Loss 0.409, Train_accy 88.41, Test_accy 68.27:  70%|███████   | 35/50 [05:47<03:06, 12.44s/it]
Task 4, Epoch 36/50 => Loss 0.374, Train_accy 89.66:  70%|███████   | 35/50 [05:54<03:06, 12.44s/it]                 
Task 4, Epoch 36/50 => Loss 0.374, Train_accy 89.66:  72%|███████▏  | 36/50 [05:54<02:30, 10.73s/it]
Task 4, Epoch 37/50 => Loss 0.364, Train_accy 89.52:  72%|███████▏  | 36/50 [06:00<02:30, 10.73s/it]
Task 4, Epoch 37/50 => Loss 0.364, Train_accy 89.52:  74%|███████▍  | 37/50 [06:00<02:02,  9.46s/it]
Task 4, Epoch 38/50 => Loss 0.367, Train_accy 89.79:  74%|███████▍  | 37/50 [06:07<02:02,  9.46s/it]
Task 4, Epoch 38/50 => Loss 0.367, Train_accy 89.79:  76%|███████▌  | 38/50 [06:07<01:43,  8.60s/it]
Task 4, Epoch 39/50 => Loss 0.353, Train_accy 90.80:  76%|███████▌  | 38/50 [06:13<01:43,  8.60s/it]
Task 4, Epoch 39/50 => Loss 0.353, Train_accy 90.80:  78%|███████▊  | 39/50 [06:13<01:27,  7.95s/it]
Task 4, Epoch 40/50 => Loss 0.375, Train_accy 89.47, Test_accy 68.21:  78%|███████▊  | 39/50 [06:36<01:27,  7.95s/it]
Task 4, Epoch 40/50 => Loss 0.375, Train_accy 89.47, Test_accy 68.21:  80%|████████  | 40/50 [06:36<02:03, 12.40s/it]
Task 4, Epoch 41/50 => Loss 0.368, Train_accy 89.70:  80%|████████  | 40/50 [06:43<02:03, 12.40s/it]                 
Task 4, Epoch 41/50 => Loss 0.368, Train_accy 89.70:  82%|████████▏ | 41/50 [06:43<01:35, 10.65s/it]
Task 4, Epoch 42/50 => Loss 0.363, Train_accy 90.11:  82%|████████▏ | 41/50 [06:49<01:35, 10.65s/it]
Task 4, Epoch 42/50 => Loss 0.363, Train_accy 90.11:  84%|████████▍ | 42/50 [06:49<01:15,  9.44s/it]
Task 4, Epoch 43/50 => Loss 0.336, Train_accy 90.16:  84%|████████▍ | 42/50 [06:56<01:15,  9.44s/it]
Task 4, Epoch 43/50 => Loss 0.336, Train_accy 90.16:  86%|████████▌ | 43/50 [06:56<00:59,  8.56s/it]
Task 4, Epoch 44/50 => Loss 0.345, Train_accy 90.02:  86%|████████▌ | 43/50 [07:02<00:59,  8.56s/it]
Task 4, Epoch 44/50 => Loss 0.345, Train_accy 90.02:  88%|████████▊ | 44/50 [07:02<00:47,  7.97s/it]
Task 4, Epoch 45/50 => Loss 0.346, Train_accy 89.89, Test_accy 68.61:  88%|████████▊ | 44/50 [07:25<00:47,  7.97s/it]
Task 4, Epoch 45/50 => Loss 0.346, Train_accy 89.89, Test_accy 68.61:  90%|█████████ | 45/50 [07:25<01:01, 12.39s/it]
Task 4, Epoch 46/50 => Loss 0.362, Train_accy 90.53:  90%|█████████ | 45/50 [07:32<01:01, 12.39s/it]                 
Task 4, Epoch 46/50 => Loss 0.362, Train_accy 90.53:  92%|█████████▏| 46/50 [07:32<00:42, 10.63s/it]
Task 4, Epoch 47/50 => Loss 0.313, Train_accy 91.45:  92%|█████████▏| 46/50 [07:38<00:42, 10.63s/it]
Task 4, Epoch 47/50 => Loss 0.313, Train_accy 91.45:  94%|█████████▍| 47/50 [07:38<00:28,  9.39s/it]
Task 4, Epoch 48/50 => Loss 0.344, Train_accy 90.34:  94%|█████████▍| 47/50 [07:45<00:28,  9.39s/it]
Task 4, Epoch 48/50 => Loss 0.344, Train_accy 90.34:  96%|█████████▌| 48/50 [07:45<00:17,  8.52s/it]
Task 4, Epoch 49/50 => Loss 0.336, Train_accy 90.71:  96%|█████████▌| 48/50 [07:51<00:17,  8.52s/it]
Task 4, Epoch 49/50 => Loss 0.336, Train_accy 90.71:  98%|█████████▊| 49/50 [07:51<00:07,  7.90s/it]
Task 4, Epoch 50/50 => Loss 0.294, Train_accy 91.91, Test_accy 68.74:  98%|█████████▊| 49/50 [08:14<00:07,  7.90s/it]
Task 4, Epoch 50/50 => Loss 0.294, Train_accy 91.91, Test_accy 68.74: 100%|██████████| 50/50 [08:14<00:00, 12.31s/it]
Task 4, Epoch 50/50 => Loss 0.294, Train_accy 91.91, Test_accy 68.74: 100%|██████████| 50/50 [08:14<00:00,  9.88s/it]2025-02-06 18:41:42,291 [lae.py] => Task 4, Epoch 50/50 => Loss 0.294, Train_accy 91.91, Test_accy 68.74

2025-02-06 18:41:58,778 [trainer.py] => No NME accuracy.
2025-02-06 18:41:58,779 [trainer.py] => CNN: {'total': 68.74, '00-19': 73.15, '20-39': 62.34, '40-59': 72.77, '60-79': 69.7, '80-99': 64.68, 'old': 69.54, 'new': 64.68}
2025-02-06 18:41:58,779 [trainer.py] => CNN top1 curve: [84.18, 77.59, 74.0, 71.34, 68.74]
2025-02-06 18:41:58,779 [trainer.py] => CNN top5 curve: [96.52, 91.6, 89.15, 87.31, 85.09]

Average Accuracy (CNN): 75.17
2025-02-06 18:41:58,779 [trainer.py] => Average Accuracy (CNN): 75.17 

2025-02-06 18:41:58,781 [trainer.py] => All params: 85960096
2025-02-06 18:41:58,782 [trainer.py] => Trainable params: 119170
2025-02-06 18:41:58,786 [lae.py] => Learning on 100-120

  0%|          | 0/50 [00:00<?, ?it/s]
Task 5, Epoch 1/50 => Loss 3.699, Train_accy 14.71:   0%|          | 0/50 [00:07<?, ?it/s]
Task 5, Epoch 1/50 => Loss 3.699, Train_accy 14.71:   2%|▏         | 1/50 [00:07<06:19,  7.74s/it]
Task 5, Epoch 2/50 => Loss 2.199, Train_accy 42.48:   2%|▏         | 1/50 [00:15<06:19,  7.74s/it]
Task 5, Epoch 2/50 => Loss 2.199, Train_accy 42.48:   4%|▍         | 2/50 [00:15<06:10,  7.71s/it]
Task 5, Epoch 3/50 => Loss 1.562, Train_accy 57.94:   4%|▍         | 2/50 [00:23<06:10,  7.71s/it]
Task 5, Epoch 3/50 => Loss 1.562, Train_accy 57.94:   6%|▌         | 3/50 [00:23<06:05,  7.77s/it]
Task 5, Epoch 4/50 => Loss 1.277, Train_accy 64.77:   6%|▌         | 3/50 [00:31<06:05,  7.77s/it]
Task 5, Epoch 4/50 => Loss 1.277, Train_accy 64.77:   8%|▊         | 4/50 [00:31<05:58,  7.79s/it]
Task 5, Epoch 5/50 => Loss 1.107, Train_accy 69.34, Test_accy 61.04:   8%|▊         | 4/50 [00:58<05:58,  7.79s/it]
Task 5, Epoch 5/50 => Loss 1.107, Train_accy 69.34, Test_accy 61.04:  10%|█         | 5/50 [00:58<11:08, 14.85s/it]
Task 5, Epoch 6/50 => Loss 1.006, Train_accy 72.50:  10%|█         | 5/50 [01:06<11:08, 14.85s/it]                 
Task 5, Epoch 6/50 => Loss 1.006, Train_accy 72.50:  12%|█▏        | 6/50 [01:06<09:10, 12.51s/it]
Task 5, Epoch 7/50 => Loss 0.941, Train_accy 72.42:  12%|█▏        | 6/50 [01:14<09:10, 12.51s/it]
Task 5, Epoch 7/50 => Loss 0.941, Train_accy 72.42:  14%|█▍        | 7/50 [01:14<07:51, 10.98s/it]
Task 5, Epoch 8/50 => Loss 0.851, Train_accy 74.71:  14%|█▍        | 7/50 [01:22<07:51, 10.98s/it]
Task 5, Epoch 8/50 => Loss 0.851, Train_accy 74.71:  16%|█▌        | 8/50 [01:22<07:01, 10.03s/it]
Task 5, Epoch 9/50 => Loss 0.798, Train_accy 76.02:  16%|█▌        | 8/50 [01:30<07:01, 10.03s/it]
Task 5, Epoch 9/50 => Loss 0.798, Train_accy 76.02:  18%|█▊        | 9/50 [01:30<06:22,  9.33s/it]
Task 5, Epoch 10/50 => Loss 0.730, Train_accy 78.01, Test_accy 63.05:  18%|█▊        | 9/50 [01:57<06:22,  9.33s/it]
Task 5, Epoch 10/50 => Loss 0.730, Train_accy 78.01, Test_accy 63.05:  20%|██        | 10/50 [01:57<09:59, 15.00s/it]
Task 5, Epoch 11/50 => Loss 0.711, Train_accy 78.65:  20%|██        | 10/50 [02:05<09:59, 15.00s/it]                 
Task 5, Epoch 11/50 => Loss 0.711, Train_accy 78.65:  22%|██▏       | 11/50 [02:05<08:21, 12.86s/it]
Task 5, Epoch 12/50 => Loss 0.650, Train_accy 80.86:  22%|██▏       | 11/50 [02:13<08:21, 12.86s/it]
Task 5, Epoch 12/50 => Loss 0.650, Train_accy 80.86:  24%|██▍       | 12/50 [02:13<07:10, 11.34s/it]
Task 5, Epoch 13/50 => Loss 0.627, Train_accy 82.63:  24%|██▍       | 12/50 [02:21<07:10, 11.34s/it]
Task 5, Epoch 13/50 => Loss 0.627, Train_accy 82.63:  26%|██▌       | 13/50 [02:21<06:20, 10.27s/it]
Task 5, Epoch 14/50 => Loss 0.617, Train_accy 81.99:  26%|██▌       | 13/50 [02:29<06:20, 10.27s/it]
Task 5, Epoch 14/50 => Loss 0.617, Train_accy 81.99:  28%|██▊       | 14/50 [02:29<05:44,  9.56s/it]
Task 5, Epoch 15/50 => Loss 0.569, Train_accy 83.23, Test_accy 64.53:  28%|██▊       | 14/50 [02:57<05:44,  9.56s/it]
Task 5, Epoch 15/50 => Loss 0.569, Train_accy 83.23, Test_accy 64.53:  30%|███       | 15/50 [02:57<08:45, 15.03s/it]
Task 5, Epoch 16/50 => Loss 0.548, Train_accy 84.24:  30%|███       | 15/50 [03:05<08:45, 15.03s/it]                 
Task 5, Epoch 16/50 => Loss 0.548, Train_accy 84.24:  32%|███▏      | 16/50 [03:05<07:18, 12.91s/it]
Task 5, Epoch 17/50 => Loss 0.526, Train_accy 84.77:  32%|███▏      | 16/50 [03:12<07:18, 12.91s/it]
Task 5, Epoch 17/50 => Loss 0.526, Train_accy 84.77:  34%|███▍      | 17/50 [03:12<06:15, 11.38s/it]
Task 5, Epoch 18/50 => Loss 0.483, Train_accy 85.89:  34%|███▍      | 17/50 [03:20<06:15, 11.38s/it]
Task 5, Epoch 18/50 => Loss 0.483, Train_accy 85.89:  36%|███▌      | 18/50 [03:20<05:31, 10.35s/it]
Task 5, Epoch 19/50 => Loss 0.481, Train_accy 86.49:  36%|███▌      | 18/50 [03:28<05:31, 10.35s/it]
Task 5, Epoch 19/50 => Loss 0.481, Train_accy 86.49:  38%|███▊      | 19/50 [03:28<04:57,  9.60s/it]
Task 5, Epoch 20/50 => Loss 0.449, Train_accy 88.33, Test_accy 65.46:  38%|███▊      | 19/50 [03:56<04:57,  9.60s/it]
Task 5, Epoch 20/50 => Loss 0.449, Train_accy 88.33, Test_accy 65.46:  40%|████      | 20/50 [03:56<07:32, 15.09s/it]
Task 5, Epoch 21/50 => Loss 0.496, Train_accy 85.89:  40%|████      | 20/50 [04:04<07:32, 15.09s/it]                 
Task 5, Epoch 21/50 => Loss 0.496, Train_accy 85.89:  42%|████▏     | 21/50 [04:04<06:16, 12.97s/it]
Task 5, Epoch 22/50 => Loss 0.460, Train_accy 87.73:  42%|████▏     | 21/50 [04:12<06:16, 12.97s/it]
Task 5, Epoch 22/50 => Loss 0.460, Train_accy 87.73:  44%|████▍     | 22/50 [04:12<05:21, 11.47s/it]
Task 5, Epoch 23/50 => Loss 0.445, Train_accy 86.98:  44%|████▍     | 22/50 [04:20<05:21, 11.47s/it]
Task 5, Epoch 23/50 => Loss 0.445, Train_accy 86.98:  46%|████▌     | 23/50 [04:20<04:42, 10.45s/it]
Task 5, Epoch 24/50 => Loss 0.433, Train_accy 87.62:  46%|████▌     | 23/50 [04:28<04:42, 10.45s/it]
Task 5, Epoch 24/50 => Loss 0.433, Train_accy 87.62:  48%|████▊     | 24/50 [04:28<04:13,  9.74s/it]
Task 5, Epoch 25/50 => Loss 0.431, Train_accy 88.11, Test_accy 65.79:  48%|████▊     | 24/50 [04:56<04:13,  9.74s/it]
Task 5, Epoch 25/50 => Loss 0.431, Train_accy 88.11, Test_accy 65.79:  50%|█████     | 25/50 [04:56<06:18, 15.15s/it]
Task 5, Epoch 26/50 => Loss 0.395, Train_accy 89.49:  50%|█████     | 25/50 [05:04<06:18, 15.15s/it]                 
Task 5, Epoch 26/50 => Loss 0.395, Train_accy 89.49:  52%|█████▏    | 26/50 [05:04<05:11, 12.98s/it]
Task 5, Epoch 27/50 => Loss 0.433, Train_accy 88.11:  52%|█████▏    | 26/50 [05:12<05:11, 12.98s/it]
Task 5, Epoch 27/50 => Loss 0.433, Train_accy 88.11:  54%|█████▍    | 27/50 [05:12<04:25, 11.55s/it]
Task 5, Epoch 28/50 => Loss 0.403, Train_accy 88.59:  54%|█████▍    | 27/50 [05:20<04:25, 11.55s/it]
Task 5, Epoch 28/50 => Loss 0.403, Train_accy 88.59:  56%|█████▌    | 28/50 [05:20<03:50, 10.46s/it]
Task 5, Epoch 29/50 => Loss 0.388, Train_accy 89.68:  56%|█████▌    | 28/50 [05:28<03:50, 10.46s/it]
Task 5, Epoch 29/50 => Loss 0.388, Train_accy 89.68:  58%|█████▊    | 29/50 [05:28<03:24,  9.74s/it]
Task 5, Epoch 30/50 => Loss 0.380, Train_accy 89.53, Test_accy 66.09:  58%|█████▊    | 29/50 [05:56<03:24,  9.74s/it]
Task 5, Epoch 30/50 => Loss 0.380, Train_accy 89.53, Test_accy 66.09:  60%|██████    | 30/50 [05:56<05:05, 15.25s/it]
Task 5, Epoch 31/50 => Loss 0.383, Train_accy 89.42:  60%|██████    | 30/50 [06:04<05:05, 15.25s/it]                 
Task 5, Epoch 31/50 => Loss 0.383, Train_accy 89.42:  62%|██████▏   | 31/50 [06:04<04:08, 13.08s/it]
Task 5, Epoch 32/50 => Loss 0.387, Train_accy 89.01:  62%|██████▏   | 31/50 [06:12<04:08, 13.08s/it]
Task 5, Epoch 32/50 => Loss 0.387, Train_accy 89.01:  64%|██████▍   | 32/50 [06:12<03:27, 11.54s/it]
Task 5, Epoch 33/50 => Loss 0.352, Train_accy 90.69:  64%|██████▍   | 32/50 [06:20<03:27, 11.54s/it]
Task 5, Epoch 33/50 => Loss 0.352, Train_accy 90.69:  66%|██████▌   | 33/50 [06:20<02:57, 10.44s/it]
Task 5, Epoch 34/50 => Loss 0.355, Train_accy 89.94:  66%|██████▌   | 33/50 [06:28<02:57, 10.44s/it]
Task 5, Epoch 34/50 => Loss 0.355, Train_accy 89.94:  68%|██████▊   | 34/50 [06:28<02:34,  9.67s/it]
Task 5, Epoch 35/50 => Loss 0.368, Train_accy 90.24, Test_accy 66.47:  68%|██████▊   | 34/50 [06:56<02:34,  9.67s/it]
Task 5, Epoch 35/50 => Loss 0.368, Train_accy 90.24, Test_accy 66.47:  70%|███████   | 35/50 [06:56<03:47, 15.14s/it]
Task 5, Epoch 36/50 => Loss 0.318, Train_accy 91.56:  70%|███████   | 35/50 [07:04<03:47, 15.14s/it]                 
Task 5, Epoch 36/50 => Loss 0.318, Train_accy 91.56:  72%|███████▏  | 36/50 [07:04<03:02, 13.07s/it]
Task 5, Epoch 37/50 => Loss 0.332, Train_accy 90.84:  72%|███████▏  | 36/50 [07:12<03:02, 13.07s/it]
Task 5, Epoch 37/50 => Loss 0.332, Train_accy 90.84:  74%|███████▍  | 37/50 [07:12<02:30, 11.59s/it]
Task 5, Epoch 38/50 => Loss 0.322, Train_accy 91.03:  74%|███████▍  | 37/50 [07:20<02:30, 11.59s/it]
Task 5, Epoch 38/50 => Loss 0.322, Train_accy 91.03:  76%|███████▌  | 38/50 [07:20<02:07, 10.59s/it]
Task 5, Epoch 39/50 => Loss 0.336, Train_accy 90.58:  76%|███████▌  | 38/50 [07:28<02:07, 10.59s/it]
Task 5, Epoch 39/50 => Loss 0.336, Train_accy 90.58:  78%|███████▊  | 39/50 [07:28<01:47,  9.81s/it]
Task 5, Epoch 40/50 => Loss 0.306, Train_accy 91.71, Test_accy 66.50:  78%|███████▊  | 39/50 [07:56<01:47,  9.81s/it]
Task 5, Epoch 40/50 => Loss 0.306, Train_accy 91.71, Test_accy 66.50:  80%|████████  | 40/50 [07:56<02:31, 15.18s/it]
Task 5, Epoch 41/50 => Loss 0.313, Train_accy 91.29:  80%|████████  | 40/50 [08:04<02:31, 15.18s/it]                 
Task 5, Epoch 41/50 => Loss 0.313, Train_accy 91.29:  82%|████████▏ | 41/50 [08:04<01:57, 13.05s/it]
Task 5, Epoch 42/50 => Loss 0.324, Train_accy 92.05:  82%|████████▏ | 41/50 [08:12<01:57, 13.05s/it]
Task 5, Epoch 42/50 => Loss 0.324, Train_accy 92.05:  84%|████████▍ | 42/50 [08:12<01:32, 11.53s/it]
Task 5, Epoch 43/50 => Loss 0.327, Train_accy 91.07:  84%|████████▍ | 42/50 [08:20<01:32, 11.53s/it]
Task 5, Epoch 43/50 => Loss 0.327, Train_accy 91.07:  86%|████████▌ | 43/50 [08:20<01:13, 10.43s/it]
Task 5, Epoch 44/50 => Loss 0.307, Train_accy 92.35:  86%|████████▌ | 43/50 [08:28<01:13, 10.43s/it]
Task 5, Epoch 44/50 => Loss 0.307, Train_accy 92.35:  88%|████████▊ | 44/50 [08:28<00:58,  9.76s/it]
Task 5, Epoch 45/50 => Loss 0.304, Train_accy 91.71, Test_accy 66.78:  88%|████████▊ | 44/50 [08:56<00:58,  9.76s/it]
Task 5, Epoch 45/50 => Loss 0.304, Train_accy 91.71, Test_accy 66.78:  90%|█████████ | 45/50 [08:56<01:15, 15.16s/it]
Task 5, Epoch 46/50 => Loss 0.294, Train_accy 91.82:  90%|█████████ | 45/50 [09:04<01:15, 15.16s/it]                 
Task 5, Epoch 46/50 => Loss 0.294, Train_accy 91.82:  92%|█████████▏| 46/50 [09:04<00:51, 12.98s/it]
Task 5, Epoch 47/50 => Loss 0.314, Train_accy 90.96:  92%|█████████▏| 46/50 [09:12<00:51, 12.98s/it]
Task 5, Epoch 47/50 => Loss 0.314, Train_accy 90.96:  94%|█████████▍| 47/50 [09:12<00:34, 11.45s/it]
Task 5, Epoch 48/50 => Loss 0.296, Train_accy 92.05:  94%|█████████▍| 47/50 [09:20<00:34, 11.45s/it]
Task 5, Epoch 48/50 => Loss 0.296, Train_accy 92.05:  96%|█████████▌| 48/50 [09:20<00:20, 10.41s/it]
Task 5, Epoch 49/50 => Loss 0.286, Train_accy 92.61:  96%|█████████▌| 48/50 [09:28<00:20, 10.41s/it]
Task 5, Epoch 49/50 => Loss 0.286, Train_accy 92.61:  98%|█████████▊| 49/50 [09:28<00:09,  9.65s/it]
Task 5, Epoch 50/50 => Loss 0.306, Train_accy 92.05, Test_accy 66.78:  98%|█████████▊| 49/50 [09:55<00:09,  9.65s/it]
Task 5, Epoch 50/50 => Loss 0.306, Train_accy 92.05, Test_accy 66.78: 100%|██████████| 50/50 [09:55<00:00, 15.09s/it]
Task 5, Epoch 50/50 => Loss 0.306, Train_accy 92.05, Test_accy 66.78: 100%|██████████| 50/50 [09:55<00:00, 11.92s/it]2025-02-06 18:51:54,698 [lae.py] => Task 5, Epoch 50/50 => Loss 0.306, Train_accy 92.05, Test_accy 66.78

2025-02-06 18:52:14,648 [trainer.py] => No NME accuracy.
2025-02-06 18:52:14,649 [trainer.py] => CNN: {'total': 66.78, '00-19': 71.26, '20-39': 60.13, '40-59': 71.78, '60-79': 67.6, '80-99': 63.04, '100-119': 65.91, 'old': 66.97, 'new': 65.91}
2025-02-06 18:52:14,649 [trainer.py] => CNN top1 curve: [84.18, 77.59, 74.0, 71.34, 68.74, 66.78]
2025-02-06 18:52:14,649 [trainer.py] => CNN top5 curve: [96.52, 91.6, 89.15, 87.31, 85.09, 83.9]

Average Accuracy (CNN): 73.77
2025-02-06 18:52:14,649 [trainer.py] => Average Accuracy (CNN): 73.77 

2025-02-06 18:52:14,650 [trainer.py] => All params: 85975476
2025-02-06 18:52:14,651 [trainer.py] => Trainable params: 134550
2025-02-06 18:52:14,654 [lae.py] => Learning on 120-140

  0%|          | 0/50 [00:00<?, ?it/s]
Task 6, Epoch 1/50 => Loss 3.700, Train_accy 14.27:   0%|          | 0/50 [00:06<?, ?it/s]
Task 6, Epoch 1/50 => Loss 3.700, Train_accy 14.27:   2%|▏         | 1/50 [00:06<05:19,  6.51s/it]
Task 6, Epoch 2/50 => Loss 2.352, Train_accy 38.98:   2%|▏         | 1/50 [00:13<05:19,  6.51s/it]
Task 6, Epoch 2/50 => Loss 2.352, Train_accy 38.98:   4%|▍         | 2/50 [00:13<05:15,  6.57s/it]
Task 6, Epoch 3/50 => Loss 1.729, Train_accy 53.15:   4%|▍         | 2/50 [00:19<05:15,  6.57s/it]
Task 6, Epoch 3/50 => Loss 1.729, Train_accy 53.15:   6%|▌         | 3/50 [00:19<05:08,  6.56s/it]
Task 6, Epoch 4/50 => Loss 1.377, Train_accy 61.91:   6%|▌         | 3/50 [00:26<05:08,  6.56s/it]
Task 6, Epoch 4/50 => Loss 1.377, Train_accy 61.91:   8%|▊         | 4/50 [00:26<05:01,  6.55s/it]
Task 6, Epoch 5/50 => Loss 1.154, Train_accy 66.95, Test_accy 60.94:   8%|▊         | 4/50 [00:55<05:01,  6.55s/it]
Task 6, Epoch 5/50 => Loss 1.154, Train_accy 66.95, Test_accy 60.94:  10%|█         | 5/50 [00:55<11:06, 14.81s/it]
Task 6, Epoch 6/50 => Loss 1.053, Train_accy 69.63:  10%|█         | 5/50 [01:02<11:06, 14.81s/it]                 
Task 6, Epoch 6/50 => Loss 1.053, Train_accy 69.63:  12%|█▏        | 6/50 [01:02<08:50, 12.05s/it]
Task 6, Epoch 7/50 => Loss 0.975, Train_accy 72.13:  12%|█▏        | 6/50 [01:08<08:50, 12.05s/it]
Task 6, Epoch 7/50 => Loss 0.975, Train_accy 72.13:  14%|█▍        | 7/50 [01:08<07:19, 10.23s/it]
Task 6, Epoch 8/50 => Loss 0.861, Train_accy 75.09:  14%|█▍        | 7/50 [01:15<07:19, 10.23s/it]
Task 6, Epoch 8/50 => Loss 0.861, Train_accy 75.09:  16%|█▌        | 8/50 [01:15<06:20,  9.05s/it]
Task 6, Epoch 9/50 => Loss 0.791, Train_accy 77.07:  16%|█▌        | 8/50 [01:22<06:20,  9.05s/it]
Task 6, Epoch 9/50 => Loss 0.791, Train_accy 77.07:  18%|█▊        | 9/50 [01:22<05:41,  8.33s/it]
Task 6, Epoch 10/50 => Loss 0.750, Train_accy 78.34, Test_accy 62.84:  18%|█▊        | 9/50 [01:51<05:41,  8.33s/it]
Task 6, Epoch 10/50 => Loss 0.750, Train_accy 78.34, Test_accy 62.84:  20%|██        | 10/50 [01:51<09:51, 14.78s/it]
Task 6, Epoch 11/50 => Loss 0.680, Train_accy 81.31:  20%|██        | 10/50 [01:57<09:51, 14.78s/it]                 
Task 6, Epoch 11/50 => Loss 0.680, Train_accy 81.31:  22%|██▏       | 11/50 [01:57<07:57, 12.24s/it]
Task 6, Epoch 12/50 => Loss 0.628, Train_accy 82.77:  22%|██▏       | 11/50 [02:04<07:57, 12.24s/it]
Task 6, Epoch 12/50 => Loss 0.628, Train_accy 82.77:  24%|██▍       | 12/50 [02:04<06:39, 10.50s/it]
Task 6, Epoch 13/50 => Loss 0.607, Train_accy 82.44:  24%|██▍       | 12/50 [02:10<06:39, 10.50s/it]
Task 6, Epoch 13/50 => Loss 0.607, Train_accy 82.44:  26%|██▌       | 13/50 [02:10<05:43,  9.28s/it]
Task 6, Epoch 14/50 => Loss 0.569, Train_accy 83.95:  26%|██▌       | 13/50 [02:17<05:43,  9.28s/it]
Task 6, Epoch 14/50 => Loss 0.569, Train_accy 83.95:  28%|██▊       | 14/50 [02:17<05:05,  8.48s/it]
Task 6, Epoch 15/50 => Loss 0.591, Train_accy 83.71, Test_accy 63.83:  28%|██▊       | 14/50 [02:47<05:05,  8.48s/it]
Task 6, Epoch 15/50 => Loss 0.591, Train_accy 83.71, Test_accy 63.83:  30%|███       | 15/50 [02:47<08:40, 14.87s/it]
Task 6, Epoch 16/50 => Loss 0.542, Train_accy 84.42:  30%|███       | 15/50 [02:53<08:40, 14.87s/it]                 
Task 6, Epoch 16/50 => Loss 0.542, Train_accy 84.42:  32%|███▏      | 16/50 [02:53<06:59, 12.35s/it]
Task 6, Epoch 17/50 => Loss 0.520, Train_accy 85.64:  32%|███▏      | 16/50 [03:00<06:59, 12.35s/it]
Task 6, Epoch 17/50 => Loss 0.520, Train_accy 85.64:  34%|███▍      | 17/50 [03:00<05:50, 10.61s/it]
Task 6, Epoch 18/50 => Loss 0.545, Train_accy 84.75:  34%|███▍      | 17/50 [03:06<05:50, 10.61s/it]
Task 6, Epoch 18/50 => Loss 0.545, Train_accy 84.75:  36%|███▌      | 18/50 [03:06<05:02,  9.45s/it]
Task 6, Epoch 19/50 => Loss 0.486, Train_accy 86.86:  36%|███▌      | 18/50 [03:13<05:02,  9.45s/it]
Task 6, Epoch 19/50 => Loss 0.486, Train_accy 86.86:  38%|███▊      | 19/50 [03:13<04:25,  8.56s/it]
Task 6, Epoch 20/50 => Loss 0.449, Train_accy 87.10, Test_accy 64.55:  38%|███▊      | 19/50 [03:43<04:25,  8.56s/it]
Task 6, Epoch 20/50 => Loss 0.449, Train_accy 87.10, Test_accy 64.55:  40%|████      | 20/50 [03:43<07:27, 14.92s/it]
Task 6, Epoch 21/50 => Loss 0.430, Train_accy 88.28:  40%|████      | 20/50 [03:50<07:27, 14.92s/it]                 
Task 6, Epoch 21/50 => Loss 0.430, Train_accy 88.28:  42%|████▏     | 21/50 [03:50<06:03, 12.52s/it]
Task 6, Epoch 22/50 => Loss 0.419, Train_accy 88.84:  42%|████▏     | 21/50 [03:56<06:03, 12.52s/it]
Task 6, Epoch 22/50 => Loss 0.419, Train_accy 88.84:  44%|████▍     | 22/50 [03:56<04:59, 10.71s/it]
Task 6, Epoch 23/50 => Loss 0.433, Train_accy 88.84:  44%|████▍     | 22/50 [04:03<04:59, 10.71s/it]
Task 6, Epoch 23/50 => Loss 0.433, Train_accy 88.84:  46%|████▌     | 23/50 [04:03<04:14,  9.44s/it]
Task 6, Epoch 24/50 => Loss 0.379, Train_accy 89.17:  46%|████▌     | 23/50 [04:09<04:14,  9.44s/it]
Task 6, Epoch 24/50 => Loss 0.379, Train_accy 89.17:  48%|████▊     | 24/50 [04:09<03:43,  8.58s/it]
Task 6, Epoch 25/50 => Loss 0.401, Train_accy 88.70, Test_accy 64.83:  48%|████▊     | 24/50 [04:39<03:43,  8.58s/it]
Task 6, Epoch 25/50 => Loss 0.401, Train_accy 88.70, Test_accy 64.83:  50%|█████     | 25/50 [04:39<06:10, 14.84s/it]
Task 6, Epoch 26/50 => Loss 0.392, Train_accy 89.08:  50%|█████     | 25/50 [04:45<06:10, 14.84s/it]                 
Task 6, Epoch 26/50 => Loss 0.392, Train_accy 89.08:  52%|█████▏    | 26/50 [04:45<04:56, 12.36s/it]
Task 6, Epoch 27/50 => Loss 0.339, Train_accy 91.05:  52%|█████▏    | 26/50 [04:52<04:56, 12.36s/it]
Task 6, Epoch 27/50 => Loss 0.339, Train_accy 91.05:  54%|█████▍    | 27/50 [04:52<04:04, 10.64s/it]
Task 6, Epoch 28/50 => Loss 0.382, Train_accy 89.50:  54%|█████▍    | 27/50 [04:58<04:04, 10.64s/it]
Task 6, Epoch 28/50 => Loss 0.382, Train_accy 89.50:  56%|█████▌    | 28/50 [04:58<03:27,  9.43s/it]
Task 6, Epoch 29/50 => Loss 0.359, Train_accy 90.44:  56%|█████▌    | 28/50 [05:05<03:27,  9.43s/it]
Task 6, Epoch 29/50 => Loss 0.359, Train_accy 90.44:  58%|█████▊    | 29/50 [05:05<02:59,  8.56s/it]
Task 6, Epoch 30/50 => Loss 0.341, Train_accy 91.29, Test_accy 65.26:  58%|█████▊    | 29/50 [05:35<02:59,  8.56s/it]
Task 6, Epoch 30/50 => Loss 0.341, Train_accy 91.29, Test_accy 65.26:  60%|██████    | 30/50 [05:35<04:58, 14.94s/it]
Task 6, Epoch 31/50 => Loss 0.353, Train_accy 90.87:  60%|██████    | 30/50 [05:41<04:58, 14.94s/it]                 
Task 6, Epoch 31/50 => Loss 0.353, Train_accy 90.87:  62%|██████▏   | 31/50 [05:41<03:56, 12.42s/it]
Task 6, Epoch 32/50 => Loss 0.319, Train_accy 91.81:  62%|██████▏   | 31/50 [05:48<03:56, 12.42s/it]
Task 6, Epoch 32/50 => Loss 0.319, Train_accy 91.81:  64%|██████▍   | 32/50 [05:48<03:11, 10.66s/it]
Task 6, Epoch 33/50 => Loss 0.310, Train_accy 91.62:  64%|██████▍   | 32/50 [05:54<03:11, 10.66s/it]
Task 6, Epoch 33/50 => Loss 0.310, Train_accy 91.62:  66%|██████▌   | 33/50 [05:54<02:40,  9.44s/it]
Task 6, Epoch 34/50 => Loss 0.330, Train_accy 91.48:  66%|██████▌   | 33/50 [06:01<02:40,  9.44s/it]
Task 6, Epoch 34/50 => Loss 0.330, Train_accy 91.48:  68%|██████▊   | 34/50 [06:01<02:16,  8.54s/it]
Task 6, Epoch 35/50 => Loss 0.299, Train_accy 92.14, Test_accy 65.33:  68%|██████▊   | 34/50 [06:30<02:16,  8.54s/it]
Task 6, Epoch 35/50 => Loss 0.299, Train_accy 92.14, Test_accy 65.33:  70%|███████   | 35/50 [06:30<03:42, 14.84s/it]
Task 6, Epoch 36/50 => Loss 0.312, Train_accy 91.62:  70%|███████   | 35/50 [06:37<03:42, 14.84s/it]                 
Task 6, Epoch 36/50 => Loss 0.312, Train_accy 91.62:  72%|███████▏  | 36/50 [06:37<02:54, 12.46s/it]
Task 6, Epoch 37/50 => Loss 0.301, Train_accy 92.47:  72%|███████▏  | 36/50 [06:44<02:54, 12.46s/it]
Task 6, Epoch 37/50 => Loss 0.301, Train_accy 92.47:  74%|███████▍  | 37/50 [06:44<02:19, 10.75s/it]
Task 6, Epoch 38/50 => Loss 0.286, Train_accy 92.70:  74%|███████▍  | 37/50 [06:51<02:19, 10.75s/it]
Task 6, Epoch 38/50 => Loss 0.286, Train_accy 92.70:  76%|███████▌  | 38/50 [06:51<01:54,  9.56s/it]
Task 6, Epoch 39/50 => Loss 0.274, Train_accy 93.08:  76%|███████▌  | 38/50 [06:57<01:54,  9.56s/it]
Task 6, Epoch 39/50 => Loss 0.274, Train_accy 93.08:  78%|███████▊  | 39/50 [06:57<01:34,  8.63s/it]
Task 6, Epoch 40/50 => Loss 0.284, Train_accy 93.08, Test_accy 65.31:  78%|███████▊  | 39/50 [07:27<01:34,  8.63s/it]
Task 6, Epoch 40/50 => Loss 0.284, Train_accy 93.08, Test_accy 65.31:  80%|████████  | 40/50 [07:27<02:29, 14.92s/it]
Task 6, Epoch 41/50 => Loss 0.281, Train_accy 93.27:  80%|████████  | 40/50 [07:33<02:29, 14.92s/it]                 
Task 6, Epoch 41/50 => Loss 0.281, Train_accy 93.27:  82%|████████▏ | 41/50 [07:33<01:51, 12.39s/it]
Task 6, Epoch 42/50 => Loss 0.299, Train_accy 92.23:  82%|████████▏ | 41/50 [07:40<01:51, 12.39s/it]
Task 6, Epoch 42/50 => Loss 0.299, Train_accy 92.23:  84%|████████▍ | 42/50 [07:40<01:24, 10.61s/it]
Task 6, Epoch 43/50 => Loss 0.274, Train_accy 92.09:  84%|████████▍ | 42/50 [07:46<01:24, 10.61s/it]
Task 6, Epoch 43/50 => Loss 0.274, Train_accy 92.09:  86%|████████▌ | 43/50 [07:46<01:05,  9.42s/it]
Task 6, Epoch 44/50 => Loss 0.281, Train_accy 92.84:  86%|████████▌ | 43/50 [07:53<01:05,  9.42s/it]
Task 6, Epoch 44/50 => Loss 0.281, Train_accy 92.84:  88%|████████▊ | 44/50 [07:53<00:51,  8.58s/it]
Task 6, Epoch 45/50 => Loss 0.273, Train_accy 92.94, Test_accy 65.23:  88%|████████▊ | 44/50 [08:23<00:51,  8.58s/it]
Task 6, Epoch 45/50 => Loss 0.273, Train_accy 92.94, Test_accy 65.23:  90%|█████████ | 45/50 [08:23<01:14, 14.96s/it]
Task 6, Epoch 46/50 => Loss 0.244, Train_accy 93.93:  90%|█████████ | 45/50 [08:30<01:14, 14.96s/it]                 
Task 6, Epoch 46/50 => Loss 0.244, Train_accy 93.93:  92%|█████████▏| 46/50 [08:30<00:49, 12.44s/it]
Task 6, Epoch 47/50 => Loss 0.247, Train_accy 93.64:  92%|█████████▏| 46/50 [08:36<00:49, 12.44s/it]
Task 6, Epoch 47/50 => Loss 0.247, Train_accy 93.64:  94%|█████████▍| 47/50 [08:36<00:32, 10.75s/it]
Task 6, Epoch 48/50 => Loss 0.288, Train_accy 92.66:  94%|█████████▍| 47/50 [08:43<00:32, 10.75s/it]
Task 6, Epoch 48/50 => Loss 0.288, Train_accy 92.66:  96%|█████████▌| 48/50 [08:43<00:19,  9.53s/it]
Task 6, Epoch 49/50 => Loss 0.281, Train_accy 92.66:  96%|█████████▌| 48/50 [08:50<00:19,  9.53s/it]
Task 6, Epoch 49/50 => Loss 0.281, Train_accy 92.66:  98%|█████████▊| 49/50 [08:50<00:08,  8.66s/it]
Task 6, Epoch 50/50 => Loss 0.293, Train_accy 92.47, Test_accy 65.31:  98%|█████████▊| 49/50 [09:19<00:08,  8.66s/it]
Task 6, Epoch 50/50 => Loss 0.293, Train_accy 92.47, Test_accy 65.31: 100%|██████████| 50/50 [09:19<00:00, 14.95s/it]
Task 6, Epoch 50/50 => Loss 0.293, Train_accy 92.47, Test_accy 65.31: 100%|██████████| 50/50 [09:19<00:00, 11.20s/it]2025-02-06 19:01:34,418 [lae.py] => Task 6, Epoch 50/50 => Loss 0.293, Train_accy 92.47, Test_accy 65.31

2025-02-06 19:01:57,475 [trainer.py] => No NME accuracy.
2025-02-06 19:01:57,475 [trainer.py] => CNN: {'total': 65.31, '00-19': 70.1, '20-39': 59.49, '40-59': 70.63, '60-79': 66.02, '80-99': 61.6, '100-119': 65.0, '120-139': 63.09, 'old': 65.65, 'new': 63.09}
2025-02-06 19:01:57,475 [trainer.py] => CNN top1 curve: [84.18, 77.59, 74.0, 71.34, 68.74, 66.78, 65.31]
2025-02-06 19:01:57,475 [trainer.py] => CNN top5 curve: [96.52, 91.6, 89.15, 87.31, 85.09, 83.9, 82.77]

Average Accuracy (CNN): 72.56
2025-02-06 19:01:57,475 [trainer.py] => Average Accuracy (CNN): 72.56 

2025-02-06 19:01:57,476 [trainer.py] => All params: 85990856
2025-02-06 19:01:57,477 [trainer.py] => Trainable params: 149930
2025-02-06 19:01:57,479 [lae.py] => Learning on 140-160

  0%|          | 0/50 [00:00<?, ?it/s]
Task 7, Epoch 1/50 => Loss 3.824, Train_accy 15.20:   0%|          | 0/50 [00:08<?, ?it/s]
Task 7, Epoch 1/50 => Loss 3.824, Train_accy 15.20:   2%|▏         | 1/50 [00:08<06:56,  8.51s/it]
Task 7, Epoch 2/50 => Loss 2.247, Train_accy 41.73:   2%|▏         | 1/50 [00:16<06:56,  8.51s/it]
Task 7, Epoch 2/50 => Loss 2.247, Train_accy 41.73:   4%|▍         | 2/50 [00:16<06:46,  8.46s/it]
Task 7, Epoch 3/50 => Loss 1.623, Train_accy 56.21:   4%|▍         | 2/50 [00:25<06:46,  8.46s/it]
Task 7, Epoch 3/50 => Loss 1.623, Train_accy 56.21:   6%|▌         | 3/50 [00:25<06:36,  8.43s/it]
Task 7, Epoch 4/50 => Loss 1.325, Train_accy 63.28:   6%|▌         | 3/50 [00:33<06:36,  8.43s/it]
Task 7, Epoch 4/50 => Loss 1.325, Train_accy 63.28:   8%|▊         | 4/50 [00:33<06:27,  8.43s/it]
Task 7, Epoch 5/50 => Loss 1.152, Train_accy 67.72, Test_accy 59.36:   8%|▊         | 4/50 [01:09<06:27,  8.43s/it]
Task 7, Epoch 5/50 => Loss 1.152, Train_accy 67.72, Test_accy 59.36:  10%|█         | 5/50 [01:09<13:35, 18.12s/it]
Task 7, Epoch 6/50 => Loss 1.014, Train_accy 70.81:  10%|█         | 5/50 [01:17<13:35, 18.12s/it]                 
Task 7, Epoch 6/50 => Loss 1.014, Train_accy 70.81:  12%|█▏        | 6/50 [01:17<10:59, 14.98s/it]
Task 7, Epoch 7/50 => Loss 0.934, Train_accy 72.98:  12%|█▏        | 6/50 [01:26<10:59, 14.98s/it]
Task 7, Epoch 7/50 => Loss 0.934, Train_accy 72.98:  14%|█▍        | 7/50 [01:26<09:13, 12.87s/it]
Task 7, Epoch 8/50 => Loss 0.813, Train_accy 77.63:  14%|█▍        | 7/50 [01:35<09:13, 12.87s/it]
Task 7, Epoch 8/50 => Loss 0.813, Train_accy 77.63:  16%|█▌        | 8/50 [01:35<08:09, 11.64s/it]
Task 7, Epoch 9/50 => Loss 0.811, Train_accy 77.31:  16%|█▌        | 8/50 [01:44<08:09, 11.64s/it]
Task 7, Epoch 9/50 => Loss 0.811, Train_accy 77.31:  18%|█▊        | 9/50 [01:44<07:19, 10.72s/it]
Task 7, Epoch 10/50 => Loss 0.744, Train_accy 78.59, Test_accy 61.34:  18%|█▊        | 9/50 [02:19<07:19, 10.72s/it]
Task 7, Epoch 10/50 => Loss 0.744, Train_accy 78.59, Test_accy 61.34:  20%|██        | 10/50 [02:19<12:14, 18.36s/it]
Task 7, Epoch 11/50 => Loss 0.695, Train_accy 79.51:  20%|██        | 10/50 [02:28<12:14, 18.36s/it]                 
Task 7, Epoch 11/50 => Loss 0.695, Train_accy 79.51:  22%|██▏       | 11/50 [02:28<09:56, 15.30s/it]
Task 7, Epoch 12/50 => Loss 0.687, Train_accy 79.72:  22%|██▏       | 11/50 [02:36<09:56, 15.30s/it]
Task 7, Epoch 12/50 => Loss 0.687, Train_accy 79.72:  24%|██▍       | 12/50 [02:36<08:21, 13.20s/it]
Task 7, Epoch 13/50 => Loss 0.637, Train_accy 82.10:  24%|██▍       | 12/50 [02:44<08:21, 13.20s/it]
Task 7, Epoch 13/50 => Loss 0.637, Train_accy 82.10:  26%|██▌       | 13/50 [02:44<07:14, 11.74s/it]
Task 7, Epoch 14/50 => Loss 0.590, Train_accy 83.42:  26%|██▌       | 13/50 [02:53<07:14, 11.74s/it]
Task 7, Epoch 14/50 => Loss 0.590, Train_accy 83.42:  28%|██▊       | 14/50 [02:53<06:26, 10.75s/it]
Task 7, Epoch 15/50 => Loss 0.586, Train_accy 82.92, Test_accy 62.65:  28%|██▊       | 14/50 [03:28<06:26, 10.75s/it]
Task 7, Epoch 15/50 => Loss 0.586, Train_accy 82.92, Test_accy 62.65:  30%|███       | 15/50 [03:28<10:35, 18.14s/it]
Task 7, Epoch 16/50 => Loss 0.542, Train_accy 84.48:  30%|███       | 15/50 [03:36<10:35, 18.14s/it]                 
Task 7, Epoch 16/50 => Loss 0.542, Train_accy 84.48:  32%|███▏      | 16/50 [03:36<08:37, 15.21s/it]
Task 7, Epoch 17/50 => Loss 0.549, Train_accy 84.87:  32%|███▏      | 16/50 [03:45<08:37, 15.21s/it]
Task 7, Epoch 17/50 => Loss 0.549, Train_accy 84.87:  34%|███▍      | 17/50 [03:45<07:15, 13.20s/it]
Task 7, Epoch 18/50 => Loss 0.540, Train_accy 84.69:  34%|███▍      | 17/50 [03:53<07:15, 13.20s/it]
Task 7, Epoch 18/50 => Loss 0.540, Train_accy 84.69:  36%|███▌      | 18/50 [03:53<06:16, 11.76s/it]
Task 7, Epoch 19/50 => Loss 0.495, Train_accy 85.80:  36%|███▌      | 18/50 [04:02<06:16, 11.76s/it]
Task 7, Epoch 19/50 => Loss 0.495, Train_accy 85.80:  38%|███▊      | 19/50 [04:02<05:33, 10.77s/it]
Task 7, Epoch 20/50 => Loss 0.498, Train_accy 85.65, Test_accy 63.71:  38%|███▊      | 19/50 [04:37<05:33, 10.77s/it]
Task 7, Epoch 20/50 => Loss 0.498, Train_accy 85.65, Test_accy 63.71:  40%|████      | 20/50 [04:37<09:05, 18.18s/it]
Task 7, Epoch 21/50 => Loss 0.421, Train_accy 87.82:  40%|████      | 20/50 [04:46<09:05, 18.18s/it]                 
Task 7, Epoch 21/50 => Loss 0.421, Train_accy 87.82:  42%|████▏     | 21/50 [04:46<07:23, 15.28s/it]
Task 7, Epoch 22/50 => Loss 0.448, Train_accy 87.14:  42%|████▏     | 21/50 [04:54<07:23, 15.28s/it]
Task 7, Epoch 22/50 => Loss 0.448, Train_accy 87.14:  44%|████▍     | 22/50 [04:54<06:09, 13.21s/it]
Task 7, Epoch 23/50 => Loss 0.437, Train_accy 88.10:  44%|████▍     | 22/50 [05:03<06:09, 13.21s/it]
Task 7, Epoch 23/50 => Loss 0.437, Train_accy 88.10:  46%|████▌     | 23/50 [05:03<05:19, 11.82s/it]
Task 7, Epoch 24/50 => Loss 0.446, Train_accy 87.46:  46%|████▌     | 23/50 [05:11<05:19, 11.82s/it]
Task 7, Epoch 24/50 => Loss 0.446, Train_accy 87.46:  48%|████▊     | 24/50 [05:11<04:40, 10.80s/it]
Task 7, Epoch 25/50 => Loss 0.416, Train_accy 88.03, Test_accy 63.97:  48%|████▊     | 24/50 [05:47<04:40, 10.80s/it]
Task 7, Epoch 25/50 => Loss 0.416, Train_accy 88.03, Test_accy 63.97:  50%|█████     | 25/50 [05:47<07:36, 18.26s/it]
Task 7, Epoch 26/50 => Loss 0.405, Train_accy 88.46:  50%|█████     | 25/50 [05:55<07:36, 18.26s/it]                 
Task 7, Epoch 26/50 => Loss 0.405, Train_accy 88.46:  52%|█████▏    | 26/50 [05:55<06:08, 15.36s/it]
Task 7, Epoch 27/50 => Loss 0.413, Train_accy 88.88:  52%|█████▏    | 26/50 [06:04<06:08, 15.36s/it]
Task 7, Epoch 27/50 => Loss 0.413, Train_accy 88.88:  54%|█████▍    | 27/50 [06:04<05:06, 13.33s/it]
Task 7, Epoch 28/50 => Loss 0.403, Train_accy 88.46:  54%|█████▍    | 27/50 [06:12<05:06, 13.33s/it]
Task 7, Epoch 28/50 => Loss 0.403, Train_accy 88.46:  56%|█████▌    | 28/50 [06:12<04:20, 11.82s/it]
Task 7, Epoch 29/50 => Loss 0.393, Train_accy 89.35:  56%|█████▌    | 28/50 [06:21<04:20, 11.82s/it]
Task 7, Epoch 29/50 => Loss 0.393, Train_accy 89.35:  58%|█████▊    | 29/50 [06:21<03:46, 10.78s/it]
Task 7, Epoch 30/50 => Loss 0.391, Train_accy 88.92, Test_accy 64.31:  58%|█████▊    | 29/50 [06:56<03:46, 10.78s/it]
Task 7, Epoch 30/50 => Loss 0.391, Train_accy 88.92, Test_accy 64.31:  60%|██████    | 30/50 [06:56<06:01, 18.09s/it]
Task 7, Epoch 31/50 => Loss 0.404, Train_accy 88.46:  60%|██████    | 30/50 [07:05<06:01, 18.09s/it]                 
Task 7, Epoch 31/50 => Loss 0.404, Train_accy 88.46:  62%|██████▏   | 31/50 [07:05<04:52, 15.37s/it]
Task 7, Epoch 32/50 => Loss 0.394, Train_accy 89.10:  62%|██████▏   | 31/50 [07:13<04:52, 15.37s/it]
Task 7, Epoch 32/50 => Loss 0.394, Train_accy 89.10:  64%|██████▍   | 32/50 [07:13<03:58, 13.23s/it]
Task 7, Epoch 33/50 => Loss 0.381, Train_accy 89.67:  64%|██████▍   | 32/50 [07:21<03:58, 13.23s/it]
Task 7, Epoch 33/50 => Loss 0.381, Train_accy 89.67:  66%|██████▌   | 33/50 [07:21<03:20, 11.77s/it]
Task 7, Epoch 34/50 => Loss 0.367, Train_accy 89.63:  66%|██████▌   | 33/50 [07:30<03:20, 11.77s/it]
Task 7, Epoch 34/50 => Loss 0.367, Train_accy 89.63:  68%|██████▊   | 34/50 [07:30<02:53, 10.82s/it]
Task 7, Epoch 35/50 => Loss 0.360, Train_accy 89.56, Test_accy 64.50:  68%|██████▊   | 34/50 [08:05<02:53, 10.82s/it]
Task 7, Epoch 35/50 => Loss 0.360, Train_accy 89.56, Test_accy 64.50:  70%|███████   | 35/50 [08:05<04:31, 18.10s/it]
Task 7, Epoch 36/50 => Loss 0.350, Train_accy 90.02:  70%|███████   | 35/50 [08:14<04:31, 18.10s/it]                 
Task 7, Epoch 36/50 => Loss 0.350, Train_accy 90.02:  72%|███████▏  | 36/50 [08:14<03:33, 15.24s/it]
Task 7, Epoch 37/50 => Loss 0.343, Train_accy 90.45:  72%|███████▏  | 36/50 [08:22<03:33, 15.24s/it]
Task 7, Epoch 37/50 => Loss 0.343, Train_accy 90.45:  74%|███████▍  | 37/50 [08:22<02:51, 13.15s/it]
Task 7, Epoch 38/50 => Loss 0.364, Train_accy 90.02:  74%|███████▍  | 37/50 [08:30<02:51, 13.15s/it]
Task 7, Epoch 38/50 => Loss 0.364, Train_accy 90.02:  76%|███████▌  | 38/50 [08:30<02:20, 11.74s/it]
Task 7, Epoch 39/50 => Loss 0.332, Train_accy 91.05:  76%|███████▌  | 38/50 [08:39<02:20, 11.74s/it]
Task 7, Epoch 39/50 => Loss 0.332, Train_accy 91.05:  78%|███████▊  | 39/50 [08:39<01:57, 10.69s/it]
Task 7, Epoch 40/50 => Loss 0.338, Train_accy 90.45, Test_accy 64.54:  78%|███████▊  | 39/50 [09:13<01:57, 10.69s/it]
Task 7, Epoch 40/50 => Loss 0.338, Train_accy 90.45, Test_accy 64.54:  80%|████████  | 40/50 [09:13<02:58, 17.88s/it]
Task 7, Epoch 41/50 => Loss 0.348, Train_accy 90.38:  80%|████████  | 40/50 [09:22<02:58, 17.88s/it]                 
Task 7, Epoch 41/50 => Loss 0.348, Train_accy 90.38:  82%|████████▏ | 41/50 [09:22<02:15, 15.01s/it]
Task 7, Epoch 42/50 => Loss 0.329, Train_accy 90.87:  82%|████████▏ | 41/50 [09:30<02:15, 15.01s/it]
Task 7, Epoch 42/50 => Loss 0.329, Train_accy 90.87:  84%|████████▍ | 42/50 [09:30<01:43, 12.98s/it]
Task 7, Epoch 43/50 => Loss 0.338, Train_accy 90.23:  84%|████████▍ | 42/50 [09:38<01:43, 12.98s/it]
Task 7, Epoch 43/50 => Loss 0.338, Train_accy 90.23:  86%|████████▌ | 43/50 [09:38<01:21, 11.60s/it]
Task 7, Epoch 44/50 => Loss 0.317, Train_accy 91.76:  86%|████████▌ | 43/50 [09:46<01:21, 11.60s/it]
Task 7, Epoch 44/50 => Loss 0.317, Train_accy 91.76:  88%|████████▊ | 44/50 [09:46<01:03, 10.57s/it]
Task 7, Epoch 45/50 => Loss 0.333, Train_accy 91.02, Test_accy 64.70:  88%|████████▊ | 44/50 [10:21<01:03, 10.57s/it]
Task 7, Epoch 45/50 => Loss 0.333, Train_accy 91.02, Test_accy 64.70:  90%|█████████ | 45/50 [10:21<01:29, 17.85s/it]
Task 7, Epoch 46/50 => Loss 0.309, Train_accy 91.44:  90%|█████████ | 45/50 [10:30<01:29, 17.85s/it]                 
Task 7, Epoch 46/50 => Loss 0.309, Train_accy 91.44:  92%|█████████▏| 46/50 [10:30<01:00, 15.00s/it]
Task 7, Epoch 47/50 => Loss 0.292, Train_accy 92.12:  92%|█████████▏| 46/50 [10:38<01:00, 15.00s/it]
Task 7, Epoch 47/50 => Loss 0.292, Train_accy 92.12:  94%|█████████▍| 47/50 [10:38<00:38, 12.97s/it]
Task 7, Epoch 48/50 => Loss 0.304, Train_accy 91.44:  94%|█████████▍| 47/50 [10:46<00:38, 12.97s/it]
Task 7, Epoch 48/50 => Loss 0.304, Train_accy 91.44:  96%|█████████▌| 48/50 [10:46<00:23, 11.60s/it]
Task 7, Epoch 49/50 => Loss 0.292, Train_accy 92.15:  96%|█████████▌| 48/50 [10:55<00:23, 11.60s/it]
Task 7, Epoch 49/50 => Loss 0.292, Train_accy 92.15:  98%|█████████▊| 49/50 [10:55<00:10, 10.73s/it]
Task 7, Epoch 50/50 => Loss 0.295, Train_accy 91.58, Test_accy 64.78:  98%|█████████▊| 49/50 [11:30<00:10, 10.73s/it]
Task 7, Epoch 50/50 => Loss 0.295, Train_accy 91.58, Test_accy 64.78: 100%|██████████| 50/50 [11:30<00:00, 17.94s/it]
Task 7, Epoch 50/50 => Loss 0.295, Train_accy 91.58, Test_accy 64.78: 100%|██████████| 50/50 [11:30<00:00, 13.81s/it]2025-02-06 19:13:27,739 [lae.py] => Task 7, Epoch 50/50 => Loss 0.295, Train_accy 91.58, Test_accy 64.78

2025-02-06 19:13:54,152 [trainer.py] => No NME accuracy.
2025-02-06 19:13:54,153 [trainer.py] => CNN: {'total': 64.78, '00-19': 69.23, '20-39': 58.54, '40-59': 68.81, '60-79': 65.32, '80-99': 59.55, '100-119': 63.48, '120-139': 62.57, '140-159': 68.59, 'old': 64.12, 'new': 68.59}
2025-02-06 19:13:54,153 [trainer.py] => CNN top1 curve: [84.18, 77.59, 74.0, 71.34, 68.74, 66.78, 65.31, 64.78]
2025-02-06 19:13:54,153 [trainer.py] => CNN top5 curve: [96.52, 91.6, 89.15, 87.31, 85.09, 83.9, 82.77, 82.24]

Average Accuracy (CNN): 71.59
2025-02-06 19:13:54,153 [trainer.py] => Average Accuracy (CNN): 71.59 

2025-02-06 19:13:54,155 [trainer.py] => All params: 86006236
2025-02-06 19:13:54,156 [trainer.py] => Trainable params: 165310
2025-02-06 19:13:54,159 [lae.py] => Learning on 160-180

  0%|          | 0/50 [00:00<?, ?it/s]
Task 8, Epoch 1/50 => Loss 4.056, Train_accy 10.01:   0%|          | 0/50 [00:06<?, ?it/s]
Task 8, Epoch 1/50 => Loss 4.056, Train_accy 10.01:   2%|▏         | 1/50 [00:06<05:01,  6.16s/it]
Task 8, Epoch 2/50 => Loss 2.673, Train_accy 29.52:   2%|▏         | 1/50 [00:12<05:01,  6.16s/it]
Task 8, Epoch 2/50 => Loss 2.673, Train_accy 29.52:   4%|▍         | 2/50 [00:12<04:54,  6.14s/it]
Task 8, Epoch 3/50 => Loss 1.997, Train_accy 46.20:   4%|▍         | 2/50 [00:18<04:54,  6.14s/it]
Task 8, Epoch 3/50 => Loss 1.997, Train_accy 46.20:   6%|▌         | 3/50 [00:18<04:51,  6.20s/it]
Task 8, Epoch 4/50 => Loss 1.571, Train_accy 55.60:   6%|▌         | 3/50 [00:24<04:51,  6.20s/it]
Task 8, Epoch 4/50 => Loss 1.571, Train_accy 55.60:   8%|▊         | 4/50 [00:24<04:45,  6.21s/it]
Task 8, Epoch 5/50 => Loss 1.403, Train_accy 61.55, Test_accy 60.87:   8%|▊         | 4/50 [00:59<04:45,  6.21s/it]
Task 8, Epoch 5/50 => Loss 1.403, Train_accy 61.55, Test_accy 60.87:  10%|█         | 5/50 [00:59<12:21, 16.48s/it]
Task 8, Epoch 6/50 => Loss 1.231, Train_accy 66.84:  10%|█         | 5/50 [01:05<12:21, 16.48s/it]                 
Task 8, Epoch 6/50 => Loss 1.231, Train_accy 66.84:  12%|█▏        | 6/50 [01:05<09:33, 13.04s/it]
Task 8, Epoch 7/50 => Loss 1.153, Train_accy 68.43:  12%|█▏        | 6/50 [01:12<09:33, 13.04s/it]
Task 8, Epoch 7/50 => Loss 1.153, Train_accy 68.43:  14%|█▍        | 7/50 [01:12<07:44, 10.81s/it]
Task 8, Epoch 8/50 => Loss 1.007, Train_accy 71.46:  14%|█▍        | 7/50 [01:18<07:44, 10.81s/it]
Task 8, Epoch 8/50 => Loss 1.007, Train_accy 71.46:  16%|█▌        | 8/50 [01:18<06:33,  9.38s/it]
Task 8, Epoch 9/50 => Loss 0.952, Train_accy 72.90:  16%|█▌        | 8/50 [01:24<06:33,  9.38s/it]
Task 8, Epoch 9/50 => Loss 0.952, Train_accy 72.90:  18%|█▊        | 9/50 [01:24<05:40,  8.31s/it]
Task 8, Epoch 10/50 => Loss 0.967, Train_accy 73.46, Test_accy 62.07:  18%|█▊        | 9/50 [01:59<05:40,  8.31s/it]
Task 8, Epoch 10/50 => Loss 0.967, Train_accy 73.46, Test_accy 62.07:  20%|██        | 10/50 [01:59<11:00, 16.52s/it]
Task 8, Epoch 11/50 => Loss 0.894, Train_accy 74.59:  20%|██        | 10/50 [02:05<11:00, 16.52s/it]                 
Task 8, Epoch 11/50 => Loss 0.894, Train_accy 74.59:  22%|██▏       | 11/50 [02:05<08:38, 13.30s/it]
Task 8, Epoch 12/50 => Loss 0.788, Train_accy 76.90:  22%|██▏       | 11/50 [02:11<08:38, 13.30s/it]
Task 8, Epoch 12/50 => Loss 0.788, Train_accy 76.90:  24%|██▍       | 12/50 [02:11<07:00, 11.07s/it]
Task 8, Epoch 13/50 => Loss 0.769, Train_accy 78.90:  24%|██▍       | 12/50 [02:17<07:00, 11.07s/it]
Task 8, Epoch 13/50 => Loss 0.769, Train_accy 78.90:  26%|██▌       | 13/50 [02:17<05:51,  9.50s/it]
Task 8, Epoch 14/50 => Loss 0.749, Train_accy 78.95:  26%|██▌       | 13/50 [02:23<05:51,  9.50s/it]
Task 8, Epoch 14/50 => Loss 0.749, Train_accy 78.95:  28%|██▊       | 14/50 [02:23<05:03,  8.44s/it]
Task 8, Epoch 15/50 => Loss 0.705, Train_accy 79.88, Test_accy 62.63:  28%|██▊       | 14/50 [02:58<05:03,  8.44s/it]
Task 8, Epoch 15/50 => Loss 0.705, Train_accy 79.88, Test_accy 62.63:  30%|███       | 15/50 [02:58<09:41, 16.62s/it]
Task 8, Epoch 16/50 => Loss 0.685, Train_accy 81.72:  30%|███       | 15/50 [03:04<09:41, 16.62s/it]                 
Task 8, Epoch 16/50 => Loss 0.685, Train_accy 81.72:  32%|███▏      | 16/50 [03:04<07:37, 13.47s/it]
Task 8, Epoch 17/50 => Loss 0.614, Train_accy 81.98:  32%|███▏      | 16/50 [03:11<07:37, 13.47s/it]
Task 8, Epoch 17/50 => Loss 0.614, Train_accy 81.98:  34%|███▍      | 17/50 [03:11<06:15, 11.37s/it]
Task 8, Epoch 18/50 => Loss 0.625, Train_accy 82.60:  34%|███▍      | 17/50 [03:17<06:15, 11.37s/it]
Task 8, Epoch 18/50 => Loss 0.625, Train_accy 82.60:  36%|███▌      | 18/50 [03:17<05:11,  9.75s/it]
Task 8, Epoch 19/50 => Loss 0.602, Train_accy 82.60:  36%|███▌      | 18/50 [03:23<05:11,  9.75s/it]
Task 8, Epoch 19/50 => Loss 0.602, Train_accy 82.60:  38%|███▊      | 19/50 [03:23<04:26,  8.61s/it]
Task 8, Epoch 20/50 => Loss 0.597, Train_accy 82.60, Test_accy 63.00:  38%|███▊      | 19/50 [03:57<04:26,  8.61s/it]
Task 8, Epoch 20/50 => Loss 0.597, Train_accy 82.60, Test_accy 63.00:  40%|████      | 20/50 [03:57<08:12, 16.41s/it]
Task 8, Epoch 21/50 => Loss 0.567, Train_accy 83.88:  40%|████      | 20/50 [04:03<08:12, 16.41s/it]                 
Task 8, Epoch 21/50 => Loss 0.567, Train_accy 83.88:  42%|████▏     | 21/50 [04:03<06:25, 13.30s/it]
Task 8, Epoch 22/50 => Loss 0.572, Train_accy 83.83:  42%|████▏     | 21/50 [04:09<06:25, 13.30s/it]
Task 8, Epoch 22/50 => Loss 0.572, Train_accy 83.83:  44%|████▍     | 22/50 [04:09<05:10, 11.11s/it]
Task 8, Epoch 23/50 => Loss 0.552, Train_accy 85.27:  44%|████▍     | 22/50 [04:16<05:10, 11.11s/it]
Task 8, Epoch 23/50 => Loss 0.552, Train_accy 85.27:  46%|████▌     | 23/50 [04:16<04:19,  9.63s/it]
Task 8, Epoch 24/50 => Loss 0.503, Train_accy 85.78:  46%|████▌     | 23/50 [04:21<04:19,  9.63s/it]
Task 8, Epoch 24/50 => Loss 0.503, Train_accy 85.78:  48%|████▊     | 24/50 [04:21<03:41,  8.52s/it]
Task 8, Epoch 25/50 => Loss 0.521, Train_accy 85.42, Test_accy 63.18:  48%|████▊     | 24/50 [04:56<03:41,  8.52s/it]
Task 8, Epoch 25/50 => Loss 0.521, Train_accy 85.42, Test_accy 63.18:  50%|█████     | 25/50 [04:56<06:47, 16.31s/it]
Task 8, Epoch 26/50 => Loss 0.494, Train_accy 86.29:  50%|█████     | 25/50 [05:02<06:47, 16.31s/it]                 
Task 8, Epoch 26/50 => Loss 0.494, Train_accy 86.29:  52%|█████▏    | 26/50 [05:02<05:17, 13.23s/it]
Task 8, Epoch 27/50 => Loss 0.491, Train_accy 86.04:  52%|█████▏    | 26/50 [05:08<05:17, 13.23s/it]
Task 8, Epoch 27/50 => Loss 0.491, Train_accy 86.04:  54%|█████▍    | 27/50 [05:08<04:14, 11.08s/it]
Task 8, Epoch 28/50 => Loss 0.445, Train_accy 87.32:  54%|█████▍    | 27/50 [05:14<04:14, 11.08s/it]
Task 8, Epoch 28/50 => Loss 0.445, Train_accy 87.32:  56%|█████▌    | 28/50 [05:14<03:31,  9.63s/it]
Task 8, Epoch 29/50 => Loss 0.453, Train_accy 87.58:  56%|█████▌    | 28/50 [05:20<03:31,  9.63s/it]
Task 8, Epoch 29/50 => Loss 0.453, Train_accy 87.58:  58%|█████▊    | 29/50 [05:20<03:00,  8.59s/it]
Task 8, Epoch 30/50 => Loss 0.486, Train_accy 86.45, Test_accy 63.44:  58%|█████▊    | 29/50 [05:55<03:00,  8.59s/it]
Task 8, Epoch 30/50 => Loss 0.486, Train_accy 86.45, Test_accy 63.44:  60%|██████    | 30/50 [05:55<05:29, 16.48s/it]
Task 8, Epoch 31/50 => Loss 0.457, Train_accy 87.63:  60%|██████    | 30/50 [06:02<05:29, 16.48s/it]                 
Task 8, Epoch 31/50 => Loss 0.457, Train_accy 87.63:  62%|██████▏   | 31/50 [06:02<04:15, 13.42s/it]
Task 8, Epoch 32/50 => Loss 0.416, Train_accy 88.14:  62%|██████▏   | 31/50 [06:08<04:15, 13.42s/it]
Task 8, Epoch 32/50 => Loss 0.416, Train_accy 88.14:  64%|██████▍   | 32/50 [06:08<03:23, 11.29s/it]
Task 8, Epoch 33/50 => Loss 0.448, Train_accy 87.27:  64%|██████▍   | 32/50 [06:14<03:23, 11.29s/it]
Task 8, Epoch 33/50 => Loss 0.448, Train_accy 87.27:  66%|██████▌   | 33/50 [06:14<02:44,  9.67s/it]
Task 8, Epoch 34/50 => Loss 0.434, Train_accy 88.91:  66%|██████▌   | 33/50 [06:20<02:44,  9.67s/it]
Task 8, Epoch 34/50 => Loss 0.434, Train_accy 88.91:  68%|██████▊   | 34/50 [06:20<02:17,  8.57s/it]
Task 8, Epoch 35/50 => Loss 0.415, Train_accy 89.73, Test_accy 63.49:  68%|██████▊   | 34/50 [06:55<02:17,  8.57s/it]
Task 8, Epoch 35/50 => Loss 0.415, Train_accy 89.73, Test_accy 63.49:  70%|███████   | 35/50 [06:55<04:07, 16.53s/it]
Task 8, Epoch 36/50 => Loss 0.386, Train_accy 89.99:  70%|███████   | 35/50 [07:01<04:07, 16.53s/it]                 
Task 8, Epoch 36/50 => Loss 0.386, Train_accy 89.99:  72%|███████▏  | 36/50 [07:01<03:07, 13.39s/it]
Task 8, Epoch 37/50 => Loss 0.443, Train_accy 87.58:  72%|███████▏  | 36/50 [07:07<03:07, 13.39s/it]
Task 8, Epoch 37/50 => Loss 0.443, Train_accy 87.58:  74%|███████▍  | 37/50 [07:07<02:25, 11.19s/it]
Task 8, Epoch 38/50 => Loss 0.397, Train_accy 89.37:  74%|███████▍  | 37/50 [07:13<02:25, 11.19s/it]
Task 8, Epoch 38/50 => Loss 0.397, Train_accy 89.37:  76%|███████▌  | 38/50 [07:13<01:55,  9.64s/it]
Task 8, Epoch 39/50 => Loss 0.398, Train_accy 89.27:  76%|███████▌  | 38/50 [07:19<01:55,  9.64s/it]
Task 8, Epoch 39/50 => Loss 0.398, Train_accy 89.27:  78%|███████▊  | 39/50 [07:19<01:33,  8.52s/it]
Task 8, Epoch 40/50 => Loss 0.357, Train_accy 91.07, Test_accy 63.66:  78%|███████▊  | 39/50 [07:54<01:33,  8.52s/it]
Task 8, Epoch 40/50 => Loss 0.357, Train_accy 91.07, Test_accy 63.66:  80%|████████  | 40/50 [07:54<02:45, 16.58s/it]
Task 8, Epoch 41/50 => Loss 0.392, Train_accy 88.81:  80%|████████  | 40/50 [08:01<02:45, 16.58s/it]                 
Task 8, Epoch 41/50 => Loss 0.392, Train_accy 88.81:  82%|████████▏ | 41/50 [08:01<02:01, 13.53s/it]
Task 8, Epoch 42/50 => Loss 0.384, Train_accy 88.96:  82%|████████▏ | 41/50 [08:07<02:01, 13.53s/it]
Task 8, Epoch 42/50 => Loss 0.384, Train_accy 88.96:  84%|████████▍ | 42/50 [08:07<01:30, 11.28s/it]
Task 8, Epoch 43/50 => Loss 0.383, Train_accy 89.89:  84%|████████▍ | 42/50 [08:13<01:30, 11.28s/it]
Task 8, Epoch 43/50 => Loss 0.383, Train_accy 89.89:  86%|████████▌ | 43/50 [08:13<01:08,  9.73s/it]
Task 8, Epoch 44/50 => Loss 0.360, Train_accy 90.97:  86%|████████▌ | 43/50 [08:19<01:08,  9.73s/it]
Task 8, Epoch 44/50 => Loss 0.360, Train_accy 90.97:  88%|████████▊ | 44/50 [08:19<00:51,  8.61s/it]
Task 8, Epoch 45/50 => Loss 0.333, Train_accy 90.91, Test_accy 63.75:  88%|████████▊ | 44/50 [08:54<00:51,  8.61s/it]
Task 8, Epoch 45/50 => Loss 0.333, Train_accy 90.91, Test_accy 63.75:  90%|█████████ | 45/50 [08:54<01:22, 16.57s/it]
Task 8, Epoch 46/50 => Loss 0.327, Train_accy 91.12:  90%|█████████ | 45/50 [09:01<01:22, 16.57s/it]                 
Task 8, Epoch 46/50 => Loss 0.327, Train_accy 91.12:  92%|█████████▏| 46/50 [09:01<00:54, 13.55s/it]
Task 8, Epoch 47/50 => Loss 0.380, Train_accy 89.48:  92%|█████████▏| 46/50 [09:07<00:54, 13.55s/it]
Task 8, Epoch 47/50 => Loss 0.380, Train_accy 89.48:  94%|█████████▍| 47/50 [09:07<00:34, 11.33s/it]
Task 8, Epoch 48/50 => Loss 0.350, Train_accy 91.17:  94%|█████████▍| 47/50 [09:13<00:34, 11.33s/it]
Task 8, Epoch 48/50 => Loss 0.350, Train_accy 91.17:  96%|█████████▌| 48/50 [09:13<00:19,  9.81s/it]
Task 8, Epoch 49/50 => Loss 0.385, Train_accy 89.43:  96%|█████████▌| 48/50 [09:19<00:19,  9.81s/it]
Task 8, Epoch 49/50 => Loss 0.385, Train_accy 89.43:  98%|█████████▊| 49/50 [09:19<00:08,  8.65s/it]
Task 8, Epoch 50/50 => Loss 0.347, Train_accy 90.66, Test_accy 63.84:  98%|█████████▊| 49/50 [09:54<00:08,  8.65s/it]
Task 8, Epoch 50/50 => Loss 0.347, Train_accy 90.66, Test_accy 63.84: 100%|██████████| 50/50 [09:54<00:00, 16.64s/it]
Task 8, Epoch 50/50 => Loss 0.347, Train_accy 90.66, Test_accy 63.84: 100%|██████████| 50/50 [09:54<00:00, 11.89s/it]2025-02-06 19:23:48,896 [lae.py] => Task 8, Epoch 50/50 => Loss 0.347, Train_accy 90.66, Test_accy 63.84

2025-02-06 19:24:18,002 [trainer.py] => No NME accuracy.
2025-02-06 19:24:18,002 [trainer.py] => CNN: {'total': 63.84, '00-19': 68.8, '20-39': 58.23, '40-59': 67.99, '60-79': 64.45, '80-99': 58.93, '100-119': 63.03, '120-139': 62.57, '140-159': 68.18, '160-179': 59.21, 'old': 64.29, 'new': 59.21}
2025-02-06 19:24:18,002 [trainer.py] => CNN top1 curve: [84.18, 77.59, 74.0, 71.34, 68.74, 66.78, 65.31, 64.78, 63.84]
2025-02-06 19:24:18,002 [trainer.py] => CNN top5 curve: [96.52, 91.6, 89.15, 87.31, 85.09, 83.9, 82.77, 82.24, 81.15]

Average Accuracy (CNN): 70.73
2025-02-06 19:24:18,002 [trainer.py] => Average Accuracy (CNN): 70.73 

2025-02-06 19:24:18,004 [trainer.py] => All params: 86021616
2025-02-06 19:24:18,005 [trainer.py] => Trainable params: 180690
2025-02-06 19:24:18,009 [lae.py] => Learning on 180-200

  0%|          | 0/50 [00:00<?, ?it/s]
Task 9, Epoch 1/50 => Loss 3.768, Train_accy 11.94:   0%|          | 0/50 [00:07<?, ?it/s]
Task 9, Epoch 1/50 => Loss 3.768, Train_accy 11.94:   2%|▏         | 1/50 [00:07<05:49,  7.13s/it]
Task 9, Epoch 2/50 => Loss 2.258, Train_accy 40.44:   2%|▏         | 1/50 [00:13<05:49,  7.13s/it]
Task 9, Epoch 2/50 => Loss 2.258, Train_accy 40.44:   4%|▍         | 2/50 [00:13<05:33,  6.94s/it]
Task 9, Epoch 3/50 => Loss 1.594, Train_accy 56.96:   4%|▍         | 2/50 [00:20<05:33,  6.94s/it]
Task 9, Epoch 3/50 => Loss 1.594, Train_accy 56.96:   6%|▌         | 3/50 [00:20<05:22,  6.87s/it]
Task 9, Epoch 4/50 => Loss 1.293, Train_accy 63.44:   6%|▌         | 3/50 [00:27<05:22,  6.87s/it]
Task 9, Epoch 4/50 => Loss 1.293, Train_accy 63.44:   8%|▊         | 4/50 [00:27<05:14,  6.83s/it]
Task 9, Epoch 5/50 => Loss 1.080, Train_accy 68.81, Test_accy 59.60:   8%|▊         | 4/50 [01:06<05:14,  6.83s/it]
Task 9, Epoch 5/50 => Loss 1.080, Train_accy 68.81, Test_accy 59.60:  10%|█         | 5/50 [01:06<13:46, 18.37s/it]
Task 9, Epoch 6/50 => Loss 1.066, Train_accy 68.94:  10%|█         | 5/50 [01:13<13:46, 18.37s/it]                 
Task 9, Epoch 6/50 => Loss 1.066, Train_accy 68.94:  12%|█▏        | 6/50 [01:13<10:35, 14.45s/it]
Task 9, Epoch 7/50 => Loss 0.891, Train_accy 73.48:  12%|█▏        | 6/50 [01:19<10:35, 14.45s/it]
Task 9, Epoch 7/50 => Loss 0.891, Train_accy 73.48:  14%|█▍        | 7/50 [01:19<08:33, 11.94s/it]
Task 9, Epoch 8/50 => Loss 0.857, Train_accy 74.71:  14%|█▍        | 7/50 [01:26<08:33, 11.94s/it]
Task 9, Epoch 8/50 => Loss 0.857, Train_accy 74.71:  16%|█▌        | 8/50 [01:26<07:14, 10.33s/it]
Task 9, Epoch 9/50 => Loss 0.836, Train_accy 75.55:  16%|█▌        | 8/50 [01:33<07:14, 10.33s/it]
Task 9, Epoch 9/50 => Loss 0.836, Train_accy 75.55:  18%|█▊        | 9/50 [01:33<06:17,  9.21s/it]
Task 9, Epoch 10/50 => Loss 0.749, Train_accy 77.40, Test_accy 60.85:  18%|█▊        | 9/50 [02:12<06:17,  9.21s/it]
Task 9, Epoch 10/50 => Loss 0.749, Train_accy 77.40, Test_accy 60.85:  20%|██        | 10/50 [02:12<12:09, 18.24s/it]
Task 9, Epoch 11/50 => Loss 0.724, Train_accy 79.60:  20%|██        | 10/50 [02:19<12:09, 18.24s/it]                 
Task 9, Epoch 11/50 => Loss 0.724, Train_accy 79.60:  22%|██▏       | 11/50 [02:19<09:37, 14.81s/it]
Task 9, Epoch 12/50 => Loss 0.679, Train_accy 80.48:  22%|██▏       | 11/50 [02:25<09:37, 14.81s/it]
Task 9, Epoch 12/50 => Loss 0.679, Train_accy 80.48:  24%|██▍       | 12/50 [02:25<07:50, 12.38s/it]
Task 9, Epoch 13/50 => Loss 0.665, Train_accy 80.62:  24%|██▍       | 12/50 [02:32<07:50, 12.38s/it]
Task 9, Epoch 13/50 => Loss 0.665, Train_accy 80.62:  26%|██▌       | 13/50 [02:32<06:37, 10.75s/it]
Task 9, Epoch 14/50 => Loss 0.614, Train_accy 81.85:  26%|██▌       | 13/50 [02:39<06:37, 10.75s/it]
Task 9, Epoch 14/50 => Loss 0.614, Train_accy 81.85:  28%|██▊       | 14/50 [02:39<05:45,  9.59s/it]
Task 9, Epoch 15/50 => Loss 0.622, Train_accy 82.16, Test_accy 61.38:  28%|██▊       | 14/50 [03:18<05:45,  9.59s/it]
Task 9, Epoch 15/50 => Loss 0.622, Train_accy 82.16, Test_accy 61.38:  30%|███       | 15/50 [03:18<10:41, 18.33s/it]
Task 9, Epoch 16/50 => Loss 0.566, Train_accy 82.95:  30%|███       | 15/50 [03:25<10:41, 18.33s/it]                 
Task 9, Epoch 16/50 => Loss 0.566, Train_accy 82.95:  32%|███▏      | 16/50 [03:25<08:25, 14.87s/it]
Task 9, Epoch 17/50 => Loss 0.533, Train_accy 84.23:  32%|███▏      | 16/50 [03:31<08:25, 14.87s/it]
Task 9, Epoch 17/50 => Loss 0.533, Train_accy 84.23:  34%|███▍      | 17/50 [03:31<06:50, 12.43s/it]
Task 9, Epoch 18/50 => Loss 0.560, Train_accy 84.10:  34%|███▍      | 17/50 [03:38<06:50, 12.43s/it]
Task 9, Epoch 18/50 => Loss 0.560, Train_accy 84.10:  36%|███▌      | 18/50 [03:38<05:43, 10.73s/it]
Task 9, Epoch 19/50 => Loss 0.534, Train_accy 84.85:  36%|███▌      | 18/50 [03:45<05:43, 10.73s/it]
Task 9, Epoch 19/50 => Loss 0.534, Train_accy 84.85:  38%|███▊      | 19/50 [03:45<04:57,  9.59s/it]
Task 9, Epoch 20/50 => Loss 0.496, Train_accy 85.59, Test_accy 61.67:  38%|███▊      | 19/50 [04:23<04:57,  9.59s/it]
Task 9, Epoch 20/50 => Loss 0.496, Train_accy 85.59, Test_accy 61.67:  40%|████      | 20/50 [04:23<09:05, 18.20s/it]
Task 9, Epoch 21/50 => Loss 0.469, Train_accy 87.18:  40%|████      | 20/50 [04:30<09:05, 18.20s/it]                 
Task 9, Epoch 21/50 => Loss 0.469, Train_accy 87.18:  42%|████▏     | 21/50 [04:30<07:08, 14.77s/it]
Task 9, Epoch 22/50 => Loss 0.444, Train_accy 87.67:  42%|████▏     | 21/50 [04:37<07:08, 14.77s/it]
Task 9, Epoch 22/50 => Loss 0.444, Train_accy 87.67:  44%|████▍     | 22/50 [04:37<05:46, 12.36s/it]
Task 9, Epoch 23/50 => Loss 0.437, Train_accy 88.37:  44%|████▍     | 22/50 [04:44<05:46, 12.36s/it]
Task 9, Epoch 23/50 => Loss 0.437, Train_accy 88.37:  46%|████▌     | 23/50 [04:44<04:48, 10.68s/it]
Task 9, Epoch 24/50 => Loss 0.457, Train_accy 87.93:  46%|████▌     | 23/50 [04:50<04:48, 10.68s/it]
Task 9, Epoch 24/50 => Loss 0.457, Train_accy 87.93:  48%|████▊     | 24/50 [04:50<04:07,  9.50s/it]
Task 9, Epoch 25/50 => Loss 0.460, Train_accy 86.30, Test_accy 61.85:  48%|████▊     | 24/50 [05:29<04:07,  9.50s/it]
Task 9, Epoch 25/50 => Loss 0.460, Train_accy 86.30, Test_accy 61.85:  50%|█████     | 25/50 [05:29<07:34, 18.17s/it]
Task 9, Epoch 26/50 => Loss 0.430, Train_accy 88.33:  50%|█████     | 25/50 [05:36<07:34, 18.17s/it]                 
Task 9, Epoch 26/50 => Loss 0.430, Train_accy 88.33:  52%|█████▏    | 26/50 [05:36<05:54, 14.77s/it]
Task 9, Epoch 27/50 => Loss 0.441, Train_accy 87.44:  52%|█████▏    | 26/50 [05:43<05:54, 14.77s/it]
Task 9, Epoch 27/50 => Loss 0.441, Train_accy 87.44:  54%|█████▍    | 27/50 [05:43<04:48, 12.52s/it]
Task 9, Epoch 28/50 => Loss 0.422, Train_accy 88.81:  54%|█████▍    | 27/50 [05:50<04:48, 12.52s/it]
Task 9, Epoch 28/50 => Loss 0.422, Train_accy 88.81:  56%|█████▌    | 28/50 [05:50<03:58, 10.83s/it]
Task 9, Epoch 29/50 => Loss 0.405, Train_accy 89.07:  56%|█████▌    | 28/50 [05:57<03:58, 10.83s/it]
Task 9, Epoch 29/50 => Loss 0.405, Train_accy 89.07:  58%|█████▊    | 29/50 [05:57<03:21,  9.61s/it]
Task 9, Epoch 30/50 => Loss 0.381, Train_accy 89.78, Test_accy 61.88:  58%|█████▊    | 29/50 [06:35<03:21,  9.61s/it]
Task 9, Epoch 30/50 => Loss 0.381, Train_accy 89.78, Test_accy 61.88:  60%|██████    | 30/50 [06:35<06:05, 18.28s/it]
Task 9, Epoch 31/50 => Loss 0.390, Train_accy 89.52:  60%|██████    | 30/50 [06:42<06:05, 18.28s/it]                 
Task 9, Epoch 31/50 => Loss 0.390, Train_accy 89.52:  62%|██████▏   | 31/50 [06:42<04:42, 14.89s/it]
Task 9, Epoch 32/50 => Loss 0.352, Train_accy 89.87:  62%|██████▏   | 31/50 [06:49<04:42, 14.89s/it]
Task 9, Epoch 32/50 => Loss 0.352, Train_accy 89.87:  64%|██████▍   | 32/50 [06:49<03:46, 12.57s/it]
Task 9, Epoch 33/50 => Loss 0.364, Train_accy 89.91:  64%|██████▍   | 32/50 [06:56<03:46, 12.57s/it]
Task 9, Epoch 33/50 => Loss 0.364, Train_accy 89.91:  66%|██████▌   | 33/50 [06:56<03:04, 10.85s/it]
Task 9, Epoch 34/50 => Loss 0.382, Train_accy 89.03:  66%|██████▌   | 33/50 [07:03<03:04, 10.85s/it]
Task 9, Epoch 34/50 => Loss 0.382, Train_accy 89.03:  68%|██████▊   | 34/50 [07:03<02:34,  9.64s/it]
Task 9, Epoch 35/50 => Loss 0.355, Train_accy 89.65, Test_accy 62.02:  68%|██████▊   | 34/50 [07:42<02:34,  9.64s/it]
Task 9, Epoch 35/50 => Loss 0.355, Train_accy 89.65, Test_accy 62.02:  70%|███████   | 35/50 [07:42<04:36, 18.45s/it]
Task 9, Epoch 36/50 => Loss 0.368, Train_accy 89.65:  70%|███████   | 35/50 [07:49<04:36, 18.45s/it]                 
Task 9, Epoch 36/50 => Loss 0.368, Train_accy 89.65:  72%|███████▏  | 36/50 [07:49<03:29, 14.97s/it]
Task 9, Epoch 37/50 => Loss 0.362, Train_accy 90.62:  72%|███████▏  | 36/50 [07:56<03:29, 14.97s/it]
Task 9, Epoch 37/50 => Loss 0.362, Train_accy 90.62:  74%|███████▍  | 37/50 [07:56<02:44, 12.66s/it]
Task 9, Epoch 38/50 => Loss 0.345, Train_accy 90.44:  74%|███████▍  | 37/50 [08:03<02:44, 12.66s/it]
Task 9, Epoch 38/50 => Loss 0.345, Train_accy 90.44:  76%|███████▌  | 38/50 [08:03<02:11, 10.94s/it]
Task 9, Epoch 39/50 => Loss 0.352, Train_accy 90.04:  76%|███████▌  | 38/50 [08:10<02:11, 10.94s/it]
Task 9, Epoch 39/50 => Loss 0.352, Train_accy 90.04:  78%|███████▊  | 39/50 [08:10<01:47,  9.74s/it]
Task 9, Epoch 40/50 => Loss 0.343, Train_accy 90.04, Test_accy 62.07:  78%|███████▊  | 39/50 [08:49<01:47,  9.74s/it]
Task 9, Epoch 40/50 => Loss 0.343, Train_accy 90.04, Test_accy 62.07:  80%|████████  | 40/50 [08:49<03:06, 18.60s/it]
Task 9, Epoch 41/50 => Loss 0.333, Train_accy 90.09:  80%|████████  | 40/50 [08:56<03:06, 18.60s/it]                 
Task 9, Epoch 41/50 => Loss 0.333, Train_accy 90.09:  82%|████████▏ | 41/50 [08:56<02:15, 15.09s/it]
Task 9, Epoch 42/50 => Loss 0.340, Train_accy 90.93:  82%|████████▏ | 41/50 [09:03<02:15, 15.09s/it]
Task 9, Epoch 42/50 => Loss 0.340, Train_accy 90.93:  84%|████████▍ | 42/50 [09:03<01:41, 12.63s/it]
Task 9, Epoch 43/50 => Loss 0.329, Train_accy 91.45:  84%|████████▍ | 42/50 [09:10<01:41, 12.63s/it]
Task 9, Epoch 43/50 => Loss 0.329, Train_accy 91.45:  86%|████████▌ | 43/50 [09:10<01:16, 10.91s/it]
Task 9, Epoch 44/50 => Loss 0.303, Train_accy 91.41:  86%|████████▌ | 43/50 [09:17<01:16, 10.91s/it]
Task 9, Epoch 44/50 => Loss 0.303, Train_accy 91.41:  88%|████████▊ | 44/50 [09:17<00:58,  9.68s/it]
Task 9, Epoch 45/50 => Loss 0.321, Train_accy 91.19, Test_accy 62.15:  88%|████████▊ | 44/50 [09:56<00:58,  9.68s/it]
Task 9, Epoch 45/50 => Loss 0.321, Train_accy 91.19, Test_accy 62.15:  90%|█████████ | 45/50 [09:56<01:32, 18.46s/it]
Task 9, Epoch 46/50 => Loss 0.302, Train_accy 92.07:  90%|█████████ | 45/50 [10:03<01:32, 18.46s/it]                 
Task 9, Epoch 46/50 => Loss 0.302, Train_accy 92.07:  92%|█████████▏| 46/50 [10:03<00:59, 14.98s/it]
Task 9, Epoch 47/50 => Loss 0.311, Train_accy 91.85:  92%|█████████▏| 46/50 [10:10<00:59, 14.98s/it]
Task 9, Epoch 47/50 => Loss 0.311, Train_accy 91.85:  94%|█████████▍| 47/50 [10:10<00:37, 12.61s/it]
Task 9, Epoch 48/50 => Loss 0.291, Train_accy 92.47:  94%|█████████▍| 47/50 [10:17<00:37, 12.61s/it]
Task 9, Epoch 48/50 => Loss 0.291, Train_accy 92.47:  96%|█████████▌| 48/50 [10:17<00:22, 11.02s/it]
Task 9, Epoch 49/50 => Loss 0.286, Train_accy 92.11:  96%|█████████▌| 48/50 [10:24<00:22, 11.02s/it]
Task 9, Epoch 49/50 => Loss 0.286, Train_accy 92.11:  98%|█████████▊| 49/50 [10:24<00:09,  9.77s/it]
Task 9, Epoch 50/50 => Loss 0.295, Train_accy 92.07, Test_accy 62.03:  98%|█████████▊| 49/50 [11:03<00:09,  9.77s/it]
Task 9, Epoch 50/50 => Loss 0.295, Train_accy 92.07, Test_accy 62.03: 100%|██████████| 50/50 [11:03<00:00, 18.67s/it]
Task 9, Epoch 50/50 => Loss 0.295, Train_accy 92.07, Test_accy 62.03: 100%|██████████| 50/50 [11:03<00:00, 13.27s/it]2025-02-06 19:35:21,718 [lae.py] => Task 9, Epoch 50/50 => Loss 0.295, Train_accy 92.07, Test_accy 62.03

2025-02-06 19:35:53,929 [trainer.py] => No NME accuracy.
2025-02-06 19:35:53,930 [trainer.py] => CNN: {'total': 62.03, '00-19': 67.63, '20-39': 55.22, '40-59': 66.5, '60-79': 63.22, '80-99': 57.7, '100-119': 60.61, '120-139': 61.16, '140-159': 67.35, '160-179': 57.53, '180-199': 60.1, 'old': 62.24, 'new': 60.1}
2025-02-06 19:35:53,930 [trainer.py] => CNN top1 curve: [84.18, 77.59, 74.0, 71.34, 68.74, 66.78, 65.31, 64.78, 63.84, 62.03]
2025-02-06 19:35:53,930 [trainer.py] => CNN top5 curve: [96.52, 91.6, 89.15, 87.31, 85.09, 83.9, 82.77, 82.24, 81.15, 80.03]

Average Accuracy (CNN): 69.86
2025-02-06 19:35:53,930 [trainer.py] => Average Accuracy (CNN): 69.86 

Accuracy Matrix (CNN):
[[84.18 82.29 78.08 74.6  73.15 71.26 70.1  69.23 68.8  67.63]
 [ 0.   72.47 66.61 63.61 62.34 60.13 59.49 58.54 58.23 55.22]
 [ 0.    0.   77.06 74.26 72.77 71.78 70.63 68.81 67.99 66.5 ]
 [ 0.    0.    0.   72.85 69.7  67.6  66.02 65.32 64.45 63.22]
 [ 0.    0.    0.    0.   64.68 63.04 61.6  59.55 58.93 57.7 ]
 [ 0.    0.    0.    0.    0.   65.91 65.   63.48 63.03 60.61]
 [ 0.    0.    0.    0.    0.    0.   63.09 62.57 62.57 61.16]
 [ 0.    0.    0.    0.    0.    0.    0.   68.59 68.18 67.35]
 [ 0.    0.    0.    0.    0.    0.    0.    0.   59.21 57.53]
 [ 0.    0.    0.    0.    0.    0.    0.    0.    0.   60.1 ]]
2025-02-06 19:35:53,931 [trainer.py] => Forgetting (CNN): 7.902222222222226
