nohup: 忽略输入
2025-07-07 16:17:22,100 [trainer.py] => config: ./scripts/lae/lae_cifar_B0_Inc5.json
2025-07-07 16:17:22,123 [trainer.py] => prefix:  
2025-07-07 16:17:22,123 [trainer.py] => dataset: cifar224
2025-07-07 16:17:22,123 [trainer.py] => memory_size: 0
2025-07-07 16:17:22,123 [trainer.py] => memory_per_class: 0
2025-07-07 16:17:22,123 [trainer.py] => fixed_memory: False
2025-07-07 16:17:22,123 [trainer.py] => shuffle: True
2025-07-07 16:17:22,123 [trainer.py] => init_cls: 5
2025-07-07 16:17:22,123 [trainer.py] => increment: 5
2025-07-07 16:17:22,124 [trainer.py] => model_name: lae
2025-07-07 16:17:22,124 [trainer.py] => backbone_type: vit_base_patch16_224_lae
2025-07-07 16:17:22,124 [trainer.py] => device: [device(type='cuda', index=5)]
2025-07-07 16:17:22,124 [trainer.py] => seed: 1993
2025-07-07 16:17:22,124 [trainer.py] => tuned_epoch: 5
2025-07-07 16:17:22,124 [trainer.py] => init_lr: 0.0028125
2025-07-07 16:17:22,124 [trainer.py] => batch_size: 128
2025-07-07 16:17:22,124 [trainer.py] => weight_decay: 0
2025-07-07 16:17:22,124 [trainer.py] => min_lr: 1e-05
2025-07-07 16:17:22,124 [trainer.py] => optimizer: adam
2025-07-07 16:17:22,124 [trainer.py] => scheduler: constant
2025-07-07 16:17:22,124 [trainer.py] => reinit_optimizer: True
2025-07-07 16:17:22,124 [trainer.py] => pretrained: True
2025-07-07 16:17:22,124 [trainer.py] => drop: 0.0
2025-07-07 16:17:22,124 [trainer.py] => drop_path: 0.0
2025-07-07 16:17:22,124 [trainer.py] => ema_decay: 0.9999
2025-07-07 16:17:22,124 [trainer.py] => num_freeze_epochs: 3
2025-07-07 16:17:22,124 [trainer.py] => pet_cls: LoRA
2025-07-07 16:17:22,125 [trainer.py] => pet_length: 10
2025-07-07 16:17:22,125 [trainer.py] => down_sample_dim: 5
2025-07-07 16:17:23,217 [data_manager.py] => [68, 56, 78, 8, 23, 84, 90, 65, 74, 76, 40, 89, 3, 92, 55, 9, 26, 80, 43, 38, 58, 70, 77, 1, 85, 19, 17, 50, 28, 53, 13, 81, 45, 82, 6, 59, 83, 16, 15, 44, 91, 41, 72, 60, 79, 52, 20, 10, 31, 54, 37, 95, 14, 71, 96, 98, 97, 2, 64, 66, 42, 22, 35, 86, 24, 34, 87, 21, 99, 0, 88, 27, 18, 94, 11, 12, 47, 25, 30, 46, 62, 69, 36, 61, 7, 63, 75, 5, 32, 4, 51, 48, 73, 93, 39, 67, 29, 49, 57, 33]
2025-07-07 16:17:25,786 [lae.py] => 85,952,266 model total parameters.
2025-07-07 16:17:25,786 [lae.py] => 0 model training parameters.
2025-07-07 16:17:25,787 [trainer.py] => All params: 86105876
2025-07-07 16:17:25,788 [trainer.py] => Trainable params: 0
2025-07-07 16:17:25,788 [lae.py] => Learning on 0-5

  0%|          | 0/5 [00:00<?, ?it/s]
Task 0, Epoch 1/5 => Loss 1.073, Train_accy 72.68:   0%|          | 0/5 [00:06<?, ?it/s]
Task 0, Epoch 1/5 => Loss 1.073, Train_accy 72.68:  20%|██        | 1/5 [00:06<00:26,  6.70s/it]
Task 0, Epoch 2/5 => Loss 0.292, Train_accy 91.56:  20%|██        | 1/5 [00:13<00:26,  6.70s/it]
Task 0, Epoch 2/5 => Loss 0.292, Train_accy 91.56:  40%|████      | 2/5 [00:13<00:19,  6.60s/it]
Task 0, Epoch 3/5 => Loss 0.244, Train_accy 92.28:  40%|████      | 2/5 [00:19<00:19,  6.60s/it]
Task 0, Epoch 3/5 => Loss 0.244, Train_accy 92.28:  60%|██████    | 3/5 [00:19<00:13,  6.62s/it]
Task 0, Epoch 4/5 => Loss 0.226, Train_accy 92.96:  60%|██████    | 3/5 [00:33<00:13,  6.62s/it]
Task 0, Epoch 4/5 => Loss 0.226, Train_accy 92.96:  80%|████████  | 4/5 [00:33<00:09,  9.30s/it]
Task 0, Epoch 5/5 => Loss 0.225, Train_accy 93.24, Test_accy 98.20:  80%|████████  | 4/5 [00:50<00:09,  9.30s/it]
Task 0, Epoch 5/5 => Loss 0.225, Train_accy 93.24, Test_accy 98.20: 100%|██████████| 5/5 [00:50<00:00, 12.04s/it]
Task 0, Epoch 5/5 => Loss 0.225, Train_accy 93.24, Test_accy 98.20: 100%|██████████| 5/5 [00:50<00:00, 10.04s/it]
2025-07-07 16:18:16,443 [lae.py] => Task 0, Epoch 5/5 => Loss 0.225, Train_accy 93.24, Test_accy 98.20
2025-07-07 16:18:19,460 [trainer.py] => No NME accuracy.
2025-07-07 16:18:19,461 [trainer.py] => CNN: {'total': 98.2, '00-04': 98.2, 'old': 0, 'new': 98.2}
2025-07-07 16:18:19,461 [trainer.py] => CNN top1 curve: [98.2]
2025-07-07 16:18:19,461 [trainer.py] => CNN top5 curve: [100.0]

Average Accuracy (CNN): 98.2
2025-07-07 16:18:19,461 [trainer.py] => Average Accuracy (CNN): 98.2 

2025-07-07 16:18:19,463 [trainer.py] => All params: 86109721
2025-07-07 16:18:19,464 [trainer.py] => Trainable params: 157455
2025-07-07 16:18:19,465 [lae.py] => Learning on 5-10

  0%|          | 0/5 [00:00<?, ?it/s]
Task 1, Epoch 1/5 => Loss 1.082, Train_accy 69.68:   0%|          | 0/5 [00:07<?, ?it/s]
Task 1, Epoch 1/5 => Loss 1.082, Train_accy 69.68:  20%|██        | 1/5 [00:07<00:28,  7.11s/it]
Task 1, Epoch 2/5 => Loss 0.362, Train_accy 88.72:  20%|██        | 1/5 [00:14<00:28,  7.11s/it]
Task 1, Epoch 2/5 => Loss 0.362, Train_accy 88.72:  40%|████      | 2/5 [00:14<00:21,  7.19s/it]
Task 1, Epoch 3/5 => Loss 0.328, Train_accy 90.48:  40%|████      | 2/5 [00:21<00:21,  7.19s/it]
Task 1, Epoch 3/5 => Loss 0.328, Train_accy 90.48:  60%|██████    | 3/5 [00:21<00:14,  7.15s/it]
Task 1, Epoch 4/5 => Loss 0.305, Train_accy 90.60:  60%|██████    | 3/5 [00:35<00:14,  7.15s/it]
Task 1, Epoch 4/5 => Loss 0.305, Train_accy 90.60:  80%|████████  | 4/5 [00:35<00:09,  9.94s/it]
Task 1, Epoch 5/5 => Loss 0.241, Train_accy 92.20, Test_accy 92.50:  80%|████████  | 4/5 [00:55<00:09,  9.94s/it]
Task 1, Epoch 5/5 => Loss 0.241, Train_accy 92.20, Test_accy 92.50: 100%|██████████| 5/5 [00:55<00:00, 13.62s/it]
Task 1, Epoch 5/5 => Loss 0.241, Train_accy 92.20, Test_accy 92.50: 100%|██████████| 5/5 [00:55<00:00, 11.16s/it]
2025-07-07 16:19:15,293 [lae.py] => Task 1, Epoch 5/5 => Loss 0.241, Train_accy 92.20, Test_accy 92.50
2025-07-07 16:19:21,036 [trainer.py] => No NME accuracy.
2025-07-07 16:19:21,036 [trainer.py] => CNN: {'total': 92.5, '00-04': 99.0, '05-09': 86.0, 'old': 99.0, 'new': 86.0}
2025-07-07 16:19:21,036 [trainer.py] => CNN top1 curve: [98.2, 92.5]
2025-07-07 16:19:21,036 [trainer.py] => CNN top5 curve: [100.0, 99.5]

Average Accuracy (CNN): 95.35
2025-07-07 16:19:21,036 [trainer.py] => Average Accuracy (CNN): 95.35 

2025-07-07 16:19:21,038 [trainer.py] => All params: 86113566
2025-07-07 16:19:21,039 [trainer.py] => Trainable params: 161300
2025-07-07 16:19:21,040 [lae.py] => Learning on 10-15

  0%|          | 0/5 [00:00<?, ?it/s]
Task 2, Epoch 1/5 => Loss 0.854, Train_accy 74.00:   0%|          | 0/5 [00:07<?, ?it/s]
Task 2, Epoch 1/5 => Loss 0.854, Train_accy 74.00:  20%|██        | 1/5 [00:07<00:29,  7.29s/it]
Task 2, Epoch 2/5 => Loss 0.304, Train_accy 90.08:  20%|██        | 1/5 [00:14<00:29,  7.29s/it]
Task 2, Epoch 2/5 => Loss 0.304, Train_accy 90.08:  40%|████      | 2/5 [00:14<00:21,  7.30s/it]
Task 2, Epoch 3/5 => Loss 0.281, Train_accy 90.88:  40%|████      | 2/5 [00:21<00:21,  7.30s/it]
Task 2, Epoch 3/5 => Loss 0.281, Train_accy 90.88:  60%|██████    | 3/5 [00:21<00:14,  7.30s/it]
Task 2, Epoch 4/5 => Loss 0.278, Train_accy 90.56:  60%|██████    | 3/5 [00:36<00:14,  7.30s/it]
Task 2, Epoch 4/5 => Loss 0.278, Train_accy 90.56:  80%|████████  | 4/5 [00:36<00:10, 10.11s/it]
Task 2, Epoch 5/5 => Loss 0.241, Train_accy 91.80, Test_accy 90.33:  80%|████████  | 4/5 [00:59<00:10, 10.11s/it]
Task 2, Epoch 5/5 => Loss 0.241, Train_accy 91.80, Test_accy 90.33: 100%|██████████| 5/5 [00:59<00:00, 14.72s/it]
Task 2, Epoch 5/5 => Loss 0.241, Train_accy 91.80, Test_accy 90.33: 100%|██████████| 5/5 [00:59<00:00, 11.84s/it]
2025-07-07 16:20:20,310 [lae.py] => Task 2, Epoch 5/5 => Loss 0.241, Train_accy 91.80, Test_accy 90.33
2025-07-07 16:20:28,972 [trainer.py] => No NME accuracy.
2025-07-07 16:20:28,972 [trainer.py] => CNN: {'total': 90.33, '00-04': 97.6, '05-09': 80.2, '10-14': 93.2, 'old': 88.9, 'new': 93.2}
2025-07-07 16:20:28,972 [trainer.py] => CNN top1 curve: [98.2, 92.5, 90.33]
2025-07-07 16:20:28,973 [trainer.py] => CNN top5 curve: [100.0, 99.5, 98.73]

Average Accuracy (CNN): 93.68
2025-07-07 16:20:28,973 [trainer.py] => Average Accuracy (CNN): 93.68 

2025-07-07 16:20:28,974 [trainer.py] => All params: 86117411
2025-07-07 16:20:28,975 [trainer.py] => Trainable params: 165145
2025-07-07 16:20:28,976 [lae.py] => Learning on 15-20

  0%|          | 0/5 [00:00<?, ?it/s]
Task 3, Epoch 1/5 => Loss 1.065, Train_accy 70.88:   0%|          | 0/5 [00:07<?, ?it/s]
Task 3, Epoch 1/5 => Loss 1.065, Train_accy 70.88:  20%|██        | 1/5 [00:07<00:29,  7.30s/it]
Task 3, Epoch 2/5 => Loss 0.388, Train_accy 87.96:  20%|██        | 1/5 [00:14<00:29,  7.30s/it]
Task 3, Epoch 2/5 => Loss 0.388, Train_accy 87.96:  40%|████      | 2/5 [00:14<00:21,  7.33s/it]
Task 3, Epoch 3/5 => Loss 0.338, Train_accy 89.00:  40%|████      | 2/5 [00:21<00:21,  7.33s/it]
Task 3, Epoch 3/5 => Loss 0.338, Train_accy 89.00:  60%|██████    | 3/5 [00:21<00:14,  7.33s/it]
Task 3, Epoch 4/5 => Loss 0.295, Train_accy 89.52:  60%|██████    | 3/5 [00:36<00:14,  7.33s/it]
Task 3, Epoch 4/5 => Loss 0.295, Train_accy 89.52:  80%|████████  | 4/5 [00:36<00:10, 10.09s/it]
Task 3, Epoch 5/5 => Loss 0.266, Train_accy 90.64, Test_accy 90.30:  80%|████████  | 4/5 [01:01<00:10, 10.09s/it]
Task 3, Epoch 5/5 => Loss 0.266, Train_accy 90.64, Test_accy 90.30: 100%|██████████| 5/5 [01:01<00:00, 15.71s/it]
Task 3, Epoch 5/5 => Loss 0.266, Train_accy 90.64, Test_accy 90.30: 100%|██████████| 5/5 [01:01<00:00, 12.40s/it]
2025-07-07 16:21:30,973 [lae.py] => Task 3, Epoch 5/5 => Loss 0.266, Train_accy 90.64, Test_accy 90.30
2025-07-07 16:21:42,006 [trainer.py] => No NME accuracy.
2025-07-07 16:21:42,006 [trainer.py] => CNN: {'total': 90.3, '00-04': 97.6, '05-09': 79.8, '10-14': 90.4, '15-19': 93.4, 'old': 89.27, 'new': 93.4}
2025-07-07 16:21:42,006 [trainer.py] => CNN top1 curve: [98.2, 92.5, 90.33, 90.3]
2025-07-07 16:21:42,007 [trainer.py] => CNN top5 curve: [100.0, 99.5, 98.73, 98.3]

Average Accuracy (CNN): 92.83
2025-07-07 16:21:42,007 [trainer.py] => Average Accuracy (CNN): 92.83 

2025-07-07 16:21:42,008 [trainer.py] => All params: 86121256
2025-07-07 16:21:42,010 [trainer.py] => Trainable params: 168990
2025-07-07 16:21:42,011 [lae.py] => Learning on 20-25

  0%|          | 0/5 [00:00<?, ?it/s]
Task 4, Epoch 1/5 => Loss 0.489, Train_accy 83.40:   0%|          | 0/5 [00:07<?, ?it/s]
Task 4, Epoch 1/5 => Loss 0.489, Train_accy 83.40:  20%|██        | 1/5 [00:07<00:29,  7.33s/it]
Task 4, Epoch 2/5 => Loss 0.163, Train_accy 94.28:  20%|██        | 1/5 [00:14<00:29,  7.33s/it]
Task 4, Epoch 2/5 => Loss 0.163, Train_accy 94.28:  40%|████      | 2/5 [00:14<00:22,  7.35s/it]
Task 4, Epoch 3/5 => Loss 0.150, Train_accy 94.84:  40%|████      | 2/5 [00:22<00:22,  7.35s/it]
Task 4, Epoch 3/5 => Loss 0.150, Train_accy 94.84:  60%|██████    | 3/5 [00:22<00:14,  7.39s/it]
Task 4, Epoch 4/5 => Loss 0.187, Train_accy 93.68:  60%|██████    | 3/5 [00:36<00:14,  7.39s/it]
Task 4, Epoch 4/5 => Loss 0.187, Train_accy 93.68:  80%|████████  | 4/5 [00:36<00:10, 10.16s/it]
Task 4, Epoch 5/5 => Loss 0.170, Train_accy 94.20, Test_accy 88.96:  80%|████████  | 4/5 [01:04<00:10, 10.16s/it]
Task 4, Epoch 5/5 => Loss 0.170, Train_accy 94.20, Test_accy 88.96: 100%|██████████| 5/5 [01:04<00:00, 16.63s/it]
Task 4, Epoch 5/5 => Loss 0.170, Train_accy 94.20, Test_accy 88.96: 100%|██████████| 5/5 [01:04<00:00, 12.93s/it]
2025-07-07 16:22:46,673 [lae.py] => Task 4, Epoch 5/5 => Loss 0.170, Train_accy 94.20, Test_accy 88.96
2025-07-07 16:23:00,453 [trainer.py] => No NME accuracy.
2025-07-07 16:23:00,454 [trainer.py] => CNN: {'total': 88.96, '00-04': 95.0, '05-09': 76.8, '10-14': 86.2, '15-19': 91.8, '20-24': 95.0, 'old': 87.45, 'new': 95.0}
2025-07-07 16:23:00,454 [trainer.py] => CNN top1 curve: [98.2, 92.5, 90.33, 90.3, 88.96]
2025-07-07 16:23:00,454 [trainer.py] => CNN top5 curve: [100.0, 99.5, 98.73, 98.3, 98.12]

Average Accuracy (CNN): 92.06
2025-07-07 16:23:00,454 [trainer.py] => Average Accuracy (CNN): 92.06 

2025-07-07 16:23:00,456 [trainer.py] => All params: 86125101
2025-07-07 16:23:00,457 [trainer.py] => Trainable params: 172835
2025-07-07 16:23:00,458 [lae.py] => Learning on 25-30

  0%|          | 0/5 [00:00<?, ?it/s]
Task 5, Epoch 1/5 => Loss 0.438, Train_accy 83.68:   0%|          | 0/5 [00:07<?, ?it/s]
Task 5, Epoch 1/5 => Loss 0.438, Train_accy 83.68:  20%|██        | 1/5 [00:07<00:29,  7.33s/it]
Task 5, Epoch 2/5 => Loss 0.164, Train_accy 93.84:  20%|██        | 1/5 [00:14<00:29,  7.33s/it]
Task 5, Epoch 2/5 => Loss 0.164, Train_accy 93.84:  40%|████      | 2/5 [00:14<00:21,  7.32s/it]
Task 5, Epoch 3/5 => Loss 0.131, Train_accy 95.28:  40%|████      | 2/5 [00:21<00:21,  7.32s/it]
Task 5, Epoch 3/5 => Loss 0.131, Train_accy 95.28:  60%|██████    | 3/5 [00:21<00:14,  7.32s/it]
Task 5, Epoch 4/5 => Loss 0.152, Train_accy 94.08:  60%|██████    | 3/5 [00:36<00:14,  7.32s/it]
Task 5, Epoch 4/5 => Loss 0.152, Train_accy 94.08:  80%|████████  | 4/5 [00:36<00:10, 10.16s/it]
Task 5, Epoch 5/5 => Loss 0.136, Train_accy 95.08, Test_accy 84.53:  80%|████████  | 4/5 [01:07<00:10, 10.16s/it]
Task 5, Epoch 5/5 => Loss 0.136, Train_accy 95.08, Test_accy 84.53: 100%|██████████| 5/5 [01:07<00:00, 17.66s/it]
Task 5, Epoch 5/5 => Loss 0.136, Train_accy 95.08, Test_accy 84.53: 100%|██████████| 5/5 [01:07<00:00, 13.49s/it]
2025-07-07 16:24:07,917 [lae.py] => Task 5, Epoch 5/5 => Loss 0.136, Train_accy 95.08, Test_accy 84.53
2025-07-07 16:24:24,672 [trainer.py] => No NME accuracy.
2025-07-07 16:24:24,673 [trainer.py] => CNN: {'total': 84.53, '00-04': 92.4, '05-09': 61.0, '10-14': 78.6, '15-19': 86.4, '20-24': 90.6, '25-29': 98.2, 'old': 81.8, 'new': 98.2}
2025-07-07 16:24:24,673 [trainer.py] => CNN top1 curve: [98.2, 92.5, 90.33, 90.3, 88.96, 84.53]
2025-07-07 16:24:24,673 [trainer.py] => CNN top5 curve: [100.0, 99.5, 98.73, 98.3, 98.12, 97.17]

Average Accuracy (CNN): 90.8
2025-07-07 16:24:24,673 [trainer.py] => Average Accuracy (CNN): 90.8 

2025-07-07 16:24:24,675 [trainer.py] => All params: 86128946
2025-07-07 16:24:24,676 [trainer.py] => Trainable params: 176680
2025-07-07 16:24:24,678 [lae.py] => Learning on 30-35

  0%|          | 0/5 [00:00<?, ?it/s]
Task 6, Epoch 1/5 => Loss 0.707, Train_accy 74.56:   0%|          | 0/5 [00:07<?, ?it/s]
Task 6, Epoch 1/5 => Loss 0.707, Train_accy 74.56:  20%|██        | 1/5 [00:07<00:29,  7.35s/it]
Task 6, Epoch 2/5 => Loss 0.329, Train_accy 87.24:  20%|██        | 1/5 [00:14<00:29,  7.35s/it]
Task 6, Epoch 2/5 => Loss 0.329, Train_accy 87.24:  40%|████      | 2/5 [00:14<00:21,  7.33s/it]
Task 6, Epoch 3/5 => Loss 0.314, Train_accy 87.88:  40%|████      | 2/5 [00:22<00:21,  7.33s/it]
Task 6, Epoch 3/5 => Loss 0.314, Train_accy 87.88:  60%|██████    | 3/5 [00:22<00:14,  7.34s/it]
Task 6, Epoch 4/5 => Loss 0.302, Train_accy 88.76:  60%|██████    | 3/5 [00:36<00:14,  7.34s/it]
Task 6, Epoch 4/5 => Loss 0.302, Train_accy 88.76:  80%|████████  | 4/5 [00:36<00:10, 10.16s/it]
Task 6, Epoch 5/5 => Loss 0.286, Train_accy 88.32, Test_accy 84.57:  80%|████████  | 4/5 [01:10<00:10, 10.16s/it]
Task 6, Epoch 5/5 => Loss 0.286, Train_accy 88.32, Test_accy 84.57: 100%|██████████| 5/5 [01:10<00:00, 18.68s/it]
Task 6, Epoch 5/5 => Loss 0.286, Train_accy 88.32, Test_accy 84.57: 100%|██████████| 5/5 [01:10<00:00, 14.06s/it]
2025-07-07 16:25:34,994 [lae.py] => Task 6, Epoch 5/5 => Loss 0.286, Train_accy 88.32, Test_accy 84.57
2025-07-07 16:25:54,182 [trainer.py] => No NME accuracy.
2025-07-07 16:25:54,182 [trainer.py] => CNN: {'total': 84.57, '00-04': 91.8, '05-09': 62.2, '10-14': 80.8, '15-19': 84.4, '20-24': 94.2, '25-29': 98.0, '30-34': 80.6, 'old': 85.23, 'new': 80.6}
2025-07-07 16:25:54,183 [trainer.py] => CNN top1 curve: [98.2, 92.5, 90.33, 90.3, 88.96, 84.53, 84.57]
2025-07-07 16:25:54,183 [trainer.py] => CNN top5 curve: [100.0, 99.5, 98.73, 98.3, 98.12, 97.17, 97.49]

Average Accuracy (CNN): 89.91
2025-07-07 16:25:54,183 [trainer.py] => Average Accuracy (CNN): 89.91 

2025-07-07 16:25:54,185 [trainer.py] => All params: 86132791
2025-07-07 16:25:54,186 [trainer.py] => Trainable params: 180525
2025-07-07 16:25:54,188 [lae.py] => Learning on 35-40

  0%|          | 0/5 [00:00<?, ?it/s]
Task 7, Epoch 1/5 => Loss 0.647, Train_accy 78.52:   0%|          | 0/5 [00:07<?, ?it/s]
Task 7, Epoch 1/5 => Loss 0.647, Train_accy 78.52:  20%|██        | 1/5 [00:07<00:30,  7.65s/it]
Task 7, Epoch 2/5 => Loss 0.177, Train_accy 94.04:  20%|██        | 1/5 [00:14<00:30,  7.65s/it]
Task 7, Epoch 2/5 => Loss 0.177, Train_accy 94.04:  40%|████      | 2/5 [00:14<00:22,  7.45s/it]
Task 7, Epoch 3/5 => Loss 0.164, Train_accy 94.08:  40%|████      | 2/5 [00:22<00:22,  7.45s/it]
Task 7, Epoch 3/5 => Loss 0.164, Train_accy 94.08:  60%|██████    | 3/5 [00:22<00:14,  7.47s/it]
Task 7, Epoch 4/5 => Loss 0.164, Train_accy 93.84:  60%|██████    | 3/5 [00:36<00:14,  7.47s/it]
Task 7, Epoch 4/5 => Loss 0.164, Train_accy 93.84:  80%|████████  | 4/5 [00:36<00:10, 10.20s/it]
Task 7, Epoch 5/5 => Loss 0.147, Train_accy 94.84, Test_accy 82.90:  80%|████████  | 4/5 [01:13<00:10, 10.20s/it]
Task 7, Epoch 5/5 => Loss 0.147, Train_accy 94.84, Test_accy 82.90: 100%|██████████| 5/5 [01:13<00:00, 19.63s/it]
Task 7, Epoch 5/5 => Loss 0.147, Train_accy 94.84, Test_accy 82.90: 100%|██████████| 5/5 [01:13<00:00, 14.64s/it]
2025-07-07 16:27:07,400 [lae.py] => Task 7, Epoch 5/5 => Loss 0.147, Train_accy 94.84, Test_accy 82.90
2025-07-07 16:27:29,180 [trainer.py] => No NME accuracy.
2025-07-07 16:27:29,181 [trainer.py] => CNN: {'total': 82.9, '00-04': 90.8, '05-09': 59.0, '10-14': 78.8, '15-19': 81.6, '20-24': 91.2, '25-29': 97.2, '30-34': 78.0, '35-39': 86.6, 'old': 82.37, 'new': 86.6}
2025-07-07 16:27:29,181 [trainer.py] => CNN top1 curve: [98.2, 92.5, 90.33, 90.3, 88.96, 84.53, 84.57, 82.9]
2025-07-07 16:27:29,181 [trainer.py] => CNN top5 curve: [100.0, 99.5, 98.73, 98.3, 98.12, 97.17, 97.49, 96.88]

Average Accuracy (CNN): 89.04
2025-07-07 16:27:29,181 [trainer.py] => Average Accuracy (CNN): 89.04 

2025-07-07 16:27:29,183 [trainer.py] => All params: 86136636
2025-07-07 16:27:29,185 [trainer.py] => Trainable params: 184370
2025-07-07 16:27:29,187 [lae.py] => Learning on 40-45

  0%|          | 0/5 [00:00<?, ?it/s]
Task 8, Epoch 1/5 => Loss 0.696, Train_accy 77.00:   0%|          | 0/5 [00:07<?, ?it/s]
Task 8, Epoch 1/5 => Loss 0.696, Train_accy 77.00:  20%|██        | 1/5 [00:07<00:29,  7.43s/it]
Task 8, Epoch 2/5 => Loss 0.194, Train_accy 93.60:  20%|██        | 1/5 [00:14<00:29,  7.43s/it]
Task 8, Epoch 2/5 => Loss 0.194, Train_accy 93.60:  40%|████      | 2/5 [00:14<00:22,  7.43s/it]
Task 8, Epoch 3/5 => Loss 0.186, Train_accy 93.44:  40%|████      | 2/5 [00:22<00:22,  7.43s/it]
Task 8, Epoch 3/5 => Loss 0.186, Train_accy 93.44:  60%|██████    | 3/5 [00:22<00:14,  7.39s/it]
Task 8, Epoch 4/5 => Loss 0.186, Train_accy 93.80:  60%|██████    | 3/5 [00:37<00:14,  7.39s/it]
Task 8, Epoch 4/5 => Loss 0.186, Train_accy 93.80:  80%|████████  | 4/5 [00:37<00:10, 10.32s/it]
Task 8, Epoch 5/5 => Loss 0.184, Train_accy 93.52, Test_accy 83.09:  80%|████████  | 4/5 [01:16<00:10, 10.32s/it]
Task 8, Epoch 5/5 => Loss 0.184, Train_accy 93.52, Test_accy 83.09: 100%|██████████| 5/5 [01:16<00:00, 20.80s/it]
Task 8, Epoch 5/5 => Loss 0.184, Train_accy 93.52, Test_accy 83.09: 100%|██████████| 5/5 [01:16<00:00, 15.28s/it]
2025-07-07 16:28:45,624 [lae.py] => Task 8, Epoch 5/5 => Loss 0.184, Train_accy 93.52, Test_accy 83.09
2025-07-07 16:29:10,258 [trainer.py] => No NME accuracy.
2025-07-07 16:29:10,259 [trainer.py] => CNN: {'total': 83.09, '00-04': 90.2, '05-09': 58.0, '10-14': 74.0, '15-19': 82.6, '20-24': 91.6, '25-29': 97.4, '30-34': 79.6, '35-39': 86.8, '40-44': 87.6, 'old': 82.52, 'new': 87.6}
2025-07-07 16:29:10,259 [trainer.py] => CNN top1 curve: [98.2, 92.5, 90.33, 90.3, 88.96, 84.53, 84.57, 82.9, 83.09]
2025-07-07 16:29:10,259 [trainer.py] => CNN top5 curve: [100.0, 99.5, 98.73, 98.3, 98.12, 97.17, 97.49, 96.88, 96.76]

Average Accuracy (CNN): 88.38
2025-07-07 16:29:10,259 [trainer.py] => Average Accuracy (CNN): 88.38 

2025-07-07 16:29:10,261 [trainer.py] => All params: 86140481
2025-07-07 16:29:10,263 [trainer.py] => Trainable params: 188215
2025-07-07 16:29:10,265 [lae.py] => Learning on 45-50

  0%|          | 0/5 [00:00<?, ?it/s]
Task 9, Epoch 1/5 => Loss 0.507, Train_accy 81.84:   0%|          | 0/5 [00:07<?, ?it/s]
Task 9, Epoch 1/5 => Loss 0.507, Train_accy 81.84:  20%|██        | 1/5 [00:07<00:31,  7.82s/it]
Task 9, Epoch 2/5 => Loss 0.104, Train_accy 96.08:  20%|██        | 1/5 [00:15<00:31,  7.82s/it]
Task 9, Epoch 2/5 => Loss 0.104, Train_accy 96.08:  40%|████      | 2/5 [00:15<00:22,  7.59s/it]
Task 9, Epoch 3/5 => Loss 0.091, Train_accy 96.60:  40%|████      | 2/5 [00:22<00:22,  7.59s/it]
Task 9, Epoch 3/5 => Loss 0.091, Train_accy 96.60:  60%|██████    | 3/5 [00:22<00:15,  7.52s/it]
Task 9, Epoch 4/5 => Loss 0.110, Train_accy 96.32:  60%|██████    | 3/5 [00:37<00:15,  7.52s/it]
Task 9, Epoch 4/5 => Loss 0.110, Train_accy 96.32:  80%|████████  | 4/5 [00:37<00:10, 10.36s/it]
Task 9, Epoch 5/5 => Loss 0.109, Train_accy 96.28, Test_accy 81.54:  80%|████████  | 4/5 [01:19<00:10, 10.36s/it]
Task 9, Epoch 5/5 => Loss 0.109, Train_accy 96.28, Test_accy 81.54: 100%|██████████| 5/5 [01:19<00:00, 21.86s/it]
Task 9, Epoch 5/5 => Loss 0.109, Train_accy 96.28, Test_accy 81.54: 100%|██████████| 5/5 [01:19<00:00, 15.93s/it]
2025-07-07 16:30:29,940 [lae.py] => Task 9, Epoch 5/5 => Loss 0.109, Train_accy 96.28, Test_accy 81.54
2025-07-07 16:30:57,677 [trainer.py] => No NME accuracy.
2025-07-07 16:30:57,678 [trainer.py] => CNN: {'total': 81.54, '00-04': 86.4, '05-09': 57.6, '10-14': 68.2, '15-19': 82.2, '20-24': 92.0, '25-29': 93.8, '30-34': 76.6, '35-39': 79.2, '40-44': 88.2, '45-49': 91.2, 'old': 80.47, 'new': 91.2}
2025-07-07 16:30:57,679 [trainer.py] => CNN top1 curve: [98.2, 92.5, 90.33, 90.3, 88.96, 84.53, 84.57, 82.9, 83.09, 81.54]
2025-07-07 16:30:57,679 [trainer.py] => CNN top5 curve: [100.0, 99.5, 98.73, 98.3, 98.12, 97.17, 97.49, 96.88, 96.76, 96.4]

Average Accuracy (CNN): 87.69
2025-07-07 16:30:57,679 [trainer.py] => Average Accuracy (CNN): 87.69 

2025-07-07 16:30:57,681 [trainer.py] => All params: 86144326
2025-07-07 16:30:57,683 [trainer.py] => Trainable params: 192060
2025-07-07 16:30:57,686 [lae.py] => Learning on 50-55

  0%|          | 0/5 [00:00<?, ?it/s]
Task 10, Epoch 1/5 => Loss 0.454, Train_accy 82.96:   0%|          | 0/5 [00:07<?, ?it/s]
Task 10, Epoch 1/5 => Loss 0.454, Train_accy 82.96:  20%|██        | 1/5 [00:07<00:29,  7.46s/it]
Task 10, Epoch 2/5 => Loss 0.175, Train_accy 93.92:  20%|██        | 1/5 [00:14<00:29,  7.46s/it]
Task 10, Epoch 2/5 => Loss 0.175, Train_accy 93.92:  40%|████      | 2/5 [00:14<00:22,  7.44s/it]
Task 10, Epoch 3/5 => Loss 0.162, Train_accy 94.20:  40%|████      | 2/5 [00:22<00:22,  7.44s/it]
Task 10, Epoch 3/5 => Loss 0.162, Train_accy 94.20:  60%|██████    | 3/5 [00:22<00:14,  7.45s/it]
Task 10, Epoch 4/5 => Loss 0.183, Train_accy 93.44:  60%|██████    | 3/5 [00:36<00:14,  7.45s/it]
Task 10, Epoch 4/5 => Loss 0.183, Train_accy 93.44:  80%|████████  | 4/5 [00:36<00:10, 10.25s/it]
Task 10, Epoch 5/5 => Loss 0.128, Train_accy 95.60, Test_accy 80.40:  80%|████████  | 4/5 [01:22<00:10, 10.25s/it]
Task 10, Epoch 5/5 => Loss 0.128, Train_accy 95.60, Test_accy 80.40: 100%|██████████| 5/5 [01:22<00:00, 22.84s/it]
Task 10, Epoch 5/5 => Loss 0.128, Train_accy 95.60, Test_accy 80.40: 100%|██████████| 5/5 [01:22<00:00, 16.41s/it]
2025-07-07 16:32:19,765 [lae.py] => Task 10, Epoch 5/5 => Loss 0.128, Train_accy 95.60, Test_accy 80.40
2025-07-07 16:32:49,706 [trainer.py] => No NME accuracy.
2025-07-07 16:32:49,706 [trainer.py] => CNN: {'total': 80.4, '00-04': 84.0, '05-09': 56.8, '10-14': 71.4, '15-19': 81.2, '20-24': 91.8, '25-29': 94.6, '30-34': 74.4, '35-39': 80.4, '40-44': 86.2, '45-49': 89.4, '50-54': 74.2, 'old': 81.02, 'new': 74.2}
2025-07-07 16:32:49,706 [trainer.py] => CNN top1 curve: [98.2, 92.5, 90.33, 90.3, 88.96, 84.53, 84.57, 82.9, 83.09, 81.54, 80.4]
2025-07-07 16:32:49,706 [trainer.py] => CNN top5 curve: [100.0, 99.5, 98.73, 98.3, 98.12, 97.17, 97.49, 96.88, 96.76, 96.4, 96.2]

Average Accuracy (CNN): 87.03
2025-07-07 16:32:49,706 [trainer.py] => Average Accuracy (CNN): 87.03 

2025-07-07 16:32:49,707 [trainer.py] => All params: 86148171
2025-07-07 16:32:49,708 [trainer.py] => Trainable params: 195905
2025-07-07 16:32:49,709 [lae.py] => Learning on 55-60

  0%|          | 0/5 [00:00<?, ?it/s]
Task 11, Epoch 1/5 => Loss 0.909, Train_accy 67.68:   0%|          | 0/5 [00:07<?, ?it/s]
Task 11, Epoch 1/5 => Loss 0.909, Train_accy 67.68:  20%|██        | 1/5 [00:07<00:29,  7.34s/it]
Task 11, Epoch 2/5 => Loss 0.404, Train_accy 84.24:  20%|██        | 1/5 [00:14<00:29,  7.34s/it]
Task 11, Epoch 2/5 => Loss 0.404, Train_accy 84.24:  40%|████      | 2/5 [00:14<00:22,  7.39s/it]
Task 11, Epoch 3/5 => Loss 0.380, Train_accy 85.20:  40%|████      | 2/5 [00:22<00:22,  7.39s/it]
Task 11, Epoch 3/5 => Loss 0.380, Train_accy 85.20:  60%|██████    | 3/5 [00:22<00:14,  7.41s/it]
Task 11, Epoch 4/5 => Loss 0.346, Train_accy 86.52:  60%|██████    | 3/5 [00:36<00:14,  7.41s/it]
Task 11, Epoch 4/5 => Loss 0.346, Train_accy 86.52:  80%|████████  | 4/5 [00:36<00:10, 10.17s/it]
Task 11, Epoch 5/5 => Loss 0.287, Train_accy 88.96, Test_accy 79.85:  80%|████████  | 4/5 [01:23<00:10, 10.17s/it]
Task 11, Epoch 5/5 => Loss 0.287, Train_accy 88.96, Test_accy 79.85: 100%|██████████| 5/5 [01:23<00:00, 23.47s/it]
Task 11, Epoch 5/5 => Loss 0.287, Train_accy 88.96, Test_accy 79.85: 100%|██████████| 5/5 [01:23<00:00, 16.73s/it]
2025-07-07 16:34:13,397 [lae.py] => Task 11, Epoch 5/5 => Loss 0.287, Train_accy 88.96, Test_accy 79.85
2025-07-07 16:34:46,075 [trainer.py] => No NME accuracy.
2025-07-07 16:34:46,075 [trainer.py] => CNN: {'total': 79.85, '00-04': 83.6, '05-09': 58.8, '10-14': 71.2, '15-19': 84.0, '20-24': 91.0, '25-29': 95.8, '30-34': 74.8, '35-39': 80.2, '40-44': 84.4, '45-49': 88.2, '50-54': 65.4, '55-59': 80.8, 'old': 79.76, 'new': 80.8}
2025-07-07 16:34:46,075 [trainer.py] => CNN top1 curve: [98.2, 92.5, 90.33, 90.3, 88.96, 84.53, 84.57, 82.9, 83.09, 81.54, 80.4, 79.85]
2025-07-07 16:34:46,075 [trainer.py] => CNN top5 curve: [100.0, 99.5, 98.73, 98.3, 98.12, 97.17, 97.49, 96.88, 96.76, 96.4, 96.2, 95.32]

Average Accuracy (CNN): 86.43
2025-07-07 16:34:46,076 [trainer.py] => Average Accuracy (CNN): 86.43 

2025-07-07 16:34:46,077 [trainer.py] => All params: 86152016
2025-07-07 16:34:46,077 [trainer.py] => Trainable params: 199750
2025-07-07 16:34:46,079 [lae.py] => Learning on 60-65

  0%|          | 0/5 [00:00<?, ?it/s]
Task 12, Epoch 1/5 => Loss 0.543, Train_accy 82.12:   0%|          | 0/5 [00:07<?, ?it/s]
Task 12, Epoch 1/5 => Loss 0.543, Train_accy 82.12:  20%|██        | 1/5 [00:07<00:30,  7.65s/it]
Task 12, Epoch 2/5 => Loss 0.150, Train_accy 94.76:  20%|██        | 1/5 [00:15<00:30,  7.65s/it]
Task 12, Epoch 2/5 => Loss 0.150, Train_accy 94.76:  40%|████      | 2/5 [00:15<00:23,  7.70s/it]
Task 12, Epoch 3/5 => Loss 0.132, Train_accy 95.48:  40%|████      | 2/5 [00:22<00:23,  7.70s/it]
Task 12, Epoch 3/5 => Loss 0.132, Train_accy 95.48:  60%|██████    | 3/5 [00:22<00:15,  7.63s/it]
Task 12, Epoch 4/5 => Loss 0.132, Train_accy 95.08:  60%|██████    | 3/5 [00:37<00:15,  7.63s/it]
Task 12, Epoch 4/5 => Loss 0.132, Train_accy 95.08:  80%|████████  | 4/5 [00:37<00:10, 10.45s/it]
Task 12, Epoch 5/5 => Loss 0.134, Train_accy 95.28, Test_accy 79.20:  80%|████████  | 4/5 [01:28<00:10, 10.45s/it]
Task 12, Epoch 5/5 => Loss 0.134, Train_accy 95.28, Test_accy 79.20: 100%|██████████| 5/5 [01:28<00:00, 24.83s/it]
Task 12, Epoch 5/5 => Loss 0.134, Train_accy 95.28, Test_accy 79.20: 100%|██████████| 5/5 [01:28<00:00, 17.61s/it]
2025-07-07 16:36:14,156 [lae.py] => Task 12, Epoch 5/5 => Loss 0.134, Train_accy 95.28, Test_accy 79.20
2025-07-07 16:36:49,975 [trainer.py] => No NME accuracy.
2025-07-07 16:36:49,975 [trainer.py] => CNN: {'total': 79.2, '00-04': 83.8, '05-09': 55.8, '10-14': 68.4, '15-19': 81.0, '20-24': 91.4, '25-29': 94.6, '30-34': 75.2, '35-39': 82.6, '40-44': 85.2, '45-49': 85.4, '50-54': 64.0, '55-59': 69.6, '60-64': 92.6, 'old': 78.08, 'new': 92.6}
2025-07-07 16:36:49,975 [trainer.py] => CNN top1 curve: [98.2, 92.5, 90.33, 90.3, 88.96, 84.53, 84.57, 82.9, 83.09, 81.54, 80.4, 79.85, 79.2]
2025-07-07 16:36:49,975 [trainer.py] => CNN top5 curve: [100.0, 99.5, 98.73, 98.3, 98.12, 97.17, 97.49, 96.88, 96.76, 96.4, 96.2, 95.32, 94.72]

Average Accuracy (CNN): 85.87
2025-07-07 16:36:49,976 [trainer.py] => Average Accuracy (CNN): 85.87 

2025-07-07 16:36:49,977 [trainer.py] => All params: 86155861
2025-07-07 16:36:49,977 [trainer.py] => Trainable params: 203595
2025-07-07 16:36:49,979 [lae.py] => Learning on 65-70

  0%|          | 0/5 [00:00<?, ?it/s]
Task 13, Epoch 1/5 => Loss 0.561, Train_accy 82.36:   0%|          | 0/5 [00:07<?, ?it/s]
Task 13, Epoch 1/5 => Loss 0.561, Train_accy 82.36:  20%|██        | 1/5 [00:07<00:30,  7.59s/it]
Task 13, Epoch 2/5 => Loss 0.116, Train_accy 96.12:  20%|██        | 1/5 [00:15<00:30,  7.59s/it]
Task 13, Epoch 2/5 => Loss 0.116, Train_accy 96.12:  40%|████      | 2/5 [00:15<00:22,  7.67s/it]
Task 13, Epoch 3/5 => Loss 0.092, Train_accy 97.04:  40%|████      | 2/5 [00:22<00:22,  7.67s/it]
Task 13, Epoch 3/5 => Loss 0.092, Train_accy 97.04:  60%|██████    | 3/5 [00:22<00:15,  7.63s/it]
Task 13, Epoch 4/5 => Loss 0.108, Train_accy 96.64:  60%|██████    | 3/5 [00:37<00:15,  7.63s/it]
Task 13, Epoch 4/5 => Loss 0.108, Train_accy 96.64:  80%|████████  | 4/5 [00:37<00:10, 10.44s/it]
Task 13, Epoch 5/5 => Loss 0.101, Train_accy 96.40, Test_accy 80.04:  80%|████████  | 4/5 [01:30<00:10, 10.44s/it]
Task 13, Epoch 5/5 => Loss 0.101, Train_accy 96.40, Test_accy 80.04: 100%|██████████| 5/5 [01:30<00:00, 25.75s/it]
Task 13, Epoch 5/5 => Loss 0.101, Train_accy 96.40, Test_accy 80.04: 100%|██████████| 5/5 [01:30<00:00, 18.11s/it]
2025-07-07 16:38:20,553 [lae.py] => Task 13, Epoch 5/5 => Loss 0.101, Train_accy 96.40, Test_accy 80.04
2025-07-07 16:38:59,080 [trainer.py] => No NME accuracy.
2025-07-07 16:38:59,080 [trainer.py] => CNN: {'total': 80.04, '00-04': 80.2, '05-09': 56.8, '10-14': 68.6, '15-19': 81.8, '20-24': 90.4, '25-29': 94.6, '30-34': 74.6, '35-39': 81.4, '40-44': 85.2, '45-49': 86.0, '50-54': 67.6, '55-59': 65.4, '60-64': 92.0, '65-69': 96.0, 'old': 78.82, 'new': 96.0}
2025-07-07 16:38:59,080 [trainer.py] => CNN top1 curve: [98.2, 92.5, 90.33, 90.3, 88.96, 84.53, 84.57, 82.9, 83.09, 81.54, 80.4, 79.85, 79.2, 80.04]
2025-07-07 16:38:59,080 [trainer.py] => CNN top5 curve: [100.0, 99.5, 98.73, 98.3, 98.12, 97.17, 97.49, 96.88, 96.76, 96.4, 96.2, 95.32, 94.72, 95.61]

Average Accuracy (CNN): 85.46
2025-07-07 16:38:59,080 [trainer.py] => Average Accuracy (CNN): 85.46 

2025-07-07 16:38:59,081 [trainer.py] => All params: 86159706
2025-07-07 16:38:59,082 [trainer.py] => Trainable params: 207440
2025-07-07 16:38:59,084 [lae.py] => Learning on 70-75

  0%|          | 0/5 [00:00<?, ?it/s]
Task 14, Epoch 1/5 => Loss 0.463, Train_accy 83.76:   0%|          | 0/5 [00:07<?, ?it/s]
Task 14, Epoch 1/5 => Loss 0.463, Train_accy 83.76:  20%|██        | 1/5 [00:07<00:30,  7.73s/it]
Task 14, Epoch 2/5 => Loss 0.191, Train_accy 93.52:  20%|██        | 1/5 [00:15<00:30,  7.73s/it]
Task 14, Epoch 2/5 => Loss 0.191, Train_accy 93.52:  40%|████      | 2/5 [00:15<00:23,  7.73s/it]
Task 14, Epoch 3/5 => Loss 0.158, Train_accy 94.76:  40%|████      | 2/5 [00:23<00:23,  7.73s/it]
Task 14, Epoch 3/5 => Loss 0.158, Train_accy 94.76:  60%|██████    | 3/5 [00:23<00:15,  7.67s/it]
Task 14, Epoch 4/5 => Loss 0.154, Train_accy 94.24:  60%|██████    | 3/5 [00:37<00:15,  7.67s/it]
Task 14, Epoch 4/5 => Loss 0.154, Train_accy 94.24:  80%|████████  | 4/5 [00:37<00:10, 10.47s/it]
Task 14, Epoch 5/5 => Loss 0.137, Train_accy 95.64, Test_accy 79.40:  80%|████████  | 4/5 [01:33<00:10, 10.47s/it]
Task 14, Epoch 5/5 => Loss 0.137, Train_accy 95.64, Test_accy 79.40: 100%|██████████| 5/5 [01:33<00:00, 26.84s/it]
Task 14, Epoch 5/5 => Loss 0.137, Train_accy 95.64, Test_accy 79.40: 100%|██████████| 5/5 [01:33<00:00, 18.74s/it]
2025-07-07 16:40:32,800 [lae.py] => Task 14, Epoch 5/5 => Loss 0.137, Train_accy 95.64, Test_accy 79.40
2025-07-07 16:41:13,940 [trainer.py] => No NME accuracy.
2025-07-07 16:41:13,940 [trainer.py] => CNN: {'total': 79.4, '00-04': 80.0, '05-09': 56.2, '10-14': 68.6, '15-19': 83.4, '20-24': 92.4, '25-29': 95.6, '30-34': 76.2, '35-39': 82.0, '40-44': 86.8, '45-49': 87.2, '50-54': 66.2, '55-59': 61.4, '60-64': 86.0, '65-69': 95.4, '70-74': 73.6, 'old': 79.81, 'new': 73.6}
2025-07-07 16:41:13,940 [trainer.py] => CNN top1 curve: [98.2, 92.5, 90.33, 90.3, 88.96, 84.53, 84.57, 82.9, 83.09, 81.54, 80.4, 79.85, 79.2, 80.04, 79.4]
2025-07-07 16:41:13,940 [trainer.py] => CNN top5 curve: [100.0, 99.5, 98.73, 98.3, 98.12, 97.17, 97.49, 96.88, 96.76, 96.4, 96.2, 95.32, 94.72, 95.61, 95.4]

Average Accuracy (CNN): 85.05
2025-07-07 16:41:13,940 [trainer.py] => Average Accuracy (CNN): 85.05 

2025-07-07 16:41:13,941 [trainer.py] => All params: 86163551
2025-07-07 16:41:13,942 [trainer.py] => Trainable params: 211285
2025-07-07 16:41:13,943 [lae.py] => Learning on 75-80

  0%|          | 0/5 [00:00<?, ?it/s]
Task 15, Epoch 1/5 => Loss 0.496, Train_accy 82.24:   0%|          | 0/5 [00:07<?, ?it/s]
Task 15, Epoch 1/5 => Loss 0.496, Train_accy 82.24:  20%|██        | 1/5 [00:07<00:29,  7.49s/it]
Task 15, Epoch 2/5 => Loss 0.184, Train_accy 93.76:  20%|██        | 1/5 [00:15<00:29,  7.49s/it]
Task 15, Epoch 2/5 => Loss 0.184, Train_accy 93.76:  40%|████      | 2/5 [00:15<00:23,  7.74s/it]
Task 15, Epoch 3/5 => Loss 0.142, Train_accy 95.24:  40%|████      | 2/5 [00:23<00:23,  7.74s/it]
Task 15, Epoch 3/5 => Loss 0.142, Train_accy 95.24:  60%|██████    | 3/5 [00:23<00:15,  7.80s/it]
Task 15, Epoch 4/5 => Loss 0.158, Train_accy 94.48:  60%|██████    | 3/5 [00:37<00:15,  7.80s/it]
Task 15, Epoch 4/5 => Loss 0.158, Train_accy 94.48:  80%|████████  | 4/5 [00:37<00:10, 10.40s/it]
Task 15, Epoch 5/5 => Loss 0.135, Train_accy 95.24, Test_accy 78.15:  80%|████████  | 4/5 [01:35<00:10, 10.40s/it]
Task 15, Epoch 5/5 => Loss 0.135, Train_accy 95.24, Test_accy 78.15: 100%|██████████| 5/5 [01:35<00:00, 27.51s/it]
Task 15, Epoch 5/5 => Loss 0.135, Train_accy 95.24, Test_accy 78.15: 100%|██████████| 5/5 [01:35<00:00, 19.10s/it]
2025-07-07 16:42:49,484 [lae.py] => Task 15, Epoch 5/5 => Loss 0.135, Train_accy 95.24, Test_accy 78.15
2025-07-07 16:43:33,404 [trainer.py] => No NME accuracy.
2025-07-07 16:43:33,405 [trainer.py] => CNN: {'total': 78.15, '00-04': 80.8, '05-09': 55.4, '10-14': 69.4, '15-19': 83.4, '20-24': 92.8, '25-29': 94.6, '30-34': 75.4, '35-39': 82.8, '40-44': 87.0, '45-49': 83.0, '50-54': 62.0, '55-59': 61.4, '60-64': 84.6, '65-69': 95.0, '70-74': 75.4, '75-79': 67.4, 'old': 78.87, 'new': 67.4}
2025-07-07 16:43:33,405 [trainer.py] => CNN top1 curve: [98.2, 92.5, 90.33, 90.3, 88.96, 84.53, 84.57, 82.9, 83.09, 81.54, 80.4, 79.85, 79.2, 80.04, 79.4, 78.15]
2025-07-07 16:43:33,405 [trainer.py] => CNN top5 curve: [100.0, 99.5, 98.73, 98.3, 98.12, 97.17, 97.49, 96.88, 96.76, 96.4, 96.2, 95.32, 94.72, 95.61, 95.4, 95.39]

Average Accuracy (CNN): 84.62
2025-07-07 16:43:33,405 [trainer.py] => Average Accuracy (CNN): 84.62 

2025-07-07 16:43:33,407 [trainer.py] => All params: 86167396
2025-07-07 16:43:33,408 [trainer.py] => Trainable params: 215130
2025-07-07 16:43:33,410 [lae.py] => Learning on 80-85

  0%|          | 0/5 [00:00<?, ?it/s]
Task 16, Epoch 1/5 => Loss 0.370, Train_accy 86.84:   0%|          | 0/5 [00:07<?, ?it/s]
Task 16, Epoch 1/5 => Loss 0.370, Train_accy 86.84:  20%|██        | 1/5 [00:07<00:30,  7.69s/it]
Task 16, Epoch 2/5 => Loss 0.094, Train_accy 96.76:  20%|██        | 1/5 [00:15<00:30,  7.69s/it]
Task 16, Epoch 2/5 => Loss 0.094, Train_accy 96.76:  40%|████      | 2/5 [00:15<00:22,  7.56s/it]
Task 16, Epoch 3/5 => Loss 0.132, Train_accy 96.20:  40%|████      | 2/5 [00:22<00:22,  7.56s/it]
Task 16, Epoch 3/5 => Loss 0.132, Train_accy 96.20:  60%|██████    | 3/5 [00:22<00:15,  7.52s/it]
Task 16, Epoch 4/5 => Loss 0.106, Train_accy 96.44:  60%|██████    | 3/5 [00:37<00:15,  7.52s/it]
Task 16, Epoch 4/5 => Loss 0.106, Train_accy 96.44:  80%|████████  | 4/5 [00:37<00:10, 10.29s/it]
Task 16, Epoch 5/5 => Loss 0.094, Train_accy 97.16, Test_accy 76.89:  80%|████████  | 4/5 [01:37<00:10, 10.29s/it]
Task 16, Epoch 5/5 => Loss 0.094, Train_accy 97.16, Test_accy 76.89: 100%|██████████| 5/5 [01:37<00:00, 28.47s/it]
Task 16, Epoch 5/5 => Loss 0.094, Train_accy 97.16, Test_accy 76.89: 100%|██████████| 5/5 [01:37<00:00, 19.58s/it]
2025-07-07 16:45:11,347 [lae.py] => Task 16, Epoch 5/5 => Loss 0.094, Train_accy 97.16, Test_accy 76.89
2025-07-07 16:45:57,873 [trainer.py] => No NME accuracy.
2025-07-07 16:45:57,873 [trainer.py] => CNN: {'total': 76.89, '00-04': 78.2, '05-09': 50.8, '10-14': 69.6, '15-19': 83.6, '20-24': 91.6, '25-29': 94.6, '30-34': 78.2, '35-39': 81.0, '40-44': 87.8, '45-49': 84.2, '50-54': 59.4, '55-59': 61.6, '60-64': 84.6, '65-69': 95.0, '70-74': 72.4, '75-79': 66.2, '80-84': 68.4, 'old': 77.42, 'new': 68.4}
2025-07-07 16:45:57,873 [trainer.py] => CNN top1 curve: [98.2, 92.5, 90.33, 90.3, 88.96, 84.53, 84.57, 82.9, 83.09, 81.54, 80.4, 79.85, 79.2, 80.04, 79.4, 78.15, 76.89]
2025-07-07 16:45:57,873 [trainer.py] => CNN top5 curve: [100.0, 99.5, 98.73, 98.3, 98.12, 97.17, 97.49, 96.88, 96.76, 96.4, 96.2, 95.32, 94.72, 95.61, 95.4, 95.39, 94.85]

Average Accuracy (CNN): 84.17
2025-07-07 16:45:57,873 [trainer.py] => Average Accuracy (CNN): 84.17 

2025-07-07 16:45:57,874 [trainer.py] => All params: 86171241
2025-07-07 16:45:57,875 [trainer.py] => Trainable params: 218975
2025-07-07 16:45:57,877 [lae.py] => Learning on 85-90

  0%|          | 0/5 [00:00<?, ?it/s]
Task 17, Epoch 1/5 => Loss 0.720, Train_accy 74.92:   0%|          | 0/5 [00:07<?, ?it/s]
Task 17, Epoch 1/5 => Loss 0.720, Train_accy 74.92:  20%|██        | 1/5 [00:07<00:31,  7.78s/it]
Task 17, Epoch 2/5 => Loss 0.311, Train_accy 89.52:  20%|██        | 1/5 [00:15<00:31,  7.78s/it]
Task 17, Epoch 2/5 => Loss 0.311, Train_accy 89.52:  40%|████      | 2/5 [00:15<00:22,  7.62s/it]
Task 17, Epoch 3/5 => Loss 0.287, Train_accy 88.80:  40%|████      | 2/5 [00:22<00:22,  7.62s/it]
Task 17, Epoch 3/5 => Loss 0.287, Train_accy 88.80:  60%|██████    | 3/5 [00:22<00:15,  7.65s/it]
Task 17, Epoch 4/5 => Loss 0.263, Train_accy 90.80:  60%|██████    | 3/5 [00:37<00:15,  7.65s/it]
Task 17, Epoch 4/5 => Loss 0.263, Train_accy 90.80:  80%|████████  | 4/5 [00:37<00:10, 10.50s/it]
Task 17, Epoch 5/5 => Loss 0.217, Train_accy 91.88, Test_accy 74.84:  80%|████████  | 4/5 [01:41<00:10, 10.50s/it]
Task 17, Epoch 5/5 => Loss 0.217, Train_accy 91.88, Test_accy 74.84: 100%|██████████| 5/5 [01:41<00:00, 29.81s/it]
Task 17, Epoch 5/5 => Loss 0.217, Train_accy 91.88, Test_accy 74.84: 100%|██████████| 5/5 [01:41<00:00, 20.38s/it]
2025-07-07 16:47:39,850 [lae.py] => Task 17, Epoch 5/5 => Loss 0.217, Train_accy 91.88, Test_accy 74.84
2025-07-07 16:48:29,865 [trainer.py] => No NME accuracy.
2025-07-07 16:48:29,865 [trainer.py] => CNN: {'total': 74.84, '00-04': 80.8, '05-09': 52.6, '10-14': 65.6, '15-19': 79.6, '20-24': 88.4, '25-29': 94.8, '30-34': 77.4, '35-39': 79.6, '40-44': 83.8, '45-49': 83.6, '50-54': 58.4, '55-59': 57.6, '60-64': 86.0, '65-69': 93.2, '70-74': 67.0, '75-79': 64.8, '80-84': 62.0, '85-89': 72.0, 'old': 75.01, 'new': 72.0}
2025-07-07 16:48:29,865 [trainer.py] => CNN top1 curve: [98.2, 92.5, 90.33, 90.3, 88.96, 84.53, 84.57, 82.9, 83.09, 81.54, 80.4, 79.85, 79.2, 80.04, 79.4, 78.15, 76.89, 74.84]
2025-07-07 16:48:29,865 [trainer.py] => CNN top5 curve: [100.0, 99.5, 98.73, 98.3, 98.12, 97.17, 97.49, 96.88, 96.76, 96.4, 96.2, 95.32, 94.72, 95.61, 95.4, 95.39, 94.85, 94.49]

Average Accuracy (CNN): 83.65
2025-07-07 16:48:29,865 [trainer.py] => Average Accuracy (CNN): 83.65 

2025-07-07 16:48:29,866 [trainer.py] => All params: 86175086
2025-07-07 16:48:29,867 [trainer.py] => Trainable params: 222820
2025-07-07 16:48:29,869 [lae.py] => Learning on 90-95

  0%|          | 0/5 [00:00<?, ?it/s]
Task 18, Epoch 1/5 => Loss 0.603, Train_accy 79.84:   0%|          | 0/5 [00:08<?, ?it/s]
Task 18, Epoch 1/5 => Loss 0.603, Train_accy 79.84:  20%|██        | 1/5 [00:08<00:32,  8.24s/it]
Task 18, Epoch 2/5 => Loss 0.149, Train_accy 94.68:  20%|██        | 1/5 [00:15<00:32,  8.24s/it]
Task 18, Epoch 2/5 => Loss 0.149, Train_accy 94.68:  40%|████      | 2/5 [00:15<00:23,  7.87s/it]
Task 18, Epoch 3/5 => Loss 0.152, Train_accy 94.84:  40%|████      | 2/5 [00:23<00:23,  7.87s/it]
Task 18, Epoch 3/5 => Loss 0.152, Train_accy 94.84:  60%|██████    | 3/5 [00:23<00:15,  7.65s/it]
Task 18, Epoch 4/5 => Loss 0.145, Train_accy 95.04:  60%|██████    | 3/5 [00:37<00:15,  7.65s/it]
Task 18, Epoch 4/5 => Loss 0.145, Train_accy 95.04:  80%|████████  | 4/5 [00:37<00:10, 10.42s/it]
Task 18, Epoch 5/5 => Loss 0.113, Train_accy 95.92, Test_accy 77.03:  80%|████████  | 4/5 [01:44<00:10, 10.42s/it]
Task 18, Epoch 5/5 => Loss 0.113, Train_accy 95.92, Test_accy 77.03: 100%|██████████| 5/5 [01:44<00:00, 30.81s/it]
Task 18, Epoch 5/5 => Loss 0.113, Train_accy 95.92, Test_accy 77.03: 100%|██████████| 5/5 [01:44<00:00, 20.98s/it]
2025-07-07 16:50:14,792 [lae.py] => Task 18, Epoch 5/5 => Loss 0.113, Train_accy 95.92, Test_accy 77.03
2025-07-07 16:51:06,744 [trainer.py] => No NME accuracy.
2025-07-07 16:51:06,745 [trainer.py] => CNN: {'total': 77.03, '00-04': 77.0, '05-09': 51.8, '10-14': 67.0, '15-19': 82.0, '20-24': 91.4, '25-29': 94.8, '30-34': 79.6, '35-39': 82.0, '40-44': 86.6, '45-49': 85.0, '50-54': 63.2, '55-59': 60.0, '60-64': 86.6, '65-69': 94.4, '70-74': 70.4, '75-79': 65.0, '80-84': 65.0, '85-89': 74.6, '90-94': 87.2, 'old': 76.47, 'new': 87.2}
2025-07-07 16:51:06,745 [trainer.py] => CNN top1 curve: [98.2, 92.5, 90.33, 90.3, 88.96, 84.53, 84.57, 82.9, 83.09, 81.54, 80.4, 79.85, 79.2, 80.04, 79.4, 78.15, 76.89, 74.84, 77.03]
2025-07-07 16:51:06,745 [trainer.py] => CNN top5 curve: [100.0, 99.5, 98.73, 98.3, 98.12, 97.17, 97.49, 96.88, 96.76, 96.4, 96.2, 95.32, 94.72, 95.61, 95.4, 95.39, 94.85, 94.49, 94.61]

Average Accuracy (CNN): 83.3
2025-07-07 16:51:06,745 [trainer.py] => Average Accuracy (CNN): 83.3 

2025-07-07 16:51:06,746 [trainer.py] => All params: 86178931
2025-07-07 16:51:06,748 [trainer.py] => Trainable params: 226665
2025-07-07 16:51:06,750 [lae.py] => Learning on 95-100

  0%|          | 0/5 [00:00<?, ?it/s]
Task 19, Epoch 1/5 => Loss 0.549, Train_accy 80.76:   0%|          | 0/5 [00:07<?, ?it/s]
Task 19, Epoch 1/5 => Loss 0.549, Train_accy 80.76:  20%|██        | 1/5 [00:07<00:30,  7.66s/it]
Task 19, Epoch 2/5 => Loss 0.217, Train_accy 92.48:  20%|██        | 1/5 [00:15<00:30,  7.66s/it]
Task 19, Epoch 2/5 => Loss 0.217, Train_accy 92.48:  40%|████      | 2/5 [00:15<00:22,  7.66s/it]
Task 19, Epoch 3/5 => Loss 0.190, Train_accy 93.44:  40%|████      | 2/5 [00:23<00:22,  7.66s/it]
Task 19, Epoch 3/5 => Loss 0.190, Train_accy 93.44:  60%|██████    | 3/5 [00:23<00:15,  7.68s/it]
Task 19, Epoch 4/5 => Loss 0.172, Train_accy 94.04:  60%|██████    | 3/5 [00:37<00:15,  7.68s/it]
Task 19, Epoch 4/5 => Loss 0.172, Train_accy 94.04:  80%|████████  | 4/5 [00:37<00:10, 10.43s/it]
Task 19, Epoch 5/5 => Loss 0.180, Train_accy 93.40, Test_accy 74.58:  80%|████████  | 4/5 [01:47<00:10, 10.43s/it]
Task 19, Epoch 5/5 => Loss 0.180, Train_accy 93.40, Test_accy 74.58: 100%|██████████| 5/5 [01:47<00:00, 31.75s/it]
Task 19, Epoch 5/5 => Loss 0.180, Train_accy 93.40, Test_accy 74.58: 100%|██████████| 5/5 [01:47<00:00, 21.44s/it]
2025-07-07 16:52:54,012 [lae.py] => Task 19, Epoch 5/5 => Loss 0.180, Train_accy 93.40, Test_accy 74.58
2025-07-07 16:53:48,716 [trainer.py] => No NME accuracy.
2025-07-07 16:53:48,716 [trainer.py] => CNN: {'total': 74.58, '00-04': 78.0, '05-09': 51.8, '10-14': 66.0, '15-19': 80.8, '20-24': 88.8, '25-29': 94.6, '30-34': 76.8, '35-39': 78.8, '40-44': 84.0, '45-49': 84.2, '50-54': 56.0, '55-59': 58.6, '60-64': 86.0, '65-69': 92.8, '70-74': 64.6, '75-79': 63.2, '80-84': 61.6, '85-89': 74.2, '90-94': 86.4, '95-99': 64.4, 'old': 75.12, 'new': 64.4}
2025-07-07 16:53:48,716 [trainer.py] => CNN top1 curve: [98.2, 92.5, 90.33, 90.3, 88.96, 84.53, 84.57, 82.9, 83.09, 81.54, 80.4, 79.85, 79.2, 80.04, 79.4, 78.15, 76.89, 74.84, 77.03, 74.58]
2025-07-07 16:53:48,717 [trainer.py] => CNN top5 curve: [100.0, 99.5, 98.73, 98.3, 98.12, 97.17, 97.49, 96.88, 96.76, 96.4, 96.2, 95.32, 94.72, 95.61, 95.4, 95.39, 94.85, 94.49, 94.61, 93.51]

Average Accuracy (CNN): 82.86
2025-07-07 16:53:48,717 [trainer.py] => Average Accuracy (CNN): 82.86 

Finished cifar224_init5_inc5: vit_base_patch16_224_lae  
----------------------------------------------------------------------------------------------------
总训练时间: 1605.34 s
总测试时间: 577.52 s
每个任务每个epoch训练时间: 16.05 s
Accuracy Matrix (CNN):
[[98.2 99.  97.6 97.6 95.  92.4 91.8 90.8 90.2 86.4 84.  83.6 83.8 80.2
  80.  80.8 78.2 80.8 77.  78. ]
 [ 0.  86.  80.2 79.8 76.8 61.  62.2 59.  58.  57.6 56.8 58.8 55.8 56.8
  56.2 55.4 50.8 52.6 51.8 51.8]
 [ 0.   0.  93.2 90.4 86.2 78.6 80.8 78.8 74.  68.2 71.4 71.2 68.4 68.6
  68.6 69.4 69.6 65.6 67.  66. ]
 [ 0.   0.   0.  93.4 91.8 86.4 84.4 81.6 82.6 82.2 81.2 84.  81.  81.8
  83.4 83.4 83.6 79.6 82.  80.8]
 [ 0.   0.   0.   0.  95.  90.6 94.2 91.2 91.6 92.  91.8 91.  91.4 90.4
  92.4 92.8 91.6 88.4 91.4 88.8]
 [ 0.   0.   0.   0.   0.  98.2 98.  97.2 97.4 93.8 94.6 95.8 94.6 94.6
  95.6 94.6 94.6 94.8 94.8 94.6]
 [ 0.   0.   0.   0.   0.   0.  80.6 78.  79.6 76.6 74.4 74.8 75.2 74.6
  76.2 75.4 78.2 77.4 79.6 76.8]
 [ 0.   0.   0.   0.   0.   0.   0.  86.6 86.8 79.2 80.4 80.2 82.6 81.4
  82.  82.8 81.  79.6 82.  78.8]
 [ 0.   0.   0.   0.   0.   0.   0.   0.  87.6 88.2 86.2 84.4 85.2 85.2
  86.8 87.  87.8 83.8 86.6 84. ]
 [ 0.   0.   0.   0.   0.   0.   0.   0.   0.  91.2 89.4 88.2 85.4 86.
  87.2 83.  84.2 83.6 85.  84.2]
 [ 0.   0.   0.   0.   0.   0.   0.   0.   0.   0.  74.2 65.4 64.  67.6
  66.2 62.  59.4 58.4 63.2 56. ]
 [ 0.   0.   0.   0.   0.   0.   0.   0.   0.   0.   0.  80.8 69.6 65.4
  61.4 61.4 61.6 57.6 60.  58.6]
 [ 0.   0.   0.   0.   0.   0.   0.   0.   0.   0.   0.   0.  92.6 92.
  86.  84.6 84.6 86.  86.6 86. ]
 [ 0.   0.   0.   0.   0.   0.   0.   0.   0.   0.   0.   0.   0.  96.
  95.4 95.  95.  93.2 94.4 92.8]
 [ 0.   0.   0.   0.   0.   0.   0.   0.   0.   0.   0.   0.   0.   0.
  73.6 75.4 72.4 67.  70.4 64.6]
 [ 0.   0.   0.   0.   0.   0.   0.   0.   0.   0.   0.   0.   0.   0.
   0.  67.4 66.2 64.8 65.  63.2]
 [ 0.   0.   0.   0.   0.   0.   0.   0.   0.   0.   0.   0.   0.   0.
   0.   0.  68.4 62.  65.  61.6]
 [ 0.   0.   0.   0.   0.   0.   0.   0.   0.   0.   0.   0.   0.   0.
   0.   0.   0.  72.  74.6 74.2]
 [ 0.   0.   0.   0.   0.   0.   0.   0.   0.   0.   0.   0.   0.   0.
   0.   0.   0.   0.  87.2 86.4]
 [ 0.   0.   0.   0.   0.   0.   0.   0.   0.   0.   0.   0.   0.   0.
   0.   0.   0.   0.   0.  64.4]]
2025-07-07 16:53:48,719 [trainer.py] => Forgetting (CNN): 10.578947368421055
2025-07-07 16:53:52,458 [trainer.py] => config: ./scripts/lae/lae_cifar_B0_Inc10.json
2025-07-07 16:53:52,496 [trainer.py] => prefix:  
2025-07-07 16:53:52,496 [trainer.py] => dataset: cifar224
2025-07-07 16:53:52,496 [trainer.py] => memory_size: 0
2025-07-07 16:53:52,496 [trainer.py] => memory_per_class: 0
2025-07-07 16:53:52,496 [trainer.py] => fixed_memory: False
2025-07-07 16:53:52,496 [trainer.py] => shuffle: True
2025-07-07 16:53:52,496 [trainer.py] => init_cls: 10
2025-07-07 16:53:52,496 [trainer.py] => increment: 10
2025-07-07 16:53:52,496 [trainer.py] => model_name: lae
2025-07-07 16:53:52,496 [trainer.py] => backbone_type: vit_base_patch16_224_in21k_lae
2025-07-07 16:53:52,497 [trainer.py] => device: [device(type='cuda', index=5)]
2025-07-07 16:53:52,497 [trainer.py] => seed: 1993
2025-07-07 16:53:52,497 [trainer.py] => tuned_epoch: 5
2025-07-07 16:53:52,497 [trainer.py] => init_lr: 0.0028125
2025-07-07 16:53:52,497 [trainer.py] => batch_size: 128
2025-07-07 16:53:52,497 [trainer.py] => weight_decay: 0
2025-07-07 16:53:52,497 [trainer.py] => min_lr: 1e-05
2025-07-07 16:53:52,497 [trainer.py] => optimizer: adam
2025-07-07 16:53:52,497 [trainer.py] => scheduler: constant
2025-07-07 16:53:52,497 [trainer.py] => reinit_optimizer: True
2025-07-07 16:53:52,497 [trainer.py] => pretrained: True
2025-07-07 16:53:52,497 [trainer.py] => drop: 0.0
2025-07-07 16:53:52,497 [trainer.py] => drop_path: 0.0
2025-07-07 16:53:52,497 [trainer.py] => ema_decay: 0.9999
2025-07-07 16:53:52,497 [trainer.py] => num_freeze_epochs: 3
2025-07-07 16:53:52,497 [trainer.py] => pet_cls: LoRA
2025-07-07 16:53:52,497 [trainer.py] => pet_length: 10
2025-07-07 16:53:52,497 [trainer.py] => down_sample_dim: 5
2025-07-07 16:53:53,638 [data_manager.py] => [68, 56, 78, 8, 23, 84, 90, 65, 74, 76, 40, 89, 3, 92, 55, 9, 26, 80, 43, 38, 58, 70, 77, 1, 85, 19, 17, 50, 28, 53, 13, 81, 45, 82, 6, 59, 83, 16, 15, 44, 91, 41, 72, 60, 79, 52, 20, 10, 31, 54, 37, 95, 14, 71, 96, 98, 97, 2, 64, 66, 42, 22, 35, 86, 24, 34, 87, 21, 99, 0, 88, 27, 18, 94, 11, 12, 47, 25, 30, 46, 62, 69, 36, 61, 7, 63, 75, 5, 32, 4, 51, 48, 73, 93, 39, 67, 29, 49, 57, 33]
2025-07-07 16:54:02,190 [lae.py] => 85,952,266 model total parameters.
2025-07-07 16:54:02,191 [lae.py] => 0 model training parameters.
2025-07-07 16:54:02,192 [trainer.py] => All params: 86105876
2025-07-07 16:54:02,193 [trainer.py] => Trainable params: 0
2025-07-07 16:54:02,193 [lae.py] => Learning on 0-10

  0%|          | 0/5 [00:00<?, ?it/s]
Task 0, Epoch 1/5 => Loss 0.828, Train_accy 75.58:   0%|          | 0/5 [00:13<?, ?it/s]
Task 0, Epoch 1/5 => Loss 0.828, Train_accy 75.58:  20%|██        | 1/5 [00:13<00:55, 13.90s/it]
Task 0, Epoch 2/5 => Loss 0.405, Train_accy 87.32:  20%|██        | 1/5 [00:28<00:55, 13.90s/it]
Task 0, Epoch 2/5 => Loss 0.405, Train_accy 87.32:  40%|████      | 2/5 [00:28<00:42, 14.11s/it]
Task 0, Epoch 3/5 => Loss 0.380, Train_accy 87.88:  40%|████      | 2/5 [00:42<00:42, 14.11s/it]
Task 0, Epoch 3/5 => Loss 0.380, Train_accy 87.88:  60%|██████    | 3/5 [00:42<00:28, 14.33s/it]
Task 0, Epoch 4/5 => Loss 0.326, Train_accy 90.02:  60%|██████    | 3/5 [01:11<00:28, 14.33s/it]
Task 0, Epoch 4/5 => Loss 0.326, Train_accy 90.02:  80%|████████  | 4/5 [01:11<00:19, 19.93s/it]
Task 0, Epoch 5/5 => Loss 0.307, Train_accy 90.22, Test_accy 97.60:  80%|████████  | 4/5 [01:45<00:19, 19.93s/it]
Task 0, Epoch 5/5 => Loss 0.307, Train_accy 90.22, Test_accy 97.60: 100%|██████████| 5/5 [01:45<00:00, 25.21s/it]
Task 0, Epoch 5/5 => Loss 0.307, Train_accy 90.22, Test_accy 97.60: 100%|██████████| 5/5 [01:45<00:00, 21.17s/it]
2025-07-07 16:55:48,822 [lae.py] => Task 0, Epoch 5/5 => Loss 0.307, Train_accy 90.22, Test_accy 97.60
2025-07-07 16:55:54,795 [trainer.py] => No NME accuracy.
2025-07-07 16:55:54,795 [trainer.py] => CNN: {'total': 97.6, '00-09': 97.6, 'old': 0, 'new': 97.6}
2025-07-07 16:55:54,795 [trainer.py] => CNN top1 curve: [97.6]
2025-07-07 16:55:54,795 [trainer.py] => CNN top5 curve: [99.8]

Average Accuracy (CNN): 97.6
2025-07-07 16:55:54,795 [trainer.py] => Average Accuracy (CNN): 97.6 

2025-07-07 16:55:54,796 [trainer.py] => All params: 86113566
2025-07-07 16:55:54,797 [trainer.py] => Trainable params: 161300
2025-07-07 16:55:54,798 [lae.py] => Learning on 10-20

  0%|          | 0/5 [00:00<?, ?it/s]
Task 1, Epoch 1/5 => Loss 0.689, Train_accy 77.34:   0%|          | 0/5 [00:14<?, ?it/s]
Task 1, Epoch 1/5 => Loss 0.689, Train_accy 77.34:  20%|██        | 1/5 [00:14<00:57, 14.39s/it]
Task 1, Epoch 2/5 => Loss 0.388, Train_accy 87.22:  20%|██        | 1/5 [00:28<00:57, 14.39s/it]
Task 1, Epoch 2/5 => Loss 0.388, Train_accy 87.22:  40%|████      | 2/5 [00:28<00:43, 14.48s/it]
Task 1, Epoch 3/5 => Loss 0.369, Train_accy 87.36:  40%|████      | 2/5 [00:43<00:43, 14.48s/it]
Task 1, Epoch 3/5 => Loss 0.369, Train_accy 87.36:  60%|██████    | 3/5 [00:43<00:29, 14.57s/it]
Task 1, Epoch 4/5 => Loss 0.363, Train_accy 87.04:  60%|██████    | 3/5 [01:12<00:29, 14.57s/it]
Task 1, Epoch 4/5 => Loss 0.363, Train_accy 87.04:  80%|████████  | 4/5 [01:12<00:20, 20.19s/it]
Task 1, Epoch 5/5 => Loss 0.346, Train_accy 89.24, Test_accy 96.10:  80%|████████  | 4/5 [01:52<00:20, 20.19s/it]
Task 1, Epoch 5/5 => Loss 0.346, Train_accy 89.24, Test_accy 96.10: 100%|██████████| 5/5 [01:52<00:00, 27.39s/it]
Task 1, Epoch 5/5 => Loss 0.346, Train_accy 89.24, Test_accy 96.10: 100%|██████████| 5/5 [01:52<00:00, 22.52s/it]
2025-07-07 16:57:47,399 [lae.py] => Task 1, Epoch 5/5 => Loss 0.346, Train_accy 89.24, Test_accy 96.10
2025-07-07 16:57:58,649 [trainer.py] => No NME accuracy.
2025-07-07 16:57:58,649 [trainer.py] => CNN: {'total': 96.1, '00-09': 97.3, '10-19': 94.9, 'old': 97.3, 'new': 94.9}
2025-07-07 16:57:58,649 [trainer.py] => CNN top1 curve: [97.6, 96.1]
2025-07-07 16:57:58,649 [trainer.py] => CNN top5 curve: [99.8, 99.25]

Average Accuracy (CNN): 96.85
2025-07-07 16:57:58,649 [trainer.py] => Average Accuracy (CNN): 96.85 

2025-07-07 16:57:58,650 [trainer.py] => All params: 86121256
2025-07-07 16:57:58,651 [trainer.py] => Trainable params: 168990
2025-07-07 16:57:58,652 [lae.py] => Learning on 20-30

  0%|          | 0/5 [00:00<?, ?it/s]
Task 2, Epoch 1/5 => Loss 0.512, Train_accy 84.08:   0%|          | 0/5 [00:14<?, ?it/s]
Task 2, Epoch 1/5 => Loss 0.512, Train_accy 84.08:  20%|██        | 1/5 [00:14<00:58, 14.69s/it]
Task 2, Epoch 2/5 => Loss 0.228, Train_accy 92.80:  20%|██        | 1/5 [00:29<00:58, 14.69s/it]
Task 2, Epoch 2/5 => Loss 0.228, Train_accy 92.80:  40%|████      | 2/5 [00:29<00:43, 14.62s/it]
Task 2, Epoch 3/5 => Loss 0.198, Train_accy 93.42:  40%|████      | 2/5 [00:43<00:43, 14.62s/it]
Task 2, Epoch 3/5 => Loss 0.198, Train_accy 93.42:  60%|██████    | 3/5 [00:43<00:29, 14.56s/it]
Task 2, Epoch 4/5 => Loss 0.216, Train_accy 93.12:  60%|██████    | 3/5 [01:12<00:29, 14.56s/it]
Task 2, Epoch 4/5 => Loss 0.216, Train_accy 93.12:  80%|████████  | 4/5 [01:12<00:20, 20.21s/it]
Task 2, Epoch 5/5 => Loss 0.205, Train_accy 92.84, Test_accy 95.00:  80%|████████  | 4/5 [01:58<00:20, 20.21s/it]
Task 2, Epoch 5/5 => Loss 0.205, Train_accy 92.84, Test_accy 95.00: 100%|██████████| 5/5 [01:58<00:00, 29.32s/it]
Task 2, Epoch 5/5 => Loss 0.205, Train_accy 92.84, Test_accy 95.00: 100%|██████████| 5/5 [01:58<00:00, 23.62s/it]
2025-07-07 16:59:56,771 [lae.py] => Task 2, Epoch 5/5 => Loss 0.205, Train_accy 92.84, Test_accy 95.00
2025-07-07 17:00:13,825 [trainer.py] => No NME accuracy.
2025-07-07 17:00:13,826 [trainer.py] => CNN: {'total': 95.0, '00-09': 95.3, '10-19': 93.4, '20-29': 96.3, 'old': 94.35, 'new': 96.3}
2025-07-07 17:00:13,826 [trainer.py] => CNN top1 curve: [97.6, 96.1, 95.0]
2025-07-07 17:00:13,826 [trainer.py] => CNN top5 curve: [99.8, 99.25, 99.07]

Average Accuracy (CNN): 96.23
2025-07-07 17:00:13,826 [trainer.py] => Average Accuracy (CNN): 96.23 

2025-07-07 17:00:13,827 [trainer.py] => All params: 86128946
2025-07-07 17:00:13,828 [trainer.py] => Trainable params: 176680
2025-07-07 17:00:13,829 [lae.py] => Learning on 30-40

  0%|          | 0/5 [00:00<?, ?it/s]
Task 3, Epoch 1/5 => Loss 0.630, Train_accy 79.32:   0%|          | 0/5 [00:14<?, ?it/s]
Task 3, Epoch 1/5 => Loss 0.630, Train_accy 79.32:  20%|██        | 1/5 [00:14<00:57, 14.44s/it]
Task 3, Epoch 2/5 => Loss 0.314, Train_accy 89.80:  20%|██        | 1/5 [00:28<00:57, 14.44s/it]
Task 3, Epoch 2/5 => Loss 0.314, Train_accy 89.80:  40%|████      | 2/5 [00:28<00:43, 14.50s/it]
Task 3, Epoch 3/5 => Loss 0.331, Train_accy 88.82:  40%|████      | 2/5 [00:43<00:43, 14.50s/it]
Task 3, Epoch 3/5 => Loss 0.331, Train_accy 88.82:  60%|██████    | 3/5 [00:43<00:28, 14.47s/it]
Task 3, Epoch 4/5 => Loss 0.350, Train_accy 88.44:  60%|██████    | 3/5 [01:12<00:28, 14.47s/it]
Task 3, Epoch 4/5 => Loss 0.350, Train_accy 88.44:  80%|████████  | 4/5 [01:12<00:20, 20.14s/it]
Task 3, Epoch 5/5 => Loss 0.267, Train_accy 90.98, Test_accy 92.78:  80%|████████  | 4/5 [02:03<00:20, 20.14s/it]
Task 3, Epoch 5/5 => Loss 0.267, Train_accy 90.98, Test_accy 92.78: 100%|██████████| 5/5 [02:03<00:00, 31.21s/it]
Task 3, Epoch 5/5 => Loss 0.267, Train_accy 90.98, Test_accy 92.78: 100%|██████████| 5/5 [02:03<00:00, 24.62s/it]
2025-07-07 17:02:16,939 [lae.py] => Task 3, Epoch 5/5 => Loss 0.267, Train_accy 90.98, Test_accy 92.78
2025-07-07 17:02:39,170 [trainer.py] => No NME accuracy.
2025-07-07 17:02:39,170 [trainer.py] => CNN: {'total': 92.78, '00-09': 93.9, '10-19': 91.2, '20-29': 96.3, '30-39': 89.7, 'old': 93.8, 'new': 89.7}
2025-07-07 17:02:39,170 [trainer.py] => CNN top1 curve: [97.6, 96.1, 95.0, 92.78]
2025-07-07 17:02:39,170 [trainer.py] => CNN top5 curve: [99.8, 99.25, 99.07, 98.95]

Average Accuracy (CNN): 95.37
2025-07-07 17:02:39,170 [trainer.py] => Average Accuracy (CNN): 95.37 

2025-07-07 17:02:39,171 [trainer.py] => All params: 86136636
2025-07-07 17:02:39,172 [trainer.py] => Trainable params: 184370
2025-07-07 17:02:39,173 [lae.py] => Learning on 40-50

  0%|          | 0/5 [00:00<?, ?it/s]
Task 4, Epoch 1/5 => Loss 0.505, Train_accy 83.94:   0%|          | 0/5 [00:14<?, ?it/s]
Task 4, Epoch 1/5 => Loss 0.505, Train_accy 83.94:  20%|██        | 1/5 [00:14<00:57, 14.48s/it]
Task 4, Epoch 2/5 => Loss 0.228, Train_accy 92.66:  20%|██        | 1/5 [00:29<00:57, 14.48s/it]
Task 4, Epoch 2/5 => Loss 0.228, Train_accy 92.66:  40%|████      | 2/5 [00:29<00:43, 14.52s/it]
Task 4, Epoch 3/5 => Loss 0.234, Train_accy 92.42:  40%|████      | 2/5 [00:43<00:43, 14.52s/it]
Task 4, Epoch 3/5 => Loss 0.234, Train_accy 92.42:  60%|██████    | 3/5 [00:43<00:29, 14.67s/it]
Task 4, Epoch 4/5 => Loss 0.230, Train_accy 92.50:  60%|██████    | 3/5 [01:12<00:29, 14.67s/it]
Task 4, Epoch 4/5 => Loss 0.230, Train_accy 92.50:  80%|████████  | 4/5 [01:12<00:20, 20.22s/it]
Task 4, Epoch 5/5 => Loss 0.197, Train_accy 93.70, Test_accy 90.64:  80%|████████  | 4/5 [02:08<00:20, 20.22s/it]
Task 4, Epoch 5/5 => Loss 0.197, Train_accy 93.70, Test_accy 90.64: 100%|██████████| 5/5 [02:08<00:00, 33.16s/it]
Task 4, Epoch 5/5 => Loss 0.197, Train_accy 93.70, Test_accy 90.64: 100%|██████████| 5/5 [02:08<00:00, 25.74s/it]
2025-07-07 17:04:47,925 [lae.py] => Task 4, Epoch 5/5 => Loss 0.197, Train_accy 93.70, Test_accy 90.64
2025-07-07 17:05:15,255 [trainer.py] => No NME accuracy.
2025-07-07 17:05:15,256 [trainer.py] => CNN: {'total': 90.64, '00-09': 89.6, '10-19': 87.0, '20-29': 94.4, '30-39': 87.2, '40-49': 95.0, 'old': 89.55, 'new': 95.0}
2025-07-07 17:05:15,256 [trainer.py] => CNN top1 curve: [97.6, 96.1, 95.0, 92.78, 90.64]
2025-07-07 17:05:15,256 [trainer.py] => CNN top5 curve: [99.8, 99.25, 99.07, 98.95, 98.8]

Average Accuracy (CNN): 94.42
2025-07-07 17:05:15,256 [trainer.py] => Average Accuracy (CNN): 94.42 

2025-07-07 17:05:15,257 [trainer.py] => All params: 86144326
2025-07-07 17:05:15,258 [trainer.py] => Trainable params: 192060
2025-07-07 17:05:15,259 [lae.py] => Learning on 50-60

  0%|          | 0/5 [00:00<?, ?it/s]
Task 5, Epoch 1/5 => Loss 0.560, Train_accy 82.26:   0%|          | 0/5 [00:14<?, ?it/s]
Task 5, Epoch 1/5 => Loss 0.560, Train_accy 82.26:  20%|██        | 1/5 [00:14<00:58, 14.62s/it]
Task 5, Epoch 2/5 => Loss 0.281, Train_accy 90.64:  20%|██        | 1/5 [00:29<00:58, 14.62s/it]
Task 5, Epoch 2/5 => Loss 0.281, Train_accy 90.64:  40%|████      | 2/5 [00:29<00:43, 14.58s/it]
Task 5, Epoch 3/5 => Loss 0.268, Train_accy 90.82:  40%|████      | 2/5 [00:43<00:43, 14.58s/it]
Task 5, Epoch 3/5 => Loss 0.268, Train_accy 90.82:  60%|██████    | 3/5 [00:43<00:29, 14.54s/it]
Task 5, Epoch 4/5 => Loss 0.275, Train_accy 90.90:  60%|██████    | 3/5 [01:12<00:29, 14.54s/it]
Task 5, Epoch 4/5 => Loss 0.275, Train_accy 90.90:  80%|████████  | 4/5 [01:12<00:20, 20.14s/it]
Task 5, Epoch 5/5 => Loss 0.262, Train_accy 90.94, Test_accy 89.93:  80%|████████  | 4/5 [02:14<00:20, 20.14s/it]
Task 5, Epoch 5/5 => Loss 0.262, Train_accy 90.94, Test_accy 89.93: 100%|██████████| 5/5 [02:14<00:00, 35.11s/it]
Task 5, Epoch 5/5 => Loss 0.262, Train_accy 90.94, Test_accy 89.93: 100%|██████████| 5/5 [02:14<00:00, 26.81s/it]
2025-07-07 17:07:29,319 [lae.py] => Task 5, Epoch 5/5 => Loss 0.262, Train_accy 90.94, Test_accy 89.93
2025-07-07 17:08:02,204 [trainer.py] => No NME accuracy.
2025-07-07 17:08:02,204 [trainer.py] => CNN: {'total': 89.93, '00-09': 89.2, '10-19': 88.2, '20-29': 93.5, '30-39': 86.0, '40-49': 91.3, '50-59': 91.4, 'old': 89.64, 'new': 91.4}
2025-07-07 17:08:02,204 [trainer.py] => CNN top1 curve: [97.6, 96.1, 95.0, 92.78, 90.64, 89.93]
2025-07-07 17:08:02,204 [trainer.py] => CNN top5 curve: [99.8, 99.25, 99.07, 98.95, 98.8, 98.67]

Average Accuracy (CNN): 93.68
2025-07-07 17:08:02,204 [trainer.py] => Average Accuracy (CNN): 93.68 

2025-07-07 17:08:02,205 [trainer.py] => All params: 86152016
2025-07-07 17:08:02,206 [trainer.py] => Trainable params: 199750
2025-07-07 17:08:02,207 [lae.py] => Learning on 60-70

  0%|          | 0/5 [00:00<?, ?it/s]
Task 6, Epoch 1/5 => Loss 0.430, Train_accy 86.08:   0%|          | 0/5 [00:14<?, ?it/s]
Task 6, Epoch 1/5 => Loss 0.430, Train_accy 86.08:  20%|██        | 1/5 [00:14<00:57, 14.49s/it]
Task 6, Epoch 2/5 => Loss 0.210, Train_accy 93.06:  20%|██        | 1/5 [00:29<00:57, 14.49s/it]
Task 6, Epoch 2/5 => Loss 0.210, Train_accy 93.06:  40%|████      | 2/5 [00:29<00:44, 14.68s/it]
Task 6, Epoch 3/5 => Loss 0.194, Train_accy 93.60:  40%|████      | 2/5 [00:43<00:44, 14.68s/it]
Task 6, Epoch 3/5 => Loss 0.194, Train_accy 93.60:  60%|██████    | 3/5 [00:43<00:29, 14.65s/it]
Task 6, Epoch 4/5 => Loss 0.191, Train_accy 93.50:  60%|██████    | 3/5 [01:12<00:29, 14.65s/it]
Task 6, Epoch 4/5 => Loss 0.191, Train_accy 93.50:  80%|████████  | 4/5 [01:12<00:20, 20.24s/it]
Task 6, Epoch 5/5 => Loss 0.183, Train_accy 93.86, Test_accy 89.03:  80%|████████  | 4/5 [02:19<00:20, 20.24s/it]
Task 6, Epoch 5/5 => Loss 0.183, Train_accy 93.86, Test_accy 89.03: 100%|██████████| 5/5 [02:19<00:00, 37.16s/it]
Task 6, Epoch 5/5 => Loss 0.183, Train_accy 93.86, Test_accy 89.03: 100%|██████████| 5/5 [02:19<00:00, 27.98s/it]
2025-07-07 17:10:22,126 [lae.py] => Task 6, Epoch 5/5 => Loss 0.183, Train_accy 93.86, Test_accy 89.03
2025-07-07 17:11:00,388 [trainer.py] => No NME accuracy.
2025-07-07 17:11:00,388 [trainer.py] => CNN: {'total': 89.03, '00-09': 85.0, '10-19': 86.6, '20-29': 93.3, '30-39': 86.6, '40-49': 91.4, '50-59': 86.0, '60-69': 94.3, 'old': 88.15, 'new': 94.3}
2025-07-07 17:11:00,388 [trainer.py] => CNN top1 curve: [97.6, 96.1, 95.0, 92.78, 90.64, 89.93, 89.03]
2025-07-07 17:11:00,388 [trainer.py] => CNN top5 curve: [99.8, 99.25, 99.07, 98.95, 98.8, 98.67, 98.54]

Average Accuracy (CNN): 93.01
2025-07-07 17:11:00,388 [trainer.py] => Average Accuracy (CNN): 93.01 

2025-07-07 17:11:00,389 [trainer.py] => All params: 86159706
2025-07-07 17:11:00,390 [trainer.py] => Trainable params: 207440
2025-07-07 17:11:00,391 [lae.py] => Learning on 70-80

  0%|          | 0/5 [00:00<?, ?it/s]
Task 7, Epoch 1/5 => Loss 0.545, Train_accy 82.06:   0%|          | 0/5 [00:14<?, ?it/s]
Task 7, Epoch 1/5 => Loss 0.545, Train_accy 82.06:  20%|██        | 1/5 [00:14<00:58, 14.59s/it]
Task 7, Epoch 2/5 => Loss 0.266, Train_accy 90.44:  20%|██        | 1/5 [00:29<00:58, 14.59s/it]
Task 7, Epoch 2/5 => Loss 0.266, Train_accy 90.44:  40%|████      | 2/5 [00:29<00:43, 14.63s/it]
Task 7, Epoch 3/5 => Loss 0.264, Train_accy 90.92:  40%|████      | 2/5 [00:44<00:43, 14.63s/it]
Task 7, Epoch 3/5 => Loss 0.264, Train_accy 90.92:  60%|██████    | 3/5 [00:44<00:29, 14.76s/it]
Task 7, Epoch 4/5 => Loss 0.277, Train_accy 91.06:  60%|██████    | 3/5 [01:13<00:29, 14.76s/it]
Task 7, Epoch 4/5 => Loss 0.277, Train_accy 91.06:  80%|████████  | 4/5 [01:13<00:20, 20.38s/it]
Task 7, Epoch 5/5 => Loss 0.251, Train_accy 91.50, Test_accy 87.40:  80%|████████  | 4/5 [02:26<00:20, 20.38s/it]
Task 7, Epoch 5/5 => Loss 0.251, Train_accy 91.50, Test_accy 87.40: 100%|██████████| 5/5 [02:26<00:00, 39.37s/it]
Task 7, Epoch 5/5 => Loss 0.251, Train_accy 91.50, Test_accy 87.40: 100%|██████████| 5/5 [02:26<00:00, 29.24s/it]
2025-07-07 17:13:26,612 [lae.py] => Task 7, Epoch 5/5 => Loss 0.251, Train_accy 91.50, Test_accy 87.40
2025-07-07 17:14:10,729 [trainer.py] => No NME accuracy.
2025-07-07 17:14:10,729 [trainer.py] => CNN: {'total': 87.4, '00-09': 84.4, '10-19': 87.6, '20-29': 92.6, '30-39': 85.3, '40-49': 88.6, '50-59': 80.5, '60-69': 92.2, '70-79': 88.0, 'old': 87.31, 'new': 88.0}
2025-07-07 17:14:10,729 [trainer.py] => CNN top1 curve: [97.6, 96.1, 95.0, 92.78, 90.64, 89.93, 89.03, 87.4]
2025-07-07 17:14:10,730 [trainer.py] => CNN top5 curve: [99.8, 99.25, 99.07, 98.95, 98.8, 98.67, 98.54, 98.52]

Average Accuracy (CNN): 92.31
2025-07-07 17:14:10,730 [trainer.py] => Average Accuracy (CNN): 92.31 

2025-07-07 17:14:10,731 [trainer.py] => All params: 86167396
2025-07-07 17:14:10,732 [trainer.py] => Trainable params: 215130
2025-07-07 17:14:10,734 [lae.py] => Learning on 80-90

  0%|          | 0/5 [00:00<?, ?it/s]
Task 8, Epoch 1/5 => Loss 0.505, Train_accy 83.58:   0%|          | 0/5 [00:14<?, ?it/s]
Task 8, Epoch 1/5 => Loss 0.505, Train_accy 83.58:  20%|██        | 1/5 [00:14<00:58, 14.66s/it]
Task 8, Epoch 2/5 => Loss 0.259, Train_accy 91.46:  20%|██        | 1/5 [00:29<00:58, 14.66s/it]
Task 8, Epoch 2/5 => Loss 0.259, Train_accy 91.46:  40%|████      | 2/5 [00:29<00:44, 14.68s/it]
Task 8, Epoch 3/5 => Loss 0.235, Train_accy 92.22:  40%|████      | 2/5 [00:44<00:44, 14.68s/it]
Task 8, Epoch 3/5 => Loss 0.235, Train_accy 92.22:  60%|██████    | 3/5 [00:44<00:29, 14.71s/it]
Task 8, Epoch 4/5 => Loss 0.239, Train_accy 91.80:  60%|██████    | 3/5 [01:13<00:29, 14.71s/it]
Task 8, Epoch 4/5 => Loss 0.239, Train_accy 91.80:  80%|████████  | 4/5 [01:13<00:20, 20.32s/it]
Task 8, Epoch 5/5 => Loss 0.215, Train_accy 93.18, Test_accy 86.51:  80%|████████  | 4/5 [02:31<00:20, 20.32s/it]
Task 8, Epoch 5/5 => Loss 0.215, Train_accy 93.18, Test_accy 86.51: 100%|██████████| 5/5 [02:31<00:00, 41.37s/it]
Task 8, Epoch 5/5 => Loss 0.215, Train_accy 93.18, Test_accy 86.51: 100%|██████████| 5/5 [02:31<00:00, 30.34s/it]
2025-07-07 17:16:42,541 [lae.py] => Task 8, Epoch 5/5 => Loss 0.215, Train_accy 93.18, Test_accy 86.51
2025-07-07 17:17:31,614 [trainer.py] => No NME accuracy.
2025-07-07 17:17:31,614 [trainer.py] => CNN: {'total': 86.51, '00-09': 82.4, '10-19': 86.4, '20-29': 92.5, '30-39': 85.2, '40-49': 87.4, '50-59': 79.7, '60-69': 90.3, '70-79': 87.3, '80-89': 87.4, 'old': 86.4, 'new': 87.4}
2025-07-07 17:17:31,614 [trainer.py] => CNN top1 curve: [97.6, 96.1, 95.0, 92.78, 90.64, 89.93, 89.03, 87.4, 86.51]
2025-07-07 17:17:31,615 [trainer.py] => CNN top5 curve: [99.8, 99.25, 99.07, 98.95, 98.8, 98.67, 98.54, 98.52, 98.18]

Average Accuracy (CNN): 91.67
2025-07-07 17:17:31,615 [trainer.py] => Average Accuracy (CNN): 91.67 

2025-07-07 17:17:31,616 [trainer.py] => All params: 86175086
2025-07-07 17:17:31,616 [trainer.py] => Trainable params: 222820
2025-07-07 17:17:31,618 [lae.py] => Learning on 90-100

  0%|          | 0/5 [00:00<?, ?it/s]
Task 9, Epoch 1/5 => Loss 0.593, Train_accy 81.10:   0%|          | 0/5 [00:14<?, ?it/s]
Task 9, Epoch 1/5 => Loss 0.593, Train_accy 81.10:  20%|██        | 1/5 [00:14<00:58, 14.61s/it]
Task 9, Epoch 2/5 => Loss 0.287, Train_accy 90.78:  20%|██        | 1/5 [00:29<00:58, 14.61s/it]
Task 9, Epoch 2/5 => Loss 0.287, Train_accy 90.78:  40%|████      | 2/5 [00:29<00:43, 14.55s/it]
Task 9, Epoch 3/5 => Loss 0.276, Train_accy 91.06:  40%|████      | 2/5 [00:43<00:43, 14.55s/it]
Task 9, Epoch 3/5 => Loss 0.276, Train_accy 91.06:  60%|██████    | 3/5 [00:43<00:29, 14.58s/it]
Task 9, Epoch 4/5 => Loss 0.262, Train_accy 91.32:  60%|██████    | 3/5 [01:12<00:29, 14.58s/it]
Task 9, Epoch 4/5 => Loss 0.262, Train_accy 91.32:  80%|████████  | 4/5 [01:12<00:20, 20.21s/it]
Task 9, Epoch 5/5 => Loss 0.229, Train_accy 92.34, Test_accy 85.87:  80%|████████  | 4/5 [02:36<00:20, 20.21s/it]
Task 9, Epoch 5/5 => Loss 0.229, Train_accy 92.34, Test_accy 85.87: 100%|██████████| 5/5 [02:36<00:00, 43.16s/it]
Task 9, Epoch 5/5 => Loss 0.229, Train_accy 92.34, Test_accy 85.87: 100%|██████████| 5/5 [02:36<00:00, 31.28s/it]
2025-07-07 17:20:08,082 [lae.py] => Task 9, Epoch 5/5 => Loss 0.229, Train_accy 92.34, Test_accy 85.87
2025-07-07 17:21:03,023 [trainer.py] => No NME accuracy.
2025-07-07 17:21:03,023 [trainer.py] => CNN: {'total': 85.87, '00-09': 81.9, '10-19': 85.1, '20-29': 92.4, '30-39': 84.7, '40-49': 86.6, '50-59': 79.2, '60-69': 88.7, '70-79': 85.6, '80-89': 86.5, '90-99': 88.0, 'old': 85.63, 'new': 88.0}
2025-07-07 17:21:03,023 [trainer.py] => CNN top1 curve: [97.6, 96.1, 95.0, 92.78, 90.64, 89.93, 89.03, 87.4, 86.51, 85.87]
2025-07-07 17:21:03,023 [trainer.py] => CNN top5 curve: [99.8, 99.25, 99.07, 98.95, 98.8, 98.67, 98.54, 98.52, 98.18, 97.94]

Average Accuracy (CNN): 91.09
2025-07-07 17:21:03,024 [trainer.py] => Average Accuracy (CNN): 91.09 

Finished cifar224_init10_inc10: vit_base_patch16_224_in21k_lae  
----------------------------------------------------------------------------------------------------
总训练时间: 1317.7 s
总测试时间: 303.1 s
每个任务每个epoch训练时间: 26.35 s
Accuracy Matrix (CNN):
[[97.6 97.3 95.3 93.9 89.6 89.2 85.  84.4 82.4 81.9]
 [ 0.  94.9 93.4 91.2 87.  88.2 86.6 87.6 86.4 85.1]
 [ 0.   0.  96.3 96.3 94.4 93.5 93.3 92.6 92.5 92.4]
 [ 0.   0.   0.  89.7 87.2 86.  86.6 85.3 85.2 84.7]
 [ 0.   0.   0.   0.  95.  91.3 91.4 88.6 87.4 86.6]
 [ 0.   0.   0.   0.   0.  91.4 86.  80.5 79.7 79.2]
 [ 0.   0.   0.   0.   0.   0.  94.3 92.2 90.3 88.7]
 [ 0.   0.   0.   0.   0.   0.   0.  88.  87.3 85.6]
 [ 0.   0.   0.   0.   0.   0.   0.   0.  87.4 86.5]
 [ 0.   0.   0.   0.   0.   0.   0.   0.   0.  88. ]]
2025-07-07 17:21:03,025 [trainer.py] => Forgetting (CNN): 7.1000000000000005
2025-07-07 17:21:07,071 [trainer.py] => config: ./scripts/lae/lae_cifar_B0_Inc20.json
2025-07-07 17:21:07,114 [trainer.py] => prefix:  
2025-07-07 17:21:07,115 [trainer.py] => dataset: cifar224
2025-07-07 17:21:07,115 [trainer.py] => memory_size: 0
2025-07-07 17:21:07,115 [trainer.py] => memory_per_class: 0
2025-07-07 17:21:07,115 [trainer.py] => fixed_memory: False
2025-07-07 17:21:07,115 [trainer.py] => shuffle: True
2025-07-07 17:21:07,115 [trainer.py] => init_cls: 20
2025-07-07 17:21:07,115 [trainer.py] => increment: 20
2025-07-07 17:21:07,115 [trainer.py] => model_name: lae
2025-07-07 17:21:07,115 [trainer.py] => backbone_type: vit_base_patch16_224_in21k_lae
2025-07-07 17:21:07,115 [trainer.py] => device: [device(type='cuda', index=5)]
2025-07-07 17:21:07,115 [trainer.py] => seed: 1993
2025-07-07 17:21:07,115 [trainer.py] => tuned_epoch: 5
2025-07-07 17:21:07,115 [trainer.py] => init_lr: 0.0028125
2025-07-07 17:21:07,115 [trainer.py] => batch_size: 128
2025-07-07 17:21:07,115 [trainer.py] => weight_decay: 0
2025-07-07 17:21:07,115 [trainer.py] => min_lr: 1e-05
2025-07-07 17:21:07,115 [trainer.py] => optimizer: adam
2025-07-07 17:21:07,115 [trainer.py] => scheduler: constant
2025-07-07 17:21:07,115 [trainer.py] => reinit_optimizer: True
2025-07-07 17:21:07,115 [trainer.py] => pretrained: True
2025-07-07 17:21:07,116 [trainer.py] => drop: 0.0
2025-07-07 17:21:07,116 [trainer.py] => drop_path: 0.0
2025-07-07 17:21:07,116 [trainer.py] => ema_decay: 0.9999
2025-07-07 17:21:07,116 [trainer.py] => num_freeze_epochs: 3
2025-07-07 17:21:07,116 [trainer.py] => pet_cls: LoRA
2025-07-07 17:21:07,116 [trainer.py] => pet_length: 10
2025-07-07 17:21:07,116 [trainer.py] => down_sample_dim: 5
2025-07-07 17:21:08,313 [data_manager.py] => [68, 56, 78, 8, 23, 84, 90, 65, 74, 76, 40, 89, 3, 92, 55, 9, 26, 80, 43, 38, 58, 70, 77, 1, 85, 19, 17, 50, 28, 53, 13, 81, 45, 82, 6, 59, 83, 16, 15, 44, 91, 41, 72, 60, 79, 52, 20, 10, 31, 54, 37, 95, 14, 71, 96, 98, 97, 2, 64, 66, 42, 22, 35, 86, 24, 34, 87, 21, 99, 0, 88, 27, 18, 94, 11, 12, 47, 25, 30, 46, 62, 69, 36, 61, 7, 63, 75, 5, 32, 4, 51, 48, 73, 93, 39, 67, 29, 49, 57, 33]
2025-07-07 17:21:17,619 [lae.py] => 85,952,266 model total parameters.
2025-07-07 17:21:17,620 [lae.py] => 0 model training parameters.
2025-07-07 17:21:17,622 [trainer.py] => All params: 86105876
2025-07-07 17:21:17,623 [trainer.py] => Trainable params: 0
2025-07-07 17:21:17,623 [lae.py] => Learning on 0-20

  0%|          | 0/5 [00:00<?, ?it/s]
Task 0, Epoch 1/5 => Loss 0.993, Train_accy 72.88:   0%|          | 0/5 [00:28<?, ?it/s]
Task 0, Epoch 1/5 => Loss 0.993, Train_accy 72.88:  20%|██        | 1/5 [00:28<01:52, 28.15s/it]
Task 0, Epoch 2/5 => Loss 0.681, Train_accy 80.96:  20%|██        | 1/5 [00:56<01:52, 28.15s/it]
Task 0, Epoch 2/5 => Loss 0.681, Train_accy 80.96:  40%|████      | 2/5 [00:56<01:24, 28.15s/it]
Task 0, Epoch 3/5 => Loss 0.688, Train_accy 81.14:  40%|████      | 2/5 [01:24<01:24, 28.15s/it]
Task 0, Epoch 3/5 => Loss 0.688, Train_accy 81.14:  60%|██████    | 3/5 [01:24<00:56, 28.39s/it]
Task 0, Epoch 4/5 => Loss 0.485, Train_accy 85.35:  60%|██████    | 3/5 [02:22<00:56, 28.39s/it]
Task 0, Epoch 4/5 => Loss 0.485, Train_accy 85.35:  80%|████████  | 4/5 [02:22<00:39, 39.69s/it]
Task 0, Epoch 5/5 => Loss 0.415, Train_accy 87.78, Test_accy 96.50:  80%|████████  | 4/5 [03:31<00:39, 39.69s/it]
Task 0, Epoch 5/5 => Loss 0.415, Train_accy 87.78, Test_accy 96.50: 100%|██████████| 5/5 [03:31<00:00, 50.40s/it]
Task 0, Epoch 5/5 => Loss 0.415, Train_accy 87.78, Test_accy 96.50: 100%|██████████| 5/5 [03:31<00:00, 42.28s/it]
2025-07-07 17:24:49,609 [lae.py] => Task 0, Epoch 5/5 => Loss 0.415, Train_accy 87.78, Test_accy 96.50
2025-07-07 17:25:01,090 [trainer.py] => No NME accuracy.
2025-07-07 17:25:01,091 [trainer.py] => CNN: {'total': 96.5, '00-19': 96.5, 'old': 0, 'new': 96.5}
2025-07-07 17:25:01,091 [trainer.py] => CNN top1 curve: [96.5]
2025-07-07 17:25:01,091 [trainer.py] => CNN top5 curve: [99.65]

Average Accuracy (CNN): 96.5
2025-07-07 17:25:01,091 [trainer.py] => Average Accuracy (CNN): 96.5 

2025-07-07 17:25:01,092 [trainer.py] => All params: 86121256
2025-07-07 17:25:01,093 [trainer.py] => Trainable params: 168990
2025-07-07 17:25:01,095 [lae.py] => Learning on 20-40

  0%|          | 0/5 [00:00<?, ?it/s]
Task 1, Epoch 1/5 => Loss 0.636, Train_accy 81.35:   0%|          | 0/5 [00:29<?, ?it/s]
Task 1, Epoch 1/5 => Loss 0.636, Train_accy 81.35:  20%|██        | 1/5 [00:29<01:56, 29.18s/it]
Task 1, Epoch 2/5 => Loss 0.388, Train_accy 88.08:  20%|██        | 1/5 [00:57<01:56, 29.18s/it]
Task 1, Epoch 2/5 => Loss 0.388, Train_accy 88.08:  40%|████      | 2/5 [00:57<01:26, 28.84s/it]
Task 1, Epoch 3/5 => Loss 0.381, Train_accy 88.17:  40%|████      | 2/5 [01:26<01:26, 28.84s/it]
Task 1, Epoch 3/5 => Loss 0.381, Train_accy 88.17:  60%|██████    | 3/5 [01:26<00:57, 28.77s/it]
Task 1, Epoch 4/5 => Loss 0.367, Train_accy 88.54:  60%|██████    | 3/5 [02:24<00:57, 28.77s/it]
Task 1, Epoch 4/5 => Loss 0.367, Train_accy 88.54:  80%|████████  | 4/5 [02:24<00:40, 40.14s/it]
Task 1, Epoch 5/5 => Loss 0.337, Train_accy 89.64, Test_accy 93.25:  80%|████████  | 4/5 [03:44<00:40, 40.14s/it]
Task 1, Epoch 5/5 => Loss 0.337, Train_accy 89.64, Test_accy 93.25: 100%|██████████| 5/5 [03:44<00:00, 54.52s/it]
Task 1, Epoch 5/5 => Loss 0.337, Train_accy 89.64, Test_accy 93.25: 100%|██████████| 5/5 [03:44<00:00, 44.81s/it]
2025-07-07 17:28:45,197 [lae.py] => Task 1, Epoch 5/5 => Loss 0.337, Train_accy 89.64, Test_accy 93.25
2025-07-07 17:29:07,403 [trainer.py] => No NME accuracy.
2025-07-07 17:29:07,403 [trainer.py] => CNN: {'total': 93.25, '00-19': 92.8, '20-39': 93.7, 'old': 92.8, 'new': 93.7}
2025-07-07 17:29:07,403 [trainer.py] => CNN top1 curve: [96.5, 93.25]
2025-07-07 17:29:07,403 [trainer.py] => CNN top5 curve: [99.65, 99.25]

Average Accuracy (CNN): 94.88
2025-07-07 17:29:07,404 [trainer.py] => Average Accuracy (CNN): 94.88 

2025-07-07 17:29:07,405 [trainer.py] => All params: 86136636
2025-07-07 17:29:07,406 [trainer.py] => Trainable params: 184370
2025-07-07 17:29:07,408 [lae.py] => Learning on 40-60

  0%|          | 0/5 [00:00<?, ?it/s]
Task 2, Epoch 1/5 => Loss 0.640, Train_accy 81.21:   0%|          | 0/5 [00:28<?, ?it/s]
Task 2, Epoch 1/5 => Loss 0.640, Train_accy 81.21:  20%|██        | 1/5 [00:28<01:54, 28.68s/it]
Task 2, Epoch 2/5 => Loss 0.393, Train_accy 87.83:  20%|██        | 1/5 [00:57<01:54, 28.68s/it]
Task 2, Epoch 2/5 => Loss 0.393, Train_accy 87.83:  40%|████      | 2/5 [00:57<01:26, 28.74s/it]
Task 2, Epoch 3/5 => Loss 0.369, Train_accy 88.42:  40%|████      | 2/5 [01:26<01:26, 28.74s/it]
Task 2, Epoch 3/5 => Loss 0.369, Train_accy 88.42:  60%|██████    | 3/5 [01:26<00:57, 28.76s/it]
Task 2, Epoch 4/5 => Loss 0.386, Train_accy 88.00:  60%|██████    | 3/5 [02:24<00:57, 28.76s/it]
Task 2, Epoch 4/5 => Loss 0.386, Train_accy 88.00:  80%|████████  | 4/5 [02:24<00:40, 40.21s/it]
Task 2, Epoch 5/5 => Loss 0.385, Train_accy 88.14, Test_accy 91.22:  80%|████████  | 4/5 [03:54<00:40, 40.21s/it]
Task 2, Epoch 5/5 => Loss 0.385, Train_accy 88.14, Test_accy 91.22: 100%|██████████| 5/5 [03:54<00:00, 58.34s/it]
Task 2, Epoch 5/5 => Loss 0.385, Train_accy 88.14, Test_accy 91.22: 100%|██████████| 5/5 [03:54<00:00, 46.90s/it]
2025-07-07 17:33:02,009 [lae.py] => Task 2, Epoch 5/5 => Loss 0.385, Train_accy 88.14, Test_accy 91.22
2025-07-07 17:33:35,165 [trainer.py] => No NME accuracy.
2025-07-07 17:33:35,165 [trainer.py] => CNN: {'total': 91.22, '00-19': 88.95, '20-39': 92.2, '40-59': 92.5, 'old': 90.58, 'new': 92.5}
2025-07-07 17:33:35,166 [trainer.py] => CNN top1 curve: [96.5, 93.25, 91.22]
2025-07-07 17:33:35,166 [trainer.py] => CNN top5 curve: [99.65, 99.25, 98.93]

Average Accuracy (CNN): 93.66
2025-07-07 17:33:35,166 [trainer.py] => Average Accuracy (CNN): 93.66 

2025-07-07 17:33:35,166 [trainer.py] => All params: 86152016
2025-07-07 17:33:35,167 [trainer.py] => Trainable params: 199750
2025-07-07 17:33:35,168 [lae.py] => Learning on 60-80

  0%|          | 0/5 [00:00<?, ?it/s]
Task 3, Epoch 1/5 => Loss 0.638, Train_accy 81.07:   0%|          | 0/5 [00:28<?, ?it/s]
Task 3, Epoch 1/5 => Loss 0.638, Train_accy 81.07:  20%|██        | 1/5 [00:28<01:55, 28.83s/it]
Task 3, Epoch 2/5 => Loss 0.389, Train_accy 87.81:  20%|██        | 1/5 [00:57<01:55, 28.83s/it]
Task 3, Epoch 2/5 => Loss 0.389, Train_accy 87.81:  40%|████      | 2/5 [00:57<01:26, 28.92s/it]
Task 3, Epoch 3/5 => Loss 0.368, Train_accy 88.29:  40%|████      | 2/5 [01:26<01:26, 28.92s/it]
Task 3, Epoch 3/5 => Loss 0.368, Train_accy 88.29:  60%|██████    | 3/5 [01:26<00:57, 28.91s/it]
Task 3, Epoch 4/5 => Loss 0.360, Train_accy 88.74:  60%|██████    | 3/5 [02:24<00:57, 28.91s/it]
Task 3, Epoch 4/5 => Loss 0.360, Train_accy 88.74:  80%|████████  | 4/5 [02:24<00:40, 40.22s/it]
Task 3, Epoch 5/5 => Loss 0.346, Train_accy 89.23, Test_accy 87.65:  80%|████████  | 4/5 [04:05<00:40, 40.22s/it]
Task 3, Epoch 5/5 => Loss 0.346, Train_accy 89.23, Test_accy 87.65: 100%|██████████| 5/5 [04:05<00:00, 62.17s/it]
Task 3, Epoch 5/5 => Loss 0.346, Train_accy 89.23, Test_accy 87.65: 100%|██████████| 5/5 [04:05<00:00, 49.07s/it]
2025-07-07 17:37:40,576 [lae.py] => Task 3, Epoch 5/5 => Loss 0.346, Train_accy 89.23, Test_accy 87.65
2025-07-07 17:38:24,370 [trainer.py] => No NME accuracy.
2025-07-07 17:38:24,371 [trainer.py] => CNN: {'total': 87.65, '00-19': 85.5, '20-39': 90.7, '40-59': 86.65, '60-79': 87.75, 'old': 87.62, 'new': 87.75}
2025-07-07 17:38:24,371 [trainer.py] => CNN top1 curve: [96.5, 93.25, 91.22, 87.65]
2025-07-07 17:38:24,371 [trainer.py] => CNN top5 curve: [99.65, 99.25, 98.93, 98.49]

Average Accuracy (CNN): 92.16
2025-07-07 17:38:24,371 [trainer.py] => Average Accuracy (CNN): 92.16 

2025-07-07 17:38:24,372 [trainer.py] => All params: 86167396
2025-07-07 17:38:24,373 [trainer.py] => Trainable params: 215130
2025-07-07 17:38:24,374 [lae.py] => Learning on 80-100

  0%|          | 0/5 [00:00<?, ?it/s]
Task 4, Epoch 1/5 => Loss 0.599, Train_accy 83.03:   0%|          | 0/5 [00:28<?, ?it/s]
Task 4, Epoch 1/5 => Loss 0.599, Train_accy 83.03:  20%|██        | 1/5 [00:28<01:55, 28.85s/it]
Task 4, Epoch 2/5 => Loss 0.383, Train_accy 88.29:  20%|██        | 1/5 [00:57<01:55, 28.85s/it]
Task 4, Epoch 2/5 => Loss 0.383, Train_accy 88.29:  40%|████      | 2/5 [00:57<01:26, 28.98s/it]
Task 4, Epoch 3/5 => Loss 0.372, Train_accy 88.76:  40%|████      | 2/5 [01:26<01:26, 28.98s/it]
Task 4, Epoch 3/5 => Loss 0.372, Train_accy 88.76:  60%|██████    | 3/5 [01:26<00:57, 28.80s/it]
Task 4, Epoch 4/5 => Loss 0.336, Train_accy 90.10:  60%|██████    | 3/5 [02:24<00:57, 28.80s/it]
Task 4, Epoch 4/5 => Loss 0.336, Train_accy 90.10:  80%|████████  | 4/5 [02:24<00:40, 40.19s/it]
Task 4, Epoch 5/5 => Loss 0.331, Train_accy 90.04, Test_accy 86.78:  80%|████████  | 4/5 [04:16<00:40, 40.19s/it]
Task 4, Epoch 5/5 => Loss 0.331, Train_accy 90.04, Test_accy 86.78: 100%|██████████| 5/5 [04:16<00:00, 66.12s/it]
Task 4, Epoch 5/5 => Loss 0.331, Train_accy 90.04, Test_accy 86.78: 100%|██████████| 5/5 [04:16<00:00, 51.25s/it]
2025-07-07 17:42:40,731 [lae.py] => Task 4, Epoch 5/5 => Loss 0.331, Train_accy 90.04, Test_accy 86.78
2025-07-07 17:43:34,939 [trainer.py] => No NME accuracy.
2025-07-07 17:43:34,939 [trainer.py] => CNN: {'total': 86.78, '00-19': 84.1, '20-39': 89.1, '40-59': 84.9, '60-79': 86.05, '80-99': 89.75, 'old': 86.04, 'new': 89.75}
2025-07-07 17:43:34,939 [trainer.py] => CNN top1 curve: [96.5, 93.25, 91.22, 87.65, 86.78]
2025-07-07 17:43:34,939 [trainer.py] => CNN top5 curve: [99.65, 99.25, 98.93, 98.49, 98.23]

Average Accuracy (CNN): 91.08
2025-07-07 17:43:34,939 [trainer.py] => Average Accuracy (CNN): 91.08 

Finished cifar224_init20_inc20: vit_base_patch16_224_in21k_lae  
----------------------------------------------------------------------------------------------------
总训练时间: 1172.47 s
总测试时间: 164.84 s
每个任务每个epoch训练时间: 46.9 s
Accuracy Matrix (CNN):
[[96.5  92.8  88.95 85.5  84.1 ]
 [ 0.   93.7  92.2  90.7  89.1 ]
 [ 0.    0.   92.5  86.65 84.9 ]
 [ 0.    0.    0.   87.75 86.05]
 [ 0.    0.    0.    0.   89.75]]
2025-07-07 17:43:34,940 [trainer.py] => Forgetting (CNN): 6.575000000000003
2025-07-07 17:43:38,557 [trainer.py] => config: ./scripts/lae/lae_cifar_B50_Inc5.json
2025-07-07 17:43:38,588 [trainer.py] => prefix:  
2025-07-07 17:43:38,588 [trainer.py] => dataset: cifar224
2025-07-07 17:43:38,588 [trainer.py] => memory_size: 0
2025-07-07 17:43:38,588 [trainer.py] => memory_per_class: 0
2025-07-07 17:43:38,588 [trainer.py] => fixed_memory: False
2025-07-07 17:43:38,588 [trainer.py] => shuffle: True
2025-07-07 17:43:38,588 [trainer.py] => init_cls: 50
2025-07-07 17:43:38,589 [trainer.py] => increment: 5
2025-07-07 17:43:38,589 [trainer.py] => model_name: lae
2025-07-07 17:43:38,589 [trainer.py] => backbone_type: vit_base_patch16_224_in21k_lae
2025-07-07 17:43:38,589 [trainer.py] => device: [device(type='cuda', index=5)]
2025-07-07 17:43:38,589 [trainer.py] => seed: 1993
2025-07-07 17:43:38,589 [trainer.py] => tuned_epoch: 5
2025-07-07 17:43:38,589 [trainer.py] => init_lr: 0.0028125
2025-07-07 17:43:38,589 [trainer.py] => batch_size: 128
2025-07-07 17:43:38,589 [trainer.py] => weight_decay: 0
2025-07-07 17:43:38,590 [trainer.py] => min_lr: 1e-05
2025-07-07 17:43:38,590 [trainer.py] => optimizer: adam
2025-07-07 17:43:38,590 [trainer.py] => scheduler: constant
2025-07-07 17:43:38,590 [trainer.py] => reinit_optimizer: True
2025-07-07 17:43:38,590 [trainer.py] => pretrained: True
2025-07-07 17:43:38,590 [trainer.py] => drop: 0.0
2025-07-07 17:43:38,590 [trainer.py] => drop_path: 0.0
2025-07-07 17:43:38,590 [trainer.py] => ema_decay: 0.9999
2025-07-07 17:43:38,590 [trainer.py] => num_freeze_epochs: 3
2025-07-07 17:43:38,590 [trainer.py] => pet_cls: LoRA
2025-07-07 17:43:38,591 [trainer.py] => pet_length: 10
2025-07-07 17:43:38,591 [trainer.py] => down_sample_dim: 5
2025-07-07 17:43:39,789 [data_manager.py] => [68, 56, 78, 8, 23, 84, 90, 65, 74, 76, 40, 89, 3, 92, 55, 9, 26, 80, 43, 38, 58, 70, 77, 1, 85, 19, 17, 50, 28, 53, 13, 81, 45, 82, 6, 59, 83, 16, 15, 44, 91, 41, 72, 60, 79, 52, 20, 10, 31, 54, 37, 95, 14, 71, 96, 98, 97, 2, 64, 66, 42, 22, 35, 86, 24, 34, 87, 21, 99, 0, 88, 27, 18, 94, 11, 12, 47, 25, 30, 46, 62, 69, 36, 61, 7, 63, 75, 5, 32, 4, 51, 48, 73, 93, 39, 67, 29, 49, 57, 33]
2025-07-07 17:43:45,920 [lae.py] => 85,952,266 model total parameters.
2025-07-07 17:43:45,922 [lae.py] => 0 model training parameters.
2025-07-07 17:43:45,923 [trainer.py] => All params: 86105876
2025-07-07 17:43:45,924 [trainer.py] => Trainable params: 0
2025-07-07 17:43:45,924 [lae.py] => Learning on 0-50

  0%|          | 0/5 [00:00<?, ?it/s]
Task 0, Epoch 1/5 => Loss 1.282, Train_accy 68.14:   0%|          | 0/5 [01:09<?, ?it/s]
Task 0, Epoch 1/5 => Loss 1.282, Train_accy 68.14:  20%|██        | 1/5 [01:09<04:37, 69.26s/it]
Task 0, Epoch 2/5 => Loss 1.032, Train_accy 74.32:  20%|██        | 1/5 [02:19<04:37, 69.26s/it]
Task 0, Epoch 2/5 => Loss 1.032, Train_accy 74.32:  40%|████      | 2/5 [02:19<03:29, 69.76s/it]
Task 0, Epoch 3/5 => Loss 0.980, Train_accy 75.88:  40%|████      | 2/5 [03:30<03:29, 69.76s/it]
Task 0, Epoch 3/5 => Loss 0.980, Train_accy 75.88:  60%|██████    | 3/5 [03:30<02:20, 70.26s/it]
Task 0, Epoch 4/5 => Loss 0.704, Train_accy 80.77:  60%|██████    | 3/5 [05:51<02:20, 70.26s/it]
Task 0, Epoch 4/5 => Loss 0.704, Train_accy 80.77:  80%|████████  | 4/5 [05:51<01:38, 98.33s/it]
Task 0, Epoch 5/5 => Loss 0.615, Train_accy 82.74, Test_accy 93.94:  80%|████████  | 4/5 [08:40<01:38, 98.33s/it]
Task 0, Epoch 5/5 => Loss 0.615, Train_accy 82.74, Test_accy 93.94: 100%|██████████| 5/5 [08:40<00:00, 123.93s/it]
Task 0, Epoch 5/5 => Loss 0.615, Train_accy 82.74, Test_accy 93.94: 100%|██████████| 5/5 [08:40<00:00, 104.18s/it]
2025-07-07 17:52:27,428 [lae.py] => Task 0, Epoch 5/5 => Loss 0.615, Train_accy 82.74, Test_accy 93.94
2025-07-07 17:52:54,675 [trainer.py] => No NME accuracy.
2025-07-07 17:52:54,676 [trainer.py] => CNN: {'total': 93.94, '00-49': 93.94, 'old': 0, 'new': 93.94}
2025-07-07 17:52:54,676 [trainer.py] => CNN top1 curve: [93.94]
2025-07-07 17:52:54,676 [trainer.py] => CNN top5 curve: [99.12]

Average Accuracy (CNN): 93.94
2025-07-07 17:52:54,676 [trainer.py] => Average Accuracy (CNN): 93.94 

2025-07-07 17:52:54,678 [trainer.py] => All params: 86144326
2025-07-07 17:52:54,680 [trainer.py] => Trainable params: 192060
2025-07-07 17:52:54,683 [lae.py] => Learning on 50-55

  0%|          | 0/5 [00:00<?, ?it/s]
Task 1, Epoch 1/5 => Loss 0.415, Train_accy 84.40:   0%|          | 0/5 [00:07<?, ?it/s]
Task 1, Epoch 1/5 => Loss 0.415, Train_accy 84.40:  20%|██        | 1/5 [00:07<00:29,  7.42s/it]
Task 1, Epoch 2/5 => Loss 0.120, Train_accy 95.48:  20%|██        | 1/5 [00:14<00:29,  7.42s/it]
Task 1, Epoch 2/5 => Loss 0.120, Train_accy 95.48:  40%|████      | 2/5 [00:14<00:22,  7.41s/it]
Task 1, Epoch 3/5 => Loss 0.123, Train_accy 95.96:  40%|████      | 2/5 [00:22<00:22,  7.41s/it]
Task 1, Epoch 3/5 => Loss 0.123, Train_accy 95.96:  60%|██████    | 3/5 [00:22<00:14,  7.42s/it]
Task 1, Epoch 4/5 => Loss 0.134, Train_accy 95.72:  60%|██████    | 3/5 [00:36<00:14,  7.42s/it]
Task 1, Epoch 4/5 => Loss 0.134, Train_accy 95.72:  80%|████████  | 4/5 [00:36<00:10, 10.20s/it]
Task 1, Epoch 5/5 => Loss 0.120, Train_accy 96.04, Test_accy 91.93:  80%|████████  | 4/5 [01:21<00:10, 10.20s/it]
Task 1, Epoch 5/5 => Loss 0.120, Train_accy 96.04, Test_accy 91.93: 100%|██████████| 5/5 [01:21<00:00, 22.69s/it]
Task 1, Epoch 5/5 => Loss 0.120, Train_accy 96.04, Test_accy 91.93: 100%|██████████| 5/5 [01:21<00:00, 16.31s/it]
2025-07-07 17:54:16,312 [lae.py] => Task 1, Epoch 5/5 => Loss 0.120, Train_accy 96.04, Test_accy 91.93
2025-07-07 17:54:46,102 [trainer.py] => No NME accuracy.
2025-07-07 17:54:46,102 [trainer.py] => CNN: {'total': 91.93, '00-49': 93.6, '50-54': 75.2, 'old': 93.6, 'new': 75.2}
2025-07-07 17:54:46,102 [trainer.py] => CNN top1 curve: [93.94, 91.93]
2025-07-07 17:54:46,102 [trainer.py] => CNN top5 curve: [99.12, 98.93]

Average Accuracy (CNN): 92.94
2025-07-07 17:54:46,102 [trainer.py] => Average Accuracy (CNN): 92.94 

2025-07-07 17:54:46,104 [trainer.py] => All params: 86148171
2025-07-07 17:54:46,105 [trainer.py] => Trainable params: 195905
2025-07-07 17:54:46,106 [lae.py] => Learning on 55-60

  0%|          | 0/5 [00:00<?, ?it/s]
Task 2, Epoch 1/5 => Loss 0.643, Train_accy 75.76:   0%|          | 0/5 [00:07<?, ?it/s]
Task 2, Epoch 1/5 => Loss 0.643, Train_accy 75.76:  20%|██        | 1/5 [00:07<00:29,  7.41s/it]
Task 2, Epoch 2/5 => Loss 0.320, Train_accy 86.96:  20%|██        | 1/5 [00:14<00:29,  7.41s/it]
Task 2, Epoch 2/5 => Loss 0.320, Train_accy 86.96:  40%|████      | 2/5 [00:14<00:22,  7.37s/it]
Task 2, Epoch 3/5 => Loss 0.286, Train_accy 89.24:  40%|████      | 2/5 [00:22<00:22,  7.37s/it]
Task 2, Epoch 3/5 => Loss 0.286, Train_accy 89.24:  60%|██████    | 3/5 [00:22<00:14,  7.39s/it]
Task 2, Epoch 4/5 => Loss 0.267, Train_accy 89.52:  60%|██████    | 3/5 [00:36<00:14,  7.39s/it]
Task 2, Epoch 4/5 => Loss 0.267, Train_accy 89.52:  80%|████████  | 4/5 [00:36<00:10, 10.16s/it]
Task 2, Epoch 5/5 => Loss 0.260, Train_accy 90.56, Test_accy 90.50:  80%|████████  | 4/5 [01:23<00:10, 10.16s/it]
Task 2, Epoch 5/5 => Loss 0.260, Train_accy 90.56, Test_accy 90.50: 100%|██████████| 5/5 [01:23<00:00, 23.33s/it]
Task 2, Epoch 5/5 => Loss 0.260, Train_accy 90.56, Test_accy 90.50: 100%|██████████| 5/5 [01:23<00:00, 16.65s/it]
2025-07-07 17:56:09,392 [lae.py] => Task 2, Epoch 5/5 => Loss 0.260, Train_accy 90.56, Test_accy 90.50
2025-07-07 17:56:41,870 [trainer.py] => No NME accuracy.
2025-07-07 17:56:41,871 [trainer.py] => CNN: {'total': 90.5, '00-49': 93.06, '50-54': 74.0, '55-59': 81.4, 'old': 91.33, 'new': 81.4}
2025-07-07 17:56:41,871 [trainer.py] => CNN top1 curve: [93.94, 91.93, 90.5]
2025-07-07 17:56:41,871 [trainer.py] => CNN top5 curve: [99.12, 98.93, 98.5]

Average Accuracy (CNN): 92.12
2025-07-07 17:56:41,871 [trainer.py] => Average Accuracy (CNN): 92.12 

2025-07-07 17:56:41,872 [trainer.py] => All params: 86152016
2025-07-07 17:56:41,873 [trainer.py] => Trainable params: 199750
2025-07-07 17:56:41,875 [lae.py] => Learning on 60-65

  0%|          | 0/5 [00:00<?, ?it/s]
Task 3, Epoch 1/5 => Loss 0.373, Train_accy 85.96:   0%|          | 0/5 [00:07<?, ?it/s]
Task 3, Epoch 1/5 => Loss 0.373, Train_accy 85.96:  20%|██        | 1/5 [00:07<00:29,  7.36s/it]
Task 3, Epoch 2/5 => Loss 0.140, Train_accy 95.20:  20%|██        | 1/5 [00:14<00:29,  7.36s/it]
Task 3, Epoch 2/5 => Loss 0.140, Train_accy 95.20:  40%|████      | 2/5 [00:14<00:22,  7.35s/it]
Task 3, Epoch 3/5 => Loss 0.125, Train_accy 95.28:  40%|████      | 2/5 [00:22<00:22,  7.35s/it]
Task 3, Epoch 3/5 => Loss 0.125, Train_accy 95.28:  60%|██████    | 3/5 [00:22<00:14,  7.37s/it]
Task 3, Epoch 4/5 => Loss 0.113, Train_accy 96.20:  60%|██████    | 3/5 [00:36<00:14,  7.37s/it]
Task 3, Epoch 4/5 => Loss 0.113, Train_accy 96.20:  80%|████████  | 4/5 [00:36<00:10, 10.15s/it]
Task 3, Epoch 5/5 => Loss 0.102, Train_accy 96.68, Test_accy 88.66:  80%|████████  | 4/5 [01:25<00:10, 10.15s/it]
Task 3, Epoch 5/5 => Loss 0.102, Train_accy 96.68, Test_accy 88.66: 100%|██████████| 5/5 [01:25<00:00, 24.28s/it]
Task 3, Epoch 5/5 => Loss 0.102, Train_accy 96.68, Test_accy 88.66: 100%|██████████| 5/5 [01:25<00:00, 17.17s/it]
2025-07-07 17:58:07,765 [lae.py] => Task 3, Epoch 5/5 => Loss 0.102, Train_accy 96.68, Test_accy 88.66
2025-07-07 17:58:42,908 [trainer.py] => No NME accuracy.
2025-07-07 17:58:42,909 [trainer.py] => CNN: {'total': 88.66, '00-49': 92.44, '50-54': 72.6, '55-59': 68.6, '60-64': 87.0, 'old': 88.8, 'new': 87.0}
2025-07-07 17:58:42,909 [trainer.py] => CNN top1 curve: [93.94, 91.93, 90.5, 88.66]
2025-07-07 17:58:42,909 [trainer.py] => CNN top5 curve: [99.12, 98.93, 98.5, 97.91]

Average Accuracy (CNN): 91.26
2025-07-07 17:58:42,909 [trainer.py] => Average Accuracy (CNN): 91.26 

2025-07-07 17:58:42,910 [trainer.py] => All params: 86155861
2025-07-07 17:58:42,911 [trainer.py] => Trainable params: 203595
2025-07-07 17:58:42,913 [lae.py] => Learning on 65-70

  0%|          | 0/5 [00:00<?, ?it/s]
Task 4, Epoch 1/5 => Loss 0.402, Train_accy 85.92:   0%|          | 0/5 [00:07<?, ?it/s]
Task 4, Epoch 1/5 => Loss 0.402, Train_accy 85.92:  20%|██        | 1/5 [00:07<00:30,  7.67s/it]
Task 4, Epoch 2/5 => Loss 0.091, Train_accy 97.20:  20%|██        | 1/5 [00:15<00:30,  7.67s/it]
Task 4, Epoch 2/5 => Loss 0.091, Train_accy 97.20:  40%|████      | 2/5 [00:15<00:22,  7.51s/it]
Task 4, Epoch 3/5 => Loss 0.083, Train_accy 96.88:  40%|████      | 2/5 [00:22<00:22,  7.51s/it]
Task 4, Epoch 3/5 => Loss 0.083, Train_accy 96.88:  60%|██████    | 3/5 [00:22<00:14,  7.46s/it]
Task 4, Epoch 4/5 => Loss 0.086, Train_accy 96.88:  60%|██████    | 3/5 [00:36<00:14,  7.46s/it]
Task 4, Epoch 4/5 => Loss 0.086, Train_accy 96.88:  80%|████████  | 4/5 [00:36<00:10, 10.13s/it]
Task 4, Epoch 5/5 => Loss 0.103, Train_accy 96.64, Test_accy 88.99:  80%|████████  | 4/5 [01:28<00:10, 10.13s/it]
Task 4, Epoch 5/5 => Loss 0.103, Train_accy 96.64, Test_accy 88.99: 100%|██████████| 5/5 [01:28<00:00, 25.27s/it]
Task 4, Epoch 5/5 => Loss 0.103, Train_accy 96.64, Test_accy 88.99: 100%|██████████| 5/5 [01:28<00:00, 17.76s/it]
2025-07-07 18:00:11,765 [lae.py] => Task 4, Epoch 5/5 => Loss 0.103, Train_accy 96.64, Test_accy 88.99
2025-07-07 18:00:50,030 [trainer.py] => No NME accuracy.
2025-07-07 18:00:50,031 [trainer.py] => CNN: {'total': 88.99, '00-49': 92.96, '50-54': 71.4, '55-59': 68.8, '60-64': 85.8, '65-69': 90.2, 'old': 88.89, 'new': 90.2}
2025-07-07 18:00:50,031 [trainer.py] => CNN top1 curve: [93.94, 91.93, 90.5, 88.66, 88.99]
2025-07-07 18:00:50,031 [trainer.py] => CNN top5 curve: [99.12, 98.93, 98.5, 97.91, 98.1]

Average Accuracy (CNN): 90.8
2025-07-07 18:00:50,031 [trainer.py] => Average Accuracy (CNN): 90.8 

2025-07-07 18:00:50,032 [trainer.py] => All params: 86159706
2025-07-07 18:00:50,033 [trainer.py] => Trainable params: 207440
2025-07-07 18:00:50,035 [lae.py] => Learning on 70-75

  0%|          | 0/5 [00:00<?, ?it/s]
Task 5, Epoch 1/5 => Loss 0.426, Train_accy 84.56:   0%|          | 0/5 [00:07<?, ?it/s]
Task 5, Epoch 1/5 => Loss 0.426, Train_accy 84.56:  20%|██        | 1/5 [00:07<00:29,  7.31s/it]
Task 5, Epoch 2/5 => Loss 0.159, Train_accy 95.08:  20%|██        | 1/5 [00:14<00:29,  7.31s/it]
Task 5, Epoch 2/5 => Loss 0.159, Train_accy 95.08:  40%|████      | 2/5 [00:14<00:22,  7.42s/it]
Task 5, Epoch 3/5 => Loss 0.140, Train_accy 95.20:  40%|████      | 2/5 [00:22<00:22,  7.42s/it]
Task 5, Epoch 3/5 => Loss 0.140, Train_accy 95.20:  60%|██████    | 3/5 [00:22<00:14,  7.34s/it]
Task 5, Epoch 4/5 => Loss 0.147, Train_accy 94.76:  60%|██████    | 3/5 [00:36<00:14,  7.34s/it]
Task 5, Epoch 4/5 => Loss 0.147, Train_accy 94.76:  80%|████████  | 4/5 [00:36<00:10, 10.13s/it]
Task 5, Epoch 5/5 => Loss 0.108, Train_accy 96.04, Test_accy 87.27:  80%|████████  | 4/5 [01:31<00:10, 10.13s/it]
Task 5, Epoch 5/5 => Loss 0.108, Train_accy 96.04, Test_accy 87.27: 100%|██████████| 5/5 [01:31<00:00, 26.24s/it]
Task 5, Epoch 5/5 => Loss 0.108, Train_accy 96.04, Test_accy 87.27: 100%|██████████| 5/5 [01:31<00:00, 18.25s/it]
2025-07-07 18:02:21,323 [lae.py] => Task 5, Epoch 5/5 => Loss 0.108, Train_accy 96.04, Test_accy 87.27
2025-07-07 18:03:01,972 [trainer.py] => No NME accuracy.
2025-07-07 18:03:01,972 [trainer.py] => CNN: {'total': 87.27, '00-49': 92.86, '50-54': 72.0, '55-59': 65.2, '60-64': 79.2, '65-69': 89.8, '70-74': 74.2, 'old': 88.2, 'new': 74.2}
2025-07-07 18:03:01,972 [trainer.py] => CNN top1 curve: [93.94, 91.93, 90.5, 88.66, 88.99, 87.27]
2025-07-07 18:03:01,972 [trainer.py] => CNN top5 curve: [99.12, 98.93, 98.5, 97.91, 98.1, 97.75]

Average Accuracy (CNN): 90.21
2025-07-07 18:03:01,972 [trainer.py] => Average Accuracy (CNN): 90.21 

2025-07-07 18:03:01,973 [trainer.py] => All params: 86163551
2025-07-07 18:03:01,974 [trainer.py] => Trainable params: 211285
2025-07-07 18:03:01,976 [lae.py] => Learning on 75-80

  0%|          | 0/5 [00:00<?, ?it/s]
Task 6, Epoch 1/5 => Loss 0.576, Train_accy 79.44:   0%|          | 0/5 [00:07<?, ?it/s]
Task 6, Epoch 1/5 => Loss 0.576, Train_accy 79.44:  20%|██        | 1/5 [00:07<00:29,  7.34s/it]
Task 6, Epoch 2/5 => Loss 0.155, Train_accy 94.08:  20%|██        | 1/5 [00:14<00:29,  7.34s/it]
Task 6, Epoch 2/5 => Loss 0.155, Train_accy 94.08:  40%|████      | 2/5 [00:14<00:22,  7.35s/it]
Task 6, Epoch 3/5 => Loss 0.128, Train_accy 95.52:  40%|████      | 2/5 [00:22<00:22,  7.35s/it]
Task 6, Epoch 3/5 => Loss 0.128, Train_accy 95.52:  60%|██████    | 3/5 [00:22<00:14,  7.36s/it]
Task 6, Epoch 4/5 => Loss 0.123, Train_accy 95.88:  60%|██████    | 3/5 [00:37<00:14,  7.36s/it]
Task 6, Epoch 4/5 => Loss 0.123, Train_accy 95.88:  80%|████████  | 4/5 [00:37<00:10, 10.41s/it]
Task 6, Epoch 5/5 => Loss 0.102, Train_accy 96.40, Test_accy 84.90:  80%|████████  | 4/5 [01:34<00:10, 10.41s/it]
Task 6, Epoch 5/5 => Loss 0.102, Train_accy 96.40, Test_accy 84.90: 100%|██████████| 5/5 [01:34<00:00, 27.23s/it]
Task 6, Epoch 5/5 => Loss 0.102, Train_accy 96.40, Test_accy 84.90: 100%|██████████| 5/5 [01:34<00:00, 18.84s/it]
2025-07-07 18:04:36,209 [lae.py] => Task 6, Epoch 5/5 => Loss 0.102, Train_accy 96.40, Test_accy 84.90
2025-07-07 18:05:19,278 [trainer.py] => No NME accuracy.
2025-07-07 18:05:19,278 [trainer.py] => CNN: {'total': 84.9, '00-49': 92.42, '50-54': 69.6, '55-59': 64.0, '60-64': 80.0, '65-69': 89.6, '70-74': 70.6, '75-79': 60.4, 'old': 86.53, 'new': 60.4}
2025-07-07 18:05:19,278 [trainer.py] => CNN top1 curve: [93.94, 91.93, 90.5, 88.66, 88.99, 87.27, 84.9]
2025-07-07 18:05:19,278 [trainer.py] => CNN top5 curve: [99.12, 98.93, 98.5, 97.91, 98.1, 97.75, 97.32]

Average Accuracy (CNN): 89.46
2025-07-07 18:05:19,278 [trainer.py] => Average Accuracy (CNN): 89.46 

2025-07-07 18:05:19,280 [trainer.py] => All params: 86167396
2025-07-07 18:05:19,281 [trainer.py] => Trainable params: 215130
2025-07-07 18:05:19,283 [lae.py] => Learning on 80-85

  0%|          | 0/5 [00:00<?, ?it/s]
Task 7, Epoch 1/5 => Loss 0.452, Train_accy 84.16:   0%|          | 0/5 [00:07<?, ?it/s]
Task 7, Epoch 1/5 => Loss 0.452, Train_accy 84.16:  20%|██        | 1/5 [00:07<00:29,  7.42s/it]
Task 7, Epoch 2/5 => Loss 0.102, Train_accy 96.44:  20%|██        | 1/5 [00:14<00:29,  7.42s/it]
Task 7, Epoch 2/5 => Loss 0.102, Train_accy 96.44:  40%|████      | 2/5 [00:14<00:22,  7.39s/it]
Task 7, Epoch 3/5 => Loss 0.098, Train_accy 96.64:  40%|████      | 2/5 [00:22<00:22,  7.39s/it]
Task 7, Epoch 3/5 => Loss 0.098, Train_accy 96.64:  60%|██████    | 3/5 [00:22<00:14,  7.45s/it]
Task 7, Epoch 4/5 => Loss 0.104, Train_accy 96.68:  60%|██████    | 3/5 [00:36<00:14,  7.45s/it]
Task 7, Epoch 4/5 => Loss 0.104, Train_accy 96.68:  80%|████████  | 4/5 [00:36<00:10, 10.18s/it]
Task 7, Epoch 5/5 => Loss 0.083, Train_accy 97.24, Test_accy 84.07:  80%|████████  | 4/5 [01:36<00:10, 10.18s/it]
Task 7, Epoch 5/5 => Loss 0.083, Train_accy 97.24, Test_accy 84.07: 100%|██████████| 5/5 [01:36<00:00, 28.16s/it]
Task 7, Epoch 5/5 => Loss 0.083, Train_accy 97.24, Test_accy 84.07: 100%|██████████| 5/5 [01:36<00:00, 19.34s/it]
2025-07-07 18:06:56,032 [lae.py] => Task 7, Epoch 5/5 => Loss 0.083, Train_accy 97.24, Test_accy 84.07
2025-07-07 18:07:41,657 [trainer.py] => No NME accuracy.
2025-07-07 18:07:41,658 [trainer.py] => CNN: {'total': 84.07, '00-49': 92.58, '50-54': 71.6, '55-59': 62.4, '60-64': 80.0, '65-69': 89.8, '70-74': 69.6, '75-79': 60.4, '80-84': 69.6, 'old': 84.98, 'new': 69.6}
2025-07-07 18:07:41,658 [trainer.py] => CNN top1 curve: [93.94, 91.93, 90.5, 88.66, 88.99, 87.27, 84.9, 84.07]
2025-07-07 18:07:41,658 [trainer.py] => CNN top5 curve: [99.12, 98.93, 98.5, 97.91, 98.1, 97.75, 97.32, 97.25]

Average Accuracy (CNN): 88.78
2025-07-07 18:07:41,658 [trainer.py] => Average Accuracy (CNN): 88.78 

2025-07-07 18:07:41,660 [trainer.py] => All params: 86171241
2025-07-07 18:07:41,661 [trainer.py] => Trainable params: 218975
2025-07-07 18:07:41,663 [lae.py] => Learning on 85-90

  0%|          | 0/5 [00:00<?, ?it/s]
Task 8, Epoch 1/5 => Loss 0.549, Train_accy 78.12:   0%|          | 0/5 [00:07<?, ?it/s]
Task 8, Epoch 1/5 => Loss 0.549, Train_accy 78.12:  20%|██        | 1/5 [00:07<00:29,  7.36s/it]
Task 8, Epoch 2/5 => Loss 0.258, Train_accy 89.92:  20%|██        | 1/5 [00:14<00:29,  7.36s/it]
Task 8, Epoch 2/5 => Loss 0.258, Train_accy 89.92:  40%|████      | 2/5 [00:14<00:21,  7.31s/it]
Task 8, Epoch 3/5 => Loss 0.236, Train_accy 90.96:  40%|████      | 2/5 [00:21<00:21,  7.31s/it]
Task 8, Epoch 3/5 => Loss 0.236, Train_accy 90.96:  60%|██████    | 3/5 [00:21<00:14,  7.31s/it]
Task 8, Epoch 4/5 => Loss 0.212, Train_accy 92.32:  60%|██████    | 3/5 [00:36<00:14,  7.31s/it]
Task 8, Epoch 4/5 => Loss 0.212, Train_accy 92.32:  80%|████████  | 4/5 [00:36<00:10, 10.17s/it]
Task 8, Epoch 5/5 => Loss 0.216, Train_accy 92.32, Test_accy 82.69:  80%|████████  | 4/5 [01:38<00:10, 10.17s/it]
Task 8, Epoch 5/5 => Loss 0.216, Train_accy 92.32, Test_accy 82.69: 100%|██████████| 5/5 [01:38<00:00, 29.02s/it]
Task 8, Epoch 5/5 => Loss 0.216, Train_accy 92.32, Test_accy 82.69: 100%|██████████| 5/5 [01:38<00:00, 19.79s/it]
2025-07-07 18:09:20,622 [lae.py] => Task 8, Epoch 5/5 => Loss 0.216, Train_accy 92.32, Test_accy 82.69
2025-07-07 18:10:08,918 [trainer.py] => No NME accuracy.
2025-07-07 18:10:08,918 [trainer.py] => CNN: {'total': 82.69, '00-49': 92.52, '50-54': 68.8, '55-59': 62.4, '60-64': 80.6, '65-69': 89.6, '70-74': 68.8, '75-79': 60.8, '80-84': 67.2, '85-89': 65.0, 'old': 83.73, 'new': 65.0}
2025-07-07 18:10:08,919 [trainer.py] => CNN top1 curve: [93.94, 91.93, 90.5, 88.66, 88.99, 87.27, 84.9, 84.07, 82.69]
2025-07-07 18:10:08,919 [trainer.py] => CNN top5 curve: [99.12, 98.93, 98.5, 97.91, 98.1, 97.75, 97.32, 97.25, 96.99]

Average Accuracy (CNN): 88.11
2025-07-07 18:10:08,919 [trainer.py] => Average Accuracy (CNN): 88.11 

2025-07-07 18:10:08,921 [trainer.py] => All params: 86175086
2025-07-07 18:10:08,922 [trainer.py] => Trainable params: 222820
2025-07-07 18:10:08,924 [lae.py] => Learning on 90-95

  0%|          | 0/5 [00:00<?, ?it/s]
Task 9, Epoch 1/5 => Loss 0.422, Train_accy 85.64:   0%|          | 0/5 [00:07<?, ?it/s]
Task 9, Epoch 1/5 => Loss 0.422, Train_accy 85.64:  20%|██        | 1/5 [00:07<00:29,  7.27s/it]
Task 9, Epoch 2/5 => Loss 0.149, Train_accy 95.04:  20%|██        | 1/5 [00:14<00:29,  7.27s/it]
Task 9, Epoch 2/5 => Loss 0.149, Train_accy 95.04:  40%|████      | 2/5 [00:14<00:21,  7.29s/it]
Task 9, Epoch 3/5 => Loss 0.125, Train_accy 95.76:  40%|████      | 2/5 [00:21<00:21,  7.29s/it]
Task 9, Epoch 3/5 => Loss 0.125, Train_accy 95.76:  60%|██████    | 3/5 [00:21<00:14,  7.32s/it]
Task 9, Epoch 4/5 => Loss 0.131, Train_accy 95.44:  60%|██████    | 3/5 [00:36<00:14,  7.32s/it]
Task 9, Epoch 4/5 => Loss 0.131, Train_accy 95.44:  80%|████████  | 4/5 [00:36<00:10, 10.06s/it]
Task 9, Epoch 5/5 => Loss 0.123, Train_accy 96.08, Test_accy 83.26:  80%|████████  | 4/5 [01:41<00:10, 10.06s/it]
Task 9, Epoch 5/5 => Loss 0.123, Train_accy 96.08, Test_accy 83.26: 100%|██████████| 5/5 [01:41<00:00, 29.95s/it]
Task 9, Epoch 5/5 => Loss 0.123, Train_accy 96.08, Test_accy 83.26: 100%|██████████| 5/5 [01:41<00:00, 20.28s/it]
2025-07-07 18:11:50,372 [lae.py] => Task 9, Epoch 5/5 => Loss 0.123, Train_accy 96.08, Test_accy 83.26
2025-07-07 18:12:41,654 [trainer.py] => No NME accuracy.
2025-07-07 18:12:41,655 [trainer.py] => CNN: {'total': 83.26, '00-49': 92.66, '50-54': 69.8, '55-59': 64.4, '60-64': 78.4, '65-69': 89.4, '70-74': 71.0, '75-79': 59.8, '80-84': 67.0, '85-89': 65.2, '90-94': 90.4, 'old': 82.87, 'new': 90.4}
2025-07-07 18:12:41,655 [trainer.py] => CNN top1 curve: [93.94, 91.93, 90.5, 88.66, 88.99, 87.27, 84.9, 84.07, 82.69, 83.26]
2025-07-07 18:12:41,655 [trainer.py] => CNN top5 curve: [99.12, 98.93, 98.5, 97.91, 98.1, 97.75, 97.32, 97.25, 96.99, 97.04]

Average Accuracy (CNN): 87.62
2025-07-07 18:12:41,655 [trainer.py] => Average Accuracy (CNN): 87.62 

2025-07-07 18:12:41,657 [trainer.py] => All params: 86178931
2025-07-07 18:12:41,658 [trainer.py] => Trainable params: 226665
2025-07-07 18:12:41,660 [lae.py] => Learning on 95-100

  0%|          | 0/5 [00:00<?, ?it/s]
Task 10, Epoch 1/5 => Loss 0.559, Train_accy 80.20:   0%|          | 0/5 [00:07<?, ?it/s]
Task 10, Epoch 1/5 => Loss 0.559, Train_accy 80.20:  20%|██        | 1/5 [00:07<00:29,  7.37s/it]
Task 10, Epoch 2/5 => Loss 0.203, Train_accy 92.92:  20%|██        | 1/5 [00:14<00:29,  7.37s/it]
Task 10, Epoch 2/5 => Loss 0.203, Train_accy 92.92:  40%|████      | 2/5 [00:14<00:22,  7.36s/it]
Task 10, Epoch 3/5 => Loss 0.162, Train_accy 94.72:  40%|████      | 2/5 [00:22<00:22,  7.36s/it]
Task 10, Epoch 3/5 => Loss 0.162, Train_accy 94.72:  60%|██████    | 3/5 [00:22<00:14,  7.32s/it]
Task 10, Epoch 4/5 => Loss 0.180, Train_accy 93.92:  60%|██████    | 3/5 [00:36<00:14,  7.32s/it]
Task 10, Epoch 4/5 => Loss 0.180, Train_accy 93.92:  80%|████████  | 4/5 [00:36<00:10, 10.12s/it]
Task 10, Epoch 5/5 => Loss 0.157, Train_accy 94.72, Test_accy 82.64:  80%|████████  | 4/5 [01:44<00:10, 10.12s/it]
Task 10, Epoch 5/5 => Loss 0.157, Train_accy 94.72, Test_accy 82.64: 100%|██████████| 5/5 [01:44<00:00, 31.00s/it]
Task 10, Epoch 5/5 => Loss 0.157, Train_accy 94.72, Test_accy 82.64: 100%|██████████| 5/5 [01:44<00:00, 20.89s/it]
2025-07-07 18:14:26,156 [lae.py] => Task 10, Epoch 5/5 => Loss 0.157, Train_accy 94.72, Test_accy 82.64
2025-07-07 18:15:19,836 [trainer.py] => No NME accuracy.
2025-07-07 18:15:19,837 [trainer.py] => CNN: {'total': 82.64, '00-49': 92.64, '50-54': 67.6, '55-59': 65.4, '60-64': 78.4, '65-69': 89.8, '70-74': 70.6, '75-79': 59.6, '80-84': 68.0, '85-89': 63.6, '90-94': 88.8, '95-99': 74.6, 'old': 83.06, 'new': 74.6}
2025-07-07 18:15:19,837 [trainer.py] => CNN top1 curve: [93.94, 91.93, 90.5, 88.66, 88.99, 87.27, 84.9, 84.07, 82.69, 83.26, 82.64]
2025-07-07 18:15:19,837 [trainer.py] => CNN top5 curve: [99.12, 98.93, 98.5, 97.91, 98.1, 97.75, 97.32, 97.25, 96.99, 97.04, 96.68]

Average Accuracy (CNN): 87.17
2025-07-07 18:15:19,837 [trainer.py] => Average Accuracy (CNN): 87.17 

Finished cifar224_init50_inc5: vit_base_patch16_224_in21k_lae  
----------------------------------------------------------------------------------------------------
总训练时间: 1448.37 s
总测试时间: 445.51 s
每个任务每个epoch训练时间: 26.33 s
Accuracy Matrix (CNN):
[[93.94 93.6  93.06 92.44 92.96 92.86 92.42 92.58 92.52 92.66 92.64]
 [ 0.   75.2  74.   72.6  71.4  72.   69.6  71.6  68.8  69.8  67.6 ]
 [ 0.    0.   81.4  68.6  68.8  65.2  64.   62.4  62.4  64.4  65.4 ]
 [ 0.    0.    0.   87.   85.8  79.2  80.   80.   80.6  78.4  78.4 ]
 [ 0.    0.    0.    0.   90.2  89.8  89.6  89.8  89.6  89.4  89.8 ]
 [ 0.    0.    0.    0.    0.   74.2  70.6  69.6  68.8  71.   70.6 ]
 [ 0.    0.    0.    0.    0.    0.   60.4  60.4  60.8  59.8  59.6 ]
 [ 0.    0.    0.    0.    0.    0.    0.   69.6  67.2  67.   68.  ]
 [ 0.    0.    0.    0.    0.    0.    0.    0.   65.   65.2  63.6 ]
 [ 0.    0.    0.    0.    0.    0.    0.    0.    0.   90.4  88.8 ]
 [ 0.    0.    0.    0.    0.    0.    0.    0.    0.    0.   74.6 ]]
2025-07-07 18:15:19,840 [trainer.py] => Forgetting (CNN): 4.350000000000001
./scripts/train_lae.sh: 行 6: on：未找到命令
2025-07-07 18:15:23,189 [trainer.py] => config: ./scripts/lae/lae_cub_B0_Inc20.json
2025-07-07 18:15:23,226 [trainer.py] => prefix:  
2025-07-07 18:15:23,226 [trainer.py] => dataset: cub
2025-07-07 18:15:23,226 [trainer.py] => memory_size: 0
2025-07-07 18:15:23,226 [trainer.py] => memory_per_class: 0
2025-07-07 18:15:23,226 [trainer.py] => fixed_memory: False
2025-07-07 18:15:23,226 [trainer.py] => shuffle: True
2025-07-07 18:15:23,226 [trainer.py] => init_cls: 20
2025-07-07 18:15:23,226 [trainer.py] => increment: 20
2025-07-07 18:15:23,227 [trainer.py] => model_name: lae
2025-07-07 18:15:23,227 [trainer.py] => backbone_type: vit_base_patch16_224_in21k_lae
2025-07-07 18:15:23,227 [trainer.py] => device: [device(type='cuda', index=5)]
2025-07-07 18:15:23,227 [trainer.py] => seed: 1993
2025-07-07 18:15:23,227 [trainer.py] => tuned_epoch: 50
2025-07-07 18:15:23,227 [trainer.py] => init_lr: 0.00046875
2025-07-07 18:15:23,227 [trainer.py] => batch_size: 128
2025-07-07 18:15:23,227 [trainer.py] => weight_decay: 0
2025-07-07 18:15:23,227 [trainer.py] => min_lr: 1e-05
2025-07-07 18:15:23,228 [trainer.py] => optimizer: adam
2025-07-07 18:15:23,228 [trainer.py] => scheduler: constant
2025-07-07 18:15:23,228 [trainer.py] => reinit_optimizer: True
2025-07-07 18:15:23,228 [trainer.py] => pretrained: True
2025-07-07 18:15:23,228 [trainer.py] => drop: 0.0
2025-07-07 18:15:23,228 [trainer.py] => drop_path: 0.0
2025-07-07 18:15:23,228 [trainer.py] => ema_decay: 0.9999
2025-07-07 18:15:23,228 [trainer.py] => num_freeze_epochs: 30
2025-07-07 18:15:23,228 [trainer.py] => pet_cls: LoRA
2025-07-07 18:15:23,228 [trainer.py] => pet_length: 10
2025-07-07 18:15:23,229 [trainer.py] => down_sample_dim: 5
2025-07-07 18:15:23,287 [data_manager.py] => [168, 136, 51, 9, 183, 101, 171, 99, 42, 159, 191, 70, 16, 188, 27, 10, 175, 26, 68, 187, 98, 6, 85, 35, 112, 43, 100, 0, 103, 181, 88, 59, 4, 2, 116, 174, 94, 80, 106, 1, 147, 17, 141, 131, 72, 23, 173, 54, 197, 118, 87, 32, 79, 104, 91, 19, 135, 107, 178, 36, 11, 199, 142, 8, 122, 3, 28, 57, 153, 172, 190, 56, 49, 44, 97, 62, 151, 169, 194, 55, 192, 12, 189, 78, 66, 180, 15, 137, 109, 134, 92, 119, 126, 52, 170, 40, 148, 65, 144, 64, 138, 45, 77, 89, 154, 90, 71, 193, 74, 30, 113, 143, 96, 84, 67, 50, 186, 156, 69, 21, 18, 111, 108, 58, 125, 157, 150, 110, 182, 129, 166, 83, 81, 60, 13, 165, 14, 176, 63, 117, 5, 22, 145, 121, 38, 41, 82, 127, 114, 20, 31, 53, 37, 163, 196, 130, 152, 162, 86, 76, 24, 34, 184, 149, 33, 128, 198, 155, 146, 167, 139, 120, 140, 102, 47, 25, 158, 123, 46, 164, 61, 7, 115, 75, 133, 160, 105, 132, 179, 124, 48, 73, 93, 39, 95, 195, 29, 177, 185, 161]
2025-07-07 18:15:25,914 [lae.py] => 85,952,266 model total parameters.
2025-07-07 18:15:25,915 [lae.py] => 0 model training parameters.
2025-07-07 18:15:25,916 [trainer.py] => All params: 86105876
2025-07-07 18:15:25,916 [trainer.py] => Trainable params: 0
2025-07-07 18:15:25,916 [lae.py] => Learning on 0-20

  0%|          | 0/50 [00:00<?, ?it/s]
Task 0, Epoch 1/50 => Loss 3.242, Train_accy 12.26:   0%|          | 0/50 [00:03<?, ?it/s]
Task 0, Epoch 1/50 => Loss 3.242, Train_accy 12.26:   2%|▏         | 1/50 [00:03<02:54,  3.56s/it]
Task 0, Epoch 2/50 => Loss 1.913, Train_accy 46.83:   2%|▏         | 1/50 [00:06<02:54,  3.56s/it]
Task 0, Epoch 2/50 => Loss 1.913, Train_accy 46.83:   4%|▍         | 2/50 [00:06<02:41,  3.36s/it]
Task 0, Epoch 3/50 => Loss 1.143, Train_accy 69.98:   4%|▍         | 2/50 [00:10<02:41,  3.36s/it]
Task 0, Epoch 3/50 => Loss 1.143, Train_accy 69.98:   6%|▌         | 3/50 [00:10<02:38,  3.37s/it]
Task 0, Epoch 4/50 => Loss 0.758, Train_accy 80.34:   6%|▌         | 3/50 [00:13<02:38,  3.37s/it]
Task 0, Epoch 4/50 => Loss 0.758, Train_accy 80.34:   8%|▊         | 4/50 [00:13<02:35,  3.37s/it]
Task 0, Epoch 5/50 => Loss 0.610, Train_accy 82.98, Test_accy 92.71:   8%|▊         | 4/50 [00:19<02:35,  3.37s/it]
Task 0, Epoch 5/50 => Loss 0.610, Train_accy 82.98, Test_accy 92.71:  10%|█         | 5/50 [00:19<03:07,  4.16s/it]
Task 0, Epoch 6/50 => Loss 0.512, Train_accy 86.58:  10%|█         | 5/50 [00:22<03:07,  4.16s/it]                 
Task 0, Epoch 6/50 => Loss 0.512, Train_accy 86.58:  12%|█▏        | 6/50 [00:22<02:47,  3.82s/it]
Task 0, Epoch 7/50 => Loss 0.477, Train_accy 87.32:  12%|█▏        | 6/50 [00:25<02:47,  3.82s/it]
Task 0, Epoch 7/50 => Loss 0.477, Train_accy 87.32:  14%|█▍        | 7/50 [00:25<02:37,  3.65s/it]
Task 0, Epoch 8/50 => Loss 0.375, Train_accy 89.11:  14%|█▍        | 7/50 [00:28<02:37,  3.65s/it]
Task 0, Epoch 8/50 => Loss 0.375, Train_accy 89.11:  16%|█▌        | 8/50 [00:28<02:29,  3.55s/it]
Task 0, Epoch 9/50 => Loss 0.345, Train_accy 91.12:  16%|█▌        | 8/50 [00:32<02:29,  3.55s/it]
Task 0, Epoch 9/50 => Loss 0.345, Train_accy 91.12:  18%|█▊        | 9/50 [00:32<02:24,  3.52s/it]
Task 0, Epoch 10/50 => Loss 0.322, Train_accy 91.23, Test_accy 96.36:  18%|█▊        | 9/50 [00:37<02:24,  3.52s/it]
Task 0, Epoch 10/50 => Loss 0.322, Train_accy 91.23, Test_accy 96.36:  20%|██        | 10/50 [00:37<02:45,  4.14s/it]
Task 0, Epoch 11/50 => Loss 0.310, Train_accy 92.60:  20%|██        | 10/50 [00:41<02:45,  4.14s/it]                 
Task 0, Epoch 11/50 => Loss 0.310, Train_accy 92.60:  22%|██▏       | 11/50 [00:41<02:31,  3.87s/it]
Task 0, Epoch 12/50 => Loss 0.357, Train_accy 90.38:  22%|██▏       | 11/50 [00:44<02:31,  3.87s/it]
Task 0, Epoch 12/50 => Loss 0.357, Train_accy 90.38:  24%|██▍       | 12/50 [00:44<02:20,  3.70s/it]
Task 0, Epoch 13/50 => Loss 0.257, Train_accy 91.65:  24%|██▍       | 12/50 [00:47<02:20,  3.70s/it]
Task 0, Epoch 13/50 => Loss 0.257, Train_accy 91.65:  26%|██▌       | 13/50 [00:47<02:11,  3.54s/it]
Task 0, Epoch 14/50 => Loss 0.272, Train_accy 91.86:  26%|██▌       | 13/50 [00:51<02:11,  3.54s/it]
Task 0, Epoch 14/50 => Loss 0.272, Train_accy 91.86:  28%|██▊       | 14/50 [00:51<02:06,  3.51s/it]
Task 0, Epoch 15/50 => Loss 0.312, Train_accy 91.65, Test_accy 97.57:  28%|██▊       | 14/50 [00:56<02:06,  3.51s/it]
Task 0, Epoch 15/50 => Loss 0.312, Train_accy 91.65, Test_accy 97.57:  30%|███       | 15/50 [00:56<02:25,  4.14s/it]
Task 0, Epoch 16/50 => Loss 0.255, Train_accy 93.13:  30%|███       | 15/50 [00:59<02:25,  4.14s/it]                 
Task 0, Epoch 16/50 => Loss 0.255, Train_accy 93.13:  32%|███▏      | 16/50 [00:59<02:11,  3.88s/it]
Task 0, Epoch 17/50 => Loss 0.255, Train_accy 92.71:  32%|███▏      | 16/50 [01:03<02:11,  3.88s/it]
Task 0, Epoch 17/50 => Loss 0.255, Train_accy 92.71:  34%|███▍      | 17/50 [01:03<02:02,  3.71s/it]
Task 0, Epoch 18/50 => Loss 0.210, Train_accy 94.08:  34%|███▍      | 17/50 [01:06<02:02,  3.71s/it]
Task 0, Epoch 18/50 => Loss 0.210, Train_accy 94.08:  36%|███▌      | 18/50 [01:06<01:53,  3.56s/it]
Task 0, Epoch 19/50 => Loss 0.238, Train_accy 93.66:  36%|███▌      | 18/50 [01:09<01:53,  3.56s/it]
Task 0, Epoch 19/50 => Loss 0.238, Train_accy 93.66:  38%|███▊      | 19/50 [01:09<01:46,  3.43s/it]
Task 0, Epoch 20/50 => Loss 0.239, Train_accy 94.08, Test_accy 97.98:  38%|███▊      | 19/50 [01:14<01:46,  3.43s/it]
Task 0, Epoch 20/50 => Loss 0.239, Train_accy 94.08, Test_accy 97.98:  40%|████      | 20/50 [01:14<02:00,  4.00s/it]
Task 0, Epoch 21/50 => Loss 0.254, Train_accy 93.45:  40%|████      | 20/50 [01:18<02:00,  4.00s/it]                 
Task 0, Epoch 21/50 => Loss 0.254, Train_accy 93.45:  42%|████▏     | 21/50 [01:18<01:48,  3.74s/it]
Task 0, Epoch 22/50 => Loss 0.238, Train_accy 93.34:  42%|████▏     | 21/50 [01:21<01:48,  3.74s/it]
Task 0, Epoch 22/50 => Loss 0.238, Train_accy 93.34:  44%|████▍     | 22/50 [01:21<01:39,  3.57s/it]
Task 0, Epoch 23/50 => Loss 0.235, Train_accy 93.45:  44%|████▍     | 22/50 [01:24<01:39,  3.57s/it]
Task 0, Epoch 23/50 => Loss 0.235, Train_accy 93.45:  46%|████▌     | 23/50 [01:24<01:33,  3.47s/it]
Task 0, Epoch 24/50 => Loss 0.230, Train_accy 93.87:  46%|████▌     | 23/50 [01:27<01:33,  3.47s/it]
Task 0, Epoch 24/50 => Loss 0.230, Train_accy 93.87:  48%|████▊     | 24/50 [01:27<01:28,  3.40s/it]
Task 0, Epoch 25/50 => Loss 0.199, Train_accy 94.40, Test_accy 97.57:  48%|████▊     | 24/50 [01:33<01:28,  3.40s/it]
Task 0, Epoch 25/50 => Loss 0.199, Train_accy 94.40, Test_accy 97.57:  50%|█████     | 25/50 [01:33<01:39,  3.97s/it]
Task 0, Epoch 26/50 => Loss 0.205, Train_accy 94.82:  50%|█████     | 25/50 [01:36<01:39,  3.97s/it]                 
Task 0, Epoch 26/50 => Loss 0.205, Train_accy 94.82:  52%|█████▏    | 26/50 [01:36<01:30,  3.76s/it]
Task 0, Epoch 27/50 => Loss 0.198, Train_accy 94.08:  52%|█████▏    | 26/50 [01:39<01:30,  3.76s/it]
Task 0, Epoch 27/50 => Loss 0.198, Train_accy 94.08:  54%|█████▍    | 27/50 [01:39<01:23,  3.61s/it]
Task 0, Epoch 28/50 => Loss 0.188, Train_accy 94.82:  54%|█████▍    | 27/50 [01:42<01:23,  3.61s/it]
Task 0, Epoch 28/50 => Loss 0.188, Train_accy 94.82:  56%|█████▌    | 28/50 [01:42<01:17,  3.51s/it]
Task 0, Epoch 29/50 => Loss 0.194, Train_accy 95.03:  56%|█████▌    | 28/50 [01:46<01:17,  3.51s/it]
Task 0, Epoch 29/50 => Loss 0.194, Train_accy 95.03:  58%|█████▊    | 29/50 [01:46<01:12,  3.44s/it]
Task 0, Epoch 30/50 => Loss 0.158, Train_accy 95.77, Test_accy 97.57:  58%|█████▊    | 29/50 [01:51<01:12,  3.44s/it]
Task 0, Epoch 30/50 => Loss 0.158, Train_accy 95.77, Test_accy 97.57:  60%|██████    | 30/50 [01:51<01:20,  4.04s/it]
Task 0, Epoch 31/50 => Loss 0.188, Train_accy 93.97:  60%|██████    | 30/50 [01:57<01:20,  4.04s/it]                 
Task 0, Epoch 31/50 => Loss 0.188, Train_accy 93.97:  62%|██████▏   | 31/50 [01:57<01:27,  4.59s/it]
Task 0, Epoch 32/50 => Loss 0.184, Train_accy 95.24:  62%|██████▏   | 31/50 [02:03<01:27,  4.59s/it]
Task 0, Epoch 32/50 => Loss 0.184, Train_accy 95.24:  64%|██████▍   | 32/50 [02:03<01:29,  4.97s/it]
Task 0, Epoch 33/50 => Loss 0.205, Train_accy 93.87:  64%|██████▍   | 32/50 [02:09<01:29,  4.97s/it]
Task 0, Epoch 33/50 => Loss 0.205, Train_accy 93.87:  66%|██████▌   | 33/50 [02:09<01:28,  5.22s/it]
Task 0, Epoch 34/50 => Loss 0.153, Train_accy 95.35:  66%|██████▌   | 33/50 [02:14<01:28,  5.22s/it]
Task 0, Epoch 34/50 => Loss 0.153, Train_accy 95.35:  68%|██████▊   | 34/50 [02:14<01:26,  5.41s/it]
Task 0, Epoch 35/50 => Loss 0.167, Train_accy 95.35, Test_accy 97.17:  68%|██████▊   | 34/50 [02:22<01:26,  5.41s/it]
Task 0, Epoch 35/50 => Loss 0.167, Train_accy 95.35, Test_accy 97.17:  70%|███████   | 35/50 [02:22<01:32,  6.17s/it]
Task 0, Epoch 36/50 => Loss 0.150, Train_accy 94.71:  70%|███████   | 35/50 [02:28<01:32,  6.17s/it]                 
Task 0, Epoch 36/50 => Loss 0.150, Train_accy 94.71:  72%|███████▏  | 36/50 [02:28<01:25,  6.09s/it]
Task 0, Epoch 37/50 => Loss 0.135, Train_accy 95.77:  72%|███████▏  | 36/50 [02:34<01:25,  6.09s/it]
Task 0, Epoch 37/50 => Loss 0.135, Train_accy 95.77:  74%|███████▍  | 37/50 [02:34<01:19,  6.08s/it]
Task 0, Epoch 38/50 => Loss 0.140, Train_accy 95.45:  74%|███████▍  | 37/50 [02:40<01:19,  6.08s/it]
Task 0, Epoch 38/50 => Loss 0.140, Train_accy 95.45:  76%|███████▌  | 38/50 [02:40<01:12,  6.01s/it]
Task 0, Epoch 39/50 => Loss 0.154, Train_accy 95.03:  76%|███████▌  | 38/50 [02:46<01:12,  6.01s/it]
Task 0, Epoch 39/50 => Loss 0.154, Train_accy 95.03:  78%|███████▊  | 39/50 [02:46<01:05,  5.97s/it]
Task 0, Epoch 40/50 => Loss 0.134, Train_accy 95.03, Test_accy 97.17:  78%|███████▊  | 39/50 [02:54<01:05,  5.97s/it]
Task 0, Epoch 40/50 => Loss 0.134, Train_accy 95.03, Test_accy 97.17:  80%|████████  | 40/50 [02:54<01:05,  6.60s/it]
Task 0, Epoch 41/50 => Loss 0.133, Train_accy 95.56:  80%|████████  | 40/50 [03:00<01:05,  6.60s/it]                 
Task 0, Epoch 41/50 => Loss 0.133, Train_accy 95.56:  82%|████████▏ | 41/50 [03:00<00:57,  6.38s/it]
Task 0, Epoch 42/50 => Loss 0.156, Train_accy 94.82:  82%|████████▏ | 41/50 [03:06<00:57,  6.38s/it]
Task 0, Epoch 42/50 => Loss 0.156, Train_accy 94.82:  84%|████████▍ | 42/50 [03:06<00:50,  6.26s/it]
Task 0, Epoch 43/50 => Loss 0.135, Train_accy 96.09:  84%|████████▍ | 42/50 [03:12<00:50,  6.26s/it]
Task 0, Epoch 43/50 => Loss 0.135, Train_accy 96.09:  86%|████████▌ | 43/50 [03:12<00:43,  6.15s/it]
Task 0, Epoch 44/50 => Loss 0.145, Train_accy 95.24:  86%|████████▌ | 43/50 [03:18<00:43,  6.15s/it]
Task 0, Epoch 44/50 => Loss 0.145, Train_accy 95.24:  88%|████████▊ | 44/50 [03:18<00:36,  6.07s/it]
Task 0, Epoch 45/50 => Loss 0.134, Train_accy 95.77, Test_accy 97.57:  88%|████████▊ | 44/50 [03:26<00:36,  6.07s/it]
Task 0, Epoch 45/50 => Loss 0.134, Train_accy 95.77, Test_accy 97.57:  90%|█████████ | 45/50 [03:26<00:33,  6.70s/it]
Task 0, Epoch 46/50 => Loss 0.125, Train_accy 96.09:  90%|█████████ | 45/50 [03:32<00:33,  6.70s/it]                 
Task 0, Epoch 46/50 => Loss 0.125, Train_accy 96.09:  92%|█████████▏| 46/50 [03:32<00:25,  6.43s/it]
Task 0, Epoch 47/50 => Loss 0.150, Train_accy 94.93:  92%|█████████▏| 46/50 [03:38<00:25,  6.43s/it]
Task 0, Epoch 47/50 => Loss 0.150, Train_accy 94.93:  94%|█████████▍| 47/50 [03:38<00:18,  6.27s/it]
Task 0, Epoch 48/50 => Loss 0.121, Train_accy 96.41:  94%|█████████▍| 47/50 [03:44<00:18,  6.27s/it]
Task 0, Epoch 48/50 => Loss 0.121, Train_accy 96.41:  96%|█████████▌| 48/50 [03:44<00:12,  6.16s/it]
Task 0, Epoch 49/50 => Loss 0.142, Train_accy 95.98:  96%|█████████▌| 48/50 [03:49<00:12,  6.16s/it]
Task 0, Epoch 49/50 => Loss 0.142, Train_accy 95.98:  98%|█████████▊| 49/50 [03:49<00:06,  6.09s/it]
Task 0, Epoch 50/50 => Loss 0.139, Train_accy 95.98, Test_accy 97.57:  98%|█████████▊| 49/50 [03:57<00:06,  6.09s/it]
Task 0, Epoch 50/50 => Loss 0.139, Train_accy 95.98, Test_accy 97.57: 100%|██████████| 50/50 [03:57<00:00,  6.66s/it]
Task 0, Epoch 50/50 => Loss 0.139, Train_accy 95.98, Test_accy 97.57: 100%|██████████| 50/50 [03:57<00:00,  4.76s/it]
2025-07-07 18:19:24,327 [lae.py] => Task 0, Epoch 50/50 => Loss 0.139, Train_accy 95.98, Test_accy 97.57
2025-07-07 18:19:26,452 [trainer.py] => No NME accuracy.
2025-07-07 18:19:26,452 [trainer.py] => CNN: {'total': 97.57, '00-19': 97.57, 'old': 0, 'new': 97.57}
2025-07-07 18:19:26,452 [trainer.py] => CNN top1 curve: [97.57]
2025-07-07 18:19:26,452 [trainer.py] => CNN top5 curve: [99.6]

Average Accuracy (CNN): 97.57
2025-07-07 18:19:26,453 [trainer.py] => Average Accuracy (CNN): 97.57 

2025-07-07 18:19:26,454 [trainer.py] => All params: 86121256
2025-07-07 18:19:26,455 [trainer.py] => Trainable params: 168990
2025-07-07 18:19:26,456 [lae.py] => Learning on 20-40

  0%|          | 0/50 [00:00<?, ?it/s]
Task 1, Epoch 1/50 => Loss 3.604, Train_accy 13.02:   0%|          | 0/50 [00:03<?, ?it/s]
Task 1, Epoch 1/50 => Loss 3.604, Train_accy 13.02:   2%|▏         | 1/50 [00:03<02:33,  3.13s/it]
Task 1, Epoch 2/50 => Loss 1.851, Train_accy 43.81:   2%|▏         | 1/50 [00:06<02:33,  3.13s/it]
Task 1, Epoch 2/50 => Loss 1.851, Train_accy 43.81:   4%|▍         | 2/50 [00:06<02:31,  3.16s/it]
Task 1, Epoch 3/50 => Loss 1.009, Train_accy 71.22:   4%|▍         | 2/50 [00:09<02:31,  3.16s/it]
Task 1, Epoch 3/50 => Loss 1.009, Train_accy 71.22:   6%|▌         | 3/50 [00:09<02:29,  3.17s/it]
Task 1, Epoch 4/50 => Loss 0.667, Train_accy 80.32:   6%|▌         | 3/50 [00:12<02:29,  3.17s/it]
Task 1, Epoch 4/50 => Loss 0.667, Train_accy 80.32:   8%|▊         | 4/50 [00:12<02:27,  3.20s/it]
Task 1, Epoch 5/50 => Loss 0.501, Train_accy 86.77, Test_accy 79.30:   8%|▊         | 4/50 [00:19<02:27,  3.20s/it]
Task 1, Epoch 5/50 => Loss 0.501, Train_accy 86.77, Test_accy 79.30:  10%|█         | 5/50 [00:19<03:15,  4.35s/it]
Task 1, Epoch 6/50 => Loss 0.373, Train_accy 89.63:  10%|█         | 5/50 [00:22<03:15,  4.35s/it]                 
Task 1, Epoch 6/50 => Loss 0.373, Train_accy 89.63:  12%|█▏        | 6/50 [00:22<02:54,  3.96s/it]
Task 1, Epoch 7/50 => Loss 0.366, Train_accy 89.63:  12%|█▏        | 6/50 [00:25<02:54,  3.96s/it]
Task 1, Epoch 7/50 => Loss 0.366, Train_accy 89.63:  14%|█▍        | 7/50 [00:25<02:39,  3.71s/it]
Task 1, Epoch 8/50 => Loss 0.315, Train_accy 91.75:  14%|█▍        | 7/50 [00:28<02:39,  3.71s/it]
Task 1, Epoch 8/50 => Loss 0.315, Train_accy 91.75:  16%|█▌        | 8/50 [00:28<02:30,  3.58s/it]
Task 1, Epoch 9/50 => Loss 0.305, Train_accy 91.43:  16%|█▌        | 8/50 [00:32<02:30,  3.58s/it]
Task 1, Epoch 9/50 => Loss 0.305, Train_accy 91.43:  18%|█▊        | 9/50 [00:32<02:25,  3.55s/it]
Task 1, Epoch 10/50 => Loss 0.253, Train_accy 92.59, Test_accy 87.22:  18%|█▊        | 9/50 [00:38<02:25,  3.55s/it]
Task 1, Epoch 10/50 => Loss 0.253, Train_accy 92.59, Test_accy 87.22:  20%|██        | 10/50 [00:38<02:57,  4.45s/it]
Task 1, Epoch 11/50 => Loss 0.274, Train_accy 92.91:  20%|██        | 10/50 [00:42<02:57,  4.45s/it]                 
Task 1, Epoch 11/50 => Loss 0.274, Train_accy 92.91:  22%|██▏       | 11/50 [00:42<02:41,  4.15s/it]
Task 1, Epoch 12/50 => Loss 0.288, Train_accy 92.70:  22%|██▏       | 11/50 [00:45<02:41,  4.15s/it]
Task 1, Epoch 12/50 => Loss 0.288, Train_accy 92.70:  24%|██▍       | 12/50 [00:45<02:26,  3.86s/it]
Task 1, Epoch 13/50 => Loss 0.263, Train_accy 92.91:  24%|██▍       | 12/50 [00:48<02:26,  3.86s/it]
Task 1, Epoch 13/50 => Loss 0.263, Train_accy 92.91:  26%|██▌       | 13/50 [00:48<02:16,  3.70s/it]
Task 1, Epoch 14/50 => Loss 0.226, Train_accy 92.91:  26%|██▌       | 13/50 [00:51<02:16,  3.70s/it]
Task 1, Epoch 14/50 => Loss 0.226, Train_accy 92.91:  28%|██▊       | 14/50 [00:51<02:07,  3.54s/it]
Task 1, Epoch 15/50 => Loss 0.251, Train_accy 93.12, Test_accy 89.43:  28%|██▊       | 14/50 [00:58<02:07,  3.54s/it]
Task 1, Epoch 15/50 => Loss 0.251, Train_accy 93.12, Test_accy 89.43:  30%|███       | 15/50 [00:58<02:33,  4.38s/it]
Task 1, Epoch 16/50 => Loss 0.194, Train_accy 94.39:  30%|███       | 15/50 [01:01<02:33,  4.38s/it]                 
Task 1, Epoch 16/50 => Loss 0.194, Train_accy 94.39:  32%|███▏      | 16/50 [01:01<02:16,  4.02s/it]
Task 1, Epoch 17/50 => Loss 0.197, Train_accy 94.60:  32%|███▏      | 16/50 [01:04<02:16,  4.02s/it]
Task 1, Epoch 17/50 => Loss 0.197, Train_accy 94.60:  34%|███▍      | 17/50 [01:04<02:04,  3.78s/it]
Task 1, Epoch 18/50 => Loss 0.199, Train_accy 94.60:  34%|███▍      | 17/50 [01:07<02:04,  3.78s/it]
Task 1, Epoch 18/50 => Loss 0.199, Train_accy 94.60:  36%|███▌      | 18/50 [01:07<01:55,  3.59s/it]
Task 1, Epoch 19/50 => Loss 0.176, Train_accy 95.34:  36%|███▌      | 18/50 [01:11<01:55,  3.59s/it]
Task 1, Epoch 19/50 => Loss 0.176, Train_accy 95.34:  38%|███▊      | 19/50 [01:11<01:48,  3.48s/it]
Task 1, Epoch 20/50 => Loss 0.209, Train_accy 93.54, Test_accy 90.97:  38%|███▊      | 19/50 [01:17<01:48,  3.48s/it]
Task 1, Epoch 20/50 => Loss 0.209, Train_accy 93.54, Test_accy 90.97:  40%|████      | 20/50 [01:17<02:11,  4.39s/it]
Task 1, Epoch 21/50 => Loss 0.159, Train_accy 95.77:  40%|████      | 20/50 [01:20<02:11,  4.39s/it]                 
Task 1, Epoch 21/50 => Loss 0.159, Train_accy 95.77:  42%|████▏     | 21/50 [01:20<01:56,  4.03s/it]
Task 1, Epoch 22/50 => Loss 0.188, Train_accy 95.03:  42%|████▏     | 21/50 [01:23<01:56,  4.03s/it]
Task 1, Epoch 22/50 => Loss 0.188, Train_accy 95.03:  44%|████▍     | 22/50 [01:23<01:46,  3.79s/it]
Task 1, Epoch 23/50 => Loss 0.152, Train_accy 95.66:  44%|████▍     | 22/50 [01:27<01:46,  3.79s/it]
Task 1, Epoch 23/50 => Loss 0.152, Train_accy 95.66:  46%|████▌     | 23/50 [01:27<01:38,  3.65s/it]
Task 1, Epoch 24/50 => Loss 0.147, Train_accy 96.51:  46%|████▌     | 23/50 [01:30<01:38,  3.65s/it]
Task 1, Epoch 24/50 => Loss 0.147, Train_accy 96.51:  48%|████▊     | 24/50 [01:30<01:32,  3.54s/it]
Task 1, Epoch 25/50 => Loss 0.153, Train_accy 95.77, Test_accy 91.41:  48%|████▊     | 24/50 [01:37<01:32,  3.54s/it]
Task 1, Epoch 25/50 => Loss 0.153, Train_accy 95.77, Test_accy 91.41:  50%|█████     | 25/50 [01:37<01:51,  4.45s/it]
Task 1, Epoch 26/50 => Loss 0.156, Train_accy 94.92:  50%|█████     | 25/50 [01:40<01:51,  4.45s/it]                 
Task 1, Epoch 26/50 => Loss 0.156, Train_accy 94.92:  52%|█████▏    | 26/50 [01:40<01:37,  4.07s/it]
Task 1, Epoch 27/50 => Loss 0.167, Train_accy 94.50:  52%|█████▏    | 26/50 [01:43<01:37,  4.07s/it]
Task 1, Epoch 27/50 => Loss 0.167, Train_accy 94.50:  54%|█████▍    | 27/50 [01:43<01:27,  3.81s/it]
Task 1, Epoch 28/50 => Loss 0.159, Train_accy 94.81:  54%|█████▍    | 27/50 [01:46<01:27,  3.81s/it]
Task 1, Epoch 28/50 => Loss 0.159, Train_accy 94.81:  56%|█████▌    | 28/50 [01:46<01:19,  3.63s/it]
Task 1, Epoch 29/50 => Loss 0.139, Train_accy 95.66:  56%|█████▌    | 28/50 [01:49<01:19,  3.63s/it]
Task 1, Epoch 29/50 => Loss 0.139, Train_accy 95.66:  58%|█████▊    | 29/50 [01:49<01:13,  3.48s/it]
Task 1, Epoch 30/50 => Loss 0.139, Train_accy 95.45, Test_accy 91.63:  58%|█████▊    | 29/50 [01:56<01:13,  3.48s/it]
Task 1, Epoch 30/50 => Loss 0.139, Train_accy 95.45, Test_accy 91.63:  60%|██████    | 30/50 [01:56<01:27,  4.35s/it]
Task 1, Epoch 31/50 => Loss 0.122, Train_accy 96.08:  60%|██████    | 30/50 [02:02<01:27,  4.35s/it]                 
Task 1, Epoch 31/50 => Loss 0.122, Train_accy 96.08:  62%|██████▏   | 31/50 [02:02<01:30,  4.79s/it]
Task 1, Epoch 32/50 => Loss 0.147, Train_accy 94.81:  62%|██████▏   | 31/50 [02:07<01:30,  4.79s/it]
Task 1, Epoch 32/50 => Loss 0.147, Train_accy 94.81:  64%|██████▍   | 32/50 [02:07<01:32,  5.12s/it]
Task 1, Epoch 33/50 => Loss 0.126, Train_accy 95.98:  64%|██████▍   | 32/50 [02:13<01:32,  5.12s/it]
Task 1, Epoch 33/50 => Loss 0.126, Train_accy 95.98:  66%|██████▌   | 33/50 [02:13<01:30,  5.33s/it]
Task 1, Epoch 34/50 => Loss 0.114, Train_accy 96.08:  66%|██████▌   | 33/50 [02:19<01:30,  5.33s/it]
Task 1, Epoch 34/50 => Loss 0.114, Train_accy 96.08:  68%|██████▊   | 34/50 [02:19<01:28,  5.51s/it]
Task 1, Epoch 35/50 => Loss 0.100, Train_accy 97.04, Test_accy 92.07:  68%|██████▊   | 34/50 [02:28<01:28,  5.51s/it]
Task 1, Epoch 35/50 => Loss 0.100, Train_accy 97.04, Test_accy 92.07:  70%|███████   | 35/50 [02:28<01:38,  6.57s/it]
Task 1, Epoch 36/50 => Loss 0.124, Train_accy 96.19:  70%|███████   | 35/50 [02:34<01:38,  6.57s/it]                 
Task 1, Epoch 36/50 => Loss 0.124, Train_accy 96.19:  72%|███████▏  | 36/50 [02:34<01:29,  6.37s/it]
Task 1, Epoch 37/50 => Loss 0.141, Train_accy 96.08:  72%|███████▏  | 36/50 [02:40<01:29,  6.37s/it]
Task 1, Epoch 37/50 => Loss 0.141, Train_accy 96.08:  74%|███████▍  | 37/50 [02:40<01:21,  6.26s/it]
Task 1, Epoch 38/50 => Loss 0.129, Train_accy 95.87:  74%|███████▍  | 37/50 [02:46<01:21,  6.26s/it]
Task 1, Epoch 38/50 => Loss 0.129, Train_accy 95.87:  76%|███████▌  | 38/50 [02:46<01:14,  6.19s/it]
Task 1, Epoch 39/50 => Loss 0.136, Train_accy 96.40:  76%|███████▌  | 38/50 [02:52<01:14,  6.19s/it]
Task 1, Epoch 39/50 => Loss 0.136, Train_accy 96.40:  78%|███████▊  | 39/50 [02:52<01:07,  6.09s/it]
Task 1, Epoch 40/50 => Loss 0.142, Train_accy 95.24, Test_accy 92.51:  78%|███████▊  | 39/50 [03:01<01:07,  6.09s/it]
Task 1, Epoch 40/50 => Loss 0.142, Train_accy 95.24, Test_accy 92.51:  80%|████████  | 40/50 [03:01<01:10,  7.02s/it]
Task 1, Epoch 41/50 => Loss 0.114, Train_accy 96.40:  80%|████████  | 40/50 [03:07<01:10,  7.02s/it]                 
Task 1, Epoch 41/50 => Loss 0.114, Train_accy 96.40:  82%|████████▏ | 41/50 [03:07<00:59,  6.66s/it]
Task 1, Epoch 42/50 => Loss 0.108, Train_accy 96.83:  82%|████████▏ | 41/50 [03:13<00:59,  6.66s/it]
Task 1, Epoch 42/50 => Loss 0.108, Train_accy 96.83:  84%|████████▍ | 42/50 [03:13<00:51,  6.39s/it]
Task 1, Epoch 43/50 => Loss 0.096, Train_accy 97.25:  84%|████████▍ | 42/50 [03:19<00:51,  6.39s/it]
Task 1, Epoch 43/50 => Loss 0.096, Train_accy 97.25:  86%|████████▌ | 43/50 [03:19<00:43,  6.25s/it]
Task 1, Epoch 44/50 => Loss 0.104, Train_accy 96.93:  86%|████████▌ | 43/50 [03:25<00:43,  6.25s/it]
Task 1, Epoch 44/50 => Loss 0.104, Train_accy 96.93:  88%|████████▊ | 44/50 [03:25<00:36,  6.12s/it]
Task 1, Epoch 45/50 => Loss 0.085, Train_accy 97.57, Test_accy 92.95:  88%|████████▊ | 44/50 [03:34<00:36,  6.12s/it]
Task 1, Epoch 45/50 => Loss 0.085, Train_accy 97.57, Test_accy 92.95:  90%|█████████ | 45/50 [03:34<00:35,  7.05s/it]
Task 1, Epoch 46/50 => Loss 0.111, Train_accy 97.14:  90%|█████████ | 45/50 [03:40<00:35,  7.05s/it]                 
Task 1, Epoch 46/50 => Loss 0.111, Train_accy 97.14:  92%|█████████▏| 46/50 [03:40<00:26,  6.72s/it]
Task 1, Epoch 47/50 => Loss 0.113, Train_accy 96.30:  92%|█████████▏| 46/50 [03:46<00:26,  6.72s/it]
Task 1, Epoch 47/50 => Loss 0.113, Train_accy 96.30:  94%|█████████▍| 47/50 [03:46<00:19,  6.45s/it]
Task 1, Epoch 48/50 => Loss 0.100, Train_accy 97.25:  94%|█████████▍| 47/50 [03:51<00:19,  6.45s/it]
Task 1, Epoch 48/50 => Loss 0.100, Train_accy 97.25:  96%|█████████▌| 48/50 [03:51<00:12,  6.25s/it]
Task 1, Epoch 49/50 => Loss 0.108, Train_accy 96.72:  96%|█████████▌| 48/50 [03:57<00:12,  6.25s/it]
Task 1, Epoch 49/50 => Loss 0.108, Train_accy 96.72:  98%|█████████▊| 49/50 [03:57<00:06,  6.14s/it]
Task 1, Epoch 50/50 => Loss 0.110, Train_accy 96.51, Test_accy 92.73:  98%|█████████▊| 49/50 [04:06<00:06,  6.14s/it]
Task 1, Epoch 50/50 => Loss 0.110, Train_accy 96.51, Test_accy 92.73: 100%|██████████| 50/50 [04:06<00:00,  7.03s/it]
Task 1, Epoch 50/50 => Loss 0.110, Train_accy 96.51, Test_accy 92.73: 100%|██████████| 50/50 [04:06<00:00,  4.94s/it]
2025-07-07 18:23:33,291 [lae.py] => Task 1, Epoch 50/50 => Loss 0.110, Train_accy 96.51, Test_accy 92.73
2025-07-07 18:23:36,592 [trainer.py] => No NME accuracy.
2025-07-07 18:23:36,593 [trainer.py] => CNN: {'total': 92.73, '00-19': 96.76, '20-39': 87.92, 'old': 96.76, 'new': 87.92}
2025-07-07 18:23:36,593 [trainer.py] => CNN top1 curve: [97.57, 92.73]
2025-07-07 18:23:36,593 [trainer.py] => CNN top5 curve: [99.6, 99.34]

Average Accuracy (CNN): 95.15
2025-07-07 18:23:36,593 [trainer.py] => Average Accuracy (CNN): 95.15 

2025-07-07 18:23:36,595 [trainer.py] => All params: 86136636
2025-07-07 18:23:36,595 [trainer.py] => Trainable params: 184370
2025-07-07 18:23:36,597 [lae.py] => Learning on 40-60

  0%|          | 0/50 [00:00<?, ?it/s]
Task 2, Epoch 1/50 => Loss 4.730, Train_accy 6.89:   0%|          | 0/50 [00:03<?, ?it/s]
Task 2, Epoch 1/50 => Loss 4.730, Train_accy 6.89:   2%|▏         | 1/50 [00:03<02:35,  3.17s/it]
Task 2, Epoch 2/50 => Loss 2.466, Train_accy 36.27:   2%|▏         | 1/50 [00:06<02:35,  3.17s/it]
Task 2, Epoch 2/50 => Loss 2.466, Train_accy 36.27:   4%|▍         | 2/50 [00:06<02:32,  3.18s/it]
Task 2, Epoch 3/50 => Loss 1.362, Train_accy 62.78:   4%|▍         | 2/50 [00:09<02:32,  3.18s/it]
Task 2, Epoch 3/50 => Loss 1.362, Train_accy 62.78:   6%|▌         | 3/50 [00:09<02:29,  3.18s/it]
Task 2, Epoch 4/50 => Loss 0.744, Train_accy 77.73:   6%|▌         | 3/50 [00:12<02:29,  3.18s/it]
Task 2, Epoch 4/50 => Loss 0.744, Train_accy 77.73:   8%|▊         | 4/50 [00:12<02:27,  3.20s/it]
Task 2, Epoch 5/50 => Loss 0.615, Train_accy 82.50, Test_accy 79.76:   8%|▊         | 4/50 [00:20<02:27,  3.20s/it]
Task 2, Epoch 5/50 => Loss 0.615, Train_accy 82.50, Test_accy 79.76:  10%|█         | 5/50 [00:20<03:37,  4.83s/it]
Task 2, Epoch 6/50 => Loss 0.490, Train_accy 85.58:  10%|█         | 5/50 [00:23<03:37,  4.83s/it]                 
Task 2, Epoch 6/50 => Loss 0.490, Train_accy 85.58:  12%|█▏        | 6/50 [00:23<03:08,  4.28s/it]
Task 2, Epoch 7/50 => Loss 0.418, Train_accy 87.70:  12%|█▏        | 6/50 [00:26<03:08,  4.28s/it]
Task 2, Epoch 7/50 => Loss 0.418, Train_accy 87.70:  14%|█▍        | 7/50 [00:26<02:49,  3.94s/it]
Task 2, Epoch 8/50 => Loss 0.353, Train_accy 89.93:  14%|█▍        | 7/50 [00:30<02:49,  3.94s/it]
Task 2, Epoch 8/50 => Loss 0.353, Train_accy 89.93:  16%|█▌        | 8/50 [00:30<02:34,  3.69s/it]
Task 2, Epoch 9/50 => Loss 0.390, Train_accy 87.59:  16%|█▌        | 8/50 [00:33<02:34,  3.69s/it]
Task 2, Epoch 9/50 => Loss 0.390, Train_accy 87.59:  18%|█▊        | 9/50 [00:33<02:25,  3.54s/it]
Task 2, Epoch 10/50 => Loss 0.369, Train_accy 89.82, Test_accy 85.12:  18%|█▊        | 9/50 [00:40<02:25,  3.54s/it]
Task 2, Epoch 10/50 => Loss 0.369, Train_accy 89.82, Test_accy 85.12:  20%|██        | 10/50 [00:40<03:12,  4.82s/it]
Task 2, Epoch 11/50 => Loss 0.327, Train_accy 90.24:  20%|██        | 10/50 [00:44<03:12,  4.82s/it]                 
Task 2, Epoch 11/50 => Loss 0.327, Train_accy 90.24:  22%|██▏       | 11/50 [00:44<02:48,  4.32s/it]
Task 2, Epoch 12/50 => Loss 0.322, Train_accy 89.71:  22%|██▏       | 11/50 [00:47<02:48,  4.32s/it]
Task 2, Epoch 12/50 => Loss 0.322, Train_accy 89.71:  24%|██▍       | 12/50 [00:47<02:32,  4.01s/it]
Task 2, Epoch 13/50 => Loss 0.279, Train_accy 91.41:  24%|██▍       | 12/50 [00:50<02:32,  4.01s/it]
Task 2, Epoch 13/50 => Loss 0.279, Train_accy 91.41:  26%|██▌       | 13/50 [00:50<02:18,  3.76s/it]
Task 2, Epoch 14/50 => Loss 0.280, Train_accy 92.36:  26%|██▌       | 13/50 [00:53<02:18,  3.76s/it]
Task 2, Epoch 14/50 => Loss 0.280, Train_accy 92.36:  28%|██▊       | 14/50 [00:53<02:08,  3.58s/it]
Task 2, Epoch 15/50 => Loss 0.265, Train_accy 93.21, Test_accy 86.31:  28%|██▊       | 14/50 [01:01<02:08,  3.58s/it]
Task 2, Epoch 15/50 => Loss 0.265, Train_accy 93.21, Test_accy 86.31:  30%|███       | 15/50 [01:01<02:48,  4.80s/it]
Task 2, Epoch 16/50 => Loss 0.275, Train_accy 91.62:  30%|███       | 15/50 [01:04<02:48,  4.80s/it]                 
Task 2, Epoch 16/50 => Loss 0.275, Train_accy 91.62:  32%|███▏      | 16/50 [01:04<02:26,  4.31s/it]
Task 2, Epoch 17/50 => Loss 0.268, Train_accy 92.05:  32%|███▏      | 16/50 [01:07<02:26,  4.31s/it]
Task 2, Epoch 17/50 => Loss 0.268, Train_accy 92.05:  34%|███▍      | 17/50 [01:07<02:11,  3.99s/it]
Task 2, Epoch 18/50 => Loss 0.231, Train_accy 92.58:  34%|███▍      | 17/50 [01:11<02:11,  3.99s/it]
Task 2, Epoch 18/50 => Loss 0.231, Train_accy 92.58:  36%|███▌      | 18/50 [01:11<01:59,  3.74s/it]
Task 2, Epoch 19/50 => Loss 0.240, Train_accy 92.90:  36%|███▌      | 18/50 [01:14<01:59,  3.74s/it]
Task 2, Epoch 19/50 => Loss 0.240, Train_accy 92.90:  38%|███▊      | 19/50 [01:14<01:50,  3.56s/it]
Task 2, Epoch 20/50 => Loss 0.229, Train_accy 93.85, Test_accy 87.05:  38%|███▊      | 19/50 [01:21<01:50,  3.56s/it]
Task 2, Epoch 20/50 => Loss 0.229, Train_accy 93.85, Test_accy 87.05:  40%|████      | 20/50 [01:21<02:25,  4.84s/it]
Task 2, Epoch 21/50 => Loss 0.215, Train_accy 93.53:  40%|████      | 20/50 [01:25<02:25,  4.84s/it]                 
Task 2, Epoch 21/50 => Loss 0.215, Train_accy 93.53:  42%|████▏     | 21/50 [01:25<02:05,  4.33s/it]
Task 2, Epoch 22/50 => Loss 0.256, Train_accy 91.94:  42%|████▏     | 21/50 [01:28<02:05,  4.33s/it]
Task 2, Epoch 22/50 => Loss 0.256, Train_accy 91.94:  44%|████▍     | 22/50 [01:28<01:51,  3.99s/it]
Task 2, Epoch 23/50 => Loss 0.197, Train_accy 93.96:  44%|████▍     | 22/50 [01:31<01:51,  3.99s/it]
Task 2, Epoch 23/50 => Loss 0.197, Train_accy 93.96:  46%|████▌     | 23/50 [01:31<01:41,  3.75s/it]
Task 2, Epoch 24/50 => Loss 0.202, Train_accy 93.85:  46%|████▌     | 23/50 [01:34<01:41,  3.75s/it]
Task 2, Epoch 24/50 => Loss 0.202, Train_accy 93.85:  48%|████▊     | 24/50 [01:34<01:33,  3.59s/it]
Task 2, Epoch 25/50 => Loss 0.213, Train_accy 95.23, Test_accy 87.65:  48%|████▊     | 24/50 [01:42<01:33,  3.59s/it]
Task 2, Epoch 25/50 => Loss 0.213, Train_accy 95.23, Test_accy 87.65:  50%|█████     | 25/50 [01:42<01:59,  4.78s/it]
Task 2, Epoch 26/50 => Loss 0.219, Train_accy 93.96:  50%|█████     | 25/50 [01:45<01:59,  4.78s/it]                 
Task 2, Epoch 26/50 => Loss 0.219, Train_accy 93.96:  52%|█████▏    | 26/50 [01:45<01:43,  4.33s/it]
Task 2, Epoch 27/50 => Loss 0.180, Train_accy 94.80:  52%|█████▏    | 26/50 [01:48<01:43,  4.33s/it]
Task 2, Epoch 27/50 => Loss 0.180, Train_accy 94.80:  54%|█████▍    | 27/50 [01:48<01:31,  3.99s/it]
Task 2, Epoch 28/50 => Loss 0.238, Train_accy 93.64:  54%|█████▍    | 27/50 [01:51<01:31,  3.99s/it]
Task 2, Epoch 28/50 => Loss 0.238, Train_accy 93.64:  56%|█████▌    | 28/50 [01:51<01:22,  3.75s/it]
Task 2, Epoch 29/50 => Loss 0.185, Train_accy 94.27:  56%|█████▌    | 28/50 [01:55<01:22,  3.75s/it]
Task 2, Epoch 29/50 => Loss 0.185, Train_accy 94.27:  58%|█████▊    | 29/50 [01:55<01:17,  3.71s/it]
Task 2, Epoch 30/50 => Loss 0.199, Train_accy 94.17, Test_accy 88.24:  58%|█████▊    | 29/50 [02:03<01:17,  3.71s/it]
Task 2, Epoch 30/50 => Loss 0.199, Train_accy 94.17, Test_accy 88.24:  60%|██████    | 30/50 [02:03<01:36,  4.84s/it]
Task 2, Epoch 31/50 => Loss 0.185, Train_accy 94.49:  60%|██████    | 30/50 [02:08<01:36,  4.84s/it]                 
Task 2, Epoch 31/50 => Loss 0.185, Train_accy 94.49:  62%|██████▏   | 31/50 [02:08<01:37,  5.15s/it]
Task 2, Epoch 32/50 => Loss 0.170, Train_accy 94.91:  62%|██████▏   | 31/50 [02:14<01:37,  5.15s/it]
Task 2, Epoch 32/50 => Loss 0.170, Train_accy 94.91:  64%|██████▍   | 32/50 [02:14<01:36,  5.35s/it]
Task 2, Epoch 33/50 => Loss 0.221, Train_accy 93.32:  64%|██████▍   | 32/50 [02:20<01:36,  5.35s/it]
Task 2, Epoch 33/50 => Loss 0.221, Train_accy 93.32:  66%|██████▌   | 33/50 [02:20<01:34,  5.54s/it]
Task 2, Epoch 34/50 => Loss 0.195, Train_accy 94.06:  66%|██████▌   | 33/50 [02:26<01:34,  5.54s/it]
Task 2, Epoch 34/50 => Loss 0.195, Train_accy 94.06:  68%|██████▊   | 34/50 [02:26<01:30,  5.64s/it]
Task 2, Epoch 35/50 => Loss 0.187, Train_accy 95.12, Test_accy 88.84:  68%|██████▊   | 34/50 [02:36<01:30,  5.64s/it]
Task 2, Epoch 35/50 => Loss 0.187, Train_accy 95.12, Test_accy 88.84:  70%|███████   | 35/50 [02:36<01:45,  7.02s/it]
Task 2, Epoch 36/50 => Loss 0.204, Train_accy 93.74:  70%|███████   | 35/50 [02:43<01:45,  7.02s/it]                 
Task 2, Epoch 36/50 => Loss 0.204, Train_accy 93.74:  72%|███████▏  | 36/50 [02:43<01:35,  6.79s/it]
Task 2, Epoch 37/50 => Loss 0.163, Train_accy 95.12:  72%|███████▏  | 36/50 [02:48<01:35,  6.79s/it]
Task 2, Epoch 37/50 => Loss 0.163, Train_accy 95.12:  74%|███████▍  | 37/50 [02:48<01:24,  6.50s/it]
Task 2, Epoch 38/50 => Loss 0.154, Train_accy 95.12:  74%|███████▍  | 37/50 [02:54<01:24,  6.50s/it]
Task 2, Epoch 38/50 => Loss 0.154, Train_accy 95.12:  76%|███████▌  | 38/50 [02:54<01:15,  6.31s/it]
Task 2, Epoch 39/50 => Loss 0.140, Train_accy 95.97:  76%|███████▌  | 38/50 [03:00<01:15,  6.31s/it]
Task 2, Epoch 39/50 => Loss 0.140, Train_accy 95.97:  78%|███████▊  | 39/50 [03:00<01:07,  6.17s/it]
Task 2, Epoch 40/50 => Loss 0.150, Train_accy 95.97, Test_accy 89.14:  78%|███████▊  | 39/50 [03:11<01:07,  6.17s/it]
Task 2, Epoch 40/50 => Loss 0.150, Train_accy 95.97, Test_accy 89.14:  80%|████████  | 40/50 [03:11<01:15,  7.54s/it]
Task 2, Epoch 41/50 => Loss 0.152, Train_accy 95.44:  80%|████████  | 40/50 [03:17<01:15,  7.54s/it]                 
Task 2, Epoch 41/50 => Loss 0.152, Train_accy 95.44:  82%|████████▏ | 41/50 [03:17<01:03,  7.05s/it]
Task 2, Epoch 42/50 => Loss 0.210, Train_accy 93.53:  82%|████████▏ | 41/50 [03:23<01:03,  7.05s/it]
Task 2, Epoch 42/50 => Loss 0.210, Train_accy 93.53:  84%|████████▍ | 42/50 [03:23<00:53,  6.69s/it]
Task 2, Epoch 43/50 => Loss 0.155, Train_accy 96.08:  84%|████████▍ | 42/50 [03:29<00:53,  6.69s/it]
Task 2, Epoch 43/50 => Loss 0.155, Train_accy 96.08:  86%|████████▌ | 43/50 [03:29<00:45,  6.47s/it]
Task 2, Epoch 44/50 => Loss 0.112, Train_accy 96.18:  86%|████████▌ | 43/50 [03:34<00:45,  6.47s/it]
Task 2, Epoch 44/50 => Loss 0.112, Train_accy 96.18:  88%|████████▊ | 44/50 [03:34<00:37,  6.28s/it]
Task 2, Epoch 45/50 => Loss 0.154, Train_accy 94.80, Test_accy 88.69:  88%|████████▊ | 44/50 [03:45<00:37,  6.28s/it]
Task 2, Epoch 45/50 => Loss 0.154, Train_accy 94.80, Test_accy 88.69:  90%|█████████ | 45/50 [03:45<00:38,  7.67s/it]
Task 2, Epoch 46/50 => Loss 0.124, Train_accy 95.97:  90%|█████████ | 45/50 [03:51<00:38,  7.67s/it]                 
Task 2, Epoch 46/50 => Loss 0.124, Train_accy 95.97:  92%|█████████▏| 46/50 [03:51<00:28,  7.12s/it]
Task 2, Epoch 47/50 => Loss 0.127, Train_accy 95.76:  92%|█████████▏| 46/50 [03:57<00:28,  7.12s/it]
Task 2, Epoch 47/50 => Loss 0.127, Train_accy 95.76:  94%|█████████▍| 47/50 [03:57<00:20,  6.75s/it]
Task 2, Epoch 48/50 => Loss 0.151, Train_accy 95.55:  94%|█████████▍| 47/50 [04:03<00:20,  6.75s/it]
Task 2, Epoch 48/50 => Loss 0.151, Train_accy 95.55:  96%|█████████▌| 48/50 [04:03<00:12,  6.50s/it]
Task 2, Epoch 49/50 => Loss 0.152, Train_accy 95.02:  96%|█████████▌| 48/50 [04:09<00:12,  6.50s/it]
Task 2, Epoch 49/50 => Loss 0.152, Train_accy 95.02:  98%|█████████▊| 49/50 [04:09<00:06,  6.34s/it]
Task 2, Epoch 50/50 => Loss 0.131, Train_accy 95.65, Test_accy 89.14:  98%|█████████▊| 49/50 [04:19<00:06,  6.34s/it]
Task 2, Epoch 50/50 => Loss 0.131, Train_accy 95.65, Test_accy 89.14: 100%|██████████| 50/50 [04:19<00:00,  7.53s/it]
Task 2, Epoch 50/50 => Loss 0.131, Train_accy 95.65, Test_accy 89.14: 100%|██████████| 50/50 [04:19<00:00,  5.19s/it]
2025-07-07 18:27:56,318 [lae.py] => Task 2, Epoch 50/50 => Loss 0.131, Train_accy 95.65, Test_accy 89.14
2025-07-07 18:28:00,746 [trainer.py] => No NME accuracy.
2025-07-07 18:28:00,747 [trainer.py] => CNN: {'total': 89.14, '00-19': 94.74, '20-39': 85.02, '40-59': 86.7, 'old': 90.31, 'new': 86.7}
2025-07-07 18:28:00,747 [trainer.py] => CNN top1 curve: [97.57, 92.73, 89.14]
2025-07-07 18:28:00,747 [trainer.py] => CNN top5 curve: [99.6, 99.34, 98.51]

Average Accuracy (CNN): 93.15
2025-07-07 18:28:00,747 [trainer.py] => Average Accuracy (CNN): 93.15 

2025-07-07 18:28:00,749 [trainer.py] => All params: 86152016
2025-07-07 18:28:00,751 [trainer.py] => Trainable params: 199750
2025-07-07 18:28:00,754 [lae.py] => Learning on 60-80

  0%|          | 0/50 [00:00<?, ?it/s]
Task 3, Epoch 1/50 => Loss 4.716, Train_accy 7.19:   0%|          | 0/50 [00:03<?, ?it/s]
Task 3, Epoch 1/50 => Loss 4.716, Train_accy 7.19:   2%|▏         | 1/50 [00:03<02:41,  3.29s/it]
Task 3, Epoch 2/50 => Loss 2.252, Train_accy 38.37:   2%|▏         | 1/50 [00:06<02:41,  3.29s/it]
Task 3, Epoch 2/50 => Loss 2.252, Train_accy 38.37:   4%|▍         | 2/50 [00:06<02:37,  3.27s/it]
Task 3, Epoch 3/50 => Loss 1.173, Train_accy 68.18:   4%|▍         | 2/50 [00:09<02:37,  3.27s/it]
Task 3, Epoch 3/50 => Loss 1.173, Train_accy 68.18:   6%|▌         | 3/50 [00:09<02:34,  3.28s/it]
Task 3, Epoch 4/50 => Loss 0.661, Train_accy 81.50:   6%|▌         | 3/50 [00:13<02:34,  3.28s/it]
Task 3, Epoch 4/50 => Loss 0.661, Train_accy 81.50:   8%|▊         | 4/50 [00:13<02:29,  3.25s/it]
Task 3, Epoch 5/50 => Loss 0.487, Train_accy 85.73, Test_accy 74.54:   8%|▊         | 4/50 [00:22<02:29,  3.25s/it]
Task 3, Epoch 5/50 => Loss 0.487, Train_accy 85.73, Test_accy 74.54:  10%|█         | 5/50 [00:22<04:01,  5.38s/it]
Task 3, Epoch 6/50 => Loss 0.358, Train_accy 89.53:  10%|█         | 5/50 [00:25<04:01,  5.38s/it]                 
Task 3, Epoch 6/50 => Loss 0.358, Train_accy 89.53:  12%|█▏        | 6/50 [00:25<03:24,  4.64s/it]
Task 3, Epoch 7/50 => Loss 0.338, Train_accy 90.91:  12%|█▏        | 6/50 [00:28<03:24,  4.64s/it]
Task 3, Epoch 7/50 => Loss 0.338, Train_accy 90.91:  14%|█▍        | 7/50 [00:28<02:59,  4.18s/it]
Task 3, Epoch 8/50 => Loss 0.325, Train_accy 90.38:  14%|█▍        | 7/50 [00:31<02:59,  4.18s/it]
Task 3, Epoch 8/50 => Loss 0.325, Train_accy 90.38:  16%|█▌        | 8/50 [00:31<02:42,  3.86s/it]
Task 3, Epoch 9/50 => Loss 0.304, Train_accy 91.44:  16%|█▌        | 8/50 [00:35<02:42,  3.86s/it]
Task 3, Epoch 9/50 => Loss 0.304, Train_accy 91.44:  18%|█▊        | 9/50 [00:35<02:30,  3.66s/it]
Task 3, Epoch 10/50 => Loss 0.273, Train_accy 92.07, Test_accy 78.24:  18%|█▊        | 9/50 [00:44<02:30,  3.66s/it]
Task 3, Epoch 10/50 => Loss 0.273, Train_accy 92.07, Test_accy 78.24:  20%|██        | 10/50 [00:44<03:32,  5.31s/it]
Task 3, Epoch 11/50 => Loss 0.253, Train_accy 93.13:  20%|██        | 10/50 [00:47<03:32,  5.31s/it]                 
Task 3, Epoch 11/50 => Loss 0.253, Train_accy 93.13:  22%|██▏       | 11/50 [00:47<03:03,  4.71s/it]
Task 3, Epoch 12/50 => Loss 0.276, Train_accy 91.97:  22%|██▏       | 11/50 [00:50<03:03,  4.71s/it]
Task 3, Epoch 12/50 => Loss 0.276, Train_accy 91.97:  24%|██▍       | 12/50 [00:50<02:42,  4.27s/it]
Task 3, Epoch 13/50 => Loss 0.228, Train_accy 92.18:  24%|██▍       | 12/50 [00:53<02:42,  4.27s/it]
Task 3, Epoch 13/50 => Loss 0.228, Train_accy 92.18:  26%|██▌       | 13/50 [00:53<02:25,  3.95s/it]
Task 3, Epoch 14/50 => Loss 0.224, Train_accy 93.23:  26%|██▌       | 13/50 [00:57<02:25,  3.95s/it]
Task 3, Epoch 14/50 => Loss 0.224, Train_accy 93.23:  28%|██▊       | 14/50 [00:57<02:14,  3.72s/it]
Task 3, Epoch 15/50 => Loss 0.223, Train_accy 92.92, Test_accy 80.09:  28%|██▊       | 14/50 [01:05<02:14,  3.72s/it]
Task 3, Epoch 15/50 => Loss 0.223, Train_accy 92.92, Test_accy 80.09:  30%|███       | 15/50 [01:05<03:04,  5.27s/it]
Task 3, Epoch 16/50 => Loss 0.232, Train_accy 92.28:  30%|███       | 15/50 [01:09<03:04,  5.27s/it]                 
Task 3, Epoch 16/50 => Loss 0.232, Train_accy 92.28:  32%|███▏      | 16/50 [01:09<02:38,  4.66s/it]
Task 3, Epoch 17/50 => Loss 0.194, Train_accy 94.29:  32%|███▏      | 16/50 [01:12<02:38,  4.66s/it]
Task 3, Epoch 17/50 => Loss 0.194, Train_accy 94.29:  34%|███▍      | 17/50 [01:12<02:19,  4.23s/it]
Task 3, Epoch 18/50 => Loss 0.203, Train_accy 93.66:  34%|███▍      | 17/50 [01:15<02:19,  4.23s/it]
Task 3, Epoch 18/50 => Loss 0.203, Train_accy 93.66:  36%|███▌      | 18/50 [01:15<02:05,  3.92s/it]
Task 3, Epoch 19/50 => Loss 0.203, Train_accy 93.76:  36%|███▌      | 18/50 [01:18<02:05,  3.92s/it]
Task 3, Epoch 19/50 => Loss 0.203, Train_accy 93.76:  38%|███▊      | 19/50 [01:18<01:54,  3.70s/it]
Task 3, Epoch 20/50 => Loss 0.204, Train_accy 93.45, Test_accy 81.39:  38%|███▊      | 19/50 [01:27<01:54,  3.70s/it]
Task 3, Epoch 20/50 => Loss 0.204, Train_accy 93.45, Test_accy 81.39:  40%|████      | 20/50 [01:27<02:37,  5.27s/it]
Task 3, Epoch 21/50 => Loss 0.211, Train_accy 94.19:  40%|████      | 20/50 [01:30<02:37,  5.27s/it]                 
Task 3, Epoch 21/50 => Loss 0.211, Train_accy 94.19:  42%|████▏     | 21/50 [01:30<02:15,  4.67s/it]
Task 3, Epoch 22/50 => Loss 0.216, Train_accy 93.34:  42%|████▏     | 21/50 [01:34<02:15,  4.67s/it]
Task 3, Epoch 22/50 => Loss 0.216, Train_accy 93.34:  44%|████▍     | 22/50 [01:34<01:58,  4.24s/it]
Task 3, Epoch 23/50 => Loss 0.205, Train_accy 93.34:  44%|████▍     | 22/50 [01:37<01:58,  4.24s/it]
Task 3, Epoch 23/50 => Loss 0.205, Train_accy 93.34:  46%|████▌     | 23/50 [01:37<01:46,  3.93s/it]
Task 3, Epoch 24/50 => Loss 0.167, Train_accy 95.35:  46%|████▌     | 23/50 [01:40<01:46,  3.93s/it]
Task 3, Epoch 24/50 => Loss 0.167, Train_accy 95.35:  48%|████▊     | 24/50 [01:40<01:36,  3.71s/it]
Task 3, Epoch 25/50 => Loss 0.159, Train_accy 95.03, Test_accy 82.05:  48%|████▊     | 24/50 [01:49<01:36,  3.71s/it]
Task 3, Epoch 25/50 => Loss 0.159, Train_accy 95.03, Test_accy 82.05:  50%|█████     | 25/50 [01:49<02:13,  5.34s/it]
Task 3, Epoch 26/50 => Loss 0.187, Train_accy 94.40:  50%|█████     | 25/50 [01:53<02:13,  5.34s/it]                 
Task 3, Epoch 26/50 => Loss 0.187, Train_accy 94.40:  52%|█████▏    | 26/50 [01:53<01:53,  4.71s/it]
Task 3, Epoch 27/50 => Loss 0.142, Train_accy 95.24:  52%|█████▏    | 26/50 [01:56<01:53,  4.71s/it]
Task 3, Epoch 27/50 => Loss 0.142, Train_accy 95.24:  54%|█████▍    | 27/50 [01:56<01:38,  4.27s/it]
Task 3, Epoch 28/50 => Loss 0.180, Train_accy 94.61:  54%|█████▍    | 27/50 [01:59<01:38,  4.27s/it]
Task 3, Epoch 28/50 => Loss 0.180, Train_accy 94.61:  56%|█████▌    | 28/50 [01:59<01:27,  3.97s/it]
Task 3, Epoch 29/50 => Loss 0.178, Train_accy 93.87:  56%|█████▌    | 28/50 [02:02<01:27,  3.97s/it]
Task 3, Epoch 29/50 => Loss 0.178, Train_accy 93.87:  58%|█████▊    | 29/50 [02:02<01:18,  3.73s/it]
Task 3, Epoch 30/50 => Loss 0.152, Train_accy 95.45, Test_accy 82.48:  58%|█████▊    | 29/50 [02:11<01:18,  3.73s/it]
Task 3, Epoch 30/50 => Loss 0.152, Train_accy 95.45, Test_accy 82.48:  60%|██████    | 30/50 [02:11<01:47,  5.39s/it]
Task 3, Epoch 31/50 => Loss 0.157, Train_accy 94.82:  60%|██████    | 30/50 [02:17<01:47,  5.39s/it]                 
Task 3, Epoch 31/50 => Loss 0.157, Train_accy 94.82:  62%|██████▏   | 31/50 [02:17<01:45,  5.53s/it]
Task 3, Epoch 32/50 => Loss 0.146, Train_accy 95.35:  62%|██████▏   | 31/50 [02:23<01:45,  5.53s/it]
Task 3, Epoch 32/50 => Loss 0.146, Train_accy 95.35:  64%|██████▍   | 32/50 [02:23<01:41,  5.65s/it]
Task 3, Epoch 33/50 => Loss 0.130, Train_accy 95.45:  64%|██████▍   | 32/50 [02:29<01:41,  5.65s/it]
Task 3, Epoch 33/50 => Loss 0.130, Train_accy 95.45:  66%|██████▌   | 33/50 [02:29<01:37,  5.71s/it]
Task 3, Epoch 34/50 => Loss 0.186, Train_accy 94.50:  66%|██████▌   | 33/50 [02:35<01:37,  5.71s/it]
Task 3, Epoch 34/50 => Loss 0.186, Train_accy 94.50:  68%|██████▊   | 34/50 [02:35<01:32,  5.80s/it]
Task 3, Epoch 35/50 => Loss 0.197, Train_accy 94.50, Test_accy 82.15:  68%|██████▊   | 34/50 [02:47<01:32,  5.80s/it]
Task 3, Epoch 35/50 => Loss 0.197, Train_accy 94.50, Test_accy 82.15:  70%|███████   | 35/50 [02:47<01:52,  7.53s/it]
Task 3, Epoch 36/50 => Loss 0.126, Train_accy 96.30:  70%|███████   | 35/50 [02:53<01:52,  7.53s/it]                 
Task 3, Epoch 36/50 => Loss 0.126, Train_accy 96.30:  72%|███████▏  | 36/50 [02:53<01:38,  7.04s/it]
Task 3, Epoch 37/50 => Loss 0.146, Train_accy 94.82:  72%|███████▏  | 36/50 [02:58<01:38,  7.04s/it]
Task 3, Epoch 37/50 => Loss 0.146, Train_accy 94.82:  74%|███████▍  | 37/50 [02:58<01:27,  6.70s/it]
Task 3, Epoch 38/50 => Loss 0.138, Train_accy 95.35:  74%|███████▍  | 37/50 [03:04<01:27,  6.70s/it]
Task 3, Epoch 38/50 => Loss 0.138, Train_accy 95.35:  76%|███████▌  | 38/50 [03:04<01:17,  6.46s/it]
Task 3, Epoch 39/50 => Loss 0.141, Train_accy 95.45:  76%|███████▌  | 38/50 [03:10<01:17,  6.46s/it]
Task 3, Epoch 39/50 => Loss 0.141, Train_accy 95.45:  78%|███████▊  | 39/50 [03:10<01:09,  6.29s/it]
Task 3, Epoch 40/50 => Loss 0.127, Train_accy 95.56, Test_accy 82.48:  78%|███████▊  | 39/50 [03:22<01:09,  6.29s/it]
Task 3, Epoch 40/50 => Loss 0.127, Train_accy 95.56, Test_accy 82.48:  80%|████████  | 40/50 [03:22<01:18,  7.90s/it]
Task 3, Epoch 41/50 => Loss 0.125, Train_accy 96.09:  80%|████████  | 40/50 [03:28<01:18,  7.90s/it]                 
Task 3, Epoch 41/50 => Loss 0.125, Train_accy 96.09:  82%|████████▏ | 41/50 [03:28<01:06,  7.38s/it]
Task 3, Epoch 42/50 => Loss 0.181, Train_accy 94.19:  82%|████████▏ | 41/50 [03:34<01:06,  7.38s/it]
Task 3, Epoch 42/50 => Loss 0.181, Train_accy 94.19:  84%|████████▍ | 42/50 [03:34<00:55,  6.94s/it]
Task 3, Epoch 43/50 => Loss 0.146, Train_accy 95.56:  84%|████████▍ | 42/50 [03:40<00:55,  6.94s/it]
Task 3, Epoch 43/50 => Loss 0.146, Train_accy 95.56:  86%|████████▌ | 43/50 [03:40<00:46,  6.64s/it]
Task 3, Epoch 44/50 => Loss 0.137, Train_accy 95.67:  86%|████████▌ | 43/50 [03:46<00:46,  6.64s/it]
Task 3, Epoch 44/50 => Loss 0.137, Train_accy 95.67:  88%|████████▊ | 44/50 [03:46<00:38,  6.49s/it]
Task 3, Epoch 45/50 => Loss 0.146, Train_accy 95.35, Test_accy 83.35:  88%|████████▊ | 44/50 [03:58<00:38,  6.49s/it]
Task 3, Epoch 45/50 => Loss 0.146, Train_accy 95.35, Test_accy 83.35:  90%|█████████ | 45/50 [03:58<00:40,  8.07s/it]
Task 3, Epoch 46/50 => Loss 0.109, Train_accy 96.72:  90%|█████████ | 45/50 [04:04<00:40,  8.07s/it]                 
Task 3, Epoch 46/50 => Loss 0.109, Train_accy 96.72:  92%|█████████▏| 46/50 [04:04<00:29,  7.44s/it]
Task 3, Epoch 47/50 => Loss 0.131, Train_accy 95.98:  92%|█████████▏| 46/50 [04:10<00:29,  7.44s/it]
Task 3, Epoch 47/50 => Loss 0.131, Train_accy 95.98:  94%|█████████▍| 47/50 [04:10<00:20,  6.98s/it]
Task 3, Epoch 48/50 => Loss 0.123, Train_accy 95.88:  94%|█████████▍| 47/50 [04:16<00:20,  6.98s/it]
Task 3, Epoch 48/50 => Loss 0.123, Train_accy 95.88:  96%|█████████▌| 48/50 [04:16<00:13,  6.67s/it]
Task 3, Epoch 49/50 => Loss 0.126, Train_accy 96.41:  96%|█████████▌| 48/50 [04:22<00:13,  6.67s/it]
Task 3, Epoch 49/50 => Loss 0.126, Train_accy 96.41:  98%|█████████▊| 49/50 [04:22<00:06,  6.44s/it]
Task 3, Epoch 50/50 => Loss 0.114, Train_accy 96.72, Test_accy 83.79:  98%|█████████▊| 49/50 [04:33<00:06,  6.44s/it]
Task 3, Epoch 50/50 => Loss 0.114, Train_accy 96.72, Test_accy 83.79: 100%|██████████| 50/50 [04:33<00:00,  8.03s/it]
Task 3, Epoch 50/50 => Loss 0.114, Train_accy 96.72, Test_accy 83.79: 100%|██████████| 50/50 [04:33<00:00,  5.48s/it]
2025-07-07 18:32:34,530 [lae.py] => Task 3, Epoch 50/50 => Loss 0.114, Train_accy 96.72, Test_accy 83.79
2025-07-07 18:32:40,279 [trainer.py] => No NME accuracy.
2025-07-07 18:32:40,279 [trainer.py] => CNN: {'total': 83.79, '00-19': 92.71, '20-39': 83.57, '40-59': 85.78, '60-79': 73.28, 'old': 87.65, 'new': 73.28}
2025-07-07 18:32:40,279 [trainer.py] => CNN top1 curve: [97.57, 92.73, 89.14, 83.79]
2025-07-07 18:32:40,279 [trainer.py] => CNN top5 curve: [99.6, 99.34, 98.51, 98.37]

Average Accuracy (CNN): 90.81
2025-07-07 18:32:40,279 [trainer.py] => Average Accuracy (CNN): 90.81 

2025-07-07 18:32:40,281 [trainer.py] => All params: 86167396
2025-07-07 18:32:40,282 [trainer.py] => Trainable params: 215130
2025-07-07 18:32:40,285 [lae.py] => Learning on 80-100

  0%|          | 0/50 [00:00<?, ?it/s]
Task 4, Epoch 1/50 => Loss 4.887, Train_accy 7.99:   0%|          | 0/50 [00:03<?, ?it/s]
Task 4, Epoch 1/50 => Loss 4.887, Train_accy 7.99:   2%|▏         | 1/50 [00:03<02:48,  3.43s/it]
Task 4, Epoch 2/50 => Loss 2.504, Train_accy 37.31:   2%|▏         | 1/50 [00:06<02:48,  3.43s/it]
Task 4, Epoch 2/50 => Loss 2.504, Train_accy 37.31:   4%|▍         | 2/50 [00:06<02:37,  3.28s/it]
Task 4, Epoch 3/50 => Loss 1.307, Train_accy 64.66:   4%|▍         | 2/50 [00:09<02:37,  3.28s/it]
Task 4, Epoch 3/50 => Loss 1.307, Train_accy 64.66:   6%|▌         | 3/50 [00:09<02:34,  3.29s/it]
Task 4, Epoch 4/50 => Loss 0.847, Train_accy 76.91:   6%|▌         | 3/50 [00:13<02:34,  3.29s/it]
Task 4, Epoch 4/50 => Loss 0.847, Train_accy 76.91:   8%|▊         | 4/50 [00:13<02:31,  3.29s/it]
Task 4, Epoch 5/50 => Loss 0.516, Train_accy 86.87, Test_accy 70.79:   8%|▊         | 4/50 [00:23<02:31,  3.29s/it]
Task 4, Epoch 5/50 => Loss 0.516, Train_accy 86.87, Test_accy 70.79:  10%|█         | 5/50 [00:23<04:21,  5.82s/it]
Task 4, Epoch 6/50 => Loss 0.519, Train_accy 85.12:  10%|█         | 5/50 [00:26<04:21,  5.82s/it]                 
Task 4, Epoch 6/50 => Loss 0.519, Train_accy 85.12:  12%|█▏        | 6/50 [00:26<03:39,  4.99s/it]
Task 4, Epoch 7/50 => Loss 0.395, Train_accy 89.61:  12%|█▏        | 6/50 [00:30<03:39,  4.99s/it]
Task 4, Epoch 7/50 => Loss 0.395, Train_accy 89.61:  14%|█▍        | 7/50 [00:30<03:08,  4.39s/it]
Task 4, Epoch 8/50 => Loss 0.443, Train_accy 87.86:  14%|█▍        | 7/50 [00:33<03:08,  4.39s/it]
Task 4, Epoch 8/50 => Loss 0.443, Train_accy 87.86:  16%|█▌        | 8/50 [00:33<02:47,  3.99s/it]
Task 4, Epoch 9/50 => Loss 0.388, Train_accy 87.96:  16%|█▌        | 8/50 [00:36<02:47,  3.99s/it]
Task 4, Epoch 9/50 => Loss 0.388, Train_accy 87.96:  18%|█▊        | 9/50 [00:36<02:33,  3.74s/it]
Task 4, Epoch 10/50 => Loss 0.332, Train_accy 89.50, Test_accy 74.41:  18%|█▊        | 9/50 [00:46<02:33,  3.74s/it]
Task 4, Epoch 10/50 => Loss 0.332, Train_accy 89.50, Test_accy 74.41:  20%|██        | 10/50 [00:46<03:49,  5.74s/it]
Task 4, Epoch 11/50 => Loss 0.350, Train_accy 89.28:  20%|██        | 10/50 [00:49<03:49,  5.74s/it]                 
Task 4, Epoch 11/50 => Loss 0.350, Train_accy 89.28:  22%|██▏       | 11/50 [00:49<03:13,  4.96s/it]
Task 4, Epoch 12/50 => Loss 0.287, Train_accy 91.90:  22%|██▏       | 11/50 [00:52<03:13,  4.96s/it]
Task 4, Epoch 12/50 => Loss 0.287, Train_accy 91.90:  24%|██▍       | 12/50 [00:52<02:48,  4.43s/it]
Task 4, Epoch 13/50 => Loss 0.240, Train_accy 92.34:  24%|██▍       | 12/50 [00:56<02:48,  4.43s/it]
Task 4, Epoch 13/50 => Loss 0.240, Train_accy 92.34:  26%|██▌       | 13/50 [00:56<02:29,  4.03s/it]
Task 4, Epoch 14/50 => Loss 0.310, Train_accy 89.72:  26%|██▌       | 13/50 [00:59<02:29,  4.03s/it]
Task 4, Epoch 14/50 => Loss 0.310, Train_accy 89.72:  28%|██▊       | 14/50 [00:59<02:15,  3.76s/it]
Task 4, Epoch 15/50 => Loss 0.325, Train_accy 92.34, Test_accy 75.84:  28%|██▊       | 14/50 [01:09<02:15,  3.76s/it]
Task 4, Epoch 15/50 => Loss 0.325, Train_accy 92.34, Test_accy 75.84:  30%|███       | 15/50 [01:09<03:22,  5.80s/it]
Task 4, Epoch 16/50 => Loss 0.217, Train_accy 92.23:  30%|███       | 15/50 [01:12<03:22,  5.80s/it]                 
Task 4, Epoch 16/50 => Loss 0.217, Train_accy 92.23:  32%|███▏      | 16/50 [01:12<02:49,  4.99s/it]
Task 4, Epoch 17/50 => Loss 0.267, Train_accy 92.78:  32%|███▏      | 16/50 [01:16<02:49,  4.99s/it]
Task 4, Epoch 17/50 => Loss 0.267, Train_accy 92.78:  34%|███▍      | 17/50 [01:16<02:26,  4.43s/it]
Task 4, Epoch 18/50 => Loss 0.230, Train_accy 92.56:  34%|███▍      | 17/50 [01:19<02:26,  4.43s/it]
Task 4, Epoch 18/50 => Loss 0.230, Train_accy 92.56:  36%|███▌      | 18/50 [01:19<02:09,  4.05s/it]
Task 4, Epoch 19/50 => Loss 0.297, Train_accy 93.11:  36%|███▌      | 18/50 [01:22<02:09,  4.05s/it]
Task 4, Epoch 19/50 => Loss 0.297, Train_accy 93.11:  38%|███▊      | 19/50 [01:22<01:57,  3.80s/it]
Task 4, Epoch 20/50 => Loss 0.215, Train_accy 92.56, Test_accy 76.52:  38%|███▊      | 19/50 [01:32<01:57,  3.80s/it]
Task 4, Epoch 20/50 => Loss 0.215, Train_accy 92.56, Test_accy 76.52:  40%|████      | 20/50 [01:32<02:51,  5.72s/it]
Task 4, Epoch 21/50 => Loss 0.212, Train_accy 93.87:  40%|████      | 20/50 [01:35<02:51,  5.72s/it]                 
Task 4, Epoch 21/50 => Loss 0.212, Train_accy 93.87:  42%|████▏     | 21/50 [01:35<02:25,  5.00s/it]
Task 4, Epoch 22/50 => Loss 0.163, Train_accy 94.31:  42%|████▏     | 21/50 [01:39<02:25,  5.00s/it]
Task 4, Epoch 22/50 => Loss 0.163, Train_accy 94.31:  44%|████▍     | 22/50 [01:39<02:05,  4.48s/it]
Task 4, Epoch 23/50 => Loss 0.236, Train_accy 94.09:  44%|████▍     | 22/50 [01:42<02:05,  4.48s/it]
Task 4, Epoch 23/50 => Loss 0.236, Train_accy 94.09:  46%|████▌     | 23/50 [01:42<01:50,  4.08s/it]
Task 4, Epoch 24/50 => Loss 0.197, Train_accy 93.44:  46%|████▌     | 23/50 [01:45<01:50,  4.08s/it]
Task 4, Epoch 24/50 => Loss 0.197, Train_accy 93.44:  48%|████▊     | 24/50 [01:45<01:39,  3.81s/it]
Task 4, Epoch 25/50 => Loss 0.190, Train_accy 93.76, Test_accy 77.27:  48%|████▊     | 24/50 [01:55<01:39,  3.81s/it]
Task 4, Epoch 25/50 => Loss 0.190, Train_accy 93.76, Test_accy 77.27:  50%|█████     | 25/50 [01:55<02:23,  5.73s/it]
Task 4, Epoch 26/50 => Loss 0.200, Train_accy 93.11:  50%|█████     | 25/50 [01:58<02:23,  5.73s/it]                 
Task 4, Epoch 26/50 => Loss 0.200, Train_accy 93.11:  52%|█████▏    | 26/50 [01:58<01:58,  4.95s/it]
Task 4, Epoch 27/50 => Loss 0.209, Train_accy 92.89:  52%|█████▏    | 26/50 [02:02<01:58,  4.95s/it]
Task 4, Epoch 27/50 => Loss 0.209, Train_accy 92.89:  54%|█████▍    | 27/50 [02:02<01:42,  4.46s/it]
Task 4, Epoch 28/50 => Loss 0.190, Train_accy 93.87:  54%|█████▍    | 27/50 [02:05<01:42,  4.46s/it]
Task 4, Epoch 28/50 => Loss 0.190, Train_accy 93.87:  56%|█████▌    | 28/50 [02:05<01:29,  4.07s/it]
Task 4, Epoch 29/50 => Loss 0.167, Train_accy 94.53:  56%|█████▌    | 28/50 [02:08<01:29,  4.07s/it]
Task 4, Epoch 29/50 => Loss 0.167, Train_accy 94.53:  58%|█████▊    | 29/50 [02:08<01:20,  3.82s/it]
Task 4, Epoch 30/50 => Loss 0.142, Train_accy 94.97, Test_accy 77.44:  58%|█████▊    | 29/50 [02:18<01:20,  3.82s/it]
Task 4, Epoch 30/50 => Loss 0.142, Train_accy 94.97, Test_accy 77.44:  60%|██████    | 30/50 [02:18<01:54,  5.72s/it]
Task 4, Epoch 31/50 => Loss 0.200, Train_accy 93.65:  60%|██████    | 30/50 [02:24<01:54,  5.72s/it]                 
Task 4, Epoch 31/50 => Loss 0.200, Train_accy 93.65:  62%|██████▏   | 31/50 [02:24<01:48,  5.71s/it]
Task 4, Epoch 32/50 => Loss 0.157, Train_accy 94.53:  62%|██████▏   | 31/50 [02:30<01:48,  5.71s/it]
Task 4, Epoch 32/50 => Loss 0.157, Train_accy 94.53:  64%|██████▍   | 32/50 [02:30<01:43,  5.76s/it]
Task 4, Epoch 33/50 => Loss 0.182, Train_accy 94.53:  64%|██████▍   | 32/50 [02:36<01:43,  5.76s/it]
Task 4, Epoch 33/50 => Loss 0.182, Train_accy 94.53:  66%|██████▌   | 33/50 [02:36<01:38,  5.79s/it]
Task 4, Epoch 34/50 => Loss 0.192, Train_accy 93.76:  66%|██████▌   | 33/50 [02:41<01:38,  5.79s/it]
Task 4, Epoch 34/50 => Loss 0.192, Train_accy 93.76:  68%|██████▊   | 34/50 [02:41<01:32,  5.81s/it]
Task 4, Epoch 35/50 => Loss 0.193, Train_accy 93.98, Test_accy 78.54:  68%|██████▊   | 34/50 [02:55<01:32,  5.81s/it]
Task 4, Epoch 35/50 => Loss 0.193, Train_accy 93.98, Test_accy 78.54:  70%|███████   | 35/50 [02:55<02:00,  8.01s/it]
Task 4, Epoch 36/50 => Loss 0.179, Train_accy 93.65:  70%|███████   | 35/50 [03:00<02:00,  8.01s/it]                 
Task 4, Epoch 36/50 => Loss 0.179, Train_accy 93.65:  72%|███████▏  | 36/50 [03:00<01:43,  7.37s/it]
Task 4, Epoch 37/50 => Loss 0.158, Train_accy 94.75:  72%|███████▏  | 36/50 [03:06<01:43,  7.37s/it]
Task 4, Epoch 37/50 => Loss 0.158, Train_accy 94.75:  74%|███████▍  | 37/50 [03:06<01:29,  6.89s/it]
Task 4, Epoch 38/50 => Loss 0.159, Train_accy 95.30:  74%|███████▍  | 37/50 [03:12<01:29,  6.89s/it]
Task 4, Epoch 38/50 => Loss 0.159, Train_accy 95.30:  76%|███████▌  | 38/50 [03:12<01:18,  6.55s/it]
Task 4, Epoch 39/50 => Loss 0.158, Train_accy 95.08:  76%|███████▌  | 38/50 [03:18<01:18,  6.55s/it]
Task 4, Epoch 39/50 => Loss 0.158, Train_accy 95.08:  78%|███████▊  | 39/50 [03:18<01:09,  6.33s/it]
Task 4, Epoch 40/50 => Loss 0.165, Train_accy 95.30, Test_accy 78.96:  78%|███████▊  | 39/50 [03:31<01:09,  6.33s/it]
Task 4, Epoch 40/50 => Loss 0.165, Train_accy 95.30, Test_accy 78.96:  80%|████████  | 40/50 [03:31<01:22,  8.28s/it]
Task 4, Epoch 41/50 => Loss 0.198, Train_accy 93.76:  80%|████████  | 40/50 [03:36<01:22,  8.28s/it]                 
Task 4, Epoch 41/50 => Loss 0.198, Train_accy 93.76:  82%|████████▏ | 41/50 [03:36<01:07,  7.51s/it]
Task 4, Epoch 42/50 => Loss 0.190, Train_accy 94.31:  82%|████████▏ | 41/50 [03:42<01:07,  7.51s/it]
Task 4, Epoch 42/50 => Loss 0.190, Train_accy 94.31:  84%|████████▍ | 42/50 [03:42<00:55,  6.98s/it]
Task 4, Epoch 43/50 => Loss 0.167, Train_accy 95.30:  84%|████████▍ | 42/50 [03:48<00:55,  6.98s/it]
Task 4, Epoch 43/50 => Loss 0.167, Train_accy 95.30:  86%|████████▌ | 43/50 [03:48<00:46,  6.60s/it]
Task 4, Epoch 44/50 => Loss 0.158, Train_accy 94.97:  86%|████████▌ | 43/50 [03:54<00:46,  6.60s/it]
Task 4, Epoch 44/50 => Loss 0.158, Train_accy 94.97:  88%|████████▊ | 44/50 [03:54<00:38,  6.36s/it]
Task 4, Epoch 45/50 => Loss 0.130, Train_accy 95.95, Test_accy 80.05:  88%|████████▊ | 44/50 [04:07<00:38,  6.36s/it]
Task 4, Epoch 45/50 => Loss 0.130, Train_accy 95.95, Test_accy 80.05:  90%|█████████ | 45/50 [04:07<00:41,  8.35s/it]
Task 4, Epoch 46/50 => Loss 0.142, Train_accy 95.40:  90%|█████████ | 45/50 [04:12<00:41,  8.35s/it]                 
Task 4, Epoch 46/50 => Loss 0.142, Train_accy 95.40:  92%|█████████▏| 46/50 [04:12<00:30,  7.57s/it]
Task 4, Epoch 47/50 => Loss 0.145, Train_accy 95.30:  92%|█████████▏| 46/50 [04:18<00:30,  7.57s/it]
Task 4, Epoch 47/50 => Loss 0.145, Train_accy 95.30:  94%|█████████▍| 47/50 [04:18<00:21,  7.03s/it]
Task 4, Epoch 48/50 => Loss 0.184, Train_accy 95.40:  94%|█████████▍| 47/50 [04:24<00:21,  7.03s/it]
Task 4, Epoch 48/50 => Loss 0.184, Train_accy 95.40:  96%|█████████▌| 48/50 [04:24<00:13,  6.63s/it]
Task 4, Epoch 49/50 => Loss 0.137, Train_accy 95.84:  96%|█████████▌| 48/50 [04:30<00:13,  6.63s/it]
Task 4, Epoch 49/50 => Loss 0.137, Train_accy 95.84:  98%|█████████▊| 49/50 [04:30<00:06,  6.36s/it]
Task 4, Epoch 50/50 => Loss 0.181, Train_accy 95.84, Test_accy 80.13:  98%|█████████▊| 49/50 [04:43<00:06,  6.36s/it]
Task 4, Epoch 50/50 => Loss 0.181, Train_accy 95.84, Test_accy 80.13: 100%|██████████| 50/50 [04:43<00:00,  8.33s/it]
Task 4, Epoch 50/50 => Loss 0.181, Train_accy 95.84, Test_accy 80.13: 100%|██████████| 50/50 [04:43<00:00,  5.66s/it]
2025-07-07 18:37:23,324 [lae.py] => Task 4, Epoch 50/50 => Loss 0.181, Train_accy 95.84, Test_accy 80.13
2025-07-07 18:37:30,529 [trainer.py] => No NME accuracy.
2025-07-07 18:37:30,530 [trainer.py] => CNN: {'total': 80.13, '00-19': 92.31, '20-39': 82.13, '40-59': 85.78, '60-79': 73.28, '80-99': 69.14, 'old': 83.35, 'new': 69.14}
2025-07-07 18:37:30,530 [trainer.py] => CNN top1 curve: [97.57, 92.73, 89.14, 83.79, 80.13]
2025-07-07 18:37:30,530 [trainer.py] => CNN top5 curve: [99.6, 99.34, 98.51, 98.37, 98.32]

Average Accuracy (CNN): 88.67
2025-07-07 18:37:30,530 [trainer.py] => Average Accuracy (CNN): 88.67 

2025-07-07 18:37:30,532 [trainer.py] => All params: 86182776
2025-07-07 18:37:30,533 [trainer.py] => Trainable params: 230510
2025-07-07 18:37:30,535 [lae.py] => Learning on 100-120

  0%|          | 0/50 [00:00<?, ?it/s]
Task 5, Epoch 1/50 => Loss 4.471, Train_accy 10.82:   0%|          | 0/50 [00:03<?, ?it/s]
Task 5, Epoch 1/50 => Loss 4.471, Train_accy 10.82:   2%|▏         | 1/50 [00:03<02:44,  3.36s/it]
Task 5, Epoch 2/50 => Loss 2.223, Train_accy 43.49:   2%|▏         | 1/50 [00:06<02:44,  3.36s/it]
Task 5, Epoch 2/50 => Loss 2.223, Train_accy 43.49:   4%|▍         | 2/50 [00:06<02:38,  3.29s/it]
Task 5, Epoch 3/50 => Loss 1.097, Train_accy 68.49:   4%|▍         | 2/50 [00:09<02:38,  3.29s/it]
Task 5, Epoch 3/50 => Loss 1.097, Train_accy 68.49:   6%|▌         | 3/50 [00:09<02:35,  3.32s/it]
Task 5, Epoch 4/50 => Loss 0.624, Train_accy 82.98:   6%|▌         | 3/50 [00:13<02:35,  3.32s/it]
Task 5, Epoch 4/50 => Loss 0.624, Train_accy 82.98:   8%|▊         | 4/50 [00:13<02:35,  3.38s/it]
Task 5, Epoch 5/50 => Loss 0.381, Train_accy 88.55, Test_accy 71.40:   8%|▊         | 4/50 [00:25<02:35,  3.38s/it]
Task 5, Epoch 5/50 => Loss 0.381, Train_accy 88.55, Test_accy 71.40:  10%|█         | 5/50 [00:25<04:47,  6.40s/it]
Task 5, Epoch 6/50 => Loss 0.364, Train_accy 90.23:  10%|█         | 5/50 [00:28<04:47,  6.40s/it]                 
Task 5, Epoch 6/50 => Loss 0.364, Train_accy 90.23:  12%|█▏        | 6/50 [00:28<03:56,  5.38s/it]
Task 5, Epoch 7/50 => Loss 0.289, Train_accy 92.23:  12%|█▏        | 6/50 [00:31<03:56,  5.38s/it]
Task 5, Epoch 7/50 => Loss 0.289, Train_accy 92.23:  14%|█▍        | 7/50 [00:31<03:22,  4.71s/it]
Task 5, Epoch 8/50 => Loss 0.312, Train_accy 92.12:  14%|█▍        | 7/50 [00:35<03:22,  4.71s/it]
Task 5, Epoch 8/50 => Loss 0.312, Train_accy 92.12:  16%|█▌        | 8/50 [00:35<03:02,  4.35s/it]
Task 5, Epoch 9/50 => Loss 0.259, Train_accy 92.65:  16%|█▌        | 8/50 [00:38<03:02,  4.35s/it]
Task 5, Epoch 9/50 => Loss 0.259, Train_accy 92.65:  18%|█▊        | 9/50 [00:38<02:45,  4.05s/it]
Task 5, Epoch 10/50 => Loss 0.237, Train_accy 93.17, Test_accy 73.45:  18%|█▊        | 9/50 [00:50<02:45,  4.05s/it]
Task 5, Epoch 10/50 => Loss 0.237, Train_accy 93.17, Test_accy 73.45:  20%|██        | 10/50 [00:50<04:16,  6.41s/it]
Task 5, Epoch 11/50 => Loss 0.266, Train_accy 92.75:  20%|██        | 10/50 [00:53<04:16,  6.41s/it]                 
Task 5, Epoch 11/50 => Loss 0.266, Train_accy 92.75:  22%|██▏       | 11/50 [00:53<03:32,  5.46s/it]
Task 5, Epoch 12/50 => Loss 0.235, Train_accy 93.38:  22%|██▏       | 11/50 [00:57<03:32,  5.46s/it]
Task 5, Epoch 12/50 => Loss 0.235, Train_accy 93.38:  24%|██▍       | 12/50 [00:57<03:02,  4.79s/it]
Task 5, Epoch 13/50 => Loss 0.193, Train_accy 93.70:  24%|██▍       | 12/50 [01:00<03:02,  4.79s/it]
Task 5, Epoch 13/50 => Loss 0.193, Train_accy 93.70:  26%|██▌       | 13/50 [01:00<02:44,  4.45s/it]
Task 5, Epoch 14/50 => Loss 0.248, Train_accy 92.23:  26%|██▌       | 13/50 [01:04<02:44,  4.45s/it]
Task 5, Epoch 14/50 => Loss 0.248, Train_accy 92.23:  28%|██▊       | 14/50 [01:04<02:27,  4.09s/it]
Task 5, Epoch 15/50 => Loss 0.203, Train_accy 94.12, Test_accy 74.44:  28%|██▊       | 14/50 [01:15<02:27,  4.09s/it]
Task 5, Epoch 15/50 => Loss 0.203, Train_accy 94.12, Test_accy 74.44:  30%|███       | 15/50 [01:15<03:44,  6.40s/it]
Task 5, Epoch 16/50 => Loss 0.201, Train_accy 94.96:  30%|███       | 15/50 [01:19<03:44,  6.40s/it]                 
Task 5, Epoch 16/50 => Loss 0.201, Train_accy 94.96:  32%|███▏      | 16/50 [01:19<03:08,  5.53s/it]
Task 5, Epoch 17/50 => Loss 0.159, Train_accy 96.11:  32%|███▏      | 16/50 [01:22<03:08,  5.53s/it]
Task 5, Epoch 17/50 => Loss 0.159, Train_accy 96.11:  34%|███▍      | 17/50 [01:22<02:41,  4.90s/it]
Task 5, Epoch 18/50 => Loss 0.132, Train_accy 95.48:  34%|███▍      | 17/50 [01:25<02:41,  4.90s/it]
Task 5, Epoch 18/50 => Loss 0.132, Train_accy 95.48:  36%|███▌      | 18/50 [01:25<02:20,  4.39s/it]
Task 5, Epoch 19/50 => Loss 0.232, Train_accy 93.49:  36%|███▌      | 18/50 [01:29<02:20,  4.39s/it]
Task 5, Epoch 19/50 => Loss 0.232, Train_accy 93.49:  38%|███▊      | 19/50 [01:29<02:05,  4.05s/it]
Task 5, Epoch 20/50 => Loss 0.169, Train_accy 95.38, Test_accy 74.79:  38%|███▊      | 19/50 [01:40<02:05,  4.05s/it]
Task 5, Epoch 20/50 => Loss 0.169, Train_accy 95.38, Test_accy 74.79:  40%|████      | 20/50 [01:40<03:08,  6.30s/it]
Task 5, Epoch 21/50 => Loss 0.176, Train_accy 95.59:  40%|████      | 20/50 [01:44<03:08,  6.30s/it]                 
Task 5, Epoch 21/50 => Loss 0.176, Train_accy 95.59:  42%|████▏     | 21/50 [01:44<02:36,  5.39s/it]
Task 5, Epoch 22/50 => Loss 0.153, Train_accy 96.01:  42%|████▏     | 21/50 [01:47<02:36,  5.39s/it]
Task 5, Epoch 22/50 => Loss 0.153, Train_accy 96.01:  44%|████▍     | 22/50 [01:47<02:12,  4.74s/it]
Task 5, Epoch 23/50 => Loss 0.157, Train_accy 95.27:  44%|████▍     | 22/50 [01:50<02:12,  4.74s/it]
Task 5, Epoch 23/50 => Loss 0.157, Train_accy 95.27:  46%|████▌     | 23/50 [01:50<01:55,  4.29s/it]
Task 5, Epoch 24/50 => Loss 0.141, Train_accy 96.11:  46%|████▌     | 23/50 [01:53<01:55,  4.29s/it]
Task 5, Epoch 24/50 => Loss 0.141, Train_accy 96.11:  48%|████▊     | 24/50 [01:53<01:43,  3.98s/it]
Task 5, Epoch 25/50 => Loss 0.143, Train_accy 95.90, Test_accy 75.35:  48%|████▊     | 24/50 [02:05<01:43,  3.98s/it]
Task 5, Epoch 25/50 => Loss 0.143, Train_accy 95.90, Test_accy 75.35:  50%|█████     | 25/50 [02:05<02:35,  6.22s/it]
Task 5, Epoch 26/50 => Loss 0.168, Train_accy 94.85:  50%|█████     | 25/50 [02:08<02:35,  6.22s/it]                 
Task 5, Epoch 26/50 => Loss 0.168, Train_accy 94.85:  52%|█████▏    | 26/50 [02:08<02:07,  5.33s/it]
Task 5, Epoch 27/50 => Loss 0.164, Train_accy 95.69:  52%|█████▏    | 26/50 [02:11<02:07,  5.33s/it]
Task 5, Epoch 27/50 => Loss 0.164, Train_accy 95.69:  54%|█████▍    | 27/50 [02:11<01:48,  4.71s/it]
Task 5, Epoch 28/50 => Loss 0.170, Train_accy 94.64:  54%|█████▍    | 27/50 [02:14<01:48,  4.71s/it]
Task 5, Epoch 28/50 => Loss 0.170, Train_accy 94.64:  56%|█████▌    | 28/50 [02:14<01:34,  4.28s/it]
Task 5, Epoch 29/50 => Loss 0.159, Train_accy 94.75:  56%|█████▌    | 28/50 [02:18<01:34,  4.28s/it]
Task 5, Epoch 29/50 => Loss 0.159, Train_accy 94.75:  58%|█████▊    | 29/50 [02:18<01:23,  3.97s/it]
Task 5, Epoch 30/50 => Loss 0.150, Train_accy 95.48, Test_accy 75.85:  58%|█████▊    | 29/50 [02:29<01:23,  3.97s/it]
Task 5, Epoch 30/50 => Loss 0.150, Train_accy 95.48, Test_accy 75.85:  60%|██████    | 30/50 [02:29<02:04,  6.23s/it]
Task 5, Epoch 31/50 => Loss 0.149, Train_accy 95.90:  60%|██████    | 30/50 [02:35<02:04,  6.23s/it]                 
Task 5, Epoch 31/50 => Loss 0.149, Train_accy 95.90:  62%|██████▏   | 31/50 [02:35<01:57,  6.20s/it]
Task 5, Epoch 32/50 => Loss 0.123, Train_accy 96.11:  62%|██████▏   | 31/50 [02:41<01:57,  6.20s/it]
Task 5, Epoch 32/50 => Loss 0.123, Train_accy 96.11:  64%|██████▍   | 32/50 [02:41<01:50,  6.16s/it]
Task 5, Epoch 33/50 => Loss 0.124, Train_accy 95.90:  64%|██████▍   | 32/50 [02:48<01:50,  6.16s/it]
Task 5, Epoch 33/50 => Loss 0.124, Train_accy 95.90:  66%|██████▌   | 33/50 [02:48<01:44,  6.15s/it]
Task 5, Epoch 34/50 => Loss 0.152, Train_accy 94.64:  66%|██████▌   | 33/50 [02:54<01:44,  6.15s/it]
Task 5, Epoch 34/50 => Loss 0.152, Train_accy 94.64:  68%|██████▊   | 34/50 [02:54<01:37,  6.09s/it]
Task 5, Epoch 35/50 => Loss 0.141, Train_accy 96.11, Test_accy 76.48:  68%|██████▊   | 34/50 [03:08<01:37,  6.09s/it]
Task 5, Epoch 35/50 => Loss 0.141, Train_accy 96.11, Test_accy 76.48:  70%|███████   | 35/50 [03:08<02:10,  8.67s/it]
Task 5, Epoch 36/50 => Loss 0.115, Train_accy 96.43:  70%|███████   | 35/50 [03:14<02:10,  8.67s/it]                 
Task 5, Epoch 36/50 => Loss 0.115, Train_accy 96.43:  72%|███████▏  | 36/50 [03:14<01:49,  7.84s/it]
Task 5, Epoch 37/50 => Loss 0.114, Train_accy 96.64:  72%|███████▏  | 36/50 [03:20<01:49,  7.84s/it]
Task 5, Epoch 37/50 => Loss 0.114, Train_accy 96.64:  74%|███████▍  | 37/50 [03:20<01:34,  7.29s/it]
Task 5, Epoch 38/50 => Loss 0.123, Train_accy 95.69:  74%|███████▍  | 37/50 [03:26<01:34,  7.29s/it]
Task 5, Epoch 38/50 => Loss 0.123, Train_accy 95.69:  76%|███████▌  | 38/50 [03:26<01:22,  6.86s/it]
Task 5, Epoch 39/50 => Loss 0.143, Train_accy 96.22:  76%|███████▌  | 38/50 [03:32<01:22,  6.86s/it]
Task 5, Epoch 39/50 => Loss 0.143, Train_accy 96.22:  78%|███████▊  | 39/50 [03:32<01:12,  6.62s/it]
Task 5, Epoch 40/50 => Loss 0.159, Train_accy 94.75, Test_accy 76.34:  78%|███████▊  | 39/50 [03:46<01:12,  6.62s/it]
Task 5, Epoch 40/50 => Loss 0.159, Train_accy 94.75, Test_accy 76.34:  80%|████████  | 40/50 [03:46<01:29,  8.93s/it]
Task 5, Epoch 41/50 => Loss 0.161, Train_accy 96.11:  80%|████████  | 40/50 [03:52<01:29,  8.93s/it]                 
Task 5, Epoch 41/50 => Loss 0.161, Train_accy 96.11:  82%|████████▏ | 41/50 [03:52<01:12,  8.05s/it]
Task 5, Epoch 42/50 => Loss 0.103, Train_accy 96.64:  82%|████████▏ | 41/50 [03:58<01:12,  8.05s/it]
Task 5, Epoch 42/50 => Loss 0.103, Train_accy 96.64:  84%|████████▍ | 42/50 [03:58<00:59,  7.44s/it]
Task 5, Epoch 43/50 => Loss 0.124, Train_accy 95.59:  84%|████████▍ | 42/50 [04:04<00:59,  7.44s/it]
Task 5, Epoch 43/50 => Loss 0.124, Train_accy 95.59:  86%|████████▌ | 43/50 [04:04<00:48,  6.98s/it]
Task 5, Epoch 44/50 => Loss 0.137, Train_accy 95.59:  86%|████████▌ | 43/50 [04:10<00:48,  6.98s/it]
Task 5, Epoch 44/50 => Loss 0.137, Train_accy 95.59:  88%|████████▊ | 44/50 [04:10<00:39,  6.66s/it]
Task 5, Epoch 45/50 => Loss 0.102, Train_accy 96.95, Test_accy 76.34:  88%|████████▊ | 44/50 [04:25<00:39,  6.66s/it]
Task 5, Epoch 45/50 => Loss 0.102, Train_accy 96.95, Test_accy 76.34:  90%|█████████ | 45/50 [04:25<00:45,  9.01s/it]
Task 5, Epoch 46/50 => Loss 0.132, Train_accy 95.80:  90%|█████████ | 45/50 [04:31<00:45,  9.01s/it]                 
Task 5, Epoch 46/50 => Loss 0.132, Train_accy 95.80:  92%|█████████▏| 46/50 [04:31<00:32,  8.13s/it]
Task 5, Epoch 47/50 => Loss 0.084, Train_accy 97.27:  92%|█████████▏| 46/50 [04:37<00:32,  8.13s/it]
Task 5, Epoch 47/50 => Loss 0.084, Train_accy 97.27:  94%|█████████▍| 47/50 [04:37<00:22,  7.48s/it]
Task 5, Epoch 48/50 => Loss 0.091, Train_accy 97.06:  94%|█████████▍| 47/50 [04:43<00:22,  7.48s/it]
Task 5, Epoch 48/50 => Loss 0.091, Train_accy 97.06:  96%|█████████▌| 48/50 [04:43<00:14,  7.01s/it]
Task 5, Epoch 49/50 => Loss 0.102, Train_accy 96.22:  96%|█████████▌| 48/50 [04:49<00:14,  7.01s/it]
Task 5, Epoch 49/50 => Loss 0.102, Train_accy 96.22:  98%|█████████▊| 49/50 [04:49<00:06,  6.69s/it]
Task 5, Epoch 50/50 => Loss 0.080, Train_accy 97.69, Test_accy 75.85:  98%|█████████▊| 49/50 [05:03<00:06,  6.69s/it]
Task 5, Epoch 50/50 => Loss 0.080, Train_accy 97.69, Test_accy 75.85: 100%|██████████| 50/50 [05:03<00:00,  8.94s/it]
Task 5, Epoch 50/50 => Loss 0.080, Train_accy 97.69, Test_accy 75.85: 100%|██████████| 50/50 [05:03<00:00,  6.07s/it]
2025-07-07 18:42:33,838 [lae.py] => Task 5, Epoch 50/50 => Loss 0.080, Train_accy 97.69, Test_accy 75.85
2025-07-07 18:42:42,107 [trainer.py] => No NME accuracy.
2025-07-07 18:42:42,107 [trainer.py] => CNN: {'total': 75.85, '00-19': 91.5, '20-39': 82.13, '40-59': 80.28, '60-79': 67.61, '80-99': 67.29, '100-119': 67.98, 'old': 77.36, 'new': 67.98}
2025-07-07 18:42:42,108 [trainer.py] => CNN top1 curve: [97.57, 92.73, 89.14, 83.79, 80.13, 75.85]
2025-07-07 18:42:42,108 [trainer.py] => CNN top5 curve: [99.6, 99.34, 98.51, 98.37, 98.32, 98.09]

Average Accuracy (CNN): 86.54
2025-07-07 18:42:42,108 [trainer.py] => Average Accuracy (CNN): 86.54 

2025-07-07 18:42:42,110 [trainer.py] => All params: 86198156
2025-07-07 18:42:42,112 [trainer.py] => Trainable params: 245890
2025-07-07 18:42:42,116 [lae.py] => Learning on 120-140

  0%|          | 0/50 [00:00<?, ?it/s]
Task 6, Epoch 1/50 => Loss 4.662, Train_accy 11.53:   0%|          | 0/50 [00:03<?, ?it/s]
Task 6, Epoch 1/50 => Loss 4.662, Train_accy 11.53:   2%|▏         | 1/50 [00:03<02:38,  3.24s/it]
Task 6, Epoch 2/50 => Loss 2.378, Train_accy 37.63:   2%|▏         | 1/50 [00:06<02:38,  3.24s/it]
Task 6, Epoch 2/50 => Loss 2.378, Train_accy 37.63:   4%|▍         | 2/50 [00:06<02:37,  3.28s/it]
Task 6, Epoch 3/50 => Loss 1.242, Train_accy 62.26:   4%|▍         | 2/50 [00:09<02:37,  3.28s/it]
Task 6, Epoch 3/50 => Loss 1.242, Train_accy 62.26:   6%|▌         | 3/50 [00:09<02:34,  3.29s/it]
Task 6, Epoch 4/50 => Loss 0.808, Train_accy 74.32:   6%|▌         | 3/50 [00:13<02:34,  3.29s/it]
Task 6, Epoch 4/50 => Loss 0.808, Train_accy 74.32:   8%|▊         | 4/50 [00:13<02:29,  3.25s/it]
Task 6, Epoch 5/50 => Loss 0.610, Train_accy 79.66, Test_accy 69.10:   8%|▊         | 4/50 [00:25<02:29,  3.25s/it]
Task 6, Epoch 5/50 => Loss 0.610, Train_accy 79.66, Test_accy 69.10:  10%|█         | 5/50 [00:25<04:59,  6.66s/it]
Task 6, Epoch 6/50 => Loss 0.591, Train_accy 81.76:  10%|█         | 5/50 [00:29<04:59,  6.66s/it]                 
Task 6, Epoch 6/50 => Loss 0.591, Train_accy 81.76:  12%|█▏        | 6/50 [00:29<04:02,  5.51s/it]
Task 6, Epoch 7/50 => Loss 0.565, Train_accy 81.45:  12%|█▏        | 6/50 [00:32<04:02,  5.51s/it]
Task 6, Epoch 7/50 => Loss 0.565, Train_accy 81.45:  14%|█▍        | 7/50 [00:32<03:30,  4.89s/it]
Task 6, Epoch 8/50 => Loss 0.440, Train_accy 85.32:  14%|█▍        | 7/50 [00:35<03:30,  4.89s/it]
Task 6, Epoch 8/50 => Loss 0.440, Train_accy 85.32:  16%|█▌        | 8/50 [00:35<03:03,  4.37s/it]
Task 6, Epoch 9/50 => Loss 0.455, Train_accy 85.43:  16%|█▌        | 8/50 [00:39<03:03,  4.37s/it]
Task 6, Epoch 9/50 => Loss 0.455, Train_accy 85.43:  18%|█▊        | 9/50 [00:39<02:44,  4.01s/it]
Task 6, Epoch 10/50 => Loss 0.424, Train_accy 85.95, Test_accy 70.99:  18%|█▊        | 9/50 [00:51<02:44,  4.01s/it]
Task 6, Epoch 10/50 => Loss 0.424, Train_accy 85.95, Test_accy 70.99:  20%|██        | 10/50 [00:51<04:27,  6.70s/it]
Task 6, Epoch 11/50 => Loss 0.388, Train_accy 86.48:  20%|██        | 10/50 [00:55<04:27,  6.70s/it]                 
Task 6, Epoch 11/50 => Loss 0.388, Train_accy 86.48:  22%|██▏       | 11/50 [00:55<03:40,  5.64s/it]
Task 6, Epoch 12/50 => Loss 0.370, Train_accy 87.21:  22%|██▏       | 11/50 [00:58<03:40,  5.64s/it]
Task 6, Epoch 12/50 => Loss 0.370, Train_accy 87.21:  24%|██▍       | 12/50 [00:58<03:07,  4.92s/it]
Task 6, Epoch 13/50 => Loss 0.407, Train_accy 87.00:  24%|██▍       | 12/50 [01:01<03:07,  4.92s/it]
Task 6, Epoch 13/50 => Loss 0.407, Train_accy 87.00:  26%|██▌       | 13/50 [01:01<02:44,  4.44s/it]
Task 6, Epoch 14/50 => Loss 0.391, Train_accy 87.74:  26%|██▌       | 13/50 [01:04<02:44,  4.44s/it]
Task 6, Epoch 14/50 => Loss 0.391, Train_accy 87.74:  28%|██▊       | 14/50 [01:04<02:27,  4.08s/it]
Task 6, Epoch 15/50 => Loss 0.349, Train_accy 87.84, Test_accy 71.72:  28%|██▊       | 14/50 [01:17<02:27,  4.08s/it]
Task 6, Epoch 15/50 => Loss 0.349, Train_accy 87.84, Test_accy 71.72:  30%|███       | 15/50 [01:17<03:55,  6.73s/it]
Task 6, Epoch 16/50 => Loss 0.335, Train_accy 88.99:  30%|███       | 15/50 [01:21<03:55,  6.73s/it]                 
Task 6, Epoch 16/50 => Loss 0.335, Train_accy 88.99:  32%|███▏      | 16/50 [01:21<03:13,  5.69s/it]
Task 6, Epoch 17/50 => Loss 0.267, Train_accy 90.88:  32%|███▏      | 16/50 [01:24<03:13,  5.69s/it]
Task 6, Epoch 17/50 => Loss 0.267, Train_accy 90.88:  34%|███▍      | 17/50 [01:24<02:44,  5.00s/it]
Task 6, Epoch 18/50 => Loss 0.274, Train_accy 90.46:  34%|███▍      | 17/50 [01:27<02:44,  5.00s/it]
Task 6, Epoch 18/50 => Loss 0.274, Train_accy 90.46:  36%|███▌      | 18/50 [01:27<02:23,  4.47s/it]
Task 6, Epoch 19/50 => Loss 0.296, Train_accy 90.15:  36%|███▌      | 18/50 [01:30<02:23,  4.47s/it]
Task 6, Epoch 19/50 => Loss 0.296, Train_accy 90.15:  38%|███▊      | 19/50 [01:30<02:07,  4.10s/it]
Task 6, Epoch 20/50 => Loss 0.255, Train_accy 90.99, Test_accy 72.39:  38%|███▊      | 19/50 [01:43<02:07,  4.10s/it]
Task 6, Epoch 20/50 => Loss 0.255, Train_accy 90.99, Test_accy 72.39:  40%|████      | 20/50 [01:43<03:20,  6.70s/it]
Task 6, Epoch 21/50 => Loss 0.288, Train_accy 91.09:  40%|████      | 20/50 [01:47<03:20,  6.70s/it]                 
Task 6, Epoch 21/50 => Loss 0.288, Train_accy 91.09:  42%|████▏     | 21/50 [01:47<02:44,  5.68s/it]
Task 6, Epoch 22/50 => Loss 0.271, Train_accy 91.19:  42%|████▏     | 21/50 [01:50<02:44,  5.68s/it]
Task 6, Epoch 22/50 => Loss 0.271, Train_accy 91.19:  44%|████▍     | 22/50 [01:50<02:19,  4.97s/it]
Task 6, Epoch 23/50 => Loss 0.259, Train_accy 91.09:  44%|████▍     | 22/50 [01:53<02:19,  4.97s/it]
Task 6, Epoch 23/50 => Loss 0.259, Train_accy 91.09:  46%|████▌     | 23/50 [01:53<02:00,  4.46s/it]
Task 6, Epoch 24/50 => Loss 0.260, Train_accy 91.61:  46%|████▌     | 23/50 [01:56<02:00,  4.46s/it]
Task 6, Epoch 24/50 => Loss 0.260, Train_accy 91.61:  48%|████▊     | 24/50 [01:56<01:46,  4.11s/it]
Task 6, Epoch 25/50 => Loss 0.268, Train_accy 90.78, Test_accy 72.52:  48%|████▊     | 24/50 [02:09<01:46,  4.11s/it]
Task 6, Epoch 25/50 => Loss 0.268, Train_accy 90.78, Test_accy 72.52:  50%|█████     | 25/50 [02:09<02:48,  6.74s/it]
Task 6, Epoch 26/50 => Loss 0.273, Train_accy 91.19:  50%|█████     | 25/50 [02:13<02:48,  6.74s/it]                 
Task 6, Epoch 26/50 => Loss 0.273, Train_accy 91.19:  52%|█████▏    | 26/50 [02:13<02:17,  5.72s/it]
Task 6, Epoch 27/50 => Loss 0.226, Train_accy 92.24:  52%|█████▏    | 26/50 [02:16<02:17,  5.72s/it]
Task 6, Epoch 27/50 => Loss 0.226, Train_accy 92.24:  54%|█████▍    | 27/50 [02:16<01:54,  4.98s/it]
Task 6, Epoch 28/50 => Loss 0.225, Train_accy 92.35:  54%|█████▍    | 27/50 [02:19<01:54,  4.98s/it]
Task 6, Epoch 28/50 => Loss 0.225, Train_accy 92.35:  56%|█████▌    | 28/50 [02:19<01:38,  4.46s/it]
Task 6, Epoch 29/50 => Loss 0.275, Train_accy 90.99:  56%|█████▌    | 28/50 [02:22<01:38,  4.46s/it]
Task 6, Epoch 29/50 => Loss 0.275, Train_accy 90.99:  58%|█████▊    | 29/50 [02:22<01:25,  4.09s/it]
Task 6, Epoch 30/50 => Loss 0.212, Train_accy 93.29, Test_accy 72.94:  58%|█████▊    | 29/50 [02:35<01:25,  4.09s/it]
Task 6, Epoch 30/50 => Loss 0.212, Train_accy 93.29, Test_accy 72.94:  60%|██████    | 30/50 [02:35<02:13,  6.67s/it]
Task 6, Epoch 31/50 => Loss 0.217, Train_accy 92.35:  60%|██████    | 30/50 [02:41<02:13,  6.67s/it]                 
Task 6, Epoch 31/50 => Loss 0.217, Train_accy 92.35:  62%|██████▏   | 31/50 [02:41<02:02,  6.45s/it]
Task 6, Epoch 32/50 => Loss 0.220, Train_accy 92.56:  62%|██████▏   | 31/50 [02:47<02:02,  6.45s/it]
Task 6, Epoch 32/50 => Loss 0.220, Train_accy 92.56:  64%|██████▍   | 32/50 [02:47<01:54,  6.34s/it]
Task 6, Epoch 33/50 => Loss 0.196, Train_accy 94.23:  64%|██████▍   | 32/50 [02:53<01:54,  6.34s/it]
Task 6, Epoch 33/50 => Loss 0.196, Train_accy 94.23:  66%|██████▌   | 33/50 [02:53<01:45,  6.22s/it]
Task 6, Epoch 34/50 => Loss 0.188, Train_accy 94.23:  66%|██████▌   | 33/50 [02:59<01:45,  6.22s/it]
Task 6, Epoch 34/50 => Loss 0.188, Train_accy 94.23:  68%|██████▊   | 34/50 [02:59<01:38,  6.19s/it]
Task 6, Epoch 35/50 => Loss 0.193, Train_accy 93.71, Test_accy 73.31:  68%|██████▊   | 34/50 [03:15<01:38,  6.19s/it]
Task 6, Epoch 35/50 => Loss 0.193, Train_accy 93.71, Test_accy 73.31:  70%|███████   | 35/50 [03:15<02:14,  8.96s/it]
Task 6, Epoch 36/50 => Loss 0.229, Train_accy 92.14:  70%|███████   | 35/50 [03:20<02:14,  8.96s/it]                 
Task 6, Epoch 36/50 => Loss 0.229, Train_accy 92.14:  72%|███████▏  | 36/50 [03:20<01:52,  8.05s/it]
Task 6, Epoch 37/50 => Loss 0.202, Train_accy 94.23:  72%|███████▏  | 36/50 [03:26<01:52,  8.05s/it]
Task 6, Epoch 37/50 => Loss 0.202, Train_accy 94.23:  74%|███████▍  | 37/50 [03:26<01:36,  7.43s/it]
Task 6, Epoch 38/50 => Loss 0.206, Train_accy 93.61:  74%|███████▍  | 37/50 [03:32<01:36,  7.43s/it]
Task 6, Epoch 38/50 => Loss 0.206, Train_accy 93.61:  76%|███████▌  | 38/50 [03:32<01:23,  6.98s/it]
Task 6, Epoch 39/50 => Loss 0.185, Train_accy 94.65:  76%|███████▌  | 38/50 [03:38<01:23,  6.98s/it]
Task 6, Epoch 39/50 => Loss 0.185, Train_accy 94.65:  78%|███████▊  | 39/50 [03:38<01:13,  6.70s/it]
Task 6, Epoch 40/50 => Loss 0.205, Train_accy 94.23, Test_accy 73.37:  78%|███████▊  | 39/50 [03:54<01:13,  6.70s/it]
Task 6, Epoch 40/50 => Loss 0.205, Train_accy 94.23, Test_accy 73.37:  80%|████████  | 40/50 [03:54<01:33,  9.32s/it]
Task 6, Epoch 41/50 => Loss 0.185, Train_accy 94.65:  80%|████████  | 40/50 [04:00<01:33,  9.32s/it]                 
Task 6, Epoch 41/50 => Loss 0.185, Train_accy 94.65:  82%|████████▏ | 41/50 [04:00<01:14,  8.32s/it]
Task 6, Epoch 42/50 => Loss 0.163, Train_accy 95.07:  82%|████████▏ | 41/50 [04:06<01:14,  8.32s/it]
Task 6, Epoch 42/50 => Loss 0.163, Train_accy 95.07:  84%|████████▍ | 42/50 [04:06<01:00,  7.58s/it]
Task 6, Epoch 43/50 => Loss 0.211, Train_accy 93.92:  84%|████████▍ | 42/50 [04:12<01:00,  7.58s/it]
Task 6, Epoch 43/50 => Loss 0.211, Train_accy 93.92:  86%|████████▌ | 43/50 [04:12<00:49,  7.12s/it]
Task 6, Epoch 44/50 => Loss 0.197, Train_accy 92.87:  86%|████████▌ | 43/50 [04:18<00:49,  7.12s/it]
Task 6, Epoch 44/50 => Loss 0.197, Train_accy 92.87:  88%|████████▊ | 44/50 [04:18<00:40,  6.80s/it]
Task 6, Epoch 45/50 => Loss 0.162, Train_accy 94.97, Test_accy 73.13:  88%|████████▊ | 44/50 [04:33<00:40,  6.80s/it]
Task 6, Epoch 45/50 => Loss 0.162, Train_accy 94.97, Test_accy 73.13:  90%|█████████ | 45/50 [04:33<00:46,  9.39s/it]
Task 6, Epoch 46/50 => Loss 0.187, Train_accy 94.55:  90%|█████████ | 45/50 [04:39<00:46,  9.39s/it]                 
Task 6, Epoch 46/50 => Loss 0.187, Train_accy 94.55:  92%|█████████▏| 46/50 [04:39<00:33,  8.35s/it]
Task 6, Epoch 47/50 => Loss 0.185, Train_accy 94.86:  92%|█████████▏| 46/50 [04:45<00:33,  8.35s/it]
Task 6, Epoch 47/50 => Loss 0.185, Train_accy 94.86:  94%|█████████▍| 47/50 [04:45<00:23,  7.73s/it]
Task 6, Epoch 48/50 => Loss 0.163, Train_accy 94.76:  94%|█████████▍| 47/50 [04:51<00:23,  7.73s/it]
Task 6, Epoch 48/50 => Loss 0.163, Train_accy 94.76:  96%|█████████▌| 48/50 [04:51<00:14,  7.18s/it]
Task 6, Epoch 49/50 => Loss 0.170, Train_accy 94.86:  96%|█████████▌| 48/50 [04:57<00:14,  7.18s/it]
Task 6, Epoch 49/50 => Loss 0.170, Train_accy 94.86:  98%|█████████▊| 49/50 [04:57<00:06,  6.80s/it]
Task 6, Epoch 50/50 => Loss 0.148, Train_accy 95.18, Test_accy 73.13:  98%|█████████▊| 49/50 [05:13<00:06,  6.80s/it]
Task 6, Epoch 50/50 => Loss 0.148, Train_accy 95.18, Test_accy 73.13: 100%|██████████| 50/50 [05:13<00:00,  9.42s/it]
Task 6, Epoch 50/50 => Loss 0.148, Train_accy 95.18, Test_accy 73.13: 100%|██████████| 50/50 [05:13<00:00,  6.27s/it]
2025-07-07 18:47:55,405 [lae.py] => Task 6, Epoch 50/50 => Loss 0.148, Train_accy 95.18, Test_accy 73.13
2025-07-07 18:48:04,827 [trainer.py] => No NME accuracy.
2025-07-07 18:48:04,827 [trainer.py] => CNN: {'total': 73.13, '00-19': 92.71, '20-39': 80.68, '40-59': 78.44, '60-79': 62.75, '80-99': 65.06, '100-119': 65.35, '120-139': 68.44, 'old': 73.87, 'new': 68.44}
2025-07-07 18:48:04,827 [trainer.py] => CNN top1 curve: [97.57, 92.73, 89.14, 83.79, 80.13, 75.85, 73.13]
2025-07-07 18:48:04,827 [trainer.py] => CNN top5 curve: [99.6, 99.34, 98.51, 98.37, 98.32, 98.09, 97.62]

Average Accuracy (CNN): 84.62
2025-07-07 18:48:04,827 [trainer.py] => Average Accuracy (CNN): 84.62 

2025-07-07 18:48:04,828 [trainer.py] => All params: 86213536
2025-07-07 18:48:04,829 [trainer.py] => Trainable params: 261270
2025-07-07 18:48:04,832 [lae.py] => Learning on 140-160

  0%|          | 0/50 [00:00<?, ?it/s]
Task 7, Epoch 1/50 => Loss 5.057, Train_accy 9.57:   0%|          | 0/50 [00:03<?, ?it/s]
Task 7, Epoch 1/50 => Loss 5.057, Train_accy 9.57:   2%|▏         | 1/50 [00:03<02:34,  3.16s/it]
Task 7, Epoch 2/50 => Loss 2.601, Train_accy 34.13:   2%|▏         | 1/50 [00:06<02:34,  3.16s/it]
Task 7, Epoch 2/50 => Loss 2.601, Train_accy 34.13:   4%|▍         | 2/50 [00:06<02:31,  3.16s/it]
Task 7, Epoch 3/50 => Loss 1.343, Train_accy 59.46:   4%|▍         | 2/50 [00:09<02:31,  3.16s/it]
Task 7, Epoch 3/50 => Loss 1.343, Train_accy 59.46:   6%|▌         | 3/50 [00:09<02:28,  3.16s/it]
Task 7, Epoch 4/50 => Loss 0.842, Train_accy 74.89:   6%|▌         | 3/50 [00:12<02:28,  3.16s/it]
Task 7, Epoch 4/50 => Loss 0.842, Train_accy 74.89:   8%|▊         | 4/50 [00:12<02:27,  3.21s/it]
Task 7, Epoch 5/50 => Loss 0.566, Train_accy 82.39, Test_accy 66.58:   8%|▊         | 4/50 [00:26<02:27,  3.21s/it]
Task 7, Epoch 5/50 => Loss 0.566, Train_accy 82.39, Test_accy 66.58:  10%|█         | 5/50 [00:26<05:18,  7.08s/it]
Task 7, Epoch 6/50 => Loss 0.408, Train_accy 86.96:  10%|█         | 5/50 [00:29<05:18,  7.08s/it]                 
Task 7, Epoch 6/50 => Loss 0.408, Train_accy 86.96:  12%|█▏        | 6/50 [00:29<04:13,  5.76s/it]
Task 7, Epoch 7/50 => Loss 0.443, Train_accy 86.96:  12%|█▏        | 6/50 [00:33<04:13,  5.76s/it]
Task 7, Epoch 7/50 => Loss 0.443, Train_accy 86.96:  14%|█▍        | 7/50 [00:33<03:31,  4.91s/it]
Task 7, Epoch 8/50 => Loss 0.426, Train_accy 87.07:  14%|█▍        | 7/50 [00:36<03:31,  4.91s/it]
Task 7, Epoch 8/50 => Loss 0.426, Train_accy 87.07:  16%|█▌        | 8/50 [00:36<03:03,  4.37s/it]
Task 7, Epoch 9/50 => Loss 0.365, Train_accy 89.24:  16%|█▌        | 8/50 [00:39<03:03,  4.37s/it]
Task 7, Epoch 9/50 => Loss 0.365, Train_accy 89.24:  18%|█▊        | 9/50 [00:39<02:43,  3.98s/it]
Task 7, Epoch 10/50 => Loss 0.336, Train_accy 89.67, Test_accy 68.43:  18%|█▊        | 9/50 [00:53<02:43,  3.98s/it]
Task 7, Epoch 10/50 => Loss 0.336, Train_accy 89.67, Test_accy 68.43:  20%|██        | 10/50 [00:53<04:42,  7.06s/it]
Task 7, Epoch 11/50 => Loss 0.299, Train_accy 92.50:  20%|██        | 10/50 [00:56<04:42,  7.06s/it]                 
Task 7, Epoch 11/50 => Loss 0.299, Train_accy 92.50:  22%|██▏       | 11/50 [00:56<03:49,  5.87s/it]
Task 7, Epoch 12/50 => Loss 0.293, Train_accy 90.87:  22%|██▏       | 11/50 [00:59<03:49,  5.87s/it]
Task 7, Epoch 12/50 => Loss 0.293, Train_accy 90.87:  24%|██▍       | 12/50 [00:59<03:12,  5.05s/it]
Task 7, Epoch 13/50 => Loss 0.352, Train_accy 91.30:  24%|██▍       | 12/50 [01:02<03:12,  5.05s/it]
Task 7, Epoch 13/50 => Loss 0.352, Train_accy 91.30:  26%|██▌       | 13/50 [01:02<02:46,  4.50s/it]
Task 7, Epoch 14/50 => Loss 0.323, Train_accy 91.74:  26%|██▌       | 13/50 [01:06<02:46,  4.50s/it]
Task 7, Epoch 14/50 => Loss 0.323, Train_accy 91.74:  28%|██▊       | 14/50 [01:06<02:30,  4.17s/it]
Task 7, Epoch 15/50 => Loss 0.255, Train_accy 91.74, Test_accy 68.96:  28%|██▊       | 14/50 [01:20<02:30,  4.17s/it]
Task 7, Epoch 15/50 => Loss 0.255, Train_accy 91.74, Test_accy 68.96:  30%|███       | 15/50 [01:20<04:08,  7.10s/it]
Task 7, Epoch 16/50 => Loss 0.248, Train_accy 93.15:  30%|███       | 15/50 [01:23<04:08,  7.10s/it]                 
Task 7, Epoch 16/50 => Loss 0.248, Train_accy 93.15:  32%|███▏      | 16/50 [01:23<03:21,  5.93s/it]
Task 7, Epoch 17/50 => Loss 0.223, Train_accy 93.48:  32%|███▏      | 16/50 [01:26<03:21,  5.93s/it]
Task 7, Epoch 17/50 => Loss 0.223, Train_accy 93.48:  34%|███▍      | 17/50 [01:26<02:48,  5.12s/it]
Task 7, Epoch 18/50 => Loss 0.225, Train_accy 93.37:  34%|███▍      | 17/50 [01:29<02:48,  5.12s/it]
Task 7, Epoch 18/50 => Loss 0.225, Train_accy 93.37:  36%|███▌      | 18/50 [01:29<02:25,  4.55s/it]
Task 7, Epoch 19/50 => Loss 0.220, Train_accy 93.48:  36%|███▌      | 18/50 [01:33<02:25,  4.55s/it]
Task 7, Epoch 19/50 => Loss 0.220, Train_accy 93.48:  38%|███▊      | 19/50 [01:33<02:07,  4.12s/it]
Task 7, Epoch 20/50 => Loss 0.199, Train_accy 94.57, Test_accy 69.59:  38%|███▊      | 19/50 [01:47<02:07,  4.12s/it]
Task 7, Epoch 20/50 => Loss 0.199, Train_accy 94.57, Test_accy 69.59:  40%|████      | 20/50 [01:47<03:34,  7.14s/it]
Task 7, Epoch 21/50 => Loss 0.242, Train_accy 93.15:  40%|████      | 20/50 [01:50<03:34,  7.14s/it]                 
Task 7, Epoch 21/50 => Loss 0.242, Train_accy 93.15:  42%|████▏     | 21/50 [01:50<02:53,  6.00s/it]
Task 7, Epoch 22/50 => Loss 0.209, Train_accy 94.13:  42%|████▏     | 21/50 [01:53<02:53,  6.00s/it]
Task 7, Epoch 22/50 => Loss 0.209, Train_accy 94.13:  44%|████▍     | 22/50 [01:53<02:24,  5.15s/it]
Task 7, Epoch 23/50 => Loss 0.229, Train_accy 92.50:  44%|████▍     | 22/50 [01:57<02:24,  5.15s/it]
Task 7, Epoch 23/50 => Loss 0.229, Train_accy 92.50:  46%|████▌     | 23/50 [01:57<02:04,  4.59s/it]
Task 7, Epoch 24/50 => Loss 0.255, Train_accy 92.93:  46%|████▌     | 23/50 [02:00<02:04,  4.59s/it]
Task 7, Epoch 24/50 => Loss 0.255, Train_accy 92.93:  48%|████▊     | 24/50 [02:00<01:48,  4.16s/it]
Task 7, Epoch 25/50 => Loss 0.201, Train_accy 94.02, Test_accy 70.07:  48%|████▊     | 24/50 [02:14<01:48,  4.16s/it]
Task 7, Epoch 25/50 => Loss 0.201, Train_accy 94.02, Test_accy 70.07:  50%|█████     | 25/50 [02:14<02:57,  7.12s/it]
Task 7, Epoch 26/50 => Loss 0.166, Train_accy 94.67:  50%|█████     | 25/50 [02:17<02:57,  7.12s/it]                 
Task 7, Epoch 26/50 => Loss 0.166, Train_accy 94.67:  52%|█████▏    | 26/50 [02:17<02:22,  5.94s/it]
Task 7, Epoch 27/50 => Loss 0.207, Train_accy 93.91:  52%|█████▏    | 26/50 [02:20<02:22,  5.94s/it]
Task 7, Epoch 27/50 => Loss 0.207, Train_accy 93.91:  54%|█████▍    | 27/50 [02:20<01:59,  5.19s/it]
Task 7, Epoch 28/50 => Loss 0.205, Train_accy 93.70:  54%|█████▍    | 27/50 [02:24<01:59,  5.19s/it]
Task 7, Epoch 28/50 => Loss 0.205, Train_accy 93.70:  56%|█████▌    | 28/50 [02:24<01:41,  4.60s/it]
Task 7, Epoch 29/50 => Loss 0.223, Train_accy 93.59:  56%|█████▌    | 28/50 [02:27<01:41,  4.60s/it]
Task 7, Epoch 29/50 => Loss 0.223, Train_accy 93.59:  58%|█████▊    | 29/50 [02:27<01:27,  4.17s/it]
Task 7, Epoch 30/50 => Loss 0.219, Train_accy 93.15, Test_accy 70.23:  58%|█████▊    | 29/50 [02:41<01:27,  4.17s/it]
Task 7, Epoch 30/50 => Loss 0.219, Train_accy 93.15, Test_accy 70.23:  60%|██████    | 30/50 [02:41<02:21,  7.09s/it]
Task 7, Epoch 31/50 => Loss 0.153, Train_accy 95.43:  60%|██████    | 30/50 [02:46<02:21,  7.09s/it]                 
Task 7, Epoch 31/50 => Loss 0.153, Train_accy 95.43:  62%|██████▏   | 31/50 [02:46<02:06,  6.68s/it]
Task 7, Epoch 32/50 => Loss 0.170, Train_accy 94.24:  62%|██████▏   | 31/50 [02:52<02:06,  6.68s/it]
Task 7, Epoch 32/50 => Loss 0.170, Train_accy 94.24:  64%|██████▍   | 32/50 [02:52<01:55,  6.42s/it]
Task 7, Epoch 33/50 => Loss 0.188, Train_accy 94.46:  64%|██████▍   | 32/50 [02:58<01:55,  6.42s/it]
Task 7, Epoch 33/50 => Loss 0.188, Train_accy 94.46:  66%|██████▌   | 33/50 [02:58<01:45,  6.23s/it]
Task 7, Epoch 34/50 => Loss 0.179, Train_accy 94.46:  66%|██████▌   | 33/50 [03:04<01:45,  6.23s/it]
Task 7, Epoch 34/50 => Loss 0.179, Train_accy 94.46:  68%|██████▊   | 34/50 [03:04<01:37,  6.10s/it]
Task 7, Epoch 35/50 => Loss 0.178, Train_accy 95.00, Test_accy 70.54:  68%|██████▊   | 34/50 [03:20<01:37,  6.10s/it]
Task 7, Epoch 35/50 => Loss 0.178, Train_accy 95.00, Test_accy 70.54:  70%|███████   | 35/50 [03:20<02:19,  9.27s/it]
Task 7, Epoch 36/50 => Loss 0.165, Train_accy 94.78:  70%|███████   | 35/50 [03:26<02:19,  9.27s/it]                 
Task 7, Epoch 36/50 => Loss 0.165, Train_accy 94.78:  72%|███████▏  | 36/50 [03:26<01:54,  8.21s/it]
Task 7, Epoch 37/50 => Loss 0.158, Train_accy 94.67:  72%|███████▏  | 36/50 [03:32<01:54,  8.21s/it]
Task 7, Epoch 37/50 => Loss 0.158, Train_accy 94.67:  74%|███████▍  | 37/50 [03:32<01:37,  7.48s/it]
Task 7, Epoch 38/50 => Loss 0.179, Train_accy 94.78:  74%|███████▍  | 37/50 [03:38<01:37,  7.48s/it]
Task 7, Epoch 38/50 => Loss 0.179, Train_accy 94.78:  76%|███████▌  | 38/50 [03:38<01:24,  7.04s/it]
Task 7, Epoch 39/50 => Loss 0.123, Train_accy 95.54:  76%|███████▌  | 38/50 [03:44<01:24,  7.04s/it]
Task 7, Epoch 39/50 => Loss 0.123, Train_accy 95.54:  78%|███████▊  | 39/50 [03:44<01:14,  6.76s/it]
Task 7, Epoch 40/50 => Loss 0.169, Train_accy 94.35, Test_accy 70.65:  78%|███████▊  | 39/50 [04:01<01:14,  6.76s/it]
Task 7, Epoch 40/50 => Loss 0.169, Train_accy 94.35, Test_accy 70.65:  80%|████████  | 40/50 [04:01<01:36,  9.69s/it]
Task 7, Epoch 41/50 => Loss 0.166, Train_accy 95.33:  80%|████████  | 40/50 [04:06<01:36,  9.69s/it]                 
Task 7, Epoch 41/50 => Loss 0.166, Train_accy 95.33:  82%|████████▏ | 41/50 [04:06<01:16,  8.50s/it]
Task 7, Epoch 42/50 => Loss 0.210, Train_accy 93.70:  82%|████████▏ | 41/50 [04:12<01:16,  8.50s/it]
Task 7, Epoch 42/50 => Loss 0.210, Train_accy 93.70:  84%|████████▍ | 42/50 [04:12<01:01,  7.68s/it]
Task 7, Epoch 43/50 => Loss 0.169, Train_accy 94.89:  84%|████████▍ | 42/50 [04:18<01:01,  7.68s/it]
Task 7, Epoch 43/50 => Loss 0.169, Train_accy 94.89:  86%|████████▌ | 43/50 [04:18<00:49,  7.10s/it]
Task 7, Epoch 44/50 => Loss 0.186, Train_accy 94.46:  86%|████████▌ | 43/50 [04:24<00:49,  7.10s/it]
Task 7, Epoch 44/50 => Loss 0.186, Train_accy 94.46:  88%|████████▊ | 44/50 [04:24<00:40,  6.69s/it]
Task 7, Epoch 45/50 => Loss 0.154, Train_accy 95.76, Test_accy 70.91:  88%|████████▊ | 44/50 [04:40<00:40,  6.69s/it]
Task 7, Epoch 45/50 => Loss 0.154, Train_accy 95.76, Test_accy 70.91:  90%|█████████ | 45/50 [04:40<00:48,  9.60s/it]
Task 7, Epoch 46/50 => Loss 0.155, Train_accy 95.76:  90%|█████████ | 45/50 [04:46<00:48,  9.60s/it]                 
Task 7, Epoch 46/50 => Loss 0.155, Train_accy 95.76:  92%|█████████▏| 46/50 [04:46<00:33,  8.47s/it]
Task 7, Epoch 47/50 => Loss 0.141, Train_accy 94.78:  92%|█████████▏| 46/50 [04:51<00:33,  8.47s/it]
Task 7, Epoch 47/50 => Loss 0.141, Train_accy 94.78:  94%|█████████▍| 47/50 [04:51<00:22,  7.63s/it]
Task 7, Epoch 48/50 => Loss 0.159, Train_accy 94.89:  94%|█████████▍| 47/50 [04:57<00:22,  7.63s/it]
Task 7, Epoch 48/50 => Loss 0.159, Train_accy 94.89:  96%|█████████▌| 48/50 [04:57<00:14,  7.11s/it]
Task 7, Epoch 49/50 => Loss 0.157, Train_accy 94.02:  96%|█████████▌| 48/50 [05:03<00:14,  7.11s/it]
Task 7, Epoch 49/50 => Loss 0.157, Train_accy 94.02:  98%|█████████▊| 49/50 [05:03<00:06,  6.68s/it]
Task 7, Epoch 50/50 => Loss 0.133, Train_accy 95.76, Test_accy 70.86:  98%|█████████▊| 49/50 [05:20<00:06,  6.68s/it]
Task 7, Epoch 50/50 => Loss 0.133, Train_accy 95.76, Test_accy 70.86: 100%|██████████| 50/50 [05:20<00:00,  9.64s/it]
Task 7, Epoch 50/50 => Loss 0.133, Train_accy 95.76, Test_accy 70.86: 100%|██████████| 50/50 [05:20<00:00,  6.40s/it]
2025-07-07 18:53:24,890 [lae.py] => Task 7, Epoch 50/50 => Loss 0.133, Train_accy 95.76, Test_accy 70.86
2025-07-07 18:53:35,793 [trainer.py] => No NME accuracy.
2025-07-07 18:53:35,794 [trainer.py] => CNN: {'total': 70.86, '00-19': 92.31, '20-39': 81.16, '40-59': 74.77, '60-79': 59.51, '80-99': 61.34, '100-119': 64.04, '120-139': 68.44, '140-159': 67.6, 'old': 71.36, 'new': 67.6}
2025-07-07 18:53:35,794 [trainer.py] => CNN top1 curve: [97.57, 92.73, 89.14, 83.79, 80.13, 75.85, 73.13, 70.86]
2025-07-07 18:53:35,794 [trainer.py] => CNN top5 curve: [99.6, 99.34, 98.51, 98.37, 98.32, 98.09, 97.62, 97.46]

Average Accuracy (CNN): 82.9
2025-07-07 18:53:35,794 [trainer.py] => Average Accuracy (CNN): 82.9 

2025-07-07 18:53:35,795 [trainer.py] => All params: 86228916
2025-07-07 18:53:35,796 [trainer.py] => Trainable params: 276650
2025-07-07 18:53:35,798 [lae.py] => Learning on 160-180

  0%|          | 0/50 [00:00<?, ?it/s]
Task 8, Epoch 1/50 => Loss 4.669, Train_accy 10.86:   0%|          | 0/50 [00:03<?, ?it/s]
Task 8, Epoch 1/50 => Loss 4.669, Train_accy 10.86:   2%|▏         | 1/50 [00:03<02:40,  3.27s/it]
Task 8, Epoch 2/50 => Loss 2.401, Train_accy 35.39:   2%|▏         | 1/50 [00:06<02:40,  3.27s/it]
Task 8, Epoch 2/50 => Loss 2.401, Train_accy 35.39:   4%|▍         | 2/50 [00:06<02:36,  3.26s/it]
Task 8, Epoch 3/50 => Loss 1.330, Train_accy 62.11:   4%|▍         | 2/50 [00:09<02:36,  3.26s/it]
Task 8, Epoch 3/50 => Loss 1.330, Train_accy 62.11:   6%|▌         | 3/50 [00:09<02:32,  3.25s/it]
Task 8, Epoch 4/50 => Loss 0.739, Train_accy 79.02:   6%|▌         | 3/50 [00:12<02:32,  3.25s/it]
Task 8, Epoch 4/50 => Loss 0.739, Train_accy 79.02:   8%|▊         | 4/50 [00:12<02:28,  3.23s/it]
Task 8, Epoch 5/50 => Loss 0.516, Train_accy 83.82, Test_accy 65.88:   8%|▊         | 4/50 [00:28<02:28,  3.23s/it]
Task 8, Epoch 5/50 => Loss 0.516, Train_accy 83.82, Test_accy 65.88:  10%|█         | 5/50 [00:28<05:43,  7.64s/it]
Task 8, Epoch 6/50 => Loss 0.414, Train_accy 86.43:  10%|█         | 5/50 [00:31<05:43,  7.64s/it]                 
Task 8, Epoch 6/50 => Loss 0.414, Train_accy 86.43:  12%|█▏        | 6/50 [00:31<04:34,  6.23s/it]
Task 8, Epoch 7/50 => Loss 0.344, Train_accy 90.08:  12%|█▏        | 6/50 [00:35<04:34,  6.23s/it]
Task 8, Epoch 7/50 => Loss 0.344, Train_accy 90.08:  14%|█▍        | 7/50 [00:35<03:46,  5.27s/it]
Task 8, Epoch 8/50 => Loss 0.383, Train_accy 88.31:  14%|█▍        | 7/50 [00:38<03:46,  5.27s/it]
Task 8, Epoch 8/50 => Loss 0.383, Train_accy 88.31:  16%|█▌        | 8/50 [00:38<03:14,  4.63s/it]
Task 8, Epoch 9/50 => Loss 0.378, Train_accy 89.25:  16%|█▌        | 8/50 [00:41<03:14,  4.63s/it]
Task 8, Epoch 9/50 => Loss 0.378, Train_accy 89.25:  18%|█▊        | 9/50 [00:41<02:52,  4.21s/it]
Task 8, Epoch 10/50 => Loss 0.293, Train_accy 91.65, Test_accy 67.20:  18%|█▊        | 9/50 [00:57<02:52,  4.21s/it]
Task 8, Epoch 10/50 => Loss 0.293, Train_accy 91.65, Test_accy 67.20:  20%|██        | 10/50 [00:57<05:05,  7.63s/it]
Task 8, Epoch 11/50 => Loss 0.319, Train_accy 91.23:  20%|██        | 10/50 [01:00<05:05,  7.63s/it]                 
Task 8, Epoch 11/50 => Loss 0.319, Train_accy 91.23:  22%|██▏       | 11/50 [01:00<04:06,  6.32s/it]
Task 8, Epoch 12/50 => Loss 0.284, Train_accy 91.96:  22%|██▏       | 11/50 [01:03<04:06,  6.32s/it]
Task 8, Epoch 12/50 => Loss 0.284, Train_accy 91.96:  24%|██▍       | 12/50 [01:03<03:25,  5.41s/it]
Task 8, Epoch 13/50 => Loss 0.222, Train_accy 93.01:  24%|██▍       | 12/50 [01:06<03:25,  5.41s/it]
Task 8, Epoch 13/50 => Loss 0.222, Train_accy 93.01:  26%|██▌       | 13/50 [01:06<02:55,  4.74s/it]
Task 8, Epoch 14/50 => Loss 0.255, Train_accy 92.38:  26%|██▌       | 13/50 [01:10<02:55,  4.74s/it]
Task 8, Epoch 14/50 => Loss 0.255, Train_accy 92.38:  28%|██▊       | 14/50 [01:10<02:34,  4.29s/it]
Task 8, Epoch 15/50 => Loss 0.204, Train_accy 93.95, Test_accy 67.48:  28%|██▊       | 14/50 [01:25<02:34,  4.29s/it]
Task 8, Epoch 15/50 => Loss 0.204, Train_accy 93.95, Test_accy 67.48:  30%|███       | 15/50 [01:25<04:26,  7.63s/it]
Task 8, Epoch 16/50 => Loss 0.231, Train_accy 93.01:  30%|███       | 15/50 [01:28<04:26,  7.63s/it]                 
Task 8, Epoch 16/50 => Loss 0.231, Train_accy 93.01:  32%|███▏      | 16/50 [01:28<03:34,  6.32s/it]
Task 8, Epoch 17/50 => Loss 0.214, Train_accy 93.84:  32%|███▏      | 16/50 [01:32<03:34,  6.32s/it]
Task 8, Epoch 17/50 => Loss 0.214, Train_accy 93.84:  34%|███▍      | 17/50 [01:32<02:58,  5.41s/it]
Task 8, Epoch 18/50 => Loss 0.275, Train_accy 92.17:  34%|███▍      | 17/50 [01:35<02:58,  5.41s/it]
Task 8, Epoch 18/50 => Loss 0.275, Train_accy 92.17:  36%|███▌      | 18/50 [01:35<02:32,  4.77s/it]
Task 8, Epoch 19/50 => Loss 0.238, Train_accy 92.80:  36%|███▌      | 18/50 [01:38<02:32,  4.77s/it]
Task 8, Epoch 19/50 => Loss 0.238, Train_accy 92.80:  38%|███▊      | 19/50 [01:38<02:13,  4.32s/it]
Task 8, Epoch 20/50 => Loss 0.216, Train_accy 94.36, Test_accy 68.42:  38%|███▊      | 19/50 [01:53<02:13,  4.32s/it]
Task 8, Epoch 20/50 => Loss 0.216, Train_accy 94.36, Test_accy 68.42:  40%|████      | 20/50 [01:53<03:48,  7.63s/it]
Task 8, Epoch 21/50 => Loss 0.270, Train_accy 91.34:  40%|████      | 20/50 [01:57<03:48,  7.63s/it]                 
Task 8, Epoch 21/50 => Loss 0.270, Train_accy 91.34:  42%|████▏     | 21/50 [01:57<03:02,  6.31s/it]
Task 8, Epoch 22/50 => Loss 0.202, Train_accy 94.15:  42%|████▏     | 21/50 [02:00<03:02,  6.31s/it]
Task 8, Epoch 22/50 => Loss 0.202, Train_accy 94.15:  44%|████▍     | 22/50 [02:00<02:32,  5.46s/it]
Task 8, Epoch 23/50 => Loss 0.223, Train_accy 93.32:  44%|████▍     | 22/50 [02:03<02:32,  5.46s/it]
Task 8, Epoch 23/50 => Loss 0.223, Train_accy 93.32:  46%|████▌     | 23/50 [02:03<02:09,  4.81s/it]
Task 8, Epoch 24/50 => Loss 0.190, Train_accy 94.26:  46%|████▌     | 23/50 [02:07<02:09,  4.81s/it]
Task 8, Epoch 24/50 => Loss 0.190, Train_accy 94.26:  48%|████▊     | 24/50 [02:07<01:53,  4.35s/it]
Task 8, Epoch 25/50 => Loss 0.207, Train_accy 94.05, Test_accy 68.80:  48%|████▊     | 24/50 [02:22<01:53,  4.35s/it]
Task 8, Epoch 25/50 => Loss 0.207, Train_accy 94.05, Test_accy 68.80:  50%|█████     | 25/50 [02:22<03:10,  7.63s/it]
Task 8, Epoch 26/50 => Loss 0.220, Train_accy 93.01:  50%|█████     | 25/50 [02:25<03:10,  7.63s/it]                 
Task 8, Epoch 26/50 => Loss 0.220, Train_accy 93.01:  52%|█████▏    | 26/50 [02:25<02:32,  6.34s/it]
Task 8, Epoch 27/50 => Loss 0.225, Train_accy 93.53:  52%|█████▏    | 26/50 [02:29<02:32,  6.34s/it]
Task 8, Epoch 27/50 => Loss 0.225, Train_accy 93.53:  54%|█████▍    | 27/50 [02:29<02:04,  5.41s/it]
Task 8, Epoch 28/50 => Loss 0.212, Train_accy 94.36:  54%|█████▍    | 27/50 [02:32<02:04,  5.41s/it]
Task 8, Epoch 28/50 => Loss 0.212, Train_accy 94.36:  56%|█████▌    | 28/50 [02:32<01:44,  4.77s/it]
Task 8, Epoch 29/50 => Loss 0.164, Train_accy 94.99:  56%|█████▌    | 28/50 [02:35<01:44,  4.77s/it]
Task 8, Epoch 29/50 => Loss 0.164, Train_accy 94.99:  58%|█████▊    | 29/50 [02:35<01:32,  4.39s/it]
Task 8, Epoch 30/50 => Loss 0.182, Train_accy 94.99, Test_accy 69.08:  58%|█████▊    | 29/50 [02:51<01:32,  4.39s/it]
Task 8, Epoch 30/50 => Loss 0.182, Train_accy 94.99, Test_accy 69.08:  60%|██████    | 30/50 [02:51<02:32,  7.65s/it]
Task 8, Epoch 31/50 => Loss 0.158, Train_accy 95.62:  60%|██████    | 30/50 [02:57<02:32,  7.65s/it]                 
Task 8, Epoch 31/50 => Loss 0.158, Train_accy 95.62:  62%|██████▏   | 31/50 [02:57<02:15,  7.15s/it]
Task 8, Epoch 32/50 => Loss 0.219, Train_accy 92.69:  62%|██████▏   | 31/50 [03:03<02:15,  7.15s/it]
Task 8, Epoch 32/50 => Loss 0.219, Train_accy 92.69:  64%|██████▍   | 32/50 [03:03<02:02,  6.78s/it]
Task 8, Epoch 33/50 => Loss 0.159, Train_accy 95.82:  64%|██████▍   | 32/50 [03:09<02:02,  6.78s/it]
Task 8, Epoch 33/50 => Loss 0.159, Train_accy 95.82:  66%|██████▌   | 33/50 [03:09<01:51,  6.54s/it]
Task 8, Epoch 34/50 => Loss 0.175, Train_accy 93.84:  66%|██████▌   | 33/50 [03:15<01:51,  6.54s/it]
Task 8, Epoch 34/50 => Loss 0.175, Train_accy 93.84:  68%|██████▊   | 34/50 [03:15<01:43,  6.46s/it]
Task 8, Epoch 35/50 => Loss 0.199, Train_accy 93.63, Test_accy 69.92:  68%|██████▊   | 34/50 [03:33<01:43,  6.46s/it]
Task 8, Epoch 35/50 => Loss 0.199, Train_accy 93.63, Test_accy 69.92:  70%|███████   | 35/50 [03:33<02:29,  9.95s/it]
Task 8, Epoch 36/50 => Loss 0.197, Train_accy 93.95:  70%|███████   | 35/50 [03:39<02:29,  9.95s/it]                 
Task 8, Epoch 36/50 => Loss 0.197, Train_accy 93.95:  72%|███████▏  | 36/50 [03:39<02:02,  8.74s/it]
Task 8, Epoch 37/50 => Loss 0.175, Train_accy 94.47:  72%|███████▏  | 36/50 [03:45<02:02,  8.74s/it]
Task 8, Epoch 37/50 => Loss 0.175, Train_accy 94.47:  74%|███████▍  | 37/50 [03:45<01:42,  7.92s/it]
Task 8, Epoch 38/50 => Loss 0.188, Train_accy 94.78:  74%|███████▍  | 37/50 [03:51<01:42,  7.92s/it]
Task 8, Epoch 38/50 => Loss 0.188, Train_accy 94.78:  76%|███████▌  | 38/50 [03:51<01:28,  7.36s/it]
Task 8, Epoch 39/50 => Loss 0.187, Train_accy 94.89:  76%|███████▌  | 38/50 [03:57<01:28,  7.36s/it]
Task 8, Epoch 39/50 => Loss 0.187, Train_accy 94.89:  78%|███████▊  | 39/50 [03:57<01:16,  6.93s/it]
Task 8, Epoch 40/50 => Loss 0.183, Train_accy 94.26, Test_accy 69.83:  78%|███████▊  | 39/50 [04:15<01:16,  6.93s/it]
Task 8, Epoch 40/50 => Loss 0.183, Train_accy 94.26, Test_accy 69.83:  80%|████████  | 40/50 [04:15<01:42, 10.25s/it]
Task 8, Epoch 41/50 => Loss 0.189, Train_accy 95.09:  80%|████████  | 40/50 [04:21<01:42, 10.25s/it]                 
Task 8, Epoch 41/50 => Loss 0.189, Train_accy 95.09:  82%|████████▏ | 41/50 [04:21<01:20,  8.96s/it]
Task 8, Epoch 42/50 => Loss 0.142, Train_accy 95.30:  82%|████████▏ | 41/50 [04:27<01:20,  8.96s/it]
Task 8, Epoch 42/50 => Loss 0.142, Train_accy 95.30:  84%|████████▍ | 42/50 [04:27<01:04,  8.05s/it]
Task 8, Epoch 43/50 => Loss 0.136, Train_accy 95.09:  84%|████████▍ | 42/50 [04:33<01:04,  8.05s/it]
Task 8, Epoch 43/50 => Loss 0.136, Train_accy 95.09:  86%|████████▌ | 43/50 [04:33<00:52,  7.44s/it]
Task 8, Epoch 44/50 => Loss 0.155, Train_accy 94.78:  86%|████████▌ | 43/50 [04:39<00:52,  7.44s/it]
Task 8, Epoch 44/50 => Loss 0.155, Train_accy 94.78:  88%|████████▊ | 44/50 [04:39<00:42,  7.01s/it]
Task 8, Epoch 45/50 => Loss 0.155, Train_accy 95.09, Test_accy 69.92:  88%|████████▊ | 44/50 [04:57<00:42,  7.01s/it]
Task 8, Epoch 45/50 => Loss 0.155, Train_accy 95.09, Test_accy 69.92:  90%|█████████ | 45/50 [04:57<00:51, 10.35s/it]
Task 8, Epoch 46/50 => Loss 0.143, Train_accy 95.93:  90%|█████████ | 45/50 [05:03<00:51, 10.35s/it]                 
Task 8, Epoch 46/50 => Loss 0.143, Train_accy 95.93:  92%|█████████▏| 46/50 [05:03<00:36,  9.07s/it]
Task 8, Epoch 47/50 => Loss 0.137, Train_accy 95.93:  92%|█████████▏| 46/50 [05:09<00:36,  9.07s/it]
Task 8, Epoch 47/50 => Loss 0.137, Train_accy 95.93:  94%|█████████▍| 47/50 [05:09<00:24,  8.11s/it]
Task 8, Epoch 48/50 => Loss 0.157, Train_accy 95.09:  94%|█████████▍| 47/50 [05:15<00:24,  8.11s/it]
Task 8, Epoch 48/50 => Loss 0.157, Train_accy 95.09:  96%|█████████▌| 48/50 [05:15<00:14,  7.48s/it]
Task 8, Epoch 49/50 => Loss 0.139, Train_accy 95.82:  96%|█████████▌| 48/50 [05:21<00:14,  7.48s/it]
Task 8, Epoch 49/50 => Loss 0.139, Train_accy 95.82:  98%|█████████▊| 49/50 [05:21<00:07,  7.05s/it]
Task 8, Epoch 50/50 => Loss 0.129, Train_accy 95.93, Test_accy 70.16:  98%|█████████▊| 49/50 [05:39<00:07,  7.05s/it]
Task 8, Epoch 50/50 => Loss 0.129, Train_accy 95.93, Test_accy 70.16: 100%|██████████| 50/50 [05:39<00:00, 10.31s/it]
Task 8, Epoch 50/50 => Loss 0.129, Train_accy 95.93, Test_accy 70.16: 100%|██████████| 50/50 [05:39<00:00,  6.79s/it]
2025-07-07 18:59:15,077 [lae.py] => Task 8, Epoch 50/50 => Loss 0.129, Train_accy 95.93, Test_accy 70.16
2025-07-07 18:59:27,454 [trainer.py] => No NME accuracy.
2025-07-07 18:59:27,455 [trainer.py] => CNN: {'total': 70.16, '00-19': 92.31, '20-39': 80.19, '40-59': 76.15, '60-79': 59.51, '80-99': 60.22, '100-119': 59.65, '120-139': 68.44, '140-159': 68.0, '160-179': 69.2, 'old': 70.28, 'new': 69.2}
2025-07-07 18:59:27,455 [trainer.py] => CNN top1 curve: [97.57, 92.73, 89.14, 83.79, 80.13, 75.85, 73.13, 70.86, 70.16]
2025-07-07 18:59:27,455 [trainer.py] => CNN top5 curve: [99.6, 99.34, 98.51, 98.37, 98.32, 98.09, 97.62, 97.46, 96.48]

Average Accuracy (CNN): 81.48
2025-07-07 18:59:27,455 [trainer.py] => Average Accuracy (CNN): 81.48 

2025-07-07 18:59:27,456 [trainer.py] => All params: 86244296
2025-07-07 18:59:27,457 [trainer.py] => Trainable params: 292030
2025-07-07 18:59:27,460 [lae.py] => Learning on 180-200

  0%|          | 0/50 [00:00<?, ?it/s]
Task 9, Epoch 1/50 => Loss 4.778, Train_accy 13.34:   0%|          | 0/50 [00:03<?, ?it/s]
Task 9, Epoch 1/50 => Loss 4.778, Train_accy 13.34:   2%|▏         | 1/50 [00:03<02:38,  3.24s/it]
Task 9, Epoch 2/50 => Loss 2.407, Train_accy 39.39:   2%|▏         | 1/50 [00:06<02:38,  3.24s/it]
Task 9, Epoch 2/50 => Loss 2.407, Train_accy 39.39:   4%|▍         | 2/50 [00:06<02:37,  3.29s/it]
Task 9, Epoch 3/50 => Loss 1.128, Train_accy 67.75:   4%|▍         | 2/50 [00:09<02:37,  3.29s/it]
Task 9, Epoch 3/50 => Loss 1.128, Train_accy 67.75:   6%|▌         | 3/50 [00:09<02:33,  3.26s/it]
Task 9, Epoch 4/50 => Loss 0.718, Train_accy 79.73:   6%|▌         | 3/50 [00:13<02:33,  3.26s/it]
Task 9, Epoch 4/50 => Loss 0.718, Train_accy 79.73:   8%|▊         | 4/50 [00:13<02:29,  3.25s/it]
Task 9, Epoch 5/50 => Loss 0.558, Train_accy 84.45, Test_accy 65.73:   8%|▊         | 4/50 [00:29<02:29,  3.25s/it]
Task 9, Epoch 5/50 => Loss 0.558, Train_accy 84.45, Test_accy 65.73:  10%|█         | 5/50 [00:29<06:04,  8.11s/it]
Task 9, Epoch 6/50 => Loss 0.423, Train_accy 87.61:  10%|█         | 5/50 [00:33<06:04,  8.11s/it]                 
Task 9, Epoch 6/50 => Loss 0.423, Train_accy 87.61:  12%|█▏        | 6/50 [00:33<04:45,  6.49s/it]
Task 9, Epoch 7/50 => Loss 0.392, Train_accy 89.29:  12%|█▏        | 6/50 [00:36<04:45,  6.49s/it]
Task 9, Epoch 7/50 => Loss 0.392, Train_accy 89.29:  14%|█▍        | 7/50 [00:36<03:55,  5.47s/it]
Task 9, Epoch 8/50 => Loss 0.383, Train_accy 88.76:  14%|█▍        | 7/50 [00:39<03:55,  5.47s/it]
Task 9, Epoch 8/50 => Loss 0.383, Train_accy 88.76:  16%|█▌        | 8/50 [00:39<03:22,  4.81s/it]
Task 9, Epoch 9/50 => Loss 0.358, Train_accy 89.50:  16%|█▌        | 8/50 [00:43<03:22,  4.81s/it]
Task 9, Epoch 9/50 => Loss 0.358, Train_accy 89.50:  18%|█▊        | 9/50 [00:43<03:00,  4.40s/it]
Task 9, Epoch 10/50 => Loss 0.384, Train_accy 88.34, Test_accy 67.39:  18%|█▊        | 9/50 [00:59<03:00,  4.40s/it]
Task 9, Epoch 10/50 => Loss 0.384, Train_accy 88.34, Test_accy 67.39:  20%|██        | 10/50 [00:59<05:26,  8.15s/it]
Task 9, Epoch 11/50 => Loss 0.317, Train_accy 90.65:  20%|██        | 10/50 [01:03<05:26,  8.15s/it]                 
Task 9, Epoch 11/50 => Loss 0.317, Train_accy 90.65:  22%|██▏       | 11/50 [01:03<04:19,  6.66s/it]
Task 9, Epoch 12/50 => Loss 0.308, Train_accy 91.39:  22%|██▏       | 11/50 [01:06<04:19,  6.66s/it]
Task 9, Epoch 12/50 => Loss 0.308, Train_accy 91.39:  24%|██▍       | 12/50 [01:06<03:35,  5.66s/it]
Task 9, Epoch 13/50 => Loss 0.285, Train_accy 91.28:  24%|██▍       | 12/50 [01:09<03:35,  5.66s/it]
Task 9, Epoch 13/50 => Loss 0.285, Train_accy 91.28:  26%|██▌       | 13/50 [01:09<03:03,  4.95s/it]
Task 9, Epoch 14/50 => Loss 0.281, Train_accy 90.76:  26%|██▌       | 13/50 [01:13<03:03,  4.95s/it]
Task 9, Epoch 14/50 => Loss 0.281, Train_accy 90.76:  28%|██▊       | 14/50 [01:13<02:41,  4.49s/it]
Task 9, Epoch 15/50 => Loss 0.238, Train_accy 92.86, Test_accy 67.68:  28%|██▊       | 14/50 [01:30<02:41,  4.49s/it]
Task 9, Epoch 15/50 => Loss 0.238, Train_accy 92.86, Test_accy 67.68:  30%|███       | 15/50 [01:30<04:48,  8.23s/it]
Task 9, Epoch 16/50 => Loss 0.246, Train_accy 92.75:  30%|███       | 15/50 [01:33<04:48,  8.23s/it]                 
Task 9, Epoch 16/50 => Loss 0.246, Train_accy 92.75:  32%|███▏      | 16/50 [01:33<03:49,  6.74s/it]
Task 9, Epoch 17/50 => Loss 0.234, Train_accy 93.17:  32%|███▏      | 16/50 [01:36<03:49,  6.74s/it]
Task 9, Epoch 17/50 => Loss 0.234, Train_accy 93.17:  34%|███▍      | 17/50 [01:36<03:07,  5.68s/it]
Task 9, Epoch 18/50 => Loss 0.240, Train_accy 92.02:  34%|███▍      | 17/50 [01:39<03:07,  5.68s/it]
Task 9, Epoch 18/50 => Loss 0.240, Train_accy 92.02:  36%|███▌      | 18/50 [01:39<02:38,  4.95s/it]
Task 9, Epoch 19/50 => Loss 0.190, Train_accy 93.49:  36%|███▌      | 18/50 [01:43<02:38,  4.95s/it]
Task 9, Epoch 19/50 => Loss 0.190, Train_accy 93.49:  38%|███▊      | 19/50 [01:43<02:17,  4.44s/it]
Task 9, Epoch 20/50 => Loss 0.283, Train_accy 92.12, Test_accy 68.15:  38%|███▊      | 19/50 [01:59<02:17,  4.44s/it]
Task 9, Epoch 20/50 => Loss 0.283, Train_accy 92.12, Test_accy 68.15:  40%|████      | 20/50 [01:59<04:01,  8.06s/it]
Task 9, Epoch 21/50 => Loss 0.207, Train_accy 93.49:  40%|████      | 20/50 [02:02<04:01,  8.06s/it]                 
Task 9, Epoch 21/50 => Loss 0.207, Train_accy 93.49:  42%|████▏     | 21/50 [02:02<03:11,  6.61s/it]
Task 9, Epoch 22/50 => Loss 0.196, Train_accy 93.70:  42%|████▏     | 21/50 [02:06<03:11,  6.61s/it]
Task 9, Epoch 22/50 => Loss 0.196, Train_accy 93.70:  44%|████▍     | 22/50 [02:06<02:37,  5.61s/it]
Task 9, Epoch 23/50 => Loss 0.232, Train_accy 93.17:  44%|████▍     | 22/50 [02:09<02:37,  5.61s/it]
Task 9, Epoch 23/50 => Loss 0.232, Train_accy 93.17:  46%|████▌     | 23/50 [02:09<02:11,  4.88s/it]
Task 9, Epoch 24/50 => Loss 0.174, Train_accy 94.54:  46%|████▌     | 23/50 [02:12<02:11,  4.88s/it]
Task 9, Epoch 24/50 => Loss 0.174, Train_accy 94.54:  48%|████▊     | 24/50 [02:12<01:53,  4.38s/it]
Task 9, Epoch 25/50 => Loss 0.219, Train_accy 93.49, Test_accy 68.28:  48%|████▊     | 24/50 [02:28<01:53,  4.38s/it]
Task 9, Epoch 25/50 => Loss 0.219, Train_accy 93.49, Test_accy 68.28:  50%|█████     | 25/50 [02:28<03:19,  7.97s/it]
Task 9, Epoch 26/50 => Loss 0.155, Train_accy 94.96:  50%|█████     | 25/50 [02:32<03:19,  7.97s/it]                 
Task 9, Epoch 26/50 => Loss 0.155, Train_accy 94.96:  52%|█████▏    | 26/50 [02:32<02:38,  6.60s/it]
Task 9, Epoch 27/50 => Loss 0.159, Train_accy 94.85:  52%|█████▏    | 26/50 [02:35<02:38,  6.60s/it]
Task 9, Epoch 27/50 => Loss 0.159, Train_accy 94.85:  54%|█████▍    | 27/50 [02:35<02:09,  5.62s/it]
Task 9, Epoch 28/50 => Loss 0.191, Train_accy 94.12:  54%|█████▍    | 27/50 [02:39<02:09,  5.62s/it]
Task 9, Epoch 28/50 => Loss 0.191, Train_accy 94.12:  56%|█████▌    | 28/50 [02:39<01:49,  4.97s/it]
Task 9, Epoch 29/50 => Loss 0.176, Train_accy 94.64:  56%|█████▌    | 28/50 [02:42<01:49,  4.97s/it]
Task 9, Epoch 29/50 => Loss 0.176, Train_accy 94.64:  58%|█████▊    | 29/50 [02:42<01:33,  4.47s/it]
Task 9, Epoch 30/50 => Loss 0.234, Train_accy 93.28, Test_accy 68.11:  58%|█████▊    | 29/50 [02:58<01:33,  4.47s/it]
Task 9, Epoch 30/50 => Loss 0.234, Train_accy 93.28, Test_accy 68.11:  60%|██████    | 30/50 [02:58<02:41,  8.05s/it]
Task 9, Epoch 31/50 => Loss 0.168, Train_accy 94.12:  60%|██████    | 30/50 [03:04<02:41,  8.05s/it]                 
Task 9, Epoch 31/50 => Loss 0.168, Train_accy 94.12:  62%|██████▏   | 31/50 [03:04<02:22,  7.48s/it]
Task 9, Epoch 32/50 => Loss 0.197, Train_accy 94.22:  62%|██████▏   | 31/50 [03:10<02:22,  7.48s/it]
Task 9, Epoch 32/50 => Loss 0.197, Train_accy 94.22:  64%|██████▍   | 32/50 [03:10<02:06,  7.02s/it]
Task 9, Epoch 33/50 => Loss 0.191, Train_accy 94.43:  64%|██████▍   | 32/50 [03:16<02:06,  7.02s/it]
Task 9, Epoch 33/50 => Loss 0.191, Train_accy 94.43:  66%|██████▌   | 33/50 [03:16<01:54,  6.72s/it]
Task 9, Epoch 34/50 => Loss 0.158, Train_accy 94.96:  66%|██████▌   | 33/50 [03:22<01:54,  6.72s/it]
Task 9, Epoch 34/50 => Loss 0.158, Train_accy 94.96:  68%|██████▊   | 34/50 [03:22<01:43,  6.48s/it]
Task 9, Epoch 35/50 => Loss 0.162, Train_accy 94.85, Test_accy 67.64:  68%|██████▊   | 34/50 [03:41<01:43,  6.48s/it]
Task 9, Epoch 35/50 => Loss 0.162, Train_accy 94.85, Test_accy 67.64:  70%|███████   | 35/50 [03:41<02:34, 10.27s/it]
Task 9, Epoch 36/50 => Loss 0.192, Train_accy 94.33:  70%|███████   | 35/50 [03:47<02:34, 10.27s/it]                 
Task 9, Epoch 36/50 => Loss 0.192, Train_accy 94.33:  72%|███████▏  | 36/50 [03:47<02:05,  8.96s/it]
Task 9, Epoch 37/50 => Loss 0.131, Train_accy 95.06:  72%|███████▏  | 36/50 [03:54<02:05,  8.96s/it]
Task 9, Epoch 37/50 => Loss 0.131, Train_accy 95.06:  74%|███████▍  | 37/50 [03:54<01:46,  8.16s/it]
Task 9, Epoch 38/50 => Loss 0.138, Train_accy 96.11:  74%|███████▍  | 37/50 [04:00<01:46,  8.16s/it]
Task 9, Epoch 38/50 => Loss 0.138, Train_accy 96.11:  76%|███████▌  | 38/50 [04:00<01:29,  7.47s/it]
Task 9, Epoch 39/50 => Loss 0.178, Train_accy 95.06:  76%|███████▌  | 38/50 [04:06<01:29,  7.47s/it]
Task 9, Epoch 39/50 => Loss 0.178, Train_accy 95.06:  78%|███████▊  | 39/50 [04:06<01:17,  7.02s/it]
Task 9, Epoch 40/50 => Loss 0.143, Train_accy 95.06, Test_accy 68.36:  78%|███████▊  | 39/50 [04:25<01:17,  7.02s/it]
Task 9, Epoch 40/50 => Loss 0.143, Train_accy 95.06, Test_accy 68.36:  80%|████████  | 40/50 [04:25<01:46, 10.68s/it]
Task 9, Epoch 41/50 => Loss 0.169, Train_accy 94.54:  80%|████████  | 40/50 [04:31<01:46, 10.68s/it]                 
Task 9, Epoch 41/50 => Loss 0.169, Train_accy 94.54:  82%|████████▏ | 41/50 [04:31<01:23,  9.26s/it]
Task 9, Epoch 42/50 => Loss 0.146, Train_accy 94.96:  82%|████████▏ | 41/50 [04:37<01:23,  9.26s/it]
Task 9, Epoch 42/50 => Loss 0.146, Train_accy 94.96:  84%|████████▍ | 42/50 [04:37<01:05,  8.25s/it]
Task 9, Epoch 43/50 => Loss 0.153, Train_accy 94.85:  84%|████████▍ | 42/50 [04:42<01:05,  8.25s/it]
Task 9, Epoch 43/50 => Loss 0.153, Train_accy 94.85:  86%|████████▌ | 43/50 [04:42<00:52,  7.55s/it]
Task 9, Epoch 44/50 => Loss 0.180, Train_accy 95.17:  86%|████████▌ | 43/50 [04:49<00:52,  7.55s/it]
Task 9, Epoch 44/50 => Loss 0.180, Train_accy 95.17:  88%|████████▊ | 44/50 [04:49<00:42,  7.11s/it]
Task 9, Epoch 45/50 => Loss 0.143, Train_accy 95.27, Test_accy 68.36:  88%|████████▊ | 44/50 [05:08<00:42,  7.11s/it]
Task 9, Epoch 45/50 => Loss 0.143, Train_accy 95.27, Test_accy 68.36:  90%|█████████ | 45/50 [05:08<00:53, 10.76s/it]
Task 9, Epoch 46/50 => Loss 0.128, Train_accy 95.90:  90%|█████████ | 45/50 [05:14<00:53, 10.76s/it]                 
Task 9, Epoch 46/50 => Loss 0.128, Train_accy 95.90:  92%|█████████▏| 46/50 [05:14<00:37,  9.32s/it]
Task 9, Epoch 47/50 => Loss 0.174, Train_accy 94.54:  92%|█████████▏| 46/50 [05:20<00:37,  9.32s/it]
Task 9, Epoch 47/50 => Loss 0.174, Train_accy 94.54:  94%|█████████▍| 47/50 [05:20<00:25,  8.34s/it]
Task 9, Epoch 48/50 => Loss 0.120, Train_accy 96.22:  94%|█████████▍| 47/50 [05:26<00:25,  8.34s/it]
Task 9, Epoch 48/50 => Loss 0.120, Train_accy 96.22:  96%|█████████▌| 48/50 [05:26<00:15,  7.61s/it]
Task 9, Epoch 49/50 => Loss 0.154, Train_accy 95.38:  96%|█████████▌| 48/50 [05:32<00:15,  7.61s/it]
Task 9, Epoch 49/50 => Loss 0.154, Train_accy 95.38:  98%|█████████▊| 49/50 [05:32<00:07,  7.11s/it]
Task 9, Epoch 50/50 => Loss 0.153, Train_accy 94.64, Test_accy 67.85:  98%|█████████▊| 49/50 [05:51<00:07,  7.11s/it]
Task 9, Epoch 50/50 => Loss 0.153, Train_accy 94.64, Test_accy 67.85: 100%|██████████| 50/50 [05:51<00:00, 10.82s/it]
Task 9, Epoch 50/50 => Loss 0.153, Train_accy 94.64, Test_accy 67.85: 100%|██████████| 50/50 [05:51<00:00,  7.03s/it]
2025-07-07 19:05:19,141 [lae.py] => Task 9, Epoch 50/50 => Loss 0.153, Train_accy 94.64, Test_accy 67.85
2025-07-07 19:05:32,705 [trainer.py] => No NME accuracy.
2025-07-07 19:05:32,706 [trainer.py] => CNN: {'total': 67.85, '00-19': 91.9, '20-39': 76.33, '40-59': 76.15, '60-79': 57.49, '80-99': 55.39, '100-119': 56.14, '120-139': 65.33, '140-159': 68.8, '160-179': 62.45, '180-199': 70.87, 'old': 67.53, 'new': 70.87}
2025-07-07 19:05:32,706 [trainer.py] => CNN top1 curve: [97.57, 92.73, 89.14, 83.79, 80.13, 75.85, 73.13, 70.86, 70.16, 67.85]
2025-07-07 19:05:32,706 [trainer.py] => CNN top5 curve: [99.6, 99.34, 98.51, 98.37, 98.32, 98.09, 97.62, 97.46, 96.48, 95.93]

Average Accuracy (CNN): 80.12
2025-07-07 19:05:32,706 [trainer.py] => Average Accuracy (CNN): 80.12 

Finished cub_init20_inc20: vit_base_patch16_224_in21k_lae  
----------------------------------------------------------------------------------------------------
总训练时间: 2929.43 s
总测试时间: 77.33 s
每个任务每个epoch训练时间: 5.86 s
Accuracy Matrix (CNN):
[[97.57 96.76 94.74 92.71 92.31 91.5  92.71 92.31 92.31 91.9 ]
 [ 0.   87.92 85.02 83.57 82.13 82.13 80.68 81.16 80.19 76.33]
 [ 0.    0.   86.7  85.78 85.78 80.28 78.44 74.77 76.15 76.15]
 [ 0.    0.    0.   73.28 73.28 67.61 62.75 59.51 59.51 57.49]
 [ 0.    0.    0.    0.   69.14 67.29 65.06 61.34 60.22 55.39]
 [ 0.    0.    0.    0.    0.   67.98 65.35 64.04 59.65 56.14]
 [ 0.    0.    0.    0.    0.    0.   68.44 68.44 68.44 65.33]
 [ 0.    0.    0.    0.    0.    0.    0.   67.6  68.   68.8 ]
 [ 0.    0.    0.    0.    0.    0.    0.    0.   69.2  62.45]
 [ 0.    0.    0.    0.    0.    0.    0.    0.    0.   70.87]]
2025-07-07 19:05:32,708 [trainer.py] => Forgetting (CNN): 8.783333333333331
2025-07-07 19:05:35,824 [trainer.py] => config: ./scripts/lae/lae_inr_B0_Inc40.json
2025-07-07 19:05:35,832 [trainer.py] => prefix:  
2025-07-07 19:05:35,832 [trainer.py] => dataset: imagenetr
2025-07-07 19:05:35,832 [trainer.py] => memory_size: 0
2025-07-07 19:05:35,832 [trainer.py] => memory_per_class: 0
2025-07-07 19:05:35,832 [trainer.py] => fixed_memory: False
2025-07-07 19:05:35,832 [trainer.py] => shuffle: True
2025-07-07 19:05:35,832 [trainer.py] => init_cls: 40
2025-07-07 19:05:35,832 [trainer.py] => increment: 40
2025-07-07 19:05:35,832 [trainer.py] => model_name: lae
2025-07-07 19:05:35,833 [trainer.py] => backbone_type: vit_base_patch16_224_in21k_lae
2025-07-07 19:05:35,833 [trainer.py] => device: [device(type='cuda', index=5)]
2025-07-07 19:05:35,833 [trainer.py] => seed: 1993
2025-07-07 19:05:35,833 [trainer.py] => tuned_epoch: 50
2025-07-07 19:05:35,833 [trainer.py] => init_lr: 0.00046875
2025-07-07 19:05:35,833 [trainer.py] => batch_size: 128
2025-07-07 19:05:35,833 [trainer.py] => weight_decay: 0
2025-07-07 19:05:35,833 [trainer.py] => min_lr: 1e-05
2025-07-07 19:05:35,833 [trainer.py] => optimizer: adam
2025-07-07 19:05:35,833 [trainer.py] => scheduler: constant
2025-07-07 19:05:35,833 [trainer.py] => reinit_optimizer: True
2025-07-07 19:05:35,833 [trainer.py] => pretrained: True
2025-07-07 19:05:35,833 [trainer.py] => drop: 0.0
2025-07-07 19:05:35,833 [trainer.py] => drop_path: 0.0
2025-07-07 19:05:35,833 [trainer.py] => ema_decay: 0.9999
2025-07-07 19:05:35,833 [trainer.py] => num_freeze_epochs: 30
2025-07-07 19:05:35,833 [trainer.py] => pet_cls: LoRA
2025-07-07 19:05:35,833 [trainer.py] => pet_length: 10
2025-07-07 19:05:35,833 [trainer.py] => down_sample_dim: 5
2025-07-07 19:05:35,922 [data_manager.py] => [168, 136, 51, 9, 183, 101, 171, 99, 42, 159, 191, 70, 16, 188, 27, 10, 175, 26, 68, 187, 98, 6, 85, 35, 112, 43, 100, 0, 103, 181, 88, 59, 4, 2, 116, 174, 94, 80, 106, 1, 147, 17, 141, 131, 72, 23, 173, 54, 197, 118, 87, 32, 79, 104, 91, 19, 135, 107, 178, 36, 11, 199, 142, 8, 122, 3, 28, 57, 153, 172, 190, 56, 49, 44, 97, 62, 151, 169, 194, 55, 192, 12, 189, 78, 66, 180, 15, 137, 109, 134, 92, 119, 126, 52, 170, 40, 148, 65, 144, 64, 138, 45, 77, 89, 154, 90, 71, 193, 74, 30, 113, 143, 96, 84, 67, 50, 186, 156, 69, 21, 18, 111, 108, 58, 125, 157, 150, 110, 182, 129, 166, 83, 81, 60, 13, 165, 14, 176, 63, 117, 5, 22, 145, 121, 38, 41, 82, 127, 114, 20, 31, 53, 37, 163, 196, 130, 152, 162, 86, 76, 24, 34, 184, 149, 33, 128, 198, 155, 146, 167, 139, 120, 140, 102, 47, 25, 158, 123, 46, 164, 61, 7, 115, 75, 133, 160, 105, 132, 179, 124, 48, 73, 93, 39, 95, 195, 29, 177, 185, 161]
2025-07-07 19:05:38,768 [lae.py] => 85,952,266 model total parameters.
2025-07-07 19:05:38,768 [lae.py] => 0 model training parameters.
2025-07-07 19:05:38,770 [trainer.py] => All params: 86105876
2025-07-07 19:05:38,771 [trainer.py] => Trainable params: 0
2025-07-07 19:05:38,771 [lae.py] => Learning on 0-40

  0%|          | 0/50 [00:00<?, ?it/s]
Task 0, Epoch 1/50 => Loss 4.054, Train_accy 13.83:   0%|          | 0/50 [00:15<?, ?it/s]
Task 0, Epoch 1/50 => Loss 4.054, Train_accy 13.83:   2%|▏         | 1/50 [00:15<12:21, 15.14s/it]
Task 0, Epoch 2/50 => Loss 2.178, Train_accy 45.96:   2%|▏         | 1/50 [00:30<12:21, 15.14s/it]
Task 0, Epoch 2/50 => Loss 2.178, Train_accy 45.96:   4%|▍         | 2/50 [00:30<12:09, 15.21s/it]
Task 0, Epoch 3/50 => Loss 1.587, Train_accy 59.58:   4%|▍         | 2/50 [00:45<12:09, 15.21s/it]
Task 0, Epoch 3/50 => Loss 1.587, Train_accy 59.58:   6%|▌         | 3/50 [00:45<12:02, 15.38s/it]
Task 0, Epoch 4/50 => Loss 1.345, Train_accy 64.63:   6%|▌         | 3/50 [01:01<12:02, 15.38s/it]
Task 0, Epoch 4/50 => Loss 1.345, Train_accy 64.63:   8%|▊         | 4/50 [01:01<11:47, 15.39s/it]
Task 0, Epoch 5/50 => Loss 1.172, Train_accy 69.08, Test_accy 72.22:   8%|▊         | 4/50 [01:24<11:47, 15.39s/it]
Task 0, Epoch 5/50 => Loss 1.172, Train_accy 69.08, Test_accy 72.22:  10%|█         | 5/50 [01:24<13:42, 18.27s/it]
Task 0, Epoch 6/50 => Loss 1.084, Train_accy 71.30:  10%|█         | 5/50 [01:40<13:42, 18.27s/it]                 
Task 0, Epoch 6/50 => Loss 1.084, Train_accy 71.30:  12%|█▏        | 6/50 [01:40<12:43, 17.35s/it]
Task 0, Epoch 7/50 => Loss 0.989, Train_accy 74.00:  12%|█▏        | 6/50 [01:55<12:43, 17.35s/it]
Task 0, Epoch 7/50 => Loss 0.989, Train_accy 74.00:  14%|█▍        | 7/50 [01:55<12:01, 16.77s/it]
Task 0, Epoch 8/50 => Loss 0.952, Train_accy 74.92:  14%|█▍        | 7/50 [02:11<12:01, 16.77s/it]
Task 0, Epoch 8/50 => Loss 0.952, Train_accy 74.92:  16%|█▌        | 8/50 [02:11<11:26, 16.35s/it]
Task 0, Epoch 9/50 => Loss 0.876, Train_accy 76.97:  16%|█▌        | 8/50 [02:26<11:26, 16.35s/it]
Task 0, Epoch 9/50 => Loss 0.876, Train_accy 76.97:  18%|█▊        | 9/50 [02:26<10:57, 16.03s/it]
Task 0, Epoch 10/50 => Loss 0.821, Train_accy 78.16, Test_accy 77.06:  18%|█▊        | 9/50 [02:50<10:57, 16.03s/it]
Task 0, Epoch 10/50 => Loss 0.821, Train_accy 78.16, Test_accy 77.06:  20%|██        | 10/50 [02:50<12:12, 18.32s/it]
Task 0, Epoch 11/50 => Loss 0.751, Train_accy 79.09:  20%|██        | 10/50 [03:05<12:12, 18.32s/it]                 
Task 0, Epoch 11/50 => Loss 0.751, Train_accy 79.09:  22%|██▏       | 11/50 [03:05<11:21, 17.47s/it]
Task 0, Epoch 12/50 => Loss 0.744, Train_accy 80.58:  22%|██▏       | 11/50 [03:21<11:21, 17.47s/it]
Task 0, Epoch 12/50 => Loss 0.744, Train_accy 80.58:  24%|██▍       | 12/50 [03:21<10:41, 16.89s/it]
Task 0, Epoch 13/50 => Loss 0.720, Train_accy 80.73:  24%|██▍       | 12/50 [03:36<10:41, 16.89s/it]
Task 0, Epoch 13/50 => Loss 0.720, Train_accy 80.73:  26%|██▌       | 13/50 [03:36<10:08, 16.44s/it]
Task 0, Epoch 14/50 => Loss 0.665, Train_accy 81.61:  26%|██▌       | 13/50 [03:52<10:08, 16.44s/it]
Task 0, Epoch 14/50 => Loss 0.665, Train_accy 81.61:  28%|██▊       | 14/50 [03:52<09:42, 16.18s/it]
Task 0, Epoch 15/50 => Loss 0.661, Train_accy 82.78, Test_accy 79.56:  28%|██▊       | 14/50 [04:15<09:42, 16.18s/it]
Task 0, Epoch 15/50 => Loss 0.661, Train_accy 82.78, Test_accy 79.56:  30%|███       | 15/50 [04:15<10:42, 18.35s/it]
Task 0, Epoch 16/50 => Loss 0.664, Train_accy 82.02:  30%|███       | 15/50 [04:31<10:42, 18.35s/it]                 
Task 0, Epoch 16/50 => Loss 0.664, Train_accy 82.02:  32%|███▏      | 16/50 [04:31<09:55, 17.52s/it]
Task 0, Epoch 17/50 => Loss 0.632, Train_accy 83.54:  32%|███▏      | 16/50 [04:46<09:55, 17.52s/it]
Task 0, Epoch 17/50 => Loss 0.632, Train_accy 83.54:  34%|███▍      | 17/50 [04:46<09:16, 16.87s/it]
Task 0, Epoch 18/50 => Loss 0.614, Train_accy 83.73:  34%|███▍      | 17/50 [05:01<09:16, 16.87s/it]
Task 0, Epoch 18/50 => Loss 0.614, Train_accy 83.73:  36%|███▌      | 18/50 [05:01<08:45, 16.43s/it]
Task 0, Epoch 19/50 => Loss 0.602, Train_accy 84.70:  36%|███▌      | 18/50 [05:17<08:45, 16.43s/it]
Task 0, Epoch 19/50 => Loss 0.602, Train_accy 84.70:  38%|███▊      | 19/50 [05:17<08:23, 16.24s/it]
Task 0, Epoch 20/50 => Loss 0.586, Train_accy 84.70, Test_accy 79.86:  38%|███▊      | 19/50 [05:41<08:23, 16.24s/it]
Task 0, Epoch 20/50 => Loss 0.586, Train_accy 84.70, Test_accy 79.86:  40%|████      | 20/50 [05:41<09:11, 18.38s/it]
Task 0, Epoch 21/50 => Loss 0.580, Train_accy 84.89:  40%|████      | 20/50 [05:56<09:11, 18.38s/it]                 
Task 0, Epoch 21/50 => Loss 0.580, Train_accy 84.89:  42%|████▏     | 21/50 [05:56<08:26, 17.46s/it]
Task 0, Epoch 22/50 => Loss 0.551, Train_accy 85.87:  42%|████▏     | 21/50 [06:11<08:26, 17.46s/it]
Task 0, Epoch 22/50 => Loss 0.551, Train_accy 85.87:  44%|████▍     | 22/50 [06:11<07:52, 16.89s/it]
Task 0, Epoch 23/50 => Loss 0.530, Train_accy 86.41:  44%|████▍     | 22/50 [06:27<07:52, 16.89s/it]
Task 0, Epoch 23/50 => Loss 0.530, Train_accy 86.41:  46%|████▌     | 23/50 [06:27<07:23, 16.44s/it]
Task 0, Epoch 24/50 => Loss 0.544, Train_accy 85.91:  46%|████▌     | 23/50 [06:42<07:23, 16.44s/it]
Task 0, Epoch 24/50 => Loss 0.544, Train_accy 85.91:  48%|████▊     | 24/50 [06:42<06:59, 16.12s/it]
Task 0, Epoch 25/50 => Loss 0.513, Train_accy 86.97, Test_accy 80.24:  48%|████▊     | 24/50 [07:05<06:59, 16.12s/it]
Task 0, Epoch 25/50 => Loss 0.513, Train_accy 86.97, Test_accy 80.24:  50%|█████     | 25/50 [07:05<07:35, 18.23s/it]
Task 0, Epoch 26/50 => Loss 0.522, Train_accy 86.58:  50%|█████     | 25/50 [07:21<07:35, 18.23s/it]                 
Task 0, Epoch 26/50 => Loss 0.522, Train_accy 86.58:  52%|█████▏    | 26/50 [07:21<06:57, 17.39s/it]
Task 0, Epoch 27/50 => Loss 0.500, Train_accy 86.94:  52%|█████▏    | 26/50 [07:36<06:57, 17.39s/it]
Task 0, Epoch 27/50 => Loss 0.500, Train_accy 86.94:  54%|█████▍    | 27/50 [07:36<06:25, 16.78s/it]
Task 0, Epoch 28/50 => Loss 0.501, Train_accy 87.05:  54%|█████▍    | 27/50 [07:52<06:25, 16.78s/it]
Task 0, Epoch 28/50 => Loss 0.501, Train_accy 87.05:  56%|█████▌    | 28/50 [07:52<05:59, 16.35s/it]
Task 0, Epoch 29/50 => Loss 0.473, Train_accy 87.70:  56%|█████▌    | 28/50 [08:07<05:59, 16.35s/it]
Task 0, Epoch 29/50 => Loss 0.473, Train_accy 87.70:  58%|█████▊    | 29/50 [08:07<05:37, 16.07s/it]
Task 0, Epoch 30/50 => Loss 0.485, Train_accy 87.77, Test_accy 80.24:  58%|█████▊    | 29/50 [08:30<05:37, 16.07s/it]
Task 0, Epoch 30/50 => Loss 0.485, Train_accy 87.77, Test_accy 80.24:  60%|██████    | 30/50 [08:30<06:05, 18.25s/it]
Task 0, Epoch 31/50 => Loss 0.422, Train_accy 88.97:  60%|██████    | 30/50 [09:01<06:05, 18.25s/it]                 
Task 0, Epoch 31/50 => Loss 0.422, Train_accy 88.97:  62%|██████▏   | 31/50 [09:01<06:57, 21.99s/it]
Task 0, Epoch 32/50 => Loss 0.409, Train_accy 88.91:  62%|██████▏   | 31/50 [09:32<06:57, 21.99s/it]
Task 0, Epoch 32/50 => Loss 0.409, Train_accy 88.91:  64%|██████▍   | 32/50 [09:32<07:24, 24.69s/it]
Task 0, Epoch 33/50 => Loss 0.374, Train_accy 89.88:  64%|██████▍   | 32/50 [10:03<07:24, 24.69s/it]
Task 0, Epoch 33/50 => Loss 0.374, Train_accy 89.88:  66%|██████▌   | 33/50 [10:03<07:29, 26.45s/it]
Task 0, Epoch 34/50 => Loss 0.381, Train_accy 89.12:  66%|██████▌   | 33/50 [10:33<07:29, 26.45s/it]
Task 0, Epoch 34/50 => Loss 0.381, Train_accy 89.12:  68%|██████▊   | 34/50 [10:33<07:23, 27.74s/it]
Task 0, Epoch 35/50 => Loss 0.381, Train_accy 89.38, Test_accy 82.51:  68%|██████▊   | 34/50 [11:12<07:23, 27.74s/it]
Task 0, Epoch 35/50 => Loss 0.381, Train_accy 89.38, Test_accy 82.51:  70%|███████   | 35/50 [11:12<07:45, 31.02s/it]
Task 0, Epoch 36/50 => Loss 0.352, Train_accy 90.22:  70%|███████   | 35/50 [11:43<07:45, 31.02s/it]                 
Task 0, Epoch 36/50 => Loss 0.352, Train_accy 90.22:  72%|███████▏  | 36/50 [11:43<07:12, 30.91s/it]
Task 0, Epoch 37/50 => Loss 0.339, Train_accy 90.66:  72%|███████▏  | 36/50 [12:13<07:12, 30.91s/it]
Task 0, Epoch 37/50 => Loss 0.339, Train_accy 90.66:  74%|███████▍  | 37/50 [12:13<06:41, 30.85s/it]
Task 0, Epoch 38/50 => Loss 0.341, Train_accy 90.87:  74%|███████▍  | 37/50 [12:44<06:41, 30.85s/it]
Task 0, Epoch 38/50 => Loss 0.341, Train_accy 90.87:  76%|███████▌  | 38/50 [12:44<06:08, 30.73s/it]
Task 0, Epoch 39/50 => Loss 0.343, Train_accy 90.89:  76%|███████▌  | 38/50 [13:15<06:08, 30.73s/it]
Task 0, Epoch 39/50 => Loss 0.343, Train_accy 90.89:  78%|███████▊  | 39/50 [13:15<05:38, 30.73s/it]
Task 0, Epoch 40/50 => Loss 0.325, Train_accy 91.19, Test_accy 83.35:  78%|███████▊  | 39/50 [13:53<05:38, 30.73s/it]
Task 0, Epoch 40/50 => Loss 0.325, Train_accy 91.19, Test_accy 83.35:  80%|████████  | 40/50 [13:53<05:31, 33.11s/it]
Task 0, Epoch 41/50 => Loss 0.323, Train_accy 91.28:  80%|████████  | 40/50 [14:24<05:31, 33.11s/it]                 
Task 0, Epoch 41/50 => Loss 0.323, Train_accy 91.28:  82%|████████▏ | 41/50 [14:24<04:51, 32.43s/it]
Task 0, Epoch 42/50 => Loss 0.322, Train_accy 91.33:  82%|████████▏ | 41/50 [14:55<04:51, 32.43s/it]
Task 0, Epoch 42/50 => Loss 0.322, Train_accy 91.33:  84%|████████▍ | 42/50 [14:55<04:15, 31.96s/it]
Task 0, Epoch 43/50 => Loss 0.296, Train_accy 91.97:  84%|████████▍ | 42/50 [15:26<04:15, 31.96s/it]
Task 0, Epoch 43/50 => Loss 0.296, Train_accy 91.97:  86%|████████▌ | 43/50 [15:26<03:41, 31.57s/it]
Task 0, Epoch 44/50 => Loss 0.323, Train_accy 91.19:  86%|████████▌ | 43/50 [15:56<03:41, 31.57s/it]
Task 0, Epoch 44/50 => Loss 0.323, Train_accy 91.19:  88%|████████▊ | 44/50 [15:56<03:07, 31.26s/it]
Task 0, Epoch 45/50 => Loss 0.308, Train_accy 91.46, Test_accy 84.10:  88%|████████▊ | 44/50 [16:35<03:07, 31.26s/it]
Task 0, Epoch 45/50 => Loss 0.308, Train_accy 91.46, Test_accy 84.10:  90%|█████████ | 45/50 [16:35<02:47, 33.56s/it]
Task 0, Epoch 46/50 => Loss 0.309, Train_accy 91.45:  90%|█████████ | 45/50 [17:06<02:47, 33.56s/it]                 
Task 0, Epoch 46/50 => Loss 0.309, Train_accy 91.45:  92%|█████████▏| 46/50 [17:06<02:11, 32.79s/it]
Task 0, Epoch 47/50 => Loss 0.294, Train_accy 91.87:  92%|█████████▏| 46/50 [17:37<02:11, 32.79s/it]
Task 0, Epoch 47/50 => Loss 0.294, Train_accy 91.87:  94%|█████████▍| 47/50 [17:37<01:36, 32.19s/it]
Task 0, Epoch 48/50 => Loss 0.267, Train_accy 92.73:  94%|█████████▍| 47/50 [18:08<01:36, 32.19s/it]
Task 0, Epoch 48/50 => Loss 0.267, Train_accy 92.73:  96%|█████████▌| 48/50 [18:08<01:03, 31.75s/it]
Task 0, Epoch 49/50 => Loss 0.278, Train_accy 92.40:  96%|█████████▌| 48/50 [18:38<01:03, 31.75s/it]
Task 0, Epoch 49/50 => Loss 0.278, Train_accy 92.40:  98%|█████████▊| 49/50 [18:38<00:31, 31.48s/it]
Task 0, Epoch 50/50 => Loss 0.269, Train_accy 92.64, Test_accy 84.63:  98%|█████████▊| 49/50 [19:17<00:31, 31.48s/it]
Task 0, Epoch 50/50 => Loss 0.269, Train_accy 92.64, Test_accy 84.63: 100%|██████████| 50/50 [19:17<00:00, 33.55s/it]
Task 0, Epoch 50/50 => Loss 0.269, Train_accy 92.64, Test_accy 84.63: 100%|██████████| 50/50 [19:17<00:00, 23.15s/it]
2025-07-07 19:24:56,528 [lae.py] => Task 0, Epoch 50/50 => Loss 0.269, Train_accy 92.64, Test_accy 84.63
2025-07-07 19:25:04,356 [trainer.py] => No NME accuracy.
2025-07-07 19:25:04,357 [trainer.py] => CNN: {'total': 84.63, '00-39': 84.63, 'old': 0, 'new': 84.63}
2025-07-07 19:25:04,357 [trainer.py] => CNN top1 curve: [84.63]
2025-07-07 19:25:04,357 [trainer.py] => CNN top5 curve: [94.85]

Average Accuracy (CNN): 84.63
2025-07-07 19:25:04,357 [trainer.py] => Average Accuracy (CNN): 84.63 

2025-07-07 19:25:04,359 [trainer.py] => All params: 86136636
2025-07-07 19:25:04,360 [trainer.py] => Trainable params: 184370
2025-07-07 19:25:04,362 [lae.py] => Learning on 40-80

  0%|          | 0/50 [00:00<?, ?it/s]
Task 1, Epoch 1/50 => Loss 4.576, Train_accy 14.11:   0%|          | 0/50 [00:13<?, ?it/s]
Task 1, Epoch 1/50 => Loss 4.576, Train_accy 14.11:   2%|▏         | 1/50 [00:13<10:53, 13.34s/it]
Task 1, Epoch 2/50 => Loss 2.232, Train_accy 48.19:   2%|▏         | 1/50 [00:26<10:53, 13.34s/it]
Task 1, Epoch 2/50 => Loss 2.232, Train_accy 48.19:   4%|▍         | 2/50 [00:26<10:42, 13.38s/it]
Task 1, Epoch 3/50 => Loss 1.571, Train_accy 61.43:   4%|▍         | 2/50 [00:40<10:42, 13.38s/it]
Task 1, Epoch 3/50 => Loss 1.571, Train_accy 61.43:   6%|▌         | 3/50 [00:40<10:29, 13.40s/it]
Task 1, Epoch 4/50 => Loss 1.318, Train_accy 66.37:   6%|▌         | 3/50 [00:53<10:29, 13.40s/it]
Task 1, Epoch 4/50 => Loss 1.318, Train_accy 66.37:   8%|▊         | 4/50 [00:53<10:19, 13.47s/it]
Task 1, Epoch 5/50 => Loss 1.101, Train_accy 72.15, Test_accy 69.70:   8%|▊         | 4/50 [01:21<10:19, 13.47s/it]
Task 1, Epoch 5/50 => Loss 1.101, Train_accy 72.15, Test_accy 69.70:  10%|█         | 5/50 [01:21<14:00, 18.67s/it]
Task 1, Epoch 6/50 => Loss 1.025, Train_accy 73.17:  10%|█         | 5/50 [01:35<14:00, 18.67s/it]                 
Task 1, Epoch 6/50 => Loss 1.025, Train_accy 73.17:  12%|█▏        | 6/50 [01:35<12:24, 16.91s/it]
Task 1, Epoch 7/50 => Loss 0.920, Train_accy 76.12:  12%|█▏        | 6/50 [01:48<12:24, 16.91s/it]
Task 1, Epoch 7/50 => Loss 0.920, Train_accy 76.12:  14%|█▍        | 7/50 [01:48<11:15, 15.71s/it]
Task 1, Epoch 8/50 => Loss 0.819, Train_accy 77.76:  14%|█▍        | 7/50 [02:01<11:15, 15.71s/it]
Task 1, Epoch 8/50 => Loss 0.819, Train_accy 77.76:  16%|█▌        | 8/50 [02:01<10:28, 14.97s/it]
Task 1, Epoch 9/50 => Loss 0.738, Train_accy 79.62:  16%|█▌        | 8/50 [02:15<10:28, 14.97s/it]
Task 1, Epoch 9/50 => Loss 0.738, Train_accy 79.62:  18%|█▊        | 9/50 [02:15<09:53, 14.47s/it]
Task 1, Epoch 10/50 => Loss 0.712, Train_accy 81.02, Test_accy 74.78:  18%|█▊        | 9/50 [02:42<09:53, 14.47s/it]
Task 1, Epoch 10/50 => Loss 0.712, Train_accy 81.02, Test_accy 74.78:  20%|██        | 10/50 [02:42<12:19, 18.49s/it]
Task 1, Epoch 11/50 => Loss 0.656, Train_accy 82.31:  20%|██        | 10/50 [02:56<12:19, 18.49s/it]                 
Task 1, Epoch 11/50 => Loss 0.656, Train_accy 82.31:  22%|██▏       | 11/50 [02:56<11:03, 17.02s/it]
Task 1, Epoch 12/50 => Loss 0.650, Train_accy 81.75:  22%|██▏       | 11/50 [03:09<11:03, 17.02s/it]
Task 1, Epoch 12/50 => Loss 0.650, Train_accy 81.75:  24%|██▍       | 12/50 [03:09<10:03, 15.89s/it]
Task 1, Epoch 13/50 => Loss 0.590, Train_accy 83.76:  24%|██▍       | 12/50 [03:23<10:03, 15.89s/it]
Task 1, Epoch 13/50 => Loss 0.590, Train_accy 83.76:  26%|██▌       | 13/50 [03:23<09:20, 15.14s/it]
Task 1, Epoch 14/50 => Loss 0.587, Train_accy 83.69:  26%|██▌       | 13/50 [03:36<09:20, 15.14s/it]
Task 1, Epoch 14/50 => Loss 0.587, Train_accy 83.69:  28%|██▊       | 14/50 [03:36<08:46, 14.63s/it]
Task 1, Epoch 15/50 => Loss 0.602, Train_accy 83.69, Test_accy 76.34:  28%|██▊       | 14/50 [04:04<08:46, 14.63s/it]
Task 1, Epoch 15/50 => Loss 0.602, Train_accy 83.69, Test_accy 76.34:  30%|███       | 15/50 [04:04<10:51, 18.62s/it]
Task 1, Epoch 16/50 => Loss 0.553, Train_accy 84.62:  30%|███       | 15/50 [04:17<10:51, 18.62s/it]                 
Task 1, Epoch 16/50 => Loss 0.553, Train_accy 84.62:  32%|███▏      | 16/50 [04:17<09:42, 17.13s/it]
Task 1, Epoch 17/50 => Loss 0.527, Train_accy 85.70:  32%|███▏      | 16/50 [04:31<09:42, 17.13s/it]
Task 1, Epoch 17/50 => Loss 0.527, Train_accy 85.70:  34%|███▍      | 17/50 [04:31<08:46, 15.96s/it]
Task 1, Epoch 18/50 => Loss 0.481, Train_accy 86.35:  34%|███▍      | 17/50 [04:44<08:46, 15.96s/it]
Task 1, Epoch 18/50 => Loss 0.481, Train_accy 86.35:  36%|███▌      | 18/50 [04:44<08:09, 15.29s/it]
Task 1, Epoch 19/50 => Loss 0.481, Train_accy 86.63:  36%|███▌      | 18/50 [04:58<08:09, 15.29s/it]
Task 1, Epoch 19/50 => Loss 0.481, Train_accy 86.63:  38%|███▊      | 19/50 [04:58<07:37, 14.75s/it]
Task 1, Epoch 20/50 => Loss 0.473, Train_accy 86.84, Test_accy 77.30:  38%|███▊      | 19/50 [05:25<07:37, 14.75s/it]
Task 1, Epoch 20/50 => Loss 0.473, Train_accy 86.84, Test_accy 77.30:  40%|████      | 20/50 [05:25<09:16, 18.54s/it]
Task 1, Epoch 21/50 => Loss 0.454, Train_accy 86.65:  40%|████      | 20/50 [05:39<09:16, 18.54s/it]                 
Task 1, Epoch 21/50 => Loss 0.454, Train_accy 86.65:  42%|████▏     | 21/50 [05:39<08:13, 17.01s/it]
Task 1, Epoch 22/50 => Loss 0.500, Train_accy 86.26:  42%|████▏     | 21/50 [05:52<08:13, 17.01s/it]
Task 1, Epoch 22/50 => Loss 0.500, Train_accy 86.26:  44%|████▍     | 22/50 [05:52<07:25, 15.91s/it]
Task 1, Epoch 23/50 => Loss 0.402, Train_accy 88.74:  44%|████▍     | 22/50 [06:05<07:25, 15.91s/it]
Task 1, Epoch 23/50 => Loss 0.402, Train_accy 88.74:  46%|████▌     | 23/50 [06:05<06:48, 15.14s/it]
Task 1, Epoch 24/50 => Loss 0.427, Train_accy 88.20:  46%|████▌     | 23/50 [06:19<06:48, 15.14s/it]
Task 1, Epoch 24/50 => Loss 0.427, Train_accy 88.20:  48%|████▊     | 24/50 [06:19<06:19, 14.60s/it]
Task 1, Epoch 25/50 => Loss 0.410, Train_accy 88.40, Test_accy 78.06:  48%|████▊     | 24/50 [06:46<06:19, 14.60s/it]
Task 1, Epoch 25/50 => Loss 0.410, Train_accy 88.40, Test_accy 78.06:  50%|█████     | 25/50 [06:46<07:41, 18.47s/it]
Task 1, Epoch 26/50 => Loss 0.400, Train_accy 89.17:  50%|█████     | 25/50 [07:00<07:41, 18.47s/it]                 
Task 1, Epoch 26/50 => Loss 0.400, Train_accy 89.17:  52%|█████▏    | 26/50 [07:00<06:46, 16.92s/it]
Task 1, Epoch 27/50 => Loss 0.429, Train_accy 88.52:  52%|█████▏    | 26/50 [07:13<06:46, 16.92s/it]
Task 1, Epoch 27/50 => Loss 0.429, Train_accy 88.52:  54%|█████▍    | 27/50 [07:13<06:06, 15.94s/it]
Task 1, Epoch 28/50 => Loss 0.409, Train_accy 88.78:  54%|█████▍    | 27/50 [07:27<06:06, 15.94s/it]
Task 1, Epoch 28/50 => Loss 0.409, Train_accy 88.78:  56%|█████▌    | 28/50 [07:27<05:34, 15.18s/it]
Task 1, Epoch 29/50 => Loss 0.376, Train_accy 89.99:  56%|█████▌    | 28/50 [07:40<05:34, 15.18s/it]
Task 1, Epoch 29/50 => Loss 0.376, Train_accy 89.99:  58%|█████▊    | 29/50 [07:40<05:07, 14.65s/it]
Task 1, Epoch 30/50 => Loss 0.412, Train_accy 88.37, Test_accy 78.14:  58%|█████▊    | 29/50 [08:08<05:07, 14.65s/it]
Task 1, Epoch 30/50 => Loss 0.412, Train_accy 88.37, Test_accy 78.14:  60%|██████    | 30/50 [08:08<06:12, 18.64s/it]
Task 1, Epoch 31/50 => Loss 0.387, Train_accy 89.21:  60%|██████    | 30/50 [08:35<06:12, 18.64s/it]                 
Task 1, Epoch 31/50 => Loss 0.387, Train_accy 89.21:  62%|██████▏   | 31/50 [08:35<06:40, 21.07s/it]
Task 1, Epoch 32/50 => Loss 0.363, Train_accy 89.82:  62%|██████▏   | 31/50 [09:02<06:40, 21.07s/it]
Task 1, Epoch 32/50 => Loss 0.363, Train_accy 89.82:  64%|██████▍   | 32/50 [09:02<06:52, 22.89s/it]
Task 1, Epoch 33/50 => Loss 0.390, Train_accy 89.82:  64%|██████▍   | 32/50 [09:29<06:52, 22.89s/it]
Task 1, Epoch 33/50 => Loss 0.390, Train_accy 89.82:  66%|██████▌   | 33/50 [09:29<06:48, 24.06s/it]
Task 1, Epoch 34/50 => Loss 0.351, Train_accy 90.38:  66%|██████▌   | 33/50 [09:56<06:48, 24.06s/it]
Task 1, Epoch 34/50 => Loss 0.351, Train_accy 90.38:  68%|██████▊   | 34/50 [09:56<06:38, 24.92s/it]
Task 1, Epoch 35/50 => Loss 0.350, Train_accy 90.29, Test_accy 78.58:  68%|██████▊   | 34/50 [10:37<06:38, 24.92s/it]
Task 1, Epoch 35/50 => Loss 0.350, Train_accy 90.29, Test_accy 78.58:  70%|███████   | 35/50 [10:37<07:26, 29.79s/it]
Task 1, Epoch 36/50 => Loss 0.362, Train_accy 90.10:  70%|███████   | 35/50 [11:04<07:26, 29.79s/it]                 
Task 1, Epoch 36/50 => Loss 0.362, Train_accy 90.10:  72%|███████▏  | 36/50 [11:04<06:45, 28.98s/it]
Task 1, Epoch 37/50 => Loss 0.315, Train_accy 91.22:  72%|███████▏  | 36/50 [11:31<06:45, 28.98s/it]
Task 1, Epoch 37/50 => Loss 0.315, Train_accy 91.22:  74%|███████▍  | 37/50 [11:31<06:08, 28.35s/it]
Task 1, Epoch 38/50 => Loss 0.342, Train_accy 90.42:  74%|███████▍  | 37/50 [11:58<06:08, 28.35s/it]
Task 1, Epoch 38/50 => Loss 0.342, Train_accy 90.42:  76%|███████▌  | 38/50 [11:58<05:34, 27.91s/it]
Task 1, Epoch 39/50 => Loss 0.329, Train_accy 90.79:  76%|███████▌  | 38/50 [12:25<05:34, 27.91s/it]
Task 1, Epoch 39/50 => Loss 0.329, Train_accy 90.79:  78%|███████▊  | 39/50 [12:25<05:04, 27.72s/it]
Task 1, Epoch 40/50 => Loss 0.341, Train_accy 90.90, Test_accy 78.82:  78%|███████▊  | 39/50 [13:07<05:04, 27.72s/it]
Task 1, Epoch 40/50 => Loss 0.341, Train_accy 90.90, Test_accy 78.82:  80%|████████  | 40/50 [13:07<05:19, 31.98s/it]
Task 1, Epoch 41/50 => Loss 0.316, Train_accy 91.07:  80%|████████  | 40/50 [13:35<05:19, 31.98s/it]                 
Task 1, Epoch 41/50 => Loss 0.316, Train_accy 91.07:  82%|████████▏ | 41/50 [13:35<04:36, 30.68s/it]
Task 1, Epoch 42/50 => Loss 0.305, Train_accy 91.48:  82%|████████▏ | 41/50 [14:02<04:36, 30.68s/it]
Task 1, Epoch 42/50 => Loss 0.305, Train_accy 91.48:  84%|████████▍ | 42/50 [14:02<03:56, 29.58s/it]
Task 1, Epoch 43/50 => Loss 0.294, Train_accy 91.80:  84%|████████▍ | 42/50 [14:29<03:56, 29.58s/it]
Task 1, Epoch 43/50 => Loss 0.294, Train_accy 91.80:  86%|████████▌ | 43/50 [14:29<03:22, 28.87s/it]
Task 1, Epoch 44/50 => Loss 0.302, Train_accy 91.74:  86%|████████▌ | 43/50 [14:56<03:22, 28.87s/it]
Task 1, Epoch 44/50 => Loss 0.302, Train_accy 91.74:  88%|████████▊ | 44/50 [14:56<02:50, 28.36s/it]
Task 1, Epoch 45/50 => Loss 0.288, Train_accy 91.87, Test_accy 78.90:  88%|████████▊ | 44/50 [15:38<02:50, 28.36s/it]
Task 1, Epoch 45/50 => Loss 0.288, Train_accy 91.87, Test_accy 78.90:  90%|█████████ | 45/50 [15:38<02:41, 32.36s/it]
Task 1, Epoch 46/50 => Loss 0.300, Train_accy 91.89:  90%|█████████ | 45/50 [16:05<02:41, 32.36s/it]                 
Task 1, Epoch 46/50 => Loss 0.300, Train_accy 91.89:  92%|█████████▏| 46/50 [16:05<02:03, 30.80s/it]
Task 1, Epoch 47/50 => Loss 0.278, Train_accy 92.26:  92%|█████████▏| 46/50 [16:32<02:03, 30.80s/it]
Task 1, Epoch 47/50 => Loss 0.278, Train_accy 92.26:  94%|█████████▍| 47/50 [16:32<01:28, 29.64s/it]
Task 1, Epoch 48/50 => Loss 0.305, Train_accy 91.18:  94%|█████████▍| 47/50 [16:59<01:28, 29.64s/it]
Task 1, Epoch 48/50 => Loss 0.305, Train_accy 91.18:  96%|█████████▌| 48/50 [16:59<00:57, 28.83s/it]
Task 1, Epoch 49/50 => Loss 0.280, Train_accy 92.34:  96%|█████████▌| 48/50 [17:25<00:57, 28.83s/it]
Task 1, Epoch 49/50 => Loss 0.280, Train_accy 92.34:  98%|█████████▊| 49/50 [17:25<00:28, 28.19s/it]
Task 1, Epoch 50/50 => Loss 0.289, Train_accy 91.70, Test_accy 79.34:  98%|█████████▊| 49/50 [18:06<00:28, 28.19s/it]
Task 1, Epoch 50/50 => Loss 0.289, Train_accy 91.70, Test_accy 79.34: 100%|██████████| 50/50 [18:06<00:00, 31.98s/it]
Task 1, Epoch 50/50 => Loss 0.289, Train_accy 91.70, Test_accy 79.34: 100%|██████████| 50/50 [18:06<00:00, 21.73s/it]
2025-07-07 19:43:11,010 [lae.py] => Task 1, Epoch 50/50 => Loss 0.289, Train_accy 91.70, Test_accy 79.34
2025-07-07 19:43:25,531 [trainer.py] => No NME accuracy.
2025-07-07 19:43:25,532 [trainer.py] => CNN: {'total': 79.34, '00-39': 83.04, '40-79': 75.19, 'old': 83.04, 'new': 75.19}
2025-07-07 19:43:25,532 [trainer.py] => CNN top1 curve: [84.63, 79.34]
2025-07-07 19:43:25,532 [trainer.py] => CNN top5 curve: [94.85, 92.43]

Average Accuracy (CNN): 81.98
2025-07-07 19:43:25,532 [trainer.py] => Average Accuracy (CNN): 81.98 

2025-07-07 19:43:25,533 [trainer.py] => All params: 86167396
2025-07-07 19:43:25,535 [trainer.py] => Trainable params: 215130
2025-07-07 19:43:25,537 [lae.py] => Learning on 80-120

  0%|          | 0/50 [00:00<?, ?it/s]
Task 2, Epoch 1/50 => Loss 4.295, Train_accy 18.31:   0%|          | 0/50 [00:14<?, ?it/s]
Task 2, Epoch 1/50 => Loss 4.295, Train_accy 18.31:   2%|▏         | 1/50 [00:14<11:32, 14.14s/it]
Task 2, Epoch 2/50 => Loss 2.036, Train_accy 51.55:   2%|▏         | 1/50 [00:28<11:32, 14.14s/it]
Task 2, Epoch 2/50 => Loss 2.036, Train_accy 51.55:   4%|▍         | 2/50 [00:28<11:23, 14.25s/it]
Task 2, Epoch 3/50 => Loss 1.441, Train_accy 63.57:   4%|▍         | 2/50 [00:42<11:23, 14.25s/it]
Task 2, Epoch 3/50 => Loss 1.441, Train_accy 63.57:   6%|▌         | 3/50 [00:42<11:10, 14.26s/it]
Task 2, Epoch 4/50 => Loss 1.146, Train_accy 70.68:   6%|▌         | 3/50 [00:56<11:10, 14.26s/it]
Task 2, Epoch 4/50 => Loss 1.146, Train_accy 70.68:   8%|▊         | 4/50 [00:56<10:51, 14.16s/it]
Task 2, Epoch 5/50 => Loss 0.991, Train_accy 73.76, Test_accy 69.96:   8%|▊         | 4/50 [01:31<10:51, 14.16s/it]
Task 2, Epoch 5/50 => Loss 0.991, Train_accy 73.76, Test_accy 69.96:  10%|█         | 5/50 [01:31<16:08, 21.52s/it]
Task 2, Epoch 6/50 => Loss 0.899, Train_accy 75.91:  10%|█         | 5/50 [01:45<16:08, 21.52s/it]                 
Task 2, Epoch 6/50 => Loss 0.899, Train_accy 75.91:  12%|█▏        | 6/50 [01:45<14:01, 19.13s/it]
Task 2, Epoch 7/50 => Loss 0.800, Train_accy 77.95:  12%|█▏        | 6/50 [01:59<14:01, 19.13s/it]
Task 2, Epoch 7/50 => Loss 0.800, Train_accy 77.95:  14%|█▍        | 7/50 [01:59<12:32, 17.49s/it]
Task 2, Epoch 8/50 => Loss 0.761, Train_accy 79.34:  14%|█▍        | 7/50 [02:14<12:32, 17.49s/it]
Task 2, Epoch 8/50 => Loss 0.761, Train_accy 79.34:  16%|█▌        | 8/50 [02:14<11:29, 16.41s/it]
Task 2, Epoch 9/50 => Loss 0.668, Train_accy 81.69:  16%|█▌        | 8/50 [02:28<11:29, 16.41s/it]
Task 2, Epoch 9/50 => Loss 0.668, Train_accy 81.69:  18%|█▊        | 9/50 [02:28<10:44, 15.72s/it]
Task 2, Epoch 10/50 => Loss 0.663, Train_accy 82.05, Test_accy 73.03:  18%|█▊        | 9/50 [03:02<10:44, 15.72s/it]
Task 2, Epoch 10/50 => Loss 0.663, Train_accy 82.05, Test_accy 73.03:  20%|██        | 10/50 [03:02<14:19, 21.48s/it]
Task 2, Epoch 11/50 => Loss 0.589, Train_accy 83.76:  20%|██        | 10/50 [03:16<14:19, 21.48s/it]                 
Task 2, Epoch 11/50 => Loss 0.589, Train_accy 83.76:  22%|██▏       | 11/50 [03:16<12:32, 19.29s/it]
Task 2, Epoch 12/50 => Loss 0.577, Train_accy 83.39:  22%|██▏       | 11/50 [03:31<12:32, 19.29s/it]
Task 2, Epoch 12/50 => Loss 0.577, Train_accy 83.39:  24%|██▍       | 12/50 [03:31<11:12, 17.71s/it]
Task 2, Epoch 13/50 => Loss 0.557, Train_accy 85.04:  24%|██▍       | 12/50 [03:45<11:12, 17.71s/it]
Task 2, Epoch 13/50 => Loss 0.557, Train_accy 85.04:  26%|██▌       | 13/50 [03:45<10:14, 16.61s/it]
Task 2, Epoch 14/50 => Loss 0.544, Train_accy 85.76:  26%|██▌       | 13/50 [03:59<10:14, 16.61s/it]
Task 2, Epoch 14/50 => Loss 0.544, Train_accy 85.76:  28%|██▊       | 14/50 [03:59<09:35, 15.98s/it]
Task 2, Epoch 15/50 => Loss 0.499, Train_accy 86.14, Test_accy 74.29:  28%|██▊       | 14/50 [04:33<09:35, 15.98s/it]
Task 2, Epoch 15/50 => Loss 0.499, Train_accy 86.14, Test_accy 74.29:  30%|███       | 15/50 [04:33<12:31, 21.48s/it]
Task 2, Epoch 16/50 => Loss 0.504, Train_accy 85.97:  30%|███       | 15/50 [04:47<12:31, 21.48s/it]                 
Task 2, Epoch 16/50 => Loss 0.504, Train_accy 85.97:  32%|███▏      | 16/50 [04:47<10:52, 19.19s/it]
Task 2, Epoch 17/50 => Loss 0.467, Train_accy 87.60:  32%|███▏      | 16/50 [05:01<10:52, 19.19s/it]
Task 2, Epoch 17/50 => Loss 0.467, Train_accy 87.60:  34%|███▍      | 17/50 [05:01<09:43, 17.68s/it]
Task 2, Epoch 18/50 => Loss 0.452, Train_accy 87.60:  34%|███▍      | 17/50 [05:15<09:43, 17.68s/it]
Task 2, Epoch 18/50 => Loss 0.452, Train_accy 87.60:  36%|███▌      | 18/50 [05:15<08:51, 16.61s/it]
Task 2, Epoch 19/50 => Loss 0.434, Train_accy 88.12:  36%|███▌      | 18/50 [05:29<08:51, 16.61s/it]
Task 2, Epoch 19/50 => Loss 0.434, Train_accy 88.12:  38%|███▊      | 19/50 [05:29<08:08, 15.76s/it]
Task 2, Epoch 20/50 => Loss 0.422, Train_accy 88.76, Test_accy 74.71:  38%|███▊      | 19/50 [06:04<08:08, 15.76s/it]
Task 2, Epoch 20/50 => Loss 0.422, Train_accy 88.76, Test_accy 74.71:  40%|████      | 20/50 [06:04<10:39, 21.31s/it]
Task 2, Epoch 21/50 => Loss 0.436, Train_accy 87.93:  40%|████      | 20/50 [06:18<10:39, 21.31s/it]                 
Task 2, Epoch 21/50 => Loss 0.436, Train_accy 87.93:  42%|████▏     | 21/50 [06:18<09:17, 19.24s/it]
Task 2, Epoch 22/50 => Loss 0.422, Train_accy 88.45:  42%|████▏     | 21/50 [06:32<09:17, 19.24s/it]
Task 2, Epoch 22/50 => Loss 0.422, Train_accy 88.45:  44%|████▍     | 22/50 [06:32<08:13, 17.64s/it]
Task 2, Epoch 23/50 => Loss 0.415, Train_accy 88.62:  44%|████▍     | 22/50 [06:46<08:13, 17.64s/it]
Task 2, Epoch 23/50 => Loss 0.415, Train_accy 88.62:  46%|████▌     | 23/50 [06:46<07:28, 16.63s/it]
Task 2, Epoch 24/50 => Loss 0.372, Train_accy 90.10:  46%|████▌     | 23/50 [07:00<07:28, 16.63s/it]
Task 2, Epoch 24/50 => Loss 0.372, Train_accy 90.10:  48%|████▊     | 24/50 [07:00<06:53, 15.90s/it]
Task 2, Epoch 25/50 => Loss 0.386, Train_accy 89.09, Test_accy 75.01:  48%|████▊     | 24/50 [07:34<06:53, 15.90s/it]
Task 2, Epoch 25/50 => Loss 0.386, Train_accy 89.09, Test_accy 75.01:  50%|█████     | 25/50 [07:34<08:53, 21.35s/it]
Task 2, Epoch 26/50 => Loss 0.371, Train_accy 89.86:  50%|█████     | 25/50 [07:48<08:53, 21.35s/it]                 
Task 2, Epoch 26/50 => Loss 0.371, Train_accy 89.86:  52%|█████▏    | 26/50 [07:48<07:40, 19.17s/it]
Task 2, Epoch 27/50 => Loss 0.374, Train_accy 89.79:  52%|█████▏    | 26/50 [08:03<07:40, 19.17s/it]
Task 2, Epoch 27/50 => Loss 0.374, Train_accy 89.79:  54%|█████▍    | 27/50 [08:03<06:46, 17.67s/it]
Task 2, Epoch 28/50 => Loss 0.372, Train_accy 90.12:  54%|█████▍    | 27/50 [08:17<06:46, 17.67s/it]
Task 2, Epoch 28/50 => Loss 0.372, Train_accy 90.12:  56%|█████▌    | 28/50 [08:17<06:05, 16.60s/it]
Task 2, Epoch 29/50 => Loss 0.337, Train_accy 90.50:  56%|█████▌    | 28/50 [08:31<06:05, 16.60s/it]
Task 2, Epoch 29/50 => Loss 0.337, Train_accy 90.50:  58%|█████▊    | 29/50 [08:31<05:32, 15.84s/it]
Task 2, Epoch 30/50 => Loss 0.350, Train_accy 90.58, Test_accy 75.20:  58%|█████▊    | 29/50 [09:07<05:32, 15.84s/it]
Task 2, Epoch 30/50 => Loss 0.350, Train_accy 90.58, Test_accy 75.20:  60%|██████    | 30/50 [09:07<07:18, 21.93s/it]
Task 2, Epoch 31/50 => Loss 0.361, Train_accy 90.29:  60%|██████    | 30/50 [10:03<07:18, 21.93s/it]                 
Task 2, Epoch 31/50 => Loss 0.361, Train_accy 90.29:  62%|██████▏   | 31/50 [10:03<10:12, 32.24s/it]
Task 2, Epoch 32/50 => Loss 0.350, Train_accy 90.12:  62%|██████▏   | 31/50 [10:59<10:12, 32.24s/it]
Task 2, Epoch 32/50 => Loss 0.350, Train_accy 90.12:  64%|██████▍   | 32/50 [10:59<11:46, 39.27s/it]
Task 2, Epoch 33/50 => Loss 0.338, Train_accy 90.70:  64%|██████▍   | 32/50 [11:39<11:46, 39.27s/it]
Task 2, Epoch 33/50 => Loss 0.338, Train_accy 90.70:  66%|██████▌   | 33/50 [11:39<11:10, 39.46s/it]
Task 2, Epoch 34/50 => Loss 0.334, Train_accy 90.68:  66%|██████▌   | 33/50 [12:07<11:10, 39.46s/it]
Task 2, Epoch 34/50 => Loss 0.334, Train_accy 90.68:  68%|██████▊   | 34/50 [12:07<09:36, 36.03s/it]
Task 2, Epoch 35/50 => Loss 0.308, Train_accy 91.82, Test_accy 75.94:  68%|██████▊   | 34/50 [12:56<09:36, 36.03s/it]
Task 2, Epoch 35/50 => Loss 0.308, Train_accy 91.82, Test_accy 75.94:  70%|███████   | 35/50 [12:56<09:57, 39.84s/it]
Task 2, Epoch 36/50 => Loss 0.321, Train_accy 91.22:  70%|███████   | 35/50 [13:24<09:57, 39.84s/it]                 
Task 2, Epoch 36/50 => Loss 0.321, Train_accy 91.22:  72%|███████▏  | 36/50 [13:24<08:27, 36.26s/it]
Task 2, Epoch 37/50 => Loss 0.313, Train_accy 91.26:  72%|███████▏  | 36/50 [13:51<08:27, 36.26s/it]
Task 2, Epoch 37/50 => Loss 0.313, Train_accy 91.26:  74%|███████▍  | 37/50 [13:51<07:17, 33.64s/it]
Task 2, Epoch 38/50 => Loss 0.322, Train_accy 90.97:  74%|███████▍  | 37/50 [14:19<07:17, 33.64s/it]
Task 2, Epoch 38/50 => Loss 0.322, Train_accy 90.97:  76%|███████▌  | 38/50 [14:19<06:21, 31.82s/it]
Task 2, Epoch 39/50 => Loss 0.318, Train_accy 91.24:  76%|███████▌  | 38/50 [14:46<06:21, 31.82s/it]
Task 2, Epoch 39/50 => Loss 0.318, Train_accy 91.24:  78%|███████▊  | 39/50 [14:46<05:36, 30.60s/it]
Task 2, Epoch 40/50 => Loss 0.301, Train_accy 91.71, Test_accy 76.08:  78%|███████▊  | 39/50 [15:35<05:36, 30.60s/it]
Task 2, Epoch 40/50 => Loss 0.301, Train_accy 91.71, Test_accy 76.08:  80%|████████  | 40/50 [15:35<05:58, 35.88s/it]
Task 2, Epoch 41/50 => Loss 0.320, Train_accy 91.32:  80%|████████  | 40/50 [16:03<05:58, 35.88s/it]                 
Task 2, Epoch 41/50 => Loss 0.320, Train_accy 91.32:  82%|████████▏ | 41/50 [16:03<05:02, 33.62s/it]
Task 2, Epoch 42/50 => Loss 0.276, Train_accy 92.56:  82%|████████▏ | 41/50 [16:31<05:02, 33.62s/it]
Task 2, Epoch 42/50 => Loss 0.276, Train_accy 92.56:  84%|████████▍ | 42/50 [16:31<04:15, 31.95s/it]
Task 2, Epoch 43/50 => Loss 0.298, Train_accy 91.51:  84%|████████▍ | 42/50 [16:59<04:15, 31.95s/it]
Task 2, Epoch 43/50 => Loss 0.298, Train_accy 91.51:  86%|████████▌ | 43/50 [16:59<03:35, 30.83s/it]
Task 2, Epoch 44/50 => Loss 0.283, Train_accy 91.74:  86%|████████▌ | 43/50 [17:27<03:35, 30.83s/it]
Task 2, Epoch 44/50 => Loss 0.283, Train_accy 91.74:  88%|████████▊ | 44/50 [17:27<03:00, 30.01s/it]
Task 2, Epoch 45/50 => Loss 0.269, Train_accy 92.44, Test_accy 75.83:  88%|████████▊ | 44/50 [18:16<03:00, 30.01s/it]
Task 2, Epoch 45/50 => Loss 0.269, Train_accy 92.44, Test_accy 75.83:  90%|█████████ | 45/50 [18:16<02:58, 35.76s/it]
Task 2, Epoch 46/50 => Loss 0.254, Train_accy 93.37:  90%|█████████ | 45/50 [18:45<02:58, 35.76s/it]                 
Task 2, Epoch 46/50 => Loss 0.254, Train_accy 93.37:  92%|█████████▏| 46/50 [18:45<02:13, 33.47s/it]
Task 2, Epoch 47/50 => Loss 0.286, Train_accy 91.96:  92%|█████████▏| 46/50 [19:13<02:13, 33.47s/it]
Task 2, Epoch 47/50 => Loss 0.286, Train_accy 91.96:  94%|█████████▍| 47/50 [19:13<01:35, 31.81s/it]
Task 2, Epoch 48/50 => Loss 0.289, Train_accy 91.98:  94%|█████████▍| 47/50 [19:41<01:35, 31.81s/it]
Task 2, Epoch 48/50 => Loss 0.289, Train_accy 91.98:  96%|█████████▌| 48/50 [19:41<01:01, 30.71s/it]
Task 2, Epoch 49/50 => Loss 0.277, Train_accy 92.40:  96%|█████████▌| 48/50 [20:09<01:01, 30.71s/it]
Task 2, Epoch 49/50 => Loss 0.277, Train_accy 92.40:  98%|█████████▊| 49/50 [20:09<00:29, 29.88s/it]
Task 2, Epoch 50/50 => Loss 0.268, Train_accy 92.81, Test_accy 76.16:  98%|█████████▊| 49/50 [20:57<00:29, 29.88s/it]
Task 2, Epoch 50/50 => Loss 0.268, Train_accy 92.81, Test_accy 76.16: 100%|██████████| 50/50 [20:57<00:00, 35.51s/it]
Task 2, Epoch 50/50 => Loss 0.268, Train_accy 92.81, Test_accy 76.16: 100%|██████████| 50/50 [20:57<00:00, 25.15s/it]
2025-07-07 20:04:23,291 [lae.py] => Task 2, Epoch 50/50 => Loss 0.268, Train_accy 92.81, Test_accy 76.16
2025-07-07 20:04:43,555 [trainer.py] => No NME accuracy.
2025-07-07 20:04:43,556 [trainer.py] => CNN: {'total': 76.16, '00-39': 80.7, '40-79': 71.88, '80-119': 75.33, 'old': 76.54, 'new': 75.33}
2025-07-07 20:04:43,556 [trainer.py] => CNN top1 curve: [84.63, 79.34, 76.16]
2025-07-07 20:04:43,556 [trainer.py] => CNN top5 curve: [94.85, 92.43, 89.3]

Average Accuracy (CNN): 80.04
2025-07-07 20:04:43,556 [trainer.py] => Average Accuracy (CNN): 80.04 

2025-07-07 20:04:43,558 [trainer.py] => All params: 86198156
2025-07-07 20:04:43,559 [trainer.py] => Trainable params: 245890
2025-07-07 20:04:43,561 [lae.py] => Learning on 120-160

  0%|          | 0/50 [00:00<?, ?it/s]
Task 3, Epoch 1/50 => Loss 4.505, Train_accy 18.10:   0%|          | 0/50 [00:14<?, ?it/s]
Task 3, Epoch 1/50 => Loss 4.505, Train_accy 18.10:   2%|▏         | 1/50 [00:14<11:49, 14.48s/it]
Task 3, Epoch 2/50 => Loss 1.989, Train_accy 53.46:   2%|▏         | 1/50 [00:28<11:49, 14.48s/it]
Task 3, Epoch 2/50 => Loss 1.989, Train_accy 53.46:   4%|▍         | 2/50 [00:28<11:28, 14.35s/it]
Task 3, Epoch 3/50 => Loss 1.400, Train_accy 65.75:   4%|▍         | 2/50 [00:43<11:28, 14.35s/it]
Task 3, Epoch 3/50 => Loss 1.400, Train_accy 65.75:   6%|▌         | 3/50 [00:43<11:21, 14.49s/it]
Task 3, Epoch 4/50 => Loss 1.076, Train_accy 72.87:   6%|▌         | 3/50 [00:57<11:21, 14.49s/it]
Task 3, Epoch 4/50 => Loss 1.076, Train_accy 72.87:   8%|▊         | 4/50 [00:57<11:05, 14.47s/it]
Task 3, Epoch 5/50 => Loss 0.955, Train_accy 74.80, Test_accy 67.49:   8%|▊         | 4/50 [01:39<11:05, 14.47s/it]
Task 3, Epoch 5/50 => Loss 0.955, Train_accy 74.80, Test_accy 67.49:  10%|█         | 5/50 [01:39<18:10, 24.22s/it]
Task 3, Epoch 6/50 => Loss 0.839, Train_accy 77.87:  10%|█         | 5/50 [01:54<18:10, 24.22s/it]                 
Task 3, Epoch 6/50 => Loss 0.839, Train_accy 77.87:  12%|█▏        | 6/50 [01:54<15:22, 20.98s/it]
Task 3, Epoch 7/50 => Loss 0.785, Train_accy 79.05:  12%|█▏        | 6/50 [02:08<15:22, 20.98s/it]
Task 3, Epoch 7/50 => Loss 0.785, Train_accy 79.05:  14%|█▍        | 7/50 [02:08<13:33, 18.91s/it]
Task 3, Epoch 8/50 => Loss 0.699, Train_accy 80.87:  14%|█▍        | 7/50 [02:23<13:33, 18.91s/it]
Task 3, Epoch 8/50 => Loss 0.699, Train_accy 80.87:  16%|█▌        | 8/50 [02:23<12:15, 17.52s/it]
Task 3, Epoch 9/50 => Loss 0.654, Train_accy 82.55:  16%|█▌        | 8/50 [02:37<12:15, 17.52s/it]
Task 3, Epoch 9/50 => Loss 0.654, Train_accy 82.55:  18%|█▊        | 9/50 [02:37<11:20, 16.60s/it]
Task 3, Epoch 10/50 => Loss 0.604, Train_accy 83.26, Test_accy 70.73:  18%|█▊        | 9/50 [03:20<11:20, 16.60s/it]
Task 3, Epoch 10/50 => Loss 0.604, Train_accy 83.26, Test_accy 70.73:  20%|██        | 10/50 [03:20<16:20, 24.51s/it]
Task 3, Epoch 11/50 => Loss 0.577, Train_accy 84.25:  20%|██        | 10/50 [03:34<16:20, 24.51s/it]                 
Task 3, Epoch 11/50 => Loss 0.577, Train_accy 84.25:  22%|██▏       | 11/50 [03:34<13:55, 21.42s/it]
Task 3, Epoch 12/50 => Loss 0.529, Train_accy 85.75:  22%|██▏       | 11/50 [03:48<13:55, 21.42s/it]
Task 3, Epoch 12/50 => Loss 0.529, Train_accy 85.75:  24%|██▍       | 12/50 [03:48<12:13, 19.30s/it]
Task 3, Epoch 13/50 => Loss 0.519, Train_accy 86.01:  24%|██▍       | 12/50 [04:03<12:13, 19.30s/it]
Task 3, Epoch 13/50 => Loss 0.519, Train_accy 86.01:  26%|██▌       | 13/50 [04:03<11:01, 17.87s/it]
Task 3, Epoch 14/50 => Loss 0.493, Train_accy 86.21:  26%|██▌       | 13/50 [04:17<11:01, 17.87s/it]
Task 3, Epoch 14/50 => Loss 0.493, Train_accy 86.21:  28%|██▊       | 14/50 [04:17<10:05, 16.83s/it]
Task 3, Epoch 15/50 => Loss 0.466, Train_accy 87.19, Test_accy 71.90:  28%|██▊       | 14/50 [04:59<10:05, 16.83s/it]
Task 3, Epoch 15/50 => Loss 0.466, Train_accy 87.19, Test_accy 71.90:  30%|███       | 15/50 [04:59<14:09, 24.28s/it]
Task 3, Epoch 16/50 => Loss 0.443, Train_accy 88.12:  30%|███       | 15/50 [05:14<14:09, 24.28s/it]                 
Task 3, Epoch 16/50 => Loss 0.443, Train_accy 88.12:  32%|███▏      | 16/50 [05:14<12:13, 21.57s/it]
Task 3, Epoch 17/50 => Loss 0.423, Train_accy 88.36:  32%|███▏      | 16/50 [05:29<12:13, 21.57s/it]
Task 3, Epoch 17/50 => Loss 0.423, Train_accy 88.36:  34%|███▍      | 17/50 [05:29<10:43, 19.50s/it]
Task 3, Epoch 18/50 => Loss 0.445, Train_accy 87.63:  34%|███▍      | 17/50 [05:43<10:43, 19.50s/it]
Task 3, Epoch 18/50 => Loss 0.445, Train_accy 87.63:  36%|███▌      | 18/50 [05:43<09:33, 17.92s/it]
Task 3, Epoch 19/50 => Loss 0.410, Train_accy 88.36:  36%|███▌      | 18/50 [05:58<09:33, 17.92s/it]
Task 3, Epoch 19/50 => Loss 0.410, Train_accy 88.36:  38%|███▊      | 19/50 [05:58<08:42, 16.87s/it]
Task 3, Epoch 20/50 => Loss 0.409, Train_accy 88.83, Test_accy 72.67:  38%|███▊      | 19/50 [06:39<08:42, 16.87s/it]
Task 3, Epoch 20/50 => Loss 0.409, Train_accy 88.83, Test_accy 72.67:  40%|████      | 20/50 [06:39<12:09, 24.32s/it]
Task 3, Epoch 21/50 => Loss 0.376, Train_accy 89.49:  40%|████      | 20/50 [06:54<12:09, 24.32s/it]                 
Task 3, Epoch 21/50 => Loss 0.376, Train_accy 89.49:  42%|████▏     | 21/50 [06:54<10:19, 21.36s/it]
Task 3, Epoch 22/50 => Loss 0.366, Train_accy 90.02:  42%|████▏     | 21/50 [07:08<10:19, 21.36s/it]
Task 3, Epoch 22/50 => Loss 0.366, Train_accy 90.02:  44%|████▍     | 22/50 [07:08<09:02, 19.36s/it]
Task 3, Epoch 23/50 => Loss 0.365, Train_accy 89.88:  44%|████▍     | 22/50 [07:23<09:02, 19.36s/it]
Task 3, Epoch 23/50 => Loss 0.365, Train_accy 89.88:  46%|████▌     | 23/50 [07:23<08:03, 17.92s/it]
Task 3, Epoch 24/50 => Loss 0.344, Train_accy 90.28:  46%|████▌     | 23/50 [07:37<08:03, 17.92s/it]
Task 3, Epoch 24/50 => Loss 0.344, Train_accy 90.28:  48%|████▊     | 24/50 [07:37<07:17, 16.82s/it]
Task 3, Epoch 25/50 => Loss 0.370, Train_accy 90.04, Test_accy 73.15:  48%|████▊     | 24/50 [08:19<07:17, 16.82s/it]
Task 3, Epoch 25/50 => Loss 0.370, Train_accy 90.04, Test_accy 73.15:  50%|█████     | 25/50 [08:19<10:08, 24.35s/it]
Task 3, Epoch 26/50 => Loss 0.357, Train_accy 90.34:  50%|█████     | 25/50 [08:33<10:08, 24.35s/it]                 
Task 3, Epoch 26/50 => Loss 0.357, Train_accy 90.34:  52%|█████▏    | 26/50 [08:33<08:32, 21.35s/it]
Task 3, Epoch 27/50 => Loss 0.330, Train_accy 90.85:  52%|█████▏    | 26/50 [08:48<08:32, 21.35s/it]
Task 3, Epoch 27/50 => Loss 0.330, Train_accy 90.85:  54%|█████▍    | 27/50 [08:48<07:21, 19.21s/it]
Task 3, Epoch 28/50 => Loss 0.319, Train_accy 91.46:  54%|█████▍    | 27/50 [09:03<07:21, 19.21s/it]
Task 3, Epoch 28/50 => Loss 0.319, Train_accy 91.46:  56%|█████▌    | 28/50 [09:03<06:34, 17.93s/it]
Task 3, Epoch 29/50 => Loss 0.342, Train_accy 90.69:  56%|█████▌    | 28/50 [09:17<06:34, 17.93s/it]
Task 3, Epoch 29/50 => Loss 0.342, Train_accy 90.69:  58%|█████▊    | 29/50 [09:17<05:52, 16.81s/it]
Task 3, Epoch 30/50 => Loss 0.317, Train_accy 91.36, Test_accy 73.36:  58%|█████▊    | 29/50 [09:58<05:52, 16.81s/it]
Task 3, Epoch 30/50 => Loss 0.317, Train_accy 91.36, Test_accy 73.36:  60%|██████    | 30/50 [09:58<08:03, 24.17s/it]
Task 3, Epoch 31/50 => Loss 0.316, Train_accy 91.54:  60%|██████    | 30/50 [10:26<08:03, 24.17s/it]                 
Task 3, Epoch 31/50 => Loss 0.316, Train_accy 91.54:  62%|██████▏   | 31/50 [10:26<08:02, 25.39s/it]
Task 3, Epoch 32/50 => Loss 0.329, Train_accy 91.21:  62%|██████▏   | 31/50 [10:55<08:02, 25.39s/it]
Task 3, Epoch 32/50 => Loss 0.329, Train_accy 91.21:  64%|██████▍   | 32/50 [10:55<07:52, 26.25s/it]
Task 3, Epoch 33/50 => Loss 0.311, Train_accy 91.28:  64%|██████▍   | 32/50 [11:23<07:52, 26.25s/it]
Task 3, Epoch 33/50 => Loss 0.311, Train_accy 91.28:  66%|██████▌   | 33/50 [11:23<07:38, 26.99s/it]
Task 3, Epoch 34/50 => Loss 0.302, Train_accy 91.60:  66%|██████▌   | 33/50 [11:52<07:38, 26.99s/it]
Task 3, Epoch 34/50 => Loss 0.302, Train_accy 91.60:  68%|██████▊   | 34/50 [11:52<07:18, 27.39s/it]
Task 3, Epoch 35/50 => Loss 0.296, Train_accy 91.82, Test_accy 74.06:  68%|██████▊   | 34/50 [12:47<07:18, 27.39s/it]
Task 3, Epoch 35/50 => Loss 0.296, Train_accy 91.82, Test_accy 74.06:  70%|███████   | 35/50 [12:47<08:57, 35.82s/it]
Task 3, Epoch 36/50 => Loss 0.289, Train_accy 92.11:  70%|███████   | 35/50 [13:15<08:57, 35.82s/it]                 
Task 3, Epoch 36/50 => Loss 0.289, Train_accy 92.11:  72%|███████▏  | 36/50 [13:15<07:49, 33.54s/it]
Task 3, Epoch 37/50 => Loss 0.282, Train_accy 92.43:  72%|███████▏  | 36/50 [13:44<07:49, 33.54s/it]
Task 3, Epoch 37/50 => Loss 0.282, Train_accy 92.43:  74%|███████▍  | 37/50 [13:44<06:56, 32.07s/it]
Task 3, Epoch 38/50 => Loss 0.278, Train_accy 91.92:  74%|███████▍  | 37/50 [14:13<06:56, 32.07s/it]
Task 3, Epoch 38/50 => Loss 0.278, Train_accy 91.92:  76%|███████▌  | 38/50 [14:13<06:12, 31.03s/it]
Task 3, Epoch 39/50 => Loss 0.282, Train_accy 92.15:  76%|███████▌  | 38/50 [14:42<06:12, 31.03s/it]
Task 3, Epoch 39/50 => Loss 0.282, Train_accy 92.15:  78%|███████▊  | 39/50 [14:42<05:34, 30.37s/it]
Task 3, Epoch 40/50 => Loss 0.298, Train_accy 91.96, Test_accy 74.51:  78%|███████▊  | 39/50 [15:37<05:34, 30.37s/it]
Task 3, Epoch 40/50 => Loss 0.298, Train_accy 91.96, Test_accy 74.51:  80%|████████  | 40/50 [15:37<06:18, 37.88s/it]
Task 3, Epoch 41/50 => Loss 0.246, Train_accy 93.22:  80%|████████  | 40/50 [16:05<06:18, 37.88s/it]                 
Task 3, Epoch 41/50 => Loss 0.246, Train_accy 93.22:  82%|████████▏ | 41/50 [16:05<05:15, 35.03s/it]
Task 3, Epoch 42/50 => Loss 0.268, Train_accy 92.77:  82%|████████▏ | 41/50 [16:33<05:15, 35.03s/it]
Task 3, Epoch 42/50 => Loss 0.268, Train_accy 92.77:  84%|████████▍ | 42/50 [16:33<04:23, 32.96s/it]
Task 3, Epoch 43/50 => Loss 0.254, Train_accy 92.65:  84%|████████▍ | 42/50 [17:02<04:23, 32.96s/it]
Task 3, Epoch 43/50 => Loss 0.254, Train_accy 92.65:  86%|████████▌ | 43/50 [17:02<03:41, 31.64s/it]
Task 3, Epoch 44/50 => Loss 0.270, Train_accy 92.39:  86%|████████▌ | 43/50 [17:30<03:41, 31.64s/it]
Task 3, Epoch 44/50 => Loss 0.270, Train_accy 92.39:  88%|████████▊ | 44/50 [17:30<03:03, 30.62s/it]
Task 3, Epoch 45/50 => Loss 0.260, Train_accy 92.59, Test_accy 74.17:  88%|████████▊ | 44/50 [18:26<03:03, 30.62s/it]
Task 3, Epoch 45/50 => Loss 0.260, Train_accy 92.59, Test_accy 74.17:  90%|█████████ | 45/50 [18:26<03:10, 38.10s/it]
Task 3, Epoch 46/50 => Loss 0.250, Train_accy 93.30:  90%|█████████ | 45/50 [18:54<03:10, 38.10s/it]                 
Task 3, Epoch 46/50 => Loss 0.250, Train_accy 93.30:  92%|█████████▏| 46/50 [18:54<02:20, 35.24s/it]
Task 3, Epoch 47/50 => Loss 0.255, Train_accy 92.85:  92%|█████████▏| 46/50 [19:23<02:20, 35.24s/it]
Task 3, Epoch 47/50 => Loss 0.255, Train_accy 92.85:  94%|█████████▍| 47/50 [19:23<01:39, 33.17s/it]
Task 3, Epoch 48/50 => Loss 0.245, Train_accy 93.10:  94%|█████████▍| 47/50 [19:51<01:39, 33.17s/it]
Task 3, Epoch 48/50 => Loss 0.245, Train_accy 93.10:  96%|█████████▌| 48/50 [19:51<01:03, 31.78s/it]
Task 3, Epoch 49/50 => Loss 0.270, Train_accy 92.63:  96%|█████████▌| 48/50 [20:20<01:03, 31.78s/it]
Task 3, Epoch 49/50 => Loss 0.270, Train_accy 92.63:  98%|█████████▊| 49/50 [20:20<00:30, 30.80s/it]
Task 3, Epoch 50/50 => Loss 0.253, Train_accy 93.38, Test_accy 74.02:  98%|█████████▊| 49/50 [21:15<00:30, 30.80s/it]
Task 3, Epoch 50/50 => Loss 0.253, Train_accy 93.38, Test_accy 74.02: 100%|██████████| 50/50 [21:15<00:00, 38.20s/it]
Task 3, Epoch 50/50 => Loss 0.253, Train_accy 93.38, Test_accy 74.02: 100%|██████████| 50/50 [21:15<00:00, 25.51s/it]
2025-07-07 20:25:59,250 [lae.py] => Task 3, Epoch 50/50 => Loss 0.253, Train_accy 93.38, Test_accy 74.02
2025-07-07 20:26:26,510 [trainer.py] => No NME accuracy.
2025-07-07 20:26:26,511 [trainer.py] => CNN: {'total': 74.02, '00-39': 78.35, '40-79': 71.03, '80-119': 73.23, '120-159': 73.04, 'old': 74.38, 'new': 73.04}
2025-07-07 20:26:26,511 [trainer.py] => CNN top1 curve: [84.63, 79.34, 76.16, 74.02]
2025-07-07 20:26:26,511 [trainer.py] => CNN top5 curve: [94.85, 92.43, 89.3, 88.04]

Average Accuracy (CNN): 78.54
2025-07-07 20:26:26,511 [trainer.py] => Average Accuracy (CNN): 78.54 

2025-07-07 20:26:26,512 [trainer.py] => All params: 86228916
2025-07-07 20:26:26,513 [trainer.py] => Trainable params: 276650
2025-07-07 20:26:26,517 [lae.py] => Learning on 160-200

  0%|          | 0/50 [00:00<?, ?it/s]
Task 4, Epoch 1/50 => Loss 4.770, Train_accy 13.73:   0%|          | 0/50 [00:12<?, ?it/s]
Task 4, Epoch 1/50 => Loss 4.770, Train_accy 13.73:   2%|▏         | 1/50 [00:12<10:01, 12.28s/it]
Task 4, Epoch 2/50 => Loss 2.272, Train_accy 47.20:   2%|▏         | 1/50 [00:24<10:01, 12.28s/it]
Task 4, Epoch 2/50 => Loss 2.272, Train_accy 47.20:   4%|▍         | 2/50 [00:24<09:49, 12.29s/it]
Task 4, Epoch 3/50 => Loss 1.535, Train_accy 62.78:   4%|▍         | 2/50 [00:36<09:49, 12.29s/it]
Task 4, Epoch 3/50 => Loss 1.535, Train_accy 62.78:   6%|▌         | 3/50 [00:36<09:39, 12.33s/it]
Task 4, Epoch 4/50 => Loss 1.240, Train_accy 69.23:   6%|▌         | 3/50 [00:49<09:39, 12.33s/it]
Task 4, Epoch 4/50 => Loss 1.240, Train_accy 69.23:   8%|▊         | 4/50 [00:49<09:26, 12.32s/it]
Task 4, Epoch 5/50 => Loss 1.057, Train_accy 72.90, Test_accy 67.52:   8%|▊         | 4/50 [01:34<09:26, 12.32s/it]
Task 4, Epoch 5/50 => Loss 1.057, Train_accy 72.90, Test_accy 67.52:  10%|█         | 5/50 [01:34<18:06, 24.15s/it]
Task 4, Epoch 6/50 => Loss 0.961, Train_accy 75.01:  10%|█         | 5/50 [01:46<18:06, 24.15s/it]                 
Task 4, Epoch 6/50 => Loss 0.961, Train_accy 75.01:  12%|█▏        | 6/50 [01:46<14:49, 20.22s/it]
Task 4, Epoch 7/50 => Loss 0.834, Train_accy 78.26:  12%|█▏        | 6/50 [01:59<14:49, 20.22s/it]
Task 4, Epoch 7/50 => Loss 0.834, Train_accy 78.26:  14%|█▍        | 7/50 [01:59<12:37, 17.61s/it]
Task 4, Epoch 8/50 => Loss 0.821, Train_accy 78.73:  14%|█▍        | 7/50 [02:11<12:37, 17.61s/it]
Task 4, Epoch 8/50 => Loss 0.821, Train_accy 78.73:  16%|█▌        | 8/50 [02:11<11:11, 15.99s/it]
Task 4, Epoch 9/50 => Loss 0.735, Train_accy 80.32:  16%|█▌        | 8/50 [02:24<11:11, 15.99s/it]
Task 4, Epoch 9/50 => Loss 0.735, Train_accy 80.32:  18%|█▊        | 9/50 [02:24<10:09, 14.87s/it]
Task 4, Epoch 10/50 => Loss 0.636, Train_accy 82.84, Test_accy 69.37:  18%|█▊        | 9/50 [03:10<10:09, 14.87s/it]
Task 4, Epoch 10/50 => Loss 0.636, Train_accy 82.84, Test_accy 69.37:  20%|██        | 10/50 [03:10<16:18, 24.47s/it]
Task 4, Epoch 11/50 => Loss 0.628, Train_accy 82.86:  20%|██        | 10/50 [03:22<16:18, 24.47s/it]                 
Task 4, Epoch 11/50 => Loss 0.628, Train_accy 82.86:  22%|██▏       | 11/50 [03:22<13:32, 20.83s/it]
Task 4, Epoch 12/50 => Loss 0.595, Train_accy 83.50:  22%|██▏       | 11/50 [03:35<13:32, 20.83s/it]
Task 4, Epoch 12/50 => Loss 0.595, Train_accy 83.50:  24%|██▍       | 12/50 [03:35<11:33, 18.24s/it]
Task 4, Epoch 13/50 => Loss 0.579, Train_accy 84.42:  24%|██▍       | 12/50 [03:47<11:33, 18.24s/it]
Task 4, Epoch 13/50 => Loss 0.579, Train_accy 84.42:  26%|██▌       | 13/50 [03:47<10:08, 16.46s/it]
Task 4, Epoch 14/50 => Loss 0.540, Train_accy 85.04:  26%|██▌       | 13/50 [03:59<10:08, 16.46s/it]
Task 4, Epoch 14/50 => Loss 0.540, Train_accy 85.04:  28%|██▊       | 14/50 [03:59<09:06, 15.19s/it]
Task 4, Epoch 15/50 => Loss 0.536, Train_accy 85.18, Test_accy 70.25:  28%|██▊       | 14/50 [04:44<09:06, 15.19s/it]
Task 4, Epoch 15/50 => Loss 0.536, Train_accy 85.18, Test_accy 70.25:  30%|███       | 15/50 [04:44<14:07, 24.22s/it]
Task 4, Epoch 16/50 => Loss 0.532, Train_accy 85.51:  30%|███       | 15/50 [04:57<14:07, 24.22s/it]                 
Task 4, Epoch 16/50 => Loss 0.532, Train_accy 85.51:  32%|███▏      | 16/50 [04:57<11:41, 20.63s/it]
Task 4, Epoch 17/50 => Loss 0.508, Train_accy 86.18:  32%|███▏      | 16/50 [05:09<11:41, 20.63s/it]
Task 4, Epoch 17/50 => Loss 0.508, Train_accy 86.18:  34%|███▍      | 17/50 [05:09<10:01, 18.21s/it]
Task 4, Epoch 18/50 => Loss 0.459, Train_accy 87.62:  34%|███▍      | 17/50 [05:21<10:01, 18.21s/it]
Task 4, Epoch 18/50 => Loss 0.459, Train_accy 87.62:  36%|███▌      | 18/50 [05:21<08:46, 16.45s/it]
Task 4, Epoch 19/50 => Loss 0.446, Train_accy 87.70:  36%|███▌      | 18/50 [05:34<08:46, 16.45s/it]
Task 4, Epoch 19/50 => Loss 0.446, Train_accy 87.70:  38%|███▊      | 19/50 [05:34<07:50, 15.19s/it]
Task 4, Epoch 20/50 => Loss 0.454, Train_accy 87.72, Test_accy 70.73:  38%|███▊      | 19/50 [06:19<07:50, 15.19s/it]
Task 4, Epoch 20/50 => Loss 0.454, Train_accy 87.72, Test_accy 70.73:  40%|████      | 20/50 [06:19<12:08, 24.28s/it]
Task 4, Epoch 21/50 => Loss 0.451, Train_accy 88.05:  40%|████      | 20/50 [06:31<12:08, 24.28s/it]                 
Task 4, Epoch 21/50 => Loss 0.451, Train_accy 88.05:  42%|████▏     | 21/50 [06:32<09:59, 20.68s/it]
Task 4, Epoch 22/50 => Loss 0.408, Train_accy 88.93:  42%|████▏     | 21/50 [06:44<09:59, 20.68s/it]
Task 4, Epoch 22/50 => Loss 0.408, Train_accy 88.93:  44%|████▍     | 22/50 [06:44<08:30, 18.24s/it]
Task 4, Epoch 23/50 => Loss 0.401, Train_accy 89.31:  44%|████▍     | 22/50 [06:56<08:30, 18.24s/it]
Task 4, Epoch 23/50 => Loss 0.401, Train_accy 89.31:  46%|████▌     | 23/50 [06:56<07:24, 16.45s/it]
Task 4, Epoch 24/50 => Loss 0.381, Train_accy 89.69:  46%|████▌     | 23/50 [07:09<07:24, 16.45s/it]
Task 4, Epoch 24/50 => Loss 0.381, Train_accy 89.69:  48%|████▊     | 24/50 [07:09<06:35, 15.20s/it]
Task 4, Epoch 25/50 => Loss 0.399, Train_accy 89.36, Test_accy 70.83:  48%|████▊     | 24/50 [07:54<06:35, 15.20s/it]
Task 4, Epoch 25/50 => Loss 0.399, Train_accy 89.36, Test_accy 70.83:  50%|█████     | 25/50 [07:54<10:05, 24.21s/it]
Task 4, Epoch 26/50 => Loss 0.398, Train_accy 89.09:  50%|█████     | 25/50 [08:06<10:05, 24.21s/it]                 
Task 4, Epoch 26/50 => Loss 0.398, Train_accy 89.09:  52%|█████▏    | 26/50 [08:06<08:17, 20.72s/it]
Task 4, Epoch 27/50 => Loss 0.366, Train_accy 90.09:  52%|█████▏    | 26/50 [08:19<08:17, 20.72s/it]
Task 4, Epoch 27/50 => Loss 0.366, Train_accy 90.09:  54%|█████▍    | 27/50 [08:19<07:00, 18.27s/it]
Task 4, Epoch 28/50 => Loss 0.373, Train_accy 89.90:  54%|█████▍    | 27/50 [08:31<07:00, 18.27s/it]
Task 4, Epoch 28/50 => Loss 0.373, Train_accy 89.90:  56%|█████▌    | 28/50 [08:31<06:03, 16.54s/it]
Task 4, Epoch 29/50 => Loss 0.364, Train_accy 90.18:  56%|█████▌    | 28/50 [08:44<06:03, 16.54s/it]
Task 4, Epoch 29/50 => Loss 0.364, Train_accy 90.18:  58%|█████▊    | 29/50 [08:44<05:20, 15.28s/it]
Task 4, Epoch 30/50 => Loss 0.366, Train_accy 89.92, Test_accy 71.07:  58%|█████▊    | 29/50 [09:29<05:20, 15.28s/it]
Task 4, Epoch 30/50 => Loss 0.366, Train_accy 89.92, Test_accy 71.07:  60%|██████    | 30/50 [09:29<08:06, 24.30s/it]
Task 4, Epoch 31/50 => Loss 0.318, Train_accy 91.30:  60%|██████    | 30/50 [09:54<08:06, 24.30s/it]                 
Task 4, Epoch 31/50 => Loss 0.318, Train_accy 91.30:  62%|██████▏   | 31/50 [09:54<07:42, 24.36s/it]
Task 4, Epoch 32/50 => Loss 0.372, Train_accy 89.97:  62%|██████▏   | 31/50 [10:18<07:42, 24.36s/it]
Task 4, Epoch 32/50 => Loss 0.372, Train_accy 89.97:  64%|██████▍   | 32/50 [10:18<07:17, 24.32s/it]
Task 4, Epoch 33/50 => Loss 0.314, Train_accy 91.44:  64%|██████▍   | 32/50 [10:42<07:17, 24.32s/it]
Task 4, Epoch 33/50 => Loss 0.314, Train_accy 91.44:  66%|██████▌   | 33/50 [10:42<06:53, 24.32s/it]
Task 4, Epoch 34/50 => Loss 0.329, Train_accy 91.16:  66%|██████▌   | 33/50 [11:07<06:53, 24.32s/it]
Task 4, Epoch 34/50 => Loss 0.329, Train_accy 91.16:  68%|██████▊   | 34/50 [11:07<06:29, 24.37s/it]
Task 4, Epoch 35/50 => Loss 0.315, Train_accy 91.63, Test_accy 71.63:  68%|██████▊   | 34/50 [12:05<06:29, 24.37s/it]
Task 4, Epoch 35/50 => Loss 0.315, Train_accy 91.63, Test_accy 71.63:  70%|███████   | 35/50 [12:05<08:36, 34.44s/it]
Task 4, Epoch 36/50 => Loss 0.340, Train_accy 90.83:  70%|███████   | 35/50 [12:29<08:36, 34.44s/it]                 
Task 4, Epoch 36/50 => Loss 0.340, Train_accy 90.83:  72%|███████▏  | 36/50 [12:29<07:19, 31.41s/it]
Task 4, Epoch 37/50 => Loss 0.295, Train_accy 92.08:  72%|███████▏  | 36/50 [12:54<07:19, 31.41s/it]
Task 4, Epoch 37/50 => Loss 0.295, Train_accy 92.08:  74%|███████▍  | 37/50 [12:54<06:21, 29.38s/it]
Task 4, Epoch 38/50 => Loss 0.300, Train_accy 92.22:  74%|███████▍  | 37/50 [13:18<06:21, 29.38s/it]
Task 4, Epoch 38/50 => Loss 0.300, Train_accy 92.22:  76%|███████▌  | 38/50 [13:18<05:34, 27.84s/it]
Task 4, Epoch 39/50 => Loss 0.324, Train_accy 91.13:  76%|███████▌  | 38/50 [13:43<05:34, 27.84s/it]
Task 4, Epoch 39/50 => Loss 0.324, Train_accy 91.13:  78%|███████▊  | 39/50 [13:43<04:55, 26.89s/it]
Task 4, Epoch 40/50 => Loss 0.306, Train_accy 91.80, Test_accy 71.88:  78%|███████▊  | 39/50 [14:40<04:55, 26.89s/it]
Task 4, Epoch 40/50 => Loss 0.306, Train_accy 91.80, Test_accy 71.88:  80%|████████  | 40/50 [14:40<06:01, 36.14s/it]
Task 4, Epoch 41/50 => Loss 0.277, Train_accy 92.39:  80%|████████  | 40/50 [15:05<06:01, 36.14s/it]                 
Task 4, Epoch 41/50 => Loss 0.277, Train_accy 92.39:  82%|████████▏ | 41/50 [15:05<04:53, 32.63s/it]
Task 4, Epoch 42/50 => Loss 0.289, Train_accy 92.22:  82%|████████▏ | 41/50 [15:29<04:53, 32.63s/it]
Task 4, Epoch 42/50 => Loss 0.289, Train_accy 92.22:  84%|████████▍ | 42/50 [15:29<04:01, 30.19s/it]
Task 4, Epoch 43/50 => Loss 0.284, Train_accy 92.77:  84%|████████▍ | 42/50 [15:54<04:01, 30.19s/it]
Task 4, Epoch 43/50 => Loss 0.284, Train_accy 92.77:  86%|████████▌ | 43/50 [15:54<03:19, 28.44s/it]
Task 4, Epoch 44/50 => Loss 0.311, Train_accy 91.51:  86%|████████▌ | 43/50 [16:18<03:19, 28.44s/it]
Task 4, Epoch 44/50 => Loss 0.311, Train_accy 91.51:  88%|████████▊ | 44/50 [16:18<02:43, 27.28s/it]
Task 4, Epoch 45/50 => Loss 0.275, Train_accy 92.48, Test_accy 71.60:  88%|████████▊ | 44/50 [17:16<02:43, 27.28s/it]
Task 4, Epoch 45/50 => Loss 0.275, Train_accy 92.48, Test_accy 71.60:  90%|█████████ | 45/50 [17:16<03:02, 36.50s/it]
Task 4, Epoch 46/50 => Loss 0.309, Train_accy 92.01:  90%|█████████ | 45/50 [17:41<03:02, 36.50s/it]                 
Task 4, Epoch 46/50 => Loss 0.309, Train_accy 92.01:  92%|█████████▏| 46/50 [17:41<02:11, 32.88s/it]
Task 4, Epoch 47/50 => Loss 0.272, Train_accy 92.72:  92%|█████████▏| 46/50 [18:05<02:11, 32.88s/it]
Task 4, Epoch 47/50 => Loss 0.272, Train_accy 92.72:  94%|█████████▍| 47/50 [18:05<01:31, 30.37s/it]
Task 4, Epoch 48/50 => Loss 0.278, Train_accy 92.25:  94%|█████████▍| 47/50 [18:29<01:31, 30.37s/it]
Task 4, Epoch 48/50 => Loss 0.278, Train_accy 92.25:  96%|█████████▌| 48/50 [18:29<00:57, 28.53s/it]
Task 4, Epoch 49/50 => Loss 0.260, Train_accy 92.94:  96%|█████████▌| 48/50 [18:54<00:57, 28.53s/it]
Task 4, Epoch 49/50 => Loss 0.260, Train_accy 92.94:  98%|█████████▊| 49/50 [18:54<00:27, 27.30s/it]
Task 4, Epoch 50/50 => Loss 0.266, Train_accy 92.84, Test_accy 71.52:  98%|█████████▊| 49/50 [19:51<00:27, 27.30s/it]
Task 4, Epoch 50/50 => Loss 0.266, Train_accy 92.84, Test_accy 71.52: 100%|██████████| 50/50 [19:51<00:00, 36.21s/it]
Task 4, Epoch 50/50 => Loss 0.266, Train_accy 92.84, Test_accy 71.52: 100%|██████████| 50/50 [19:51<00:00, 23.82s/it]
2025-07-07 20:46:17,771 [lae.py] => Task 4, Epoch 50/50 => Loss 0.266, Train_accy 92.84, Test_accy 71.52
2025-07-07 20:46:50,832 [trainer.py] => No NME accuracy.
2025-07-07 20:46:50,832 [trainer.py] => CNN: {'total': 71.52, '00-39': 77.14, '40-79': 70.26, '80-119': 72.19, '120-159': 71.42, '160-199': 65.28, 'old': 72.85, 'new': 65.28}
2025-07-07 20:46:50,832 [trainer.py] => CNN top1 curve: [84.63, 79.34, 76.16, 74.02, 71.52]
2025-07-07 20:46:50,832 [trainer.py] => CNN top5 curve: [94.85, 92.43, 89.3, 88.04, 86.95]

Average Accuracy (CNN): 77.13
2025-07-07 20:46:50,832 [trainer.py] => Average Accuracy (CNN): 77.13 

Finished imagenetr_init40_inc40: vit_base_patch16_224_in21k_lae  
----------------------------------------------------------------------------------------------------
总训练时间: 5969.12 s
总测试时间: 102.93 s
每个任务每个epoch训练时间: 23.88 s
Accuracy Matrix (CNN):
[[84.63 83.04 80.7  78.35 77.14]
 [ 0.   75.19 71.88 71.03 70.26]
 [ 0.    0.   75.33 73.23 72.19]
 [ 0.    0.    0.   73.04 71.42]
 [ 0.    0.    0.    0.   65.28]]
2025-07-07 20:46:50,833 [trainer.py] => Forgetting (CNN): 4.294999999999998
2025-07-07 20:46:53,963 [trainer.py] => config: ./scripts/lae/lae_omn_B0_Inc30.json
2025-07-07 20:46:53,996 [trainer.py] => prefix:  
2025-07-07 20:46:53,996 [trainer.py] => dataset: omnibenchmark
2025-07-07 20:46:53,996 [trainer.py] => memory_size: 0
2025-07-07 20:46:53,996 [trainer.py] => memory_per_class: 0
2025-07-07 20:46:53,996 [trainer.py] => fixed_memory: False
2025-07-07 20:46:53,996 [trainer.py] => shuffle: True
2025-07-07 20:46:53,996 [trainer.py] => init_cls: 30
2025-07-07 20:46:53,996 [trainer.py] => increment: 30
2025-07-07 20:46:53,996 [trainer.py] => model_name: lae
2025-07-07 20:46:53,996 [trainer.py] => backbone_type: vit_base_patch16_224_in21k_lae
2025-07-07 20:46:53,996 [trainer.py] => device: [device(type='cuda', index=5)]
2025-07-07 20:46:53,996 [trainer.py] => seed: 1993
2025-07-07 20:46:53,996 [trainer.py] => tuned_epoch: 50
2025-07-07 20:46:53,996 [trainer.py] => init_lr: 0.00046875
2025-07-07 20:46:53,996 [trainer.py] => batch_size: 128
2025-07-07 20:46:53,996 [trainer.py] => weight_decay: 0
2025-07-07 20:46:53,996 [trainer.py] => min_lr: 1e-05
2025-07-07 20:46:53,996 [trainer.py] => optimizer: adam
2025-07-07 20:46:53,996 [trainer.py] => scheduler: constant
2025-07-07 20:46:53,996 [trainer.py] => reinit_optimizer: True
2025-07-07 20:46:53,996 [trainer.py] => pretrained: True
2025-07-07 20:46:53,996 [trainer.py] => drop: 0.0
2025-07-07 20:46:53,996 [trainer.py] => drop_path: 0.0
2025-07-07 20:46:53,996 [trainer.py] => ema_decay: 0.9999
2025-07-07 20:46:53,996 [trainer.py] => num_freeze_epochs: 30
2025-07-07 20:46:53,996 [trainer.py] => pet_cls: LoRA
2025-07-07 20:46:53,996 [trainer.py] => pet_length: 10
2025-07-07 20:46:53,997 [trainer.py] => down_sample_dim: 5
2025-07-07 20:46:54,261 [data_manager.py] => [169, 221, 146, 296, 92, 229, 49, 70, 126, 77, 243, 57, 120, 223, 27, 217, 154, 8, 101, 182, 54, 50, 97, 162, 28, 193, 79, 6, 151, 0, 173, 187, 44, 277, 157, 16, 257, 122, 35, 9, 171, 176, 134, 4, 87, 255, 112, 153, 246, 286, 147, 186, 107, 98, 10, 7, 266, 214, 36, 165, 139, 254, 103, 269, 59, 23, 298, 39, 73, 208, 135, 299, 102, 20, 12, 268, 11, 209, 161, 210, 74, 42, 56, 99, 235, 133, 159, 189, 145, 238, 215, 241, 138, 195, 233, 279, 88, 199, 64, 280, 26, 203, 17, 245, 174, 236, 137, 252, 80, 68, 181, 150, 118, 94, 75, 2, 109, 119, 232, 15, 69, 184, 201, 261, 55, 287, 273, 66, 175, 32, 142, 136, 116, 76, 179, 1, 91, 248, 275, 240, 290, 170, 132, 106, 265, 270, 85, 19, 284, 43, 259, 293, 228, 200, 104, 227, 51, 224, 163, 297, 216, 260, 93, 46, 100, 272, 105, 72, 131, 3, 156, 256, 249, 48, 113, 82, 172, 213, 62, 53, 271, 168, 253, 226, 183, 180, 276, 283, 78, 61, 143, 278, 30, 141, 196, 264, 231, 52, 222, 40, 125, 219, 65, 166, 192, 289, 45, 205, 89, 267, 90, 71, 167, 262, 281, 212, 96, 84, 127, 67, 294, 178, 288, 197, 21, 18, 111, 108, 58, 230, 188, 31, 110, 291, 129, 24, 204, 83, 81, 251, 60, 13, 128, 14, 86, 63, 117, 198, 274, 5, 22, 144, 258, 121, 38, 207, 148, 292, 41, 234, 237, 114, 202, 37, 149, 206, 155, 29, 130, 177, 194, 152, 34, 33, 239, 160, 140, 47, 244, 25, 282, 158, 211, 123, 190, 218, 164, 247, 263, 191, 220, 115, 242, 250, 124, 295, 95, 285, 225, 185]
2025-07-07 20:46:57,149 [lae.py] => 85,952,266 model total parameters.
2025-07-07 20:46:57,150 [lae.py] => 0 model training parameters.
2025-07-07 20:46:57,150 [trainer.py] => All params: 86105876
2025-07-07 20:46:57,151 [trainer.py] => Trainable params: 0
2025-07-07 20:46:57,151 [lae.py] => Learning on 0-30

  0%|          | 0/50 [00:00<?, ?it/s]
Task 0, Epoch 1/50 => Loss 1.595, Train_accy 57.16:   0%|          | 0/50 [00:25<?, ?it/s]
Task 0, Epoch 1/50 => Loss 1.595, Train_accy 57.16:   2%|▏         | 1/50 [00:25<20:46, 25.44s/it]
Task 0, Epoch 2/50 => Loss 0.592, Train_accy 80.87:   2%|▏         | 1/50 [00:50<20:46, 25.44s/it]
Task 0, Epoch 2/50 => Loss 0.592, Train_accy 80.87:   4%|▍         | 2/50 [00:50<20:22, 25.47s/it]
Task 0, Epoch 3/50 => Loss 0.478, Train_accy 84.68:   4%|▍         | 2/50 [01:16<20:22, 25.47s/it]
Task 0, Epoch 3/50 => Loss 0.478, Train_accy 84.68:   6%|▌         | 3/50 [01:16<20:08, 25.72s/it]
Task 0, Epoch 4/50 => Loss 0.427, Train_accy 86.12:   6%|▌         | 3/50 [01:42<20:08, 25.72s/it]
Task 0, Epoch 4/50 => Loss 0.427, Train_accy 86.12:   8%|▊         | 4/50 [01:42<19:46, 25.79s/it]
Task 0, Epoch 5/50 => Loss 0.388, Train_accy 87.30, Test_accy 89.17:   8%|▊         | 4/50 [02:14<19:46, 25.79s/it]
Task 0, Epoch 5/50 => Loss 0.388, Train_accy 87.30, Test_accy 89.17:  10%|█         | 5/50 [02:14<20:47, 27.73s/it]
Task 0, Epoch 6/50 => Loss 0.359, Train_accy 88.01:  10%|█         | 5/50 [02:39<20:47, 27.73s/it]                 
Task 0, Epoch 6/50 => Loss 0.359, Train_accy 88.01:  12%|█▏        | 6/50 [02:39<19:44, 26.91s/it]
Task 0, Epoch 7/50 => Loss 0.334, Train_accy 88.61:  12%|█▏        | 6/50 [03:04<19:44, 26.91s/it]
Task 0, Epoch 7/50 => Loss 0.334, Train_accy 88.61:  14%|█▍        | 7/50 [03:04<18:56, 26.43s/it]
Task 0, Epoch 8/50 => Loss 0.321, Train_accy 89.31:  14%|█▍        | 7/50 [03:30<18:56, 26.43s/it]
Task 0, Epoch 8/50 => Loss 0.321, Train_accy 89.31:  16%|█▌        | 8/50 [03:30<18:20, 26.21s/it]
Task 0, Epoch 9/50 => Loss 0.319, Train_accy 89.71:  16%|█▌        | 8/50 [03:55<18:20, 26.21s/it]
Task 0, Epoch 9/50 => Loss 0.319, Train_accy 89.71:  18%|█▊        | 9/50 [03:55<17:44, 25.96s/it]
Task 0, Epoch 10/50 => Loss 0.295, Train_accy 89.91, Test_accy 91.50:  18%|█▊        | 9/50 [04:26<17:44, 25.96s/it]
Task 0, Epoch 10/50 => Loss 0.295, Train_accy 89.91, Test_accy 91.50:  20%|██        | 10/50 [04:26<18:11, 27.29s/it]
Task 0, Epoch 11/50 => Loss 0.277, Train_accy 90.72:  20%|██        | 10/50 [04:51<18:11, 27.29s/it]                 
Task 0, Epoch 11/50 => Loss 0.277, Train_accy 90.72:  22%|██▏       | 11/50 [04:51<17:24, 26.77s/it]
Task 0, Epoch 12/50 => Loss 0.275, Train_accy 90.94:  22%|██▏       | 11/50 [05:17<17:24, 26.77s/it]
Task 0, Epoch 12/50 => Loss 0.275, Train_accy 90.94:  24%|██▍       | 12/50 [05:17<16:46, 26.48s/it]
Task 0, Epoch 13/50 => Loss 0.263, Train_accy 91.55:  24%|██▍       | 12/50 [05:43<16:46, 26.48s/it]
Task 0, Epoch 13/50 => Loss 0.263, Train_accy 91.55:  26%|██▌       | 13/50 [05:43<16:09, 26.20s/it]
Task 0, Epoch 14/50 => Loss 0.255, Train_accy 91.42:  26%|██▌       | 13/50 [06:08<16:09, 26.20s/it]
Task 0, Epoch 14/50 => Loss 0.255, Train_accy 91.42:  28%|██▊       | 14/50 [06:08<15:35, 25.99s/it]
Task 0, Epoch 15/50 => Loss 0.261, Train_accy 91.42, Test_accy 91.33:  28%|██▊       | 14/50 [06:38<15:35, 25.99s/it]
Task 0, Epoch 15/50 => Loss 0.261, Train_accy 91.42, Test_accy 91.33:  30%|███       | 15/50 [06:38<15:51, 27.19s/it]
Task 0, Epoch 16/50 => Loss 0.249, Train_accy 91.77:  30%|███       | 15/50 [07:04<15:51, 27.19s/it]                 
Task 0, Epoch 16/50 => Loss 0.249, Train_accy 91.77:  32%|███▏      | 16/50 [07:04<15:07, 26.70s/it]
Task 0, Epoch 17/50 => Loss 0.245, Train_accy 92.05:  32%|███▏      | 16/50 [07:29<15:07, 26.70s/it]
Task 0, Epoch 17/50 => Loss 0.245, Train_accy 92.05:  34%|███▍      | 17/50 [07:29<14:30, 26.39s/it]
Task 0, Epoch 18/50 => Loss 0.249, Train_accy 91.90:  34%|███▍      | 17/50 [07:55<14:30, 26.39s/it]
Task 0, Epoch 18/50 => Loss 0.249, Train_accy 91.90:  36%|███▌      | 18/50 [07:55<13:53, 26.05s/it]
Task 0, Epoch 19/50 => Loss 0.239, Train_accy 91.97:  36%|███▌      | 18/50 [08:21<13:53, 26.05s/it]
Task 0, Epoch 19/50 => Loss 0.239, Train_accy 91.97:  38%|███▊      | 19/50 [08:21<13:30, 26.14s/it]
Task 0, Epoch 20/50 => Loss 0.236, Train_accy 92.24, Test_accy 91.33:  38%|███▊      | 19/50 [08:51<13:30, 26.14s/it]
Task 0, Epoch 20/50 => Loss 0.236, Train_accy 92.24, Test_accy 91.33:  40%|████      | 20/50 [08:51<13:39, 27.32s/it]
Task 0, Epoch 21/50 => Loss 0.229, Train_accy 92.40:  40%|████      | 20/50 [09:17<13:39, 27.32s/it]                 
Task 0, Epoch 21/50 => Loss 0.229, Train_accy 92.40:  42%|████▏     | 21/50 [09:17<12:57, 26.80s/it]
Task 0, Epoch 22/50 => Loss 0.227, Train_accy 92.59:  42%|████▏     | 21/50 [09:42<12:57, 26.80s/it]
Task 0, Epoch 22/50 => Loss 0.227, Train_accy 92.59:  44%|████▍     | 22/50 [09:42<12:20, 26.45s/it]
Task 0, Epoch 23/50 => Loss 0.224, Train_accy 92.39:  44%|████▍     | 22/50 [10:08<12:20, 26.45s/it]
Task 0, Epoch 23/50 => Loss 0.224, Train_accy 92.39:  46%|████▌     | 23/50 [10:08<11:46, 26.16s/it]
Task 0, Epoch 24/50 => Loss 0.225, Train_accy 92.87:  46%|████▌     | 23/50 [10:33<11:46, 26.16s/it]
Task 0, Epoch 24/50 => Loss 0.225, Train_accy 92.87:  48%|████▊     | 24/50 [10:33<11:13, 25.92s/it]
Task 0, Epoch 25/50 => Loss 0.225, Train_accy 92.66, Test_accy 92.00:  48%|████▊     | 24/50 [11:03<11:13, 25.92s/it]
Task 0, Epoch 25/50 => Loss 0.225, Train_accy 92.66, Test_accy 92.00:  50%|█████     | 25/50 [11:03<11:16, 27.07s/it]
Task 0, Epoch 26/50 => Loss 0.213, Train_accy 92.88:  50%|█████     | 25/50 [11:28<11:16, 27.07s/it]                 
Task 0, Epoch 26/50 => Loss 0.213, Train_accy 92.88:  52%|█████▏    | 26/50 [11:28<10:37, 26.55s/it]
Task 0, Epoch 27/50 => Loss 0.208, Train_accy 92.88:  52%|█████▏    | 26/50 [11:54<10:37, 26.55s/it]
Task 0, Epoch 27/50 => Loss 0.208, Train_accy 92.88:  54%|█████▍    | 27/50 [11:54<10:04, 26.30s/it]
Task 0, Epoch 28/50 => Loss 0.221, Train_accy 92.63:  54%|█████▍    | 27/50 [12:19<10:04, 26.30s/it]
Task 0, Epoch 28/50 => Loss 0.221, Train_accy 92.63:  56%|█████▌    | 28/50 [12:19<09:32, 26.01s/it]
Task 0, Epoch 29/50 => Loss 0.220, Train_accy 92.90:  56%|█████▌    | 28/50 [12:45<09:32, 26.01s/it]
Task 0, Epoch 29/50 => Loss 0.220, Train_accy 92.90:  58%|█████▊    | 29/50 [12:45<09:01, 25.79s/it]
Task 0, Epoch 30/50 => Loss 0.205, Train_accy 93.06, Test_accy 91.67:  58%|█████▊    | 29/50 [13:15<09:01, 25.79s/it]
Task 0, Epoch 30/50 => Loss 0.205, Train_accy 93.06, Test_accy 91.67:  60%|██████    | 30/50 [13:15<09:03, 27.19s/it]
Task 0, Epoch 31/50 => Loss 0.204, Train_accy 93.08:  60%|██████    | 30/50 [14:06<09:03, 27.19s/it]                 
Task 0, Epoch 31/50 => Loss 0.204, Train_accy 93.08:  62%|██████▏   | 31/50 [14:06<10:51, 34.30s/it]
Task 0, Epoch 32/50 => Loss 0.197, Train_accy 93.28:  62%|██████▏   | 31/50 [14:57<10:51, 34.30s/it]
Task 0, Epoch 32/50 => Loss 0.197, Train_accy 93.28:  64%|██████▍   | 32/50 [14:57<11:45, 39.21s/it]
Task 0, Epoch 33/50 => Loss 0.188, Train_accy 93.26:  64%|██████▍   | 32/50 [15:47<11:45, 39.21s/it]
Task 0, Epoch 33/50 => Loss 0.188, Train_accy 93.26:  66%|██████▌   | 33/50 [15:47<12:04, 42.63s/it]
Task 0, Epoch 34/50 => Loss 0.194, Train_accy 93.39:  66%|██████▌   | 33/50 [16:38<12:04, 42.63s/it]
Task 0, Epoch 34/50 => Loss 0.194, Train_accy 93.39:  68%|██████▊   | 34/50 [16:38<12:01, 45.12s/it]
Task 0, Epoch 35/50 => Loss 0.178, Train_accy 93.85, Test_accy 91.00:  68%|██████▊   | 34/50 [17:33<12:01, 45.12s/it]
Task 0, Epoch 35/50 => Loss 0.178, Train_accy 93.85, Test_accy 91.00:  70%|███████   | 35/50 [17:33<12:00, 48.07s/it]
Task 0, Epoch 36/50 => Loss 0.167, Train_accy 94.20:  70%|███████   | 35/50 [18:24<12:00, 48.07s/it]                 
Task 0, Epoch 36/50 => Loss 0.167, Train_accy 94.20:  72%|███████▏  | 36/50 [18:24<11:23, 48.85s/it]
Task 0, Epoch 37/50 => Loss 0.171, Train_accy 94.12:  72%|███████▏  | 36/50 [19:14<11:23, 48.85s/it]
Task 0, Epoch 37/50 => Loss 0.171, Train_accy 94.12:  74%|███████▍  | 37/50 [19:14<10:41, 49.36s/it]
Task 0, Epoch 38/50 => Loss 0.157, Train_accy 94.57:  74%|███████▍  | 37/50 [20:05<10:41, 49.36s/it]
Task 0, Epoch 38/50 => Loss 0.157, Train_accy 94.57:  76%|███████▌  | 38/50 [20:05<09:56, 49.73s/it]
Task 0, Epoch 39/50 => Loss 0.167, Train_accy 94.28:  76%|███████▌  | 38/50 [20:55<09:56, 49.73s/it]
Task 0, Epoch 39/50 => Loss 0.167, Train_accy 94.28:  78%|███████▊  | 39/50 [20:55<09:09, 49.93s/it]
Task 0, Epoch 40/50 => Loss 0.158, Train_accy 94.45, Test_accy 92.17:  78%|███████▊  | 39/50 [21:50<09:09, 49.93s/it]
Task 0, Epoch 40/50 => Loss 0.158, Train_accy 94.45, Test_accy 92.17:  80%|████████  | 40/50 [21:50<08:34, 51.47s/it]
Task 0, Epoch 41/50 => Loss 0.161, Train_accy 93.93:  80%|████████  | 40/50 [22:41<08:34, 51.47s/it]                 
Task 0, Epoch 41/50 => Loss 0.161, Train_accy 93.93:  82%|████████▏ | 41/50 [22:41<07:41, 51.23s/it]
Task 0, Epoch 42/50 => Loss 0.157, Train_accy 94.40:  82%|████████▏ | 41/50 [23:32<07:41, 51.23s/it]
Task 0, Epoch 42/50 => Loss 0.157, Train_accy 94.40:  84%|████████▍ | 42/50 [23:32<06:48, 51.04s/it]
Task 0, Epoch 43/50 => Loss 0.156, Train_accy 94.69:  84%|████████▍ | 42/50 [24:22<06:48, 51.04s/it]
Task 0, Epoch 43/50 => Loss 0.156, Train_accy 94.69:  86%|████████▌ | 43/50 [24:22<05:56, 50.87s/it]
Task 0, Epoch 44/50 => Loss 0.146, Train_accy 95.06:  86%|████████▌ | 43/50 [25:13<05:56, 50.87s/it]
Task 0, Epoch 44/50 => Loss 0.146, Train_accy 95.06:  88%|████████▊ | 44/50 [25:13<05:05, 50.91s/it]
Task 0, Epoch 45/50 => Loss 0.146, Train_accy 95.17, Test_accy 91.33:  88%|████████▊ | 44/50 [26:08<05:05, 50.91s/it]
Task 0, Epoch 45/50 => Loss 0.146, Train_accy 95.17, Test_accy 91.33:  90%|█████████ | 45/50 [26:08<04:21, 52.23s/it]
Task 0, Epoch 46/50 => Loss 0.138, Train_accy 95.29:  90%|█████████ | 45/50 [26:59<04:21, 52.23s/it]                 
Task 0, Epoch 46/50 => Loss 0.138, Train_accy 95.29:  92%|█████████▏| 46/50 [26:59<03:27, 51.88s/it]
Task 0, Epoch 47/50 => Loss 0.140, Train_accy 95.28:  92%|█████████▏| 46/50 [27:50<03:27, 51.88s/it]
Task 0, Epoch 47/50 => Loss 0.140, Train_accy 95.28:  94%|█████████▍| 47/50 [27:50<02:34, 51.50s/it]
Task 0, Epoch 48/50 => Loss 0.147, Train_accy 94.91:  94%|█████████▍| 47/50 [28:41<02:34, 51.50s/it]
Task 0, Epoch 48/50 => Loss 0.147, Train_accy 94.91:  96%|█████████▌| 48/50 [28:41<01:42, 51.28s/it]
Task 0, Epoch 49/50 => Loss 0.138, Train_accy 95.21:  96%|█████████▌| 48/50 [29:31<01:42, 51.28s/it]
Task 0, Epoch 49/50 => Loss 0.138, Train_accy 95.21:  98%|█████████▊| 49/50 [29:31<00:51, 51.04s/it]
Task 0, Epoch 50/50 => Loss 0.143, Train_accy 95.25, Test_accy 90.67:  98%|█████████▊| 49/50 [30:26<00:51, 51.04s/it]
Task 0, Epoch 50/50 => Loss 0.143, Train_accy 95.25, Test_accy 90.67: 100%|██████████| 50/50 [30:26<00:00, 52.19s/it]
Task 0, Epoch 50/50 => Loss 0.143, Train_accy 95.25, Test_accy 90.67: 100%|██████████| 50/50 [30:26<00:00, 36.53s/it]
2025-07-07 21:17:24,302 [lae.py] => Task 0, Epoch 50/50 => Loss 0.143, Train_accy 95.25, Test_accy 90.67
2025-07-07 21:17:28,745 [trainer.py] => No NME accuracy.
2025-07-07 21:17:28,745 [trainer.py] => CNN: {'total': 90.67, '00-29': 90.67, 'old': 0, 'new': 90.67}
2025-07-07 21:17:28,745 [trainer.py] => CNN top1 curve: [90.67]
2025-07-07 21:17:28,745 [trainer.py] => CNN top5 curve: [100.0]

Average Accuracy (CNN): 90.67
2025-07-07 21:17:28,745 [trainer.py] => Average Accuracy (CNN): 90.67 

2025-07-07 21:17:28,746 [trainer.py] => All params: 86128946
2025-07-07 21:17:28,747 [trainer.py] => Trainable params: 176680
2025-07-07 21:17:28,749 [lae.py] => Learning on 30-60

  0%|          | 0/50 [00:00<?, ?it/s]
Task 1, Epoch 1/50 => Loss 1.727, Train_accy 59.05:   0%|          | 0/50 [00:25<?, ?it/s]
Task 1, Epoch 1/50 => Loss 1.727, Train_accy 59.05:   2%|▏         | 1/50 [00:25<20:46, 25.45s/it]
Task 1, Epoch 2/50 => Loss 0.496, Train_accy 85.68:   2%|▏         | 1/50 [00:50<20:46, 25.45s/it]
Task 1, Epoch 2/50 => Loss 0.496, Train_accy 85.68:   4%|▍         | 2/50 [00:50<20:17, 25.36s/it]
Task 1, Epoch 3/50 => Loss 0.351, Train_accy 89.67:   4%|▍         | 2/50 [01:16<20:17, 25.36s/it]
Task 1, Epoch 3/50 => Loss 0.351, Train_accy 89.67:   6%|▌         | 3/50 [01:16<19:59, 25.51s/it]
Task 1, Epoch 4/50 => Loss 0.318, Train_accy 90.14:   6%|▌         | 3/50 [01:41<19:59, 25.51s/it]
Task 1, Epoch 4/50 => Loss 0.318, Train_accy 90.14:   8%|▊         | 4/50 [01:41<19:34, 25.52s/it]
Task 1, Epoch 5/50 => Loss 0.275, Train_accy 91.25, Test_accy 79.57:   8%|▊         | 4/50 [02:15<19:34, 25.52s/it]
Task 1, Epoch 5/50 => Loss 0.275, Train_accy 91.25, Test_accy 79.57:  10%|█         | 5/50 [02:15<21:15, 28.35s/it]
Task 1, Epoch 6/50 => Loss 0.253, Train_accy 92.17:  10%|█         | 5/50 [02:40<21:15, 28.35s/it]                 
Task 1, Epoch 6/50 => Loss 0.253, Train_accy 92.17:  12%|█▏        | 6/50 [02:40<20:03, 27.35s/it]
Task 1, Epoch 7/50 => Loss 0.244, Train_accy 92.38:  12%|█▏        | 6/50 [03:06<20:03, 27.35s/it]
Task 1, Epoch 7/50 => Loss 0.244, Train_accy 92.38:  14%|█▍        | 7/50 [03:06<19:12, 26.81s/it]
Task 1, Epoch 8/50 => Loss 0.221, Train_accy 93.04:  14%|█▍        | 7/50 [03:31<19:12, 26.81s/it]
Task 1, Epoch 8/50 => Loss 0.221, Train_accy 93.04:  16%|█▌        | 8/50 [03:31<18:28, 26.39s/it]
Task 1, Epoch 9/50 => Loss 0.227, Train_accy 92.98:  16%|█▌        | 8/50 [03:57<18:28, 26.39s/it]
Task 1, Epoch 9/50 => Loss 0.227, Train_accy 92.98:  18%|█▊        | 9/50 [03:57<17:48, 26.07s/it]
Task 1, Epoch 10/50 => Loss 0.218, Train_accy 92.93, Test_accy 82.24:  18%|█▊        | 9/50 [04:30<17:48, 26.07s/it]
Task 1, Epoch 10/50 => Loss 0.218, Train_accy 92.93, Test_accy 82.24:  20%|██        | 10/50 [04:30<18:48, 28.20s/it]
Task 1, Epoch 11/50 => Loss 0.191, Train_accy 93.97:  20%|██        | 10/50 [04:55<18:48, 28.20s/it]                 
Task 1, Epoch 11/50 => Loss 0.191, Train_accy 93.97:  22%|██▏       | 11/50 [04:55<17:46, 27.33s/it]
Task 1, Epoch 12/50 => Loss 0.177, Train_accy 94.24:  22%|██▏       | 11/50 [05:21<17:46, 27.33s/it]
Task 1, Epoch 12/50 => Loss 0.177, Train_accy 94.24:  24%|██▍       | 12/50 [05:21<16:56, 26.75s/it]
Task 1, Epoch 13/50 => Loss 0.185, Train_accy 94.10:  24%|██▍       | 12/50 [05:46<16:56, 26.75s/it]
Task 1, Epoch 13/50 => Loss 0.185, Train_accy 94.10:  26%|██▌       | 13/50 [05:46<16:17, 26.42s/it]
Task 1, Epoch 14/50 => Loss 0.181, Train_accy 94.15:  26%|██▌       | 13/50 [06:12<16:17, 26.42s/it]
Task 1, Epoch 14/50 => Loss 0.181, Train_accy 94.15:  28%|██▊       | 14/50 [06:12<15:40, 26.12s/it]
Task 1, Epoch 15/50 => Loss 0.176, Train_accy 94.00, Test_accy 81.98:  28%|██▊       | 14/50 [06:45<15:40, 26.12s/it]
Task 1, Epoch 15/50 => Loss 0.176, Train_accy 94.00, Test_accy 81.98:  30%|███       | 15/50 [06:45<16:26, 28.20s/it]
Task 1, Epoch 16/50 => Loss 0.181, Train_accy 94.28:  30%|███       | 15/50 [07:10<16:26, 28.20s/it]                 
Task 1, Epoch 16/50 => Loss 0.181, Train_accy 94.28:  32%|███▏      | 16/50 [07:10<15:28, 27.32s/it]
Task 1, Epoch 17/50 => Loss 0.174, Train_accy 94.46:  32%|███▏      | 16/50 [07:35<15:28, 27.32s/it]
Task 1, Epoch 17/50 => Loss 0.174, Train_accy 94.46:  34%|███▍      | 17/50 [07:35<14:42, 26.74s/it]
Task 1, Epoch 18/50 => Loss 0.158, Train_accy 94.63:  34%|███▍      | 17/50 [08:01<14:42, 26.74s/it]
Task 1, Epoch 18/50 => Loss 0.158, Train_accy 94.63:  36%|███▌      | 18/50 [08:01<14:05, 26.41s/it]
Task 1, Epoch 19/50 => Loss 0.160, Train_accy 94.75:  36%|███▌      | 18/50 [08:27<14:05, 26.41s/it]
Task 1, Epoch 19/50 => Loss 0.160, Train_accy 94.75:  38%|███▊      | 19/50 [08:27<13:38, 26.42s/it]
Task 1, Epoch 20/50 => Loss 0.156, Train_accy 94.94, Test_accy 82.82:  38%|███▊      | 19/50 [09:01<13:38, 26.42s/it]
Task 1, Epoch 20/50 => Loss 0.156, Train_accy 94.94, Test_accy 82.82:  40%|████      | 20/50 [09:01<14:16, 28.56s/it]
Task 1, Epoch 21/50 => Loss 0.150, Train_accy 95.09:  40%|████      | 20/50 [09:27<14:16, 28.56s/it]                 
Task 1, Epoch 21/50 => Loss 0.150, Train_accy 95.09:  42%|████▏     | 21/50 [09:27<13:27, 27.86s/it]
Task 1, Epoch 22/50 => Loss 0.143, Train_accy 95.15:  42%|████▏     | 21/50 [09:54<13:27, 27.86s/it]
Task 1, Epoch 22/50 => Loss 0.143, Train_accy 95.15:  44%|████▍     | 22/50 [09:54<12:47, 27.41s/it]
Task 1, Epoch 23/50 => Loss 0.158, Train_accy 95.03:  44%|████▍     | 22/50 [10:20<12:47, 27.41s/it]
Task 1, Epoch 23/50 => Loss 0.158, Train_accy 95.03:  46%|████▌     | 23/50 [10:20<12:11, 27.09s/it]
Task 1, Epoch 24/50 => Loss 0.146, Train_accy 95.16:  46%|████▌     | 23/50 [10:46<12:11, 27.09s/it]
Task 1, Epoch 24/50 => Loss 0.146, Train_accy 95.16:  48%|████▊     | 24/50 [10:46<11:37, 26.84s/it]
Task 1, Epoch 25/50 => Loss 0.135, Train_accy 95.49, Test_accy 83.07:  48%|████▊     | 24/50 [11:20<11:37, 26.84s/it]
Task 1, Epoch 25/50 => Loss 0.135, Train_accy 95.49, Test_accy 83.07:  50%|█████     | 25/50 [11:20<12:05, 29.01s/it]
Task 1, Epoch 26/50 => Loss 0.154, Train_accy 95.11:  50%|█████     | 25/50 [11:46<12:05, 29.01s/it]                 
Task 1, Epoch 26/50 => Loss 0.154, Train_accy 95.11:  52%|█████▏    | 26/50 [11:46<11:15, 28.13s/it]
Task 1, Epoch 27/50 => Loss 0.141, Train_accy 95.29:  52%|█████▏    | 26/50 [12:12<11:15, 28.13s/it]
Task 1, Epoch 27/50 => Loss 0.141, Train_accy 95.29:  54%|█████▍    | 27/50 [12:12<10:32, 27.49s/it]
Task 1, Epoch 28/50 => Loss 0.148, Train_accy 95.24:  54%|█████▍    | 27/50 [12:38<10:32, 27.49s/it]
Task 1, Epoch 28/50 => Loss 0.148, Train_accy 95.24:  56%|█████▌    | 28/50 [12:38<09:55, 27.07s/it]
Task 1, Epoch 29/50 => Loss 0.134, Train_accy 95.76:  56%|█████▌    | 28/50 [13:04<09:55, 27.07s/it]
Task 1, Epoch 29/50 => Loss 0.134, Train_accy 95.76:  58%|█████▊    | 29/50 [13:04<09:20, 26.69s/it]
Task 1, Epoch 30/50 => Loss 0.139, Train_accy 95.67, Test_accy 83.90:  58%|█████▊    | 29/50 [13:38<09:20, 26.69s/it]
Task 1, Epoch 30/50 => Loss 0.139, Train_accy 95.67, Test_accy 83.90:  60%|██████    | 30/50 [13:38<09:34, 28.74s/it]
Task 1, Epoch 31/50 => Loss 0.133, Train_accy 95.74:  60%|██████    | 30/50 [14:29<09:34, 28.74s/it]                 
Task 1, Epoch 31/50 => Loss 0.133, Train_accy 95.74:  62%|██████▏   | 31/50 [14:29<11:12, 35.42s/it]
Task 1, Epoch 32/50 => Loss 0.136, Train_accy 95.57:  62%|██████▏   | 31/50 [15:21<11:12, 35.42s/it]
Task 1, Epoch 32/50 => Loss 0.136, Train_accy 95.57:  64%|██████▍   | 32/50 [15:21<12:06, 40.35s/it]
Task 1, Epoch 33/50 => Loss 0.134, Train_accy 95.69:  64%|██████▍   | 32/50 [16:11<12:06, 40.35s/it]
Task 1, Epoch 33/50 => Loss 0.134, Train_accy 95.69:  66%|██████▌   | 33/50 [16:11<12:19, 43.51s/it]
Task 1, Epoch 34/50 => Loss 0.144, Train_accy 95.33:  66%|██████▌   | 33/50 [17:02<12:19, 43.51s/it]
Task 1, Epoch 34/50 => Loss 0.144, Train_accy 95.33:  68%|██████▊   | 34/50 [17:02<12:11, 45.72s/it]
Task 1, Epoch 35/50 => Loss 0.134, Train_accy 95.76, Test_accy 84.90:  68%|██████▊   | 34/50 [18:01<12:11, 45.72s/it]
Task 1, Epoch 35/50 => Loss 0.134, Train_accy 95.76, Test_accy 84.90:  70%|███████   | 35/50 [18:01<12:25, 49.67s/it]
Task 1, Epoch 36/50 => Loss 0.119, Train_accy 96.11:  70%|███████   | 35/50 [18:52<12:25, 49.67s/it]                 
Task 1, Epoch 36/50 => Loss 0.119, Train_accy 96.11:  72%|███████▏  | 36/50 [18:52<11:41, 50.12s/it]
Task 1, Epoch 37/50 => Loss 0.121, Train_accy 96.12:  72%|███████▏  | 36/50 [19:44<11:41, 50.12s/it]
Task 1, Epoch 37/50 => Loss 0.121, Train_accy 96.12:  74%|███████▍  | 37/50 [19:44<10:57, 50.55s/it]
Task 1, Epoch 38/50 => Loss 0.113, Train_accy 96.38:  74%|███████▍  | 37/50 [20:35<10:57, 50.55s/it]
Task 1, Epoch 38/50 => Loss 0.113, Train_accy 96.38:  76%|███████▌  | 38/50 [20:35<10:08, 50.75s/it]
Task 1, Epoch 39/50 => Loss 0.120, Train_accy 96.10:  76%|███████▌  | 38/50 [21:27<10:08, 50.75s/it]
Task 1, Epoch 39/50 => Loss 0.120, Train_accy 96.10:  78%|███████▊  | 39/50 [21:27<09:21, 51.03s/it]
Task 1, Epoch 40/50 => Loss 0.121, Train_accy 96.06, Test_accy 84.90:  78%|███████▊  | 39/50 [22:26<09:21, 51.03s/it]
Task 1, Epoch 40/50 => Loss 0.121, Train_accy 96.06, Test_accy 84.90:  80%|████████  | 40/50 [22:26<08:53, 53.36s/it]
Task 1, Epoch 41/50 => Loss 0.112, Train_accy 96.42:  80%|████████  | 40/50 [23:17<08:53, 53.36s/it]                 
Task 1, Epoch 41/50 => Loss 0.112, Train_accy 96.42:  82%|████████▏ | 41/50 [23:17<07:53, 52.64s/it]
Task 1, Epoch 42/50 => Loss 0.120, Train_accy 96.12:  82%|████████▏ | 41/50 [24:08<07:53, 52.64s/it]
Task 1, Epoch 42/50 => Loss 0.120, Train_accy 96.12:  84%|████████▍ | 42/50 [24:08<06:57, 52.20s/it]
Task 1, Epoch 43/50 => Loss 0.117, Train_accy 96.26:  84%|████████▍ | 42/50 [24:59<06:57, 52.20s/it]
Task 1, Epoch 43/50 => Loss 0.117, Train_accy 96.26:  86%|████████▌ | 43/50 [24:59<06:03, 51.99s/it]
Task 1, Epoch 44/50 => Loss 0.112, Train_accy 96.20:  86%|████████▌ | 43/50 [25:51<06:03, 51.99s/it]
Task 1, Epoch 44/50 => Loss 0.112, Train_accy 96.20:  88%|████████▊ | 44/50 [25:51<05:11, 51.90s/it]
Task 1, Epoch 45/50 => Loss 0.108, Train_accy 96.55, Test_accy 84.32:  88%|████████▊ | 44/50 [26:51<05:11, 51.90s/it]
Task 1, Epoch 45/50 => Loss 0.108, Train_accy 96.55, Test_accy 84.32:  90%|█████████ | 45/50 [26:51<04:31, 54.23s/it]
Task 1, Epoch 46/50 => Loss 0.106, Train_accy 96.35:  90%|█████████ | 45/50 [27:42<04:31, 54.23s/it]                 
Task 1, Epoch 46/50 => Loss 0.106, Train_accy 96.35:  92%|█████████▏| 46/50 [27:42<03:33, 53.47s/it]
Task 1, Epoch 47/50 => Loss 0.115, Train_accy 96.32:  92%|█████████▏| 46/50 [28:34<03:33, 53.47s/it]
Task 1, Epoch 47/50 => Loss 0.115, Train_accy 96.32:  94%|█████████▍| 47/50 [28:34<02:39, 53.02s/it]
Task 1, Epoch 48/50 => Loss 0.119, Train_accy 96.33:  94%|█████████▍| 47/50 [29:26<02:39, 53.02s/it]
Task 1, Epoch 48/50 => Loss 0.119, Train_accy 96.33:  96%|█████████▌| 48/50 [29:26<01:45, 52.58s/it]
Task 1, Epoch 49/50 => Loss 0.121, Train_accy 96.08:  96%|█████████▌| 48/50 [30:17<01:45, 52.58s/it]
Task 1, Epoch 49/50 => Loss 0.121, Train_accy 96.08:  98%|█████████▊| 49/50 [30:17<00:52, 52.30s/it]
Task 1, Epoch 50/50 => Loss 0.111, Train_accy 96.36, Test_accy 83.74:  98%|█████████▊| 49/50 [31:16<00:52, 52.30s/it]
Task 1, Epoch 50/50 => Loss 0.111, Train_accy 96.36, Test_accy 83.74: 100%|██████████| 50/50 [31:16<00:00, 54.31s/it]
Task 1, Epoch 50/50 => Loss 0.111, Train_accy 96.36, Test_accy 83.74: 100%|██████████| 50/50 [31:16<00:00, 37.54s/it]
2025-07-07 21:48:45,762 [lae.py] => Task 1, Epoch 50/50 => Loss 0.111, Train_accy 96.36, Test_accy 83.74
2025-07-07 21:48:53,551 [trainer.py] => No NME accuracy.
2025-07-07 21:48:53,552 [trainer.py] => CNN: {'total': 83.74, '00-29': 79.0, '30-59': 88.48, 'old': 79.0, 'new': 88.48}
2025-07-07 21:48:53,552 [trainer.py] => CNN top1 curve: [90.67, 83.74]
2025-07-07 21:48:53,552 [trainer.py] => CNN top5 curve: [100.0, 98.67]

Average Accuracy (CNN): 87.2
2025-07-07 21:48:53,552 [trainer.py] => Average Accuracy (CNN): 87.2 

2025-07-07 21:48:53,554 [trainer.py] => All params: 86152016
2025-07-07 21:48:53,555 [trainer.py] => Trainable params: 199750
2025-07-07 21:48:53,558 [lae.py] => Learning on 60-90

  0%|          | 0/50 [00:00<?, ?it/s]
Task 2, Epoch 1/50 => Loss 1.889, Train_accy 55.78:   0%|          | 0/50 [00:25<?, ?it/s]
Task 2, Epoch 1/50 => Loss 1.889, Train_accy 55.78:   2%|▏         | 1/50 [00:25<20:42, 25.37s/it]
Task 2, Epoch 2/50 => Loss 0.507, Train_accy 84.99:   2%|▏         | 1/50 [00:50<20:42, 25.37s/it]
Task 2, Epoch 2/50 => Loss 0.507, Train_accy 84.99:   4%|▍         | 2/50 [00:50<20:15, 25.32s/it]
Task 2, Epoch 3/50 => Loss 0.380, Train_accy 88.09:   4%|▍         | 2/50 [01:15<20:15, 25.32s/it]
Task 2, Epoch 3/50 => Loss 0.380, Train_accy 88.09:   6%|▌         | 3/50 [01:15<19:48, 25.28s/it]
Task 2, Epoch 4/50 => Loss 0.328, Train_accy 89.52:   6%|▌         | 3/50 [01:41<19:48, 25.28s/it]
Task 2, Epoch 4/50 => Loss 0.328, Train_accy 89.52:   8%|▊         | 4/50 [01:41<19:23, 25.29s/it]
Task 2, Epoch 5/50 => Loss 0.289, Train_accy 90.71, Test_accy 75.64:   8%|▊         | 4/50 [02:17<19:23, 25.29s/it]
Task 2, Epoch 5/50 => Loss 0.289, Train_accy 90.71, Test_accy 75.64:  10%|█         | 5/50 [02:17<21:51, 29.16s/it]
Task 2, Epoch 6/50 => Loss 0.272, Train_accy 91.32:  10%|█         | 5/50 [02:42<21:51, 29.16s/it]                 
Task 2, Epoch 6/50 => Loss 0.272, Train_accy 91.32:  12%|█▏        | 6/50 [02:42<20:24, 27.82s/it]
Task 2, Epoch 7/50 => Loss 0.245, Train_accy 91.93:  12%|█▏        | 6/50 [03:07<20:24, 27.82s/it]
Task 2, Epoch 7/50 => Loss 0.245, Train_accy 91.93:  14%|█▍        | 7/50 [03:07<19:14, 26.85s/it]
Task 2, Epoch 8/50 => Loss 0.238, Train_accy 92.50:  14%|█▍        | 7/50 [03:32<19:14, 26.85s/it]
Task 2, Epoch 8/50 => Loss 0.238, Train_accy 92.50:  16%|█▌        | 8/50 [03:32<18:24, 26.29s/it]
Task 2, Epoch 9/50 => Loss 0.232, Train_accy 92.55:  16%|█▌        | 8/50 [03:57<18:24, 26.29s/it]
Task 2, Epoch 9/50 => Loss 0.232, Train_accy 92.55:  18%|█▊        | 9/50 [03:57<17:44, 25.97s/it]
Task 2, Epoch 10/50 => Loss 0.212, Train_accy 92.94, Test_accy 77.31:  18%|█▊        | 9/50 [04:33<17:44, 25.97s/it]
Task 2, Epoch 10/50 => Loss 0.212, Train_accy 92.94, Test_accy 77.31:  20%|██        | 10/50 [04:33<19:18, 28.96s/it]
Task 2, Epoch 11/50 => Loss 0.191, Train_accy 94.03:  20%|██        | 10/50 [04:58<19:18, 28.96s/it]                 
Task 2, Epoch 11/50 => Loss 0.191, Train_accy 94.03:  22%|██▏       | 11/50 [04:58<18:01, 27.72s/it]
Task 2, Epoch 12/50 => Loss 0.190, Train_accy 94.09:  22%|██▏       | 11/50 [05:23<18:01, 27.72s/it]
Task 2, Epoch 12/50 => Loss 0.190, Train_accy 94.09:  24%|██▍       | 12/50 [05:23<17:00, 26.86s/it]
Task 2, Epoch 13/50 => Loss 0.189, Train_accy 93.53:  24%|██▍       | 12/50 [05:48<17:00, 26.86s/it]
Task 2, Epoch 13/50 => Loss 0.189, Train_accy 93.53:  26%|██▌       | 13/50 [05:48<16:15, 26.36s/it]
Task 2, Epoch 14/50 => Loss 0.184, Train_accy 94.03:  26%|██▌       | 13/50 [06:13<16:15, 26.36s/it]
Task 2, Epoch 14/50 => Loss 0.184, Train_accy 94.03:  28%|██▊       | 14/50 [06:13<15:34, 25.96s/it]
Task 2, Epoch 15/50 => Loss 0.168, Train_accy 94.24, Test_accy 77.98:  28%|██▊       | 14/50 [06:49<15:34, 25.96s/it]
Task 2, Epoch 15/50 => Loss 0.168, Train_accy 94.24, Test_accy 77.98:  30%|███       | 15/50 [06:49<16:58, 29.11s/it]
Task 2, Epoch 16/50 => Loss 0.171, Train_accy 94.54:  30%|███       | 15/50 [07:14<16:58, 29.11s/it]                 
Task 2, Epoch 16/50 => Loss 0.171, Train_accy 94.54:  32%|███▏      | 16/50 [07:14<15:45, 27.81s/it]
Task 2, Epoch 17/50 => Loss 0.164, Train_accy 94.39:  32%|███▏      | 16/50 [07:39<15:45, 27.81s/it]
Task 2, Epoch 17/50 => Loss 0.164, Train_accy 94.39:  34%|███▍      | 17/50 [07:39<14:50, 26.99s/it]
Task 2, Epoch 18/50 => Loss 0.153, Train_accy 94.96:  34%|███▍      | 17/50 [08:04<14:50, 26.99s/it]
Task 2, Epoch 18/50 => Loss 0.153, Train_accy 94.96:  36%|███▌      | 18/50 [08:04<14:05, 26.44s/it]
Task 2, Epoch 19/50 => Loss 0.160, Train_accy 94.51:  36%|███▌      | 18/50 [08:29<14:05, 26.44s/it]
Task 2, Epoch 19/50 => Loss 0.160, Train_accy 94.51:  38%|███▊      | 19/50 [08:29<13:23, 25.93s/it]
Task 2, Epoch 20/50 => Loss 0.163, Train_accy 94.75, Test_accy 78.64:  38%|███▊      | 19/50 [09:05<13:23, 25.93s/it]
Task 2, Epoch 20/50 => Loss 0.163, Train_accy 94.75, Test_accy 78.64:  40%|████      | 20/50 [09:05<14:27, 28.92s/it]
Task 2, Epoch 21/50 => Loss 0.155, Train_accy 95.06:  40%|████      | 20/50 [09:30<14:27, 28.92s/it]                 
Task 2, Epoch 21/50 => Loss 0.155, Train_accy 95.06:  42%|████▏     | 21/50 [09:30<13:22, 27.69s/it]
Task 2, Epoch 22/50 => Loss 0.150, Train_accy 94.89:  42%|████▏     | 21/50 [09:55<13:22, 27.69s/it]
Task 2, Epoch 22/50 => Loss 0.150, Train_accy 94.89:  44%|████▍     | 22/50 [09:55<12:31, 26.85s/it]
Task 2, Epoch 23/50 => Loss 0.138, Train_accy 95.47:  44%|████▍     | 22/50 [10:20<12:31, 26.85s/it]
Task 2, Epoch 23/50 => Loss 0.138, Train_accy 95.47:  46%|████▌     | 23/50 [10:20<11:51, 26.34s/it]
Task 2, Epoch 24/50 => Loss 0.137, Train_accy 95.75:  46%|████▌     | 23/50 [10:45<11:51, 26.34s/it]
Task 2, Epoch 24/50 => Loss 0.137, Train_accy 95.75:  48%|████▊     | 24/50 [10:45<11:13, 25.92s/it]
Task 2, Epoch 25/50 => Loss 0.145, Train_accy 95.12, Test_accy 78.92:  48%|████▊     | 24/50 [11:21<11:13, 25.92s/it]
Task 2, Epoch 25/50 => Loss 0.145, Train_accy 95.12, Test_accy 78.92:  50%|█████     | 25/50 [11:21<12:07, 29.09s/it]
Task 2, Epoch 26/50 => Loss 0.136, Train_accy 95.36:  50%|█████     | 25/50 [11:46<12:07, 29.09s/it]                 
Task 2, Epoch 26/50 => Loss 0.136, Train_accy 95.36:  52%|█████▏    | 26/50 [11:46<11:10, 27.94s/it]
Task 2, Epoch 27/50 => Loss 0.144, Train_accy 95.29:  52%|█████▏    | 26/50 [12:11<11:10, 27.94s/it]
Task 2, Epoch 27/50 => Loss 0.144, Train_accy 95.29:  54%|█████▍    | 27/50 [12:11<10:21, 27.01s/it]
Task 2, Epoch 28/50 => Loss 0.146, Train_accy 95.01:  54%|█████▍    | 27/50 [12:37<10:21, 27.01s/it]
Task 2, Epoch 28/50 => Loss 0.146, Train_accy 95.01:  56%|█████▌    | 28/50 [12:37<09:44, 26.56s/it]
Task 2, Epoch 29/50 => Loss 0.125, Train_accy 95.86:  56%|█████▌    | 28/50 [13:02<09:44, 26.56s/it]
Task 2, Epoch 29/50 => Loss 0.125, Train_accy 95.86:  58%|█████▊    | 29/50 [13:02<09:07, 26.06s/it]
Task 2, Epoch 30/50 => Loss 0.140, Train_accy 95.55, Test_accy 79.20:  58%|█████▊    | 29/50 [13:38<09:07, 26.06s/it]
Task 2, Epoch 30/50 => Loss 0.140, Train_accy 95.55, Test_accy 79.20:  60%|██████    | 30/50 [13:38<09:41, 29.06s/it]
Task 2, Epoch 31/50 => Loss 0.132, Train_accy 95.61:  60%|██████    | 30/50 [14:28<09:41, 29.06s/it]                 
Task 2, Epoch 31/50 => Loss 0.132, Train_accy 95.61:  62%|██████▏   | 31/50 [14:28<11:13, 35.42s/it]
Task 2, Epoch 32/50 => Loss 0.138, Train_accy 95.63:  62%|██████▏   | 31/50 [15:19<11:13, 35.42s/it]
Task 2, Epoch 32/50 => Loss 0.138, Train_accy 95.63:  64%|██████▍   | 32/50 [15:19<11:59, 39.96s/it]
Task 2, Epoch 33/50 => Loss 0.125, Train_accy 96.18:  64%|██████▍   | 32/50 [16:10<11:59, 39.96s/it]
Task 2, Epoch 33/50 => Loss 0.125, Train_accy 96.18:  66%|██████▌   | 33/50 [16:10<12:17, 43.36s/it]
Task 2, Epoch 34/50 => Loss 0.124, Train_accy 95.93:  66%|██████▌   | 33/50 [17:00<12:17, 43.36s/it]
Task 2, Epoch 34/50 => Loss 0.124, Train_accy 95.93:  68%|██████▊   | 34/50 [17:00<12:08, 45.51s/it]
Task 2, Epoch 35/50 => Loss 0.127, Train_accy 95.94, Test_accy 79.31:  68%|██████▊   | 34/50 [18:01<12:08, 45.51s/it]
Task 2, Epoch 35/50 => Loss 0.127, Train_accy 95.94, Test_accy 79.31:  70%|███████   | 35/50 [18:01<12:31, 50.13s/it]
Task 2, Epoch 36/50 => Loss 0.124, Train_accy 95.90:  70%|███████   | 35/50 [18:51<12:31, 50.13s/it]                 
Task 2, Epoch 36/50 => Loss 0.124, Train_accy 95.90:  72%|███████▏  | 36/50 [18:51<11:41, 50.14s/it]
Task 2, Epoch 37/50 => Loss 0.115, Train_accy 96.25:  72%|███████▏  | 36/50 [19:41<11:41, 50.14s/it]
Task 2, Epoch 37/50 => Loss 0.115, Train_accy 96.25:  74%|███████▍  | 37/50 [19:41<10:50, 50.04s/it]
Task 2, Epoch 38/50 => Loss 0.123, Train_accy 95.86:  74%|███████▍  | 37/50 [20:31<10:50, 50.04s/it]
Task 2, Epoch 38/50 => Loss 0.123, Train_accy 95.86:  76%|███████▌  | 38/50 [20:31<09:58, 49.91s/it]
Task 2, Epoch 39/50 => Loss 0.121, Train_accy 95.99:  76%|███████▌  | 38/50 [21:21<09:58, 49.91s/it]
Task 2, Epoch 39/50 => Loss 0.121, Train_accy 95.99:  78%|███████▊  | 39/50 [21:21<09:08, 49.82s/it]
Task 2, Epoch 40/50 => Loss 0.123, Train_accy 96.09, Test_accy 79.14:  78%|███████▊  | 39/50 [22:22<09:08, 49.82s/it]
Task 2, Epoch 40/50 => Loss 0.123, Train_accy 96.09, Test_accy 79.14:  80%|████████  | 40/50 [22:22<08:52, 53.21s/it]
Task 2, Epoch 41/50 => Loss 0.121, Train_accy 96.18:  80%|████████  | 40/50 [23:11<08:52, 53.21s/it]                 
Task 2, Epoch 41/50 => Loss 0.121, Train_accy 96.18:  82%|████████▏ | 41/50 [23:11<07:49, 52.19s/it]
Task 2, Epoch 42/50 => Loss 0.119, Train_accy 96.06:  82%|████████▏ | 41/50 [24:01<07:49, 52.19s/it]
Task 2, Epoch 42/50 => Loss 0.119, Train_accy 96.06:  84%|████████▍ | 42/50 [24:01<06:51, 51.48s/it]
Task 2, Epoch 43/50 => Loss 0.116, Train_accy 96.43:  84%|████████▍ | 42/50 [24:51<06:51, 51.48s/it]
Task 2, Epoch 43/50 => Loss 0.116, Train_accy 96.43:  86%|████████▌ | 43/50 [24:51<05:57, 51.03s/it]
Task 2, Epoch 44/50 => Loss 0.109, Train_accy 96.41:  86%|████████▌ | 43/50 [25:41<05:57, 51.03s/it]
Task 2, Epoch 44/50 => Loss 0.109, Train_accy 96.41:  88%|████████▊ | 44/50 [25:41<05:04, 50.78s/it]
Task 2, Epoch 45/50 => Loss 0.112, Train_accy 96.27, Test_accy 79.64:  88%|████████▊ | 44/50 [26:43<05:04, 50.78s/it]
Task 2, Epoch 45/50 => Loss 0.112, Train_accy 96.27, Test_accy 79.64:  90%|█████████ | 45/50 [26:43<04:29, 53.88s/it]
Task 2, Epoch 46/50 => Loss 0.107, Train_accy 96.50:  90%|█████████ | 45/50 [27:33<04:29, 53.88s/it]                 
Task 2, Epoch 46/50 => Loss 0.107, Train_accy 96.50:  92%|█████████▏| 46/50 [27:33<03:31, 52.79s/it]
Task 2, Epoch 47/50 => Loss 0.110, Train_accy 96.37:  92%|█████████▏| 46/50 [28:23<03:31, 52.79s/it]
Task 2, Epoch 47/50 => Loss 0.110, Train_accy 96.37:  94%|█████████▍| 47/50 [28:23<02:36, 52.08s/it]
Task 2, Epoch 48/50 => Loss 0.116, Train_accy 96.35:  94%|█████████▍| 47/50 [29:14<02:36, 52.08s/it]
Task 2, Epoch 48/50 => Loss 0.116, Train_accy 96.35:  96%|█████████▌| 48/50 [29:14<01:43, 51.60s/it]
Task 2, Epoch 49/50 => Loss 0.108, Train_accy 96.39:  96%|█████████▌| 48/50 [30:04<01:43, 51.60s/it]
Task 2, Epoch 49/50 => Loss 0.108, Train_accy 96.39:  98%|█████████▊| 49/50 [30:04<00:51, 51.19s/it]
Task 2, Epoch 50/50 => Loss 0.109, Train_accy 96.53, Test_accy 80.26:  98%|█████████▊| 49/50 [31:05<00:51, 51.19s/it]
Task 2, Epoch 50/50 => Loss 0.109, Train_accy 96.53, Test_accy 80.26: 100%|██████████| 50/50 [31:05<00:00, 54.01s/it]
Task 2, Epoch 50/50 => Loss 0.109, Train_accy 96.53, Test_accy 80.26: 100%|██████████| 50/50 [31:05<00:00, 37.30s/it]
2025-07-07 22:19:58,616 [lae.py] => Task 2, Epoch 50/50 => Loss 0.109, Train_accy 96.53, Test_accy 80.26
2025-07-07 22:20:09,510 [trainer.py] => No NME accuracy.
2025-07-07 22:20:09,511 [trainer.py] => CNN: {'total': 80.26, '00-29': 78.33, '30-59': 84.14, '60-89': 78.3, 'old': 81.23, 'new': 78.3}
2025-07-07 22:20:09,511 [trainer.py] => CNN top1 curve: [90.67, 83.74, 80.26]
2025-07-07 22:20:09,511 [trainer.py] => CNN top5 curve: [100.0, 98.67, 97.61]

Average Accuracy (CNN): 84.89
2025-07-07 22:20:09,511 [trainer.py] => Average Accuracy (CNN): 84.89 

2025-07-07 22:20:09,512 [trainer.py] => All params: 86175086
2025-07-07 22:20:09,512 [trainer.py] => Trainable params: 222820
2025-07-07 22:20:09,513 [lae.py] => Learning on 90-120

  0%|          | 0/50 [00:00<?, ?it/s]
Task 3, Epoch 1/50 => Loss 1.887, Train_accy 56.21:   0%|          | 0/50 [00:26<?, ?it/s]
Task 3, Epoch 1/50 => Loss 1.887, Train_accy 56.21:   2%|▏         | 1/50 [00:26<21:21, 26.14s/it]
Task 3, Epoch 2/50 => Loss 0.549, Train_accy 82.91:   2%|▏         | 1/50 [00:52<21:21, 26.14s/it]
Task 3, Epoch 2/50 => Loss 0.549, Train_accy 82.91:   4%|▍         | 2/50 [00:52<20:53, 26.11s/it]
Task 3, Epoch 3/50 => Loss 0.417, Train_accy 86.94:   4%|▍         | 2/50 [01:19<20:53, 26.11s/it]
Task 3, Epoch 3/50 => Loss 0.417, Train_accy 86.94:   6%|▌         | 3/50 [01:19<20:43, 26.47s/it]
Task 3, Epoch 4/50 => Loss 0.344, Train_accy 89.11:   6%|▌         | 3/50 [01:45<20:43, 26.47s/it]
Task 3, Epoch 4/50 => Loss 0.344, Train_accy 89.11:   8%|▊         | 4/50 [01:45<20:09, 26.28s/it]
Task 3, Epoch 5/50 => Loss 0.331, Train_accy 89.50, Test_accy 71.98:   8%|▊         | 4/50 [02:26<20:09, 26.28s/it]
Task 3, Epoch 5/50 => Loss 0.331, Train_accy 89.50, Test_accy 71.98:  10%|█         | 5/50 [02:26<23:41, 31.59s/it]
Task 3, Epoch 6/50 => Loss 0.291, Train_accy 90.74:  10%|█         | 5/50 [02:51<23:41, 31.59s/it]                 
Task 3, Epoch 6/50 => Loss 0.291, Train_accy 90.74:  12%|█▏        | 6/50 [02:51<21:41, 29.57s/it]
Task 3, Epoch 7/50 => Loss 0.282, Train_accy 90.85:  12%|█▏        | 6/50 [03:17<21:41, 29.57s/it]
Task 3, Epoch 7/50 => Loss 0.282, Train_accy 90.85:  14%|█▍        | 7/50 [03:17<20:21, 28.41s/it]
Task 3, Epoch 8/50 => Loss 0.268, Train_accy 91.46:  14%|█▍        | 7/50 [03:43<20:21, 28.41s/it]
Task 3, Epoch 8/50 => Loss 0.268, Train_accy 91.46:  16%|█▌        | 8/50 [03:43<19:20, 27.63s/it]
Task 3, Epoch 9/50 => Loss 0.232, Train_accy 92.37:  16%|█▌        | 8/50 [04:09<19:20, 27.63s/it]
Task 3, Epoch 9/50 => Loss 0.232, Train_accy 92.37:  18%|█▊        | 9/50 [04:09<18:29, 27.06s/it]
Task 3, Epoch 10/50 => Loss 0.215, Train_accy 92.81, Test_accy 73.82:  18%|█▊        | 9/50 [04:49<18:29, 27.06s/it]
Task 3, Epoch 10/50 => Loss 0.215, Train_accy 92.81, Test_accy 73.82:  20%|██        | 10/50 [04:49<20:47, 31.19s/it]
Task 3, Epoch 11/50 => Loss 0.207, Train_accy 93.10:  20%|██        | 10/50 [05:16<20:47, 31.19s/it]                 
Task 3, Epoch 11/50 => Loss 0.207, Train_accy 93.10:  22%|██▏       | 11/50 [05:16<19:21, 29.77s/it]
Task 3, Epoch 12/50 => Loss 0.209, Train_accy 93.11:  22%|██▏       | 11/50 [05:42<19:21, 29.77s/it]
Task 3, Epoch 12/50 => Loss 0.209, Train_accy 93.11:  24%|██▍       | 12/50 [05:42<18:06, 28.60s/it]
Task 3, Epoch 13/50 => Loss 0.188, Train_accy 93.72:  24%|██▍       | 12/50 [06:09<18:06, 28.60s/it]
Task 3, Epoch 13/50 => Loss 0.188, Train_accy 93.72:  26%|██▌       | 13/50 [06:09<17:19, 28.09s/it]
Task 3, Epoch 14/50 => Loss 0.196, Train_accy 93.76:  26%|██▌       | 13/50 [06:35<17:19, 28.09s/it]
Task 3, Epoch 14/50 => Loss 0.196, Train_accy 93.76:  28%|██▊       | 14/50 [06:35<16:33, 27.60s/it]
Task 3, Epoch 15/50 => Loss 0.191, Train_accy 93.56, Test_accy 74.49:  28%|██▊       | 14/50 [07:16<16:33, 27.60s/it]
Task 3, Epoch 15/50 => Loss 0.191, Train_accy 93.56, Test_accy 74.49:  30%|███       | 15/50 [07:16<18:20, 31.44s/it]
Task 3, Epoch 16/50 => Loss 0.182, Train_accy 93.88:  30%|███       | 15/50 [07:42<18:20, 31.44s/it]                 
Task 3, Epoch 16/50 => Loss 0.182, Train_accy 93.88:  32%|███▏      | 16/50 [07:42<16:53, 29.80s/it]
Task 3, Epoch 17/50 => Loss 0.176, Train_accy 94.32:  32%|███▏      | 16/50 [08:08<16:53, 29.80s/it]
Task 3, Epoch 17/50 => Loss 0.176, Train_accy 94.32:  34%|███▍      | 17/50 [08:08<15:48, 28.75s/it]
Task 3, Epoch 18/50 => Loss 0.167, Train_accy 94.32:  34%|███▍      | 17/50 [08:34<15:48, 28.75s/it]
Task 3, Epoch 18/50 => Loss 0.167, Train_accy 94.32:  36%|███▌      | 18/50 [08:34<14:53, 27.92s/it]
Task 3, Epoch 19/50 => Loss 0.165, Train_accy 94.34:  36%|███▌      | 18/50 [09:00<14:53, 27.92s/it]
Task 3, Epoch 19/50 => Loss 0.165, Train_accy 94.34:  38%|███▊      | 19/50 [09:00<14:05, 27.27s/it]
Task 3, Epoch 20/50 => Loss 0.165, Train_accy 94.34, Test_accy 75.66:  38%|███▊      | 19/50 [09:40<14:05, 27.27s/it]
Task 3, Epoch 20/50 => Loss 0.165, Train_accy 94.34, Test_accy 75.66:  40%|████      | 20/50 [09:40<15:36, 31.20s/it]
Task 3, Epoch 21/50 => Loss 0.165, Train_accy 94.56:  40%|████      | 20/50 [10:06<15:36, 31.20s/it]                 
Task 3, Epoch 21/50 => Loss 0.165, Train_accy 94.56:  42%|████▏     | 21/50 [10:06<14:18, 29.60s/it]
Task 3, Epoch 22/50 => Loss 0.168, Train_accy 94.65:  42%|████▏     | 21/50 [10:32<14:18, 29.60s/it]
Task 3, Epoch 22/50 => Loss 0.168, Train_accy 94.65:  44%|████▍     | 22/50 [10:32<13:15, 28.40s/it]
Task 3, Epoch 23/50 => Loss 0.156, Train_accy 94.73:  44%|████▍     | 22/50 [10:57<13:15, 28.40s/it]
Task 3, Epoch 23/50 => Loss 0.156, Train_accy 94.73:  46%|████▌     | 23/50 [10:57<12:24, 27.59s/it]
Task 3, Epoch 24/50 => Loss 0.151, Train_accy 95.14:  46%|████▌     | 23/50 [11:23<12:24, 27.59s/it]
Task 3, Epoch 24/50 => Loss 0.151, Train_accy 95.14:  48%|████▊     | 24/50 [11:23<11:43, 27.07s/it]
Task 3, Epoch 25/50 => Loss 0.149, Train_accy 95.06, Test_accy 75.82:  48%|████▊     | 24/50 [12:03<11:43, 27.07s/it]
Task 3, Epoch 25/50 => Loss 0.149, Train_accy 95.06, Test_accy 75.82:  50%|█████     | 25/50 [12:03<12:55, 31.03s/it]
Task 3, Epoch 26/50 => Loss 0.155, Train_accy 94.68:  50%|█████     | 25/50 [12:30<12:55, 31.03s/it]                 
Task 3, Epoch 26/50 => Loss 0.155, Train_accy 94.68:  52%|█████▏    | 26/50 [12:30<11:49, 29.57s/it]
Task 3, Epoch 27/50 => Loss 0.152, Train_accy 94.88:  52%|█████▏    | 26/50 [12:56<11:49, 29.57s/it]
Task 3, Epoch 27/50 => Loss 0.152, Train_accy 94.88:  54%|█████▍    | 27/50 [12:56<11:00, 28.71s/it]
Task 3, Epoch 28/50 => Loss 0.145, Train_accy 95.11:  54%|█████▍    | 27/50 [13:23<11:00, 28.71s/it]
Task 3, Epoch 28/50 => Loss 0.145, Train_accy 95.11:  56%|█████▌    | 28/50 [13:23<10:18, 28.13s/it]
Task 3, Epoch 29/50 => Loss 0.140, Train_accy 95.35:  56%|█████▌    | 28/50 [13:50<10:18, 28.13s/it]
Task 3, Epoch 29/50 => Loss 0.140, Train_accy 95.35:  58%|█████▊    | 29/50 [13:50<09:40, 27.64s/it]
Task 3, Epoch 30/50 => Loss 0.143, Train_accy 95.52, Test_accy 76.45:  58%|█████▊    | 29/50 [14:30<09:40, 27.64s/it]
Task 3, Epoch 30/50 => Loss 0.143, Train_accy 95.52, Test_accy 76.45:  60%|██████    | 30/50 [14:30<10:31, 31.60s/it]
Task 3, Epoch 31/50 => Loss 0.145, Train_accy 95.14:  60%|██████    | 30/50 [15:24<10:31, 31.60s/it]                 
Task 3, Epoch 31/50 => Loss 0.145, Train_accy 95.14:  62%|██████▏   | 31/50 [15:24<12:03, 38.09s/it]
Task 3, Epoch 32/50 => Loss 0.132, Train_accy 95.56:  62%|██████▏   | 31/50 [16:17<12:03, 38.09s/it]
Task 3, Epoch 32/50 => Loss 0.132, Train_accy 95.56:  64%|██████▍   | 32/50 [16:17<12:46, 42.56s/it]
Task 3, Epoch 33/50 => Loss 0.135, Train_accy 95.64:  64%|██████▍   | 32/50 [17:09<12:46, 42.56s/it]
Task 3, Epoch 33/50 => Loss 0.135, Train_accy 95.64:  66%|██████▌   | 33/50 [17:09<12:53, 45.53s/it]
Task 3, Epoch 34/50 => Loss 0.132, Train_accy 95.46:  66%|██████▌   | 33/50 [18:01<12:53, 45.53s/it]
Task 3, Epoch 34/50 => Loss 0.132, Train_accy 95.46:  68%|██████▊   | 34/50 [18:01<12:40, 47.55s/it]
Task 3, Epoch 35/50 => Loss 0.135, Train_accy 95.48, Test_accy 76.91:  68%|██████▊   | 34/50 [19:08<12:40, 47.55s/it]
Task 3, Epoch 35/50 => Loss 0.135, Train_accy 95.48, Test_accy 76.91:  70%|███████   | 35/50 [19:08<13:19, 53.27s/it]
Task 3, Epoch 36/50 => Loss 0.142, Train_accy 95.38:  70%|███████   | 35/50 [20:00<13:19, 53.27s/it]                 
Task 3, Epoch 36/50 => Loss 0.142, Train_accy 95.38:  72%|███████▏  | 36/50 [20:00<12:18, 52.77s/it]
Task 3, Epoch 37/50 => Loss 0.119, Train_accy 95.99:  72%|███████▏  | 36/50 [20:51<12:18, 52.77s/it]
Task 3, Epoch 37/50 => Loss 0.119, Train_accy 95.99:  74%|███████▍  | 37/50 [20:51<11:22, 52.51s/it]
Task 3, Epoch 38/50 => Loss 0.137, Train_accy 95.63:  74%|███████▍  | 37/50 [21:44<11:22, 52.51s/it]
Task 3, Epoch 38/50 => Loss 0.137, Train_accy 95.63:  76%|███████▌  | 38/50 [21:44<10:29, 52.49s/it]
Task 3, Epoch 39/50 => Loss 0.117, Train_accy 96.28:  76%|███████▌  | 38/50 [22:36<10:29, 52.49s/it]
Task 3, Epoch 39/50 => Loss 0.117, Train_accy 96.28:  78%|███████▊  | 39/50 [22:36<09:35, 52.32s/it]
Task 3, Epoch 40/50 => Loss 0.133, Train_accy 95.64, Test_accy 77.12:  78%|███████▊  | 39/50 [23:42<09:35, 52.32s/it]
Task 3, Epoch 40/50 => Loss 0.133, Train_accy 95.64, Test_accy 77.12:  80%|████████  | 40/50 [23:42<09:25, 56.55s/it]
Task 3, Epoch 41/50 => Loss 0.119, Train_accy 96.07:  80%|████████  | 40/50 [24:34<09:25, 56.55s/it]                 
Task 3, Epoch 41/50 => Loss 0.119, Train_accy 96.07:  82%|████████▏ | 41/50 [24:34<08:16, 55.12s/it]
Task 3, Epoch 42/50 => Loss 0.125, Train_accy 96.10:  82%|████████▏ | 41/50 [25:26<08:16, 55.12s/it]
Task 3, Epoch 42/50 => Loss 0.125, Train_accy 96.10:  84%|████████▍ | 42/50 [25:26<07:12, 54.04s/it]
Task 3, Epoch 43/50 => Loss 0.115, Train_accy 96.29:  84%|████████▍ | 42/50 [26:17<07:12, 54.04s/it]
Task 3, Epoch 43/50 => Loss 0.115, Train_accy 96.29:  86%|████████▌ | 43/50 [26:17<06:13, 53.39s/it]
Task 3, Epoch 44/50 => Loss 0.119, Train_accy 95.92:  86%|████████▌ | 43/50 [27:09<06:13, 53.39s/it]
Task 3, Epoch 44/50 => Loss 0.119, Train_accy 95.92:  88%|████████▊ | 44/50 [27:09<05:17, 52.87s/it]
Task 3, Epoch 45/50 => Loss 0.123, Train_accy 96.15, Test_accy 77.20:  88%|████████▊ | 44/50 [28:14<05:17, 52.87s/it]
Task 3, Epoch 45/50 => Loss 0.123, Train_accy 96.15, Test_accy 77.20:  90%|█████████ | 45/50 [28:14<04:43, 56.62s/it]
Task 3, Epoch 46/50 => Loss 0.116, Train_accy 96.33:  90%|█████████ | 45/50 [29:06<04:43, 56.62s/it]                 
Task 3, Epoch 46/50 => Loss 0.116, Train_accy 96.33:  92%|█████████▏| 46/50 [29:06<03:40, 55.04s/it]
Task 3, Epoch 47/50 => Loss 0.104, Train_accy 96.47:  92%|█████████▏| 46/50 [29:58<03:40, 55.04s/it]
Task 3, Epoch 47/50 => Loss 0.104, Train_accy 96.47:  94%|█████████▍| 47/50 [29:58<02:42, 54.10s/it]
Task 3, Epoch 48/50 => Loss 0.115, Train_accy 96.30:  94%|█████████▍| 47/50 [30:49<02:42, 54.10s/it]
Task 3, Epoch 48/50 => Loss 0.115, Train_accy 96.30:  96%|█████████▌| 48/50 [30:49<01:46, 53.37s/it]
Task 3, Epoch 49/50 => Loss 0.105, Train_accy 96.52:  96%|█████████▌| 48/50 [31:41<01:46, 53.37s/it]
Task 3, Epoch 49/50 => Loss 0.105, Train_accy 96.52:  98%|█████████▊| 49/50 [31:41<00:52, 52.95s/it]
Task 3, Epoch 50/50 => Loss 0.119, Train_accy 95.93, Test_accy 77.12:  98%|█████████▊| 49/50 [32:47<00:52, 52.95s/it]
Task 3, Epoch 50/50 => Loss 0.119, Train_accy 95.93, Test_accy 77.12: 100%|██████████| 50/50 [32:47<00:00, 56.65s/it]
Task 3, Epoch 50/50 => Loss 0.119, Train_accy 95.93, Test_accy 77.12: 100%|██████████| 50/50 [32:47<00:00, 39.34s/it]
2025-07-07 22:52:56,636 [lae.py] => Task 3, Epoch 50/50 => Loss 0.119, Train_accy 95.93, Test_accy 77.12
2025-07-07 22:53:10,526 [trainer.py] => No NME accuracy.
2025-07-07 22:53:10,527 [trainer.py] => CNN: {'total': 77.12, '00-29': 78.17, '30-59': 80.97, '60-89': 75.29, '90-119': 74.04, 'old': 78.14, 'new': 74.04}
2025-07-07 22:53:10,527 [trainer.py] => CNN top1 curve: [90.67, 83.74, 80.26, 77.12]
2025-07-07 22:53:10,527 [trainer.py] => CNN top5 curve: [100.0, 98.67, 97.61, 96.7]

Average Accuracy (CNN): 82.95
2025-07-07 22:53:10,527 [trainer.py] => Average Accuracy (CNN): 82.95 

2025-07-07 22:53:10,528 [trainer.py] => All params: 86198156
2025-07-07 22:53:10,529 [trainer.py] => Trainable params: 245890
2025-07-07 22:53:10,532 [lae.py] => Learning on 120-150

  0%|          | 0/50 [00:00<?, ?it/s]
Task 4, Epoch 1/50 => Loss 1.908, Train_accy 56.07:   0%|          | 0/50 [00:26<?, ?it/s]
Task 4, Epoch 1/50 => Loss 1.908, Train_accy 56.07:   2%|▏         | 1/50 [00:26<21:15, 26.02s/it]
Task 4, Epoch 2/50 => Loss 0.514, Train_accy 84.76:   2%|▏         | 1/50 [00:51<21:15, 26.02s/it]
Task 4, Epoch 2/50 => Loss 0.514, Train_accy 84.76:   4%|▍         | 2/50 [00:51<20:42, 25.89s/it]
Task 4, Epoch 3/50 => Loss 0.397, Train_accy 87.95:   4%|▍         | 2/50 [01:17<20:42, 25.89s/it]
Task 4, Epoch 3/50 => Loss 0.397, Train_accy 87.95:   6%|▌         | 3/50 [01:17<20:16, 25.88s/it]
Task 4, Epoch 4/50 => Loss 0.347, Train_accy 89.01:   6%|▌         | 3/50 [01:43<20:16, 25.88s/it]
Task 4, Epoch 4/50 => Loss 0.347, Train_accy 89.01:   8%|▊         | 4/50 [01:43<19:53, 25.94s/it]
Task 4, Epoch 5/50 => Loss 0.312, Train_accy 90.57, Test_accy 70.77:   8%|▊         | 4/50 [02:27<19:53, 25.94s/it]
Task 4, Epoch 5/50 => Loss 0.312, Train_accy 90.57, Test_accy 70.77:  10%|█         | 5/50 [02:27<24:24, 32.54s/it]
Task 4, Epoch 6/50 => Loss 0.277, Train_accy 91.03:  10%|█         | 5/50 [02:54<24:24, 32.54s/it]                 
Task 4, Epoch 6/50 => Loss 0.277, Train_accy 91.03:  12%|█▏        | 6/50 [02:54<22:26, 30.60s/it]
Task 4, Epoch 7/50 => Loss 0.263, Train_accy 91.17:  12%|█▏        | 6/50 [03:21<22:26, 30.60s/it]
Task 4, Epoch 7/50 => Loss 0.263, Train_accy 91.17:  14%|█▍        | 7/50 [03:21<21:04, 29.41s/it]
Task 4, Epoch 8/50 => Loss 0.245, Train_accy 92.02:  14%|█▍        | 7/50 [03:49<21:04, 29.41s/it]
Task 4, Epoch 8/50 => Loss 0.245, Train_accy 92.02:  16%|█▌        | 8/50 [03:49<20:06, 28.72s/it]
Task 4, Epoch 9/50 => Loss 0.230, Train_accy 92.48:  16%|█▌        | 8/50 [04:15<20:06, 28.72s/it]
Task 4, Epoch 9/50 => Loss 0.230, Train_accy 92.48:  18%|█▊        | 9/50 [04:15<19:08, 28.00s/it]
Task 4, Epoch 10/50 => Loss 0.217, Train_accy 92.41, Test_accy 72.24:  18%|█▊        | 9/50 [04:59<19:08, 28.00s/it]
Task 4, Epoch 10/50 => Loss 0.217, Train_accy 92.41, Test_accy 72.24:  20%|██        | 10/50 [04:59<21:58, 32.97s/it]
Task 4, Epoch 11/50 => Loss 0.210, Train_accy 92.85:  20%|██        | 10/50 [05:26<21:58, 32.97s/it]                 
Task 4, Epoch 11/50 => Loss 0.210, Train_accy 92.85:  22%|██▏       | 11/50 [05:26<20:12, 31.09s/it]
Task 4, Epoch 12/50 => Loss 0.198, Train_accy 93.21:  22%|██▏       | 11/50 [05:53<20:12, 31.09s/it]
Task 4, Epoch 12/50 => Loss 0.198, Train_accy 93.21:  24%|██▍       | 12/50 [05:53<18:50, 29.75s/it]
Task 4, Epoch 13/50 => Loss 0.181, Train_accy 93.78:  24%|██▍       | 12/50 [06:19<18:50, 29.75s/it]
Task 4, Epoch 13/50 => Loss 0.181, Train_accy 93.78:  26%|██▌       | 13/50 [06:19<17:45, 28.79s/it]
Task 4, Epoch 14/50 => Loss 0.185, Train_accy 93.70:  26%|██▌       | 13/50 [06:45<17:45, 28.79s/it]
Task 4, Epoch 14/50 => Loss 0.185, Train_accy 93.70:  28%|██▊       | 14/50 [06:45<16:49, 28.04s/it]
Task 4, Epoch 15/50 => Loss 0.194, Train_accy 93.51, Test_accy 73.08:  28%|██▊       | 14/50 [07:29<16:49, 28.04s/it]
Task 4, Epoch 15/50 => Loss 0.194, Train_accy 93.51, Test_accy 73.08:  30%|███       | 15/50 [07:29<19:08, 32.81s/it]
Task 4, Epoch 16/50 => Loss 0.185, Train_accy 93.83:  30%|███       | 15/50 [07:55<19:08, 32.81s/it]                 
Task 4, Epoch 16/50 => Loss 0.185, Train_accy 93.83:  32%|███▏      | 16/50 [07:55<17:27, 30.81s/it]
Task 4, Epoch 17/50 => Loss 0.173, Train_accy 94.31:  32%|███▏      | 16/50 [08:22<17:27, 30.81s/it]
Task 4, Epoch 17/50 => Loss 0.173, Train_accy 94.31:  34%|███▍      | 17/50 [08:22<16:11, 29.44s/it]
Task 4, Epoch 18/50 => Loss 0.174, Train_accy 94.14:  34%|███▍      | 17/50 [08:48<16:11, 29.44s/it]
Task 4, Epoch 18/50 => Loss 0.174, Train_accy 94.14:  36%|███▌      | 18/50 [08:48<15:09, 28.44s/it]
Task 4, Epoch 19/50 => Loss 0.177, Train_accy 94.16:  36%|███▌      | 18/50 [09:14<15:09, 28.44s/it]
Task 4, Epoch 19/50 => Loss 0.177, Train_accy 94.16:  38%|███▊      | 19/50 [09:14<14:20, 27.76s/it]
Task 4, Epoch 20/50 => Loss 0.162, Train_accy 94.38, Test_accy 73.75:  38%|███▊      | 19/50 [09:58<14:20, 27.76s/it]
Task 4, Epoch 20/50 => Loss 0.162, Train_accy 94.38, Test_accy 73.75:  40%|████      | 20/50 [09:58<16:16, 32.54s/it]
Task 4, Epoch 21/50 => Loss 0.171, Train_accy 94.19:  40%|████      | 20/50 [10:24<16:16, 32.54s/it]                 
Task 4, Epoch 21/50 => Loss 0.171, Train_accy 94.19:  42%|████▏     | 21/50 [10:24<14:46, 30.56s/it]
Task 4, Epoch 22/50 => Loss 0.152, Train_accy 94.72:  42%|████▏     | 21/50 [10:50<14:46, 30.56s/it]
Task 4, Epoch 22/50 => Loss 0.152, Train_accy 94.72:  44%|████▍     | 22/50 [10:50<13:38, 29.21s/it]
Task 4, Epoch 23/50 => Loss 0.146, Train_accy 95.16:  44%|████▍     | 22/50 [11:16<13:38, 29.21s/it]
Task 4, Epoch 23/50 => Loss 0.146, Train_accy 95.16:  46%|████▌     | 23/50 [11:16<12:44, 28.30s/it]
Task 4, Epoch 24/50 => Loss 0.150, Train_accy 95.05:  46%|████▌     | 23/50 [11:42<12:44, 28.30s/it]
Task 4, Epoch 24/50 => Loss 0.150, Train_accy 95.05:  48%|████▊     | 24/50 [11:42<11:55, 27.52s/it]
Task 4, Epoch 25/50 => Loss 0.156, Train_accy 94.77, Test_accy 74.11:  48%|████▊     | 24/50 [12:25<11:55, 27.52s/it]
Task 4, Epoch 25/50 => Loss 0.156, Train_accy 94.77, Test_accy 74.11:  50%|█████     | 25/50 [12:25<13:27, 32.29s/it]
Task 4, Epoch 26/50 => Loss 0.154, Train_accy 94.92:  50%|█████     | 25/50 [12:51<13:27, 32.29s/it]                 
Task 4, Epoch 26/50 => Loss 0.154, Train_accy 94.92:  52%|█████▏    | 26/50 [12:51<12:08, 30.34s/it]
Task 4, Epoch 27/50 => Loss 0.146, Train_accy 95.20:  52%|█████▏    | 26/50 [13:17<12:08, 30.34s/it]
Task 4, Epoch 27/50 => Loss 0.146, Train_accy 95.20:  54%|█████▍    | 27/50 [13:17<11:09, 29.11s/it]
Task 4, Epoch 28/50 => Loss 0.148, Train_accy 95.25:  54%|█████▍    | 27/50 [13:43<11:09, 29.11s/it]
Task 4, Epoch 28/50 => Loss 0.148, Train_accy 95.25:  56%|█████▌    | 28/50 [13:43<10:20, 28.20s/it]
Task 4, Epoch 29/50 => Loss 0.151, Train_accy 94.72:  56%|█████▌    | 28/50 [14:09<10:20, 28.20s/it]
Task 4, Epoch 29/50 => Loss 0.151, Train_accy 94.72:  58%|█████▊    | 29/50 [14:09<09:37, 27.51s/it]
Task 4, Epoch 30/50 => Loss 0.137, Train_accy 95.64, Test_accy 74.55:  58%|█████▊    | 29/50 [14:53<09:37, 27.51s/it]
Task 4, Epoch 30/50 => Loss 0.137, Train_accy 95.64, Test_accy 74.55:  60%|██████    | 30/50 [14:53<10:48, 32.45s/it]
Task 4, Epoch 31/50 => Loss 0.141, Train_accy 95.21:  60%|██████    | 30/50 [15:45<10:48, 32.45s/it]                 
Task 4, Epoch 31/50 => Loss 0.141, Train_accy 95.21:  62%|██████▏   | 31/50 [15:45<12:08, 38.35s/it]
Task 4, Epoch 32/50 => Loss 0.139, Train_accy 95.46:  62%|██████▏   | 31/50 [16:37<12:08, 38.35s/it]
Task 4, Epoch 32/50 => Loss 0.139, Train_accy 95.46:  64%|██████▍   | 32/50 [16:37<12:42, 42.36s/it]
Task 4, Epoch 33/50 => Loss 0.146, Train_accy 95.30:  64%|██████▍   | 32/50 [17:29<12:42, 42.36s/it]
Task 4, Epoch 33/50 => Loss 0.146, Train_accy 95.30:  66%|██████▌   | 33/50 [17:29<12:48, 45.19s/it]
Task 4, Epoch 34/50 => Loss 0.133, Train_accy 95.34:  66%|██████▌   | 33/50 [18:20<12:48, 45.19s/it]
Task 4, Epoch 34/50 => Loss 0.133, Train_accy 95.34:  68%|██████▊   | 34/50 [18:20<12:34, 47.17s/it]
Task 4, Epoch 35/50 => Loss 0.138, Train_accy 95.34, Test_accy 74.65:  68%|██████▊   | 34/50 [19:29<12:34, 47.17s/it]
Task 4, Epoch 35/50 => Loss 0.138, Train_accy 95.34, Test_accy 74.65:  70%|███████   | 35/50 [19:29<13:24, 53.64s/it]
Task 4, Epoch 36/50 => Loss 0.143, Train_accy 95.31:  70%|███████   | 35/50 [20:21<13:24, 53.64s/it]                 
Task 4, Epoch 36/50 => Loss 0.143, Train_accy 95.31:  72%|███████▏  | 36/50 [20:21<12:25, 53.24s/it]
Task 4, Epoch 37/50 => Loss 0.138, Train_accy 95.41:  72%|███████▏  | 36/50 [21:14<12:25, 53.24s/it]
Task 4, Epoch 37/50 => Loss 0.138, Train_accy 95.41:  74%|███████▍  | 37/50 [21:14<11:29, 53.03s/it]
Task 4, Epoch 38/50 => Loss 0.131, Train_accy 95.77:  74%|███████▍  | 37/50 [22:06<11:29, 53.03s/it]
Task 4, Epoch 38/50 => Loss 0.131, Train_accy 95.77:  76%|███████▌  | 38/50 [22:06<10:33, 52.80s/it]
Task 4, Epoch 39/50 => Loss 0.135, Train_accy 95.46:  76%|███████▌  | 38/50 [22:59<10:33, 52.80s/it]
Task 4, Epoch 39/50 => Loss 0.135, Train_accy 95.46:  78%|███████▊  | 39/50 [22:59<09:41, 52.85s/it]
Task 4, Epoch 40/50 => Loss 0.116, Train_accy 96.08, Test_accy 75.18:  78%|███████▊  | 39/50 [24:10<09:41, 52.85s/it]
Task 4, Epoch 40/50 => Loss 0.116, Train_accy 96.08, Test_accy 75.18:  80%|████████  | 40/50 [24:10<09:41, 58.13s/it]
Task 4, Epoch 41/50 => Loss 0.126, Train_accy 95.90:  80%|████████  | 40/50 [25:03<09:41, 58.13s/it]                 
Task 4, Epoch 41/50 => Loss 0.126, Train_accy 95.90:  82%|████████▏ | 41/50 [25:03<08:29, 56.57s/it]
Task 4, Epoch 42/50 => Loss 0.119, Train_accy 95.96:  82%|████████▏ | 41/50 [25:56<08:29, 56.57s/it]
Task 4, Epoch 42/50 => Loss 0.119, Train_accy 95.96:  84%|████████▍ | 42/50 [25:56<07:24, 55.59s/it]
Task 4, Epoch 43/50 => Loss 0.127, Train_accy 96.00:  84%|████████▍ | 42/50 [26:49<07:24, 55.59s/it]
Task 4, Epoch 43/50 => Loss 0.127, Train_accy 96.00:  86%|████████▌ | 43/50 [26:49<06:23, 54.74s/it]
Task 4, Epoch 44/50 => Loss 0.117, Train_accy 95.91:  86%|████████▌ | 43/50 [27:41<06:23, 54.74s/it]
Task 4, Epoch 44/50 => Loss 0.117, Train_accy 95.91:  88%|████████▊ | 44/50 [27:41<05:23, 53.90s/it]
Task 4, Epoch 45/50 => Loss 0.128, Train_accy 95.75, Test_accy 74.82:  88%|████████▊ | 44/50 [28:50<05:23, 53.90s/it]
Task 4, Epoch 45/50 => Loss 0.128, Train_accy 95.75, Test_accy 74.82:  90%|█████████ | 45/50 [28:50<04:52, 58.58s/it]
Task 4, Epoch 46/50 => Loss 0.127, Train_accy 95.86:  90%|█████████ | 45/50 [29:42<04:52, 58.58s/it]                 
Task 4, Epoch 46/50 => Loss 0.127, Train_accy 95.86:  92%|█████████▏| 46/50 [29:42<03:46, 56.56s/it]
Task 4, Epoch 47/50 => Loss 0.113, Train_accy 96.07:  92%|█████████▏| 46/50 [30:34<03:46, 56.56s/it]
Task 4, Epoch 47/50 => Loss 0.113, Train_accy 96.07:  94%|█████████▍| 47/50 [30:34<02:45, 55.21s/it]
Task 4, Epoch 48/50 => Loss 0.114, Train_accy 96.11:  94%|█████████▍| 47/50 [31:26<02:45, 55.21s/it]
Task 4, Epoch 48/50 => Loss 0.114, Train_accy 96.11:  96%|█████████▌| 48/50 [31:26<01:48, 54.23s/it]
Task 4, Epoch 49/50 => Loss 0.114, Train_accy 96.32:  96%|█████████▌| 48/50 [32:18<01:48, 54.23s/it]
Task 4, Epoch 49/50 => Loss 0.114, Train_accy 96.32:  98%|█████████▊| 49/50 [32:18<00:53, 53.49s/it]
Task 4, Epoch 50/50 => Loss 0.121, Train_accy 96.01, Test_accy 75.55:  98%|█████████▊| 49/50 [33:26<00:53, 53.49s/it]
Task 4, Epoch 50/50 => Loss 0.121, Train_accy 96.01, Test_accy 75.55: 100%|██████████| 50/50 [33:26<00:00, 58.03s/it]
Task 4, Epoch 50/50 => Loss 0.121, Train_accy 96.01, Test_accy 75.55: 100%|██████████| 50/50 [33:26<00:00, 40.14s/it]
2025-07-07 23:26:37,355 [lae.py] => Task 4, Epoch 50/50 => Loss 0.121, Train_accy 96.01, Test_accy 75.55
2025-07-07 23:26:54,483 [trainer.py] => No NME accuracy.
2025-07-07 23:26:54,483 [trainer.py] => CNN: {'total': 75.55, '00-29': 77.17, '30-59': 80.8, '60-89': 74.96, '90-119': 69.18, '120-149': 75.63, 'old': 75.53, 'new': 75.63}
2025-07-07 23:26:54,483 [trainer.py] => CNN top1 curve: [90.67, 83.74, 80.26, 77.12, 75.55]
2025-07-07 23:26:54,483 [trainer.py] => CNN top5 curve: [100.0, 98.67, 97.61, 96.7, 95.32]

Average Accuracy (CNN): 81.47
2025-07-07 23:26:54,483 [trainer.py] => Average Accuracy (CNN): 81.47 

2025-07-07 23:26:54,484 [trainer.py] => All params: 86221226
2025-07-07 23:26:54,485 [trainer.py] => Trainable params: 268960
2025-07-07 23:26:54,487 [lae.py] => Learning on 150-180

  0%|          | 0/50 [00:00<?, ?it/s]
Task 5, Epoch 1/50 => Loss 1.915, Train_accy 54.10:   0%|          | 0/50 [00:32<?, ?it/s]
Task 5, Epoch 1/50 => Loss 1.915, Train_accy 54.10:   2%|▏         | 1/50 [00:32<26:37, 32.61s/it]
Task 5, Epoch 2/50 => Loss 0.576, Train_accy 81.96:   2%|▏         | 1/50 [00:57<26:37, 32.61s/it]
Task 5, Epoch 2/50 => Loss 0.576, Train_accy 81.96:   4%|▍         | 2/50 [00:57<22:38, 28.30s/it]
Task 5, Epoch 3/50 => Loss 0.441, Train_accy 86.37:   4%|▍         | 2/50 [01:23<22:38, 28.30s/it]
Task 5, Epoch 3/50 => Loss 0.441, Train_accy 86.37:   6%|▌         | 3/50 [01:23<21:17, 27.17s/it]
Task 5, Epoch 4/50 => Loss 0.361, Train_accy 88.32:   6%|▌         | 3/50 [01:49<21:17, 27.17s/it]
Task 5, Epoch 4/50 => Loss 0.361, Train_accy 88.32:   8%|▊         | 4/50 [01:49<20:23, 26.60s/it]
Task 5, Epoch 5/50 => Loss 0.311, Train_accy 90.02, Test_accy 69.40:   8%|▊         | 4/50 [02:36<20:23, 26.60s/it]
Task 5, Epoch 5/50 => Loss 0.311, Train_accy 90.02, Test_accy 69.40:  10%|█         | 5/50 [02:36<25:25, 33.89s/it]
Task 5, Epoch 6/50 => Loss 0.279, Train_accy 91.08:  10%|█         | 5/50 [03:02<25:25, 33.89s/it]                 
Task 5, Epoch 6/50 => Loss 0.279, Train_accy 91.08:  12%|█▏        | 6/50 [03:02<22:55, 31.26s/it]
Task 5, Epoch 7/50 => Loss 0.266, Train_accy 91.35:  12%|█▏        | 6/50 [03:28<22:55, 31.26s/it]
Task 5, Epoch 7/50 => Loss 0.266, Train_accy 91.35:  14%|█▍        | 7/50 [03:28<21:13, 29.61s/it]
Task 5, Epoch 8/50 => Loss 0.249, Train_accy 92.03:  14%|█▍        | 7/50 [03:55<21:13, 29.61s/it]
Task 5, Epoch 8/50 => Loss 0.249, Train_accy 92.03:  16%|█▌        | 8/50 [03:55<20:01, 28.60s/it]
Task 5, Epoch 9/50 => Loss 0.245, Train_accy 91.84:  16%|█▌        | 8/50 [04:20<20:01, 28.60s/it]
Task 5, Epoch 9/50 => Loss 0.245, Train_accy 91.84:  18%|█▊        | 9/50 [04:20<18:56, 27.71s/it]
Task 5, Epoch 10/50 => Loss 0.221, Train_accy 92.82, Test_accy 69.93:  18%|█▊        | 9/50 [05:07<18:56, 27.71s/it]
Task 5, Epoch 10/50 => Loss 0.221, Train_accy 92.82, Test_accy 69.93:  20%|██        | 10/50 [05:07<22:27, 33.69s/it]
Task 5, Epoch 11/50 => Loss 0.204, Train_accy 93.43:  20%|██        | 10/50 [05:33<22:27, 33.69s/it]                 
Task 5, Epoch 11/50 => Loss 0.204, Train_accy 93.43:  22%|██▏       | 11/50 [05:33<20:22, 31.34s/it]
Task 5, Epoch 12/50 => Loss 0.200, Train_accy 93.34:  22%|██▏       | 11/50 [06:00<20:22, 31.34s/it]
Task 5, Epoch 12/50 => Loss 0.200, Train_accy 93.34:  24%|██▍       | 12/50 [06:00<18:55, 29.88s/it]
Task 5, Epoch 13/50 => Loss 0.190, Train_accy 93.69:  24%|██▍       | 12/50 [06:26<18:55, 29.88s/it]
Task 5, Epoch 13/50 => Loss 0.190, Train_accy 93.69:  26%|██▌       | 13/50 [06:26<17:40, 28.66s/it]
Task 5, Epoch 14/50 => Loss 0.183, Train_accy 94.07:  26%|██▌       | 13/50 [06:52<17:40, 28.66s/it]
Task 5, Epoch 14/50 => Loss 0.183, Train_accy 94.07:  28%|██▊       | 14/50 [06:52<16:41, 27.83s/it]
Task 5, Epoch 15/50 => Loss 0.177, Train_accy 94.44, Test_accy 70.41:  28%|██▊       | 14/50 [07:38<16:41, 27.83s/it]
Task 5, Epoch 15/50 => Loss 0.177, Train_accy 94.44, Test_accy 70.41:  30%|███       | 15/50 [07:38<19:27, 33.35s/it]
Task 5, Epoch 16/50 => Loss 0.178, Train_accy 94.25:  30%|███       | 15/50 [08:04<19:27, 33.35s/it]                 
Task 5, Epoch 16/50 => Loss 0.178, Train_accy 94.25:  32%|███▏      | 16/50 [08:04<17:37, 31.09s/it]
Task 5, Epoch 17/50 => Loss 0.177, Train_accy 94.01:  32%|███▏      | 16/50 [08:29<17:37, 31.09s/it]
Task 5, Epoch 17/50 => Loss 0.177, Train_accy 94.01:  34%|███▍      | 17/50 [08:29<16:08, 29.35s/it]
Task 5, Epoch 18/50 => Loss 0.166, Train_accy 94.62:  34%|███▍      | 17/50 [08:55<16:08, 29.35s/it]
Task 5, Epoch 18/50 => Loss 0.166, Train_accy 94.62:  36%|███▌      | 18/50 [08:55<15:04, 28.28s/it]
Task 5, Epoch 19/50 => Loss 0.165, Train_accy 94.80:  36%|███▌      | 18/50 [09:20<15:04, 28.28s/it]
Task 5, Epoch 19/50 => Loss 0.165, Train_accy 94.80:  38%|███▊      | 19/50 [09:20<14:10, 27.44s/it]
Task 5, Epoch 20/50 => Loss 0.147, Train_accy 95.29, Test_accy 70.52:  38%|███▊      | 19/50 [10:07<14:10, 27.44s/it]
Task 5, Epoch 20/50 => Loss 0.147, Train_accy 95.29, Test_accy 70.52:  40%|████      | 20/50 [10:07<16:35, 33.18s/it]
Task 5, Epoch 21/50 => Loss 0.156, Train_accy 94.68:  40%|████      | 20/50 [10:32<16:35, 33.18s/it]                 
Task 5, Epoch 21/50 => Loss 0.156, Train_accy 94.68:  42%|████▏     | 21/50 [10:32<14:53, 30.82s/it]
Task 5, Epoch 22/50 => Loss 0.153, Train_accy 95.06:  42%|████▏     | 21/50 [10:58<14:53, 30.82s/it]
Task 5, Epoch 22/50 => Loss 0.153, Train_accy 95.06:  44%|████▍     | 22/50 [10:58<13:37, 29.21s/it]
Task 5, Epoch 23/50 => Loss 0.152, Train_accy 94.99:  44%|████▍     | 22/50 [11:23<13:37, 29.21s/it]
Task 5, Epoch 23/50 => Loss 0.152, Train_accy 94.99:  46%|████▌     | 23/50 [11:23<12:36, 28.01s/it]
Task 5, Epoch 24/50 => Loss 0.152, Train_accy 95.08:  46%|████▌     | 23/50 [11:48<12:36, 28.01s/it]
Task 5, Epoch 24/50 => Loss 0.152, Train_accy 95.08:  48%|████▊     | 24/50 [11:48<11:45, 27.13s/it]
Task 5, Epoch 25/50 => Loss 0.141, Train_accy 95.45, Test_accy 70.85:  48%|████▊     | 24/50 [12:33<11:45, 27.13s/it]
Task 5, Epoch 25/50 => Loss 0.141, Train_accy 95.45, Test_accy 70.85:  50%|█████     | 25/50 [12:33<13:36, 32.67s/it]
Task 5, Epoch 26/50 => Loss 0.142, Train_accy 95.33:  50%|█████     | 25/50 [12:59<13:36, 32.67s/it]                 
Task 5, Epoch 26/50 => Loss 0.142, Train_accy 95.33:  52%|█████▏    | 26/50 [12:59<12:11, 30.49s/it]
Task 5, Epoch 27/50 => Loss 0.147, Train_accy 95.14:  52%|█████▏    | 26/50 [13:24<12:11, 30.49s/it]
Task 5, Epoch 27/50 => Loss 0.147, Train_accy 95.14:  54%|█████▍    | 27/50 [13:24<11:04, 28.91s/it]
Task 5, Epoch 28/50 => Loss 0.129, Train_accy 95.79:  54%|█████▍    | 27/50 [13:49<11:04, 28.91s/it]
Task 5, Epoch 28/50 => Loss 0.129, Train_accy 95.79:  56%|█████▌    | 28/50 [13:49<10:11, 27.79s/it]
Task 5, Epoch 29/50 => Loss 0.134, Train_accy 95.46:  56%|█████▌    | 28/50 [14:15<10:11, 27.79s/it]
Task 5, Epoch 29/50 => Loss 0.134, Train_accy 95.46:  58%|█████▊    | 29/50 [14:15<09:27, 27.05s/it]
Task 5, Epoch 30/50 => Loss 0.135, Train_accy 95.94, Test_accy 70.82:  58%|█████▊    | 29/50 [15:01<09:27, 27.05s/it]
Task 5, Epoch 30/50 => Loss 0.135, Train_accy 95.94, Test_accy 70.82:  60%|██████    | 30/50 [15:01<10:55, 32.80s/it]
Task 5, Epoch 31/50 => Loss 0.135, Train_accy 95.78:  60%|██████    | 30/50 [15:52<10:55, 32.80s/it]                 
Task 5, Epoch 31/50 => Loss 0.135, Train_accy 95.78:  62%|██████▏   | 31/50 [15:52<12:06, 38.24s/it]
Task 5, Epoch 32/50 => Loss 0.134, Train_accy 95.50:  62%|██████▏   | 31/50 [16:43<12:06, 38.24s/it]
Task 5, Epoch 32/50 => Loss 0.134, Train_accy 95.50:  64%|██████▍   | 32/50 [16:43<12:36, 42.02s/it]
Task 5, Epoch 33/50 => Loss 0.127, Train_accy 95.92:  64%|██████▍   | 32/50 [17:33<12:36, 42.02s/it]
Task 5, Epoch 33/50 => Loss 0.127, Train_accy 95.92:  66%|██████▌   | 33/50 [17:33<12:37, 44.58s/it]
Task 5, Epoch 34/50 => Loss 0.123, Train_accy 96.07:  66%|██████▌   | 33/50 [18:23<12:37, 44.58s/it]
Task 5, Epoch 34/50 => Loss 0.123, Train_accy 96.07:  68%|██████▊   | 34/50 [18:23<12:21, 46.31s/it]
Task 5, Epoch 35/50 => Loss 0.126, Train_accy 96.05, Test_accy 71.07:  68%|██████▊   | 34/50 [19:34<12:21, 46.31s/it]
Task 5, Epoch 35/50 => Loss 0.126, Train_accy 96.05, Test_accy 71.07:  70%|███████   | 35/50 [19:34<13:22, 53.52s/it]
Task 5, Epoch 36/50 => Loss 0.122, Train_accy 96.30:  70%|███████   | 35/50 [20:24<13:22, 53.52s/it]                 
Task 5, Epoch 36/50 => Loss 0.122, Train_accy 96.30:  72%|███████▏  | 36/50 [20:24<12:16, 52.58s/it]
Task 5, Epoch 37/50 => Loss 0.109, Train_accy 96.28:  72%|███████▏  | 36/50 [21:14<12:16, 52.58s/it]
Task 5, Epoch 37/50 => Loss 0.109, Train_accy 96.28:  74%|███████▍  | 37/50 [21:14<11:14, 51.88s/it]
Task 5, Epoch 38/50 => Loss 0.119, Train_accy 95.98:  74%|███████▍  | 37/50 [22:05<11:14, 51.88s/it]
Task 5, Epoch 38/50 => Loss 0.119, Train_accy 95.98:  76%|███████▌  | 38/50 [22:05<10:17, 51.47s/it]
Task 5, Epoch 39/50 => Loss 0.121, Train_accy 95.98:  76%|███████▌  | 38/50 [22:56<10:17, 51.47s/it]
Task 5, Epoch 39/50 => Loss 0.121, Train_accy 95.98:  78%|███████▊  | 39/50 [22:56<09:25, 51.43s/it]
Task 5, Epoch 40/50 => Loss 0.114, Train_accy 96.07, Test_accy 71.30:  78%|███████▊  | 39/50 [24:08<09:25, 51.43s/it]
Task 5, Epoch 40/50 => Loss 0.114, Train_accy 96.07, Test_accy 71.30:  80%|████████  | 40/50 [24:08<09:36, 57.63s/it]
Task 5, Epoch 41/50 => Loss 0.105, Train_accy 96.55:  80%|████████  | 40/50 [25:00<09:36, 57.63s/it]                 
Task 5, Epoch 41/50 => Loss 0.105, Train_accy 96.55:  82%|████████▏ | 41/50 [25:00<08:22, 55.85s/it]
Task 5, Epoch 42/50 => Loss 0.108, Train_accy 96.43:  82%|████████▏ | 41/50 [25:52<08:22, 55.85s/it]
Task 5, Epoch 42/50 => Loss 0.108, Train_accy 96.43:  84%|████████▍ | 42/50 [25:52<07:16, 54.57s/it]
Task 5, Epoch 43/50 => Loss 0.110, Train_accy 96.30:  84%|████████▍ | 42/50 [26:44<07:16, 54.57s/it]
Task 5, Epoch 43/50 => Loss 0.110, Train_accy 96.30:  86%|████████▌ | 43/50 [26:44<06:16, 53.84s/it]
Task 5, Epoch 44/50 => Loss 0.105, Train_accy 96.48:  86%|████████▌ | 43/50 [27:34<06:16, 53.84s/it]
Task 5, Epoch 44/50 => Loss 0.105, Train_accy 96.48:  88%|████████▊ | 44/50 [27:34<05:17, 52.84s/it]
Task 5, Epoch 45/50 => Loss 0.105, Train_accy 96.52, Test_accy 71.44:  88%|████████▊ | 44/50 [28:45<05:17, 52.84s/it]
Task 5, Epoch 45/50 => Loss 0.105, Train_accy 96.52, Test_accy 71.44:  90%|█████████ | 45/50 [28:45<04:50, 58.16s/it]
Task 5, Epoch 46/50 => Loss 0.104, Train_accy 96.64:  90%|█████████ | 45/50 [29:35<04:50, 58.16s/it]                 
Task 5, Epoch 46/50 => Loss 0.104, Train_accy 96.64:  92%|█████████▏| 46/50 [29:35<03:43, 55.86s/it]
Task 5, Epoch 47/50 => Loss 0.103, Train_accy 96.80:  92%|█████████▏| 46/50 [30:26<03:43, 55.86s/it]
Task 5, Epoch 47/50 => Loss 0.103, Train_accy 96.80:  94%|█████████▍| 47/50 [30:26<02:42, 54.25s/it]
Task 5, Epoch 48/50 => Loss 0.106, Train_accy 96.48:  94%|█████████▍| 47/50 [31:17<02:42, 54.25s/it]
Task 5, Epoch 48/50 => Loss 0.106, Train_accy 96.48:  96%|█████████▌| 48/50 [31:17<01:46, 53.30s/it]
Task 5, Epoch 49/50 => Loss 0.107, Train_accy 96.58:  96%|█████████▌| 48/50 [32:09<01:46, 53.30s/it]
Task 5, Epoch 49/50 => Loss 0.107, Train_accy 96.58:  98%|█████████▊| 49/50 [32:09<00:52, 52.79s/it]
Task 5, Epoch 50/50 => Loss 0.114, Train_accy 96.22, Test_accy 71.38:  98%|█████████▊| 49/50 [33:21<00:52, 52.79s/it]
Task 5, Epoch 50/50 => Loss 0.114, Train_accy 96.22, Test_accy 71.38: 100%|██████████| 50/50 [33:21<00:00, 58.60s/it]
Task 5, Epoch 50/50 => Loss 0.114, Train_accy 96.22, Test_accy 71.38: 100%|██████████| 50/50 [33:21<00:00, 40.02s/it]
2025-07-08 00:00:15,740 [lae.py] => Task 5, Epoch 50/50 => Loss 0.114, Train_accy 96.22, Test_accy 71.38
2025-07-08 00:00:36,568 [trainer.py] => No NME accuracy.
2025-07-08 00:00:36,568 [trainer.py] => CNN: {'total': 71.38, '00-29': 75.83, '30-59': 77.13, '60-89': 71.79, '90-119': 66.67, '120-149': 74.79, '150-179': 62.04, 'old': 73.25, 'new': 62.04}
2025-07-08 00:00:36,568 [trainer.py] => CNN top1 curve: [90.67, 83.74, 80.26, 77.12, 75.55, 71.38]
2025-07-08 00:00:36,568 [trainer.py] => CNN top5 curve: [100.0, 98.67, 97.61, 96.7, 95.32, 94.52]

Average Accuracy (CNN): 79.79
2025-07-08 00:00:36,569 [trainer.py] => Average Accuracy (CNN): 79.79 

2025-07-08 00:00:36,570 [trainer.py] => All params: 86244296
2025-07-08 00:00:36,572 [trainer.py] => Trainable params: 292030
2025-07-08 00:00:36,576 [lae.py] => Learning on 180-210

  0%|          | 0/50 [00:00<?, ?it/s]
Task 6, Epoch 1/50 => Loss 1.906, Train_accy 54.88:   0%|          | 0/50 [00:25<?, ?it/s]
Task 6, Epoch 1/50 => Loss 1.906, Train_accy 54.88:   2%|▏         | 1/50 [00:25<21:03, 25.78s/it]
Task 6, Epoch 2/50 => Loss 0.537, Train_accy 82.65:   2%|▏         | 1/50 [00:51<21:03, 25.78s/it]
Task 6, Epoch 2/50 => Loss 0.537, Train_accy 82.65:   4%|▍         | 2/50 [00:51<20:43, 25.91s/it]
Task 6, Epoch 3/50 => Loss 0.411, Train_accy 86.08:   4%|▍         | 2/50 [01:18<20:43, 25.91s/it]
Task 6, Epoch 3/50 => Loss 0.411, Train_accy 86.08:   6%|▌         | 3/50 [01:18<20:29, 26.15s/it]
Task 6, Epoch 4/50 => Loss 0.351, Train_accy 87.91:   6%|▌         | 3/50 [01:44<20:29, 26.15s/it]
Task 6, Epoch 4/50 => Loss 0.351, Train_accy 87.91:   8%|▊         | 4/50 [01:44<19:59, 26.07s/it]
Task 6, Epoch 5/50 => Loss 0.316, Train_accy 89.02, Test_accy 67.89:   8%|▊         | 4/50 [02:34<19:59, 26.07s/it]
Task 6, Epoch 5/50 => Loss 0.316, Train_accy 89.02, Test_accy 67.89:  10%|█         | 5/50 [02:34<26:02, 34.71s/it]
Task 6, Epoch 6/50 => Loss 0.283, Train_accy 89.88:  10%|█         | 5/50 [03:00<26:02, 34.71s/it]                 
Task 6, Epoch 6/50 => Loss 0.283, Train_accy 89.88:  12%|█▏        | 6/50 [03:00<23:14, 31.68s/it]
Task 6, Epoch 7/50 => Loss 0.259, Train_accy 90.88:  12%|█▏        | 6/50 [03:25<23:14, 31.68s/it]
Task 6, Epoch 7/50 => Loss 0.259, Train_accy 90.88:  14%|█▍        | 7/50 [03:25<21:15, 29.67s/it]
Task 6, Epoch 8/50 => Loss 0.237, Train_accy 91.59:  14%|█▍        | 7/50 [03:51<21:15, 29.67s/it]
Task 6, Epoch 8/50 => Loss 0.237, Train_accy 91.59:  16%|█▌        | 8/50 [03:51<19:51, 28.38s/it]
Task 6, Epoch 9/50 => Loss 0.242, Train_accy 91.67:  16%|█▌        | 8/50 [04:16<19:51, 28.38s/it]
Task 6, Epoch 9/50 => Loss 0.242, Train_accy 91.67:  18%|█▊        | 9/50 [04:16<18:47, 27.50s/it]
Task 6, Epoch 10/50 => Loss 0.223, Train_accy 91.96, Test_accy 68.85:  18%|█▊        | 9/50 [05:06<18:47, 27.50s/it]
Task 6, Epoch 10/50 => Loss 0.223, Train_accy 91.96, Test_accy 68.85:  20%|██        | 10/50 [05:06<22:52, 34.32s/it]
Task 6, Epoch 11/50 => Loss 0.205, Train_accy 92.56:  20%|██        | 10/50 [05:31<22:52, 34.32s/it]                 
Task 6, Epoch 11/50 => Loss 0.205, Train_accy 92.56:  22%|██▏       | 11/50 [05:31<20:34, 31.65s/it]
Task 6, Epoch 12/50 => Loss 0.194, Train_accy 93.04:  22%|██▏       | 11/50 [05:57<20:34, 31.65s/it]
Task 6, Epoch 12/50 => Loss 0.194, Train_accy 93.04:  24%|██▍       | 12/50 [05:57<18:49, 29.72s/it]
Task 6, Epoch 13/50 => Loss 0.194, Train_accy 93.13:  24%|██▍       | 12/50 [06:22<18:49, 29.72s/it]
Task 6, Epoch 13/50 => Loss 0.194, Train_accy 93.13:  26%|██▌       | 13/50 [06:22<17:28, 28.33s/it]
Task 6, Epoch 14/50 => Loss 0.194, Train_accy 93.49:  26%|██▌       | 13/50 [06:47<17:28, 28.33s/it]
Task 6, Epoch 14/50 => Loss 0.194, Train_accy 93.49:  28%|██▊       | 14/50 [06:47<16:24, 27.35s/it]
Task 6, Epoch 15/50 => Loss 0.222, Train_accy 92.70, Test_accy 69.21:  28%|██▊       | 14/50 [07:36<16:24, 27.35s/it]
Task 6, Epoch 15/50 => Loss 0.222, Train_accy 92.70, Test_accy 69.21:  30%|███       | 15/50 [07:36<19:44, 33.84s/it]
Task 6, Epoch 16/50 => Loss 0.198, Train_accy 92.98:  30%|███       | 15/50 [08:01<19:44, 33.84s/it]                 
Task 6, Epoch 16/50 => Loss 0.198, Train_accy 92.98:  32%|███▏      | 16/50 [08:01<17:41, 31.22s/it]
Task 6, Epoch 17/50 => Loss 0.189, Train_accy 93.42:  32%|███▏      | 16/50 [08:26<17:41, 31.22s/it]
Task 6, Epoch 17/50 => Loss 0.189, Train_accy 93.42:  34%|███▍      | 17/50 [08:26<16:08, 29.34s/it]
Task 6, Epoch 18/50 => Loss 0.171, Train_accy 93.83:  34%|███▍      | 17/50 [08:51<16:08, 29.34s/it]
Task 6, Epoch 18/50 => Loss 0.171, Train_accy 93.83:  36%|███▌      | 18/50 [08:51<15:02, 28.20s/it]
Task 6, Epoch 19/50 => Loss 0.156, Train_accy 94.30:  36%|███▌      | 18/50 [09:17<15:02, 28.20s/it]
Task 6, Epoch 19/50 => Loss 0.156, Train_accy 94.30:  38%|███▊      | 19/50 [09:17<14:08, 27.39s/it]
Task 6, Epoch 20/50 => Loss 0.156, Train_accy 94.42, Test_accy 69.35:  38%|███▊      | 19/50 [10:05<14:08, 27.39s/it]
Task 6, Epoch 20/50 => Loss 0.156, Train_accy 94.42, Test_accy 69.35:  40%|████      | 20/50 [10:05<16:51, 33.73s/it]
Task 6, Epoch 21/50 => Loss 0.163, Train_accy 94.22:  40%|████      | 20/50 [10:31<16:51, 33.73s/it]                 
Task 6, Epoch 21/50 => Loss 0.163, Train_accy 94.22:  42%|████▏     | 21/50 [10:31<15:03, 31.16s/it]
Task 6, Epoch 22/50 => Loss 0.165, Train_accy 94.17:  42%|████▏     | 21/50 [10:56<15:03, 31.16s/it]
Task 6, Epoch 22/50 => Loss 0.165, Train_accy 94.17:  44%|████▍     | 22/50 [10:56<13:40, 29.31s/it]
Task 6, Epoch 23/50 => Loss 0.156, Train_accy 94.73:  44%|████▍     | 22/50 [11:21<13:40, 29.31s/it]
Task 6, Epoch 23/50 => Loss 0.156, Train_accy 94.73:  46%|████▌     | 23/50 [11:21<12:37, 28.06s/it]
Task 6, Epoch 24/50 => Loss 0.170, Train_accy 94.67:  46%|████▌     | 23/50 [11:46<12:37, 28.06s/it]
Task 6, Epoch 24/50 => Loss 0.170, Train_accy 94.67:  48%|████▊     | 24/50 [11:46<11:44, 27.12s/it]
Task 6, Epoch 25/50 => Loss 0.155, Train_accy 94.94, Test_accy 69.35:  48%|████▊     | 24/50 [12:34<11:44, 27.12s/it]
Task 6, Epoch 25/50 => Loss 0.155, Train_accy 94.94, Test_accy 69.35:  50%|█████     | 25/50 [12:34<13:57, 33.51s/it]
Task 6, Epoch 26/50 => Loss 0.149, Train_accy 94.92:  50%|█████     | 25/50 [12:59<13:57, 33.51s/it]                 
Task 6, Epoch 26/50 => Loss 0.149, Train_accy 94.92:  52%|█████▏    | 26/50 [12:59<12:23, 30.96s/it]
Task 6, Epoch 27/50 => Loss 0.149, Train_accy 94.82:  52%|█████▏    | 26/50 [13:24<12:23, 30.96s/it]
Task 6, Epoch 27/50 => Loss 0.149, Train_accy 94.82:  54%|█████▍    | 27/50 [13:24<11:11, 29.19s/it]
Task 6, Epoch 28/50 => Loss 0.147, Train_accy 94.69:  54%|█████▍    | 27/50 [13:49<11:11, 29.19s/it]
Task 6, Epoch 28/50 => Loss 0.147, Train_accy 94.69:  56%|█████▌    | 28/50 [13:49<10:14, 27.95s/it]
Task 6, Epoch 29/50 => Loss 0.140, Train_accy 94.90:  56%|█████▌    | 28/50 [14:15<10:14, 27.95s/it]
Task 6, Epoch 29/50 => Loss 0.140, Train_accy 94.90:  58%|█████▊    | 29/50 [14:15<09:31, 27.20s/it]
Task 6, Epoch 30/50 => Loss 0.137, Train_accy 95.28, Test_accy 69.52:  58%|█████▊    | 29/50 [15:04<09:31, 27.20s/it]
Task 6, Epoch 30/50 => Loss 0.137, Train_accy 95.28, Test_accy 69.52:  60%|██████    | 30/50 [15:04<11:19, 33.96s/it]
Task 6, Epoch 31/50 => Loss 0.138, Train_accy 95.22:  60%|██████    | 30/50 [15:56<11:19, 33.96s/it]                 
Task 6, Epoch 31/50 => Loss 0.138, Train_accy 95.22:  62%|██████▏   | 31/50 [15:56<12:25, 39.22s/it]
Task 6, Epoch 32/50 => Loss 0.139, Train_accy 95.04:  62%|██████▏   | 31/50 [16:47<12:25, 39.22s/it]
Task 6, Epoch 32/50 => Loss 0.139, Train_accy 95.04:  64%|██████▍   | 32/50 [16:47<12:51, 42.84s/it]
Task 6, Epoch 33/50 => Loss 0.130, Train_accy 95.50:  64%|██████▍   | 32/50 [17:39<12:51, 42.84s/it]
Task 6, Epoch 33/50 => Loss 0.130, Train_accy 95.50:  66%|██████▌   | 33/50 [17:39<12:53, 45.48s/it]
Task 6, Epoch 34/50 => Loss 0.139, Train_accy 94.88:  66%|██████▌   | 33/50 [18:30<12:53, 45.48s/it]
Task 6, Epoch 34/50 => Loss 0.139, Train_accy 94.88:  68%|██████▊   | 34/50 [18:30<12:36, 47.29s/it]
Task 6, Epoch 35/50 => Loss 0.124, Train_accy 95.55, Test_accy 69.85:  68%|██████▊   | 34/50 [19:45<12:36, 47.29s/it]
Task 6, Epoch 35/50 => Loss 0.124, Train_accy 95.55, Test_accy 69.85:  70%|███████   | 35/50 [19:45<13:53, 55.57s/it]
Task 6, Epoch 36/50 => Loss 0.124, Train_accy 95.54:  70%|███████   | 35/50 [20:36<13:53, 55.57s/it]                 
Task 6, Epoch 36/50 => Loss 0.124, Train_accy 95.54:  72%|███████▏  | 36/50 [20:36<12:37, 54.08s/it]
Task 6, Epoch 37/50 => Loss 0.120, Train_accy 95.59:  72%|███████▏  | 36/50 [21:26<12:37, 54.08s/it]
Task 6, Epoch 37/50 => Loss 0.120, Train_accy 95.59:  74%|███████▍  | 37/50 [21:26<11:28, 52.97s/it]
Task 6, Epoch 38/50 => Loss 0.126, Train_accy 95.69:  74%|███████▍  | 37/50 [22:16<11:28, 52.97s/it]
Task 6, Epoch 38/50 => Loss 0.126, Train_accy 95.69:  76%|███████▌  | 38/50 [22:16<10:25, 52.12s/it]
Task 6, Epoch 39/50 => Loss 0.128, Train_accy 95.36:  76%|███████▌  | 38/50 [23:07<10:25, 52.12s/it]
Task 6, Epoch 39/50 => Loss 0.128, Train_accy 95.36:  78%|███████▊  | 39/50 [23:07<09:28, 51.66s/it]
Task 6, Epoch 40/50 => Loss 0.130, Train_accy 95.71, Test_accy 69.44:  78%|███████▊  | 39/50 [24:21<09:28, 51.66s/it]
Task 6, Epoch 40/50 => Loss 0.130, Train_accy 95.71, Test_accy 69.44:  80%|████████  | 40/50 [24:21<09:43, 58.31s/it]
Task 6, Epoch 41/50 => Loss 0.123, Train_accy 95.57:  80%|████████  | 40/50 [25:11<09:43, 58.31s/it]                 
Task 6, Epoch 41/50 => Loss 0.123, Train_accy 95.57:  82%|████████▏ | 41/50 [25:11<08:22, 55.85s/it]
Task 6, Epoch 42/50 => Loss 0.117, Train_accy 95.87:  82%|████████▏ | 41/50 [26:01<08:22, 55.85s/it]
Task 6, Epoch 42/50 => Loss 0.117, Train_accy 95.87:  84%|████████▍ | 42/50 [26:01<07:13, 54.23s/it]
Task 6, Epoch 43/50 => Loss 0.117, Train_accy 96.10:  84%|████████▍ | 42/50 [26:52<07:13, 54.23s/it]
Task 6, Epoch 43/50 => Loss 0.117, Train_accy 96.10:  86%|████████▌ | 43/50 [26:52<06:11, 53.04s/it]
Task 6, Epoch 44/50 => Loss 0.116, Train_accy 96.10:  86%|████████▌ | 43/50 [27:42<06:11, 53.04s/it]
Task 6, Epoch 44/50 => Loss 0.116, Train_accy 96.10:  88%|████████▊ | 44/50 [27:42<05:14, 52.37s/it]
Task 6, Epoch 45/50 => Loss 0.121, Train_accy 95.71, Test_accy 69.47:  88%|████████▊ | 44/50 [28:58<05:14, 52.37s/it]
Task 6, Epoch 45/50 => Loss 0.121, Train_accy 95.71, Test_accy 69.47:  90%|█████████ | 45/50 [28:58<04:56, 59.24s/it]
Task 6, Epoch 46/50 => Loss 0.108, Train_accy 96.13:  90%|█████████ | 45/50 [29:50<04:56, 59.24s/it]                 
Task 6, Epoch 46/50 => Loss 0.108, Train_accy 96.13:  92%|█████████▏| 46/50 [29:50<03:48, 57.06s/it]
Task 6, Epoch 47/50 => Loss 0.106, Train_accy 96.24:  92%|█████████▏| 46/50 [30:40<03:48, 57.06s/it]
Task 6, Epoch 47/50 => Loss 0.106, Train_accy 96.24:  94%|█████████▍| 47/50 [30:40<02:45, 55.11s/it]
Task 6, Epoch 48/50 => Loss 0.107, Train_accy 96.36:  94%|█████████▍| 47/50 [31:31<02:45, 55.11s/it]
Task 6, Epoch 48/50 => Loss 0.107, Train_accy 96.36:  96%|█████████▌| 48/50 [31:31<01:47, 53.72s/it]
Task 6, Epoch 49/50 => Loss 0.100, Train_accy 96.43:  96%|█████████▌| 48/50 [32:21<01:47, 53.72s/it]
Task 6, Epoch 49/50 => Loss 0.100, Train_accy 96.43:  98%|█████████▊| 49/50 [32:21<00:52, 52.66s/it]
Task 6, Epoch 50/50 => Loss 0.102, Train_accy 96.47, Test_accy 69.35:  98%|█████████▊| 49/50 [33:35<00:52, 52.66s/it]
Task 6, Epoch 50/50 => Loss 0.102, Train_accy 96.47, Test_accy 69.35: 100%|██████████| 50/50 [33:35<00:00, 59.06s/it]
Task 6, Epoch 50/50 => Loss 0.102, Train_accy 96.47, Test_accy 69.35: 100%|██████████| 50/50 [33:35<00:00, 40.31s/it]
2025-07-08 00:34:11,974 [lae.py] => Task 6, Epoch 50/50 => Loss 0.102, Train_accy 96.47, Test_accy 69.35
2025-07-08 00:34:35,511 [trainer.py] => No NME accuracy.
2025-07-08 00:34:35,512 [trainer.py] => CNN: {'total': 69.35, '00-29': 75.83, '30-59': 75.96, '60-89': 70.45, '90-119': 63.82, '120-149': 72.79, '150-179': 60.2, '180-209': 66.33, 'old': 69.85, 'new': 66.33}
2025-07-08 00:34:35,512 [trainer.py] => CNN top1 curve: [90.67, 83.74, 80.26, 77.12, 75.55, 71.38, 69.35]
2025-07-08 00:34:35,512 [trainer.py] => CNN top5 curve: [100.0, 98.67, 97.61, 96.7, 95.32, 94.52, 93.05]

Average Accuracy (CNN): 78.3
2025-07-08 00:34:35,512 [trainer.py] => Average Accuracy (CNN): 78.3 

2025-07-08 00:34:35,513 [trainer.py] => All params: 86267366
2025-07-08 00:34:35,515 [trainer.py] => Trainable params: 315100
2025-07-08 00:34:35,518 [lae.py] => Learning on 210-240

  0%|          | 0/50 [00:00<?, ?it/s]
Task 7, Epoch 1/50 => Loss 2.012, Train_accy 53.79:   0%|          | 0/50 [00:26<?, ?it/s]
Task 7, Epoch 1/50 => Loss 2.012, Train_accy 53.79:   2%|▏         | 1/50 [00:26<21:46, 26.66s/it]
Task 7, Epoch 2/50 => Loss 0.633, Train_accy 80.49:   2%|▏         | 1/50 [00:53<21:46, 26.66s/it]
Task 7, Epoch 2/50 => Loss 0.633, Train_accy 80.49:   4%|▍         | 2/50 [00:53<21:24, 26.75s/it]
Task 7, Epoch 3/50 => Loss 0.503, Train_accy 83.49:   4%|▍         | 2/50 [01:19<21:24, 26.75s/it]
Task 7, Epoch 3/50 => Loss 0.503, Train_accy 83.49:   6%|▌         | 3/50 [01:19<20:49, 26.58s/it]
Task 7, Epoch 4/50 => Loss 0.439, Train_accy 85.96:   6%|▌         | 3/50 [01:46<20:49, 26.58s/it]
Task 7, Epoch 4/50 => Loss 0.439, Train_accy 85.96:   8%|▊         | 4/50 [01:46<20:18, 26.48s/it]
Task 7, Epoch 5/50 => Loss 0.397, Train_accy 87.03, Test_accy 64.89:   8%|▊         | 4/50 [02:39<20:18, 26.48s/it]
Task 7, Epoch 5/50 => Loss 0.397, Train_accy 87.03, Test_accy 64.89:  10%|█         | 5/50 [02:39<27:05, 36.12s/it]
Task 7, Epoch 6/50 => Loss 0.341, Train_accy 88.79:  10%|█         | 5/50 [03:05<27:05, 36.12s/it]                 
Task 7, Epoch 6/50 => Loss 0.341, Train_accy 88.79:  12%|█▏        | 6/50 [03:05<24:03, 32.82s/it]
Task 7, Epoch 7/50 => Loss 0.322, Train_accy 88.99:  12%|█▏        | 6/50 [03:33<24:03, 32.82s/it]
Task 7, Epoch 7/50 => Loss 0.322, Train_accy 88.99:  14%|█▍        | 7/50 [03:33<22:12, 31.00s/it]
Task 7, Epoch 8/50 => Loss 0.311, Train_accy 89.65:  14%|█▍        | 7/50 [03:59<22:12, 31.00s/it]
Task 7, Epoch 8/50 => Loss 0.311, Train_accy 89.65:  16%|█▌        | 8/50 [03:59<20:45, 29.66s/it]
Task 7, Epoch 9/50 => Loss 0.290, Train_accy 90.17:  16%|█▌        | 8/50 [04:26<20:45, 29.66s/it]
Task 7, Epoch 9/50 => Loss 0.290, Train_accy 90.17:  18%|█▊        | 9/50 [04:26<19:32, 28.60s/it]
Task 7, Epoch 10/50 => Loss 0.279, Train_accy 90.58, Test_accy 65.75:  18%|█▊        | 9/50 [05:19<19:32, 28.60s/it]
Task 7, Epoch 10/50 => Loss 0.279, Train_accy 90.58, Test_accy 65.75:  20%|██        | 10/50 [05:19<24:05, 36.14s/it]
Task 7, Epoch 11/50 => Loss 0.274, Train_accy 90.33:  20%|██        | 10/50 [05:46<24:05, 36.14s/it]                 
Task 7, Epoch 11/50 => Loss 0.274, Train_accy 90.33:  22%|██▏       | 11/50 [05:46<21:39, 33.32s/it]
Task 7, Epoch 12/50 => Loss 0.255, Train_accy 91.42:  22%|██▏       | 11/50 [06:12<21:39, 33.32s/it]
Task 7, Epoch 12/50 => Loss 0.255, Train_accy 91.42:  24%|██▍       | 12/50 [06:12<19:48, 31.27s/it]
Task 7, Epoch 13/50 => Loss 0.245, Train_accy 91.80:  24%|██▍       | 12/50 [06:39<19:48, 31.27s/it]
Task 7, Epoch 13/50 => Loss 0.245, Train_accy 91.80:  26%|██▌       | 13/50 [06:39<18:22, 29.80s/it]
Task 7, Epoch 14/50 => Loss 0.245, Train_accy 91.61:  26%|██▌       | 13/50 [07:05<18:22, 29.80s/it]
Task 7, Epoch 14/50 => Loss 0.245, Train_accy 91.61:  28%|██▊       | 14/50 [07:05<17:17, 28.83s/it]
Task 7, Epoch 15/50 => Loss 0.236, Train_accy 91.91, Test_accy 66.23:  28%|██▊       | 14/50 [07:59<17:17, 28.83s/it]
Task 7, Epoch 15/50 => Loss 0.236, Train_accy 91.91, Test_accy 66.23:  30%|███       | 15/50 [07:59<21:11, 36.34s/it]
Task 7, Epoch 16/50 => Loss 0.223, Train_accy 92.61:  30%|███       | 15/50 [08:26<21:11, 36.34s/it]                 
Task 7, Epoch 16/50 => Loss 0.223, Train_accy 92.61:  32%|███▏      | 16/50 [08:26<18:58, 33.49s/it]
Task 7, Epoch 17/50 => Loss 0.225, Train_accy 92.32:  32%|███▏      | 16/50 [08:53<18:58, 33.49s/it]
Task 7, Epoch 17/50 => Loss 0.225, Train_accy 92.32:  34%|███▍      | 17/50 [08:53<17:21, 31.55s/it]
Task 7, Epoch 18/50 => Loss 0.226, Train_accy 92.31:  34%|███▍      | 17/50 [09:20<17:21, 31.55s/it]
Task 7, Epoch 18/50 => Loss 0.226, Train_accy 92.31:  36%|███▌      | 18/50 [09:20<16:04, 30.14s/it]
Task 7, Epoch 19/50 => Loss 0.216, Train_accy 92.65:  36%|███▌      | 18/50 [09:47<16:04, 30.14s/it]
Task 7, Epoch 19/50 => Loss 0.216, Train_accy 92.65:  38%|███▊      | 19/50 [09:47<15:04, 29.18s/it]
Task 7, Epoch 20/50 => Loss 0.204, Train_accy 92.87, Test_accy 66.37:  38%|███▊      | 19/50 [10:41<15:04, 29.18s/it]
Task 7, Epoch 20/50 => Loss 0.204, Train_accy 92.87, Test_accy 66.37:  40%|████      | 20/50 [10:41<18:23, 36.78s/it]
Task 7, Epoch 21/50 => Loss 0.203, Train_accy 93.01:  40%|████      | 20/50 [11:08<18:23, 36.78s/it]                 
Task 7, Epoch 21/50 => Loss 0.203, Train_accy 93.01:  42%|████▏     | 21/50 [11:08<16:18, 33.75s/it]
Task 7, Epoch 22/50 => Loss 0.201, Train_accy 93.11:  42%|████▏     | 21/50 [11:34<16:18, 33.75s/it]
Task 7, Epoch 22/50 => Loss 0.201, Train_accy 93.11:  44%|████▍     | 22/50 [11:34<14:45, 31.63s/it]
Task 7, Epoch 23/50 => Loss 0.202, Train_accy 92.87:  44%|████▍     | 22/50 [12:01<14:45, 31.63s/it]
Task 7, Epoch 23/50 => Loss 0.202, Train_accy 92.87:  46%|████▌     | 23/50 [12:01<13:34, 30.18s/it]
Task 7, Epoch 24/50 => Loss 0.192, Train_accy 93.24:  46%|████▌     | 23/50 [12:28<13:34, 30.18s/it]
Task 7, Epoch 24/50 => Loss 0.192, Train_accy 93.24:  48%|████▊     | 24/50 [12:28<12:34, 29.03s/it]
Task 7, Epoch 25/50 => Loss 0.198, Train_accy 93.14, Test_accy 66.60:  48%|████▊     | 24/50 [13:21<12:34, 29.03s/it]
Task 7, Epoch 25/50 => Loss 0.198, Train_accy 93.14, Test_accy 66.60:  50%|█████     | 25/50 [13:21<15:06, 36.25s/it]
Task 7, Epoch 26/50 => Loss 0.209, Train_accy 92.68:  50%|█████     | 25/50 [13:47<15:06, 36.25s/it]                 
Task 7, Epoch 26/50 => Loss 0.209, Train_accy 92.68:  52%|█████▏    | 26/50 [13:47<13:19, 33.30s/it]
Task 7, Epoch 27/50 => Loss 0.189, Train_accy 93.73:  52%|█████▏    | 26/50 [14:13<13:19, 33.30s/it]
Task 7, Epoch 27/50 => Loss 0.189, Train_accy 93.73:  54%|█████▍    | 27/50 [14:13<11:57, 31.22s/it]
Task 7, Epoch 28/50 => Loss 0.190, Train_accy 93.30:  54%|█████▍    | 27/50 [14:40<11:57, 31.22s/it]
Task 7, Epoch 28/50 => Loss 0.190, Train_accy 93.30:  56%|█████▌    | 28/50 [14:40<10:56, 29.82s/it]
Task 7, Epoch 29/50 => Loss 0.191, Train_accy 93.69:  56%|█████▌    | 28/50 [15:06<10:56, 29.82s/it]
Task 7, Epoch 29/50 => Loss 0.191, Train_accy 93.69:  58%|█████▊    | 29/50 [15:06<10:04, 28.80s/it]
Task 7, Epoch 30/50 => Loss 0.186, Train_accy 93.62, Test_accy 66.77:  58%|█████▊    | 29/50 [16:00<10:04, 28.80s/it]
Task 7, Epoch 30/50 => Loss 0.186, Train_accy 93.62, Test_accy 66.77:  60%|██████    | 30/50 [16:00<12:04, 36.23s/it]
Task 7, Epoch 31/50 => Loss 0.190, Train_accy 93.56:  60%|██████    | 30/50 [16:53<12:04, 36.23s/it]                 
Task 7, Epoch 31/50 => Loss 0.190, Train_accy 93.56:  62%|██████▏   | 31/50 [16:53<13:01, 41.14s/it]
Task 7, Epoch 32/50 => Loss 0.177, Train_accy 93.73:  62%|██████▏   | 31/50 [17:46<13:01, 41.14s/it]
Task 7, Epoch 32/50 => Loss 0.177, Train_accy 93.73:  64%|██████▍   | 32/50 [17:46<13:24, 44.68s/it]
Task 7, Epoch 33/50 => Loss 0.183, Train_accy 93.57:  64%|██████▍   | 32/50 [18:38<13:24, 44.68s/it]
Task 7, Epoch 33/50 => Loss 0.183, Train_accy 93.57:  66%|██████▌   | 33/50 [18:38<13:20, 47.10s/it]
Task 7, Epoch 34/50 => Loss 0.166, Train_accy 94.12:  66%|██████▌   | 33/50 [19:31<13:20, 47.10s/it]
Task 7, Epoch 34/50 => Loss 0.166, Train_accy 94.12:  68%|██████▊   | 34/50 [19:31<12:59, 48.73s/it]
Task 7, Epoch 35/50 => Loss 0.172, Train_accy 94.17, Test_accy 67.08:  68%|██████▊   | 34/50 [20:50<12:59, 48.73s/it]
Task 7, Epoch 35/50 => Loss 0.172, Train_accy 94.17, Test_accy 67.08:  70%|███████   | 35/50 [20:50<14:29, 58.00s/it]
Task 7, Epoch 36/50 => Loss 0.161, Train_accy 94.36:  70%|███████   | 35/50 [21:44<14:29, 58.00s/it]                 
Task 7, Epoch 36/50 => Loss 0.161, Train_accy 94.36:  72%|███████▏  | 36/50 [21:44<13:13, 56.65s/it]
Task 7, Epoch 37/50 => Loss 0.159, Train_accy 94.58:  72%|███████▏  | 36/50 [22:38<13:13, 56.65s/it]
Task 7, Epoch 37/50 => Loss 0.159, Train_accy 94.58:  74%|███████▍  | 37/50 [22:38<12:05, 55.78s/it]
Task 7, Epoch 38/50 => Loss 0.161, Train_accy 94.46:  74%|███████▍  | 37/50 [23:32<12:05, 55.78s/it]
Task 7, Epoch 38/50 => Loss 0.161, Train_accy 94.46:  76%|███████▌  | 38/50 [23:32<11:02, 55.20s/it]
Task 7, Epoch 39/50 => Loss 0.164, Train_accy 94.39:  76%|███████▌  | 38/50 [24:26<11:02, 55.20s/it]
Task 7, Epoch 39/50 => Loss 0.164, Train_accy 94.39:  78%|███████▊  | 39/50 [24:26<10:03, 54.88s/it]
Task 7, Epoch 40/50 => Loss 0.164, Train_accy 94.56, Test_accy 67.52:  78%|███████▊  | 39/50 [25:47<10:03, 54.88s/it]
Task 7, Epoch 40/50 => Loss 0.164, Train_accy 94.56, Test_accy 67.52:  80%|████████  | 40/50 [25:47<10:27, 62.76s/it]
Task 7, Epoch 41/50 => Loss 0.144, Train_accy 94.80:  80%|████████  | 40/50 [26:41<10:27, 62.76s/it]                 
Task 7, Epoch 41/50 => Loss 0.144, Train_accy 94.80:  82%|████████▏ | 41/50 [26:41<09:00, 60.04s/it]
Task 7, Epoch 42/50 => Loss 0.160, Train_accy 94.71:  82%|████████▏ | 41/50 [27:34<09:00, 60.04s/it]
Task 7, Epoch 42/50 => Loss 0.160, Train_accy 94.71:  84%|████████▍ | 42/50 [27:34<07:45, 58.14s/it]
Task 7, Epoch 43/50 => Loss 0.149, Train_accy 94.92:  84%|████████▍ | 42/50 [28:27<07:45, 58.14s/it]
Task 7, Epoch 43/50 => Loss 0.149, Train_accy 94.92:  86%|████████▌ | 43/50 [28:27<06:35, 56.47s/it]
Task 7, Epoch 44/50 => Loss 0.145, Train_accy 94.99:  86%|████████▌ | 43/50 [29:20<06:35, 56.47s/it]
Task 7, Epoch 44/50 => Loss 0.145, Train_accy 94.99:  88%|████████▊ | 44/50 [29:20<05:32, 55.35s/it]
Task 7, Epoch 45/50 => Loss 0.139, Train_accy 95.24, Test_accy 67.69:  88%|████████▊ | 44/50 [30:39<05:32, 55.35s/it]
Task 7, Epoch 45/50 => Loss 0.139, Train_accy 95.24, Test_accy 67.69:  90%|█████████ | 45/50 [30:39<05:12, 62.50s/it]
Task 7, Epoch 46/50 => Loss 0.140, Train_accy 95.26:  90%|█████████ | 45/50 [31:31<05:12, 62.50s/it]                 
Task 7, Epoch 46/50 => Loss 0.140, Train_accy 95.26:  92%|█████████▏| 46/50 [31:31<03:58, 59.57s/it]
Task 7, Epoch 47/50 => Loss 0.136, Train_accy 95.35:  92%|█████████▏| 46/50 [32:24<03:58, 59.57s/it]
Task 7, Epoch 47/50 => Loss 0.136, Train_accy 95.35:  94%|█████████▍| 47/50 [32:24<02:52, 57.42s/it]
Task 7, Epoch 48/50 => Loss 0.134, Train_accy 95.56:  94%|█████████▍| 47/50 [33:17<02:52, 57.42s/it]
Task 7, Epoch 48/50 => Loss 0.134, Train_accy 95.56:  96%|█████████▌| 48/50 [33:17<01:52, 56.03s/it]
Task 7, Epoch 49/50 => Loss 0.135, Train_accy 95.58:  96%|█████████▌| 48/50 [34:09<01:52, 56.03s/it]
Task 7, Epoch 49/50 => Loss 0.135, Train_accy 95.58:  98%|█████████▊| 49/50 [34:09<00:54, 54.96s/it]
Task 7, Epoch 50/50 => Loss 0.142, Train_accy 95.30, Test_accy 67.84:  98%|█████████▊| 49/50 [35:28<00:54, 54.96s/it]
Task 7, Epoch 50/50 => Loss 0.142, Train_accy 95.30, Test_accy 67.84: 100%|██████████| 50/50 [35:28<00:00, 62.08s/it]
Task 7, Epoch 50/50 => Loss 0.142, Train_accy 95.30, Test_accy 67.84: 100%|██████████| 50/50 [35:28<00:00, 42.57s/it]
2025-07-08 01:10:03,883 [lae.py] => Task 7, Epoch 50/50 => Loss 0.142, Train_accy 95.30, Test_accy 67.84
2025-07-08 01:10:30,427 [trainer.py] => No NME accuracy.
2025-07-08 01:10:30,427 [trainer.py] => CNN: {'total': 67.84, '00-29': 75.0, '30-59': 74.46, '60-89': 70.95, '90-119': 62.48, '120-149': 72.95, '150-179': 61.04, '180-209': 65.66, '210-239': 60.1, 'old': 68.94, 'new': 60.1}
2025-07-08 01:10:30,427 [trainer.py] => CNN top1 curve: [90.67, 83.74, 80.26, 77.12, 75.55, 71.38, 69.35, 67.84]
2025-07-08 01:10:30,427 [trainer.py] => CNN top5 curve: [100.0, 98.67, 97.61, 96.7, 95.32, 94.52, 93.05, 91.79]

Average Accuracy (CNN): 76.99
2025-07-08 01:10:30,427 [trainer.py] => Average Accuracy (CNN): 76.99 

2025-07-08 01:10:30,428 [trainer.py] => All params: 86290436
2025-07-08 01:10:30,428 [trainer.py] => Trainable params: 338170
2025-07-08 01:10:30,431 [lae.py] => Learning on 240-270

  0%|          | 0/50 [00:00<?, ?it/s]
Task 8, Epoch 1/50 => Loss 1.827, Train_accy 58.60:   0%|          | 0/50 [00:26<?, ?it/s]
Task 8, Epoch 1/50 => Loss 1.827, Train_accy 58.60:   2%|▏         | 1/50 [00:26<21:22, 26.18s/it]
Task 8, Epoch 2/50 => Loss 0.414, Train_accy 87.91:   2%|▏         | 1/50 [00:52<21:22, 26.18s/it]
Task 8, Epoch 2/50 => Loss 0.414, Train_accy 87.91:   4%|▍         | 2/50 [00:52<20:53, 26.12s/it]
Task 8, Epoch 3/50 => Loss 0.303, Train_accy 91.08:   4%|▍         | 2/50 [01:18<20:53, 26.12s/it]
Task 8, Epoch 3/50 => Loss 0.303, Train_accy 91.08:   6%|▌         | 3/50 [01:18<20:31, 26.20s/it]
Task 8, Epoch 4/50 => Loss 0.257, Train_accy 92.14:   6%|▌         | 3/50 [01:44<20:31, 26.20s/it]
Task 8, Epoch 4/50 => Loss 0.257, Train_accy 92.14:   8%|▊         | 4/50 [01:44<20:09, 26.29s/it]
Task 8, Epoch 5/50 => Loss 0.227, Train_accy 92.89, Test_accy 64.34:   8%|▊         | 4/50 [02:42<20:09, 26.29s/it]
Task 8, Epoch 5/50 => Loss 0.227, Train_accy 92.89, Test_accy 64.34:  10%|█         | 5/50 [02:42<28:13, 37.63s/it]
Task 8, Epoch 6/50 => Loss 0.200, Train_accy 93.85:  10%|█         | 5/50 [03:09<28:13, 37.63s/it]                 
Task 8, Epoch 6/50 => Loss 0.200, Train_accy 93.85:  12%|█▏        | 6/50 [03:09<24:49, 33.86s/it]
Task 8, Epoch 7/50 => Loss 0.190, Train_accy 93.78:  12%|█▏        | 6/50 [03:36<24:49, 33.86s/it]
Task 8, Epoch 7/50 => Loss 0.190, Train_accy 93.78:  14%|█▍        | 7/50 [03:36<22:40, 31.63s/it]
Task 8, Epoch 8/50 => Loss 0.176, Train_accy 94.31:  14%|█▍        | 7/50 [04:02<22:40, 31.63s/it]
Task 8, Epoch 8/50 => Loss 0.176, Train_accy 94.31:  16%|█▌        | 8/50 [04:02<20:59, 29.98s/it]
Task 8, Epoch 9/50 => Loss 0.167, Train_accy 94.69:  16%|█▌        | 8/50 [04:29<20:59, 29.98s/it]
Task 8, Epoch 9/50 => Loss 0.167, Train_accy 94.69:  18%|█▊        | 9/50 [04:29<19:43, 28.86s/it]
Task 8, Epoch 10/50 => Loss 0.166, Train_accy 94.65, Test_accy 65.18:  18%|█▊        | 9/50 [05:26<19:43, 28.86s/it]
Task 8, Epoch 10/50 => Loss 0.166, Train_accy 94.65, Test_accy 65.18:  20%|██        | 10/50 [05:26<25:00, 37.52s/it]
Task 8, Epoch 11/50 => Loss 0.151, Train_accy 95.07:  20%|██        | 10/50 [05:52<25:00, 37.52s/it]                 
Task 8, Epoch 11/50 => Loss 0.151, Train_accy 95.07:  22%|██▏       | 11/50 [05:52<22:09, 34.10s/it]
Task 8, Epoch 12/50 => Loss 0.131, Train_accy 95.74:  22%|██▏       | 11/50 [06:19<22:09, 34.10s/it]
Task 8, Epoch 12/50 => Loss 0.131, Train_accy 95.74:  24%|██▍       | 12/50 [06:19<20:09, 31.83s/it]
Task 8, Epoch 13/50 => Loss 0.138, Train_accy 95.45:  24%|██▍       | 12/50 [06:45<20:09, 31.83s/it]
Task 8, Epoch 13/50 => Loss 0.138, Train_accy 95.45:  26%|██▌       | 13/50 [06:45<18:40, 30.27s/it]
Task 8, Epoch 14/50 => Loss 0.133, Train_accy 95.69:  26%|██▌       | 13/50 [07:11<18:40, 30.27s/it]
Task 8, Epoch 14/50 => Loss 0.133, Train_accy 95.69:  28%|██▊       | 14/50 [07:11<17:22, 28.97s/it]
Task 8, Epoch 15/50 => Loss 0.129, Train_accy 96.06, Test_accy 65.77:  28%|██▊       | 14/50 [08:07<17:22, 28.97s/it]
Task 8, Epoch 15/50 => Loss 0.129, Train_accy 96.06, Test_accy 65.77:  30%|███       | 15/50 [08:07<21:37, 37.07s/it]
Task 8, Epoch 16/50 => Loss 0.128, Train_accy 95.63:  30%|███       | 15/50 [08:33<21:37, 37.07s/it]                 
Task 8, Epoch 16/50 => Loss 0.128, Train_accy 95.63:  32%|███▏      | 16/50 [08:33<19:07, 33.76s/it]
Task 8, Epoch 17/50 => Loss 0.114, Train_accy 96.37:  32%|███▏      | 16/50 [08:59<19:07, 33.76s/it]
Task 8, Epoch 17/50 => Loss 0.114, Train_accy 96.37:  34%|███▍      | 17/50 [08:59<17:16, 31.41s/it]
Task 8, Epoch 18/50 => Loss 0.113, Train_accy 96.36:  34%|███▍      | 17/50 [09:25<17:16, 31.41s/it]
Task 8, Epoch 18/50 => Loss 0.113, Train_accy 96.36:  36%|███▌      | 18/50 [09:25<15:53, 29.81s/it]
Task 8, Epoch 19/50 => Loss 0.112, Train_accy 96.37:  36%|███▌      | 18/50 [09:51<15:53, 29.81s/it]
Task 8, Epoch 19/50 => Loss 0.112, Train_accy 96.37:  38%|███▊      | 19/50 [09:51<14:48, 28.67s/it]
Task 8, Epoch 20/50 => Loss 0.108, Train_accy 96.61, Test_accy 66.18:  38%|███▊      | 19/50 [10:48<14:48, 28.67s/it]
Task 8, Epoch 20/50 => Loss 0.108, Train_accy 96.61, Test_accy 66.18:  40%|████      | 20/50 [10:48<18:30, 37.03s/it]
Task 8, Epoch 21/50 => Loss 0.117, Train_accy 96.23:  40%|████      | 20/50 [11:14<18:30, 37.03s/it]                 
Task 8, Epoch 21/50 => Loss 0.117, Train_accy 96.23:  42%|████▏     | 21/50 [11:14<16:18, 33.75s/it]
Task 8, Epoch 22/50 => Loss 0.114, Train_accy 96.41:  42%|████▏     | 21/50 [11:40<16:18, 33.75s/it]
Task 8, Epoch 22/50 => Loss 0.114, Train_accy 96.41:  44%|████▍     | 22/50 [11:40<14:42, 31.50s/it]
Task 8, Epoch 23/50 => Loss 0.113, Train_accy 96.47:  44%|████▍     | 22/50 [12:06<14:42, 31.50s/it]
Task 8, Epoch 23/50 => Loss 0.113, Train_accy 96.47:  46%|████▌     | 23/50 [12:06<13:26, 29.88s/it]
Task 8, Epoch 24/50 => Loss 0.096, Train_accy 96.80:  46%|████▌     | 23/50 [12:32<13:26, 29.88s/it]
Task 8, Epoch 24/50 => Loss 0.096, Train_accy 96.80:  48%|████▊     | 24/50 [12:32<12:28, 28.80s/it]
Task 8, Epoch 25/50 => Loss 0.095, Train_accy 96.93, Test_accy 66.29:  48%|████▊     | 24/50 [13:30<12:28, 28.80s/it]
Task 8, Epoch 25/50 => Loss 0.095, Train_accy 96.93, Test_accy 66.29:  50%|█████     | 25/50 [13:30<15:32, 37.30s/it]
Task 8, Epoch 26/50 => Loss 0.106, Train_accy 96.48:  50%|█████     | 25/50 [13:56<15:32, 37.30s/it]                 
Task 8, Epoch 26/50 => Loss 0.106, Train_accy 96.48:  52%|█████▏    | 26/50 [13:56<13:38, 34.09s/it]
Task 8, Epoch 27/50 => Loss 0.102, Train_accy 96.65:  52%|█████▏    | 26/50 [14:23<13:38, 34.09s/it]
Task 8, Epoch 27/50 => Loss 0.102, Train_accy 96.65:  54%|█████▍    | 27/50 [14:23<12:12, 31.87s/it]
Task 8, Epoch 28/50 => Loss 0.095, Train_accy 96.94:  54%|█████▍    | 27/50 [14:49<12:12, 31.87s/it]
Task 8, Epoch 28/50 => Loss 0.095, Train_accy 96.94:  56%|█████▌    | 28/50 [14:49<11:04, 30.21s/it]
Task 8, Epoch 29/50 => Loss 0.094, Train_accy 97.01:  56%|█████▌    | 28/50 [15:16<11:04, 30.21s/it]
Task 8, Epoch 29/50 => Loss 0.094, Train_accy 97.01:  58%|█████▊    | 29/50 [15:16<10:10, 29.05s/it]
Task 8, Epoch 30/50 => Loss 0.097, Train_accy 97.07, Test_accy 66.46:  58%|█████▊    | 29/50 [16:12<10:10, 29.05s/it]
Task 8, Epoch 30/50 => Loss 0.097, Train_accy 97.07, Test_accy 66.46:  60%|██████    | 30/50 [16:12<12:27, 37.38s/it]
Task 8, Epoch 31/50 => Loss 0.091, Train_accy 97.03:  60%|██████    | 30/50 [17:05<12:27, 37.38s/it]                 
Task 8, Epoch 31/50 => Loss 0.091, Train_accy 97.03:  62%|██████▏   | 31/50 [17:05<13:19, 42.10s/it]
Task 8, Epoch 32/50 => Loss 0.092, Train_accy 96.96:  62%|██████▏   | 31/50 [17:58<13:19, 42.10s/it]
Task 8, Epoch 32/50 => Loss 0.092, Train_accy 96.96:  64%|██████▍   | 32/50 [17:58<13:34, 45.25s/it]
Task 8, Epoch 33/50 => Loss 0.095, Train_accy 97.07:  64%|██████▍   | 32/50 [18:50<13:34, 45.25s/it]
Task 8, Epoch 33/50 => Loss 0.095, Train_accy 97.07:  66%|██████▌   | 33/50 [18:50<13:24, 47.32s/it]
Task 8, Epoch 34/50 => Loss 0.084, Train_accy 97.32:  66%|██████▌   | 33/50 [19:42<13:24, 47.32s/it]
Task 8, Epoch 34/50 => Loss 0.084, Train_accy 97.32:  68%|██████▊   | 34/50 [19:42<12:59, 48.72s/it]
Task 8, Epoch 35/50 => Loss 0.098, Train_accy 96.96, Test_accy 66.07:  68%|██████▊   | 34/50 [21:04<12:59, 48.72s/it]
Task 8, Epoch 35/50 => Loss 0.098, Train_accy 96.96, Test_accy 66.07:  70%|███████   | 35/50 [21:04<14:41, 58.77s/it]
Task 8, Epoch 36/50 => Loss 0.085, Train_accy 97.26:  70%|███████   | 35/50 [21:56<14:41, 58.77s/it]                 
Task 8, Epoch 36/50 => Loss 0.085, Train_accy 97.26:  72%|███████▏  | 36/50 [21:56<13:14, 56.75s/it]
Task 8, Epoch 37/50 => Loss 0.081, Train_accy 97.24:  72%|███████▏  | 36/50 [22:49<13:14, 56.75s/it]
Task 8, Epoch 37/50 => Loss 0.081, Train_accy 97.24:  74%|███████▍  | 37/50 [22:49<11:59, 55.37s/it]
Task 8, Epoch 38/50 => Loss 0.088, Train_accy 97.23:  74%|███████▍  | 37/50 [23:40<11:59, 55.37s/it]
Task 8, Epoch 38/50 => Loss 0.088, Train_accy 97.23:  76%|███████▌  | 38/50 [23:40<10:51, 54.32s/it]
Task 8, Epoch 39/50 => Loss 0.083, Train_accy 97.28:  76%|███████▌  | 38/50 [24:33<10:51, 54.32s/it]
Task 8, Epoch 39/50 => Loss 0.083, Train_accy 97.28:  78%|███████▊  | 39/50 [24:33<09:50, 53.67s/it]
Task 8, Epoch 40/50 => Loss 0.079, Train_accy 97.27, Test_accy 66.49:  78%|███████▊  | 39/50 [25:56<09:50, 53.67s/it]
Task 8, Epoch 40/50 => Loss 0.079, Train_accy 97.27, Test_accy 66.49:  80%|████████  | 40/50 [25:56<10:25, 62.55s/it]
Task 8, Epoch 41/50 => Loss 0.088, Train_accy 97.33:  80%|████████  | 40/50 [26:47<10:25, 62.55s/it]                 
Task 8, Epoch 41/50 => Loss 0.088, Train_accy 97.33:  82%|████████▏ | 41/50 [26:47<08:53, 59.24s/it]
Task 8, Epoch 42/50 => Loss 0.088, Train_accy 97.24:  82%|████████▏ | 41/50 [27:39<08:53, 59.24s/it]
Task 8, Epoch 42/50 => Loss 0.088, Train_accy 97.24:  84%|████████▍ | 42/50 [27:39<07:36, 57.08s/it]
Task 8, Epoch 43/50 => Loss 0.084, Train_accy 97.25:  84%|████████▍ | 42/50 [28:32<07:36, 57.08s/it]
Task 8, Epoch 43/50 => Loss 0.084, Train_accy 97.25:  86%|████████▌ | 43/50 [28:32<06:30, 55.77s/it]
Task 8, Epoch 44/50 => Loss 0.079, Train_accy 97.48:  86%|████████▌ | 43/50 [29:25<06:30, 55.77s/it]
Task 8, Epoch 44/50 => Loss 0.079, Train_accy 97.48:  88%|████████▊ | 44/50 [29:25<05:30, 55.02s/it]
Task 8, Epoch 45/50 => Loss 0.082, Train_accy 97.36, Test_accy 66.47:  88%|████████▊ | 44/50 [30:49<05:30, 55.02s/it]
Task 8, Epoch 45/50 => Loss 0.082, Train_accy 97.36, Test_accy 66.47:  90%|█████████ | 45/50 [30:49<05:17, 63.58s/it]
Task 8, Epoch 46/50 => Loss 0.076, Train_accy 97.72:  90%|█████████ | 45/50 [31:41<05:17, 63.58s/it]                 
Task 8, Epoch 46/50 => Loss 0.076, Train_accy 97.72:  92%|█████████▏| 46/50 [31:41<04:00, 60.18s/it]
Task 8, Epoch 47/50 => Loss 0.080, Train_accy 97.50:  92%|█████████▏| 46/50 [32:33<04:00, 60.18s/it]
Task 8, Epoch 47/50 => Loss 0.080, Train_accy 97.50:  94%|█████████▍| 47/50 [32:33<02:53, 57.79s/it]
Task 8, Epoch 48/50 => Loss 0.071, Train_accy 97.56:  94%|█████████▍| 47/50 [33:26<02:53, 57.79s/it]
Task 8, Epoch 48/50 => Loss 0.071, Train_accy 97.56:  96%|█████████▌| 48/50 [33:26<01:52, 56.24s/it]
Task 8, Epoch 49/50 => Loss 0.063, Train_accy 97.87:  96%|█████████▌| 48/50 [34:19<01:52, 56.24s/it]
Task 8, Epoch 49/50 => Loss 0.063, Train_accy 97.87:  98%|█████████▊| 49/50 [34:19<00:55, 55.13s/it]
Task 8, Epoch 50/50 => Loss 0.076, Train_accy 97.58, Test_accy 66.31:  98%|█████████▊| 49/50 [35:41<00:55, 55.13s/it]
Task 8, Epoch 50/50 => Loss 0.076, Train_accy 97.58, Test_accy 66.31: 100%|██████████| 50/50 [35:41<00:00, 63.44s/it]
Task 8, Epoch 50/50 => Loss 0.076, Train_accy 97.58, Test_accy 66.31: 100%|██████████| 50/50 [35:41<00:00, 42.84s/it]
2025-07-08 01:46:12,379 [lae.py] => Task 8, Epoch 50/50 => Loss 0.076, Train_accy 97.58, Test_accy 66.31
2025-07-08 01:46:42,836 [trainer.py] => No NME accuracy.
2025-07-08 01:46:42,837 [trainer.py] => CNN: {'total': 66.31, '00-29': 73.83, '30-59': 74.12, '60-89': 69.62, '90-119': 59.97, '120-149': 69.62, '150-179': 58.19, '180-209': 64.66, '210-239': 57.93, '240-269': 68.78, 'old': 66.0, 'new': 68.78}
2025-07-08 01:46:42,837 [trainer.py] => CNN top1 curve: [90.67, 83.74, 80.26, 77.12, 75.55, 71.38, 69.35, 67.84, 66.31]
2025-07-08 01:46:42,837 [trainer.py] => CNN top5 curve: [100.0, 98.67, 97.61, 96.7, 95.32, 94.52, 93.05, 91.79, 91.29]

Average Accuracy (CNN): 75.8
2025-07-08 01:46:42,837 [trainer.py] => Average Accuracy (CNN): 75.8 

2025-07-08 01:46:42,838 [trainer.py] => All params: 86313506
2025-07-08 01:46:42,839 [trainer.py] => Trainable params: 361240
2025-07-08 01:46:42,843 [lae.py] => Learning on 270-300

  0%|          | 0/50 [00:00<?, ?it/s]
Task 9, Epoch 1/50 => Loss 1.907, Train_accy 57.61:   0%|          | 0/50 [00:25<?, ?it/s]
Task 9, Epoch 1/50 => Loss 1.907, Train_accy 57.61:   2%|▏         | 1/50 [00:25<20:32, 25.15s/it]
Task 9, Epoch 2/50 => Loss 0.423, Train_accy 87.33:   2%|▏         | 1/50 [00:50<20:32, 25.15s/it]
Task 9, Epoch 2/50 => Loss 0.423, Train_accy 87.33:   4%|▍         | 2/50 [00:50<20:03, 25.07s/it]
Task 9, Epoch 3/50 => Loss 0.316, Train_accy 90.16:   4%|▍         | 2/50 [01:15<20:03, 25.07s/it]
Task 9, Epoch 3/50 => Loss 0.316, Train_accy 90.16:   6%|▌         | 3/50 [01:15<19:39, 25.09s/it]
Task 9, Epoch 4/50 => Loss 0.258, Train_accy 91.90:   6%|▌         | 3/50 [01:40<19:39, 25.09s/it]
Task 9, Epoch 4/50 => Loss 0.258, Train_accy 91.90:   8%|▊         | 4/50 [01:40<19:18, 25.19s/it]
Task 9, Epoch 5/50 => Loss 0.232, Train_accy 92.71, Test_accy 64.04:   8%|▊         | 4/50 [02:39<19:18, 25.19s/it]
Task 9, Epoch 5/50 => Loss 0.232, Train_accy 92.71, Test_accy 64.04:  10%|█         | 5/50 [02:39<28:07, 37.49s/it]
Task 9, Epoch 6/50 => Loss 0.210, Train_accy 93.35:  10%|█         | 5/50 [03:05<28:07, 37.49s/it]                 
Task 9, Epoch 6/50 => Loss 0.210, Train_accy 93.35:  12%|█▏        | 6/50 [03:05<24:29, 33.40s/it]
Task 9, Epoch 7/50 => Loss 0.190, Train_accy 93.55:  12%|█▏        | 6/50 [03:30<24:29, 33.40s/it]
Task 9, Epoch 7/50 => Loss 0.190, Train_accy 93.55:  14%|█▍        | 7/50 [03:30<22:02, 30.76s/it]
Task 9, Epoch 8/50 => Loss 0.177, Train_accy 94.38:  14%|█▍        | 7/50 [03:56<22:02, 30.76s/it]
Task 9, Epoch 8/50 => Loss 0.177, Train_accy 94.38:  16%|█▌        | 8/50 [03:56<20:23, 29.12s/it]
Task 9, Epoch 9/50 => Loss 0.166, Train_accy 94.58:  16%|█▌        | 8/50 [04:21<20:23, 29.12s/it]
Task 9, Epoch 9/50 => Loss 0.166, Train_accy 94.58:  18%|█▊        | 9/50 [04:21<19:09, 28.04s/it]
Task 9, Epoch 10/50 => Loss 0.169, Train_accy 94.43, Test_accy 64.78:  18%|█▊        | 9/50 [05:21<19:09, 28.04s/it]
Task 9, Epoch 10/50 => Loss 0.169, Train_accy 94.43, Test_accy 64.78:  20%|██        | 10/50 [05:21<25:07, 37.70s/it]
Task 9, Epoch 11/50 => Loss 0.146, Train_accy 95.04:  20%|██        | 10/50 [05:46<25:07, 37.70s/it]                 
Task 9, Epoch 11/50 => Loss 0.146, Train_accy 95.04:  22%|██▏       | 11/50 [05:46<21:56, 33.76s/it]
Task 9, Epoch 12/50 => Loss 0.143, Train_accy 95.23:  22%|██▏       | 11/50 [06:11<21:56, 33.76s/it]
Task 9, Epoch 12/50 => Loss 0.143, Train_accy 95.23:  24%|██▍       | 12/50 [06:11<19:43, 31.14s/it]
Task 9, Epoch 13/50 => Loss 0.135, Train_accy 95.47:  24%|██▍       | 12/50 [06:36<19:43, 31.14s/it]
Task 9, Epoch 13/50 => Loss 0.135, Train_accy 95.47:  26%|██▌       | 13/50 [06:36<18:01, 29.22s/it]
Task 9, Epoch 14/50 => Loss 0.125, Train_accy 95.82:  26%|██▌       | 13/50 [07:01<18:01, 29.22s/it]
Task 9, Epoch 14/50 => Loss 0.125, Train_accy 95.82:  28%|██▊       | 14/50 [07:01<16:46, 27.97s/it]
Task 9, Epoch 15/50 => Loss 0.117, Train_accy 95.74, Test_accy 65.10:  28%|██▊       | 14/50 [07:59<16:46, 27.97s/it]
Task 9, Epoch 15/50 => Loss 0.117, Train_accy 95.74, Test_accy 65.10:  30%|███       | 15/50 [07:59<21:38, 37.11s/it]
Task 9, Epoch 16/50 => Loss 0.125, Train_accy 95.87:  30%|███       | 15/50 [08:24<21:38, 37.11s/it]                 
Task 9, Epoch 16/50 => Loss 0.125, Train_accy 95.87:  32%|███▏      | 16/50 [08:24<18:55, 33.39s/it]
Task 9, Epoch 17/50 => Loss 0.120, Train_accy 96.04:  32%|███▏      | 16/50 [08:49<18:55, 33.39s/it]
Task 9, Epoch 17/50 => Loss 0.120, Train_accy 96.04:  34%|███▍      | 17/50 [08:49<16:59, 30.91s/it]
Task 9, Epoch 18/50 => Loss 0.115, Train_accy 96.12:  34%|███▍      | 17/50 [09:14<16:59, 30.91s/it]
Task 9, Epoch 18/50 => Loss 0.115, Train_accy 96.12:  36%|███▌      | 18/50 [09:14<15:30, 29.07s/it]
Task 9, Epoch 19/50 => Loss 0.116, Train_accy 96.04:  36%|███▌      | 18/50 [09:39<15:30, 29.07s/it]
Task 9, Epoch 19/50 => Loss 0.116, Train_accy 96.04:  38%|███▊      | 19/50 [09:39<14:25, 27.91s/it]
Task 9, Epoch 20/50 => Loss 0.117, Train_accy 96.12, Test_accy 65.58:  38%|███▊      | 19/50 [10:37<14:25, 27.91s/it]
Task 9, Epoch 20/50 => Loss 0.117, Train_accy 96.12, Test_accy 65.58:  40%|████      | 20/50 [10:37<18:30, 37.01s/it]
Task 9, Epoch 21/50 => Loss 0.117, Train_accy 96.19:  40%|████      | 20/50 [11:02<18:30, 37.01s/it]                 
Task 9, Epoch 21/50 => Loss 0.117, Train_accy 96.19:  42%|████▏     | 21/50 [11:02<16:10, 33.48s/it]
Task 9, Epoch 22/50 => Loss 0.112, Train_accy 96.30:  42%|████▏     | 21/50 [11:27<16:10, 33.48s/it]
Task 9, Epoch 22/50 => Loss 0.112, Train_accy 96.30:  44%|████▍     | 22/50 [11:27<14:22, 30.80s/it]
Task 9, Epoch 23/50 => Loss 0.106, Train_accy 96.46:  44%|████▍     | 22/50 [11:52<14:22, 30.80s/it]
Task 9, Epoch 23/50 => Loss 0.106, Train_accy 96.46:  46%|████▌     | 23/50 [11:52<13:05, 29.08s/it]
Task 9, Epoch 24/50 => Loss 0.106, Train_accy 96.45:  46%|████▌     | 23/50 [12:17<13:05, 29.08s/it]
Task 9, Epoch 24/50 => Loss 0.106, Train_accy 96.45:  48%|████▊     | 24/50 [12:17<12:03, 27.82s/it]
Task 9, Epoch 25/50 => Loss 0.096, Train_accy 96.77, Test_accy 65.55:  48%|████▊     | 24/50 [13:15<12:03, 27.82s/it]
Task 9, Epoch 25/50 => Loss 0.096, Train_accy 96.77, Test_accy 65.55:  50%|█████     | 25/50 [13:15<15:24, 36.96s/it]
Task 9, Epoch 26/50 => Loss 0.111, Train_accy 96.04:  50%|█████     | 25/50 [13:40<15:24, 36.96s/it]                 
Task 9, Epoch 26/50 => Loss 0.111, Train_accy 96.04:  52%|█████▏    | 26/50 [13:40<13:23, 33.46s/it]
Task 9, Epoch 27/50 => Loss 0.102, Train_accy 96.74:  52%|█████▏    | 26/50 [14:05<13:23, 33.46s/it]
Task 9, Epoch 27/50 => Loss 0.102, Train_accy 96.74:  54%|█████▍    | 27/50 [14:05<11:51, 30.94s/it]
Task 9, Epoch 28/50 => Loss 0.101, Train_accy 96.63:  54%|█████▍    | 27/50 [14:30<11:51, 30.94s/it]
Task 9, Epoch 28/50 => Loss 0.101, Train_accy 96.63:  56%|█████▌    | 28/50 [14:30<10:38, 29.03s/it]
Task 9, Epoch 29/50 => Loss 0.101, Train_accy 96.70:  56%|█████▌    | 28/50 [14:55<10:38, 29.03s/it]
Task 9, Epoch 29/50 => Loss 0.101, Train_accy 96.70:  58%|█████▊    | 29/50 [14:55<09:44, 27.82s/it]
Task 9, Epoch 30/50 => Loss 0.096, Train_accy 96.63, Test_accy 65.73:  58%|█████▊    | 29/50 [15:53<09:44, 27.82s/it]
Task 9, Epoch 30/50 => Loss 0.096, Train_accy 96.63, Test_accy 65.73:  60%|██████    | 30/50 [15:53<12:16, 36.85s/it]
Task 9, Epoch 31/50 => Loss 0.100, Train_accy 96.55:  60%|██████    | 30/50 [16:42<12:16, 36.85s/it]                 
Task 9, Epoch 31/50 => Loss 0.100, Train_accy 96.55:  62%|██████▏   | 31/50 [16:42<12:49, 40.50s/it]
Task 9, Epoch 32/50 => Loss 0.101, Train_accy 96.59:  62%|██████▏   | 31/50 [17:31<12:49, 40.50s/it]
Task 9, Epoch 32/50 => Loss 0.101, Train_accy 96.59:  64%|██████▍   | 32/50 [17:31<12:57, 43.18s/it]
Task 9, Epoch 33/50 => Loss 0.090, Train_accy 96.80:  64%|██████▍   | 32/50 [18:21<12:57, 43.18s/it]
Task 9, Epoch 33/50 => Loss 0.090, Train_accy 96.80:  66%|██████▌   | 33/50 [18:21<12:46, 45.11s/it]
Task 9, Epoch 34/50 => Loss 0.089, Train_accy 96.95:  66%|██████▌   | 33/50 [19:10<12:46, 45.11s/it]
Task 9, Epoch 34/50 => Loss 0.089, Train_accy 96.95:  68%|██████▊   | 34/50 [19:10<12:22, 46.40s/it]
Task 9, Epoch 35/50 => Loss 0.091, Train_accy 97.06, Test_accy 66.23:  68%|██████▊   | 34/50 [20:34<12:22, 46.40s/it]
Task 9, Epoch 35/50 => Loss 0.091, Train_accy 97.06, Test_accy 66.23:  70%|███████   | 35/50 [20:34<14:24, 57.67s/it]
Task 9, Epoch 36/50 => Loss 0.083, Train_accy 97.42:  70%|███████   | 35/50 [21:25<14:24, 57.67s/it]                 
Task 9, Epoch 36/50 => Loss 0.083, Train_accy 97.42:  72%|███████▏  | 36/50 [21:25<12:56, 55.49s/it]
Task 9, Epoch 37/50 => Loss 0.089, Train_accy 97.27:  72%|███████▏  | 36/50 [22:15<12:56, 55.49s/it]
Task 9, Epoch 37/50 => Loss 0.089, Train_accy 97.27:  74%|███████▍  | 37/50 [22:15<11:41, 53.92s/it]
Task 9, Epoch 38/50 => Loss 0.092, Train_accy 96.86:  74%|███████▍  | 37/50 [23:05<11:41, 53.92s/it]
Task 9, Epoch 38/50 => Loss 0.092, Train_accy 96.86:  76%|███████▌  | 38/50 [23:05<10:33, 52.77s/it]
Task 9, Epoch 39/50 => Loss 0.086, Train_accy 97.24:  76%|███████▌  | 38/50 [23:55<10:33, 52.77s/it]
Task 9, Epoch 39/50 => Loss 0.086, Train_accy 97.24:  78%|███████▊  | 39/50 [23:55<09:29, 51.82s/it]
Task 9, Epoch 40/50 => Loss 0.090, Train_accy 96.98, Test_accy 66.10:  78%|███████▊  | 39/50 [25:18<09:29, 51.82s/it]
Task 9, Epoch 40/50 => Loss 0.090, Train_accy 96.98, Test_accy 66.10:  80%|████████  | 40/50 [25:18<10:11, 61.15s/it]
Task 9, Epoch 41/50 => Loss 0.082, Train_accy 97.40:  80%|████████  | 40/50 [26:07<10:11, 61.15s/it]                 
Task 9, Epoch 41/50 => Loss 0.082, Train_accy 97.40:  82%|████████▏ | 41/50 [26:07<08:38, 57.62s/it]
Task 9, Epoch 42/50 => Loss 0.083, Train_accy 97.35:  82%|████████▏ | 41/50 [26:56<08:38, 57.62s/it]
Task 9, Epoch 42/50 => Loss 0.083, Train_accy 97.35:  84%|████████▍ | 42/50 [26:56<07:20, 55.12s/it]
Task 9, Epoch 43/50 => Loss 0.084, Train_accy 97.17:  84%|████████▍ | 42/50 [27:46<07:20, 55.12s/it]
Task 9, Epoch 43/50 => Loss 0.084, Train_accy 97.17:  86%|████████▌ | 43/50 [27:46<06:13, 53.42s/it]
Task 9, Epoch 44/50 => Loss 0.078, Train_accy 97.32:  86%|████████▌ | 43/50 [28:36<06:13, 53.42s/it]
Task 9, Epoch 44/50 => Loss 0.078, Train_accy 97.32:  88%|████████▊ | 44/50 [28:36<05:14, 52.34s/it]
Task 9, Epoch 45/50 => Loss 0.073, Train_accy 97.64, Test_accy 66.25:  88%|████████▊ | 44/50 [30:00<05:14, 52.34s/it]
Task 9, Epoch 45/50 => Loss 0.073, Train_accy 97.64, Test_accy 66.25:  90%|█████████ | 45/50 [30:00<05:09, 61.93s/it]
Task 9, Epoch 46/50 => Loss 0.077, Train_accy 97.60:  90%|█████████ | 45/50 [30:50<05:09, 61.93s/it]                 
Task 9, Epoch 46/50 => Loss 0.077, Train_accy 97.60:  92%|█████████▏| 46/50 [30:50<03:53, 58.31s/it]
Task 9, Epoch 47/50 => Loss 0.073, Train_accy 97.50:  92%|█████████▏| 46/50 [31:39<03:53, 58.31s/it]
Task 9, Epoch 47/50 => Loss 0.073, Train_accy 97.50:  94%|█████████▍| 47/50 [31:39<02:46, 55.61s/it]
Task 9, Epoch 48/50 => Loss 0.078, Train_accy 97.39:  94%|█████████▍| 47/50 [32:29<02:46, 55.61s/it]
Task 9, Epoch 48/50 => Loss 0.078, Train_accy 97.39:  96%|█████████▌| 48/50 [32:29<01:47, 53.79s/it]
Task 9, Epoch 49/50 => Loss 0.077, Train_accy 97.47:  96%|█████████▌| 48/50 [33:18<01:47, 53.79s/it]
Task 9, Epoch 49/50 => Loss 0.077, Train_accy 97.47:  98%|█████████▊| 49/50 [33:18<00:52, 52.41s/it]
Task 9, Epoch 50/50 => Loss 0.073, Train_accy 97.55, Test_accy 66.23:  98%|█████████▊| 49/50 [34:41<00:52, 52.41s/it]
Task 9, Epoch 50/50 => Loss 0.073, Train_accy 97.55, Test_accy 66.23: 100%|██████████| 50/50 [34:41<00:00, 61.68s/it]
Task 9, Epoch 50/50 => Loss 0.073, Train_accy 97.55, Test_accy 66.23: 100%|██████████| 50/50 [34:41<00:00, 41.63s/it]
2025-07-08 02:21:24,472 [lae.py] => Task 9, Epoch 50/50 => Loss 0.073, Train_accy 97.55, Test_accy 66.23
2025-07-08 02:21:57,637 [trainer.py] => No NME accuracy.
2025-07-08 02:21:57,637 [trainer.py] => CNN: {'total': 66.23, '00-29': 73.17, '30-59': 71.29, '60-89': 69.78, '90-119': 58.46, '120-149': 68.95, '150-179': 58.86, '180-209': 63.82, '210-239': 58.26, '240-269': 67.28, '270-299': 72.41, 'old': 65.55, 'new': 72.41}
2025-07-08 02:21:57,637 [trainer.py] => CNN top1 curve: [90.67, 83.74, 80.26, 77.12, 75.55, 71.38, 69.35, 67.84, 66.31, 66.23]
2025-07-08 02:21:57,637 [trainer.py] => CNN top5 curve: [100.0, 98.67, 97.61, 96.7, 95.32, 94.52, 93.05, 91.79, 91.29, 90.94]

Average Accuracy (CNN): 74.84
2025-07-08 02:21:57,637 [trainer.py] => Average Accuracy (CNN): 74.84 

Finished omnibenchmark_init30_inc30: vit_base_patch16_224_in21k_lae  
----------------------------------------------------------------------------------------------------
总训练时间: 19911.8 s
总测试时间: 188.66 s
每个任务每个epoch训练时间: 39.82 s
Accuracy Matrix (CNN):
[[90.67 79.   78.33 78.17 77.17 75.83 75.83 75.   73.83 73.17]
 [ 0.   88.48 84.14 80.97 80.8  77.13 75.96 74.46 74.12 71.29]
 [ 0.    0.   78.3  75.29 74.96 71.79 70.45 70.95 69.62 69.78]
 [ 0.    0.    0.   74.04 69.18 66.67 63.82 62.48 59.97 58.46]
 [ 0.    0.    0.    0.   75.63 74.79 72.79 72.95 69.62 68.95]
 [ 0.    0.    0.    0.    0.   62.04 60.2  61.04 58.19 58.86]
 [ 0.    0.    0.    0.    0.    0.   66.33 65.66 64.66 63.82]
 [ 0.    0.    0.    0.    0.    0.    0.   60.1  57.93 58.26]
 [ 0.    0.    0.    0.    0.    0.    0.    0.   68.78 67.28]
 [ 0.    0.    0.    0.    0.    0.    0.    0.    0.   72.41]]
2025-07-08 02:21:57,639 [trainer.py] => Forgetting (CNN): 8.277777777777779
2025-07-08 02:22:00,743 [trainer.py] => config: ./scripts/lae/lae_vtab_B0_Inc10.json
2025-07-08 02:22:00,776 [trainer.py] => prefix:  
2025-07-08 02:22:00,776 [trainer.py] => dataset: vtab
2025-07-08 02:22:00,777 [trainer.py] => memory_size: 0
2025-07-08 02:22:00,777 [trainer.py] => memory_per_class: 0
2025-07-08 02:22:00,777 [trainer.py] => fixed_memory: False
2025-07-08 02:22:00,777 [trainer.py] => shuffle: True
2025-07-08 02:22:00,777 [trainer.py] => init_cls: 10
2025-07-08 02:22:00,777 [trainer.py] => increment: 10
2025-07-08 02:22:00,777 [trainer.py] => model_name: lae
2025-07-08 02:22:00,777 [trainer.py] => backbone_type: vit_base_patch16_224_in21k_lae
2025-07-08 02:22:00,777 [trainer.py] => device: [device(type='cuda', index=5)]
2025-07-08 02:22:00,778 [trainer.py] => seed: 1993
2025-07-08 02:22:00,778 [trainer.py] => tuned_epoch: 5
2025-07-08 02:22:00,778 [trainer.py] => init_lr: 0.0028125
2025-07-08 02:22:00,778 [trainer.py] => batch_size: 128
2025-07-08 02:22:00,778 [trainer.py] => weight_decay: 0
2025-07-08 02:22:00,778 [trainer.py] => min_lr: 1e-05
2025-07-08 02:22:00,778 [trainer.py] => optimizer: adam
2025-07-08 02:22:00,778 [trainer.py] => scheduler: constant
2025-07-08 02:22:00,778 [trainer.py] => reinit_optimizer: True
2025-07-08 02:22:00,779 [trainer.py] => pretrained: True
2025-07-08 02:22:00,779 [trainer.py] => drop: 0.0
2025-07-08 02:22:00,779 [trainer.py] => drop_path: 0.0
2025-07-08 02:22:00,779 [trainer.py] => ema_decay: 0.9999
2025-07-08 02:22:00,779 [trainer.py] => num_freeze_epochs: 3
2025-07-08 02:22:00,779 [trainer.py] => pet_cls: LoRA
2025-07-08 02:22:00,779 [trainer.py] => pet_length: 10
2025-07-08 02:22:00,779 [trainer.py] => down_sample_dim: 5
{'10': 0, '11': 1, '12': 2, '13': 3, '14': 4, '15': 5, '16': 6, '17': 7, '18': 8, '19': 9, '20': 10, '21': 11, '22': 12, '23': 13, '24': 14, '25': 15, '26': 16, '27': 17, '28': 18, '29': 19, '30': 20, '31': 21, '32': 22, '33': 23, '34': 24, '35': 25, '36': 26, '37': 27, '38': 28, '39': 29, '40': 30, '41': 31, '42': 32, '43': 33, '44': 34, '45': 35, '46': 36, '47': 37, '48': 38, '49': 39, '50': 40, '51': 41, '52': 42, '53': 43, '54': 44, '55': 45, '56': 46, '57': 47, '58': 48, '59': 49}
{'10': 0, '11': 1, '12': 2, '13': 3, '14': 4, '15': 5, '16': 6, '17': 7, '18': 8, '19': 9, '20': 10, '21': 11, '22': 12, '23': 13, '24': 14, '25': 15, '26': 16, '27': 17, '28': 18, '29': 19, '30': 20, '31': 21, '32': 22, '33': 23, '34': 24, '35': 25, '36': 26, '37': 27, '38': 28, '39': 29, '40': 30, '41': 31, '42': 32, '43': 33, '44': 34, '45': 35, '46': 36, '47': 37, '48': 38, '49': 39, '50': 40, '51': 41, '52': 42, '53': 43, '54': 44, '55': 45, '56': 46, '57': 47, '58': 48, '59': 49}
2025-07-08 02:22:00,827 [data_manager.py] => [43, 41, 23, 14, 13, 40, 42, 22, 16, 45, 17, 10, 27, 46, 35, 8, 2, 34, 1, 37, 21, 0, 18, 36, 38, 24, 12, 6, 15, 20, 25, 48, 30, 19, 44, 26, 7, 28, 11, 5, 32, 4, 9, 47, 39, 31, 3, 29, 49, 33]
2025-07-08 02:22:03,422 [lae.py] => 85,952,266 model total parameters.
2025-07-08 02:22:03,423 [lae.py] => 0 model training parameters.
2025-07-08 02:22:03,424 [trainer.py] => All params: 86105876
2025-07-08 02:22:03,424 [trainer.py] => Trainable params: 0
2025-07-08 02:22:03,425 [lae.py] => Learning on 0-10

  0%|          | 0/5 [00:00<?, ?it/s]
Task 0, Epoch 1/5 => Loss 3.023, Train_accy 11.18:   0%|          | 0/5 [00:01<?, ?it/s]
Task 0, Epoch 1/5 => Loss 3.023, Train_accy 11.18:  20%|██        | 1/5 [00:01<00:05,  1.28s/it]
Task 0, Epoch 2/5 => Loss 1.090, Train_accy 65.22:  20%|██        | 1/5 [00:02<00:05,  1.28s/it]
Task 0, Epoch 2/5 => Loss 1.090, Train_accy 65.22:  40%|████      | 2/5 [00:02<00:03,  1.15s/it]
Task 0, Epoch 3/5 => Loss 0.304, Train_accy 90.68:  40%|████      | 2/5 [00:03<00:03,  1.15s/it]
Task 0, Epoch 3/5 => Loss 0.304, Train_accy 90.68:  60%|██████    | 3/5 [00:03<00:02,  1.11s/it]
Task 0, Epoch 4/5 => Loss 0.130, Train_accy 95.03:  60%|██████    | 3/5 [00:04<00:02,  1.11s/it]
Task 0, Epoch 4/5 => Loss 0.130, Train_accy 95.03:  80%|████████  | 4/5 [00:04<00:01,  1.29s/it]
Task 0, Epoch 5/5 => Loss 0.053, Train_accy 98.14, Test_accy 97.58:  80%|████████  | 4/5 [00:11<00:01,  1.29s/it]
Task 0, Epoch 5/5 => Loss 0.053, Train_accy 98.14, Test_accy 97.58: 100%|██████████| 5/5 [00:11<00:00,  3.24s/it]
Task 0, Epoch 5/5 => Loss 0.053, Train_accy 98.14, Test_accy 97.58: 100%|██████████| 5/5 [00:11<00:00,  2.33s/it]
2025-07-08 02:22:15,577 [lae.py] => Task 0, Epoch 5/5 => Loss 0.053, Train_accy 98.14, Test_accy 97.58
2025-07-08 02:22:20,876 [trainer.py] => No NME accuracy.
2025-07-08 02:22:20,877 [trainer.py] => CNN: {'total': 97.58, '00-09': 97.58, 'old': 0, 'new': 97.58}
2025-07-08 02:22:20,877 [trainer.py] => CNN top1 curve: [97.58]
2025-07-08 02:22:20,877 [trainer.py] => CNN top5 curve: [99.76]

Average Accuracy (CNN): 97.58
2025-07-08 02:22:20,877 [trainer.py] => Average Accuracy (CNN): 97.58 

2025-07-08 02:22:20,879 [trainer.py] => All params: 86113566
2025-07-08 02:22:20,880 [trainer.py] => Trainable params: 161300
2025-07-08 02:22:20,881 [lae.py] => Learning on 10-20

  0%|          | 0/5 [00:00<?, ?it/s]
Task 1, Epoch 1/5 => Loss 1.793, Train_accy 42.27:   0%|          | 0/5 [00:01<?, ?it/s]
Task 1, Epoch 1/5 => Loss 1.793, Train_accy 42.27:  20%|██        | 1/5 [00:01<00:06,  1.55s/it]
Task 1, Epoch 2/5 => Loss 0.419, Train_accy 83.09:  20%|██        | 1/5 [00:03<00:06,  1.55s/it]
Task 1, Epoch 2/5 => Loss 0.419, Train_accy 83.09:  40%|████      | 2/5 [00:03<00:04,  1.53s/it]
Task 1, Epoch 3/5 => Loss 0.219, Train_accy 93.72:  40%|████      | 2/5 [00:04<00:04,  1.53s/it]
Task 1, Epoch 3/5 => Loss 0.219, Train_accy 93.72:  60%|██████    | 3/5 [00:04<00:03,  1.54s/it]
Task 1, Epoch 4/5 => Loss 0.144, Train_accy 94.44:  60%|██████    | 3/5 [00:07<00:03,  1.54s/it]
Task 1, Epoch 4/5 => Loss 0.144, Train_accy 94.44:  80%|████████  | 4/5 [00:07<00:02,  2.00s/it]
Task 1, Epoch 5/5 => Loss 0.147, Train_accy 94.20, Test_accy 95.40:  80%|████████  | 4/5 [00:25<00:02,  2.00s/it]
Task 1, Epoch 5/5 => Loss 0.147, Train_accy 94.20, Test_accy 95.40: 100%|██████████| 5/5 [00:25<00:00,  7.94s/it]
Task 1, Epoch 5/5 => Loss 0.147, Train_accy 94.20, Test_accy 95.40: 100%|██████████| 5/5 [00:25<00:00,  5.16s/it]
2025-07-08 02:22:46,684 [lae.py] => Task 1, Epoch 5/5 => Loss 0.147, Train_accy 94.20, Test_accy 95.40
2025-07-08 02:23:02,686 [trainer.py] => No NME accuracy.
2025-07-08 02:23:02,687 [trainer.py] => CNN: {'total': 95.4, '00-09': 94.31, '10-19': 95.84, 'old': 94.31, 'new': 95.84}
2025-07-08 02:23:02,687 [trainer.py] => CNN top1 curve: [97.58, 95.4]
2025-07-08 02:23:02,687 [trainer.py] => CNN top5 curve: [99.76, 99.54]

Average Accuracy (CNN): 96.49
2025-07-08 02:23:02,687 [trainer.py] => Average Accuracy (CNN): 96.49 

2025-07-08 02:23:02,689 [trainer.py] => All params: 86121256
2025-07-08 02:23:02,690 [trainer.py] => Trainable params: 168990
2025-07-08 02:23:02,692 [lae.py] => Learning on 20-30

  0%|          | 0/5 [00:00<?, ?it/s]
Task 2, Epoch 1/5 => Loss 3.790, Train_accy 18.90:   0%|          | 0/5 [00:01<?, ?it/s]
Task 2, Epoch 1/5 => Loss 3.790, Train_accy 18.90:  20%|██        | 1/5 [00:01<00:05,  1.45s/it]
Task 2, Epoch 2/5 => Loss 0.776, Train_accy 73.70:  20%|██        | 1/5 [00:02<00:05,  1.45s/it]
Task 2, Epoch 2/5 => Loss 0.776, Train_accy 73.70:  40%|████      | 2/5 [00:02<00:04,  1.46s/it]
Task 2, Epoch 3/5 => Loss 0.279, Train_accy 89.59:  40%|████      | 2/5 [00:04<00:04,  1.46s/it]
Task 2, Epoch 3/5 => Loss 0.279, Train_accy 89.59:  60%|██████    | 3/5 [00:04<00:02,  1.48s/it]
Task 2, Epoch 4/5 => Loss 0.211, Train_accy 92.60:  60%|██████    | 3/5 [00:06<00:02,  1.48s/it]
Task 2, Epoch 4/5 => Loss 0.211, Train_accy 92.60:  80%|████████  | 4/5 [00:06<00:01,  1.89s/it]
Task 2, Epoch 5/5 => Loss 0.084, Train_accy 96.71, Test_accy 87.61:  80%|████████  | 4/5 [00:33<00:01,  1.89s/it]
Task 2, Epoch 5/5 => Loss 0.084, Train_accy 96.71, Test_accy 87.61: 100%|██████████| 5/5 [00:33<00:00, 10.91s/it]
Task 2, Epoch 5/5 => Loss 0.084, Train_accy 96.71, Test_accy 87.61: 100%|██████████| 5/5 [00:33<00:00,  6.77s/it]
2025-07-08 02:23:36,532 [lae.py] => Task 2, Epoch 5/5 => Loss 0.084, Train_accy 96.71, Test_accy 87.61
2025-07-08 02:24:00,951 [trainer.py] => No NME accuracy.
2025-07-08 02:24:00,952 [trainer.py] => CNN: {'total': 87.61, '00-09': 89.1, '10-19': 88.62, '20-29': 85.61, 'old': 88.76, 'new': 85.61}
2025-07-08 02:24:00,952 [trainer.py] => CNN top1 curve: [97.58, 95.4, 87.61]
2025-07-08 02:24:00,952 [trainer.py] => CNN top5 curve: [99.76, 99.54, 99.06]

Average Accuracy (CNN): 93.53
2025-07-08 02:24:00,952 [trainer.py] => Average Accuracy (CNN): 93.53 

2025-07-08 02:24:00,953 [trainer.py] => All params: 86128946
2025-07-08 02:24:00,953 [trainer.py] => Trainable params: 176680
2025-07-08 02:24:00,954 [lae.py] => Learning on 30-40

  0%|          | 0/5 [00:00<?, ?it/s]
Task 3, Epoch 1/5 => Loss 2.642, Train_accy 26.40:   0%|          | 0/5 [00:01<?, ?it/s]
Task 3, Epoch 1/5 => Loss 2.642, Train_accy 26.40:  20%|██        | 1/5 [00:01<00:05,  1.33s/it]
Task 3, Epoch 2/5 => Loss 0.554, Train_accy 85.48:  20%|██        | 1/5 [00:02<00:05,  1.33s/it]
Task 3, Epoch 2/5 => Loss 0.554, Train_accy 85.48:  40%|████      | 2/5 [00:02<00:03,  1.33s/it]
Task 3, Epoch 3/5 => Loss 0.203, Train_accy 93.73:  40%|████      | 2/5 [00:04<00:03,  1.33s/it]
Task 3, Epoch 3/5 => Loss 0.203, Train_accy 93.73:  60%|██████    | 3/5 [00:04<00:02,  1.36s/it]
Task 3, Epoch 4/5 => Loss 0.128, Train_accy 96.70:  60%|██████    | 3/5 [00:06<00:02,  1.36s/it]
Task 3, Epoch 4/5 => Loss 0.128, Train_accy 96.70:  80%|████████  | 4/5 [00:06<00:01,  1.67s/it]
Task 3, Epoch 5/5 => Loss 0.118, Train_accy 96.37, Test_accy 77.98:  80%|████████  | 4/5 [00:39<00:01,  1.67s/it]
Task 3, Epoch 5/5 => Loss 0.118, Train_accy 96.37, Test_accy 77.98: 100%|██████████| 5/5 [00:39<00:00, 13.25s/it]
Task 3, Epoch 5/5 => Loss 0.118, Train_accy 96.37, Test_accy 77.98: 100%|██████████| 5/5 [00:39<00:00,  7.99s/it]
2025-07-08 02:24:40,936 [lae.py] => Task 3, Epoch 5/5 => Loss 0.118, Train_accy 96.37, Test_accy 77.98
2025-07-08 02:25:12,487 [trainer.py] => No NME accuracy.
2025-07-08 02:25:12,487 [trainer.py] => CNN: {'total': 77.98, '00-09': 84.87, '10-19': 81.69, '20-29': 64.05, '30-39': 85.6, 'old': 75.85, 'new': 85.6}
2025-07-08 02:25:12,487 [trainer.py] => CNN top1 curve: [97.58, 95.4, 87.61, 77.98]
2025-07-08 02:25:12,487 [trainer.py] => CNN top5 curve: [99.76, 99.54, 99.06, 98.05]

Average Accuracy (CNN): 89.64
2025-07-08 02:25:12,487 [trainer.py] => Average Accuracy (CNN): 89.64 

2025-07-08 02:25:12,488 [trainer.py] => All params: 86136636
2025-07-08 02:25:12,489 [trainer.py] => Trainable params: 184370
2025-07-08 02:25:12,491 [lae.py] => Learning on 40-50

  0%|          | 0/5 [00:00<?, ?it/s]
Task 4, Epoch 1/5 => Loss 1.872, Train_accy 42.86:   0%|          | 0/5 [00:02<?, ?it/s]
Task 4, Epoch 1/5 => Loss 1.872, Train_accy 42.86:  20%|██        | 1/5 [00:02<00:08,  2.01s/it]
Task 4, Epoch 2/5 => Loss 0.471, Train_accy 82.64:  20%|██        | 1/5 [00:04<00:08,  2.01s/it]
Task 4, Epoch 2/5 => Loss 0.471, Train_accy 82.64:  40%|████      | 2/5 [00:04<00:06,  2.00s/it]
Task 4, Epoch 3/5 => Loss 0.284, Train_accy 89.87:  40%|████      | 2/5 [00:05<00:06,  2.00s/it]
Task 4, Epoch 3/5 => Loss 0.284, Train_accy 89.87:  60%|██████    | 3/5 [00:05<00:03,  1.99s/it]
Task 4, Epoch 4/5 => Loss 0.821, Train_accy 75.95:  60%|██████    | 3/5 [00:09<00:03,  1.99s/it]
Task 4, Epoch 4/5 => Loss 0.821, Train_accy 75.95:  80%|████████  | 4/5 [00:09<00:02,  2.63s/it]
Task 4, Epoch 5/5 => Loss 0.352, Train_accy 87.34, Test_accy 64.87:  80%|████████  | 4/5 [01:00<00:02,  2.63s/it]
Task 4, Epoch 5/5 => Loss 0.352, Train_accy 87.34, Test_accy 64.87: 100%|██████████| 5/5 [01:00<00:00, 19.98s/it]
Task 4, Epoch 5/5 => Loss 0.352, Train_accy 87.34, Test_accy 64.87: 100%|██████████| 5/5 [01:00<00:00, 12.07s/it]
2025-07-08 02:26:12,831 [lae.py] => Task 4, Epoch 5/5 => Loss 0.352, Train_accy 87.34, Test_accy 64.87
2025-07-08 02:27:00,082 [trainer.py] => No NME accuracy.
2025-07-08 02:27:00,082 [trainer.py] => CNN: {'total': 64.87, '00-09': 82.57, '10-19': 75.36, '20-29': 54.56, '30-39': 78.72, '40-49': 52.3, 'old': 71.2, 'new': 52.3}
2025-07-08 02:27:00,083 [trainer.py] => CNN top1 curve: [97.58, 95.4, 87.61, 77.98, 64.87]
2025-07-08 02:27:00,083 [trainer.py] => CNN top5 curve: [99.76, 99.54, 99.06, 98.05, 96.04]

Average Accuracy (CNN): 84.69
2025-07-08 02:27:00,083 [trainer.py] => Average Accuracy (CNN): 84.69 

Finished vtab_init10_inc10: vit_base_patch16_224_in21k_lae  
----------------------------------------------------------------------------------------------------
总训练时间: 172.13 s
总测试时间: 124.51 s
每个任务每个epoch训练时间: 6.89 s
Accuracy Matrix (CNN):
[[97.58 94.31 89.1  84.87 82.57]
 [ 0.   95.84 88.62 81.69 75.36]
 [ 0.    0.   85.61 64.05 54.56]
 [ 0.    0.    0.   85.6  78.72]
 [ 0.    0.    0.    0.   52.3 ]]
2025-07-08 02:27:00,084 [trainer.py] => Forgetting (CNN): 18.355
