nohup: 忽略输入
seed [1993]
devices_type ['7']
2025-07-07 04:55:48,663 [trainer.py] => config: ./exps/sdlora_c100.json
2025-07-07 04:55:48,663 [trainer.py] => seed: 1993
2025-07-07 04:55:48,663 [trainer.py] => prefix: reproduce
2025-07-07 04:55:48,663 [trainer.py] => dataset: cifar224
2025-07-07 04:55:48,663 [trainer.py] => memory_size: 0
2025-07-07 04:55:48,663 [trainer.py] => memory_per_class: 0
2025-07-07 04:55:48,663 [trainer.py] => fixed_memory: False
2025-07-07 04:55:48,663 [trainer.py] => shuffle: True
2025-07-07 04:55:48,663 [trainer.py] => init_cls: 10
2025-07-07 04:55:48,663 [trainer.py] => increment: 10
2025-07-07 04:55:48,663 [trainer.py] => model_name: sdlora
2025-07-07 04:55:48,663 [trainer.py] => backbone_type: vit_base_patch16_224
2025-07-07 04:55:48,663 [trainer.py] => device: [device(type='cuda', index=7)]
2025-07-07 04:55:48,663 [trainer.py] => scheduler: cosine
2025-07-07 04:55:48,663 [trainer.py] => min_lr: 0.005
2025-07-07 04:55:48,663 [trainer.py] => tuned_epoch: 20
2025-07-07 04:55:48,663 [trainer.py] => filepath: ./CF100/
2025-07-07 04:55:48,663 [trainer.py] => init_epoch: 20
2025-07-07 04:55:48,663 [trainer.py] => init_lr: 0.008
2025-07-07 04:55:48,663 [trainer.py] => init_milestones: [60, 120, 170]
2025-07-07 04:55:48,663 [trainer.py] => init_lr_decay: 0.1
2025-07-07 04:55:48,663 [trainer.py] => init_weight_decay: 0.0005
2025-07-07 04:55:48,663 [trainer.py] => epochs: 20
2025-07-07 04:55:48,663 [trainer.py] => lrate: 0.008
2025-07-07 04:55:48,663 [trainer.py] => milestones: [40, 70]
2025-07-07 04:55:48,663 [trainer.py] => lrate_decay: 0
2025-07-07 04:55:48,663 [trainer.py] => batch_size: 128
2025-07-07 04:55:48,663 [trainer.py] => weight_decay: 0.0002
Files already downloaded and verified
Files already downloaded and verified
2025-07-07 04:55:50,453 [data_manager.py] => [68, 56, 78, 8, 23, 84, 90, 65, 74, 76, 40, 89, 3, 92, 55, 9, 26, 80, 43, 38, 58, 70, 77, 1, 85, 19, 17, 50, 28, 53, 13, 81, 45, 82, 6, 59, 83, 16, 15, 44, 91, 41, 72, 60, 79, 52, 20, 10, 31, 54, 37, 95, 14, 71, 96, 98, 97, 2, 64, 66, 42, 22, 35, 86, 24, 34, 87, 21, 99, 0, 88, 27, 18, 94, 11, 12, 47, 25, 30, 46, 62, 69, 36, 61, 7, 63, 75, 5, 32, 4, 51, 48, 73, 93, 39, 67, 29, 49, 57, 33]
!!!!!!! multiple_gpus [device(type='cuda', index=7)]
This is for the BaseNet initialization.
save_file ./CF100/
Initialize task-id and curtask id
After BaseNet initialization.
task 0
2025-07-07 04:55:53,867 [trainer.py] => All params: 171965973
2025-07-07 04:55:53,868 [trainer.py] => Trainable params: 368661
2025-07-07 04:55:53,868 [sdlora.py] => Learning on 0-10

  0%|          | 0/20 [00:00<?, ?it/s]
Task 0, Epoch 1/20 => Loss 1.783, Train_accy 73.78, Test_accy 95.20:   0%|          | 0/20 [00:39<?, ?it/s]
Task 0, Epoch 1/20 => Loss 1.783, Train_accy 73.78, Test_accy 95.20:   5%|▌         | 1/20 [00:39<12:26, 39.28s/it]
Task 0, Epoch 2/20 => Loss 0.525, Train_accy 87.50:   5%|▌         | 1/20 [01:15<12:26, 39.28s/it]                 
Task 0, Epoch 2/20 => Loss 0.525, Train_accy 87.50:  10%|█         | 2/20 [01:15<11:10, 37.28s/it]
Task 0, Epoch 3/20 => Loss 0.400, Train_accy 89.24:  10%|█         | 2/20 [01:50<11:10, 37.28s/it]
Task 0, Epoch 3/20 => Loss 0.400, Train_accy 89.24:  15%|█▌        | 3/20 [01:50<10:21, 36.59s/it]
Task 0, Epoch 4/20 => Loss 0.311, Train_accy 91.14:  15%|█▌        | 3/20 [02:26<10:21, 36.59s/it]
Task 0, Epoch 4/20 => Loss 0.311, Train_accy 91.14:  20%|██        | 4/20 [02:26<09:40, 36.26s/it]
Task 0, Epoch 5/20 => Loss 0.242, Train_accy 92.42:  20%|██        | 4/20 [03:02<09:40, 36.26s/it]
Task 0, Epoch 5/20 => Loss 0.242, Train_accy 92.42:  25%|██▌       | 5/20 [03:02<09:01, 36.12s/it]
Task 0, Epoch 6/20 => Loss 0.254, Train_accy 91.70, Test_accy 98.70:  25%|██▌       | 5/20 [03:42<09:01, 36.12s/it]
Task 0, Epoch 6/20 => Loss 0.254, Train_accy 91.70, Test_accy 98.70:  30%|███       | 6/20 [03:42<08:42, 37.30s/it]
Task 0, Epoch 7/20 => Loss 0.227, Train_accy 92.66:  30%|███       | 6/20 [04:18<08:42, 37.30s/it]                 
Task 0, Epoch 7/20 => Loss 0.227, Train_accy 92.66:  35%|███▌      | 7/20 [04:18<07:59, 36.86s/it]
Task 0, Epoch 8/20 => Loss 0.251, Train_accy 92.56:  35%|███▌      | 7/20 [04:54<07:59, 36.86s/it]
Task 0, Epoch 8/20 => Loss 0.251, Train_accy 92.56:  40%|████      | 8/20 [04:54<07:18, 36.56s/it]
Task 0, Epoch 9/20 => Loss 0.279, Train_accy 91.32:  40%|████      | 8/20 [05:29<07:18, 36.56s/it]
Task 0, Epoch 9/20 => Loss 0.279, Train_accy 91.32:  45%|████▌     | 9/20 [05:29<06:39, 36.35s/it]
Task 0, Epoch 10/20 => Loss 0.224, Train_accy 92.52:  45%|████▌     | 9/20 [06:05<06:39, 36.35s/it]
Task 0, Epoch 10/20 => Loss 0.224, Train_accy 92.52:  50%|█████     | 10/20 [06:05<06:01, 36.17s/it]
Task 0, Epoch 11/20 => Loss 0.199, Train_accy 93.34, Test_accy 98.70:  50%|█████     | 10/20 [06:44<06:01, 36.17s/it]
Task 0, Epoch 11/20 => Loss 0.199, Train_accy 93.34, Test_accy 98.70:  55%|█████▌    | 11/20 [06:44<05:33, 37.09s/it]
Task 0, Epoch 12/20 => Loss 0.204, Train_accy 92.94:  55%|█████▌    | 11/20 [07:20<05:33, 37.09s/it]                 
Task 0, Epoch 12/20 => Loss 0.204, Train_accy 92.94:  60%|██████    | 12/20 [07:20<04:53, 36.68s/it]
Task 0, Epoch 13/20 => Loss 0.215, Train_accy 93.26:  60%|██████    | 12/20 [07:56<04:53, 36.68s/it]
Task 0, Epoch 13/20 => Loss 0.215, Train_accy 93.26:  65%|██████▌   | 13/20 [07:56<04:14, 36.42s/it]
Task 0, Epoch 14/20 => Loss 0.203, Train_accy 93.68:  65%|██████▌   | 13/20 [08:32<04:14, 36.42s/it]
Task 0, Epoch 14/20 => Loss 0.203, Train_accy 93.68:  70%|███████   | 14/20 [08:32<03:37, 36.25s/it]
Task 0, Epoch 15/20 => Loss 0.198, Train_accy 93.54:  70%|███████   | 14/20 [09:07<03:37, 36.25s/it]
Task 0, Epoch 15/20 => Loss 0.198, Train_accy 93.54:  75%|███████▌  | 15/20 [09:07<03:00, 36.09s/it]
Task 0, Epoch 16/20 => Loss 0.180, Train_accy 94.02, Test_accy 98.50:  75%|███████▌  | 15/20 [09:47<03:00, 36.09s/it]
Task 0, Epoch 16/20 => Loss 0.180, Train_accy 94.02, Test_accy 98.50:  80%|████████  | 16/20 [09:47<02:28, 37.02s/it]
Task 0, Epoch 17/20 => Loss 0.187, Train_accy 93.98:  80%|████████  | 16/20 [10:22<02:28, 37.02s/it]                 
Task 0, Epoch 17/20 => Loss 0.187, Train_accy 93.98:  85%|████████▌ | 17/20 [10:22<01:49, 36.62s/it]
Task 0, Epoch 18/20 => Loss 0.181, Train_accy 93.94:  85%|████████▌ | 17/20 [10:58<01:49, 36.62s/it]
Task 0, Epoch 18/20 => Loss 0.181, Train_accy 93.94:  90%|█████████ | 18/20 [10:58<01:12, 36.35s/it]
Task 0, Epoch 19/20 => Loss 0.205, Train_accy 93.12:  90%|█████████ | 18/20 [11:34<01:12, 36.35s/it]
Task 0, Epoch 19/20 => Loss 0.205, Train_accy 93.12:  95%|█████████▌| 19/20 [11:34<00:36, 36.15s/it]
Task 0, Epoch 20/20 => Loss 0.179, Train_accy 94.20:  95%|█████████▌| 19/20 [12:10<00:36, 36.15s/it]
Task 0, Epoch 20/20 => Loss 0.179, Train_accy 94.20: 100%|██████████| 20/20 [12:10<00:00, 36.03s/it]
Task 0, Epoch 20/20 => Loss 0.179, Train_accy 94.20: 100%|██████████| 20/20 [12:10<00:00, 36.50s/it]
2025-07-07 05:08:04,144 [sdlora.py] => Task 0, Epoch 20/20 => Loss 0.179, Train_accy 94.20
2025-07-07 05:08:07,772 [trainer.py] => No NME accuracy.
2025-07-07 05:08:07,772 [trainer.py] => CNN: {'total': 98.6, '00-09': 98.6, 'old': 0, 'new': 98.6}
2025-07-07 05:08:07,772 [trainer.py] => CNN top1 curve: [98.6]
2025-07-07 05:08:07,772 [trainer.py] => CNN top5 curve: [100.0]

Average Accuracy (CNN): 98.6
2025-07-07 05:08:07,772 [trainer.py] => Average Accuracy (CNN): 98.6 

task 1
2025-07-07 05:08:07,775 [trainer.py] => All params: 171973663
2025-07-07 05:08:07,777 [trainer.py] => Trainable params: 376351
2025-07-07 05:08:07,778 [sdlora.py] => Learning on 10-20
save_file ./CF100/

  0%|          | 0/20 [00:00<?, ?it/s]
Task 1, Epoch 1/20 => Loss 0.747, Train_accy 65.98, Test_accy 95.95:   0%|          | 0/20 [00:45<?, ?it/s]
Task 1, Epoch 1/20 => Loss 0.747, Train_accy 65.98, Test_accy 95.95:   5%|▌         | 1/20 [00:45<14:25, 45.53s/it]
Task 1, Epoch 2/20 => Loss 0.352, Train_accy 84.66:   5%|▌         | 1/20 [01:24<14:25, 45.53s/it]                 
Task 1, Epoch 2/20 => Loss 0.352, Train_accy 84.66:  10%|█         | 2/20 [01:24<12:25, 41.42s/it]
Task 1, Epoch 3/20 => Loss 0.341, Train_accy 83.94:  10%|█         | 2/20 [02:02<12:25, 41.42s/it]
Task 1, Epoch 3/20 => Loss 0.341, Train_accy 83.94:  15%|█▌        | 3/20 [02:02<11:24, 40.26s/it]
Task 1, Epoch 4/20 => Loss 0.331, Train_accy 83.66:  15%|█▌        | 3/20 [02:41<11:24, 40.26s/it]
Task 1, Epoch 4/20 => Loss 0.331, Train_accy 83.66:  20%|██        | 4/20 [02:41<10:34, 39.67s/it]
Task 1, Epoch 5/20 => Loss 0.291, Train_accy 84.36:  20%|██        | 4/20 [03:20<10:34, 39.67s/it]
Task 1, Epoch 5/20 => Loss 0.291, Train_accy 84.36:  25%|██▌       | 5/20 [03:20<09:49, 39.31s/it]
Task 1, Epoch 6/20 => Loss 0.289, Train_accy 83.78, Test_accy 96.05:  25%|██▌       | 5/20 [04:06<09:49, 39.31s/it]
Task 1, Epoch 6/20 => Loss 0.289, Train_accy 83.78, Test_accy 96.05:  30%|███       | 6/20 [04:06<09:40, 41.48s/it]
Task 1, Epoch 7/20 => Loss 0.285, Train_accy 85.02:  30%|███       | 6/20 [04:44<09:40, 41.48s/it]                 
Task 1, Epoch 7/20 => Loss 0.285, Train_accy 85.02:  35%|███▌      | 7/20 [04:44<08:47, 40.61s/it]
Task 1, Epoch 8/20 => Loss 0.283, Train_accy 84.20:  35%|███▌      | 7/20 [05:23<08:47, 40.61s/it]
Task 1, Epoch 8/20 => Loss 0.283, Train_accy 84.20:  40%|████      | 8/20 [05:23<07:59, 39.97s/it]
Task 1, Epoch 9/20 => Loss 0.271, Train_accy 84.94:  40%|████      | 8/20 [06:02<07:59, 39.97s/it]
Task 1, Epoch 9/20 => Loss 0.271, Train_accy 84.94:  45%|████▌     | 9/20 [06:02<07:15, 39.55s/it]
Task 1, Epoch 10/20 => Loss 0.278, Train_accy 84.78:  45%|████▌     | 9/20 [06:40<07:15, 39.55s/it]
Task 1, Epoch 10/20 => Loss 0.278, Train_accy 84.78:  50%|█████     | 10/20 [06:40<06:32, 39.27s/it]
Task 1, Epoch 11/20 => Loss 0.266, Train_accy 83.94, Test_accy 95.65:  50%|█████     | 10/20 [07:26<06:32, 39.27s/it]
Task 1, Epoch 11/20 => Loss 0.266, Train_accy 83.94, Test_accy 95.65:  55%|█████▌    | 11/20 [07:26<06:11, 41.23s/it]
Task 1, Epoch 12/20 => Loss 0.249, Train_accy 85.08:  55%|█████▌    | 11/20 [08:05<06:11, 41.23s/it]                 
Task 1, Epoch 12/20 => Loss 0.249, Train_accy 85.08:  60%|██████    | 12/20 [08:05<05:24, 40.54s/it]
Task 1, Epoch 13/20 => Loss 0.233, Train_accy 85.14:  60%|██████    | 12/20 [08:44<05:24, 40.54s/it]
Task 1, Epoch 13/20 => Loss 0.233, Train_accy 85.14:  65%|██████▌   | 13/20 [08:44<04:40, 40.00s/it]
Task 1, Epoch 14/20 => Loss 0.248, Train_accy 85.66:  65%|██████▌   | 13/20 [09:22<04:40, 40.00s/it]
Task 1, Epoch 14/20 => Loss 0.248, Train_accy 85.66:  70%|███████   | 14/20 [09:22<03:57, 39.62s/it]
Task 1, Epoch 15/20 => Loss 0.244, Train_accy 85.42:  70%|███████   | 14/20 [10:01<03:57, 39.62s/it]
Task 1, Epoch 15/20 => Loss 0.244, Train_accy 85.42:  75%|███████▌  | 15/20 [10:01<03:16, 39.34s/it]
Task 1, Epoch 16/20 => Loss 0.258, Train_accy 84.70, Test_accy 95.90:  75%|███████▌  | 15/20 [10:47<03:16, 39.34s/it]
Task 1, Epoch 16/20 => Loss 0.258, Train_accy 84.70, Test_accy 95.90:  80%|████████  | 16/20 [10:47<02:45, 41.27s/it]
Task 1, Epoch 17/20 => Loss 0.266, Train_accy 84.40:  80%|████████  | 16/20 [11:26<02:45, 41.27s/it]                 
Task 1, Epoch 17/20 => Loss 0.266, Train_accy 84.40:  85%|████████▌ | 17/20 [11:26<02:01, 40.49s/it]
Task 1, Epoch 18/20 => Loss 0.233, Train_accy 85.32:  85%|████████▌ | 17/20 [12:04<02:01, 40.49s/it]
Task 1, Epoch 18/20 => Loss 0.233, Train_accy 85.32:  90%|█████████ | 18/20 [12:04<01:19, 39.96s/it]
Task 1, Epoch 19/20 => Loss 0.234, Train_accy 86.38:  90%|█████████ | 18/20 [12:43<01:19, 39.96s/it]
Task 1, Epoch 19/20 => Loss 0.234, Train_accy 86.38:  95%|█████████▌| 19/20 [12:43<00:39, 39.56s/it]
Task 1, Epoch 20/20 => Loss 0.238, Train_accy 85.94:  95%|█████████▌| 19/20 [13:22<00:39, 39.56s/it]
Task 1, Epoch 20/20 => Loss 0.238, Train_accy 85.94: 100%|██████████| 20/20 [13:22<00:00, 39.29s/it]
Task 1, Epoch 20/20 => Loss 0.238, Train_accy 85.94: 100%|██████████| 20/20 [13:22<00:00, 40.10s/it]
2025-07-07 05:21:31,552 [sdlora.py] => Task 1, Epoch 20/20 => Loss 0.238, Train_accy 85.94
2025-07-07 05:21:38,579 [trainer.py] => No NME accuracy.
2025-07-07 05:21:38,579 [trainer.py] => CNN: {'total': 95.6, '00-09': 96.7, '10-19': 94.5, 'old': 96.7, 'new': 94.5}
2025-07-07 05:21:38,579 [trainer.py] => CNN top1 curve: [98.6, 95.6]
2025-07-07 05:21:38,580 [trainer.py] => CNN top5 curve: [100.0, 99.65]

Average Accuracy (CNN): 97.1
2025-07-07 05:21:38,580 [trainer.py] => Average Accuracy (CNN): 97.1 

task 2
2025-07-07 05:21:38,582 [trainer.py] => All params: 171981353
2025-07-07 05:21:38,583 [trainer.py] => Trainable params: 384041
2025-07-07 05:21:38,584 [sdlora.py] => Learning on 20-30
save_file ./CF100/

  0%|          | 0/20 [00:00<?, ?it/s]
Task 2, Epoch 1/20 => Loss 0.504, Train_accy 62.96, Test_accy 93.27:   0%|          | 0/20 [00:52<?, ?it/s]
Task 2, Epoch 1/20 => Loss 0.504, Train_accy 62.96, Test_accy 93.27:   5%|▌         | 1/20 [00:52<16:37, 52.49s/it]
Task 2, Epoch 2/20 => Loss 0.189, Train_accy 85.70:   5%|▌         | 1/20 [01:34<16:37, 52.49s/it]                 
Task 2, Epoch 2/20 => Loss 0.189, Train_accy 85.70:  10%|█         | 2/20 [01:34<13:50, 46.12s/it]
Task 2, Epoch 3/20 => Loss 0.185, Train_accy 85.26:  10%|█         | 2/20 [02:15<13:50, 46.12s/it]
Task 2, Epoch 3/20 => Loss 0.185, Train_accy 85.26:  15%|█▌        | 3/20 [02:15<12:29, 44.07s/it]
Task 2, Epoch 4/20 => Loss 0.170, Train_accy 85.70:  15%|█▌        | 3/20 [02:57<12:29, 44.07s/it]
Task 2, Epoch 4/20 => Loss 0.170, Train_accy 85.70:  20%|██        | 4/20 [02:57<11:29, 43.09s/it]
Task 2, Epoch 5/20 => Loss 0.173, Train_accy 86.16:  20%|██        | 4/20 [03:38<11:29, 43.09s/it]
Task 2, Epoch 5/20 => Loss 0.173, Train_accy 86.16:  25%|██▌       | 5/20 [03:38<10:38, 42.56s/it]
Task 2, Epoch 6/20 => Loss 0.171, Train_accy 85.64, Test_accy 94.17:  25%|██▌       | 5/20 [04:31<10:38, 42.56s/it]
Task 2, Epoch 6/20 => Loss 0.171, Train_accy 85.64, Test_accy 94.17:  30%|███       | 6/20 [04:31<10:44, 46.03s/it]
Task 2, Epoch 7/20 => Loss 0.166, Train_accy 86.20:  30%|███       | 6/20 [05:13<10:44, 46.03s/it]                 
Task 2, Epoch 7/20 => Loss 0.166, Train_accy 86.20:  35%|███▌      | 7/20 [05:13<09:39, 44.57s/it]
Task 2, Epoch 8/20 => Loss 0.172, Train_accy 86.60:  35%|███▌      | 7/20 [05:54<09:39, 44.57s/it]
Task 2, Epoch 8/20 => Loss 0.172, Train_accy 86.60:  40%|████      | 8/20 [05:54<08:43, 43.61s/it]
Task 2, Epoch 9/20 => Loss 0.148, Train_accy 86.84:  40%|████      | 8/20 [06:36<08:43, 43.61s/it]
Task 2, Epoch 9/20 => Loss 0.148, Train_accy 86.84:  45%|████▌     | 9/20 [06:36<07:52, 42.96s/it]
Task 2, Epoch 10/20 => Loss 0.167, Train_accy 86.20:  45%|████▌     | 9/20 [07:17<07:52, 42.96s/it]
Task 2, Epoch 10/20 => Loss 0.167, Train_accy 86.20:  50%|█████     | 10/20 [07:17<07:05, 42.53s/it]
Task 2, Epoch 11/20 => Loss 0.152, Train_accy 86.30, Test_accy 94.80:  50%|█████     | 10/20 [08:10<07:05, 42.53s/it]
Task 2, Epoch 11/20 => Loss 0.152, Train_accy 86.30, Test_accy 94.80:  55%|█████▌    | 11/20 [08:10<06:49, 45.52s/it]
Task 2, Epoch 12/20 => Loss 0.139, Train_accy 87.36:  55%|█████▌    | 11/20 [08:51<06:49, 45.52s/it]                 
Task 2, Epoch 12/20 => Loss 0.139, Train_accy 87.36:  60%|██████    | 12/20 [08:51<05:54, 44.32s/it]
Task 2, Epoch 13/20 => Loss 0.139, Train_accy 87.38:  60%|██████    | 12/20 [09:33<05:54, 44.32s/it]
Task 2, Epoch 13/20 => Loss 0.139, Train_accy 87.38:  65%|██████▌   | 13/20 [09:33<05:04, 43.47s/it]
Task 2, Epoch 14/20 => Loss 0.139, Train_accy 88.10:  65%|██████▌   | 13/20 [10:14<05:04, 43.47s/it]
Task 2, Epoch 14/20 => Loss 0.139, Train_accy 88.10:  70%|███████   | 14/20 [10:14<04:17, 42.89s/it]
Task 2, Epoch 15/20 => Loss 0.150, Train_accy 87.76:  70%|███████   | 14/20 [10:56<04:17, 42.89s/it]
Task 2, Epoch 15/20 => Loss 0.150, Train_accy 87.76:  75%|███████▌  | 15/20 [10:56<03:32, 42.49s/it]
Task 2, Epoch 16/20 => Loss 0.130, Train_accy 87.94, Test_accy 94.33:  75%|███████▌  | 15/20 [11:48<03:32, 42.49s/it]
Task 2, Epoch 16/20 => Loss 0.130, Train_accy 87.94, Test_accy 94.33:  80%|████████  | 16/20 [11:48<03:01, 45.45s/it]
Task 2, Epoch 17/20 => Loss 0.139, Train_accy 87.10:  80%|████████  | 16/20 [12:30<03:01, 45.45s/it]                 
Task 2, Epoch 17/20 => Loss 0.139, Train_accy 87.10:  85%|████████▌ | 17/20 [12:30<02:12, 44.30s/it]
Task 2, Epoch 18/20 => Loss 0.134, Train_accy 88.20:  85%|████████▌ | 17/20 [13:11<02:12, 44.30s/it]
Task 2, Epoch 18/20 => Loss 0.134, Train_accy 88.20:  90%|█████████ | 18/20 [13:11<01:26, 43.47s/it]
Task 2, Epoch 19/20 => Loss 0.125, Train_accy 88.06:  90%|█████████ | 18/20 [13:53<01:26, 43.47s/it]
Task 2, Epoch 19/20 => Loss 0.125, Train_accy 88.06:  95%|█████████▌| 19/20 [13:53<00:42, 42.91s/it]
Task 2, Epoch 20/20 => Loss 0.132, Train_accy 88.78:  95%|█████████▌| 19/20 [14:35<00:42, 42.91s/it]
Task 2, Epoch 20/20 => Loss 0.132, Train_accy 88.78: 100%|██████████| 20/20 [14:35<00:00, 42.54s/it]
Task 2, Epoch 20/20 => Loss 0.132, Train_accy 88.78: 100%|██████████| 20/20 [14:35<00:00, 43.76s/it]
2025-07-07 05:36:16,132 [sdlora.py] => Task 2, Epoch 20/20 => Loss 0.132, Train_accy 88.78
2025-07-07 05:36:27,020 [trainer.py] => No NME accuracy.
2025-07-07 05:36:27,020 [trainer.py] => CNN: {'total': 94.33, '00-09': 92.9, '10-19': 93.3, '20-29': 96.8, 'old': 93.1, 'new': 96.8}
2025-07-07 05:36:27,020 [trainer.py] => CNN top1 curve: [98.6, 95.6, 94.33]
2025-07-07 05:36:27,020 [trainer.py] => CNN top5 curve: [100.0, 99.65, 99.53]

Average Accuracy (CNN): 96.17666666666666
2025-07-07 05:36:27,020 [trainer.py] => Average Accuracy (CNN): 96.17666666666666 

task 3
2025-07-07 05:36:27,024 [trainer.py] => All params: 171989043
2025-07-07 05:36:27,026 [trainer.py] => Trainable params: 391731
2025-07-07 05:36:27,028 [sdlora.py] => Learning on 30-40
save_file ./CF100/

  0%|          | 0/20 [00:00<?, ?it/s]
Task 3, Epoch 1/20 => Loss 0.606, Train_accy 53.92, Test_accy 92.85:   0%|          | 0/20 [01:00<?, ?it/s]
Task 3, Epoch 1/20 => Loss 0.606, Train_accy 53.92, Test_accy 92.85:   5%|▌         | 1/20 [01:00<19:01, 60.09s/it]
Task 3, Epoch 2/20 => Loss 0.298, Train_accy 77.20:   5%|▌         | 1/20 [01:44<19:01, 60.09s/it]                 
Task 3, Epoch 2/20 => Loss 0.298, Train_accy 77.20:  10%|█         | 2/20 [01:44<15:17, 50.96s/it]
Task 3, Epoch 3/20 => Loss 0.244, Train_accy 78.60:  10%|█         | 2/20 [02:29<15:17, 50.96s/it]
Task 3, Epoch 3/20 => Loss 0.244, Train_accy 78.60:  15%|█▌        | 3/20 [02:29<13:37, 48.08s/it]
Task 3, Epoch 4/20 => Loss 0.242, Train_accy 78.70:  15%|█▌        | 3/20 [03:14<13:37, 48.08s/it]
Task 3, Epoch 4/20 => Loss 0.242, Train_accy 78.70:  20%|██        | 4/20 [03:14<12:28, 46.75s/it]
Task 3, Epoch 5/20 => Loss 0.222, Train_accy 79.08:  20%|██        | 4/20 [03:58<12:28, 46.75s/it]
Task 3, Epoch 5/20 => Loss 0.222, Train_accy 79.08:  25%|██▌       | 5/20 [03:58<11:29, 45.98s/it]
Task 3, Epoch 6/20 => Loss 0.226, Train_accy 79.46, Test_accy 93.58:  25%|██▌       | 5/20 [04:58<11:29, 45.98s/it]
Task 3, Epoch 6/20 => Loss 0.226, Train_accy 79.46, Test_accy 93.58:  30%|███       | 6/20 [04:58<11:51, 50.80s/it]
Task 3, Epoch 7/20 => Loss 0.223, Train_accy 80.48:  30%|███       | 6/20 [05:43<11:51, 50.80s/it]                 
Task 3, Epoch 7/20 => Loss 0.223, Train_accy 80.48:  35%|███▌      | 7/20 [05:43<10:34, 48.81s/it]
Task 3, Epoch 8/20 => Loss 0.231, Train_accy 79.78:  35%|███▌      | 7/20 [06:28<10:34, 48.81s/it]
Task 3, Epoch 8/20 => Loss 0.231, Train_accy 79.78:  40%|████      | 8/20 [06:28<09:29, 47.46s/it]
Task 3, Epoch 9/20 => Loss 0.217, Train_accy 80.68:  40%|████      | 8/20 [07:12<09:29, 47.46s/it]
Task 3, Epoch 9/20 => Loss 0.217, Train_accy 80.68:  45%|████▌     | 9/20 [07:12<08:32, 46.60s/it]
Task 3, Epoch 10/20 => Loss 0.222, Train_accy 80.34:  45%|████▌     | 9/20 [07:57<08:32, 46.60s/it]
Task 3, Epoch 10/20 => Loss 0.222, Train_accy 80.34:  50%|█████     | 10/20 [07:57<07:39, 46.00s/it]
Task 3, Epoch 11/20 => Loss 0.197, Train_accy 81.50, Test_accy 93.65:  50%|█████     | 10/20 [08:57<07:39, 46.00s/it]
Task 3, Epoch 11/20 => Loss 0.197, Train_accy 81.50, Test_accy 93.65:  55%|█████▌    | 11/20 [08:57<07:32, 50.27s/it]
Task 3, Epoch 12/20 => Loss 0.207, Train_accy 81.86:  55%|█████▌    | 11/20 [09:42<07:32, 50.27s/it]                 
Task 3, Epoch 12/20 => Loss 0.207, Train_accy 81.86:  60%|██████    | 12/20 [09:42<06:28, 48.59s/it]
Task 3, Epoch 13/20 => Loss 0.202, Train_accy 81.08:  60%|██████    | 12/20 [10:26<06:28, 48.59s/it]
Task 3, Epoch 13/20 => Loss 0.202, Train_accy 81.08:  65%|██████▌   | 13/20 [10:26<05:31, 47.41s/it]
Task 3, Epoch 14/20 => Loss 0.201, Train_accy 81.94:  65%|██████▌   | 13/20 [11:11<05:31, 47.41s/it]
Task 3, Epoch 14/20 => Loss 0.201, Train_accy 81.94:  70%|███████   | 14/20 [11:11<04:39, 46.61s/it]
Task 3, Epoch 15/20 => Loss 0.203, Train_accy 82.52:  70%|███████   | 14/20 [11:56<04:39, 46.61s/it]
Task 3, Epoch 15/20 => Loss 0.203, Train_accy 82.52:  75%|███████▌  | 15/20 [11:56<03:50, 46.03s/it]
Task 3, Epoch 16/20 => Loss 0.190, Train_accy 82.70, Test_accy 93.58:  75%|███████▌  | 15/20 [12:56<03:50, 46.03s/it]
Task 3, Epoch 16/20 => Loss 0.190, Train_accy 82.70, Test_accy 93.58:  80%|████████  | 16/20 [12:56<03:20, 50.20s/it]
Task 3, Epoch 17/20 => Loss 0.172, Train_accy 82.44:  80%|████████  | 16/20 [13:40<03:20, 50.20s/it]                 
Task 3, Epoch 17/20 => Loss 0.172, Train_accy 82.44:  85%|████████▌ | 17/20 [13:40<02:25, 48.51s/it]
Task 3, Epoch 18/20 => Loss 0.201, Train_accy 82.72:  85%|████████▌ | 17/20 [14:25<02:25, 48.51s/it]
Task 3, Epoch 18/20 => Loss 0.201, Train_accy 82.72:  90%|█████████ | 18/20 [14:25<01:34, 47.39s/it]
Task 3, Epoch 19/20 => Loss 0.215, Train_accy 81.70:  90%|█████████ | 18/20 [15:10<01:34, 47.39s/it]
Task 3, Epoch 19/20 => Loss 0.215, Train_accy 81.70:  95%|█████████▌| 19/20 [15:10<00:46, 46.57s/it]
Task 3, Epoch 20/20 => Loss 0.178, Train_accy 83.10:  95%|█████████▌| 19/20 [15:54<00:46, 46.57s/it]
Task 3, Epoch 20/20 => Loss 0.178, Train_accy 83.10: 100%|██████████| 20/20 [15:54<00:00, 45.99s/it]
Task 3, Epoch 20/20 => Loss 0.178, Train_accy 83.10: 100%|██████████| 20/20 [15:54<00:00, 47.74s/it]
2025-07-07 05:52:23,664 [sdlora.py] => Task 3, Epoch 20/20 => Loss 0.178, Train_accy 83.10
2025-07-07 05:52:38,833 [trainer.py] => No NME accuracy.
2025-07-07 05:52:38,833 [trainer.py] => CNN: {'total': 93.9, '00-09': 93.1, '10-19': 92.0, '20-29': 96.4, '30-39': 94.1, 'old': 93.83, 'new': 94.1}
2025-07-07 05:52:38,833 [trainer.py] => CNN top1 curve: [98.6, 95.6, 94.33, 93.9]
2025-07-07 05:52:38,834 [trainer.py] => CNN top5 curve: [100.0, 99.65, 99.53, 99.32]

Average Accuracy (CNN): 95.60749999999999
2025-07-07 05:52:38,834 [trainer.py] => Average Accuracy (CNN): 95.60749999999999 

task 4
2025-07-07 05:52:38,837 [trainer.py] => All params: 171996733
2025-07-07 05:52:38,840 [trainer.py] => Trainable params: 399421
2025-07-07 05:52:38,842 [sdlora.py] => Learning on 40-50
save_file ./CF100/

  0%|          | 0/20 [00:00<?, ?it/s]
Task 4, Epoch 1/20 => Loss 0.494, Train_accy 50.90, Test_accy 90.80:   0%|          | 0/20 [01:07<?, ?it/s]
Task 4, Epoch 1/20 => Loss 0.494, Train_accy 50.90, Test_accy 90.80:   5%|▌         | 1/20 [01:07<21:28, 67.84s/it]
Task 4, Epoch 2/20 => Loss 0.230, Train_accy 78.72:   5%|▌         | 1/20 [01:55<21:28, 67.84s/it]                 
Task 4, Epoch 2/20 => Loss 0.230, Train_accy 78.72:  10%|█         | 2/20 [01:55<16:48, 56.05s/it]
Task 4, Epoch 3/20 => Loss 0.196, Train_accy 78.28:  10%|█         | 2/20 [02:43<16:48, 56.05s/it]
Task 4, Epoch 3/20 => Loss 0.196, Train_accy 78.28:  15%|█▌        | 3/20 [02:43<14:47, 52.21s/it]
Task 4, Epoch 4/20 => Loss 0.184, Train_accy 78.70:  15%|█▌        | 3/20 [03:30<14:47, 52.21s/it]
Task 4, Epoch 4/20 => Loss 0.184, Train_accy 78.70:  20%|██        | 4/20 [03:30<13:26, 50.42s/it]
Task 4, Epoch 5/20 => Loss 0.171, Train_accy 78.72:  20%|██        | 4/20 [04:18<13:26, 50.42s/it]
Task 4, Epoch 5/20 => Loss 0.171, Train_accy 78.72:  25%|██▌       | 5/20 [04:18<12:22, 49.48s/it]
Task 4, Epoch 6/20 => Loss 0.161, Train_accy 79.96, Test_accy 91.98:  25%|██▌       | 5/20 [05:26<12:22, 49.48s/it]
Task 4, Epoch 6/20 => Loss 0.161, Train_accy 79.96, Test_accy 91.98:  30%|███       | 6/20 [05:26<12:59, 55.69s/it]
Task 4, Epoch 7/20 => Loss 0.163, Train_accy 79.56:  30%|███       | 6/20 [06:14<12:59, 55.69s/it]                 
Task 4, Epoch 7/20 => Loss 0.163, Train_accy 79.56:  35%|███▌      | 7/20 [06:14<11:30, 53.08s/it]
Task 4, Epoch 8/20 => Loss 0.166, Train_accy 80.96:  35%|███▌      | 7/20 [07:01<11:30, 53.08s/it]
Task 4, Epoch 8/20 => Loss 0.166, Train_accy 80.96:  40%|████      | 8/20 [07:01<10:16, 51.36s/it]
Task 4, Epoch 9/20 => Loss 0.166, Train_accy 81.02:  40%|████      | 8/20 [07:49<10:16, 51.36s/it]
Task 4, Epoch 9/20 => Loss 0.166, Train_accy 81.02:  45%|████▌     | 9/20 [07:49<09:12, 50.20s/it]
Task 4, Epoch 10/20 => Loss 0.146, Train_accy 81.18:  45%|████▌     | 9/20 [08:37<09:12, 50.20s/it]
Task 4, Epoch 10/20 => Loss 0.146, Train_accy 81.18:  50%|█████     | 10/20 [08:37<08:14, 49.42s/it]
Task 4, Epoch 11/20 => Loss 0.147, Train_accy 82.38, Test_accy 91.88:  50%|█████     | 10/20 [09:44<08:14, 49.42s/it]
Task 4, Epoch 11/20 => Loss 0.147, Train_accy 82.38, Test_accy 91.88:  55%|█████▌    | 11/20 [09:44<08:15, 55.03s/it]
Task 4, Epoch 12/20 => Loss 0.147, Train_accy 81.86:  55%|█████▌    | 11/20 [10:32<08:15, 55.03s/it]                 
Task 4, Epoch 12/20 => Loss 0.147, Train_accy 81.86:  60%|██████    | 12/20 [10:32<07:02, 52.82s/it]
Task 4, Epoch 13/20 => Loss 0.159, Train_accy 80.40:  60%|██████    | 12/20 [11:20<07:02, 52.82s/it]
Task 4, Epoch 13/20 => Loss 0.159, Train_accy 80.40:  65%|██████▌   | 13/20 [11:20<05:58, 51.28s/it]
Task 4, Epoch 14/20 => Loss 0.160, Train_accy 81.34:  65%|██████▌   | 13/20 [12:08<05:58, 51.28s/it]
Task 4, Epoch 14/20 => Loss 0.160, Train_accy 81.34:  70%|███████   | 14/20 [12:08<05:01, 50.18s/it]
Task 4, Epoch 15/20 => Loss 0.142, Train_accy 80.38:  70%|███████   | 14/20 [12:55<05:01, 50.18s/it]
Task 4, Epoch 15/20 => Loss 0.142, Train_accy 80.38:  75%|███████▌  | 15/20 [12:55<04:07, 49.44s/it]
Task 4, Epoch 16/20 => Loss 0.153, Train_accy 81.44, Test_accy 92.16:  75%|███████▌  | 15/20 [14:03<04:07, 49.44s/it]
Task 4, Epoch 16/20 => Loss 0.153, Train_accy 81.44, Test_accy 92.16:  80%|████████  | 16/20 [14:03<03:40, 55.03s/it]
Task 4, Epoch 17/20 => Loss 0.156, Train_accy 81.70:  80%|████████  | 16/20 [14:51<03:40, 55.03s/it]                 
Task 4, Epoch 17/20 => Loss 0.156, Train_accy 81.70:  85%|████████▌ | 17/20 [14:51<02:38, 52.84s/it]
Task 4, Epoch 18/20 => Loss 0.143, Train_accy 82.36:  85%|████████▌ | 17/20 [15:39<02:38, 52.84s/it]
Task 4, Epoch 18/20 => Loss 0.143, Train_accy 82.36:  90%|█████████ | 18/20 [15:39<01:42, 51.29s/it]
Task 4, Epoch 19/20 => Loss 0.137, Train_accy 82.96:  90%|█████████ | 18/20 [16:26<01:42, 51.29s/it]
Task 4, Epoch 19/20 => Loss 0.137, Train_accy 82.96:  95%|█████████▌| 19/20 [16:26<00:50, 50.19s/it]
Task 4, Epoch 20/20 => Loss 0.147, Train_accy 81.34:  95%|█████████▌| 19/20 [17:14<00:50, 50.19s/it]
Task 4, Epoch 20/20 => Loss 0.147, Train_accy 81.34: 100%|██████████| 20/20 [17:14<00:00, 49.45s/it]
Task 4, Epoch 20/20 => Loss 0.147, Train_accy 81.34: 100%|██████████| 20/20 [17:14<00:00, 51.73s/it]
2025-07-07 06:09:55,212 [sdlora.py] => Task 4, Epoch 20/20 => Loss 0.147, Train_accy 81.34
2025-07-07 06:10:15,312 [trainer.py] => No NME accuracy.
2025-07-07 06:10:15,313 [trainer.py] => CNN: {'total': 92.22, '00-09': 92.5, '10-19': 87.3, '20-29': 96.8, '30-39': 91.3, '40-49': 93.2, 'old': 91.98, 'new': 93.2}
2025-07-07 06:10:15,313 [trainer.py] => CNN top1 curve: [98.6, 95.6, 94.33, 93.9, 92.22]
2025-07-07 06:10:15,313 [trainer.py] => CNN top5 curve: [100.0, 99.65, 99.53, 99.32, 99.38]

Average Accuracy (CNN): 94.92999999999999
2025-07-07 06:10:15,314 [trainer.py] => Average Accuracy (CNN): 94.92999999999999 

task 5
2025-07-07 06:10:15,318 [trainer.py] => All params: 172004423
2025-07-07 06:10:15,321 [trainer.py] => Trainable params: 407111
2025-07-07 06:10:15,323 [sdlora.py] => Learning on 50-60
save_file ./CF100/

  0%|          | 0/20 [00:00<?, ?it/s]
Task 5, Epoch 1/20 => Loss 0.613, Train_accy 55.52, Test_accy 90.67:   0%|          | 0/20 [01:15<?, ?it/s]
Task 5, Epoch 1/20 => Loss 0.613, Train_accy 55.52, Test_accy 90.67:   5%|▌         | 1/20 [01:15<24:02, 75.92s/it]
Task 5, Epoch 2/20 => Loss 0.252, Train_accy 80.02:   5%|▌         | 1/20 [02:06<24:02, 75.92s/it]                 
Task 5, Epoch 2/20 => Loss 0.252, Train_accy 80.02:  10%|█         | 2/20 [02:06<18:19, 61.07s/it]
Task 5, Epoch 3/20 => Loss 0.251, Train_accy 79.22:  10%|█         | 2/20 [02:57<18:19, 61.07s/it]
Task 5, Epoch 3/20 => Loss 0.251, Train_accy 79.22:  15%|█▌        | 3/20 [02:57<15:57, 56.30s/it]
Task 5, Epoch 4/20 => Loss 0.239, Train_accy 80.34:  15%|█▌        | 3/20 [03:48<15:57, 56.30s/it]
Task 5, Epoch 4/20 => Loss 0.239, Train_accy 80.34:  20%|██        | 4/20 [03:48<14:26, 54.14s/it]
Task 5, Epoch 5/20 => Loss 0.213, Train_accy 80.06:  20%|██        | 4/20 [04:38<14:26, 54.14s/it]
Task 5, Epoch 5/20 => Loss 0.213, Train_accy 80.06:  25%|██▌       | 5/20 [04:38<13:13, 52.89s/it]
Task 5, Epoch 6/20 => Loss 0.217, Train_accy 80.38, Test_accy 91.08:  25%|██▌       | 5/20 [05:54<13:13, 52.89s/it]
Task 5, Epoch 6/20 => Loss 0.217, Train_accy 80.38, Test_accy 91.08:  30%|███       | 6/20 [05:54<14:09, 60.69s/it]
Task 5, Epoch 7/20 => Loss 0.214, Train_accy 80.44:  30%|███       | 6/20 [06:45<14:09, 60.69s/it]                 
Task 5, Epoch 7/20 => Loss 0.214, Train_accy 80.44:  35%|███▌      | 7/20 [06:45<12:26, 57.43s/it]
Task 5, Epoch 8/20 => Loss 0.190, Train_accy 80.76:  35%|███▌      | 7/20 [07:35<12:26, 57.43s/it]
Task 5, Epoch 8/20 => Loss 0.190, Train_accy 80.76:  40%|████      | 8/20 [07:35<11:03, 55.29s/it]
Task 5, Epoch 9/20 => Loss 0.187, Train_accy 80.52:  40%|████      | 8/20 [08:26<11:03, 55.29s/it]
Task 5, Epoch 9/20 => Loss 0.187, Train_accy 80.52:  45%|████▌     | 9/20 [08:26<09:52, 53.84s/it]
Task 5, Epoch 10/20 => Loss 0.216, Train_accy 80.40:  45%|████▌     | 9/20 [09:17<09:52, 53.84s/it]
Task 5, Epoch 10/20 => Loss 0.216, Train_accy 80.40:  50%|█████     | 10/20 [09:17<08:48, 52.90s/it]
Task 5, Epoch 11/20 => Loss 0.223, Train_accy 80.38, Test_accy 91.07:  50%|█████     | 10/20 [10:33<08:48, 52.90s/it]
Task 5, Epoch 11/20 => Loss 0.223, Train_accy 80.38, Test_accy 91.07:  55%|█████▌    | 11/20 [10:33<08:59, 59.94s/it]
Task 5, Epoch 12/20 => Loss 0.204, Train_accy 80.54:  55%|█████▌    | 11/20 [11:23<08:59, 59.94s/it]                 
Task 5, Epoch 12/20 => Loss 0.204, Train_accy 80.54:  60%|██████    | 12/20 [11:23<07:36, 57.10s/it]
Task 5, Epoch 13/20 => Loss 0.191, Train_accy 82.68:  60%|██████    | 12/20 [12:14<07:36, 57.10s/it]
Task 5, Epoch 13/20 => Loss 0.191, Train_accy 82.68:  65%|██████▌   | 13/20 [12:14<06:26, 55.16s/it]
Task 5, Epoch 14/20 => Loss 0.199, Train_accy 81.84:  65%|██████▌   | 13/20 [13:05<06:26, 55.16s/it]
Task 5, Epoch 14/20 => Loss 0.199, Train_accy 81.84:  70%|███████   | 14/20 [13:05<05:22, 53.79s/it]
Task 5, Epoch 15/20 => Loss 0.182, Train_accy 82.16:  70%|███████   | 14/20 [13:55<05:22, 53.79s/it]
Task 5, Epoch 15/20 => Loss 0.182, Train_accy 82.16:  75%|███████▌  | 15/20 [13:55<04:24, 52.85s/it]
Task 5, Epoch 16/20 => Loss 0.185, Train_accy 82.26, Test_accy 90.88:  75%|███████▌  | 15/20 [15:11<04:24, 52.85s/it]
Task 5, Epoch 16/20 => Loss 0.185, Train_accy 82.26, Test_accy 90.88:  80%|████████  | 16/20 [15:11<03:59, 59.77s/it]
Task 5, Epoch 17/20 => Loss 0.175, Train_accy 83.74:  80%|████████  | 16/20 [16:02<03:59, 59.77s/it]                 
Task 5, Epoch 17/20 => Loss 0.175, Train_accy 83.74:  85%|████████▌ | 17/20 [16:02<02:51, 57.07s/it]
Task 5, Epoch 18/20 => Loss 0.177, Train_accy 83.10:  85%|████████▌ | 17/20 [16:53<02:51, 57.07s/it]
Task 5, Epoch 18/20 => Loss 0.177, Train_accy 83.10:  90%|█████████ | 18/20 [16:53<01:50, 55.23s/it]
Task 5, Epoch 19/20 => Loss 0.169, Train_accy 82.10:  90%|█████████ | 18/20 [17:44<01:50, 55.23s/it]
Task 5, Epoch 19/20 => Loss 0.169, Train_accy 82.10:  95%|█████████▌| 19/20 [17:44<00:53, 53.88s/it]
Task 5, Epoch 20/20 => Loss 0.183, Train_accy 83.14:  95%|█████████▌| 19/20 [18:34<00:53, 53.88s/it]
Task 5, Epoch 20/20 => Loss 0.183, Train_accy 83.14: 100%|██████████| 20/20 [18:34<00:00, 52.94s/it]
Task 5, Epoch 20/20 => Loss 0.183, Train_accy 83.14: 100%|██████████| 20/20 [18:34<00:00, 55.75s/it]
2025-07-07 06:28:51,923 [sdlora.py] => Task 5, Epoch 20/20 => Loss 0.183, Train_accy 83.14
2025-07-07 06:29:17,250 [trainer.py] => No NME accuracy.
2025-07-07 06:29:17,251 [trainer.py] => CNN: {'total': 91.12, '00-09': 87.7, '10-19': 88.7, '20-29': 95.2, '30-39': 91.5, '40-49': 91.3, '50-59': 92.3, 'old': 90.88, 'new': 92.3}
2025-07-07 06:29:17,251 [trainer.py] => CNN top1 curve: [98.6, 95.6, 94.33, 93.9, 92.22, 91.12]
2025-07-07 06:29:17,251 [trainer.py] => CNN top5 curve: [100.0, 99.65, 99.53, 99.32, 99.38, 99.18]

Average Accuracy (CNN): 94.295
2025-07-07 06:29:17,251 [trainer.py] => Average Accuracy (CNN): 94.295 

task 6
2025-07-07 06:29:17,253 [trainer.py] => All params: 172012113
2025-07-07 06:29:17,255 [trainer.py] => Trainable params: 414801
2025-07-07 06:29:17,257 [sdlora.py] => Learning on 60-70
save_file ./CF100/

  0%|          | 0/20 [00:00<?, ?it/s]
Task 6, Epoch 1/20 => Loss 0.505, Train_accy 58.02, Test_accy 90.36:   0%|          | 0/20 [01:24<?, ?it/s]
Task 6, Epoch 1/20 => Loss 0.505, Train_accy 58.02, Test_accy 90.36:   5%|▌         | 1/20 [01:24<26:52, 84.89s/it]
Task 6, Epoch 2/20 => Loss 0.202, Train_accy 79.82:   5%|▌         | 1/20 [02:18<26:52, 84.89s/it]                 
Task 6, Epoch 2/20 => Loss 0.202, Train_accy 79.82:  10%|█         | 2/20 [02:18<19:57, 66.52s/it]
Task 6, Epoch 3/20 => Loss 0.181, Train_accy 80.32:  10%|█         | 2/20 [03:12<19:57, 66.52s/it]
Task 6, Epoch 3/20 => Loss 0.181, Train_accy 80.32:  15%|█▌        | 3/20 [03:12<17:10, 60.63s/it]
Task 6, Epoch 4/20 => Loss 0.169, Train_accy 79.84:  15%|█▌        | 3/20 [04:05<17:10, 60.63s/it]
Task 6, Epoch 4/20 => Loss 0.169, Train_accy 79.84:  20%|██        | 4/20 [04:05<15:26, 57.94s/it]
Task 6, Epoch 5/20 => Loss 0.151, Train_accy 80.82:  20%|██        | 4/20 [04:59<15:26, 57.94s/it]
Task 6, Epoch 5/20 => Loss 0.151, Train_accy 80.82:  25%|██▌       | 5/20 [04:59<14:06, 56.42s/it]
Task 6, Epoch 6/20 => Loss 0.165, Train_accy 81.14, Test_accy 90.76:  25%|██▌       | 5/20 [06:24<14:06, 56.42s/it]
Task 6, Epoch 6/20 => Loss 0.165, Train_accy 81.14, Test_accy 90.76:  30%|███       | 6/20 [06:24<15:26, 66.15s/it]
Task 6, Epoch 7/20 => Loss 0.143, Train_accy 81.42:  30%|███       | 6/20 [07:18<15:26, 66.15s/it]                 
Task 6, Epoch 7/20 => Loss 0.143, Train_accy 81.42:  35%|███▌      | 7/20 [07:18<13:27, 62.13s/it]
Task 6, Epoch 8/20 => Loss 0.163, Train_accy 81.44:  35%|███▌      | 7/20 [08:12<13:27, 62.13s/it]
Task 6, Epoch 8/20 => Loss 0.163, Train_accy 81.44:  40%|████      | 8/20 [08:12<11:52, 59.41s/it]
Task 6, Epoch 9/20 => Loss 0.151, Train_accy 82.22:  40%|████      | 8/20 [09:05<11:52, 59.41s/it]
Task 6, Epoch 9/20 => Loss 0.151, Train_accy 82.22:  45%|████▌     | 9/20 [09:05<10:33, 57.63s/it]
Task 6, Epoch 10/20 => Loss 0.135, Train_accy 82.16:  45%|████▌     | 9/20 [09:59<10:33, 57.63s/it]
Task 6, Epoch 10/20 => Loss 0.135, Train_accy 82.16:  50%|█████     | 10/20 [09:59<09:25, 56.54s/it]
Task 6, Epoch 11/20 => Loss 0.142, Train_accy 82.34, Test_accy 91.04:  50%|█████     | 10/20 [11:24<09:25, 56.54s/it]
Task 6, Epoch 11/20 => Loss 0.142, Train_accy 82.34, Test_accy 91.04:  55%|█████▌    | 11/20 [11:24<09:46, 65.14s/it]
Task 6, Epoch 12/20 => Loss 0.160, Train_accy 81.46:  55%|█████▌    | 11/20 [12:18<09:46, 65.14s/it]                 
Task 6, Epoch 12/20 => Loss 0.160, Train_accy 81.46:  60%|██████    | 12/20 [12:18<08:13, 61.65s/it]
Task 6, Epoch 13/20 => Loss 0.149, Train_accy 81.60:  60%|██████    | 12/20 [13:12<08:13, 61.65s/it]
Task 6, Epoch 13/20 => Loss 0.149, Train_accy 81.60:  65%|██████▌   | 13/20 [13:12<06:54, 59.28s/it]
Task 6, Epoch 14/20 => Loss 0.140, Train_accy 82.34:  65%|██████▌   | 13/20 [14:05<06:54, 59.28s/it]
Task 6, Epoch 14/20 => Loss 0.140, Train_accy 82.34:  70%|███████   | 14/20 [14:05<05:45, 57.57s/it]
Task 6, Epoch 15/20 => Loss 0.141, Train_accy 81.52:  70%|███████   | 14/20 [14:59<05:45, 57.57s/it]
Task 6, Epoch 15/20 => Loss 0.141, Train_accy 81.52:  75%|███████▌  | 15/20 [14:59<04:42, 56.40s/it]
Task 6, Epoch 16/20 => Loss 0.154, Train_accy 82.14, Test_accy 90.91:  75%|███████▌  | 15/20 [16:24<04:42, 56.40s/it]
Task 6, Epoch 16/20 => Loss 0.154, Train_accy 82.14, Test_accy 90.91:  80%|████████  | 16/20 [16:24<04:19, 64.89s/it]
Task 6, Epoch 17/20 => Loss 0.144, Train_accy 81.52:  80%|████████  | 16/20 [17:17<04:19, 64.89s/it]                 
Task 6, Epoch 17/20 => Loss 0.144, Train_accy 81.52:  85%|████████▌ | 17/20 [17:17<03:04, 61.52s/it]
Task 6, Epoch 18/20 => Loss 0.131, Train_accy 82.50:  85%|████████▌ | 17/20 [18:11<03:04, 61.52s/it]
Task 6, Epoch 18/20 => Loss 0.131, Train_accy 82.50:  90%|█████████ | 18/20 [18:11<01:58, 59.15s/it]
Task 6, Epoch 19/20 => Loss 0.140, Train_accy 82.40:  90%|█████████ | 18/20 [19:05<01:58, 59.15s/it]
Task 6, Epoch 19/20 => Loss 0.140, Train_accy 82.40:  95%|█████████▌| 19/20 [19:05<00:57, 57.56s/it]
Task 6, Epoch 20/20 => Loss 0.165, Train_accy 82.42:  95%|█████████▌| 19/20 [19:58<00:57, 57.56s/it]
Task 6, Epoch 20/20 => Loss 0.165, Train_accy 82.42: 100%|██████████| 20/20 [19:58<00:00, 56.42s/it]
Task 6, Epoch 20/20 => Loss 0.165, Train_accy 82.42: 100%|██████████| 20/20 [19:58<00:00, 59.95s/it]
2025-07-07 06:49:18,128 [sdlora.py] => Task 6, Epoch 20/20 => Loss 0.165, Train_accy 82.42
2025-07-07 06:49:49,328 [trainer.py] => No NME accuracy.
2025-07-07 06:49:49,328 [trainer.py] => CNN: {'total': 90.8, '00-09': 87.8, '10-19': 87.7, '20-29': 94.9, '30-39': 90.5, '40-49': 90.7, '50-59': 91.3, '60-69': 92.7, 'old': 90.48, 'new': 92.7}
2025-07-07 06:49:49,328 [trainer.py] => CNN top1 curve: [98.6, 95.6, 94.33, 93.9, 92.22, 91.12, 90.8]
2025-07-07 06:49:49,329 [trainer.py] => CNN top5 curve: [100.0, 99.65, 99.53, 99.32, 99.38, 99.18, 99.16]

Average Accuracy (CNN): 93.79571428571428
2025-07-07 06:49:49,329 [trainer.py] => Average Accuracy (CNN): 93.79571428571428 

task 7
2025-07-07 06:49:49,332 [trainer.py] => All params: 172019803
2025-07-07 06:49:49,334 [trainer.py] => Trainable params: 422491
2025-07-07 06:49:49,335 [sdlora.py] => Learning on 70-80
save_file ./CF100/

  0%|          | 0/20 [00:00<?, ?it/s]
Task 7, Epoch 1/20 => Loss 0.576, Train_accy 38.96, Test_accy 88.08:   0%|          | 0/20 [01:34<?, ?it/s]
Task 7, Epoch 1/20 => Loss 0.576, Train_accy 38.96, Test_accy 88.08:   5%|▌         | 1/20 [01:34<29:49, 94.19s/it]
Task 7, Epoch 2/20 => Loss 0.262, Train_accy 64.78:   5%|▌         | 1/20 [02:30<29:49, 94.19s/it]                 
Task 7, Epoch 2/20 => Loss 0.262, Train_accy 64.78:  10%|█         | 2/20 [02:30<21:39, 72.19s/it]
Task 7, Epoch 3/20 => Loss 0.264, Train_accy 64.54:  10%|█         | 2/20 [03:27<21:39, 72.19s/it]
Task 7, Epoch 3/20 => Loss 0.264, Train_accy 64.54:  15%|█▌        | 3/20 [03:27<18:26, 65.12s/it]
Task 7, Epoch 4/20 => Loss 0.242, Train_accy 64.24:  15%|█▌        | 3/20 [04:24<18:26, 65.12s/it]
Task 7, Epoch 4/20 => Loss 0.242, Train_accy 64.24:  20%|██        | 4/20 [04:24<16:29, 61.85s/it]
Task 7, Epoch 5/20 => Loss 0.202, Train_accy 66.88:  20%|██        | 4/20 [05:21<16:29, 61.85s/it]
Task 7, Epoch 5/20 => Loss 0.202, Train_accy 66.88:  25%|██▌       | 5/20 [05:21<14:59, 60.00s/it]
Task 7, Epoch 6/20 => Loss 0.184, Train_accy 68.10, Test_accy 88.64:  25%|██▌       | 5/20 [06:55<14:59, 60.00s/it]
Task 7, Epoch 6/20 => Loss 0.184, Train_accy 68.10, Test_accy 88.64:  30%|███       | 6/20 [06:55<16:41, 71.51s/it]
Task 7, Epoch 7/20 => Loss 0.192, Train_accy 68.28:  30%|███       | 6/20 [07:51<16:41, 71.51s/it]                 
Task 7, Epoch 7/20 => Loss 0.192, Train_accy 68.28:  35%|███▌      | 7/20 [07:51<14:26, 66.64s/it]
Task 7, Epoch 8/20 => Loss 0.189, Train_accy 67.62:  35%|███▌      | 7/20 [08:48<14:26, 66.64s/it]
Task 7, Epoch 8/20 => Loss 0.189, Train_accy 67.62:  40%|████      | 8/20 [08:48<12:41, 63.44s/it]
Task 7, Epoch 9/20 => Loss 0.201, Train_accy 68.70:  40%|████      | 8/20 [09:45<12:41, 63.44s/it]
Task 7, Epoch 9/20 => Loss 0.201, Train_accy 68.70:  45%|████▌     | 9/20 [09:45<11:14, 61.36s/it]
Task 7, Epoch 10/20 => Loss 0.213, Train_accy 67.34:  45%|████▌     | 9/20 [10:41<11:14, 61.36s/it]
Task 7, Epoch 10/20 => Loss 0.213, Train_accy 67.34:  50%|█████     | 10/20 [10:41<09:59, 59.93s/it]
Task 7, Epoch 11/20 => Loss 0.197, Train_accy 67.34, Test_accy 88.76:  50%|█████     | 10/20 [12:15<09:59, 59.93s/it]
Task 7, Epoch 11/20 => Loss 0.197, Train_accy 67.34, Test_accy 88.76:  55%|█████▌    | 11/20 [12:15<10:33, 70.40s/it]
Task 7, Epoch 12/20 => Loss 0.199, Train_accy 67.66:  55%|█████▌    | 11/20 [13:12<10:33, 70.40s/it]                 
Task 7, Epoch 12/20 => Loss 0.199, Train_accy 67.66:  60%|██████    | 12/20 [13:12<08:49, 66.23s/it]
Task 7, Epoch 13/20 => Loss 0.196, Train_accy 67.96:  60%|██████    | 12/20 [14:09<08:49, 66.23s/it]
Task 7, Epoch 13/20 => Loss 0.196, Train_accy 67.96:  65%|██████▌   | 13/20 [14:09<07:23, 63.36s/it]
Task 7, Epoch 14/20 => Loss 0.179, Train_accy 69.36:  65%|██████▌   | 13/20 [15:06<07:23, 63.36s/it]
Task 7, Epoch 14/20 => Loss 0.179, Train_accy 69.36:  70%|███████   | 14/20 [15:06<06:07, 61.33s/it]
Task 7, Epoch 15/20 => Loss 0.181, Train_accy 68.76:  70%|███████   | 14/20 [16:02<06:07, 61.33s/it]
Task 7, Epoch 15/20 => Loss 0.181, Train_accy 68.76:  75%|███████▌  | 15/20 [16:02<04:59, 59.95s/it]
Task 7, Epoch 16/20 => Loss 0.176, Train_accy 67.60, Test_accy 88.91:  75%|███████▌  | 15/20 [17:36<04:59, 59.95s/it]
Task 7, Epoch 16/20 => Loss 0.176, Train_accy 67.60, Test_accy 88.91:  80%|████████  | 16/20 [17:36<04:40, 70.16s/it]
Task 7, Epoch 17/20 => Loss 0.166, Train_accy 68.48:  80%|████████  | 16/20 [18:33<04:40, 70.16s/it]                 
Task 7, Epoch 17/20 => Loss 0.166, Train_accy 68.48:  85%|████████▌ | 17/20 [18:33<03:18, 66.14s/it]
Task 7, Epoch 18/20 => Loss 0.158, Train_accy 69.78:  85%|████████▌ | 17/20 [19:30<03:18, 66.14s/it]
Task 7, Epoch 18/20 => Loss 0.158, Train_accy 69.78:  90%|█████████ | 18/20 [19:30<02:06, 63.30s/it]
Task 7, Epoch 19/20 => Loss 0.178, Train_accy 70.26:  90%|█████████ | 18/20 [20:26<02:06, 63.30s/it]
Task 7, Epoch 19/20 => Loss 0.178, Train_accy 70.26:  95%|█████████▌| 19/20 [20:26<01:01, 61.29s/it]
Task 7, Epoch 20/20 => Loss 0.172, Train_accy 69.28:  95%|█████████▌| 19/20 [21:23<01:01, 61.29s/it]
Task 7, Epoch 20/20 => Loss 0.172, Train_accy 69.28: 100%|██████████| 20/20 [21:23<00:00, 59.93s/it]
Task 7, Epoch 20/20 => Loss 0.172, Train_accy 69.28: 100%|██████████| 20/20 [21:23<00:00, 64.17s/it]
2025-07-07 07:11:15,147 [sdlora.py] => Task 7, Epoch 20/20 => Loss 0.172, Train_accy 69.28
2025-07-07 07:11:52,638 [trainer.py] => No NME accuracy.
2025-07-07 07:11:52,639 [trainer.py] => CNN: {'total': 88.94, '00-09': 87.2, '10-19': 87.3, '20-29': 94.8, '30-39': 90.2, '40-49': 89.3, '50-59': 90.7, '60-69': 91.5, '70-79': 80.5, 'old': 90.14, 'new': 80.5}
2025-07-07 07:11:52,639 [trainer.py] => CNN top1 curve: [98.6, 95.6, 94.33, 93.9, 92.22, 91.12, 90.8, 88.94]
2025-07-07 07:11:52,639 [trainer.py] => CNN top5 curve: [100.0, 99.65, 99.53, 99.32, 99.38, 99.18, 99.16, 99.04]

Average Accuracy (CNN): 93.18875
2025-07-07 07:11:52,639 [trainer.py] => Average Accuracy (CNN): 93.18875 

task 8
2025-07-07 07:11:52,641 [trainer.py] => All params: 172027493
2025-07-07 07:11:52,643 [trainer.py] => Trainable params: 430181
2025-07-07 07:11:52,644 [sdlora.py] => Learning on 80-90
save_file ./CF100/

  0%|          | 0/20 [00:00<?, ?it/s]
Task 8, Epoch 1/20 => Loss 0.575, Train_accy 46.52, Test_accy 87.48:   0%|          | 0/20 [01:44<?, ?it/s]
Task 8, Epoch 1/20 => Loss 0.575, Train_accy 46.52, Test_accy 87.48:   5%|▌         | 1/20 [01:44<32:57, 104.07s/it]
Task 8, Epoch 2/20 => Loss 0.233, Train_accy 75.08:   5%|▌         | 1/20 [02:44<32:57, 104.07s/it]                 
Task 8, Epoch 2/20 => Loss 0.233, Train_accy 75.08:  10%|█         | 2/20 [02:44<23:29, 78.29s/it] 
Task 8, Epoch 3/20 => Loss 0.233, Train_accy 74.76:  10%|█         | 2/20 [03:44<23:29, 78.29s/it]
Task 8, Epoch 3/20 => Loss 0.233, Train_accy 74.76:  15%|█▌        | 3/20 [03:44<19:47, 69.83s/it]
Task 8, Epoch 4/20 => Loss 0.203, Train_accy 75.14:  15%|█▌        | 3/20 [04:43<19:47, 69.83s/it]
Task 8, Epoch 4/20 => Loss 0.203, Train_accy 75.14:  20%|██        | 4/20 [04:43<17:33, 65.83s/it]
Task 8, Epoch 5/20 => Loss 0.195, Train_accy 75.38:  20%|██        | 4/20 [05:43<17:33, 65.83s/it]
Task 8, Epoch 5/20 => Loss 0.195, Train_accy 75.38:  25%|██▌       | 5/20 [05:43<15:54, 63.65s/it]
Task 8, Epoch 6/20 => Loss 0.204, Train_accy 74.68, Test_accy 88.36:  25%|██▌       | 5/20 [07:27<15:54, 63.65s/it]
Task 8, Epoch 6/20 => Loss 0.204, Train_accy 74.68, Test_accy 88.36:  30%|███       | 6/20 [07:27<18:00, 77.18s/it]
Task 8, Epoch 7/20 => Loss 0.195, Train_accy 75.28:  30%|███       | 6/20 [08:26<18:00, 77.18s/it]                 
Task 8, Epoch 7/20 => Loss 0.195, Train_accy 75.28:  35%|███▌      | 7/20 [08:26<15:29, 71.50s/it]
Task 8, Epoch 8/20 => Loss 0.168, Train_accy 76.00:  35%|███▌      | 7/20 [09:26<15:29, 71.50s/it]
Task 8, Epoch 8/20 => Loss 0.168, Train_accy 76.00:  40%|████      | 8/20 [09:26<13:32, 67.72s/it]
Task 8, Epoch 9/20 => Loss 0.196, Train_accy 75.72:  40%|████      | 8/20 [10:26<13:32, 67.72s/it]
Task 8, Epoch 9/20 => Loss 0.196, Train_accy 75.72:  45%|████▌     | 9/20 [10:26<11:57, 65.25s/it]
Task 8, Epoch 10/20 => Loss 0.162, Train_accy 75.32:  45%|████▌     | 9/20 [11:26<11:57, 65.25s/it]
Task 8, Epoch 10/20 => Loss 0.162, Train_accy 75.32:  50%|█████     | 10/20 [11:26<10:36, 63.62s/it]
Task 8, Epoch 11/20 => Loss 0.184, Train_accy 76.00, Test_accy 88.33:  50%|█████     | 10/20 [13:10<10:36, 63.62s/it]
Task 8, Epoch 11/20 => Loss 0.184, Train_accy 76.00, Test_accy 88.33:  55%|█████▌    | 11/20 [13:10<11:23, 75.94s/it]
Task 8, Epoch 12/20 => Loss 0.175, Train_accy 74.66:  55%|█████▌    | 11/20 [14:09<11:23, 75.94s/it]                 
Task 8, Epoch 12/20 => Loss 0.175, Train_accy 74.66:  60%|██████    | 12/20 [14:09<09:28, 71.05s/it]
Task 8, Epoch 13/20 => Loss 0.204, Train_accy 75.20:  60%|██████    | 12/20 [15:09<09:28, 71.05s/it]
Task 8, Epoch 13/20 => Loss 0.204, Train_accy 75.20:  65%|██████▌   | 13/20 [15:09<07:53, 67.64s/it]
Task 8, Epoch 14/20 => Loss 0.179, Train_accy 74.58:  65%|██████▌   | 13/20 [16:09<07:53, 67.64s/it]
Task 8, Epoch 14/20 => Loss 0.179, Train_accy 74.58:  70%|███████   | 14/20 [16:09<06:31, 65.23s/it]
Task 8, Epoch 15/20 => Loss 0.162, Train_accy 75.34:  70%|███████   | 14/20 [17:09<06:31, 65.23s/it]
Task 8, Epoch 15/20 => Loss 0.162, Train_accy 75.34:  75%|███████▌  | 15/20 [17:09<05:18, 63.66s/it]
Task 8, Epoch 16/20 => Loss 0.170, Train_accy 76.12, Test_accy 88.12:  75%|███████▌  | 15/20 [18:52<05:18, 63.66s/it]
Task 8, Epoch 16/20 => Loss 0.170, Train_accy 76.12, Test_accy 88.12:  80%|████████  | 16/20 [18:52<05:02, 75.67s/it]
Task 8, Epoch 17/20 => Loss 0.158, Train_accy 75.20:  80%|████████  | 16/20 [19:52<05:02, 75.67s/it]                 
Task 8, Epoch 17/20 => Loss 0.158, Train_accy 75.20:  85%|████████▌ | 17/20 [19:52<03:32, 70.87s/it]
Task 8, Epoch 18/20 => Loss 0.173, Train_accy 75.86:  85%|████████▌ | 17/20 [20:52<03:32, 70.87s/it]
Task 8, Epoch 18/20 => Loss 0.173, Train_accy 75.86:  90%|█████████ | 18/20 [20:52<02:14, 67.47s/it]
Task 8, Epoch 19/20 => Loss 0.158, Train_accy 76.84:  90%|█████████ | 18/20 [21:52<02:14, 67.47s/it]
Task 8, Epoch 19/20 => Loss 0.158, Train_accy 76.84:  95%|█████████▌| 19/20 [21:52<01:05, 65.20s/it]
Task 8, Epoch 20/20 => Loss 0.161, Train_accy 76.22:  95%|█████████▌| 19/20 [22:52<01:05, 65.20s/it]
Task 8, Epoch 20/20 => Loss 0.161, Train_accy 76.22: 100%|██████████| 20/20 [22:52<00:00, 63.66s/it]
Task 8, Epoch 20/20 => Loss 0.161, Train_accy 76.22: 100%|██████████| 20/20 [22:52<00:00, 68.61s/it]
2025-07-07 07:34:47,998 [sdlora.py] => Task 8, Epoch 20/20 => Loss 0.161, Train_accy 76.22
2025-07-07 07:35:32,308 [trainer.py] => No NME accuracy.
2025-07-07 07:35:32,309 [trainer.py] => CNN: {'total': 87.92, '00-09': 86.8, '10-19': 84.0, '20-29': 94.8, '30-39': 88.1, '40-49': 88.9, '50-59': 89.5, '60-69': 90.7, '70-79': 80.0, '80-89': 88.5, 'old': 87.85, 'new': 88.5}
2025-07-07 07:35:32,309 [trainer.py] => CNN top1 curve: [98.6, 95.6, 94.33, 93.9, 92.22, 91.12, 90.8, 88.94, 87.92]
2025-07-07 07:35:32,309 [trainer.py] => CNN top5 curve: [100.0, 99.65, 99.53, 99.32, 99.38, 99.18, 99.16, 99.04, 98.96]

Average Accuracy (CNN): 92.60333333333332
2025-07-07 07:35:32,309 [trainer.py] => Average Accuracy (CNN): 92.60333333333332 

task 9
2025-07-07 07:35:32,311 [trainer.py] => All params: 172035183
2025-07-07 07:35:32,312 [trainer.py] => Trainable params: 437871
2025-07-07 07:35:32,313 [sdlora.py] => Learning on 90-100
save_file ./CF100/

  0%|          | 0/20 [00:00<?, ?it/s]
Task 9, Epoch 1/20 => Loss 0.631, Train_accy 55.06, Test_accy 87.31:   0%|          | 0/20 [01:53<?, ?it/s]
Task 9, Epoch 1/20 => Loss 0.631, Train_accy 55.06, Test_accy 87.31:   5%|▌         | 1/20 [01:53<36:03, 113.89s/it]
Task 9, Epoch 2/20 => Loss 0.287, Train_accy 76.60:   5%|▌         | 1/20 [02:56<36:03, 113.89s/it]                 
Task 9, Epoch 2/20 => Loss 0.287, Train_accy 76.60:  10%|█         | 2/20 [02:56<25:08, 83.80s/it] 
Task 9, Epoch 3/20 => Loss 0.267, Train_accy 75.80:  10%|█         | 2/20 [03:59<25:08, 83.80s/it]
Task 9, Epoch 3/20 => Loss 0.267, Train_accy 75.80:  15%|█▌        | 3/20 [03:59<21:01, 74.18s/it]
Task 9, Epoch 4/20 => Loss 0.238, Train_accy 75.60:  15%|█▌        | 3/20 [05:02<21:01, 74.18s/it]
Task 9, Epoch 4/20 => Loss 0.238, Train_accy 75.60:  20%|██        | 4/20 [05:02<18:34, 69.66s/it]
Task 9, Epoch 5/20 => Loss 0.220, Train_accy 77.02:  20%|██        | 4/20 [06:04<18:34, 69.66s/it]
Task 9, Epoch 5/20 => Loss 0.220, Train_accy 77.02:  25%|██▌       | 5/20 [06:04<16:47, 67.14s/it]
Task 9, Epoch 6/20 => Loss 0.233, Train_accy 77.12, Test_accy 88.00:  25%|██▌       | 5/20 [07:58<16:47, 67.14s/it]
Task 9, Epoch 6/20 => Loss 0.233, Train_accy 77.12, Test_accy 88.00:  30%|███       | 6/20 [07:58<19:22, 83.05s/it]
Task 9, Epoch 7/20 => Loss 0.233, Train_accy 75.74:  30%|███       | 6/20 [09:01<19:22, 83.05s/it]                 
Task 9, Epoch 7/20 => Loss 0.233, Train_accy 75.74:  35%|███▌      | 7/20 [09:01<16:33, 76.44s/it]
Task 9, Epoch 8/20 => Loss 0.224, Train_accy 77.54:  35%|███▌      | 7/20 [10:04<16:33, 76.44s/it]
Task 9, Epoch 8/20 => Loss 0.224, Train_accy 77.54:  40%|████      | 8/20 [10:04<14:27, 72.29s/it]
Task 9, Epoch 9/20 => Loss 0.238, Train_accy 75.78:  40%|████      | 8/20 [11:07<14:27, 72.29s/it]
Task 9, Epoch 9/20 => Loss 0.238, Train_accy 75.78:  45%|████▌     | 9/20 [11:07<12:42, 69.30s/it]
Task 9, Epoch 10/20 => Loss 0.224, Train_accy 76.28:  45%|████▌     | 9/20 [12:10<12:42, 69.30s/it]
Task 9, Epoch 10/20 => Loss 0.224, Train_accy 76.28:  50%|█████     | 10/20 [12:10<11:12, 67.28s/it]
Task 9, Epoch 11/20 => Loss 0.208, Train_accy 76.60, Test_accy 88.05:  50%|█████     | 10/20 [14:04<11:12, 67.28s/it]
Task 9, Epoch 11/20 => Loss 0.208, Train_accy 76.60, Test_accy 88.05:  55%|█████▌    | 11/20 [14:04<12:13, 81.51s/it]
Task 9, Epoch 12/20 => Loss 0.203, Train_accy 77.30:  55%|█████▌    | 11/20 [15:07<12:13, 81.51s/it]                 
Task 9, Epoch 12/20 => Loss 0.203, Train_accy 77.30:  60%|██████    | 12/20 [15:07<10:06, 75.86s/it]
Task 9, Epoch 13/20 => Loss 0.198, Train_accy 77.08:  60%|██████    | 12/20 [16:09<10:06, 75.86s/it]
Task 9, Epoch 13/20 => Loss 0.198, Train_accy 77.08:  65%|██████▌   | 13/20 [16:09<08:23, 71.90s/it]
Task 9, Epoch 14/20 => Loss 0.210, Train_accy 76.98:  65%|██████▌   | 13/20 [17:12<08:23, 71.90s/it]
Task 9, Epoch 14/20 => Loss 0.210, Train_accy 76.98:  70%|███████   | 14/20 [17:12<06:54, 69.10s/it]
Task 9, Epoch 15/20 => Loss 0.190, Train_accy 77.42:  70%|███████   | 14/20 [18:15<06:54, 69.10s/it]
Task 9, Epoch 15/20 => Loss 0.190, Train_accy 77.42:  75%|███████▌  | 15/20 [18:15<05:35, 67.19s/it]
Task 9, Epoch 16/20 => Loss 0.181, Train_accy 77.74, Test_accy 87.70:  75%|███████▌  | 15/20 [20:09<05:35, 67.19s/it]
Task 9, Epoch 16/20 => Loss 0.181, Train_accy 77.74, Test_accy 87.70:  80%|████████  | 16/20 [20:09<05:24, 81.24s/it]
Task 9, Epoch 17/20 => Loss 0.179, Train_accy 77.38:  80%|████████  | 16/20 [21:12<05:24, 81.24s/it]                 
Task 9, Epoch 17/20 => Loss 0.179, Train_accy 77.38:  85%|████████▌ | 17/20 [21:12<03:47, 75.79s/it]
Task 9, Epoch 18/20 => Loss 0.176, Train_accy 77.46:  85%|████████▌ | 17/20 [22:15<03:47, 75.79s/it]
Task 9, Epoch 18/20 => Loss 0.176, Train_accy 77.46:  90%|█████████ | 18/20 [22:15<02:23, 71.86s/it]
Task 9, Epoch 19/20 => Loss 0.189, Train_accy 76.50:  90%|█████████ | 18/20 [23:17<02:23, 71.86s/it]
Task 9, Epoch 19/20 => Loss 0.189, Train_accy 76.50:  95%|█████████▌| 19/20 [23:17<01:09, 69.12s/it]
Task 9, Epoch 20/20 => Loss 0.173, Train_accy 78.62:  95%|█████████▌| 19/20 [24:20<01:09, 69.12s/it]
Task 9, Epoch 20/20 => Loss 0.173, Train_accy 78.62: 100%|██████████| 20/20 [24:20<00:00, 67.14s/it]
Task 9, Epoch 20/20 => Loss 0.173, Train_accy 78.62: 100%|██████████| 20/20 [24:20<00:00, 73.01s/it]
2025-07-07 07:59:54,644 [sdlora.py] => Task 9, Epoch 20/20 => Loss 0.173, Train_accy 78.62
2025-07-07 08:00:45,728 [trainer.py] => No NME accuracy.
2025-07-07 08:00:45,728 [trainer.py] => CNN: {'total': 87.62, '00-09': 85.8, '10-19': 84.7, '20-29': 94.7, '30-39': 89.5, '40-49': 88.3, '50-59': 88.5, '60-69': 90.1, '70-79': 79.3, '80-89': 88.5, '90-99': 86.8, 'old': 87.71, 'new': 86.8}
2025-07-07 08:00:45,728 [trainer.py] => CNN top1 curve: [98.6, 95.6, 94.33, 93.9, 92.22, 91.12, 90.8, 88.94, 87.92, 87.62]
2025-07-07 08:00:45,728 [trainer.py] => CNN top5 curve: [100.0, 99.65, 99.53, 99.32, 99.38, 99.18, 99.16, 99.04, 98.96, 98.82]

Average Accuracy (CNN): 92.10499999999999
2025-07-07 08:00:45,728 [trainer.py] => Average Accuracy (CNN): 92.10499999999999 

Accuracy Matrix (CNN):
[[98.6 96.7 92.9 93.1 92.5 87.7 87.8 87.2 86.8 85.8]
 [ 0.  94.5 93.3 92.  87.3 88.7 87.7 87.3 84.  84.7]
 [ 0.   0.  96.8 96.4 96.8 95.2 94.9 94.8 94.8 94.7]
 [ 0.   0.   0.  94.1 91.3 91.5 90.5 90.2 88.1 89.5]
 [ 0.   0.   0.   0.  93.2 91.3 90.7 89.3 88.9 88.3]
 [ 0.   0.   0.   0.   0.  92.3 91.3 90.7 89.5 88.5]
 [ 0.   0.   0.   0.   0.   0.  92.7 91.5 90.7 90.1]
 [ 0.   0.   0.   0.   0.   0.   0.  80.5 80.  79.3]
 [ 0.   0.   0.   0.   0.   0.   0.   0.  88.5 88.5]
 [ 0.   0.   0.   0.   0.   0.   0.   0.   0.  86.8]]
2025-07-07 08:00:45,729 [trainer.py] => Forgetting (CNN): 4.644444444444444
seed [1993]
devices_type ['7']
2025-07-07 08:00:48,791 [trainer.py] => config: ./exps/sdlora_cub.json
2025-07-07 08:00:48,792 [trainer.py] => seed: 1993
2025-07-07 08:00:48,792 [trainer.py] => prefix: reproduce
2025-07-07 08:00:48,792 [trainer.py] => dataset: cub
2025-07-07 08:00:48,792 [trainer.py] => memory_size: 0
2025-07-07 08:00:48,792 [trainer.py] => memory_per_class: 0
2025-07-07 08:00:48,792 [trainer.py] => fixed_memory: False
2025-07-07 08:00:48,792 [trainer.py] => shuffle: True
2025-07-07 08:00:48,792 [trainer.py] => init_cls: 20
2025-07-07 08:00:48,792 [trainer.py] => increment: 20
2025-07-07 08:00:48,792 [trainer.py] => model_name: sdlora
2025-07-07 08:00:48,792 [trainer.py] => backbone_type: vit_base_patch16_224
2025-07-07 08:00:48,792 [trainer.py] => device: [device(type='cuda', index=7)]
2025-07-07 08:00:48,792 [trainer.py] => optimizer: adam
2025-07-07 08:00:48,792 [trainer.py] => scheduler: constant
2025-07-07 08:00:48,792 [trainer.py] => filepath: ./cub/
2025-07-07 08:00:48,792 [trainer.py] => init_epoch: 20
2025-07-07 08:00:48,792 [trainer.py] => init_lr: 0.01
2025-07-07 08:00:48,792 [trainer.py] => init_milestones: [10000]
2025-07-07 08:00:48,792 [trainer.py] => init_lr_decay: 0
2025-07-07 08:00:48,792 [trainer.py] => init_weight_decay: 0.0005
2025-07-07 08:00:48,792 [trainer.py] => epochs: 20
2025-07-07 08:00:48,792 [trainer.py] => lrate: 0.01
2025-07-07 08:00:48,792 [trainer.py] => milestones: [10000]
2025-07-07 08:00:48,792 [trainer.py] => lrate_decay: 0
2025-07-07 08:00:48,792 [trainer.py] => batch_size: 128
2025-07-07 08:00:48,792 [trainer.py] => weight_decay: 0.0002
2025-07-07 08:00:48,829 [data_manager.py] => [168, 136, 51, 9, 183, 101, 171, 99, 42, 159, 191, 70, 16, 188, 27, 10, 175, 26, 68, 187, 98, 6, 85, 35, 112, 43, 100, 0, 103, 181, 88, 59, 4, 2, 116, 174, 94, 80, 106, 1, 147, 17, 141, 131, 72, 23, 173, 54, 197, 118, 87, 32, 79, 104, 91, 19, 135, 107, 178, 36, 11, 199, 142, 8, 122, 3, 28, 57, 153, 172, 190, 56, 49, 44, 97, 62, 151, 169, 194, 55, 192, 12, 189, 78, 66, 180, 15, 137, 109, 134, 92, 119, 126, 52, 170, 40, 148, 65, 144, 64, 138, 45, 77, 89, 154, 90, 71, 193, 74, 30, 113, 143, 96, 84, 67, 50, 186, 156, 69, 21, 18, 111, 108, 58, 125, 157, 150, 110, 182, 129, 166, 83, 81, 60, 13, 165, 14, 176, 63, 117, 5, 22, 145, 121, 38, 41, 82, 127, 114, 20, 31, 53, 37, 163, 196, 130, 152, 162, 86, 76, 24, 34, 184, 149, 33, 128, 198, 155, 146, 167, 139, 120, 140, 102, 47, 25, 158, 123, 46, 164, 61, 7, 115, 75, 133, 160, 105, 132, 179, 124, 48, 73, 93, 39, 95, 195, 29, 177, 185, 161]
!!!!!!! multiple_gpus [device(type='cuda', index=7)]
This is for the BaseNet initialization.
save_file ./cub/
Initialize task-id and curtask id
After BaseNet initialization.
task 0
2025-07-07 08:00:51,911 [trainer.py] => All params: 171965973
2025-07-07 08:00:51,912 [trainer.py] => Trainable params: 368661
2025-07-07 08:00:51,912 [sdlora.py] => Learning on 0-20

  0%|          | 0/20 [00:00<?, ?it/s]
Task 0, Epoch 1/20 => Loss 2.823, Train_accy 47.15, Test_accy 91.50:   0%|          | 0/20 [00:09<?, ?it/s]
Task 0, Epoch 1/20 => Loss 2.823, Train_accy 47.15, Test_accy 91.50:   5%|▌         | 1/20 [00:09<02:58,  9.41s/it]
Task 0, Epoch 2/20 => Loss 0.566, Train_accy 87.21:   5%|▌         | 1/20 [00:16<02:58,  9.41s/it]                 
Task 0, Epoch 2/20 => Loss 0.566, Train_accy 87.21:  10%|█         | 2/20 [00:16<02:27,  8.21s/it]
Task 0, Epoch 3/20 => Loss 0.497, Train_accy 90.59:  10%|█         | 2/20 [00:24<02:27,  8.21s/it]
Task 0, Epoch 3/20 => Loss 0.497, Train_accy 90.59:  15%|█▌        | 3/20 [00:24<02:13,  7.84s/it]
Task 0, Epoch 4/20 => Loss 0.331, Train_accy 92.71:  15%|█▌        | 3/20 [00:31<02:13,  7.84s/it]
Task 0, Epoch 4/20 => Loss 0.331, Train_accy 92.71:  20%|██        | 4/20 [00:31<02:03,  7.69s/it]
Task 0, Epoch 5/20 => Loss 0.411, Train_accy 92.49:  20%|██        | 4/20 [00:39<02:03,  7.69s/it]
Task 0, Epoch 5/20 => Loss 0.411, Train_accy 92.49:  25%|██▌       | 5/20 [00:39<01:53,  7.58s/it]
Task 0, Epoch 6/20 => Loss 0.344, Train_accy 93.02, Test_accy 99.60:  25%|██▌       | 5/20 [00:48<01:53,  7.58s/it]
Task 0, Epoch 6/20 => Loss 0.344, Train_accy 93.02, Test_accy 99.60:  30%|███       | 6/20 [00:48<01:53,  8.12s/it]
Task 0, Epoch 7/20 => Loss 0.248, Train_accy 94.08:  30%|███       | 6/20 [00:55<01:53,  8.12s/it]                 
Task 0, Epoch 7/20 => Loss 0.248, Train_accy 94.08:  35%|███▌      | 7/20 [00:55<01:42,  7.88s/it]
Task 0, Epoch 8/20 => Loss 0.247, Train_accy 93.87:  35%|███▌      | 7/20 [01:02<01:42,  7.88s/it]
Task 0, Epoch 8/20 => Loss 0.247, Train_accy 93.87:  40%|████      | 8/20 [01:02<01:32,  7.73s/it]
Task 0, Epoch 9/20 => Loss 0.208, Train_accy 94.19:  40%|████      | 8/20 [01:10<01:32,  7.73s/it]
Task 0, Epoch 9/20 => Loss 0.208, Train_accy 94.19:  45%|████▌     | 9/20 [01:10<01:24,  7.64s/it]
Task 0, Epoch 10/20 => Loss 0.241, Train_accy 93.55:  45%|████▌     | 9/20 [01:17<01:24,  7.64s/it]
Task 0, Epoch 10/20 => Loss 0.241, Train_accy 93.55:  50%|█████     | 10/20 [01:17<01:15,  7.58s/it]
Task 0, Epoch 11/20 => Loss 0.182, Train_accy 94.08, Test_accy 97.57:  50%|█████     | 10/20 [01:27<01:15,  7.58s/it]
Task 0, Epoch 11/20 => Loss 0.182, Train_accy 94.08, Test_accy 97.57:  55%|█████▌    | 11/20 [01:27<01:12,  8.09s/it]
Task 0, Epoch 12/20 => Loss 0.201, Train_accy 95.03:  55%|█████▌    | 11/20 [01:34<01:12,  8.09s/it]                 
Task 0, Epoch 12/20 => Loss 0.201, Train_accy 95.03:  60%|██████    | 12/20 [01:34<01:03,  7.88s/it]
Task 0, Epoch 13/20 => Loss 0.145, Train_accy 95.98:  60%|██████    | 12/20 [01:41<01:03,  7.88s/it]
Task 0, Epoch 13/20 => Loss 0.145, Train_accy 95.98:  65%|██████▌   | 13/20 [01:41<00:54,  7.73s/it]
Task 0, Epoch 14/20 => Loss 0.193, Train_accy 94.71:  65%|██████▌   | 13/20 [01:49<00:54,  7.73s/it]
Task 0, Epoch 14/20 => Loss 0.193, Train_accy 94.71:  70%|███████   | 14/20 [01:49<00:45,  7.65s/it]
Task 0, Epoch 15/20 => Loss 0.188, Train_accy 94.61:  70%|███████   | 14/20 [01:56<00:45,  7.65s/it]
Task 0, Epoch 15/20 => Loss 0.188, Train_accy 94.61:  75%|███████▌  | 15/20 [01:56<00:37,  7.59s/it]
Task 0, Epoch 16/20 => Loss 0.205, Train_accy 93.87, Test_accy 98.79:  75%|███████▌  | 15/20 [02:06<00:37,  7.59s/it]
Task 0, Epoch 16/20 => Loss 0.205, Train_accy 93.87, Test_accy 98.79:  80%|████████  | 16/20 [02:06<00:32,  8.11s/it]
Task 0, Epoch 17/20 => Loss 0.141, Train_accy 95.56:  80%|████████  | 16/20 [02:13<00:32,  8.11s/it]                 
Task 0, Epoch 17/20 => Loss 0.141, Train_accy 95.56:  85%|████████▌ | 17/20 [02:13<00:23,  7.89s/it]
Task 0, Epoch 18/20 => Loss 0.159, Train_accy 95.56:  85%|████████▌ | 17/20 [02:20<00:23,  7.89s/it]
Task 0, Epoch 18/20 => Loss 0.159, Train_accy 95.56:  90%|█████████ | 18/20 [02:20<00:15,  7.75s/it]
Task 0, Epoch 19/20 => Loss 0.209, Train_accy 94.19:  90%|█████████ | 18/20 [02:28<00:15,  7.75s/it]
Task 0, Epoch 19/20 => Loss 0.209, Train_accy 94.19:  95%|█████████▌| 19/20 [02:28<00:07,  7.67s/it]
Task 0, Epoch 20/20 => Loss 0.126, Train_accy 96.09:  95%|█████████▌| 19/20 [02:35<00:07,  7.67s/it]
Task 0, Epoch 20/20 => Loss 0.126, Train_accy 96.09: 100%|██████████| 20/20 [02:35<00:00,  7.60s/it]
Task 0, Epoch 20/20 => Loss 0.126, Train_accy 96.09: 100%|██████████| 20/20 [02:35<00:00,  7.79s/it]
2025-07-07 08:03:28,035 [sdlora.py] => Task 0, Epoch 20/20 => Loss 0.126, Train_accy 96.09
2025-07-07 08:03:29,770 [trainer.py] => No NME accuracy.
2025-07-07 08:03:29,770 [trainer.py] => CNN: {'total': 98.79, '00-19': 98.79, 'old': 0, 'new': 98.79}
2025-07-07 08:03:29,770 [trainer.py] => CNN top1 curve: [98.79]
2025-07-07 08:03:29,770 [trainer.py] => CNN top5 curve: [100.0]

Average Accuracy (CNN): 98.79
2025-07-07 08:03:29,770 [trainer.py] => Average Accuracy (CNN): 98.79 

task 1
2025-07-07 08:03:29,773 [trainer.py] => All params: 171981353
2025-07-07 08:03:29,775 [trainer.py] => Trainable params: 384041
2025-07-07 08:03:29,776 [sdlora.py] => Learning on 20-40
save_file ./cub/

  0%|          | 0/20 [00:00<?, ?it/s]
Task 1, Epoch 1/20 => Loss 1.966, Train_accy 5.71, Test_accy 65.20:   0%|          | 0/20 [00:10<?, ?it/s]
Task 1, Epoch 1/20 => Loss 1.966, Train_accy 5.71, Test_accy 65.20:   5%|▌         | 1/20 [00:10<03:20, 10.54s/it]
Task 1, Epoch 2/20 => Loss 0.417, Train_accy 42.96:   5%|▌         | 1/20 [00:18<03:20, 10.54s/it]                
Task 1, Epoch 2/20 => Loss 0.417, Train_accy 42.96:  10%|█         | 2/20 [00:18<02:42,  9.04s/it]
Task 1, Epoch 3/20 => Loss 0.278, Train_accy 65.93:  10%|█         | 2/20 [00:26<02:42,  9.04s/it]
Task 1, Epoch 3/20 => Loss 0.278, Train_accy 65.93:  15%|█▌        | 3/20 [00:26<02:25,  8.58s/it]
Task 1, Epoch 4/20 => Loss 0.265, Train_accy 77.04:  15%|█▌        | 3/20 [00:34<02:25,  8.58s/it]
Task 1, Epoch 4/20 => Loss 0.265, Train_accy 77.04:  20%|██        | 4/20 [00:34<02:13,  8.36s/it]
Task 1, Epoch 5/20 => Loss 0.232, Train_accy 80.63:  20%|██        | 4/20 [00:42<02:13,  8.36s/it]
Task 1, Epoch 5/20 => Loss 0.232, Train_accy 80.63:  25%|██▌       | 5/20 [00:42<02:03,  8.26s/it]
Task 1, Epoch 6/20 => Loss 0.206, Train_accy 83.60, Test_accy 90.09:  25%|██▌       | 5/20 [00:53<02:03,  8.26s/it]
Task 1, Epoch 6/20 => Loss 0.206, Train_accy 83.60, Test_accy 90.09:  30%|███       | 6/20 [00:53<02:06,  9.06s/it]
Task 1, Epoch 7/20 => Loss 0.249, Train_accy 83.70:  30%|███       | 6/20 [01:01<02:06,  9.06s/it]                 
Task 1, Epoch 7/20 => Loss 0.249, Train_accy 83.70:  35%|███▌      | 7/20 [01:01<01:53,  8.72s/it]
Task 1, Epoch 8/20 => Loss 0.221, Train_accy 83.39:  35%|███▌      | 7/20 [01:09<01:53,  8.72s/it]
Task 1, Epoch 8/20 => Loss 0.221, Train_accy 83.39:  40%|████      | 8/20 [01:09<01:42,  8.50s/it]
Task 1, Epoch 9/20 => Loss 0.217, Train_accy 83.39:  40%|████      | 8/20 [01:17<01:42,  8.50s/it]
Task 1, Epoch 9/20 => Loss 0.217, Train_accy 83.39:  45%|████▌     | 9/20 [01:17<01:32,  8.37s/it]
Task 1, Epoch 10/20 => Loss 0.155, Train_accy 83.28:  45%|████▌     | 9/20 [01:25<01:32,  8.37s/it]
Task 1, Epoch 10/20 => Loss 0.155, Train_accy 83.28:  50%|█████     | 10/20 [01:25<01:22,  8.27s/it]
Task 1, Epoch 11/20 => Loss 0.211, Train_accy 83.70, Test_accy 90.09:  50%|█████     | 10/20 [01:36<01:22,  8.27s/it]
Task 1, Epoch 11/20 => Loss 0.211, Train_accy 83.70, Test_accy 90.09:  55%|█████▌    | 11/20 [01:36<01:20,  8.99s/it]
Task 1, Epoch 12/20 => Loss 0.142, Train_accy 84.87:  55%|█████▌    | 11/20 [01:44<01:20,  8.99s/it]                 
Task 1, Epoch 12/20 => Loss 0.142, Train_accy 84.87:  60%|██████    | 12/20 [01:44<01:09,  8.71s/it]
Task 1, Epoch 13/20 => Loss 0.159, Train_accy 83.81:  60%|██████    | 12/20 [01:52<01:09,  8.71s/it]
Task 1, Epoch 13/20 => Loss 0.159, Train_accy 83.81:  65%|██████▌   | 13/20 [01:52<00:59,  8.52s/it]
Task 1, Epoch 14/20 => Loss 0.128, Train_accy 85.19:  65%|██████▌   | 13/20 [02:00<00:59,  8.52s/it]
Task 1, Epoch 14/20 => Loss 0.128, Train_accy 85.19:  70%|███████   | 14/20 [02:00<00:50,  8.38s/it]
Task 1, Epoch 15/20 => Loss 0.163, Train_accy 83.17:  70%|███████   | 14/20 [02:08<00:50,  8.38s/it]
Task 1, Epoch 15/20 => Loss 0.163, Train_accy 83.17:  75%|███████▌  | 15/20 [02:08<00:41,  8.29s/it]
Task 1, Epoch 16/20 => Loss 0.117, Train_accy 85.08, Test_accy 90.97:  75%|███████▌  | 15/20 [02:18<00:41,  8.29s/it]
Task 1, Epoch 16/20 => Loss 0.117, Train_accy 85.08, Test_accy 90.97:  80%|████████  | 16/20 [02:18<00:35,  8.96s/it]
Task 1, Epoch 17/20 => Loss 0.142, Train_accy 86.46:  80%|████████  | 16/20 [02:26<00:35,  8.96s/it]                 
Task 1, Epoch 17/20 => Loss 0.142, Train_accy 86.46:  85%|████████▌ | 17/20 [02:26<00:26,  8.68s/it]
Task 1, Epoch 18/20 => Loss 0.115, Train_accy 85.93:  85%|████████▌ | 17/20 [02:34<00:26,  8.68s/it]
Task 1, Epoch 18/20 => Loss 0.115, Train_accy 85.93:  90%|█████████ | 18/20 [02:35<00:16,  8.50s/it]
Task 1, Epoch 19/20 => Loss 0.173, Train_accy 83.39:  90%|█████████ | 18/20 [02:43<00:16,  8.50s/it]
Task 1, Epoch 19/20 => Loss 0.173, Train_accy 83.39:  95%|█████████▌| 19/20 [02:43<00:08,  8.36s/it]
Task 1, Epoch 20/20 => Loss 0.120, Train_accy 84.55:  95%|█████████▌| 19/20 [02:51<00:08,  8.36s/it]
Task 1, Epoch 20/20 => Loss 0.120, Train_accy 84.55: 100%|██████████| 20/20 [02:51<00:00,  8.28s/it]
Task 1, Epoch 20/20 => Loss 0.120, Train_accy 84.55: 100%|██████████| 20/20 [02:51<00:00,  8.56s/it]
2025-07-07 08:06:22,488 [sdlora.py] => Task 1, Epoch 20/20 => Loss 0.120, Train_accy 84.55
2025-07-07 08:06:25,119 [trainer.py] => No NME accuracy.
2025-07-07 08:06:25,119 [trainer.py] => CNN: {'total': 92.07, '00-19': 98.38, '20-39': 84.54, 'old': 98.38, 'new': 84.54}
2025-07-07 08:06:25,119 [trainer.py] => CNN top1 curve: [98.79, 92.07]
2025-07-07 08:06:25,119 [trainer.py] => CNN top5 curve: [100.0, 99.56]

Average Accuracy (CNN): 95.43
2025-07-07 08:06:25,120 [trainer.py] => Average Accuracy (CNN): 95.43 

task 2
2025-07-07 08:06:25,122 [trainer.py] => All params: 171996733
2025-07-07 08:06:25,124 [trainer.py] => Trainable params: 399421
2025-07-07 08:06:25,125 [sdlora.py] => Learning on 40-60
save_file ./cub/

  0%|          | 0/20 [00:00<?, ?it/s]
Task 2, Epoch 1/20 => Loss 2.127, Train_accy 4.98, Test_accy 71.43:   0%|          | 0/20 [00:12<?, ?it/s]
Task 2, Epoch 1/20 => Loss 2.127, Train_accy 4.98, Test_accy 71.43:   5%|▌         | 1/20 [00:12<03:52, 12.25s/it]
Task 2, Epoch 2/20 => Loss 0.345, Train_accy 43.69:   5%|▌         | 1/20 [00:20<03:52, 12.25s/it]                
Task 2, Epoch 2/20 => Loss 0.345, Train_accy 43.69:  10%|█         | 2/20 [00:20<03:03, 10.17s/it]
Task 2, Epoch 3/20 => Loss 0.307, Train_accy 65.64:  10%|█         | 2/20 [00:29<03:03, 10.17s/it]
Task 2, Epoch 3/20 => Loss 0.307, Train_accy 65.64:  15%|█▌        | 3/20 [00:29<02:41,  9.52s/it]
Task 2, Epoch 4/20 => Loss 0.237, Train_accy 76.67:  15%|█▌        | 3/20 [00:38<02:41,  9.52s/it]
Task 2, Epoch 4/20 => Loss 0.237, Train_accy 76.67:  20%|██        | 4/20 [00:38<02:27,  9.22s/it]
Task 2, Epoch 5/20 => Loss 0.235, Train_accy 78.79:  20%|██        | 4/20 [00:47<02:27,  9.22s/it]
Task 2, Epoch 5/20 => Loss 0.235, Train_accy 78.79:  25%|██▌       | 5/20 [00:47<02:15,  9.03s/it]
Task 2, Epoch 6/20 => Loss 0.207, Train_accy 79.85, Test_accy 88.99:  25%|██▌       | 5/20 [00:59<02:15,  9.03s/it]
Task 2, Epoch 6/20 => Loss 0.207, Train_accy 79.85, Test_accy 88.99:  30%|███       | 6/20 [00:59<02:21, 10.13s/it]
Task 2, Epoch 7/20 => Loss 0.270, Train_accy 78.90:  30%|███       | 6/20 [01:08<02:21, 10.13s/it]                 
Task 2, Epoch 7/20 => Loss 0.270, Train_accy 78.90:  35%|███▌      | 7/20 [01:08<02:05,  9.68s/it]
Task 2, Epoch 8/20 => Loss 0.185, Train_accy 81.87:  35%|███▌      | 7/20 [01:16<02:05,  9.68s/it]
Task 2, Epoch 8/20 => Loss 0.185, Train_accy 81.87:  40%|████      | 8/20 [01:16<01:52,  9.39s/it]
Task 2, Epoch 9/20 => Loss 0.164, Train_accy 81.65:  40%|████      | 8/20 [01:25<01:52,  9.39s/it]
Task 2, Epoch 9/20 => Loss 0.164, Train_accy 81.65:  45%|████▌     | 9/20 [01:25<01:41,  9.19s/it]
Task 2, Epoch 10/20 => Loss 0.199, Train_accy 81.97:  45%|████▌     | 9/20 [01:34<01:41,  9.19s/it]
Task 2, Epoch 10/20 => Loss 0.199, Train_accy 81.97:  50%|█████     | 10/20 [01:34<01:30,  9.04s/it]
Task 2, Epoch 11/20 => Loss 0.196, Train_accy 80.81, Test_accy 88.39:  50%|█████     | 10/20 [01:46<01:30,  9.04s/it]
Task 2, Epoch 11/20 => Loss 0.196, Train_accy 80.81, Test_accy 88.39:  55%|█████▌    | 11/20 [01:46<01:29,  9.98s/it]
Task 2, Epoch 12/20 => Loss 0.188, Train_accy 81.65:  55%|█████▌    | 11/20 [01:55<01:29,  9.98s/it]                 
Task 2, Epoch 12/20 => Loss 0.188, Train_accy 81.65:  60%|██████    | 12/20 [01:55<01:16,  9.59s/it]
Task 2, Epoch 13/20 => Loss 0.179, Train_accy 81.34:  60%|██████    | 12/20 [02:03<01:16,  9.59s/it]
Task 2, Epoch 13/20 => Loss 0.179, Train_accy 81.34:  65%|██████▌   | 13/20 [02:03<01:05,  9.32s/it]
Task 2, Epoch 14/20 => Loss 0.170, Train_accy 81.12:  65%|██████▌   | 13/20 [02:12<01:05,  9.32s/it]
Task 2, Epoch 14/20 => Loss 0.170, Train_accy 81.12:  70%|███████   | 14/20 [02:12<00:54,  9.15s/it]
Task 2, Epoch 15/20 => Loss 0.154, Train_accy 81.44:  70%|███████   | 14/20 [02:21<00:54,  9.15s/it]
Task 2, Epoch 15/20 => Loss 0.154, Train_accy 81.44:  75%|███████▌  | 15/20 [02:21<00:45,  9.01s/it]
Task 2, Epoch 16/20 => Loss 0.176, Train_accy 81.02, Test_accy 88.84:  75%|███████▌  | 15/20 [02:33<00:45,  9.01s/it]
Task 2, Epoch 16/20 => Loss 0.176, Train_accy 81.02, Test_accy 88.84:  80%|████████  | 16/20 [02:33<00:39,  9.96s/it]
Task 2, Epoch 17/20 => Loss 0.192, Train_accy 80.06:  80%|████████  | 16/20 [02:42<00:39,  9.96s/it]                 
Task 2, Epoch 17/20 => Loss 0.192, Train_accy 80.06:  85%|████████▌ | 17/20 [02:42<00:28,  9.60s/it]
Task 2, Epoch 18/20 => Loss 0.143, Train_accy 81.97:  85%|████████▌ | 17/20 [02:51<00:28,  9.60s/it]
Task 2, Epoch 18/20 => Loss 0.143, Train_accy 81.97:  90%|█████████ | 18/20 [02:51<00:18,  9.35s/it]
Task 2, Epoch 19/20 => Loss 0.173, Train_accy 81.02:  90%|█████████ | 18/20 [02:59<00:18,  9.35s/it]
Task 2, Epoch 19/20 => Loss 0.173, Train_accy 81.02:  95%|█████████▌| 19/20 [02:59<00:09,  9.16s/it]
Task 2, Epoch 20/20 => Loss 0.174, Train_accy 79.64:  95%|█████████▌| 19/20 [03:08<00:09,  9.16s/it]
Task 2, Epoch 20/20 => Loss 0.174, Train_accy 79.64: 100%|██████████| 20/20 [03:08<00:00,  9.02s/it]
Task 2, Epoch 20/20 => Loss 0.174, Train_accy 79.64: 100%|██████████| 20/20 [03:08<00:00,  9.42s/it]
2025-07-07 08:09:35,532 [sdlora.py] => Task 2, Epoch 20/20 => Loss 0.174, Train_accy 79.64
2025-07-07 08:09:39,021 [trainer.py] => No NME accuracy.
2025-07-07 08:09:39,021 [trainer.py] => CNN: {'total': 88.24, '00-19': 97.98, '20-39': 83.57, '40-59': 81.65, 'old': 91.41, 'new': 81.65}
2025-07-07 08:09:39,021 [trainer.py] => CNN top1 curve: [98.79, 92.07, 88.24]
2025-07-07 08:09:39,022 [trainer.py] => CNN top5 curve: [100.0, 99.56, 99.11]

Average Accuracy (CNN): 93.03333333333335
2025-07-07 08:09:39,022 [trainer.py] => Average Accuracy (CNN): 93.03333333333335 

task 3
2025-07-07 08:09:39,026 [trainer.py] => All params: 172012113
2025-07-07 08:09:39,029 [trainer.py] => Trainable params: 414801
2025-07-07 08:09:39,031 [sdlora.py] => Learning on 60-80
save_file ./cub/

  0%|          | 0/20 [00:00<?, ?it/s]
Task 3, Epoch 1/20 => Loss 1.958, Train_accy 4.76, Test_accy 69.64:   0%|          | 0/20 [00:13<?, ?it/s]
Task 3, Epoch 1/20 => Loss 1.958, Train_accy 4.76, Test_accy 69.64:   5%|▌         | 1/20 [00:13<04:23, 13.85s/it]
Task 3, Epoch 2/20 => Loss 0.265, Train_accy 35.10:   5%|▌         | 1/20 [00:23<04:23, 13.85s/it]                
Task 3, Epoch 2/20 => Loss 0.265, Train_accy 35.10:  10%|█         | 2/20 [00:23<03:23, 11.32s/it]
Task 3, Epoch 3/20 => Loss 0.237, Train_accy 63.64:  10%|█         | 2/20 [00:32<03:23, 11.32s/it]
Task 3, Epoch 3/20 => Loss 0.237, Train_accy 63.64:  15%|█▌        | 3/20 [00:32<02:56, 10.41s/it]
Task 3, Epoch 4/20 => Loss 0.201, Train_accy 74.52:  15%|█▌        | 3/20 [00:42<02:56, 10.41s/it]
Task 3, Epoch 4/20 => Loss 0.201, Train_accy 74.52:  20%|██        | 4/20 [00:42<02:39,  9.97s/it]
Task 3, Epoch 5/20 => Loss 0.235, Train_accy 75.37:  20%|██        | 4/20 [00:51<02:39,  9.97s/it]
Task 3, Epoch 5/20 => Loss 0.235, Train_accy 75.37:  25%|██▌       | 5/20 [00:51<02:26,  9.74s/it]
Task 3, Epoch 6/20 => Loss 0.177, Train_accy 77.70, Test_accy 87.05:  25%|██▌       | 5/20 [01:05<02:26,  9.74s/it]
Task 3, Epoch 6/20 => Loss 0.177, Train_accy 77.70, Test_accy 87.05:  30%|███       | 6/20 [01:05<02:35, 11.13s/it]
Task 3, Epoch 7/20 => Loss 0.188, Train_accy 78.54:  30%|███       | 6/20 [01:14<02:35, 11.13s/it]                 
Task 3, Epoch 7/20 => Loss 0.188, Train_accy 78.54:  35%|███▌      | 7/20 [01:14<02:16, 10.52s/it]
Task 3, Epoch 8/20 => Loss 0.225, Train_accy 77.17:  35%|███▌      | 7/20 [01:23<02:16, 10.52s/it]
Task 3, Epoch 8/20 => Loss 0.225, Train_accy 77.17:  40%|████      | 8/20 [01:23<02:01, 10.12s/it]
Task 3, Epoch 9/20 => Loss 0.163, Train_accy 80.23:  40%|████      | 8/20 [01:32<02:01, 10.12s/it]
Task 3, Epoch 9/20 => Loss 0.163, Train_accy 80.23:  45%|████▌     | 9/20 [01:32<01:48,  9.85s/it]
Task 3, Epoch 10/20 => Loss 0.154, Train_accy 80.97:  45%|████▌     | 9/20 [01:42<01:48,  9.85s/it]
Task 3, Epoch 10/20 => Loss 0.154, Train_accy 80.97:  50%|█████     | 10/20 [01:42<01:36,  9.68s/it]
Task 3, Epoch 11/20 => Loss 0.157, Train_accy 81.61, Test_accy 86.72:  50%|█████     | 10/20 [01:56<01:36,  9.68s/it]
Task 3, Epoch 11/20 => Loss 0.157, Train_accy 81.61, Test_accy 86.72:  55%|█████▌    | 11/20 [01:56<01:38, 10.93s/it]
Task 3, Epoch 12/20 => Loss 0.194, Train_accy 80.97:  55%|█████▌    | 11/20 [02:05<01:38, 10.93s/it]                 
Task 3, Epoch 12/20 => Loss 0.194, Train_accy 80.97:  60%|██████    | 12/20 [02:05<01:23, 10.44s/it]
Task 3, Epoch 13/20 => Loss 0.132, Train_accy 81.61:  60%|██████    | 12/20 [02:14<01:23, 10.44s/it]
Task 3, Epoch 13/20 => Loss 0.132, Train_accy 81.61:  65%|██████▌   | 13/20 [02:14<01:10, 10.09s/it]
Task 3, Epoch 14/20 => Loss 0.138, Train_accy 80.66:  65%|██████▌   | 13/20 [02:23<01:10, 10.09s/it]
Task 3, Epoch 14/20 => Loss 0.138, Train_accy 80.66:  70%|███████   | 14/20 [02:23<00:59,  9.85s/it]
Task 3, Epoch 15/20 => Loss 0.185, Train_accy 79.70:  70%|███████   | 14/20 [02:33<00:59,  9.85s/it]
Task 3, Epoch 15/20 => Loss 0.185, Train_accy 79.70:  75%|███████▌  | 15/20 [02:33<00:48,  9.68s/it]
Task 3, Epoch 16/20 => Loss 0.131, Train_accy 78.22, Test_accy 87.27:  75%|███████▌  | 15/20 [02:47<00:48,  9.68s/it]
Task 3, Epoch 16/20 => Loss 0.131, Train_accy 78.22, Test_accy 87.27:  80%|████████  | 16/20 [02:47<00:43, 10.93s/it]
Task 3, Epoch 17/20 => Loss 0.137, Train_accy 80.66:  80%|████████  | 16/20 [02:56<00:43, 10.93s/it]                 
Task 3, Epoch 17/20 => Loss 0.137, Train_accy 80.66:  85%|████████▌ | 17/20 [02:56<00:31, 10.43s/it]
Task 3, Epoch 18/20 => Loss 0.118, Train_accy 79.49:  85%|████████▌ | 17/20 [03:05<00:31, 10.43s/it]
Task 3, Epoch 18/20 => Loss 0.118, Train_accy 79.49:  90%|█████████ | 18/20 [03:05<00:20, 10.08s/it]
Task 3, Epoch 19/20 => Loss 0.125, Train_accy 80.44:  90%|█████████ | 18/20 [03:14<00:20, 10.08s/it]
Task 3, Epoch 19/20 => Loss 0.125, Train_accy 80.44:  95%|█████████▌| 19/20 [03:14<00:09,  9.85s/it]
Task 3, Epoch 20/20 => Loss 0.150, Train_accy 79.18:  95%|█████████▌| 19/20 [03:24<00:09,  9.85s/it]
Task 3, Epoch 20/20 => Loss 0.150, Train_accy 79.18: 100%|██████████| 20/20 [03:24<00:00,  9.68s/it]
Task 3, Epoch 20/20 => Loss 0.150, Train_accy 79.18: 100%|██████████| 20/20 [03:24<00:00, 10.21s/it]
2025-07-07 08:13:05,097 [sdlora.py] => Task 3, Epoch 20/20 => Loss 0.150, Train_accy 79.18
2025-07-07 08:13:09,625 [trainer.py] => No NME accuracy.
2025-07-07 08:13:09,625 [trainer.py] => CNN: {'total': 87.05, '00-19': 95.55, '20-39': 80.19, '40-59': 80.73, '60-79': 89.88, 'old': 86.01, 'new': 89.88}
2025-07-07 08:13:09,626 [trainer.py] => CNN top1 curve: [98.79, 92.07, 88.24, 87.05]
2025-07-07 08:13:09,626 [trainer.py] => CNN top5 curve: [100.0, 99.56, 99.11, 99.35]

Average Accuracy (CNN): 91.53750000000001
2025-07-07 08:13:09,626 [trainer.py] => Average Accuracy (CNN): 91.53750000000001 

task 4
2025-07-07 08:13:09,627 [trainer.py] => All params: 172027493
2025-07-07 08:13:09,629 [trainer.py] => Trainable params: 430181
2025-07-07 08:13:09,630 [sdlora.py] => Learning on 80-100
save_file ./cub/

  0%|          | 0/20 [00:00<?, ?it/s]
Task 4, Epoch 1/20 => Loss 1.713, Train_accy 1.97, Test_accy 71.55:   0%|          | 0/20 [00:15<?, ?it/s]
Task 4, Epoch 1/20 => Loss 1.713, Train_accy 1.97, Test_accy 71.55:   5%|▌         | 1/20 [00:15<04:50, 15.31s/it]
Task 4, Epoch 2/20 => Loss 0.350, Train_accy 25.71:   5%|▌         | 1/20 [00:24<04:50, 15.31s/it]                
Task 4, Epoch 2/20 => Loss 0.350, Train_accy 25.71:  10%|█         | 2/20 [00:24<03:35, 11.95s/it]
Task 4, Epoch 3/20 => Loss 0.315, Train_accy 51.86:  10%|█         | 2/20 [00:34<03:35, 11.95s/it]
Task 4, Epoch 3/20 => Loss 0.315, Train_accy 51.86:  15%|█▌        | 3/20 [00:34<03:04, 10.88s/it]
Task 4, Epoch 4/20 => Loss 0.284, Train_accy 64.77:  15%|█▌        | 3/20 [00:44<03:04, 10.88s/it]
Task 4, Epoch 4/20 => Loss 0.284, Train_accy 64.77:  20%|██        | 4/20 [00:44<02:45, 10.36s/it]
Task 4, Epoch 5/20 => Loss 0.290, Train_accy 70.57:  20%|██        | 4/20 [00:53<02:45, 10.36s/it]
Task 4, Epoch 5/20 => Loss 0.290, Train_accy 70.57:  25%|██▌       | 5/20 [00:53<02:31, 10.08s/it]
Task 4, Epoch 6/20 => Loss 0.294, Train_accy 74.73, Test_accy 83.67:  25%|██▌       | 5/20 [01:08<02:31, 10.08s/it]
Task 4, Epoch 6/20 => Loss 0.294, Train_accy 74.73, Test_accy 83.67:  30%|███       | 6/20 [01:08<02:45, 11.84s/it]
Task 4, Epoch 7/20 => Loss 0.278, Train_accy 77.02:  30%|███       | 6/20 [01:18<02:45, 11.84s/it]                 
Task 4, Epoch 7/20 => Loss 0.278, Train_accy 77.02:  35%|███▌      | 7/20 [01:18<02:24, 11.10s/it]
Task 4, Epoch 8/20 => Loss 0.210, Train_accy 79.65:  35%|███▌      | 7/20 [01:28<02:24, 11.10s/it]
Task 4, Epoch 8/20 => Loss 0.210, Train_accy 79.65:  40%|████      | 8/20 [01:28<02:07, 10.61s/it]
Task 4, Epoch 9/20 => Loss 0.267, Train_accy 78.45:  40%|████      | 8/20 [01:37<02:07, 10.61s/it]
Task 4, Epoch 9/20 => Loss 0.267, Train_accy 78.45:  45%|████▌     | 9/20 [01:37<01:53, 10.29s/it]
Task 4, Epoch 10/20 => Loss 0.276, Train_accy 76.91:  45%|████▌     | 9/20 [01:47<01:53, 10.29s/it]
Task 4, Epoch 10/20 => Loss 0.276, Train_accy 76.91:  50%|█████     | 10/20 [01:47<01:40, 10.07s/it]
Task 4, Epoch 11/20 => Loss 0.228, Train_accy 80.31, Test_accy 83.75:  50%|█████     | 10/20 [02:02<01:40, 10.07s/it]
Task 4, Epoch 11/20 => Loss 0.228, Train_accy 80.31, Test_accy 83.75:  55%|█████▌    | 11/20 [02:02<01:45, 11.70s/it]
Task 4, Epoch 12/20 => Loss 0.199, Train_accy 80.31:  55%|█████▌    | 11/20 [02:12<01:45, 11.70s/it]                 
Task 4, Epoch 12/20 => Loss 0.199, Train_accy 80.31:  60%|██████    | 12/20 [02:12<01:28, 11.06s/it]
Task 4, Epoch 13/20 => Loss 0.166, Train_accy 78.45:  60%|██████    | 12/20 [02:21<01:28, 11.06s/it]
Task 4, Epoch 13/20 => Loss 0.166, Train_accy 78.45:  65%|██████▌   | 13/20 [02:21<01:14, 10.64s/it]
Task 4, Epoch 14/20 => Loss 0.168, Train_accy 77.57:  65%|██████▌   | 13/20 [02:31<01:14, 10.64s/it]
Task 4, Epoch 14/20 => Loss 0.168, Train_accy 77.57:  70%|███████   | 14/20 [02:31<01:01, 10.31s/it]
Task 4, Epoch 15/20 => Loss 0.186, Train_accy 81.29:  70%|███████   | 14/20 [02:40<01:01, 10.31s/it]
Task 4, Epoch 15/20 => Loss 0.186, Train_accy 81.29:  75%|███████▌  | 15/20 [02:40<00:50, 10.07s/it]
Task 4, Epoch 16/20 => Loss 0.156, Train_accy 79.43, Test_accy 83.75:  75%|███████▌  | 15/20 [02:56<00:50, 10.07s/it]
Task 4, Epoch 16/20 => Loss 0.156, Train_accy 79.43, Test_accy 83.75:  80%|████████  | 16/20 [02:56<00:46, 11.65s/it]
Task 4, Epoch 17/20 => Loss 0.167, Train_accy 79.21:  80%|████████  | 16/20 [03:05<00:46, 11.65s/it]                 
Task 4, Epoch 17/20 => Loss 0.167, Train_accy 79.21:  85%|████████▌ | 17/20 [03:05<00:33, 11.03s/it]
Task 4, Epoch 18/20 => Loss 0.160, Train_accy 78.99:  85%|████████▌ | 17/20 [03:15<00:33, 11.03s/it]
Task 4, Epoch 18/20 => Loss 0.160, Train_accy 78.99:  90%|█████████ | 18/20 [03:15<00:21, 10.59s/it]
Task 4, Epoch 19/20 => Loss 0.182, Train_accy 78.12:  90%|█████████ | 18/20 [03:25<00:21, 10.59s/it]
Task 4, Epoch 19/20 => Loss 0.182, Train_accy 78.12:  95%|█████████▌| 19/20 [03:25<00:10, 10.31s/it]
Task 4, Epoch 20/20 => Loss 0.171, Train_accy 80.53:  95%|█████████▌| 19/20 [03:34<00:10, 10.31s/it]
Task 4, Epoch 20/20 => Loss 0.171, Train_accy 80.53: 100%|██████████| 20/20 [03:34<00:00, 10.09s/it]
Task 4, Epoch 20/20 => Loss 0.171, Train_accy 80.53: 100%|██████████| 20/20 [03:34<00:00, 10.73s/it]
2025-07-07 08:16:46,114 [sdlora.py] => Task 4, Epoch 20/20 => Loss 0.171, Train_accy 80.53
2025-07-07 08:16:51,907 [trainer.py] => No NME accuracy.
2025-07-07 08:16:51,907 [trainer.py] => CNN: {'total': 84.43, '00-19': 94.33, '20-39': 74.4, '40-59': 77.06, '60-79': 87.04, '80-99': 86.62, 'old': 83.79, 'new': 86.62}
2025-07-07 08:16:51,907 [trainer.py] => CNN top1 curve: [98.79, 92.07, 88.24, 87.05, 84.43]
2025-07-07 08:16:51,908 [trainer.py] => CNN top5 curve: [100.0, 99.56, 99.11, 99.35, 99.41]

Average Accuracy (CNN): 90.11600000000001
2025-07-07 08:16:51,908 [trainer.py] => Average Accuracy (CNN): 90.11600000000001 

task 5
2025-07-07 08:16:51,911 [trainer.py] => All params: 172042873
2025-07-07 08:16:51,914 [trainer.py] => Trainable params: 445561
2025-07-07 08:16:51,917 [sdlora.py] => Learning on 100-120
save_file ./cub/

  0%|          | 0/20 [00:00<?, ?it/s]
Task 5, Epoch 1/20 => Loss 2.198, Train_accy 0.63, Test_accy 72.81:   0%|          | 0/20 [00:17<?, ?it/s]
Task 5, Epoch 1/20 => Loss 2.198, Train_accy 0.63, Test_accy 72.81:   5%|▌         | 1/20 [00:17<05:31, 17.45s/it]
Task 5, Epoch 2/20 => Loss 0.271, Train_accy 26.47:   5%|▌         | 1/20 [00:27<05:31, 17.45s/it]                
Task 5, Epoch 2/20 => Loss 0.271, Train_accy 26.47:  10%|█         | 2/20 [00:27<04:00, 13.34s/it]
Task 5, Epoch 3/20 => Loss 0.197, Train_accy 50.11:  10%|█         | 2/20 [00:38<04:00, 13.34s/it]
Task 5, Epoch 3/20 => Loss 0.197, Train_accy 50.11:  15%|█▌        | 3/20 [00:38<03:25, 12.06s/it]
Task 5, Epoch 4/20 => Loss 0.196, Train_accy 62.92:  15%|█▌        | 3/20 [00:48<03:25, 12.06s/it]
Task 5, Epoch 4/20 => Loss 0.196, Train_accy 62.92:  20%|██        | 4/20 [00:48<03:03, 11.44s/it]
Task 5, Epoch 5/20 => Loss 0.161, Train_accy 69.33:  20%|██        | 4/20 [00:59<03:03, 11.44s/it]
Task 5, Epoch 5/20 => Loss 0.161, Train_accy 69.33:  25%|██▌       | 5/20 [00:59<02:46, 11.09s/it]
Task 5, Epoch 6/20 => Loss 0.151, Train_accy 74.16, Test_accy 79.87:  25%|██▌       | 5/20 [01:16<02:46, 11.09s/it]
Task 5, Epoch 6/20 => Loss 0.151, Train_accy 74.16, Test_accy 79.87:  30%|███       | 6/20 [01:16<03:05, 13.27s/it]
Task 5, Epoch 7/20 => Loss 0.139, Train_accy 75.21:  30%|███       | 6/20 [01:27<03:05, 13.27s/it]                 
Task 5, Epoch 7/20 => Loss 0.139, Train_accy 75.21:  35%|███▌      | 7/20 [01:27<02:40, 12.37s/it]
Task 5, Epoch 8/20 => Loss 0.149, Train_accy 74.89:  35%|███▌      | 7/20 [01:37<02:40, 12.37s/it]
Task 5, Epoch 8/20 => Loss 0.149, Train_accy 74.89:  40%|████      | 8/20 [01:37<02:21, 11.78s/it]
Task 5, Epoch 9/20 => Loss 0.165, Train_accy 72.90:  40%|████      | 8/20 [01:48<02:21, 11.78s/it]
Task 5, Epoch 9/20 => Loss 0.165, Train_accy 72.90:  45%|████▌     | 9/20 [01:48<02:04, 11.36s/it]
Task 5, Epoch 10/20 => Loss 0.138, Train_accy 75.63:  45%|████▌     | 9/20 [01:58<02:04, 11.36s/it]
Task 5, Epoch 10/20 => Loss 0.138, Train_accy 75.63:  50%|█████     | 10/20 [01:58<01:50, 11.09s/it]
Task 5, Epoch 11/20 => Loss 0.129, Train_accy 77.52, Test_accy 79.80:  50%|█████     | 10/20 [02:16<01:50, 11.09s/it]
Task 5, Epoch 11/20 => Loss 0.129, Train_accy 77.52, Test_accy 79.80:  55%|█████▌    | 11/20 [02:16<01:57, 13.05s/it]
Task 5, Epoch 12/20 => Loss 0.145, Train_accy 75.74:  55%|█████▌    | 11/20 [02:26<01:57, 13.05s/it]                 
Task 5, Epoch 12/20 => Loss 0.145, Train_accy 75.74:  60%|██████    | 12/20 [02:26<01:38, 12.28s/it]
Task 5, Epoch 13/20 => Loss 0.149, Train_accy 72.79:  60%|██████    | 12/20 [02:37<01:38, 12.28s/it]
Task 5, Epoch 13/20 => Loss 0.149, Train_accy 72.79:  65%|██████▌   | 13/20 [02:37<01:22, 11.73s/it]
Task 5, Epoch 14/20 => Loss 0.133, Train_accy 72.37:  65%|██████▌   | 13/20 [02:47<01:22, 11.73s/it]
Task 5, Epoch 14/20 => Loss 0.133, Train_accy 72.37:  70%|███████   | 14/20 [02:47<01:08, 11.39s/it]
Task 5, Epoch 15/20 => Loss 0.120, Train_accy 75.74:  70%|███████   | 14/20 [02:58<01:08, 11.39s/it]
Task 5, Epoch 15/20 => Loss 0.120, Train_accy 75.74:  75%|███████▌  | 15/20 [02:58<00:55, 11.12s/it]
Task 5, Epoch 16/20 => Loss 0.101, Train_accy 74.89, Test_accy 80.37:  75%|███████▌  | 15/20 [03:15<00:55, 11.12s/it]
Task 5, Epoch 16/20 => Loss 0.101, Train_accy 74.89, Test_accy 80.37:  80%|████████  | 16/20 [03:15<00:52, 13.05s/it]
Task 5, Epoch 17/20 => Loss 0.160, Train_accy 73.84:  80%|████████  | 16/20 [03:26<00:52, 13.05s/it]                 
Task 5, Epoch 17/20 => Loss 0.160, Train_accy 73.84:  85%|████████▌ | 17/20 [03:26<00:36, 12.27s/it]
Task 5, Epoch 18/20 => Loss 0.102, Train_accy 75.21:  85%|████████▌ | 17/20 [03:36<00:36, 12.27s/it]
Task 5, Epoch 18/20 => Loss 0.102, Train_accy 75.21:  90%|█████████ | 18/20 [03:36<00:23, 11.72s/it]
Task 5, Epoch 19/20 => Loss 0.120, Train_accy 75.95:  90%|█████████ | 18/20 [03:47<00:23, 11.72s/it]
Task 5, Epoch 19/20 => Loss 0.120, Train_accy 75.95:  95%|█████████▌| 19/20 [03:47<00:11, 11.37s/it]
Task 5, Epoch 20/20 => Loss 0.136, Train_accy 76.68:  95%|█████████▌| 19/20 [03:57<00:11, 11.37s/it]
Task 5, Epoch 20/20 => Loss 0.136, Train_accy 76.68: 100%|██████████| 20/20 [03:57<00:00, 11.12s/it]
Task 5, Epoch 20/20 => Loss 0.136, Train_accy 76.68: 100%|██████████| 20/20 [03:57<00:00, 11.90s/it]
2025-07-07 08:20:51,802 [sdlora.py] => Task 5, Epoch 20/20 => Loss 0.136, Train_accy 76.68
2025-07-07 08:20:58,786 [trainer.py] => No NME accuracy.
2025-07-07 08:20:58,786 [trainer.py] => CNN: {'total': 80.72, '00-19': 95.55, '20-39': 69.57, '40-59': 72.02, '60-79': 82.19, '80-99': 86.25, '100-119': 75.0, 'old': 81.82, 'new': 75.0}
2025-07-07 08:20:58,786 [trainer.py] => CNN top1 curve: [98.79, 92.07, 88.24, 87.05, 84.43, 80.72]
2025-07-07 08:20:58,787 [trainer.py] => CNN top5 curve: [100.0, 99.56, 99.11, 99.35, 99.41, 99.08]

Average Accuracy (CNN): 88.55000000000001
2025-07-07 08:20:58,787 [trainer.py] => Average Accuracy (CNN): 88.55000000000001 

task 6
2025-07-07 08:20:58,791 [trainer.py] => All params: 172058253
2025-07-07 08:20:58,794 [trainer.py] => Trainable params: 460941
2025-07-07 08:20:58,798 [sdlora.py] => Learning on 120-140
save_file ./cub/

  0%|          | 0/20 [00:00<?, ?it/s]
Task 6, Epoch 1/20 => Loss 2.139, Train_accy 0.94, Test_accy 69.53:   0%|          | 0/20 [00:19<?, ?it/s]
Task 6, Epoch 1/20 => Loss 2.139, Train_accy 0.94, Test_accy 69.53:   5%|▌         | 1/20 [00:19<06:11, 19.55s/it]
Task 6, Epoch 2/20 => Loss 0.545, Train_accy 17.09:   5%|▌         | 1/20 [00:30<06:11, 19.55s/it]                
Task 6, Epoch 2/20 => Loss 0.545, Train_accy 17.09:  10%|█         | 2/20 [00:30<04:22, 14.56s/it]
Task 6, Epoch 3/20 => Loss 0.401, Train_accy 41.93:  10%|█         | 2/20 [00:41<04:22, 14.56s/it]
Task 6, Epoch 3/20 => Loss 0.401, Train_accy 41.93:  15%|█▌        | 3/20 [00:41<03:40, 12.99s/it]
Task 6, Epoch 4/20 => Loss 0.312, Train_accy 50.94:  15%|█▌        | 3/20 [00:52<03:40, 12.99s/it]
Task 6, Epoch 4/20 => Loss 0.312, Train_accy 50.94:  20%|██        | 4/20 [00:52<03:15, 12.22s/it]
Task 6, Epoch 5/20 => Loss 0.280, Train_accy 58.70:  20%|██        | 4/20 [01:03<03:15, 12.22s/it]
Task 6, Epoch 5/20 => Loss 0.280, Train_accy 58.70:  25%|██▌       | 5/20 [01:03<02:56, 11.79s/it]
Task 6, Epoch 6/20 => Loss 0.293, Train_accy 57.97, Test_accy 76.05:  25%|██▌       | 5/20 [01:23<02:56, 11.79s/it]
Task 6, Epoch 6/20 => Loss 0.293, Train_accy 57.97, Test_accy 76.05:  30%|███       | 6/20 [01:23<03:20, 14.34s/it]
Task 6, Epoch 7/20 => Loss 0.275, Train_accy 60.48:  30%|███       | 6/20 [01:34<03:20, 14.34s/it]                 
Task 6, Epoch 7/20 => Loss 0.275, Train_accy 60.48:  35%|███▌      | 7/20 [01:34<02:53, 13.33s/it]
Task 6, Epoch 8/20 => Loss 0.298, Train_accy 62.68:  35%|███▌      | 7/20 [01:45<02:53, 13.33s/it]
Task 6, Epoch 8/20 => Loss 0.298, Train_accy 62.68:  40%|████      | 8/20 [01:45<02:31, 12.62s/it]
Task 6, Epoch 9/20 => Loss 0.284, Train_accy 60.38:  40%|████      | 8/20 [01:56<02:31, 12.62s/it]
Task 6, Epoch 9/20 => Loss 0.284, Train_accy 60.38:  45%|████▌     | 9/20 [01:56<02:13, 12.14s/it]
Task 6, Epoch 10/20 => Loss 0.244, Train_accy 63.10:  45%|████▌     | 9/20 [02:07<02:13, 12.14s/it]
Task 6, Epoch 10/20 => Loss 0.244, Train_accy 63.10:  50%|█████     | 10/20 [02:07<01:58, 11.82s/it]
Task 6, Epoch 11/20 => Loss 0.262, Train_accy 61.95, Test_accy 76.97:  50%|█████     | 10/20 [02:26<01:58, 11.82s/it]
Task 6, Epoch 11/20 => Loss 0.262, Train_accy 61.95, Test_accy 76.97:  55%|█████▌    | 11/20 [02:26<02:07, 14.12s/it]
Task 6, Epoch 12/20 => Loss 0.236, Train_accy 60.59:  55%|█████▌    | 11/20 [02:38<02:07, 14.12s/it]                 
Task 6, Epoch 12/20 => Loss 0.236, Train_accy 60.59:  60%|██████    | 12/20 [02:38<01:45, 13.21s/it]
Task 6, Epoch 13/20 => Loss 0.256, Train_accy 64.05:  60%|██████    | 12/20 [02:49<01:45, 13.21s/it]
Task 6, Epoch 13/20 => Loss 0.256, Train_accy 64.05:  65%|██████▌   | 13/20 [02:49<01:28, 12.58s/it]
Task 6, Epoch 14/20 => Loss 0.217, Train_accy 62.26:  65%|██████▌   | 13/20 [03:00<01:28, 12.58s/it]
Task 6, Epoch 14/20 => Loss 0.217, Train_accy 62.26:  70%|███████   | 14/20 [03:00<01:12, 12.13s/it]
Task 6, Epoch 15/20 => Loss 0.265, Train_accy 64.26:  70%|███████   | 14/20 [03:11<01:12, 12.13s/it]
Task 6, Epoch 15/20 => Loss 0.265, Train_accy 64.26:  75%|███████▌  | 15/20 [03:11<00:59, 11.83s/it]
Task 6, Epoch 16/20 => Loss 0.183, Train_accy 65.09, Test_accy 76.90:  75%|███████▌  | 15/20 [03:30<00:59, 11.83s/it]
Task 6, Epoch 16/20 => Loss 0.183, Train_accy 65.09, Test_accy 76.90:  80%|████████  | 16/20 [03:30<00:56, 14.13s/it]
Task 6, Epoch 17/20 => Loss 0.221, Train_accy 64.47:  80%|████████  | 16/20 [03:42<00:56, 14.13s/it]                 
Task 6, Epoch 17/20 => Loss 0.221, Train_accy 64.47:  85%|████████▌ | 17/20 [03:42<00:39, 13.22s/it]
Task 6, Epoch 18/20 => Loss 0.205, Train_accy 64.88:  85%|████████▌ | 17/20 [03:53<00:39, 13.22s/it]
Task 6, Epoch 18/20 => Loss 0.205, Train_accy 64.88:  90%|█████████ | 18/20 [03:53<00:25, 12.58s/it]
Task 6, Epoch 19/20 => Loss 0.229, Train_accy 63.84:  90%|█████████ | 18/20 [04:04<00:25, 12.58s/it]
Task 6, Epoch 19/20 => Loss 0.229, Train_accy 63.84:  95%|█████████▌| 19/20 [04:04<00:12, 12.14s/it]
Task 6, Epoch 20/20 => Loss 0.190, Train_accy 66.46:  95%|█████████▌| 19/20 [04:15<00:12, 12.14s/it]
Task 6, Epoch 20/20 => Loss 0.190, Train_accy 66.46: 100%|██████████| 20/20 [04:15<00:00, 11.85s/it]
Task 6, Epoch 20/20 => Loss 0.190, Train_accy 66.46: 100%|██████████| 20/20 [04:15<00:00, 12.77s/it]
2025-07-07 08:25:16,029 [sdlora.py] => Task 6, Epoch 20/20 => Loss 0.190, Train_accy 66.46
2025-07-07 08:25:24,345 [trainer.py] => No NME accuracy.
2025-07-07 08:25:24,346 [trainer.py] => CNN: {'total': 77.27, '00-19': 95.55, '20-39': 65.7, '40-59': 69.72, '60-79': 80.16, '80-99': 80.67, '100-119': 76.32, '120-139': 68.89, 'old': 78.6, 'new': 68.89}
2025-07-07 08:25:24,346 [trainer.py] => CNN top1 curve: [98.79, 92.07, 88.24, 87.05, 84.43, 80.72, 77.27]
2025-07-07 08:25:24,346 [trainer.py] => CNN top5 curve: [100.0, 99.56, 99.11, 99.35, 99.41, 99.08, 98.48]

Average Accuracy (CNN): 86.93857142857144
2025-07-07 08:25:24,346 [trainer.py] => Average Accuracy (CNN): 86.93857142857144 

task 7
2025-07-07 08:25:24,349 [trainer.py] => All params: 172073633
2025-07-07 08:25:24,351 [trainer.py] => Trainable params: 476321
2025-07-07 08:25:24,353 [sdlora.py] => Learning on 140-160
save_file ./cub/

  0%|          | 0/20 [00:00<?, ?it/s]
Task 7, Epoch 1/20 => Loss 2.098, Train_accy 0.00, Test_accy 67.95:   0%|          | 0/20 [00:21<?, ?it/s]
Task 7, Epoch 1/20 => Loss 2.098, Train_accy 0.00, Test_accy 67.95:   5%|▌         | 1/20 [00:21<06:41, 21.13s/it]
Task 7, Epoch 2/20 => Loss 0.385, Train_accy 13.91:   5%|▌         | 1/20 [00:32<06:41, 21.13s/it]                
Task 7, Epoch 2/20 => Loss 0.385, Train_accy 13.91:  10%|█         | 2/20 [00:32<04:36, 15.36s/it]
Task 7, Epoch 3/20 => Loss 0.290, Train_accy 43.37:  10%|█         | 2/20 [00:43<04:36, 15.36s/it]
Task 7, Epoch 3/20 => Loss 0.290, Train_accy 43.37:  15%|█▌        | 3/20 [00:43<03:49, 13.51s/it]
Task 7, Epoch 4/20 => Loss 0.311, Train_accy 60.98:  15%|█▌        | 3/20 [00:55<03:49, 13.51s/it]
Task 7, Epoch 4/20 => Loss 0.311, Train_accy 60.98:  20%|██        | 4/20 [00:55<03:22, 12.66s/it]
Task 7, Epoch 5/20 => Loss 0.224, Train_accy 70.54:  20%|██        | 4/20 [01:06<03:22, 12.66s/it]
Task 7, Epoch 5/20 => Loss 0.224, Train_accy 70.54:  25%|██▌       | 5/20 [01:06<03:02, 12.19s/it]
Task 7, Epoch 6/20 => Loss 0.226, Train_accy 69.67, Test_accy 75.36:  25%|██▌       | 5/20 [01:27<03:02, 12.19s/it]
Task 7, Epoch 6/20 => Loss 0.226, Train_accy 69.67, Test_accy 75.36:  30%|███       | 6/20 [01:27<03:33, 15.23s/it]
Task 7, Epoch 7/20 => Loss 0.265, Train_accy 72.72:  30%|███       | 6/20 [01:38<03:33, 15.23s/it]                 
Task 7, Epoch 7/20 => Loss 0.265, Train_accy 72.72:  35%|███▌      | 7/20 [01:38<03:01, 13.94s/it]
Task 7, Epoch 8/20 => Loss 0.201, Train_accy 71.74:  35%|███▌      | 7/20 [01:50<03:01, 13.94s/it]
Task 7, Epoch 8/20 => Loss 0.201, Train_accy 71.74:  40%|████      | 8/20 [01:50<02:37, 13.10s/it]
Task 7, Epoch 9/20 => Loss 0.245, Train_accy 71.41:  40%|████      | 8/20 [02:01<02:37, 13.10s/it]
Task 7, Epoch 9/20 => Loss 0.245, Train_accy 71.41:  45%|████▌     | 9/20 [02:01<02:18, 12.60s/it]
Task 7, Epoch 10/20 => Loss 0.179, Train_accy 72.50:  45%|████▌     | 9/20 [02:13<02:18, 12.60s/it]
Task 7, Epoch 10/20 => Loss 0.179, Train_accy 72.50:  50%|█████     | 10/20 [02:13<02:02, 12.22s/it]
Task 7, Epoch 11/20 => Loss 0.239, Train_accy 72.28, Test_accy 75.09:  50%|█████     | 10/20 [02:34<02:02, 12.22s/it]
Task 7, Epoch 11/20 => Loss 0.239, Train_accy 72.28, Test_accy 75.09:  55%|█████▌    | 11/20 [02:34<02:14, 14.96s/it]
Task 7, Epoch 12/20 => Loss 0.207, Train_accy 72.72:  55%|█████▌    | 11/20 [02:45<02:14, 14.96s/it]                 
Task 7, Epoch 12/20 => Loss 0.207, Train_accy 72.72:  60%|██████    | 12/20 [02:45<01:50, 13.86s/it]
Task 7, Epoch 13/20 => Loss 0.160, Train_accy 72.93:  60%|██████    | 12/20 [02:56<01:50, 13.86s/it]
Task 7, Epoch 13/20 => Loss 0.160, Train_accy 72.93:  65%|██████▌   | 13/20 [02:56<01:31, 13.09s/it]
Task 7, Epoch 14/20 => Loss 0.179, Train_accy 70.43:  65%|██████▌   | 13/20 [03:08<01:31, 13.09s/it]
Task 7, Epoch 14/20 => Loss 0.179, Train_accy 70.43:  70%|███████   | 14/20 [03:08<01:15, 12.55s/it]
Task 7, Epoch 15/20 => Loss 0.175, Train_accy 73.37:  70%|███████   | 14/20 [03:19<01:15, 12.55s/it]
Task 7, Epoch 15/20 => Loss 0.175, Train_accy 73.37:  75%|███████▌  | 15/20 [03:19<01:00, 12.17s/it]
Task 7, Epoch 16/20 => Loss 0.163, Train_accy 74.13, Test_accy 75.83:  75%|███████▌  | 15/20 [03:40<01:00, 12.17s/it]
Task 7, Epoch 16/20 => Loss 0.163, Train_accy 74.13, Test_accy 75.83:  80%|████████  | 16/20 [03:40<00:59, 14.92s/it]
Task 7, Epoch 17/20 => Loss 0.108, Train_accy 76.30:  80%|████████  | 16/20 [03:52<00:59, 14.92s/it]                 
Task 7, Epoch 17/20 => Loss 0.108, Train_accy 76.30:  85%|████████▌ | 17/20 [03:52<00:41, 13.88s/it]
Task 7, Epoch 18/20 => Loss 0.149, Train_accy 74.02:  85%|████████▌ | 17/20 [04:03<00:41, 13.88s/it]
Task 7, Epoch 18/20 => Loss 0.149, Train_accy 74.02:  90%|█████████ | 18/20 [04:03<00:26, 13.11s/it]
Task 7, Epoch 19/20 => Loss 0.169, Train_accy 72.39:  90%|█████████ | 18/20 [04:14<00:26, 13.11s/it]
Task 7, Epoch 19/20 => Loss 0.169, Train_accy 72.39:  95%|█████████▌| 19/20 [04:14<00:12, 12.60s/it]
Task 7, Epoch 20/20 => Loss 0.138, Train_accy 72.83:  95%|█████████▌| 19/20 [04:26<00:12, 12.60s/it]
Task 7, Epoch 20/20 => Loss 0.138, Train_accy 72.83: 100%|██████████| 20/20 [04:26<00:00, 12.21s/it]
Task 7, Epoch 20/20 => Loss 0.138, Train_accy 72.83: 100%|██████████| 20/20 [04:26<00:00, 13.31s/it]
2025-07-07 08:29:52,324 [sdlora.py] => Task 7, Epoch 20/20 => Loss 0.138, Train_accy 72.83
2025-07-07 08:30:02,264 [trainer.py] => No NME accuracy.
2025-07-07 08:30:02,264 [trainer.py] => CNN: {'total': 75.78, '00-19': 93.12, '20-39': 66.18, '40-59': 67.89, '60-79': 80.97, '80-99': 75.46, '100-119': 74.12, '120-139': 66.67, '140-159': 78.4, 'old': 75.38, 'new': 78.4}
2025-07-07 08:30:02,264 [trainer.py] => CNN top1 curve: [98.79, 92.07, 88.24, 87.05, 84.43, 80.72, 77.27, 75.78]
2025-07-07 08:30:02,264 [trainer.py] => CNN top5 curve: [100.0, 99.56, 99.11, 99.35, 99.41, 99.08, 98.48, 98.63]

Average Accuracy (CNN): 85.54375
2025-07-07 08:30:02,264 [trainer.py] => Average Accuracy (CNN): 85.54375 

task 8
2025-07-07 08:30:02,267 [trainer.py] => All params: 172089013
2025-07-07 08:30:02,269 [trainer.py] => Trainable params: 491701
2025-07-07 08:30:02,271 [sdlora.py] => Learning on 160-180
save_file ./cub/

  0%|          | 0/20 [00:00<?, ?it/s]
Task 8, Epoch 1/20 => Loss 2.060, Train_accy 0.31, Test_accy 67.95:   0%|          | 0/20 [00:23<?, ?it/s]
Task 8, Epoch 1/20 => Loss 2.060, Train_accy 0.31, Test_accy 67.95:   5%|▌         | 1/20 [00:23<07:29, 23.65s/it]
Task 8, Epoch 2/20 => Loss 0.380, Train_accy 18.37:   5%|▌         | 1/20 [00:35<07:29, 23.65s/it]                
Task 8, Epoch 2/20 => Loss 0.380, Train_accy 18.37:  10%|█         | 2/20 [00:35<05:05, 16.98s/it]
Task 8, Epoch 3/20 => Loss 0.285, Train_accy 39.04:  10%|█         | 2/20 [00:48<05:05, 16.98s/it]
Task 8, Epoch 3/20 => Loss 0.285, Train_accy 39.04:  15%|█▌        | 3/20 [00:48<04:12, 14.86s/it]
Task 8, Epoch 4/20 => Loss 0.230, Train_accy 52.92:  15%|█▌        | 3/20 [01:00<04:12, 14.86s/it]
Task 8, Epoch 4/20 => Loss 0.230, Train_accy 52.92:  20%|██        | 4/20 [01:00<03:41, 13.86s/it]
Task 8, Epoch 5/20 => Loss 0.245, Train_accy 58.77:  20%|██        | 4/20 [01:12<03:41, 13.86s/it]
Task 8, Epoch 5/20 => Loss 0.245, Train_accy 58.77:  25%|██▌       | 5/20 [01:12<03:19, 13.30s/it]
Task 8, Epoch 6/20 => Loss 0.242, Train_accy 63.88, Test_accy 74.39:  25%|██▌       | 5/20 [01:36<03:19, 13.30s/it]
Task 8, Epoch 6/20 => Loss 0.242, Train_accy 63.88, Test_accy 74.39:  30%|███       | 6/20 [01:36<03:55, 16.83s/it]
Task 8, Epoch 7/20 => Loss 0.215, Train_accy 64.72:  30%|███       | 6/20 [01:48<03:55, 16.83s/it]                 
Task 8, Epoch 7/20 => Loss 0.215, Train_accy 64.72:  35%|███▌      | 7/20 [01:48<03:19, 15.35s/it]
Task 8, Epoch 8/20 => Loss 0.192, Train_accy 65.34:  35%|███▌      | 7/20 [02:01<03:19, 15.35s/it]
Task 8, Epoch 8/20 => Loss 0.192, Train_accy 65.34:  40%|████      | 8/20 [02:01<02:52, 14.38s/it]
Task 8, Epoch 9/20 => Loss 0.211, Train_accy 67.43:  40%|████      | 8/20 [02:13<02:52, 14.38s/it]
Task 8, Epoch 9/20 => Loss 0.211, Train_accy 67.43:  45%|████▌     | 9/20 [02:13<02:31, 13.73s/it]
Task 8, Epoch 10/20 => Loss 0.171, Train_accy 66.08:  45%|████▌     | 9/20 [02:25<02:31, 13.73s/it]
Task 8, Epoch 10/20 => Loss 0.171, Train_accy 66.08:  50%|█████     | 10/20 [02:25<02:13, 13.31s/it]
Task 8, Epoch 11/20 => Loss 0.158, Train_accy 65.97, Test_accy 74.62:  50%|█████     | 10/20 [02:49<02:13, 13.31s/it]
Task 8, Epoch 11/20 => Loss 0.158, Train_accy 65.97, Test_accy 74.62:  55%|█████▌    | 11/20 [02:49<02:28, 16.53s/it]
Task 8, Epoch 12/20 => Loss 0.218, Train_accy 64.61:  55%|█████▌    | 11/20 [03:02<02:28, 16.53s/it]                 
Task 8, Epoch 12/20 => Loss 0.218, Train_accy 64.61:  60%|██████    | 12/20 [03:02<02:01, 15.25s/it]
Task 8, Epoch 13/20 => Loss 0.206, Train_accy 64.93:  60%|██████    | 12/20 [03:14<02:01, 15.25s/it]
Task 8, Epoch 13/20 => Loss 0.206, Train_accy 64.93:  65%|██████▌   | 13/20 [03:14<01:40, 14.37s/it]
Task 8, Epoch 14/20 => Loss 0.194, Train_accy 65.24:  65%|██████▌   | 13/20 [03:26<01:40, 14.37s/it]
Task 8, Epoch 14/20 => Loss 0.194, Train_accy 65.24:  70%|███████   | 14/20 [03:26<01:22, 13.75s/it]
Task 8, Epoch 15/20 => Loss 0.167, Train_accy 67.22:  70%|███████   | 14/20 [03:39<01:22, 13.75s/it]
Task 8, Epoch 15/20 => Loss 0.167, Train_accy 67.22:  75%|███████▌  | 15/20 [03:39<01:06, 13.33s/it]
Task 8, Epoch 16/20 => Loss 0.182, Train_accy 65.03, Test_accy 74.53:  75%|███████▌  | 15/20 [04:02<01:06, 13.33s/it]
Task 8, Epoch 16/20 => Loss 0.182, Train_accy 65.03, Test_accy 74.53:  80%|████████  | 16/20 [04:02<01:05, 16.48s/it]
Task 8, Epoch 17/20 => Loss 0.184, Train_accy 63.15:  80%|████████  | 16/20 [04:15<01:05, 16.48s/it]                 
Task 8, Epoch 17/20 => Loss 0.184, Train_accy 63.15:  85%|████████▌ | 17/20 [04:15<00:45, 15.24s/it]
Task 8, Epoch 18/20 => Loss 0.154, Train_accy 65.97:  85%|████████▌ | 17/20 [04:27<00:45, 15.24s/it]
Task 8, Epoch 18/20 => Loss 0.154, Train_accy 65.97:  90%|█████████ | 18/20 [04:27<00:28, 14.36s/it]
Task 8, Epoch 19/20 => Loss 0.155, Train_accy 66.81:  90%|█████████ | 18/20 [04:39<00:28, 14.36s/it]
Task 8, Epoch 19/20 => Loss 0.155, Train_accy 66.81:  95%|█████████▌| 19/20 [04:39<00:13, 13.75s/it]
Task 8, Epoch 20/20 => Loss 0.157, Train_accy 65.14:  95%|█████████▌| 19/20 [04:52<00:13, 13.75s/it]
Task 8, Epoch 20/20 => Loss 0.157, Train_accy 65.14: 100%|██████████| 20/20 [04:52<00:00, 13.33s/it]
Task 8, Epoch 20/20 => Loss 0.157, Train_accy 65.14: 100%|██████████| 20/20 [04:52<00:00, 14.61s/it]
2025-07-07 08:34:56,283 [sdlora.py] => Task 8, Epoch 20/20 => Loss 0.157, Train_accy 65.14
2025-07-07 08:35:07,758 [trainer.py] => No NME accuracy.
2025-07-07 08:35:07,758 [trainer.py] => CNN: {'total': 74.67, '00-19': 92.31, '20-39': 64.73, '40-59': 66.06, '60-79': 79.76, '80-99': 75.46, '100-119': 71.93, '120-139': 65.78, '140-159': 77.6, '160-179': 74.68, 'old': 74.67, 'new': 74.68}
2025-07-07 08:35:07,758 [trainer.py] => CNN top1 curve: [98.79, 92.07, 88.24, 87.05, 84.43, 80.72, 77.27, 75.78, 74.67]
2025-07-07 08:35:07,758 [trainer.py] => CNN top5 curve: [100.0, 99.56, 99.11, 99.35, 99.41, 99.08, 98.48, 98.63, 98.31]

Average Accuracy (CNN): 84.33555555555556
2025-07-07 08:35:07,758 [trainer.py] => Average Accuracy (CNN): 84.33555555555556 

task 9
2025-07-07 08:35:07,762 [trainer.py] => All params: 172104393
2025-07-07 08:35:07,764 [trainer.py] => Trainable params: 507081
2025-07-07 08:35:07,767 [sdlora.py] => Learning on 180-200
save_file ./cub/

  0%|          | 0/20 [00:00<?, ?it/s]
Task 9, Epoch 1/20 => Loss 1.955, Train_accy 0.53, Test_accy 68.19:   0%|          | 0/20 [00:25<?, ?it/s]
Task 9, Epoch 1/20 => Loss 1.955, Train_accy 0.53, Test_accy 68.19:   5%|▌         | 1/20 [00:25<08:10, 25.84s/it]
Task 9, Epoch 2/20 => Loss 0.339, Train_accy 12.50:   5%|▌         | 1/20 [00:38<08:10, 25.84s/it]                
Task 9, Epoch 2/20 => Loss 0.339, Train_accy 12.50:  10%|█         | 2/20 [00:38<05:27, 18.17s/it]
Task 9, Epoch 3/20 => Loss 0.236, Train_accy 41.28:  10%|█         | 2/20 [00:51<05:27, 18.17s/it]
Task 9, Epoch 3/20 => Loss 0.236, Train_accy 41.28:  15%|█▌        | 3/20 [00:51<04:27, 15.75s/it]
Task 9, Epoch 4/20 => Loss 0.213, Train_accy 61.97:  15%|█▌        | 3/20 [01:04<04:27, 15.75s/it]
Task 9, Epoch 4/20 => Loss 0.213, Train_accy 61.97:  20%|██        | 4/20 [01:04<03:53, 14.58s/it]
Task 9, Epoch 5/20 => Loss 0.274, Train_accy 65.97:  20%|██        | 4/20 [01:17<03:53, 14.58s/it]
Task 9, Epoch 5/20 => Loss 0.274, Train_accy 65.97:  25%|██▌       | 5/20 [01:17<03:30, 14.01s/it]
Task 9, Epoch 6/20 => Loss 0.224, Train_accy 70.90, Test_accy 72.09:  25%|██▌       | 5/20 [01:43<03:30, 14.01s/it]
Task 9, Epoch 6/20 => Loss 0.224, Train_accy 70.90, Test_accy 72.09:  30%|███       | 6/20 [01:43<04:13, 18.07s/it]
Task 9, Epoch 7/20 => Loss 0.270, Train_accy 70.48:  30%|███       | 6/20 [01:56<04:13, 18.07s/it]                 
Task 9, Epoch 7/20 => Loss 0.270, Train_accy 70.48:  35%|███▌      | 7/20 [01:56<03:32, 16.35s/it]
Task 9, Epoch 8/20 => Loss 0.202, Train_accy 72.69:  35%|███▌      | 7/20 [02:08<03:32, 16.35s/it]
Task 9, Epoch 8/20 => Loss 0.202, Train_accy 72.69:  40%|████      | 8/20 [02:08<03:02, 15.22s/it]
Task 9, Epoch 9/20 => Loss 0.212, Train_accy 72.37:  40%|████      | 8/20 [02:21<03:02, 15.22s/it]
Task 9, Epoch 9/20 => Loss 0.212, Train_accy 72.37:  45%|████▌     | 9/20 [02:21<02:39, 14.47s/it]
Task 9, Epoch 10/20 => Loss 0.186, Train_accy 73.11:  45%|████▌     | 9/20 [02:34<02:39, 14.47s/it]
Task 9, Epoch 10/20 => Loss 0.186, Train_accy 73.11:  50%|█████     | 10/20 [02:34<02:19, 13.98s/it]
Task 9, Epoch 11/20 => Loss 0.176, Train_accy 72.69, Test_accy 72.09:  50%|█████     | 10/20 [03:00<02:19, 13.98s/it]
Task 9, Epoch 11/20 => Loss 0.176, Train_accy 72.69, Test_accy 72.09:  55%|█████▌    | 11/20 [03:00<02:38, 17.63s/it]
Task 9, Epoch 12/20 => Loss 0.161, Train_accy 71.74:  55%|█████▌    | 11/20 [03:13<02:38, 17.63s/it]                 
Task 9, Epoch 12/20 => Loss 0.161, Train_accy 71.74:  60%|██████    | 12/20 [03:13<02:09, 16.18s/it]
Task 9, Epoch 13/20 => Loss 0.138, Train_accy 71.74:  60%|██████    | 12/20 [03:26<02:09, 16.18s/it]
Task 9, Epoch 13/20 => Loss 0.138, Train_accy 71.74:  65%|██████▌   | 13/20 [03:26<01:46, 15.21s/it]
Task 9, Epoch 14/20 => Loss 0.211, Train_accy 69.12:  65%|██████▌   | 13/20 [03:39<01:46, 15.21s/it]
Task 9, Epoch 14/20 => Loss 0.211, Train_accy 69.12:  70%|███████   | 14/20 [03:39<01:27, 14.51s/it]
Task 9, Epoch 15/20 => Loss 0.177, Train_accy 69.64:  70%|███████   | 14/20 [03:52<01:27, 14.51s/it]
Task 9, Epoch 15/20 => Loss 0.177, Train_accy 69.64:  75%|███████▌  | 15/20 [03:52<01:10, 14.02s/it]
Task 9, Epoch 16/20 => Loss 0.152, Train_accy 72.16, Test_accy 72.31:  75%|███████▌  | 15/20 [04:17<01:10, 14.02s/it]
Task 9, Epoch 16/20 => Loss 0.152, Train_accy 72.16, Test_accy 72.31:  80%|████████  | 16/20 [04:17<01:10, 17.59s/it]
Task 9, Epoch 17/20 => Loss 0.175, Train_accy 72.37:  80%|████████  | 16/20 [04:30<01:10, 17.59s/it]                 
Task 9, Epoch 17/20 => Loss 0.175, Train_accy 72.37:  85%|████████▌ | 17/20 [04:30<00:48, 16.18s/it]
Task 9, Epoch 18/20 => Loss 0.185, Train_accy 72.58:  85%|████████▌ | 17/20 [04:43<00:48, 16.18s/it]
Task 9, Epoch 18/20 => Loss 0.185, Train_accy 72.58:  90%|█████████ | 18/20 [04:43<00:30, 15.17s/it]
Task 9, Epoch 19/20 => Loss 0.168, Train_accy 69.54:  90%|█████████ | 18/20 [04:56<00:30, 15.17s/it]
Task 9, Epoch 19/20 => Loss 0.168, Train_accy 69.54:  95%|█████████▌| 19/20 [04:56<00:14, 14.49s/it]
Task 9, Epoch 20/20 => Loss 0.136, Train_accy 73.11:  95%|█████████▌| 19/20 [05:09<00:14, 14.49s/it]
Task 9, Epoch 20/20 => Loss 0.136, Train_accy 73.11: 100%|██████████| 20/20 [05:09<00:00, 14.02s/it]
Task 9, Epoch 20/20 => Loss 0.136, Train_accy 73.11: 100%|██████████| 20/20 [05:09<00:00, 15.48s/it]
2025-07-07 08:40:18,847 [sdlora.py] => Task 9, Epoch 20/20 => Loss 0.136, Train_accy 73.11
2025-07-07 08:40:31,989 [trainer.py] => No NME accuracy.
2025-07-07 08:40:31,989 [trainer.py] => CNN: {'total': 72.69, '00-19': 89.88, '20-39': 57.49, '40-59': 67.43, '60-79': 74.49, '80-99': 72.86, '100-119': 71.49, '120-139': 63.11, '140-159': 77.6, '160-179': 75.11, '180-199': 73.48, 'old': 72.6, 'new': 73.48}
2025-07-07 08:40:31,990 [trainer.py] => CNN top1 curve: [98.79, 92.07, 88.24, 87.05, 84.43, 80.72, 77.27, 75.78, 74.67, 72.69]
2025-07-07 08:40:31,990 [trainer.py] => CNN top5 curve: [100.0, 99.56, 99.11, 99.35, 99.41, 99.08, 98.48, 98.63, 98.31, 97.5]

Average Accuracy (CNN): 83.171
2025-07-07 08:40:31,990 [trainer.py] => Average Accuracy (CNN): 83.171 

Accuracy Matrix (CNN):
[[98.79 98.38 97.98 95.55 94.33 95.55 95.55 93.12 92.31 89.88]
 [ 0.   84.54 83.57 80.19 74.4  75.   76.32 74.12 71.93 71.49]
 [ 0.    0.   81.65 80.73 77.06 69.57 68.89 66.67 65.78 63.11]
 [ 0.    0.    0.   89.88 87.04 72.02 65.7  78.4  77.6  77.6 ]
 [ 0.    0.    0.    0.   86.62 82.19 69.72 66.18 74.68 75.11]
 [ 0.    0.    0.    0.    0.   86.25 80.16 67.89 64.73 73.48]
 [ 0.    0.    0.    0.    0.    0.   80.67 80.97 66.06 57.49]
 [ 0.    0.    0.    0.    0.    0.    0.   75.46 79.76 67.43]
 [ 0.    0.    0.    0.    0.    0.    0.    0.   75.46 74.49]
 [ 0.    0.    0.    0.    0.    0.    0.    0.    0.   72.86]]
2025-07-07 08:40:31,992 [trainer.py] => Forgetting (CNN): 12.648888888888893
seed [1993]
devices_type ['1']
2025-07-08 08:08:04,141 [trainer.py] => config: ./exps/sdlora_inr.json
2025-07-08 08:08:04,141 [trainer.py] => seed: 1993
2025-07-08 08:08:04,141 [trainer.py] => prefix: reproduce
2025-07-08 08:08:04,141 [trainer.py] => dataset: imagenetr
2025-07-08 08:08:04,141 [trainer.py] => memory_size: 0
2025-07-08 08:08:04,141 [trainer.py] => memory_per_class: 0
2025-07-08 08:08:04,141 [trainer.py] => fixed_memory: False
2025-07-08 08:08:04,141 [trainer.py] => shuffle: True
2025-07-08 08:08:04,141 [trainer.py] => init_cls: 40
2025-07-08 08:08:04,141 [trainer.py] => increment: 40
2025-07-08 08:08:04,141 [trainer.py] => model_name: sdlora
2025-07-08 08:08:04,141 [trainer.py] => backbone_type: vit_base_patch16_224
2025-07-08 08:08:04,141 [trainer.py] => device: [device(type='cuda', index=1)]
2025-07-08 08:08:04,141 [trainer.py] => optimizer: adam
2025-07-08 08:08:04,141 [trainer.py] => scheduler: constant
2025-07-08 08:08:04,141 [trainer.py] => filepath: ./ImageNetR/
2025-07-08 08:08:04,141 [trainer.py] => init_epoch: 20
2025-07-08 08:08:04,141 [trainer.py] => init_lr: 0.01
2025-07-08 08:08:04,141 [trainer.py] => init_milestones: [10000]
2025-07-08 08:08:04,141 [trainer.py] => init_lr_decay: 0
2025-07-08 08:08:04,141 [trainer.py] => init_weight_decay: 0.0005
2025-07-08 08:08:04,142 [trainer.py] => epochs: 20
2025-07-08 08:08:04,142 [trainer.py] => lrate: 0.01
2025-07-08 08:08:04,142 [trainer.py] => milestones: [10000]
2025-07-08 08:08:04,142 [trainer.py] => lrate_decay: 0
2025-07-08 08:08:04,142 [trainer.py] => batch_size: 128
2025-07-08 08:08:04,142 [trainer.py] => weight_decay: 0.0002
2025-07-08 08:08:04,224 [data_manager.py] => [168, 136, 51, 9, 183, 101, 171, 99, 42, 159, 191, 70, 16, 188, 27, 10, 175, 26, 68, 187, 98, 6, 85, 35, 112, 43, 100, 0, 103, 181, 88, 59, 4, 2, 116, 174, 94, 80, 106, 1, 147, 17, 141, 131, 72, 23, 173, 54, 197, 118, 87, 32, 79, 104, 91, 19, 135, 107, 178, 36, 11, 199, 142, 8, 122, 3, 28, 57, 153, 172, 190, 56, 49, 44, 97, 62, 151, 169, 194, 55, 192, 12, 189, 78, 66, 180, 15, 137, 109, 134, 92, 119, 126, 52, 170, 40, 148, 65, 144, 64, 138, 45, 77, 89, 154, 90, 71, 193, 74, 30, 113, 143, 96, 84, 67, 50, 186, 156, 69, 21, 18, 111, 108, 58, 125, 157, 150, 110, 182, 129, 166, 83, 81, 60, 13, 165, 14, 176, 63, 117, 5, 22, 145, 121, 38, 41, 82, 127, 114, 20, 31, 53, 37, 163, 196, 130, 152, 162, 86, 76, 24, 34, 184, 149, 33, 128, 198, 155, 146, 167, 139, 120, 140, 102, 47, 25, 158, 123, 46, 164, 61, 7, 115, 75, 133, 160, 105, 132, 179, 124, 48, 73, 93, 39, 95, 195, 29, 177, 185, 161]
!!!!!!! multiple_gpus [device(type='cuda', index=1)]
This is for the BaseNet initialization.
save_file ./ImageNetR/
Initialize task-id and curtask id
After BaseNet initialization.
task 0
2025-07-08 08:08:07,102 [trainer.py] => All params: 171965973
2025-07-08 08:08:07,103 [trainer.py] => Trainable params: 368661
2025-07-08 08:08:07,104 [sdlora.py] => Learning on 0-40

  0%|          | 0/20 [00:00<?, ?it/s]
Task 0, Epoch 1/20 => Loss 2.592, Train_accy 55.46, Test_accy 79.26:   0%|          | 0/20 [00:43<?, ?it/s]
Task 0, Epoch 1/20 => Loss 2.592, Train_accy 55.46, Test_accy 79.26:   5%|▌         | 1/20 [00:43<13:46, 43.49s/it]
Task 0, Epoch 2/20 => Loss 1.094, Train_accy 77.04:   5%|▌         | 1/20 [01:22<13:46, 43.49s/it]                 
Task 0, Epoch 2/20 => Loss 1.094, Train_accy 77.04:  10%|█         | 2/20 [01:22<12:10, 40.59s/it]
Task 0, Epoch 3/20 => Loss 0.709, Train_accy 81.40:  10%|█         | 2/20 [02:00<12:10, 40.59s/it]
Task 0, Epoch 3/20 => Loss 0.709, Train_accy 81.40:  15%|█▌        | 3/20 [02:00<11:13, 39.60s/it]
Task 0, Epoch 4/20 => Loss 0.559, Train_accy 85.31:  15%|█▌        | 3/20 [02:38<11:13, 39.60s/it]
Task 0, Epoch 4/20 => Loss 0.559, Train_accy 85.31:  20%|██        | 4/20 [02:38<10:26, 39.16s/it]
Task 0, Epoch 5/20 => Loss 0.549, Train_accy 85.31:  20%|██        | 4/20 [03:17<10:26, 39.16s/it]
Task 0, Epoch 5/20 => Loss 0.549, Train_accy 85.31:  25%|██▌       | 5/20 [03:17<09:43, 38.91s/it]
Task 0, Epoch 6/20 => Loss 0.461, Train_accy 87.38, Test_accy 88.95:  25%|██▌       | 5/20 [04:00<09:43, 38.91s/it]
Task 0, Epoch 6/20 => Loss 0.461, Train_accy 87.38, Test_accy 88.95:  30%|███       | 6/20 [04:00<09:26, 40.47s/it]
Task 0, Epoch 7/20 => Loss 0.443, Train_accy 88.22:  30%|███       | 6/20 [04:39<09:26, 40.47s/it]                 
Task 0, Epoch 7/20 => Loss 0.443, Train_accy 88.22:  35%|███▌      | 7/20 [04:39<08:37, 39.80s/it]
Task 0, Epoch 8/20 => Loss 0.433, Train_accy 88.30:  35%|███▌      | 7/20 [05:17<08:37, 39.80s/it]
Task 0, Epoch 8/20 => Loss 0.433, Train_accy 88.30:  40%|████      | 8/20 [05:17<07:52, 39.36s/it]
Task 0, Epoch 9/20 => Loss 0.435, Train_accy 88.20:  40%|████      | 8/20 [05:56<07:52, 39.36s/it]
Task 0, Epoch 9/20 => Loss 0.435, Train_accy 88.20:  45%|████▌     | 9/20 [05:56<07:10, 39.14s/it]
Task 0, Epoch 10/20 => Loss 0.407, Train_accy 89.00:  45%|████▌     | 9/20 [06:34<07:10, 39.14s/it]
Task 0, Epoch 10/20 => Loss 0.407, Train_accy 89.00:  50%|█████     | 10/20 [06:34<06:29, 38.93s/it]
Task 0, Epoch 11/20 => Loss 0.421, Train_accy 88.35, Test_accy 88.19:  50%|█████     | 10/20 [07:18<06:29, 38.93s/it]
Task 0, Epoch 11/20 => Loss 0.421, Train_accy 88.35, Test_accy 88.19:  55%|█████▌    | 11/20 [07:18<06:02, 40.33s/it]
Task 0, Epoch 12/20 => Loss 0.378, Train_accy 89.84:  55%|█████▌    | 11/20 [07:56<06:02, 40.33s/it]                 
Task 0, Epoch 12/20 => Loss 0.378, Train_accy 89.84:  60%|██████    | 12/20 [07:56<05:17, 39.74s/it]
Task 0, Epoch 13/20 => Loss 0.351, Train_accy 90.18:  60%|██████    | 12/20 [08:35<05:17, 39.74s/it]
Task 0, Epoch 13/20 => Loss 0.351, Train_accy 90.18:  65%|██████▌   | 13/20 [08:35<04:35, 39.34s/it]
Task 0, Epoch 14/20 => Loss 0.352, Train_accy 90.09:  65%|██████▌   | 13/20 [09:13<04:35, 39.34s/it]
Task 0, Epoch 14/20 => Loss 0.352, Train_accy 90.09:  70%|███████   | 14/20 [09:13<03:54, 39.13s/it]
Task 0, Epoch 15/20 => Loss 0.346, Train_accy 90.22:  70%|███████   | 14/20 [09:52<03:54, 39.13s/it]
Task 0, Epoch 15/20 => Loss 0.346, Train_accy 90.22:  75%|███████▌  | 15/20 [09:52<03:15, 39.01s/it]
Task 0, Epoch 16/20 => Loss 0.332, Train_accy 90.96, Test_accy 89.70:  75%|███████▌  | 15/20 [10:36<03:15, 39.01s/it]
Task 0, Epoch 16/20 => Loss 0.332, Train_accy 90.96, Test_accy 89.70:  80%|████████  | 16/20 [10:36<02:41, 40.36s/it]
Task 0, Epoch 17/20 => Loss 0.334, Train_accy 90.96:  80%|████████  | 16/20 [11:14<02:41, 40.36s/it]                 
Task 0, Epoch 17/20 => Loss 0.334, Train_accy 90.96:  85%|████████▌ | 17/20 [11:14<01:59, 39.77s/it]
Task 0, Epoch 18/20 => Loss 0.298, Train_accy 91.76:  85%|████████▌ | 17/20 [11:52<01:59, 39.77s/it]
Task 0, Epoch 18/20 => Loss 0.298, Train_accy 91.76:  90%|█████████ | 18/20 [11:52<01:18, 39.39s/it]
Task 0, Epoch 19/20 => Loss 0.302, Train_accy 91.82:  90%|█████████ | 18/20 [12:31<01:18, 39.39s/it]
Task 0, Epoch 19/20 => Loss 0.302, Train_accy 91.82:  95%|█████████▌| 19/20 [12:31<00:39, 39.07s/it]
Task 0, Epoch 20/20 => Loss 0.315, Train_accy 91.52:  95%|█████████▌| 19/20 [13:09<00:39, 39.07s/it]
Task 0, Epoch 20/20 => Loss 0.315, Train_accy 91.52: 100%|██████████| 20/20 [13:09<00:00, 38.84s/it]
Task 0, Epoch 20/20 => Loss 0.315, Train_accy 91.52: 100%|██████████| 20/20 [13:09<00:00, 39.48s/it]
2025-07-08 08:21:17,000 [sdlora.py] => Task 0, Epoch 20/20 => Loss 0.315, Train_accy 91.52
2025-07-08 08:21:21,967 [trainer.py] => No NME accuracy.
2025-07-08 08:21:21,967 [trainer.py] => CNN: {'total': 89.48, '00-39': 89.48, 'old': 0, 'new': 89.48}
2025-07-08 08:21:21,967 [trainer.py] => CNN top1 curve: [89.48]
2025-07-08 08:21:21,967 [trainer.py] => CNN top5 curve: [97.8]

Average Accuracy (CNN): 89.48
2025-07-08 08:21:21,967 [trainer.py] => Average Accuracy (CNN): 89.48 

task 1
2025-07-08 08:21:21,970 [trainer.py] => All params: 171996733
2025-07-08 08:21:21,971 [trainer.py] => Trainable params: 399421
2025-07-08 08:21:21,973 [sdlora.py] => Learning on 40-80
save_file ./ImageNetR/

  0%|          | 0/20 [00:00<?, ?it/s]
Task 1, Epoch 1/20 => Loss 2.261, Train_accy 42.41, Test_accy 80.26:   0%|          | 0/20 [00:45<?, ?it/s]
Task 1, Epoch 1/20 => Loss 2.261, Train_accy 42.41, Test_accy 80.26:   5%|▌         | 1/20 [00:45<14:15, 45.04s/it]
Task 1, Epoch 2/20 => Loss 0.853, Train_accy 73.94:   5%|▌         | 1/20 [01:21<14:15, 45.04s/it]                 
Task 1, Epoch 2/20 => Loss 0.853, Train_accy 73.94:  10%|█         | 2/20 [01:21<11:56, 39.82s/it]
Task 1, Epoch 3/20 => Loss 0.724, Train_accy 76.01:  10%|█         | 2/20 [01:57<11:56, 39.82s/it]
Task 1, Epoch 3/20 => Loss 0.724, Train_accy 76.01:  15%|█▌        | 3/20 [01:57<10:48, 38.16s/it]
Task 1, Epoch 4/20 => Loss 0.625, Train_accy 78.08:  15%|█▌        | 3/20 [02:33<10:48, 38.16s/it]
Task 1, Epoch 4/20 => Loss 0.625, Train_accy 78.08:  20%|██        | 4/20 [02:33<09:57, 37.35s/it]
Task 1, Epoch 5/20 => Loss 0.582, Train_accy 78.90:  20%|██        | 4/20 [03:09<09:57, 37.35s/it]
Task 1, Epoch 5/20 => Loss 0.582, Train_accy 78.90:  25%|██▌       | 5/20 [03:09<09:13, 36.90s/it]
Task 1, Epoch 6/20 => Loss 0.571, Train_accy 79.14, Test_accy 83.83:  25%|██▌       | 5/20 [03:54<09:13, 36.90s/it]
Task 1, Epoch 6/20 => Loss 0.571, Train_accy 79.14, Test_accy 83.83:  30%|███       | 6/20 [03:54<09:16, 39.71s/it]
Task 1, Epoch 7/20 => Loss 0.505, Train_accy 81.30:  30%|███       | 6/20 [04:31<09:16, 39.71s/it]                 
Task 1, Epoch 7/20 => Loss 0.505, Train_accy 81.30:  35%|███▌      | 7/20 [04:31<08:21, 38.60s/it]
Task 1, Epoch 8/20 => Loss 0.467, Train_accy 82.23:  35%|███▌      | 7/20 [05:07<08:21, 38.60s/it]
Task 1, Epoch 8/20 => Loss 0.467, Train_accy 82.23:  40%|████      | 8/20 [05:07<07:34, 37.89s/it]
Task 1, Epoch 9/20 => Loss 0.443, Train_accy 83.43:  40%|████      | 8/20 [05:43<07:34, 37.89s/it]
Task 1, Epoch 9/20 => Loss 0.443, Train_accy 83.43:  45%|████▌     | 9/20 [05:43<06:51, 37.36s/it]
Task 1, Epoch 10/20 => Loss 0.438, Train_accy 83.33:  45%|████▌     | 9/20 [06:19<06:51, 37.36s/it]
Task 1, Epoch 10/20 => Loss 0.438, Train_accy 83.33:  50%|█████     | 10/20 [06:19<06:09, 36.97s/it]
Task 1, Epoch 11/20 => Loss 0.426, Train_accy 82.98, Test_accy 84.31:  50%|█████     | 10/20 [07:04<06:09, 36.97s/it]
Task 1, Epoch 11/20 => Loss 0.426, Train_accy 82.98, Test_accy 84.31:  55%|█████▌    | 11/20 [07:04<05:55, 39.46s/it]
Task 1, Epoch 12/20 => Loss 0.416, Train_accy 83.80:  55%|█████▌    | 11/20 [07:41<05:55, 39.46s/it]                 
Task 1, Epoch 12/20 => Loss 0.416, Train_accy 83.80:  60%|██████    | 12/20 [07:41<05:07, 38.47s/it]
Task 1, Epoch 13/20 => Loss 0.386, Train_accy 84.36:  60%|██████    | 12/20 [08:17<05:07, 38.47s/it]
Task 1, Epoch 13/20 => Loss 0.386, Train_accy 84.36:  65%|██████▌   | 13/20 [08:17<04:23, 37.71s/it]
Task 1, Epoch 14/20 => Loss 0.416, Train_accy 84.40:  65%|██████▌   | 13/20 [08:53<04:23, 37.71s/it]
Task 1, Epoch 14/20 => Loss 0.416, Train_accy 84.40:  70%|███████   | 14/20 [08:53<03:43, 37.21s/it]
Task 1, Epoch 15/20 => Loss 0.369, Train_accy 85.44:  70%|███████   | 14/20 [09:29<03:43, 37.21s/it]
Task 1, Epoch 15/20 => Loss 0.369, Train_accy 85.44:  75%|███████▌  | 15/20 [09:29<03:04, 36.86s/it]
Task 1, Epoch 16/20 => Loss 0.349, Train_accy 86.24, Test_accy 84.19:  75%|███████▌  | 15/20 [10:14<03:04, 36.86s/it]
Task 1, Epoch 16/20 => Loss 0.349, Train_accy 86.24, Test_accy 84.19:  80%|████████  | 16/20 [10:14<02:37, 39.37s/it]
Task 1, Epoch 17/20 => Loss 0.370, Train_accy 85.59:  80%|████████  | 16/20 [10:50<02:37, 39.37s/it]                 
Task 1, Epoch 17/20 => Loss 0.370, Train_accy 85.59:  85%|████████▌ | 17/20 [10:50<01:55, 38.45s/it]
Task 1, Epoch 18/20 => Loss 0.363, Train_accy 85.50:  85%|████████▌ | 17/20 [11:26<01:55, 38.45s/it]
Task 1, Epoch 18/20 => Loss 0.363, Train_accy 85.50:  90%|█████████ | 18/20 [11:26<01:15, 37.81s/it]
Task 1, Epoch 19/20 => Loss 0.336, Train_accy 86.54:  90%|█████████ | 18/20 [12:03<01:15, 37.81s/it]
Task 1, Epoch 19/20 => Loss 0.336, Train_accy 86.54:  95%|█████████▌| 19/20 [12:03<00:37, 37.33s/it]
Task 1, Epoch 20/20 => Loss 0.345, Train_accy 86.56:  95%|█████████▌| 19/20 [12:39<00:37, 37.33s/it]
Task 1, Epoch 20/20 => Loss 0.345, Train_accy 86.56: 100%|██████████| 20/20 [12:39<00:00, 36.98s/it]
Task 1, Epoch 20/20 => Loss 0.345, Train_accy 86.56: 100%|██████████| 20/20 [12:39<00:00, 37.97s/it]
2025-07-08 08:34:02,888 [sdlora.py] => Task 1, Epoch 20/20 => Loss 0.345, Train_accy 86.56
2025-07-08 08:34:12,068 [trainer.py] => No NME accuracy.
2025-07-08 08:34:12,069 [trainer.py] => CNN: {'total': 83.87, '00-39': 82.97, '40-79': 84.88, 'old': 82.97, 'new': 84.88}
2025-07-08 08:34:12,069 [trainer.py] => CNN top1 curve: [89.48, 83.87]
2025-07-08 08:34:12,069 [trainer.py] => CNN top5 curve: [97.8, 95.36]

Average Accuracy (CNN): 86.67500000000001
2025-07-08 08:34:12,069 [trainer.py] => Average Accuracy (CNN): 86.67500000000001 

task 2
2025-07-08 08:34:12,072 [trainer.py] => All params: 172027493
2025-07-08 08:34:12,075 [trainer.py] => Trainable params: 430181
2025-07-08 08:34:12,077 [sdlora.py] => Learning on 80-120
save_file ./ImageNetR/

  0%|          | 0/20 [00:00<?, ?it/s]
Task 2, Epoch 1/20 => Loss 1.974, Train_accy 39.52, Test_accy 79.15:   0%|          | 0/20 [00:54<?, ?it/s]
Task 2, Epoch 1/20 => Loss 1.974, Train_accy 39.52, Test_accy 79.15:   5%|▌         | 1/20 [00:54<17:09, 54.19s/it]
Task 2, Epoch 2/20 => Loss 0.758, Train_accy 68.93:   5%|▌         | 1/20 [01:34<17:09, 54.19s/it]                 
Task 2, Epoch 2/20 => Loss 0.758, Train_accy 68.93:  10%|█         | 2/20 [01:34<13:52, 46.26s/it]
Task 2, Epoch 3/20 => Loss 0.688, Train_accy 71.59:  10%|█         | 2/20 [02:15<13:52, 46.26s/it]
Task 2, Epoch 3/20 => Loss 0.688, Train_accy 71.59:  15%|█▌        | 3/20 [02:15<12:23, 43.72s/it]
Task 2, Epoch 4/20 => Loss 0.589, Train_accy 74.44:  15%|█▌        | 3/20 [02:56<12:23, 43.72s/it]
Task 2, Epoch 4/20 => Loss 0.589, Train_accy 74.44:  20%|██        | 4/20 [02:56<11:19, 42.45s/it]
Task 2, Epoch 5/20 => Loss 0.556, Train_accy 74.81:  20%|██        | 4/20 [03:36<11:19, 42.45s/it]
Task 2, Epoch 5/20 => Loss 0.556, Train_accy 74.81:  25%|██▌       | 5/20 [03:36<10:26, 41.75s/it]
Task 2, Epoch 6/20 => Loss 0.514, Train_accy 76.67, Test_accy 81.56:  25%|██▌       | 5/20 [04:30<10:26, 41.75s/it]
Task 2, Epoch 6/20 => Loss 0.514, Train_accy 76.67, Test_accy 81.56:  30%|███       | 6/20 [04:30<10:43, 45.95s/it]
Task 2, Epoch 7/20 => Loss 0.497, Train_accy 76.51:  30%|███       | 6/20 [05:11<10:43, 45.95s/it]                 
Task 2, Epoch 7/20 => Loss 0.497, Train_accy 76.51:  35%|███▌      | 7/20 [05:11<09:35, 44.25s/it]
Task 2, Epoch 8/20 => Loss 0.432, Train_accy 77.95:  35%|███▌      | 7/20 [05:51<09:35, 44.25s/it]
Task 2, Epoch 8/20 => Loss 0.432, Train_accy 77.95:  40%|████      | 8/20 [05:51<08:36, 43.05s/it]
Task 2, Epoch 9/20 => Loss 0.434, Train_accy 78.31:  40%|████      | 8/20 [06:32<08:36, 43.05s/it]
Task 2, Epoch 9/20 => Loss 0.434, Train_accy 78.31:  45%|████▌     | 9/20 [06:32<07:45, 42.28s/it]
Task 2, Epoch 10/20 => Loss 0.419, Train_accy 78.18:  45%|████▌     | 9/20 [07:13<07:45, 42.28s/it]
Task 2, Epoch 10/20 => Loss 0.419, Train_accy 78.18:  50%|█████     | 10/20 [07:13<06:57, 41.77s/it]
Task 2, Epoch 11/20 => Loss 0.417, Train_accy 78.43, Test_accy 81.98:  50%|█████     | 10/20 [08:07<06:57, 41.77s/it]
Task 2, Epoch 11/20 => Loss 0.417, Train_accy 78.43, Test_accy 81.98:  55%|█████▌    | 11/20 [08:07<06:50, 45.59s/it]
Task 2, Epoch 12/20 => Loss 0.406, Train_accy 78.70:  55%|█████▌    | 11/20 [08:47<06:50, 45.59s/it]                 
Task 2, Epoch 12/20 => Loss 0.406, Train_accy 78.70:  60%|██████    | 12/20 [08:47<05:52, 44.04s/it]
Task 2, Epoch 13/20 => Loss 0.373, Train_accy 79.42:  60%|██████    | 12/20 [09:28<05:52, 44.04s/it]
Task 2, Epoch 13/20 => Loss 0.373, Train_accy 79.42:  65%|██████▌   | 13/20 [09:28<05:00, 42.98s/it]
Task 2, Epoch 14/20 => Loss 0.359, Train_accy 79.69:  65%|██████▌   | 13/20 [10:09<05:00, 42.98s/it]
Task 2, Epoch 14/20 => Loss 0.359, Train_accy 79.69:  70%|███████   | 14/20 [10:09<04:13, 42.30s/it]
Task 2, Epoch 15/20 => Loss 0.356, Train_accy 80.25:  70%|███████   | 14/20 [10:49<04:13, 42.30s/it]
Task 2, Epoch 15/20 => Loss 0.356, Train_accy 80.25:  75%|███████▌  | 15/20 [10:49<03:28, 41.76s/it]
Task 2, Epoch 16/20 => Loss 0.362, Train_accy 80.17, Test_accy 81.32:  75%|███████▌  | 15/20 [11:44<03:28, 41.76s/it]
Task 2, Epoch 16/20 => Loss 0.362, Train_accy 80.17, Test_accy 81.32:  80%|████████  | 16/20 [11:44<03:02, 45.74s/it]
Task 2, Epoch 17/20 => Loss 0.326, Train_accy 82.00:  80%|████████  | 16/20 [12:25<03:02, 45.74s/it]                 
Task 2, Epoch 17/20 => Loss 0.326, Train_accy 82.00:  85%|████████▌ | 17/20 [12:25<02:12, 44.33s/it]
Task 2, Epoch 18/20 => Loss 0.338, Train_accy 81.63:  85%|████████▌ | 17/20 [13:06<02:12, 44.33s/it]
Task 2, Epoch 18/20 => Loss 0.338, Train_accy 81.63:  90%|█████████ | 18/20 [13:06<01:26, 43.36s/it]
Task 2, Epoch 19/20 => Loss 0.313, Train_accy 82.48:  90%|█████████ | 18/20 [13:47<01:26, 43.36s/it]
Task 2, Epoch 19/20 => Loss 0.313, Train_accy 82.48:  95%|█████████▌| 19/20 [13:47<00:42, 42.67s/it]
Task 2, Epoch 20/20 => Loss 0.339, Train_accy 82.67:  95%|█████████▌| 19/20 [14:29<00:42, 42.67s/it]
Task 2, Epoch 20/20 => Loss 0.339, Train_accy 82.67: 100%|██████████| 20/20 [14:29<00:00, 42.28s/it]
Task 2, Epoch 20/20 => Loss 0.339, Train_accy 82.67: 100%|██████████| 20/20 [14:29<00:00, 43.46s/it]
2025-07-08 08:48:43,066 [sdlora.py] => Task 2, Epoch 20/20 => Loss 0.339, Train_accy 82.67
2025-07-08 08:48:57,469 [trainer.py] => No NME accuracy.
2025-07-08 08:48:57,469 [trainer.py] => CNN: {'total': 81.48, '00-39': 79.94, '40-79': 82.41, '80-119': 82.3, 'old': 81.1, 'new': 82.3}
2025-07-08 08:48:57,469 [trainer.py] => CNN top1 curve: [89.48, 83.87, 81.48]
2025-07-08 08:48:57,469 [trainer.py] => CNN top5 curve: [97.8, 95.36, 93.2]

Average Accuracy (CNN): 84.94333333333334
2025-07-08 08:48:57,470 [trainer.py] => Average Accuracy (CNN): 84.94333333333334 

task 3
2025-07-08 08:48:57,472 [trainer.py] => All params: 172058253
2025-07-08 08:48:57,474 [trainer.py] => Trainable params: 460941
2025-07-08 08:48:57,476 [sdlora.py] => Learning on 120-160
save_file ./ImageNetR/

  0%|          | 0/20 [00:00<?, ?it/s]
Task 3, Epoch 1/20 => Loss 1.898, Train_accy 38.14, Test_accy 77.97:   0%|          | 0/20 [01:05<?, ?it/s]
Task 3, Epoch 1/20 => Loss 1.898, Train_accy 38.14, Test_accy 77.97:   5%|▌         | 1/20 [01:05<20:36, 65.08s/it]
Task 3, Epoch 2/20 => Loss 0.717, Train_accy 68.97:   5%|▌         | 1/20 [01:50<20:36, 65.08s/it]                 
Task 3, Epoch 2/20 => Loss 0.717, Train_accy 68.97:  10%|█         | 2/20 [01:50<16:05, 53.63s/it]
Task 3, Epoch 3/20 => Loss 0.584, Train_accy 71.38:  10%|█         | 2/20 [02:35<16:05, 53.63s/it]
Task 3, Epoch 3/20 => Loss 0.584, Train_accy 71.38:  15%|█▌        | 3/20 [02:35<14:05, 49.76s/it]
Task 3, Epoch 4/20 => Loss 0.539, Train_accy 72.94:  15%|█▌        | 3/20 [03:20<14:05, 49.76s/it]
Task 3, Epoch 4/20 => Loss 0.539, Train_accy 72.94:  20%|██        | 4/20 [03:20<12:46, 47.92s/it]
Task 3, Epoch 5/20 => Loss 0.498, Train_accy 74.03:  20%|██        | 4/20 [04:06<12:46, 47.92s/it]
Task 3, Epoch 5/20 => Loss 0.498, Train_accy 74.03:  25%|██▌       | 5/20 [04:06<11:45, 47.01s/it]
Task 3, Epoch 6/20 => Loss 0.456, Train_accy 74.80, Test_accy 80.68:  25%|██▌       | 5/20 [05:11<11:45, 47.01s/it]
Task 3, Epoch 6/20 => Loss 0.456, Train_accy 74.80, Test_accy 80.68:  30%|███       | 6/20 [05:11<12:24, 53.17s/it]
Task 3, Epoch 7/20 => Loss 0.440, Train_accy 76.03:  30%|███       | 6/20 [05:56<12:24, 53.17s/it]                 
Task 3, Epoch 7/20 => Loss 0.440, Train_accy 76.03:  35%|███▌      | 7/20 [05:56<10:57, 50.55s/it]
Task 3, Epoch 8/20 => Loss 0.394, Train_accy 77.29:  35%|███▌      | 7/20 [06:41<10:57, 50.55s/it]
Task 3, Epoch 8/20 => Loss 0.394, Train_accy 77.29:  40%|████      | 8/20 [06:41<09:45, 48.77s/it]
Task 3, Epoch 9/20 => Loss 0.416, Train_accy 77.17:  40%|████      | 8/20 [07:26<09:45, 48.77s/it]
Task 3, Epoch 9/20 => Loss 0.416, Train_accy 77.17:  45%|████▌     | 9/20 [07:26<08:43, 47.57s/it]
Task 3, Epoch 10/20 => Loss 0.375, Train_accy 77.65:  45%|████▌     | 9/20 [08:11<08:43, 47.57s/it]
Task 3, Epoch 10/20 => Loss 0.375, Train_accy 77.65:  50%|█████     | 10/20 [08:11<07:48, 46.80s/it]
Task 3, Epoch 11/20 => Loss 0.353, Train_accy 78.89, Test_accy 80.70:  50%|█████     | 10/20 [09:16<07:48, 46.80s/it]
Task 3, Epoch 11/20 => Loss 0.353, Train_accy 78.89, Test_accy 80.70:  55%|█████▌    | 11/20 [09:16<07:51, 52.41s/it]
Task 3, Epoch 12/20 => Loss 0.378, Train_accy 78.30:  55%|█████▌    | 11/20 [10:01<07:51, 52.41s/it]                 
Task 3, Epoch 12/20 => Loss 0.378, Train_accy 78.30:  60%|██████    | 12/20 [10:01<06:41, 50.15s/it]
Task 3, Epoch 13/20 => Loss 0.336, Train_accy 78.85:  60%|██████    | 12/20 [10:46<06:41, 50.15s/it]
Task 3, Epoch 13/20 => Loss 0.336, Train_accy 78.85:  65%|██████▌   | 13/20 [10:46<05:40, 48.59s/it]
Task 3, Epoch 14/20 => Loss 0.357, Train_accy 79.21:  65%|██████▌   | 13/20 [11:32<05:40, 48.59s/it]
Task 3, Epoch 14/20 => Loss 0.357, Train_accy 79.21:  70%|███████   | 14/20 [11:32<04:46, 47.68s/it]
Task 3, Epoch 15/20 => Loss 0.360, Train_accy 79.45:  70%|███████   | 14/20 [12:17<04:46, 47.68s/it]
Task 3, Epoch 15/20 => Loss 0.360, Train_accy 79.45:  75%|███████▌  | 15/20 [12:17<03:54, 46.97s/it]
Task 3, Epoch 16/20 => Loss 0.316, Train_accy 81.01, Test_accy 80.48:  75%|███████▌  | 15/20 [13:22<03:54, 46.97s/it]
Task 3, Epoch 16/20 => Loss 0.316, Train_accy 81.01, Test_accy 80.48:  80%|████████  | 16/20 [13:22<03:29, 52.37s/it]
Task 3, Epoch 17/20 => Loss 0.317, Train_accy 81.23:  80%|████████  | 16/20 [14:07<03:29, 52.37s/it]                 
Task 3, Epoch 17/20 => Loss 0.317, Train_accy 81.23:  85%|████████▌ | 17/20 [14:07<02:30, 50.16s/it]
Task 3, Epoch 18/20 => Loss 0.312, Train_accy 81.32:  85%|████████▌ | 17/20 [14:52<02:30, 50.16s/it]
Task 3, Epoch 18/20 => Loss 0.312, Train_accy 81.32:  90%|█████████ | 18/20 [14:52<01:37, 48.60s/it]
Task 3, Epoch 19/20 => Loss 0.306, Train_accy 81.28:  90%|█████████ | 18/20 [15:37<01:37, 48.60s/it]
Task 3, Epoch 19/20 => Loss 0.306, Train_accy 81.28:  95%|█████████▌| 19/20 [15:37<00:47, 47.48s/it]
Task 3, Epoch 20/20 => Loss 0.293, Train_accy 81.30:  95%|█████████▌| 19/20 [16:22<00:47, 47.48s/it]
Task 3, Epoch 20/20 => Loss 0.293, Train_accy 81.30: 100%|██████████| 20/20 [16:22<00:00, 46.80s/it]
Task 3, Epoch 20/20 => Loss 0.293, Train_accy 81.30: 100%|██████████| 20/20 [16:22<00:00, 49.13s/it]
2025-07-08 09:05:31,333 [sdlora.py] => Task 3, Epoch 20/20 => Loss 0.293, Train_accy 81.30
2025-07-08 09:05:51,317 [trainer.py] => No NME accuracy.
2025-07-08 09:05:51,317 [trainer.py] => CNN: {'total': 80.38, '00-39': 78.8, '40-79': 81.22, '80-119': 80.03, '120-159': 81.51, 'old': 79.97, 'new': 81.51}
2025-07-08 09:05:51,317 [trainer.py] => CNN top1 curve: [89.48, 83.87, 81.48, 80.38]
2025-07-08 09:05:51,317 [trainer.py] => CNN top5 curve: [97.8, 95.36, 93.2, 92.09]

Average Accuracy (CNN): 83.80250000000001
2025-07-08 09:05:51,317 [trainer.py] => Average Accuracy (CNN): 83.80250000000001 

task 4
2025-07-08 09:05:51,320 [trainer.py] => All params: 172089013
2025-07-08 09:05:51,321 [trainer.py] => Trainable params: 491701
2025-07-08 09:05:51,324 [sdlora.py] => Learning on 160-200
save_file ./ImageNetR/

  0%|          | 0/20 [00:00<?, ?it/s]
Task 4, Epoch 1/20 => Loss 2.123, Train_accy 30.49, Test_accy 75.50:   0%|          | 0/20 [01:06<?, ?it/s]
Task 4, Epoch 1/20 => Loss 2.123, Train_accy 30.49, Test_accy 75.50:   5%|▌         | 1/20 [01:06<20:59, 66.30s/it]
Task 4, Epoch 2/20 => Loss 0.754, Train_accy 65.36:   5%|▌         | 1/20 [01:47<20:59, 66.30s/it]                 
Task 4, Epoch 2/20 => Loss 0.754, Train_accy 65.36:  10%|█         | 2/20 [01:47<15:26, 51.48s/it]
Task 4, Epoch 3/20 => Loss 0.676, Train_accy 67.78:  10%|█         | 2/20 [02:28<15:26, 51.48s/it]
Task 4, Epoch 3/20 => Loss 0.676, Train_accy 67.78:  15%|█▌        | 3/20 [02:28<13:15, 46.82s/it]
Task 4, Epoch 4/20 => Loss 0.613, Train_accy 68.56:  15%|█▌        | 3/20 [03:10<13:15, 46.82s/it]
Task 4, Epoch 4/20 => Loss 0.613, Train_accy 68.56:  20%|██        | 4/20 [03:10<11:54, 44.67s/it]
Task 4, Epoch 5/20 => Loss 0.556, Train_accy 71.48:  20%|██        | 4/20 [03:51<11:54, 44.67s/it]
Task 4, Epoch 5/20 => Loss 0.556, Train_accy 71.48:  25%|██▌       | 5/20 [03:51<10:51, 43.46s/it]
Task 4, Epoch 6/20 => Loss 0.495, Train_accy 73.00, Test_accy 78.65:  25%|██▌       | 5/20 [04:57<10:51, 43.46s/it]
Task 4, Epoch 6/20 => Loss 0.495, Train_accy 73.00, Test_accy 78.65:  30%|███       | 6/20 [04:57<11:57, 51.27s/it]
Task 4, Epoch 7/20 => Loss 0.475, Train_accy 72.64:  30%|███       | 6/20 [05:39<11:57, 51.27s/it]                 
Task 4, Epoch 7/20 => Loss 0.475, Train_accy 72.64:  35%|███▌      | 7/20 [05:39<10:26, 48.18s/it]
Task 4, Epoch 8/20 => Loss 0.469, Train_accy 71.83:  35%|███▌      | 7/20 [06:21<10:26, 48.18s/it]
Task 4, Epoch 8/20 => Loss 0.469, Train_accy 71.83:  40%|████      | 8/20 [06:21<09:12, 46.05s/it]
Task 4, Epoch 9/20 => Loss 0.394, Train_accy 74.23:  40%|████      | 8/20 [07:02<09:12, 46.05s/it]
Task 4, Epoch 9/20 => Loss 0.394, Train_accy 74.23:  45%|████▌     | 9/20 [07:02<08:09, 44.48s/it]
Task 4, Epoch 10/20 => Loss 0.436, Train_accy 73.30:  45%|████▌     | 9/20 [07:43<08:09, 44.48s/it]
Task 4, Epoch 10/20 => Loss 0.436, Train_accy 73.30:  50%|█████     | 10/20 [07:43<07:15, 43.52s/it]
Task 4, Epoch 11/20 => Loss 0.406, Train_accy 74.92, Test_accy 78.82:  50%|█████     | 10/20 [08:50<07:15, 43.52s/it]
Task 4, Epoch 11/20 => Loss 0.406, Train_accy 74.92, Test_accy 78.82:  55%|█████▌    | 11/20 [08:50<07:35, 50.61s/it]
Task 4, Epoch 12/20 => Loss 0.395, Train_accy 74.77:  55%|█████▌    | 11/20 [09:31<07:35, 50.61s/it]                 
Task 4, Epoch 12/20 => Loss 0.395, Train_accy 74.77:  60%|██████    | 12/20 [09:31<06:21, 47.75s/it]
Task 4, Epoch 13/20 => Loss 0.376, Train_accy 75.32:  60%|██████    | 12/20 [10:12<06:21, 47.75s/it]
Task 4, Epoch 13/20 => Loss 0.376, Train_accy 75.32:  65%|██████▌   | 13/20 [10:12<05:20, 45.80s/it]
Task 4, Epoch 14/20 => Loss 0.346, Train_accy 76.15:  65%|██████▌   | 13/20 [10:54<05:20, 45.80s/it]
Task 4, Epoch 14/20 => Loss 0.346, Train_accy 76.15:  70%|███████   | 14/20 [10:54<04:27, 44.51s/it]
Task 4, Epoch 15/20 => Loss 0.372, Train_accy 76.15:  70%|███████   | 14/20 [11:35<04:27, 44.51s/it]
Task 4, Epoch 15/20 => Loss 0.372, Train_accy 76.15:  75%|███████▌  | 15/20 [11:35<03:37, 43.56s/it]
Task 4, Epoch 16/20 => Loss 0.343, Train_accy 76.41, Test_accy 78.38:  75%|███████▌  | 15/20 [12:42<03:37, 43.56s/it]
Task 4, Epoch 16/20 => Loss 0.343, Train_accy 76.41, Test_accy 78.38:  80%|████████  | 16/20 [12:42<03:22, 50.57s/it]
Task 4, Epoch 17/20 => Loss 0.318, Train_accy 77.62:  80%|████████  | 16/20 [13:23<03:22, 50.57s/it]                 
Task 4, Epoch 17/20 => Loss 0.318, Train_accy 77.62:  85%|████████▌ | 17/20 [13:23<02:23, 47.74s/it]
Task 4, Epoch 18/20 => Loss 0.342, Train_accy 76.67:  85%|████████▌ | 17/20 [14:05<02:23, 47.74s/it]
Task 4, Epoch 18/20 => Loss 0.342, Train_accy 76.67:  90%|█████████ | 18/20 [14:05<01:31, 45.88s/it]
Task 4, Epoch 19/20 => Loss 0.345, Train_accy 77.10:  90%|█████████ | 18/20 [14:46<01:31, 45.88s/it]
Task 4, Epoch 19/20 => Loss 0.345, Train_accy 77.10:  95%|█████████▌| 19/20 [14:46<00:44, 44.42s/it]
Task 4, Epoch 20/20 => Loss 0.307, Train_accy 77.95:  95%|█████████▌| 19/20 [15:27<00:44, 44.42s/it]
Task 4, Epoch 20/20 => Loss 0.307, Train_accy 77.95: 100%|██████████| 20/20 [15:27<00:00, 43.45s/it]
Task 4, Epoch 20/20 => Loss 0.307, Train_accy 77.95: 100%|██████████| 20/20 [15:27<00:00, 46.37s/it]
2025-07-08 09:21:29,240 [sdlora.py] => Task 4, Epoch 20/20 => Loss 0.307, Train_accy 77.95
2025-07-08 09:21:54,270 [trainer.py] => No NME accuracy.
2025-07-08 09:21:54,271 [trainer.py] => CNN: {'total': 78.52, '00-39': 76.08, '40-79': 79.69, '80-119': 78.55, '120-159': 80.59, '160-199': 77.67, 'old': 78.7, 'new': 77.67}
2025-07-08 09:21:54,271 [trainer.py] => CNN top1 curve: [89.48, 83.87, 81.48, 80.38, 78.52]
2025-07-08 09:21:54,271 [trainer.py] => CNN top5 curve: [97.8, 95.36, 93.2, 92.09, 91.23]

Average Accuracy (CNN): 82.74600000000001
2025-07-08 09:21:54,271 [trainer.py] => Average Accuracy (CNN): 82.74600000000001 

Finished imagenetr_init40_inc40: vit_base_patch16_224  
----------------------------------------------------------------------------------------------------
Accuracy Matrix (CNN):
[[89.48 82.97 79.94 78.8  76.08]
 [ 0.   84.88 82.41 81.51 80.59]
 [ 0.    0.   82.3  81.22 77.67]
 [ 0.    0.    0.   80.03 79.69]
 [ 0.    0.    0.    0.   78.55]]
2025-07-08 09:21:54,272 [trainer.py] => Forgetting (CNN): 5.664999999999999
seed [1993]
devices_type ['7']
2025-07-06 23:34:55,233 [trainer.py] => config: ./exps/sdlora_omni.json
2025-07-06 23:34:55,233 [trainer.py] => seed: 1993
2025-07-06 23:34:55,233 [trainer.py] => prefix: reproduce
2025-07-06 23:34:55,233 [trainer.py] => dataset: omnibenchmark
2025-07-06 23:34:55,233 [trainer.py] => memory_size: 0
2025-07-06 23:34:55,233 [trainer.py] => memory_per_class: 0
2025-07-06 23:34:55,233 [trainer.py] => fixed_memory: False
2025-07-06 23:34:55,233 [trainer.py] => shuffle: True
2025-07-06 23:34:55,233 [trainer.py] => init_cls: 30
2025-07-06 23:34:55,233 [trainer.py] => increment: 30
2025-07-06 23:34:55,233 [trainer.py] => model_name: sdlora
2025-07-06 23:34:55,233 [trainer.py] => backbone_type: vit_base_patch16_224
2025-07-06 23:34:55,233 [trainer.py] => device: [device(type='cuda', index=7)]
2025-07-06 23:34:55,233 [trainer.py] => scheduler: cosine
2025-07-06 23:34:55,233 [trainer.py] => min_lr: 0.005
2025-07-06 23:34:55,233 [trainer.py] => tuned_epoch: 20
2025-07-06 23:34:55,233 [trainer.py] => filepath: ./omni/
2025-07-06 23:34:55,233 [trainer.py] => init_epoch: 20
2025-07-06 23:34:55,233 [trainer.py] => init_lr: 0.008
2025-07-06 23:34:55,233 [trainer.py] => init_milestones: [60, 120, 170]
2025-07-06 23:34:55,233 [trainer.py] => init_lr_decay: 0.1
2025-07-06 23:34:55,233 [trainer.py] => init_weight_decay: 0.0005
2025-07-06 23:34:55,233 [trainer.py] => epochs: 20
2025-07-06 23:34:55,233 [trainer.py] => lrate: 0.008
2025-07-06 23:34:55,234 [trainer.py] => milestones: [40, 70]
2025-07-06 23:34:55,234 [trainer.py] => lrate_decay: 0
2025-07-06 23:34:55,234 [trainer.py] => batch_size: 128
2025-07-06 23:34:55,234 [trainer.py] => weight_decay: 0.0002
2025-07-06 23:34:55,487 [data_manager.py] => [169, 221, 146, 296, 92, 229, 49, 70, 126, 77, 243, 57, 120, 223, 27, 217, 154, 8, 101, 182, 54, 50, 97, 162, 28, 193, 79, 6, 151, 0, 173, 187, 44, 277, 157, 16, 257, 122, 35, 9, 171, 176, 134, 4, 87, 255, 112, 153, 246, 286, 147, 186, 107, 98, 10, 7, 266, 214, 36, 165, 139, 254, 103, 269, 59, 23, 298, 39, 73, 208, 135, 299, 102, 20, 12, 268, 11, 209, 161, 210, 74, 42, 56, 99, 235, 133, 159, 189, 145, 238, 215, 241, 138, 195, 233, 279, 88, 199, 64, 280, 26, 203, 17, 245, 174, 236, 137, 252, 80, 68, 181, 150, 118, 94, 75, 2, 109, 119, 232, 15, 69, 184, 201, 261, 55, 287, 273, 66, 175, 32, 142, 136, 116, 76, 179, 1, 91, 248, 275, 240, 290, 170, 132, 106, 265, 270, 85, 19, 284, 43, 259, 293, 228, 200, 104, 227, 51, 224, 163, 297, 216, 260, 93, 46, 100, 272, 105, 72, 131, 3, 156, 256, 249, 48, 113, 82, 172, 213, 62, 53, 271, 168, 253, 226, 183, 180, 276, 283, 78, 61, 143, 278, 30, 141, 196, 264, 231, 52, 222, 40, 125, 219, 65, 166, 192, 289, 45, 205, 89, 267, 90, 71, 167, 262, 281, 212, 96, 84, 127, 67, 294, 178, 288, 197, 21, 18, 111, 108, 58, 230, 188, 31, 110, 291, 129, 24, 204, 83, 81, 251, 60, 13, 128, 14, 86, 63, 117, 198, 274, 5, 22, 144, 258, 121, 38, 207, 148, 292, 41, 234, 237, 114, 202, 37, 149, 206, 155, 29, 130, 177, 194, 152, 34, 33, 239, 160, 140, 47, 244, 25, 282, 158, 211, 123, 190, 218, 164, 247, 263, 191, 220, 115, 242, 250, 124, 295, 95, 285, 225, 185]
!!!!!!! multiple_gpus [device(type='cuda', index=7)]
This is for the BaseNet initialization.
save_file ./omni/
Initialize task-id and curtask id
After BaseNet initialization.
task 0
2025-07-06 23:34:58,838 [trainer.py] => All params: 171965973
2025-07-06 23:34:58,839 [trainer.py] => Trainable params: 368661
2025-07-06 23:34:58,840 [sdlora.py] => Learning on 0-30

  0%|          | 0/20 [00:00<?, ?it/s]
Task 0, Epoch 1/20 => Loss 1.084, Train_accy 75.61, Test_accy 87.17:   0%|          | 0/20 [01:07<?, ?it/s]
Task 0, Epoch 1/20 => Loss 1.084, Train_accy 75.61, Test_accy 87.17:   5%|▌         | 1/20 [01:07<21:28, 67.80s/it]
Task 0, Epoch 2/20 => Loss 0.427, Train_accy 85.69:   5%|▌         | 1/20 [02:11<21:28, 67.80s/it]                 
Task 0, Epoch 2/20 => Loss 0.427, Train_accy 85.69:  10%|█         | 2/20 [02:11<19:40, 65.56s/it]
Task 0, Epoch 3/20 => Loss 0.362, Train_accy 87.92:  10%|█         | 2/20 [03:15<19:40, 65.56s/it]
Task 0, Epoch 3/20 => Loss 0.362, Train_accy 87.92:  15%|█▌        | 3/20 [03:15<18:23, 64.92s/it]
Task 0, Epoch 4/20 => Loss 0.319, Train_accy 89.35:  15%|█▌        | 3/20 [04:19<18:23, 64.92s/it]
Task 0, Epoch 4/20 => Loss 0.319, Train_accy 89.35:  20%|██        | 4/20 [04:19<17:12, 64.54s/it]
Task 0, Epoch 5/20 => Loss 0.308, Train_accy 89.62:  20%|██        | 4/20 [05:24<17:12, 64.54s/it]
Task 0, Epoch 5/20 => Loss 0.308, Train_accy 89.62:  25%|██▌       | 5/20 [05:24<16:05, 64.38s/it]
Task 0, Epoch 6/20 => Loss 0.288, Train_accy 90.05, Test_accy 91.00:  25%|██▌       | 5/20 [06:30<16:05, 64.38s/it]
Task 0, Epoch 6/20 => Loss 0.288, Train_accy 90.05, Test_accy 91.00:  30%|███       | 6/20 [06:30<15:13, 65.27s/it]
Task 0, Epoch 7/20 => Loss 0.264, Train_accy 90.88:  30%|███       | 6/20 [07:34<15:13, 65.27s/it]                 
Task 0, Epoch 7/20 => Loss 0.264, Train_accy 90.88:  35%|███▌      | 7/20 [07:34<14:01, 64.75s/it]
Task 0, Epoch 8/20 => Loss 0.247, Train_accy 91.45:  35%|███▌      | 7/20 [08:38<14:01, 64.75s/it]
Task 0, Epoch 8/20 => Loss 0.247, Train_accy 91.45:  40%|████      | 8/20 [08:38<12:52, 64.40s/it]
Task 0, Epoch 9/20 => Loss 0.264, Train_accy 91.36:  40%|████      | 8/20 [09:42<12:52, 64.40s/it]
Task 0, Epoch 9/20 => Loss 0.264, Train_accy 91.36:  45%|████▌     | 9/20 [09:42<11:46, 64.20s/it]
Task 0, Epoch 10/20 => Loss 0.220, Train_accy 92.30:  45%|████▌     | 9/20 [10:45<11:46, 64.20s/it]
Task 0, Epoch 10/20 => Loss 0.220, Train_accy 92.30:  50%|█████     | 10/20 [10:45<10:40, 64.07s/it]
Task 0, Epoch 11/20 => Loss 0.222, Train_accy 92.38, Test_accy 92.00:  50%|█████     | 10/20 [11:53<10:40, 64.07s/it]
Task 0, Epoch 11/20 => Loss 0.222, Train_accy 92.38, Test_accy 92.00:  55%|█████▌    | 11/20 [11:53<09:45, 65.09s/it]
Task 0, Epoch 12/20 => Loss 0.218, Train_accy 92.40:  55%|█████▌    | 11/20 [12:57<09:45, 65.09s/it]                 
Task 0, Epoch 12/20 => Loss 0.218, Train_accy 92.40:  60%|██████    | 12/20 [12:57<08:38, 64.86s/it]
Task 0, Epoch 13/20 => Loss 0.224, Train_accy 92.40:  60%|██████    | 12/20 [14:01<08:38, 64.86s/it]
Task 0, Epoch 13/20 => Loss 0.224, Train_accy 92.40:  65%|██████▌   | 13/20 [14:01<07:31, 64.56s/it]
Task 0, Epoch 14/20 => Loss 0.208, Train_accy 92.87:  65%|██████▌   | 13/20 [15:05<07:31, 64.56s/it]
Task 0, Epoch 14/20 => Loss 0.208, Train_accy 92.87:  70%|███████   | 14/20 [15:05<06:25, 64.29s/it]
Task 0, Epoch 15/20 => Loss 0.194, Train_accy 93.63:  70%|███████   | 14/20 [16:08<06:25, 64.29s/it]
Task 0, Epoch 15/20 => Loss 0.194, Train_accy 93.63:  75%|███████▌  | 15/20 [16:08<05:20, 64.10s/it]
Task 0, Epoch 16/20 => Loss 0.194, Train_accy 93.60, Test_accy 92.50:  75%|███████▌  | 15/20 [17:15<05:20, 64.10s/it]
Task 0, Epoch 16/20 => Loss 0.194, Train_accy 93.60, Test_accy 92.50:  80%|████████  | 16/20 [17:15<04:19, 64.97s/it]
Task 0, Epoch 17/20 => Loss 0.194, Train_accy 93.43:  80%|████████  | 16/20 [18:19<04:19, 64.97s/it]                 
Task 0, Epoch 17/20 => Loss 0.194, Train_accy 93.43:  85%|████████▌ | 17/20 [18:19<03:13, 64.63s/it]
Task 0, Epoch 18/20 => Loss 0.188, Train_accy 93.46:  85%|████████▌ | 17/20 [19:23<03:13, 64.63s/it]
Task 0, Epoch 18/20 => Loss 0.188, Train_accy 93.46:  90%|█████████ | 18/20 [19:23<02:08, 64.44s/it]
Task 0, Epoch 19/20 => Loss 0.184, Train_accy 93.58:  90%|█████████ | 18/20 [20:27<02:08, 64.44s/it]
Task 0, Epoch 19/20 => Loss 0.184, Train_accy 93.58:  95%|█████████▌| 19/20 [20:27<01:04, 64.30s/it]
Task 0, Epoch 20/20 => Loss 0.173, Train_accy 93.99:  95%|█████████▌| 19/20 [21:31<01:04, 64.30s/it]
Task 0, Epoch 20/20 => Loss 0.173, Train_accy 93.99: 100%|██████████| 20/20 [21:31<00:00, 64.23s/it]
Task 0, Epoch 20/20 => Loss 0.173, Train_accy 93.99: 100%|██████████| 20/20 [21:31<00:00, 64.58s/it]
2025-07-06 23:56:30,789 [sdlora.py] => Task 0, Epoch 20/20 => Loss 0.173, Train_accy 93.99
2025-07-06 23:56:34,143 [trainer.py] => No NME accuracy.
2025-07-06 23:56:34,143 [trainer.py] => CNN: {'total': 92.5, '00-29': 92.5, 'old': 0, 'new': 92.5}
2025-07-06 23:56:34,143 [trainer.py] => CNN top1 curve: [92.5]
2025-07-06 23:56:34,143 [trainer.py] => CNN top5 curve: [100.0]

Average Accuracy (CNN): 92.5
2025-07-06 23:56:34,143 [trainer.py] => Average Accuracy (CNN): 92.5 

task 1
2025-07-06 23:56:34,146 [trainer.py] => All params: 171989043
2025-07-06 23:56:34,148 [trainer.py] => Trainable params: 391731
2025-07-06 23:56:34,150 [sdlora.py] => Learning on 30-60
save_file ./omni/

  0%|          | 0/20 [00:00<?, ?it/s]
Task 1, Epoch 1/20 => Loss 0.728, Train_accy 66.63, Test_accy 84.32:   0%|          | 0/20 [01:14<?, ?it/s]
Task 1, Epoch 1/20 => Loss 0.728, Train_accy 66.63, Test_accy 84.32:   5%|▌         | 1/20 [01:14<23:43, 74.91s/it]
Task 1, Epoch 2/20 => Loss 0.291, Train_accy 83.97:   5%|▌         | 1/20 [02:24<23:43, 74.91s/it]                 
Task 1, Epoch 2/20 => Loss 0.291, Train_accy 83.97:  10%|█         | 2/20 [02:24<21:32, 71.81s/it]
Task 1, Epoch 3/20 => Loss 0.251, Train_accy 84.98:  10%|█         | 2/20 [03:33<21:32, 71.81s/it]
Task 1, Epoch 3/20 => Loss 0.251, Train_accy 84.98:  15%|█▌        | 3/20 [03:33<20:00, 70.60s/it]
Task 1, Epoch 4/20 => Loss 0.228, Train_accy 86.21:  15%|█▌        | 3/20 [04:42<20:00, 70.60s/it]
Task 1, Epoch 4/20 => Loss 0.228, Train_accy 86.21:  20%|██        | 4/20 [04:42<18:39, 69.99s/it]
Task 1, Epoch 5/20 => Loss 0.233, Train_accy 86.10:  20%|██        | 4/20 [05:51<18:39, 69.99s/it]
Task 1, Epoch 5/20 => Loss 0.233, Train_accy 86.10:  25%|██▌       | 5/20 [05:51<17:24, 69.65s/it]
Task 1, Epoch 6/20 => Loss 0.191, Train_accy 87.38, Test_accy 85.90:  25%|██▌       | 5/20 [07:06<17:24, 69.65s/it]
Task 1, Epoch 6/20 => Loss 0.191, Train_accy 87.38, Test_accy 85.90:  30%|███       | 6/20 [07:06<16:38, 71.29s/it]
Task 1, Epoch 7/20 => Loss 0.202, Train_accy 87.34:  30%|███       | 6/20 [08:15<16:38, 71.29s/it]                 
Task 1, Epoch 7/20 => Loss 0.202, Train_accy 87.34:  35%|███▌      | 7/20 [08:15<15:17, 70.55s/it]
Task 1, Epoch 8/20 => Loss 0.194, Train_accy 87.92:  35%|███▌      | 7/20 [09:24<15:17, 70.55s/it]
Task 1, Epoch 8/20 => Loss 0.194, Train_accy 87.92:  40%|████      | 8/20 [09:24<14:02, 70.22s/it]
Task 1, Epoch 9/20 => Loss 0.202, Train_accy 87.91:  40%|████      | 8/20 [10:34<14:02, 70.22s/it]
Task 1, Epoch 9/20 => Loss 0.202, Train_accy 87.91:  45%|████▌     | 9/20 [10:34<12:49, 69.97s/it]
Task 1, Epoch 10/20 => Loss 0.183, Train_accy 88.61:  45%|████▌     | 9/20 [11:43<12:49, 69.97s/it]
Task 1, Epoch 10/20 => Loss 0.183, Train_accy 88.61:  50%|█████     | 10/20 [11:43<11:37, 69.73s/it]
Task 1, Epoch 11/20 => Loss 0.168, Train_accy 89.00, Test_accy 87.24:  50%|█████     | 10/20 [12:57<11:37, 69.73s/it]
Task 1, Epoch 11/20 => Loss 0.168, Train_accy 89.00, Test_accy 87.24:  55%|█████▌    | 11/20 [12:57<10:40, 71.20s/it]
Task 1, Epoch 12/20 => Loss 0.166, Train_accy 88.94:  55%|█████▌    | 11/20 [14:06<10:40, 71.20s/it]                 
Task 1, Epoch 12/20 => Loss 0.166, Train_accy 88.94:  60%|██████    | 12/20 [14:06<09:24, 70.53s/it]
Task 1, Epoch 13/20 => Loss 0.165, Train_accy 89.19:  60%|██████    | 12/20 [15:16<09:24, 70.53s/it]
Task 1, Epoch 13/20 => Loss 0.165, Train_accy 89.19:  65%|██████▌   | 13/20 [15:16<08:10, 70.08s/it]
Task 1, Epoch 14/20 => Loss 0.153, Train_accy 89.29:  65%|██████▌   | 13/20 [16:25<08:10, 70.08s/it]
Task 1, Epoch 14/20 => Loss 0.153, Train_accy 89.29:  70%|███████   | 14/20 [16:25<06:58, 69.80s/it]
Task 1, Epoch 15/20 => Loss 0.165, Train_accy 89.30:  70%|███████   | 14/20 [17:34<06:58, 69.80s/it]
Task 1, Epoch 15/20 => Loss 0.165, Train_accy 89.30:  75%|███████▌  | 15/20 [17:34<05:47, 69.55s/it]
Task 1, Epoch 16/20 => Loss 0.160, Train_accy 89.38, Test_accy 86.49:  75%|███████▌  | 15/20 [18:48<05:47, 69.55s/it]
Task 1, Epoch 16/20 => Loss 0.160, Train_accy 89.38, Test_accy 86.49:  80%|████████  | 16/20 [18:48<04:44, 71.03s/it]
Task 1, Epoch 17/20 => Loss 0.155, Train_accy 89.67:  80%|████████  | 16/20 [19:57<04:44, 71.03s/it]                 
Task 1, Epoch 17/20 => Loss 0.155, Train_accy 89.67:  85%|████████▌ | 17/20 [19:57<03:31, 70.42s/it]
Task 1, Epoch 18/20 => Loss 0.149, Train_accy 90.31:  85%|████████▌ | 17/20 [21:06<03:31, 70.42s/it]
Task 1, Epoch 18/20 => Loss 0.149, Train_accy 90.31:  90%|█████████ | 18/20 [21:06<02:19, 69.99s/it]
Task 1, Epoch 19/20 => Loss 0.156, Train_accy 89.61:  90%|█████████ | 18/20 [22:15<02:19, 69.99s/it]
Task 1, Epoch 19/20 => Loss 0.156, Train_accy 89.61:  95%|█████████▌| 19/20 [22:15<01:09, 69.71s/it]
Task 1, Epoch 20/20 => Loss 0.152, Train_accy 89.71:  95%|█████████▌| 19/20 [23:24<01:09, 69.71s/it]
Task 1, Epoch 20/20 => Loss 0.152, Train_accy 89.71: 100%|██████████| 20/20 [23:24<00:00, 69.47s/it]
Task 1, Epoch 20/20 => Loss 0.152, Train_accy 89.71: 100%|██████████| 20/20 [23:24<00:00, 70.23s/it]
2025-07-07 00:20:00,467 [sdlora.py] => Task 1, Epoch 20/20 => Loss 0.152, Train_accy 89.71
2025-07-07 00:20:06,025 [trainer.py] => No NME accuracy.
2025-07-07 00:20:06,025 [trainer.py] => CNN: {'total': 85.74, '00-29': 79.5, '30-59': 91.99, 'old': 79.5, 'new': 91.99}
2025-07-07 00:20:06,025 [trainer.py] => CNN top1 curve: [92.5, 85.74]
2025-07-07 00:20:06,025 [trainer.py] => CNN top5 curve: [100.0, 99.08]

Average Accuracy (CNN): 89.12
2025-07-07 00:20:06,025 [trainer.py] => Average Accuracy (CNN): 89.12 

task 2
2025-07-07 00:20:06,028 [trainer.py] => All params: 172012113
2025-07-07 00:20:06,030 [trainer.py] => Trainable params: 414801
2025-07-07 00:20:06,032 [sdlora.py] => Learning on 60-90
save_file ./omni/

  0%|          | 0/20 [00:00<?, ?it/s]
Task 2, Epoch 1/20 => Loss 0.745, Train_accy 53.95, Test_accy 80.42:   0%|          | 0/20 [01:20<?, ?it/s]
Task 2, Epoch 1/20 => Loss 0.745, Train_accy 53.95, Test_accy 80.42:   5%|▌         | 1/20 [01:20<25:35, 80.82s/it]
Task 2, Epoch 2/20 => Loss 0.285, Train_accy 70.34:   5%|▌         | 1/20 [02:33<25:35, 80.82s/it]                 
Task 2, Epoch 2/20 => Loss 0.285, Train_accy 70.34:  10%|█         | 2/20 [02:33<22:49, 76.10s/it]
Task 2, Epoch 3/20 => Loss 0.253, Train_accy 72.20:  10%|█         | 2/20 [03:46<22:49, 76.10s/it]
Task 2, Epoch 3/20 => Loss 0.253, Train_accy 72.20:  15%|█▌        | 3/20 [03:46<21:06, 74.49s/it]
Task 2, Epoch 4/20 => Loss 0.231, Train_accy 72.50:  15%|█▌        | 3/20 [04:58<21:06, 74.49s/it]
Task 2, Epoch 4/20 => Loss 0.231, Train_accy 72.50:  20%|██        | 4/20 [04:58<19:40, 73.78s/it]
Task 2, Epoch 5/20 => Loss 0.213, Train_accy 73.92:  20%|██        | 4/20 [06:11<19:40, 73.78s/it]
Task 2, Epoch 5/20 => Loss 0.213, Train_accy 73.92:  25%|██▌       | 5/20 [06:11<18:20, 73.39s/it]
Task 2, Epoch 6/20 => Loss 0.213, Train_accy 73.70, Test_accy 81.26:  25%|██▌       | 5/20 [07:31<18:20, 73.39s/it]
Task 2, Epoch 6/20 => Loss 0.213, Train_accy 73.70, Test_accy 81.26:  30%|███       | 6/20 [07:31<17:40, 75.73s/it]
Task 2, Epoch 7/20 => Loss 0.190, Train_accy 75.07:  30%|███       | 6/20 [08:44<17:40, 75.73s/it]                 
Task 2, Epoch 7/20 => Loss 0.190, Train_accy 75.07:  35%|███▌      | 7/20 [08:44<16:10, 74.67s/it]
Task 2, Epoch 8/20 => Loss 0.197, Train_accy 75.48:  35%|███▌      | 7/20 [09:56<16:10, 74.67s/it]
Task 2, Epoch 8/20 => Loss 0.197, Train_accy 75.48:  40%|████      | 8/20 [09:56<14:47, 73.96s/it]
Task 2, Epoch 9/20 => Loss 0.171, Train_accy 75.77:  40%|████      | 8/20 [11:09<14:47, 73.96s/it]
Task 2, Epoch 9/20 => Loss 0.171, Train_accy 75.77:  45%|████▌     | 9/20 [11:09<13:28, 73.48s/it]
Task 2, Epoch 10/20 => Loss 0.172, Train_accy 76.56:  45%|████▌     | 9/20 [12:21<13:28, 73.48s/it]
Task 2, Epoch 10/20 => Loss 0.172, Train_accy 76.56:  50%|█████     | 10/20 [12:21<12:12, 73.23s/it]
Task 2, Epoch 11/20 => Loss 0.171, Train_accy 76.61, Test_accy 82.20:  50%|█████     | 10/20 [13:42<12:12, 73.23s/it]
Task 2, Epoch 11/20 => Loss 0.171, Train_accy 76.61, Test_accy 82.20:  55%|█████▌    | 11/20 [13:42<11:19, 75.50s/it]
Task 2, Epoch 12/20 => Loss 0.174, Train_accy 77.06:  55%|█████▌    | 11/20 [14:55<11:19, 75.50s/it]                 
Task 2, Epoch 12/20 => Loss 0.174, Train_accy 77.06:  60%|██████    | 12/20 [14:55<09:56, 74.60s/it]
Task 2, Epoch 13/20 => Loss 0.155, Train_accy 77.07:  60%|██████    | 12/20 [16:07<09:56, 74.60s/it]
Task 2, Epoch 13/20 => Loss 0.155, Train_accy 77.07:  65%|██████▌   | 13/20 [16:07<08:37, 73.96s/it]
Task 2, Epoch 14/20 => Loss 0.160, Train_accy 76.18:  65%|██████▌   | 13/20 [17:20<08:37, 73.96s/it]
Task 2, Epoch 14/20 => Loss 0.160, Train_accy 76.18:  70%|███████   | 14/20 [17:20<07:21, 73.55s/it]
Task 2, Epoch 15/20 => Loss 0.159, Train_accy 76.65:  70%|███████   | 14/20 [18:32<07:21, 73.55s/it]
Task 2, Epoch 15/20 => Loss 0.159, Train_accy 76.65:  75%|███████▌  | 15/20 [18:32<06:06, 73.24s/it]
Task 2, Epoch 16/20 => Loss 0.148, Train_accy 77.69, Test_accy 83.04:  75%|███████▌  | 15/20 [19:52<06:06, 73.24s/it]
Task 2, Epoch 16/20 => Loss 0.148, Train_accy 77.69, Test_accy 83.04:  80%|████████  | 16/20 [19:52<05:01, 75.36s/it]
Task 2, Epoch 17/20 => Loss 0.158, Train_accy 77.31:  80%|████████  | 16/20 [21:05<05:01, 75.36s/it]                 
Task 2, Epoch 17/20 => Loss 0.158, Train_accy 77.31:  85%|████████▌ | 17/20 [21:05<03:43, 74.49s/it]
Task 2, Epoch 18/20 => Loss 0.153, Train_accy 78.36:  85%|████████▌ | 17/20 [22:17<03:43, 74.49s/it]
Task 2, Epoch 18/20 => Loss 0.153, Train_accy 78.36:  90%|█████████ | 18/20 [22:17<02:27, 73.91s/it]
Task 2, Epoch 19/20 => Loss 0.138, Train_accy 79.30:  90%|█████████ | 18/20 [23:30<02:27, 73.91s/it]
Task 2, Epoch 19/20 => Loss 0.138, Train_accy 79.30:  95%|█████████▌| 19/20 [23:30<01:13, 73.52s/it]
Task 2, Epoch 20/20 => Loss 0.148, Train_accy 78.69:  95%|█████████▌| 19/20 [24:43<01:13, 73.52s/it]
Task 2, Epoch 20/20 => Loss 0.148, Train_accy 78.69: 100%|██████████| 20/20 [24:43<00:00, 73.19s/it]
Task 2, Epoch 20/20 => Loss 0.148, Train_accy 78.69: 100%|██████████| 20/20 [24:43<00:00, 74.15s/it]
2025-07-07 00:44:51,817 [sdlora.py] => Task 2, Epoch 20/20 => Loss 0.148, Train_accy 78.69
2025-07-07 00:44:59,587 [trainer.py] => No NME accuracy.
2025-07-07 00:44:59,587 [trainer.py] => CNN: {'total': 82.81, '00-29': 77.5, '30-59': 88.65, '60-89': 82.3, 'old': 83.07, 'new': 82.3}
2025-07-07 00:44:59,587 [trainer.py] => CNN top1 curve: [92.5, 85.74, 82.81]
2025-07-07 00:44:59,588 [trainer.py] => CNN top5 curve: [100.0, 99.08, 98.0]

Average Accuracy (CNN): 87.01666666666667
2025-07-07 00:44:59,588 [trainer.py] => Average Accuracy (CNN): 87.01666666666667 

task 3
2025-07-07 00:44:59,593 [trainer.py] => All params: 172035183
2025-07-07 00:44:59,596 [trainer.py] => Trainable params: 437871
2025-07-07 00:44:59,600 [sdlora.py] => Learning on 90-120
save_file ./omni/

  0%|          | 0/20 [00:00<?, ?it/s]
Task 3, Epoch 1/20 => Loss 0.704, Train_accy 49.56, Test_accy 78.75:   0%|          | 0/20 [01:32<?, ?it/s]
Task 3, Epoch 1/20 => Loss 0.704, Train_accy 49.56, Test_accy 78.75:   5%|▌         | 1/20 [01:32<29:11, 92.19s/it]
Task 3, Epoch 2/20 => Loss 0.300, Train_accy 66.21:   5%|▌         | 1/20 [02:53<29:11, 92.19s/it]                 
Task 3, Epoch 2/20 => Loss 0.300, Train_accy 66.21:  10%|█         | 2/20 [02:53<25:45, 85.88s/it]
Task 3, Epoch 3/20 => Loss 0.260, Train_accy 66.77:  10%|█         | 2/20 [04:14<25:45, 85.88s/it]
Task 3, Epoch 3/20 => Loss 0.260, Train_accy 66.77:  15%|█▌        | 3/20 [04:14<23:43, 83.76s/it]
Task 3, Epoch 4/20 => Loss 0.236, Train_accy 67.40:  15%|█▌        | 3/20 [05:36<23:43, 83.76s/it]
Task 3, Epoch 4/20 => Loss 0.236, Train_accy 67.40:  20%|██        | 4/20 [05:36<22:03, 82.75s/it]
Task 3, Epoch 5/20 => Loss 0.226, Train_accy 67.30:  20%|██        | 4/20 [06:57<22:03, 82.75s/it]
Task 3, Epoch 5/20 => Loss 0.226, Train_accy 67.30:  25%|██▌       | 5/20 [06:57<20:32, 82.16s/it]
Task 3, Epoch 6/20 => Loss 0.204, Train_accy 68.72, Test_accy 79.04:  25%|██▌       | 5/20 [08:29<20:32, 82.16s/it]
Task 3, Epoch 6/20 => Loss 0.204, Train_accy 68.72, Test_accy 79.04:  30%|███       | 6/20 [08:29<19:56, 85.48s/it]
Task 3, Epoch 7/20 => Loss 0.211, Train_accy 68.79:  30%|███       | 6/20 [09:50<19:56, 85.48s/it]                 
Task 3, Epoch 7/20 => Loss 0.211, Train_accy 68.79:  35%|███▌      | 7/20 [09:50<18:13, 84.12s/it]
Task 3, Epoch 8/20 => Loss 0.192, Train_accy 69.81:  35%|███▌      | 7/20 [11:11<18:13, 84.12s/it]
Task 3, Epoch 8/20 => Loss 0.192, Train_accy 69.81:  40%|████      | 8/20 [11:11<16:37, 83.11s/it]
Task 3, Epoch 9/20 => Loss 0.187, Train_accy 69.53:  40%|████      | 8/20 [12:32<16:37, 83.11s/it]
Task 3, Epoch 9/20 => Loss 0.187, Train_accy 69.53:  45%|████▌     | 9/20 [12:32<15:06, 82.44s/it]
Task 3, Epoch 10/20 => Loss 0.195, Train_accy 70.46:  45%|████▌     | 9/20 [13:53<15:06, 82.44s/it]
Task 3, Epoch 10/20 => Loss 0.195, Train_accy 70.46:  50%|█████     | 10/20 [13:53<13:40, 82.06s/it]
Task 3, Epoch 11/20 => Loss 0.173, Train_accy 70.35, Test_accy 79.33:  50%|█████     | 10/20 [15:24<13:40, 82.06s/it]
Task 3, Epoch 11/20 => Loss 0.173, Train_accy 70.35, Test_accy 79.33:  55%|█████▌    | 11/20 [15:24<12:44, 84.91s/it]
Task 3, Epoch 12/20 => Loss 0.164, Train_accy 71.36:  55%|█████▌    | 11/20 [16:46<12:44, 84.91s/it]                 
Task 3, Epoch 12/20 => Loss 0.164, Train_accy 71.36:  60%|██████    | 12/20 [16:46<11:09, 83.74s/it]
Task 3, Epoch 13/20 => Loss 0.165, Train_accy 72.43:  60%|██████    | 12/20 [18:07<11:09, 83.74s/it]
Task 3, Epoch 13/20 => Loss 0.165, Train_accy 72.43:  65%|██████▌   | 13/20 [18:07<09:40, 82.93s/it]
Task 3, Epoch 14/20 => Loss 0.160, Train_accy 72.62:  65%|██████▌   | 13/20 [19:28<09:40, 82.93s/it]
Task 3, Epoch 14/20 => Loss 0.160, Train_accy 72.62:  70%|███████   | 14/20 [19:28<08:14, 82.47s/it]
Task 3, Epoch 15/20 => Loss 0.165, Train_accy 72.46:  70%|███████   | 14/20 [20:49<08:14, 82.47s/it]
Task 3, Epoch 15/20 => Loss 0.165, Train_accy 72.46:  75%|███████▌  | 15/20 [20:49<06:50, 82.11s/it]
Task 3, Epoch 16/20 => Loss 0.170, Train_accy 73.14, Test_accy 79.25:  75%|███████▌  | 15/20 [22:21<06:50, 82.11s/it]
Task 3, Epoch 16/20 => Loss 0.170, Train_accy 73.14, Test_accy 79.25:  80%|████████  | 16/20 [22:21<05:39, 84.98s/it]
Task 3, Epoch 17/20 => Loss 0.161, Train_accy 74.52:  80%|████████  | 16/20 [23:42<05:39, 84.98s/it]                 
Task 3, Epoch 17/20 => Loss 0.161, Train_accy 74.52:  85%|████████▌ | 17/20 [23:42<04:11, 83.83s/it]
Task 3, Epoch 18/20 => Loss 0.148, Train_accy 74.27:  85%|████████▌ | 17/20 [25:03<04:11, 83.83s/it]
Task 3, Epoch 18/20 => Loss 0.148, Train_accy 74.27:  90%|█████████ | 18/20 [25:03<02:45, 82.98s/it]
Task 3, Epoch 19/20 => Loss 0.152, Train_accy 74.33:  90%|█████████ | 18/20 [26:25<02:45, 82.98s/it]
Task 3, Epoch 19/20 => Loss 0.152, Train_accy 74.33:  95%|█████████▌| 19/20 [26:25<01:22, 82.54s/it]
Task 3, Epoch 20/20 => Loss 0.143, Train_accy 75.00:  95%|█████████▌| 19/20 [27:46<01:22, 82.54s/it]
Task 3, Epoch 20/20 => Loss 0.143, Train_accy 75.00: 100%|██████████| 20/20 [27:46<00:00, 82.11s/it]
Task 3, Epoch 20/20 => Loss 0.143, Train_accy 75.00: 100%|██████████| 20/20 [27:46<00:00, 83.31s/it]
2025-07-07 01:12:47,611 [sdlora.py] => Task 3, Epoch 20/20 => Loss 0.143, Train_accy 75.00
2025-07-07 01:12:58,001 [trainer.py] => No NME accuracy.
2025-07-07 01:12:58,002 [trainer.py] => CNN: {'total': 79.62, '00-29': 76.0, '30-59': 87.81, '60-89': 77.46, '90-119': 77.22, 'old': 80.42, 'new': 77.22}
2025-07-07 01:12:58,002 [trainer.py] => CNN top1 curve: [92.5, 85.74, 82.81, 79.62]
2025-07-07 01:12:58,002 [trainer.py] => CNN top5 curve: [100.0, 99.08, 98.0, 96.83]

Average Accuracy (CNN): 85.1675
2025-07-07 01:12:58,002 [trainer.py] => Average Accuracy (CNN): 85.1675 

task 4
2025-07-07 01:12:58,005 [trainer.py] => All params: 172058253
2025-07-07 01:12:58,007 [trainer.py] => Trainable params: 460941
2025-07-07 01:12:58,009 [sdlora.py] => Learning on 120-150
save_file ./omni/

  0%|          | 0/20 [00:00<?, ?it/s]
Task 4, Epoch 1/20 => Loss 0.717, Train_accy 49.66, Test_accy 76.02:   0%|          | 0/20 [01:40<?, ?it/s]
Task 4, Epoch 1/20 => Loss 0.717, Train_accy 49.66, Test_accy 76.02:   5%|▌         | 1/20 [01:40<31:43, 100.18s/it]
Task 4, Epoch 2/20 => Loss 0.276, Train_accy 69.28:   5%|▌         | 1/20 [03:07<31:43, 100.18s/it]                 
Task 4, Epoch 2/20 => Loss 0.276, Train_accy 69.28:  10%|█         | 2/20 [03:07<27:46, 92.57s/it] 
Task 4, Epoch 3/20 => Loss 0.264, Train_accy 70.49:  10%|█         | 2/20 [04:34<27:46, 92.57s/it]
Task 4, Epoch 3/20 => Loss 0.264, Train_accy 70.49:  15%|█▌        | 3/20 [04:34<25:32, 90.16s/it]
Task 4, Epoch 4/20 => Loss 0.241, Train_accy 71.54:  15%|█▌        | 3/20 [06:01<25:32, 90.16s/it]
Task 4, Epoch 4/20 => Loss 0.241, Train_accy 71.54:  20%|██        | 4/20 [06:01<23:40, 88.76s/it]
Task 4, Epoch 5/20 => Loss 0.236, Train_accy 72.26:  20%|██        | 4/20 [07:28<23:40, 88.76s/it]
Task 4, Epoch 5/20 => Loss 0.236, Train_accy 72.26:  25%|██▌       | 5/20 [07:28<22:00, 88.06s/it]
Task 4, Epoch 6/20 => Loss 0.208, Train_accy 73.16, Test_accy 77.25:  25%|██▌       | 5/20 [09:08<22:00, 88.06s/it]
Task 4, Epoch 6/20 => Loss 0.208, Train_accy 73.16, Test_accy 77.25:  30%|███       | 6/20 [09:08<21:29, 92.14s/it]
Task 4, Epoch 7/20 => Loss 0.206, Train_accy 73.14:  30%|███       | 6/20 [10:35<21:29, 92.14s/it]                 
Task 4, Epoch 7/20 => Loss 0.206, Train_accy 73.14:  35%|███▌      | 7/20 [10:35<19:38, 90.66s/it]
Task 4, Epoch 8/20 => Loss 0.206, Train_accy 72.91:  35%|███▌      | 7/20 [12:02<19:38, 90.66s/it]
Task 4, Epoch 8/20 => Loss 0.206, Train_accy 72.91:  40%|████      | 8/20 [12:02<17:51, 89.31s/it]
Task 4, Epoch 9/20 => Loss 0.191, Train_accy 74.15:  40%|████      | 8/20 [13:29<17:51, 89.31s/it]
Task 4, Epoch 9/20 => Loss 0.191, Train_accy 74.15:  45%|████▌     | 9/20 [13:29<16:14, 88.55s/it]
Task 4, Epoch 10/20 => Loss 0.185, Train_accy 73.81:  45%|████▌     | 9/20 [14:56<16:14, 88.55s/it]
Task 4, Epoch 10/20 => Loss 0.185, Train_accy 73.81:  50%|█████     | 10/20 [14:56<14:40, 88.10s/it]
Task 4, Epoch 11/20 => Loss 0.183, Train_accy 74.61, Test_accy 76.99:  50%|█████     | 10/20 [16:36<14:40, 88.10s/it]
Task 4, Epoch 11/20 => Loss 0.183, Train_accy 74.61, Test_accy 76.99:  55%|█████▌    | 11/20 [16:36<13:47, 91.97s/it]
Task 4, Epoch 12/20 => Loss 0.182, Train_accy 75.07:  55%|█████▌    | 11/20 [18:03<13:47, 91.97s/it]                 
Task 4, Epoch 12/20 => Loss 0.182, Train_accy 75.07:  60%|██████    | 12/20 [18:03<12:03, 90.46s/it]
Task 4, Epoch 13/20 => Loss 0.182, Train_accy 75.35:  60%|██████    | 12/20 [19:31<12:03, 90.46s/it]
Task 4, Epoch 13/20 => Loss 0.182, Train_accy 75.35:  65%|██████▌   | 13/20 [19:31<10:26, 89.45s/it]
Task 4, Epoch 14/20 => Loss 0.177, Train_accy 75.33:  65%|██████▌   | 13/20 [20:57<10:26, 89.45s/it]
Task 4, Epoch 14/20 => Loss 0.177, Train_accy 75.33:  70%|███████   | 14/20 [20:57<08:51, 88.56s/it]
Task 4, Epoch 15/20 => Loss 0.165, Train_accy 76.11:  70%|███████   | 14/20 [22:24<08:51, 88.56s/it]
Task 4, Epoch 15/20 => Loss 0.165, Train_accy 76.11:  75%|███████▌  | 15/20 [22:24<07:19, 87.94s/it]
Task 4, Epoch 16/20 => Loss 0.169, Train_accy 76.05, Test_accy 77.66:  75%|███████▌  | 15/20 [24:03<07:19, 87.94s/it]
Task 4, Epoch 16/20 => Loss 0.169, Train_accy 76.05, Test_accy 77.66:  80%|████████  | 16/20 [24:03<06:05, 91.48s/it]
Task 4, Epoch 17/20 => Loss 0.163, Train_accy 76.79:  80%|████████  | 16/20 [25:30<06:05, 91.48s/it]                 
Task 4, Epoch 17/20 => Loss 0.163, Train_accy 76.79:  85%|████████▌ | 17/20 [25:30<04:30, 90.03s/it]
Task 4, Epoch 18/20 => Loss 0.155, Train_accy 76.76:  85%|████████▌ | 17/20 [26:56<04:30, 90.03s/it]
Task 4, Epoch 18/20 => Loss 0.155, Train_accy 76.76:  90%|█████████ | 18/20 [26:56<02:57, 88.95s/it]
Task 4, Epoch 19/20 => Loss 0.158, Train_accy 77.87:  90%|█████████ | 18/20 [28:23<02:57, 88.95s/it]
Task 4, Epoch 19/20 => Loss 0.158, Train_accy 77.87:  95%|█████████▌| 19/20 [28:23<01:28, 88.19s/it]
Task 4, Epoch 20/20 => Loss 0.161, Train_accy 78.22:  95%|█████████▌| 19/20 [29:50<01:28, 88.19s/it]
Task 4, Epoch 20/20 => Loss 0.161, Train_accy 78.22: 100%|██████████| 20/20 [29:50<00:00, 87.77s/it]
Task 4, Epoch 20/20 => Loss 0.161, Train_accy 78.22: 100%|██████████| 20/20 [29:50<00:00, 89.50s/it]
2025-07-07 01:42:49,956 [sdlora.py] => Task 4, Epoch 20/20 => Loss 0.161, Train_accy 78.22
2025-07-07 01:43:03,296 [trainer.py] => No NME accuracy.
2025-07-07 01:43:03,296 [trainer.py] => CNN: {'total': 77.76, '00-29': 70.83, '30-59': 83.47, '60-89': 76.79, '90-119': 75.88, '120-149': 81.8, 'old': 76.74, 'new': 81.8}
2025-07-07 01:43:03,297 [trainer.py] => CNN top1 curve: [92.5, 85.74, 82.81, 79.62, 77.76]
2025-07-07 01:43:03,297 [trainer.py] => CNN top5 curve: [100.0, 99.08, 98.0, 96.83, 95.06]

Average Accuracy (CNN): 83.686
2025-07-07 01:43:03,297 [trainer.py] => Average Accuracy (CNN): 83.686 

task 5
2025-07-07 01:43:03,298 [trainer.py] => All params: 172081323
2025-07-07 01:43:03,300 [trainer.py] => Trainable params: 484011
2025-07-07 01:43:03,301 [sdlora.py] => Learning on 150-180
save_file ./omni/

  0%|          | 0/20 [00:00<?, ?it/s]
Task 5, Epoch 1/20 => Loss 0.795, Train_accy 41.42, Test_accy 72.86:   0%|          | 0/20 [01:46<?, ?it/s]
Task 5, Epoch 1/20 => Loss 0.795, Train_accy 41.42, Test_accy 72.86:   5%|▌         | 1/20 [01:46<33:51, 106.91s/it]
Task 5, Epoch 2/20 => Loss 0.335, Train_accy 57.53:   5%|▌         | 1/20 [03:16<33:51, 106.91s/it]                 
Task 5, Epoch 2/20 => Loss 0.335, Train_accy 57.53:  10%|█         | 2/20 [03:16<28:58, 96.59s/it] 
Task 5, Epoch 3/20 => Loss 0.280, Train_accy 58.23:  10%|█         | 2/20 [04:45<28:58, 96.59s/it]
Task 5, Epoch 3/20 => Loss 0.280, Train_accy 58.23:  15%|█▌        | 3/20 [04:45<26:25, 93.27s/it]
Task 5, Epoch 4/20 => Loss 0.239, Train_accy 58.66:  15%|█▌        | 3/20 [06:15<26:25, 93.27s/it]
Task 5, Epoch 4/20 => Loss 0.239, Train_accy 58.66:  20%|██        | 4/20 [06:15<24:31, 91.95s/it]
Task 5, Epoch 5/20 => Loss 0.232, Train_accy 59.92:  20%|██        | 4/20 [07:44<24:31, 91.95s/it]
Task 5, Epoch 5/20 => Loss 0.232, Train_accy 59.92:  25%|██▌       | 5/20 [07:44<22:45, 91.06s/it]
Task 5, Epoch 6/20 => Loss 0.214, Train_accy 60.28, Test_accy 74.30:  25%|██▌       | 5/20 [09:30<22:45, 91.06s/it]
Task 5, Epoch 6/20 => Loss 0.214, Train_accy 60.28, Test_accy 74.30:  30%|███       | 6/20 [09:30<22:24, 96.03s/it]
Task 5, Epoch 7/20 => Loss 0.206, Train_accy 61.14:  30%|███       | 6/20 [11:00<22:24, 96.03s/it]                 
Task 5, Epoch 7/20 => Loss 0.206, Train_accy 61.14:  35%|███▌      | 7/20 [11:00<20:20, 93.89s/it]
Task 5, Epoch 8/20 => Loss 0.197, Train_accy 61.16:  35%|███▌      | 7/20 [12:29<20:20, 93.89s/it]
Task 5, Epoch 8/20 => Loss 0.197, Train_accy 61.16:  40%|████      | 8/20 [12:29<18:28, 92.42s/it]
Task 5, Epoch 9/20 => Loss 0.179, Train_accy 60.94:  40%|████      | 8/20 [13:58<18:28, 92.42s/it]
Task 5, Epoch 9/20 => Loss 0.179, Train_accy 60.94:  45%|████▌     | 9/20 [13:58<16:46, 91.47s/it]
Task 5, Epoch 10/20 => Loss 0.170, Train_accy 62.01:  45%|████▌     | 9/20 [15:28<16:46, 91.47s/it]
Task 5, Epoch 10/20 => Loss 0.170, Train_accy 62.01:  50%|█████     | 10/20 [15:28<15:08, 90.87s/it]
Task 5, Epoch 11/20 => Loss 0.179, Train_accy 62.66, Test_accy 74.39:  50%|█████     | 10/20 [17:14<15:08, 90.87s/it]
Task 5, Epoch 11/20 => Loss 0.179, Train_accy 62.66, Test_accy 74.39:  55%|█████▌    | 11/20 [17:14<14:20, 95.62s/it]
Task 5, Epoch 12/20 => Loss 0.170, Train_accy 63.68:  55%|█████▌    | 11/20 [18:44<14:20, 95.62s/it]                 
Task 5, Epoch 12/20 => Loss 0.170, Train_accy 63.68:  60%|██████    | 12/20 [18:44<12:29, 93.75s/it]
Task 5, Epoch 13/20 => Loss 0.164, Train_accy 63.96:  60%|██████    | 12/20 [20:13<12:29, 93.75s/it]
Task 5, Epoch 13/20 => Loss 0.164, Train_accy 63.96:  65%|██████▌   | 13/20 [20:13<10:46, 92.42s/it]
Task 5, Epoch 14/20 => Loss 0.147, Train_accy 64.54:  65%|██████▌   | 13/20 [21:42<10:46, 92.42s/it]
Task 5, Epoch 14/20 => Loss 0.147, Train_accy 64.54:  70%|███████   | 14/20 [21:42<09:08, 91.48s/it]
Task 5, Epoch 15/20 => Loss 0.153, Train_accy 64.53:  70%|███████   | 14/20 [23:12<09:08, 91.48s/it]
Task 5, Epoch 15/20 => Loss 0.153, Train_accy 64.53:  75%|███████▌  | 15/20 [23:12<07:34, 90.86s/it]
Task 5, Epoch 16/20 => Loss 0.158, Train_accy 65.31, Test_accy 74.97:  75%|███████▌  | 15/20 [24:57<07:34, 90.86s/it]
Task 5, Epoch 16/20 => Loss 0.158, Train_accy 65.31, Test_accy 74.97:  80%|████████  | 16/20 [24:57<06:21, 95.31s/it]
Task 5, Epoch 17/20 => Loss 0.163, Train_accy 65.55:  80%|████████  | 16/20 [26:27<06:21, 95.31s/it]                 
Task 5, Epoch 17/20 => Loss 0.163, Train_accy 65.55:  85%|████████▌ | 17/20 [26:27<04:40, 93.48s/it]
Task 5, Epoch 18/20 => Loss 0.151, Train_accy 66.08:  85%|████████▌ | 17/20 [27:56<04:40, 93.48s/it]
Task 5, Epoch 18/20 => Loss 0.151, Train_accy 66.08:  90%|█████████ | 18/20 [27:56<03:04, 92.23s/it]
Task 5, Epoch 19/20 => Loss 0.140, Train_accy 66.37:  90%|█████████ | 18/20 [29:26<03:04, 92.23s/it]
Task 5, Epoch 19/20 => Loss 0.140, Train_accy 66.37:  95%|█████████▌| 19/20 [29:26<01:31, 91.43s/it]
Task 5, Epoch 20/20 => Loss 0.135, Train_accy 66.73:  95%|█████████▌| 19/20 [30:55<01:31, 91.43s/it]
Task 5, Epoch 20/20 => Loss 0.135, Train_accy 66.73: 100%|██████████| 20/20 [30:55<00:00, 90.90s/it]
Task 5, Epoch 20/20 => Loss 0.135, Train_accy 66.73: 100%|██████████| 20/20 [30:55<00:00, 92.79s/it]
2025-07-07 02:14:01,182 [sdlora.py] => Task 5, Epoch 20/20 => Loss 0.135, Train_accy 66.73
2025-07-07 02:14:17,551 [trainer.py] => No NME accuracy.
2025-07-07 02:14:17,552 [trainer.py] => CNN: {'total': 75.0, '00-29': 69.33, '30-59': 81.47, '60-89': 74.62, '90-119': 73.7, '120-149': 82.14, '150-179': 68.73, 'old': 76.25, 'new': 68.73}
2025-07-07 02:14:17,552 [trainer.py] => CNN top1 curve: [92.5, 85.74, 82.81, 79.62, 77.76, 75.0]
2025-07-07 02:14:17,552 [trainer.py] => CNN top5 curve: [100.0, 99.08, 98.0, 96.83, 95.06, 94.4]

Average Accuracy (CNN): 82.23833333333333
2025-07-07 02:14:17,552 [trainer.py] => Average Accuracy (CNN): 82.23833333333333 

task 6
2025-07-07 02:14:17,557 [trainer.py] => All params: 172104393
2025-07-07 02:14:17,559 [trainer.py] => Trainable params: 507081
2025-07-07 02:14:17,564 [sdlora.py] => Learning on 180-210
save_file ./omni/

  0%|          | 0/20 [00:00<?, ?it/s]
Task 6, Epoch 1/20 => Loss 0.774, Train_accy 49.56, Test_accy 71.50:   0%|          | 0/20 [01:54<?, ?it/s]
Task 6, Epoch 1/20 => Loss 0.774, Train_accy 49.56, Test_accy 71.50:   5%|▌         | 1/20 [01:54<36:14, 114.45s/it]
Task 6, Epoch 2/20 => Loss 0.313, Train_accy 64.63:   5%|▌         | 1/20 [03:28<36:14, 114.45s/it]                 
Task 6, Epoch 2/20 => Loss 0.313, Train_accy 64.63:  10%|█         | 2/20 [03:28<30:48, 102.68s/it]
Task 6, Epoch 3/20 => Loss 0.263, Train_accy 66.10:  10%|█         | 2/20 [05:03<30:48, 102.68s/it]
Task 6, Epoch 3/20 => Loss 0.263, Train_accy 66.10:  15%|█▌        | 3/20 [05:03<28:02, 98.97s/it] 
Task 6, Epoch 4/20 => Loss 0.245, Train_accy 67.16:  15%|█▌        | 3/20 [06:38<28:02, 98.97s/it]
Task 6, Epoch 4/20 => Loss 0.245, Train_accy 67.16:  20%|██        | 4/20 [06:38<25:55, 97.24s/it]
Task 6, Epoch 5/20 => Loss 0.229, Train_accy 68.69:  20%|██        | 4/20 [08:12<25:55, 97.24s/it]
Task 6, Epoch 5/20 => Loss 0.229, Train_accy 68.69:  25%|██▌       | 5/20 [08:12<24:04, 96.28s/it]
Task 6, Epoch 6/20 => Loss 0.210, Train_accy 68.50, Test_accy 72.26:  25%|██▌       | 5/20 [10:07<24:04, 96.28s/it]
Task 6, Epoch 6/20 => Loss 0.210, Train_accy 68.50, Test_accy 72.26:  30%|███       | 6/20 [10:07<23:54, 102.49s/it]
Task 6, Epoch 7/20 => Loss 0.215, Train_accy 69.24:  30%|███       | 6/20 [11:41<23:54, 102.49s/it]                 
Task 6, Epoch 7/20 => Loss 0.215, Train_accy 69.24:  35%|███▌      | 7/20 [11:41<21:38, 99.91s/it] 
Task 6, Epoch 8/20 => Loss 0.311, Train_accy 70.76:  35%|███▌      | 7/20 [13:16<21:38, 99.91s/it]
Task 6, Epoch 8/20 => Loss 0.311, Train_accy 70.76:  40%|████      | 8/20 [13:16<19:37, 98.15s/it]
Task 6, Epoch 9/20 => Loss 0.207, Train_accy 73.04:  40%|████      | 8/20 [14:50<19:37, 98.15s/it]
Task 6, Epoch 9/20 => Loss 0.207, Train_accy 73.04:  45%|████▌     | 9/20 [14:50<17:46, 96.95s/it]
Task 6, Epoch 10/20 => Loss 0.203, Train_accy 73.71:  45%|████▌     | 9/20 [16:25<17:46, 96.95s/it]
Task 6, Epoch 10/20 => Loss 0.203, Train_accy 73.71:  50%|█████     | 10/20 [16:25<16:03, 96.32s/it]
Task 6, Epoch 11/20 => Loss 0.179, Train_accy 75.01, Test_accy 73.22:  50%|█████     | 10/20 [18:19<16:03, 96.32s/it]
Task 6, Epoch 11/20 => Loss 0.179, Train_accy 75.01, Test_accy 73.22:  55%|█████▌    | 11/20 [18:19<15:16, 101.86s/it]
Task 6, Epoch 12/20 => Loss 0.169, Train_accy 74.90:  55%|█████▌    | 11/20 [19:54<15:16, 101.86s/it]                 
Task 6, Epoch 12/20 => Loss 0.169, Train_accy 74.90:  60%|██████    | 12/20 [19:54<13:17, 99.73s/it] 
Task 6, Epoch 13/20 => Loss 0.181, Train_accy 75.01:  60%|██████    | 12/20 [21:28<13:17, 99.73s/it]
Task 6, Epoch 13/20 => Loss 0.181, Train_accy 75.01:  65%|██████▌   | 13/20 [21:28<11:26, 98.09s/it]
Task 6, Epoch 14/20 => Loss 0.155, Train_accy 75.65:  65%|██████▌   | 13/20 [23:03<11:26, 98.09s/it]
Task 6, Epoch 14/20 => Loss 0.155, Train_accy 75.65:  70%|███████   | 14/20 [23:03<09:41, 96.99s/it]
Task 6, Epoch 15/20 => Loss 0.162, Train_accy 75.27:  70%|███████   | 14/20 [24:37<09:41, 96.99s/it]
Task 6, Epoch 15/20 => Loss 0.162, Train_accy 75.27:  75%|███████▌  | 15/20 [24:37<08:01, 96.21s/it]
Task 6, Epoch 16/20 => Loss 0.148, Train_accy 76.69, Test_accy 73.36:  75%|███████▌  | 15/20 [26:31<08:01, 96.21s/it]
Task 6, Epoch 16/20 => Loss 0.148, Train_accy 76.69, Test_accy 73.36:  80%|████████  | 16/20 [26:31<06:46, 101.58s/it]
Task 6, Epoch 17/20 => Loss 0.180, Train_accy 77.39:  80%|████████  | 16/20 [28:06<06:46, 101.58s/it]                 
Task 6, Epoch 17/20 => Loss 0.180, Train_accy 77.39:  85%|████████▌ | 17/20 [28:06<04:58, 99.54s/it] 
Task 6, Epoch 18/20 => Loss 0.213, Train_accy 79.06:  85%|████████▌ | 17/20 [29:41<04:58, 99.54s/it]
Task 6, Epoch 18/20 => Loss 0.213, Train_accy 79.06:  90%|█████████ | 18/20 [29:41<03:16, 98.06s/it]
Task 6, Epoch 19/20 => Loss 0.226, Train_accy 79.59:  90%|█████████ | 18/20 [31:15<03:16, 98.06s/it]
Task 6, Epoch 19/20 => Loss 0.226, Train_accy 79.59:  95%|█████████▌| 19/20 [31:15<01:37, 97.04s/it]
Task 6, Epoch 20/20 => Loss 0.152, Train_accy 80.33:  95%|█████████▌| 19/20 [32:50<01:37, 97.04s/it]
Task 6, Epoch 20/20 => Loss 0.152, Train_accy 80.33: 100%|██████████| 20/20 [32:50<00:00, 96.35s/it]
Task 6, Epoch 20/20 => Loss 0.152, Train_accy 80.33: 100%|██████████| 20/20 [32:50<00:00, 98.53s/it]
2025-07-07 02:47:09,883 [sdlora.py] => Task 6, Epoch 20/20 => Loss 0.152, Train_accy 80.33
2025-07-07 02:47:29,718 [trainer.py] => No NME accuracy.
2025-07-07 02:47:29,718 [trainer.py] => CNN: {'total': 73.62, '00-29': 68.67, '30-59': 78.46, '60-89': 67.78, '90-119': 71.19, '120-149': 78.63, '150-179': 64.88, '180-209': 85.76, 'old': 71.6, 'new': 85.76}
2025-07-07 02:47:29,718 [trainer.py] => CNN top1 curve: [92.5, 85.74, 82.81, 79.62, 77.76, 75.0, 73.62]
2025-07-07 02:47:29,718 [trainer.py] => CNN top5 curve: [100.0, 99.08, 98.0, 96.83, 95.06, 94.4, 93.39]

Average Accuracy (CNN): 81.00714285714285
2025-07-07 02:47:29,718 [trainer.py] => Average Accuracy (CNN): 81.00714285714285 

task 7
2025-07-07 02:47:29,721 [trainer.py] => All params: 172127463
2025-07-07 02:47:29,723 [trainer.py] => Trainable params: 530151
2025-07-07 02:47:29,726 [sdlora.py] => Learning on 210-240
save_file ./omni/

  0%|          | 0/20 [00:00<?, ?it/s]
Task 7, Epoch 1/20 => Loss 0.850, Train_accy 42.83, Test_accy 69.36:   0%|          | 0/20 [02:08<?, ?it/s]
Task 7, Epoch 1/20 => Loss 0.850, Train_accy 42.83, Test_accy 69.36:   5%|▌         | 1/20 [02:08<40:41, 128.50s/it]
Task 7, Epoch 2/20 => Loss 0.373, Train_accy 58.61:   5%|▌         | 1/20 [03:53<40:41, 128.50s/it]                 
Task 7, Epoch 2/20 => Loss 0.373, Train_accy 58.61:  10%|█         | 2/20 [03:53<34:22, 114.59s/it]
Task 7, Epoch 3/20 => Loss 0.339, Train_accy 60.03:  10%|█         | 2/20 [05:38<34:22, 114.59s/it]
Task 7, Epoch 3/20 => Loss 0.339, Train_accy 60.03:  15%|█▌        | 3/20 [05:38<31:14, 110.24s/it]
Task 7, Epoch 4/20 => Loss 0.305, Train_accy 61.37:  15%|█▌        | 3/20 [07:23<31:14, 110.24s/it]
Task 7, Epoch 4/20 => Loss 0.305, Train_accy 61.37:  20%|██        | 4/20 [07:23<28:54, 108.39s/it]
Task 7, Epoch 5/20 => Loss 0.272, Train_accy 62.22:  20%|██        | 4/20 [09:09<28:54, 108.39s/it]
Task 7, Epoch 5/20 => Loss 0.272, Train_accy 62.22:  25%|██▌       | 5/20 [09:09<26:51, 107.41s/it]
Task 7, Epoch 6/20 => Loss 0.265, Train_accy 62.87, Test_accy 71.03:  25%|██▌       | 5/20 [11:18<26:51, 107.41s/it]
Task 7, Epoch 6/20 => Loss 0.265, Train_accy 62.87, Test_accy 71.03:  30%|███       | 6/20 [11:18<26:45, 114.70s/it]
Task 7, Epoch 7/20 => Loss 0.266, Train_accy 63.41:  30%|███       | 6/20 [13:03<26:45, 114.70s/it]                 
Task 7, Epoch 7/20 => Loss 0.266, Train_accy 63.41:  35%|███▌      | 7/20 [13:03<24:10, 111.60s/it]
Task 7, Epoch 8/20 => Loss 0.237, Train_accy 64.52:  35%|███▌      | 7/20 [14:48<24:10, 111.60s/it]
Task 7, Epoch 8/20 => Loss 0.237, Train_accy 64.52:  40%|████      | 8/20 [14:48<21:54, 109.55s/it]
Task 7, Epoch 9/20 => Loss 0.230, Train_accy 65.81:  40%|████      | 8/20 [16:34<21:54, 109.55s/it]
Task 7, Epoch 9/20 => Loss 0.230, Train_accy 65.81:  45%|████▌     | 9/20 [16:34<19:49, 108.18s/it]
Task 7, Epoch 10/20 => Loss 0.236, Train_accy 65.95:  45%|████▌     | 9/20 [18:19<19:49, 108.18s/it]
Task 7, Epoch 10/20 => Loss 0.236, Train_accy 65.95:  50%|█████     | 10/20 [18:19<17:52, 107.23s/it]
Task 7, Epoch 11/20 => Loss 0.220, Train_accy 66.50, Test_accy 71.57:  50%|█████     | 10/20 [20:28<17:52, 107.23s/it]
Task 7, Epoch 11/20 => Loss 0.220, Train_accy 66.50, Test_accy 71.57:  55%|█████▌    | 11/20 [20:28<17:05, 113.97s/it]
Task 7, Epoch 12/20 => Loss 0.211, Train_accy 68.48:  55%|█████▌    | 11/20 [22:14<17:05, 113.97s/it]                 
Task 7, Epoch 12/20 => Loss 0.211, Train_accy 68.48:  60%|██████    | 12/20 [22:14<14:53, 111.66s/it]
Task 7, Epoch 13/20 => Loss 0.215, Train_accy 68.59:  60%|██████    | 12/20 [24:00<14:53, 111.66s/it]
Task 7, Epoch 13/20 => Loss 0.215, Train_accy 68.59:  65%|██████▌   | 13/20 [24:00<12:47, 109.71s/it]
Task 7, Epoch 14/20 => Loss 0.206, Train_accy 70.17:  65%|██████▌   | 13/20 [25:45<12:47, 109.71s/it]
Task 7, Epoch 14/20 => Loss 0.206, Train_accy 70.17:  70%|███████   | 14/20 [25:45<10:50, 108.38s/it]
Task 7, Epoch 15/20 => Loss 0.198, Train_accy 69.71:  70%|███████   | 14/20 [27:30<10:50, 108.38s/it]
Task 7, Epoch 15/20 => Loss 0.198, Train_accy 69.71:  75%|███████▌  | 15/20 [27:30<08:56, 107.37s/it]
Task 7, Epoch 16/20 => Loss 0.192, Train_accy 71.01, Test_accy 71.76:  75%|███████▌  | 15/20 [29:39<08:56, 107.37s/it]
Task 7, Epoch 16/20 => Loss 0.192, Train_accy 71.01, Test_accy 71.76:  80%|████████  | 16/20 [29:39<07:35, 113.90s/it]
Task 7, Epoch 17/20 => Loss 0.203, Train_accy 71.46:  80%|████████  | 16/20 [31:24<07:35, 113.90s/it]                 
Task 7, Epoch 17/20 => Loss 0.203, Train_accy 71.46:  85%|████████▌ | 17/20 [31:24<05:34, 111.34s/it]
Task 7, Epoch 18/20 => Loss 0.194, Train_accy 71.73:  85%|████████▌ | 17/20 [33:09<05:34, 111.34s/it]
Task 7, Epoch 18/20 => Loss 0.194, Train_accy 71.73:  90%|█████████ | 18/20 [33:09<03:38, 109.50s/it]
Task 7, Epoch 19/20 => Loss 0.193, Train_accy 72.53:  90%|█████████ | 18/20 [34:55<03:38, 109.50s/it]
Task 7, Epoch 19/20 => Loss 0.193, Train_accy 72.53:  95%|█████████▌| 19/20 [34:55<01:48, 108.19s/it]
Task 7, Epoch 20/20 => Loss 0.187, Train_accy 73.46:  95%|█████████▌| 19/20 [36:40<01:48, 108.19s/it]
Task 7, Epoch 20/20 => Loss 0.187, Train_accy 73.46: 100%|██████████| 20/20 [36:40<00:00, 107.25s/it]
Task 7, Epoch 20/20 => Loss 0.187, Train_accy 73.46: 100%|██████████| 20/20 [36:40<00:00, 110.01s/it]
2025-07-07 03:24:11,535 [sdlora.py] => Task 7, Epoch 20/20 => Loss 0.187, Train_accy 73.46
2025-07-07 03:24:35,151 [trainer.py] => No NME accuracy.
2025-07-07 03:24:35,152 [trainer.py] => CNN: {'total': 71.87, '00-29': 67.67, '30-59': 74.96, '60-89': 67.28, '90-119': 67.17, '120-149': 76.63, '150-179': 62.04, '180-209': 83.92, '210-239': 75.29, 'old': 71.38, 'new': 75.29}
2025-07-07 03:24:35,152 [trainer.py] => CNN top1 curve: [92.5, 85.74, 82.81, 79.62, 77.76, 75.0, 73.62, 71.87]
2025-07-07 03:24:35,152 [trainer.py] => CNN top5 curve: [100.0, 99.08, 98.0, 96.83, 95.06, 94.4, 93.39, 92.5]

Average Accuracy (CNN): 79.865
2025-07-07 03:24:35,152 [trainer.py] => Average Accuracy (CNN): 79.865 

task 8
2025-07-07 03:24:35,155 [trainer.py] => All params: 172150533
2025-07-07 03:24:35,157 [trainer.py] => Trainable params: 553221
2025-07-07 03:24:35,161 [sdlora.py] => Learning on 240-270
save_file ./omni/

  0%|          | 0/20 [00:00<?, ?it/s]
Task 8, Epoch 1/20 => Loss 0.594, Train_accy 40.81, Test_accy 68.41:   0%|          | 0/20 [02:16<?, ?it/s]
Task 8, Epoch 1/20 => Loss 0.594, Train_accy 40.81, Test_accy 68.41:   5%|▌         | 1/20 [02:16<43:17, 136.70s/it]
Task 8, Epoch 2/20 => Loss 0.205, Train_accy 60.42:   5%|▌         | 1/20 [04:05<43:17, 136.70s/it]                 
Task 8, Epoch 2/20 => Loss 0.205, Train_accy 60.42:  10%|█         | 2/20 [04:05<36:09, 120.55s/it]
Task 8, Epoch 3/20 => Loss 0.194, Train_accy 60.98:  10%|█         | 2/20 [05:55<36:09, 120.55s/it]
Task 8, Epoch 3/20 => Loss 0.194, Train_accy 60.98:  15%|█▌        | 3/20 [05:55<32:42, 115.47s/it]
Task 8, Epoch 4/20 => Loss 0.173, Train_accy 61.92:  15%|█▌        | 3/20 [07:44<32:42, 115.47s/it]
Task 8, Epoch 4/20 => Loss 0.173, Train_accy 61.92:  20%|██        | 4/20 [07:44<30:06, 112.93s/it]
Task 8, Epoch 5/20 => Loss 0.154, Train_accy 64.61:  20%|██        | 4/20 [09:33<30:06, 112.93s/it]
Task 8, Epoch 5/20 => Loss 0.154, Train_accy 64.61:  25%|██▌       | 5/20 [09:33<27:53, 111.57s/it]
Task 8, Epoch 6/20 => Loss 0.159, Train_accy 64.38, Test_accy 69.09:  25%|██▌       | 5/20 [11:49<27:53, 111.57s/it]
Task 8, Epoch 6/20 => Loss 0.159, Train_accy 64.38, Test_accy 69.09:  30%|███       | 6/20 [11:49<28:00, 120.02s/it]
Task 8, Epoch 7/20 => Loss 0.151, Train_accy 64.90:  30%|███       | 6/20 [13:38<28:00, 120.02s/it]                 
Task 8, Epoch 7/20 => Loss 0.151, Train_accy 64.90:  35%|███▌      | 7/20 [13:38<25:13, 116.39s/it]
Task 8, Epoch 8/20 => Loss 0.140, Train_accy 65.20:  35%|███▌      | 7/20 [15:28<25:13, 116.39s/it]
Task 8, Epoch 8/20 => Loss 0.140, Train_accy 65.20:  40%|████      | 8/20 [15:28<22:49, 114.15s/it]
Task 8, Epoch 9/20 => Loss 0.137, Train_accy 65.96:  40%|████      | 8/20 [17:17<22:49, 114.15s/it]
Task 8, Epoch 9/20 => Loss 0.137, Train_accy 65.96:  45%|████▌     | 9/20 [17:17<20:38, 112.60s/it]
Task 8, Epoch 10/20 => Loss 0.143, Train_accy 66.30:  45%|████▌     | 9/20 [19:06<20:38, 112.60s/it]
Task 8, Epoch 10/20 => Loss 0.143, Train_accy 66.30:  50%|█████     | 10/20 [19:06<18:35, 111.56s/it]
Task 8, Epoch 11/20 => Loss 0.133, Train_accy 67.20, Test_accy 69.57:  50%|█████     | 10/20 [21:23<18:35, 111.56s/it]
Task 8, Epoch 11/20 => Loss 0.133, Train_accy 67.20, Test_accy 69.57:  55%|█████▌    | 11/20 [21:23<17:53, 119.23s/it]
Task 8, Epoch 12/20 => Loss 0.119, Train_accy 66.95:  55%|█████▌    | 11/20 [23:12<17:53, 119.23s/it]                 
Task 8, Epoch 12/20 => Loss 0.119, Train_accy 66.95:  60%|██████    | 12/20 [23:12<15:29, 116.13s/it]
Task 8, Epoch 13/20 => Loss 0.118, Train_accy 68.12:  60%|██████    | 12/20 [25:01<15:29, 116.13s/it]
Task 8, Epoch 13/20 => Loss 0.118, Train_accy 68.12:  65%|██████▌   | 13/20 [25:01<13:17, 113.97s/it]
Task 8, Epoch 14/20 => Loss 0.114, Train_accy 69.22:  65%|██████▌   | 13/20 [26:50<13:17, 113.97s/it]
Task 8, Epoch 14/20 => Loss 0.114, Train_accy 69.22:  70%|███████   | 14/20 [26:50<11:14, 112.43s/it]
Task 8, Epoch 15/20 => Loss 0.130, Train_accy 68.47:  70%|███████   | 14/20 [28:39<11:14, 112.43s/it]
Task 8, Epoch 15/20 => Loss 0.130, Train_accy 68.47:  75%|███████▌  | 15/20 [28:39<09:17, 111.53s/it]
Task 8, Epoch 16/20 => Loss 0.111, Train_accy 69.28, Test_accy 69.70:  75%|███████▌  | 15/20 [30:56<09:17, 111.53s/it]
Task 8, Epoch 16/20 => Loss 0.111, Train_accy 69.28, Test_accy 69.70:  80%|████████  | 16/20 [30:56<07:56, 119.15s/it]
Task 8, Epoch 17/20 => Loss 0.115, Train_accy 69.24:  80%|████████  | 16/20 [32:45<07:56, 119.15s/it]                 
Task 8, Epoch 17/20 => Loss 0.115, Train_accy 69.24:  85%|████████▌ | 17/20 [32:45<05:48, 116.13s/it]
Task 8, Epoch 18/20 => Loss 0.105, Train_accy 69.63:  85%|████████▌ | 17/20 [34:34<05:48, 116.13s/it]
Task 8, Epoch 18/20 => Loss 0.105, Train_accy 69.63:  90%|█████████ | 18/20 [34:34<03:47, 113.97s/it]
Task 8, Epoch 19/20 => Loss 0.112, Train_accy 69.65:  90%|█████████ | 18/20 [36:23<03:47, 113.97s/it]
Task 8, Epoch 19/20 => Loss 0.112, Train_accy 69.65:  95%|█████████▌| 19/20 [36:23<01:52, 112.50s/it]
Task 8, Epoch 20/20 => Loss 0.109, Train_accy 68.83:  95%|█████████▌| 19/20 [38:12<01:52, 112.50s/it]
Task 8, Epoch 20/20 => Loss 0.109, Train_accy 68.83: 100%|██████████| 20/20 [38:12<00:00, 111.46s/it]
Task 8, Epoch 20/20 => Loss 0.109, Train_accy 68.83: 100%|██████████| 20/20 [38:12<00:00, 114.63s/it]
2025-07-07 04:02:49,690 [sdlora.py] => Task 8, Epoch 20/20 => Loss 0.109, Train_accy 68.83
2025-07-07 04:03:17,480 [trainer.py] => No NME accuracy.
2025-07-07 04:03:17,481 [trainer.py] => CNN: {'total': 69.56, '00-29': 66.33, '30-59': 75.96, '60-89': 64.27, '90-119': 63.48, '120-149': 73.79, '150-179': 58.53, '180-209': 78.89, '210-239': 71.12, '240-269': 73.62, 'old': 69.05, 'new': 73.62}
2025-07-07 04:03:17,481 [trainer.py] => CNN top1 curve: [92.5, 85.74, 82.81, 79.62, 77.76, 75.0, 73.62, 71.87, 69.56]
2025-07-07 04:03:17,481 [trainer.py] => CNN top5 curve: [100.0, 99.08, 98.0, 96.83, 95.06, 94.4, 93.39, 92.5, 92.39]

Average Accuracy (CNN): 78.72
2025-07-07 04:03:17,481 [trainer.py] => Average Accuracy (CNN): 78.72 

task 9
2025-07-07 04:03:17,483 [trainer.py] => All params: 172173603
2025-07-07 04:03:17,484 [trainer.py] => Trainable params: 576291
2025-07-07 04:03:17,487 [sdlora.py] => Learning on 270-300
save_file ./omni/

  0%|          | 0/20 [00:00<?, ?it/s]
Task 9, Epoch 1/20 => Loss 0.630, Train_accy 45.56, Test_accy 68.20:   0%|          | 0/20 [02:21<?, ?it/s]
Task 9, Epoch 1/20 => Loss 0.630, Train_accy 45.56, Test_accy 68.20:   5%|▌         | 1/20 [02:21<44:42, 141.21s/it]
Task 9, Epoch 2/20 => Loss 0.227, Train_accy 63.48:   5%|▌         | 1/20 [04:09<44:42, 141.21s/it]                 
Task 9, Epoch 2/20 => Loss 0.227, Train_accy 63.48:  10%|█         | 2/20 [04:09<36:30, 121.71s/it]
Task 9, Epoch 3/20 => Loss 0.192, Train_accy 64.41:  10%|█         | 2/20 [05:57<36:30, 121.71s/it]
Task 9, Epoch 3/20 => Loss 0.192, Train_accy 64.41:  15%|█▌        | 3/20 [05:57<32:43, 115.50s/it]
Task 9, Epoch 4/20 => Loss 0.180, Train_accy 65.44:  15%|█▌        | 3/20 [07:45<32:43, 115.50s/it]
Task 9, Epoch 4/20 => Loss 0.180, Train_accy 65.44:  20%|██        | 4/20 [07:45<30:00, 112.53s/it]
Task 9, Epoch 5/20 => Loss 0.178, Train_accy 66.58:  20%|██        | 4/20 [09:33<30:00, 112.53s/it]
Task 9, Epoch 5/20 => Loss 0.178, Train_accy 66.58:  25%|██▌       | 5/20 [09:33<27:43, 110.91s/it]
Task 9, Epoch 6/20 => Loss 0.158, Train_accy 66.88, Test_accy 68.86:  25%|██▌       | 5/20 [11:53<27:43, 110.91s/it]
Task 9, Epoch 6/20 => Loss 0.158, Train_accy 66.88, Test_accy 68.86:  30%|███       | 6/20 [11:53<28:10, 120.76s/it]
Task 9, Epoch 7/20 => Loss 0.154, Train_accy 67.27:  30%|███       | 6/20 [13:41<28:10, 120.76s/it]                 
Task 9, Epoch 7/20 => Loss 0.154, Train_accy 67.27:  35%|███▌      | 7/20 [13:41<25:16, 116.66s/it]
Task 9, Epoch 8/20 => Loss 0.144, Train_accy 67.63:  35%|███▌      | 7/20 [15:29<25:16, 116.66s/it]
Task 9, Epoch 8/20 => Loss 0.144, Train_accy 67.63:  40%|████      | 8/20 [15:29<22:46, 113.88s/it]
Task 9, Epoch 9/20 => Loss 0.138, Train_accy 67.90:  40%|████      | 8/20 [17:17<22:46, 113.88s/it]
Task 9, Epoch 9/20 => Loss 0.138, Train_accy 67.90:  45%|████▌     | 9/20 [17:17<20:31, 111.99s/it]
Task 9, Epoch 10/20 => Loss 0.136, Train_accy 69.62:  45%|████▌     | 9/20 [19:05<20:31, 111.99s/it]
Task 9, Epoch 10/20 => Loss 0.136, Train_accy 69.62:  50%|█████     | 10/20 [19:05<18:27, 110.75s/it]
Task 9, Epoch 11/20 => Loss 0.130, Train_accy 69.25, Test_accy 68.86:  50%|█████     | 10/20 [21:25<18:27, 110.75s/it]
Task 9, Epoch 11/20 => Loss 0.130, Train_accy 69.25, Test_accy 68.86:  55%|█████▌    | 11/20 [21:25<17:56, 119.64s/it]
Task 9, Epoch 12/20 => Loss 0.121, Train_accy 68.90:  55%|█████▌    | 11/20 [23:13<17:56, 119.64s/it]                 
Task 9, Epoch 12/20 => Loss 0.121, Train_accy 68.90:  60%|██████    | 12/20 [23:13<15:29, 116.19s/it]
Task 9, Epoch 13/20 => Loss 0.120, Train_accy 69.11:  60%|██████    | 12/20 [25:01<15:29, 116.19s/it]
Task 9, Epoch 13/20 => Loss 0.120, Train_accy 69.11:  65%|██████▌   | 13/20 [25:01<13:15, 113.68s/it]
Task 9, Epoch 14/20 => Loss 0.120, Train_accy 70.41:  65%|██████▌   | 13/20 [26:49<13:15, 113.68s/it]
Task 9, Epoch 14/20 => Loss 0.120, Train_accy 70.41:  70%|███████   | 14/20 [26:49<11:12, 112.12s/it]
Task 9, Epoch 15/20 => Loss 0.118, Train_accy 69.53:  70%|███████   | 14/20 [28:37<11:12, 112.12s/it]
Task 9, Epoch 15/20 => Loss 0.118, Train_accy 69.53:  75%|███████▌  | 15/20 [28:37<09:14, 110.83s/it]
Task 9, Epoch 16/20 => Loss 0.110, Train_accy 69.68, Test_accy 69.26:  75%|███████▌  | 15/20 [30:57<09:14, 110.83s/it]
Task 9, Epoch 16/20 => Loss 0.110, Train_accy 69.68, Test_accy 69.26:  80%|████████  | 16/20 [30:57<07:58, 119.55s/it]
Task 9, Epoch 17/20 => Loss 0.110, Train_accy 70.18:  80%|████████  | 16/20 [32:45<07:58, 119.55s/it]                 
Task 9, Epoch 17/20 => Loss 0.110, Train_accy 70.18:  85%|████████▌ | 17/20 [32:45<05:48, 116.05s/it]
Task 9, Epoch 18/20 => Loss 0.112, Train_accy 70.66:  85%|████████▌ | 17/20 [34:33<05:48, 116.05s/it]
Task 9, Epoch 18/20 => Loss 0.112, Train_accy 70.66:  90%|█████████ | 18/20 [34:33<03:47, 113.72s/it]
Task 9, Epoch 19/20 => Loss 0.116, Train_accy 71.02:  90%|█████████ | 18/20 [36:22<03:47, 113.72s/it]
Task 9, Epoch 19/20 => Loss 0.116, Train_accy 71.02:  95%|█████████▌| 19/20 [36:22<01:52, 112.16s/it]
Task 9, Epoch 20/20 => Loss 0.119, Train_accy 71.28:  95%|█████████▌| 19/20 [38:10<01:52, 112.16s/it]
Task 9, Epoch 20/20 => Loss 0.119, Train_accy 71.28: 100%|██████████| 20/20 [38:10<00:00, 110.96s/it]
Task 9, Epoch 20/20 => Loss 0.119, Train_accy 71.28: 100%|██████████| 20/20 [38:10<00:00, 114.51s/it]
2025-07-07 04:41:30,283 [sdlora.py] => Task 9, Epoch 20/20 => Loss 0.119, Train_accy 71.28
2025-07-07 04:42:02,143 [trainer.py] => No NME accuracy.
2025-07-07 04:42:02,144 [trainer.py] => CNN: {'total': 69.32, '00-29': 65.0, '30-59': 74.96, '60-89': 64.44, '90-119': 62.65, '120-149': 72.79, '150-179': 57.86, '180-209': 77.89, '210-239': 68.78, '240-269': 72.62, '270-299': 76.25, 'old': 68.55, 'new': 76.25}
2025-07-07 04:42:02,144 [trainer.py] => CNN top1 curve: [92.5, 85.74, 82.81, 79.62, 77.76, 75.0, 73.62, 71.87, 69.56, 69.32]
2025-07-07 04:42:02,144 [trainer.py] => CNN top5 curve: [100.0, 99.08, 98.0, 96.83, 95.06, 94.4, 93.39, 92.5, 92.39, 91.91]

Average Accuracy (CNN): 77.78
2025-07-07 04:42:02,144 [trainer.py] => Average Accuracy (CNN): 77.78 

Accuracy Matrix (CNN):
[[92.5  79.5  77.5  76.   70.83 69.33 68.67 67.67 66.33 65.  ]
 [ 0.   91.99 88.65 87.81 81.8  82.14 78.63 76.63 73.79 72.79]
 [ 0.    0.   82.3  77.46 83.47 68.73 64.88 62.04 58.53 57.86]
 [ 0.    0.    0.   77.22 76.79 81.47 85.76 83.92 78.89 77.89]
 [ 0.    0.    0.    0.   75.88 74.62 78.46 75.29 71.12 68.78]
 [ 0.    0.    0.    0.    0.   73.7  67.78 74.96 73.62 72.62]
 [ 0.    0.    0.    0.    0.    0.   71.19 67.28 75.96 76.25]
 [ 0.    0.    0.    0.    0.    0.    0.   67.17 64.27 74.96]
 [ 0.    0.    0.    0.    0.    0.    0.    0.   63.48 64.44]
 [ 0.    0.    0.    0.    0.    0.    0.    0.    0.   62.65]]
2025-07-07 04:42:02,146 [trainer.py] => Forgetting (CNN): 10.244444444444442
seed [1993]
devices_type ['7']
2025-07-07 04:42:05,229 [trainer.py] => config: ./exps/sdlora_vtab.json
2025-07-07 04:42:05,229 [trainer.py] => seed: 1993
2025-07-07 04:42:05,229 [trainer.py] => prefix: reproduce
2025-07-07 04:42:05,230 [trainer.py] => dataset: vtab
2025-07-07 04:42:05,230 [trainer.py] => memory_size: 0
2025-07-07 04:42:05,230 [trainer.py] => memory_per_class: 0
2025-07-07 04:42:05,230 [trainer.py] => fixed_memory: False
2025-07-07 04:42:05,230 [trainer.py] => shuffle: True
2025-07-07 04:42:05,230 [trainer.py] => init_cls: 10
2025-07-07 04:42:05,230 [trainer.py] => increment: 10
2025-07-07 04:42:05,230 [trainer.py] => model_name: sdlora
2025-07-07 04:42:05,230 [trainer.py] => backbone_type: vit_base_patch16_224
2025-07-07 04:42:05,230 [trainer.py] => device: [device(type='cuda', index=7)]
2025-07-07 04:42:05,230 [trainer.py] => optimizer: adam
2025-07-07 04:42:05,230 [trainer.py] => scheduler: constant
2025-07-07 04:42:05,230 [trainer.py] => filepath: ./vtab/
2025-07-07 04:42:05,230 [trainer.py] => init_epoch: 20
2025-07-07 04:42:05,230 [trainer.py] => init_lr: 0.01
2025-07-07 04:42:05,230 [trainer.py] => init_milestones: [10000]
2025-07-07 04:42:05,230 [trainer.py] => init_lr_decay: 0
2025-07-07 04:42:05,230 [trainer.py] => init_weight_decay: 0.0005
2025-07-07 04:42:05,230 [trainer.py] => epochs: 20
2025-07-07 04:42:05,230 [trainer.py] => lrate: 0.01
2025-07-07 04:42:05,230 [trainer.py] => milestones: [10000]
2025-07-07 04:42:05,230 [trainer.py] => lrate_decay: 0
2025-07-07 04:42:05,231 [trainer.py] => batch_size: 128
2025-07-07 04:42:05,231 [trainer.py] => weight_decay: 0.0002
{'10': 0, '11': 1, '12': 2, '13': 3, '14': 4, '15': 5, '16': 6, '17': 7, '18': 8, '19': 9, '20': 10, '21': 11, '22': 12, '23': 13, '24': 14, '25': 15, '26': 16, '27': 17, '28': 18, '29': 19, '30': 20, '31': 21, '32': 22, '33': 23, '34': 24, '35': 25, '36': 26, '37': 27, '38': 28, '39': 29, '40': 30, '41': 31, '42': 32, '43': 33, '44': 34, '45': 35, '46': 36, '47': 37, '48': 38, '49': 39, '50': 40, '51': 41, '52': 42, '53': 43, '54': 44, '55': 45, '56': 46, '57': 47, '58': 48, '59': 49}
{'10': 0, '11': 1, '12': 2, '13': 3, '14': 4, '15': 5, '16': 6, '17': 7, '18': 8, '19': 9, '20': 10, '21': 11, '22': 12, '23': 13, '24': 14, '25': 15, '26': 16, '27': 17, '28': 18, '29': 19, '30': 20, '31': 21, '32': 22, '33': 23, '34': 24, '35': 25, '36': 26, '37': 27, '38': 28, '39': 29, '40': 30, '41': 31, '42': 32, '43': 33, '44': 34, '45': 35, '46': 36, '47': 37, '48': 38, '49': 39, '50': 40, '51': 41, '52': 42, '53': 43, '54': 44, '55': 45, '56': 46, '57': 47, '58': 48, '59': 49}
2025-07-07 04:42:05,266 [data_manager.py] => [43, 41, 23, 14, 13, 40, 42, 22, 16, 45, 17, 10, 27, 46, 35, 8, 2, 34, 1, 37, 21, 0, 18, 36, 38, 24, 12, 6, 15, 20, 25, 48, 30, 19, 44, 26, 7, 28, 11, 5, 32, 4, 9, 47, 39, 31, 3, 29, 49, 33]
!!!!!!! multiple_gpus [device(type='cuda', index=7)]
This is for the BaseNet initialization.
save_file ./vtab/
Initialize task-id and curtask id
After BaseNet initialization.
task 0
2025-07-07 04:42:08,016 [trainer.py] => All params: 171965973
2025-07-07 04:42:08,017 [trainer.py] => Trainable params: 368661
2025-07-07 04:42:08,017 [sdlora.py] => Learning on 0-10

  0%|          | 0/20 [00:00<?, ?it/s]
Task 0, Epoch 1/20 => Loss 4.209, Train_accy 14.29, Test_accy 82.81:   0%|          | 0/20 [00:05<?, ?it/s]
Task 0, Epoch 1/20 => Loss 4.209, Train_accy 14.29, Test_accy 82.81:   5%|▌         | 1/20 [00:05<01:44,  5.50s/it]
Task 0, Epoch 2/20 => Loss 0.595, Train_accy 78.88:   5%|▌         | 1/20 [00:07<01:44,  5.50s/it]                 
Task 0, Epoch 2/20 => Loss 0.595, Train_accy 78.88:  10%|█         | 2/20 [00:07<00:59,  3.32s/it]
Task 0, Epoch 3/20 => Loss 0.471, Train_accy 91.93:  10%|█         | 2/20 [00:09<00:59,  3.32s/it]
Task 0, Epoch 3/20 => Loss 0.471, Train_accy 91.93:  15%|█▌        | 3/20 [00:09<00:44,  2.62s/it]
Task 0, Epoch 4/20 => Loss 0.082, Train_accy 95.65:  15%|█▌        | 3/20 [00:10<00:44,  2.62s/it]
Task 0, Epoch 4/20 => Loss 0.082, Train_accy 95.65:  20%|██        | 4/20 [00:10<00:36,  2.30s/it]
Task 0, Epoch 5/20 => Loss 0.172, Train_accy 95.65:  20%|██        | 4/20 [00:12<00:36,  2.30s/it]
Task 0, Epoch 5/20 => Loss 0.172, Train_accy 95.65:  25%|██▌       | 5/20 [00:12<00:31,  2.11s/it]
Task 0, Epoch 6/20 => Loss 0.128, Train_accy 97.52, Test_accy 99.39:  25%|██▌       | 5/20 [00:17<00:31,  2.11s/it]
Task 0, Epoch 6/20 => Loss 0.128, Train_accy 97.52, Test_accy 99.39:  30%|███       | 6/20 [00:17<00:44,  3.17s/it]
Task 0, Epoch 7/20 => Loss 0.063, Train_accy 98.76:  30%|███       | 6/20 [00:19<00:44,  3.17s/it]                 
Task 0, Epoch 7/20 => Loss 0.063, Train_accy 98.76:  35%|███▌      | 7/20 [00:19<00:35,  2.73s/it]
Task 0, Epoch 8/20 => Loss 0.083, Train_accy 98.14:  35%|███▌      | 7/20 [00:21<00:35,  2.73s/it]
Task 0, Epoch 8/20 => Loss 0.083, Train_accy 98.14:  40%|████      | 8/20 [00:21<00:29,  2.43s/it]
Task 0, Epoch 9/20 => Loss 0.057, Train_accy 98.76:  40%|████      | 8/20 [00:23<00:29,  2.43s/it]
Task 0, Epoch 9/20 => Loss 0.057, Train_accy 98.76:  45%|████▌     | 9/20 [00:23<00:24,  2.24s/it]
Task 0, Epoch 10/20 => Loss 0.008, Train_accy 100.00:  45%|████▌     | 9/20 [00:25<00:24,  2.24s/it]
Task 0, Epoch 10/20 => Loss 0.008, Train_accy 100.00:  50%|█████     | 10/20 [00:25<00:21,  2.10s/it]
Task 0, Epoch 11/20 => Loss 0.068, Train_accy 99.38, Test_accy 99.39:  50%|█████     | 10/20 [00:30<00:21,  2.10s/it]
Task 0, Epoch 11/20 => Loss 0.068, Train_accy 99.38, Test_accy 99.39:  55%|█████▌    | 11/20 [00:30<00:27,  3.09s/it]
Task 0, Epoch 12/20 => Loss 0.298, Train_accy 97.52:  55%|█████▌    | 11/20 [00:32<00:27,  3.09s/it]                 
Task 0, Epoch 12/20 => Loss 0.298, Train_accy 97.52:  60%|██████    | 12/20 [00:32<00:21,  2.69s/it]
Task 0, Epoch 13/20 => Loss 0.044, Train_accy 98.76:  60%|██████    | 12/20 [00:34<00:21,  2.69s/it]
Task 0, Epoch 13/20 => Loss 0.044, Train_accy 98.76:  65%|██████▌   | 13/20 [00:34<00:17,  2.44s/it]
Task 0, Epoch 14/20 => Loss 0.000, Train_accy 100.00:  65%|██████▌   | 13/20 [00:35<00:17,  2.44s/it]
Task 0, Epoch 14/20 => Loss 0.000, Train_accy 100.00:  70%|███████   | 14/20 [00:35<00:13,  2.26s/it]
Task 0, Epoch 15/20 => Loss 0.000, Train_accy 100.00:  70%|███████   | 14/20 [00:37<00:13,  2.26s/it]
Task 0, Epoch 15/20 => Loss 0.000, Train_accy 100.00:  75%|███████▌  | 15/20 [00:37<00:10,  2.13s/it]
Task 0, Epoch 16/20 => Loss 0.000, Train_accy 100.00, Test_accy 99.27:  75%|███████▌  | 15/20 [00:43<00:10,  2.13s/it]
Task 0, Epoch 16/20 => Loss 0.000, Train_accy 100.00, Test_accy 99.27:  80%|████████  | 16/20 [00:43<00:12,  3.09s/it]
Task 0, Epoch 17/20 => Loss 0.051, Train_accy 99.38:  80%|████████  | 16/20 [00:44<00:12,  3.09s/it]                  
Task 0, Epoch 17/20 => Loss 0.051, Train_accy 99.38:  85%|████████▌ | 17/20 [00:44<00:08,  2.70s/it]
Task 0, Epoch 18/20 => Loss 0.044, Train_accy 99.38:  85%|████████▌ | 17/20 [00:46<00:08,  2.70s/it]
Task 0, Epoch 18/20 => Loss 0.044, Train_accy 99.38:  90%|█████████ | 18/20 [00:46<00:04,  2.43s/it]
Task 0, Epoch 19/20 => Loss 0.091, Train_accy 98.76:  90%|█████████ | 18/20 [00:48<00:04,  2.43s/it]
Task 0, Epoch 19/20 => Loss 0.091, Train_accy 98.76:  95%|█████████▌| 19/20 [00:48<00:02,  2.25s/it]
Task 0, Epoch 20/20 => Loss 0.141, Train_accy 98.76:  95%|█████████▌| 19/20 [00:50<00:02,  2.25s/it]
Task 0, Epoch 20/20 => Loss 0.141, Train_accy 98.76: 100%|██████████| 20/20 [00:50<00:00,  2.11s/it]
Task 0, Epoch 20/20 => Loss 0.141, Train_accy 98.76: 100%|██████████| 20/20 [00:50<00:00,  2.51s/it]
2025-07-07 04:42:58,568 [sdlora.py] => Task 0, Epoch 20/20 => Loss 0.141, Train_accy 98.76
2025-07-07 04:43:02,128 [trainer.py] => No NME accuracy.
2025-07-07 04:43:02,128 [trainer.py] => CNN: {'total': 99.39, '00-09': 99.39, 'old': 0, 'new': 99.39}
2025-07-07 04:43:02,128 [trainer.py] => CNN top1 curve: [99.39]
2025-07-07 04:43:02,128 [trainer.py] => CNN top5 curve: [100.0]

Average Accuracy (CNN): 99.39
2025-07-07 04:43:02,129 [trainer.py] => Average Accuracy (CNN): 99.39 

task 1
2025-07-07 04:43:02,133 [trainer.py] => All params: 171973663
2025-07-07 04:43:02,135 [trainer.py] => Trainable params: 376351
2025-07-07 04:43:02,136 [sdlora.py] => Learning on 10-20
save_file ./vtab/

  0%|          | 0/20 [00:00<?, ?it/s]
Task 1, Epoch 1/20 => Loss 3.449, Train_accy 15.22, Test_accy 68.07:   0%|          | 0/20 [00:13<?, ?it/s]
Task 1, Epoch 1/20 => Loss 3.449, Train_accy 15.22, Test_accy 68.07:   5%|▌         | 1/20 [00:13<04:24, 13.93s/it]
Task 1, Epoch 2/20 => Loss 1.296, Train_accy 57.49:   5%|▌         | 1/20 [00:17<04:24, 13.93s/it]                 
Task 1, Epoch 2/20 => Loss 1.296, Train_accy 57.49:  10%|█         | 2/20 [00:17<02:23,  8.00s/it]
Task 1, Epoch 3/20 => Loss 1.046, Train_accy 80.43:  10%|█         | 2/20 [00:21<02:23,  8.00s/it]
Task 1, Epoch 3/20 => Loss 1.046, Train_accy 80.43:  15%|█▌        | 3/20 [00:21<01:43,  6.08s/it]
Task 1, Epoch 4/20 => Loss 0.864, Train_accy 89.61:  15%|█▌        | 3/20 [00:25<01:43,  6.08s/it]
Task 1, Epoch 4/20 => Loss 0.864, Train_accy 89.61:  20%|██        | 4/20 [00:25<01:22,  5.19s/it]
Task 1, Epoch 5/20 => Loss 0.516, Train_accy 93.00:  20%|██        | 4/20 [00:29<01:22,  5.19s/it]
Task 1, Epoch 5/20 => Loss 0.516, Train_accy 93.00:  25%|██▌       | 5/20 [00:29<01:10,  4.68s/it]
Task 1, Epoch 6/20 => Loss 0.479, Train_accy 95.17, Test_accy 93.82:  25%|██▌       | 5/20 [00:43<01:10,  4.68s/it]
Task 1, Epoch 6/20 => Loss 0.479, Train_accy 95.17, Test_accy 93.82:  30%|███       | 6/20 [00:43<01:49,  7.80s/it]
Task 1, Epoch 7/20 => Loss 0.255, Train_accy 95.17:  30%|███       | 6/20 [00:46<01:49,  7.80s/it]                 
Task 1, Epoch 7/20 => Loss 0.255, Train_accy 95.17:  35%|███▌      | 7/20 [00:46<01:24,  6.49s/it]
Task 1, Epoch 8/20 => Loss 0.163, Train_accy 95.89:  35%|███▌      | 7/20 [00:50<01:24,  6.49s/it]
Task 1, Epoch 8/20 => Loss 0.163, Train_accy 95.89:  40%|████      | 8/20 [00:50<01:07,  5.61s/it]
Task 1, Epoch 9/20 => Loss 0.397, Train_accy 96.38:  40%|████      | 8/20 [00:54<01:07,  5.61s/it]
Task 1, Epoch 9/20 => Loss 0.397, Train_accy 96.38:  45%|████▌     | 9/20 [00:54<00:55,  5.04s/it]
Task 1, Epoch 10/20 => Loss 0.365, Train_accy 96.38:  45%|████▌     | 9/20 [00:58<00:55,  5.04s/it]
Task 1, Epoch 10/20 => Loss 0.365, Train_accy 96.38:  50%|█████     | 10/20 [00:58<00:46,  4.66s/it]
Task 1, Epoch 11/20 => Loss 0.168, Train_accy 97.10, Test_accy 95.36:  50%|█████     | 10/20 [01:12<00:46,  4.66s/it]
Task 1, Epoch 11/20 => Loss 0.168, Train_accy 97.10, Test_accy 95.36:  55%|█████▌    | 11/20 [01:12<01:07,  7.51s/it]
Task 1, Epoch 12/20 => Loss 0.222, Train_accy 95.65:  55%|█████▌    | 11/20 [01:15<01:07,  7.51s/it]                 
Task 1, Epoch 12/20 => Loss 0.222, Train_accy 95.65:  60%|██████    | 12/20 [01:15<00:51,  6.38s/it]
Task 1, Epoch 13/20 => Loss 0.183, Train_accy 96.38:  60%|██████    | 12/20 [01:19<00:51,  6.38s/it]
Task 1, Epoch 13/20 => Loss 0.183, Train_accy 96.38:  65%|██████▌   | 13/20 [01:19<00:39,  5.58s/it]
Task 1, Epoch 14/20 => Loss 0.126, Train_accy 96.38:  65%|██████▌   | 13/20 [01:23<00:39,  5.58s/it]
Task 1, Epoch 14/20 => Loss 0.126, Train_accy 96.38:  70%|███████   | 14/20 [01:23<00:30,  5.04s/it]
Task 1, Epoch 15/20 => Loss 0.230, Train_accy 95.41:  70%|███████   | 14/20 [01:27<00:30,  5.04s/it]
Task 1, Epoch 15/20 => Loss 0.230, Train_accy 95.41:  75%|███████▌  | 15/20 [01:27<00:23,  4.66s/it]
Task 1, Epoch 16/20 => Loss 0.116, Train_accy 96.38, Test_accy 94.27:  75%|███████▌  | 15/20 [01:41<00:23,  4.66s/it]
Task 1, Epoch 16/20 => Loss 0.116, Train_accy 96.38, Test_accy 94.27:  80%|████████  | 16/20 [01:41<00:29,  7.45s/it]
Task 1, Epoch 17/20 => Loss 0.333, Train_accy 94.93:  80%|████████  | 16/20 [01:44<00:29,  7.45s/it]                 
Task 1, Epoch 17/20 => Loss 0.333, Train_accy 94.93:  85%|████████▌ | 17/20 [01:44<00:19,  6.36s/it]
Task 1, Epoch 18/20 => Loss 0.172, Train_accy 94.69:  85%|████████▌ | 17/20 [01:48<00:19,  6.36s/it]
Task 1, Epoch 18/20 => Loss 0.172, Train_accy 94.69:  90%|█████████ | 18/20 [01:48<00:11,  5.59s/it]
Task 1, Epoch 19/20 => Loss 0.123, Train_accy 96.62:  90%|█████████ | 18/20 [01:52<00:11,  5.59s/it]
Task 1, Epoch 19/20 => Loss 0.123, Train_accy 96.62:  95%|█████████▌| 19/20 [01:52<00:05,  5.05s/it]
Task 1, Epoch 20/20 => Loss 0.148, Train_accy 97.10:  95%|█████████▌| 19/20 [01:56<00:05,  5.05s/it]
Task 1, Epoch 20/20 => Loss 0.148, Train_accy 97.10: 100%|██████████| 20/20 [01:56<00:00,  4.68s/it]
Task 1, Epoch 20/20 => Loss 0.148, Train_accy 97.10: 100%|██████████| 20/20 [01:56<00:00,  5.82s/it]
2025-07-07 04:45:00,074 [sdlora.py] => Task 1, Epoch 20/20 => Loss 0.148, Train_accy 97.10
2025-07-07 04:45:10,156 [trainer.py] => No NME accuracy.
2025-07-07 04:45:10,156 [trainer.py] => CNN: {'total': 93.61, '00-09': 91.4, '10-19': 94.51, 'old': 91.4, 'new': 94.51}
2025-07-07 04:45:10,157 [trainer.py] => CNN top1 curve: [99.39, 93.61]
2025-07-07 04:45:10,157 [trainer.py] => CNN top5 curve: [100.0, 99.75]

Average Accuracy (CNN): 96.5
2025-07-07 04:45:10,157 [trainer.py] => Average Accuracy (CNN): 96.5 

task 2
2025-07-07 04:45:10,161 [trainer.py] => All params: 171981353
2025-07-07 04:45:10,164 [trainer.py] => Trainable params: 384041
2025-07-07 04:45:10,165 [sdlora.py] => Learning on 20-30
save_file ./vtab/

  0%|          | 0/20 [00:00<?, ?it/s]
Task 2, Epoch 1/20 => Loss 2.968, Train_accy 0.27, Test_accy 59.26:   0%|          | 0/20 [00:20<?, ?it/s]
Task 2, Epoch 1/20 => Loss 2.968, Train_accy 0.27, Test_accy 59.26:   5%|▌         | 1/20 [00:20<06:20, 20.03s/it]
Task 2, Epoch 2/20 => Loss 0.712, Train_accy 8.49:   5%|▌         | 1/20 [00:23<06:20, 20.03s/it]                 
Task 2, Epoch 2/20 => Loss 0.712, Train_accy 8.49:  10%|█         | 2/20 [00:23<03:08, 10.46s/it]
Task 2, Epoch 3/20 => Loss 0.230, Train_accy 29.32:  10%|█         | 2/20 [00:27<03:08, 10.46s/it]
Task 2, Epoch 3/20 => Loss 0.230, Train_accy 29.32:  15%|█▌        | 3/20 [00:27<02:06,  7.42s/it]
Task 2, Epoch 4/20 => Loss 0.177, Train_accy 42.19:  15%|█▌        | 3/20 [00:31<02:06,  7.42s/it]
Task 2, Epoch 4/20 => Loss 0.177, Train_accy 42.19:  20%|██        | 4/20 [00:31<01:35,  5.98s/it]
Task 2, Epoch 5/20 => Loss 0.120, Train_accy 54.52:  20%|██        | 4/20 [00:35<01:35,  5.98s/it]
Task 2, Epoch 5/20 => Loss 0.120, Train_accy 54.52:  25%|██▌       | 5/20 [00:35<01:17,  5.17s/it]
Task 2, Epoch 6/20 => Loss 0.116, Train_accy 65.75, Test_accy 78.97:  25%|██▌       | 5/20 [00:55<01:17,  5.17s/it]
Task 2, Epoch 6/20 => Loss 0.116, Train_accy 65.75, Test_accy 78.97:  30%|███       | 6/20 [00:55<02:23, 10.25s/it]
Task 2, Epoch 7/20 => Loss 0.086, Train_accy 73.97:  30%|███       | 6/20 [00:59<02:23, 10.25s/it]                 
Task 2, Epoch 7/20 => Loss 0.086, Train_accy 73.97:  35%|███▌      | 7/20 [00:59<01:45,  8.15s/it]
Task 2, Epoch 8/20 => Loss 0.094, Train_accy 76.99:  35%|███▌      | 7/20 [01:02<01:45,  8.15s/it]
Task 2, Epoch 8/20 => Loss 0.094, Train_accy 76.99:  40%|████      | 8/20 [01:02<01:20,  6.74s/it]
Task 2, Epoch 9/20 => Loss 0.060, Train_accy 80.55:  40%|████      | 8/20 [01:06<01:20,  6.74s/it]
Task 2, Epoch 9/20 => Loss 0.060, Train_accy 80.55:  45%|████▌     | 9/20 [01:06<01:03,  5.79s/it]
Task 2, Epoch 10/20 => Loss 0.188, Train_accy 79.73:  45%|████▌     | 9/20 [01:10<01:03,  5.79s/it]
Task 2, Epoch 10/20 => Loss 0.188, Train_accy 79.73:  50%|█████     | 10/20 [01:10<00:51,  5.16s/it]
Task 2, Epoch 11/20 => Loss 0.106, Train_accy 81.64, Test_accy 80.33:  50%|█████     | 10/20 [01:30<00:51,  5.16s/it]
Task 2, Epoch 11/20 => Loss 0.106, Train_accy 81.64, Test_accy 80.33:  55%|█████▌    | 11/20 [01:30<01:27,  9.70s/it]
Task 2, Epoch 12/20 => Loss 0.106, Train_accy 79.73:  55%|█████▌    | 11/20 [01:33<01:27,  9.70s/it]                 
Task 2, Epoch 12/20 => Loss 0.106, Train_accy 79.73:  60%|██████    | 12/20 [01:33<01:03,  7.89s/it]
Task 2, Epoch 13/20 => Loss 0.088, Train_accy 82.74:  60%|██████    | 12/20 [01:37<01:03,  7.89s/it]
Task 2, Epoch 13/20 => Loss 0.088, Train_accy 82.74:  65%|██████▌   | 13/20 [01:37<00:46,  6.63s/it]
Task 2, Epoch 14/20 => Loss 0.090, Train_accy 85.21:  65%|██████▌   | 13/20 [01:41<00:46,  6.63s/it]
Task 2, Epoch 14/20 => Loss 0.090, Train_accy 85.21:  70%|███████   | 14/20 [01:41<00:34,  5.77s/it]
Task 2, Epoch 15/20 => Loss 0.048, Train_accy 83.56:  70%|███████   | 14/20 [01:45<00:34,  5.77s/it]
Task 2, Epoch 15/20 => Loss 0.048, Train_accy 83.56:  75%|███████▌  | 15/20 [01:45<00:25,  5.16s/it]
Task 2, Epoch 16/20 => Loss 0.057, Train_accy 85.21, Test_accy 79.58:  75%|███████▌  | 15/20 [02:05<00:25,  5.16s/it]
Task 2, Epoch 16/20 => Loss 0.057, Train_accy 85.21, Test_accy 79.58:  80%|████████  | 16/20 [02:05<00:38,  9.69s/it]
Task 2, Epoch 17/20 => Loss 0.059, Train_accy 86.03:  80%|████████  | 16/20 [02:09<00:38,  9.69s/it]                 
Task 2, Epoch 17/20 => Loss 0.059, Train_accy 86.03:  85%|████████▌ | 17/20 [02:09<00:23,  7.91s/it]
Task 2, Epoch 18/20 => Loss 0.103, Train_accy 83.56:  85%|████████▌ | 17/20 [02:13<00:23,  7.91s/it]
Task 2, Epoch 18/20 => Loss 0.103, Train_accy 83.56:  90%|█████████ | 18/20 [02:13<00:13,  6.69s/it]
Task 2, Epoch 19/20 => Loss 0.068, Train_accy 86.58:  90%|█████████ | 18/20 [02:16<00:13,  6.69s/it]
Task 2, Epoch 19/20 => Loss 0.068, Train_accy 86.58:  95%|█████████▌| 19/20 [02:16<00:05,  5.83s/it]
Task 2, Epoch 20/20 => Loss 0.044, Train_accy 85.75:  95%|█████████▌| 19/20 [02:20<00:05,  5.83s/it]
Task 2, Epoch 20/20 => Loss 0.044, Train_accy 85.75: 100%|██████████| 20/20 [02:20<00:00,  5.24s/it]
Task 2, Epoch 20/20 => Loss 0.044, Train_accy 85.75: 100%|██████████| 20/20 [02:20<00:00,  7.04s/it]
2025-07-07 04:47:32,622 [sdlora.py] => Task 2, Epoch 20/20 => Loss 0.044, Train_accy 85.75
2025-07-07 04:47:49,191 [trainer.py] => No NME accuracy.
2025-07-07 04:47:49,191 [trainer.py] => CNN: {'total': 80.27, '00-09': 80.87, '10-19': 74.42, '20-29': 87.2, 'old': 76.29, 'new': 87.2}
2025-07-07 04:47:49,191 [trainer.py] => CNN top1 curve: [99.39, 93.61, 80.27]
2025-07-07 04:47:49,191 [trainer.py] => CNN top5 curve: [100.0, 99.75, 98.15]

Average Accuracy (CNN): 91.08999999999999
2025-07-07 04:47:49,191 [trainer.py] => Average Accuracy (CNN): 91.08999999999999 

task 3
2025-07-07 04:47:49,194 [trainer.py] => All params: 171989043
2025-07-07 04:47:49,196 [trainer.py] => Trainable params: 391731
2025-07-07 04:47:49,197 [sdlora.py] => Learning on 30-40
save_file ./vtab/

  0%|          | 0/20 [00:00<?, ?it/s]
Task 3, Epoch 1/20 => Loss 2.661, Train_accy 0.33, Test_accy 62.84:   0%|          | 0/20 [00:25<?, ?it/s]
Task 3, Epoch 1/20 => Loss 2.661, Train_accy 0.33, Test_accy 62.84:   5%|▌         | 1/20 [00:25<08:10, 25.82s/it]
Task 3, Epoch 2/20 => Loss 0.795, Train_accy 0.66:   5%|▌         | 1/20 [00:29<08:10, 25.82s/it]                 
Task 3, Epoch 2/20 => Loss 0.795, Train_accy 0.66:  10%|█         | 2/20 [00:29<03:50, 12.80s/it]
Task 3, Epoch 3/20 => Loss 0.160, Train_accy 5.28:  10%|█         | 2/20 [00:33<03:50, 12.80s/it]
Task 3, Epoch 3/20 => Loss 0.160, Train_accy 5.28:  15%|█▌        | 3/20 [00:33<02:25,  8.58s/it]
Task 3, Epoch 4/20 => Loss 0.076, Train_accy 27.72:  15%|█▌        | 3/20 [00:36<02:25,  8.58s/it]
Task 3, Epoch 4/20 => Loss 0.076, Train_accy 27.72:  20%|██        | 4/20 [00:36<01:45,  6.58s/it]
Task 3, Epoch 5/20 => Loss 0.064, Train_accy 49.17:  20%|██        | 4/20 [00:40<01:45,  6.58s/it]
Task 3, Epoch 5/20 => Loss 0.064, Train_accy 49.17:  25%|██▌       | 5/20 [00:40<01:22,  5.48s/it]
Task 3, Epoch 6/20 => Loss 0.031, Train_accy 60.40, Test_accy 77.23:  25%|██▌       | 5/20 [01:05<01:22,  5.48s/it]
Task 3, Epoch 6/20 => Loss 0.031, Train_accy 60.40, Test_accy 77.23:  30%|███       | 6/20 [01:05<02:51, 12.27s/it]
Task 3, Epoch 7/20 => Loss 0.012, Train_accy 68.98:  30%|███       | 6/20 [01:09<02:51, 12.27s/it]                 
Task 3, Epoch 7/20 => Loss 0.012, Train_accy 68.98:  35%|███▌      | 7/20 [01:09<02:02,  9.41s/it]
Task 3, Epoch 8/20 => Loss 0.073, Train_accy 70.96:  35%|███▌      | 7/20 [01:12<02:02,  9.41s/it]
Task 3, Epoch 8/20 => Loss 0.073, Train_accy 70.96:  40%|████      | 8/20 [01:12<01:30,  7.54s/it]
Task 3, Epoch 9/20 => Loss 0.070, Train_accy 74.92:  40%|████      | 8/20 [01:16<01:30,  7.54s/it]
Task 3, Epoch 9/20 => Loss 0.070, Train_accy 74.92:  45%|████▌     | 9/20 [01:16<01:09,  6.28s/it]
Task 3, Epoch 10/20 => Loss 0.039, Train_accy 79.87:  45%|████▌     | 9/20 [01:19<01:09,  6.28s/it]
Task 3, Epoch 10/20 => Loss 0.039, Train_accy 79.87:  50%|█████     | 10/20 [01:19<00:54,  5.45s/it]
Task 3, Epoch 11/20 => Loss 0.015, Train_accy 81.52, Test_accy 80.61:  50%|█████     | 10/20 [01:45<00:54,  5.45s/it]
Task 3, Epoch 11/20 => Loss 0.015, Train_accy 81.52, Test_accy 80.61:  55%|█████▌    | 11/20 [01:45<01:44, 11.56s/it]
Task 3, Epoch 12/20 => Loss 0.084, Train_accy 79.87:  55%|█████▌    | 11/20 [01:48<01:44, 11.56s/it]                 
Task 3, Epoch 12/20 => Loss 0.084, Train_accy 79.87:  60%|██████    | 12/20 [01:48<01:13,  9.14s/it]
Task 3, Epoch 13/20 => Loss 0.009, Train_accy 80.53:  60%|██████    | 12/20 [01:52<01:13,  9.14s/it]
Task 3, Epoch 13/20 => Loss 0.009, Train_accy 80.53:  65%|██████▌   | 13/20 [01:52<00:52,  7.43s/it]
Task 3, Epoch 14/20 => Loss 0.015, Train_accy 80.20:  65%|██████▌   | 13/20 [01:55<00:52,  7.43s/it]
Task 3, Epoch 14/20 => Loss 0.015, Train_accy 80.20:  70%|███████   | 14/20 [01:55<00:37,  6.25s/it]
Task 3, Epoch 15/20 => Loss 0.024, Train_accy 83.50:  70%|███████   | 14/20 [01:59<00:37,  6.25s/it]
Task 3, Epoch 15/20 => Loss 0.024, Train_accy 83.50:  75%|███████▌  | 15/20 [01:59<00:27,  5.43s/it]
Task 3, Epoch 16/20 => Loss 0.066, Train_accy 83.17, Test_accy 80.91:  75%|███████▌  | 15/20 [02:24<00:27,  5.43s/it]
Task 3, Epoch 16/20 => Loss 0.066, Train_accy 83.17, Test_accy 80.91:  80%|████████  | 16/20 [02:24<00:45, 11.42s/it]
Task 3, Epoch 17/20 => Loss 0.022, Train_accy 83.83:  80%|████████  | 16/20 [02:28<00:45, 11.42s/it]                 
Task 3, Epoch 17/20 => Loss 0.022, Train_accy 83.83:  85%|████████▌ | 17/20 [02:28<00:27,  9.04s/it]
Task 3, Epoch 18/20 => Loss 0.045, Train_accy 83.50:  85%|████████▌ | 17/20 [02:31<00:27,  9.04s/it]
Task 3, Epoch 18/20 => Loss 0.045, Train_accy 83.50:  90%|█████████ | 18/20 [02:31<00:14,  7.38s/it]
Task 3, Epoch 19/20 => Loss 0.044, Train_accy 83.83:  90%|█████████ | 18/20 [02:35<00:14,  7.38s/it]
Task 3, Epoch 19/20 => Loss 0.044, Train_accy 83.83:  95%|█████████▌| 19/20 [02:35<00:06,  6.23s/it]
Task 3, Epoch 20/20 => Loss 0.002, Train_accy 84.82:  95%|█████████▌| 19/20 [02:38<00:06,  6.23s/it]
Task 3, Epoch 20/20 => Loss 0.002, Train_accy 84.82: 100%|██████████| 20/20 [02:38<00:00,  5.42s/it]
Task 3, Epoch 20/20 => Loss 0.002, Train_accy 84.82: 100%|██████████| 20/20 [02:38<00:00,  7.94s/it]
2025-07-07 04:50:30,782 [sdlora.py] => Task 3, Epoch 20/20 => Loss 0.002, Train_accy 84.82
2025-07-07 04:50:52,610 [trainer.py] => No NME accuracy.
2025-07-07 04:50:52,611 [trainer.py] => CNN: {'total': 81.2, '00-09': 82.32, '10-19': 81.15, '20-29': 81.87, '30-39': 79.68, 'old': 81.63, 'new': 79.68}
2025-07-07 04:50:52,611 [trainer.py] => CNN top1 curve: [99.39, 93.61, 80.27, 81.2]
2025-07-07 04:50:52,611 [trainer.py] => CNN top5 curve: [100.0, 99.75, 98.15, 98.06]

Average Accuracy (CNN): 88.61749999999999
2025-07-07 04:50:52,611 [trainer.py] => Average Accuracy (CNN): 88.61749999999999 

task 4
2025-07-07 04:50:52,613 [trainer.py] => All params: 171996733
2025-07-07 04:50:52,615 [trainer.py] => Trainable params: 399421
2025-07-07 04:50:52,617 [sdlora.py] => Learning on 40-50
save_file ./vtab/

  0%|          | 0/20 [00:00<?, ?it/s]
Task 4, Epoch 1/20 => Loss 1.925, Train_accy 0.00, Test_accy 53.59:   0%|          | 0/20 [00:40<?, ?it/s]
Task 4, Epoch 1/20 => Loss 1.925, Train_accy 0.00, Test_accy 53.59:   5%|▌         | 1/20 [00:40<12:44, 40.21s/it]
Task 4, Epoch 2/20 => Loss 0.419, Train_accy 11.39:   5%|▌         | 1/20 [00:46<12:44, 40.21s/it]                
Task 4, Epoch 2/20 => Loss 0.419, Train_accy 11.39:  10%|█         | 2/20 [00:46<06:01, 20.08s/it]
Task 4, Epoch 3/20 => Loss 0.388, Train_accy 32.19:  10%|█         | 2/20 [00:52<06:01, 20.08s/it]
Task 4, Epoch 3/20 => Loss 0.388, Train_accy 32.19:  15%|█▌        | 3/20 [00:52<03:51, 13.62s/it]
Task 4, Epoch 4/20 => Loss 0.278, Train_accy 55.88:  15%|█▌        | 3/20 [00:58<03:51, 13.62s/it]
Task 4, Epoch 4/20 => Loss 0.278, Train_accy 55.88:  20%|██        | 4/20 [00:58<02:49, 10.59s/it]
Task 4, Epoch 5/20 => Loss 0.282, Train_accy 60.94:  20%|██        | 4/20 [01:04<02:49, 10.59s/it]
Task 4, Epoch 5/20 => Loss 0.282, Train_accy 60.94:  25%|██▌       | 5/20 [01:04<02:13,  8.92s/it]
Task 4, Epoch 6/20 => Loss 0.230, Train_accy 70.71, Test_accy 70.45:  25%|██▌       | 5/20 [01:44<02:13,  8.92s/it]
Task 4, Epoch 6/20 => Loss 0.230, Train_accy 70.71, Test_accy 70.45:  30%|███       | 6/20 [01:44<04:34, 19.58s/it]
Task 4, Epoch 7/20 => Loss 0.295, Train_accy 74.32:  30%|███       | 6/20 [01:50<04:34, 19.58s/it]                 
Task 4, Epoch 7/20 => Loss 0.295, Train_accy 74.32:  35%|███▌      | 7/20 [01:50<03:16, 15.13s/it]
Task 4, Epoch 8/20 => Loss 0.188, Train_accy 73.06:  35%|███▌      | 7/20 [01:56<03:16, 15.13s/it]
Task 4, Epoch 8/20 => Loss 0.188, Train_accy 73.06:  40%|████      | 8/20 [01:56<02:26, 12.22s/it]
Task 4, Epoch 9/20 => Loss 0.221, Train_accy 70.71:  40%|████      | 8/20 [02:02<02:26, 12.22s/it]
Task 4, Epoch 9/20 => Loss 0.221, Train_accy 70.71:  45%|████▌     | 9/20 [02:02<01:52, 10.26s/it]
Task 4, Epoch 10/20 => Loss 0.146, Train_accy 75.05:  45%|████▌     | 9/20 [02:08<01:52, 10.26s/it]
Task 4, Epoch 10/20 => Loss 0.146, Train_accy 75.05:  50%|█████     | 10/20 [02:08<01:29,  8.99s/it]
Task 4, Epoch 11/20 => Loss 0.202, Train_accy 70.89, Test_accy 66.67:  50%|█████     | 10/20 [02:48<01:29,  8.99s/it]
Task 4, Epoch 11/20 => Loss 0.202, Train_accy 70.89, Test_accy 66.67:  55%|█████▌    | 11/20 [02:48<02:47, 18.65s/it]
Task 4, Epoch 12/20 => Loss 0.200, Train_accy 68.35:  55%|█████▌    | 11/20 [02:54<02:47, 18.65s/it]                 
Task 4, Epoch 12/20 => Loss 0.200, Train_accy 68.35:  60%|██████    | 12/20 [02:54<01:58, 14.81s/it]
Task 4, Epoch 13/20 => Loss 0.080, Train_accy 67.27:  60%|██████    | 12/20 [03:00<01:58, 14.81s/it]
Task 4, Epoch 13/20 => Loss 0.080, Train_accy 67.27:  65%|██████▌   | 13/20 [03:00<01:24, 12.13s/it]
Task 4, Epoch 14/20 => Loss 0.109, Train_accy 71.07:  65%|██████▌   | 13/20 [03:06<01:24, 12.13s/it]
Task 4, Epoch 14/20 => Loss 0.109, Train_accy 71.07:  70%|███████   | 14/20 [03:06<01:01, 10.27s/it]
Task 4, Epoch 15/20 => Loss 0.094, Train_accy 72.88:  70%|███████   | 14/20 [03:12<01:01, 10.27s/it]
Task 4, Epoch 15/20 => Loss 0.094, Train_accy 72.88:  75%|███████▌  | 15/20 [03:12<00:45,  9.00s/it]
Task 4, Epoch 16/20 => Loss 0.087, Train_accy 71.43, Test_accy 67.28:  75%|███████▌  | 15/20 [03:53<00:45,  9.00s/it]
Task 4, Epoch 16/20 => Loss 0.087, Train_accy 71.43, Test_accy 67.28:  80%|████████  | 16/20 [03:53<01:13, 18.40s/it]
Task 4, Epoch 17/20 => Loss 0.097, Train_accy 71.43:  80%|████████  | 16/20 [03:59<01:13, 18.40s/it]                 
Task 4, Epoch 17/20 => Loss 0.097, Train_accy 71.43:  85%|████████▌ | 17/20 [03:59<00:43, 14.66s/it]
Task 4, Epoch 18/20 => Loss 0.100, Train_accy 71.97:  85%|████████▌ | 17/20 [04:05<00:43, 14.66s/it]
Task 4, Epoch 18/20 => Loss 0.100, Train_accy 71.97:  90%|█████████ | 18/20 [04:05<00:24, 12.04s/it]
Task 4, Epoch 19/20 => Loss 0.108, Train_accy 67.45:  90%|█████████ | 18/20 [04:11<00:24, 12.04s/it]
Task 4, Epoch 19/20 => Loss 0.108, Train_accy 67.45:  95%|█████████▌| 19/20 [04:11<00:10, 10.25s/it]
Task 4, Epoch 20/20 => Loss 0.098, Train_accy 69.26:  95%|█████████▌| 19/20 [04:17<00:10, 10.25s/it]
Task 4, Epoch 20/20 => Loss 0.098, Train_accy 69.26: 100%|██████████| 20/20 [04:17<00:00,  8.98s/it]
Task 4, Epoch 20/20 => Loss 0.098, Train_accy 69.26: 100%|██████████| 20/20 [04:17<00:00, 12.86s/it]
2025-07-07 04:55:11,541 [sdlora.py] => Task 4, Epoch 20/20 => Loss 0.098, Train_accy 69.26
2025-07-07 04:55:45,753 [trainer.py] => No NME accuracy.
2025-07-07 04:55:45,753 [trainer.py] => CNN: {'total': 67.73, '00-09': 83.17, '10-19': 75.21, '20-29': 60.99, '30-39': 54.72, '40-49': 67.53, 'old': 67.84, 'new': 67.53}
2025-07-07 04:55:45,754 [trainer.py] => CNN top1 curve: [99.39, 93.61, 80.27, 81.2, 67.73]
2025-07-07 04:55:45,754 [trainer.py] => CNN top5 curve: [100.0, 99.75, 98.15, 98.06, 97.16]

Average Accuracy (CNN): 84.44
2025-07-07 04:55:45,754 [trainer.py] => Average Accuracy (CNN): 84.44 

Accuracy Matrix (CNN):
[[99.39 91.4  80.87 82.32 83.17]
 [ 0.   94.51 74.42 81.15 75.21]
 [ 0.    0.   87.2  81.87 60.99]
 [ 0.    0.    0.   79.68 54.72]
 [ 0.    0.    0.    0.   67.53]]
2025-07-07 04:55:45,754 [trainer.py] => Forgetting (CNN): 21.672500000000007