2026-06-01 20:51:49,872 [trainer.py] => config: ./configs/l2p/l2p_omn_B0_Inc5.json
2026-06-01 20:51:49,872 [trainer.py] => prefix:  
2026-06-01 20:51:49,872 [trainer.py] => dataset: omnibenchmark
2026-06-01 20:51:49,872 [trainer.py] => memory_size: 0
2026-06-01 20:51:49,872 [trainer.py] => memory_per_class: 0
2026-06-01 20:51:49,872 [trainer.py] => fixed_memory: False
2026-06-01 20:51:49,872 [trainer.py] => shuffle: True
2026-06-01 20:51:49,872 [trainer.py] => init_cls: 5
2026-06-01 20:51:49,872 [trainer.py] => increment: 5
2026-06-01 20:51:49,872 [trainer.py] => model_name: l2p
2026-06-01 20:51:49,872 [trainer.py] => backbone_type: vit_base_patch16_224_in21k_l2p
2026-06-01 20:51:49,872 [trainer.py] => get_original_backbone: True
2026-06-01 20:51:49,872 [trainer.py] => device: [device(type='cuda', index=2)]
2026-06-01 20:51:49,872 [trainer.py] => seed: 1994
2026-06-01 20:51:49,872 [trainer.py] => tuned_epoch: 20
2026-06-01 20:51:49,872 [trainer.py] => init_lr: 0.001875
2026-06-01 20:51:49,872 [trainer.py] => batch_size: 48
2026-06-01 20:51:49,872 [trainer.py] => weight_decay: 0
2026-06-01 20:51:49,872 [trainer.py] => min_lr: 1e-05
2026-06-01 20:51:49,872 [trainer.py] => optimizer: adam
2026-06-01 20:51:49,872 [trainer.py] => scheduler: constant
2026-06-01 20:51:49,872 [trainer.py] => reinit_optimizer: True
2026-06-01 20:51:49,872 [trainer.py] => global_pool: token
2026-06-01 20:51:49,872 [trainer.py] => head_type: prompt
2026-06-01 20:51:49,872 [trainer.py] => freeze: ['blocks', 'patch_embed', 'cls_token', 'norm', 'pos_embed']
2026-06-01 20:51:49,872 [trainer.py] => pretrained: True
2026-06-01 20:51:49,872 [trainer.py] => drop: 0.0
2026-06-01 20:51:49,872 [trainer.py] => drop_path: 0.0
2026-06-01 20:51:49,873 [trainer.py] => prompt_pool: True
2026-06-01 20:51:49,873 [trainer.py] => size: 10
2026-06-01 20:51:49,873 [trainer.py] => length: 5
2026-06-01 20:51:49,873 [trainer.py] => top_k: 5
2026-06-01 20:51:49,873 [trainer.py] => initializer: uniform
2026-06-01 20:51:49,873 [trainer.py] => prompt_key: True
2026-06-01 20:51:49,873 [trainer.py] => prompt_key_init: uniform
2026-06-01 20:51:49,873 [trainer.py] => use_prompt_mask: False
2026-06-01 20:51:49,873 [trainer.py] => shared_prompt_pool: False
2026-06-01 20:51:49,873 [trainer.py] => shared_prompt_key: False
2026-06-01 20:51:49,873 [trainer.py] => batchwise_prompt: True
2026-06-01 20:51:49,873 [trainer.py] => embedding_key: cls
2026-06-01 20:51:49,873 [trainer.py] => predefined_key: 
2026-06-01 20:51:49,873 [trainer.py] => pull_constraint: True
2026-06-01 20:51:49,873 [trainer.py] => pull_constraint_coeff: 0.1
2026-06-01 20:51:49,873 [trainer.py] => nb_classes: 300
2026-06-01 20:51:49,873 [trainer.py] => nb_tasks: 60
2026-06-01 20:51:50,166 [data_manager.py] => [79, 231, 55, 293, 15, 281, 208, 119, 12, 11, 254, 126, 287, 215, 152, 278, 284, 140, 95, 72, 207, 232, 289, 171, 178, 189, 63, 86, 41, 159, 87, 103, 22, 80, 274, 73, 263, 122, 23, 28, 114, 273, 220, 185, 4, 70, 156, 286, 56, 115, 240, 268, 296, 174, 204, 113, 81, 221, 6, 101, 135, 224, 64, 269, 190, 244, 182, 181, 219, 198, 163, 150, 134, 210, 206, 202, 147, 234, 197, 222, 66, 144, 51, 24, 44, 209, 175, 195, 264, 205, 90, 21, 138, 52, 151, 124, 100, 121, 83, 132, 169, 285, 225, 27, 214, 236, 213, 162, 153, 271, 98, 233, 275, 299, 127, 29, 246, 50, 45, 280, 116, 242, 145, 165, 26, 149, 20, 186, 48, 129, 40, 2, 18, 241, 112, 200, 75, 85, 249, 68, 54, 59, 230, 228, 74, 253, 194, 77, 217, 227, 14, 8, 211, 297, 19, 226, 88, 96, 106, 9, 255, 38, 33, 176, 93, 35, 109, 69, 216, 92, 183, 47, 99, 39, 108, 160, 282, 199, 71, 201, 196, 120, 133, 270, 243, 250, 247, 288, 118, 136, 283, 187, 1, 184, 117, 130, 237, 32, 102, 177, 65, 173, 46, 267, 290, 128, 239, 0, 107, 167, 261, 43, 170, 104, 298, 262, 248, 60, 256, 78, 3, 58, 265, 62, 259, 61, 218, 157, 110, 143, 141, 252, 295, 97, 25, 291, 245, 125, 272, 17, 49, 161, 31, 155, 166, 251, 179, 94, 111, 142, 192, 229, 172, 16, 53, 168, 188, 158, 91, 258, 13, 10, 42, 36, 238, 105, 154, 257, 7, 277, 294, 279, 137, 266, 139, 292, 164, 276, 57, 123, 89, 82, 148, 67, 37, 146, 193, 131, 180, 5, 84, 260, 235, 223, 191, 30, 212, 76, 203, 34]
2026-06-01 20:51:52,408 [vit_l2p.py] => Resized position embedding: torch.Size([1, 197, 768]) to torch.Size([1, 222, 768])
2026-06-01 20:51:52,409 [vit_l2p.py] => Position embedding grid-size from [14, 14] to (14, 14)
2026-06-01 20:51:55,037 [l2p.py] => 86,094,636 model total parameters.
2026-06-01 20:51:55,038 [l2p.py] => 276,780 model training parameters.
2026-06-01 20:51:55,038 [l2p.py] => prompt.prompt: 38400
2026-06-01 20:51:55,038 [l2p.py] => prompt.prompt_key: 7680
2026-06-01 20:51:55,038 [l2p.py] => head.weight: 230400
2026-06-01 20:51:55,038 [l2p.py] => head.bias: 300
2026-06-01 20:51:55,039 [trainer.py] => All params: 172123992
2026-06-01 20:51:55,040 [trainer.py] => Trainable params: 276780
2026-06-01 20:51:55,040 [l2p.py] => Learning on 0-5
2026-06-01 20:58:10,084 [l2p.py] => Task 0, Epoch 20/20 => Loss -0.082, Train_accy 93.35, Test_accy 81.00
2026-06-01 20:58:11,894 [trainer.py] => Timing Task 0 => Train 375.04s, Epochs 20, Train 18.7522s/epoch, Inference 1.81s, Images 100, Inference 18.0872ms/image
2026-06-01 20:58:11,894 [trainer.py] => No NME accuracy.
2026-06-01 20:58:11,894 [trainer.py] => CNN: {'total': 81.0, '00-04': 81.0, 'old': 0, 'new': 81.0}
2026-06-01 20:58:11,894 [trainer.py] => CNN top1 curve: [81.0]
2026-06-01 20:58:11,894 [trainer.py] => CNN top5 curve: [100.0]
2026-06-01 20:58:11,894 [trainer.py] => Average Accuracy (CNN): 81.0
2026-06-01 20:58:11,895 [trainer.py] => All params: 172123992
2026-06-01 20:58:11,896 [trainer.py] => Trainable params: 276780
2026-06-01 20:58:11,896 [l2p.py] => Learning on 5-10
2026-06-01 21:03:43,548 [l2p.py] => Task 1, Epoch 20/20 => Loss -0.191, Train_accy 98.13, Test_accy 86.50
2026-06-01 21:03:45,947 [trainer.py] => Timing Task 1 => Train 331.65s, Epochs 20, Train 16.5827s/epoch, Inference 2.40s, Images 200, Inference 11.9874ms/image
2026-06-01 21:03:45,947 [trainer.py] => No NME accuracy.
2026-06-01 21:03:45,947 [trainer.py] => CNN: {'total': 86.5, '00-04': 77.0, '05-09': 96.0, 'old': 77.0, 'new': 96.0}
2026-06-01 21:03:45,948 [trainer.py] => CNN top1 curve: [81.0, 86.5]
2026-06-01 21:03:45,948 [trainer.py] => CNN top5 curve: [100.0, 100.0]
2026-06-01 21:03:45,948 [trainer.py] => Average Accuracy (CNN): 83.75
2026-06-01 21:03:45,950 [trainer.py] => All params: 172123992
2026-06-01 21:03:45,952 [trainer.py] => Trainable params: 276780
2026-06-01 21:03:45,952 [l2p.py] => Learning on 10-15
2026-06-01 21:09:30,330 [l2p.py] => Task 2, Epoch 20/20 => Loss -0.205, Train_accy 98.80, Test_accy 89.67
2026-06-01 21:09:33,074 [trainer.py] => Timing Task 2 => Train 344.38s, Epochs 20, Train 17.2189s/epoch, Inference 2.74s, Images 300, Inference 9.1429ms/image
2026-06-01 21:09:33,074 [trainer.py] => No NME accuracy.
2026-06-01 21:09:33,074 [trainer.py] => CNN: {'total': 89.67, '00-04': 75.0, '05-09': 96.0, '10-14': 98.0, 'old': 85.5, 'new': 98.0}
2026-06-01 21:09:33,075 [trainer.py] => CNN top1 curve: [81.0, 86.5, 89.67]
2026-06-01 21:09:33,075 [trainer.py] => CNN top5 curve: [100.0, 100.0, 99.67]
2026-06-01 21:09:33,075 [trainer.py] => Average Accuracy (CNN): 85.72
2026-06-01 21:09:33,078 [trainer.py] => All params: 172123992
2026-06-01 21:09:33,081 [trainer.py] => Trainable params: 276780
2026-06-01 21:09:33,081 [l2p.py] => Learning on 15-20
2026-06-01 21:15:43,417 [l2p.py] => Task 3, Epoch 20/20 => Loss -0.106, Train_accy 93.10, Test_accy 79.50
2026-06-01 21:15:47,550 [trainer.py] => Timing Task 3 => Train 370.34s, Epochs 20, Train 18.5169s/epoch, Inference 4.13s, Images 400, Inference 10.3274ms/image
2026-06-01 21:15:47,550 [trainer.py] => No NME accuracy.
2026-06-01 21:15:47,550 [trainer.py] => CNN: {'total': 79.5, '00-04': 69.0, '05-09': 94.0, '10-14': 96.0, '15-19': 59.0, 'old': 86.33, 'new': 59.0}
2026-06-01 21:15:47,550 [trainer.py] => CNN top1 curve: [81.0, 86.5, 89.67, 79.5]
2026-06-01 21:15:47,550 [trainer.py] => CNN top5 curve: [100.0, 100.0, 99.67, 99.5]
2026-06-01 21:15:47,550 [trainer.py] => Average Accuracy (CNN): 84.17
2026-06-01 21:15:47,552 [trainer.py] => All params: 172123992
2026-06-01 21:15:47,553 [trainer.py] => Trainable params: 276780
2026-06-01 21:15:47,553 [l2p.py] => Learning on 20-25
2026-06-01 21:21:15,689 [l2p.py] => Task 4, Epoch 20/20 => Loss -0.226, Train_accy 99.62, Test_accy 81.80
2026-06-01 21:21:19,911 [trainer.py] => Timing Task 4 => Train 328.14s, Epochs 20, Train 16.4069s/epoch, Inference 4.22s, Images 500, Inference 8.4409ms/image
2026-06-01 21:21:19,911 [trainer.py] => No NME accuracy.
2026-06-01 21:21:19,911 [trainer.py] => CNN: {'total': 81.8, '00-04': 70.0, '05-09': 90.0, '10-14': 94.0, '15-19': 57.0, '20-24': 98.0, 'old': 77.75, 'new': 98.0}
2026-06-01 21:21:19,911 [trainer.py] => CNN top1 curve: [81.0, 86.5, 89.67, 79.5, 81.8]
2026-06-01 21:21:19,911 [trainer.py] => CNN top5 curve: [100.0, 100.0, 99.67, 99.5, 98.8]
2026-06-01 21:21:19,911 [trainer.py] => Average Accuracy (CNN): 83.69
2026-06-01 21:21:19,912 [trainer.py] => All params: 172123992
2026-06-01 21:21:19,913 [trainer.py] => Trainable params: 276780
2026-06-01 21:21:19,913 [l2p.py] => Learning on 25-30
2026-06-01 21:27:40,355 [l2p.py] => Task 5, Epoch 20/20 => Loss -0.225, Train_accy 99.04, Test_accy 84.50
2026-06-01 21:27:46,000 [trainer.py] => Timing Task 5 => Train 380.44s, Epochs 20, Train 19.0221s/epoch, Inference 5.64s, Images 600, Inference 9.4062ms/image
2026-06-01 21:27:46,000 [trainer.py] => No NME accuracy.
2026-06-01 21:27:46,000 [trainer.py] => CNN: {'total': 84.5, '00-04': 69.0, '05-09': 91.0, '10-14': 95.0, '15-19': 57.0, '20-24': 98.0, '25-29': 97.0, 'old': 82.0, 'new': 97.0}
2026-06-01 21:27:46,000 [trainer.py] => CNN top1 curve: [81.0, 86.5, 89.67, 79.5, 81.8, 84.5]
2026-06-01 21:27:46,001 [trainer.py] => CNN top5 curve: [100.0, 100.0, 99.67, 99.5, 98.8, 98.33]
2026-06-01 21:27:46,001 [trainer.py] => Average Accuracy (CNN): 83.83
2026-06-01 21:27:46,002 [trainer.py] => All params: 172123992
2026-06-01 21:27:46,003 [trainer.py] => Trainable params: 276780
2026-06-01 21:27:46,003 [l2p.py] => Learning on 30-35
2026-06-01 21:34:12,026 [l2p.py] => Task 6, Epoch 20/20 => Loss -0.223, Train_accy 98.90, Test_accy 82.98
2026-06-01 21:34:18,206 [trainer.py] => Timing Task 6 => Train 386.03s, Epochs 20, Train 19.3013s/epoch, Inference 6.18s, Images 699, Inference 8.8364ms/image
2026-06-01 21:34:18,206 [trainer.py] => No NME accuracy.
2026-06-01 21:34:18,207 [trainer.py] => CNN: {'total': 82.98, '00-04': 65.0, '05-09': 90.0, '10-14': 95.0, '15-19': 57.0, '20-24': 96.0, '25-29': 95.0, '30-34': 82.83, 'old': 83.0, 'new': 82.83}
2026-06-01 21:34:18,207 [trainer.py] => CNN top1 curve: [81.0, 86.5, 89.67, 79.5, 81.8, 84.5, 82.98]
2026-06-01 21:34:18,207 [trainer.py] => CNN top5 curve: [100.0, 100.0, 99.67, 99.5, 98.8, 98.33, 97.71]
2026-06-01 21:34:18,207 [trainer.py] => Average Accuracy (CNN): 83.71
2026-06-01 21:34:18,208 [trainer.py] => All params: 172123992
2026-06-01 21:34:18,209 [trainer.py] => Trainable params: 276780
2026-06-01 21:34:18,209 [l2p.py] => Learning on 35-40
2026-06-01 21:40:32,802 [l2p.py] => Task 7, Epoch 20/20 => Loss -0.217, Train_accy 99.33, Test_accy 79.10
2026-06-01 21:40:39,706 [trainer.py] => Timing Task 7 => Train 374.60s, Epochs 20, Train 18.7298s/epoch, Inference 6.90s, Images 799, Inference 8.6380ms/image
2026-06-01 21:40:39,707 [trainer.py] => No NME accuracy.
2026-06-01 21:40:39,707 [trainer.py] => CNN: {'total': 79.1, '00-04': 46.0, '05-09': 87.0, '10-14': 95.0, '15-19': 54.0, '20-24': 96.0, '25-29': 95.0, '30-34': 79.8, '35-39': 80.0, 'old': 78.97, 'new': 80.0}
2026-06-01 21:40:39,707 [trainer.py] => CNN top1 curve: [81.0, 86.5, 89.67, 79.5, 81.8, 84.5, 82.98, 79.1]
2026-06-01 21:40:39,707 [trainer.py] => CNN top5 curve: [100.0, 100.0, 99.67, 99.5, 98.8, 98.33, 97.71, 96.25]
2026-06-01 21:40:39,707 [trainer.py] => Average Accuracy (CNN): 83.13
2026-06-01 21:40:39,708 [trainer.py] => All params: 172123992
2026-06-01 21:40:39,709 [trainer.py] => Trainable params: 276780
2026-06-01 21:40:39,709 [l2p.py] => Learning on 40-45
2026-06-01 21:47:08,128 [l2p.py] => Task 8, Epoch 20/20 => Loss -0.223, Train_accy 99.67, Test_accy 80.65
2026-06-01 21:47:15,640 [trainer.py] => Timing Task 8 => Train 388.42s, Epochs 20, Train 19.4210s/epoch, Inference 7.51s, Images 899, Inference 8.3531ms/image
2026-06-01 21:47:15,640 [trainer.py] => No NME accuracy.
2026-06-01 21:47:15,640 [trainer.py] => CNN: {'total': 80.65, '00-04': 48.0, '05-09': 88.0, '10-14': 94.0, '15-19': 54.0, '20-24': 96.0, '25-29': 95.0, '30-34': 77.78, '35-39': 78.0, '40-44': 95.0, 'old': 78.85, 'new': 95.0}
2026-06-01 21:47:15,640 [trainer.py] => CNN top1 curve: [81.0, 86.5, 89.67, 79.5, 81.8, 84.5, 82.98, 79.1, 80.65]
2026-06-01 21:47:15,640 [trainer.py] => CNN top5 curve: [100.0, 100.0, 99.67, 99.5, 98.8, 98.33, 97.71, 96.25, 96.33]
2026-06-01 21:47:15,641 [trainer.py] => Average Accuracy (CNN): 82.86
2026-06-01 21:47:15,643 [trainer.py] => All params: 172123992
2026-06-01 21:47:15,645 [trainer.py] => Trainable params: 276780
2026-06-01 21:47:15,645 [l2p.py] => Learning on 45-50
2026-06-01 21:53:21,851 [l2p.py] => Task 9, Epoch 20/20 => Loss -0.208, Train_accy 99.10, Test_accy 78.88
2026-06-01 21:53:29,766 [trainer.py] => Timing Task 9 => Train 366.21s, Epochs 20, Train 18.3103s/epoch, Inference 7.91s, Images 999, Inference 7.9215ms/image
2026-06-01 21:53:29,767 [trainer.py] => No NME accuracy.
2026-06-01 21:53:29,767 [trainer.py] => CNN: {'total': 78.88, '00-04': 48.0, '05-09': 87.0, '10-14': 94.0, '15-19': 54.0, '20-24': 95.0, '25-29': 88.0, '30-34': 74.75, '35-39': 78.0, '40-44': 94.0, '45-49': 76.0, 'old': 79.2, 'new': 76.0}
2026-06-01 21:53:29,767 [trainer.py] => CNN top1 curve: [81.0, 86.5, 89.67, 79.5, 81.8, 84.5, 82.98, 79.1, 80.65, 78.88]
2026-06-01 21:53:29,767 [trainer.py] => CNN top5 curve: [100.0, 100.0, 99.67, 99.5, 98.8, 98.33, 97.71, 96.25, 96.33, 93.39]
2026-06-01 21:53:29,767 [trainer.py] => Average Accuracy (CNN): 82.46
2026-06-01 21:53:29,770 [trainer.py] => All params: 172123992
2026-06-01 21:53:29,772 [trainer.py] => Trainable params: 276780
2026-06-01 21:53:29,772 [l2p.py] => Learning on 50-55
2026-06-01 22:00:09,232 [l2p.py] => Task 10, Epoch 20/20 => Loss -0.204, Train_accy 98.36, Test_accy 80.35
2026-06-01 22:00:18,366 [trainer.py] => Timing Task 10 => Train 399.46s, Epochs 20, Train 19.9731s/epoch, Inference 9.13s, Images 1099, Inference 8.3099ms/image
2026-06-01 22:00:18,366 [trainer.py] => No NME accuracy.
2026-06-01 22:00:18,366 [trainer.py] => CNN: {'total': 80.35, '00-04': 48.0, '05-09': 88.0, '10-14': 94.0, '15-19': 55.0, '20-24': 95.0, '25-29': 87.0, '30-34': 76.77, '35-39': 77.0, '40-44': 95.0, '45-49': 76.0, '50-54': 92.0, 'old': 79.18, 'new': 92.0}
2026-06-01 22:00:18,366 [trainer.py] => CNN top1 curve: [81.0, 86.5, 89.67, 79.5, 81.8, 84.5, 82.98, 79.1, 80.65, 78.88, 80.35]
2026-06-01 22:00:18,366 [trainer.py] => CNN top5 curve: [100.0, 100.0, 99.67, 99.5, 98.8, 98.33, 97.71, 96.25, 96.33, 93.39, 93.9]
2026-06-01 22:00:18,366 [trainer.py] => Average Accuracy (CNN): 82.27
2026-06-01 22:00:18,368 [trainer.py] => All params: 172123992
2026-06-01 22:00:18,370 [trainer.py] => Trainable params: 276780
2026-06-01 22:00:18,370 [l2p.py] => Learning on 55-60
2026-06-01 22:06:53,574 [l2p.py] => Task 11, Epoch 20/20 => Loss -0.218, Train_accy 99.48, Test_accy 80.90
2026-06-01 22:07:03,334 [trainer.py] => Timing Task 11 => Train 395.20s, Epochs 20, Train 19.7602s/epoch, Inference 9.76s, Images 1199, Inference 8.1395ms/image
2026-06-01 22:07:03,335 [trainer.py] => No NME accuracy.
2026-06-01 22:07:03,335 [trainer.py] => CNN: {'total': 80.9, '00-04': 47.0, '05-09': 88.0, '10-14': 93.0, '15-19': 55.0, '20-24': 93.0, '25-29': 85.0, '30-34': 73.74, '35-39': 78.0, '40-44': 94.0, '45-49': 74.0, '50-54': 92.0, '55-59': 98.0, 'old': 79.34, 'new': 98.0}
2026-06-01 22:07:03,335 [trainer.py] => CNN top1 curve: [81.0, 86.5, 89.67, 79.5, 81.8, 84.5, 82.98, 79.1, 80.65, 78.88, 80.35, 80.9]
2026-06-01 22:07:03,335 [trainer.py] => CNN top5 curve: [100.0, 100.0, 99.67, 99.5, 98.8, 98.33, 97.71, 96.25, 96.33, 93.39, 93.9, 93.58]
2026-06-01 22:07:03,335 [trainer.py] => Average Accuracy (CNN): 82.15
2026-06-01 22:07:03,337 [trainer.py] => All params: 172123992
2026-06-01 22:07:03,339 [trainer.py] => Trainable params: 276780
2026-06-01 22:07:03,339 [l2p.py] => Learning on 60-65
2026-06-01 22:13:44,263 [l2p.py] => Task 12, Epoch 20/20 => Loss -0.222, Train_accy 99.42, Test_accy 78.75
2026-06-01 22:13:54,782 [trainer.py] => Timing Task 12 => Train 400.92s, Epochs 20, Train 20.0462s/epoch, Inference 10.52s, Images 1299, Inference 8.0968ms/image
2026-06-01 22:13:54,782 [trainer.py] => No NME accuracy.
2026-06-01 22:13:54,782 [trainer.py] => CNN: {'total': 78.75, '00-04': 44.0, '05-09': 86.0, '10-14': 93.0, '15-19': 55.0, '20-24': 94.0, '25-29': 65.0, '30-34': 70.71, '35-39': 79.0, '40-44': 94.0, '45-49': 74.0, '50-54': 91.0, '55-59': 96.0, '60-64': 82.0, 'old': 78.48, 'new': 82.0}
2026-06-01 22:13:54,783 [trainer.py] => CNN top1 curve: [81.0, 86.5, 89.67, 79.5, 81.8, 84.5, 82.98, 79.1, 80.65, 78.88, 80.35, 80.9, 78.75]
2026-06-01 22:13:54,783 [trainer.py] => CNN top5 curve: [100.0, 100.0, 99.67, 99.5, 98.8, 98.33, 97.71, 96.25, 96.33, 93.39, 93.9, 93.58, 93.07]
2026-06-01 22:13:54,783 [trainer.py] => Average Accuracy (CNN): 81.89
2026-06-01 22:13:54,784 [trainer.py] => All params: 172123992
2026-06-01 22:13:54,785 [trainer.py] => Trainable params: 276780
2026-06-01 22:13:54,785 [l2p.py] => Learning on 65-70
2026-06-01 22:20:13,585 [l2p.py] => Task 13, Epoch 20/20 => Loss -0.228, Train_accy 99.72, Test_accy 76.11
2026-06-01 22:20:24,311 [trainer.py] => Timing Task 13 => Train 378.80s, Epochs 20, Train 18.9401s/epoch, Inference 10.72s, Images 1398, Inference 7.6702ms/image
2026-06-01 22:20:24,311 [trainer.py] => No NME accuracy.
2026-06-01 22:20:24,311 [trainer.py] => CNN: {'total': 76.11, '00-04': 44.0, '05-09': 85.0, '10-14': 88.0, '15-19': 49.0, '20-24': 93.0, '25-29': 62.0, '30-34': 58.59, '35-39': 77.0, '40-44': 94.0, '45-49': 75.0, '50-54': 83.0, '55-59': 96.0, '60-64': 68.0, '65-69': 92.93, 'old': 74.83, 'new': 92.93}
2026-06-01 22:20:24,311 [trainer.py] => CNN top1 curve: [81.0, 86.5, 89.67, 79.5, 81.8, 84.5, 82.98, 79.1, 80.65, 78.88, 80.35, 80.9, 78.75, 76.11]
2026-06-01 22:20:24,311 [trainer.py] => CNN top5 curve: [100.0, 100.0, 99.67, 99.5, 98.8, 98.33, 97.71, 96.25, 96.33, 93.39, 93.9, 93.58, 93.07, 93.28]
2026-06-01 22:20:24,311 [trainer.py] => Average Accuracy (CNN): 81.48
2026-06-01 22:20:24,312 [trainer.py] => All params: 172123992
2026-06-01 22:20:24,313 [trainer.py] => Trainable params: 276780
2026-06-01 22:20:24,313 [l2p.py] => Learning on 70-75
2026-06-01 22:27:16,967 [l2p.py] => Task 14, Epoch 20/20 => Loss -0.243, Train_accy 99.75, Test_accy 75.43
2026-06-01 22:27:29,180 [trainer.py] => Timing Task 14 => Train 412.66s, Epochs 20, Train 20.6328s/epoch, Inference 12.21s, Images 1498, Inference 8.1517ms/image
2026-06-01 22:27:29,181 [trainer.py] => No NME accuracy.
2026-06-01 22:27:29,181 [trainer.py] => CNN: {'total': 75.43, '00-04': 44.0, '05-09': 84.0, '10-14': 76.0, '15-19': 49.0, '20-24': 93.0, '25-29': 62.0, '30-34': 58.59, '35-39': 77.0, '40-44': 93.0, '45-49': 75.0, '50-54': 81.0, '55-59': 95.0, '60-64': 68.0, '65-69': 76.77, '70-74': 99.0, 'old': 73.75, 'new': 99.0}
2026-06-01 22:27:29,181 [trainer.py] => CNN top1 curve: [81.0, 86.5, 89.67, 79.5, 81.8, 84.5, 82.98, 79.1, 80.65, 78.88, 80.35, 80.9, 78.75, 76.11, 75.43]
2026-06-01 22:27:29,181 [trainer.py] => CNN top5 curve: [100.0, 100.0, 99.67, 99.5, 98.8, 98.33, 97.71, 96.25, 96.33, 93.39, 93.9, 93.58, 93.07, 93.28, 93.66]
2026-06-01 22:27:29,181 [trainer.py] => Average Accuracy (CNN): 81.07
2026-06-01 22:27:29,185 [trainer.py] => All params: 172123992
2026-06-01 22:27:29,187 [trainer.py] => Trainable params: 276780
2026-06-01 22:27:29,188 [l2p.py] => Learning on 75-80
2026-06-01 22:34:12,772 [l2p.py] => Task 15, Epoch 20/20 => Loss -0.232, Train_accy 99.60, Test_accy 76.53
2026-06-01 22:34:24,768 [trainer.py] => Timing Task 15 => Train 403.59s, Epochs 20, Train 20.1793s/epoch, Inference 12.00s, Images 1598, Inference 7.5064ms/image
2026-06-01 22:34:24,769 [trainer.py] => No NME accuracy.
2026-06-01 22:34:24,769 [trainer.py] => CNN: {'total': 76.53, '00-04': 44.0, '05-09': 81.0, '10-14': 74.0, '15-19': 49.0, '20-24': 94.0, '25-29': 65.0, '30-34': 55.56, '35-39': 77.0, '40-44': 94.0, '45-49': 75.0, '50-54': 83.0, '55-59': 97.0, '60-64': 67.0, '65-69': 76.77, '70-74': 99.0, '75-79': 93.0, 'old': 75.43, 'new': 93.0}
2026-06-01 22:34:24,769 [trainer.py] => CNN top1 curve: [81.0, 86.5, 89.67, 79.5, 81.8, 84.5, 82.98, 79.1, 80.65, 78.88, 80.35, 80.9, 78.75, 76.11, 75.43, 76.53]
2026-06-01 22:34:24,769 [trainer.py] => CNN top5 curve: [100.0, 100.0, 99.67, 99.5, 98.8, 98.33, 97.71, 96.25, 96.33, 93.39, 93.9, 93.58, 93.07, 93.28, 93.66, 94.06]
2026-06-01 22:34:24,769 [trainer.py] => Average Accuracy (CNN): 80.79
2026-06-01 22:34:24,770 [trainer.py] => All params: 172123992
2026-06-01 22:34:24,771 [trainer.py] => Trainable params: 276780
2026-06-01 22:34:24,771 [l2p.py] => Learning on 80-85
2026-06-01 22:40:47,535 [l2p.py] => Task 16, Epoch 20/20 => Loss -0.221, Train_accy 99.28, Test_accy 75.62
2026-06-01 22:41:01,766 [trainer.py] => Timing Task 16 => Train 382.77s, Epochs 20, Train 19.1383s/epoch, Inference 14.23s, Images 1698, Inference 8.3801ms/image
2026-06-01 22:41:01,767 [trainer.py] => No NME accuracy.
2026-06-01 22:41:01,767 [trainer.py] => CNN: {'total': 75.62, '00-04': 43.0, '05-09': 78.0, '10-14': 73.0, '15-19': 49.0, '20-24': 92.0, '25-29': 64.0, '30-34': 56.57, '35-39': 77.0, '40-44': 92.0, '45-49': 75.0, '50-54': 84.0, '55-59': 97.0, '60-64': 67.0, '65-69': 76.77, '70-74': 99.0, '75-79': 93.0, '80-84': 69.0, 'old': 76.03, 'new': 69.0}
2026-06-01 22:41:01,767 [trainer.py] => CNN top1 curve: [81.0, 86.5, 89.67, 79.5, 81.8, 84.5, 82.98, 79.1, 80.65, 78.88, 80.35, 80.9, 78.75, 76.11, 75.43, 76.53, 75.62]
2026-06-01 22:41:01,767 [trainer.py] => CNN top5 curve: [100.0, 100.0, 99.67, 99.5, 98.8, 98.33, 97.71, 96.25, 96.33, 93.39, 93.9, 93.58, 93.07, 93.28, 93.66, 94.06, 94.11]
2026-06-01 22:41:01,767 [trainer.py] => Average Accuracy (CNN): 80.49
2026-06-01 22:41:01,770 [trainer.py] => All params: 172123992
2026-06-01 22:41:01,772 [trainer.py] => Trainable params: 276780
2026-06-01 22:41:01,772 [l2p.py] => Learning on 85-90
2026-06-01 22:47:56,323 [l2p.py] => Task 17, Epoch 20/20 => Loss -0.207, Train_accy 99.35, Test_accy 73.30
2026-06-01 22:48:10,748 [trainer.py] => Timing Task 17 => Train 414.55s, Epochs 20, Train 20.7276s/epoch, Inference 14.42s, Images 1798, Inference 8.0215ms/image
2026-06-01 22:48:10,748 [trainer.py] => No NME accuracy.
2026-06-01 22:48:10,748 [trainer.py] => CNN: {'total': 73.3, '00-04': 44.0, '05-09': 78.0, '10-14': 73.0, '15-19': 49.0, '20-24': 92.0, '25-29': 61.0, '30-34': 50.51, '35-39': 77.0, '40-44': 93.0, '45-49': 75.0, '50-54': 81.0, '55-59': 96.0, '60-64': 62.0, '65-69': 76.77, '70-74': 98.0, '75-79': 93.0, '80-84': 70.0, '85-89': 50.0, 'old': 74.68, 'new': 50.0}
2026-06-01 22:48:10,748 [trainer.py] => CNN top1 curve: [81.0, 86.5, 89.67, 79.5, 81.8, 84.5, 82.98, 79.1, 80.65, 78.88, 80.35, 80.9, 78.75, 76.11, 75.43, 76.53, 75.62, 73.3]
2026-06-01 22:48:10,748 [trainer.py] => CNN top5 curve: [100.0, 100.0, 99.67, 99.5, 98.8, 98.33, 97.71, 96.25, 96.33, 93.39, 93.9, 93.58, 93.07, 93.28, 93.66, 94.06, 94.11, 94.22]
2026-06-01 22:48:10,748 [trainer.py] => Average Accuracy (CNN): 80.09
2026-06-01 22:48:10,750 [trainer.py] => All params: 172123992
2026-06-01 22:48:10,751 [trainer.py] => Trainable params: 276780
2026-06-01 22:48:10,751 [l2p.py] => Learning on 90-95
2026-06-01 22:55:40,099 [l2p.py] => Task 18, Epoch 20/20 => Loss -0.230, Train_accy 99.06, Test_accy 73.45
2026-06-01 22:55:54,387 [trainer.py] => Timing Task 18 => Train 449.35s, Epochs 20, Train 22.4675s/epoch, Inference 14.29s, Images 1898, Inference 7.5266ms/image
2026-06-01 22:55:54,387 [trainer.py] => No NME accuracy.
2026-06-01 22:55:54,387 [trainer.py] => CNN: {'total': 73.45, '00-04': 46.0, '05-09': 79.0, '10-14': 73.0, '15-19': 49.0, '20-24': 91.0, '25-29': 64.0, '30-34': 55.56, '35-39': 79.0, '40-44': 93.0, '45-49': 75.0, '50-54': 85.0, '55-59': 96.0, '60-64': 63.0, '65-69': 76.77, '70-74': 99.0, '75-79': 93.0, '80-84': 70.0, '85-89': 48.0, '90-94': 60.0, 'old': 74.19, 'new': 60.0}
2026-06-01 22:55:54,387 [trainer.py] => CNN top1 curve: [81.0, 86.5, 89.67, 79.5, 81.8, 84.5, 82.98, 79.1, 80.65, 78.88, 80.35, 80.9, 78.75, 76.11, 75.43, 76.53, 75.62, 73.3, 73.45]
2026-06-01 22:55:54,387 [trainer.py] => CNN top5 curve: [100.0, 100.0, 99.67, 99.5, 98.8, 98.33, 97.71, 96.25, 96.33, 93.39, 93.9, 93.58, 93.07, 93.28, 93.66, 94.06, 94.11, 94.22, 93.1]
2026-06-01 22:55:54,388 [trainer.py] => Average Accuracy (CNN): 79.74
2026-06-01 22:55:54,389 [trainer.py] => All params: 172123992
2026-06-01 22:55:54,390 [trainer.py] => Trainable params: 276780
2026-06-01 22:55:54,391 [l2p.py] => Learning on 95-100
2026-06-01 23:02:17,585 [l2p.py] => Task 19, Epoch 20/20 => Loss -0.223, Train_accy 99.08, Test_accy 72.36
2026-06-01 23:02:33,077 [trainer.py] => Timing Task 19 => Train 383.20s, Epochs 20, Train 19.1598s/epoch, Inference 15.49s, Images 1997, Inference 7.7567ms/image
2026-06-01 23:02:33,077 [trainer.py] => No NME accuracy.
2026-06-01 23:02:33,078 [trainer.py] => CNN: {'total': 72.36, '00-04': 41.0, '05-09': 80.0, '10-14': 70.0, '15-19': 49.0, '20-24': 89.0, '25-29': 63.0, '30-34': 52.53, '35-39': 75.0, '40-44': 91.0, '45-49': 75.0, '50-54': 83.0, '55-59': 93.0, '60-64': 63.0, '65-69': 74.75, '70-74': 99.0, '75-79': 93.0, '80-84': 71.0, '85-89': 50.0, '90-94': 60.0, '95-99': 74.75, 'old': 72.23, 'new': 74.75}
2026-06-01 23:02:33,078 [trainer.py] => CNN top1 curve: [81.0, 86.5, 89.67, 79.5, 81.8, 84.5, 82.98, 79.1, 80.65, 78.88, 80.35, 80.9, 78.75, 76.11, 75.43, 76.53, 75.62, 73.3, 73.45, 72.36]
2026-06-01 23:02:33,078 [trainer.py] => CNN top5 curve: [100.0, 100.0, 99.67, 99.5, 98.8, 98.33, 97.71, 96.25, 96.33, 93.39, 93.9, 93.58, 93.07, 93.28, 93.66, 94.06, 94.11, 94.22, 93.1, 92.19]
2026-06-01 23:02:33,078 [trainer.py] => Average Accuracy (CNN): 79.37
2026-06-01 23:02:33,079 [trainer.py] => All params: 172123992
2026-06-01 23:02:33,080 [trainer.py] => Trainable params: 276780
2026-06-01 23:02:33,080 [l2p.py] => Learning on 100-105
2026-06-01 23:09:23,374 [l2p.py] => Task 20, Epoch 20/20 => Loss -0.189, Train_accy 98.52, Test_accy 72.68
2026-06-01 23:09:40,227 [trainer.py] => Timing Task 20 => Train 410.30s, Epochs 20, Train 20.5148s/epoch, Inference 16.85s, Images 2097, Inference 8.0362ms/image
2026-06-01 23:09:40,227 [trainer.py] => No NME accuracy.
2026-06-01 23:09:40,228 [trainer.py] => CNN: {'total': 72.68, '00-04': 41.0, '05-09': 79.0, '10-14': 70.0, '15-19': 49.0, '20-24': 90.0, '25-29': 54.0, '30-34': 53.54, '35-39': 76.0, '40-44': 92.0, '45-49': 71.0, '50-54': 85.0, '55-59': 94.0, '60-64': 63.0, '65-69': 75.76, '70-74': 98.0, '75-79': 93.0, '80-84': 71.0, '85-89': 52.0, '90-94': 60.0, '95-99': 76.77, '100-104': 82.0, 'old': 72.21, 'new': 82.0}
2026-06-01 23:09:40,228 [trainer.py] => CNN top1 curve: [81.0, 86.5, 89.67, 79.5, 81.8, 84.5, 82.98, 79.1, 80.65, 78.88, 80.35, 80.9, 78.75, 76.11, 75.43, 76.53, 75.62, 73.3, 73.45, 72.36, 72.68]
2026-06-01 23:09:40,228 [trainer.py] => CNN top5 curve: [100.0, 100.0, 99.67, 99.5, 98.8, 98.33, 97.71, 96.25, 96.33, 93.39, 93.9, 93.58, 93.07, 93.28, 93.66, 94.06, 94.11, 94.22, 93.1, 92.19, 92.7]
2026-06-01 23:09:40,228 [trainer.py] => Average Accuracy (CNN): 79.05
2026-06-01 23:09:40,229 [trainer.py] => All params: 172123992
2026-06-01 23:09:40,230 [trainer.py] => Trainable params: 276780
2026-06-01 23:09:40,230 [l2p.py] => Learning on 105-110
2026-06-01 23:16:04,787 [l2p.py] => Task 21, Epoch 20/20 => Loss -0.214, Train_accy 99.19, Test_accy 73.39
2026-06-01 23:16:21,837 [trainer.py] => Timing Task 21 => Train 384.56s, Epochs 20, Train 19.2279s/epoch, Inference 17.05s, Images 2195, Inference 7.7670ms/image
2026-06-01 23:16:21,838 [trainer.py] => No NME accuracy.
2026-06-01 23:16:21,838 [trainer.py] => CNN: {'total': 73.39, '00-04': 44.0, '05-09': 77.0, '10-14': 70.0, '15-19': 47.0, '20-24': 90.0, '25-29': 54.0, '30-34': 54.55, '35-39': 77.0, '40-44': 92.0, '45-49': 70.0, '50-54': 85.0, '55-59': 95.0, '60-64': 63.0, '65-69': 74.75, '70-74': 98.0, '75-79': 93.0, '80-84': 70.0, '85-89': 51.0, '90-94': 61.0, '95-99': 73.74, '100-104': 81.0, '105-109': 93.88, 'old': 72.44, 'new': 93.88}
2026-06-01 23:16:21,838 [trainer.py] => CNN top1 curve: [81.0, 86.5, 89.67, 79.5, 81.8, 84.5, 82.98, 79.1, 80.65, 78.88, 80.35, 80.9, 78.75, 76.11, 75.43, 76.53, 75.62, 73.3, 73.45, 72.36, 72.68, 73.39]
2026-06-01 23:16:21,838 [trainer.py] => CNN top5 curve: [100.0, 100.0, 99.67, 99.5, 98.8, 98.33, 97.71, 96.25, 96.33, 93.39, 93.9, 93.58, 93.07, 93.28, 93.66, 94.06, 94.11, 94.22, 93.1, 92.19, 92.7, 92.85]
2026-06-01 23:16:21,838 [trainer.py] => Average Accuracy (CNN): 78.79
2026-06-01 23:16:21,840 [trainer.py] => All params: 172123992
2026-06-01 23:16:21,841 [trainer.py] => Trainable params: 276780
2026-06-01 23:16:21,841 [l2p.py] => Learning on 110-115
2026-06-01 23:23:11,517 [l2p.py] => Task 22, Epoch 20/20 => Loss -0.224, Train_accy 99.01, Test_accy 73.12
2026-06-01 23:23:29,290 [trainer.py] => Timing Task 22 => Train 409.68s, Epochs 20, Train 20.4838s/epoch, Inference 17.77s, Images 2295, Inference 7.7435ms/image
2026-06-01 23:23:29,290 [trainer.py] => No NME accuracy.
2026-06-01 23:23:29,291 [trainer.py] => CNN: {'total': 73.12, '00-04': 43.0, '05-09': 78.0, '10-14': 70.0, '15-19': 47.0, '20-24': 90.0, '25-29': 56.0, '30-34': 55.56, '35-39': 77.0, '40-44': 92.0, '45-49': 70.0, '50-54': 82.0, '55-59': 93.0, '60-64': 63.0, '65-69': 74.75, '70-74': 98.0, '75-79': 94.0, '80-84': 70.0, '85-89': 51.0, '90-94': 61.0, '95-99': 70.71, '100-104': 82.0, '105-109': 93.88, '110-114': 70.0, 'old': 73.26, 'new': 70.0}
2026-06-01 23:23:29,291 [trainer.py] => CNN top1 curve: [81.0, 86.5, 89.67, 79.5, 81.8, 84.5, 82.98, 79.1, 80.65, 78.88, 80.35, 80.9, 78.75, 76.11, 75.43, 76.53, 75.62, 73.3, 73.45, 72.36, 72.68, 73.39, 73.12]
2026-06-01 23:23:29,291 [trainer.py] => CNN top5 curve: [100.0, 100.0, 99.67, 99.5, 98.8, 98.33, 97.71, 96.25, 96.33, 93.39, 93.9, 93.58, 93.07, 93.28, 93.66, 94.06, 94.11, 94.22, 93.1, 92.19, 92.7, 92.85, 92.77]
2026-06-01 23:23:29,291 [trainer.py] => Average Accuracy (CNN): 78.55
2026-06-01 23:23:29,294 [trainer.py] => All params: 172123992
2026-06-01 23:23:29,312 [trainer.py] => Trainable params: 276780
2026-06-01 23:23:29,312 [l2p.py] => Learning on 115-120
2026-06-01 23:30:13,074 [l2p.py] => Task 23, Epoch 20/20 => Loss -0.176, Train_accy 97.00, Test_accy 71.36
2026-06-01 23:30:30,994 [trainer.py] => Timing Task 23 => Train 403.76s, Epochs 20, Train 20.1881s/epoch, Inference 17.92s, Images 2395, Inference 7.4817ms/image
2026-06-01 23:30:30,994 [trainer.py] => No NME accuracy.
2026-06-01 23:30:30,994 [trainer.py] => CNN: {'total': 71.36, '00-04': 41.0, '05-09': 77.0, '10-14': 70.0, '15-19': 48.0, '20-24': 91.0, '25-29': 54.0, '30-34': 53.54, '35-39': 78.0, '40-44': 91.0, '45-49': 70.0, '50-54': 77.0, '55-59': 91.0, '60-64': 64.0, '65-69': 74.75, '70-74': 99.0, '75-79': 94.0, '80-84': 70.0, '85-89': 49.0, '90-94': 61.0, '95-99': 74.75, '100-104': 83.0, '105-109': 92.86, '110-114': 69.0, '115-119': 40.0, 'old': 72.72, 'new': 40.0}
2026-06-01 23:30:30,994 [trainer.py] => CNN top1 curve: [81.0, 86.5, 89.67, 79.5, 81.8, 84.5, 82.98, 79.1, 80.65, 78.88, 80.35, 80.9, 78.75, 76.11, 75.43, 76.53, 75.62, 73.3, 73.45, 72.36, 72.68, 73.39, 73.12, 71.36]
2026-06-01 23:30:30,994 [trainer.py] => CNN top5 curve: [100.0, 100.0, 99.67, 99.5, 98.8, 98.33, 97.71, 96.25, 96.33, 93.39, 93.9, 93.58, 93.07, 93.28, 93.66, 94.06, 94.11, 94.22, 93.1, 92.19, 92.7, 92.85, 92.77, 91.52]
2026-06-01 23:30:30,995 [trainer.py] => Average Accuracy (CNN): 78.25
2026-06-01 23:30:30,996 [trainer.py] => All params: 172123992
2026-06-01 23:30:30,997 [trainer.py] => Trainable params: 276780
2026-06-01 23:30:30,997 [l2p.py] => Learning on 120-125
2026-06-01 23:37:23,630 [l2p.py] => Task 24, Epoch 20/20 => Loss -0.185, Train_accy 98.66, Test_accy 71.57
2026-06-01 23:37:43,059 [trainer.py] => Timing Task 24 => Train 412.64s, Epochs 20, Train 20.6318s/epoch, Inference 19.43s, Images 2494, Inference 7.7896ms/image
2026-06-01 23:37:43,060 [trainer.py] => No NME accuracy.
2026-06-01 23:37:43,060 [trainer.py] => CNN: {'total': 71.57, '00-04': 40.0, '05-09': 77.0, '10-14': 70.0, '15-19': 48.0, '20-24': 90.0, '25-29': 57.0, '30-34': 53.54, '35-39': 75.0, '40-44': 91.0, '45-49': 70.0, '50-54': 80.0, '55-59': 92.0, '60-64': 63.0, '65-69': 75.76, '70-74': 98.0, '75-79': 93.0, '80-84': 69.0, '85-89': 47.0, '90-94': 62.0, '95-99': 73.74, '100-104': 79.0, '105-109': 92.86, '110-114': 70.0, '115-119': 41.0, '120-124': 81.82, 'old': 71.15, 'new': 81.82}
2026-06-01 23:37:43,061 [trainer.py] => CNN top1 curve: [81.0, 86.5, 89.67, 79.5, 81.8, 84.5, 82.98, 79.1, 80.65, 78.88, 80.35, 80.9, 78.75, 76.11, 75.43, 76.53, 75.62, 73.3, 73.45, 72.36, 72.68, 73.39, 73.12, 71.36, 71.57]
2026-06-01 23:37:43,061 [trainer.py] => CNN top5 curve: [100.0, 100.0, 99.67, 99.5, 98.8, 98.33, 97.71, 96.25, 96.33, 93.39, 93.9, 93.58, 93.07, 93.28, 93.66, 94.06, 94.11, 94.22, 93.1, 92.19, 92.7, 92.85, 92.77, 91.52, 91.58]
2026-06-01 23:37:43,061 [trainer.py] => Average Accuracy (CNN): 77.98
2026-06-01 23:37:43,064 [trainer.py] => All params: 172123992
2026-06-01 23:37:43,066 [trainer.py] => Trainable params: 276780
2026-06-01 23:37:43,066 [l2p.py] => Learning on 125-130
2026-06-01 23:44:43,932 [l2p.py] => Task 25, Epoch 20/20 => Loss -0.207, Train_accy 99.52, Test_accy 70.93
2026-06-01 23:45:04,334 [trainer.py] => Timing Task 25 => Train 420.87s, Epochs 20, Train 21.0434s/epoch, Inference 20.40s, Images 2594, Inference 7.8638ms/image
2026-06-01 23:45:04,334 [trainer.py] => No NME accuracy.
2026-06-01 23:45:04,334 [trainer.py] => CNN: {'total': 70.93, '00-04': 39.0, '05-09': 78.0, '10-14': 70.0, '15-19': 48.0, '20-24': 91.0, '25-29': 56.0, '30-34': 53.54, '35-39': 74.0, '40-44': 91.0, '45-49': 70.0, '50-54': 78.0, '55-59': 90.0, '60-64': 63.0, '65-69': 75.76, '70-74': 93.0, '75-79': 92.0, '80-84': 68.0, '85-89': 51.0, '90-94': 63.0, '95-99': 74.75, '100-104': 78.0, '105-109': 92.86, '110-114': 70.0, '115-119': 41.0, '120-124': 81.82, '125-129': 62.0, 'old': 71.29, 'new': 62.0}
2026-06-01 23:45:04,334 [trainer.py] => CNN top1 curve: [81.0, 86.5, 89.67, 79.5, 81.8, 84.5, 82.98, 79.1, 80.65, 78.88, 80.35, 80.9, 78.75, 76.11, 75.43, 76.53, 75.62, 73.3, 73.45, 72.36, 72.68, 73.39, 73.12, 71.36, 71.57, 70.93]
2026-06-01 23:45:04,334 [trainer.py] => CNN top5 curve: [100.0, 100.0, 99.67, 99.5, 98.8, 98.33, 97.71, 96.25, 96.33, 93.39, 93.9, 93.58, 93.07, 93.28, 93.66, 94.06, 94.11, 94.22, 93.1, 92.19, 92.7, 92.85, 92.77, 91.52, 91.58, 91.6]
2026-06-01 23:45:04,334 [trainer.py] => Average Accuracy (CNN): 77.71
2026-06-01 23:45:04,335 [trainer.py] => All params: 172123992
2026-06-01 23:45:04,336 [trainer.py] => Trainable params: 276780
2026-06-01 23:45:04,336 [l2p.py] => Learning on 130-135
2026-06-01 23:52:16,736 [l2p.py] => Task 26, Epoch 20/20 => Loss -0.202, Train_accy 98.33, Test_accy 70.43
2026-06-01 23:52:36,944 [trainer.py] => Timing Task 26 => Train 432.40s, Epochs 20, Train 21.6201s/epoch, Inference 20.20s, Images 2692, Inference 7.5055ms/image
2026-06-01 23:52:36,944 [trainer.py] => No NME accuracy.
2026-06-01 23:52:36,944 [trainer.py] => CNN: {'total': 70.43, '00-04': 37.0, '05-09': 78.0, '10-14': 70.0, '15-19': 49.0, '20-24': 93.0, '25-29': 56.0, '30-34': 54.55, '35-39': 74.0, '40-44': 92.0, '45-49': 70.0, '50-54': 78.0, '55-59': 79.0, '60-64': 61.0, '65-69': 75.76, '70-74': 92.0, '75-79': 91.0, '80-84': 67.0, '85-89': 51.0, '90-94': 62.0, '95-99': 74.75, '100-104': 80.0, '105-109': 92.86, '110-114': 70.0, '115-119': 41.0, '120-124': 81.82, '125-129': 61.0, '130-134': 70.41, 'old': 70.43, 'new': 70.41}
2026-06-01 23:52:36,944 [trainer.py] => CNN top1 curve: [81.0, 86.5, 89.67, 79.5, 81.8, 84.5, 82.98, 79.1, 80.65, 78.88, 80.35, 80.9, 78.75, 76.11, 75.43, 76.53, 75.62, 73.3, 73.45, 72.36, 72.68, 73.39, 73.12, 71.36, 71.57, 70.93, 70.43]
2026-06-01 23:52:36,944 [trainer.py] => CNN top5 curve: [100.0, 100.0, 99.67, 99.5, 98.8, 98.33, 97.71, 96.25, 96.33, 93.39, 93.9, 93.58, 93.07, 93.28, 93.66, 94.06, 94.11, 94.22, 93.1, 92.19, 92.7, 92.85, 92.77, 91.52, 91.58, 91.6, 91.6]
2026-06-01 23:52:36,944 [trainer.py] => Average Accuracy (CNN): 77.44
2026-06-01 23:52:36,946 [trainer.py] => All params: 172123992
2026-06-01 23:52:36,946 [trainer.py] => Trainable params: 276780
2026-06-01 23:52:36,947 [l2p.py] => Learning on 135-140
2026-06-02 00:00:08,023 [l2p.py] => Task 27, Epoch 20/20 => Loss -0.191, Train_accy 97.77, Test_accy 69.09
2026-06-02 00:00:28,692 [trainer.py] => Timing Task 27 => Train 451.08s, Epochs 20, Train 22.5539s/epoch, Inference 20.67s, Images 2792, Inference 7.4026ms/image
2026-06-02 00:00:28,692 [trainer.py] => No NME accuracy.
2026-06-02 00:00:28,692 [trainer.py] => CNN: {'total': 69.09, '00-04': 35.0, '05-09': 77.0, '10-14': 69.0, '15-19': 49.0, '20-24': 91.0, '25-29': 56.0, '30-34': 53.54, '35-39': 74.0, '40-44': 92.0, '45-49': 69.0, '50-54': 78.0, '55-59': 77.0, '60-64': 60.0, '65-69': 75.76, '70-74': 93.0, '75-79': 89.0, '80-84': 67.0, '85-89': 57.0, '90-94': 61.0, '95-99': 69.7, '100-104': 81.0, '105-109': 91.84, '110-114': 68.0, '115-119': 41.0, '120-124': 80.81, '125-129': 61.0, '130-134': 71.43, '135-139': 47.0, 'old': 69.91, 'new': 47.0}
2026-06-02 00:00:28,692 [trainer.py] => CNN top1 curve: [81.0, 86.5, 89.67, 79.5, 81.8, 84.5, 82.98, 79.1, 80.65, 78.88, 80.35, 80.9, 78.75, 76.11, 75.43, 76.53, 75.62, 73.3, 73.45, 72.36, 72.68, 73.39, 73.12, 71.36, 71.57, 70.93, 70.43, 69.09]
2026-06-02 00:00:28,693 [trainer.py] => CNN top5 curve: [100.0, 100.0, 99.67, 99.5, 98.8, 98.33, 97.71, 96.25, 96.33, 93.39, 93.9, 93.58, 93.07, 93.28, 93.66, 94.06, 94.11, 94.22, 93.1, 92.19, 92.7, 92.85, 92.77, 91.52, 91.58, 91.6, 91.6, 90.83]
2026-06-02 00:00:28,693 [trainer.py] => Average Accuracy (CNN): 77.14
2026-06-02 00:00:28,694 [trainer.py] => All params: 172123992
2026-06-02 00:00:28,695 [trainer.py] => Trainable params: 276780
2026-06-02 00:00:28,695 [l2p.py] => Learning on 140-145
2026-06-02 00:07:31,768 [l2p.py] => Task 28, Epoch 20/20 => Loss -0.151, Train_accy 94.84, Test_accy 68.29
2026-06-02 00:07:53,298 [trainer.py] => Timing Task 28 => Train 423.07s, Epochs 20, Train 21.1537s/epoch, Inference 21.53s, Images 2892, Inference 7.4443ms/image
2026-06-02 00:07:53,298 [trainer.py] => No NME accuracy.
2026-06-02 00:07:53,299 [trainer.py] => CNN: {'total': 68.29, '00-04': 38.0, '05-09': 77.0, '10-14': 69.0, '15-19': 49.0, '20-24': 90.0, '25-29': 55.0, '30-34': 53.54, '35-39': 73.0, '40-44': 91.0, '45-49': 70.0, '50-54': 80.0, '55-59': 76.0, '60-64': 56.0, '65-69': 75.76, '70-74': 90.0, '75-79': 87.0, '80-84': 68.0, '85-89': 60.0, '90-94': 62.0, '95-99': 67.68, '100-104': 83.0, '105-109': 92.86, '110-114': 68.0, '115-119': 40.0, '120-124': 80.81, '125-129': 61.0, '130-134': 72.45, '135-139': 54.0, '140-144': 41.0, 'old': 69.27, 'new': 41.0}
2026-06-02 00:07:53,299 [trainer.py] => CNN top1 curve: [81.0, 86.5, 89.67, 79.5, 81.8, 84.5, 82.98, 79.1, 80.65, 78.88, 80.35, 80.9, 78.75, 76.11, 75.43, 76.53, 75.62, 73.3, 73.45, 72.36, 72.68, 73.39, 73.12, 71.36, 71.57, 70.93, 70.43, 69.09, 68.29]
2026-06-02 00:07:53,299 [trainer.py] => CNN top5 curve: [100.0, 100.0, 99.67, 99.5, 98.8, 98.33, 97.71, 96.25, 96.33, 93.39, 93.9, 93.58, 93.07, 93.28, 93.66, 94.06, 94.11, 94.22, 93.1, 92.19, 92.7, 92.85, 92.77, 91.52, 91.58, 91.6, 91.6, 90.83, 89.59]
2026-06-02 00:07:53,299 [trainer.py] => Average Accuracy (CNN): 76.84
2026-06-02 00:07:53,300 [trainer.py] => All params: 172123992
2026-06-02 00:07:53,301 [trainer.py] => Trainable params: 276780
2026-06-02 00:07:53,302 [l2p.py] => Learning on 145-150
2026-06-02 00:15:06,609 [l2p.py] => Task 29, Epoch 20/20 => Loss -0.216, Train_accy 99.20, Test_accy 67.81
2026-06-02 00:15:28,625 [trainer.py] => Timing Task 29 => Train 433.31s, Epochs 20, Train 21.6655s/epoch, Inference 22.01s, Images 2992, Inference 7.3577ms/image
2026-06-02 00:15:28,626 [trainer.py] => No NME accuracy.
2026-06-02 00:15:28,626 [trainer.py] => CNN: {'total': 67.81, '00-04': 35.0, '05-09': 78.0, '10-14': 68.0, '15-19': 47.0, '20-24': 91.0, '25-29': 57.0, '30-34': 52.53, '35-39': 74.0, '40-44': 91.0, '45-49': 70.0, '50-54': 73.0, '55-59': 78.0, '60-64': 58.0, '65-69': 74.75, '70-74': 91.0, '75-79': 87.0, '80-84': 67.0, '85-89': 58.0, '90-94': 64.0, '95-99': 68.69, '100-104': 82.0, '105-109': 92.86, '110-114': 68.0, '115-119': 40.0, '120-124': 79.8, '125-129': 61.0, '130-134': 70.41, '135-139': 55.0, '140-144': 41.0, '145-149': 62.0, 'old': 68.02, 'new': 62.0}
2026-06-02 00:15:28,626 [trainer.py] => CNN top1 curve: [81.0, 86.5, 89.67, 79.5, 81.8, 84.5, 82.98, 79.1, 80.65, 78.88, 80.35, 80.9, 78.75, 76.11, 75.43, 76.53, 75.62, 73.3, 73.45, 72.36, 72.68, 73.39, 73.12, 71.36, 71.57, 70.93, 70.43, 69.09, 68.29, 67.81]
2026-06-02 00:15:28,626 [trainer.py] => CNN top5 curve: [100.0, 100.0, 99.67, 99.5, 98.8, 98.33, 97.71, 96.25, 96.33, 93.39, 93.9, 93.58, 93.07, 93.28, 93.66, 94.06, 94.11, 94.22, 93.1, 92.19, 92.7, 92.85, 92.77, 91.52, 91.58, 91.6, 91.6, 90.83, 89.59, 89.74]
2026-06-02 00:15:28,626 [trainer.py] => Average Accuracy (CNN): 76.54
2026-06-02 00:15:28,627 [trainer.py] => All params: 172123992
2026-06-02 00:15:28,628 [trainer.py] => Trainable params: 276780
2026-06-02 00:15:28,628 [l2p.py] => Learning on 150-155
2026-06-02 00:23:01,252 [l2p.py] => Task 30, Epoch 20/20 => Loss -0.212, Train_accy 98.57, Test_accy 67.82
2026-06-02 00:23:24,459 [trainer.py] => Timing Task 30 => Train 452.63s, Epochs 20, Train 22.6313s/epoch, Inference 23.21s, Images 3092, Inference 7.5051ms/image
2026-06-02 00:23:24,460 [trainer.py] => No NME accuracy.
2026-06-02 00:23:24,460 [trainer.py] => CNN: {'total': 67.82, '00-04': 39.0, '05-09': 76.0, '10-14': 68.0, '15-19': 48.0, '20-24': 92.0, '25-29': 56.0, '30-34': 53.54, '35-39': 75.0, '40-44': 89.0, '45-49': 70.0, '50-54': 72.0, '55-59': 78.0, '60-64': 58.0, '65-69': 74.75, '70-74': 91.0, '75-79': 86.0, '80-84': 68.0, '85-89': 55.0, '90-94': 63.0, '95-99': 66.67, '100-104': 83.0, '105-109': 80.61, '110-114': 67.0, '115-119': 40.0, '120-124': 77.78, '125-129': 62.0, '130-134': 73.47, '135-139': 54.0, '140-144': 40.0, '145-149': 62.0, '150-154': 84.0, 'old': 67.28, 'new': 84.0}
2026-06-02 00:23:24,460 [trainer.py] => CNN top1 curve: [81.0, 86.5, 89.67, 79.5, 81.8, 84.5, 82.98, 79.1, 80.65, 78.88, 80.35, 80.9, 78.75, 76.11, 75.43, 76.53, 75.62, 73.3, 73.45, 72.36, 72.68, 73.39, 73.12, 71.36, 71.57, 70.93, 70.43, 69.09, 68.29, 67.81, 67.82]
2026-06-02 00:23:24,460 [trainer.py] => CNN top5 curve: [100.0, 100.0, 99.67, 99.5, 98.8, 98.33, 97.71, 96.25, 96.33, 93.39, 93.9, 93.58, 93.07, 93.28, 93.66, 94.06, 94.11, 94.22, 93.1, 92.19, 92.7, 92.85, 92.77, 91.52, 91.58, 91.6, 91.6, 90.83, 89.59, 89.74, 89.68]
2026-06-02 00:23:24,460 [trainer.py] => Average Accuracy (CNN): 76.25
2026-06-02 00:23:24,462 [trainer.py] => All params: 172123992
2026-06-02 00:23:24,464 [trainer.py] => Trainable params: 276780
2026-06-02 00:23:24,464 [l2p.py] => Learning on 155-160
2026-06-02 00:30:59,312 [l2p.py] => Task 31, Epoch 20/20 => Loss -0.226, Train_accy 98.85, Test_accy 67.11
2026-06-02 00:31:22,762 [trainer.py] => Timing Task 31 => Train 454.85s, Epochs 20, Train 22.7425s/epoch, Inference 23.45s, Images 3192, Inference 7.3460ms/image
2026-06-02 00:31:22,762 [trainer.py] => No NME accuracy.
2026-06-02 00:31:22,762 [trainer.py] => CNN: {'total': 67.11, '00-04': 34.0, '05-09': 76.0, '10-14': 69.0, '15-19': 49.0, '20-24': 91.0, '25-29': 58.0, '30-34': 54.55, '35-39': 74.0, '40-44': 88.0, '45-49': 70.0, '50-54': 74.0, '55-59': 78.0, '60-64': 57.0, '65-69': 74.75, '70-74': 89.0, '75-79': 87.0, '80-84': 68.0, '85-89': 55.0, '90-94': 61.0, '95-99': 67.68, '100-104': 80.0, '105-109': 79.59, '110-114': 68.0, '115-119': 40.0, '120-124': 72.73, '125-129': 62.0, '130-134': 73.47, '135-139': 53.0, '140-144': 39.0, '145-149': 61.0, '150-154': 86.0, '155-159': 58.0, 'old': 67.4, 'new': 58.0}
2026-06-02 00:31:22,762 [trainer.py] => CNN top1 curve: [81.0, 86.5, 89.67, 79.5, 81.8, 84.5, 82.98, 79.1, 80.65, 78.88, 80.35, 80.9, 78.75, 76.11, 75.43, 76.53, 75.62, 73.3, 73.45, 72.36, 72.68, 73.39, 73.12, 71.36, 71.57, 70.93, 70.43, 69.09, 68.29, 67.81, 67.82, 67.11]
2026-06-02 00:31:22,762 [trainer.py] => CNN top5 curve: [100.0, 100.0, 99.67, 99.5, 98.8, 98.33, 97.71, 96.25, 96.33, 93.39, 93.9, 93.58, 93.07, 93.28, 93.66, 94.06, 94.11, 94.22, 93.1, 92.19, 92.7, 92.85, 92.77, 91.52, 91.58, 91.6, 91.6, 90.83, 89.59, 89.74, 89.68, 89.29]
2026-06-02 00:31:22,762 [trainer.py] => Average Accuracy (CNN): 75.97
2026-06-02 00:31:22,764 [trainer.py] => All params: 172123992
2026-06-02 00:31:22,765 [trainer.py] => Trainable params: 276780
2026-06-02 00:31:22,765 [l2p.py] => Learning on 160-165
2026-06-02 00:38:39,281 [l2p.py] => Task 32, Epoch 20/20 => Loss -0.225, Train_accy 99.52, Test_accy 65.64
2026-06-02 00:39:03,853 [trainer.py] => Timing Task 32 => Train 436.52s, Epochs 20, Train 21.8259s/epoch, Inference 24.57s, Images 3292, Inference 7.4633ms/image
2026-06-02 00:39:03,853 [trainer.py] => No NME accuracy.
2026-06-02 00:39:03,854 [trainer.py] => CNN: {'total': 65.64, '00-04': 32.0, '05-09': 76.0, '10-14': 70.0, '15-19': 47.0, '20-24': 89.0, '25-29': 55.0, '30-34': 53.54, '35-39': 72.0, '40-44': 85.0, '45-49': 70.0, '50-54': 71.0, '55-59': 60.0, '60-64': 54.0, '65-69': 67.68, '70-74': 92.0, '75-79': 86.0, '80-84': 66.0, '85-89': 59.0, '90-94': 63.0, '95-99': 62.63, '100-104': 81.0, '105-109': 81.63, '110-114': 69.0, '115-119': 40.0, '120-124': 72.73, '125-129': 62.0, '130-134': 72.45, '135-139': 47.0, '140-144': 35.0, '145-149': 64.0, '150-154': 82.0, '155-159': 54.0, '160-164': 75.0, 'old': 65.35, 'new': 75.0}
2026-06-02 00:39:03,854 [trainer.py] => CNN top1 curve: [81.0, 86.5, 89.67, 79.5, 81.8, 84.5, 82.98, 79.1, 80.65, 78.88, 80.35, 80.9, 78.75, 76.11, 75.43, 76.53, 75.62, 73.3, 73.45, 72.36, 72.68, 73.39, 73.12, 71.36, 71.57, 70.93, 70.43, 69.09, 68.29, 67.81, 67.82, 67.11, 65.64]
2026-06-02 00:39:03,854 [trainer.py] => CNN top5 curve: [100.0, 100.0, 99.67, 99.5, 98.8, 98.33, 97.71, 96.25, 96.33, 93.39, 93.9, 93.58, 93.07, 93.28, 93.66, 94.06, 94.11, 94.22, 93.1, 92.19, 92.7, 92.85, 92.77, 91.52, 91.58, 91.6, 91.6, 90.83, 89.59, 89.74, 89.68, 89.29, 88.73]
2026-06-02 00:39:03,854 [trainer.py] => Average Accuracy (CNN): 75.66
2026-06-02 00:39:03,856 [trainer.py] => All params: 172123992
2026-06-02 00:39:03,858 [trainer.py] => Trainable params: 276780
2026-06-02 00:39:03,859 [l2p.py] => Learning on 165-170
2026-06-02 00:46:29,472 [l2p.py] => Task 33, Epoch 20/20 => Loss -0.248, Train_accy 98.90, Test_accy 64.30
2026-06-02 00:46:53,347 [trainer.py] => Timing Task 33 => Train 445.62s, Epochs 20, Train 22.2808s/epoch, Inference 23.87s, Images 3392, Inference 7.0381ms/image
2026-06-02 00:46:53,347 [trainer.py] => No NME accuracy.
2026-06-02 00:46:53,348 [trainer.py] => CNN: {'total': 64.3, '00-04': 29.0, '05-09': 76.0, '10-14': 70.0, '15-19': 47.0, '20-24': 89.0, '25-29': 56.0, '30-34': 52.53, '35-39': 73.0, '40-44': 86.0, '45-49': 70.0, '50-54': 71.0, '55-59': 59.0, '60-64': 55.0, '65-69': 67.68, '70-74': 91.0, '75-79': 86.0, '80-84': 68.0, '85-89': 59.0, '90-94': 62.0, '95-99': 64.65, '100-104': 82.0, '105-109': 82.65, '110-114': 69.0, '115-119': 41.0, '120-124': 72.73, '125-129': 61.0, '130-134': 71.43, '135-139': 47.0, '140-144': 36.0, '145-149': 62.0, '150-154': 82.0, '155-159': 54.0, '160-164': 76.0, '165-169': 18.0, 'old': 65.7, 'new': 18.0}
2026-06-02 00:46:53,348 [trainer.py] => CNN top1 curve: [81.0, 86.5, 89.67, 79.5, 81.8, 84.5, 82.98, 79.1, 80.65, 78.88, 80.35, 80.9, 78.75, 76.11, 75.43, 76.53, 75.62, 73.3, 73.45, 72.36, 72.68, 73.39, 73.12, 71.36, 71.57, 70.93, 70.43, 69.09, 68.29, 67.81, 67.82, 67.11, 65.64, 64.3]
2026-06-02 00:46:53,348 [trainer.py] => CNN top5 curve: [100.0, 100.0, 99.67, 99.5, 98.8, 98.33, 97.71, 96.25, 96.33, 93.39, 93.9, 93.58, 93.07, 93.28, 93.66, 94.06, 94.11, 94.22, 93.1, 92.19, 92.7, 92.85, 92.77, 91.52, 91.58, 91.6, 91.6, 90.83, 89.59, 89.74, 89.68, 89.29, 88.73, 88.35]
2026-06-02 00:46:53,348 [trainer.py] => Average Accuracy (CNN): 75.32
2026-06-02 00:46:53,350 [trainer.py] => All params: 172123992
2026-06-02 00:46:53,351 [trainer.py] => Trainable params: 276780
2026-06-02 00:46:53,351 [l2p.py] => Learning on 170-175
2026-06-02 00:54:01,288 [l2p.py] => Task 34, Epoch 20/20 => Loss -0.229, Train_accy 99.85, Test_accy 63.83
2026-06-02 00:54:27,675 [trainer.py] => Timing Task 34 => Train 427.94s, Epochs 20, Train 21.3970s/epoch, Inference 26.38s, Images 3492, Inference 7.5557ms/image
2026-06-02 00:54:27,676 [trainer.py] => No NME accuracy.
2026-06-02 00:54:27,676 [trainer.py] => CNN: {'total': 63.83, '00-04': 29.0, '05-09': 76.0, '10-14': 71.0, '15-19': 47.0, '20-24': 85.0, '25-29': 57.0, '30-34': 52.53, '35-39': 72.0, '40-44': 86.0, '45-49': 70.0, '50-54': 71.0, '55-59': 59.0, '60-64': 56.0, '65-69': 67.68, '70-74': 90.0, '75-79': 86.0, '80-84': 68.0, '85-89': 57.0, '90-94': 62.0, '95-99': 63.64, '100-104': 82.0, '105-109': 80.61, '110-114': 69.0, '115-119': 41.0, '120-124': 72.73, '125-129': 60.0, '130-134': 72.45, '135-139': 48.0, '140-144': 34.0, '145-149': 60.0, '150-154': 83.0, '155-159': 54.0, '160-164': 67.0, '165-169': 14.0, '170-174': 71.0, 'old': 63.62, 'new': 71.0}
2026-06-02 00:54:27,676 [trainer.py] => CNN top1 curve: [81.0, 86.5, 89.67, 79.5, 81.8, 84.5, 82.98, 79.1, 80.65, 78.88, 80.35, 80.9, 78.75, 76.11, 75.43, 76.53, 75.62, 73.3, 73.45, 72.36, 72.68, 73.39, 73.12, 71.36, 71.57, 70.93, 70.43, 69.09, 68.29, 67.81, 67.82, 67.11, 65.64, 64.3, 63.83]
2026-06-02 00:54:27,676 [trainer.py] => CNN top5 curve: [100.0, 100.0, 99.67, 99.5, 98.8, 98.33, 97.71, 96.25, 96.33, 93.39, 93.9, 93.58, 93.07, 93.28, 93.66, 94.06, 94.11, 94.22, 93.1, 92.19, 92.7, 92.85, 92.77, 91.52, 91.58, 91.6, 91.6, 90.83, 89.59, 89.74, 89.68, 89.29, 88.73, 88.35, 87.8]
2026-06-02 00:54:27,676 [trainer.py] => Average Accuracy (CNN): 74.99
2026-06-02 00:54:27,677 [trainer.py] => All params: 172123992
2026-06-02 00:54:27,678 [trainer.py] => Trainable params: 276780
2026-06-02 00:54:27,678 [l2p.py] => Learning on 175-180
2026-06-02 01:02:24,290 [l2p.py] => Task 35, Epoch 20/20 => Loss -0.232, Train_accy 99.81, Test_accy 63.42
2026-06-02 01:02:51,571 [trainer.py] => Timing Task 35 => Train 476.61s, Epochs 20, Train 23.8307s/epoch, Inference 27.28s, Images 3592, Inference 7.5943ms/image
2026-06-02 01:02:51,571 [trainer.py] => No NME accuracy.
2026-06-02 01:02:51,571 [trainer.py] => CNN: {'total': 63.42, '00-04': 29.0, '05-09': 76.0, '10-14': 69.0, '15-19': 47.0, '20-24': 74.0, '25-29': 57.0, '30-34': 51.52, '35-39': 74.0, '40-44': 85.0, '45-49': 70.0, '50-54': 72.0, '55-59': 60.0, '60-64': 56.0, '65-69': 66.67, '70-74': 91.0, '75-79': 86.0, '80-84': 68.0, '85-89': 55.0, '90-94': 62.0, '95-99': 64.65, '100-104': 78.0, '105-109': 82.65, '110-114': 67.0, '115-119': 39.0, '120-124': 71.72, '125-129': 60.0, '130-134': 71.43, '135-139': 46.0, '140-144': 33.0, '145-149': 62.0, '150-154': 82.0, '155-159': 54.0, '160-164': 66.0, '165-169': 14.0, '170-174': 71.0, '175-179': 72.0, 'old': 63.17, 'new': 72.0}
2026-06-02 01:02:51,571 [trainer.py] => CNN top1 curve: [81.0, 86.5, 89.67, 79.5, 81.8, 84.5, 82.98, 79.1, 80.65, 78.88, 80.35, 80.9, 78.75, 76.11, 75.43, 76.53, 75.62, 73.3, 73.45, 72.36, 72.68, 73.39, 73.12, 71.36, 71.57, 70.93, 70.43, 69.09, 68.29, 67.81, 67.82, 67.11, 65.64, 64.3, 63.83, 63.42]
2026-06-02 01:02:51,571 [trainer.py] => CNN top5 curve: [100.0, 100.0, 99.67, 99.5, 98.8, 98.33, 97.71, 96.25, 96.33, 93.39, 93.9, 93.58, 93.07, 93.28, 93.66, 94.06, 94.11, 94.22, 93.1, 92.19, 92.7, 92.85, 92.77, 91.52, 91.58, 91.6, 91.6, 90.83, 89.59, 89.74, 89.68, 89.29, 88.73, 88.35, 87.8, 87.36]
2026-06-02 01:02:51,571 [trainer.py] => Average Accuracy (CNN): 74.67
2026-06-02 01:02:51,573 [trainer.py] => All params: 172123992
2026-06-02 01:02:51,573 [trainer.py] => Trainable params: 276780
2026-06-02 01:02:51,573 [l2p.py] => Learning on 180-185
2026-06-02 01:10:28,586 [l2p.py] => Task 36, Epoch 20/20 => Loss -0.217, Train_accy 99.46, Test_accy 63.03
2026-06-02 01:10:55,942 [trainer.py] => Timing Task 36 => Train 457.01s, Epochs 20, Train 22.8507s/epoch, Inference 27.36s, Images 3692, Inference 7.4093ms/image
2026-06-02 01:10:55,943 [trainer.py] => No NME accuracy.
2026-06-02 01:10:55,943 [trainer.py] => CNN: {'total': 63.03, '00-04': 28.0, '05-09': 77.0, '10-14': 70.0, '15-19': 47.0, '20-24': 74.0, '25-29': 52.0, '30-34': 49.49, '35-39': 73.0, '40-44': 85.0, '45-49': 70.0, '50-54': 69.0, '55-59': 61.0, '60-64': 59.0, '65-69': 68.69, '70-74': 88.0, '75-79': 86.0, '80-84': 68.0, '85-89': 55.0, '90-94': 58.0, '95-99': 63.64, '100-104': 76.0, '105-109': 82.65, '110-114': 66.0, '115-119': 38.0, '120-124': 69.7, '125-129': 60.0, '130-134': 70.41, '135-139': 47.0, '140-144': 33.0, '145-149': 61.0, '150-154': 84.0, '155-159': 53.0, '160-164': 65.0, '165-169': 14.0, '170-174': 71.0, '175-179': 72.0, '180-184': 68.0, 'old': 62.89, 'new': 68.0}
2026-06-02 01:10:55,943 [trainer.py] => CNN top1 curve: [81.0, 86.5, 89.67, 79.5, 81.8, 84.5, 82.98, 79.1, 80.65, 78.88, 80.35, 80.9, 78.75, 76.11, 75.43, 76.53, 75.62, 73.3, 73.45, 72.36, 72.68, 73.39, 73.12, 71.36, 71.57, 70.93, 70.43, 69.09, 68.29, 67.81, 67.82, 67.11, 65.64, 64.3, 63.83, 63.42, 63.03]
2026-06-02 01:10:55,943 [trainer.py] => CNN top5 curve: [100.0, 100.0, 99.67, 99.5, 98.8, 98.33, 97.71, 96.25, 96.33, 93.39, 93.9, 93.58, 93.07, 93.28, 93.66, 94.06, 94.11, 94.22, 93.1, 92.19, 92.7, 92.85, 92.77, 91.52, 91.58, 91.6, 91.6, 90.83, 89.59, 89.74, 89.68, 89.29, 88.73, 88.35, 87.8, 87.36, 87.19]
2026-06-02 01:10:55,943 [trainer.py] => Average Accuracy (CNN): 74.36
2026-06-02 01:10:55,945 [trainer.py] => All params: 172123992
2026-06-02 01:10:55,946 [trainer.py] => Trainable params: 276780
2026-06-02 01:10:55,946 [l2p.py] => Learning on 185-190
2026-06-02 01:18:21,714 [l2p.py] => Task 37, Epoch 20/20 => Loss -0.210, Train_accy 98.99, Test_accy 63.61
2026-06-02 01:18:50,511 [trainer.py] => Timing Task 37 => Train 445.77s, Epochs 20, Train 22.2885s/epoch, Inference 28.80s, Images 3792, Inference 7.5938ms/image
2026-06-02 01:18:50,512 [trainer.py] => No NME accuracy.
2026-06-02 01:18:50,512 [trainer.py] => CNN: {'total': 63.61, '00-04': 29.0, '05-09': 76.0, '10-14': 69.0, '15-19': 48.0, '20-24': 75.0, '25-29': 58.0, '30-34': 49.49, '35-39': 73.0, '40-44': 84.0, '45-49': 70.0, '50-54': 69.0, '55-59': 61.0, '60-64': 58.0, '65-69': 68.69, '70-74': 86.0, '75-79': 86.0, '80-84': 69.0, '85-89': 58.0, '90-94': 56.0, '95-99': 62.63, '100-104': 75.0, '105-109': 82.65, '110-114': 66.0, '115-119': 38.0, '120-124': 69.7, '125-129': 62.0, '130-134': 73.47, '135-139': 47.0, '140-144': 32.0, '145-149': 63.0, '150-154': 83.0, '155-159': 53.0, '160-164': 66.0, '165-169': 14.0, '170-174': 70.0, '175-179': 71.0, '180-184': 68.0, '185-189': 78.0, 'old': 63.22, 'new': 78.0}
2026-06-02 01:18:50,512 [trainer.py] => CNN top1 curve: [81.0, 86.5, 89.67, 79.5, 81.8, 84.5, 82.98, 79.1, 80.65, 78.88, 80.35, 80.9, 78.75, 76.11, 75.43, 76.53, 75.62, 73.3, 73.45, 72.36, 72.68, 73.39, 73.12, 71.36, 71.57, 70.93, 70.43, 69.09, 68.29, 67.81, 67.82, 67.11, 65.64, 64.3, 63.83, 63.42, 63.03, 63.61]
2026-06-02 01:18:50,512 [trainer.py] => CNN top5 curve: [100.0, 100.0, 99.67, 99.5, 98.8, 98.33, 97.71, 96.25, 96.33, 93.39, 93.9, 93.58, 93.07, 93.28, 93.66, 94.06, 94.11, 94.22, 93.1, 92.19, 92.7, 92.85, 92.77, 91.52, 91.58, 91.6, 91.6, 90.83, 89.59, 89.74, 89.68, 89.29, 88.73, 88.35, 87.8, 87.36, 87.19, 87.29]
2026-06-02 01:18:50,512 [trainer.py] => Average Accuracy (CNN): 74.07
2026-06-02 01:18:50,513 [trainer.py] => All params: 172123992
2026-06-02 01:18:50,515 [trainer.py] => Trainable params: 276780
2026-06-02 01:18:50,515 [l2p.py] => Learning on 190-195
2026-06-02 01:26:37,123 [l2p.py] => Task 38, Epoch 20/20 => Loss -0.182, Train_accy 97.93, Test_accy 63.10
2026-06-02 01:27:06,286 [trainer.py] => Timing Task 38 => Train 466.61s, Epochs 20, Train 23.3305s/epoch, Inference 29.16s, Images 3892, Inference 7.4928ms/image
2026-06-02 01:27:06,286 [trainer.py] => No NME accuracy.
2026-06-02 01:27:06,286 [trainer.py] => CNN: {'total': 63.1, '00-04': 31.0, '05-09': 75.0, '10-14': 69.0, '15-19': 48.0, '20-24': 74.0, '25-29': 59.0, '30-34': 51.52, '35-39': 72.0, '40-44': 84.0, '45-49': 70.0, '50-54': 68.0, '55-59': 63.0, '60-64': 54.0, '65-69': 68.69, '70-74': 85.0, '75-79': 85.0, '80-84': 69.0, '85-89': 57.0, '90-94': 56.0, '95-99': 63.64, '100-104': 76.0, '105-109': 79.59, '110-114': 66.0, '115-119': 38.0, '120-124': 70.71, '125-129': 62.0, '130-134': 73.47, '135-139': 47.0, '140-144': 34.0, '145-149': 61.0, '150-154': 85.0, '155-159': 53.0, '160-164': 56.0, '165-169': 14.0, '170-174': 57.0, '175-179': 70.0, '180-184': 64.0, '185-189': 78.0, '190-194': 74.0, 'old': 62.82, 'new': 74.0}
2026-06-02 01:27:06,286 [trainer.py] => CNN top1 curve: [81.0, 86.5, 89.67, 79.5, 81.8, 84.5, 82.98, 79.1, 80.65, 78.88, 80.35, 80.9, 78.75, 76.11, 75.43, 76.53, 75.62, 73.3, 73.45, 72.36, 72.68, 73.39, 73.12, 71.36, 71.57, 70.93, 70.43, 69.09, 68.29, 67.81, 67.82, 67.11, 65.64, 64.3, 63.83, 63.42, 63.03, 63.61, 63.1]
2026-06-02 01:27:06,286 [trainer.py] => CNN top5 curve: [100.0, 100.0, 99.67, 99.5, 98.8, 98.33, 97.71, 96.25, 96.33, 93.39, 93.9, 93.58, 93.07, 93.28, 93.66, 94.06, 94.11, 94.22, 93.1, 92.19, 92.7, 92.85, 92.77, 91.52, 91.58, 91.6, 91.6, 90.83, 89.59, 89.74, 89.68, 89.29, 88.73, 88.35, 87.8, 87.36, 87.19, 87.29, 87.51]
2026-06-02 01:27:06,286 [trainer.py] => Average Accuracy (CNN): 73.79
2026-06-02 01:27:06,288 [trainer.py] => All params: 172123992
2026-06-02 01:27:06,290 [trainer.py] => Trainable params: 276780
2026-06-02 01:27:06,290 [l2p.py] => Learning on 195-200
2026-06-02 01:34:24,502 [l2p.py] => Task 39, Epoch 20/20 => Loss -0.201, Train_accy 99.63, Test_accy 63.35
2026-06-02 01:34:54,796 [trainer.py] => Timing Task 39 => Train 438.21s, Epochs 20, Train 21.9107s/epoch, Inference 30.29s, Images 3992, Inference 7.5879ms/image
2026-06-02 01:34:54,796 [trainer.py] => No NME accuracy.
2026-06-02 01:34:54,796 [trainer.py] => CNN: {'total': 63.35, '00-04': 30.0, '05-09': 74.0, '10-14': 70.0, '15-19': 48.0, '20-24': 74.0, '25-29': 56.0, '30-34': 50.51, '35-39': 73.0, '40-44': 84.0, '45-49': 70.0, '50-54': 70.0, '55-59': 61.0, '60-64': 55.0, '65-69': 68.69, '70-74': 87.0, '75-79': 87.0, '80-84': 68.0, '85-89': 56.0, '90-94': 56.0, '95-99': 64.65, '100-104': 76.0, '105-109': 80.61, '110-114': 67.0, '115-119': 40.0, '120-124': 72.73, '125-129': 63.0, '130-134': 73.47, '135-139': 43.0, '140-144': 33.0, '145-149': 61.0, '150-154': 82.0, '155-159': 53.0, '160-164': 59.0, '165-169': 11.0, '170-174': 57.0, '175-179': 69.0, '180-184': 65.0, '185-189': 79.0, '190-194': 74.0, '195-199': 73.0, 'old': 63.1, 'new': 73.0}
2026-06-02 01:34:54,796 [trainer.py] => CNN top1 curve: [81.0, 86.5, 89.67, 79.5, 81.8, 84.5, 82.98, 79.1, 80.65, 78.88, 80.35, 80.9, 78.75, 76.11, 75.43, 76.53, 75.62, 73.3, 73.45, 72.36, 72.68, 73.39, 73.12, 71.36, 71.57, 70.93, 70.43, 69.09, 68.29, 67.81, 67.82, 67.11, 65.64, 64.3, 63.83, 63.42, 63.03, 63.61, 63.1, 63.35]
2026-06-02 01:34:54,796 [trainer.py] => CNN top5 curve: [100.0, 100.0, 99.67, 99.5, 98.8, 98.33, 97.71, 96.25, 96.33, 93.39, 93.9, 93.58, 93.07, 93.28, 93.66, 94.06, 94.11, 94.22, 93.1, 92.19, 92.7, 92.85, 92.77, 91.52, 91.58, 91.6, 91.6, 90.83, 89.59, 89.74, 89.68, 89.29, 88.73, 88.35, 87.8, 87.36, 87.19, 87.29, 87.51, 87.22]
2026-06-02 01:34:54,796 [trainer.py] => Average Accuracy (CNN): 73.53
2026-06-02 01:34:54,798 [trainer.py] => All params: 172123992
2026-06-02 01:34:54,799 [trainer.py] => Trainable params: 276780
2026-06-02 01:34:54,799 [l2p.py] => Learning on 200-205
2026-06-02 01:42:26,548 [l2p.py] => Task 40, Epoch 20/20 => Loss -0.202, Train_accy 98.50, Test_accy 62.78
2026-06-02 01:42:57,148 [trainer.py] => Timing Task 40 => Train 451.75s, Epochs 20, Train 22.5875s/epoch, Inference 30.60s, Images 4092, Inference 7.4775ms/image
2026-06-02 01:42:57,148 [trainer.py] => No NME accuracy.
2026-06-02 01:42:57,148 [trainer.py] => CNN: {'total': 62.78, '00-04': 31.0, '05-09': 75.0, '10-14': 63.0, '15-19': 48.0, '20-24': 74.0, '25-29': 57.0, '30-34': 51.52, '35-39': 72.0, '40-44': 85.0, '45-49': 70.0, '50-54': 70.0, '55-59': 61.0, '60-64': 56.0, '65-69': 66.67, '70-74': 85.0, '75-79': 87.0, '80-84': 68.0, '85-89': 54.0, '90-94': 57.0, '95-99': 64.65, '100-104': 76.0, '105-109': 80.61, '110-114': 66.0, '115-119': 41.0, '120-124': 72.73, '125-129': 64.0, '130-134': 65.31, '135-139': 46.0, '140-144': 39.0, '145-149': 61.0, '150-154': 82.0, '155-159': 53.0, '160-164': 57.0, '165-169': 15.0, '170-174': 58.0, '175-179': 69.0, '180-184': 66.0, '185-189': 77.0, '190-194': 74.0, '195-199': 71.0, '200-204': 45.0, 'old': 63.23, 'new': 45.0}
2026-06-02 01:42:57,148 [trainer.py] => CNN top1 curve: [81.0, 86.5, 89.67, 79.5, 81.8, 84.5, 82.98, 79.1, 80.65, 78.88, 80.35, 80.9, 78.75, 76.11, 75.43, 76.53, 75.62, 73.3, 73.45, 72.36, 72.68, 73.39, 73.12, 71.36, 71.57, 70.93, 70.43, 69.09, 68.29, 67.81, 67.82, 67.11, 65.64, 64.3, 63.83, 63.42, 63.03, 63.61, 63.1, 63.35, 62.78]
2026-06-02 01:42:57,149 [trainer.py] => CNN top5 curve: [100.0, 100.0, 99.67, 99.5, 98.8, 98.33, 97.71, 96.25, 96.33, 93.39, 93.9, 93.58, 93.07, 93.28, 93.66, 94.06, 94.11, 94.22, 93.1, 92.19, 92.7, 92.85, 92.77, 91.52, 91.58, 91.6, 91.6, 90.83, 89.59, 89.74, 89.68, 89.29, 88.73, 88.35, 87.8, 87.36, 87.19, 87.29, 87.51, 87.22, 86.66]
2026-06-02 01:42:57,149 [trainer.py] => Average Accuracy (CNN): 73.27
2026-06-02 01:42:57,151 [trainer.py] => All params: 172123992
2026-06-02 01:42:57,152 [trainer.py] => Trainable params: 276780
2026-06-02 01:42:57,153 [l2p.py] => Learning on 205-210
2026-06-02 01:50:25,874 [l2p.py] => Task 41, Epoch 20/20 => Loss -0.226, Train_accy 99.58, Test_accy 62.79
2026-06-02 01:50:55,671 [trainer.py] => Timing Task 41 => Train 448.72s, Epochs 20, Train 22.4361s/epoch, Inference 29.80s, Images 4192, Inference 7.1077ms/image
2026-06-02 01:50:55,671 [trainer.py] => No NME accuracy.
2026-06-02 01:50:55,672 [trainer.py] => CNN: {'total': 62.79, '00-04': 30.0, '05-09': 72.0, '10-14': 64.0, '15-19': 48.0, '20-24': 75.0, '25-29': 53.0, '30-34': 50.51, '35-39': 72.0, '40-44': 85.0, '45-49': 68.0, '50-54': 70.0, '55-59': 60.0, '60-64': 55.0, '65-69': 66.67, '70-74': 86.0, '75-79': 86.0, '80-84': 67.0, '85-89': 56.0, '90-94': 57.0, '95-99': 61.62, '100-104': 72.0, '105-109': 79.59, '110-114': 66.0, '115-119': 39.0, '120-124': 71.72, '125-129': 65.0, '130-134': 64.29, '135-139': 44.0, '140-144': 39.0, '145-149': 62.0, '150-154': 83.0, '155-159': 52.0, '160-164': 58.0, '165-169': 12.0, '170-174': 58.0, '175-179': 69.0, '180-184': 66.0, '185-189': 77.0, '190-194': 74.0, '195-199': 73.0, '200-204': 44.0, '205-209': 86.0, 'old': 62.22, 'new': 86.0}
2026-06-02 01:50:55,672 [trainer.py] => CNN top1 curve: [81.0, 86.5, 89.67, 79.5, 81.8, 84.5, 82.98, 79.1, 80.65, 78.88, 80.35, 80.9, 78.75, 76.11, 75.43, 76.53, 75.62, 73.3, 73.45, 72.36, 72.68, 73.39, 73.12, 71.36, 71.57, 70.93, 70.43, 69.09, 68.29, 67.81, 67.82, 67.11, 65.64, 64.3, 63.83, 63.42, 63.03, 63.61, 63.1, 63.35, 62.78, 62.79]
2026-06-02 01:50:55,672 [trainer.py] => CNN top5 curve: [100.0, 100.0, 99.67, 99.5, 98.8, 98.33, 97.71, 96.25, 96.33, 93.39, 93.9, 93.58, 93.07, 93.28, 93.66, 94.06, 94.11, 94.22, 93.1, 92.19, 92.7, 92.85, 92.77, 91.52, 91.58, 91.6, 91.6, 90.83, 89.59, 89.74, 89.68, 89.29, 88.73, 88.35, 87.8, 87.36, 87.19, 87.29, 87.51, 87.22, 86.66, 87.12]
2026-06-02 01:50:55,672 [trainer.py] => Average Accuracy (CNN): 73.02
2026-06-02 01:50:55,674 [trainer.py] => All params: 172123992
2026-06-02 01:50:55,676 [trainer.py] => Trainable params: 276780
2026-06-02 01:50:55,677 [l2p.py] => Learning on 210-215
2026-06-02 01:58:59,436 [l2p.py] => Task 42, Epoch 20/20 => Loss -0.215, Train_accy 99.68, Test_accy 62.86
2026-06-02 01:59:29,935 [trainer.py] => Timing Task 42 => Train 483.76s, Epochs 20, Train 24.1881s/epoch, Inference 30.50s, Images 4292, Inference 7.1054ms/image
2026-06-02 01:59:29,936 [trainer.py] => No NME accuracy.
2026-06-02 01:59:29,936 [trainer.py] => CNN: {'total': 62.86, '00-04': 32.0, '05-09': 72.0, '10-14': 65.0, '15-19': 48.0, '20-24': 74.0, '25-29': 49.0, '30-34': 51.52, '35-39': 72.0, '40-44': 86.0, '45-49': 67.0, '50-54': 70.0, '55-59': 61.0, '60-64': 55.0, '65-69': 66.67, '70-74': 88.0, '75-79': 87.0, '80-84': 66.0, '85-89': 53.0, '90-94': 57.0, '95-99': 62.63, '100-104': 73.0, '105-109': 80.61, '110-114': 66.0, '115-119': 40.0, '120-124': 69.7, '125-129': 64.0, '130-134': 65.31, '135-139': 44.0, '140-144': 39.0, '145-149': 63.0, '150-154': 84.0, '155-159': 52.0, '160-164': 58.0, '165-169': 10.0, '170-174': 58.0, '175-179': 68.0, '180-184': 67.0, '185-189': 78.0, '190-194': 75.0, '195-199': 71.0, '200-204': 45.0, '205-209': 86.0, '210-214': 64.0, 'old': 62.83, 'new': 64.0}
2026-06-02 01:59:29,936 [trainer.py] => CNN top1 curve: [81.0, 86.5, 89.67, 79.5, 81.8, 84.5, 82.98, 79.1, 80.65, 78.88, 80.35, 80.9, 78.75, 76.11, 75.43, 76.53, 75.62, 73.3, 73.45, 72.36, 72.68, 73.39, 73.12, 71.36, 71.57, 70.93, 70.43, 69.09, 68.29, 67.81, 67.82, 67.11, 65.64, 64.3, 63.83, 63.42, 63.03, 63.61, 63.1, 63.35, 62.78, 62.79, 62.86]
2026-06-02 01:59:29,936 [trainer.py] => CNN top5 curve: [100.0, 100.0, 99.67, 99.5, 98.8, 98.33, 97.71, 96.25, 96.33, 93.39, 93.9, 93.58, 93.07, 93.28, 93.66, 94.06, 94.11, 94.22, 93.1, 92.19, 92.7, 92.85, 92.77, 91.52, 91.58, 91.6, 91.6, 90.83, 89.59, 89.74, 89.68, 89.29, 88.73, 88.35, 87.8, 87.36, 87.19, 87.29, 87.51, 87.22, 86.66, 87.12, 86.7]
2026-06-02 01:59:29,936 [trainer.py] => Average Accuracy (CNN): 72.78
2026-06-02 01:59:29,938 [trainer.py] => All params: 172123992
2026-06-02 01:59:29,940 [trainer.py] => Trainable params: 276780
2026-06-02 01:59:29,940 [l2p.py] => Learning on 215-220
2026-06-02 02:07:16,629 [l2p.py] => Task 43, Epoch 20/20 => Loss -0.230, Train_accy 98.70, Test_accy 62.34
2026-06-02 02:07:48,661 [trainer.py] => Timing Task 43 => Train 466.69s, Epochs 20, Train 23.3345s/epoch, Inference 32.03s, Images 4392, Inference 7.2929ms/image
2026-06-02 02:07:48,661 [trainer.py] => No NME accuracy.
2026-06-02 02:07:48,661 [trainer.py] => CNN: {'total': 62.34, '00-04': 32.0, '05-09': 72.0, '10-14': 65.0, '15-19': 36.0, '20-24': 73.0, '25-29': 50.0, '30-34': 52.53, '35-39': 70.0, '40-44': 86.0, '45-49': 67.0, '50-54': 70.0, '55-59': 61.0, '60-64': 56.0, '65-69': 66.67, '70-74': 87.0, '75-79': 86.0, '80-84': 65.0, '85-89': 57.0, '90-94': 57.0, '95-99': 63.64, '100-104': 73.0, '105-109': 81.63, '110-114': 67.0, '115-119': 40.0, '120-124': 69.7, '125-129': 66.0, '130-134': 66.33, '135-139': 45.0, '140-144': 40.0, '145-149': 65.0, '150-154': 77.0, '155-159': 51.0, '160-164': 57.0, '165-169': 11.0, '170-174': 59.0, '175-179': 69.0, '180-184': 67.0, '185-189': 78.0, '190-194': 74.0, '195-199': 70.0, '200-204': 45.0, '205-209': 85.0, '210-214': 64.0, '215-219': 50.0, 'old': 62.63, 'new': 50.0}
2026-06-02 02:07:48,662 [trainer.py] => CNN top1 curve: [81.0, 86.5, 89.67, 79.5, 81.8, 84.5, 82.98, 79.1, 80.65, 78.88, 80.35, 80.9, 78.75, 76.11, 75.43, 76.53, 75.62, 73.3, 73.45, 72.36, 72.68, 73.39, 73.12, 71.36, 71.57, 70.93, 70.43, 69.09, 68.29, 67.81, 67.82, 67.11, 65.64, 64.3, 63.83, 63.42, 63.03, 63.61, 63.1, 63.35, 62.78, 62.79, 62.86, 62.34]
2026-06-02 02:07:48,662 [trainer.py] => CNN top5 curve: [100.0, 100.0, 99.67, 99.5, 98.8, 98.33, 97.71, 96.25, 96.33, 93.39, 93.9, 93.58, 93.07, 93.28, 93.66, 94.06, 94.11, 94.22, 93.1, 92.19, 92.7, 92.85, 92.77, 91.52, 91.58, 91.6, 91.6, 90.83, 89.59, 89.74, 89.68, 89.29, 88.73, 88.35, 87.8, 87.36, 87.19, 87.29, 87.51, 87.22, 86.66, 87.12, 86.7, 86.32]
2026-06-02 02:07:48,662 [trainer.py] => Average Accuracy (CNN): 72.55
2026-06-02 02:07:48,664 [trainer.py] => All params: 172123992
2026-06-02 02:07:48,666 [trainer.py] => Trainable params: 276780
2026-06-02 02:07:48,666 [l2p.py] => Learning on 220-225
2026-06-02 02:15:51,881 [l2p.py] => Task 44, Epoch 20/20 => Loss -0.240, Train_accy 99.10, Test_accy 61.63
2026-06-02 02:16:23,482 [trainer.py] => Timing Task 44 => Train 483.22s, Epochs 20, Train 24.1608s/epoch, Inference 31.60s, Images 4491, Inference 7.0362ms/image
2026-06-02 02:16:23,482 [trainer.py] => No NME accuracy.
2026-06-02 02:16:23,482 [trainer.py] => CNN: {'total': 61.63, '00-04': 32.0, '05-09': 73.0, '10-14': 64.0, '15-19': 37.0, '20-24': 72.0, '25-29': 49.0, '30-34': 51.52, '35-39': 71.0, '40-44': 86.0, '45-49': 67.0, '50-54': 70.0, '55-59': 60.0, '60-64': 57.0, '65-69': 67.68, '70-74': 84.0, '75-79': 86.0, '80-84': 65.0, '85-89': 52.0, '90-94': 58.0, '95-99': 61.62, '100-104': 73.0, '105-109': 79.59, '110-114': 67.0, '115-119': 40.0, '120-124': 69.7, '125-129': 57.0, '130-134': 65.31, '135-139': 45.0, '140-144': 34.0, '145-149': 63.0, '150-154': 75.0, '155-159': 52.0, '160-164': 58.0, '165-169': 11.0, '170-174': 57.0, '175-179': 69.0, '180-184': 67.0, '185-189': 79.0, '190-194': 74.0, '195-199': 68.0, '200-204': 46.0, '205-209': 87.0, '210-214': 64.0, '215-219': 53.0, '220-224': 56.57, 'old': 61.75, 'new': 56.57}
2026-06-02 02:16:23,482 [trainer.py] => CNN top1 curve: [81.0, 86.5, 89.67, 79.5, 81.8, 84.5, 82.98, 79.1, 80.65, 78.88, 80.35, 80.9, 78.75, 76.11, 75.43, 76.53, 75.62, 73.3, 73.45, 72.36, 72.68, 73.39, 73.12, 71.36, 71.57, 70.93, 70.43, 69.09, 68.29, 67.81, 67.82, 67.11, 65.64, 64.3, 63.83, 63.42, 63.03, 63.61, 63.1, 63.35, 62.78, 62.79, 62.86, 62.34, 61.63]
2026-06-02 02:16:23,482 [trainer.py] => CNN top5 curve: [100.0, 100.0, 99.67, 99.5, 98.8, 98.33, 97.71, 96.25, 96.33, 93.39, 93.9, 93.58, 93.07, 93.28, 93.66, 94.06, 94.11, 94.22, 93.1, 92.19, 92.7, 92.85, 92.77, 91.52, 91.58, 91.6, 91.6, 90.83, 89.59, 89.74, 89.68, 89.29, 88.73, 88.35, 87.8, 87.36, 87.19, 87.29, 87.51, 87.22, 86.66, 87.12, 86.7, 86.32, 86.37]
2026-06-02 02:16:23,482 [trainer.py] => Average Accuracy (CNN): 72.3
2026-06-02 02:16:23,484 [trainer.py] => All params: 172123992
2026-06-02 02:16:23,485 [trainer.py] => Trainable params: 276780
2026-06-02 02:16:23,485 [l2p.py] => Learning on 225-230
2026-06-02 02:26:14,952 [l2p.py] => Task 45, Epoch 20/20 => Loss -0.243, Train_accy 99.93, Test_accy 61.40
2026-06-02 02:26:58,609 [trainer.py] => Timing Task 45 => Train 591.47s, Epochs 20, Train 29.5735s/epoch, Inference 43.65s, Images 4591, Inference 9.5086ms/image
2026-06-02 02:26:58,609 [trainer.py] => No NME accuracy.
2026-06-02 02:26:58,609 [trainer.py] => CNN: {'total': 61.4, '00-04': 32.0, '05-09': 71.0, '10-14': 65.0, '15-19': 37.0, '20-24': 73.0, '25-29': 47.0, '30-34': 53.54, '35-39': 73.0, '40-44': 85.0, '45-49': 66.0, '50-54': 70.0, '55-59': 58.0, '60-64': 56.0, '65-69': 67.68, '70-74': 84.0, '75-79': 85.0, '80-84': 66.0, '85-89': 53.0, '90-94': 59.0, '95-99': 61.62, '100-104': 71.0, '105-109': 81.63, '110-114': 67.0, '115-119': 39.0, '120-124': 67.68, '125-129': 53.0, '130-134': 65.31, '135-139': 45.0, '140-144': 33.0, '145-149': 64.0, '150-154': 75.0, '155-159': 52.0, '160-164': 57.0, '165-169': 9.0, '170-174': 59.0, '175-179': 70.0, '180-184': 66.0, '185-189': 77.0, '190-194': 73.0, '195-199': 68.0, '200-204': 47.0, '205-209': 86.0, '210-214': 64.0, '215-219': 51.0, '220-224': 53.54, '225-229': 68.0, 'old': 61.26, 'new': 68.0}
2026-06-02 02:26:58,609 [trainer.py] => CNN top1 curve: [81.0, 86.5, 89.67, 79.5, 81.8, 84.5, 82.98, 79.1, 80.65, 78.88, 80.35, 80.9, 78.75, 76.11, 75.43, 76.53, 75.62, 73.3, 73.45, 72.36, 72.68, 73.39, 73.12, 71.36, 71.57, 70.93, 70.43, 69.09, 68.29, 67.81, 67.82, 67.11, 65.64, 64.3, 63.83, 63.42, 63.03, 63.61, 63.1, 63.35, 62.78, 62.79, 62.86, 62.34, 61.63, 61.4]
2026-06-02 02:26:58,609 [trainer.py] => CNN top5 curve: [100.0, 100.0, 99.67, 99.5, 98.8, 98.33, 97.71, 96.25, 96.33, 93.39, 93.9, 93.58, 93.07, 93.28, 93.66, 94.06, 94.11, 94.22, 93.1, 92.19, 92.7, 92.85, 92.77, 91.52, 91.58, 91.6, 91.6, 90.83, 89.59, 89.74, 89.68, 89.29, 88.73, 88.35, 87.8, 87.36, 87.19, 87.29, 87.51, 87.22, 86.66, 87.12, 86.7, 86.32, 86.37, 86.02]
2026-06-02 02:26:58,609 [trainer.py] => Average Accuracy (CNN): 72.07
2026-06-02 02:26:58,611 [trainer.py] => All params: 172123992
2026-06-02 02:26:58,612 [trainer.py] => Trainable params: 276780
2026-06-02 02:26:58,612 [l2p.py] => Learning on 230-235
2026-06-02 02:37:20,020 [l2p.py] => Task 46, Epoch 20/20 => Loss -0.219, Train_accy 99.38, Test_accy 61.22
2026-06-02 02:38:03,949 [trainer.py] => Timing Task 46 => Train 621.41s, Epochs 20, Train 31.0705s/epoch, Inference 43.93s, Images 4690, Inference 9.3660ms/image
2026-06-02 02:38:03,950 [trainer.py] => No NME accuracy.
2026-06-02 02:38:03,950 [trainer.py] => CNN: {'total': 61.22, '00-04': 30.0, '05-09': 72.0, '10-14': 66.0, '15-19': 37.0, '20-24': 73.0, '25-29': 45.0, '30-34': 50.51, '35-39': 72.0, '40-44': 86.0, '45-49': 67.0, '50-54': 71.0, '55-59': 48.0, '60-64': 54.0, '65-69': 67.68, '70-74': 81.0, '75-79': 85.0, '80-84': 65.0, '85-89': 52.0, '90-94': 57.0, '95-99': 61.62, '100-104': 71.0, '105-109': 78.57, '110-114': 68.0, '115-119': 39.0, '120-124': 69.7, '125-129': 53.0, '130-134': 63.27, '135-139': 44.0, '140-144': 33.0, '145-149': 64.0, '150-154': 75.0, '155-159': 52.0, '160-164': 56.0, '165-169': 9.0, '170-174': 59.0, '175-179': 69.0, '180-184': 66.0, '185-189': 79.0, '190-194': 73.0, '195-199': 70.0, '200-204': 45.0, '205-209': 86.0, '210-214': 63.0, '215-219': 51.0, '220-224': 56.57, '225-229': 69.0, '230-234': 74.75, 'old': 60.92, 'new': 74.75}
2026-06-02 02:38:03,950 [trainer.py] => CNN top1 curve: [81.0, 86.5, 89.67, 79.5, 81.8, 84.5, 82.98, 79.1, 80.65, 78.88, 80.35, 80.9, 78.75, 76.11, 75.43, 76.53, 75.62, 73.3, 73.45, 72.36, 72.68, 73.39, 73.12, 71.36, 71.57, 70.93, 70.43, 69.09, 68.29, 67.81, 67.82, 67.11, 65.64, 64.3, 63.83, 63.42, 63.03, 63.61, 63.1, 63.35, 62.78, 62.79, 62.86, 62.34, 61.63, 61.4, 61.22]
2026-06-02 02:38:03,950 [trainer.py] => CNN top5 curve: [100.0, 100.0, 99.67, 99.5, 98.8, 98.33, 97.71, 96.25, 96.33, 93.39, 93.9, 93.58, 93.07, 93.28, 93.66, 94.06, 94.11, 94.22, 93.1, 92.19, 92.7, 92.85, 92.77, 91.52, 91.58, 91.6, 91.6, 90.83, 89.59, 89.74, 89.68, 89.29, 88.73, 88.35, 87.8, 87.36, 87.19, 87.29, 87.51, 87.22, 86.66, 87.12, 86.7, 86.32, 86.37, 86.02, 86.01]
2026-06-02 02:38:03,950 [trainer.py] => Average Accuracy (CNN): 71.84
2026-06-02 02:38:03,953 [trainer.py] => All params: 172123992
2026-06-02 02:38:03,954 [trainer.py] => Trainable params: 276780
2026-06-02 02:38:03,955 [l2p.py] => Learning on 235-240
2026-06-02 02:48:44,372 [l2p.py] => Task 47, Epoch 20/20 => Loss -0.210, Train_accy 98.38, Test_accy 60.49
2026-06-02 02:49:28,528 [trainer.py] => Timing Task 47 => Train 640.42s, Epochs 20, Train 32.0210s/epoch, Inference 44.15s, Images 4789, Inference 9.2198ms/image
2026-06-02 02:49:28,528 [trainer.py] => No NME accuracy.
2026-06-02 02:49:28,529 [trainer.py] => CNN: {'total': 60.49, '00-04': 31.0, '05-09': 71.0, '10-14': 64.0, '15-19': 37.0, '20-24': 74.0, '25-29': 48.0, '30-34': 49.49, '35-39': 73.0, '40-44': 86.0, '45-49': 66.0, '50-54': 70.0, '55-59': 49.0, '60-64': 53.0, '65-69': 67.68, '70-74': 74.0, '75-79': 84.0, '80-84': 64.0, '85-89': 54.0, '90-94': 58.0, '95-99': 59.6, '100-104': 72.0, '105-109': 77.55, '110-114': 67.0, '115-119': 39.0, '120-124': 69.7, '125-129': 46.0, '130-134': 64.29, '135-139': 44.0, '140-144': 33.0, '145-149': 62.0, '150-154': 75.0, '155-159': 51.0, '160-164': 58.0, '165-169': 8.0, '170-174': 58.0, '175-179': 69.0, '180-184': 64.0, '185-189': 80.0, '190-194': 74.0, '195-199': 68.0, '200-204': 42.0, '205-209': 83.0, '210-214': 64.0, '215-219': 52.0, '220-224': 55.56, '225-229': 67.0, '230-234': 70.71, '235-239': 57.58, 'old': 60.55, 'new': 57.58}
2026-06-02 02:49:28,529 [trainer.py] => CNN top1 curve: [81.0, 86.5, 89.67, 79.5, 81.8, 84.5, 82.98, 79.1, 80.65, 78.88, 80.35, 80.9, 78.75, 76.11, 75.43, 76.53, 75.62, 73.3, 73.45, 72.36, 72.68, 73.39, 73.12, 71.36, 71.57, 70.93, 70.43, 69.09, 68.29, 67.81, 67.82, 67.11, 65.64, 64.3, 63.83, 63.42, 63.03, 63.61, 63.1, 63.35, 62.78, 62.79, 62.86, 62.34, 61.63, 61.4, 61.22, 60.49]
2026-06-02 02:49:28,529 [trainer.py] => CNN top5 curve: [100.0, 100.0, 99.67, 99.5, 98.8, 98.33, 97.71, 96.25, 96.33, 93.39, 93.9, 93.58, 93.07, 93.28, 93.66, 94.06, 94.11, 94.22, 93.1, 92.19, 92.7, 92.85, 92.77, 91.52, 91.58, 91.6, 91.6, 90.83, 89.59, 89.74, 89.68, 89.29, 88.73, 88.35, 87.8, 87.36, 87.19, 87.29, 87.51, 87.22, 86.66, 87.12, 86.7, 86.32, 86.37, 86.02, 86.01, 85.86]
2026-06-02 02:49:28,529 [trainer.py] => Average Accuracy (CNN): 71.6
2026-06-02 02:49:28,531 [trainer.py] => All params: 172123992
2026-06-02 02:49:28,534 [trainer.py] => Trainable params: 276780
2026-06-02 02:49:28,534 [l2p.py] => Learning on 240-245
2026-06-02 02:59:08,619 [l2p.py] => Task 48, Epoch 20/20 => Loss -0.224, Train_accy 99.78, Test_accy 60.71
2026-06-02 02:59:53,481 [trainer.py] => Timing Task 48 => Train 580.09s, Epochs 20, Train 29.0043s/epoch, Inference 44.86s, Images 4889, Inference 9.1758ms/image
2026-06-02 02:59:53,482 [trainer.py] => No NME accuracy.
2026-06-02 02:59:53,482 [trainer.py] => CNN: {'total': 60.71, '00-04': 33.0, '05-09': 74.0, '10-14': 65.0, '15-19': 36.0, '20-24': 73.0, '25-29': 45.0, '30-34': 49.49, '35-39': 71.0, '40-44': 86.0, '45-49': 66.0, '50-54': 70.0, '55-59': 49.0, '60-64': 57.0, '65-69': 67.68, '70-74': 74.0, '75-79': 84.0, '80-84': 65.0, '85-89': 54.0, '90-94': 58.0, '95-99': 59.6, '100-104': 73.0, '105-109': 77.55, '110-114': 67.0, '115-119': 41.0, '120-124': 67.68, '125-129': 47.0, '130-134': 62.24, '135-139': 44.0, '140-144': 32.0, '145-149': 64.0, '150-154': 75.0, '155-159': 51.0, '160-164': 56.0, '165-169': 8.0, '170-174': 57.0, '175-179': 68.0, '180-184': 65.0, '185-189': 80.0, '190-194': 73.0, '195-199': 68.0, '200-204': 42.0, '205-209': 83.0, '210-214': 63.0, '215-219': 50.0, '220-224': 52.53, '225-229': 67.0, '230-234': 71.72, '235-239': 56.57, '240-244': 76.0, 'old': 60.39, 'new': 76.0}
2026-06-02 02:59:53,482 [trainer.py] => CNN top1 curve: [81.0, 86.5, 89.67, 79.5, 81.8, 84.5, 82.98, 79.1, 80.65, 78.88, 80.35, 80.9, 78.75, 76.11, 75.43, 76.53, 75.62, 73.3, 73.45, 72.36, 72.68, 73.39, 73.12, 71.36, 71.57, 70.93, 70.43, 69.09, 68.29, 67.81, 67.82, 67.11, 65.64, 64.3, 63.83, 63.42, 63.03, 63.61, 63.1, 63.35, 62.78, 62.79, 62.86, 62.34, 61.63, 61.4, 61.22, 60.49, 60.71]
2026-06-02 02:59:53,482 [trainer.py] => CNN top5 curve: [100.0, 100.0, 99.67, 99.5, 98.8, 98.33, 97.71, 96.25, 96.33, 93.39, 93.9, 93.58, 93.07, 93.28, 93.66, 94.06, 94.11, 94.22, 93.1, 92.19, 92.7, 92.85, 92.77, 91.52, 91.58, 91.6, 91.6, 90.83, 89.59, 89.74, 89.68, 89.29, 88.73, 88.35, 87.8, 87.36, 87.19, 87.29, 87.51, 87.22, 86.66, 87.12, 86.7, 86.32, 86.37, 86.02, 86.01, 85.86, 85.42]
2026-06-02 02:59:53,482 [trainer.py] => Average Accuracy (CNN): 71.38
2026-06-02 02:59:53,485 [trainer.py] => All params: 172123992
2026-06-02 02:59:53,486 [trainer.py] => Trainable params: 276780
2026-06-02 02:59:53,486 [l2p.py] => Learning on 245-250
2026-06-02 03:10:09,388 [l2p.py] => Task 49, Epoch 20/20 => Loss -0.230, Train_accy 99.87, Test_accy 60.15
2026-06-02 03:10:53,510 [trainer.py] => Timing Task 49 => Train 615.90s, Epochs 20, Train 30.7952s/epoch, Inference 44.12s, Images 4989, Inference 8.8435ms/image
2026-06-02 03:10:53,510 [trainer.py] => No NME accuracy.
2026-06-02 03:10:53,510 [trainer.py] => CNN: {'total': 60.15, '00-04': 30.0, '05-09': 73.0, '10-14': 65.0, '15-19': 36.0, '20-24': 73.0, '25-29': 46.0, '30-34': 49.49, '35-39': 71.0, '40-44': 86.0, '45-49': 67.0, '50-54': 69.0, '55-59': 47.0, '60-64': 55.0, '65-69': 67.68, '70-74': 73.0, '75-79': 83.0, '80-84': 66.0, '85-89': 56.0, '90-94': 59.0, '95-99': 58.59, '100-104': 72.0, '105-109': 77.55, '110-114': 69.0, '115-119': 40.0, '120-124': 66.67, '125-129': 46.0, '130-134': 59.18, '135-139': 41.0, '140-144': 33.0, '145-149': 62.0, '150-154': 74.0, '155-159': 52.0, '160-164': 56.0, '165-169': 7.0, '170-174': 57.0, '175-179': 68.0, '180-184': 67.0, '185-189': 80.0, '190-194': 71.0, '195-199': 68.0, '200-204': 43.0, '205-209': 83.0, '210-214': 63.0, '215-219': 50.0, '220-224': 50.51, '225-229': 67.0, '230-234': 71.72, '235-239': 54.55, '240-244': 77.0, '245-249': 51.0, 'old': 60.34, 'new': 51.0}
2026-06-02 03:10:53,510 [trainer.py] => CNN top1 curve: [81.0, 86.5, 89.67, 79.5, 81.8, 84.5, 82.98, 79.1, 80.65, 78.88, 80.35, 80.9, 78.75, 76.11, 75.43, 76.53, 75.62, 73.3, 73.45, 72.36, 72.68, 73.39, 73.12, 71.36, 71.57, 70.93, 70.43, 69.09, 68.29, 67.81, 67.82, 67.11, 65.64, 64.3, 63.83, 63.42, 63.03, 63.61, 63.1, 63.35, 62.78, 62.79, 62.86, 62.34, 61.63, 61.4, 61.22, 60.49, 60.71, 60.15]
2026-06-02 03:10:53,510 [trainer.py] => CNN top5 curve: [100.0, 100.0, 99.67, 99.5, 98.8, 98.33, 97.71, 96.25, 96.33, 93.39, 93.9, 93.58, 93.07, 93.28, 93.66, 94.06, 94.11, 94.22, 93.1, 92.19, 92.7, 92.85, 92.77, 91.52, 91.58, 91.6, 91.6, 90.83, 89.59, 89.74, 89.68, 89.29, 88.73, 88.35, 87.8, 87.36, 87.19, 87.29, 87.51, 87.22, 86.66, 87.12, 86.7, 86.32, 86.37, 86.02, 86.01, 85.86, 85.42, 85.23]
2026-06-02 03:10:53,510 [trainer.py] => Average Accuracy (CNN): 71.15
2026-06-02 03:10:53,511 [trainer.py] => All params: 172123992
2026-06-02 03:10:53,512 [trainer.py] => Trainable params: 276780
2026-06-02 03:10:53,512 [l2p.py] => Learning on 250-255
2026-06-02 03:20:37,706 [l2p.py] => Task 50, Epoch 20/20 => Loss -0.215, Train_accy 99.17, Test_accy 59.71
2026-06-02 03:21:22,422 [trainer.py] => Timing Task 50 => Train 584.20s, Epochs 20, Train 29.2098s/epoch, Inference 44.71s, Images 5088, Inference 8.7882ms/image
2026-06-02 03:21:22,423 [trainer.py] => No NME accuracy.
2026-06-02 03:21:22,423 [trainer.py] => CNN: {'total': 59.71, '00-04': 31.0, '05-09': 74.0, '10-14': 64.0, '15-19': 37.0, '20-24': 73.0, '25-29': 46.0, '30-34': 49.49, '35-39': 72.0, '40-44': 85.0, '45-49': 66.0, '50-54': 71.0, '55-59': 44.0, '60-64': 59.0, '65-69': 68.69, '70-74': 72.0, '75-79': 63.0, '80-84': 65.0, '85-89': 52.0, '90-94': 55.0, '95-99': 59.6, '100-104': 72.0, '105-109': 76.53, '110-114': 68.0, '115-119': 39.0, '120-124': 69.7, '125-129': 47.0, '130-134': 60.2, '135-139': 42.0, '140-144': 32.0, '145-149': 62.0, '150-154': 76.0, '155-159': 51.0, '160-164': 55.0, '165-169': 7.0, '170-174': 57.0, '175-179': 68.0, '180-184': 66.0, '185-189': 82.0, '190-194': 73.0, '195-199': 67.0, '200-204': 42.0, '205-209': 84.0, '210-214': 64.0, '215-219': 52.0, '220-224': 51.52, '225-229': 66.0, '230-234': 71.72, '235-239': 52.53, '240-244': 76.0, '245-249': 50.0, '250-254': 58.59, 'old': 59.73, 'new': 58.59}
2026-06-02 03:21:22,423 [trainer.py] => CNN top1 curve: [81.0, 86.5, 89.67, 79.5, 81.8, 84.5, 82.98, 79.1, 80.65, 78.88, 80.35, 80.9, 78.75, 76.11, 75.43, 76.53, 75.62, 73.3, 73.45, 72.36, 72.68, 73.39, 73.12, 71.36, 71.57, 70.93, 70.43, 69.09, 68.29, 67.81, 67.82, 67.11, 65.64, 64.3, 63.83, 63.42, 63.03, 63.61, 63.1, 63.35, 62.78, 62.79, 62.86, 62.34, 61.63, 61.4, 61.22, 60.49, 60.71, 60.15, 59.71]
2026-06-02 03:21:22,423 [trainer.py] => CNN top5 curve: [100.0, 100.0, 99.67, 99.5, 98.8, 98.33, 97.71, 96.25, 96.33, 93.39, 93.9, 93.58, 93.07, 93.28, 93.66, 94.06, 94.11, 94.22, 93.1, 92.19, 92.7, 92.85, 92.77, 91.52, 91.58, 91.6, 91.6, 90.83, 89.59, 89.74, 89.68, 89.29, 88.73, 88.35, 87.8, 87.36, 87.19, 87.29, 87.51, 87.22, 86.66, 87.12, 86.7, 86.32, 86.37, 86.02, 86.01, 85.86, 85.42, 85.23, 85.1]
2026-06-02 03:21:22,423 [trainer.py] => Average Accuracy (CNN): 70.93
2026-06-02 03:21:22,425 [trainer.py] => All params: 172123992
2026-06-02 03:21:22,427 [trainer.py] => Trainable params: 276780
2026-06-02 03:21:22,427 [l2p.py] => Learning on 255-260
2026-06-02 03:31:15,638 [l2p.py] => Task 51, Epoch 20/20 => Loss -0.220, Train_accy 99.87, Test_accy 59.21
2026-06-02 03:32:00,986 [trainer.py] => Timing Task 51 => Train 593.21s, Epochs 20, Train 29.6607s/epoch, Inference 45.35s, Images 5188, Inference 8.7405ms/image
2026-06-02 03:32:00,986 [trainer.py] => No NME accuracy.
2026-06-02 03:32:00,986 [trainer.py] => CNN: {'total': 59.21, '00-04': 30.0, '05-09': 73.0, '10-14': 63.0, '15-19': 36.0, '20-24': 73.0, '25-29': 45.0, '30-34': 48.48, '35-39': 72.0, '40-44': 85.0, '45-49': 67.0, '50-54': 70.0, '55-59': 46.0, '60-64': 56.0, '65-69': 67.68, '70-74': 70.0, '75-79': 63.0, '80-84': 66.0, '85-89': 55.0, '90-94': 56.0, '95-99': 60.61, '100-104': 73.0, '105-109': 74.49, '110-114': 67.0, '115-119': 39.0, '120-124': 66.67, '125-129': 47.0, '130-134': 60.2, '135-139': 41.0, '140-144': 30.0, '145-149': 63.0, '150-154': 74.0, '155-159': 50.0, '160-164': 54.0, '165-169': 7.0, '170-174': 57.0, '175-179': 69.0, '180-184': 66.0, '185-189': 80.0, '190-194': 71.0, '195-199': 65.0, '200-204': 44.0, '205-209': 82.0, '210-214': 62.0, '215-219': 52.0, '220-224': 50.51, '225-229': 66.0, '230-234': 70.71, '235-239': 52.53, '240-244': 77.0, '245-249': 49.0, '250-254': 55.56, '255-259': 61.0, 'old': 59.18, 'new': 61.0}
2026-06-02 03:32:00,987 [trainer.py] => CNN top1 curve: [81.0, 86.5, 89.67, 79.5, 81.8, 84.5, 82.98, 79.1, 80.65, 78.88, 80.35, 80.9, 78.75, 76.11, 75.43, 76.53, 75.62, 73.3, 73.45, 72.36, 72.68, 73.39, 73.12, 71.36, 71.57, 70.93, 70.43, 69.09, 68.29, 67.81, 67.82, 67.11, 65.64, 64.3, 63.83, 63.42, 63.03, 63.61, 63.1, 63.35, 62.78, 62.79, 62.86, 62.34, 61.63, 61.4, 61.22, 60.49, 60.71, 60.15, 59.71, 59.21]
2026-06-02 03:32:00,987 [trainer.py] => CNN top5 curve: [100.0, 100.0, 99.67, 99.5, 98.8, 98.33, 97.71, 96.25, 96.33, 93.39, 93.9, 93.58, 93.07, 93.28, 93.66, 94.06, 94.11, 94.22, 93.1, 92.19, 92.7, 92.85, 92.77, 91.52, 91.58, 91.6, 91.6, 90.83, 89.59, 89.74, 89.68, 89.29, 88.73, 88.35, 87.8, 87.36, 87.19, 87.29, 87.51, 87.22, 86.66, 87.12, 86.7, 86.32, 86.37, 86.02, 86.01, 85.86, 85.42, 85.23, 85.1, 84.68]
2026-06-02 03:32:00,987 [trainer.py] => Average Accuracy (CNN): 70.7
2026-06-02 03:32:00,989 [trainer.py] => All params: 172123992
2026-06-02 03:32:00,990 [trainer.py] => Trainable params: 276780
2026-06-02 03:32:00,990 [l2p.py] => Learning on 260-265
2026-06-02 03:42:12,921 [l2p.py] => Task 52, Epoch 20/20 => Loss -0.211, Train_accy 99.05, Test_accy 59.37
2026-06-02 03:42:57,925 [trainer.py] => Timing Task 52 => Train 611.93s, Epochs 20, Train 30.5966s/epoch, Inference 45.00s, Images 5287, Inference 8.5119ms/image
2026-06-02 03:42:57,925 [trainer.py] => No NME accuracy.
2026-06-02 03:42:57,925 [trainer.py] => CNN: {'total': 59.37, '00-04': 29.0, '05-09': 72.0, '10-14': 59.0, '15-19': 36.0, '20-24': 73.0, '25-29': 45.0, '30-34': 47.47, '35-39': 72.0, '40-44': 85.0, '45-49': 66.0, '50-54': 71.0, '55-59': 46.0, '60-64': 60.0, '65-69': 61.62, '70-74': 70.0, '75-79': 64.0, '80-84': 66.0, '85-89': 54.0, '90-94': 57.0, '95-99': 60.61, '100-104': 77.0, '105-109': 75.51, '110-114': 67.0, '115-119': 39.0, '120-124': 68.69, '125-129': 48.0, '130-134': 61.22, '135-139': 41.0, '140-144': 30.0, '145-149': 60.0, '150-154': 78.0, '155-159': 50.0, '160-164': 55.0, '165-169': 7.0, '170-174': 56.0, '175-179': 69.0, '180-184': 67.0, '185-189': 79.0, '190-194': 72.0, '195-199': 65.0, '200-204': 43.0, '205-209': 84.0, '210-214': 62.0, '215-219': 51.0, '220-224': 51.52, '225-229': 66.0, '230-234': 71.72, '235-239': 54.55, '240-244': 76.0, '245-249': 49.0, '250-254': 56.57, '255-259': 60.0, '260-264': 61.62, 'old': 59.33, 'new': 61.62}
2026-06-02 03:42:57,925 [trainer.py] => CNN top1 curve: [81.0, 86.5, 89.67, 79.5, 81.8, 84.5, 82.98, 79.1, 80.65, 78.88, 80.35, 80.9, 78.75, 76.11, 75.43, 76.53, 75.62, 73.3, 73.45, 72.36, 72.68, 73.39, 73.12, 71.36, 71.57, 70.93, 70.43, 69.09, 68.29, 67.81, 67.82, 67.11, 65.64, 64.3, 63.83, 63.42, 63.03, 63.61, 63.1, 63.35, 62.78, 62.79, 62.86, 62.34, 61.63, 61.4, 61.22, 60.49, 60.71, 60.15, 59.71, 59.21, 59.37]
2026-06-02 03:42:57,925 [trainer.py] => CNN top5 curve: [100.0, 100.0, 99.67, 99.5, 98.8, 98.33, 97.71, 96.25, 96.33, 93.39, 93.9, 93.58, 93.07, 93.28, 93.66, 94.06, 94.11, 94.22, 93.1, 92.19, 92.7, 92.85, 92.77, 91.52, 91.58, 91.6, 91.6, 90.83, 89.59, 89.74, 89.68, 89.29, 88.73, 88.35, 87.8, 87.36, 87.19, 87.29, 87.51, 87.22, 86.66, 87.12, 86.7, 86.32, 86.37, 86.02, 86.01, 85.86, 85.42, 85.23, 85.1, 84.68, 84.74]
2026-06-02 03:42:57,925 [trainer.py] => Average Accuracy (CNN): 70.49
2026-06-02 03:42:57,926 [trainer.py] => All params: 172123992
2026-06-02 03:42:57,927 [trainer.py] => Trainable params: 276780
2026-06-02 03:42:57,927 [l2p.py] => Learning on 265-270
2026-06-02 03:52:56,500 [l2p.py] => Task 53, Epoch 20/20 => Loss -0.194, Train_accy 97.38, Test_accy 60.00
2026-06-02 03:53:41,678 [trainer.py] => Timing Task 53 => Train 598.57s, Epochs 20, Train 29.9287s/epoch, Inference 45.18s, Images 5387, Inference 8.3862ms/image
2026-06-02 03:53:41,678 [trainer.py] => No NME accuracy.
2026-06-02 03:53:41,679 [trainer.py] => CNN: {'total': 60.0, '00-04': 31.0, '05-09': 74.0, '10-14': 59.0, '15-19': 36.0, '20-24': 74.0, '25-29': 45.0, '30-34': 47.47, '35-39': 72.0, '40-44': 86.0, '45-49': 66.0, '50-54': 71.0, '55-59': 46.0, '60-64': 57.0, '65-69': 60.61, '70-74': 72.0, '75-79': 63.0, '80-84': 65.0, '85-89': 58.0, '90-94': 55.0, '95-99': 59.6, '100-104': 78.0, '105-109': 77.55, '110-114': 68.0, '115-119': 39.0, '120-124': 71.72, '125-129': 49.0, '130-134': 60.2, '135-139': 42.0, '140-144': 30.0, '145-149': 61.0, '150-154': 77.0, '155-159': 50.0, '160-164': 56.0, '165-169': 7.0, '170-174': 56.0, '175-179': 68.0, '180-184': 63.0, '185-189': 79.0, '190-194': 74.0, '195-199': 64.0, '200-204': 42.0, '205-209': 85.0, '210-214': 64.0, '215-219': 52.0, '220-224': 52.53, '225-229': 68.0, '230-234': 70.71, '235-239': 56.57, '240-244': 76.0, '245-249': 49.0, '250-254': 56.57, '255-259': 59.0, '260-264': 61.62, '265-269': 79.0, 'old': 59.64, 'new': 79.0}
2026-06-02 03:53:41,679 [trainer.py] => CNN top1 curve: [81.0, 86.5, 89.67, 79.5, 81.8, 84.5, 82.98, 79.1, 80.65, 78.88, 80.35, 80.9, 78.75, 76.11, 75.43, 76.53, 75.62, 73.3, 73.45, 72.36, 72.68, 73.39, 73.12, 71.36, 71.57, 70.93, 70.43, 69.09, 68.29, 67.81, 67.82, 67.11, 65.64, 64.3, 63.83, 63.42, 63.03, 63.61, 63.1, 63.35, 62.78, 62.79, 62.86, 62.34, 61.63, 61.4, 61.22, 60.49, 60.71, 60.15, 59.71, 59.21, 59.37, 60.0]
2026-06-02 03:53:41,679 [trainer.py] => CNN top5 curve: [100.0, 100.0, 99.67, 99.5, 98.8, 98.33, 97.71, 96.25, 96.33, 93.39, 93.9, 93.58, 93.07, 93.28, 93.66, 94.06, 94.11, 94.22, 93.1, 92.19, 92.7, 92.85, 92.77, 91.52, 91.58, 91.6, 91.6, 90.83, 89.59, 89.74, 89.68, 89.29, 88.73, 88.35, 87.8, 87.36, 87.19, 87.29, 87.51, 87.22, 86.66, 87.12, 86.7, 86.32, 86.37, 86.02, 86.01, 85.86, 85.42, 85.23, 85.1, 84.68, 84.74, 84.96]
2026-06-02 03:53:41,679 [trainer.py] => Average Accuracy (CNN): 70.29
2026-06-02 03:53:41,682 [trainer.py] => All params: 172123992
2026-06-02 03:53:41,684 [trainer.py] => Trainable params: 276780
2026-06-02 03:53:41,684 [l2p.py] => Learning on 270-275
2026-06-02 04:03:31,455 [l2p.py] => Task 54, Epoch 20/20 => Loss -0.208, Train_accy 98.82, Test_accy 60.21
2026-06-02 04:04:17,238 [trainer.py] => Timing Task 54 => Train 589.77s, Epochs 20, Train 29.4886s/epoch, Inference 45.78s, Images 5486, Inference 8.3453ms/image
2026-06-02 04:04:17,238 [trainer.py] => No NME accuracy.
2026-06-02 04:04:17,239 [trainer.py] => CNN: {'total': 60.21, '00-04': 31.0, '05-09': 75.0, '10-14': 58.0, '15-19': 36.0, '20-24': 74.0, '25-29': 47.0, '30-34': 48.48, '35-39': 72.0, '40-44': 87.0, '45-49': 65.0, '50-54': 73.0, '55-59': 49.0, '60-64': 56.0, '65-69': 60.61, '70-74': 72.0, '75-79': 63.0, '80-84': 66.0, '85-89': 55.0, '90-94': 56.0, '95-99': 60.61, '100-104': 77.0, '105-109': 75.51, '110-114': 68.0, '115-119': 39.0, '120-124': 71.72, '125-129': 48.0, '130-134': 61.22, '135-139': 42.0, '140-144': 31.0, '145-149': 65.0, '150-154': 76.0, '155-159': 50.0, '160-164': 58.0, '165-169': 7.0, '170-174': 58.0, '175-179': 70.0, '180-184': 64.0, '185-189': 80.0, '190-194': 74.0, '195-199': 66.0, '200-204': 42.0, '205-209': 83.0, '210-214': 63.0, '215-219': 51.0, '220-224': 53.54, '225-229': 65.0, '230-234': 69.7, '235-239': 52.53, '240-244': 76.0, '245-249': 48.0, '250-254': 58.59, '255-259': 59.0, '260-264': 61.62, '265-269': 81.0, '270-274': 61.62, 'old': 60.18, 'new': 61.62}
2026-06-02 04:04:17,239 [trainer.py] => CNN top1 curve: [81.0, 86.5, 89.67, 79.5, 81.8, 84.5, 82.98, 79.1, 80.65, 78.88, 80.35, 80.9, 78.75, 76.11, 75.43, 76.53, 75.62, 73.3, 73.45, 72.36, 72.68, 73.39, 73.12, 71.36, 71.57, 70.93, 70.43, 69.09, 68.29, 67.81, 67.82, 67.11, 65.64, 64.3, 63.83, 63.42, 63.03, 63.61, 63.1, 63.35, 62.78, 62.79, 62.86, 62.34, 61.63, 61.4, 61.22, 60.49, 60.71, 60.15, 59.71, 59.21, 59.37, 60.0, 60.21]
2026-06-02 04:04:17,239 [trainer.py] => CNN top5 curve: [100.0, 100.0, 99.67, 99.5, 98.8, 98.33, 97.71, 96.25, 96.33, 93.39, 93.9, 93.58, 93.07, 93.28, 93.66, 94.06, 94.11, 94.22, 93.1, 92.19, 92.7, 92.85, 92.77, 91.52, 91.58, 91.6, 91.6, 90.83, 89.59, 89.74, 89.68, 89.29, 88.73, 88.35, 87.8, 87.36, 87.19, 87.29, 87.51, 87.22, 86.66, 87.12, 86.7, 86.32, 86.37, 86.02, 86.01, 85.86, 85.42, 85.23, 85.1, 84.68, 84.74, 84.96, 85.11]
2026-06-02 04:04:17,239 [trainer.py] => Average Accuracy (CNN): 70.11
2026-06-02 04:04:17,240 [trainer.py] => All params: 172123992
2026-06-02 04:04:17,241 [trainer.py] => Trainable params: 276780
2026-06-02 04:04:17,241 [l2p.py] => Learning on 275-280
2026-06-02 04:13:56,060 [l2p.py] => Task 55, Epoch 20/20 => Loss -0.237, Train_accy 99.73, Test_accy 59.71
2026-06-02 04:14:43,126 [trainer.py] => Timing Task 55 => Train 578.82s, Epochs 20, Train 28.9410s/epoch, Inference 47.07s, Images 5585, Inference 8.4271ms/image
2026-06-02 04:14:43,127 [trainer.py] => No NME accuracy.
2026-06-02 04:14:43,127 [trainer.py] => CNN: {'total': 59.71, '00-04': 31.0, '05-09': 75.0, '10-14': 56.0, '15-19': 34.0, '20-24': 70.0, '25-29': 42.0, '30-34': 48.48, '35-39': 71.0, '40-44': 86.0, '45-49': 66.0, '50-54': 73.0, '55-59': 48.0, '60-64': 57.0, '65-69': 61.62, '70-74': 72.0, '75-79': 61.0, '80-84': 65.0, '85-89': 55.0, '90-94': 56.0, '95-99': 61.62, '100-104': 77.0, '105-109': 76.53, '110-114': 66.0, '115-119': 39.0, '120-124': 70.71, '125-129': 48.0, '130-134': 61.22, '135-139': 42.0, '140-144': 30.0, '145-149': 63.0, '150-154': 75.0, '155-159': 51.0, '160-164': 57.0, '165-169': 6.0, '170-174': 58.0, '175-179': 68.0, '180-184': 63.0, '185-189': 78.0, '190-194': 75.0, '195-199': 64.0, '200-204': 41.0, '205-209': 83.0, '210-214': 64.0, '215-219': 48.0, '220-224': 52.53, '225-229': 64.0, '230-234': 69.7, '235-239': 52.53, '240-244': 76.0, '245-249': 50.0, '250-254': 57.58, '255-259': 59.0, '260-264': 62.63, '265-269': 82.0, '270-274': 58.59, '275-279': 65.66, 'old': 59.61, 'new': 65.66}
2026-06-02 04:14:43,127 [trainer.py] => CNN top1 curve: [81.0, 86.5, 89.67, 79.5, 81.8, 84.5, 82.98, 79.1, 80.65, 78.88, 80.35, 80.9, 78.75, 76.11, 75.43, 76.53, 75.62, 73.3, 73.45, 72.36, 72.68, 73.39, 73.12, 71.36, 71.57, 70.93, 70.43, 69.09, 68.29, 67.81, 67.82, 67.11, 65.64, 64.3, 63.83, 63.42, 63.03, 63.61, 63.1, 63.35, 62.78, 62.79, 62.86, 62.34, 61.63, 61.4, 61.22, 60.49, 60.71, 60.15, 59.71, 59.21, 59.37, 60.0, 60.21, 59.71]
2026-06-02 04:14:43,127 [trainer.py] => CNN top5 curve: [100.0, 100.0, 99.67, 99.5, 98.8, 98.33, 97.71, 96.25, 96.33, 93.39, 93.9, 93.58, 93.07, 93.28, 93.66, 94.06, 94.11, 94.22, 93.1, 92.19, 92.7, 92.85, 92.77, 91.52, 91.58, 91.6, 91.6, 90.83, 89.59, 89.74, 89.68, 89.29, 88.73, 88.35, 87.8, 87.36, 87.19, 87.29, 87.51, 87.22, 86.66, 87.12, 86.7, 86.32, 86.37, 86.02, 86.01, 85.86, 85.42, 85.23, 85.1, 84.68, 84.74, 84.96, 85.11, 85.07]
2026-06-02 04:14:43,128 [trainer.py] => Average Accuracy (CNN): 69.93
2026-06-02 04:14:43,130 [trainer.py] => All params: 172123992
2026-06-02 04:14:43,132 [trainer.py] => Trainable params: 276780
2026-06-02 04:14:43,132 [l2p.py] => Learning on 280-285
2026-06-02 04:25:02,859 [l2p.py] => Task 56, Epoch 20/20 => Loss -0.144, Train_accy 94.85, Test_accy 59.17
2026-06-02 04:25:49,736 [trainer.py] => Timing Task 56 => Train 619.73s, Epochs 20, Train 30.9864s/epoch, Inference 46.87s, Images 5685, Inference 8.2453ms/image
2026-06-02 04:25:49,737 [trainer.py] => No NME accuracy.
2026-06-02 04:25:49,737 [trainer.py] => CNN: {'total': 59.17, '00-04': 30.0, '05-09': 74.0, '10-14': 55.0, '15-19': 35.0, '20-24': 71.0, '25-29': 45.0, '30-34': 49.49, '35-39': 71.0, '40-44': 87.0, '45-49': 67.0, '50-54': 71.0, '55-59': 46.0, '60-64': 51.0, '65-69': 59.6, '70-74': 71.0, '75-79': 62.0, '80-84': 67.0, '85-89': 53.0, '90-94': 57.0, '95-99': 59.6, '100-104': 77.0, '105-109': 78.57, '110-114': 65.0, '115-119': 39.0, '120-124': 70.71, '125-129': 48.0, '130-134': 61.22, '135-139': 41.0, '140-144': 33.0, '145-149': 66.0, '150-154': 74.0, '155-159': 52.0, '160-164': 59.0, '165-169': 8.0, '170-174': 58.0, '175-179': 69.0, '180-184': 63.0, '185-189': 77.0, '190-194': 77.0, '195-199': 66.0, '200-204': 42.0, '205-209': 84.0, '210-214': 64.0, '215-219': 50.0, '220-224': 54.55, '225-229': 64.0, '230-234': 71.72, '235-239': 50.51, '240-244': 76.0, '245-249': 50.0, '250-254': 57.58, '255-259': 60.0, '260-264': 62.63, '265-269': 81.0, '270-274': 58.59, '275-279': 66.67, '280-284': 16.0, 'old': 59.95, 'new': 16.0}
2026-06-02 04:25:49,737 [trainer.py] => CNN top1 curve: [81.0, 86.5, 89.67, 79.5, 81.8, 84.5, 82.98, 79.1, 80.65, 78.88, 80.35, 80.9, 78.75, 76.11, 75.43, 76.53, 75.62, 73.3, 73.45, 72.36, 72.68, 73.39, 73.12, 71.36, 71.57, 70.93, 70.43, 69.09, 68.29, 67.81, 67.82, 67.11, 65.64, 64.3, 63.83, 63.42, 63.03, 63.61, 63.1, 63.35, 62.78, 62.79, 62.86, 62.34, 61.63, 61.4, 61.22, 60.49, 60.71, 60.15, 59.71, 59.21, 59.37, 60.0, 60.21, 59.71, 59.17]
2026-06-02 04:25:49,737 [trainer.py] => CNN top5 curve: [100.0, 100.0, 99.67, 99.5, 98.8, 98.33, 97.71, 96.25, 96.33, 93.39, 93.9, 93.58, 93.07, 93.28, 93.66, 94.06, 94.11, 94.22, 93.1, 92.19, 92.7, 92.85, 92.77, 91.52, 91.58, 91.6, 91.6, 90.83, 89.59, 89.74, 89.68, 89.29, 88.73, 88.35, 87.8, 87.36, 87.19, 87.29, 87.51, 87.22, 86.66, 87.12, 86.7, 86.32, 86.37, 86.02, 86.01, 85.86, 85.42, 85.23, 85.1, 84.68, 84.74, 84.96, 85.11, 85.07, 84.36]
2026-06-02 04:25:49,737 [trainer.py] => Average Accuracy (CNN): 69.74
2026-06-02 04:25:49,740 [trainer.py] => All params: 172123992
2026-06-02 04:25:49,742 [trainer.py] => Trainable params: 276780
2026-06-02 04:25:49,742 [l2p.py] => Learning on 285-290
2026-06-02 04:35:36,379 [l2p.py] => Task 57, Epoch 20/20 => Loss -0.230, Train_accy 99.54, Test_accy 59.03
2026-06-02 04:36:23,309 [trainer.py] => Timing Task 57 => Train 586.64s, Epochs 20, Train 29.3319s/epoch, Inference 46.93s, Images 5785, Inference 8.1120ms/image
2026-06-02 04:36:23,309 [trainer.py] => No NME accuracy.
2026-06-02 04:36:23,309 [trainer.py] => CNN: {'total': 59.03, '00-04': 30.0, '05-09': 74.0, '10-14': 55.0, '15-19': 33.0, '20-24': 69.0, '25-29': 46.0, '30-34': 50.51, '35-39': 71.0, '40-44': 85.0, '45-49': 67.0, '50-54': 70.0, '55-59': 46.0, '60-64': 49.0, '65-69': 61.62, '70-74': 72.0, '75-79': 62.0, '80-84': 66.0, '85-89': 55.0, '90-94': 56.0, '95-99': 60.61, '100-104': 76.0, '105-109': 79.59, '110-114': 65.0, '115-119': 39.0, '120-124': 70.71, '125-129': 49.0, '130-134': 60.2, '135-139': 41.0, '140-144': 34.0, '145-149': 67.0, '150-154': 72.0, '155-159': 51.0, '160-164': 57.0, '165-169': 9.0, '170-174': 58.0, '175-179': 71.0, '180-184': 62.0, '185-189': 76.0, '190-194': 76.0, '195-199': 66.0, '200-204': 42.0, '205-209': 84.0, '210-214': 64.0, '215-219': 51.0, '220-224': 53.54, '225-229': 64.0, '230-234': 69.7, '235-239': 50.51, '240-244': 76.0, '245-249': 49.0, '250-254': 57.58, '255-259': 59.0, '260-264': 62.63, '265-269': 79.0, '270-274': 58.59, '275-279': 65.66, '280-284': 13.0, '285-289': 67.0, 'old': 58.89, 'new': 67.0}
2026-06-02 04:36:23,309 [trainer.py] => CNN top1 curve: [81.0, 86.5, 89.67, 79.5, 81.8, 84.5, 82.98, 79.1, 80.65, 78.88, 80.35, 80.9, 78.75, 76.11, 75.43, 76.53, 75.62, 73.3, 73.45, 72.36, 72.68, 73.39, 73.12, 71.36, 71.57, 70.93, 70.43, 69.09, 68.29, 67.81, 67.82, 67.11, 65.64, 64.3, 63.83, 63.42, 63.03, 63.61, 63.1, 63.35, 62.78, 62.79, 62.86, 62.34, 61.63, 61.4, 61.22, 60.49, 60.71, 60.15, 59.71, 59.21, 59.37, 60.0, 60.21, 59.71, 59.17, 59.03]
2026-06-02 04:36:23,310 [trainer.py] => CNN top5 curve: [100.0, 100.0, 99.67, 99.5, 98.8, 98.33, 97.71, 96.25, 96.33, 93.39, 93.9, 93.58, 93.07, 93.28, 93.66, 94.06, 94.11, 94.22, 93.1, 92.19, 92.7, 92.85, 92.77, 91.52, 91.58, 91.6, 91.6, 90.83, 89.59, 89.74, 89.68, 89.29, 88.73, 88.35, 87.8, 87.36, 87.19, 87.29, 87.51, 87.22, 86.66, 87.12, 86.7, 86.32, 86.37, 86.02, 86.01, 85.86, 85.42, 85.23, 85.1, 84.68, 84.74, 84.96, 85.11, 85.07, 84.36, 84.3]
2026-06-02 04:36:23,310 [trainer.py] => Average Accuracy (CNN): 69.55
2026-06-02 04:36:23,311 [trainer.py] => All params: 172123992
2026-06-02 04:36:23,312 [trainer.py] => Trainable params: 276780
2026-06-02 04:36:23,312 [l2p.py] => Learning on 290-295
2026-06-02 04:45:40,112 [l2p.py] => Task 58, Epoch 20/20 => Loss -0.225, Train_accy 99.29, Test_accy 58.76
2026-06-02 04:46:28,849 [trainer.py] => Timing Task 58 => Train 556.80s, Epochs 20, Train 27.8400s/epoch, Inference 48.74s, Images 5885, Inference 8.2814ms/image
2026-06-02 04:46:28,849 [trainer.py] => No NME accuracy.
2026-06-02 04:46:28,849 [trainer.py] => CNN: {'total': 58.76, '00-04': 31.0, '05-09': 74.0, '10-14': 55.0, '15-19': 33.0, '20-24': 69.0, '25-29': 45.0, '30-34': 49.49, '35-39': 68.0, '40-44': 84.0, '45-49': 68.0, '50-54': 71.0, '55-59': 47.0, '60-64': 46.0, '65-69': 62.63, '70-74': 72.0, '75-79': 62.0, '80-84': 66.0, '85-89': 59.0, '90-94': 58.0, '95-99': 59.6, '100-104': 76.0, '105-109': 79.59, '110-114': 65.0, '115-119': 37.0, '120-124': 70.71, '125-129': 49.0, '130-134': 59.18, '135-139': 41.0, '140-144': 33.0, '145-149': 67.0, '150-154': 70.0, '155-159': 51.0, '160-164': 58.0, '165-169': 10.0, '170-174': 59.0, '175-179': 70.0, '180-184': 63.0, '185-189': 76.0, '190-194': 75.0, '195-199': 64.0, '200-204': 42.0, '205-209': 83.0, '210-214': 64.0, '215-219': 51.0, '220-224': 52.53, '225-229': 64.0, '230-234': 68.69, '235-239': 50.51, '240-244': 76.0, '245-249': 49.0, '250-254': 54.55, '255-259': 60.0, '260-264': 62.63, '265-269': 79.0, '270-274': 58.59, '275-279': 64.65, '280-284': 15.0, '285-289': 67.0, '290-294': 52.0, 'old': 58.88, 'new': 52.0}
2026-06-02 04:46:28,849 [trainer.py] => CNN top1 curve: [81.0, 86.5, 89.67, 79.5, 81.8, 84.5, 82.98, 79.1, 80.65, 78.88, 80.35, 80.9, 78.75, 76.11, 75.43, 76.53, 75.62, 73.3, 73.45, 72.36, 72.68, 73.39, 73.12, 71.36, 71.57, 70.93, 70.43, 69.09, 68.29, 67.81, 67.82, 67.11, 65.64, 64.3, 63.83, 63.42, 63.03, 63.61, 63.1, 63.35, 62.78, 62.79, 62.86, 62.34, 61.63, 61.4, 61.22, 60.49, 60.71, 60.15, 59.71, 59.21, 59.37, 60.0, 60.21, 59.71, 59.17, 59.03, 58.76]
2026-06-02 04:46:28,850 [trainer.py] => CNN top5 curve: [100.0, 100.0, 99.67, 99.5, 98.8, 98.33, 97.71, 96.25, 96.33, 93.39, 93.9, 93.58, 93.07, 93.28, 93.66, 94.06, 94.11, 94.22, 93.1, 92.19, 92.7, 92.85, 92.77, 91.52, 91.58, 91.6, 91.6, 90.83, 89.59, 89.74, 89.68, 89.29, 88.73, 88.35, 87.8, 87.36, 87.19, 87.29, 87.51, 87.22, 86.66, 87.12, 86.7, 86.32, 86.37, 86.02, 86.01, 85.86, 85.42, 85.23, 85.1, 84.68, 84.74, 84.96, 85.11, 85.07, 84.36, 84.3, 84.06]
2026-06-02 04:46:28,850 [trainer.py] => Average Accuracy (CNN): 69.37
2026-06-02 04:46:28,851 [trainer.py] => All params: 172123992
2026-06-02 04:46:28,852 [trainer.py] => Trainable params: 276780
2026-06-02 04:46:28,852 [l2p.py] => Learning on 295-300
2026-06-02 04:56:24,084 [l2p.py] => Task 59, Epoch 20/20 => Loss -0.207, Train_accy 99.09, Test_accy 58.30
2026-06-02 04:57:14,144 [trainer.py] => Timing Task 59 => Train 595.23s, Epochs 20, Train 29.7617s/epoch, Inference 50.06s, Images 5985, Inference 8.3641ms/image
2026-06-02 04:57:14,145 [trainer.py] => No NME accuracy.
2026-06-02 04:57:14,145 [trainer.py] => CNN: {'total': 58.3, '00-04': 31.0, '05-09': 74.0, '10-14': 56.0, '15-19': 33.0, '20-24': 69.0, '25-29': 43.0, '30-34': 50.51, '35-39': 69.0, '40-44': 84.0, '45-49': 63.0, '50-54': 70.0, '55-59': 49.0, '60-64': 47.0, '65-69': 61.62, '70-74': 73.0, '75-79': 62.0, '80-84': 67.0, '85-89': 57.0, '90-94': 59.0, '95-99': 60.61, '100-104': 75.0, '105-109': 72.45, '110-114': 64.0, '115-119': 38.0, '120-124': 70.71, '125-129': 46.0, '130-134': 59.18, '135-139': 40.0, '140-144': 31.0, '145-149': 65.0, '150-154': 70.0, '155-159': 52.0, '160-164': 58.0, '165-169': 9.0, '170-174': 60.0, '175-179': 69.0, '180-184': 61.0, '185-189': 77.0, '190-194': 71.0, '195-199': 65.0, '200-204': 42.0, '205-209': 83.0, '210-214': 59.0, '215-219': 52.0, '220-224': 52.53, '225-229': 65.0, '230-234': 68.69, '235-239': 47.47, '240-244': 76.0, '245-249': 50.0, '250-254': 52.53, '255-259': 60.0, '260-264': 62.63, '265-269': 78.0, '270-274': 58.59, '275-279': 63.64, '280-284': 14.0, '285-289': 67.0, '290-294': 52.0, '295-299': 62.0, 'old': 58.23, 'new': 62.0}
2026-06-02 04:57:14,145 [trainer.py] => CNN top1 curve: [81.0, 86.5, 89.67, 79.5, 81.8, 84.5, 82.98, 79.1, 80.65, 78.88, 80.35, 80.9, 78.75, 76.11, 75.43, 76.53, 75.62, 73.3, 73.45, 72.36, 72.68, 73.39, 73.12, 71.36, 71.57, 70.93, 70.43, 69.09, 68.29, 67.81, 67.82, 67.11, 65.64, 64.3, 63.83, 63.42, 63.03, 63.61, 63.1, 63.35, 62.78, 62.79, 62.86, 62.34, 61.63, 61.4, 61.22, 60.49, 60.71, 60.15, 59.71, 59.21, 59.37, 60.0, 60.21, 59.71, 59.17, 59.03, 58.76, 58.3]
2026-06-02 04:57:14,145 [trainer.py] => CNN top5 curve: [100.0, 100.0, 99.67, 99.5, 98.8, 98.33, 97.71, 96.25, 96.33, 93.39, 93.9, 93.58, 93.07, 93.28, 93.66, 94.06, 94.11, 94.22, 93.1, 92.19, 92.7, 92.85, 92.77, 91.52, 91.58, 91.6, 91.6, 90.83, 89.59, 89.74, 89.68, 89.29, 88.73, 88.35, 87.8, 87.36, 87.19, 87.29, 87.51, 87.22, 86.66, 87.12, 86.7, 86.32, 86.37, 86.02, 86.01, 85.86, 85.42, 85.23, 85.1, 84.68, 84.74, 84.96, 85.11, 85.07, 84.36, 84.3, 84.06, 83.83]
2026-06-02 04:57:14,145 [trainer.py] => Average Accuracy (CNN): 69.19
