nohup: ignoring input
2025-07-07 21:08:17,000 [trainer.py] => config: ./scripts/lae/lae_cifar_B0_Inc10.json
2025-07-07 21:08:17,013 [trainer.py] => prefix:  
2025-07-07 21:08:17,013 [trainer.py] => dataset: cifar224
2025-07-07 21:08:17,013 [trainer.py] => memory_size: 0
2025-07-07 21:08:17,013 [trainer.py] => memory_per_class: 0
2025-07-07 21:08:17,013 [trainer.py] => fixed_memory: False
2025-07-07 21:08:17,014 [trainer.py] => shuffle: True
2025-07-07 21:08:17,014 [trainer.py] => init_cls: 10
2025-07-07 21:08:17,014 [trainer.py] => increment: 10
2025-07-07 21:08:17,014 [trainer.py] => model_name: lae
2025-07-07 21:08:17,014 [trainer.py] => backbone_type: vit_base_patch16_224_in21k_lae
2025-07-07 21:08:17,014 [trainer.py] => device: [device(type='cuda', index=3)]
2025-07-07 21:08:17,014 [trainer.py] => seed: 1993
2025-07-07 21:08:17,014 [trainer.py] => tuned_epoch: 5
2025-07-07 21:08:17,014 [trainer.py] => init_lr: 0.0028125
2025-07-07 21:08:17,014 [trainer.py] => batch_size: 128
2025-07-07 21:08:17,014 [trainer.py] => weight_decay: 0
2025-07-07 21:08:17,014 [trainer.py] => min_lr: 1e-05
2025-07-07 21:08:17,014 [trainer.py] => optimizer: adam
2025-07-07 21:08:17,014 [trainer.py] => scheduler: constant
2025-07-07 21:08:17,014 [trainer.py] => reinit_optimizer: True
2025-07-07 21:08:17,014 [trainer.py] => pretrained: True
2025-07-07 21:08:17,014 [trainer.py] => drop: 0.0
2025-07-07 21:08:17,014 [trainer.py] => drop_path: 0.0
2025-07-07 21:08:17,014 [trainer.py] => ema_decay: 0.9999
2025-07-07 21:08:17,014 [trainer.py] => num_freeze_epochs: 3
2025-07-07 21:08:17,014 [trainer.py] => pet_cls: LoRA
2025-07-07 21:08:17,014 [trainer.py] => pet_length: 10
2025-07-07 21:08:17,014 [trainer.py] => down_sample_dim: 5
Files already downloaded and verified
Files already downloaded and verified
2025-07-07 21:08:18,815 [data_manager.py] => [68, 56, 78, 8, 23, 84, 90, 65, 74, 76, 40, 89, 3, 92, 55, 9, 26, 80, 43, 38, 58, 70, 77, 1, 85, 19, 17, 50, 28, 53, 13, 81, 45, 82, 6, 59, 83, 16, 15, 44, 91, 41, 72, 60, 79, 52, 20, 10, 31, 54, 37, 95, 14, 71, 96, 98, 97, 2, 64, 66, 42, 22, 35, 86, 24, 34, 87, 21, 99, 0, 88, 27, 18, 94, 11, 12, 47, 25, 30, 46, 62, 69, 36, 61, 7, 63, 75, 5, 32, 4, 51, 48, 73, 93, 39, 67, 29, 49, 57, 33]
2025-07-07 21:08:23,204 [lae.py] => 85,952,266 model total parameters.
2025-07-07 21:08:23,204 [lae.py] => 0 model training parameters.
2025-07-07 21:08:23,205 [trainer.py] => All params: 86105876
2025-07-07 21:08:23,206 [trainer.py] => Trainable params: 0
2025-07-07 21:08:23,206 [lae.py] => Learning on 0-10

  0%|          | 0/5 [00:00<?, ?it/s]
Task 0, Epoch 1/5 => Loss 0.828, Train_accy 75.60:   0%|          | 0/5 [00:13<?, ?it/s]
Task 0, Epoch 1/5 => Loss 0.828, Train_accy 75.60:  20%|██        | 1/5 [00:13<00:53, 13.45s/it]
Task 0, Epoch 2/5 => Loss 0.405, Train_accy 87.30:  20%|██        | 1/5 [00:26<00:53, 13.45s/it]
Task 0, Epoch 2/5 => Loss 0.405, Train_accy 87.30:  40%|████      | 2/5 [00:26<00:39, 13.25s/it]
Task 0, Epoch 3/5 => Loss 0.381, Train_accy 87.84:  40%|████      | 2/5 [00:39<00:39, 13.25s/it]
Task 0, Epoch 3/5 => Loss 0.381, Train_accy 87.84:  60%|██████    | 3/5 [00:39<00:26, 13.10s/it]
Task 0, Epoch 4/5 => Loss 0.321, Train_accy 90.06:  60%|██████    | 3/5 [01:05<00:26, 13.10s/it]
Task 0, Epoch 4/5 => Loss 0.321, Train_accy 90.06:  80%|████████  | 4/5 [01:05<00:18, 18.35s/it]
Task 0, Epoch 5/5 => Loss 0.304, Train_accy 90.26, Test_accy 98.50:  80%|████████  | 4/5 [01:37<00:18, 18.35s/it]
Task 0, Epoch 5/5 => Loss 0.304, Train_accy 90.26, Test_accy 98.50: 100%|██████████| 5/5 [01:37<00:00, 23.15s/it]
Task 0, Epoch 5/5 => Loss 0.304, Train_accy 90.26, Test_accy 98.50: 100%|██████████| 5/5 [01:37<00:00, 19.51s/it]
2025-07-07 21:10:01,626 [lae.py] => Task 0, Epoch 5/5 => Loss 0.304, Train_accy 90.26, Test_accy 98.50
Time for task 0: 98.420649766922
2025-07-07 21:10:06,878 [trainer.py] => No NME accuracy.
2025-07-07 21:10:06,878 [trainer.py] => CNN: {'total': 98.5, '00-09': 98.5, 'old': 0, 'new': 98.5}
2025-07-07 21:10:06,878 [trainer.py] => CNN top1 curve: [98.5]
2025-07-07 21:10:06,878 [trainer.py] => CNN top5 curve: [99.8]

Average Accuracy (CNN): 98.5
2025-07-07 21:10:06,878 [trainer.py] => Average Accuracy (CNN): 98.5 

2025-07-07 21:10:06,879 [trainer.py] => All params: 86113566
2025-07-07 21:10:06,880 [trainer.py] => Trainable params: 161300
2025-07-07 21:10:06,881 [lae.py] => Learning on 10-20

  0%|          | 0/5 [00:00<?, ?it/s]
Task 1, Epoch 1/5 => Loss 0.665, Train_accy 78.40:   0%|          | 0/5 [00:13<?, ?it/s]
Task 1, Epoch 1/5 => Loss 0.665, Train_accy 78.40:  20%|██        | 1/5 [00:13<00:52, 13.19s/it]
Task 1, Epoch 2/5 => Loss 0.370, Train_accy 87.90:  20%|██        | 1/5 [00:26<00:52, 13.19s/it]
Task 1, Epoch 2/5 => Loss 0.370, Train_accy 87.90:  40%|████      | 2/5 [00:26<00:39, 13.27s/it]
Task 1, Epoch 3/5 => Loss 0.370, Train_accy 87.36:  40%|████      | 2/5 [00:39<00:39, 13.27s/it]
Task 1, Epoch 3/5 => Loss 0.370, Train_accy 87.36:  60%|██████    | 3/5 [00:39<00:26, 13.35s/it]
Task 1, Epoch 4/5 => Loss 0.366, Train_accy 87.44:  60%|██████    | 3/5 [01:06<00:26, 13.35s/it]
Task 1, Epoch 4/5 => Loss 0.366, Train_accy 87.44:  80%|████████  | 4/5 [01:06<00:18, 18.55s/it]
Task 1, Epoch 5/5 => Loss 0.356, Train_accy 89.12, Test_accy 96.05:  80%|████████  | 4/5 [01:43<00:18, 18.55s/it]
Task 1, Epoch 5/5 => Loss 0.356, Train_accy 89.12, Test_accy 96.05: 100%|██████████| 5/5 [01:43<00:00, 25.13s/it]
Task 1, Epoch 5/5 => Loss 0.356, Train_accy 89.12, Test_accy 96.05: 100%|██████████| 5/5 [01:43<00:00, 20.66s/it]
2025-07-07 21:11:50,178 [lae.py] => Task 1, Epoch 5/5 => Loss 0.356, Train_accy 89.12, Test_accy 96.05
Time for task 1: 103.29948258399963
2025-07-07 21:12:00,290 [trainer.py] => No NME accuracy.
2025-07-07 21:12:00,290 [trainer.py] => CNN: {'total': 96.05, '00-09': 97.5, '10-19': 94.6, 'old': 97.5, 'new': 94.6}
2025-07-07 21:12:00,290 [trainer.py] => CNN top1 curve: [98.5, 96.05]
2025-07-07 21:12:00,290 [trainer.py] => CNN top5 curve: [99.8, 99.5]

Average Accuracy (CNN): 97.28
2025-07-07 21:12:00,290 [trainer.py] => Average Accuracy (CNN): 97.28 

2025-07-07 21:12:00,291 [trainer.py] => All params: 86121256
2025-07-07 21:12:00,292 [trainer.py] => Trainable params: 168990
2025-07-07 21:12:00,293 [lae.py] => Learning on 20-30

  0%|          | 0/5 [00:00<?, ?it/s]
Task 2, Epoch 1/5 => Loss 0.498, Train_accy 84.60:   0%|          | 0/5 [00:13<?, ?it/s]
Task 2, Epoch 1/5 => Loss 0.498, Train_accy 84.60:  20%|██        | 1/5 [00:13<00:53, 13.38s/it]
Task 2, Epoch 2/5 => Loss 0.229, Train_accy 92.78:  20%|██        | 1/5 [00:26<00:53, 13.38s/it]
Task 2, Epoch 2/5 => Loss 0.229, Train_accy 92.78:  40%|████      | 2/5 [00:26<00:40, 13.34s/it]
Task 2, Epoch 3/5 => Loss 0.194, Train_accy 93.42:  40%|████      | 2/5 [00:40<00:40, 13.34s/it]
Task 2, Epoch 3/5 => Loss 0.194, Train_accy 93.42:  60%|██████    | 3/5 [00:40<00:26, 13.34s/it]
Task 2, Epoch 4/5 => Loss 0.194, Train_accy 93.58:  60%|██████    | 3/5 [01:06<00:26, 13.34s/it]
Task 2, Epoch 4/5 => Loss 0.194, Train_accy 93.58:  80%|████████  | 4/5 [01:06<00:18, 18.60s/it]
Task 2, Epoch 5/5 => Loss 0.222, Train_accy 92.40, Test_accy 94.77:  80%|████████  | 4/5 [01:48<00:18, 18.60s/it]
Task 2, Epoch 5/5 => Loss 0.222, Train_accy 92.40, Test_accy 94.77: 100%|██████████| 5/5 [01:48<00:00, 26.94s/it]
Task 2, Epoch 5/5 => Loss 0.222, Train_accy 92.40, Test_accy 94.77: 100%|██████████| 5/5 [01:48<00:00, 21.68s/it]
2025-07-07 21:13:48,724 [lae.py] => Task 2, Epoch 5/5 => Loss 0.222, Train_accy 92.40, Test_accy 94.77
Time for task 2: 108.43262791633606
2025-07-07 21:14:03,673 [trainer.py] => No NME accuracy.
2025-07-07 21:14:03,673 [trainer.py] => CNN: {'total': 94.77, '00-09': 94.7, '10-19': 92.4, '20-29': 97.2, 'old': 93.55, 'new': 97.2}
2025-07-07 21:14:03,673 [trainer.py] => CNN top1 curve: [98.5, 96.05, 94.77]
2025-07-07 21:14:03,673 [trainer.py] => CNN top5 curve: [99.8, 99.5, 99.33]

Average Accuracy (CNN): 96.44
2025-07-07 21:14:03,673 [trainer.py] => Average Accuracy (CNN): 96.44 

2025-07-07 21:14:03,674 [trainer.py] => All params: 86128946
2025-07-07 21:14:03,675 [trainer.py] => Trainable params: 176680
2025-07-07 21:14:03,676 [lae.py] => Learning on 30-40

  0%|          | 0/5 [00:00<?, ?it/s]
Task 3, Epoch 1/5 => Loss 0.604, Train_accy 80.00:   0%|          | 0/5 [00:13<?, ?it/s]
Task 3, Epoch 1/5 => Loss 0.604, Train_accy 80.00:  20%|██        | 1/5 [00:13<00:53, 13.29s/it]
Task 3, Epoch 2/5 => Loss 0.311, Train_accy 89.46:  20%|██        | 1/5 [00:26<00:53, 13.29s/it]
Task 3, Epoch 2/5 => Loss 0.311, Train_accy 89.46:  40%|████      | 2/5 [00:26<00:39, 13.28s/it]
Task 3, Epoch 3/5 => Loss 0.308, Train_accy 89.80:  40%|████      | 2/5 [00:39<00:39, 13.28s/it]
Task 3, Epoch 3/5 => Loss 0.308, Train_accy 89.80:  60%|██████    | 3/5 [00:39<00:26, 13.32s/it]
Task 3, Epoch 4/5 => Loss 0.316, Train_accy 89.70:  60%|██████    | 3/5 [01:06<00:26, 13.32s/it]
Task 3, Epoch 4/5 => Loss 0.316, Train_accy 89.70:  80%|████████  | 4/5 [01:06<00:18, 18.61s/it]
Task 3, Epoch 5/5 => Loss 0.256, Train_accy 91.04, Test_accy 93.25:  80%|████████  | 4/5 [01:53<00:18, 18.61s/it]
Task 3, Epoch 5/5 => Loss 0.256, Train_accy 91.04, Test_accy 93.25: 100%|██████████| 5/5 [01:53<00:00, 28.73s/it]
Task 3, Epoch 5/5 => Loss 0.256, Train_accy 91.04, Test_accy 93.25: 100%|██████████| 5/5 [01:53<00:00, 22.66s/it]
2025-07-07 21:15:57,023 [lae.py] => Task 3, Epoch 5/5 => Loss 0.256, Train_accy 91.04, Test_accy 93.25
Time for task 3: 113.34982132911682
2025-07-07 21:16:17,042 [trainer.py] => No NME accuracy.
2025-07-07 21:16:17,043 [trainer.py] => CNN: {'total': 93.25, '00-09': 93.1, '10-19': 91.0, '20-29': 96.9, '30-39': 92.0, 'old': 93.67, 'new': 92.0}
2025-07-07 21:16:17,043 [trainer.py] => CNN top1 curve: [98.5, 96.05, 94.77, 93.25]
2025-07-07 21:16:17,043 [trainer.py] => CNN top5 curve: [99.8, 99.5, 99.33, 99.0]

Average Accuracy (CNN): 95.64
2025-07-07 21:16:17,043 [trainer.py] => Average Accuracy (CNN): 95.64 

2025-07-07 21:16:17,043 [trainer.py] => All params: 86136636
2025-07-07 21:16:17,044 [trainer.py] => Trainable params: 184370
2025-07-07 21:16:17,045 [lae.py] => Learning on 40-50

  0%|          | 0/5 [00:00<?, ?it/s]
Task 4, Epoch 1/5 => Loss 0.493, Train_accy 84.62:   0%|          | 0/5 [00:13<?, ?it/s]
Task 4, Epoch 1/5 => Loss 0.493, Train_accy 84.62:  20%|██        | 1/5 [00:13<00:54, 13.54s/it]
Task 4, Epoch 2/5 => Loss 0.221, Train_accy 92.84:  20%|██        | 1/5 [00:26<00:54, 13.54s/it]
Task 4, Epoch 2/5 => Loss 0.221, Train_accy 92.84:  40%|████      | 2/5 [00:26<00:40, 13.46s/it]
Task 4, Epoch 3/5 => Loss 0.217, Train_accy 92.92:  40%|████      | 2/5 [00:40<00:40, 13.46s/it]
Task 4, Epoch 3/5 => Loss 0.217, Train_accy 92.92:  60%|██████    | 3/5 [00:40<00:26, 13.48s/it]
Task 4, Epoch 4/5 => Loss 0.214, Train_accy 93.36:  60%|██████    | 3/5 [01:07<00:26, 13.48s/it]
Task 4, Epoch 4/5 => Loss 0.214, Train_accy 93.36:  80%|████████  | 4/5 [01:07<00:18, 18.73s/it]
Task 4, Epoch 5/5 => Loss 0.193, Train_accy 93.96, Test_accy 91.68:  80%|████████  | 4/5 [01:58<00:18, 18.73s/it]
Task 4, Epoch 5/5 => Loss 0.193, Train_accy 93.96, Test_accy 91.68: 100%|██████████| 5/5 [01:58<00:00, 30.59s/it]
Task 4, Epoch 5/5 => Loss 0.193, Train_accy 93.96, Test_accy 91.68: 100%|██████████| 5/5 [01:58<00:00, 23.77s/it]
2025-07-07 21:18:15,920 [lae.py] => Task 4, Epoch 5/5 => Loss 0.193, Train_accy 93.96, Test_accy 91.68
Time for task 4: 118.87652921676636
2025-07-07 21:18:40,751 [trainer.py] => No NME accuracy.
2025-07-07 21:18:40,751 [trainer.py] => CNN: {'total': 91.68, '00-09': 90.0, '10-19': 87.4, '20-29': 96.1, '30-39': 90.1, '40-49': 94.8, 'old': 90.9, 'new': 94.8}
2025-07-07 21:18:40,751 [trainer.py] => CNN top1 curve: [98.5, 96.05, 94.77, 93.25, 91.68]
2025-07-07 21:18:40,751 [trainer.py] => CNN top5 curve: [99.8, 99.5, 99.33, 99.0, 99.1]

Average Accuracy (CNN): 94.85
2025-07-07 21:18:40,751 [trainer.py] => Average Accuracy (CNN): 94.85 

2025-07-07 21:18:40,752 [trainer.py] => All params: 86144326
2025-07-07 21:18:40,753 [trainer.py] => Trainable params: 192060
2025-07-07 21:18:40,754 [lae.py] => Learning on 50-60

  0%|          | 0/5 [00:00<?, ?it/s]
Task 5, Epoch 1/5 => Loss 0.591, Train_accy 81.44:   0%|          | 0/5 [00:13<?, ?it/s]
Task 5, Epoch 1/5 => Loss 0.591, Train_accy 81.44:  20%|██        | 1/5 [00:13<00:53, 13.37s/it]
Task 5, Epoch 2/5 => Loss 0.280, Train_accy 90.36:  20%|██        | 1/5 [00:26<00:53, 13.37s/it]
Task 5, Epoch 2/5 => Loss 0.280, Train_accy 90.36:  40%|████      | 2/5 [00:26<00:40, 13.33s/it]
Task 5, Epoch 3/5 => Loss 0.270, Train_accy 90.70:  40%|████      | 2/5 [00:39<00:40, 13.33s/it]
Task 5, Epoch 3/5 => Loss 0.270, Train_accy 90.70:  60%|██████    | 3/5 [00:39<00:26, 13.28s/it]
Task 5, Epoch 4/5 => Loss 0.274, Train_accy 91.12:  60%|██████    | 3/5 [01:06<00:26, 13.28s/it]
Task 5, Epoch 4/5 => Loss 0.274, Train_accy 91.12:  80%|████████  | 4/5 [01:06<00:18, 18.63s/it]
Task 5, Epoch 5/5 => Loss 0.247, Train_accy 91.30, Test_accy 91.15:  80%|████████  | 4/5 [02:03<00:18, 18.63s/it]
Task 5, Epoch 5/5 => Loss 0.247, Train_accy 91.30, Test_accy 91.15: 100%|██████████| 5/5 [02:03<00:00, 32.31s/it]
Task 5, Epoch 5/5 => Loss 0.247, Train_accy 91.30, Test_accy 91.15: 100%|██████████| 5/5 [02:03<00:00, 24.66s/it]
2025-07-07 21:20:44,072 [lae.py] => Task 5, Epoch 5/5 => Loss 0.247, Train_accy 91.30, Test_accy 91.15
Time for task 5: 123.32030463218689
2025-07-07 21:21:13,622 [trainer.py] => No NME accuracy.
2025-07-07 21:21:13,622 [trainer.py] => CNN: {'total': 91.15, '00-09': 88.7, '10-19': 89.2, '20-29': 94.7, '30-39': 90.0, '40-49': 92.3, '50-59': 92.0, 'old': 90.98, 'new': 92.0}
2025-07-07 21:21:13,622 [trainer.py] => CNN top1 curve: [98.5, 96.05, 94.77, 93.25, 91.68, 91.15]
2025-07-07 21:21:13,622 [trainer.py] => CNN top5 curve: [99.8, 99.5, 99.33, 99.0, 99.1, 98.93]

Average Accuracy (CNN): 94.23
2025-07-07 21:21:13,622 [trainer.py] => Average Accuracy (CNN): 94.23 

2025-07-07 21:21:13,623 [trainer.py] => All params: 86152016
2025-07-07 21:21:13,624 [trainer.py] => Trainable params: 199750
2025-07-07 21:21:13,626 [lae.py] => Learning on 60-70

  0%|          | 0/5 [00:00<?, ?it/s]
Task 6, Epoch 1/5 => Loss 0.432, Train_accy 86.36:   0%|          | 0/5 [00:13<?, ?it/s]
Task 6, Epoch 1/5 => Loss 0.432, Train_accy 86.36:  20%|██        | 1/5 [00:13<00:53, 13.38s/it]
Task 6, Epoch 2/5 => Loss 0.219, Train_accy 93.00:  20%|██        | 1/5 [00:26<00:53, 13.38s/it]
Task 6, Epoch 2/5 => Loss 0.219, Train_accy 93.00:  40%|████      | 2/5 [00:26<00:40, 13.41s/it]
Task 6, Epoch 3/5 => Loss 0.198, Train_accy 93.62:  40%|████      | 2/5 [00:40<00:40, 13.41s/it]
Task 6, Epoch 3/5 => Loss 0.198, Train_accy 93.62:  60%|██████    | 3/5 [00:40<00:26, 13.39s/it]
Task 6, Epoch 4/5 => Loss 0.209, Train_accy 93.52:  60%|██████    | 3/5 [01:07<00:26, 13.39s/it]
Task 6, Epoch 4/5 => Loss 0.209, Train_accy 93.52:  80%|████████  | 4/5 [01:07<00:18, 18.71s/it]
Task 6, Epoch 5/5 => Loss 0.201, Train_accy 93.98, Test_accy 89.69:  80%|████████  | 4/5 [02:08<00:18, 18.71s/it]
Task 6, Epoch 5/5 => Loss 0.201, Train_accy 93.98, Test_accy 89.69: 100%|██████████| 5/5 [02:08<00:00, 34.10s/it]
Task 6, Epoch 5/5 => Loss 0.201, Train_accy 93.98, Test_accy 89.69: 100%|██████████| 5/5 [02:08<00:00, 25.68s/it]
2025-07-07 21:23:22,087 [lae.py] => Task 6, Epoch 5/5 => Loss 0.201, Train_accy 93.98, Test_accy 89.69
Time for task 6: 128.46307253837585
2025-07-07 21:23:56,695 [trainer.py] => No NME accuracy.
2025-07-07 21:23:56,695 [trainer.py] => CNN: {'total': 89.69, '00-09': 86.6, '10-19': 87.6, '20-29': 94.8, '30-39': 88.3, '40-49': 90.8, '50-59': 86.2, '60-69': 93.5, 'old': 89.05, 'new': 93.5}
2025-07-07 21:23:56,695 [trainer.py] => CNN top1 curve: [98.5, 96.05, 94.77, 93.25, 91.68, 91.15, 89.69]
2025-07-07 21:23:56,696 [trainer.py] => CNN top5 curve: [99.8, 99.5, 99.33, 99.0, 99.1, 98.93, 98.56]

Average Accuracy (CNN): 93.58
2025-07-07 21:23:56,696 [trainer.py] => Average Accuracy (CNN): 93.58 

2025-07-07 21:23:56,698 [trainer.py] => All params: 86159706
2025-07-07 21:23:56,700 [trainer.py] => Trainable params: 207440
2025-07-07 21:23:56,702 [lae.py] => Learning on 70-80

  0%|          | 0/5 [00:00<?, ?it/s]
Task 7, Epoch 1/5 => Loss 0.551, Train_accy 82.34:   0%|          | 0/5 [00:13<?, ?it/s]
Task 7, Epoch 1/5 => Loss 0.551, Train_accy 82.34:  20%|██        | 1/5 [00:13<00:53, 13.45s/it]
Task 7, Epoch 2/5 => Loss 0.259, Train_accy 90.68:  20%|██        | 1/5 [00:26<00:53, 13.45s/it]
Task 7, Epoch 2/5 => Loss 0.259, Train_accy 90.68:  40%|████      | 2/5 [00:26<00:40, 13.49s/it]
Task 7, Epoch 3/5 => Loss 0.252, Train_accy 91.40:  40%|████      | 2/5 [00:40<00:40, 13.49s/it]
Task 7, Epoch 3/5 => Loss 0.252, Train_accy 91.40:  60%|██████    | 3/5 [00:40<00:26, 13.45s/it]
Task 7, Epoch 4/5 => Loss 0.270, Train_accy 90.98:  60%|██████    | 3/5 [01:07<00:26, 13.45s/it]
Task 7, Epoch 4/5 => Loss 0.270, Train_accy 90.98:  80%|████████  | 4/5 [01:07<00:18, 18.71s/it]
Task 7, Epoch 5/5 => Loss 0.237, Train_accy 91.76, Test_accy 86.79:  80%|████████  | 4/5 [02:13<00:18, 18.71s/it]
Task 7, Epoch 5/5 => Loss 0.237, Train_accy 91.76, Test_accy 86.79: 100%|██████████| 5/5 [02:13<00:00, 35.86s/it]
Task 7, Epoch 5/5 => Loss 0.237, Train_accy 91.76, Test_accy 86.79: 100%|██████████| 5/5 [02:13<00:00, 26.68s/it]
2025-07-07 21:26:10,172 [lae.py] => Task 7, Epoch 5/5 => Loss 0.237, Train_accy 91.76, Test_accy 86.79
Time for task 7: 133.47290420532227
2025-07-07 21:26:49,694 [trainer.py] => No NME accuracy.
2025-07-07 21:26:49,695 [trainer.py] => CNN: {'total': 86.79, '00-09': 84.6, '10-19': 86.7, '20-29': 94.7, '30-39': 89.0, '40-49': 84.8, '50-59': 77.3, '60-69': 88.0, '70-79': 89.2, 'old': 86.44, 'new': 89.2}
2025-07-07 21:26:49,695 [trainer.py] => CNN top1 curve: [98.5, 96.05, 94.77, 93.25, 91.68, 91.15, 89.69, 86.79]
2025-07-07 21:26:49,695 [trainer.py] => CNN top5 curve: [99.8, 99.5, 99.33, 99.0, 99.1, 98.93, 98.56, 98.5]

Average Accuracy (CNN): 92.73
2025-07-07 21:26:49,695 [trainer.py] => Average Accuracy (CNN): 92.73 

2025-07-07 21:26:49,696 [trainer.py] => All params: 86167396
2025-07-07 21:26:49,696 [trainer.py] => Trainable params: 215130
2025-07-07 21:26:49,697 [lae.py] => Learning on 80-90

  0%|          | 0/5 [00:00<?, ?it/s]
Task 8, Epoch 1/5 => Loss 0.500, Train_accy 84.02:   0%|          | 0/5 [00:13<?, ?it/s]
Task 8, Epoch 1/5 => Loss 0.500, Train_accy 84.02:  20%|██        | 1/5 [00:13<00:54, 13.53s/it]
Task 8, Epoch 2/5 => Loss 0.259, Train_accy 91.20:  20%|██        | 1/5 [00:26<00:54, 13.53s/it]
Task 8, Epoch 2/5 => Loss 0.259, Train_accy 91.20:  40%|████      | 2/5 [00:26<00:40, 13.40s/it]
Task 8, Epoch 3/5 => Loss 0.238, Train_accy 92.12:  40%|████      | 2/5 [00:40<00:40, 13.40s/it]
Task 8, Epoch 3/5 => Loss 0.238, Train_accy 92.12:  60%|██████    | 3/5 [00:40<00:26, 13.46s/it]
Task 8, Epoch 4/5 => Loss 0.242, Train_accy 92.14:  60%|██████    | 3/5 [01:07<00:26, 13.46s/it]
Task 8, Epoch 4/5 => Loss 0.242, Train_accy 92.14:  80%|████████  | 4/5 [01:07<00:18, 18.75s/it]
Task 8, Epoch 5/5 => Loss 0.209, Train_accy 93.06, Test_accy 86.11:  80%|████████  | 4/5 [02:18<00:18, 18.75s/it]
Task 8, Epoch 5/5 => Loss 0.209, Train_accy 93.06, Test_accy 86.11: 100%|██████████| 5/5 [02:18<00:00, 37.66s/it]
Task 8, Epoch 5/5 => Loss 0.209, Train_accy 93.06, Test_accy 86.11: 100%|██████████| 5/5 [02:18<00:00, 27.68s/it]
2025-07-07 21:29:08,138 [lae.py] => Task 8, Epoch 5/5 => Loss 0.209, Train_accy 93.06, Test_accy 86.11
Time for task 8: 138.4424695968628
2025-07-07 21:29:52,472 [trainer.py] => No NME accuracy.
2025-07-07 21:29:52,472 [trainer.py] => CNN: {'total': 86.11, '00-09': 83.0, '10-19': 85.0, '20-29': 94.6, '30-39': 88.1, '40-49': 83.8, '50-59': 76.5, '60-69': 88.3, '70-79': 88.6, '80-89': 87.1, 'old': 85.99, 'new': 87.1}
2025-07-07 21:29:52,472 [trainer.py] => CNN top1 curve: [98.5, 96.05, 94.77, 93.25, 91.68, 91.15, 89.69, 86.79, 86.11]
2025-07-07 21:29:52,472 [trainer.py] => CNN top5 curve: [99.8, 99.5, 99.33, 99.0, 99.1, 98.93, 98.56, 98.5, 98.09]

Average Accuracy (CNN): 92.0
2025-07-07 21:29:52,472 [trainer.py] => Average Accuracy (CNN): 92.0 

2025-07-07 21:29:52,473 [trainer.py] => All params: 86175086
2025-07-07 21:29:52,473 [trainer.py] => Trainable params: 222820
2025-07-07 21:29:52,474 [lae.py] => Learning on 90-100

  0%|          | 0/5 [00:00<?, ?it/s]
Task 9, Epoch 1/5 => Loss 0.576, Train_accy 82.18:   0%|          | 0/5 [00:13<?, ?it/s]
Task 9, Epoch 1/5 => Loss 0.576, Train_accy 82.18:  20%|██        | 1/5 [00:13<00:53, 13.50s/it]
Task 9, Epoch 2/5 => Loss 0.290, Train_accy 90.92:  20%|██        | 1/5 [00:26<00:53, 13.50s/it]
Task 9, Epoch 2/5 => Loss 0.290, Train_accy 90.92:  40%|████      | 2/5 [00:26<00:40, 13.39s/it]
Task 9, Epoch 3/5 => Loss 0.278, Train_accy 90.74:  40%|████      | 2/5 [00:40<00:40, 13.39s/it]
Task 9, Epoch 3/5 => Loss 0.278, Train_accy 90.74:  60%|██████    | 3/5 [00:40<00:26, 13.46s/it]
Task 9, Epoch 4/5 => Loss 0.254, Train_accy 91.24:  60%|██████    | 3/5 [01:07<00:26, 13.46s/it]
Task 9, Epoch 4/5 => Loss 0.254, Train_accy 91.24:  80%|████████  | 4/5 [01:07<00:18, 18.73s/it]
Task 9, Epoch 5/5 => Loss 0.229, Train_accy 92.48, Test_accy 85.47:  80%|████████  | 4/5 [02:23<00:18, 18.73s/it]
Task 9, Epoch 5/5 => Loss 0.229, Train_accy 92.48, Test_accy 85.47: 100%|██████████| 5/5 [02:23<00:00, 39.45s/it]
Task 9, Epoch 5/5 => Loss 0.229, Train_accy 92.48, Test_accy 85.47: 100%|██████████| 5/5 [02:23<00:00, 28.67s/it]
2025-07-07 21:32:15,884 [lae.py] => Task 9, Epoch 5/5 => Loss 0.229, Train_accy 92.48, Test_accy 85.47
Time for task 9: 143.41097903251648
2025-07-07 21:33:05,133 [trainer.py] => No NME accuracy.
2025-07-07 21:33:05,133 [trainer.py] => CNN: {'total': 85.47, '00-09': 81.6, '10-19': 84.5, '20-29': 93.4, '30-39': 87.7, '40-49': 82.7, '50-59': 76.5, '60-69': 85.9, '70-79': 88.2, '80-89': 86.9, '90-99': 87.3, 'old': 85.27, 'new': 87.3}
2025-07-07 21:33:05,133 [trainer.py] => CNN top1 curve: [98.5, 96.05, 94.77, 93.25, 91.68, 91.15, 89.69, 86.79, 86.11, 85.47]
2025-07-07 21:33:05,133 [trainer.py] => CNN top5 curve: [99.8, 99.5, 99.33, 99.0, 99.1, 98.93, 98.56, 98.5, 98.09, 97.79]

Average Accuracy (CNN): 91.35
2025-07-07 21:33:05,134 [trainer.py] => Average Accuracy (CNN): 91.35 

Finished cifar224_init10_inc10: vit_base_patch16_224_in21k_lae  
----------------------------------------------------------------------------------------------------
Accuracy Matrix (CNN):
[[98.5 97.5 94.7 93.1 90.  88.7 86.6 84.6 83.  81.6]
 [ 0.  94.6 92.4 91.  87.4 89.2 87.6 86.7 85.  84.5]
 [ 0.   0.  97.2 96.9 96.1 94.7 94.8 94.7 94.6 93.4]
 [ 0.   0.   0.  92.  90.1 90.  88.3 89.  88.1 87.7]
 [ 0.   0.   0.   0.  94.8 92.3 90.8 84.8 83.8 82.7]
 [ 0.   0.   0.   0.   0.  92.  86.2 77.3 76.5 76.5]
 [ 0.   0.   0.   0.   0.   0.  93.5 88.  88.3 85.9]
 [ 0.   0.   0.   0.   0.   0.   0.  89.2 88.6 88.2]
 [ 0.   0.   0.   0.   0.   0.   0.   0.  87.1 86.9]
 [ 0.   0.   0.   0.   0.   0.   0.   0.   0.  87.3]]
2025-07-07 21:33:05,135 [trainer.py] => Forgetting (CNN): 7.944444444444441
2025-07-07 21:33:09,390 [trainer.py] => config: ./scripts/lae/lae_cub_B0_Inc20.json
2025-07-07 21:33:09,405 [trainer.py] => prefix:  
2025-07-07 21:33:09,405 [trainer.py] => dataset: cub
2025-07-07 21:33:09,405 [trainer.py] => memory_size: 0
2025-07-07 21:33:09,405 [trainer.py] => memory_per_class: 0
2025-07-07 21:33:09,405 [trainer.py] => fixed_memory: False
2025-07-07 21:33:09,405 [trainer.py] => shuffle: True
2025-07-07 21:33:09,405 [trainer.py] => init_cls: 20
2025-07-07 21:33:09,405 [trainer.py] => increment: 20
2025-07-07 21:33:09,405 [trainer.py] => model_name: lae
2025-07-07 21:33:09,405 [trainer.py] => backbone_type: vit_base_patch16_224_in21k_lae
2025-07-07 21:33:09,405 [trainer.py] => device: [device(type='cuda', index=3)]
2025-07-07 21:33:09,405 [trainer.py] => seed: 1993
2025-07-07 21:33:09,405 [trainer.py] => tuned_epoch: 50
2025-07-07 21:33:09,405 [trainer.py] => init_lr: 0.00046875
2025-07-07 21:33:09,405 [trainer.py] => batch_size: 128
2025-07-07 21:33:09,405 [trainer.py] => weight_decay: 0
2025-07-07 21:33:09,405 [trainer.py] => min_lr: 1e-05
2025-07-07 21:33:09,405 [trainer.py] => optimizer: adam
2025-07-07 21:33:09,405 [trainer.py] => scheduler: constant
2025-07-07 21:33:09,405 [trainer.py] => reinit_optimizer: True
2025-07-07 21:33:09,405 [trainer.py] => pretrained: True
2025-07-07 21:33:09,405 [trainer.py] => drop: 0.0
2025-07-07 21:33:09,405 [trainer.py] => drop_path: 0.0
2025-07-07 21:33:09,405 [trainer.py] => ema_decay: 0.9999
2025-07-07 21:33:09,405 [trainer.py] => num_freeze_epochs: 30
2025-07-07 21:33:09,405 [trainer.py] => pet_cls: LoRA
2025-07-07 21:33:09,406 [trainer.py] => pet_length: 10
2025-07-07 21:33:09,406 [trainer.py] => down_sample_dim: 5
2025-07-07 21:33:09,862 [data_manager.py] => [168, 136, 51, 9, 183, 101, 171, 99, 42, 159, 191, 70, 16, 188, 27, 10, 175, 26, 68, 187, 98, 6, 85, 35, 112, 43, 100, 0, 103, 181, 88, 59, 4, 2, 116, 174, 94, 80, 106, 1, 147, 17, 141, 131, 72, 23, 173, 54, 197, 118, 87, 32, 79, 104, 91, 19, 135, 107, 178, 36, 11, 199, 142, 8, 122, 3, 28, 57, 153, 172, 190, 56, 49, 44, 97, 62, 151, 169, 194, 55, 192, 12, 189, 78, 66, 180, 15, 137, 109, 134, 92, 119, 126, 52, 170, 40, 148, 65, 144, 64, 138, 45, 77, 89, 154, 90, 71, 193, 74, 30, 113, 143, 96, 84, 67, 50, 186, 156, 69, 21, 18, 111, 108, 58, 125, 157, 150, 110, 182, 129, 166, 83, 81, 60, 13, 165, 14, 176, 63, 117, 5, 22, 145, 121, 38, 41, 82, 127, 114, 20, 31, 53, 37, 163, 196, 130, 152, 162, 86, 76, 24, 34, 184, 149, 33, 128, 198, 155, 146, 167, 139, 120, 140, 102, 47, 25, 158, 123, 46, 164, 61, 7, 115, 75, 133, 160, 105, 132, 179, 124, 48, 73, 93, 39, 95, 195, 29, 177, 185, 161]
2025-07-07 21:33:13,650 [lae.py] => 85,952,266 model total parameters.
2025-07-07 21:33:13,650 [lae.py] => 0 model training parameters.
2025-07-07 21:33:13,651 [trainer.py] => All params: 86105876
2025-07-07 21:33:13,652 [trainer.py] => Trainable params: 0
2025-07-07 21:33:13,652 [lae.py] => Learning on 0-20

  0%|          | 0/50 [00:00<?, ?it/s]
Task 0, Epoch 1/50 => Loss 3.242, Train_accy 12.26:   0%|          | 0/50 [00:04<?, ?it/s]
Task 0, Epoch 1/50 => Loss 3.242, Train_accy 12.26:   2%|▏         | 1/50 [00:04<03:46,  4.63s/it]
Task 0, Epoch 2/50 => Loss 1.913, Train_accy 46.83:   2%|▏         | 1/50 [00:08<03:46,  4.63s/it]
Task 0, Epoch 2/50 => Loss 1.913, Train_accy 46.83:   4%|▍         | 2/50 [00:08<03:10,  3.97s/it]
Task 0, Epoch 3/50 => Loss 1.143, Train_accy 70.08:   4%|▍         | 2/50 [00:11<03:10,  3.97s/it]
Task 0, Epoch 3/50 => Loss 1.143, Train_accy 70.08:   6%|▌         | 3/50 [00:11<02:51,  3.64s/it]
Task 0, Epoch 4/50 => Loss 0.758, Train_accy 80.13:   6%|▌         | 3/50 [00:14<02:51,  3.64s/it]
Task 0, Epoch 4/50 => Loss 0.758, Train_accy 80.13:   8%|▊         | 4/50 [00:14<02:40,  3.48s/it]
Task 0, Epoch 5/50 => Loss 0.610, Train_accy 82.98, Test_accy 92.71:   8%|▊         | 4/50 [00:21<02:40,  3.48s/it]
Task 0, Epoch 5/50 => Loss 0.610, Train_accy 82.98, Test_accy 92.71:  10%|█         | 5/50 [00:21<03:35,  4.80s/it]
Task 0, Epoch 6/50 => Loss 0.512, Train_accy 86.58:  10%|█         | 5/50 [00:24<03:35,  4.80s/it]                 
Task 0, Epoch 6/50 => Loss 0.512, Train_accy 86.58:  12%|█▏        | 6/50 [00:24<03:05,  4.21s/it]
Task 0, Epoch 7/50 => Loss 0.477, Train_accy 87.21:  12%|█▏        | 6/50 [00:27<03:05,  4.21s/it]
Task 0, Epoch 7/50 => Loss 0.477, Train_accy 87.21:  14%|█▍        | 7/50 [00:27<02:45,  3.85s/it]
Task 0, Epoch 8/50 => Loss 0.375, Train_accy 89.11:  14%|█▍        | 7/50 [00:31<02:45,  3.85s/it]
Task 0, Epoch 8/50 => Loss 0.375, Train_accy 89.11:  16%|█▌        | 8/50 [00:31<02:31,  3.60s/it]
Task 0, Epoch 9/50 => Loss 0.344, Train_accy 91.23:  16%|█▌        | 8/50 [00:34<02:31,  3.60s/it]
Task 0, Epoch 9/50 => Loss 0.344, Train_accy 91.23:  18%|█▊        | 9/50 [00:34<02:20,  3.44s/it]
Task 0, Epoch 10/50 => Loss 0.322, Train_accy 91.23, Test_accy 96.36:  18%|█▊        | 9/50 [00:39<02:20,  3.44s/it]
Task 0, Epoch 10/50 => Loss 0.322, Train_accy 91.23, Test_accy 96.36:  20%|██        | 10/50 [00:39<02:38,  3.96s/it]
Task 0, Epoch 11/50 => Loss 0.310, Train_accy 92.60:  20%|██        | 10/50 [00:42<02:38,  3.96s/it]                 
Task 0, Epoch 11/50 => Loss 0.310, Train_accy 92.60:  22%|██▏       | 11/50 [00:42<02:27,  3.78s/it]
Task 0, Epoch 12/50 => Loss 0.357, Train_accy 90.38:  22%|██▏       | 11/50 [00:45<02:27,  3.78s/it]
Task 0, Epoch 12/50 => Loss 0.357, Train_accy 90.38:  24%|██▍       | 12/50 [00:45<02:17,  3.61s/it]
Task 0, Epoch 13/50 => Loss 0.257, Train_accy 91.65:  24%|██▍       | 12/50 [00:49<02:17,  3.61s/it]
Task 0, Epoch 13/50 => Loss 0.257, Train_accy 91.65:  26%|██▌       | 13/50 [00:49<02:09,  3.50s/it]
Task 0, Epoch 14/50 => Loss 0.272, Train_accy 91.86:  26%|██▌       | 13/50 [00:52<02:09,  3.50s/it]
Task 0, Epoch 14/50 => Loss 0.272, Train_accy 91.86:  28%|██▊       | 14/50 [00:52<02:02,  3.39s/it]
Task 0, Epoch 15/50 => Loss 0.312, Train_accy 91.54, Test_accy 97.57:  28%|██▊       | 14/50 [00:57<02:02,  3.39s/it]
Task 0, Epoch 15/50 => Loss 0.312, Train_accy 91.54, Test_accy 97.57:  30%|███       | 15/50 [00:57<02:19,  3.98s/it]
Task 0, Epoch 16/50 => Loss 0.255, Train_accy 93.13:  30%|███       | 15/50 [01:00<02:19,  3.98s/it]                 
Task 0, Epoch 16/50 => Loss 0.255, Train_accy 93.13:  32%|███▏      | 16/50 [01:00<02:06,  3.71s/it]
Task 0, Epoch 17/50 => Loss 0.255, Train_accy 92.71:  32%|███▏      | 16/50 [01:03<02:06,  3.71s/it]
Task 0, Epoch 17/50 => Loss 0.255, Train_accy 92.71:  34%|███▍      | 17/50 [01:03<01:56,  3.52s/it]
Task 0, Epoch 18/50 => Loss 0.210, Train_accy 94.08:  34%|███▍      | 17/50 [01:06<01:56,  3.52s/it]
Task 0, Epoch 18/50 => Loss 0.210, Train_accy 94.08:  36%|███▌      | 18/50 [01:06<01:49,  3.41s/it]
Task 0, Epoch 19/50 => Loss 0.238, Train_accy 93.66:  36%|███▌      | 18/50 [01:09<01:49,  3.41s/it]
Task 0, Epoch 19/50 => Loss 0.238, Train_accy 93.66:  38%|███▊      | 19/50 [01:09<01:42,  3.32s/it]
Task 0, Epoch 20/50 => Loss 0.239, Train_accy 94.08, Test_accy 97.98:  38%|███▊      | 19/50 [01:15<01:42,  3.32s/it]
Task 0, Epoch 20/50 => Loss 0.239, Train_accy 94.08, Test_accy 97.98:  40%|████      | 20/50 [01:15<01:56,  3.89s/it]
Task 0, Epoch 21/50 => Loss 0.254, Train_accy 93.45:  40%|████      | 20/50 [01:18<01:56,  3.89s/it]                 
Task 0, Epoch 21/50 => Loss 0.254, Train_accy 93.45:  42%|████▏     | 21/50 [01:18<01:46,  3.67s/it]
Task 0, Epoch 22/50 => Loss 0.238, Train_accy 93.45:  42%|████▏     | 21/50 [01:21<01:46,  3.67s/it]
Task 0, Epoch 22/50 => Loss 0.238, Train_accy 93.45:  44%|████▍     | 22/50 [01:21<01:38,  3.52s/it]
Task 0, Epoch 23/50 => Loss 0.235, Train_accy 93.55:  44%|████▍     | 22/50 [01:24<01:38,  3.52s/it]
Task 0, Epoch 23/50 => Loss 0.235, Train_accy 93.55:  46%|████▌     | 23/50 [01:24<01:31,  3.41s/it]
Task 0, Epoch 24/50 => Loss 0.230, Train_accy 93.87:  46%|████▌     | 23/50 [01:27<01:31,  3.41s/it]
Task 0, Epoch 24/50 => Loss 0.230, Train_accy 93.87:  48%|████▊     | 24/50 [01:27<01:26,  3.33s/it]
Task 0, Epoch 25/50 => Loss 0.199, Train_accy 94.40, Test_accy 97.57:  48%|████▊     | 24/50 [01:33<01:26,  3.33s/it]
Task 0, Epoch 25/50 => Loss 0.199, Train_accy 94.40, Test_accy 97.57:  50%|█████     | 25/50 [01:33<01:40,  4.01s/it]
Task 0, Epoch 26/50 => Loss 0.205, Train_accy 94.82:  50%|█████     | 25/50 [01:36<01:40,  4.01s/it]                 
Task 0, Epoch 26/50 => Loss 0.205, Train_accy 94.82:  52%|█████▏    | 26/50 [01:36<01:31,  3.83s/it]
Task 0, Epoch 27/50 => Loss 0.198, Train_accy 94.08:  52%|█████▏    | 26/50 [01:40<01:31,  3.83s/it]
Task 0, Epoch 27/50 => Loss 0.198, Train_accy 94.08:  54%|█████▍    | 27/50 [01:40<01:23,  3.65s/it]
Task 0, Epoch 28/50 => Loss 0.188, Train_accy 94.82:  54%|█████▍    | 27/50 [01:43<01:23,  3.65s/it]
Task 0, Epoch 28/50 => Loss 0.188, Train_accy 94.82:  56%|█████▌    | 28/50 [01:43<01:17,  3.51s/it]
Task 0, Epoch 29/50 => Loss 0.194, Train_accy 94.93:  56%|█████▌    | 28/50 [01:46<01:17,  3.51s/it]
Task 0, Epoch 29/50 => Loss 0.194, Train_accy 94.93:  58%|█████▊    | 29/50 [01:46<01:11,  3.41s/it]
Task 0, Epoch 30/50 => Loss 0.158, Train_accy 95.77, Test_accy 97.57:  58%|█████▊    | 29/50 [01:52<01:11,  3.41s/it]
Task 0, Epoch 30/50 => Loss 0.158, Train_accy 95.77, Test_accy 97.57:  60%|██████    | 30/50 [01:52<01:21,  4.07s/it]
Task 0, Epoch 31/50 => Loss 0.188, Train_accy 93.97:  60%|██████    | 30/50 [01:58<01:21,  4.07s/it]                 
Task 0, Epoch 31/50 => Loss 0.188, Train_accy 93.97:  62%|██████▏   | 31/50 [01:58<01:28,  4.67s/it]
Task 0, Epoch 32/50 => Loss 0.185, Train_accy 95.24:  62%|██████▏   | 31/50 [02:03<01:28,  4.67s/it]
Task 0, Epoch 32/50 => Loss 0.185, Train_accy 95.24:  64%|██████▍   | 32/50 [02:03<01:29,  4.98s/it]
Task 0, Epoch 33/50 => Loss 0.205, Train_accy 93.87:  64%|██████▍   | 32/50 [02:09<01:29,  4.98s/it]
Task 0, Epoch 33/50 => Loss 0.205, Train_accy 93.87:  66%|██████▌   | 33/50 [02:09<01:27,  5.16s/it]
Task 0, Epoch 34/50 => Loss 0.154, Train_accy 95.45:  66%|██████▌   | 33/50 [02:14<01:27,  5.16s/it]
Task 0, Epoch 34/50 => Loss 0.154, Train_accy 95.45:  68%|██████▊   | 34/50 [02:14<01:24,  5.30s/it]
Task 0, Epoch 35/50 => Loss 0.168, Train_accy 95.35, Test_accy 97.17:  68%|██████▊   | 34/50 [02:22<01:24,  5.30s/it]
Task 0, Epoch 35/50 => Loss 0.168, Train_accy 95.35, Test_accy 97.17:  70%|███████   | 35/50 [02:22<01:30,  6.02s/it]
Task 0, Epoch 36/50 => Loss 0.150, Train_accy 94.82:  70%|███████   | 35/50 [02:28<01:30,  6.02s/it]                 
Task 0, Epoch 36/50 => Loss 0.150, Train_accy 94.82:  72%|███████▏  | 36/50 [02:28<01:22,  5.89s/it]
Task 0, Epoch 37/50 => Loss 0.136, Train_accy 95.77:  72%|███████▏  | 36/50 [02:33<01:22,  5.89s/it]
Task 0, Epoch 37/50 => Loss 0.136, Train_accy 95.77:  74%|███████▍  | 37/50 [02:33<01:15,  5.80s/it]
Task 0, Epoch 38/50 => Loss 0.140, Train_accy 95.35:  74%|███████▍  | 37/50 [02:39<01:15,  5.80s/it]
Task 0, Epoch 38/50 => Loss 0.140, Train_accy 95.35:  76%|███████▌  | 38/50 [02:39<01:09,  5.75s/it]
Task 0, Epoch 39/50 => Loss 0.158, Train_accy 94.82:  76%|███████▌  | 38/50 [02:45<01:09,  5.75s/it]
Task 0, Epoch 39/50 => Loss 0.158, Train_accy 94.82:  78%|███████▊  | 39/50 [02:45<01:03,  5.73s/it]
Task 0, Epoch 40/50 => Loss 0.134, Train_accy 95.35, Test_accy 97.57:  78%|███████▊  | 39/50 [02:52<01:03,  5.73s/it]
Task 0, Epoch 40/50 => Loss 0.134, Train_accy 95.35, Test_accy 97.57:  80%|████████  | 40/50 [02:52<01:03,  6.30s/it]
Task 0, Epoch 41/50 => Loss 0.131, Train_accy 95.88:  80%|████████  | 40/50 [02:58<01:03,  6.30s/it]                 
Task 0, Epoch 41/50 => Loss 0.131, Train_accy 95.88:  82%|████████▏ | 41/50 [02:58<00:55,  6.12s/it]
Task 0, Epoch 42/50 => Loss 0.156, Train_accy 94.71:  82%|████████▏ | 41/50 [03:04<00:55,  6.12s/it]
Task 0, Epoch 42/50 => Loss 0.156, Train_accy 94.71:  84%|████████▍ | 42/50 [03:04<00:47,  5.96s/it]
Task 0, Epoch 43/50 => Loss 0.134, Train_accy 96.41:  84%|████████▍ | 42/50 [03:09<00:47,  5.96s/it]
Task 0, Epoch 43/50 => Loss 0.134, Train_accy 96.41:  86%|████████▌ | 43/50 [03:09<00:41,  5.86s/it]
Task 0, Epoch 44/50 => Loss 0.145, Train_accy 95.45:  86%|████████▌ | 43/50 [03:15<00:41,  5.86s/it]
Task 0, Epoch 44/50 => Loss 0.145, Train_accy 95.45:  88%|████████▊ | 44/50 [03:15<00:34,  5.83s/it]
Task 0, Epoch 45/50 => Loss 0.134, Train_accy 95.77, Test_accy 97.57:  88%|████████▊ | 44/50 [03:23<00:34,  5.83s/it]
Task 0, Epoch 45/50 => Loss 0.134, Train_accy 95.77, Test_accy 97.57:  90%|█████████ | 45/50 [03:23<00:32,  6.41s/it]
Task 0, Epoch 46/50 => Loss 0.129, Train_accy 95.35:  90%|█████████ | 45/50 [03:28<00:32,  6.41s/it]                 
Task 0, Epoch 46/50 => Loss 0.129, Train_accy 95.35:  92%|█████████▏| 46/50 [03:28<00:24,  6.18s/it]
Task 0, Epoch 47/50 => Loss 0.148, Train_accy 95.03:  92%|█████████▏| 46/50 [03:34<00:24,  6.18s/it]
Task 0, Epoch 47/50 => Loss 0.148, Train_accy 95.03:  94%|█████████▍| 47/50 [03:34<00:18,  6.04s/it]
Task 0, Epoch 48/50 => Loss 0.118, Train_accy 96.19:  94%|█████████▍| 47/50 [03:40<00:18,  6.04s/it]
Task 0, Epoch 48/50 => Loss 0.118, Train_accy 96.19:  96%|█████████▌| 48/50 [03:40<00:11,  5.93s/it]
Task 0, Epoch 49/50 => Loss 0.141, Train_accy 95.56:  96%|█████████▌| 48/50 [03:45<00:11,  5.93s/it]
Task 0, Epoch 49/50 => Loss 0.141, Train_accy 95.56:  98%|█████████▊| 49/50 [03:45<00:05,  5.85s/it]
Task 0, Epoch 50/50 => Loss 0.145, Train_accy 95.24, Test_accy 97.57:  98%|█████████▊| 49/50 [03:53<00:05,  5.85s/it]
Task 0, Epoch 50/50 => Loss 0.145, Train_accy 95.24, Test_accy 97.57: 100%|██████████| 50/50 [03:53<00:00,  6.39s/it]
Task 0, Epoch 50/50 => Loss 0.145, Train_accy 95.24, Test_accy 97.57: 100%|██████████| 50/50 [03:53<00:00,  4.67s/it]
2025-07-07 21:37:07,691 [lae.py] => Task 0, Epoch 50/50 => Loss 0.145, Train_accy 95.24, Test_accy 97.57
Time for task 0: 234.03989005088806
2025-07-07 21:37:09,765 [trainer.py] => No NME accuracy.
2025-07-07 21:37:09,766 [trainer.py] => CNN: {'total': 97.57, '00-19': 97.57, 'old': 0, 'new': 97.57}
2025-07-07 21:37:09,766 [trainer.py] => CNN top1 curve: [97.57]
2025-07-07 21:37:09,766 [trainer.py] => CNN top5 curve: [99.6]

Average Accuracy (CNN): 97.57
2025-07-07 21:37:09,766 [trainer.py] => Average Accuracy (CNN): 97.57 

2025-07-07 21:37:09,769 [trainer.py] => All params: 86121256
2025-07-07 21:37:09,771 [trainer.py] => Trainable params: 168990
2025-07-07 21:37:09,774 [lae.py] => Learning on 20-40

  0%|          | 0/50 [00:00<?, ?it/s]
Task 1, Epoch 1/50 => Loss 3.644, Train_accy 12.80:   0%|          | 0/50 [00:05<?, ?it/s]
Task 1, Epoch 1/50 => Loss 3.644, Train_accy 12.80:   2%|▏         | 1/50 [00:05<04:22,  5.35s/it]
Task 1, Epoch 2/50 => Loss 1.873, Train_accy 43.28:   2%|▏         | 1/50 [00:08<04:22,  5.35s/it]
Task 1, Epoch 2/50 => Loss 1.873, Train_accy 43.28:   4%|▍         | 2/50 [00:08<03:15,  4.07s/it]
Task 1, Epoch 3/50 => Loss 1.020, Train_accy 69.74:   4%|▍         | 2/50 [00:11<03:15,  4.07s/it]
Task 1, Epoch 3/50 => Loss 1.020, Train_accy 69.74:   6%|▌         | 3/50 [00:11<02:54,  3.70s/it]
Task 1, Epoch 4/50 => Loss 0.674, Train_accy 80.42:   6%|▌         | 3/50 [00:15<02:54,  3.70s/it]
Task 1, Epoch 4/50 => Loss 0.674, Train_accy 80.42:   8%|▊         | 4/50 [00:15<02:41,  3.52s/it]
Task 1, Epoch 5/50 => Loss 0.508, Train_accy 86.56, Test_accy 79.96:   8%|▊         | 4/50 [00:22<02:41,  3.52s/it]
Task 1, Epoch 5/50 => Loss 0.508, Train_accy 86.56, Test_accy 79.96:  10%|█         | 5/50 [00:22<03:36,  4.81s/it]
Task 1, Epoch 6/50 => Loss 0.375, Train_accy 89.42:  10%|█         | 5/50 [00:25<03:36,  4.81s/it]                 
Task 1, Epoch 6/50 => Loss 0.375, Train_accy 89.42:  12%|█▏        | 6/50 [00:25<03:06,  4.25s/it]
Task 1, Epoch 7/50 => Loss 0.373, Train_accy 89.42:  12%|█▏        | 6/50 [00:28<03:06,  4.25s/it]
Task 1, Epoch 7/50 => Loss 0.373, Train_accy 89.42:  14%|█▍        | 7/50 [00:28<02:48,  3.93s/it]
Task 1, Epoch 8/50 => Loss 0.316, Train_accy 91.32:  14%|█▍        | 7/50 [00:31<02:48,  3.93s/it]
Task 1, Epoch 8/50 => Loss 0.316, Train_accy 91.32:  16%|█▌        | 8/50 [00:31<02:34,  3.67s/it]
Task 1, Epoch 9/50 => Loss 0.303, Train_accy 91.53:  16%|█▌        | 8/50 [00:34<02:34,  3.67s/it]
Task 1, Epoch 9/50 => Loss 0.303, Train_accy 91.53:  18%|█▊        | 9/50 [00:34<02:23,  3.49s/it]
Task 1, Epoch 10/50 => Loss 0.256, Train_accy 92.80, Test_accy 86.34:  18%|█▊        | 9/50 [00:41<02:23,  3.49s/it]
Task 1, Epoch 10/50 => Loss 0.256, Train_accy 92.80, Test_accy 86.34:  20%|██        | 10/50 [00:41<02:57,  4.44s/it]
Task 1, Epoch 11/50 => Loss 0.278, Train_accy 92.59:  20%|██        | 10/50 [00:44<02:57,  4.44s/it]                 
Task 1, Epoch 11/50 => Loss 0.278, Train_accy 92.59:  22%|██▏       | 11/50 [00:44<02:37,  4.03s/it]
Task 1, Epoch 12/50 => Loss 0.282, Train_accy 92.91:  22%|██▏       | 11/50 [00:47<02:37,  4.03s/it]
Task 1, Epoch 12/50 => Loss 0.282, Train_accy 92.91:  24%|██▍       | 12/50 [00:47<02:22,  3.75s/it]
Task 1, Epoch 13/50 => Loss 0.265, Train_accy 93.02:  24%|██▍       | 12/50 [00:50<02:22,  3.75s/it]
Task 1, Epoch 13/50 => Loss 0.265, Train_accy 93.02:  26%|██▌       | 13/50 [00:50<02:11,  3.56s/it]
Task 1, Epoch 14/50 => Loss 0.225, Train_accy 93.65:  26%|██▌       | 13/50 [00:53<02:11,  3.56s/it]
Task 1, Epoch 14/50 => Loss 0.225, Train_accy 93.65:  28%|██▊       | 14/50 [00:53<02:05,  3.49s/it]
Task 1, Epoch 15/50 => Loss 0.249, Train_accy 93.65, Test_accy 89.43:  28%|██▊       | 14/50 [01:00<02:05,  3.49s/it]
Task 1, Epoch 15/50 => Loss 0.249, Train_accy 93.65, Test_accy 89.43:  30%|███       | 15/50 [01:00<02:32,  4.37s/it]
Task 1, Epoch 16/50 => Loss 0.193, Train_accy 93.97:  30%|███       | 15/50 [01:03<02:32,  4.37s/it]                 
Task 1, Epoch 16/50 => Loss 0.193, Train_accy 93.97:  32%|███▏      | 16/50 [01:03<02:15,  3.99s/it]
Task 1, Epoch 17/50 => Loss 0.198, Train_accy 94.60:  32%|███▏      | 16/50 [01:06<02:15,  3.99s/it]
Task 1, Epoch 17/50 => Loss 0.198, Train_accy 94.60:  34%|███▍      | 17/50 [01:06<02:03,  3.73s/it]
Task 1, Epoch 18/50 => Loss 0.200, Train_accy 94.92:  34%|███▍      | 17/50 [01:09<02:03,  3.73s/it]
Task 1, Epoch 18/50 => Loss 0.200, Train_accy 94.92:  36%|███▌      | 18/50 [01:09<01:53,  3.55s/it]
Task 1, Epoch 19/50 => Loss 0.175, Train_accy 95.34:  36%|███▌      | 18/50 [01:12<01:53,  3.55s/it]
Task 1, Epoch 19/50 => Loss 0.175, Train_accy 95.34:  38%|███▊      | 19/50 [01:12<01:45,  3.41s/it]
Task 1, Epoch 20/50 => Loss 0.206, Train_accy 93.76, Test_accy 91.19:  38%|███▊      | 19/50 [01:19<01:45,  3.41s/it]
Task 1, Epoch 20/50 => Loss 0.206, Train_accy 93.76, Test_accy 91.19:  40%|████      | 20/50 [01:19<02:07,  4.26s/it]
Task 1, Epoch 21/50 => Loss 0.156, Train_accy 95.66:  40%|████      | 20/50 [01:22<02:07,  4.26s/it]                 
Task 1, Epoch 21/50 => Loss 0.156, Train_accy 95.66:  42%|████▏     | 21/50 [01:22<01:53,  3.91s/it]
Task 1, Epoch 22/50 => Loss 0.189, Train_accy 94.71:  42%|████▏     | 21/50 [01:25<01:53,  3.91s/it]
Task 1, Epoch 22/50 => Loss 0.189, Train_accy 94.71:  44%|████▍     | 22/50 [01:25<01:46,  3.80s/it]
Task 1, Epoch 23/50 => Loss 0.151, Train_accy 95.66:  44%|████▍     | 22/50 [01:29<01:46,  3.80s/it]
Task 1, Epoch 23/50 => Loss 0.151, Train_accy 95.66:  46%|████▌     | 23/50 [01:29<01:38,  3.64s/it]
Task 1, Epoch 24/50 => Loss 0.146, Train_accy 96.19:  46%|████▌     | 23/50 [01:32<01:38,  3.64s/it]
Task 1, Epoch 24/50 => Loss 0.146, Train_accy 96.19:  48%|████▊     | 24/50 [01:32<01:31,  3.51s/it]
Task 1, Epoch 25/50 => Loss 0.156, Train_accy 95.66, Test_accy 91.41:  48%|████▊     | 24/50 [01:38<01:31,  3.51s/it]
Task 1, Epoch 25/50 => Loss 0.156, Train_accy 95.66, Test_accy 91.41:  50%|█████     | 25/50 [01:38<01:49,  4.37s/it]
Task 1, Epoch 26/50 => Loss 0.158, Train_accy 94.60:  50%|█████     | 25/50 [01:41<01:49,  4.37s/it]                 
Task 1, Epoch 26/50 => Loss 0.158, Train_accy 94.60:  52%|█████▏    | 26/50 [01:41<01:36,  4.01s/it]
Task 1, Epoch 27/50 => Loss 0.169, Train_accy 94.71:  52%|█████▏    | 26/50 [01:44<01:36,  4.01s/it]
Task 1, Epoch 27/50 => Loss 0.169, Train_accy 94.71:  54%|█████▍    | 27/50 [01:44<01:25,  3.74s/it]
Task 1, Epoch 28/50 => Loss 0.161, Train_accy 94.81:  54%|█████▍    | 27/50 [01:48<01:25,  3.74s/it]
Task 1, Epoch 28/50 => Loss 0.161, Train_accy 94.81:  56%|█████▌    | 28/50 [01:48<01:18,  3.56s/it]
Task 1, Epoch 29/50 => Loss 0.139, Train_accy 95.56:  56%|█████▌    | 28/50 [01:51<01:18,  3.56s/it]
Task 1, Epoch 29/50 => Loss 0.139, Train_accy 95.56:  58%|█████▊    | 29/50 [01:51<01:12,  3.44s/it]
Task 1, Epoch 30/50 => Loss 0.140, Train_accy 95.56, Test_accy 91.19:  58%|█████▊    | 29/50 [01:57<01:12,  3.44s/it]
Task 1, Epoch 30/50 => Loss 0.140, Train_accy 95.56, Test_accy 91.19:  60%|██████    | 30/50 [01:57<01:27,  4.39s/it]
Task 1, Epoch 31/50 => Loss 0.120, Train_accy 96.30:  60%|██████    | 30/50 [02:03<01:27,  4.39s/it]                 
Task 1, Epoch 31/50 => Loss 0.120, Train_accy 96.30:  62%|██████▏   | 31/50 [02:03<01:30,  4.78s/it]
Task 1, Epoch 32/50 => Loss 0.148, Train_accy 94.81:  62%|██████▏   | 31/50 [02:09<01:30,  4.78s/it]
Task 1, Epoch 32/50 => Loss 0.148, Train_accy 94.81:  64%|██████▍   | 32/50 [02:09<01:30,  5.05s/it]
Task 1, Epoch 33/50 => Loss 0.125, Train_accy 95.77:  64%|██████▍   | 32/50 [02:14<01:30,  5.05s/it]
Task 1, Epoch 33/50 => Loss 0.125, Train_accy 95.77:  66%|██████▌   | 33/50 [02:14<01:28,  5.23s/it]
Task 1, Epoch 34/50 => Loss 0.115, Train_accy 96.30:  66%|██████▌   | 33/50 [02:20<01:28,  5.23s/it]
Task 1, Epoch 34/50 => Loss 0.115, Train_accy 96.30:  68%|██████▊   | 34/50 [02:20<01:25,  5.33s/it]
Task 1, Epoch 35/50 => Loss 0.101, Train_accy 96.83, Test_accy 92.07:  68%|██████▊   | 34/50 [02:28<01:25,  5.33s/it]
Task 1, Epoch 35/50 => Loss 0.101, Train_accy 96.83, Test_accy 92.07:  70%|███████   | 35/50 [02:28<01:34,  6.31s/it]
Task 1, Epoch 36/50 => Loss 0.121, Train_accy 96.30:  70%|███████   | 35/50 [02:34<01:34,  6.31s/it]                 
Task 1, Epoch 36/50 => Loss 0.121, Train_accy 96.30:  72%|███████▏  | 36/50 [02:34<01:26,  6.15s/it]
Task 1, Epoch 37/50 => Loss 0.143, Train_accy 96.08:  72%|███████▏  | 36/50 [02:40<01:26,  6.15s/it]
Task 1, Epoch 37/50 => Loss 0.143, Train_accy 96.08:  74%|███████▍  | 37/50 [02:40<01:17,  5.99s/it]
Task 1, Epoch 38/50 => Loss 0.130, Train_accy 95.56:  74%|███████▍  | 37/50 [02:45<01:17,  5.99s/it]
Task 1, Epoch 38/50 => Loss 0.130, Train_accy 95.56:  76%|███████▌  | 38/50 [02:45<01:10,  5.88s/it]
Task 1, Epoch 39/50 => Loss 0.139, Train_accy 95.66:  76%|███████▌  | 38/50 [02:51<01:10,  5.88s/it]
Task 1, Epoch 39/50 => Loss 0.139, Train_accy 95.66:  78%|███████▊  | 39/50 [02:51<01:03,  5.81s/it]
Task 1, Epoch 40/50 => Loss 0.143, Train_accy 94.92, Test_accy 92.29:  78%|███████▊  | 39/50 [03:00<01:03,  5.81s/it]
Task 1, Epoch 40/50 => Loss 0.143, Train_accy 94.92, Test_accy 92.29:  80%|████████  | 40/50 [03:00<01:06,  6.63s/it]
Task 1, Epoch 41/50 => Loss 0.118, Train_accy 96.08:  80%|████████  | 40/50 [03:05<01:06,  6.63s/it]                 
Task 1, Epoch 41/50 => Loss 0.118, Train_accy 96.08:  82%|████████▏ | 41/50 [03:05<00:56,  6.29s/it]
Task 1, Epoch 42/50 => Loss 0.109, Train_accy 96.72:  82%|████████▏ | 41/50 [03:11<00:56,  6.29s/it]
Task 1, Epoch 42/50 => Loss 0.109, Train_accy 96.72:  84%|████████▍ | 42/50 [03:11<00:48,  6.07s/it]
Task 1, Epoch 43/50 => Loss 0.094, Train_accy 97.35:  84%|████████▍ | 42/50 [03:16<00:48,  6.07s/it]
Task 1, Epoch 43/50 => Loss 0.094, Train_accy 97.35:  86%|████████▌ | 43/50 [03:16<00:41,  5.91s/it]
Task 1, Epoch 44/50 => Loss 0.110, Train_accy 96.83:  86%|████████▌ | 43/50 [03:22<00:41,  5.91s/it]
Task 1, Epoch 44/50 => Loss 0.110, Train_accy 96.83:  88%|████████▊ | 44/50 [03:22<00:35,  5.97s/it]
Task 1, Epoch 45/50 => Loss 0.086, Train_accy 97.57, Test_accy 92.73:  88%|████████▊ | 44/50 [03:31<00:35,  5.97s/it]
Task 1, Epoch 45/50 => Loss 0.086, Train_accy 97.57, Test_accy 92.73:  90%|█████████ | 45/50 [03:31<00:34,  6.80s/it]
Task 1, Epoch 46/50 => Loss 0.108, Train_accy 96.93:  90%|█████████ | 45/50 [03:37<00:34,  6.80s/it]                 
Task 1, Epoch 46/50 => Loss 0.108, Train_accy 96.93:  92%|█████████▏| 46/50 [03:37<00:25,  6.44s/it]
Task 1, Epoch 47/50 => Loss 0.110, Train_accy 96.40:  92%|█████████▏| 46/50 [03:42<00:25,  6.44s/it]
Task 1, Epoch 47/50 => Loss 0.110, Train_accy 96.40:  94%|█████████▍| 47/50 [03:42<00:18,  6.20s/it]
Task 1, Epoch 48/50 => Loss 0.096, Train_accy 97.04:  94%|█████████▍| 47/50 [03:48<00:18,  6.20s/it]
Task 1, Epoch 48/50 => Loss 0.096, Train_accy 97.04:  96%|█████████▌| 48/50 [03:48<00:12,  6.03s/it]
Task 1, Epoch 49/50 => Loss 0.113, Train_accy 96.83:  96%|█████████▌| 48/50 [03:54<00:12,  6.03s/it]
Task 1, Epoch 49/50 => Loss 0.113, Train_accy 96.83:  98%|█████████▊| 49/50 [03:54<00:05,  5.91s/it]
Task 1, Epoch 50/50 => Loss 0.104, Train_accy 96.61, Test_accy 92.51:  98%|█████████▊| 49/50 [04:02<00:05,  5.91s/it]
Task 1, Epoch 50/50 => Loss 0.104, Train_accy 96.61, Test_accy 92.51: 100%|██████████| 50/50 [04:02<00:00,  6.77s/it]
Task 1, Epoch 50/50 => Loss 0.104, Train_accy 96.61, Test_accy 92.51: 100%|██████████| 50/50 [04:02<00:00,  4.86s/it]
2025-07-07 21:41:12,655 [lae.py] => Task 1, Epoch 50/50 => Loss 0.104, Train_accy 96.61, Test_accy 92.51
Time for task 1: 242.88574957847595
2025-07-07 21:41:15,760 [trainer.py] => No NME accuracy.
2025-07-07 21:41:15,761 [trainer.py] => CNN: {'total': 92.51, '00-19': 95.95, '20-39': 88.41, 'old': 95.95, 'new': 88.41}
2025-07-07 21:41:15,761 [trainer.py] => CNN top1 curve: [97.57, 92.51]
2025-07-07 21:41:15,761 [trainer.py] => CNN top5 curve: [99.6, 99.34]

Average Accuracy (CNN): 95.04
2025-07-07 21:41:15,761 [trainer.py] => Average Accuracy (CNN): 95.04 

2025-07-07 21:41:15,764 [trainer.py] => All params: 86136636
2025-07-07 21:41:15,766 [trainer.py] => Trainable params: 184370
2025-07-07 21:41:15,769 [lae.py] => Learning on 40-60

  0%|          | 0/50 [00:00<?, ?it/s]
Task 2, Epoch 1/50 => Loss 4.689, Train_accy 6.47:   0%|          | 0/50 [00:05<?, ?it/s]
Task 2, Epoch 1/50 => Loss 4.689, Train_accy 6.47:   2%|▏         | 1/50 [00:05<04:08,  5.06s/it]
Task 2, Epoch 2/50 => Loss 2.436, Train_accy 36.59:   2%|▏         | 1/50 [00:08<04:08,  5.06s/it]
Task 2, Epoch 2/50 => Loss 2.436, Train_accy 36.59:   4%|▍         | 2/50 [00:08<03:09,  3.96s/it]
Task 2, Epoch 3/50 => Loss 1.351, Train_accy 62.46:   4%|▍         | 2/50 [00:11<03:09,  3.96s/it]
Task 2, Epoch 3/50 => Loss 1.351, Train_accy 62.46:   6%|▌         | 3/50 [00:11<02:57,  3.78s/it]
Task 2, Epoch 4/50 => Loss 0.737, Train_accy 77.52:   6%|▌         | 3/50 [00:15<02:57,  3.78s/it]
Task 2, Epoch 4/50 => Loss 0.737, Train_accy 77.52:   8%|▊         | 4/50 [00:15<02:44,  3.57s/it]
Task 2, Epoch 5/50 => Loss 0.605, Train_accy 82.50, Test_accy 80.36:   8%|▊         | 4/50 [00:22<02:44,  3.57s/it]
Task 2, Epoch 5/50 => Loss 0.605, Train_accy 82.50, Test_accy 80.36:  10%|█         | 5/50 [00:22<03:43,  4.97s/it]
Task 2, Epoch 6/50 => Loss 0.485, Train_accy 85.79:  10%|█         | 5/50 [00:25<03:43,  4.97s/it]                 
Task 2, Epoch 6/50 => Loss 0.485, Train_accy 85.79:  12%|█▏        | 6/50 [00:25<03:10,  4.32s/it]
Task 2, Epoch 7/50 => Loss 0.410, Train_accy 87.49:  12%|█▏        | 6/50 [00:28<03:10,  4.32s/it]
Task 2, Epoch 7/50 => Loss 0.410, Train_accy 87.49:  14%|█▍        | 7/50 [00:28<02:48,  3.93s/it]
Task 2, Epoch 8/50 => Loss 0.346, Train_accy 89.93:  14%|█▍        | 7/50 [00:31<02:48,  3.93s/it]
Task 2, Epoch 8/50 => Loss 0.346, Train_accy 89.93:  16%|█▌        | 8/50 [00:31<02:33,  3.65s/it]
Task 2, Epoch 9/50 => Loss 0.382, Train_accy 87.70:  16%|█▌        | 8/50 [00:34<02:33,  3.65s/it]
Task 2, Epoch 9/50 => Loss 0.382, Train_accy 87.70:  18%|█▊        | 9/50 [00:34<02:21,  3.45s/it]
Task 2, Epoch 10/50 => Loss 0.358, Train_accy 90.03, Test_accy 84.97:  18%|█▊        | 9/50 [00:41<02:21,  3.45s/it]
Task 2, Epoch 10/50 => Loss 0.358, Train_accy 90.03, Test_accy 84.97:  20%|██        | 10/50 [00:41<03:03,  4.58s/it]
Task 2, Epoch 11/50 => Loss 0.326, Train_accy 90.14:  20%|██        | 10/50 [00:44<03:03,  4.58s/it]                 
Task 2, Epoch 11/50 => Loss 0.326, Train_accy 90.14:  22%|██▏       | 11/50 [00:44<02:40,  4.12s/it]
Task 2, Epoch 12/50 => Loss 0.321, Train_accy 89.82:  22%|██▏       | 11/50 [00:48<02:40,  4.12s/it]
Task 2, Epoch 12/50 => Loss 0.321, Train_accy 89.82:  24%|██▍       | 12/50 [00:48<02:24,  3.81s/it]
Task 2, Epoch 13/50 => Loss 0.277, Train_accy 91.83:  24%|██▍       | 12/50 [00:51<02:24,  3.81s/it]
Task 2, Epoch 13/50 => Loss 0.277, Train_accy 91.83:  26%|██▌       | 13/50 [00:51<02:12,  3.58s/it]
Task 2, Epoch 14/50 => Loss 0.277, Train_accy 92.79:  26%|██▌       | 13/50 [00:54<02:12,  3.58s/it]
Task 2, Epoch 14/50 => Loss 0.277, Train_accy 92.79:  28%|██▊       | 14/50 [00:54<02:02,  3.41s/it]
Task 2, Epoch 15/50 => Loss 0.265, Train_accy 92.47, Test_accy 85.86:  28%|██▊       | 14/50 [01:01<02:02,  3.41s/it]
Task 2, Epoch 15/50 => Loss 0.265, Train_accy 92.47, Test_accy 85.86:  30%|███       | 15/50 [01:01<02:38,  4.53s/it]
Task 2, Epoch 16/50 => Loss 0.277, Train_accy 92.05:  30%|███       | 15/50 [01:04<02:38,  4.53s/it]                 
Task 2, Epoch 16/50 => Loss 0.277, Train_accy 92.05:  32%|███▏      | 16/50 [01:04<02:18,  4.08s/it]
Task 2, Epoch 17/50 => Loss 0.265, Train_accy 91.83:  32%|███▏      | 16/50 [01:07<02:18,  4.08s/it]
Task 2, Epoch 17/50 => Loss 0.265, Train_accy 91.83:  34%|███▍      | 17/50 [01:07<02:04,  3.76s/it]
Task 2, Epoch 18/50 => Loss 0.226, Train_accy 92.79:  34%|███▍      | 17/50 [01:10<02:04,  3.76s/it]
Task 2, Epoch 18/50 => Loss 0.226, Train_accy 92.79:  36%|███▌      | 18/50 [01:10<01:54,  3.57s/it]
Task 2, Epoch 19/50 => Loss 0.238, Train_accy 92.68:  36%|███▌      | 18/50 [01:13<01:54,  3.57s/it]
Task 2, Epoch 19/50 => Loss 0.238, Train_accy 92.68:  38%|███▊      | 19/50 [01:13<01:45,  3.41s/it]
Task 2, Epoch 20/50 => Loss 0.225, Train_accy 93.96, Test_accy 87.05:  38%|███▊      | 19/50 [01:20<01:45,  3.41s/it]
Task 2, Epoch 20/50 => Loss 0.225, Train_accy 93.96, Test_accy 87.05:  40%|████      | 20/50 [01:20<02:16,  4.54s/it]
Task 2, Epoch 21/50 => Loss 0.217, Train_accy 93.21:  40%|████      | 20/50 [01:23<02:16,  4.54s/it]                 
Task 2, Epoch 21/50 => Loss 0.217, Train_accy 93.21:  42%|████▏     | 21/50 [01:23<01:58,  4.08s/it]
Task 2, Epoch 22/50 => Loss 0.248, Train_accy 92.58:  42%|████▏     | 21/50 [01:26<01:58,  4.08s/it]
Task 2, Epoch 22/50 => Loss 0.248, Train_accy 92.58:  44%|████▍     | 22/50 [01:26<01:45,  3.77s/it]
Task 2, Epoch 23/50 => Loss 0.197, Train_accy 94.38:  44%|████▍     | 22/50 [01:29<01:45,  3.77s/it]
Task 2, Epoch 23/50 => Loss 0.197, Train_accy 94.38:  46%|████▌     | 23/50 [01:29<01:35,  3.55s/it]
Task 2, Epoch 24/50 => Loss 0.201, Train_accy 93.96:  46%|████▌     | 23/50 [01:32<01:35,  3.55s/it]
Task 2, Epoch 24/50 => Loss 0.201, Train_accy 93.96:  48%|████▊     | 24/50 [01:32<01:28,  3.39s/it]
Task 2, Epoch 25/50 => Loss 0.213, Train_accy 95.12, Test_accy 87.80:  48%|████▊     | 24/50 [01:39<01:28,  3.39s/it]
Task 2, Epoch 25/50 => Loss 0.213, Train_accy 95.12, Test_accy 87.80:  50%|█████     | 25/50 [01:39<01:52,  4.48s/it]
Task 2, Epoch 26/50 => Loss 0.217, Train_accy 94.06:  50%|█████     | 25/50 [01:42<01:52,  4.48s/it]                 
Task 2, Epoch 26/50 => Loss 0.217, Train_accy 94.06:  52%|█████▏    | 26/50 [01:42<01:37,  4.06s/it]
Task 2, Epoch 27/50 => Loss 0.181, Train_accy 94.49:  52%|█████▏    | 26/50 [01:45<01:37,  4.06s/it]
Task 2, Epoch 27/50 => Loss 0.181, Train_accy 94.49:  54%|█████▍    | 27/50 [01:45<01:26,  3.75s/it]
Task 2, Epoch 28/50 => Loss 0.230, Train_accy 93.64:  54%|█████▍    | 27/50 [01:48<01:26,  3.75s/it]
Task 2, Epoch 28/50 => Loss 0.230, Train_accy 93.64:  56%|█████▌    | 28/50 [01:48<01:17,  3.54s/it]
Task 2, Epoch 29/50 => Loss 0.181, Train_accy 94.27:  56%|█████▌    | 28/50 [01:51<01:17,  3.54s/it]
Task 2, Epoch 29/50 => Loss 0.181, Train_accy 94.27:  58%|█████▊    | 29/50 [01:51<01:11,  3.39s/it]
Task 2, Epoch 30/50 => Loss 0.199, Train_accy 94.70, Test_accy 88.24:  58%|█████▊    | 29/50 [01:59<01:11,  3.39s/it]
Task 2, Epoch 30/50 => Loss 0.199, Train_accy 94.70, Test_accy 88.24:  60%|██████    | 30/50 [01:59<01:30,  4.54s/it]
Task 2, Epoch 31/50 => Loss 0.193, Train_accy 94.70:  60%|██████    | 30/50 [02:04<01:30,  4.54s/it]                 
Task 2, Epoch 31/50 => Loss 0.193, Train_accy 94.70:  62%|██████▏   | 31/50 [02:04<01:31,  4.84s/it]
Task 2, Epoch 32/50 => Loss 0.175, Train_accy 95.12:  62%|██████▏   | 31/50 [02:10<01:31,  4.84s/it]
Task 2, Epoch 32/50 => Loss 0.175, Train_accy 95.12:  64%|██████▍   | 32/50 [02:10<01:31,  5.06s/it]
Task 2, Epoch 33/50 => Loss 0.219, Train_accy 93.43:  64%|██████▍   | 32/50 [02:15<01:31,  5.06s/it]
Task 2, Epoch 33/50 => Loss 0.219, Train_accy 93.43:  66%|██████▌   | 33/50 [02:15<01:28,  5.21s/it]
Task 2, Epoch 34/50 => Loss 0.203, Train_accy 93.74:  66%|██████▌   | 33/50 [02:21<01:28,  5.21s/it]
Task 2, Epoch 34/50 => Loss 0.203, Train_accy 93.74:  68%|██████▊   | 34/50 [02:21<01:24,  5.31s/it]
Task 2, Epoch 35/50 => Loss 0.182, Train_accy 94.70, Test_accy 88.39:  68%|██████▊   | 34/50 [02:31<01:24,  5.31s/it]
Task 2, Epoch 35/50 => Loss 0.182, Train_accy 94.70, Test_accy 88.39:  70%|███████   | 35/50 [02:31<01:38,  6.60s/it]
Task 2, Epoch 36/50 => Loss 0.202, Train_accy 93.64:  70%|███████   | 35/50 [02:36<01:38,  6.60s/it]                 
Task 2, Epoch 36/50 => Loss 0.202, Train_accy 93.64:  72%|███████▏  | 36/50 [02:36<01:28,  6.29s/it]
Task 2, Epoch 37/50 => Loss 0.156, Train_accy 95.55:  72%|███████▏  | 36/50 [02:42<01:28,  6.29s/it]
Task 2, Epoch 37/50 => Loss 0.156, Train_accy 95.55:  74%|███████▍  | 37/50 [02:42<01:19,  6.12s/it]
Task 2, Epoch 38/50 => Loss 0.152, Train_accy 95.55:  74%|███████▍  | 37/50 [02:47<01:19,  6.12s/it]
Task 2, Epoch 38/50 => Loss 0.152, Train_accy 95.55:  76%|███████▌  | 38/50 [02:47<01:11,  5.96s/it]
Task 2, Epoch 39/50 => Loss 0.142, Train_accy 95.55:  76%|███████▌  | 38/50 [02:53<01:11,  5.96s/it]
Task 2, Epoch 39/50 => Loss 0.142, Train_accy 95.55:  78%|███████▊  | 39/50 [02:53<01:04,  5.86s/it]
Task 2, Epoch 40/50 => Loss 0.149, Train_accy 95.55, Test_accy 89.14:  78%|███████▊  | 39/50 [03:03<01:04,  5.86s/it]
Task 2, Epoch 40/50 => Loss 0.149, Train_accy 95.55, Test_accy 89.14:  80%|████████  | 40/50 [03:03<01:09,  7.00s/it]
Task 2, Epoch 41/50 => Loss 0.146, Train_accy 95.33:  80%|████████  | 40/50 [03:08<01:09,  7.00s/it]                 
Task 2, Epoch 41/50 => Loss 0.146, Train_accy 95.33:  82%|████████▏ | 41/50 [03:08<00:59,  6.59s/it]
Task 2, Epoch 42/50 => Loss 0.202, Train_accy 93.74:  82%|████████▏ | 41/50 [03:14<00:59,  6.59s/it]
Task 2, Epoch 42/50 => Loss 0.202, Train_accy 93.74:  84%|████████▍ | 42/50 [03:14<00:50,  6.29s/it]
Task 2, Epoch 43/50 => Loss 0.163, Train_accy 95.55:  84%|████████▍ | 42/50 [03:20<00:50,  6.29s/it]
Task 2, Epoch 43/50 => Loss 0.163, Train_accy 95.55:  86%|████████▌ | 43/50 [03:20<00:42,  6.09s/it]
Task 2, Epoch 44/50 => Loss 0.116, Train_accy 96.08:  86%|████████▌ | 43/50 [03:25<00:42,  6.09s/it]
Task 2, Epoch 44/50 => Loss 0.116, Train_accy 96.08:  88%|████████▊ | 44/50 [03:25<00:36,  6.03s/it]
Task 2, Epoch 45/50 => Loss 0.146, Train_accy 95.65, Test_accy 88.84:  88%|████████▊ | 44/50 [03:35<00:36,  6.03s/it]
Task 2, Epoch 45/50 => Loss 0.146, Train_accy 95.65, Test_accy 88.84:  90%|█████████ | 45/50 [03:35<00:35,  7.10s/it]
Task 2, Epoch 46/50 => Loss 0.125, Train_accy 95.86:  90%|█████████ | 45/50 [03:41<00:35,  7.10s/it]                 
Task 2, Epoch 46/50 => Loss 0.125, Train_accy 95.86:  92%|█████████▏| 46/50 [03:41<00:26,  6.67s/it]
Task 2, Epoch 47/50 => Loss 0.126, Train_accy 96.50:  92%|█████████▏| 46/50 [03:46<00:26,  6.67s/it]
Task 2, Epoch 47/50 => Loss 0.126, Train_accy 96.50:  94%|█████████▍| 47/50 [03:46<00:19,  6.35s/it]
Task 2, Epoch 48/50 => Loss 0.153, Train_accy 95.65:  94%|█████████▍| 47/50 [03:52<00:19,  6.35s/it]
Task 2, Epoch 48/50 => Loss 0.153, Train_accy 95.65:  96%|█████████▌| 48/50 [03:52<00:12,  6.13s/it]
Task 2, Epoch 49/50 => Loss 0.145, Train_accy 95.55:  96%|█████████▌| 48/50 [03:58<00:12,  6.13s/it]
Task 2, Epoch 49/50 => Loss 0.145, Train_accy 95.55:  98%|█████████▊| 49/50 [03:58<00:05,  5.99s/it]
Task 2, Epoch 50/50 => Loss 0.138, Train_accy 95.55, Test_accy 89.14:  98%|█████████▊| 49/50 [04:07<00:05,  5.99s/it]
Task 2, Epoch 50/50 => Loss 0.138, Train_accy 95.55, Test_accy 89.14: 100%|██████████| 50/50 [04:07<00:00,  7.11s/it]
Task 2, Epoch 50/50 => Loss 0.138, Train_accy 95.55, Test_accy 89.14: 100%|██████████| 50/50 [04:07<00:00,  4.96s/it]
2025-07-07 21:45:23,551 [lae.py] => Task 2, Epoch 50/50 => Loss 0.138, Train_accy 95.55, Test_accy 89.14
Time for task 2: 247.78598737716675
2025-07-07 21:45:27,668 [trainer.py] => No NME accuracy.
2025-07-07 21:45:27,669 [trainer.py] => CNN: {'total': 89.14, '00-19': 94.33, '20-39': 85.02, '40-59': 87.16, 'old': 90.09, 'new': 87.16}
2025-07-07 21:45:27,669 [trainer.py] => CNN top1 curve: [97.57, 92.51, 89.14]
2025-07-07 21:45:27,669 [trainer.py] => CNN top5 curve: [99.6, 99.34, 98.51]

Average Accuracy (CNN): 93.07
2025-07-07 21:45:27,669 [trainer.py] => Average Accuracy (CNN): 93.07 

2025-07-07 21:45:27,670 [trainer.py] => All params: 86152016
2025-07-07 21:45:27,670 [trainer.py] => Trainable params: 199750
2025-07-07 21:45:27,672 [lae.py] => Learning on 60-80

  0%|          | 0/50 [00:00<?, ?it/s]
Task 3, Epoch 1/50 => Loss 4.687, Train_accy 7.29:   0%|          | 0/50 [00:04<?, ?it/s]
Task 3, Epoch 1/50 => Loss 4.687, Train_accy 7.29:   2%|▏         | 1/50 [00:04<03:19,  4.07s/it]
Task 3, Epoch 2/50 => Loss 2.228, Train_accy 39.64:   2%|▏         | 1/50 [00:07<03:19,  4.07s/it]
Task 3, Epoch 2/50 => Loss 2.228, Train_accy 39.64:   4%|▍         | 2/50 [00:07<02:51,  3.57s/it]
Task 3, Epoch 3/50 => Loss 1.151, Train_accy 68.82:   4%|▍         | 2/50 [00:10<02:51,  3.57s/it]
Task 3, Epoch 3/50 => Loss 1.151, Train_accy 68.82:   6%|▌         | 3/50 [00:10<02:40,  3.41s/it]
Task 3, Epoch 4/50 => Loss 0.653, Train_accy 82.56:   6%|▌         | 3/50 [00:13<02:40,  3.41s/it]
Task 3, Epoch 4/50 => Loss 0.653, Train_accy 82.56:   8%|▊         | 4/50 [00:13<02:34,  3.35s/it]
Task 3, Epoch 5/50 => Loss 0.485, Train_accy 85.31, Test_accy 74.65:   8%|▊         | 4/50 [00:22<02:34,  3.35s/it]
Task 3, Epoch 5/50 => Loss 0.485, Train_accy 85.31, Test_accy 74.65:  10%|█         | 5/50 [00:22<03:56,  5.24s/it]
Task 3, Epoch 6/50 => Loss 0.348, Train_accy 89.85:  10%|█         | 5/50 [00:25<03:56,  5.24s/it]                 
Task 3, Epoch 6/50 => Loss 0.348, Train_accy 89.85:  12%|█▏        | 6/50 [00:25<03:22,  4.60s/it]
Task 3, Epoch 7/50 => Loss 0.332, Train_accy 90.80:  12%|█▏        | 6/50 [00:28<03:22,  4.60s/it]
Task 3, Epoch 7/50 => Loss 0.332, Train_accy 90.80:  14%|█▍        | 7/50 [00:28<02:58,  4.15s/it]
Task 3, Epoch 8/50 => Loss 0.333, Train_accy 90.17:  14%|█▍        | 7/50 [00:32<02:58,  4.15s/it]
Task 3, Epoch 8/50 => Loss 0.333, Train_accy 90.17:  16%|█▌        | 8/50 [00:32<02:42,  3.87s/it]
Task 3, Epoch 9/50 => Loss 0.308, Train_accy 91.01:  16%|█▌        | 8/50 [00:35<02:42,  3.87s/it]
Task 3, Epoch 9/50 => Loss 0.308, Train_accy 91.01:  18%|█▊        | 9/50 [00:35<02:30,  3.68s/it]
Task 3, Epoch 10/50 => Loss 0.280, Train_accy 92.07, Test_accy 78.56:  18%|█▊        | 9/50 [00:44<02:30,  3.68s/it]
Task 3, Epoch 10/50 => Loss 0.280, Train_accy 92.07, Test_accy 78.56:  20%|██        | 10/50 [00:44<03:28,  5.22s/it]
Task 3, Epoch 11/50 => Loss 0.250, Train_accy 92.71:  20%|██        | 10/50 [00:47<03:28,  5.22s/it]                 
Task 3, Epoch 11/50 => Loss 0.250, Train_accy 92.71:  22%|██▏       | 11/50 [00:47<02:58,  4.58s/it]
Task 3, Epoch 12/50 => Loss 0.274, Train_accy 92.07:  22%|██▏       | 11/50 [00:50<02:58,  4.58s/it]
Task 3, Epoch 12/50 => Loss 0.274, Train_accy 92.07:  24%|██▍       | 12/50 [00:50<02:36,  4.12s/it]
Task 3, Epoch 13/50 => Loss 0.235, Train_accy 92.28:  24%|██▍       | 12/50 [00:53<02:36,  4.12s/it]
Task 3, Epoch 13/50 => Loss 0.235, Train_accy 92.28:  26%|██▌       | 13/50 [00:53<02:21,  3.81s/it]
Task 3, Epoch 14/50 => Loss 0.221, Train_accy 93.76:  26%|██▌       | 13/50 [00:56<02:21,  3.81s/it]
Task 3, Epoch 14/50 => Loss 0.221, Train_accy 93.76:  28%|██▊       | 14/50 [00:56<02:09,  3.60s/it]
Task 3, Epoch 15/50 => Loss 0.227, Train_accy 92.39, Test_accy 80.52:  28%|██▊       | 14/50 [01:05<02:09,  3.60s/it]
Task 3, Epoch 15/50 => Loss 0.227, Train_accy 92.39, Test_accy 80.52:  30%|███       | 15/50 [01:05<02:57,  5.07s/it]
Task 3, Epoch 16/50 => Loss 0.228, Train_accy 91.65:  30%|███       | 15/50 [01:08<02:57,  5.07s/it]                 
Task 3, Epoch 16/50 => Loss 0.228, Train_accy 91.65:  32%|███▏      | 16/50 [01:08<02:32,  4.49s/it]
Task 3, Epoch 17/50 => Loss 0.190, Train_accy 94.19:  32%|███▏      | 16/50 [01:11<02:32,  4.49s/it]
Task 3, Epoch 17/50 => Loss 0.190, Train_accy 94.19:  34%|███▍      | 17/50 [01:11<02:14,  4.09s/it]
Task 3, Epoch 18/50 => Loss 0.205, Train_accy 93.23:  34%|███▍      | 17/50 [01:14<02:14,  4.09s/it]
Task 3, Epoch 18/50 => Loss 0.205, Train_accy 93.23:  36%|███▌      | 18/50 [01:14<02:01,  3.79s/it]
Task 3, Epoch 19/50 => Loss 0.205, Train_accy 93.76:  36%|███▌      | 18/50 [01:17<02:01,  3.79s/it]
Task 3, Epoch 19/50 => Loss 0.205, Train_accy 93.76:  38%|███▊      | 19/50 [01:17<01:51,  3.59s/it]
Task 3, Epoch 20/50 => Loss 0.208, Train_accy 93.45, Test_accy 81.50:  38%|███▊      | 19/50 [01:26<01:51,  3.59s/it]
Task 3, Epoch 20/50 => Loss 0.208, Train_accy 93.45, Test_accy 81.50:  40%|████      | 20/50 [01:26<02:32,  5.09s/it]
Task 3, Epoch 21/50 => Loss 0.208, Train_accy 93.87:  40%|████      | 20/50 [01:29<02:32,  5.09s/it]                 
Task 3, Epoch 21/50 => Loss 0.208, Train_accy 93.87:  42%|████▏     | 21/50 [01:29<02:11,  4.52s/it]
Task 3, Epoch 22/50 => Loss 0.211, Train_accy 93.23:  42%|████▏     | 21/50 [01:32<02:11,  4.52s/it]
Task 3, Epoch 22/50 => Loss 0.211, Train_accy 93.23:  44%|████▍     | 22/50 [01:32<01:56,  4.15s/it]
Task 3, Epoch 23/50 => Loss 0.209, Train_accy 93.23:  44%|████▍     | 22/50 [01:35<01:56,  4.15s/it]
Task 3, Epoch 23/50 => Loss 0.209, Train_accy 93.23:  46%|████▌     | 23/50 [01:35<01:43,  3.84s/it]
Task 3, Epoch 24/50 => Loss 0.173, Train_accy 94.82:  46%|████▌     | 23/50 [01:38<01:43,  3.84s/it]
Task 3, Epoch 24/50 => Loss 0.173, Train_accy 94.82:  48%|████▊     | 24/50 [01:38<01:34,  3.62s/it]
Task 3, Epoch 25/50 => Loss 0.164, Train_accy 94.61, Test_accy 82.26:  48%|████▊     | 24/50 [01:47<01:34,  3.62s/it]
Task 3, Epoch 25/50 => Loss 0.164, Train_accy 94.61, Test_accy 82.26:  50%|█████     | 25/50 [01:47<02:09,  5.19s/it]
Task 3, Epoch 26/50 => Loss 0.187, Train_accy 94.82:  50%|█████     | 25/50 [01:51<02:09,  5.19s/it]                 
Task 3, Epoch 26/50 => Loss 0.187, Train_accy 94.82:  52%|█████▏    | 26/50 [01:51<01:51,  4.63s/it]
Task 3, Epoch 27/50 => Loss 0.150, Train_accy 94.40:  52%|█████▏    | 26/50 [01:54<01:51,  4.63s/it]
Task 3, Epoch 27/50 => Loss 0.150, Train_accy 94.40:  54%|█████▍    | 27/50 [01:54<01:35,  4.16s/it]
Task 3, Epoch 28/50 => Loss 0.174, Train_accy 94.40:  54%|█████▍    | 27/50 [01:57<01:35,  4.16s/it]
Task 3, Epoch 28/50 => Loss 0.174, Train_accy 94.40:  56%|█████▌    | 28/50 [01:57<01:24,  3.82s/it]
Task 3, Epoch 29/50 => Loss 0.176, Train_accy 94.08:  56%|█████▌    | 28/50 [02:00<01:24,  3.82s/it]
Task 3, Epoch 29/50 => Loss 0.176, Train_accy 94.08:  58%|█████▊    | 29/50 [02:00<01:15,  3.59s/it]
Task 3, Epoch 30/50 => Loss 0.152, Train_accy 95.56, Test_accy 82.59:  58%|█████▊    | 29/50 [02:08<01:15,  3.59s/it]
Task 3, Epoch 30/50 => Loss 0.152, Train_accy 95.56, Test_accy 82.59:  60%|██████    | 30/50 [02:08<01:40,  5.00s/it]
Task 3, Epoch 31/50 => Loss 0.158, Train_accy 94.93:  60%|██████    | 30/50 [02:14<01:40,  5.00s/it]                 
Task 3, Epoch 31/50 => Loss 0.158, Train_accy 94.93:  62%|██████▏   | 31/50 [02:14<01:38,  5.18s/it]
Task 3, Epoch 32/50 => Loss 0.144, Train_accy 95.67:  62%|██████▏   | 31/50 [02:19<01:38,  5.18s/it]
Task 3, Epoch 32/50 => Loss 0.144, Train_accy 95.67:  64%|██████▍   | 32/50 [02:19<01:35,  5.30s/it]
Task 3, Epoch 33/50 => Loss 0.131, Train_accy 95.35:  64%|██████▍   | 32/50 [02:25<01:35,  5.30s/it]
Task 3, Epoch 33/50 => Loss 0.131, Train_accy 95.35:  66%|██████▌   | 33/50 [02:25<01:31,  5.39s/it]
Task 3, Epoch 34/50 => Loss 0.185, Train_accy 95.03:  66%|██████▌   | 33/50 [02:30<01:31,  5.39s/it]
Task 3, Epoch 34/50 => Loss 0.185, Train_accy 95.03:  68%|██████▊   | 34/50 [02:30<01:27,  5.46s/it]
Task 3, Epoch 35/50 => Loss 0.194, Train_accy 94.29, Test_accy 82.81:  68%|██████▊   | 34/50 [02:41<01:27,  5.46s/it]
Task 3, Epoch 35/50 => Loss 0.194, Train_accy 94.29, Test_accy 82.81:  70%|███████   | 35/50 [02:41<01:46,  7.09s/it]
Task 3, Epoch 36/50 => Loss 0.129, Train_accy 96.51:  70%|███████   | 35/50 [02:47<01:46,  7.09s/it]                 
Task 3, Epoch 36/50 => Loss 0.129, Train_accy 96.51:  72%|███████▏  | 36/50 [02:47<01:33,  6.65s/it]
Task 3, Epoch 37/50 => Loss 0.153, Train_accy 94.93:  72%|███████▏  | 36/50 [02:53<01:33,  6.65s/it]
Task 3, Epoch 37/50 => Loss 0.153, Train_accy 94.93:  74%|███████▍  | 37/50 [02:53<01:22,  6.38s/it]
Task 3, Epoch 38/50 => Loss 0.138, Train_accy 95.88:  74%|███████▍  | 37/50 [02:58<01:22,  6.38s/it]
Task 3, Epoch 38/50 => Loss 0.138, Train_accy 95.88:  76%|███████▌  | 38/50 [02:58<01:14,  6.17s/it]
Task 3, Epoch 39/50 => Loss 0.139, Train_accy 95.14:  76%|███████▌  | 38/50 [03:04<01:14,  6.17s/it]
Task 3, Epoch 39/50 => Loss 0.139, Train_accy 95.14:  78%|███████▊  | 39/50 [03:04<01:05,  5.99s/it]
Task 3, Epoch 40/50 => Loss 0.120, Train_accy 95.77, Test_accy 82.59:  78%|███████▊  | 39/50 [03:15<01:05,  5.99s/it]
Task 3, Epoch 40/50 => Loss 0.120, Train_accy 95.77, Test_accy 82.59:  80%|████████  | 40/50 [03:15<01:15,  7.52s/it]
Task 3, Epoch 41/50 => Loss 0.130, Train_accy 95.98:  80%|████████  | 40/50 [03:21<01:15,  7.52s/it]                 
Task 3, Epoch 41/50 => Loss 0.130, Train_accy 95.98:  82%|████████▏ | 41/50 [03:21<01:02,  6.95s/it]
Task 3, Epoch 42/50 => Loss 0.181, Train_accy 94.08:  82%|████████▏ | 41/50 [03:26<01:02,  6.95s/it]
Task 3, Epoch 42/50 => Loss 0.181, Train_accy 94.08:  84%|████████▍ | 42/50 [03:26<00:52,  6.56s/it]
Task 3, Epoch 43/50 => Loss 0.144, Train_accy 95.67:  84%|████████▍ | 42/50 [03:32<00:52,  6.56s/it]
Task 3, Epoch 43/50 => Loss 0.144, Train_accy 95.67:  86%|████████▌ | 43/50 [03:32<00:43,  6.28s/it]
Task 3, Epoch 44/50 => Loss 0.136, Train_accy 95.67:  86%|████████▌ | 43/50 [03:38<00:43,  6.28s/it]
Task 3, Epoch 44/50 => Loss 0.136, Train_accy 95.67:  88%|████████▊ | 44/50 [03:38<00:36,  6.09s/it]
Task 3, Epoch 45/50 => Loss 0.149, Train_accy 95.45, Test_accy 83.03:  88%|████████▊ | 44/50 [03:48<00:36,  6.09s/it]
Task 3, Epoch 45/50 => Loss 0.149, Train_accy 95.45, Test_accy 83.03:  90%|█████████ | 45/50 [03:48<00:37,  7.51s/it]
Task 3, Epoch 46/50 => Loss 0.105, Train_accy 96.83:  90%|█████████ | 45/50 [03:54<00:37,  7.51s/it]                 
Task 3, Epoch 46/50 => Loss 0.105, Train_accy 96.83:  92%|█████████▏| 46/50 [03:54<00:27,  6.94s/it]
Task 3, Epoch 47/50 => Loss 0.129, Train_accy 95.98:  92%|█████████▏| 46/50 [04:00<00:27,  6.94s/it]
Task 3, Epoch 47/50 => Loss 0.129, Train_accy 95.98:  94%|█████████▍| 47/50 [04:00<00:19,  6.54s/it]
Task 3, Epoch 48/50 => Loss 0.127, Train_accy 95.77:  94%|█████████▍| 47/50 [04:05<00:19,  6.54s/it]
Task 3, Epoch 48/50 => Loss 0.127, Train_accy 95.77:  96%|█████████▌| 48/50 [04:05<00:12,  6.28s/it]
Task 3, Epoch 49/50 => Loss 0.126, Train_accy 96.19:  96%|█████████▌| 48/50 [04:11<00:12,  6.28s/it]
Task 3, Epoch 49/50 => Loss 0.126, Train_accy 96.19:  98%|█████████▊| 49/50 [04:11<00:06,  6.06s/it]
Task 3, Epoch 50/50 => Loss 0.114, Train_accy 96.51, Test_accy 83.57:  98%|█████████▊| 49/50 [04:22<00:06,  6.06s/it]
Task 3, Epoch 50/50 => Loss 0.114, Train_accy 96.51, Test_accy 83.57: 100%|██████████| 50/50 [04:22<00:00,  7.49s/it]
Task 3, Epoch 50/50 => Loss 0.114, Train_accy 96.51, Test_accy 83.57: 100%|██████████| 50/50 [04:22<00:00,  5.24s/it]
2025-07-07 21:49:49,777 [lae.py] => Task 3, Epoch 50/50 => Loss 0.114, Train_accy 96.51, Test_accy 83.57
Time for task 3: 262.1075670719147
2025-07-07 21:49:55,017 [trainer.py] => No NME accuracy.
2025-07-07 21:49:55,017 [trainer.py] => CNN: {'total': 83.57, '00-19': 92.71, '20-39': 83.09, '40-59': 85.32, '60-79': 73.28, 'old': 87.35, 'new': 73.28}
2025-07-07 21:49:55,017 [trainer.py] => CNN top1 curve: [97.57, 92.51, 89.14, 83.57]
2025-07-07 21:49:55,017 [trainer.py] => CNN top5 curve: [99.6, 99.34, 98.51, 98.48]

Average Accuracy (CNN): 90.7
2025-07-07 21:49:55,017 [trainer.py] => Average Accuracy (CNN): 90.7 

2025-07-07 21:49:55,018 [trainer.py] => All params: 86167396
2025-07-07 21:49:55,018 [trainer.py] => Trainable params: 215130
2025-07-07 21:49:55,020 [lae.py] => Learning on 80-100

  0%|          | 0/50 [00:00<?, ?it/s]
Task 4, Epoch 1/50 => Loss 4.839, Train_accy 8.32:   0%|          | 0/50 [00:03<?, ?it/s]
Task 4, Epoch 1/50 => Loss 4.839, Train_accy 8.32:   2%|▏         | 1/50 [00:03<03:02,  3.72s/it]
Task 4, Epoch 2/50 => Loss 2.444, Train_accy 38.62:   2%|▏         | 1/50 [00:06<03:02,  3.72s/it]
Task 4, Epoch 2/50 => Loss 2.444, Train_accy 38.62:   4%|▍         | 2/50 [00:06<02:38,  3.29s/it]
Task 4, Epoch 3/50 => Loss 1.271, Train_accy 64.66:   4%|▍         | 2/50 [00:09<02:38,  3.29s/it]
Task 4, Epoch 3/50 => Loss 1.271, Train_accy 64.66:   6%|▌         | 3/50 [00:09<02:27,  3.14s/it]
Task 4, Epoch 4/50 => Loss 0.832, Train_accy 77.68:   6%|▌         | 3/50 [00:12<02:27,  3.14s/it]
Task 4, Epoch 4/50 => Loss 0.832, Train_accy 77.68:   8%|▊         | 4/50 [00:12<02:20,  3.06s/it]
Task 4, Epoch 5/50 => Loss 0.519, Train_accy 86.87, Test_accy 70.88:   8%|▊         | 4/50 [00:22<02:20,  3.06s/it]
Task 4, Epoch 5/50 => Loss 0.519, Train_accy 86.87, Test_accy 70.88:  10%|█         | 5/50 [00:22<04:03,  5.41s/it]
Task 4, Epoch 6/50 => Loss 0.525, Train_accy 85.78:  10%|█         | 5/50 [00:25<04:03,  5.41s/it]                 
Task 4, Epoch 6/50 => Loss 0.525, Train_accy 85.78:  12%|█▏        | 6/50 [00:25<03:21,  4.58s/it]
Task 4, Epoch 7/50 => Loss 0.375, Train_accy 90.15:  12%|█▏        | 6/50 [00:28<03:21,  4.58s/it]
Task 4, Epoch 7/50 => Loss 0.375, Train_accy 90.15:  14%|█▍        | 7/50 [00:28<02:54,  4.05s/it]
Task 4, Epoch 8/50 => Loss 0.448, Train_accy 87.75:  14%|█▍        | 7/50 [00:31<02:54,  4.05s/it]
Task 4, Epoch 8/50 => Loss 0.448, Train_accy 87.75:  16%|█▌        | 8/50 [00:31<02:37,  3.75s/it]
Task 4, Epoch 9/50 => Loss 0.385, Train_accy 87.86:  16%|█▌        | 8/50 [00:34<02:37,  3.75s/it]
Task 4, Epoch 9/50 => Loss 0.385, Train_accy 87.86:  18%|█▊        | 9/50 [00:34<02:23,  3.50s/it]
Task 4, Epoch 10/50 => Loss 0.330, Train_accy 89.06, Test_accy 74.41:  18%|█▊        | 9/50 [00:43<02:23,  3.50s/it]
Task 4, Epoch 10/50 => Loss 0.330, Train_accy 89.06, Test_accy 74.41:  20%|██        | 10/50 [00:43<03:37,  5.44s/it]
Task 4, Epoch 11/50 => Loss 0.347, Train_accy 89.28:  20%|██        | 10/50 [00:47<03:37,  5.44s/it]                 
Task 4, Epoch 11/50 => Loss 0.347, Train_accy 89.28:  22%|██▏       | 11/50 [00:47<03:04,  4.72s/it]
Task 4, Epoch 12/50 => Loss 0.278, Train_accy 92.12:  22%|██▏       | 11/50 [00:50<03:04,  4.72s/it]
Task 4, Epoch 12/50 => Loss 0.278, Train_accy 92.12:  24%|██▍       | 12/50 [00:50<02:40,  4.22s/it]
Task 4, Epoch 13/50 => Loss 0.240, Train_accy 92.01:  24%|██▍       | 12/50 [00:53<02:40,  4.22s/it]
Task 4, Epoch 13/50 => Loss 0.240, Train_accy 92.01:  26%|██▌       | 13/50 [00:53<02:23,  3.89s/it]
Task 4, Epoch 14/50 => Loss 0.315, Train_accy 89.61:  26%|██▌       | 13/50 [00:56<02:23,  3.89s/it]
Task 4, Epoch 14/50 => Loss 0.315, Train_accy 89.61:  28%|██▊       | 14/50 [00:56<02:11,  3.66s/it]
Task 4, Epoch 15/50 => Loss 0.311, Train_accy 91.90, Test_accy 75.84:  28%|██▊       | 14/50 [01:06<02:11,  3.66s/it]
Task 4, Epoch 15/50 => Loss 0.311, Train_accy 91.90, Test_accy 75.84:  30%|███       | 15/50 [01:06<03:13,  5.52s/it]
Task 4, Epoch 16/50 => Loss 0.218, Train_accy 92.12:  30%|███       | 15/50 [01:09<03:13,  5.52s/it]                 
Task 4, Epoch 16/50 => Loss 0.218, Train_accy 92.12:  32%|███▏      | 16/50 [01:09<02:42,  4.77s/it]
Task 4, Epoch 17/50 => Loss 0.280, Train_accy 92.89:  32%|███▏      | 16/50 [01:12<02:42,  4.77s/it]
Task 4, Epoch 17/50 => Loss 0.280, Train_accy 92.89:  34%|███▍      | 17/50 [01:12<02:21,  4.29s/it]
Task 4, Epoch 18/50 => Loss 0.228, Train_accy 92.56:  34%|███▍      | 17/50 [01:15<02:21,  4.29s/it]
Task 4, Epoch 18/50 => Loss 0.228, Train_accy 92.56:  36%|███▌      | 18/50 [01:15<02:06,  3.94s/it]
Task 4, Epoch 19/50 => Loss 0.294, Train_accy 93.00:  36%|███▌      | 18/50 [01:18<02:06,  3.94s/it]
Task 4, Epoch 19/50 => Loss 0.294, Train_accy 93.00:  38%|███▊      | 19/50 [01:18<01:53,  3.67s/it]
Task 4, Epoch 20/50 => Loss 0.207, Train_accy 92.89, Test_accy 76.52:  38%|███▊      | 19/50 [01:28<01:53,  3.67s/it]
Task 4, Epoch 20/50 => Loss 0.207, Train_accy 92.89, Test_accy 76.52:  40%|████      | 20/50 [01:28<02:44,  5.49s/it]
Task 4, Epoch 21/50 => Loss 0.208, Train_accy 93.98:  40%|████      | 20/50 [01:31<02:44,  5.49s/it]                 
Task 4, Epoch 21/50 => Loss 0.208, Train_accy 93.98:  42%|████▏     | 21/50 [01:31<02:18,  4.76s/it]
Task 4, Epoch 22/50 => Loss 0.161, Train_accy 94.09:  42%|████▏     | 21/50 [01:34<02:18,  4.76s/it]
Task 4, Epoch 22/50 => Loss 0.161, Train_accy 94.09:  44%|████▍     | 22/50 [01:34<01:59,  4.26s/it]
Task 4, Epoch 23/50 => Loss 0.238, Train_accy 93.87:  44%|████▍     | 22/50 [01:37<01:59,  4.26s/it]
Task 4, Epoch 23/50 => Loss 0.238, Train_accy 93.87:  46%|████▌     | 23/50 [01:37<01:45,  3.90s/it]
Task 4, Epoch 24/50 => Loss 0.202, Train_accy 93.44:  46%|████▌     | 23/50 [01:40<01:45,  3.90s/it]
Task 4, Epoch 24/50 => Loss 0.202, Train_accy 93.44:  48%|████▊     | 24/50 [01:40<01:35,  3.67s/it]
Task 4, Epoch 25/50 => Loss 0.184, Train_accy 93.98, Test_accy 76.77:  48%|████▊     | 24/50 [01:50<01:35,  3.67s/it]
Task 4, Epoch 25/50 => Loss 0.184, Train_accy 93.98, Test_accy 76.77:  50%|█████     | 25/50 [01:50<02:18,  5.53s/it]
Task 4, Epoch 26/50 => Loss 0.206, Train_accy 93.22:  50%|█████     | 25/50 [01:53<02:18,  5.53s/it]                 
Task 4, Epoch 26/50 => Loss 0.206, Train_accy 93.22:  52%|█████▏    | 26/50 [01:53<01:55,  4.80s/it]
Task 4, Epoch 27/50 => Loss 0.212, Train_accy 93.22:  52%|█████▏    | 26/50 [01:56<01:55,  4.80s/it]
Task 4, Epoch 27/50 => Loss 0.212, Train_accy 93.22:  54%|█████▍    | 27/50 [01:56<01:38,  4.30s/it]
Task 4, Epoch 28/50 => Loss 0.188, Train_accy 93.76:  54%|█████▍    | 27/50 [01:59<01:38,  4.30s/it]
Task 4, Epoch 28/50 => Loss 0.188, Train_accy 93.76:  56%|█████▌    | 28/50 [01:59<01:25,  3.91s/it]
Task 4, Epoch 29/50 => Loss 0.166, Train_accy 94.64:  56%|█████▌    | 28/50 [02:02<01:25,  3.91s/it]
Task 4, Epoch 29/50 => Loss 0.166, Train_accy 94.64:  58%|█████▊    | 29/50 [02:02<01:17,  3.70s/it]
Task 4, Epoch 30/50 => Loss 0.140, Train_accy 95.30, Test_accy 77.44:  58%|█████▊    | 29/50 [02:12<01:17,  3.70s/it]
Task 4, Epoch 30/50 => Loss 0.140, Train_accy 95.30, Test_accy 77.44:  60%|██████    | 30/50 [02:12<01:50,  5.52s/it]
Task 4, Epoch 31/50 => Loss 0.194, Train_accy 93.00:  60%|██████    | 30/50 [02:18<01:50,  5.52s/it]                 
Task 4, Epoch 31/50 => Loss 0.194, Train_accy 93.00:  62%|██████▏   | 31/50 [02:18<01:44,  5.50s/it]
Task 4, Epoch 32/50 => Loss 0.157, Train_accy 94.64:  62%|██████▏   | 31/50 [02:23<01:44,  5.50s/it]
Task 4, Epoch 32/50 => Loss 0.157, Train_accy 94.64:  64%|██████▍   | 32/50 [02:23<01:39,  5.53s/it]
Task 4, Epoch 33/50 => Loss 0.175, Train_accy 94.64:  64%|██████▍   | 32/50 [02:29<01:39,  5.53s/it]
Task 4, Epoch 33/50 => Loss 0.175, Train_accy 94.64:  66%|██████▌   | 33/50 [02:29<01:33,  5.52s/it]
Task 4, Epoch 34/50 => Loss 0.190, Train_accy 93.65:  66%|██████▌   | 33/50 [02:34<01:33,  5.52s/it]
Task 4, Epoch 34/50 => Loss 0.190, Train_accy 93.65:  68%|██████▊   | 34/50 [02:34<01:28,  5.51s/it]
Task 4, Epoch 35/50 => Loss 0.199, Train_accy 93.87, Test_accy 77.95:  68%|██████▊   | 34/50 [02:47<01:28,  5.51s/it]
Task 4, Epoch 35/50 => Loss 0.199, Train_accy 93.87, Test_accy 77.95:  70%|███████   | 35/50 [02:47<01:53,  7.56s/it]
Task 4, Epoch 36/50 => Loss 0.175, Train_accy 94.20:  70%|███████   | 35/50 [02:52<01:53,  7.56s/it]                 
Task 4, Epoch 36/50 => Loss 0.175, Train_accy 94.20:  72%|███████▏  | 36/50 [02:52<01:36,  6.92s/it]
Task 4, Epoch 37/50 => Loss 0.160, Train_accy 94.97:  72%|███████▏  | 36/50 [02:58<01:36,  6.92s/it]
Task 4, Epoch 37/50 => Loss 0.160, Train_accy 94.97:  74%|███████▍  | 37/50 [02:58<01:25,  6.55s/it]
Task 4, Epoch 38/50 => Loss 0.157, Train_accy 94.75:  74%|███████▍  | 37/50 [03:03<01:25,  6.55s/it]
Task 4, Epoch 38/50 => Loss 0.157, Train_accy 94.75:  76%|███████▌  | 38/50 [03:03<01:14,  6.23s/it]
Task 4, Epoch 39/50 => Loss 0.155, Train_accy 94.86:  76%|███████▌  | 38/50 [03:09<01:14,  6.23s/it]
Task 4, Epoch 39/50 => Loss 0.155, Train_accy 94.86:  78%|███████▊  | 39/50 [03:09<01:05,  5.98s/it]
Task 4, Epoch 40/50 => Loss 0.166, Train_accy 95.62, Test_accy 78.62:  78%|███████▊  | 39/50 [03:21<01:05,  5.98s/it]
Task 4, Epoch 40/50 => Loss 0.166, Train_accy 95.62, Test_accy 78.62:  80%|████████  | 40/50 [03:21<01:17,  7.78s/it]
Task 4, Epoch 41/50 => Loss 0.194, Train_accy 93.65:  80%|████████  | 40/50 [03:26<01:17,  7.78s/it]                 
Task 4, Epoch 41/50 => Loss 0.194, Train_accy 93.65:  82%|████████▏ | 41/50 [03:26<01:03,  7.09s/it]
Task 4, Epoch 42/50 => Loss 0.186, Train_accy 94.53:  82%|████████▏ | 41/50 [03:32<01:03,  7.09s/it]
Task 4, Epoch 42/50 => Loss 0.186, Train_accy 94.53:  84%|████████▍ | 42/50 [03:32<00:52,  6.60s/it]
Task 4, Epoch 43/50 => Loss 0.169, Train_accy 95.51:  84%|████████▍ | 42/50 [03:37<00:52,  6.60s/it]
Task 4, Epoch 43/50 => Loss 0.169, Train_accy 95.51:  86%|████████▌ | 43/50 [03:37<00:43,  6.24s/it]
Task 4, Epoch 44/50 => Loss 0.156, Train_accy 94.75:  86%|████████▌ | 43/50 [03:42<00:43,  6.24s/it]
Task 4, Epoch 44/50 => Loss 0.156, Train_accy 94.75:  88%|████████▊ | 44/50 [03:42<00:35,  5.99s/it]
Task 4, Epoch 45/50 => Loss 0.128, Train_accy 95.84, Test_accy 80.13:  88%|████████▊ | 44/50 [03:54<00:35,  5.99s/it]
Task 4, Epoch 45/50 => Loss 0.128, Train_accy 95.84, Test_accy 80.13:  90%|█████████ | 45/50 [03:54<00:38,  7.78s/it]
Task 4, Epoch 46/50 => Loss 0.137, Train_accy 95.73:  90%|█████████ | 45/50 [04:00<00:38,  7.78s/it]                 
Task 4, Epoch 46/50 => Loss 0.137, Train_accy 95.73:  92%|█████████▏| 46/50 [04:00<00:28,  7.05s/it]
Task 4, Epoch 47/50 => Loss 0.143, Train_accy 95.30:  92%|█████████▏| 46/50 [04:05<00:28,  7.05s/it]
Task 4, Epoch 47/50 => Loss 0.143, Train_accy 95.30:  94%|█████████▍| 47/50 [04:05<00:19,  6.56s/it]
Task 4, Epoch 48/50 => Loss 0.186, Train_accy 95.19:  94%|█████████▍| 47/50 [04:11<00:19,  6.56s/it]
Task 4, Epoch 48/50 => Loss 0.186, Train_accy 95.19:  96%|█████████▌| 48/50 [04:11<00:12,  6.23s/it]
Task 4, Epoch 49/50 => Loss 0.143, Train_accy 95.08:  96%|█████████▌| 48/50 [04:16<00:12,  6.23s/it]
Task 4, Epoch 49/50 => Loss 0.143, Train_accy 95.08:  98%|█████████▊| 49/50 [04:16<00:05,  5.98s/it]
Task 4, Epoch 50/50 => Loss 0.181, Train_accy 95.51, Test_accy 79.97:  98%|█████████▊| 49/50 [04:28<00:05,  5.98s/it]
Task 4, Epoch 50/50 => Loss 0.181, Train_accy 95.51, Test_accy 79.97: 100%|██████████| 50/50 [04:28<00:00,  7.78s/it]
Task 4, Epoch 50/50 => Loss 0.181, Train_accy 95.51, Test_accy 79.97: 100%|██████████| 50/50 [04:28<00:00,  5.37s/it]
2025-07-07 21:54:23,410 [lae.py] => Task 4, Epoch 50/50 => Loss 0.181, Train_accy 95.51, Test_accy 79.97
Time for task 4: 268.39222145080566
2025-07-07 21:54:30,024 [trainer.py] => No NME accuracy.
2025-07-07 21:54:30,025 [trainer.py] => CNN: {'total': 79.97, '00-19': 91.5, '20-39': 82.61, '40-59': 84.4, '60-79': 72.87, '80-99': 70.26, 'old': 82.81, 'new': 70.26}
2025-07-07 21:54:30,025 [trainer.py] => CNN top1 curve: [97.57, 92.51, 89.14, 83.57, 79.97]
2025-07-07 21:54:30,025 [trainer.py] => CNN top5 curve: [99.6, 99.34, 98.51, 98.48, 98.15]

Average Accuracy (CNN): 88.55
2025-07-07 21:54:30,025 [trainer.py] => Average Accuracy (CNN): 88.55 

2025-07-07 21:54:30,026 [trainer.py] => All params: 86182776
2025-07-07 21:54:30,026 [trainer.py] => Trainable params: 230510
2025-07-07 21:54:30,027 [lae.py] => Learning on 100-120

  0%|          | 0/50 [00:00<?, ?it/s]
Task 5, Epoch 1/50 => Loss 4.543, Train_accy 11.13:   0%|          | 0/50 [00:04<?, ?it/s]
Task 5, Epoch 1/50 => Loss 4.543, Train_accy 11.13:   2%|▏         | 1/50 [00:04<03:17,  4.03s/it]
Task 5, Epoch 2/50 => Loss 2.242, Train_accy 43.28:   2%|▏         | 1/50 [00:07<03:17,  4.03s/it]
Task 5, Epoch 2/50 => Loss 2.242, Train_accy 43.28:   4%|▍         | 2/50 [00:07<02:46,  3.47s/it]
Task 5, Epoch 3/50 => Loss 1.105, Train_accy 68.38:   4%|▍         | 2/50 [00:10<02:46,  3.47s/it]
Task 5, Epoch 3/50 => Loss 1.105, Train_accy 68.38:   6%|▌         | 3/50 [00:10<02:34,  3.29s/it]
Task 5, Epoch 4/50 => Loss 0.636, Train_accy 82.67:   6%|▌         | 3/50 [00:13<02:34,  3.29s/it]
Task 5, Epoch 4/50 => Loss 0.636, Train_accy 82.67:   8%|▊         | 4/50 [00:13<02:27,  3.20s/it]
Task 5, Epoch 5/50 => Loss 0.383, Train_accy 88.55, Test_accy 71.26:   8%|▊         | 4/50 [00:23<02:27,  3.20s/it]
Task 5, Epoch 5/50 => Loss 0.383, Train_accy 88.55, Test_accy 71.26:  10%|█         | 5/50 [00:23<04:25,  5.89s/it]
Task 5, Epoch 6/50 => Loss 0.369, Train_accy 90.13:  10%|█         | 5/50 [00:27<04:25,  5.89s/it]                 
Task 5, Epoch 6/50 => Loss 0.369, Train_accy 90.13:  12%|█▏        | 6/50 [00:27<03:40,  5.01s/it]
Task 5, Epoch 7/50 => Loss 0.296, Train_accy 92.23:  12%|█▏        | 6/50 [00:30<03:40,  5.01s/it]
Task 5, Epoch 7/50 => Loss 0.296, Train_accy 92.23:  14%|█▍        | 7/50 [00:30<03:10,  4.43s/it]
Task 5, Epoch 8/50 => Loss 0.321, Train_accy 91.49:  14%|█▍        | 7/50 [00:33<03:10,  4.43s/it]
Task 5, Epoch 8/50 => Loss 0.321, Train_accy 91.49:  16%|█▌        | 8/50 [00:33<02:48,  4.00s/it]
Task 5, Epoch 9/50 => Loss 0.271, Train_accy 92.54:  16%|█▌        | 8/50 [00:36<02:48,  4.00s/it]
Task 5, Epoch 9/50 => Loss 0.271, Train_accy 92.54:  18%|█▊        | 9/50 [00:36<02:31,  3.71s/it]
Task 5, Epoch 10/50 => Loss 0.245, Train_accy 92.86, Test_accy 73.66:  18%|█▊        | 9/50 [00:47<02:31,  3.71s/it]
Task 5, Epoch 10/50 => Loss 0.245, Train_accy 92.86, Test_accy 73.66:  20%|██        | 10/50 [00:47<03:58,  5.97s/it]
Task 5, Epoch 11/50 => Loss 0.281, Train_accy 92.86:  20%|██        | 10/50 [00:50<03:58,  5.97s/it]                 
Task 5, Epoch 11/50 => Loss 0.281, Train_accy 92.86:  22%|██▏       | 11/50 [00:50<03:17,  5.08s/it]
Task 5, Epoch 12/50 => Loss 0.230, Train_accy 92.96:  22%|██▏       | 11/50 [00:53<03:17,  5.08s/it]
Task 5, Epoch 12/50 => Loss 0.230, Train_accy 92.96:  24%|██▍       | 12/50 [00:53<02:49,  4.47s/it]
Task 5, Epoch 13/50 => Loss 0.202, Train_accy 93.28:  24%|██▍       | 12/50 [00:56<02:49,  4.47s/it]
Task 5, Epoch 13/50 => Loss 0.202, Train_accy 93.28:  26%|██▌       | 13/50 [00:56<02:29,  4.05s/it]
Task 5, Epoch 14/50 => Loss 0.249, Train_accy 92.44:  26%|██▌       | 13/50 [00:59<02:29,  4.05s/it]
Task 5, Epoch 14/50 => Loss 0.249, Train_accy 92.44:  28%|██▊       | 14/50 [00:59<02:14,  3.74s/it]
Task 5, Epoch 15/50 => Loss 0.195, Train_accy 95.17, Test_accy 74.36:  28%|██▊       | 14/50 [01:10<02:14,  3.74s/it]
Task 5, Epoch 15/50 => Loss 0.195, Train_accy 95.17, Test_accy 74.36:  30%|███       | 15/50 [01:10<03:24,  5.85s/it]
Task 5, Epoch 16/50 => Loss 0.206, Train_accy 94.64:  30%|███       | 15/50 [01:13<03:24,  5.85s/it]                 
Task 5, Epoch 16/50 => Loss 0.206, Train_accy 94.64:  32%|███▏      | 16/50 [01:13<02:50,  5.02s/it]
Task 5, Epoch 17/50 => Loss 0.163, Train_accy 95.90:  32%|███▏      | 16/50 [01:16<02:50,  5.02s/it]
Task 5, Epoch 17/50 => Loss 0.163, Train_accy 95.90:  34%|███▍      | 17/50 [01:16<02:25,  4.42s/it]
Task 5, Epoch 18/50 => Loss 0.131, Train_accy 95.59:  34%|███▍      | 17/50 [01:19<02:25,  4.42s/it]
Task 5, Epoch 18/50 => Loss 0.131, Train_accy 95.59:  36%|███▌      | 18/50 [01:19<02:08,  4.01s/it]
Task 5, Epoch 19/50 => Loss 0.229, Train_accy 93.49:  36%|███▌      | 18/50 [01:22<02:08,  4.01s/it]
Task 5, Epoch 19/50 => Loss 0.229, Train_accy 93.49:  38%|███▊      | 19/50 [01:22<01:55,  3.72s/it]
Task 5, Epoch 20/50 => Loss 0.174, Train_accy 94.85, Test_accy 74.72:  38%|███▊      | 19/50 [01:33<01:55,  3.72s/it]
Task 5, Epoch 20/50 => Loss 0.174, Train_accy 94.85, Test_accy 74.72:  40%|████      | 20/50 [01:33<02:55,  5.84s/it]
Task 5, Epoch 21/50 => Loss 0.178, Train_accy 95.27:  40%|████      | 20/50 [01:37<02:55,  5.84s/it]                 
Task 5, Epoch 21/50 => Loss 0.178, Train_accy 95.27:  42%|████▏     | 21/50 [01:37<02:28,  5.11s/it]
Task 5, Epoch 22/50 => Loss 0.152, Train_accy 95.48:  42%|████▏     | 21/50 [01:40<02:28,  5.11s/it]
Task 5, Epoch 22/50 => Loss 0.152, Train_accy 95.48:  44%|████▍     | 22/50 [01:40<02:07,  4.55s/it]
Task 5, Epoch 23/50 => Loss 0.155, Train_accy 95.38:  44%|████▍     | 22/50 [01:43<02:07,  4.55s/it]
Task 5, Epoch 23/50 => Loss 0.155, Train_accy 95.38:  46%|████▌     | 23/50 [01:43<01:54,  4.24s/it]
Task 5, Epoch 24/50 => Loss 0.141, Train_accy 96.01:  46%|████▌     | 23/50 [01:47<01:54,  4.24s/it]
Task 5, Epoch 24/50 => Loss 0.141, Train_accy 96.01:  48%|████▊     | 24/50 [01:47<01:44,  4.03s/it]
Task 5, Epoch 25/50 => Loss 0.151, Train_accy 95.48, Test_accy 74.93:  48%|████▊     | 24/50 [01:58<01:44,  4.03s/it]
Task 5, Epoch 25/50 => Loss 0.151, Train_accy 95.48, Test_accy 74.93:  50%|█████     | 25/50 [01:58<02:31,  6.07s/it]
Task 5, Epoch 26/50 => Loss 0.169, Train_accy 94.33:  50%|█████     | 25/50 [02:01<02:31,  6.07s/it]                 
Task 5, Epoch 26/50 => Loss 0.169, Train_accy 94.33:  52%|█████▏    | 26/50 [02:01<02:05,  5.22s/it]
Task 5, Epoch 27/50 => Loss 0.156, Train_accy 95.59:  52%|█████▏    | 26/50 [02:04<02:05,  5.22s/it]
Task 5, Epoch 27/50 => Loss 0.156, Train_accy 95.59:  54%|█████▍    | 27/50 [02:04<01:46,  4.61s/it]
Task 5, Epoch 28/50 => Loss 0.171, Train_accy 94.75:  54%|█████▍    | 27/50 [02:07<01:46,  4.61s/it]
Task 5, Epoch 28/50 => Loss 0.171, Train_accy 94.75:  56%|█████▌    | 28/50 [02:07<01:31,  4.18s/it]
Task 5, Epoch 29/50 => Loss 0.160, Train_accy 94.75:  56%|█████▌    | 28/50 [02:10<01:31,  4.18s/it]
Task 5, Epoch 29/50 => Loss 0.160, Train_accy 94.75:  58%|█████▊    | 29/50 [02:10<01:21,  3.86s/it]
Task 5, Epoch 30/50 => Loss 0.149, Train_accy 95.17, Test_accy 75.14:  58%|█████▊    | 29/50 [02:21<01:21,  3.86s/it]
Task 5, Epoch 30/50 => Loss 0.149, Train_accy 95.17, Test_accy 75.14:  60%|██████    | 30/50 [02:21<01:59,  5.95s/it]
Task 5, Epoch 31/50 => Loss 0.148, Train_accy 95.90:  60%|██████    | 30/50 [02:27<01:59,  5.95s/it]                 
Task 5, Epoch 31/50 => Loss 0.148, Train_accy 95.90:  62%|██████▏   | 31/50 [02:27<01:52,  5.94s/it]
Task 5, Epoch 32/50 => Loss 0.124, Train_accy 96.01:  62%|██████▏   | 31/50 [02:33<01:52,  5.94s/it]
Task 5, Epoch 32/50 => Loss 0.124, Train_accy 96.01:  64%|██████▍   | 32/50 [02:33<01:45,  5.86s/it]
Task 5, Epoch 33/50 => Loss 0.119, Train_accy 96.32:  64%|██████▍   | 32/50 [02:38<01:45,  5.86s/it]
Task 5, Epoch 33/50 => Loss 0.119, Train_accy 96.32:  66%|██████▌   | 33/50 [02:38<01:38,  5.79s/it]
Task 5, Epoch 34/50 => Loss 0.158, Train_accy 94.33:  66%|██████▌   | 33/50 [02:44<01:38,  5.79s/it]
Task 5, Epoch 34/50 => Loss 0.158, Train_accy 94.33:  68%|██████▊   | 34/50 [02:44<01:31,  5.75s/it]
Task 5, Epoch 35/50 => Loss 0.139, Train_accy 96.11, Test_accy 76.34:  68%|██████▊   | 34/50 [02:58<01:31,  5.75s/it]
Task 5, Epoch 35/50 => Loss 0.139, Train_accy 96.11, Test_accy 76.34:  70%|███████   | 35/50 [02:58<02:01,  8.09s/it]
Task 5, Epoch 36/50 => Loss 0.116, Train_accy 96.32:  70%|███████   | 35/50 [03:03<02:01,  8.09s/it]                 
Task 5, Epoch 36/50 => Loss 0.116, Train_accy 96.32:  72%|███████▏  | 36/50 [03:03<01:43,  7.37s/it]
Task 5, Epoch 37/50 => Loss 0.112, Train_accy 96.22:  72%|███████▏  | 36/50 [03:09<01:43,  7.37s/it]
Task 5, Epoch 37/50 => Loss 0.112, Train_accy 96.22:  74%|███████▍  | 37/50 [03:09<01:29,  6.87s/it]
Task 5, Epoch 38/50 => Loss 0.123, Train_accy 95.48:  74%|███████▍  | 37/50 [03:15<01:29,  6.87s/it]
Task 5, Epoch 38/50 => Loss 0.123, Train_accy 95.48:  76%|███████▌  | 38/50 [03:15<01:18,  6.51s/it]
Task 5, Epoch 39/50 => Loss 0.141, Train_accy 96.43:  76%|███████▌  | 38/50 [03:20<01:18,  6.51s/it]
Task 5, Epoch 39/50 => Loss 0.141, Train_accy 96.43:  78%|███████▊  | 39/50 [03:20<01:08,  6.24s/it]
Task 5, Epoch 40/50 => Loss 0.155, Train_accy 95.06, Test_accy 76.27:  78%|███████▊  | 39/50 [03:34<01:08,  6.24s/it]
Task 5, Epoch 40/50 => Loss 0.155, Train_accy 95.06, Test_accy 76.27:  80%|████████  | 40/50 [03:34<01:24,  8.41s/it]
Task 5, Epoch 41/50 => Loss 0.164, Train_accy 95.90:  80%|████████  | 40/50 [03:39<01:24,  8.41s/it]                 
Task 5, Epoch 41/50 => Loss 0.164, Train_accy 95.90:  82%|████████▏ | 41/50 [03:39<01:08,  7.58s/it]
Task 5, Epoch 42/50 => Loss 0.100, Train_accy 96.85:  82%|████████▏ | 41/50 [03:45<01:08,  7.58s/it]
Task 5, Epoch 42/50 => Loss 0.100, Train_accy 96.85:  84%|████████▍ | 42/50 [03:45<00:56,  7.02s/it]
Task 5, Epoch 43/50 => Loss 0.127, Train_accy 95.59:  84%|████████▍ | 42/50 [03:51<00:56,  7.02s/it]
Task 5, Epoch 43/50 => Loss 0.127, Train_accy 95.59:  86%|████████▌ | 43/50 [03:51<00:46,  6.65s/it]
Task 5, Epoch 44/50 => Loss 0.130, Train_accy 96.01:  86%|████████▌ | 43/50 [03:57<00:46,  6.65s/it]
Task 5, Epoch 44/50 => Loss 0.130, Train_accy 96.01:  88%|████████▊ | 44/50 [03:57<00:38,  6.43s/it]
Task 5, Epoch 45/50 => Loss 0.105, Train_accy 97.06, Test_accy 76.62:  88%|████████▊ | 44/50 [04:10<00:38,  6.43s/it]
Task 5, Epoch 45/50 => Loss 0.105, Train_accy 97.06, Test_accy 76.62:  90%|█████████ | 45/50 [04:10<00:43,  8.60s/it]
Task 5, Epoch 46/50 => Loss 0.133, Train_accy 96.22:  90%|█████████ | 45/50 [04:16<00:43,  8.60s/it]                 
Task 5, Epoch 46/50 => Loss 0.133, Train_accy 96.22:  92%|█████████▏| 46/50 [04:16<00:30,  7.71s/it]
Task 5, Epoch 47/50 => Loss 0.083, Train_accy 97.48:  92%|█████████▏| 46/50 [04:22<00:30,  7.71s/it]
Task 5, Epoch 47/50 => Loss 0.083, Train_accy 97.48:  94%|█████████▍| 47/50 [04:22<00:21,  7.07s/it]
Task 5, Epoch 48/50 => Loss 0.087, Train_accy 97.06:  94%|█████████▍| 47/50 [04:27<00:21,  7.07s/it]
Task 5, Epoch 48/50 => Loss 0.087, Train_accy 97.06:  96%|█████████▌| 48/50 [04:27<00:13,  6.62s/it]
Task 5, Epoch 49/50 => Loss 0.108, Train_accy 96.22:  96%|█████████▌| 48/50 [04:33<00:13,  6.62s/it]
Task 5, Epoch 49/50 => Loss 0.108, Train_accy 96.22:  98%|█████████▊| 49/50 [04:33<00:06,  6.32s/it]
Task 5, Epoch 50/50 => Loss 0.082, Train_accy 97.48, Test_accy 76.13:  98%|█████████▊| 49/50 [04:46<00:06,  6.32s/it]
Task 5, Epoch 50/50 => Loss 0.082, Train_accy 97.48, Test_accy 76.13: 100%|██████████| 50/50 [04:46<00:00,  8.40s/it]
Task 5, Epoch 50/50 => Loss 0.082, Train_accy 97.48, Test_accy 76.13: 100%|██████████| 50/50 [04:46<00:00,  5.73s/it]
2025-07-07 21:59:16,662 [lae.py] => Task 5, Epoch 50/50 => Loss 0.082, Train_accy 97.48, Test_accy 76.13
Time for task 5: 286.63611936569214
2025-07-07 21:59:24,364 [trainer.py] => No NME accuracy.
2025-07-07 21:59:24,364 [trainer.py] => CNN: {'total': 76.13, '00-19': 92.71, '20-39': 83.09, '40-59': 82.11, '60-79': 65.99, '80-99': 67.66, '100-119': 67.11, 'old': 77.86, 'new': 67.11}
2025-07-07 21:59:24,364 [trainer.py] => CNN top1 curve: [97.57, 92.51, 89.14, 83.57, 79.97, 76.13]
2025-07-07 21:59:24,364 [trainer.py] => CNN top5 curve: [99.6, 99.34, 98.51, 98.48, 98.15, 98.09]

Average Accuracy (CNN): 86.48
2025-07-07 21:59:24,364 [trainer.py] => Average Accuracy (CNN): 86.48 

2025-07-07 21:59:24,365 [trainer.py] => All params: 86198156
2025-07-07 21:59:24,365 [trainer.py] => Trainable params: 245890
2025-07-07 21:59:24,371 [lae.py] => Learning on 120-140

  0%|          | 0/50 [00:00<?, ?it/s]
Task 6, Epoch 1/50 => Loss 4.622, Train_accy 12.05:   0%|          | 0/50 [00:04<?, ?it/s]
Task 6, Epoch 1/50 => Loss 4.622, Train_accy 12.05:   2%|▏         | 1/50 [00:04<03:18,  4.05s/it]
Task 6, Epoch 2/50 => Loss 2.352, Train_accy 37.32:   2%|▏         | 1/50 [00:07<03:18,  4.05s/it]
Task 6, Epoch 2/50 => Loss 2.352, Train_accy 37.32:   4%|▍         | 2/50 [00:07<02:53,  3.61s/it]
Task 6, Epoch 3/50 => Loss 1.188, Train_accy 63.21:   4%|▍         | 2/50 [00:10<02:53,  3.61s/it]
Task 6, Epoch 3/50 => Loss 1.188, Train_accy 63.21:   6%|▌         | 3/50 [00:10<02:39,  3.40s/it]
Task 6, Epoch 4/50 => Loss 0.786, Train_accy 74.21:   6%|▌         | 3/50 [00:13<02:39,  3.40s/it]
Task 6, Epoch 4/50 => Loss 0.786, Train_accy 74.21:   8%|▊         | 4/50 [00:13<02:31,  3.29s/it]
Task 6, Epoch 5/50 => Loss 0.603, Train_accy 79.25, Test_accy 69.17:   8%|▊         | 4/50 [00:25<02:31,  3.29s/it]
Task 6, Epoch 5/50 => Loss 0.603, Train_accy 79.25, Test_accy 69.17:  10%|█         | 5/50 [00:25<04:47,  6.38s/it]
Task 6, Epoch 6/50 => Loss 0.585, Train_accy 81.03:  10%|█         | 5/50 [00:28<04:47,  6.38s/it]                 
Task 6, Epoch 6/50 => Loss 0.585, Train_accy 81.03:  12%|█▏        | 6/50 [00:28<03:51,  5.26s/it]
Task 6, Epoch 7/50 => Loss 0.552, Train_accy 82.08:  12%|█▏        | 6/50 [00:31<03:51,  5.26s/it]
Task 6, Epoch 7/50 => Loss 0.552, Train_accy 82.08:  14%|█▍        | 7/50 [00:31<03:15,  4.56s/it]
Task 6, Epoch 8/50 => Loss 0.428, Train_accy 86.06:  14%|█▍        | 7/50 [00:34<03:15,  4.56s/it]
Task 6, Epoch 8/50 => Loss 0.428, Train_accy 86.06:  16%|█▌        | 8/50 [00:34<02:53,  4.14s/it]
Task 6, Epoch 9/50 => Loss 0.449, Train_accy 86.16:  16%|█▌        | 8/50 [00:38<02:53,  4.14s/it]
Task 6, Epoch 9/50 => Loss 0.449, Train_accy 86.16:  18%|█▊        | 9/50 [00:38<02:38,  3.86s/it]
Task 6, Epoch 10/50 => Loss 0.423, Train_accy 85.95, Test_accy 70.69:  18%|█▊        | 9/50 [00:50<02:38,  3.86s/it]
Task 6, Epoch 10/50 => Loss 0.423, Train_accy 85.95, Test_accy 70.69:  20%|██        | 10/50 [00:50<04:12,  6.32s/it]
Task 6, Epoch 11/50 => Loss 0.373, Train_accy 87.63:  20%|██        | 10/50 [00:53<04:12,  6.32s/it]                 
Task 6, Epoch 11/50 => Loss 0.373, Train_accy 87.63:  22%|██▏       | 11/50 [00:53<03:27,  5.33s/it]
Task 6, Epoch 12/50 => Loss 0.364, Train_accy 87.74:  22%|██▏       | 11/50 [00:56<03:27,  5.33s/it]
Task 6, Epoch 12/50 => Loss 0.364, Train_accy 87.74:  24%|██▍       | 12/50 [00:56<02:56,  4.65s/it]
Task 6, Epoch 13/50 => Loss 0.408, Train_accy 86.58:  24%|██▍       | 12/50 [00:59<02:56,  4.65s/it]
Task 6, Epoch 13/50 => Loss 0.408, Train_accy 86.58:  26%|██▌       | 13/50 [00:59<02:34,  4.18s/it]
Task 6, Epoch 14/50 => Loss 0.398, Train_accy 88.68:  26%|██▌       | 13/50 [01:02<02:34,  4.18s/it]
Task 6, Epoch 14/50 => Loss 0.398, Train_accy 88.68:  28%|██▊       | 14/50 [01:02<02:18,  3.84s/it]
Task 6, Epoch 15/50 => Loss 0.344, Train_accy 87.63, Test_accy 71.54:  28%|██▊       | 14/50 [01:14<02:18,  3.84s/it]
Task 6, Epoch 15/50 => Loss 0.344, Train_accy 87.63, Test_accy 71.54:  30%|███       | 15/50 [01:14<03:38,  6.25s/it]
Task 6, Epoch 16/50 => Loss 0.328, Train_accy 89.62:  30%|███       | 15/50 [01:17<03:38,  6.25s/it]                 
Task 6, Epoch 16/50 => Loss 0.328, Train_accy 89.62:  32%|███▏      | 16/50 [01:17<02:59,  5.29s/it]
Task 6, Epoch 17/50 => Loss 0.271, Train_accy 90.78:  32%|███▏      | 16/50 [01:20<02:59,  5.29s/it]
Task 6, Epoch 17/50 => Loss 0.271, Train_accy 90.78:  34%|███▍      | 17/50 [01:20<02:32,  4.62s/it]
Task 6, Epoch 18/50 => Loss 0.285, Train_accy 89.83:  34%|███▍      | 17/50 [01:23<02:32,  4.62s/it]
Task 6, Epoch 18/50 => Loss 0.285, Train_accy 89.83:  36%|███▌      | 18/50 [01:23<02:12,  4.14s/it]
Task 6, Epoch 19/50 => Loss 0.298, Train_accy 90.15:  36%|███▌      | 18/50 [01:26<02:12,  4.14s/it]
Task 6, Epoch 19/50 => Loss 0.298, Train_accy 90.15:  38%|███▊      | 19/50 [01:26<01:58,  3.82s/it]
Task 6, Epoch 20/50 => Loss 0.254, Train_accy 90.46, Test_accy 72.03:  38%|███▊      | 19/50 [01:38<01:58,  3.82s/it]
Task 6, Epoch 20/50 => Loss 0.254, Train_accy 90.46, Test_accy 72.03:  40%|████      | 20/50 [01:38<03:07,  6.24s/it]
Task 6, Epoch 21/50 => Loss 0.290, Train_accy 91.19:  40%|████      | 20/50 [01:41<03:07,  6.24s/it]                 
Task 6, Epoch 21/50 => Loss 0.290, Train_accy 91.19:  42%|████▏     | 21/50 [01:41<02:33,  5.31s/it]
Task 6, Epoch 22/50 => Loss 0.271, Train_accy 91.19:  42%|████▏     | 21/50 [01:44<02:33,  5.31s/it]
Task 6, Epoch 22/50 => Loss 0.271, Train_accy 91.19:  44%|████▍     | 22/50 [01:44<02:09,  4.64s/it]
Task 6, Epoch 23/50 => Loss 0.259, Train_accy 91.30:  44%|████▍     | 22/50 [01:47<02:09,  4.64s/it]
Task 6, Epoch 23/50 => Loss 0.259, Train_accy 91.30:  46%|████▌     | 23/50 [01:47<01:52,  4.16s/it]
Task 6, Epoch 24/50 => Loss 0.266, Train_accy 91.30:  46%|████▌     | 23/50 [01:50<01:52,  4.16s/it]
Task 6, Epoch 24/50 => Loss 0.266, Train_accy 91.30:  48%|████▊     | 24/50 [01:50<01:40,  3.85s/it]
Task 6, Epoch 25/50 => Loss 0.264, Train_accy 90.99, Test_accy 72.46:  48%|████▊     | 24/50 [02:02<01:40,  3.85s/it]
Task 6, Epoch 25/50 => Loss 0.264, Train_accy 90.99, Test_accy 72.46:  50%|█████     | 25/50 [02:02<02:36,  6.25s/it]
Task 6, Epoch 26/50 => Loss 0.274, Train_accy 91.40:  50%|█████     | 25/50 [02:05<02:36,  6.25s/it]                 
Task 6, Epoch 26/50 => Loss 0.274, Train_accy 91.40:  52%|█████▏    | 26/50 [02:05<02:07,  5.30s/it]
Task 6, Epoch 27/50 => Loss 0.227, Train_accy 92.45:  52%|█████▏    | 26/50 [02:08<02:07,  5.30s/it]
Task 6, Epoch 27/50 => Loss 0.227, Train_accy 92.45:  54%|█████▍    | 27/50 [02:08<01:46,  4.64s/it]
Task 6, Epoch 28/50 => Loss 0.226, Train_accy 92.24:  54%|█████▍    | 27/50 [02:11<01:46,  4.64s/it]
Task 6, Epoch 28/50 => Loss 0.226, Train_accy 92.24:  56%|█████▌    | 28/50 [02:11<01:31,  4.17s/it]
Task 6, Epoch 29/50 => Loss 0.272, Train_accy 91.19:  56%|█████▌    | 28/50 [02:14<01:31,  4.17s/it]
Task 6, Epoch 29/50 => Loss 0.272, Train_accy 91.19:  58%|█████▊    | 29/50 [02:14<01:20,  3.85s/it]
Task 6, Epoch 30/50 => Loss 0.214, Train_accy 93.82, Test_accy 72.70:  58%|█████▊    | 29/50 [02:26<01:20,  3.85s/it]
Task 6, Epoch 30/50 => Loss 0.214, Train_accy 93.82, Test_accy 72.70:  60%|██████    | 30/50 [02:26<02:04,  6.23s/it]
Task 6, Epoch 31/50 => Loss 0.223, Train_accy 92.35:  60%|██████    | 30/50 [02:32<02:04,  6.23s/it]                 
Task 6, Epoch 31/50 => Loss 0.223, Train_accy 92.35:  62%|██████▏   | 31/50 [02:32<01:55,  6.05s/it]
Task 6, Epoch 32/50 => Loss 0.221, Train_accy 92.98:  62%|██████▏   | 31/50 [02:38<01:55,  6.05s/it]
Task 6, Epoch 32/50 => Loss 0.221, Train_accy 92.98:  64%|██████▍   | 32/50 [02:38<01:48,  6.01s/it]
Task 6, Epoch 33/50 => Loss 0.188, Train_accy 94.23:  64%|██████▍   | 32/50 [02:43<01:48,  6.01s/it]
Task 6, Epoch 33/50 => Loss 0.188, Train_accy 94.23:  66%|██████▌   | 33/50 [02:43<01:40,  5.90s/it]
Task 6, Epoch 34/50 => Loss 0.182, Train_accy 94.13:  66%|██████▌   | 33/50 [02:49<01:40,  5.90s/it]
Task 6, Epoch 34/50 => Loss 0.182, Train_accy 94.13:  68%|██████▊   | 34/50 [02:49<01:33,  5.82s/it]
Task 6, Epoch 35/50 => Loss 0.202, Train_accy 93.71, Test_accy 73.07:  68%|██████▊   | 34/50 [03:04<01:33,  5.82s/it]
Task 6, Epoch 35/50 => Loss 0.202, Train_accy 93.71, Test_accy 73.07:  70%|███████   | 35/50 [03:04<02:06,  8.46s/it]
Task 6, Epoch 36/50 => Loss 0.235, Train_accy 92.24:  70%|███████   | 35/50 [03:10<02:06,  8.46s/it]                 
Task 6, Epoch 36/50 => Loss 0.235, Train_accy 92.24:  72%|███████▏  | 36/50 [03:10<01:47,  7.70s/it]
Task 6, Epoch 37/50 => Loss 0.209, Train_accy 93.40:  72%|███████▏  | 36/50 [03:15<01:47,  7.70s/it]
Task 6, Epoch 37/50 => Loss 0.209, Train_accy 93.40:  74%|███████▍  | 37/50 [03:15<01:32,  7.12s/it]
Task 6, Epoch 38/50 => Loss 0.204, Train_accy 93.50:  74%|███████▍  | 37/50 [03:21<01:32,  7.12s/it]
Task 6, Epoch 38/50 => Loss 0.204, Train_accy 93.50:  76%|███████▌  | 38/50 [03:21<01:20,  6.70s/it]
Task 6, Epoch 39/50 => Loss 0.190, Train_accy 94.23:  76%|███████▌  | 38/50 [03:27<01:20,  6.70s/it]
Task 6, Epoch 39/50 => Loss 0.190, Train_accy 94.23:  78%|███████▊  | 39/50 [03:27<01:10,  6.37s/it]
Task 6, Epoch 40/50 => Loss 0.198, Train_accy 93.71, Test_accy 73.37:  78%|███████▊  | 39/50 [03:41<01:10,  6.37s/it]
Task 6, Epoch 40/50 => Loss 0.198, Train_accy 93.71, Test_accy 73.37:  80%|████████  | 40/50 [03:41<01:28,  8.82s/it]
Task 6, Epoch 41/50 => Loss 0.187, Train_accy 94.55:  80%|████████  | 40/50 [03:47<01:28,  8.82s/it]                 
Task 6, Epoch 41/50 => Loss 0.187, Train_accy 94.55:  82%|████████▏ | 41/50 [03:47<01:10,  7.87s/it]
Task 6, Epoch 42/50 => Loss 0.167, Train_accy 94.23:  82%|████████▏ | 41/50 [03:53<01:10,  7.87s/it]
Task 6, Epoch 42/50 => Loss 0.167, Train_accy 94.23:  84%|████████▍ | 42/50 [03:53<00:57,  7.24s/it]
Task 6, Epoch 43/50 => Loss 0.215, Train_accy 93.61:  84%|████████▍ | 42/50 [03:58<00:57,  7.24s/it]
Task 6, Epoch 43/50 => Loss 0.215, Train_accy 93.61:  86%|████████▌ | 43/50 [03:58<00:47,  6.79s/it]
Task 6, Epoch 44/50 => Loss 0.198, Train_accy 93.71:  86%|████████▌ | 43/50 [04:04<00:47,  6.79s/it]
Task 6, Epoch 44/50 => Loss 0.198, Train_accy 93.71:  88%|████████▊ | 44/50 [04:04<00:38,  6.47s/it]
Task 6, Epoch 45/50 => Loss 0.163, Train_accy 94.65, Test_accy 73.80:  88%|████████▊ | 44/50 [04:19<00:38,  6.47s/it]
Task 6, Epoch 45/50 => Loss 0.163, Train_accy 94.65, Test_accy 73.80:  90%|█████████ | 45/50 [04:19<00:44,  8.88s/it]
Task 6, Epoch 46/50 => Loss 0.193, Train_accy 94.03:  90%|█████████ | 45/50 [04:24<00:44,  8.88s/it]                 
Task 6, Epoch 46/50 => Loss 0.193, Train_accy 94.03:  92%|█████████▏| 46/50 [04:24<00:31,  7.90s/it]
Task 6, Epoch 47/50 => Loss 0.192, Train_accy 94.03:  92%|█████████▏| 46/50 [04:30<00:31,  7.90s/it]
Task 6, Epoch 47/50 => Loss 0.192, Train_accy 94.03:  94%|█████████▍| 47/50 [04:30<00:21,  7.26s/it]
Task 6, Epoch 48/50 => Loss 0.172, Train_accy 94.44:  94%|█████████▍| 47/50 [04:36<00:21,  7.26s/it]
Task 6, Epoch 48/50 => Loss 0.172, Train_accy 94.44:  96%|█████████▌| 48/50 [04:36<00:13,  6.79s/it]
Task 6, Epoch 49/50 => Loss 0.177, Train_accy 94.34:  96%|█████████▌| 48/50 [04:41<00:13,  6.79s/it]
Task 6, Epoch 49/50 => Loss 0.177, Train_accy 94.34:  98%|█████████▊| 49/50 [04:41<00:06,  6.47s/it]
Task 6, Epoch 50/50 => Loss 0.148, Train_accy 94.97, Test_accy 73.86:  98%|█████████▊| 49/50 [04:56<00:06,  6.47s/it]
Task 6, Epoch 50/50 => Loss 0.148, Train_accy 94.97, Test_accy 73.86: 100%|██████████| 50/50 [04:56<00:00,  8.97s/it]
Task 6, Epoch 50/50 => Loss 0.148, Train_accy 94.97, Test_accy 73.86: 100%|██████████| 50/50 [04:56<00:00,  5.93s/it]
2025-07-07 22:04:21,042 [lae.py] => Task 6, Epoch 50/50 => Loss 0.148, Train_accy 94.97, Test_accy 73.86
Time for task 6: 296.67765712738037
2025-07-07 22:04:29,782 [trainer.py] => No NME accuracy.
2025-07-07 22:04:29,783 [trainer.py] => CNN: {'total': 73.86, '00-19': 92.71, '20-39': 83.57, '40-59': 77.98, '60-79': 61.94, '80-99': 66.17, '100-119': 65.79, '120-139': 70.67, 'old': 74.36, 'new': 70.67}
2025-07-07 22:04:29,783 [trainer.py] => CNN top1 curve: [97.57, 92.51, 89.14, 83.57, 79.97, 76.13, 73.86]
2025-07-07 22:04:29,783 [trainer.py] => CNN top5 curve: [99.6, 99.34, 98.51, 98.48, 98.15, 98.09, 97.5]

Average Accuracy (CNN): 84.68
2025-07-07 22:04:29,783 [trainer.py] => Average Accuracy (CNN): 84.68 

2025-07-07 22:04:29,783 [trainer.py] => All params: 86213536
2025-07-07 22:04:29,784 [trainer.py] => Trainable params: 261270
2025-07-07 22:04:29,786 [lae.py] => Learning on 140-160

  0%|          | 0/50 [00:00<?, ?it/s]
Task 7, Epoch 1/50 => Loss 5.033, Train_accy 9.57:   0%|          | 0/50 [00:04<?, ?it/s]
Task 7, Epoch 1/50 => Loss 5.033, Train_accy 9.57:   2%|▏         | 1/50 [00:04<03:22,  4.13s/it]
Task 7, Epoch 2/50 => Loss 2.579, Train_accy 34.78:   2%|▏         | 1/50 [00:07<03:22,  4.13s/it]
Task 7, Epoch 2/50 => Loss 2.579, Train_accy 34.78:   4%|▍         | 2/50 [00:07<02:46,  3.47s/it]
Task 7, Epoch 3/50 => Loss 1.338, Train_accy 59.13:   4%|▍         | 2/50 [00:10<02:46,  3.47s/it]
Task 7, Epoch 3/50 => Loss 1.338, Train_accy 59.13:   6%|▌         | 3/50 [00:10<02:32,  3.25s/it]
Task 7, Epoch 4/50 => Loss 0.831, Train_accy 75.00:   6%|▌         | 3/50 [00:13<02:32,  3.25s/it]
Task 7, Epoch 4/50 => Loss 0.831, Train_accy 75.00:   8%|▊         | 4/50 [00:13<02:25,  3.16s/it]
Task 7, Epoch 5/50 => Loss 0.558, Train_accy 82.93, Test_accy 67.48:   8%|▊         | 4/50 [00:26<02:25,  3.16s/it]
Task 7, Epoch 5/50 => Loss 0.558, Train_accy 82.93, Test_accy 67.48:  10%|█         | 5/50 [00:26<05:04,  6.76s/it]
Task 7, Epoch 6/50 => Loss 0.400, Train_accy 87.17:  10%|█         | 5/50 [00:29<05:04,  6.76s/it]                 
Task 7, Epoch 6/50 => Loss 0.400, Train_accy 87.17:  12%|█▏        | 6/50 [00:29<04:00,  5.47s/it]
Task 7, Epoch 7/50 => Loss 0.425, Train_accy 88.37:  12%|█▏        | 6/50 [00:32<04:00,  5.47s/it]
Task 7, Epoch 7/50 => Loss 0.425, Train_accy 88.37:  14%|█▍        | 7/50 [00:32<03:20,  4.67s/it]
Task 7, Epoch 8/50 => Loss 0.425, Train_accy 87.83:  14%|█▍        | 7/50 [00:35<03:20,  4.67s/it]
Task 7, Epoch 8/50 => Loss 0.425, Train_accy 87.83:  16%|█▌        | 8/50 [00:35<02:53,  4.13s/it]
Task 7, Epoch 9/50 => Loss 0.372, Train_accy 89.78:  16%|█▌        | 8/50 [00:38<02:53,  4.13s/it]
Task 7, Epoch 9/50 => Loss 0.372, Train_accy 89.78:  18%|█▊        | 9/50 [00:38<02:34,  3.78s/it]
Task 7, Epoch 10/50 => Loss 0.342, Train_accy 90.11, Test_accy 68.91:  18%|█▊        | 9/50 [00:51<02:34,  3.78s/it]
Task 7, Epoch 10/50 => Loss 0.342, Train_accy 90.11, Test_accy 68.91:  20%|██        | 10/50 [00:51<04:25,  6.63s/it]
Task 7, Epoch 11/50 => Loss 0.296, Train_accy 92.28:  20%|██        | 10/50 [00:54<04:25,  6.63s/it]                 
Task 7, Epoch 11/50 => Loss 0.296, Train_accy 92.28:  22%|██▏       | 11/50 [00:54<03:35,  5.51s/it]
Task 7, Epoch 12/50 => Loss 0.303, Train_accy 90.76:  22%|██▏       | 11/50 [00:57<03:35,  5.51s/it]
Task 7, Epoch 12/50 => Loss 0.303, Train_accy 90.76:  24%|██▍       | 12/50 [00:57<03:00,  4.75s/it]
Task 7, Epoch 13/50 => Loss 0.353, Train_accy 90.87:  24%|██▍       | 12/50 [01:00<03:00,  4.75s/it]
Task 7, Epoch 13/50 => Loss 0.353, Train_accy 90.87:  26%|██▌       | 13/50 [01:00<02:35,  4.21s/it]
Task 7, Epoch 14/50 => Loss 0.328, Train_accy 91.41:  26%|██▌       | 13/50 [01:03<02:35,  4.21s/it]
Task 7, Epoch 14/50 => Loss 0.328, Train_accy 91.41:  28%|██▊       | 14/50 [01:03<02:18,  3.84s/it]
Task 7, Epoch 15/50 => Loss 0.260, Train_accy 92.17, Test_accy 69.70:  28%|██▊       | 14/50 [01:16<02:18,  3.84s/it]
Task 7, Epoch 15/50 => Loss 0.260, Train_accy 92.17, Test_accy 69.70:  30%|███       | 15/50 [01:16<03:51,  6.61s/it]
Task 7, Epoch 16/50 => Loss 0.252, Train_accy 92.83:  30%|███       | 15/50 [01:19<03:51,  6.61s/it]                 
Task 7, Epoch 16/50 => Loss 0.252, Train_accy 92.83:  32%|███▏      | 16/50 [01:19<03:07,  5.53s/it]
Task 7, Epoch 17/50 => Loss 0.228, Train_accy 93.37:  32%|███▏      | 16/50 [01:22<03:07,  5.53s/it]
Task 7, Epoch 17/50 => Loss 0.228, Train_accy 93.37:  34%|███▍      | 17/50 [01:22<02:37,  4.77s/it]
Task 7, Epoch 18/50 => Loss 0.222, Train_accy 93.48:  34%|███▍      | 17/50 [01:25<02:37,  4.77s/it]
Task 7, Epoch 18/50 => Loss 0.222, Train_accy 93.48:  36%|███▌      | 18/50 [01:25<02:15,  4.24s/it]
Task 7, Epoch 19/50 => Loss 0.222, Train_accy 93.37:  36%|███▌      | 18/50 [01:28<02:15,  4.24s/it]
Task 7, Epoch 19/50 => Loss 0.222, Train_accy 93.37:  38%|███▊      | 19/50 [01:28<01:59,  3.85s/it]
Task 7, Epoch 20/50 => Loss 0.191, Train_accy 94.78, Test_accy 69.96:  38%|███▊      | 19/50 [01:41<01:59,  3.85s/it]
Task 7, Epoch 20/50 => Loss 0.191, Train_accy 94.78, Test_accy 69.96:  40%|████      | 20/50 [01:41<03:17,  6.58s/it]
Task 7, Epoch 21/50 => Loss 0.251, Train_accy 92.93:  40%|████      | 20/50 [01:44<03:17,  6.58s/it]                 
Task 7, Epoch 21/50 => Loss 0.251, Train_accy 92.93:  42%|████▏     | 21/50 [01:44<02:40,  5.54s/it]
Task 7, Epoch 22/50 => Loss 0.215, Train_accy 93.70:  42%|████▏     | 21/50 [01:47<02:40,  5.54s/it]
Task 7, Epoch 22/50 => Loss 0.215, Train_accy 93.70:  44%|████▍     | 22/50 [01:47<02:13,  4.78s/it]
Task 7, Epoch 23/50 => Loss 0.233, Train_accy 92.83:  44%|████▍     | 22/50 [01:50<02:13,  4.78s/it]
Task 7, Epoch 23/50 => Loss 0.233, Train_accy 92.83:  46%|████▌     | 23/50 [01:50<01:54,  4.24s/it]
Task 7, Epoch 24/50 => Loss 0.261, Train_accy 92.61:  46%|████▌     | 23/50 [01:53<01:54,  4.24s/it]
Task 7, Epoch 24/50 => Loss 0.261, Train_accy 92.61:  48%|████▊     | 24/50 [01:53<01:40,  3.87s/it]
Task 7, Epoch 25/50 => Loss 0.196, Train_accy 94.13, Test_accy 70.76:  48%|████▊     | 24/50 [02:06<01:40,  3.87s/it]
Task 7, Epoch 25/50 => Loss 0.196, Train_accy 94.13, Test_accy 70.76:  50%|█████     | 25/50 [02:06<02:44,  6.58s/it]
Task 7, Epoch 26/50 => Loss 0.171, Train_accy 94.46:  50%|█████     | 25/50 [02:09<02:44,  6.58s/it]                 
Task 7, Epoch 26/50 => Loss 0.171, Train_accy 94.46:  52%|█████▏    | 26/50 [02:09<02:11,  5.50s/it]
Task 7, Epoch 27/50 => Loss 0.197, Train_accy 94.24:  52%|█████▏    | 26/50 [02:12<02:11,  5.50s/it]
Task 7, Epoch 27/50 => Loss 0.197, Train_accy 94.24:  54%|█████▍    | 27/50 [02:12<01:50,  4.81s/it]
Task 7, Epoch 28/50 => Loss 0.209, Train_accy 93.48:  54%|█████▍    | 27/50 [02:15<01:50,  4.81s/it]
Task 7, Epoch 28/50 => Loss 0.209, Train_accy 93.48:  56%|█████▌    | 28/50 [02:15<01:33,  4.26s/it]
Task 7, Epoch 29/50 => Loss 0.224, Train_accy 93.37:  56%|█████▌    | 28/50 [02:18<01:33,  4.26s/it]
Task 7, Epoch 29/50 => Loss 0.224, Train_accy 93.37:  58%|█████▊    | 29/50 [02:18<01:21,  3.87s/it]
Task 7, Epoch 30/50 => Loss 0.225, Train_accy 93.15, Test_accy 71.02:  58%|█████▊    | 29/50 [02:31<01:21,  3.87s/it]
Task 7, Epoch 30/50 => Loss 0.225, Train_accy 93.15, Test_accy 71.02:  60%|██████    | 30/50 [02:31<02:12,  6.61s/it]
Task 7, Epoch 31/50 => Loss 0.157, Train_accy 95.00:  60%|██████    | 30/50 [02:36<02:12,  6.61s/it]                 
Task 7, Epoch 31/50 => Loss 0.157, Train_accy 95.00:  62%|██████▏   | 31/50 [02:36<01:58,  6.26s/it]
Task 7, Epoch 32/50 => Loss 0.172, Train_accy 94.67:  62%|██████▏   | 31/50 [02:42<01:58,  6.26s/it]
Task 7, Epoch 32/50 => Loss 0.172, Train_accy 94.67:  64%|██████▍   | 32/50 [02:42<01:48,  6.01s/it]
Task 7, Epoch 33/50 => Loss 0.187, Train_accy 94.13:  64%|██████▍   | 32/50 [02:47<01:48,  6.01s/it]
Task 7, Epoch 33/50 => Loss 0.187, Train_accy 94.13:  66%|██████▌   | 33/50 [02:47<01:39,  5.84s/it]
Task 7, Epoch 34/50 => Loss 0.184, Train_accy 94.67:  66%|██████▌   | 33/50 [02:53<01:39,  5.84s/it]
Task 7, Epoch 34/50 => Loss 0.184, Train_accy 94.67:  68%|██████▊   | 34/50 [02:53<01:31,  5.74s/it]
Task 7, Epoch 35/50 => Loss 0.178, Train_accy 94.57, Test_accy 71.50:  68%|██████▊   | 34/50 [03:08<01:31,  5.74s/it]
Task 7, Epoch 35/50 => Loss 0.178, Train_accy 94.57, Test_accy 71.50:  70%|███████   | 35/50 [03:08<02:09,  8.65s/it]
Task 7, Epoch 36/50 => Loss 0.164, Train_accy 95.33:  70%|███████   | 35/50 [03:14<02:09,  8.65s/it]                 
Task 7, Epoch 36/50 => Loss 0.164, Train_accy 95.33:  72%|███████▏  | 36/50 [03:14<01:48,  7.73s/it]
Task 7, Epoch 37/50 => Loss 0.156, Train_accy 95.00:  72%|███████▏  | 36/50 [03:19<01:48,  7.73s/it]
Task 7, Epoch 37/50 => Loss 0.156, Train_accy 95.00:  74%|███████▍  | 37/50 [03:19<01:31,  7.06s/it]
Task 7, Epoch 38/50 => Loss 0.174, Train_accy 94.02:  74%|███████▍  | 37/50 [03:25<01:31,  7.06s/it]
Task 7, Epoch 38/50 => Loss 0.174, Train_accy 94.02:  76%|███████▌  | 38/50 [03:25<01:19,  6.60s/it]
Task 7, Epoch 39/50 => Loss 0.123, Train_accy 95.87:  76%|███████▌  | 38/50 [03:30<01:19,  6.60s/it]
Task 7, Epoch 39/50 => Loss 0.123, Train_accy 95.87:  78%|███████▊  | 39/50 [03:30<01:09,  6.29s/it]
Task 7, Epoch 40/50 => Loss 0.181, Train_accy 95.00, Test_accy 70.60:  78%|███████▊  | 39/50 [03:46<01:09,  6.29s/it]
Task 7, Epoch 40/50 => Loss 0.181, Train_accy 95.00, Test_accy 70.60:  80%|████████  | 40/50 [03:46<01:30,  9.09s/it]
Task 7, Epoch 41/50 => Loss 0.170, Train_accy 95.43:  80%|████████  | 40/50 [03:51<01:30,  9.09s/it]                 
Task 7, Epoch 41/50 => Loss 0.170, Train_accy 95.43:  82%|████████▏ | 41/50 [03:51<01:12,  8.03s/it]
Task 7, Epoch 42/50 => Loss 0.217, Train_accy 93.26:  82%|████████▏ | 41/50 [03:57<01:12,  8.03s/it]
Task 7, Epoch 42/50 => Loss 0.217, Train_accy 93.26:  84%|████████▍ | 42/50 [03:57<00:58,  7.28s/it]
Task 7, Epoch 43/50 => Loss 0.175, Train_accy 94.67:  84%|████████▍ | 42/50 [04:02<00:58,  7.28s/it]
Task 7, Epoch 43/50 => Loss 0.175, Train_accy 94.67:  86%|████████▌ | 43/50 [04:02<00:47,  6.76s/it]
Task 7, Epoch 44/50 => Loss 0.176, Train_accy 94.67:  86%|████████▌ | 43/50 [04:08<00:47,  6.76s/it]
Task 7, Epoch 44/50 => Loss 0.176, Train_accy 94.67:  88%|████████▊ | 44/50 [04:08<00:38,  6.40s/it]
Task 7, Epoch 45/50 => Loss 0.154, Train_accy 95.65, Test_accy 70.97:  88%|████████▊ | 44/50 [04:24<00:38,  6.40s/it]
Task 7, Epoch 45/50 => Loss 0.154, Train_accy 95.65, Test_accy 70.97:  90%|█████████ | 45/50 [04:24<00:45,  9.15s/it]
Task 7, Epoch 46/50 => Loss 0.171, Train_accy 95.54:  90%|█████████ | 45/50 [04:29<00:45,  9.15s/it]                 
Task 7, Epoch 46/50 => Loss 0.171, Train_accy 95.54:  92%|█████████▏| 46/50 [04:29<00:32,  8.04s/it]
Task 7, Epoch 47/50 => Loss 0.139, Train_accy 95.00:  92%|█████████▏| 46/50 [04:35<00:32,  8.04s/it]
Task 7, Epoch 47/50 => Loss 0.139, Train_accy 95.00:  94%|█████████▍| 47/50 [04:35<00:21,  7.31s/it]
Task 7, Epoch 48/50 => Loss 0.159, Train_accy 94.78:  94%|█████████▍| 47/50 [04:40<00:21,  7.31s/it]
Task 7, Epoch 48/50 => Loss 0.159, Train_accy 94.78:  96%|█████████▌| 48/50 [04:40<00:13,  6.82s/it]
Task 7, Epoch 49/50 => Loss 0.149, Train_accy 94.46:  96%|█████████▌| 48/50 [04:46<00:13,  6.82s/it]
Task 7, Epoch 49/50 => Loss 0.149, Train_accy 94.46:  98%|█████████▊| 49/50 [04:46<00:06,  6.44s/it]
Task 7, Epoch 50/50 => Loss 0.139, Train_accy 95.22, Test_accy 71.34:  98%|█████████▊| 49/50 [05:01<00:06,  6.44s/it]
Task 7, Epoch 50/50 => Loss 0.139, Train_accy 95.22, Test_accy 71.34: 100%|██████████| 50/50 [05:01<00:00,  9.17s/it]
Task 7, Epoch 50/50 => Loss 0.139, Train_accy 95.22, Test_accy 71.34: 100%|██████████| 50/50 [05:01<00:00,  6.04s/it]
2025-07-07 22:09:31,730 [lae.py] => Task 7, Epoch 50/50 => Loss 0.139, Train_accy 95.22, Test_accy 71.34
Time for task 7: 301.94712829589844
2025-07-07 22:09:41,794 [trainer.py] => No NME accuracy.
2025-07-07 22:09:41,794 [trainer.py] => CNN: {'total': 71.34, '00-19': 92.71, '20-39': 81.64, '40-59': 75.23, '60-79': 60.32, '80-99': 62.08, '100-119': 63.6, '120-139': 69.33, '140-159': 68.0, 'old': 71.85, 'new': 68.0}
2025-07-07 22:09:41,794 [trainer.py] => CNN top1 curve: [97.57, 92.51, 89.14, 83.57, 79.97, 76.13, 73.86, 71.34]
2025-07-07 22:09:41,794 [trainer.py] => CNN top5 curve: [99.6, 99.34, 98.51, 98.48, 98.15, 98.09, 97.5, 97.2]

Average Accuracy (CNN): 83.01
2025-07-07 22:09:41,794 [trainer.py] => Average Accuracy (CNN): 83.01 

2025-07-07 22:09:41,795 [trainer.py] => All params: 86228916
2025-07-07 22:09:41,795 [trainer.py] => Trainable params: 276650
2025-07-07 22:09:41,797 [lae.py] => Learning on 160-180

  0%|          | 0/50 [00:00<?, ?it/s]
Task 8, Epoch 1/50 => Loss 4.656, Train_accy 10.75:   0%|          | 0/50 [00:04<?, ?it/s]
Task 8, Epoch 1/50 => Loss 4.656, Train_accy 10.75:   2%|▏         | 1/50 [00:04<03:59,  4.89s/it]
Task 8, Epoch 2/50 => Loss 2.396, Train_accy 36.01:   2%|▏         | 1/50 [00:08<03:59,  4.89s/it]
Task 8, Epoch 2/50 => Loss 2.396, Train_accy 36.01:   4%|▍         | 2/50 [00:08<03:11,  3.99s/it]
Task 8, Epoch 3/50 => Loss 1.324, Train_accy 61.59:   4%|▍         | 2/50 [00:11<03:11,  3.99s/it]
Task 8, Epoch 3/50 => Loss 1.324, Train_accy 61.59:   6%|▌         | 3/50 [00:11<02:50,  3.64s/it]
Task 8, Epoch 4/50 => Loss 0.742, Train_accy 78.29:   6%|▌         | 3/50 [00:14<02:50,  3.64s/it]
Task 8, Epoch 4/50 => Loss 0.742, Train_accy 78.29:   8%|▊         | 4/50 [00:14<02:38,  3.46s/it]
Task 8, Epoch 5/50 => Loss 0.520, Train_accy 83.40, Test_accy 66.26:   8%|▊         | 4/50 [00:28<02:38,  3.46s/it]
Task 8, Epoch 5/50 => Loss 0.520, Train_accy 83.40, Test_accy 66.26:  10%|█         | 5/50 [00:28<05:31,  7.36s/it]
Task 8, Epoch 6/50 => Loss 0.416, Train_accy 86.85:  10%|█         | 5/50 [00:32<05:31,  7.36s/it]                 
Task 8, Epoch 6/50 => Loss 0.416, Train_accy 86.85:  12%|█▏        | 6/50 [00:32<04:20,  5.92s/it]
Task 8, Epoch 7/50 => Loss 0.341, Train_accy 90.29:  12%|█▏        | 6/50 [00:35<04:20,  5.92s/it]
Task 8, Epoch 7/50 => Loss 0.341, Train_accy 90.29:  14%|█▍        | 7/50 [00:35<03:39,  5.10s/it]
Task 8, Epoch 8/50 => Loss 0.393, Train_accy 88.31:  14%|█▍        | 7/50 [00:38<03:39,  5.10s/it]
Task 8, Epoch 8/50 => Loss 0.393, Train_accy 88.31:  16%|█▌        | 8/50 [00:38<03:08,  4.49s/it]
Task 8, Epoch 9/50 => Loss 0.373, Train_accy 89.25:  16%|█▌        | 8/50 [00:42<03:08,  4.49s/it]
Task 8, Epoch 9/50 => Loss 0.373, Train_accy 89.25:  18%|█▊        | 9/50 [00:42<02:50,  4.15s/it]
Task 8, Epoch 10/50 => Loss 0.290, Train_accy 91.75, Test_accy 67.67:  18%|█▊        | 9/50 [00:56<02:50,  4.15s/it]
Task 8, Epoch 10/50 => Loss 0.290, Train_accy 91.75, Test_accy 67.67:  20%|██        | 10/50 [00:56<04:52,  7.32s/it]
Task 8, Epoch 11/50 => Loss 0.322, Train_accy 90.92:  20%|██        | 10/50 [00:59<04:52,  7.32s/it]                 
Task 8, Epoch 11/50 => Loss 0.322, Train_accy 90.92:  22%|██▏       | 11/50 [00:59<03:56,  6.05s/it]
Task 8, Epoch 12/50 => Loss 0.278, Train_accy 91.65:  22%|██▏       | 11/50 [01:02<03:56,  6.05s/it]
Task 8, Epoch 12/50 => Loss 0.278, Train_accy 91.65:  24%|██▍       | 12/50 [01:02<03:16,  5.16s/it]
Task 8, Epoch 13/50 => Loss 0.225, Train_accy 93.22:  24%|██▍       | 12/50 [01:05<03:16,  5.16s/it]
Task 8, Epoch 13/50 => Loss 0.225, Train_accy 93.22:  26%|██▌       | 13/50 [01:05<02:47,  4.54s/it]
Task 8, Epoch 14/50 => Loss 0.253, Train_accy 91.96:  26%|██▌       | 13/50 [01:09<02:47,  4.54s/it]
Task 8, Epoch 14/50 => Loss 0.253, Train_accy 91.96:  28%|██▊       | 14/50 [01:09<02:28,  4.12s/it]
Task 8, Epoch 15/50 => Loss 0.209, Train_accy 94.05, Test_accy 67.95:  28%|██▊       | 14/50 [01:23<02:28,  4.12s/it]
Task 8, Epoch 15/50 => Loss 0.209, Train_accy 94.05, Test_accy 67.95:  30%|███       | 15/50 [01:23<04:11,  7.18s/it]
Task 8, Epoch 16/50 => Loss 0.235, Train_accy 93.01:  30%|███       | 15/50 [01:26<04:11,  7.18s/it]                 
Task 8, Epoch 16/50 => Loss 0.235, Train_accy 93.01:  32%|███▏      | 16/50 [01:26<03:24,  6.01s/it]
Task 8, Epoch 17/50 => Loss 0.214, Train_accy 94.05:  32%|███▏      | 16/50 [01:29<03:24,  6.01s/it]
Task 8, Epoch 17/50 => Loss 0.214, Train_accy 94.05:  34%|███▍      | 17/50 [01:29<02:49,  5.15s/it]
Task 8, Epoch 18/50 => Loss 0.270, Train_accy 92.38:  34%|███▍      | 17/50 [01:32<02:49,  5.15s/it]
Task 8, Epoch 18/50 => Loss 0.270, Train_accy 92.38:  36%|███▌      | 18/50 [01:32<02:25,  4.53s/it]
Task 8, Epoch 19/50 => Loss 0.240, Train_accy 93.22:  36%|███▌      | 18/50 [01:35<02:25,  4.53s/it]
Task 8, Epoch 19/50 => Loss 0.240, Train_accy 93.22:  38%|███▊      | 19/50 [01:35<02:07,  4.10s/it]
Task 8, Epoch 20/50 => Loss 0.213, Train_accy 93.74, Test_accy 68.84:  38%|███▊      | 19/50 [01:50<02:07,  4.10s/it]
Task 8, Epoch 20/50 => Loss 0.213, Train_accy 93.74, Test_accy 68.84:  40%|████      | 20/50 [01:50<03:33,  7.11s/it]
Task 8, Epoch 21/50 => Loss 0.267, Train_accy 91.23:  40%|████      | 20/50 [01:53<03:33,  7.11s/it]                 
Task 8, Epoch 21/50 => Loss 0.267, Train_accy 91.23:  42%|████▏     | 21/50 [01:53<02:51,  5.91s/it]
Task 8, Epoch 22/50 => Loss 0.202, Train_accy 94.15:  42%|████▏     | 21/50 [01:56<02:51,  5.91s/it]
Task 8, Epoch 22/50 => Loss 0.202, Train_accy 94.15:  44%|████▍     | 22/50 [01:56<02:21,  5.07s/it]
Task 8, Epoch 23/50 => Loss 0.223, Train_accy 92.80:  44%|████▍     | 22/50 [01:59<02:21,  5.07s/it]
Task 8, Epoch 23/50 => Loss 0.223, Train_accy 92.80:  46%|████▌     | 23/50 [01:59<02:01,  4.48s/it]
Task 8, Epoch 24/50 => Loss 0.192, Train_accy 93.95:  46%|████▌     | 23/50 [02:02<02:01,  4.48s/it]
Task 8, Epoch 24/50 => Loss 0.192, Train_accy 93.95:  48%|████▊     | 24/50 [02:02<01:45,  4.07s/it]
Task 8, Epoch 25/50 => Loss 0.204, Train_accy 93.42, Test_accy 69.36:  48%|████▊     | 24/50 [02:16<01:45,  4.07s/it]
Task 8, Epoch 25/50 => Loss 0.204, Train_accy 93.42, Test_accy 69.36:  50%|█████     | 25/50 [02:16<02:57,  7.10s/it]
Task 8, Epoch 26/50 => Loss 0.216, Train_accy 93.32:  50%|█████     | 25/50 [02:19<02:57,  7.10s/it]                 
Task 8, Epoch 26/50 => Loss 0.216, Train_accy 93.32:  52%|█████▏    | 26/50 [02:19<02:21,  5.89s/it]
Task 8, Epoch 27/50 => Loss 0.215, Train_accy 93.84:  52%|█████▏    | 26/50 [02:22<02:21,  5.89s/it]
Task 8, Epoch 27/50 => Loss 0.215, Train_accy 93.84:  54%|█████▍    | 27/50 [02:22<01:56,  5.06s/it]
Task 8, Epoch 28/50 => Loss 0.208, Train_accy 94.36:  54%|█████▍    | 27/50 [02:25<01:56,  5.06s/it]
Task 8, Epoch 28/50 => Loss 0.208, Train_accy 94.36:  56%|█████▌    | 28/50 [02:25<01:38,  4.47s/it]
Task 8, Epoch 29/50 => Loss 0.165, Train_accy 94.99:  56%|█████▌    | 28/50 [02:29<01:38,  4.47s/it]
Task 8, Epoch 29/50 => Loss 0.165, Train_accy 94.99:  58%|█████▊    | 29/50 [02:29<01:25,  4.07s/it]
Task 8, Epoch 30/50 => Loss 0.187, Train_accy 94.57, Test_accy 69.55:  58%|█████▊    | 29/50 [02:43<01:25,  4.07s/it]
Task 8, Epoch 30/50 => Loss 0.187, Train_accy 94.57, Test_accy 69.55:  60%|██████    | 30/50 [02:43<02:22,  7.11s/it]
Task 8, Epoch 31/50 => Loss 0.164, Train_accy 95.41:  60%|██████    | 30/50 [02:48<02:22,  7.11s/it]                 
Task 8, Epoch 31/50 => Loss 0.164, Train_accy 95.41:  62%|██████▏   | 31/50 [02:48<02:06,  6.66s/it]
Task 8, Epoch 32/50 => Loss 0.217, Train_accy 92.69:  62%|██████▏   | 31/50 [02:54<02:06,  6.66s/it]
Task 8, Epoch 32/50 => Loss 0.217, Train_accy 92.69:  64%|██████▍   | 32/50 [02:54<01:54,  6.36s/it]
Task 8, Epoch 33/50 => Loss 0.165, Train_accy 95.41:  64%|██████▍   | 32/50 [03:00<01:54,  6.36s/it]
Task 8, Epoch 33/50 => Loss 0.165, Train_accy 95.41:  66%|██████▌   | 33/50 [03:00<01:44,  6.15s/it]
Task 8, Epoch 34/50 => Loss 0.177, Train_accy 93.74:  66%|██████▌   | 33/50 [03:05<01:44,  6.15s/it]
Task 8, Epoch 34/50 => Loss 0.177, Train_accy 93.74:  68%|██████▊   | 34/50 [03:05<01:35,  5.99s/it]
Task 8, Epoch 35/50 => Loss 0.202, Train_accy 93.63, Test_accy 69.78:  68%|██████▊   | 34/50 [03:22<01:35,  5.99s/it]
Task 8, Epoch 35/50 => Loss 0.202, Train_accy 93.63, Test_accy 69.78:  70%|███████   | 35/50 [03:22<02:18,  9.23s/it]
Task 8, Epoch 36/50 => Loss 0.194, Train_accy 93.53:  70%|███████   | 35/50 [03:28<02:18,  9.23s/it]                 
Task 8, Epoch 36/50 => Loss 0.194, Train_accy 93.53:  72%|███████▏  | 36/50 [03:28<01:54,  8.19s/it]
Task 8, Epoch 37/50 => Loss 0.172, Train_accy 94.78:  72%|███████▏  | 36/50 [03:34<01:54,  8.19s/it]
Task 8, Epoch 37/50 => Loss 0.172, Train_accy 94.78:  74%|███████▍  | 37/50 [03:34<01:36,  7.45s/it]
Task 8, Epoch 38/50 => Loss 0.188, Train_accy 94.99:  74%|███████▍  | 37/50 [03:39<01:36,  7.45s/it]
Task 8, Epoch 38/50 => Loss 0.188, Train_accy 94.99:  76%|███████▌  | 38/50 [03:39<01:23,  6.97s/it]
Task 8, Epoch 39/50 => Loss 0.178, Train_accy 94.99:  76%|███████▌  | 38/50 [03:45<01:23,  6.97s/it]
Task 8, Epoch 39/50 => Loss 0.178, Train_accy 94.99:  78%|███████▊  | 39/50 [03:45<01:12,  6.61s/it]
Task 8, Epoch 40/50 => Loss 0.186, Train_accy 94.05, Test_accy 69.97:  78%|███████▊  | 39/50 [04:02<01:12,  6.61s/it]
Task 8, Epoch 40/50 => Loss 0.186, Train_accy 94.05, Test_accy 69.97:  80%|████████  | 40/50 [04:02<01:37,  9.71s/it]
Task 8, Epoch 41/50 => Loss 0.178, Train_accy 94.68:  80%|████████  | 40/50 [04:08<01:37,  9.71s/it]                 
Task 8, Epoch 41/50 => Loss 0.178, Train_accy 94.68:  82%|████████▏ | 41/50 [04:08<01:16,  8.52s/it]
Task 8, Epoch 42/50 => Loss 0.142, Train_accy 95.51:  82%|████████▏ | 41/50 [04:14<01:16,  8.52s/it]
Task 8, Epoch 42/50 => Loss 0.142, Train_accy 95.51:  84%|████████▍ | 42/50 [04:14<01:01,  7.69s/it]
Task 8, Epoch 43/50 => Loss 0.137, Train_accy 95.09:  84%|████████▍ | 42/50 [04:19<01:01,  7.69s/it]
Task 8, Epoch 43/50 => Loss 0.137, Train_accy 95.09:  86%|████████▌ | 43/50 [04:19<00:49,  7.10s/it]
Task 8, Epoch 44/50 => Loss 0.152, Train_accy 94.68:  86%|████████▌ | 43/50 [04:25<00:49,  7.10s/it]
Task 8, Epoch 44/50 => Loss 0.152, Train_accy 94.68:  88%|████████▊ | 44/50 [04:25<00:40,  6.69s/it]
Task 8, Epoch 45/50 => Loss 0.151, Train_accy 95.41, Test_accy 70.11:  88%|████████▊ | 44/50 [04:42<00:40,  6.69s/it]
Task 8, Epoch 45/50 => Loss 0.151, Train_accy 95.41, Test_accy 70.11:  90%|█████████ | 45/50 [04:42<00:48,  9.79s/it]
Task 8, Epoch 46/50 => Loss 0.143, Train_accy 95.30:  90%|█████████ | 45/50 [04:48<00:48,  9.79s/it]                 
Task 8, Epoch 46/50 => Loss 0.143, Train_accy 95.30:  92%|█████████▏| 46/50 [04:48<00:34,  8.57s/it]
Task 8, Epoch 47/50 => Loss 0.133, Train_accy 96.14:  92%|█████████▏| 46/50 [04:54<00:34,  8.57s/it]
Task 8, Epoch 47/50 => Loss 0.133, Train_accy 96.14:  94%|█████████▍| 47/50 [04:54<00:23,  7.72s/it]
Task 8, Epoch 48/50 => Loss 0.156, Train_accy 95.51:  94%|█████████▍| 47/50 [05:00<00:23,  7.72s/it]
Task 8, Epoch 48/50 => Loss 0.156, Train_accy 95.51:  96%|█████████▌| 48/50 [05:00<00:14,  7.20s/it]
Task 8, Epoch 49/50 => Loss 0.138, Train_accy 95.62:  96%|█████████▌| 48/50 [05:05<00:14,  7.20s/it]
Task 8, Epoch 49/50 => Loss 0.138, Train_accy 95.62:  98%|█████████▊| 49/50 [05:05<00:06,  6.78s/it]
Task 8, Epoch 50/50 => Loss 0.126, Train_accy 96.14, Test_accy 69.97:  98%|█████████▊| 49/50 [05:22<00:06,  6.78s/it]
Task 8, Epoch 50/50 => Loss 0.126, Train_accy 96.14, Test_accy 69.97: 100%|██████████| 50/50 [05:22<00:00,  9.78s/it]
Task 8, Epoch 50/50 => Loss 0.126, Train_accy 96.14, Test_accy 69.97: 100%|██████████| 50/50 [05:22<00:00,  6.45s/it]
2025-07-07 22:15:04,472 [lae.py] => Task 8, Epoch 50/50 => Loss 0.126, Train_accy 96.14, Test_accy 69.97
Time for task 8: 322.67772483825684
2025-07-07 22:15:15,827 [trainer.py] => No NME accuracy.
2025-07-07 22:15:15,827 [trainer.py] => CNN: {'total': 69.97, '00-19': 91.09, '20-39': 80.19, '40-59': 75.69, '60-79': 59.92, '80-99': 59.85, '100-119': 57.46, '120-139': 70.67, '140-159': 68.0, '160-179': 69.2, 'old': 70.07, 'new': 69.2}
2025-07-07 22:15:15,827 [trainer.py] => CNN top1 curve: [97.57, 92.51, 89.14, 83.57, 79.97, 76.13, 73.86, 71.34, 69.97]
2025-07-07 22:15:15,827 [trainer.py] => CNN top5 curve: [99.6, 99.34, 98.51, 98.48, 98.15, 98.09, 97.5, 97.2, 96.62]

Average Accuracy (CNN): 81.56
2025-07-07 22:15:15,827 [trainer.py] => Average Accuracy (CNN): 81.56 

2025-07-07 22:15:15,828 [trainer.py] => All params: 86244296
2025-07-07 22:15:15,828 [trainer.py] => Trainable params: 292030
2025-07-07 22:15:15,830 [lae.py] => Learning on 180-200

  0%|          | 0/50 [00:00<?, ?it/s]
Task 9, Epoch 1/50 => Loss 4.673, Train_accy 12.50:   0%|          | 0/50 [00:04<?, ?it/s]
Task 9, Epoch 1/50 => Loss 4.673, Train_accy 12.50:   2%|▏         | 1/50 [00:04<03:33,  4.36s/it]
Task 9, Epoch 2/50 => Loss 2.356, Train_accy 40.34:   2%|▏         | 1/50 [00:07<03:33,  4.36s/it]
Task 9, Epoch 2/50 => Loss 2.356, Train_accy 40.34:   4%|▍         | 2/50 [00:07<02:54,  3.64s/it]
Task 9, Epoch 3/50 => Loss 1.097, Train_accy 68.38:   4%|▍         | 2/50 [00:10<02:54,  3.64s/it]
Task 9, Epoch 3/50 => Loss 1.097, Train_accy 68.38:   6%|▌         | 3/50 [00:10<02:40,  3.41s/it]
Task 9, Epoch 4/50 => Loss 0.714, Train_accy 79.83:   6%|▌         | 3/50 [00:13<02:40,  3.41s/it]
Task 9, Epoch 4/50 => Loss 0.714, Train_accy 79.83:   8%|▊         | 4/50 [00:13<02:31,  3.30s/it]
Task 9, Epoch 5/50 => Loss 0.547, Train_accy 84.35, Test_accy 65.52:   8%|▊         | 4/50 [00:29<02:31,  3.30s/it]
Task 9, Epoch 5/50 => Loss 0.547, Train_accy 84.35, Test_accy 65.52:  10%|█         | 5/50 [00:29<05:43,  7.64s/it]
Task 9, Epoch 6/50 => Loss 0.412, Train_accy 88.45:  10%|█         | 5/50 [00:32<05:43,  7.64s/it]                 
Task 9, Epoch 6/50 => Loss 0.412, Train_accy 88.45:  12%|█▏        | 6/50 [00:32<04:28,  6.09s/it]
Task 9, Epoch 7/50 => Loss 0.390, Train_accy 89.60:  12%|█▏        | 6/50 [00:35<04:28,  6.09s/it]
Task 9, Epoch 7/50 => Loss 0.390, Train_accy 89.60:  14%|█▍        | 7/50 [00:35<03:39,  5.11s/it]
Task 9, Epoch 8/50 => Loss 0.368, Train_accy 88.34:  14%|█▍        | 7/50 [00:38<03:39,  5.11s/it]
Task 9, Epoch 8/50 => Loss 0.368, Train_accy 88.34:  16%|█▌        | 8/50 [00:38<03:07,  4.45s/it]
Task 9, Epoch 9/50 => Loss 0.347, Train_accy 89.71:  16%|█▌        | 8/50 [00:41<03:07,  4.45s/it]
Task 9, Epoch 9/50 => Loss 0.347, Train_accy 89.71:  18%|█▊        | 9/50 [00:41<02:45,  4.03s/it]
Task 9, Epoch 10/50 => Loss 0.370, Train_accy 88.66, Test_accy 67.13:  18%|█▊        | 9/50 [00:56<02:45,  4.03s/it]
Task 9, Epoch 10/50 => Loss 0.370, Train_accy 88.66, Test_accy 67.13:  20%|██        | 10/50 [00:56<05:01,  7.54s/it]
Task 9, Epoch 11/50 => Loss 0.313, Train_accy 91.07:  20%|██        | 10/50 [01:00<05:01,  7.54s/it]                 
Task 9, Epoch 11/50 => Loss 0.313, Train_accy 91.07:  22%|██▏       | 11/50 [01:00<04:02,  6.22s/it]
Task 9, Epoch 12/50 => Loss 0.306, Train_accy 91.49:  22%|██▏       | 11/50 [01:03<04:02,  6.22s/it]
Task 9, Epoch 12/50 => Loss 0.306, Train_accy 91.49:  24%|██▍       | 12/50 [01:03<03:20,  5.27s/it]
Task 9, Epoch 13/50 => Loss 0.274, Train_accy 92.12:  24%|██▍       | 12/50 [01:06<03:20,  5.27s/it]
Task 9, Epoch 13/50 => Loss 0.274, Train_accy 92.12:  26%|██▌       | 13/50 [01:06<02:50,  4.60s/it]
Task 9, Epoch 14/50 => Loss 0.279, Train_accy 90.55:  26%|██▌       | 13/50 [01:09<02:50,  4.60s/it]
Task 9, Epoch 14/50 => Loss 0.279, Train_accy 90.55:  28%|██▊       | 14/50 [01:09<02:28,  4.13s/it]
Task 9, Epoch 15/50 => Loss 0.232, Train_accy 92.86, Test_accy 67.60:  28%|██▊       | 14/50 [01:24<02:28,  4.13s/it]
Task 9, Epoch 15/50 => Loss 0.232, Train_accy 92.86, Test_accy 67.60:  30%|███       | 15/50 [01:24<04:22,  7.50s/it]
Task 9, Epoch 16/50 => Loss 0.249, Train_accy 92.54:  30%|███       | 15/50 [01:27<04:22,  7.50s/it]                 
Task 9, Epoch 16/50 => Loss 0.249, Train_accy 92.54:  32%|███▏      | 16/50 [01:27<03:30,  6.18s/it]
Task 9, Epoch 17/50 => Loss 0.235, Train_accy 92.44:  32%|███▏      | 16/50 [01:30<03:30,  6.18s/it]
Task 9, Epoch 17/50 => Loss 0.235, Train_accy 92.44:  34%|███▍      | 17/50 [01:30<02:53,  5.26s/it]
Task 9, Epoch 18/50 => Loss 0.242, Train_accy 92.44:  34%|███▍      | 17/50 [01:33<02:53,  5.26s/it]
Task 9, Epoch 18/50 => Loss 0.242, Train_accy 92.44:  36%|███▌      | 18/50 [01:33<02:26,  4.58s/it]
Task 9, Epoch 19/50 => Loss 0.187, Train_accy 93.17:  36%|███▌      | 18/50 [01:36<02:26,  4.58s/it]
Task 9, Epoch 19/50 => Loss 0.187, Train_accy 93.17:  38%|███▊      | 19/50 [01:36<02:07,  4.13s/it]
Task 9, Epoch 20/50 => Loss 0.276, Train_accy 91.70, Test_accy 67.85:  38%|███▊      | 19/50 [01:52<02:07,  4.13s/it]
Task 9, Epoch 20/50 => Loss 0.276, Train_accy 91.70, Test_accy 67.85:  40%|████      | 20/50 [01:52<03:44,  7.49s/it]
Task 9, Epoch 21/50 => Loss 0.203, Train_accy 93.70:  40%|████      | 20/50 [01:55<03:44,  7.49s/it]                 
Task 9, Epoch 21/50 => Loss 0.203, Train_accy 93.70:  42%|████▏     | 21/50 [01:55<02:58,  6.17s/it]
Task 9, Epoch 22/50 => Loss 0.193, Train_accy 93.28:  42%|████▏     | 21/50 [01:58<02:58,  6.17s/it]
Task 9, Epoch 22/50 => Loss 0.193, Train_accy 93.28:  44%|████▍     | 22/50 [01:58<02:26,  5.23s/it]
Task 9, Epoch 23/50 => Loss 0.231, Train_accy 93.07:  44%|████▍     | 22/50 [02:01<02:26,  5.23s/it]
Task 9, Epoch 23/50 => Loss 0.231, Train_accy 93.07:  46%|████▌     | 23/50 [02:01<02:03,  4.57s/it]
Task 9, Epoch 24/50 => Loss 0.170, Train_accy 94.85:  46%|████▌     | 23/50 [02:04<02:03,  4.57s/it]
Task 9, Epoch 24/50 => Loss 0.170, Train_accy 94.85:  48%|████▊     | 24/50 [02:04<01:47,  4.12s/it]
Task 9, Epoch 25/50 => Loss 0.224, Train_accy 93.59, Test_accy 68.24:  48%|████▊     | 24/50 [02:19<01:47,  4.12s/it]
Task 9, Epoch 25/50 => Loss 0.224, Train_accy 93.59, Test_accy 68.24:  50%|█████     | 25/50 [02:19<03:06,  7.44s/it]
Task 9, Epoch 26/50 => Loss 0.153, Train_accy 95.17:  50%|█████     | 25/50 [02:22<03:06,  7.44s/it]                 
Task 9, Epoch 26/50 => Loss 0.153, Train_accy 95.17:  52%|█████▏    | 26/50 [02:22<02:27,  6.13s/it]
Task 9, Epoch 27/50 => Loss 0.164, Train_accy 94.54:  52%|█████▏    | 26/50 [02:25<02:27,  6.13s/it]
Task 9, Epoch 27/50 => Loss 0.164, Train_accy 94.54:  54%|█████▍    | 27/50 [02:25<01:59,  5.21s/it]
Task 9, Epoch 28/50 => Loss 0.189, Train_accy 94.22:  54%|█████▍    | 27/50 [02:28<01:59,  5.21s/it]
Task 9, Epoch 28/50 => Loss 0.189, Train_accy 94.22:  56%|█████▌    | 28/50 [02:28<01:40,  4.56s/it]
Task 9, Epoch 29/50 => Loss 0.175, Train_accy 95.06:  56%|█████▌    | 28/50 [02:31<01:40,  4.56s/it]
Task 9, Epoch 29/50 => Loss 0.175, Train_accy 95.06:  58%|█████▊    | 29/50 [02:31<01:26,  4.12s/it]
Task 9, Epoch 30/50 => Loss 0.228, Train_accy 93.17, Test_accy 68.11:  58%|█████▊    | 29/50 [02:47<01:26,  4.12s/it]
Task 9, Epoch 30/50 => Loss 0.228, Train_accy 93.17, Test_accy 68.11:  60%|██████    | 30/50 [02:47<02:29,  7.47s/it]
Task 9, Epoch 31/50 => Loss 0.172, Train_accy 94.22:  60%|██████    | 30/50 [02:52<02:29,  7.47s/it]                 
Task 9, Epoch 31/50 => Loss 0.172, Train_accy 94.22:  62%|██████▏   | 31/50 [02:52<02:11,  6.92s/it]
Task 9, Epoch 32/50 => Loss 0.195, Train_accy 94.43:  62%|██████▏   | 31/50 [02:58<02:11,  6.92s/it]
Task 9, Epoch 32/50 => Loss 0.195, Train_accy 94.43:  64%|██████▍   | 32/50 [02:58<01:57,  6.53s/it]
Task 9, Epoch 33/50 => Loss 0.185, Train_accy 94.22:  64%|██████▍   | 32/50 [03:04<01:57,  6.53s/it]
Task 9, Epoch 33/50 => Loss 0.185, Train_accy 94.22:  66%|██████▌   | 33/50 [03:04<01:46,  6.25s/it]
Task 9, Epoch 34/50 => Loss 0.163, Train_accy 94.64:  66%|██████▌   | 33/50 [03:09<01:46,  6.25s/it]
Task 9, Epoch 34/50 => Loss 0.163, Train_accy 94.64:  68%|██████▊   | 34/50 [03:09<01:37,  6.07s/it]
Task 9, Epoch 35/50 => Loss 0.168, Train_accy 94.33, Test_accy 67.98:  68%|██████▊   | 34/50 [03:27<01:37,  6.07s/it]
Task 9, Epoch 35/50 => Loss 0.168, Train_accy 94.33, Test_accy 67.98:  70%|███████   | 35/50 [03:27<02:24,  9.61s/it]
Task 9, Epoch 36/50 => Loss 0.195, Train_accy 94.33:  70%|███████   | 35/50 [03:33<02:24,  9.61s/it]                 
Task 9, Epoch 36/50 => Loss 0.195, Train_accy 94.33:  72%|███████▏  | 36/50 [03:33<01:58,  8.44s/it]
Task 9, Epoch 37/50 => Loss 0.127, Train_accy 95.48:  72%|███████▏  | 36/50 [03:38<01:58,  8.44s/it]
Task 9, Epoch 37/50 => Loss 0.127, Train_accy 95.48:  74%|███████▍  | 37/50 [03:38<01:39,  7.63s/it]
Task 9, Epoch 38/50 => Loss 0.147, Train_accy 96.11:  74%|███████▍  | 37/50 [03:44<01:39,  7.63s/it]
Task 9, Epoch 38/50 => Loss 0.147, Train_accy 96.11:  76%|███████▌  | 38/50 [03:44<01:24,  7.05s/it]
Task 9, Epoch 39/50 => Loss 0.173, Train_accy 94.54:  76%|███████▌  | 38/50 [03:50<01:24,  7.05s/it]
Task 9, Epoch 39/50 => Loss 0.173, Train_accy 94.54:  78%|███████▊  | 39/50 [03:50<01:14,  6.74s/it]
Task 9, Epoch 40/50 => Loss 0.150, Train_accy 95.06, Test_accy 68.24:  78%|███████▊  | 39/50 [04:08<01:14,  6.74s/it]
Task 9, Epoch 40/50 => Loss 0.150, Train_accy 95.06, Test_accy 68.24:  80%|████████  | 40/50 [04:08<01:41, 10.15s/it]
Task 9, Epoch 41/50 => Loss 0.175, Train_accy 94.22:  80%|████████  | 40/50 [04:14<01:41, 10.15s/it]                 
Task 9, Epoch 41/50 => Loss 0.175, Train_accy 94.22:  82%|████████▏ | 41/50 [04:14<01:19,  8.82s/it]
Task 9, Epoch 42/50 => Loss 0.140, Train_accy 95.27:  82%|████████▏ | 41/50 [04:20<01:19,  8.82s/it]
Task 9, Epoch 42/50 => Loss 0.140, Train_accy 95.27:  84%|████████▍ | 42/50 [04:20<01:03,  7.88s/it]
Task 9, Epoch 43/50 => Loss 0.149, Train_accy 94.96:  84%|████████▍ | 42/50 [04:26<01:03,  7.88s/it]
Task 9, Epoch 43/50 => Loss 0.149, Train_accy 94.96:  86%|████████▌ | 43/50 [04:26<00:50,  7.26s/it]
Task 9, Epoch 44/50 => Loss 0.181, Train_accy 95.17:  86%|████████▌ | 43/50 [04:31<00:50,  7.26s/it]
Task 9, Epoch 44/50 => Loss 0.181, Train_accy 95.17:  88%|████████▊ | 44/50 [04:31<00:40,  6.82s/it]
Task 9, Epoch 45/50 => Loss 0.141, Train_accy 95.06, Test_accy 68.45:  88%|████████▊ | 44/50 [04:49<00:40,  6.82s/it]
Task 9, Epoch 45/50 => Loss 0.141, Train_accy 95.06, Test_accy 68.45:  90%|█████████ | 45/50 [04:49<00:50, 10.18s/it]
Task 9, Epoch 46/50 => Loss 0.128, Train_accy 95.48:  90%|█████████ | 45/50 [04:55<00:50, 10.18s/it]                 
Task 9, Epoch 46/50 => Loss 0.128, Train_accy 95.48:  92%|█████████▏| 46/50 [04:55<00:35,  8.84s/it]
Task 9, Epoch 47/50 => Loss 0.180, Train_accy 94.33:  92%|█████████▏| 46/50 [05:01<00:35,  8.84s/it]
Task 9, Epoch 47/50 => Loss 0.180, Train_accy 94.33:  94%|█████████▍| 47/50 [05:01<00:23,  7.91s/it]
Task 9, Epoch 48/50 => Loss 0.118, Train_accy 96.22:  94%|█████████▍| 47/50 [05:07<00:23,  7.91s/it]
Task 9, Epoch 48/50 => Loss 0.118, Train_accy 96.22:  96%|█████████▌| 48/50 [05:07<00:14,  7.25s/it]
Task 9, Epoch 49/50 => Loss 0.146, Train_accy 95.80:  96%|█████████▌| 48/50 [05:12<00:14,  7.25s/it]
Task 9, Epoch 49/50 => Loss 0.146, Train_accy 95.80:  98%|█████████▊| 49/50 [05:12<00:06,  6.79s/it]
Task 9, Epoch 50/50 => Loss 0.160, Train_accy 94.54, Test_accy 67.94:  98%|█████████▊| 49/50 [05:30<00:06,  6.79s/it]
Task 9, Epoch 50/50 => Loss 0.160, Train_accy 94.54, Test_accy 67.94: 100%|██████████| 50/50 [05:30<00:00, 10.18s/it]
Task 9, Epoch 50/50 => Loss 0.160, Train_accy 94.54, Test_accy 67.94: 100%|██████████| 50/50 [05:30<00:00,  6.62s/it]
2025-07-07 22:20:46,642 [lae.py] => Task 9, Epoch 50/50 => Loss 0.160, Train_accy 94.54, Test_accy 67.94
Time for task 9: 330.81435918807983
2025-07-07 22:20:58,968 [trainer.py] => No NME accuracy.
2025-07-07 22:20:58,968 [trainer.py] => CNN: {'total': 67.94, '00-19': 91.5, '20-39': 75.85, '40-59': 77.06, '60-79': 56.68, '80-99': 54.65, '100-119': 55.26, '120-139': 66.22, '140-159': 68.0, '160-179': 64.98, '180-199': 71.74, 'old': 67.53, 'new': 71.74}
2025-07-07 22:20:58,968 [trainer.py] => CNN top1 curve: [97.57, 92.51, 89.14, 83.57, 79.97, 76.13, 73.86, 71.34, 69.97, 67.94]
2025-07-07 22:20:58,968 [trainer.py] => CNN top5 curve: [99.6, 99.34, 98.51, 98.48, 98.15, 98.09, 97.5, 97.2, 96.62, 96.06]

Average Accuracy (CNN): 80.2
2025-07-07 22:20:58,968 [trainer.py] => Average Accuracy (CNN): 80.2 

Finished cub_init20_inc20: vit_base_patch16_224_in21k_lae  
----------------------------------------------------------------------------------------------------
Accuracy Matrix (CNN):
[[97.57 95.95 94.33 92.71 91.5  92.71 92.71 92.71 91.09 91.5 ]
 [ 0.   88.41 85.02 83.09 82.61 83.09 83.57 81.64 80.19 75.85]
 [ 0.    0.   87.16 85.32 84.4  82.11 77.98 75.23 75.69 77.06]
 [ 0.    0.    0.   73.28 72.87 65.99 61.94 60.32 59.92 56.68]
 [ 0.    0.    0.    0.   70.26 67.66 66.17 62.08 59.85 54.65]
 [ 0.    0.    0.    0.    0.   67.11 65.79 63.6  57.46 55.26]
 [ 0.    0.    0.    0.    0.    0.   70.67 69.33 70.67 66.22]
 [ 0.    0.    0.    0.    0.    0.    0.   68.   68.   68.  ]
 [ 0.    0.    0.    0.    0.    0.    0.    0.   69.2  64.98]
 [ 0.    0.    0.    0.    0.    0.    0.    0.    0.   71.74]]
2025-07-07 22:20:58,969 [trainer.py] => Forgetting (CNN): 9.051111111111112
2025-07-07 22:21:02,246 [trainer.py] => config: ./scripts/lae/lae_inr_B0_Inc40.json
2025-07-07 22:21:02,256 [trainer.py] => prefix:  
2025-07-07 22:21:02,256 [trainer.py] => dataset: imagenetr
2025-07-07 22:21:02,256 [trainer.py] => memory_size: 0
2025-07-07 22:21:02,256 [trainer.py] => memory_per_class: 0
2025-07-07 22:21:02,256 [trainer.py] => fixed_memory: False
2025-07-07 22:21:02,256 [trainer.py] => shuffle: True
2025-07-07 22:21:02,256 [trainer.py] => init_cls: 40
2025-07-07 22:21:02,256 [trainer.py] => increment: 40
2025-07-07 22:21:02,256 [trainer.py] => model_name: lae
2025-07-07 22:21:02,256 [trainer.py] => backbone_type: vit_base_patch16_224_in21k_lae
2025-07-07 22:21:02,256 [trainer.py] => device: [device(type='cuda', index=3)]
2025-07-07 22:21:02,256 [trainer.py] => seed: 1993
2025-07-07 22:21:02,256 [trainer.py] => tuned_epoch: 50
2025-07-07 22:21:02,256 [trainer.py] => init_lr: 0.00046875
2025-07-07 22:21:02,256 [trainer.py] => batch_size: 128
2025-07-07 22:21:02,256 [trainer.py] => weight_decay: 0
2025-07-07 22:21:02,256 [trainer.py] => min_lr: 1e-05
2025-07-07 22:21:02,256 [trainer.py] => optimizer: adam
2025-07-07 22:21:02,256 [trainer.py] => scheduler: constant
2025-07-07 22:21:02,256 [trainer.py] => reinit_optimizer: True
2025-07-07 22:21:02,257 [trainer.py] => pretrained: True
2025-07-07 22:21:02,257 [trainer.py] => drop: 0.0
2025-07-07 22:21:02,257 [trainer.py] => drop_path: 0.0
2025-07-07 22:21:02,257 [trainer.py] => ema_decay: 0.9999
2025-07-07 22:21:02,257 [trainer.py] => num_freeze_epochs: 30
2025-07-07 22:21:02,257 [trainer.py] => pet_cls: LoRA
2025-07-07 22:21:02,257 [trainer.py] => pet_length: 10
2025-07-07 22:21:02,257 [trainer.py] => down_sample_dim: 5
2025-07-07 22:21:03,445 [data_manager.py] => [168, 136, 51, 9, 183, 101, 171, 99, 42, 159, 191, 70, 16, 188, 27, 10, 175, 26, 68, 187, 98, 6, 85, 35, 112, 43, 100, 0, 103, 181, 88, 59, 4, 2, 116, 174, 94, 80, 106, 1, 147, 17, 141, 131, 72, 23, 173, 54, 197, 118, 87, 32, 79, 104, 91, 19, 135, 107, 178, 36, 11, 199, 142, 8, 122, 3, 28, 57, 153, 172, 190, 56, 49, 44, 97, 62, 151, 169, 194, 55, 192, 12, 189, 78, 66, 180, 15, 137, 109, 134, 92, 119, 126, 52, 170, 40, 148, 65, 144, 64, 138, 45, 77, 89, 154, 90, 71, 193, 74, 30, 113, 143, 96, 84, 67, 50, 186, 156, 69, 21, 18, 111, 108, 58, 125, 157, 150, 110, 182, 129, 166, 83, 81, 60, 13, 165, 14, 176, 63, 117, 5, 22, 145, 121, 38, 41, 82, 127, 114, 20, 31, 53, 37, 163, 196, 130, 152, 162, 86, 76, 24, 34, 184, 149, 33, 128, 198, 155, 146, 167, 139, 120, 140, 102, 47, 25, 158, 123, 46, 164, 61, 7, 115, 75, 133, 160, 105, 132, 179, 124, 48, 73, 93, 39, 95, 195, 29, 177, 185, 161]
2025-07-07 22:21:07,360 [lae.py] => 85,952,266 model total parameters.
2025-07-07 22:21:07,360 [lae.py] => 0 model training parameters.
2025-07-07 22:21:07,361 [trainer.py] => All params: 86105876
2025-07-07 22:21:07,362 [trainer.py] => Trainable params: 0
2025-07-07 22:21:07,362 [lae.py] => Learning on 0-40

  0%|          | 0/50 [00:00<?, ?it/s]
Task 0, Epoch 1/50 => Loss 4.054, Train_accy 13.83:   0%|          | 0/50 [00:16<?, ?it/s]
Task 0, Epoch 1/50 => Loss 4.054, Train_accy 13.83:   2%|▏         | 1/50 [00:16<13:39, 16.72s/it]
Task 0, Epoch 2/50 => Loss 2.178, Train_accy 45.99:   2%|▏         | 1/50 [00:31<13:39, 16.72s/it]
Task 0, Epoch 2/50 => Loss 2.178, Train_accy 45.99:   4%|▍         | 2/50 [00:31<12:29, 15.61s/it]
Task 0, Epoch 3/50 => Loss 1.587, Train_accy 59.58:   4%|▍         | 2/50 [00:47<12:29, 15.61s/it]
Task 0, Epoch 3/50 => Loss 1.587, Train_accy 59.58:   6%|▌         | 3/50 [00:47<12:13, 15.61s/it]
Task 0, Epoch 4/50 => Loss 1.345, Train_accy 64.63:   6%|▌         | 3/50 [01:02<12:13, 15.61s/it]
Task 0, Epoch 4/50 => Loss 1.345, Train_accy 64.63:   8%|▊         | 4/50 [01:02<11:54, 15.54s/it]
Task 0, Epoch 5/50 => Loss 1.172, Train_accy 69.05, Test_accy 72.22:   8%|▊         | 4/50 [01:26<11:54, 15.54s/it]
Task 0, Epoch 5/50 => Loss 1.172, Train_accy 69.05, Test_accy 72.22:  10%|█         | 5/50 [01:26<13:52, 18.50s/it]
Task 0, Epoch 6/50 => Loss 1.084, Train_accy 71.23:  10%|█         | 5/50 [01:41<13:52, 18.50s/it]                 
Task 0, Epoch 6/50 => Loss 1.084, Train_accy 71.23:  12%|█▏        | 6/50 [01:41<12:38, 17.23s/it]
Task 0, Epoch 7/50 => Loss 0.989, Train_accy 74.02:  12%|█▏        | 6/50 [01:55<12:38, 17.23s/it]
Task 0, Epoch 7/50 => Loss 0.989, Train_accy 74.02:  14%|█▍        | 7/50 [01:55<11:45, 16.40s/it]
Task 0, Epoch 8/50 => Loss 0.952, Train_accy 74.90:  14%|█▍        | 7/50 [02:10<11:45, 16.40s/it]
Task 0, Epoch 8/50 => Loss 0.952, Train_accy 74.90:  16%|█▌        | 8/50 [02:10<11:05, 15.84s/it]
Task 0, Epoch 9/50 => Loss 0.876, Train_accy 76.93:  16%|█▌        | 8/50 [02:25<11:05, 15.84s/it]
Task 0, Epoch 9/50 => Loss 0.876, Train_accy 76.93:  18%|█▊        | 9/50 [02:25<10:34, 15.49s/it]
Task 0, Epoch 10/50 => Loss 0.821, Train_accy 78.18, Test_accy 77.06:  18%|█▊        | 9/50 [02:47<10:34, 15.49s/it]
Task 0, Epoch 10/50 => Loss 0.821, Train_accy 78.18, Test_accy 77.06:  20%|██        | 10/50 [02:47<11:40, 17.51s/it]
Task 0, Epoch 11/50 => Loss 0.751, Train_accy 79.09:  20%|██        | 10/50 [03:01<11:40, 17.51s/it]                 
Task 0, Epoch 11/50 => Loss 0.751, Train_accy 79.09:  22%|██▏       | 11/50 [03:01<10:47, 16.61s/it]
Task 0, Epoch 12/50 => Loss 0.744, Train_accy 80.60:  22%|██▏       | 11/50 [03:16<10:47, 16.61s/it]
Task 0, Epoch 12/50 => Loss 0.744, Train_accy 80.60:  24%|██▍       | 12/50 [03:16<10:09, 16.05s/it]
Task 0, Epoch 13/50 => Loss 0.720, Train_accy 80.71:  24%|██▍       | 12/50 [03:31<10:09, 16.05s/it]
Task 0, Epoch 13/50 => Loss 0.720, Train_accy 80.71:  26%|██▌       | 13/50 [03:31<09:38, 15.64s/it]
Task 0, Epoch 14/50 => Loss 0.665, Train_accy 81.59:  26%|██▌       | 13/50 [03:46<09:38, 15.64s/it]
Task 0, Epoch 14/50 => Loss 0.665, Train_accy 81.59:  28%|██▊       | 14/50 [03:46<09:14, 15.41s/it]
Task 0, Epoch 15/50 => Loss 0.661, Train_accy 82.72, Test_accy 79.64:  28%|██▊       | 14/50 [04:08<09:14, 15.41s/it]
Task 0, Epoch 15/50 => Loss 0.661, Train_accy 82.72, Test_accy 79.64:  30%|███       | 15/50 [04:08<10:11, 17.47s/it]
Task 0, Epoch 16/50 => Loss 0.664, Train_accy 82.02:  30%|███       | 15/50 [04:23<10:11, 17.47s/it]                 
Task 0, Epoch 16/50 => Loss 0.664, Train_accy 82.02:  32%|███▏      | 16/50 [04:23<09:25, 16.62s/it]
Task 0, Epoch 17/50 => Loss 0.632, Train_accy 83.51:  32%|███▏      | 16/50 [04:37<09:25, 16.62s/it]
Task 0, Epoch 17/50 => Loss 0.632, Train_accy 83.51:  34%|███▍      | 17/50 [04:37<08:50, 16.09s/it]
Task 0, Epoch 18/50 => Loss 0.614, Train_accy 83.79:  34%|███▍      | 17/50 [04:52<08:50, 16.09s/it]
Task 0, Epoch 18/50 => Loss 0.614, Train_accy 83.79:  36%|███▌      | 18/50 [04:52<08:21, 15.68s/it]
Task 0, Epoch 19/50 => Loss 0.602, Train_accy 84.68:  36%|███▌      | 18/50 [05:07<08:21, 15.68s/it]
Task 0, Epoch 19/50 => Loss 0.602, Train_accy 84.68:  38%|███▊      | 19/50 [05:07<07:58, 15.42s/it]
Task 0, Epoch 20/50 => Loss 0.586, Train_accy 84.76, Test_accy 79.79:  38%|███▊      | 19/50 [05:30<07:58, 15.42s/it]
Task 0, Epoch 20/50 => Loss 0.586, Train_accy 84.76, Test_accy 79.79:  40%|████      | 20/50 [05:30<08:51, 17.73s/it]
Task 0, Epoch 21/50 => Loss 0.580, Train_accy 84.90:  40%|████      | 20/50 [05:45<08:51, 17.73s/it]                 
Task 0, Epoch 21/50 => Loss 0.580, Train_accy 84.90:  42%|████▏     | 21/50 [05:45<08:07, 16.80s/it]
Task 0, Epoch 22/50 => Loss 0.551, Train_accy 85.87:  42%|████▏     | 21/50 [05:59<08:07, 16.80s/it]
Task 0, Epoch 22/50 => Loss 0.551, Train_accy 85.87:  44%|████▍     | 22/50 [05:59<07:33, 16.18s/it]
Task 0, Epoch 23/50 => Loss 0.530, Train_accy 86.38:  44%|████▍     | 22/50 [06:14<07:33, 16.18s/it]
Task 0, Epoch 23/50 => Loss 0.530, Train_accy 86.38:  46%|████▌     | 23/50 [06:14<07:05, 15.74s/it]
Task 0, Epoch 24/50 => Loss 0.545, Train_accy 85.89:  46%|████▌     | 23/50 [06:29<07:05, 15.74s/it]
Task 0, Epoch 24/50 => Loss 0.545, Train_accy 85.89:  48%|████▊     | 24/50 [06:29<06:41, 15.45s/it]
Task 0, Epoch 25/50 => Loss 0.513, Train_accy 86.99, Test_accy 80.24:  48%|████▊     | 24/50 [06:51<06:41, 15.45s/it]
Task 0, Epoch 25/50 => Loss 0.513, Train_accy 86.99, Test_accy 80.24:  50%|█████     | 25/50 [06:51<07:16, 17.47s/it]
Task 0, Epoch 26/50 => Loss 0.522, Train_accy 86.53:  50%|█████     | 25/50 [07:06<07:16, 17.47s/it]                 
Task 0, Epoch 26/50 => Loss 0.522, Train_accy 86.53:  52%|█████▏    | 26/50 [07:06<06:38, 16.61s/it]
Task 0, Epoch 27/50 => Loss 0.500, Train_accy 86.94:  52%|█████▏    | 26/50 [07:21<06:38, 16.61s/it]
Task 0, Epoch 27/50 => Loss 0.500, Train_accy 86.94:  54%|█████▍    | 27/50 [07:21<06:10, 16.10s/it]
Task 0, Epoch 28/50 => Loss 0.501, Train_accy 87.01:  54%|█████▍    | 27/50 [07:35<06:10, 16.10s/it]
Task 0, Epoch 28/50 => Loss 0.501, Train_accy 87.01:  56%|█████▌    | 28/50 [07:35<05:45, 15.72s/it]
Task 0, Epoch 29/50 => Loss 0.473, Train_accy 87.72:  56%|█████▌    | 28/50 [07:50<05:45, 15.72s/it]
Task 0, Epoch 29/50 => Loss 0.473, Train_accy 87.72:  58%|█████▊    | 29/50 [07:50<05:24, 15.47s/it]
Task 0, Epoch 30/50 => Loss 0.485, Train_accy 87.77, Test_accy 80.17:  58%|█████▊    | 29/50 [08:12<05:24, 15.47s/it]
Task 0, Epoch 30/50 => Loss 0.485, Train_accy 87.77, Test_accy 80.17:  60%|██████    | 30/50 [08:12<05:48, 17.45s/it]
Task 0, Epoch 31/50 => Loss 0.422, Train_accy 88.91:  60%|██████    | 30/50 [08:41<05:48, 17.45s/it]                 
Task 0, Epoch 31/50 => Loss 0.422, Train_accy 88.91:  62%|██████▏   | 31/50 [08:41<06:37, 20.91s/it]
Task 0, Epoch 32/50 => Loss 0.409, Train_accy 88.89:  62%|██████▏   | 31/50 [09:10<06:37, 20.91s/it]
Task 0, Epoch 32/50 => Loss 0.409, Train_accy 88.89:  64%|██████▍   | 32/50 [09:10<06:59, 23.30s/it]
Task 0, Epoch 33/50 => Loss 0.374, Train_accy 89.68:  64%|██████▍   | 32/50 [09:39<06:59, 23.30s/it]
Task 0, Epoch 33/50 => Loss 0.374, Train_accy 89.68:  66%|██████▌   | 33/50 [09:39<07:05, 25.02s/it]
Task 0, Epoch 34/50 => Loss 0.382, Train_accy 89.00:  66%|██████▌   | 33/50 [10:08<07:05, 25.02s/it]
Task 0, Epoch 34/50 => Loss 0.382, Train_accy 89.00:  68%|██████▊   | 34/50 [10:08<06:59, 26.24s/it]
Task 0, Epoch 35/50 => Loss 0.383, Train_accy 89.32, Test_accy 82.51:  68%|██████▊   | 34/50 [10:45<06:59, 26.24s/it]
Task 0, Epoch 35/50 => Loss 0.383, Train_accy 89.32, Test_accy 82.51:  70%|███████   | 35/50 [10:45<07:19, 29.31s/it]
Task 0, Epoch 36/50 => Loss 0.356, Train_accy 90.10:  70%|███████   | 35/50 [11:14<07:19, 29.31s/it]                 
Task 0, Epoch 36/50 => Loss 0.356, Train_accy 90.10:  72%|███████▏  | 36/50 [11:14<06:49, 29.27s/it]
Task 0, Epoch 37/50 => Loss 0.340, Train_accy 90.70:  72%|███████▏  | 36/50 [11:43<06:49, 29.27s/it]
Task 0, Epoch 37/50 => Loss 0.340, Train_accy 90.70:  74%|███████▍  | 37/50 [11:43<06:20, 29.30s/it]
Task 0, Epoch 38/50 => Loss 0.341, Train_accy 90.98:  74%|███████▍  | 37/50 [12:13<06:20, 29.30s/it]
Task 0, Epoch 38/50 => Loss 0.341, Train_accy 90.98:  76%|███████▌  | 38/50 [12:13<05:51, 29.30s/it]
Task 0, Epoch 39/50 => Loss 0.342, Train_accy 91.07:  76%|███████▌  | 38/50 [12:42<05:51, 29.30s/it]
Task 0, Epoch 39/50 => Loss 0.342, Train_accy 91.07:  78%|███████▊  | 39/50 [12:42<05:21, 29.25s/it]
Task 0, Epoch 40/50 => Loss 0.326, Train_accy 91.05, Test_accy 83.50:  78%|███████▊  | 39/50 [13:18<05:21, 29.25s/it]
Task 0, Epoch 40/50 => Loss 0.326, Train_accy 91.05, Test_accy 83.50:  80%|████████  | 40/50 [13:18<05:13, 31.39s/it]
Task 0, Epoch 41/50 => Loss 0.324, Train_accy 91.17:  80%|████████  | 40/50 [13:47<05:13, 31.39s/it]                 
Task 0, Epoch 41/50 => Loss 0.324, Train_accy 91.17:  82%|████████▏ | 41/50 [13:47<04:36, 30.74s/it]
Task 0, Epoch 42/50 => Loss 0.321, Train_accy 91.28:  82%|████████▏ | 41/50 [14:17<04:36, 30.74s/it]
Task 0, Epoch 42/50 => Loss 0.321, Train_accy 91.28:  84%|████████▍ | 42/50 [14:17<04:02, 30.28s/it]
Task 0, Epoch 43/50 => Loss 0.297, Train_accy 92.12:  84%|████████▍ | 42/50 [14:46<04:02, 30.28s/it]
Task 0, Epoch 43/50 => Loss 0.297, Train_accy 92.12:  86%|████████▌ | 43/50 [14:46<03:29, 29.94s/it]
Task 0, Epoch 44/50 => Loss 0.323, Train_accy 91.04:  86%|████████▌ | 43/50 [15:15<03:29, 29.94s/it]
Task 0, Epoch 44/50 => Loss 0.323, Train_accy 91.04:  88%|████████▊ | 44/50 [15:15<02:57, 29.66s/it]
Task 0, Epoch 45/50 => Loss 0.310, Train_accy 91.09, Test_accy 83.80:  88%|████████▊ | 44/50 [15:51<02:57, 29.66s/it]
Task 0, Epoch 45/50 => Loss 0.310, Train_accy 91.09, Test_accy 83.80:  90%|█████████ | 45/50 [15:51<02:38, 31.77s/it]
Task 0, Epoch 46/50 => Loss 0.309, Train_accy 91.48:  90%|█████████ | 45/50 [16:21<02:38, 31.77s/it]                 
Task 0, Epoch 46/50 => Loss 0.309, Train_accy 91.48:  92%|█████████▏| 46/50 [16:21<02:03, 30.97s/it]
Task 0, Epoch 47/50 => Loss 0.296, Train_accy 91.86:  92%|█████████▏| 46/50 [16:50<02:03, 30.97s/it]
Task 0, Epoch 47/50 => Loss 0.296, Train_accy 91.86:  94%|█████████▍| 47/50 [16:50<01:31, 30.38s/it]
Task 0, Epoch 48/50 => Loss 0.271, Train_accy 92.42:  94%|█████████▍| 47/50 [17:19<01:31, 30.38s/it]
Task 0, Epoch 48/50 => Loss 0.271, Train_accy 92.42:  96%|█████████▌| 48/50 [17:19<01:00, 30.01s/it]
Task 0, Epoch 49/50 => Loss 0.280, Train_accy 92.47:  96%|█████████▌| 48/50 [17:48<01:00, 30.01s/it]
Task 0, Epoch 49/50 => Loss 0.280, Train_accy 92.47:  98%|█████████▊| 49/50 [17:48<00:29, 29.91s/it]
Task 0, Epoch 50/50 => Loss 0.272, Train_accy 92.60, Test_accy 84.78:  98%|█████████▊| 49/50 [18:25<00:29, 29.91s/it]
Task 0, Epoch 50/50 => Loss 0.272, Train_accy 92.60, Test_accy 84.78: 100%|██████████| 50/50 [18:25<00:00, 31.93s/it]
Task 0, Epoch 50/50 => Loss 0.272, Train_accy 92.60, Test_accy 84.78: 100%|██████████| 50/50 [18:25<00:00, 22.11s/it]
2025-07-07 22:39:33,193 [lae.py] => Task 0, Epoch 50/50 => Loss 0.272, Train_accy 92.60, Test_accy 84.78
Time for task 0: 1105.8487067222595
2025-07-07 22:39:40,769 [trainer.py] => No NME accuracy.
2025-07-07 22:39:40,769 [trainer.py] => CNN: {'total': 84.78, '00-39': 84.78, 'old': 0, 'new': 84.78}
2025-07-07 22:39:40,769 [trainer.py] => CNN top1 curve: [84.78]
2025-07-07 22:39:40,769 [trainer.py] => CNN top5 curve: [94.7]

Average Accuracy (CNN): 84.78
2025-07-07 22:39:40,769 [trainer.py] => Average Accuracy (CNN): 84.78 

2025-07-07 22:39:40,770 [trainer.py] => All params: 86136636
2025-07-07 22:39:40,770 [trainer.py] => Trainable params: 184370
2025-07-07 22:39:40,772 [lae.py] => Learning on 40-80

  0%|          | 0/50 [00:00<?, ?it/s]
Task 1, Epoch 1/50 => Loss 4.543, Train_accy 14.32:   0%|          | 0/50 [00:14<?, ?it/s]
Task 1, Epoch 1/50 => Loss 4.543, Train_accy 14.32:   2%|▏         | 1/50 [00:14<11:49, 14.47s/it]
Task 1, Epoch 2/50 => Loss 2.233, Train_accy 48.02:   2%|▏         | 1/50 [00:27<11:49, 14.47s/it]
Task 1, Epoch 2/50 => Loss 2.233, Train_accy 48.02:   4%|▍         | 2/50 [00:27<10:44, 13.44s/it]
Task 1, Epoch 3/50 => Loss 1.568, Train_accy 61.78:   4%|▍         | 2/50 [00:40<10:44, 13.44s/it]
Task 1, Epoch 3/50 => Loss 1.568, Train_accy 61.78:   6%|▌         | 3/50 [00:40<10:18, 13.17s/it]
Task 1, Epoch 4/50 => Loss 1.304, Train_accy 66.48:   6%|▌         | 3/50 [00:53<10:18, 13.17s/it]
Task 1, Epoch 4/50 => Loss 1.304, Train_accy 66.48:   8%|▊         | 4/50 [00:53<10:02, 13.09s/it]
Task 1, Epoch 5/50 => Loss 1.098, Train_accy 72.48, Test_accy 70.14:   8%|▊         | 4/50 [01:19<10:02, 13.09s/it]
Task 1, Epoch 5/50 => Loss 1.098, Train_accy 72.48, Test_accy 70.14:  10%|█         | 5/50 [01:19<13:19, 17.77s/it]
Task 1, Epoch 6/50 => Loss 1.024, Train_accy 72.78:  10%|█         | 5/50 [01:31<13:19, 17.77s/it]                 
Task 1, Epoch 6/50 => Loss 1.024, Train_accy 72.78:  12%|█▏        | 6/50 [01:31<11:48, 16.10s/it]
Task 1, Epoch 7/50 => Loss 0.923, Train_accy 75.75:  12%|█▏        | 6/50 [01:44<11:48, 16.10s/it]
Task 1, Epoch 7/50 => Loss 0.923, Train_accy 75.75:  14%|█▍        | 7/50 [01:44<10:45, 15.02s/it]
Task 1, Epoch 8/50 => Loss 0.816, Train_accy 77.72:  14%|█▍        | 7/50 [01:57<10:45, 15.02s/it]
Task 1, Epoch 8/50 => Loss 0.816, Train_accy 77.72:  16%|█▌        | 8/50 [01:57<10:02, 14.35s/it]
Task 1, Epoch 9/50 => Loss 0.737, Train_accy 79.87:  16%|█▌        | 8/50 [02:10<10:02, 14.35s/it]
Task 1, Epoch 9/50 => Loss 0.737, Train_accy 79.87:  18%|█▊        | 9/50 [02:10<09:26, 13.82s/it]
Task 1, Epoch 10/50 => Loss 0.713, Train_accy 81.17, Test_accy 74.58:  18%|█▊        | 9/50 [02:35<09:26, 13.82s/it]
Task 1, Epoch 10/50 => Loss 0.713, Train_accy 81.17, Test_accy 74.58:  20%|██        | 10/50 [02:35<11:39, 17.48s/it]
Task 1, Epoch 11/50 => Loss 0.654, Train_accy 82.31:  20%|██        | 10/50 [02:48<11:39, 17.48s/it]                 
Task 1, Epoch 11/50 => Loss 0.654, Train_accy 82.31:  22%|██▏       | 11/50 [02:48<10:27, 16.10s/it]
Task 1, Epoch 12/50 => Loss 0.643, Train_accy 81.79:  22%|██▏       | 11/50 [03:01<10:27, 16.10s/it]
Task 1, Epoch 12/50 => Loss 0.643, Train_accy 81.79:  24%|██▍       | 12/50 [03:01<09:33, 15.10s/it]
Task 1, Epoch 13/50 => Loss 0.587, Train_accy 83.97:  24%|██▍       | 12/50 [03:14<09:33, 15.10s/it]
Task 1, Epoch 13/50 => Loss 0.587, Train_accy 83.97:  26%|██▌       | 13/50 [03:14<08:54, 14.44s/it]
Task 1, Epoch 14/50 => Loss 0.587, Train_accy 83.56:  26%|██▌       | 13/50 [03:27<08:54, 14.44s/it]
Task 1, Epoch 14/50 => Loss 0.587, Train_accy 83.56:  28%|██▊       | 14/50 [03:27<08:21, 13.92s/it]
Task 1, Epoch 15/50 => Loss 0.603, Train_accy 83.56, Test_accy 76.22:  28%|██▊       | 14/50 [03:53<08:21, 13.92s/it]
Task 1, Epoch 15/50 => Loss 0.603, Train_accy 83.56, Test_accy 76.22:  30%|███       | 15/50 [03:53<10:13, 17.54s/it]
Task 1, Epoch 16/50 => Loss 0.546, Train_accy 85.03:  30%|███       | 15/50 [04:06<10:13, 17.54s/it]                 
Task 1, Epoch 16/50 => Loss 0.546, Train_accy 85.03:  32%|███▏      | 16/50 [04:06<09:07, 16.11s/it]
Task 1, Epoch 17/50 => Loss 0.527, Train_accy 85.70:  32%|███▏      | 16/50 [04:18<09:07, 16.11s/it]
Task 1, Epoch 17/50 => Loss 0.527, Train_accy 85.70:  34%|███▍      | 17/50 [04:18<08:17, 15.09s/it]
Task 1, Epoch 18/50 => Loss 0.481, Train_accy 86.17:  34%|███▍      | 17/50 [04:32<08:17, 15.09s/it]
Task 1, Epoch 18/50 => Loss 0.481, Train_accy 86.17:  36%|███▌      | 18/50 [04:32<07:44, 14.52s/it]
Task 1, Epoch 19/50 => Loss 0.481, Train_accy 86.43:  36%|███▌      | 18/50 [04:44<07:44, 14.52s/it]
Task 1, Epoch 19/50 => Loss 0.481, Train_accy 86.43:  38%|███▊      | 19/50 [04:44<07:12, 13.94s/it]
Task 1, Epoch 20/50 => Loss 0.473, Train_accy 86.78, Test_accy 77.30:  38%|███▊      | 19/50 [05:10<07:12, 13.94s/it]
Task 1, Epoch 20/50 => Loss 0.473, Train_accy 86.78, Test_accy 77.30:  40%|████      | 20/50 [05:10<08:44, 17.50s/it]
Task 1, Epoch 21/50 => Loss 0.449, Train_accy 87.21:  40%|████      | 20/50 [05:23<08:44, 17.50s/it]                 
Task 1, Epoch 21/50 => Loss 0.449, Train_accy 87.21:  42%|████▏     | 21/50 [05:23<07:45, 16.04s/it]
Task 1, Epoch 22/50 => Loss 0.495, Train_accy 86.48:  42%|████▏     | 21/50 [05:35<07:45, 16.04s/it]
Task 1, Epoch 22/50 => Loss 0.495, Train_accy 86.48:  44%|████▍     | 22/50 [05:35<07:01, 15.04s/it]
Task 1, Epoch 23/50 => Loss 0.404, Train_accy 88.83:  44%|████▍     | 22/50 [05:48<07:01, 15.04s/it]
Task 1, Epoch 23/50 => Loss 0.404, Train_accy 88.83:  46%|████▌     | 23/50 [05:48<06:26, 14.33s/it]
Task 1, Epoch 24/50 => Loss 0.427, Train_accy 88.40:  46%|████▌     | 23/50 [06:01<06:26, 14.33s/it]
Task 1, Epoch 24/50 => Loss 0.427, Train_accy 88.40:  48%|████▊     | 24/50 [06:01<06:00, 13.88s/it]
Task 1, Epoch 25/50 => Loss 0.409, Train_accy 88.96, Test_accy 77.54:  48%|████▊     | 24/50 [06:27<06:00, 13.88s/it]
Task 1, Epoch 25/50 => Loss 0.409, Train_accy 88.96, Test_accy 77.54:  50%|█████     | 25/50 [06:27<07:17, 17.49s/it]
Task 1, Epoch 26/50 => Loss 0.400, Train_accy 89.02:  50%|█████     | 25/50 [06:39<07:17, 17.49s/it]                 
Task 1, Epoch 26/50 => Loss 0.400, Train_accy 89.02:  52%|█████▏    | 26/50 [06:39<06:25, 16.07s/it]
Task 1, Epoch 27/50 => Loss 0.431, Train_accy 88.46:  52%|█████▏    | 26/50 [06:52<06:25, 16.07s/it]
Task 1, Epoch 27/50 => Loss 0.431, Train_accy 88.46:  54%|█████▍    | 27/50 [06:52<05:45, 15.02s/it]
Task 1, Epoch 28/50 => Loss 0.413, Train_accy 88.70:  54%|█████▍    | 27/50 [07:05<05:45, 15.02s/it]
Task 1, Epoch 28/50 => Loss 0.413, Train_accy 88.70:  56%|█████▌    | 28/50 [07:05<05:15, 14.32s/it]
Task 1, Epoch 29/50 => Loss 0.376, Train_accy 90.12:  56%|█████▌    | 28/50 [07:18<05:15, 14.32s/it]
Task 1, Epoch 29/50 => Loss 0.376, Train_accy 90.12:  58%|█████▊    | 29/50 [07:18<04:51, 13.88s/it]
Task 1, Epoch 30/50 => Loss 0.408, Train_accy 88.48, Test_accy 78.02:  58%|█████▊    | 29/50 [07:43<04:51, 13.88s/it]
Task 1, Epoch 30/50 => Loss 0.408, Train_accy 88.48, Test_accy 78.02:  60%|██████    | 30/50 [07:43<05:48, 17.41s/it]
Task 1, Epoch 31/50 => Loss 0.384, Train_accy 89.50:  60%|██████    | 30/50 [08:08<05:48, 17.41s/it]                 
Task 1, Epoch 31/50 => Loss 0.384, Train_accy 89.50:  62%|██████▏   | 31/50 [08:08<06:14, 19.69s/it]
Task 1, Epoch 32/50 => Loss 0.362, Train_accy 89.91:  62%|██████▏   | 31/50 [08:34<06:14, 19.69s/it]
Task 1, Epoch 32/50 => Loss 0.362, Train_accy 89.91:  64%|██████▍   | 32/50 [08:34<06:25, 21.44s/it]
Task 1, Epoch 33/50 => Loss 0.387, Train_accy 89.60:  64%|██████▍   | 32/50 [08:59<06:25, 21.44s/it]
Task 1, Epoch 33/50 => Loss 0.387, Train_accy 89.60:  66%|██████▌   | 33/50 [08:59<06:23, 22.58s/it]
Task 1, Epoch 34/50 => Loss 0.347, Train_accy 90.49:  66%|██████▌   | 33/50 [09:24<06:23, 22.58s/it]
Task 1, Epoch 34/50 => Loss 0.347, Train_accy 90.49:  68%|██████▊   | 34/50 [09:24<06:13, 23.33s/it]
Task 1, Epoch 35/50 => Loss 0.351, Train_accy 90.38, Test_accy 78.30:  68%|██████▊   | 34/50 [10:02<06:13, 23.33s/it]
Task 1, Epoch 35/50 => Loss 0.351, Train_accy 90.38, Test_accy 78.30:  70%|███████   | 35/50 [10:02<06:56, 27.78s/it]
Task 1, Epoch 36/50 => Loss 0.361, Train_accy 90.23:  70%|███████   | 35/50 [10:27<06:56, 27.78s/it]                 
Task 1, Epoch 36/50 => Loss 0.361, Train_accy 90.23:  72%|███████▏  | 36/50 [10:27<06:17, 26.96s/it]
Task 1, Epoch 37/50 => Loss 0.312, Train_accy 91.46:  72%|███████▏  | 36/50 [10:52<06:17, 26.96s/it]
Task 1, Epoch 37/50 => Loss 0.312, Train_accy 91.46:  74%|███████▍  | 37/50 [10:52<05:43, 26.43s/it]
Task 1, Epoch 38/50 => Loss 0.342, Train_accy 90.47:  74%|███████▍  | 37/50 [11:18<05:43, 26.43s/it]
Task 1, Epoch 38/50 => Loss 0.342, Train_accy 90.47:  76%|███████▌  | 38/50 [11:18<05:12, 26.05s/it]
Task 1, Epoch 39/50 => Loss 0.328, Train_accy 90.83:  76%|███████▌  | 38/50 [11:43<05:12, 26.05s/it]
Task 1, Epoch 39/50 => Loss 0.328, Train_accy 90.83:  78%|███████▊  | 39/50 [11:43<04:43, 25.77s/it]
Task 1, Epoch 40/50 => Loss 0.337, Train_accy 91.01, Test_accy 78.42:  78%|███████▊  | 39/50 [12:21<04:43, 25.77s/it]
Task 1, Epoch 40/50 => Loss 0.337, Train_accy 91.01, Test_accy 78.42:  80%|████████  | 40/50 [12:21<04:55, 29.51s/it]
Task 1, Epoch 41/50 => Loss 0.314, Train_accy 91.20:  80%|████████  | 40/50 [12:46<04:55, 29.51s/it]                 
Task 1, Epoch 41/50 => Loss 0.314, Train_accy 91.20:  82%|████████▏ | 41/50 [12:46<04:14, 28.23s/it]
Task 1, Epoch 42/50 => Loss 0.303, Train_accy 91.54:  82%|████████▏ | 41/50 [13:11<04:14, 28.23s/it]
Task 1, Epoch 42/50 => Loss 0.303, Train_accy 91.54:  84%|████████▍ | 42/50 [13:11<03:38, 27.29s/it]
Task 1, Epoch 43/50 => Loss 0.293, Train_accy 92.11:  84%|████████▍ | 42/50 [13:36<03:38, 27.29s/it]
Task 1, Epoch 43/50 => Loss 0.293, Train_accy 92.11:  86%|████████▌ | 43/50 [13:36<03:06, 26.67s/it]
Task 1, Epoch 44/50 => Loss 0.302, Train_accy 91.72:  86%|████████▌ | 43/50 [14:02<03:06, 26.67s/it]
Task 1, Epoch 44/50 => Loss 0.302, Train_accy 91.72:  88%|████████▊ | 44/50 [14:02<02:37, 26.22s/it]
Task 1, Epoch 45/50 => Loss 0.285, Train_accy 91.80, Test_accy 78.94:  88%|████████▊ | 44/50 [14:40<02:37, 26.22s/it]
Task 1, Epoch 45/50 => Loss 0.285, Train_accy 91.80, Test_accy 78.94:  90%|█████████ | 45/50 [14:40<02:29, 29.89s/it]
Task 1, Epoch 46/50 => Loss 0.303, Train_accy 91.52:  90%|█████████ | 45/50 [15:05<02:29, 29.89s/it]                 
Task 1, Epoch 46/50 => Loss 0.303, Train_accy 91.52:  92%|█████████▏| 46/50 [15:05<01:53, 28.46s/it]
Task 1, Epoch 47/50 => Loss 0.276, Train_accy 92.41:  92%|█████████▏| 46/50 [15:30<01:53, 28.46s/it]
Task 1, Epoch 47/50 => Loss 0.276, Train_accy 92.41:  94%|█████████▍| 47/50 [15:30<01:22, 27.46s/it]
Task 1, Epoch 48/50 => Loss 0.301, Train_accy 91.33:  94%|█████████▍| 47/50 [15:56<01:22, 27.46s/it]
Task 1, Epoch 48/50 => Loss 0.301, Train_accy 91.33:  96%|█████████▌| 48/50 [15:56<00:53, 26.94s/it]
Task 1, Epoch 49/50 => Loss 0.282, Train_accy 92.41:  96%|█████████▌| 48/50 [16:21<00:53, 26.94s/it]
Task 1, Epoch 49/50 => Loss 0.282, Train_accy 92.41:  98%|█████████▊| 49/50 [16:21<00:26, 26.47s/it]
Task 1, Epoch 50/50 => Loss 0.284, Train_accy 91.89, Test_accy 79.22:  98%|█████████▊| 49/50 [17:00<00:26, 26.47s/it]
Task 1, Epoch 50/50 => Loss 0.284, Train_accy 91.89, Test_accy 79.22: 100%|██████████| 50/50 [17:00<00:00, 30.07s/it]
Task 1, Epoch 50/50 => Loss 0.284, Train_accy 91.89, Test_accy 79.22: 100%|██████████| 50/50 [17:00<00:00, 20.41s/it]
2025-07-07 22:56:41,224 [lae.py] => Task 1, Epoch 50/50 => Loss 0.284, Train_accy 91.89, Test_accy 79.22
Time for task 1: 1020.4545297622681
2025-07-07 22:56:54,383 [trainer.py] => No NME accuracy.
2025-07-07 22:56:54,383 [trainer.py] => CNN: {'total': 79.22, '00-39': 82.97, '40-79': 75.02, 'old': 82.97, 'new': 75.02}
2025-07-07 22:56:54,383 [trainer.py] => CNN top1 curve: [84.78, 79.22]
2025-07-07 22:56:54,383 [trainer.py] => CNN top5 curve: [94.7, 92.27]

Average Accuracy (CNN): 82.0
2025-07-07 22:56:54,383 [trainer.py] => Average Accuracy (CNN): 82.0 

2025-07-07 22:56:54,384 [trainer.py] => All params: 86167396
2025-07-07 22:56:54,385 [trainer.py] => Trainable params: 215130
2025-07-07 22:56:54,386 [lae.py] => Learning on 80-120

  0%|          | 0/50 [00:00<?, ?it/s]
Task 2, Epoch 1/50 => Loss 4.310, Train_accy 18.31:   0%|          | 0/50 [00:14<?, ?it/s]
Task 2, Epoch 1/50 => Loss 4.310, Train_accy 18.31:   2%|▏         | 1/50 [00:14<12:07, 14.84s/it]
Task 2, Epoch 2/50 => Loss 2.045, Train_accy 51.30:   2%|▏         | 1/50 [00:28<12:07, 14.84s/it]
Task 2, Epoch 2/50 => Loss 2.045, Train_accy 51.30:   4%|▍         | 2/50 [00:28<11:10, 13.96s/it]
Task 2, Epoch 3/50 => Loss 1.446, Train_accy 63.41:   4%|▍         | 2/50 [00:41<11:10, 13.96s/it]
Task 2, Epoch 3/50 => Loss 1.446, Train_accy 63.41:   6%|▌         | 3/50 [00:41<10:41, 13.64s/it]
Task 2, Epoch 4/50 => Loss 1.156, Train_accy 70.45:   6%|▌         | 3/50 [00:55<10:41, 13.64s/it]
Task 2, Epoch 4/50 => Loss 1.156, Train_accy 70.45:   8%|▊         | 4/50 [00:55<10:27, 13.65s/it]
Task 2, Epoch 5/50 => Loss 0.995, Train_accy 73.84, Test_accy 69.79:   8%|▊         | 4/50 [01:27<10:27, 13.65s/it]
Task 2, Epoch 5/50 => Loss 0.995, Train_accy 73.84, Test_accy 69.79:  10%|█         | 5/50 [01:27<15:16, 20.36s/it]
Task 2, Epoch 6/50 => Loss 0.902, Train_accy 76.05:  10%|█         | 5/50 [01:40<15:16, 20.36s/it]                 
Task 2, Epoch 6/50 => Loss 0.902, Train_accy 76.05:  12%|█▏        | 6/50 [01:40<13:12, 18.02s/it]
Task 2, Epoch 7/50 => Loss 0.802, Train_accy 77.81:  12%|█▏        | 6/50 [01:53<13:12, 18.02s/it]
Task 2, Epoch 7/50 => Loss 0.802, Train_accy 77.81:  14%|█▍        | 7/50 [01:53<11:45, 16.40s/it]
Task 2, Epoch 8/50 => Loss 0.762, Train_accy 79.57:  14%|█▍        | 7/50 [02:07<11:45, 16.40s/it]
Task 2, Epoch 8/50 => Loss 0.762, Train_accy 79.57:  16%|█▌        | 8/50 [02:07<10:46, 15.40s/it]
Task 2, Epoch 9/50 => Loss 0.669, Train_accy 81.78:  16%|█▌        | 8/50 [02:20<10:46, 15.40s/it]
Task 2, Epoch 9/50 => Loss 0.669, Train_accy 81.78:  18%|█▊        | 9/50 [02:20<10:03, 14.72s/it]
Task 2, Epoch 10/50 => Loss 0.666, Train_accy 82.02, Test_accy 72.84:  18%|█▊        | 9/50 [02:52<10:03, 14.72s/it]
Task 2, Epoch 10/50 => Loss 0.666, Train_accy 82.02, Test_accy 72.84:  20%|██        | 10/50 [02:52<13:25, 20.15s/it]
Task 2, Epoch 11/50 => Loss 0.595, Train_accy 83.60:  20%|██        | 10/50 [03:06<13:25, 20.15s/it]                 
Task 2, Epoch 11/50 => Loss 0.595, Train_accy 83.60:  22%|██▏       | 11/50 [03:06<11:44, 18.07s/it]
Task 2, Epoch 12/50 => Loss 0.585, Train_accy 82.98:  22%|██▏       | 11/50 [03:19<11:44, 18.07s/it]
Task 2, Epoch 12/50 => Loss 0.585, Train_accy 82.98:  24%|██▍       | 12/50 [03:19<10:34, 16.69s/it]
Task 2, Epoch 13/50 => Loss 0.560, Train_accy 84.61:  24%|██▍       | 12/50 [03:32<10:34, 16.69s/it]
Task 2, Epoch 13/50 => Loss 0.560, Train_accy 84.61:  26%|██▌       | 13/50 [03:32<09:39, 15.66s/it]
Task 2, Epoch 14/50 => Loss 0.549, Train_accy 85.23:  26%|██▌       | 13/50 [03:46<09:39, 15.66s/it]
Task 2, Epoch 14/50 => Loss 0.549, Train_accy 85.23:  28%|██▊       | 14/50 [03:46<08:58, 14.97s/it]
Task 2, Epoch 15/50 => Loss 0.501, Train_accy 85.95, Test_accy 74.32:  28%|██▊       | 14/50 [04:18<08:58, 14.97s/it]
Task 2, Epoch 15/50 => Loss 0.501, Train_accy 85.95, Test_accy 74.32:  30%|███       | 15/50 [04:18<11:43, 20.10s/it]
Task 2, Epoch 16/50 => Loss 0.508, Train_accy 86.03:  30%|███       | 15/50 [04:31<11:43, 20.10s/it]                 
Task 2, Epoch 16/50 => Loss 0.508, Train_accy 86.03:  32%|███▏      | 16/50 [04:31<10:12, 18.02s/it]
Task 2, Epoch 17/50 => Loss 0.467, Train_accy 87.48:  32%|███▏      | 16/50 [04:44<10:12, 18.02s/it]
Task 2, Epoch 17/50 => Loss 0.467, Train_accy 87.48:  34%|███▍      | 17/50 [04:44<09:08, 16.61s/it]
Task 2, Epoch 18/50 => Loss 0.452, Train_accy 87.52:  34%|███▍      | 17/50 [04:58<09:08, 16.61s/it]
Task 2, Epoch 18/50 => Loss 0.452, Train_accy 87.52:  36%|███▌      | 18/50 [04:58<08:19, 15.61s/it]
Task 2, Epoch 19/50 => Loss 0.436, Train_accy 87.77:  36%|███▌      | 18/50 [05:11<08:19, 15.61s/it]
Task 2, Epoch 19/50 => Loss 0.436, Train_accy 87.77:  38%|███▊      | 19/50 [05:11<07:42, 14.91s/it]
Task 2, Epoch 20/50 => Loss 0.423, Train_accy 88.68, Test_accy 74.73:  38%|███▊      | 19/50 [05:43<07:42, 14.91s/it]
Task 2, Epoch 20/50 => Loss 0.423, Train_accy 88.68, Test_accy 74.73:  40%|████      | 20/50 [05:43<10:01, 20.04s/it]
Task 2, Epoch 21/50 => Loss 0.439, Train_accy 87.89:  40%|████      | 20/50 [05:56<10:01, 20.04s/it]                 
Task 2, Epoch 21/50 => Loss 0.439, Train_accy 87.89:  42%|████▏     | 21/50 [05:56<08:41, 17.98s/it]
Task 2, Epoch 22/50 => Loss 0.424, Train_accy 88.33:  42%|████▏     | 21/50 [06:09<08:41, 17.98s/it]
Task 2, Epoch 22/50 => Loss 0.424, Train_accy 88.33:  44%|████▍     | 22/50 [06:09<07:41, 16.50s/it]
Task 2, Epoch 23/50 => Loss 0.417, Train_accy 88.43:  44%|████▍     | 22/50 [06:22<07:41, 16.50s/it]
Task 2, Epoch 23/50 => Loss 0.417, Train_accy 88.43:  46%|████▌     | 23/50 [06:22<06:57, 15.47s/it]
Task 2, Epoch 24/50 => Loss 0.371, Train_accy 90.08:  46%|████▌     | 23/50 [06:36<06:57, 15.47s/it]
Task 2, Epoch 24/50 => Loss 0.371, Train_accy 90.08:  48%|████▊     | 24/50 [06:36<06:27, 14.90s/it]
Task 2, Epoch 25/50 => Loss 0.388, Train_accy 89.17, Test_accy 74.87:  48%|████▊     | 24/50 [07:08<06:27, 14.90s/it]
Task 2, Epoch 25/50 => Loss 0.388, Train_accy 89.17, Test_accy 74.87:  50%|█████     | 25/50 [07:08<08:20, 20.00s/it]
Task 2, Epoch 26/50 => Loss 0.373, Train_accy 89.75:  50%|█████     | 25/50 [07:21<08:20, 20.00s/it]                 
Task 2, Epoch 26/50 => Loss 0.373, Train_accy 89.75:  52%|█████▏    | 26/50 [07:21<07:11, 18.00s/it]
Task 2, Epoch 27/50 => Loss 0.375, Train_accy 90.00:  52%|█████▏    | 26/50 [07:34<07:11, 18.00s/it]
Task 2, Epoch 27/50 => Loss 0.375, Train_accy 90.00:  54%|█████▍    | 27/50 [07:34<06:21, 16.59s/it]
Task 2, Epoch 28/50 => Loss 0.375, Train_accy 89.90:  54%|█████▍    | 27/50 [07:47<06:21, 16.59s/it]
Task 2, Epoch 28/50 => Loss 0.375, Train_accy 89.90:  56%|█████▌    | 28/50 [07:47<05:42, 15.57s/it]
Task 2, Epoch 29/50 => Loss 0.340, Train_accy 90.58:  56%|█████▌    | 28/50 [08:01<05:42, 15.57s/it]
Task 2, Epoch 29/50 => Loss 0.340, Train_accy 90.58:  58%|█████▊    | 29/50 [08:01<05:12, 14.88s/it]
Task 2, Epoch 30/50 => Loss 0.346, Train_accy 90.50, Test_accy 75.06:  58%|█████▊    | 29/50 [08:33<05:12, 14.88s/it]
Task 2, Epoch 30/50 => Loss 0.346, Train_accy 90.50, Test_accy 75.06:  60%|██████    | 30/50 [08:33<06:40, 20.02s/it]
Task 2, Epoch 31/50 => Loss 0.365, Train_accy 89.96:  60%|██████    | 30/50 [08:59<06:40, 20.02s/it]                 
Task 2, Epoch 31/50 => Loss 0.365, Train_accy 89.96:  62%|██████▏   | 31/50 [08:59<06:54, 21.82s/it]
Task 2, Epoch 32/50 => Loss 0.350, Train_accy 90.27:  62%|██████▏   | 31/50 [09:25<06:54, 21.82s/it]
Task 2, Epoch 32/50 => Loss 0.350, Train_accy 90.27:  64%|██████▍   | 32/50 [09:25<06:55, 23.08s/it]
Task 2, Epoch 33/50 => Loss 0.337, Train_accy 90.79:  64%|██████▍   | 32/50 [09:51<06:55, 23.08s/it]
Task 2, Epoch 33/50 => Loss 0.337, Train_accy 90.79:  66%|██████▌   | 33/50 [09:51<06:48, 24.01s/it]
Task 2, Epoch 34/50 => Loss 0.336, Train_accy 90.64:  66%|██████▌   | 33/50 [10:17<06:48, 24.01s/it]
Task 2, Epoch 34/50 => Loss 0.336, Train_accy 90.64:  68%|██████▊   | 34/50 [10:17<06:34, 24.66s/it]
Task 2, Epoch 35/50 => Loss 0.307, Train_accy 91.74, Test_accy 75.50:  68%|██████▊   | 34/50 [11:02<06:34, 24.66s/it]
Task 2, Epoch 35/50 => Loss 0.307, Train_accy 91.74, Test_accy 75.50:  70%|███████   | 35/50 [11:02<07:41, 30.79s/it]
Task 2, Epoch 36/50 => Loss 0.317, Train_accy 91.18:  70%|███████   | 35/50 [11:28<07:41, 30.79s/it]                 
Task 2, Epoch 36/50 => Loss 0.317, Train_accy 91.18:  72%|███████▏  | 36/50 [11:28<06:51, 29.41s/it]
Task 2, Epoch 37/50 => Loss 0.312, Train_accy 91.22:  72%|███████▏  | 36/50 [11:55<06:51, 29.41s/it]
Task 2, Epoch 37/50 => Loss 0.312, Train_accy 91.22:  74%|███████▍  | 37/50 [11:55<06:09, 28.44s/it]
Task 2, Epoch 38/50 => Loss 0.321, Train_accy 91.12:  74%|███████▍  | 37/50 [12:21<06:09, 28.44s/it]
Task 2, Epoch 38/50 => Loss 0.321, Train_accy 91.12:  76%|███████▌  | 38/50 [12:21<05:32, 27.73s/it]
Task 2, Epoch 39/50 => Loss 0.315, Train_accy 91.55:  76%|███████▌  | 38/50 [12:47<05:32, 27.73s/it]
Task 2, Epoch 39/50 => Loss 0.315, Train_accy 91.55:  78%|███████▊  | 39/50 [12:47<04:59, 27.24s/it]
Task 2, Epoch 40/50 => Loss 0.302, Train_accy 91.53, Test_accy 75.86:  78%|███████▊  | 39/50 [13:34<04:59, 27.24s/it]
Task 2, Epoch 40/50 => Loss 0.302, Train_accy 91.53, Test_accy 75.86:  80%|████████  | 40/50 [13:34<05:31, 33.12s/it]
Task 2, Epoch 41/50 => Loss 0.318, Train_accy 91.32:  80%|████████  | 40/50 [14:00<05:31, 33.12s/it]                 
Task 2, Epoch 41/50 => Loss 0.318, Train_accy 91.32:  82%|████████▏ | 41/50 [14:00<04:39, 31.06s/it]
Task 2, Epoch 42/50 => Loss 0.277, Train_accy 92.21:  82%|████████▏ | 41/50 [14:26<04:39, 31.06s/it]
Task 2, Epoch 42/50 => Loss 0.277, Train_accy 92.21:  84%|████████▍ | 42/50 [14:26<03:56, 29.62s/it]
Task 2, Epoch 43/50 => Loss 0.297, Train_accy 91.92:  84%|████████▍ | 42/50 [14:52<03:56, 29.62s/it]
Task 2, Epoch 43/50 => Loss 0.297, Train_accy 91.92:  86%|████████▌ | 43/50 [14:52<03:20, 28.60s/it]
Task 2, Epoch 44/50 => Loss 0.282, Train_accy 91.90:  86%|████████▌ | 43/50 [15:19<03:20, 28.60s/it]
Task 2, Epoch 44/50 => Loss 0.282, Train_accy 91.90:  88%|████████▊ | 44/50 [15:19<02:48, 28.02s/it]
Task 2, Epoch 45/50 => Loss 0.268, Train_accy 92.52, Test_accy 75.47:  88%|████████▊ | 44/50 [16:04<02:48, 28.02s/it]
Task 2, Epoch 45/50 => Loss 0.268, Train_accy 92.52, Test_accy 75.47:  90%|█████████ | 45/50 [16:04<02:45, 33.03s/it]
Task 2, Epoch 46/50 => Loss 0.250, Train_accy 93.41:  90%|█████████ | 45/50 [16:30<02:45, 33.03s/it]                 
Task 2, Epoch 46/50 => Loss 0.250, Train_accy 93.41:  92%|█████████▏| 46/50 [16:30<02:03, 30.98s/it]
Task 2, Epoch 47/50 => Loss 0.285, Train_accy 92.13:  92%|█████████▏| 46/50 [16:56<02:03, 30.98s/it]
Task 2, Epoch 47/50 => Loss 0.285, Train_accy 92.13:  94%|█████████▍| 47/50 [16:56<01:28, 29.54s/it]
Task 2, Epoch 48/50 => Loss 0.285, Train_accy 92.05:  94%|█████████▍| 47/50 [17:22<01:28, 29.54s/it]
Task 2, Epoch 48/50 => Loss 0.285, Train_accy 92.05:  96%|█████████▌| 48/50 [17:22<00:57, 28.52s/it]
Task 2, Epoch 49/50 => Loss 0.279, Train_accy 92.27:  96%|█████████▌| 48/50 [17:48<00:57, 28.52s/it]
Task 2, Epoch 49/50 => Loss 0.279, Train_accy 92.27:  98%|█████████▊| 49/50 [17:48<00:27, 27.84s/it]
Task 2, Epoch 50/50 => Loss 0.270, Train_accy 92.81, Test_accy 75.97:  98%|█████████▊| 49/50 [18:33<00:27, 27.84s/it]
Task 2, Epoch 50/50 => Loss 0.270, Train_accy 92.81, Test_accy 75.97: 100%|██████████| 50/50 [18:33<00:00, 32.94s/it]
Task 2, Epoch 50/50 => Loss 0.270, Train_accy 92.81, Test_accy 75.97: 100%|██████████| 50/50 [18:33<00:00, 22.28s/it]
2025-07-07 23:15:28,153 [lae.py] => Task 2, Epoch 50/50 => Loss 0.270, Train_accy 92.81, Test_accy 75.97
Time for task 2: 1113.7689023017883
2025-07-07 23:15:46,844 [trainer.py] => No NME accuracy.
2025-07-07 23:15:46,844 [trainer.py] => CNN: {'total': 75.97, '00-39': 80.39, '40-79': 71.62, '80-119': 75.33, 'old': 76.26, 'new': 75.33}
2025-07-07 23:15:46,845 [trainer.py] => CNN top1 curve: [84.78, 79.22, 75.97]
2025-07-07 23:15:46,845 [trainer.py] => CNN top5 curve: [94.7, 92.27, 89.49]

Average Accuracy (CNN): 79.99
2025-07-07 23:15:46,845 [trainer.py] => Average Accuracy (CNN): 79.99 

2025-07-07 23:15:46,846 [trainer.py] => All params: 86198156
2025-07-07 23:15:46,846 [trainer.py] => Trainable params: 245890
2025-07-07 23:15:46,848 [lae.py] => Learning on 120-160

  0%|          | 0/50 [00:00<?, ?it/s]
Task 3, Epoch 1/50 => Loss 4.529, Train_accy 18.00:   0%|          | 0/50 [00:15<?, ?it/s]
Task 3, Epoch 1/50 => Loss 4.529, Train_accy 18.00:   2%|▏         | 1/50 [00:15<12:42, 15.56s/it]
Task 3, Epoch 2/50 => Loss 2.005, Train_accy 53.38:   2%|▏         | 1/50 [00:29<12:42, 15.56s/it]
Task 3, Epoch 2/50 => Loss 2.005, Train_accy 53.38:   4%|▍         | 2/50 [00:29<11:29, 14.36s/it]
Task 3, Epoch 3/50 => Loss 1.408, Train_accy 65.32:   4%|▍         | 2/50 [00:42<11:29, 14.36s/it]
Task 3, Epoch 3/50 => Loss 1.408, Train_accy 65.32:   6%|▌         | 3/50 [00:42<11:03, 14.12s/it]
Task 3, Epoch 4/50 => Loss 1.087, Train_accy 72.27:   6%|▌         | 3/50 [00:56<11:03, 14.12s/it]
Task 3, Epoch 4/50 => Loss 1.087, Train_accy 72.27:   8%|▊         | 4/50 [00:56<10:45, 14.04s/it]
Task 3, Epoch 5/50 => Loss 0.960, Train_accy 74.55, Test_accy 67.29:   8%|▊         | 4/50 [01:35<10:45, 14.04s/it]
Task 3, Epoch 5/50 => Loss 0.960, Train_accy 74.55, Test_accy 67.29:  10%|█         | 5/50 [01:35<17:05, 22.80s/it]
Task 3, Epoch 6/50 => Loss 0.840, Train_accy 77.98:  10%|█         | 5/50 [01:48<17:05, 22.80s/it]                 
Task 3, Epoch 6/50 => Loss 0.840, Train_accy 77.98:  12%|█▏        | 6/50 [01:48<14:24, 19.65s/it]
Task 3, Epoch 7/50 => Loss 0.793, Train_accy 79.01:  12%|█▏        | 6/50 [02:01<14:24, 19.65s/it]
Task 3, Epoch 7/50 => Loss 0.793, Train_accy 79.01:  14%|█▍        | 7/50 [02:01<12:34, 17.54s/it]
Task 3, Epoch 8/50 => Loss 0.700, Train_accy 80.93:  14%|█▍        | 7/50 [02:15<12:34, 17.54s/it]
Task 3, Epoch 8/50 => Loss 0.700, Train_accy 80.93:  16%|█▌        | 8/50 [02:15<11:22, 16.25s/it]
Task 3, Epoch 9/50 => Loss 0.661, Train_accy 82.33:  16%|█▌        | 8/50 [02:28<11:22, 16.25s/it]
Task 3, Epoch 9/50 => Loss 0.661, Train_accy 82.33:  18%|█▊        | 9/50 [02:28<10:32, 15.42s/it]
Task 3, Epoch 10/50 => Loss 0.609, Train_accy 83.06, Test_accy 70.28:  18%|█▊        | 9/50 [03:07<10:32, 15.42s/it]
Task 3, Epoch 10/50 => Loss 0.609, Train_accy 83.06, Test_accy 70.28:  20%|██        | 10/50 [03:07<15:04, 22.62s/it]
Task 3, Epoch 11/50 => Loss 0.581, Train_accy 84.25:  20%|██        | 10/50 [03:21<15:04, 22.62s/it]                 
Task 3, Epoch 11/50 => Loss 0.581, Train_accy 84.25:  22%|██▏       | 11/50 [03:21<12:54, 19.86s/it]
Task 3, Epoch 12/50 => Loss 0.530, Train_accy 85.69:  22%|██▏       | 11/50 [03:34<12:54, 19.86s/it]
Task 3, Epoch 12/50 => Loss 0.530, Train_accy 85.69:  24%|██▍       | 12/50 [03:34<11:20, 17.90s/it]
Task 3, Epoch 13/50 => Loss 0.520, Train_accy 85.71:  24%|██▍       | 12/50 [03:48<11:20, 17.90s/it]
Task 3, Epoch 13/50 => Loss 0.520, Train_accy 85.71:  26%|██▌       | 13/50 [03:48<10:16, 16.65s/it]
Task 3, Epoch 14/50 => Loss 0.491, Train_accy 86.64:  26%|██▌       | 13/50 [04:02<10:16, 16.65s/it]
Task 3, Epoch 14/50 => Loss 0.491, Train_accy 86.64:  28%|██▊       | 14/50 [04:02<09:27, 15.76s/it]
Task 3, Epoch 15/50 => Loss 0.468, Train_accy 86.70, Test_accy 71.64:  28%|██▊       | 14/50 [04:40<09:27, 15.76s/it]
Task 3, Epoch 15/50 => Loss 0.468, Train_accy 86.70, Test_accy 71.64:  30%|███       | 15/50 [04:40<13:10, 22.60s/it]
Task 3, Epoch 16/50 => Loss 0.445, Train_accy 87.69:  30%|███       | 15/50 [04:54<13:10, 22.60s/it]                 
Task 3, Epoch 16/50 => Loss 0.445, Train_accy 87.69:  32%|███▏      | 16/50 [04:54<11:18, 19.95s/it]
Task 3, Epoch 17/50 => Loss 0.430, Train_accy 88.34:  32%|███▏      | 16/50 [05:08<11:18, 19.95s/it]
Task 3, Epoch 17/50 => Loss 0.430, Train_accy 88.34:  34%|███▍      | 17/50 [05:08<09:57, 18.10s/it]
Task 3, Epoch 18/50 => Loss 0.447, Train_accy 87.53:  34%|███▍      | 17/50 [05:21<09:57, 18.10s/it]
Task 3, Epoch 18/50 => Loss 0.447, Train_accy 87.53:  36%|███▌      | 18/50 [05:21<08:54, 16.71s/it]
Task 3, Epoch 19/50 => Loss 0.412, Train_accy 88.54:  36%|███▌      | 18/50 [05:35<08:54, 16.71s/it]
Task 3, Epoch 19/50 => Loss 0.412, Train_accy 88.54:  38%|███▊      | 19/50 [05:35<08:10, 15.83s/it]
Task 3, Epoch 20/50 => Loss 0.407, Train_accy 88.97, Test_accy 72.55:  38%|███▊      | 19/50 [06:14<08:10, 15.83s/it]
Task 3, Epoch 20/50 => Loss 0.407, Train_accy 88.97, Test_accy 72.55:  40%|████      | 20/50 [06:14<11:19, 22.64s/it]
Task 3, Epoch 21/50 => Loss 0.378, Train_accy 89.49:  40%|████      | 20/50 [06:27<11:19, 22.64s/it]                 
Task 3, Epoch 21/50 => Loss 0.378, Train_accy 89.49:  42%|████▏     | 21/50 [06:27<09:38, 19.94s/it]
Task 3, Epoch 22/50 => Loss 0.369, Train_accy 89.82:  42%|████▏     | 21/50 [06:41<09:38, 19.94s/it]
Task 3, Epoch 22/50 => Loss 0.369, Train_accy 89.82:  44%|████▍     | 22/50 [06:41<08:26, 18.09s/it]
Task 3, Epoch 23/50 => Loss 0.367, Train_accy 89.70:  44%|████▍     | 22/50 [06:55<08:26, 18.09s/it]
Task 3, Epoch 23/50 => Loss 0.367, Train_accy 89.70:  46%|████▌     | 23/50 [06:55<07:32, 16.77s/it]
Task 3, Epoch 24/50 => Loss 0.344, Train_accy 90.36:  46%|████▌     | 23/50 [07:08<07:32, 16.77s/it]
Task 3, Epoch 24/50 => Loss 0.344, Train_accy 90.36:  48%|████▊     | 24/50 [07:08<06:52, 15.85s/it]
Task 3, Epoch 25/50 => Loss 0.366, Train_accy 90.26, Test_accy 72.97:  48%|████▊     | 24/50 [07:47<06:52, 15.85s/it]
Task 3, Epoch 25/50 => Loss 0.366, Train_accy 90.26, Test_accy 72.97:  50%|█████     | 25/50 [07:47<09:25, 22.64s/it]
Task 3, Epoch 26/50 => Loss 0.356, Train_accy 90.45:  50%|█████     | 25/50 [08:00<09:25, 22.64s/it]                 
Task 3, Epoch 26/50 => Loss 0.356, Train_accy 90.45:  52%|█████▏    | 26/50 [08:00<07:56, 19.85s/it]
Task 3, Epoch 27/50 => Loss 0.330, Train_accy 91.01:  52%|█████▏    | 26/50 [08:14<07:56, 19.85s/it]
Task 3, Epoch 27/50 => Loss 0.330, Train_accy 91.01:  54%|█████▍    | 27/50 [08:14<06:53, 17.96s/it]
Task 3, Epoch 28/50 => Loss 0.321, Train_accy 91.30:  54%|█████▍    | 27/50 [08:27<06:53, 17.96s/it]
Task 3, Epoch 28/50 => Loss 0.321, Train_accy 91.30:  56%|█████▌    | 28/50 [08:27<06:04, 16.58s/it]
Task 3, Epoch 29/50 => Loss 0.343, Train_accy 90.67:  56%|█████▌    | 28/50 [08:41<06:04, 16.58s/it]
Task 3, Epoch 29/50 => Loss 0.343, Train_accy 90.67:  58%|█████▊    | 29/50 [08:41<05:28, 15.64s/it]
Task 3, Epoch 30/50 => Loss 0.317, Train_accy 91.11, Test_accy 73.38:  58%|█████▊    | 29/50 [09:19<05:28, 15.64s/it]
Task 3, Epoch 30/50 => Loss 0.317, Train_accy 91.11, Test_accy 73.38:  60%|██████    | 30/50 [09:19<07:28, 22.43s/it]
Task 3, Epoch 31/50 => Loss 0.317, Train_accy 91.44:  60%|██████    | 30/50 [09:45<07:28, 22.43s/it]                 
Task 3, Epoch 31/50 => Loss 0.317, Train_accy 91.44:  62%|██████▏   | 31/50 [09:45<07:29, 23.66s/it]
Task 3, Epoch 32/50 => Loss 0.330, Train_accy 91.40:  62%|██████▏   | 31/50 [10:12<07:29, 23.66s/it]
Task 3, Epoch 32/50 => Loss 0.330, Train_accy 91.40:  64%|██████▍   | 32/50 [10:12<07:21, 24.54s/it]
Task 3, Epoch 33/50 => Loss 0.312, Train_accy 91.32:  64%|██████▍   | 32/50 [10:39<07:21, 24.54s/it]
Task 3, Epoch 33/50 => Loss 0.312, Train_accy 91.32:  66%|██████▌   | 33/50 [10:39<07:08, 25.20s/it]
Task 3, Epoch 34/50 => Loss 0.300, Train_accy 91.80:  66%|██████▌   | 33/50 [11:05<07:08, 25.20s/it]
Task 3, Epoch 34/50 => Loss 0.300, Train_accy 91.80:  68%|██████▊   | 34/50 [11:05<06:49, 25.62s/it]
Task 3, Epoch 35/50 => Loss 0.291, Train_accy 91.52, Test_accy 74.17:  68%|██████▊   | 34/50 [11:57<06:49, 25.62s/it]
Task 3, Epoch 35/50 => Loss 0.291, Train_accy 91.52, Test_accy 74.17:  70%|███████   | 35/50 [11:57<08:21, 33.42s/it]
Task 3, Epoch 36/50 => Loss 0.289, Train_accy 92.04:  70%|███████   | 35/50 [12:24<08:21, 33.42s/it]                 
Task 3, Epoch 36/50 => Loss 0.289, Train_accy 92.04:  72%|███████▏  | 36/50 [12:24<07:19, 31.40s/it]
Task 3, Epoch 37/50 => Loss 0.282, Train_accy 92.53:  72%|███████▏  | 36/50 [12:50<07:19, 31.40s/it]
Task 3, Epoch 37/50 => Loss 0.282, Train_accy 92.53:  74%|███████▍  | 37/50 [12:50<06:29, 29.95s/it]
Task 3, Epoch 38/50 => Loss 0.282, Train_accy 92.17:  74%|███████▍  | 37/50 [13:17<06:29, 29.95s/it]
Task 3, Epoch 38/50 => Loss 0.282, Train_accy 92.17:  76%|███████▌  | 38/50 [13:17<05:48, 29.01s/it]
Task 3, Epoch 39/50 => Loss 0.285, Train_accy 92.37:  76%|███████▌  | 38/50 [13:44<05:48, 29.01s/it]
Task 3, Epoch 39/50 => Loss 0.285, Train_accy 92.37:  78%|███████▊  | 39/50 [13:44<05:11, 28.31s/it]
Task 3, Epoch 40/50 => Loss 0.299, Train_accy 91.98, Test_accy 73.92:  78%|███████▊  | 39/50 [14:36<05:11, 28.31s/it]
Task 3, Epoch 40/50 => Loss 0.299, Train_accy 91.98, Test_accy 73.92:  80%|████████  | 40/50 [14:36<05:53, 35.40s/it]
Task 3, Epoch 41/50 => Loss 0.250, Train_accy 93.18:  80%|████████  | 40/50 [15:02<05:53, 35.40s/it]                 
Task 3, Epoch 41/50 => Loss 0.250, Train_accy 93.18:  82%|████████▏ | 41/50 [15:02<04:55, 32.80s/it]
Task 3, Epoch 42/50 => Loss 0.267, Train_accy 92.79:  82%|████████▏ | 41/50 [15:29<04:55, 32.80s/it]
Task 3, Epoch 42/50 => Loss 0.267, Train_accy 92.79:  84%|████████▍ | 42/50 [15:29<04:08, 31.01s/it]
Task 3, Epoch 43/50 => Loss 0.252, Train_accy 92.83:  84%|████████▍ | 42/50 [15:56<04:08, 31.01s/it]
Task 3, Epoch 43/50 => Loss 0.252, Train_accy 92.83:  86%|████████▌ | 43/50 [15:56<03:28, 29.74s/it]
Task 3, Epoch 44/50 => Loss 0.272, Train_accy 92.25:  86%|████████▌ | 43/50 [16:23<03:28, 29.74s/it]
Task 3, Epoch 44/50 => Loss 0.272, Train_accy 92.25:  88%|████████▊ | 44/50 [16:23<02:53, 28.84s/it]
Task 3, Epoch 45/50 => Loss 0.258, Train_accy 92.69, Test_accy 74.35:  88%|████████▊ | 44/50 [17:14<02:53, 28.84s/it]
Task 3, Epoch 45/50 => Loss 0.258, Train_accy 92.69, Test_accy 74.35:  90%|█████████ | 45/50 [17:14<02:58, 35.73s/it]
Task 3, Epoch 46/50 => Loss 0.250, Train_accy 93.24:  90%|█████████ | 45/50 [17:41<02:58, 35.73s/it]                 
Task 3, Epoch 46/50 => Loss 0.250, Train_accy 93.24:  92%|█████████▏| 46/50 [17:41<02:12, 33.02s/it]
Task 3, Epoch 47/50 => Loss 0.257, Train_accy 92.79:  92%|█████████▏| 46/50 [18:08<02:12, 33.02s/it]
Task 3, Epoch 47/50 => Loss 0.257, Train_accy 92.79:  94%|█████████▍| 47/50 [18:08<01:33, 31.12s/it]
Task 3, Epoch 48/50 => Loss 0.246, Train_accy 93.08:  94%|█████████▍| 47/50 [18:35<01:33, 31.12s/it]
Task 3, Epoch 48/50 => Loss 0.246, Train_accy 93.08:  96%|█████████▌| 48/50 [18:35<00:59, 29.94s/it]
Task 3, Epoch 49/50 => Loss 0.272, Train_accy 92.55:  96%|█████████▌| 48/50 [19:02<00:59, 29.94s/it]
Task 3, Epoch 49/50 => Loss 0.272, Train_accy 92.55:  98%|█████████▊| 49/50 [19:02<00:28, 28.93s/it]
Task 3, Epoch 50/50 => Loss 0.249, Train_accy 93.28, Test_accy 74.15:  98%|█████████▊| 49/50 [19:54<00:28, 28.93s/it]
Task 3, Epoch 50/50 => Loss 0.249, Train_accy 93.28, Test_accy 74.15: 100%|██████████| 50/50 [19:54<00:00, 35.83s/it]
Task 3, Epoch 50/50 => Loss 0.249, Train_accy 93.28, Test_accy 74.15: 100%|██████████| 50/50 [19:54<00:00, 23.88s/it]
2025-07-07 23:35:40,893 [lae.py] => Task 3, Epoch 50/50 => Loss 0.249, Train_accy 93.28, Test_accy 74.15
Time for task 3: 1194.0485017299652
2025-07-07 23:36:06,382 [trainer.py] => No NME accuracy.
2025-07-07 23:36:06,382 [trainer.py] => CNN: {'total': 74.15, '00-39': 79.64, '40-79': 71.62, '80-119': 72.89, '120-159': 71.96, 'old': 74.92, 'new': 71.96}
2025-07-07 23:36:06,382 [trainer.py] => CNN top1 curve: [84.78, 79.22, 75.97, 74.15]
2025-07-07 23:36:06,382 [trainer.py] => CNN top5 curve: [94.7, 92.27, 89.49, 88.23]

Average Accuracy (CNN): 78.53
2025-07-07 23:36:06,382 [trainer.py] => Average Accuracy (CNN): 78.53 

2025-07-07 23:36:06,383 [trainer.py] => All params: 86228916
2025-07-07 23:36:06,383 [trainer.py] => Trainable params: 276650
2025-07-07 23:36:06,385 [lae.py] => Learning on 160-200

  0%|          | 0/50 [00:00<?, ?it/s]
Task 4, Epoch 1/50 => Loss 4.779, Train_accy 13.56:   0%|          | 0/50 [00:12<?, ?it/s]
Task 4, Epoch 1/50 => Loss 4.779, Train_accy 13.56:   2%|▏         | 1/50 [00:12<10:24, 12.74s/it]
Task 4, Epoch 2/50 => Loss 2.278, Train_accy 46.97:   2%|▏         | 1/50 [00:24<10:24, 12.74s/it]
Task 4, Epoch 2/50 => Loss 2.278, Train_accy 46.97:   4%|▍         | 2/50 [00:24<09:44, 12.18s/it]
Task 4, Epoch 3/50 => Loss 1.537, Train_accy 63.06:   4%|▍         | 2/50 [00:36<09:44, 12.18s/it]
Task 4, Epoch 3/50 => Loss 1.537, Train_accy 63.06:   6%|▌         | 3/50 [00:36<09:26, 12.05s/it]
Task 4, Epoch 4/50 => Loss 1.238, Train_accy 69.16:   6%|▌         | 3/50 [00:48<09:26, 12.05s/it]
Task 4, Epoch 4/50 => Loss 1.238, Train_accy 69.16:   8%|▊         | 4/50 [00:48<09:10, 11.96s/it]
Task 4, Epoch 5/50 => Loss 1.060, Train_accy 73.07, Test_accy 67.58:   8%|▊         | 4/50 [01:30<09:10, 11.96s/it]
Task 4, Epoch 5/50 => Loss 1.060, Train_accy 73.07, Test_accy 67.58:  10%|█         | 5/50 [01:30<17:02, 22.73s/it]
Task 4, Epoch 6/50 => Loss 0.960, Train_accy 75.30:  10%|█         | 5/50 [01:41<17:02, 22.73s/it]                 
Task 4, Epoch 6/50 => Loss 0.960, Train_accy 75.30:  12%|█▏        | 6/50 [01:41<13:54, 18.98s/it]
Task 4, Epoch 7/50 => Loss 0.835, Train_accy 77.93:  12%|█▏        | 6/50 [01:53<13:54, 18.98s/it]
Task 4, Epoch 7/50 => Loss 0.835, Train_accy 77.93:  14%|█▍        | 7/50 [01:53<11:51, 16.54s/it]
Task 4, Epoch 8/50 => Loss 0.816, Train_accy 78.97:  14%|█▍        | 7/50 [02:04<11:51, 16.54s/it]
Task 4, Epoch 8/50 => Loss 0.816, Train_accy 78.97:  16%|█▌        | 8/50 [02:04<10:29, 14.99s/it]
Task 4, Epoch 9/50 => Loss 0.730, Train_accy 80.65:  16%|█▌        | 8/50 [02:16<10:29, 14.99s/it]
Task 4, Epoch 9/50 => Loss 0.730, Train_accy 80.65:  18%|█▊        | 9/50 [02:16<09:31, 13.94s/it]
Task 4, Epoch 10/50 => Loss 0.639, Train_accy 82.65, Test_accy 69.47:  18%|█▊        | 9/50 [02:58<09:31, 13.94s/it]
Task 4, Epoch 10/50 => Loss 0.639, Train_accy 82.65, Test_accy 69.47:  20%|██        | 10/50 [02:58<15:04, 22.62s/it]
Task 4, Epoch 11/50 => Loss 0.622, Train_accy 83.00:  20%|██        | 10/50 [03:10<15:04, 22.62s/it]                 
Task 4, Epoch 11/50 => Loss 0.622, Train_accy 83.00:  22%|██▏       | 11/50 [03:10<12:30, 19.26s/it]
Task 4, Epoch 12/50 => Loss 0.598, Train_accy 83.40:  22%|██▏       | 11/50 [03:22<12:30, 19.26s/it]
Task 4, Epoch 12/50 => Loss 0.598, Train_accy 83.40:  24%|██▍       | 12/50 [03:22<10:44, 16.97s/it]
Task 4, Epoch 13/50 => Loss 0.580, Train_accy 84.28:  24%|██▍       | 12/50 [03:33<10:44, 16.97s/it]
Task 4, Epoch 13/50 => Loss 0.580, Train_accy 84.28:  26%|██▌       | 13/50 [03:33<09:27, 15.33s/it]
Task 4, Epoch 14/50 => Loss 0.544, Train_accy 85.04:  26%|██▌       | 13/50 [03:45<09:27, 15.33s/it]
Task 4, Epoch 14/50 => Loss 0.544, Train_accy 85.04:  28%|██▊       | 14/50 [03:45<08:31, 14.20s/it]
Task 4, Epoch 15/50 => Loss 0.533, Train_accy 85.23, Test_accy 70.38:  28%|██▊       | 14/50 [04:26<08:31, 14.20s/it]
Task 4, Epoch 15/50 => Loss 0.533, Train_accy 85.23, Test_accy 70.38:  30%|███       | 15/50 [04:26<13:05, 22.45s/it]
Task 4, Epoch 16/50 => Loss 0.535, Train_accy 84.97:  30%|███       | 15/50 [04:38<13:05, 22.45s/it]                 
Task 4, Epoch 16/50 => Loss 0.535, Train_accy 84.97:  32%|███▏      | 16/50 [04:38<10:53, 19.21s/it]
Task 4, Epoch 17/50 => Loss 0.513, Train_accy 86.11:  32%|███▏      | 16/50 [04:50<10:53, 19.21s/it]
Task 4, Epoch 17/50 => Loss 0.513, Train_accy 86.11:  34%|███▍      | 17/50 [04:50<09:27, 17.20s/it]
Task 4, Epoch 18/50 => Loss 0.457, Train_accy 87.32:  34%|███▍      | 17/50 [05:02<09:27, 17.20s/it]
Task 4, Epoch 18/50 => Loss 0.457, Train_accy 87.32:  36%|███▌      | 18/50 [05:02<08:17, 15.55s/it]
Task 4, Epoch 19/50 => Loss 0.450, Train_accy 87.53:  36%|███▌      | 18/50 [05:14<08:17, 15.55s/it]
Task 4, Epoch 19/50 => Loss 0.450, Train_accy 87.53:  38%|███▊      | 19/50 [05:14<07:25, 14.37s/it]
Task 4, Epoch 20/50 => Loss 0.451, Train_accy 87.77, Test_accy 70.80:  38%|███▊      | 19/50 [05:55<07:25, 14.37s/it]
Task 4, Epoch 20/50 => Loss 0.451, Train_accy 87.77, Test_accy 70.80:  40%|████      | 20/50 [05:55<11:16, 22.54s/it]
Task 4, Epoch 21/50 => Loss 0.451, Train_accy 88.17:  40%|████      | 20/50 [06:07<11:16, 22.54s/it]                 
Task 4, Epoch 21/50 => Loss 0.451, Train_accy 88.17:  42%|████▏     | 21/50 [06:07<09:19, 19.28s/it]
Task 4, Epoch 22/50 => Loss 0.405, Train_accy 89.07:  42%|████▏     | 21/50 [06:19<09:19, 19.28s/it]
Task 4, Epoch 22/50 => Loss 0.405, Train_accy 89.07:  44%|████▍     | 22/50 [06:19<07:57, 17.06s/it]
Task 4, Epoch 23/50 => Loss 0.401, Train_accy 89.45:  44%|████▍     | 22/50 [06:31<07:57, 17.06s/it]
Task 4, Epoch 23/50 => Loss 0.401, Train_accy 89.45:  46%|████▌     | 23/50 [06:31<06:57, 15.46s/it]
Task 4, Epoch 24/50 => Loss 0.382, Train_accy 89.78:  46%|████▌     | 23/50 [06:42<06:57, 15.46s/it]
Task 4, Epoch 24/50 => Loss 0.382, Train_accy 89.78:  48%|████▊     | 24/50 [06:42<06:12, 14.31s/it]
Task 4, Epoch 25/50 => Loss 0.403, Train_accy 89.28, Test_accy 71.03:  48%|████▊     | 24/50 [07:24<06:12, 14.31s/it]
Task 4, Epoch 25/50 => Loss 0.403, Train_accy 89.28, Test_accy 71.03:  50%|█████     | 25/50 [07:24<09:22, 22.48s/it]
Task 4, Epoch 26/50 => Loss 0.406, Train_accy 89.09:  50%|█████     | 25/50 [07:35<09:22, 22.48s/it]                 
Task 4, Epoch 26/50 => Loss 0.406, Train_accy 89.09:  52%|█████▏    | 26/50 [07:35<07:41, 19.23s/it]
Task 4, Epoch 27/50 => Loss 0.367, Train_accy 90.09:  52%|█████▏    | 26/50 [07:47<07:41, 19.23s/it]
Task 4, Epoch 27/50 => Loss 0.367, Train_accy 90.09:  54%|█████▍    | 27/50 [07:47<06:30, 16.97s/it]
Task 4, Epoch 28/50 => Loss 0.374, Train_accy 89.64:  54%|█████▍    | 27/50 [07:59<06:30, 16.97s/it]
Task 4, Epoch 28/50 => Loss 0.374, Train_accy 89.64:  56%|█████▌    | 28/50 [07:59<05:38, 15.38s/it]
Task 4, Epoch 29/50 => Loss 0.360, Train_accy 90.33:  56%|█████▌    | 28/50 [08:10<05:38, 15.38s/it]
Task 4, Epoch 29/50 => Loss 0.360, Train_accy 90.33:  58%|█████▊    | 29/50 [08:10<04:58, 14.24s/it]
Task 4, Epoch 30/50 => Loss 0.367, Train_accy 90.02, Test_accy 71.42:  58%|█████▊    | 29/50 [08:52<04:58, 14.24s/it]
Task 4, Epoch 30/50 => Loss 0.367, Train_accy 90.02, Test_accy 71.42:  60%|██████    | 30/50 [08:52<07:29, 22.47s/it]
Task 4, Epoch 31/50 => Loss 0.324, Train_accy 91.23:  60%|██████    | 30/50 [09:15<07:29, 22.47s/it]                 
Task 4, Epoch 31/50 => Loss 0.324, Train_accy 91.23:  62%|██████▏   | 31/50 [09:15<07:09, 22.58s/it]
Task 4, Epoch 32/50 => Loss 0.373, Train_accy 90.04:  62%|██████▏   | 31/50 [09:38<07:09, 22.58s/it]
Task 4, Epoch 32/50 => Loss 0.373, Train_accy 90.04:  64%|██████▍   | 32/50 [09:38<06:47, 22.65s/it]
Task 4, Epoch 33/50 => Loss 0.312, Train_accy 91.13:  64%|██████▍   | 32/50 [10:01<06:47, 22.65s/it]
Task 4, Epoch 33/50 => Loss 0.312, Train_accy 91.13:  66%|██████▌   | 33/50 [10:01<06:25, 22.70s/it]
Task 4, Epoch 34/50 => Loss 0.331, Train_accy 90.87:  66%|██████▌   | 33/50 [10:24<06:25, 22.70s/it]
Task 4, Epoch 34/50 => Loss 0.331, Train_accy 90.87:  68%|██████▊   | 34/50 [10:24<06:04, 22.79s/it]
Task 4, Epoch 35/50 => Loss 0.317, Train_accy 91.35, Test_accy 71.55:  68%|██████▊   | 34/50 [11:17<06:04, 22.79s/it]
Task 4, Epoch 35/50 => Loss 0.317, Train_accy 91.35, Test_accy 71.55:  70%|███████   | 35/50 [11:17<07:57, 31.86s/it]
Task 4, Epoch 36/50 => Loss 0.345, Train_accy 90.71:  70%|███████   | 35/50 [11:40<07:57, 31.86s/it]                 
Task 4, Epoch 36/50 => Loss 0.345, Train_accy 90.71:  72%|███████▏  | 36/50 [11:40<06:48, 29.18s/it]
Task 4, Epoch 37/50 => Loss 0.292, Train_accy 92.48:  72%|███████▏  | 36/50 [12:03<06:48, 29.18s/it]
Task 4, Epoch 37/50 => Loss 0.292, Train_accy 92.48:  74%|███████▍  | 37/50 [12:03<05:55, 27.34s/it]
Task 4, Epoch 38/50 => Loss 0.301, Train_accy 91.96:  74%|███████▍  | 37/50 [12:26<05:55, 27.34s/it]
Task 4, Epoch 38/50 => Loss 0.301, Train_accy 91.96:  76%|███████▌  | 38/50 [12:26<05:12, 26.04s/it]
Task 4, Epoch 39/50 => Loss 0.326, Train_accy 90.99:  76%|███████▌  | 38/50 [12:48<05:12, 26.04s/it]
Task 4, Epoch 39/50 => Loss 0.326, Train_accy 90.99:  78%|███████▊  | 39/50 [12:48<04:36, 25.09s/it]
Task 4, Epoch 40/50 => Loss 0.305, Train_accy 91.58, Test_accy 71.70:  78%|███████▊  | 39/50 [13:41<04:36, 25.09s/it]
Task 4, Epoch 40/50 => Loss 0.305, Train_accy 91.58, Test_accy 71.70:  80%|████████  | 40/50 [13:41<05:34, 33.43s/it]
Task 4, Epoch 41/50 => Loss 0.276, Train_accy 92.51:  80%|████████  | 40/50 [14:04<05:34, 33.43s/it]                 
Task 4, Epoch 41/50 => Loss 0.276, Train_accy 92.51:  82%|████████▏ | 41/50 [14:04<04:32, 30.33s/it]
Task 4, Epoch 42/50 => Loss 0.286, Train_accy 92.11:  82%|████████▏ | 41/50 [14:28<04:32, 30.33s/it]
Task 4, Epoch 42/50 => Loss 0.286, Train_accy 92.11:  84%|████████▍ | 42/50 [14:28<03:45, 28.21s/it]
Task 4, Epoch 43/50 => Loss 0.284, Train_accy 92.67:  84%|████████▍ | 42/50 [14:51<03:45, 28.21s/it]
Task 4, Epoch 43/50 => Loss 0.284, Train_accy 92.67:  86%|████████▌ | 43/50 [14:51<03:06, 26.67s/it]
Task 4, Epoch 44/50 => Loss 0.314, Train_accy 91.47:  86%|████████▌ | 43/50 [15:14<03:06, 26.67s/it]
Task 4, Epoch 44/50 => Loss 0.314, Train_accy 91.47:  88%|████████▊ | 44/50 [15:14<02:33, 25.60s/it]
Task 4, Epoch 45/50 => Loss 0.281, Train_accy 92.37, Test_accy 71.73:  88%|████████▊ | 44/50 [16:07<02:33, 25.60s/it]
Task 4, Epoch 45/50 => Loss 0.281, Train_accy 92.37, Test_accy 71.73:  90%|█████████ | 45/50 [16:07<02:49, 33.90s/it]
Task 4, Epoch 46/50 => Loss 0.310, Train_accy 91.99:  90%|█████████ | 45/50 [16:30<02:49, 33.90s/it]                 
Task 4, Epoch 46/50 => Loss 0.310, Train_accy 91.99:  92%|█████████▏| 46/50 [16:30<02:02, 30.68s/it]
Task 4, Epoch 47/50 => Loss 0.275, Train_accy 92.41:  92%|█████████▏| 46/50 [16:53<02:02, 30.68s/it]
Task 4, Epoch 47/50 => Loss 0.275, Train_accy 92.41:  94%|█████████▍| 47/50 [16:53<01:25, 28.39s/it]
Task 4, Epoch 48/50 => Loss 0.286, Train_accy 92.11:  94%|█████████▍| 47/50 [17:16<01:25, 28.39s/it]
Task 4, Epoch 48/50 => Loss 0.286, Train_accy 92.11:  96%|█████████▌| 48/50 [17:16<00:53, 26.77s/it]
Task 4, Epoch 49/50 => Loss 0.259, Train_accy 92.96:  96%|█████████▌| 48/50 [17:39<00:53, 26.77s/it]
Task 4, Epoch 49/50 => Loss 0.259, Train_accy 92.96:  98%|█████████▊| 49/50 [17:39<00:25, 25.61s/it]
Task 4, Epoch 50/50 => Loss 0.269, Train_accy 92.91, Test_accy 71.13:  98%|█████████▊| 49/50 [18:32<00:25, 25.61s/it]
Task 4, Epoch 50/50 => Loss 0.269, Train_accy 92.91, Test_accy 71.13: 100%|██████████| 50/50 [18:32<00:00, 33.87s/it]
Task 4, Epoch 50/50 => Loss 0.269, Train_accy 92.91, Test_accy 71.13: 100%|██████████| 50/50 [18:32<00:00, 22.26s/it]
2025-07-07 23:54:39,290 [lae.py] => Task 4, Epoch 50/50 => Loss 0.269, Train_accy 92.91, Test_accy 71.13
Time for task 4: 1112.925321340561
2025-07-07 23:55:09,491 [trainer.py] => No NME accuracy.
2025-07-07 23:55:09,491 [trainer.py] => CNN: {'total': 71.13, '00-39': 77.52, '40-79': 69.84, '80-119': 72.01, '120-159': 70.42, '160-199': 64.52, 'old': 72.55, 'new': 64.52}
2025-07-07 23:55:09,491 [trainer.py] => CNN top1 curve: [84.78, 79.22, 75.97, 74.15, 71.13]
2025-07-07 23:55:09,491 [trainer.py] => CNN top5 curve: [94.7, 92.27, 89.49, 88.23, 87.23]

Average Accuracy (CNN): 77.05
2025-07-07 23:55:09,491 [trainer.py] => Average Accuracy (CNN): 77.05 

Finished imagenetr_init40_inc40: vit_base_patch16_224_in21k_lae  
----------------------------------------------------------------------------------------------------
Accuracy Matrix (CNN):
[[84.78 82.97 80.39 79.64 77.52]
 [ 0.   75.02 71.62 71.62 69.84]
 [ 0.    0.   75.33 72.89 72.01]
 [ 0.    0.    0.   71.96 70.42]
 [ 0.    0.    0.    0.   64.52]]
2025-07-07 23:55:09,493 [trainer.py] => Forgetting (CNN): 4.324999999999996
2025-07-07 23:55:26,126 [trainer.py] => config: ./scripts/lae/lae_omn_B0_Inc30.json
2025-07-07 23:55:26,142 [trainer.py] => prefix:  
2025-07-07 23:55:26,142 [trainer.py] => dataset: omnibenchmark
2025-07-07 23:55:26,142 [trainer.py] => memory_size: 0
2025-07-07 23:55:26,143 [trainer.py] => memory_per_class: 0
2025-07-07 23:55:26,143 [trainer.py] => fixed_memory: False
2025-07-07 23:55:26,143 [trainer.py] => shuffle: True
2025-07-07 23:55:26,143 [trainer.py] => init_cls: 30
2025-07-07 23:55:26,143 [trainer.py] => increment: 30
2025-07-07 23:55:26,143 [trainer.py] => model_name: lae
2025-07-07 23:55:26,143 [trainer.py] => backbone_type: vit_base_patch16_224_in21k_lae
2025-07-07 23:55:26,144 [trainer.py] => device: [device(type='cuda', index=3)]
2025-07-07 23:55:26,144 [trainer.py] => seed: 1993
2025-07-07 23:55:26,144 [trainer.py] => tuned_epoch: 50
2025-07-07 23:55:26,144 [trainer.py] => init_lr: 0.00046875
2025-07-07 23:55:26,144 [trainer.py] => batch_size: 128
2025-07-07 23:55:26,144 [trainer.py] => weight_decay: 0
2025-07-07 23:55:26,144 [trainer.py] => min_lr: 1e-05
2025-07-07 23:55:26,145 [trainer.py] => optimizer: adam
2025-07-07 23:55:26,145 [trainer.py] => scheduler: constant
2025-07-07 23:55:26,145 [trainer.py] => reinit_optimizer: True
2025-07-07 23:55:26,145 [trainer.py] => pretrained: True
2025-07-07 23:55:26,145 [trainer.py] => drop: 0.0
2025-07-07 23:55:26,145 [trainer.py] => drop_path: 0.0
2025-07-07 23:55:26,145 [trainer.py] => ema_decay: 0.9999
2025-07-07 23:55:26,146 [trainer.py] => num_freeze_epochs: 30
2025-07-07 23:55:26,146 [trainer.py] => pet_cls: LoRA
2025-07-07 23:55:26,146 [trainer.py] => pet_length: 10
2025-07-07 23:55:26,146 [trainer.py] => down_sample_dim: 5
2025-07-07 23:55:28,056 [data_manager.py] => [169, 221, 146, 296, 92, 229, 49, 70, 126, 77, 243, 57, 120, 223, 27, 217, 154, 8, 101, 182, 54, 50, 97, 162, 28, 193, 79, 6, 151, 0, 173, 187, 44, 277, 157, 16, 257, 122, 35, 9, 171, 176, 134, 4, 87, 255, 112, 153, 246, 286, 147, 186, 107, 98, 10, 7, 266, 214, 36, 165, 139, 254, 103, 269, 59, 23, 298, 39, 73, 208, 135, 299, 102, 20, 12, 268, 11, 209, 161, 210, 74, 42, 56, 99, 235, 133, 159, 189, 145, 238, 215, 241, 138, 195, 233, 279, 88, 199, 64, 280, 26, 203, 17, 245, 174, 236, 137, 252, 80, 68, 181, 150, 118, 94, 75, 2, 109, 119, 232, 15, 69, 184, 201, 261, 55, 287, 273, 66, 175, 32, 142, 136, 116, 76, 179, 1, 91, 248, 275, 240, 290, 170, 132, 106, 265, 270, 85, 19, 284, 43, 259, 293, 228, 200, 104, 227, 51, 224, 163, 297, 216, 260, 93, 46, 100, 272, 105, 72, 131, 3, 156, 256, 249, 48, 113, 82, 172, 213, 62, 53, 271, 168, 253, 226, 183, 180, 276, 283, 78, 61, 143, 278, 30, 141, 196, 264, 231, 52, 222, 40, 125, 219, 65, 166, 192, 289, 45, 205, 89, 267, 90, 71, 167, 262, 281, 212, 96, 84, 127, 67, 294, 178, 288, 197, 21, 18, 111, 108, 58, 230, 188, 31, 110, 291, 129, 24, 204, 83, 81, 251, 60, 13, 128, 14, 86, 63, 117, 198, 274, 5, 22, 144, 258, 121, 38, 207, 148, 292, 41, 234, 237, 114, 202, 37, 149, 206, 155, 29, 130, 177, 194, 152, 34, 33, 239, 160, 140, 47, 244, 25, 282, 158, 211, 123, 190, 218, 164, 247, 263, 191, 220, 115, 242, 250, 124, 295, 95, 285, 225, 185]
2025-07-07 23:55:34,354 [lae.py] => 85,952,266 model total parameters.
2025-07-07 23:55:34,355 [lae.py] => 0 model training parameters.
2025-07-07 23:55:34,356 [trainer.py] => All params: 86105876
2025-07-07 23:55:34,356 [trainer.py] => Trainable params: 0
2025-07-07 23:55:34,357 [lae.py] => Learning on 0-30

  0%|          | 0/50 [00:00<?, ?it/s]
Task 0, Epoch 1/50 => Loss 1.595, Train_accy 57.11:   0%|          | 0/50 [00:30<?, ?it/s]
Task 0, Epoch 1/50 => Loss 1.595, Train_accy 57.11:   2%|▏         | 1/50 [00:30<24:40, 30.21s/it]
Task 0, Epoch 2/50 => Loss 0.591, Train_accy 80.92:   2%|▏         | 1/50 [00:54<24:40, 30.21s/it]
Task 0, Epoch 2/50 => Loss 0.591, Train_accy 80.92:   4%|▍         | 2/50 [00:54<21:11, 26.48s/it]
Task 0, Epoch 3/50 => Loss 0.478, Train_accy 84.67:   4%|▍         | 2/50 [01:17<21:11, 26.48s/it]
Task 0, Epoch 3/50 => Loss 0.478, Train_accy 84.67:   6%|▌         | 3/50 [01:17<19:47, 25.27s/it]
Task 0, Epoch 4/50 => Loss 0.427, Train_accy 86.10:   6%|▌         | 3/50 [01:41<19:47, 25.27s/it]
Task 0, Epoch 4/50 => Loss 0.427, Train_accy 86.10:   8%|▊         | 4/50 [01:41<18:57, 24.74s/it]
Task 0, Epoch 5/50 => Loss 0.388, Train_accy 87.33, Test_accy 89.17:   8%|▊         | 4/50 [02:12<18:57, 24.74s/it]
Task 0, Epoch 5/50 => Loss 0.388, Train_accy 87.33, Test_accy 89.17:  10%|█         | 5/50 [02:12<20:17, 27.05s/it]
Task 0, Epoch 6/50 => Loss 0.360, Train_accy 88.01:  10%|█         | 5/50 [02:36<20:17, 27.05s/it]                 
Task 0, Epoch 6/50 => Loss 0.360, Train_accy 88.01:  12%|█▏        | 6/50 [02:36<19:03, 25.98s/it]
Task 0, Epoch 7/50 => Loss 0.334, Train_accy 88.60:  12%|█▏        | 6/50 [03:01<19:03, 25.98s/it]
Task 0, Epoch 7/50 => Loss 0.334, Train_accy 88.60:  14%|█▍        | 7/50 [03:01<18:11, 25.39s/it]
Task 0, Epoch 8/50 => Loss 0.321, Train_accy 89.34:  14%|█▍        | 7/50 [03:25<18:11, 25.39s/it]
Task 0, Epoch 8/50 => Loss 0.321, Train_accy 89.34:  16%|█▌        | 8/50 [03:25<17:29, 25.00s/it]
Task 0, Epoch 9/50 => Loss 0.319, Train_accy 89.72:  16%|█▌        | 8/50 [03:49<17:29, 25.00s/it]
Task 0, Epoch 9/50 => Loss 0.319, Train_accy 89.72:  18%|█▊        | 9/50 [03:49<16:49, 24.63s/it]
Task 0, Epoch 10/50 => Loss 0.295, Train_accy 89.91, Test_accy 91.50:  18%|█▊        | 9/50 [04:17<16:49, 24.63s/it]
Task 0, Epoch 10/50 => Loss 0.295, Train_accy 89.91, Test_accy 91.50:  20%|██        | 10/50 [04:17<17:12, 25.80s/it]
Task 0, Epoch 11/50 => Loss 0.277, Train_accy 90.72:  20%|██        | 10/50 [04:41<17:12, 25.80s/it]                 
Task 0, Epoch 11/50 => Loss 0.277, Train_accy 90.72:  22%|██▏       | 11/50 [04:41<16:23, 25.23s/it]
Task 0, Epoch 12/50 => Loss 0.275, Train_accy 90.94:  22%|██▏       | 11/50 [05:05<16:23, 25.23s/it]
Task 0, Epoch 12/50 => Loss 0.275, Train_accy 90.94:  24%|██▍       | 12/50 [05:05<15:44, 24.86s/it]
Task 0, Epoch 13/50 => Loss 0.263, Train_accy 91.54:  24%|██▍       | 12/50 [05:29<15:44, 24.86s/it]
Task 0, Epoch 13/50 => Loss 0.263, Train_accy 91.54:  26%|██▌       | 13/50 [05:29<15:10, 24.62s/it]
Task 0, Epoch 14/50 => Loss 0.255, Train_accy 91.43:  26%|██▌       | 13/50 [05:53<15:10, 24.62s/it]
Task 0, Epoch 14/50 => Loss 0.255, Train_accy 91.43:  28%|██▊       | 14/50 [05:53<14:40, 24.45s/it]
Task 0, Epoch 15/50 => Loss 0.261, Train_accy 91.42, Test_accy 91.33:  28%|██▊       | 14/50 [06:22<14:40, 24.45s/it]
Task 0, Epoch 15/50 => Loss 0.261, Train_accy 91.42, Test_accy 91.33:  30%|███       | 15/50 [06:22<14:58, 25.67s/it]
Task 0, Epoch 16/50 => Loss 0.249, Train_accy 91.77:  30%|███       | 15/50 [06:46<14:58, 25.67s/it]                 
Task 0, Epoch 16/50 => Loss 0.249, Train_accy 91.77:  32%|███▏      | 16/50 [06:46<14:16, 25.20s/it]
Task 0, Epoch 17/50 => Loss 0.245, Train_accy 92.08:  32%|███▏      | 16/50 [07:10<14:16, 25.20s/it]
Task 0, Epoch 17/50 => Loss 0.245, Train_accy 92.08:  34%|███▍      | 17/50 [07:10<13:39, 24.84s/it]
Task 0, Epoch 18/50 => Loss 0.249, Train_accy 91.91:  34%|███▍      | 17/50 [07:34<13:39, 24.84s/it]
Task 0, Epoch 18/50 => Loss 0.249, Train_accy 91.91:  36%|███▌      | 18/50 [07:34<13:07, 24.61s/it]
Task 0, Epoch 19/50 => Loss 0.239, Train_accy 91.97:  36%|███▌      | 18/50 [07:58<13:07, 24.61s/it]
Task 0, Epoch 19/50 => Loss 0.239, Train_accy 91.97:  38%|███▊      | 19/50 [07:58<12:37, 24.43s/it]
Task 0, Epoch 20/50 => Loss 0.236, Train_accy 92.24, Test_accy 91.33:  38%|███▊      | 19/50 [08:26<12:37, 24.43s/it]
Task 0, Epoch 20/50 => Loss 0.236, Train_accy 92.24, Test_accy 91.33:  40%|████      | 20/50 [08:26<12:48, 25.61s/it]
Task 0, Epoch 21/50 => Loss 0.229, Train_accy 92.43:  40%|████      | 20/50 [08:50<12:48, 25.61s/it]                 
Task 0, Epoch 21/50 => Loss 0.229, Train_accy 92.43:  42%|████▏     | 21/50 [08:50<12:08, 25.11s/it]
Task 0, Epoch 22/50 => Loss 0.227, Train_accy 92.59:  42%|████▏     | 21/50 [09:14<12:08, 25.11s/it]
Task 0, Epoch 22/50 => Loss 0.227, Train_accy 92.59:  44%|████▍     | 22/50 [09:14<11:35, 24.82s/it]
Task 0, Epoch 23/50 => Loss 0.224, Train_accy 92.39:  44%|████▍     | 22/50 [09:38<11:35, 24.82s/it]
Task 0, Epoch 23/50 => Loss 0.224, Train_accy 92.39:  46%|████▌     | 23/50 [09:38<11:03, 24.59s/it]
Task 0, Epoch 24/50 => Loss 0.225, Train_accy 92.87:  46%|████▌     | 23/50 [10:02<11:03, 24.59s/it]
Task 0, Epoch 24/50 => Loss 0.225, Train_accy 92.87:  48%|████▊     | 24/50 [10:02<10:35, 24.46s/it]
Task 0, Epoch 25/50 => Loss 0.225, Train_accy 92.67, Test_accy 92.00:  48%|████▊     | 24/50 [10:31<10:35, 24.46s/it]
Task 0, Epoch 25/50 => Loss 0.225, Train_accy 92.67, Test_accy 92.00:  50%|█████     | 25/50 [10:31<10:41, 25.66s/it]
Task 0, Epoch 26/50 => Loss 0.213, Train_accy 92.86:  50%|█████     | 25/50 [10:55<10:41, 25.66s/it]                 
Task 0, Epoch 26/50 => Loss 0.213, Train_accy 92.86:  52%|█████▏    | 26/50 [10:55<10:06, 25.26s/it]
Task 0, Epoch 27/50 => Loss 0.208, Train_accy 92.89:  52%|█████▏    | 26/50 [11:19<10:06, 25.26s/it]
Task 0, Epoch 27/50 => Loss 0.208, Train_accy 92.89:  54%|█████▍    | 27/50 [11:19<09:33, 24.92s/it]
Task 0, Epoch 28/50 => Loss 0.221, Train_accy 92.65:  54%|█████▍    | 27/50 [11:44<09:33, 24.92s/it]
Task 0, Epoch 28/50 => Loss 0.221, Train_accy 92.65:  56%|█████▌    | 28/50 [11:44<09:03, 24.71s/it]
Task 0, Epoch 29/50 => Loss 0.220, Train_accy 92.88:  56%|█████▌    | 28/50 [12:08<09:03, 24.71s/it]
Task 0, Epoch 29/50 => Loss 0.220, Train_accy 92.88:  58%|█████▊    | 29/50 [12:08<08:34, 24.52s/it]
Task 0, Epoch 30/50 => Loss 0.205, Train_accy 93.08, Test_accy 91.67:  58%|█████▊    | 29/50 [12:36<08:34, 24.52s/it]
Task 0, Epoch 30/50 => Loss 0.205, Train_accy 93.08, Test_accy 91.67:  60%|██████    | 30/50 [12:36<08:34, 25.72s/it]
Task 0, Epoch 31/50 => Loss 0.205, Train_accy 93.08:  60%|██████    | 30/50 [13:24<08:34, 25.72s/it]                 
Task 0, Epoch 31/50 => Loss 0.205, Train_accy 93.08:  62%|██████▏   | 31/50 [13:24<10:17, 32.50s/it]
Task 0, Epoch 32/50 => Loss 0.196, Train_accy 93.27:  62%|██████▏   | 31/50 [14:13<10:17, 32.50s/it]
Task 0, Epoch 32/50 => Loss 0.196, Train_accy 93.27:  64%|██████▍   | 32/50 [14:13<11:10, 37.25s/it]
Task 0, Epoch 33/50 => Loss 0.189, Train_accy 93.42:  64%|██████▍   | 32/50 [15:01<11:10, 37.25s/it]
Task 0, Epoch 33/50 => Loss 0.189, Train_accy 93.42:  66%|██████▌   | 33/50 [15:01<11:29, 40.54s/it]
Task 0, Epoch 34/50 => Loss 0.194, Train_accy 93.34:  66%|██████▌   | 33/50 [15:49<11:29, 40.54s/it]
Task 0, Epoch 34/50 => Loss 0.194, Train_accy 93.34:  68%|██████▊   | 34/50 [15:49<11:24, 42.80s/it]
Task 0, Epoch 35/50 => Loss 0.179, Train_accy 93.65, Test_accy 91.50:  68%|██████▊   | 34/50 [16:41<11:24, 42.80s/it]
Task 0, Epoch 35/50 => Loss 0.179, Train_accy 93.65, Test_accy 91.50:  70%|███████   | 35/50 [16:41<11:24, 45.66s/it]
Task 0, Epoch 36/50 => Loss 0.167, Train_accy 94.28:  70%|███████   | 35/50 [17:29<11:24, 45.66s/it]                 
Task 0, Epoch 36/50 => Loss 0.167, Train_accy 94.28:  72%|███████▏  | 36/50 [17:29<10:48, 46.33s/it]
Task 0, Epoch 37/50 => Loss 0.171, Train_accy 94.14:  72%|███████▏  | 36/50 [18:17<10:48, 46.33s/it]
Task 0, Epoch 37/50 => Loss 0.171, Train_accy 94.14:  74%|███████▍  | 37/50 [18:17<10:08, 46.79s/it]
Task 0, Epoch 38/50 => Loss 0.157, Train_accy 94.67:  74%|███████▍  | 37/50 [19:05<10:08, 46.79s/it]
Task 0, Epoch 38/50 => Loss 0.157, Train_accy 94.67:  76%|███████▌  | 38/50 [19:05<09:25, 47.11s/it]
Task 0, Epoch 39/50 => Loss 0.166, Train_accy 94.36:  76%|███████▌  | 38/50 [19:53<09:25, 47.11s/it]
Task 0, Epoch 39/50 => Loss 0.166, Train_accy 94.36:  78%|███████▊  | 39/50 [19:53<08:40, 47.29s/it]
Task 0, Epoch 40/50 => Loss 0.159, Train_accy 94.55, Test_accy 92.67:  78%|███████▊  | 39/50 [20:45<08:40, 47.29s/it]
Task 0, Epoch 40/50 => Loss 0.159, Train_accy 94.55, Test_accy 92.67:  80%|████████  | 40/50 [20:45<08:07, 48.71s/it]
Task 0, Epoch 41/50 => Loss 0.161, Train_accy 94.22:  80%|████████  | 40/50 [21:35<08:07, 48.71s/it]                 
Task 0, Epoch 41/50 => Loss 0.161, Train_accy 94.22:  82%|████████▏ | 41/50 [21:35<07:22, 49.21s/it]
Task 0, Epoch 42/50 => Loss 0.159, Train_accy 94.38:  82%|████████▏ | 41/50 [22:24<07:22, 49.21s/it]
Task 0, Epoch 42/50 => Loss 0.159, Train_accy 94.38:  84%|████████▍ | 42/50 [22:24<06:32, 49.11s/it]
Task 0, Epoch 43/50 => Loss 0.159, Train_accy 94.66:  84%|████████▍ | 42/50 [23:12<06:32, 49.11s/it]
Task 0, Epoch 43/50 => Loss 0.159, Train_accy 94.66:  86%|████████▌ | 43/50 [23:12<05:42, 48.88s/it]
Task 0, Epoch 44/50 => Loss 0.146, Train_accy 95.13:  86%|████████▌ | 43/50 [24:01<05:42, 48.88s/it]
Task 0, Epoch 44/50 => Loss 0.146, Train_accy 95.13:  88%|████████▊ | 44/50 [24:01<04:52, 48.67s/it]
Task 0, Epoch 45/50 => Loss 0.148, Train_accy 95.09, Test_accy 91.50:  88%|████████▊ | 44/50 [24:53<04:52, 48.67s/it]
Task 0, Epoch 45/50 => Loss 0.148, Train_accy 95.09, Test_accy 91.50:  90%|█████████ | 45/50 [24:53<04:08, 49.77s/it]
Task 0, Epoch 46/50 => Loss 0.139, Train_accy 95.26:  90%|█████████ | 45/50 [25:41<04:08, 49.77s/it]                 
Task 0, Epoch 46/50 => Loss 0.139, Train_accy 95.26:  92%|█████████▏| 46/50 [25:41<03:17, 49.32s/it]
Task 0, Epoch 47/50 => Loss 0.140, Train_accy 95.37:  92%|█████████▏| 46/50 [26:29<03:17, 49.32s/it]
Task 0, Epoch 47/50 => Loss 0.140, Train_accy 95.37:  94%|█████████▍| 47/50 [26:29<02:26, 48.89s/it]
Task 0, Epoch 48/50 => Loss 0.148, Train_accy 95.02:  94%|█████████▍| 47/50 [27:17<02:26, 48.89s/it]
Task 0, Epoch 48/50 => Loss 0.148, Train_accy 95.02:  96%|█████████▌| 48/50 [27:17<01:37, 48.68s/it]
Task 0, Epoch 49/50 => Loss 0.142, Train_accy 95.02:  96%|█████████▌| 48/50 [28:05<01:37, 48.68s/it]
Task 0, Epoch 49/50 => Loss 0.142, Train_accy 95.02:  98%|█████████▊| 49/50 [28:05<00:48, 48.46s/it]
Task 0, Epoch 50/50 => Loss 0.142, Train_accy 95.24, Test_accy 91.17:  98%|█████████▊| 49/50 [28:58<00:48, 48.46s/it]
Task 0, Epoch 50/50 => Loss 0.142, Train_accy 95.24, Test_accy 91.17: 100%|██████████| 50/50 [28:58<00:00, 49.68s/it]
Task 0, Epoch 50/50 => Loss 0.142, Train_accy 95.24, Test_accy 91.17: 100%|██████████| 50/50 [28:58<00:00, 34.76s/it]
2025-07-08 00:24:32,878 [lae.py] => Task 0, Epoch 50/50 => Loss 0.142, Train_accy 95.24, Test_accy 91.17
Time for task 0: 1738.529823064804
2025-07-08 00:24:37,272 [trainer.py] => No NME accuracy.
2025-07-08 00:24:37,273 [trainer.py] => CNN: {'total': 91.17, '00-29': 91.17, 'old': 0, 'new': 91.17}
2025-07-08 00:24:37,273 [trainer.py] => CNN top1 curve: [91.17]
2025-07-08 00:24:37,273 [trainer.py] => CNN top5 curve: [99.83]

Average Accuracy (CNN): 91.17
2025-07-08 00:24:37,273 [trainer.py] => Average Accuracy (CNN): 91.17 

2025-07-08 00:24:37,275 [trainer.py] => All params: 86128946
2025-07-08 00:24:37,277 [trainer.py] => Trainable params: 176680
2025-07-08 00:24:37,281 [lae.py] => Learning on 30-60

  0%|          | 0/50 [00:00<?, ?it/s]
Task 1, Epoch 1/50 => Loss 1.692, Train_accy 59.17:   0%|          | 0/50 [00:27<?, ?it/s]
Task 1, Epoch 1/50 => Loss 1.692, Train_accy 59.17:   2%|▏         | 1/50 [00:27<22:29, 27.53s/it]
Task 1, Epoch 2/50 => Loss 0.488, Train_accy 85.96:   2%|▏         | 1/50 [00:52<22:29, 27.53s/it]
Task 1, Epoch 2/50 => Loss 0.488, Train_accy 85.96:   4%|▍         | 2/50 [00:52<20:38, 25.80s/it]
Task 1, Epoch 3/50 => Loss 0.349, Train_accy 89.90:   4%|▍         | 2/50 [01:16<20:38, 25.80s/it]
Task 1, Epoch 3/50 => Loss 0.349, Train_accy 89.90:   6%|▌         | 3/50 [01:16<19:38, 25.08s/it]
Task 1, Epoch 4/50 => Loss 0.312, Train_accy 90.33:   6%|▌         | 3/50 [01:40<19:38, 25.08s/it]
Task 1, Epoch 4/50 => Loss 0.312, Train_accy 90.33:   8%|▊         | 4/50 [01:40<19:01, 24.81s/it]
Task 1, Epoch 5/50 => Loss 0.271, Train_accy 91.37, Test_accy 80.23:   8%|▊         | 4/50 [02:12<19:01, 24.81s/it]
Task 1, Epoch 5/50 => Loss 0.271, Train_accy 91.37, Test_accy 80.23:  10%|█         | 5/50 [02:12<20:25, 27.24s/it]
Task 1, Epoch 6/50 => Loss 0.253, Train_accy 92.19:  10%|█         | 5/50 [02:36<20:25, 27.24s/it]                 
Task 1, Epoch 6/50 => Loss 0.253, Train_accy 92.19:  12%|█▏        | 6/50 [02:36<19:20, 26.37s/it]
Task 1, Epoch 7/50 => Loss 0.239, Train_accy 92.65:  12%|█▏        | 6/50 [03:01<19:20, 26.37s/it]
Task 1, Epoch 7/50 => Loss 0.239, Train_accy 92.65:  14%|█▍        | 7/50 [03:01<18:22, 25.63s/it]
Task 1, Epoch 8/50 => Loss 0.219, Train_accy 93.03:  14%|█▍        | 7/50 [03:25<18:22, 25.63s/it]
Task 1, Epoch 8/50 => Loss 0.219, Train_accy 93.03:  16%|█▌        | 8/50 [03:25<17:41, 25.28s/it]
Task 1, Epoch 9/50 => Loss 0.225, Train_accy 93.09:  16%|█▌        | 8/50 [03:50<17:41, 25.28s/it]
Task 1, Epoch 9/50 => Loss 0.225, Train_accy 93.09:  18%|█▊        | 9/50 [03:50<17:05, 25.01s/it]
Task 1, Epoch 10/50 => Loss 0.217, Train_accy 92.97, Test_accy 82.40:  18%|█▊        | 9/50 [04:21<17:05, 25.01s/it]
Task 1, Epoch 10/50 => Loss 0.217, Train_accy 92.97, Test_accy 82.40:  20%|██        | 10/50 [04:21<17:58, 26.97s/it]
Task 1, Epoch 11/50 => Loss 0.191, Train_accy 94.01:  20%|██        | 10/50 [04:45<17:58, 26.97s/it]                 
Task 1, Epoch 11/50 => Loss 0.191, Train_accy 94.01:  22%|██▏       | 11/50 [04:45<16:58, 26.11s/it]
Task 1, Epoch 12/50 => Loss 0.176, Train_accy 94.41:  22%|██▏       | 11/50 [05:09<16:58, 26.11s/it]
Task 1, Epoch 12/50 => Loss 0.176, Train_accy 94.41:  24%|██▍       | 12/50 [05:09<16:10, 25.55s/it]
Task 1, Epoch 13/50 => Loss 0.185, Train_accy 94.05:  24%|██▍       | 12/50 [05:36<16:10, 25.55s/it]
Task 1, Epoch 13/50 => Loss 0.185, Train_accy 94.05:  26%|██▌       | 13/50 [05:36<15:54, 25.80s/it]
Task 1, Epoch 14/50 => Loss 0.178, Train_accy 94.39:  26%|██▌       | 13/50 [06:01<15:54, 25.80s/it]
Task 1, Epoch 14/50 => Loss 0.178, Train_accy 94.39:  28%|██▊       | 14/50 [06:01<15:18, 25.52s/it]
Task 1, Epoch 15/50 => Loss 0.177, Train_accy 94.18, Test_accy 81.98:  28%|██▊       | 14/50 [06:36<15:18, 25.52s/it]
Task 1, Epoch 15/50 => Loss 0.177, Train_accy 94.18, Test_accy 81.98:  30%|███       | 15/50 [06:36<16:36, 28.46s/it]
Task 1, Epoch 16/50 => Loss 0.178, Train_accy 94.39:  30%|███       | 15/50 [07:00<16:36, 28.46s/it]                 
Task 1, Epoch 16/50 => Loss 0.178, Train_accy 94.39:  32%|███▏      | 16/50 [07:00<15:28, 27.29s/it]
Task 1, Epoch 17/50 => Loss 0.173, Train_accy 94.39:  32%|███▏      | 16/50 [07:25<15:28, 27.29s/it]
Task 1, Epoch 17/50 => Loss 0.173, Train_accy 94.39:  34%|███▍      | 17/50 [07:25<14:29, 26.36s/it]
Task 1, Epoch 18/50 => Loss 0.159, Train_accy 94.66:  34%|███▍      | 17/50 [07:49<14:29, 26.36s/it]
Task 1, Epoch 18/50 => Loss 0.159, Train_accy 94.66:  36%|███▌      | 18/50 [07:49<13:43, 25.73s/it]
Task 1, Epoch 19/50 => Loss 0.159, Train_accy 94.89:  36%|███▌      | 18/50 [08:13<13:43, 25.73s/it]
Task 1, Epoch 19/50 => Loss 0.159, Train_accy 94.89:  38%|███▊      | 19/50 [08:13<13:02, 25.24s/it]
Task 1, Epoch 20/50 => Loss 0.155, Train_accy 94.92, Test_accy 82.99:  38%|███▊      | 19/50 [08:44<13:02, 25.24s/it]
Task 1, Epoch 20/50 => Loss 0.155, Train_accy 94.92, Test_accy 82.99:  40%|████      | 20/50 [08:44<13:33, 27.10s/it]
Task 1, Epoch 21/50 => Loss 0.149, Train_accy 95.03:  40%|████      | 20/50 [09:09<13:33, 27.10s/it]                 
Task 1, Epoch 21/50 => Loss 0.149, Train_accy 95.03:  42%|████▏     | 21/50 [09:09<12:40, 26.24s/it]
Task 1, Epoch 22/50 => Loss 0.143, Train_accy 95.18:  42%|████▏     | 21/50 [09:32<12:40, 26.24s/it]
Task 1, Epoch 22/50 => Loss 0.143, Train_accy 95.18:  44%|████▍     | 22/50 [09:32<11:54, 25.53s/it]
Task 1, Epoch 23/50 => Loss 0.158, Train_accy 95.09:  44%|████▍     | 22/50 [09:57<11:54, 25.53s/it]
Task 1, Epoch 23/50 => Loss 0.158, Train_accy 95.09:  46%|████▌     | 23/50 [09:57<11:17, 25.11s/it]
Task 1, Epoch 24/50 => Loss 0.146, Train_accy 95.06:  46%|████▌     | 23/50 [10:21<11:17, 25.11s/it]
Task 1, Epoch 24/50 => Loss 0.146, Train_accy 95.06:  48%|████▊     | 24/50 [10:21<10:45, 24.82s/it]
Task 1, Epoch 25/50 => Loss 0.134, Train_accy 95.55, Test_accy 83.40:  48%|████▊     | 24/50 [10:52<10:45, 24.82s/it]
Task 1, Epoch 25/50 => Loss 0.134, Train_accy 95.55, Test_accy 83.40:  50%|█████     | 25/50 [10:52<11:09, 26.77s/it]
Task 1, Epoch 26/50 => Loss 0.153, Train_accy 94.99:  50%|█████     | 25/50 [11:16<11:09, 26.77s/it]                 
Task 1, Epoch 26/50 => Loss 0.153, Train_accy 94.99:  52%|█████▏    | 26/50 [11:16<10:23, 25.97s/it]
Task 1, Epoch 27/50 => Loss 0.138, Train_accy 95.34:  52%|█████▏    | 26/50 [11:40<10:23, 25.97s/it]
Task 1, Epoch 27/50 => Loss 0.138, Train_accy 95.34:  54%|█████▍    | 27/50 [11:40<09:44, 25.40s/it]
Task 1, Epoch 28/50 => Loss 0.147, Train_accy 95.20:  54%|█████▍    | 27/50 [12:05<09:44, 25.40s/it]
Task 1, Epoch 28/50 => Loss 0.147, Train_accy 95.20:  56%|█████▌    | 28/50 [12:05<09:11, 25.05s/it]
Task 1, Epoch 29/50 => Loss 0.134, Train_accy 95.66:  56%|█████▌    | 28/50 [12:29<09:11, 25.05s/it]
Task 1, Epoch 29/50 => Loss 0.134, Train_accy 95.66:  58%|█████▊    | 29/50 [12:29<08:40, 24.79s/it]
Task 1, Epoch 30/50 => Loss 0.137, Train_accy 95.60, Test_accy 83.65:  58%|█████▊    | 29/50 [13:00<08:40, 24.79s/it]
Task 1, Epoch 30/50 => Loss 0.137, Train_accy 95.60, Test_accy 83.65:  60%|██████    | 30/50 [13:00<08:57, 26.85s/it]
Task 1, Epoch 31/50 => Loss 0.132, Train_accy 95.76:  60%|██████    | 30/50 [13:48<08:57, 26.85s/it]                 
Task 1, Epoch 31/50 => Loss 0.132, Train_accy 95.76:  62%|██████▏   | 31/50 [13:48<10:31, 33.23s/it]
Task 1, Epoch 32/50 => Loss 0.136, Train_accy 95.66:  62%|██████▏   | 31/50 [14:37<10:31, 33.23s/it]
Task 1, Epoch 32/50 => Loss 0.136, Train_accy 95.66:  64%|██████▍   | 32/50 [14:37<11:19, 37.73s/it]
Task 1, Epoch 33/50 => Loss 0.133, Train_accy 95.78:  64%|██████▍   | 32/50 [15:25<11:19, 37.73s/it]
Task 1, Epoch 33/50 => Loss 0.133, Train_accy 95.78:  66%|██████▌   | 33/50 [15:25<11:34, 40.86s/it]
Task 1, Epoch 34/50 => Loss 0.136, Train_accy 95.39:  66%|██████▌   | 33/50 [16:13<11:34, 40.86s/it]
Task 1, Epoch 34/50 => Loss 0.136, Train_accy 95.39:  68%|██████▊   | 34/50 [16:13<11:30, 43.14s/it]
Task 1, Epoch 35/50 => Loss 0.130, Train_accy 95.90, Test_accy 84.90:  68%|██████▊   | 34/50 [17:09<11:30, 43.14s/it]
Task 1, Epoch 35/50 => Loss 0.130, Train_accy 95.90, Test_accy 84.90:  70%|███████   | 35/50 [17:09<11:42, 46.82s/it]
Task 1, Epoch 36/50 => Loss 0.118, Train_accy 96.12:  70%|███████   | 35/50 [17:57<11:42, 46.82s/it]                 
Task 1, Epoch 36/50 => Loss 0.118, Train_accy 96.12:  72%|███████▏  | 36/50 [17:57<11:02, 47.35s/it]
Task 1, Epoch 37/50 => Loss 0.122, Train_accy 96.10:  72%|███████▏  | 36/50 [18:47<11:02, 47.35s/it]
Task 1, Epoch 37/50 => Loss 0.122, Train_accy 96.10:  74%|███████▍  | 37/50 [18:47<10:23, 47.99s/it]
Task 1, Epoch 38/50 => Loss 0.112, Train_accy 96.40:  74%|███████▍  | 37/50 [19:36<10:23, 47.99s/it]
Task 1, Epoch 38/50 => Loss 0.112, Train_accy 96.40:  76%|███████▌  | 38/50 [19:36<09:38, 48.24s/it]
Task 1, Epoch 39/50 => Loss 0.122, Train_accy 95.98:  76%|███████▌  | 38/50 [20:24<09:38, 48.24s/it]
Task 1, Epoch 39/50 => Loss 0.122, Train_accy 95.98:  78%|███████▊  | 39/50 [20:24<08:51, 48.31s/it]
Task 1, Epoch 40/50 => Loss 0.122, Train_accy 96.08, Test_accy 85.24:  78%|███████▊  | 39/50 [21:20<08:51, 48.31s/it]
Task 1, Epoch 40/50 => Loss 0.122, Train_accy 96.08, Test_accy 85.24:  80%|████████  | 40/50 [21:20<08:26, 50.62s/it]
Task 1, Epoch 41/50 => Loss 0.109, Train_accy 96.49:  80%|████████  | 40/50 [22:08<08:26, 50.62s/it]                 
Task 1, Epoch 41/50 => Loss 0.109, Train_accy 96.49:  82%|████████▏ | 41/50 [22:08<07:29, 49.91s/it]
Task 1, Epoch 42/50 => Loss 0.119, Train_accy 96.10:  82%|████████▏ | 41/50 [22:57<07:29, 49.91s/it]
Task 1, Epoch 42/50 => Loss 0.119, Train_accy 96.10:  84%|████████▍ | 42/50 [22:57<06:35, 49.41s/it]
Task 1, Epoch 43/50 => Loss 0.116, Train_accy 96.21:  84%|████████▍ | 42/50 [23:45<06:35, 49.41s/it]
Task 1, Epoch 43/50 => Loss 0.116, Train_accy 96.21:  86%|████████▌ | 43/50 [23:45<05:44, 49.18s/it]
Task 1, Epoch 44/50 => Loss 0.109, Train_accy 96.42:  86%|████████▌ | 43/50 [24:34<05:44, 49.18s/it]
Task 1, Epoch 44/50 => Loss 0.109, Train_accy 96.42:  88%|████████▊ | 44/50 [24:34<04:54, 49.00s/it]
Task 1, Epoch 45/50 => Loss 0.108, Train_accy 96.47, Test_accy 84.57:  88%|████████▊ | 44/50 [25:29<04:54, 49.00s/it]
Task 1, Epoch 45/50 => Loss 0.108, Train_accy 96.47, Test_accy 84.57:  90%|█████████ | 45/50 [25:29<04:14, 50.98s/it]
Task 1, Epoch 46/50 => Loss 0.105, Train_accy 96.35:  90%|█████████ | 45/50 [26:17<04:14, 50.98s/it]                 
Task 1, Epoch 46/50 => Loss 0.105, Train_accy 96.35:  92%|█████████▏| 46/50 [26:17<03:20, 50.11s/it]
Task 1, Epoch 47/50 => Loss 0.115, Train_accy 96.20:  92%|█████████▏| 46/50 [27:06<03:20, 50.11s/it]
Task 1, Epoch 47/50 => Loss 0.115, Train_accy 96.20:  94%|█████████▍| 47/50 [27:06<02:28, 49.60s/it]
Task 1, Epoch 48/50 => Loss 0.123, Train_accy 96.19:  94%|█████████▍| 47/50 [27:54<02:28, 49.60s/it]
Task 1, Epoch 48/50 => Loss 0.123, Train_accy 96.19:  96%|█████████▌| 48/50 [27:54<01:38, 49.09s/it]
Task 1, Epoch 49/50 => Loss 0.120, Train_accy 96.08:  96%|█████████▌| 48/50 [28:42<01:38, 49.09s/it]
Task 1, Epoch 49/50 => Loss 0.120, Train_accy 96.08:  98%|█████████▊| 49/50 [28:42<00:48, 48.79s/it]
Task 1, Epoch 50/50 => Loss 0.110, Train_accy 96.36, Test_accy 84.40:  98%|█████████▊| 49/50 [29:37<00:48, 48.79s/it]
Task 1, Epoch 50/50 => Loss 0.110, Train_accy 96.36, Test_accy 84.40: 100%|██████████| 50/50 [29:37<00:00, 50.71s/it]
Task 1, Epoch 50/50 => Loss 0.110, Train_accy 96.36, Test_accy 84.40: 100%|██████████| 50/50 [29:37<00:00, 35.55s/it]
2025-07-08 00:54:14,875 [lae.py] => Task 1, Epoch 50/50 => Loss 0.110, Train_accy 96.36, Test_accy 84.40
Time for task 1: 1777.6120059490204
2025-07-08 00:54:21,961 [trainer.py] => No NME accuracy.
2025-07-08 00:54:21,961 [trainer.py] => CNN: {'total': 84.4, '00-29': 79.0, '30-59': 89.82, 'old': 79.0, 'new': 89.82}
2025-07-08 00:54:21,961 [trainer.py] => CNN top1 curve: [91.17, 84.4]
2025-07-08 00:54:21,961 [trainer.py] => CNN top5 curve: [99.83, 98.92]

Average Accuracy (CNN): 87.78
2025-07-08 00:54:21,961 [trainer.py] => Average Accuracy (CNN): 87.78 

2025-07-08 00:54:21,962 [trainer.py] => All params: 86152016
2025-07-08 00:54:21,963 [trainer.py] => Trainable params: 199750
2025-07-08 00:54:21,964 [lae.py] => Learning on 60-90

  0%|          | 0/50 [00:00<?, ?it/s]
Task 2, Epoch 1/50 => Loss 1.829, Train_accy 56.97:   0%|          | 0/50 [00:28<?, ?it/s]
Task 2, Epoch 1/50 => Loss 1.829, Train_accy 56.97:   2%|▏         | 1/50 [00:29<23:41, 29.01s/it]
Task 2, Epoch 2/50 => Loss 0.504, Train_accy 85.22:   2%|▏         | 1/50 [00:54<23:41, 29.01s/it]
Task 2, Epoch 2/50 => Loss 0.504, Train_accy 85.22:   4%|▍         | 2/50 [00:54<21:37, 27.03s/it]
Task 2, Epoch 3/50 => Loss 0.380, Train_accy 87.98:   4%|▍         | 2/50 [01:18<21:37, 27.03s/it]
Task 2, Epoch 3/50 => Loss 0.380, Train_accy 87.98:   6%|▌         | 3/50 [01:18<20:08, 25.71s/it]
Task 2, Epoch 4/50 => Loss 0.322, Train_accy 89.88:   6%|▌         | 3/50 [01:42<20:08, 25.71s/it]
Task 2, Epoch 4/50 => Loss 0.322, Train_accy 89.88:   8%|▊         | 4/50 [01:42<19:00, 24.80s/it]
Task 2, Epoch 5/50 => Loss 0.287, Train_accy 90.73, Test_accy 76.64:   8%|▊         | 4/50 [02:16<19:00, 24.80s/it]
Task 2, Epoch 5/50 => Loss 0.287, Train_accy 90.73, Test_accy 76.64:  10%|█         | 5/50 [02:16<21:04, 28.10s/it]
Task 2, Epoch 6/50 => Loss 0.270, Train_accy 91.32:  10%|█         | 5/50 [02:39<21:04, 28.10s/it]                 
Task 2, Epoch 6/50 => Loss 0.270, Train_accy 91.32:  12%|█▏        | 6/50 [02:39<19:27, 26.54s/it]
Task 2, Epoch 7/50 => Loss 0.247, Train_accy 91.74:  12%|█▏        | 6/50 [03:02<19:27, 26.54s/it]
Task 2, Epoch 7/50 => Loss 0.247, Train_accy 91.74:  14%|█▍        | 7/50 [03:02<18:15, 25.49s/it]
Task 2, Epoch 8/50 => Loss 0.235, Train_accy 92.59:  14%|█▍        | 7/50 [03:26<18:15, 25.49s/it]
Task 2, Epoch 8/50 => Loss 0.235, Train_accy 92.59:  16%|█▌        | 8/50 [03:26<17:24, 24.88s/it]
Task 2, Epoch 9/50 => Loss 0.229, Train_accy 92.47:  16%|█▌        | 8/50 [03:49<17:24, 24.88s/it]
Task 2, Epoch 9/50 => Loss 0.229, Train_accy 92.47:  18%|█▊        | 9/50 [03:49<16:41, 24.43s/it]
Task 2, Epoch 10/50 => Loss 0.212, Train_accy 93.05, Test_accy 77.92:  18%|█▊        | 9/50 [04:24<16:41, 24.43s/it]
Task 2, Epoch 10/50 => Loss 0.212, Train_accy 93.05, Test_accy 77.92:  20%|██        | 10/50 [04:24<18:16, 27.40s/it]
Task 2, Epoch 11/50 => Loss 0.193, Train_accy 93.74:  20%|██        | 10/50 [04:47<18:16, 27.40s/it]                 
Task 2, Epoch 11/50 => Loss 0.193, Train_accy 93.74:  22%|██▏       | 11/50 [04:47<17:05, 26.31s/it]
Task 2, Epoch 12/50 => Loss 0.190, Train_accy 93.94:  22%|██▏       | 11/50 [05:11<17:05, 26.31s/it]
Task 2, Epoch 12/50 => Loss 0.190, Train_accy 93.94:  24%|██▍       | 12/50 [05:11<16:07, 25.47s/it]
Task 2, Epoch 13/50 => Loss 0.189, Train_accy 93.72:  24%|██▍       | 12/50 [05:35<16:07, 25.47s/it]
Task 2, Epoch 13/50 => Loss 0.189, Train_accy 93.72:  26%|██▌       | 13/50 [05:35<15:23, 24.95s/it]
Task 2, Epoch 14/50 => Loss 0.182, Train_accy 93.99:  26%|██▌       | 13/50 [05:58<15:23, 24.95s/it]
Task 2, Epoch 14/50 => Loss 0.182, Train_accy 93.99:  28%|██▊       | 14/50 [05:58<14:45, 24.59s/it]
Task 2, Epoch 15/50 => Loss 0.165, Train_accy 94.46, Test_accy 78.81:  28%|██▊       | 14/50 [06:32<14:45, 24.59s/it]
Task 2, Epoch 15/50 => Loss 0.165, Train_accy 94.46, Test_accy 78.81:  30%|███       | 15/50 [06:32<16:00, 27.43s/it]
Task 2, Epoch 16/50 => Loss 0.171, Train_accy 94.41:  30%|███       | 15/50 [06:56<16:00, 27.43s/it]                 
Task 2, Epoch 16/50 => Loss 0.171, Train_accy 94.41:  32%|███▏      | 16/50 [06:56<14:54, 26.30s/it]
Task 2, Epoch 17/50 => Loss 0.166, Train_accy 94.39:  32%|███▏      | 16/50 [07:20<14:54, 26.30s/it]
Task 2, Epoch 17/50 => Loss 0.166, Train_accy 94.39:  34%|███▍      | 17/50 [07:20<14:01, 25.51s/it]
Task 2, Epoch 18/50 => Loss 0.156, Train_accy 94.95:  34%|███▍      | 17/50 [07:43<14:01, 25.51s/it]
Task 2, Epoch 18/50 => Loss 0.156, Train_accy 94.95:  36%|███▌      | 18/50 [07:43<13:17, 24.91s/it]
Task 2, Epoch 19/50 => Loss 0.163, Train_accy 94.57:  36%|███▌      | 18/50 [08:07<13:17, 24.91s/it]
Task 2, Epoch 19/50 => Loss 0.163, Train_accy 94.57:  38%|███▊      | 19/50 [08:07<12:40, 24.52s/it]
Task 2, Epoch 20/50 => Loss 0.163, Train_accy 94.65, Test_accy 79.42:  38%|███▊      | 19/50 [08:41<12:40, 24.52s/it]
Task 2, Epoch 20/50 => Loss 0.163, Train_accy 94.65, Test_accy 79.42:  40%|████      | 20/50 [08:41<13:38, 27.28s/it]
Task 2, Epoch 21/50 => Loss 0.154, Train_accy 95.12:  40%|████      | 20/50 [09:04<13:38, 27.28s/it]                 
Task 2, Epoch 21/50 => Loss 0.154, Train_accy 95.12:  42%|████▏     | 21/50 [09:04<12:40, 26.24s/it]
Task 2, Epoch 22/50 => Loss 0.148, Train_accy 95.14:  42%|████▏     | 21/50 [09:28<12:40, 26.24s/it]
Task 2, Epoch 22/50 => Loss 0.148, Train_accy 95.14:  44%|████▍     | 22/50 [09:28<11:53, 25.47s/it]
Task 2, Epoch 23/50 => Loss 0.138, Train_accy 95.47:  44%|████▍     | 22/50 [09:52<11:53, 25.47s/it]
Task 2, Epoch 23/50 => Loss 0.138, Train_accy 95.47:  46%|████▌     | 23/50 [09:52<11:13, 24.96s/it]
Task 2, Epoch 24/50 => Loss 0.138, Train_accy 95.68:  46%|████▌     | 23/50 [10:16<11:13, 24.96s/it]
Task 2, Epoch 24/50 => Loss 0.138, Train_accy 95.68:  48%|████▊     | 24/50 [10:16<10:39, 24.61s/it]
Task 2, Epoch 25/50 => Loss 0.148, Train_accy 95.11, Test_accy 79.53:  48%|████▊     | 24/50 [10:49<10:39, 24.61s/it]
Task 2, Epoch 25/50 => Loss 0.148, Train_accy 95.11, Test_accy 79.53:  50%|█████     | 25/50 [10:49<11:22, 27.31s/it]
Task 2, Epoch 26/50 => Loss 0.136, Train_accy 95.34:  50%|█████     | 25/50 [11:13<11:22, 27.31s/it]                 
Task 2, Epoch 26/50 => Loss 0.136, Train_accy 95.34:  52%|█████▏    | 26/50 [11:13<10:27, 26.16s/it]
Task 2, Epoch 27/50 => Loss 0.146, Train_accy 95.13:  52%|█████▏    | 26/50 [11:36<10:27, 26.16s/it]
Task 2, Epoch 27/50 => Loss 0.146, Train_accy 95.13:  54%|█████▍    | 27/50 [11:36<09:43, 25.37s/it]
Task 2, Epoch 28/50 => Loss 0.148, Train_accy 94.94:  54%|█████▍    | 27/50 [12:00<09:43, 25.37s/it]
Task 2, Epoch 28/50 => Loss 0.148, Train_accy 94.94:  56%|█████▌    | 28/50 [12:00<09:07, 24.88s/it]
Task 2, Epoch 29/50 => Loss 0.126, Train_accy 95.82:  56%|█████▌    | 28/50 [12:24<09:07, 24.88s/it]
Task 2, Epoch 29/50 => Loss 0.126, Train_accy 95.82:  58%|█████▊    | 29/50 [12:24<08:34, 24.50s/it]
Task 2, Epoch 30/50 => Loss 0.140, Train_accy 95.34, Test_accy 79.64:  58%|█████▊    | 29/50 [12:57<08:34, 24.50s/it]
Task 2, Epoch 30/50 => Loss 0.140, Train_accy 95.34, Test_accy 79.64:  60%|██████    | 30/50 [12:57<09:04, 27.24s/it]
Task 2, Epoch 31/50 => Loss 0.130, Train_accy 95.68:  60%|██████    | 30/50 [13:44<09:04, 27.24s/it]                 
Task 2, Epoch 31/50 => Loss 0.130, Train_accy 95.68:  62%|██████▏   | 31/50 [13:44<10:30, 33.16s/it]
Task 2, Epoch 32/50 => Loss 0.138, Train_accy 95.68:  62%|██████▏   | 31/50 [14:32<10:30, 33.16s/it]
Task 2, Epoch 32/50 => Loss 0.138, Train_accy 95.68:  64%|██████▍   | 32/50 [14:32<11:12, 37.38s/it]
Task 2, Epoch 33/50 => Loss 0.122, Train_accy 96.03:  64%|██████▍   | 32/50 [15:20<11:12, 37.38s/it]
Task 2, Epoch 33/50 => Loss 0.122, Train_accy 96.03:  66%|██████▌   | 33/50 [15:20<11:32, 40.71s/it]
Task 2, Epoch 34/50 => Loss 0.125, Train_accy 95.84:  66%|██████▌   | 33/50 [16:08<11:32, 40.71s/it]
Task 2, Epoch 34/50 => Loss 0.125, Train_accy 95.84:  68%|██████▊   | 34/50 [16:08<11:25, 42.83s/it]
Task 2, Epoch 35/50 => Loss 0.129, Train_accy 95.90, Test_accy 79.53:  68%|██████▊   | 34/50 [17:08<11:25, 42.83s/it]
Task 2, Epoch 35/50 => Loss 0.129, Train_accy 95.90, Test_accy 79.53:  70%|███████   | 35/50 [17:08<12:02, 48.16s/it]
Task 2, Epoch 36/50 => Loss 0.125, Train_accy 95.77:  70%|███████   | 35/50 [17:56<12:02, 48.16s/it]                 
Task 2, Epoch 36/50 => Loss 0.125, Train_accy 95.77:  72%|███████▏  | 36/50 [17:56<11:12, 48.05s/it]
Task 2, Epoch 37/50 => Loss 0.115, Train_accy 96.30:  72%|███████▏  | 36/50 [18:43<11:12, 48.05s/it]
Task 2, Epoch 37/50 => Loss 0.115, Train_accy 96.30:  74%|███████▍  | 37/50 [18:43<10:21, 47.77s/it]
Task 2, Epoch 38/50 => Loss 0.123, Train_accy 95.81:  74%|███████▍  | 37/50 [19:32<10:21, 47.77s/it]
Task 2, Epoch 38/50 => Loss 0.123, Train_accy 95.81:  76%|███████▌  | 38/50 [19:32<09:35, 47.95s/it]
Task 2, Epoch 39/50 => Loss 0.119, Train_accy 96.19:  76%|███████▌  | 38/50 [20:19<09:35, 47.95s/it]
Task 2, Epoch 39/50 => Loss 0.119, Train_accy 96.19:  78%|███████▊  | 39/50 [20:19<08:44, 47.70s/it]
Task 2, Epoch 40/50 => Loss 0.120, Train_accy 96.17, Test_accy 79.81:  78%|███████▊  | 39/50 [21:17<08:44, 47.70s/it]
Task 2, Epoch 40/50 => Loss 0.120, Train_accy 96.17, Test_accy 79.81:  80%|████████  | 40/50 [21:17<08:29, 50.96s/it]
Task 2, Epoch 41/50 => Loss 0.118, Train_accy 96.24:  80%|████████  | 40/50 [22:05<08:29, 50.96s/it]                 
Task 2, Epoch 41/50 => Loss 0.118, Train_accy 96.24:  82%|████████▏ | 41/50 [22:05<07:29, 49.90s/it]
Task 2, Epoch 42/50 => Loss 0.117, Train_accy 96.13:  82%|████████▏ | 41/50 [22:52<07:29, 49.90s/it]
Task 2, Epoch 42/50 => Loss 0.117, Train_accy 96.13:  84%|████████▍ | 42/50 [22:52<06:32, 49.04s/it]
Task 2, Epoch 43/50 => Loss 0.114, Train_accy 96.30:  84%|████████▍ | 42/50 [23:39<06:32, 49.04s/it]
Task 2, Epoch 43/50 => Loss 0.114, Train_accy 96.30:  86%|████████▌ | 43/50 [23:39<05:39, 48.46s/it]
Task 2, Epoch 44/50 => Loss 0.108, Train_accy 96.45:  86%|████████▌ | 43/50 [24:26<05:39, 48.46s/it]
Task 2, Epoch 44/50 => Loss 0.108, Train_accy 96.45:  88%|████████▊ | 44/50 [24:26<04:48, 48.09s/it]
Task 2, Epoch 45/50 => Loss 0.108, Train_accy 96.54, Test_accy 80.37:  88%|████████▊ | 44/50 [25:23<04:48, 48.09s/it]
Task 2, Epoch 45/50 => Loss 0.108, Train_accy 96.54, Test_accy 80.37:  90%|█████████ | 45/50 [25:23<04:14, 50.84s/it]
Task 2, Epoch 46/50 => Loss 0.107, Train_accy 96.57:  90%|█████████ | 45/50 [26:11<04:14, 50.84s/it]                 
Task 2, Epoch 46/50 => Loss 0.107, Train_accy 96.57:  92%|█████████▏| 46/50 [26:11<03:19, 49.77s/it]
Task 2, Epoch 47/50 => Loss 0.108, Train_accy 96.49:  92%|█████████▏| 46/50 [26:58<03:19, 49.77s/it]
Task 2, Epoch 47/50 => Loss 0.108, Train_accy 96.49:  94%|█████████▍| 47/50 [26:58<02:26, 48.96s/it]
Task 2, Epoch 48/50 => Loss 0.117, Train_accy 96.14:  94%|█████████▍| 47/50 [27:45<02:26, 48.96s/it]
Task 2, Epoch 48/50 => Loss 0.117, Train_accy 96.14:  96%|█████████▌| 48/50 [27:45<01:36, 48.38s/it]
Task 2, Epoch 49/50 => Loss 0.106, Train_accy 96.77:  96%|█████████▌| 48/50 [28:32<01:36, 48.38s/it]
Task 2, Epoch 49/50 => Loss 0.106, Train_accy 96.77:  98%|█████████▊| 49/50 [28:32<00:47, 48.00s/it]
Task 2, Epoch 50/50 => Loss 0.112, Train_accy 96.27, Test_accy 80.65:  98%|█████████▊| 49/50 [29:29<00:47, 48.00s/it]
Task 2, Epoch 50/50 => Loss 0.112, Train_accy 96.27, Test_accy 80.65: 100%|██████████| 50/50 [29:29<00:00, 50.69s/it]
Task 2, Epoch 50/50 => Loss 0.112, Train_accy 96.27, Test_accy 80.65: 100%|██████████| 50/50 [29:29<00:00, 35.39s/it]
2025-07-08 01:23:51,310 [lae.py] => Task 2, Epoch 50/50 => Loss 0.112, Train_accy 96.27, Test_accy 80.65
Time for task 2: 1769.3697340488434
2025-07-08 01:24:01,455 [trainer.py] => No NME accuracy.
2025-07-08 01:24:01,455 [trainer.py] => CNN: {'total': 80.65, '00-29': 78.0, '30-59': 85.31, '60-89': 78.63, 'old': 81.65, 'new': 78.63}
2025-07-08 01:24:01,455 [trainer.py] => CNN top1 curve: [91.17, 84.4, 80.65]
2025-07-08 01:24:01,455 [trainer.py] => CNN top5 curve: [99.83, 98.92, 97.89]

Average Accuracy (CNN): 85.41
2025-07-08 01:24:01,456 [trainer.py] => Average Accuracy (CNN): 85.41 

2025-07-08 01:24:01,456 [trainer.py] => All params: 86175086
2025-07-08 01:24:01,457 [trainer.py] => Trainable params: 222820
2025-07-08 01:24:01,459 [lae.py] => Learning on 90-120

  0%|          | 0/50 [00:00<?, ?it/s]
Task 3, Epoch 1/50 => Loss 1.818, Train_accy 56.39:   0%|          | 0/50 [00:29<?, ?it/s]
Task 3, Epoch 1/50 => Loss 1.818, Train_accy 56.39:   2%|▏         | 1/50 [00:29<24:17, 29.74s/it]
Task 3, Epoch 2/50 => Loss 0.533, Train_accy 83.11:   2%|▏         | 1/50 [00:55<24:17, 29.74s/it]
Task 3, Epoch 2/50 => Loss 0.533, Train_accy 83.11:   4%|▍         | 2/50 [00:55<22:09, 27.69s/it]
Task 3, Epoch 3/50 => Loss 0.409, Train_accy 87.10:   4%|▍         | 2/50 [01:21<22:09, 27.69s/it]
Task 3, Epoch 3/50 => Loss 0.409, Train_accy 87.10:   6%|▌         | 3/50 [01:21<20:46, 26.53s/it]
Task 3, Epoch 4/50 => Loss 0.337, Train_accy 89.17:   6%|▌         | 3/50 [01:46<20:46, 26.53s/it]
Task 3, Epoch 4/50 => Loss 0.337, Train_accy 89.17:   8%|▊         | 4/50 [01:46<19:52, 25.92s/it]
Task 3, Epoch 5/50 => Loss 0.323, Train_accy 89.63, Test_accy 72.90:   8%|▊         | 4/50 [02:24<19:52, 25.92s/it]
Task 3, Epoch 5/50 => Loss 0.323, Train_accy 89.63, Test_accy 72.90:  10%|█         | 5/50 [02:24<22:49, 30.43s/it]
Task 3, Epoch 6/50 => Loss 0.287, Train_accy 90.67:  10%|█         | 5/50 [02:50<22:49, 30.43s/it]                 
Task 3, Epoch 6/50 => Loss 0.287, Train_accy 90.67:  12%|█▏        | 6/50 [02:50<21:12, 28.93s/it]
Task 3, Epoch 7/50 => Loss 0.276, Train_accy 90.90:  12%|█▏        | 6/50 [03:16<21:12, 28.93s/it]
Task 3, Epoch 7/50 => Loss 0.276, Train_accy 90.90:  14%|█▍        | 7/50 [03:16<19:56, 27.84s/it]
Task 3, Epoch 8/50 => Loss 0.258, Train_accy 91.59:  14%|█▍        | 7/50 [03:42<19:56, 27.84s/it]
Task 3, Epoch 8/50 => Loss 0.258, Train_accy 91.59:  16%|█▌        | 8/50 [03:42<19:02, 27.21s/it]
Task 3, Epoch 9/50 => Loss 0.231, Train_accy 92.37:  16%|█▌        | 8/50 [04:07<19:02, 27.21s/it]
Task 3, Epoch 9/50 => Loss 0.231, Train_accy 92.37:  18%|█▊        | 9/50 [04:07<18:15, 26.72s/it]
Task 3, Epoch 10/50 => Loss 0.211, Train_accy 92.97, Test_accy 74.74:  18%|█▊        | 9/50 [04:49<18:15, 26.72s/it]
Task 3, Epoch 10/50 => Loss 0.211, Train_accy 92.97, Test_accy 74.74:  20%|██        | 10/50 [04:49<20:59, 31.48s/it]
Task 3, Epoch 11/50 => Loss 0.204, Train_accy 93.27:  20%|██        | 10/50 [05:15<20:59, 31.48s/it]                 
Task 3, Epoch 11/50 => Loss 0.204, Train_accy 93.27:  22%|██▏       | 11/50 [05:15<19:18, 29.72s/it]
Task 3, Epoch 12/50 => Loss 0.202, Train_accy 93.53:  22%|██▏       | 11/50 [05:41<19:18, 29.72s/it]
Task 3, Epoch 12/50 => Loss 0.202, Train_accy 93.53:  24%|██▍       | 12/50 [05:41<18:06, 28.59s/it]
Task 3, Epoch 13/50 => Loss 0.186, Train_accy 93.88:  24%|██▍       | 12/50 [06:07<18:06, 28.59s/it]
Task 3, Epoch 13/50 => Loss 0.186, Train_accy 93.88:  26%|██▌       | 13/50 [06:07<17:07, 27.77s/it]
Task 3, Epoch 14/50 => Loss 0.191, Train_accy 93.68:  26%|██▌       | 13/50 [06:32<17:07, 27.77s/it]
Task 3, Epoch 14/50 => Loss 0.191, Train_accy 93.68:  28%|██▊       | 14/50 [06:32<16:10, 26.96s/it]
Task 3, Epoch 15/50 => Loss 0.187, Train_accy 93.75, Test_accy 75.82:  28%|██▊       | 14/50 [07:12<16:10, 26.96s/it]
Task 3, Epoch 15/50 => Loss 0.187, Train_accy 93.75, Test_accy 75.82:  30%|███       | 15/50 [07:12<18:03, 30.95s/it]
Task 3, Epoch 16/50 => Loss 0.184, Train_accy 94.02:  30%|███       | 15/50 [07:38<18:03, 30.95s/it]                 
Task 3, Epoch 16/50 => Loss 0.184, Train_accy 94.02:  32%|███▏      | 16/50 [07:38<16:40, 29.43s/it]
Task 3, Epoch 17/50 => Loss 0.174, Train_accy 94.13:  32%|███▏      | 16/50 [08:03<16:40, 29.43s/it]
Task 3, Epoch 17/50 => Loss 0.174, Train_accy 94.13:  34%|███▍      | 17/50 [08:03<15:26, 28.09s/it]
Task 3, Epoch 18/50 => Loss 0.165, Train_accy 94.55:  34%|███▍      | 17/50 [08:28<15:26, 28.09s/it]
Task 3, Epoch 18/50 => Loss 0.165, Train_accy 94.55:  36%|███▌      | 18/50 [08:28<14:29, 27.17s/it]
Task 3, Epoch 19/50 => Loss 0.165, Train_accy 94.56:  36%|███▌      | 18/50 [08:54<14:29, 27.17s/it]
Task 3, Epoch 19/50 => Loss 0.165, Train_accy 94.56:  38%|███▊      | 19/50 [08:54<13:46, 26.65s/it]
Task 3, Epoch 20/50 => Loss 0.164, Train_accy 94.62, Test_accy 76.33:  38%|███▊      | 19/50 [09:33<13:46, 26.65s/it]
Task 3, Epoch 20/50 => Loss 0.164, Train_accy 94.62, Test_accy 76.33:  40%|████      | 20/50 [09:33<15:11, 30.38s/it]
Task 3, Epoch 21/50 => Loss 0.163, Train_accy 94.72:  40%|████      | 20/50 [09:57<15:11, 30.38s/it]                 
Task 3, Epoch 21/50 => Loss 0.163, Train_accy 94.72:  42%|████▏     | 21/50 [09:57<13:52, 28.71s/it]
Task 3, Epoch 22/50 => Loss 0.164, Train_accy 94.91:  42%|████▏     | 21/50 [10:22<13:52, 28.71s/it]
Task 3, Epoch 22/50 => Loss 0.164, Train_accy 94.91:  44%|████▍     | 22/50 [10:22<12:52, 27.59s/it]
Task 3, Epoch 23/50 => Loss 0.154, Train_accy 94.79:  44%|████▍     | 22/50 [10:48<12:52, 27.59s/it]
Task 3, Epoch 23/50 => Loss 0.154, Train_accy 94.79:  46%|████▌     | 23/50 [10:48<12:05, 26.87s/it]
Task 3, Epoch 24/50 => Loss 0.151, Train_accy 95.13:  46%|████▌     | 23/50 [11:14<12:05, 26.87s/it]
Task 3, Epoch 24/50 => Loss 0.151, Train_accy 95.13:  48%|████▊     | 24/50 [11:14<11:34, 26.70s/it]
Task 3, Epoch 25/50 => Loss 0.149, Train_accy 95.24, Test_accy 76.62:  48%|████▊     | 24/50 [11:54<11:34, 26.70s/it]
Task 3, Epoch 25/50 => Loss 0.149, Train_accy 95.24, Test_accy 76.62:  50%|█████     | 25/50 [11:54<12:45, 30.62s/it]
Task 3, Epoch 26/50 => Loss 0.153, Train_accy 94.84:  50%|█████     | 25/50 [12:18<12:45, 30.62s/it]                 
Task 3, Epoch 26/50 => Loss 0.153, Train_accy 94.84:  52%|█████▏    | 26/50 [12:18<11:30, 28.76s/it]
Task 3, Epoch 27/50 => Loss 0.150, Train_accy 95.06:  52%|█████▏    | 26/50 [12:43<11:30, 28.76s/it]
Task 3, Epoch 27/50 => Loss 0.150, Train_accy 95.06:  54%|█████▍    | 27/50 [12:43<10:33, 27.53s/it]
Task 3, Epoch 28/50 => Loss 0.143, Train_accy 95.23:  54%|█████▍    | 27/50 [13:07<10:33, 27.53s/it]
Task 3, Epoch 28/50 => Loss 0.143, Train_accy 95.23:  56%|█████▌    | 28/50 [13:07<09:45, 26.63s/it]
Task 3, Epoch 29/50 => Loss 0.138, Train_accy 95.30:  56%|█████▌    | 28/50 [13:32<09:45, 26.63s/it]
Task 3, Epoch 29/50 => Loss 0.138, Train_accy 95.30:  58%|█████▊    | 29/50 [13:32<09:06, 26.00s/it]
Task 3, Epoch 30/50 => Loss 0.141, Train_accy 95.57, Test_accy 77.20:  58%|█████▊    | 29/50 [14:10<09:06, 26.00s/it]
Task 3, Epoch 30/50 => Loss 0.141, Train_accy 95.57, Test_accy 77.20:  60%|██████    | 30/50 [14:10<09:55, 29.75s/it]
Task 3, Epoch 31/50 => Loss 0.141, Train_accy 95.31:  60%|██████    | 30/50 [15:01<09:55, 29.75s/it]                 
Task 3, Epoch 31/50 => Loss 0.141, Train_accy 95.31:  62%|██████▏   | 31/50 [15:01<11:25, 36.09s/it]
Task 3, Epoch 32/50 => Loss 0.131, Train_accy 95.85:  62%|██████▏   | 31/50 [15:52<11:25, 36.09s/it]
Task 3, Epoch 32/50 => Loss 0.131, Train_accy 95.85:  64%|██████▍   | 32/50 [15:52<12:07, 40.42s/it]
Task 3, Epoch 33/50 => Loss 0.136, Train_accy 95.51:  64%|██████▍   | 32/50 [16:42<12:07, 40.42s/it]
Task 3, Epoch 33/50 => Loss 0.136, Train_accy 95.51:  66%|██████▌   | 33/50 [16:42<12:15, 43.28s/it]
Task 3, Epoch 34/50 => Loss 0.130, Train_accy 95.51:  66%|██████▌   | 33/50 [17:31<12:15, 43.28s/it]
Task 3, Epoch 34/50 => Loss 0.130, Train_accy 95.51:  68%|██████▊   | 34/50 [17:32<12:03, 45.25s/it]
Task 3, Epoch 35/50 => Loss 0.135, Train_accy 95.45, Test_accy 77.45:  68%|██████▊   | 34/50 [18:35<12:03, 45.25s/it]
Task 3, Epoch 35/50 => Loss 0.135, Train_accy 95.45, Test_accy 77.45:  70%|███████   | 35/50 [18:35<12:39, 50.65s/it]
Task 3, Epoch 36/50 => Loss 0.139, Train_accy 95.59:  70%|███████   | 35/50 [19:24<12:39, 50.65s/it]                 
Task 3, Epoch 36/50 => Loss 0.139, Train_accy 95.59:  72%|███████▏  | 36/50 [19:24<11:41, 50.11s/it]
Task 3, Epoch 37/50 => Loss 0.120, Train_accy 95.84:  72%|███████▏  | 36/50 [20:13<11:41, 50.11s/it]
Task 3, Epoch 37/50 => Loss 0.120, Train_accy 95.84:  74%|███████▍  | 37/50 [20:13<10:46, 49.75s/it]
Task 3, Epoch 38/50 => Loss 0.137, Train_accy 95.49:  74%|███████▍  | 37/50 [21:01<10:46, 49.75s/it]
Task 3, Epoch 38/50 => Loss 0.137, Train_accy 95.49:  76%|███████▌  | 38/50 [21:01<09:53, 49.44s/it]
Task 3, Epoch 39/50 => Loss 0.117, Train_accy 96.20:  76%|███████▌  | 38/50 [21:50<09:53, 49.44s/it]
Task 3, Epoch 39/50 => Loss 0.117, Train_accy 96.20:  78%|███████▊  | 39/50 [21:50<09:01, 49.25s/it]
Task 3, Epoch 40/50 => Loss 0.131, Train_accy 95.79, Test_accy 77.20:  78%|███████▊  | 39/50 [22:52<09:01, 49.25s/it]
Task 3, Epoch 40/50 => Loss 0.131, Train_accy 95.79, Test_accy 77.20:  80%|████████  | 40/50 [22:52<08:50, 53.03s/it]
Task 3, Epoch 41/50 => Loss 0.117, Train_accy 96.16:  80%|████████  | 40/50 [23:41<08:50, 53.03s/it]                 
Task 3, Epoch 41/50 => Loss 0.117, Train_accy 96.16:  82%|████████▏ | 41/50 [23:41<07:46, 51.81s/it]
Task 3, Epoch 42/50 => Loss 0.124, Train_accy 96.13:  82%|████████▏ | 41/50 [24:30<07:46, 51.81s/it]
Task 3, Epoch 42/50 => Loss 0.124, Train_accy 96.13:  84%|████████▍ | 42/50 [24:30<06:47, 50.95s/it]
Task 3, Epoch 43/50 => Loss 0.114, Train_accy 96.35:  84%|████████▍ | 42/50 [25:19<06:47, 50.95s/it]
Task 3, Epoch 43/50 => Loss 0.114, Train_accy 96.35:  86%|████████▌ | 43/50 [25:19<05:52, 50.33s/it]
Task 3, Epoch 44/50 => Loss 0.119, Train_accy 95.87:  86%|████████▌ | 43/50 [26:08<05:52, 50.33s/it]
Task 3, Epoch 44/50 => Loss 0.119, Train_accy 95.87:  88%|████████▊ | 44/50 [26:08<04:59, 49.91s/it]
Task 3, Epoch 45/50 => Loss 0.120, Train_accy 96.10, Test_accy 77.37:  88%|████████▊ | 44/50 [27:10<04:59, 49.91s/it]
Task 3, Epoch 45/50 => Loss 0.120, Train_accy 96.10, Test_accy 77.37:  90%|█████████ | 45/50 [27:10<04:27, 53.59s/it]
Task 3, Epoch 46/50 => Loss 0.113, Train_accy 96.36:  90%|█████████ | 45/50 [27:59<04:27, 53.59s/it]                 
Task 3, Epoch 46/50 => Loss 0.113, Train_accy 96.36:  92%|█████████▏| 46/50 [27:59<03:28, 52.22s/it]
Task 3, Epoch 47/50 => Loss 0.106, Train_accy 96.49:  92%|█████████▏| 46/50 [28:48<03:28, 52.22s/it]
Task 3, Epoch 47/50 => Loss 0.106, Train_accy 96.49:  94%|█████████▍| 47/50 [28:48<02:33, 51.23s/it]
Task 3, Epoch 48/50 => Loss 0.112, Train_accy 96.38:  94%|█████████▍| 47/50 [29:37<02:33, 51.23s/it]
Task 3, Epoch 48/50 => Loss 0.112, Train_accy 96.38:  96%|█████████▌| 48/50 [29:37<01:41, 50.54s/it]
Task 3, Epoch 49/50 => Loss 0.104, Train_accy 96.59:  96%|█████████▌| 48/50 [30:26<01:41, 50.54s/it]
Task 3, Epoch 49/50 => Loss 0.104, Train_accy 96.59:  98%|█████████▊| 49/50 [30:26<00:50, 50.03s/it]
Task 3, Epoch 50/50 => Loss 0.117, Train_accy 96.23, Test_accy 77.29:  98%|█████████▊| 49/50 [31:27<00:50, 50.03s/it]
Task 3, Epoch 50/50 => Loss 0.117, Train_accy 96.23, Test_accy 77.29: 100%|██████████| 50/50 [31:27<00:00, 53.56s/it]
Task 3, Epoch 50/50 => Loss 0.117, Train_accy 96.23, Test_accy 77.29: 100%|██████████| 50/50 [31:27<00:00, 37.76s/it]
2025-07-08 01:55:29,298 [lae.py] => Task 3, Epoch 50/50 => Loss 0.117, Train_accy 96.23, Test_accy 77.29
Time for task 3: 1887.8584287166595
2025-07-08 01:55:42,378 [trainer.py] => No NME accuracy.
2025-07-08 01:55:42,378 [trainer.py] => CNN: {'total': 77.29, '00-29': 77.17, '30-59': 80.3, '60-89': 75.46, '90-119': 76.21, 'old': 77.64, 'new': 76.21}
2025-07-08 01:55:42,378 [trainer.py] => CNN top1 curve: [91.17, 84.4, 80.65, 77.29]
2025-07-08 01:55:42,378 [trainer.py] => CNN top5 curve: [99.83, 98.92, 97.89, 96.74]

Average Accuracy (CNN): 83.38
2025-07-08 01:55:42,379 [trainer.py] => Average Accuracy (CNN): 83.38 

2025-07-08 01:55:42,380 [trainer.py] => All params: 86198156
2025-07-08 01:55:42,382 [trainer.py] => Trainable params: 245890
2025-07-08 01:55:42,385 [lae.py] => Learning on 120-150

  0%|          | 0/50 [00:00<?, ?it/s]
Task 4, Epoch 1/50 => Loss 1.886, Train_accy 55.82:   0%|          | 0/50 [00:32<?, ?it/s]
Task 4, Epoch 1/50 => Loss 1.886, Train_accy 55.82:   2%|▏         | 1/50 [00:32<26:24, 32.33s/it]
Task 4, Epoch 2/50 => Loss 0.513, Train_accy 84.74:   2%|▏         | 1/50 [00:58<26:24, 32.33s/it]
Task 4, Epoch 2/50 => Loss 0.513, Train_accy 84.74:   4%|▍         | 2/50 [00:58<22:51, 28.57s/it]
Task 4, Epoch 3/50 => Loss 0.395, Train_accy 87.95:   4%|▍         | 2/50 [01:23<22:51, 28.57s/it]
Task 4, Epoch 3/50 => Loss 0.395, Train_accy 87.95:   6%|▌         | 3/50 [01:23<21:18, 27.19s/it]
Task 4, Epoch 4/50 => Loss 0.343, Train_accy 89.24:   6%|▌         | 3/50 [01:49<21:18, 27.19s/it]
Task 4, Epoch 4/50 => Loss 0.343, Train_accy 89.24:   8%|▊         | 4/50 [01:49<20:14, 26.41s/it]
Task 4, Epoch 5/50 => Loss 0.307, Train_accy 90.27, Test_accy 70.67:   8%|▊         | 4/50 [02:32<20:14, 26.41s/it]
Task 4, Epoch 5/50 => Loss 0.307, Train_accy 90.27, Test_accy 70.67:  10%|█         | 5/50 [02:32<24:24, 32.54s/it]
Task 4, Epoch 6/50 => Loss 0.275, Train_accy 91.22:  10%|█         | 5/50 [02:58<24:24, 32.54s/it]                 
Task 4, Epoch 6/50 => Loss 0.275, Train_accy 91.22:  12%|█▏        | 6/50 [02:58<22:22, 30.51s/it]
Task 4, Epoch 7/50 => Loss 0.265, Train_accy 91.21:  12%|█▏        | 6/50 [03:24<22:22, 30.51s/it]
Task 4, Epoch 7/50 => Loss 0.265, Train_accy 91.21:  14%|█▍        | 7/50 [03:24<20:44, 28.94s/it]
Task 4, Epoch 8/50 => Loss 0.245, Train_accy 92.10:  14%|█▍        | 7/50 [03:50<20:44, 28.94s/it]
Task 4, Epoch 8/50 => Loss 0.245, Train_accy 92.10:  16%|█▌        | 8/50 [03:50<19:30, 27.87s/it]
Task 4, Epoch 9/50 => Loss 0.226, Train_accy 92.51:  16%|█▌        | 8/50 [04:15<19:30, 27.87s/it]
Task 4, Epoch 9/50 => Loss 0.226, Train_accy 92.51:  18%|█▊        | 9/50 [04:15<18:22, 26.89s/it]
Task 4, Epoch 10/50 => Loss 0.216, Train_accy 92.46, Test_accy 72.21:  18%|█▊        | 9/50 [04:57<18:22, 26.89s/it]
Task 4, Epoch 10/50 => Loss 0.216, Train_accy 92.46, Test_accy 72.21:  20%|██        | 10/50 [04:57<21:03, 31.58s/it]
Task 4, Epoch 11/50 => Loss 0.207, Train_accy 93.27:  20%|██        | 10/50 [05:21<21:03, 31.58s/it]                 
Task 4, Epoch 11/50 => Loss 0.207, Train_accy 93.27:  22%|██▏       | 11/50 [05:21<19:11, 29.53s/it]
Task 4, Epoch 12/50 => Loss 0.199, Train_accy 93.38:  22%|██▏       | 11/50 [05:46<19:11, 29.53s/it]
Task 4, Epoch 12/50 => Loss 0.199, Train_accy 93.38:  24%|██▍       | 12/50 [05:46<17:45, 28.05s/it]
Task 4, Epoch 13/50 => Loss 0.181, Train_accy 93.93:  24%|██▍       | 12/50 [06:11<17:45, 28.05s/it]
Task 4, Epoch 13/50 => Loss 0.181, Train_accy 93.93:  26%|██▌       | 13/50 [06:11<16:37, 26.97s/it]
Task 4, Epoch 14/50 => Loss 0.186, Train_accy 93.72:  26%|██▌       | 13/50 [06:35<16:37, 26.97s/it]
Task 4, Epoch 14/50 => Loss 0.186, Train_accy 93.72:  28%|██▊       | 14/50 [06:35<15:45, 26.26s/it]
Task 4, Epoch 15/50 => Loss 0.191, Train_accy 93.58, Test_accy 73.41:  28%|██▊       | 14/50 [07:19<15:45, 26.26s/it]
Task 4, Epoch 15/50 => Loss 0.191, Train_accy 93.58, Test_accy 73.41:  30%|███       | 15/50 [07:19<18:26, 31.61s/it]
Task 4, Epoch 16/50 => Loss 0.188, Train_accy 93.69:  30%|███       | 15/50 [07:45<18:26, 31.61s/it]                 
Task 4, Epoch 16/50 => Loss 0.188, Train_accy 93.69:  32%|███▏      | 16/50 [07:45<16:53, 29.81s/it]
Task 4, Epoch 17/50 => Loss 0.172, Train_accy 94.28:  32%|███▏      | 16/50 [08:10<16:53, 29.81s/it]
Task 4, Epoch 17/50 => Loss 0.172, Train_accy 94.28:  34%|███▍      | 17/50 [08:10<15:41, 28.52s/it]
Task 4, Epoch 18/50 => Loss 0.174, Train_accy 94.08:  34%|███▍      | 17/50 [08:36<15:41, 28.52s/it]
Task 4, Epoch 18/50 => Loss 0.174, Train_accy 94.08:  36%|███▌      | 18/50 [08:36<14:43, 27.62s/it]
Task 4, Epoch 19/50 => Loss 0.175, Train_accy 94.16:  36%|███▌      | 18/50 [09:01<14:43, 27.62s/it]
Task 4, Epoch 19/50 => Loss 0.175, Train_accy 94.16:  38%|███▊      | 19/50 [09:01<13:51, 26.83s/it]
Task 4, Epoch 20/50 => Loss 0.160, Train_accy 94.46, Test_accy 73.88:  38%|███▊      | 19/50 [09:44<13:51, 26.83s/it]
Task 4, Epoch 20/50 => Loss 0.160, Train_accy 94.46, Test_accy 73.88:  40%|████      | 20/50 [09:44<15:51, 31.73s/it]
Task 4, Epoch 21/50 => Loss 0.174, Train_accy 94.24:  40%|████      | 20/50 [10:09<15:51, 31.73s/it]                 
Task 4, Epoch 21/50 => Loss 0.174, Train_accy 94.24:  42%|████▏     | 21/50 [10:09<14:25, 29.83s/it]
Task 4, Epoch 22/50 => Loss 0.152, Train_accy 94.86:  42%|████▏     | 21/50 [10:34<14:25, 29.83s/it]
Task 4, Epoch 22/50 => Loss 0.152, Train_accy 94.86:  44%|████▍     | 22/50 [10:34<13:13, 28.33s/it]
Task 4, Epoch 23/50 => Loss 0.146, Train_accy 95.19:  44%|████▍     | 22/50 [11:00<13:13, 28.33s/it]
Task 4, Epoch 23/50 => Loss 0.146, Train_accy 95.19:  46%|████▌     | 23/50 [11:00<12:19, 27.39s/it]
Task 4, Epoch 24/50 => Loss 0.150, Train_accy 95.22:  46%|████▌     | 23/50 [11:25<12:19, 27.39s/it]
Task 4, Epoch 24/50 => Loss 0.150, Train_accy 95.22:  48%|████▊     | 24/50 [11:25<11:33, 26.69s/it]
Task 4, Epoch 25/50 => Loss 0.157, Train_accy 94.80, Test_accy 74.15:  48%|████▊     | 24/50 [12:09<11:33, 26.69s/it]
Task 4, Epoch 25/50 => Loss 0.157, Train_accy 94.80, Test_accy 74.15:  50%|█████     | 25/50 [12:09<13:18, 31.95s/it]
Task 4, Epoch 26/50 => Loss 0.153, Train_accy 94.87:  50%|█████     | 25/50 [12:34<13:18, 31.95s/it]                 
Task 4, Epoch 26/50 => Loss 0.153, Train_accy 94.87:  52%|█████▏    | 26/50 [12:34<12:00, 30.03s/it]
Task 4, Epoch 27/50 => Loss 0.146, Train_accy 95.16:  52%|█████▏    | 26/50 [13:00<12:00, 30.03s/it]
Task 4, Epoch 27/50 => Loss 0.146, Train_accy 95.16:  54%|█████▍    | 27/50 [13:00<11:00, 28.74s/it]
Task 4, Epoch 28/50 => Loss 0.147, Train_accy 95.20:  54%|█████▍    | 27/50 [13:25<11:00, 28.74s/it]
Task 4, Epoch 28/50 => Loss 0.147, Train_accy 95.20:  56%|█████▌    | 28/50 [13:25<10:07, 27.63s/it]
Task 4, Epoch 29/50 => Loss 0.147, Train_accy 95.00:  56%|█████▌    | 28/50 [13:50<10:07, 27.63s/it]
Task 4, Epoch 29/50 => Loss 0.147, Train_accy 95.00:  58%|█████▊    | 29/50 [13:50<09:21, 26.73s/it]
Task 4, Epoch 30/50 => Loss 0.138, Train_accy 95.35, Test_accy 74.48:  58%|█████▊    | 29/50 [14:30<09:21, 26.73s/it]
Task 4, Epoch 30/50 => Loss 0.138, Train_accy 95.35, Test_accy 74.48:  60%|██████    | 30/50 [14:30<10:15, 30.78s/it]
Task 4, Epoch 31/50 => Loss 0.140, Train_accy 95.29:  60%|██████    | 30/50 [15:19<10:15, 30.78s/it]                 
Task 4, Epoch 31/50 => Loss 0.140, Train_accy 95.29:  62%|██████▏   | 31/50 [15:19<11:30, 36.36s/it]
Task 4, Epoch 32/50 => Loss 0.140, Train_accy 95.44:  62%|██████▏   | 31/50 [16:08<11:30, 36.36s/it]
Task 4, Epoch 32/50 => Loss 0.140, Train_accy 95.44:  64%|██████▍   | 32/50 [16:08<12:02, 40.16s/it]
Task 4, Epoch 33/50 => Loss 0.146, Train_accy 95.29:  64%|██████▍   | 32/50 [16:57<12:02, 40.16s/it]
Task 4, Epoch 33/50 => Loss 0.146, Train_accy 95.29:  66%|██████▌   | 33/50 [16:57<12:07, 42.81s/it]
Task 4, Epoch 34/50 => Loss 0.133, Train_accy 95.44:  66%|██████▌   | 33/50 [17:46<12:07, 42.81s/it]
Task 4, Epoch 34/50 => Loss 0.133, Train_accy 95.44:  68%|██████▊   | 34/50 [17:46<11:53, 44.61s/it]
Task 4, Epoch 35/50 => Loss 0.137, Train_accy 95.37, Test_accy 74.92:  68%|██████▊   | 34/50 [18:51<11:53, 44.61s/it]
Task 4, Epoch 35/50 => Loss 0.137, Train_accy 95.37, Test_accy 74.92:  70%|███████   | 35/50 [18:51<12:41, 50.78s/it]
Task 4, Epoch 36/50 => Loss 0.145, Train_accy 95.25:  70%|███████   | 35/50 [19:40<12:41, 50.78s/it]                 
Task 4, Epoch 36/50 => Loss 0.145, Train_accy 95.25:  72%|███████▏  | 36/50 [19:40<11:42, 50.19s/it]
Task 4, Epoch 37/50 => Loss 0.137, Train_accy 95.59:  72%|███████▏  | 36/50 [20:29<11:42, 50.19s/it]
Task 4, Epoch 37/50 => Loss 0.137, Train_accy 95.59:  74%|███████▍  | 37/50 [20:29<10:47, 49.80s/it]
Task 4, Epoch 38/50 => Loss 0.130, Train_accy 95.73:  74%|███████▍  | 37/50 [21:18<10:47, 49.80s/it]
Task 4, Epoch 38/50 => Loss 0.130, Train_accy 95.73:  76%|███████▌  | 38/50 [21:18<09:54, 49.52s/it]
Task 4, Epoch 39/50 => Loss 0.134, Train_accy 95.60:  76%|███████▌  | 38/50 [22:07<09:54, 49.52s/it]
Task 4, Epoch 39/50 => Loss 0.134, Train_accy 95.60:  78%|███████▊  | 39/50 [22:07<09:02, 49.30s/it]
Task 4, Epoch 40/50 => Loss 0.120, Train_accy 96.17, Test_accy 74.75:  78%|███████▊  | 39/50 [23:11<09:02, 49.30s/it]
Task 4, Epoch 40/50 => Loss 0.120, Train_accy 96.17, Test_accy 74.75:  80%|████████  | 40/50 [23:11<08:58, 53.88s/it]
Task 4, Epoch 41/50 => Loss 0.124, Train_accy 96.02:  80%|████████  | 40/50 [24:00<08:58, 53.88s/it]                 
Task 4, Epoch 41/50 => Loss 0.124, Train_accy 96.02:  82%|████████▏ | 41/50 [24:00<07:51, 52.34s/it]
Task 4, Epoch 42/50 => Loss 0.119, Train_accy 95.89:  82%|████████▏ | 41/50 [24:49<07:51, 52.34s/it]
Task 4, Epoch 42/50 => Loss 0.119, Train_accy 95.89:  84%|████████▍ | 42/50 [24:49<06:50, 51.31s/it]
Task 4, Epoch 43/50 => Loss 0.126, Train_accy 95.85:  84%|████████▍ | 42/50 [25:38<06:50, 51.31s/it]
Task 4, Epoch 43/50 => Loss 0.126, Train_accy 95.85:  86%|████████▌ | 43/50 [25:38<05:54, 50.60s/it]
Task 4, Epoch 44/50 => Loss 0.118, Train_accy 95.82:  86%|████████▌ | 43/50 [26:27<05:54, 50.60s/it]
Task 4, Epoch 44/50 => Loss 0.118, Train_accy 95.82:  88%|████████▊ | 44/50 [26:27<05:00, 50.10s/it]
Task 4, Epoch 45/50 => Loss 0.125, Train_accy 95.88, Test_accy 75.48:  88%|████████▊ | 44/50 [27:33<05:00, 50.10s/it]
Task 4, Epoch 45/50 => Loss 0.125, Train_accy 95.88, Test_accy 75.48:  90%|█████████ | 45/50 [27:33<04:35, 55.01s/it]
Task 4, Epoch 46/50 => Loss 0.124, Train_accy 95.87:  90%|█████████ | 45/50 [28:22<04:35, 55.01s/it]                 
Task 4, Epoch 46/50 => Loss 0.124, Train_accy 95.87:  92%|█████████▏| 46/50 [28:22<03:32, 53.23s/it]
Task 4, Epoch 47/50 => Loss 0.115, Train_accy 96.26:  92%|█████████▏| 46/50 [29:11<03:32, 53.23s/it]
Task 4, Epoch 47/50 => Loss 0.115, Train_accy 96.26:  94%|█████████▍| 47/50 [29:11<02:35, 51.98s/it]
Task 4, Epoch 48/50 => Loss 0.114, Train_accy 96.18:  94%|█████████▍| 47/50 [30:00<02:35, 51.98s/it]
Task 4, Epoch 48/50 => Loss 0.114, Train_accy 96.18:  96%|█████████▌| 48/50 [30:00<01:42, 51.09s/it]
Task 4, Epoch 49/50 => Loss 0.115, Train_accy 96.23:  96%|█████████▌| 48/50 [30:50<01:42, 51.09s/it]
Task 4, Epoch 49/50 => Loss 0.115, Train_accy 96.23:  98%|█████████▊| 49/50 [30:50<00:50, 50.71s/it]
Task 4, Epoch 50/50 => Loss 0.122, Train_accy 95.90, Test_accy 75.68:  98%|█████████▊| 49/50 [31:56<00:50, 50.71s/it]
Task 4, Epoch 50/50 => Loss 0.122, Train_accy 95.90, Test_accy 75.68: 100%|██████████| 50/50 [31:56<00:00, 55.16s/it]
Task 4, Epoch 50/50 => Loss 0.122, Train_accy 95.90, Test_accy 75.68: 100%|██████████| 50/50 [31:56<00:00, 38.33s/it]
2025-07-08 02:27:38,724 [lae.py] => Task 4, Epoch 50/50 => Loss 0.122, Train_accy 95.90, Test_accy 75.68
Time for task 4: 1916.3573558330536
2025-07-08 02:27:54,552 [trainer.py] => No NME accuracy.
2025-07-08 02:27:54,553 [trainer.py] => CNN: {'total': 75.68, '00-29': 76.0, '30-59': 79.47, '60-89': 75.29, '90-119': 71.69, '120-149': 75.96, 'old': 75.62, 'new': 75.96}
2025-07-08 02:27:54,553 [trainer.py] => CNN top1 curve: [91.17, 84.4, 80.65, 77.29, 75.68]
2025-07-08 02:27:54,553 [trainer.py] => CNN top5 curve: [99.83, 98.92, 97.89, 96.74, 95.39]

Average Accuracy (CNN): 81.84
2025-07-08 02:27:54,553 [trainer.py] => Average Accuracy (CNN): 81.84 

2025-07-08 02:27:54,554 [trainer.py] => All params: 86221226
2025-07-08 02:27:54,554 [trainer.py] => Trainable params: 268960
2025-07-08 02:27:54,556 [lae.py] => Learning on 150-180

  0%|          | 0/50 [00:00<?, ?it/s]
Task 5, Epoch 1/50 => Loss 1.910, Train_accy 54.43:   0%|          | 0/50 [00:27<?, ?it/s]
Task 5, Epoch 1/50 => Loss 1.910, Train_accy 54.43:   2%|▏         | 1/50 [00:27<22:10, 27.16s/it]
Task 5, Epoch 2/50 => Loss 0.571, Train_accy 82.06:   2%|▏         | 1/50 [00:51<22:10, 27.16s/it]
Task 5, Epoch 2/50 => Loss 0.571, Train_accy 82.06:   4%|▍         | 2/50 [00:51<20:10, 25.22s/it]
Task 5, Epoch 3/50 => Loss 0.433, Train_accy 86.60:   4%|▍         | 2/50 [01:15<20:10, 25.22s/it]
Task 5, Epoch 3/50 => Loss 0.433, Train_accy 86.60:   6%|▌         | 3/50 [01:15<19:30, 24.90s/it]
Task 5, Epoch 4/50 => Loss 0.364, Train_accy 88.43:   6%|▌         | 3/50 [01:39<19:30, 24.90s/it]
Task 5, Epoch 4/50 => Loss 0.364, Train_accy 88.43:   8%|▊         | 4/50 [01:39<18:49, 24.56s/it]
Task 5, Epoch 5/50 => Loss 0.310, Train_accy 90.24, Test_accy 69.43:   8%|▊         | 4/50 [02:24<18:49, 24.56s/it]
Task 5, Epoch 5/50 => Loss 0.310, Train_accy 90.24, Test_accy 69.43:  10%|█         | 5/50 [02:24<24:03, 32.08s/it]
Task 5, Epoch 6/50 => Loss 0.279, Train_accy 90.85:  10%|█         | 5/50 [02:50<24:03, 32.08s/it]                 
Task 5, Epoch 6/50 => Loss 0.279, Train_accy 90.85:  12%|█▏        | 6/50 [02:50<21:59, 29.99s/it]
Task 5, Epoch 7/50 => Loss 0.264, Train_accy 91.42:  12%|█▏        | 6/50 [03:14<21:59, 29.99s/it]
Task 5, Epoch 7/50 => Loss 0.264, Train_accy 91.42:  14%|█▍        | 7/50 [03:14<20:06, 28.05s/it]
Task 5, Epoch 8/50 => Loss 0.245, Train_accy 92.24:  14%|█▍        | 7/50 [03:39<20:06, 28.05s/it]
Task 5, Epoch 8/50 => Loss 0.245, Train_accy 92.24:  16%|█▌        | 8/50 [03:39<18:49, 26.89s/it]
Task 5, Epoch 9/50 => Loss 0.246, Train_accy 91.71:  16%|█▌        | 8/50 [04:04<18:49, 26.89s/it]
Task 5, Epoch 9/50 => Loss 0.246, Train_accy 91.71:  18%|█▊        | 9/50 [04:04<17:54, 26.22s/it]
Task 5, Epoch 10/50 => Loss 0.224, Train_accy 92.84, Test_accy 70.10:  18%|█▊        | 9/50 [04:50<17:54, 26.22s/it]
Task 5, Epoch 10/50 => Loss 0.224, Train_accy 92.84, Test_accy 70.10:  20%|██        | 10/50 [04:50<21:32, 32.32s/it]
Task 5, Epoch 11/50 => Loss 0.205, Train_accy 93.25:  20%|██        | 10/50 [05:15<21:32, 32.32s/it]                 
Task 5, Epoch 11/50 => Loss 0.205, Train_accy 93.25:  22%|██▏       | 11/50 [05:15<19:33, 30.10s/it]
Task 5, Epoch 12/50 => Loss 0.202, Train_accy 93.35:  22%|██▏       | 11/50 [05:40<19:33, 30.10s/it]
Task 5, Epoch 12/50 => Loss 0.202, Train_accy 93.35:  24%|██▍       | 12/50 [05:40<18:06, 28.59s/it]
Task 5, Epoch 13/50 => Loss 0.190, Train_accy 93.56:  24%|██▍       | 12/50 [06:04<18:06, 28.59s/it]
Task 5, Epoch 13/50 => Loss 0.190, Train_accy 93.56:  26%|██▌       | 13/50 [06:04<16:48, 27.25s/it]
Task 5, Epoch 14/50 => Loss 0.180, Train_accy 93.93:  26%|██▌       | 13/50 [06:28<16:48, 27.25s/it]
Task 5, Epoch 14/50 => Loss 0.180, Train_accy 93.93:  28%|██▊       | 14/50 [06:28<15:46, 26.29s/it]
Task 5, Epoch 15/50 => Loss 0.178, Train_accy 94.23, Test_accy 70.27:  28%|██▊       | 14/50 [07:14<15:46, 26.29s/it]
Task 5, Epoch 15/50 => Loss 0.178, Train_accy 94.23, Test_accy 70.27:  30%|███       | 15/50 [07:14<18:47, 32.22s/it]
Task 5, Epoch 16/50 => Loss 0.177, Train_accy 94.10:  30%|███       | 15/50 [07:39<18:47, 32.22s/it]                 
Task 5, Epoch 16/50 => Loss 0.177, Train_accy 94.10:  32%|███▏      | 16/50 [07:39<17:03, 30.10s/it]
Task 5, Epoch 17/50 => Loss 0.180, Train_accy 94.13:  32%|███▏      | 16/50 [08:04<17:03, 30.10s/it]
Task 5, Epoch 17/50 => Loss 0.180, Train_accy 94.13:  34%|███▍      | 17/50 [08:04<15:40, 28.51s/it]
Task 5, Epoch 18/50 => Loss 0.165, Train_accy 94.76:  34%|███▍      | 17/50 [08:28<15:40, 28.51s/it]
Task 5, Epoch 18/50 => Loss 0.165, Train_accy 94.76:  36%|███▌      | 18/50 [08:28<14:33, 27.28s/it]
Task 5, Epoch 19/50 => Loss 0.167, Train_accy 94.78:  36%|███▌      | 18/50 [08:52<14:33, 27.28s/it]
Task 5, Epoch 19/50 => Loss 0.167, Train_accy 94.78:  38%|███▊      | 19/50 [08:52<13:33, 26.24s/it]
Task 5, Epoch 20/50 => Loss 0.146, Train_accy 95.39, Test_accy 70.55:  38%|███▊      | 19/50 [09:35<13:33, 26.24s/it]
Task 5, Epoch 20/50 => Loss 0.146, Train_accy 95.39, Test_accy 70.55:  40%|████      | 20/50 [09:35<15:35, 31.17s/it]
Task 5, Epoch 21/50 => Loss 0.155, Train_accy 94.64:  40%|████      | 20/50 [09:59<15:35, 31.17s/it]                 
Task 5, Epoch 21/50 => Loss 0.155, Train_accy 94.64:  42%|████▏     | 21/50 [09:59<14:01, 29.01s/it]
Task 5, Epoch 22/50 => Loss 0.152, Train_accy 95.16:  42%|████▏     | 21/50 [10:23<14:01, 29.01s/it]
Task 5, Epoch 22/50 => Loss 0.152, Train_accy 95.16:  44%|████▍     | 22/50 [10:23<12:47, 27.42s/it]
Task 5, Epoch 23/50 => Loss 0.151, Train_accy 95.02:  44%|████▍     | 22/50 [10:46<12:47, 27.42s/it]
Task 5, Epoch 23/50 => Loss 0.151, Train_accy 95.02:  46%|████▌     | 23/50 [10:46<11:51, 26.35s/it]
Task 5, Epoch 24/50 => Loss 0.151, Train_accy 95.05:  46%|████▌     | 23/50 [11:10<11:51, 26.35s/it]
Task 5, Epoch 24/50 => Loss 0.151, Train_accy 95.05:  48%|████▊     | 24/50 [11:10<11:05, 25.58s/it]
Task 5, Epoch 25/50 => Loss 0.139, Train_accy 95.49, Test_accy 70.77:  48%|████▊     | 24/50 [11:53<11:05, 25.58s/it]
Task 5, Epoch 25/50 => Loss 0.139, Train_accy 95.49, Test_accy 70.77:  50%|█████     | 25/50 [11:53<12:45, 30.61s/it]
Task 5, Epoch 26/50 => Loss 0.143, Train_accy 95.30:  50%|█████     | 25/50 [12:16<12:45, 30.61s/it]                 
Task 5, Epoch 26/50 => Loss 0.143, Train_accy 95.30:  52%|█████▏    | 26/50 [12:16<11:24, 28.53s/it]
Task 5, Epoch 27/50 => Loss 0.149, Train_accy 94.96:  52%|█████▏    | 26/50 [12:40<11:24, 28.53s/it]
Task 5, Epoch 27/50 => Loss 0.149, Train_accy 94.96:  54%|█████▍    | 27/50 [12:40<10:22, 27.07s/it]
Task 5, Epoch 28/50 => Loss 0.129, Train_accy 95.77:  54%|█████▍    | 27/50 [13:04<10:22, 27.07s/it]
Task 5, Epoch 28/50 => Loss 0.129, Train_accy 95.77:  56%|█████▌    | 28/50 [13:04<09:34, 26.11s/it]
Task 5, Epoch 29/50 => Loss 0.131, Train_accy 95.72:  56%|█████▌    | 28/50 [13:28<09:34, 26.11s/it]
Task 5, Epoch 29/50 => Loss 0.131, Train_accy 95.72:  58%|█████▊    | 29/50 [13:28<08:53, 25.39s/it]
Task 5, Epoch 30/50 => Loss 0.135, Train_accy 95.76, Test_accy 71.13:  58%|█████▊    | 29/50 [14:10<08:53, 25.39s/it]
Task 5, Epoch 30/50 => Loss 0.135, Train_accy 95.76, Test_accy 71.13:  60%|██████    | 30/50 [14:10<10:10, 30.55s/it]
Task 5, Epoch 31/50 => Loss 0.134, Train_accy 95.63:  60%|██████    | 30/50 [14:58<10:10, 30.55s/it]                 
Task 5, Epoch 31/50 => Loss 0.134, Train_accy 95.63:  62%|██████▏   | 31/50 [14:58<11:16, 35.63s/it]
Task 5, Epoch 32/50 => Loss 0.130, Train_accy 95.64:  62%|██████▏   | 31/50 [15:45<11:16, 35.63s/it]
Task 5, Epoch 32/50 => Loss 0.130, Train_accy 95.64:  64%|██████▍   | 32/50 [15:45<11:46, 39.24s/it]
Task 5, Epoch 33/50 => Loss 0.129, Train_accy 95.83:  64%|██████▍   | 32/50 [16:33<11:46, 39.24s/it]
Task 5, Epoch 33/50 => Loss 0.129, Train_accy 95.83:  66%|██████▌   | 33/50 [16:33<11:49, 41.75s/it]
Task 5, Epoch 34/50 => Loss 0.125, Train_accy 96.00:  66%|██████▌   | 33/50 [17:21<11:49, 41.75s/it]
Task 5, Epoch 34/50 => Loss 0.125, Train_accy 96.00:  68%|██████▊   | 34/50 [17:21<11:36, 43.53s/it]
Task 5, Epoch 35/50 => Loss 0.127, Train_accy 95.70, Test_accy 71.07:  68%|██████▊   | 34/50 [18:27<11:36, 43.53s/it]
Task 5, Epoch 35/50 => Loss 0.127, Train_accy 95.70, Test_accy 71.07:  70%|███████   | 35/50 [18:27<12:36, 50.45s/it]
Task 5, Epoch 36/50 => Loss 0.124, Train_accy 96.09:  70%|███████   | 35/50 [19:16<12:36, 50.45s/it]                 
Task 5, Epoch 36/50 => Loss 0.124, Train_accy 96.09:  72%|███████▏  | 36/50 [19:16<11:39, 49.97s/it]
Task 5, Epoch 37/50 => Loss 0.110, Train_accy 96.26:  72%|███████▏  | 36/50 [20:05<11:39, 49.97s/it]
Task 5, Epoch 37/50 => Loss 0.110, Train_accy 96.26:  74%|███████▍  | 37/50 [20:05<10:44, 49.61s/it]
Task 5, Epoch 38/50 => Loss 0.117, Train_accy 95.85:  74%|███████▍  | 37/50 [20:52<10:44, 49.61s/it]
Task 5, Epoch 38/50 => Loss 0.117, Train_accy 95.85:  76%|███████▌  | 38/50 [20:52<09:48, 49.04s/it]
Task 5, Epoch 39/50 => Loss 0.121, Train_accy 95.98:  76%|███████▌  | 38/50 [21:40<09:48, 49.04s/it]
Task 5, Epoch 39/50 => Loss 0.121, Train_accy 95.98:  78%|███████▊  | 39/50 [21:40<08:54, 48.60s/it]
Task 5, Epoch 40/50 => Loss 0.113, Train_accy 96.21, Test_accy 71.58:  78%|███████▊  | 39/50 [22:47<08:54, 48.60s/it]
Task 5, Epoch 40/50 => Loss 0.113, Train_accy 96.21, Test_accy 71.58:  80%|████████  | 40/50 [22:47<09:00, 54.05s/it]
Task 5, Epoch 41/50 => Loss 0.106, Train_accy 96.69:  80%|████████  | 40/50 [23:35<09:00, 54.05s/it]                 
Task 5, Epoch 41/50 => Loss 0.106, Train_accy 96.69:  82%|████████▏ | 41/50 [23:35<07:51, 52.37s/it]
Task 5, Epoch 42/50 => Loss 0.109, Train_accy 96.40:  82%|████████▏ | 41/50 [24:23<07:51, 52.37s/it]
Task 5, Epoch 42/50 => Loss 0.109, Train_accy 96.40:  84%|████████▍ | 42/50 [24:23<06:48, 51.01s/it]
Task 5, Epoch 43/50 => Loss 0.111, Train_accy 96.26:  84%|████████▍ | 42/50 [25:11<06:48, 51.01s/it]
Task 5, Epoch 43/50 => Loss 0.111, Train_accy 96.26:  86%|████████▌ | 43/50 [25:11<05:50, 50.03s/it]
Task 5, Epoch 44/50 => Loss 0.107, Train_accy 96.34:  86%|████████▌ | 43/50 [25:59<05:50, 50.03s/it]
Task 5, Epoch 44/50 => Loss 0.107, Train_accy 96.34:  88%|████████▊ | 44/50 [25:59<04:56, 49.37s/it]
Task 5, Epoch 45/50 => Loss 0.105, Train_accy 96.65, Test_accy 71.10:  88%|████████▊ | 44/50 [27:07<04:56, 49.37s/it]
Task 5, Epoch 45/50 => Loss 0.105, Train_accy 96.65, Test_accy 71.10:  90%|█████████ | 45/50 [27:07<04:35, 55.08s/it]
Task 5, Epoch 46/50 => Loss 0.104, Train_accy 96.55:  90%|█████████ | 45/50 [27:55<04:35, 55.08s/it]                 
Task 5, Epoch 46/50 => Loss 0.104, Train_accy 96.55:  92%|█████████▏| 46/50 [27:55<03:31, 52.87s/it]
Task 5, Epoch 47/50 => Loss 0.103, Train_accy 96.49:  92%|█████████▏| 46/50 [28:42<03:31, 52.87s/it]
Task 5, Epoch 47/50 => Loss 0.103, Train_accy 96.49:  94%|█████████▍| 47/50 [28:42<02:33, 51.24s/it]
Task 5, Epoch 48/50 => Loss 0.105, Train_accy 96.51:  94%|█████████▍| 47/50 [29:30<02:33, 51.24s/it]
Task 5, Epoch 48/50 => Loss 0.105, Train_accy 96.51:  96%|█████████▌| 48/50 [29:30<01:40, 50.09s/it]
Task 5, Epoch 49/50 => Loss 0.106, Train_accy 96.61:  96%|█████████▌| 48/50 [30:17<01:40, 50.09s/it]
Task 5, Epoch 49/50 => Loss 0.106, Train_accy 96.61:  98%|█████████▊| 49/50 [30:17<00:49, 49.35s/it]
Task 5, Epoch 50/50 => Loss 0.111, Train_accy 96.28, Test_accy 71.38:  98%|█████████▊| 49/50 [31:23<00:49, 49.35s/it]
Task 5, Epoch 50/50 => Loss 0.111, Train_accy 96.28, Test_accy 71.38: 100%|██████████| 50/50 [31:23<00:00, 54.40s/it]
Task 5, Epoch 50/50 => Loss 0.111, Train_accy 96.28, Test_accy 71.38: 100%|██████████| 50/50 [31:23<00:00, 37.68s/it]
2025-07-08 02:59:18,472 [lae.py] => Task 5, Epoch 50/50 => Loss 0.111, Train_accy 96.28, Test_accy 71.38
Time for task 5: 1883.9341595172882
2025-07-08 02:59:37,210 [trainer.py] => No NME accuracy.
2025-07-08 02:59:37,210 [trainer.py] => CNN: {'total': 71.38, '00-29': 75.0, '30-59': 76.96, '60-89': 71.45, '90-119': 69.18, '120-149': 74.62, '150-179': 61.04, 'old': 73.45, 'new': 61.04}
2025-07-08 02:59:37,210 [trainer.py] => CNN top1 curve: [91.17, 84.4, 80.65, 77.29, 75.68, 71.38]
2025-07-08 02:59:37,210 [trainer.py] => CNN top5 curve: [99.83, 98.92, 97.89, 96.74, 95.39, 94.27]

Average Accuracy (CNN): 80.1
2025-07-08 02:59:37,210 [trainer.py] => Average Accuracy (CNN): 80.1 

2025-07-08 02:59:37,211 [trainer.py] => All params: 86244296
2025-07-08 02:59:37,211 [trainer.py] => Trainable params: 292030
2025-07-08 02:59:37,213 [lae.py] => Learning on 180-210

  0%|          | 0/50 [00:00<?, ?it/s]
Task 6, Epoch 1/50 => Loss 1.816, Train_accy 55.51:   0%|          | 0/50 [00:28<?, ?it/s]
Task 6, Epoch 1/50 => Loss 1.816, Train_accy 55.51:   2%|▏         | 1/50 [00:29<23:42, 29.04s/it]
Task 6, Epoch 2/50 => Loss 0.523, Train_accy 82.68:   2%|▏         | 1/50 [00:53<23:42, 29.04s/it]
Task 6, Epoch 2/50 => Loss 0.523, Train_accy 82.68:   4%|▍         | 2/50 [00:53<21:16, 26.59s/it]
Task 6, Epoch 3/50 => Loss 0.396, Train_accy 86.67:   4%|▍         | 2/50 [01:17<21:16, 26.59s/it]
Task 6, Epoch 3/50 => Loss 0.396, Train_accy 86.67:   6%|▌         | 3/50 [01:17<19:53, 25.39s/it]
Task 6, Epoch 4/50 => Loss 0.344, Train_accy 88.14:   6%|▌         | 3/50 [01:41<19:53, 25.39s/it]
Task 6, Epoch 4/50 => Loss 0.344, Train_accy 88.14:   8%|▊         | 4/50 [01:41<19:04, 24.87s/it]
Task 6, Epoch 5/50 => Loss 0.313, Train_accy 88.99, Test_accy 68.27:   8%|▊         | 4/50 [02:29<19:04, 24.87s/it]
Task 6, Epoch 5/50 => Loss 0.313, Train_accy 88.99, Test_accy 68.27:  10%|█         | 5/50 [02:29<24:42, 32.95s/it]
Task 6, Epoch 6/50 => Loss 0.281, Train_accy 89.93:  10%|█         | 5/50 [02:53<24:42, 32.95s/it]                 
Task 6, Epoch 6/50 => Loss 0.281, Train_accy 89.93:  12%|█▏        | 6/50 [02:53<21:57, 29.95s/it]
Task 6, Epoch 7/50 => Loss 0.254, Train_accy 91.01:  12%|█▏        | 6/50 [03:17<21:57, 29.95s/it]
Task 6, Epoch 7/50 => Loss 0.254, Train_accy 91.01:  14%|█▍        | 7/50 [03:17<20:13, 28.21s/it]
Task 6, Epoch 8/50 => Loss 0.235, Train_accy 92.14:  14%|█▍        | 7/50 [03:42<20:13, 28.21s/it]
Task 6, Epoch 8/50 => Loss 0.235, Train_accy 92.14:  16%|█▌        | 8/50 [03:42<18:53, 26.98s/it]
Task 6, Epoch 9/50 => Loss 0.239, Train_accy 91.75:  16%|█▌        | 8/50 [04:06<18:53, 26.98s/it]
Task 6, Epoch 9/50 => Loss 0.239, Train_accy 91.75:  18%|█▊        | 9/50 [04:06<17:51, 26.14s/it]
Task 6, Epoch 10/50 => Loss 0.220, Train_accy 92.21, Test_accy 69.11:  18%|█▊        | 9/50 [04:52<17:51, 26.14s/it]
Task 6, Epoch 10/50 => Loss 0.220, Train_accy 92.21, Test_accy 69.11:  20%|██        | 10/50 [04:52<21:25, 32.15s/it]
Task 6, Epoch 11/50 => Loss 0.201, Train_accy 92.71:  20%|██        | 10/50 [05:15<21:25, 32.15s/it]                 
Task 6, Epoch 11/50 => Loss 0.201, Train_accy 92.71:  22%|██▏       | 11/50 [05:15<19:11, 29.52s/it]
Task 6, Epoch 12/50 => Loss 0.190, Train_accy 93.12:  22%|██▏       | 11/50 [05:39<19:11, 29.52s/it]
Task 6, Epoch 12/50 => Loss 0.190, Train_accy 93.12:  24%|██▍       | 12/50 [05:39<17:39, 27.89s/it]
Task 6, Epoch 13/50 => Loss 0.193, Train_accy 93.39:  24%|██▍       | 12/50 [06:03<17:39, 27.89s/it]
Task 6, Epoch 13/50 => Loss 0.193, Train_accy 93.39:  26%|██▌       | 13/50 [06:03<16:24, 26.60s/it]
Task 6, Epoch 14/50 => Loss 0.192, Train_accy 93.57:  26%|██▌       | 13/50 [06:27<16:24, 26.60s/it]
Task 6, Epoch 14/50 => Loss 0.192, Train_accy 93.57:  28%|██▊       | 14/50 [06:27<15:27, 25.78s/it]
Task 6, Epoch 15/50 => Loss 0.213, Train_accy 92.93, Test_accy 69.35:  28%|██▊       | 14/50 [07:13<15:27, 25.78s/it]
Task 6, Epoch 15/50 => Loss 0.213, Train_accy 92.93, Test_accy 69.35:  30%|███       | 15/50 [07:13<18:30, 31.74s/it]
Task 6, Epoch 16/50 => Loss 0.203, Train_accy 92.77:  30%|███       | 15/50 [07:36<18:30, 31.74s/it]                 
Task 6, Epoch 16/50 => Loss 0.203, Train_accy 92.77:  32%|███▏      | 16/50 [07:36<16:39, 29.40s/it]
Task 6, Epoch 17/50 => Loss 0.191, Train_accy 93.28:  32%|███▏      | 16/50 [08:00<16:39, 29.40s/it]
Task 6, Epoch 17/50 => Loss 0.191, Train_accy 93.28:  34%|███▍      | 17/50 [08:00<15:14, 27.71s/it]
Task 6, Epoch 18/50 => Loss 0.167, Train_accy 93.84:  34%|███▍      | 17/50 [08:24<15:14, 27.71s/it]
Task 6, Epoch 18/50 => Loss 0.167, Train_accy 93.84:  36%|███▌      | 18/50 [08:24<14:08, 26.50s/it]
Task 6, Epoch 19/50 => Loss 0.155, Train_accy 94.70:  36%|███▌      | 18/50 [08:48<14:08, 26.50s/it]
Task 6, Epoch 19/50 => Loss 0.155, Train_accy 94.70:  38%|███▊      | 19/50 [08:48<13:17, 25.71s/it]
Task 6, Epoch 20/50 => Loss 0.157, Train_accy 94.50, Test_accy 69.49:  38%|███▊      | 19/50 [09:33<13:17, 25.71s/it]
Task 6, Epoch 20/50 => Loss 0.157, Train_accy 94.50, Test_accy 69.49:  40%|████      | 20/50 [09:33<15:49, 31.63s/it]
Task 6, Epoch 21/50 => Loss 0.159, Train_accy 94.57:  40%|████      | 20/50 [09:57<15:49, 31.63s/it]                 
Task 6, Epoch 21/50 => Loss 0.159, Train_accy 94.57:  42%|████▏     | 21/50 [09:57<14:07, 29.23s/it]
Task 6, Epoch 22/50 => Loss 0.165, Train_accy 94.10:  42%|████▏     | 21/50 [10:21<14:07, 29.23s/it]
Task 6, Epoch 22/50 => Loss 0.165, Train_accy 94.10:  44%|████▍     | 22/50 [10:21<12:51, 27.55s/it]
Task 6, Epoch 23/50 => Loss 0.155, Train_accy 94.54:  44%|████▍     | 22/50 [10:44<12:51, 27.55s/it]
Task 6, Epoch 23/50 => Loss 0.155, Train_accy 94.54:  46%|████▌     | 23/50 [10:44<11:52, 26.40s/it]
Task 6, Epoch 24/50 => Loss 0.168, Train_accy 94.67:  46%|████▌     | 23/50 [11:08<11:52, 26.40s/it]
Task 6, Epoch 24/50 => Loss 0.168, Train_accy 94.67:  48%|████▊     | 24/50 [11:08<11:06, 25.64s/it]
Task 6, Epoch 25/50 => Loss 0.152, Train_accy 94.78, Test_accy 69.47:  48%|████▊     | 24/50 [11:55<11:06, 25.64s/it]
Task 6, Epoch 25/50 => Loss 0.152, Train_accy 94.78, Test_accy 69.47:  50%|█████     | 25/50 [11:55<13:19, 31.97s/it]
Task 6, Epoch 26/50 => Loss 0.147, Train_accy 94.86:  50%|█████     | 25/50 [12:20<13:19, 31.97s/it]                 
Task 6, Epoch 26/50 => Loss 0.147, Train_accy 94.86:  52%|█████▏    | 26/50 [12:20<11:56, 29.84s/it]
Task 6, Epoch 27/50 => Loss 0.147, Train_accy 94.83:  52%|█████▏    | 26/50 [12:45<11:56, 29.84s/it]
Task 6, Epoch 27/50 => Loss 0.147, Train_accy 94.83:  54%|█████▍    | 27/50 [12:45<10:52, 28.35s/it]
Task 6, Epoch 28/50 => Loss 0.153, Train_accy 94.59:  54%|█████▍    | 27/50 [13:08<10:52, 28.35s/it]
Task 6, Epoch 28/50 => Loss 0.153, Train_accy 94.59:  56%|█████▌    | 28/50 [13:08<09:53, 26.96s/it]
Task 6, Epoch 29/50 => Loss 0.147, Train_accy 94.58:  56%|█████▌    | 28/50 [13:32<09:53, 26.96s/it]
Task 6, Epoch 29/50 => Loss 0.147, Train_accy 94.58:  58%|█████▊    | 29/50 [13:32<09:06, 26.02s/it]
Task 6, Epoch 30/50 => Loss 0.135, Train_accy 95.25, Test_accy 69.61:  58%|█████▊    | 29/50 [14:17<09:06, 26.02s/it]
Task 6, Epoch 30/50 => Loss 0.135, Train_accy 95.25, Test_accy 69.61:  60%|██████    | 30/50 [14:17<10:36, 31.81s/it]
Task 6, Epoch 31/50 => Loss 0.138, Train_accy 94.97:  60%|██████    | 30/50 [15:05<10:36, 31.81s/it]                 
Task 6, Epoch 31/50 => Loss 0.138, Train_accy 94.97:  62%|██████▏   | 31/50 [15:05<11:34, 36.53s/it]
Task 6, Epoch 32/50 => Loss 0.139, Train_accy 95.01:  62%|██████▏   | 31/50 [15:53<11:34, 36.53s/it]
Task 6, Epoch 32/50 => Loss 0.139, Train_accy 95.01:  64%|██████▍   | 32/50 [15:53<11:59, 39.95s/it]
Task 6, Epoch 33/50 => Loss 0.129, Train_accy 95.54:  64%|██████▍   | 32/50 [16:41<11:59, 39.95s/it]
Task 6, Epoch 33/50 => Loss 0.129, Train_accy 95.54:  66%|██████▌   | 33/50 [16:41<12:00, 42.39s/it]
Task 6, Epoch 34/50 => Loss 0.137, Train_accy 95.10:  66%|██████▌   | 33/50 [17:29<12:00, 42.39s/it]
Task 6, Epoch 34/50 => Loss 0.137, Train_accy 95.10:  68%|██████▊   | 34/50 [17:29<11:43, 43.94s/it]
Task 6, Epoch 35/50 => Loss 0.124, Train_accy 95.53, Test_accy 69.90:  68%|██████▊   | 34/50 [18:40<11:43, 43.94s/it]
Task 6, Epoch 35/50 => Loss 0.124, Train_accy 95.53, Test_accy 69.90:  70%|███████   | 35/50 [18:40<13:02, 52.19s/it]
Task 6, Epoch 36/50 => Loss 0.125, Train_accy 95.54:  70%|███████   | 35/50 [19:27<13:02, 52.19s/it]                 
Task 6, Epoch 36/50 => Loss 0.125, Train_accy 95.54:  72%|███████▏  | 36/50 [19:27<11:50, 50.78s/it]
Task 6, Epoch 37/50 => Loss 0.121, Train_accy 95.72:  72%|███████▏  | 36/50 [20:15<11:50, 50.78s/it]
Task 6, Epoch 37/50 => Loss 0.121, Train_accy 95.72:  74%|███████▍  | 37/50 [20:15<10:46, 49.74s/it]
Task 6, Epoch 38/50 => Loss 0.130, Train_accy 95.72:  74%|███████▍  | 37/50 [21:02<10:46, 49.74s/it]
Task 6, Epoch 38/50 => Loss 0.130, Train_accy 95.72:  76%|███████▌  | 38/50 [21:02<09:49, 49.12s/it]
Task 6, Epoch 39/50 => Loss 0.123, Train_accy 95.53:  76%|███████▌  | 38/50 [21:50<09:49, 49.12s/it]
Task 6, Epoch 39/50 => Loss 0.123, Train_accy 95.53:  78%|███████▊  | 39/50 [21:50<08:54, 48.60s/it]
Task 6, Epoch 40/50 => Loss 0.126, Train_accy 95.91, Test_accy 69.71:  78%|███████▊  | 39/50 [22:59<08:54, 48.60s/it]
Task 6, Epoch 40/50 => Loss 0.126, Train_accy 95.91, Test_accy 69.71:  80%|████████  | 40/50 [22:59<09:07, 54.73s/it]
Task 6, Epoch 41/50 => Loss 0.120, Train_accy 95.70:  80%|████████  | 40/50 [23:46<09:07, 54.73s/it]                 
Task 6, Epoch 41/50 => Loss 0.120, Train_accy 95.70:  82%|████████▏ | 41/50 [23:46<07:52, 52.48s/it]
Task 6, Epoch 42/50 => Loss 0.119, Train_accy 95.87:  82%|████████▏ | 41/50 [24:34<07:52, 52.48s/it]
Task 6, Epoch 42/50 => Loss 0.119, Train_accy 95.87:  84%|████████▍ | 42/50 [24:34<06:48, 51.01s/it]
Task 6, Epoch 43/50 => Loss 0.113, Train_accy 96.23:  84%|████████▍ | 42/50 [25:21<06:48, 51.01s/it]
Task 6, Epoch 43/50 => Loss 0.113, Train_accy 96.23:  86%|████████▌ | 43/50 [25:21<05:49, 49.95s/it]
Task 6, Epoch 44/50 => Loss 0.117, Train_accy 96.03:  86%|████████▌ | 43/50 [26:09<05:49, 49.95s/it]
Task 6, Epoch 44/50 => Loss 0.117, Train_accy 96.03:  88%|████████▊ | 44/50 [26:09<04:55, 49.18s/it]
Task 6, Epoch 45/50 => Loss 0.125, Train_accy 95.55, Test_accy 69.75:  88%|████████▊ | 44/50 [27:17<04:55, 49.18s/it]
Task 6, Epoch 45/50 => Loss 0.125, Train_accy 95.55, Test_accy 69.75:  90%|█████████ | 45/50 [27:17<04:35, 55.10s/it]
Task 6, Epoch 46/50 => Loss 0.109, Train_accy 96.17:  90%|█████████ | 45/50 [28:05<04:35, 55.10s/it]                 
Task 6, Epoch 46/50 => Loss 0.109, Train_accy 96.17:  92%|█████████▏| 46/50 [28:05<03:31, 52.81s/it]
Task 6, Epoch 47/50 => Loss 0.104, Train_accy 96.42:  92%|█████████▏| 46/50 [28:52<03:31, 52.81s/it]
Task 6, Epoch 47/50 => Loss 0.104, Train_accy 96.42:  94%|█████████▍| 47/50 [28:52<02:33, 51.12s/it]
Task 6, Epoch 48/50 => Loss 0.108, Train_accy 96.43:  94%|█████████▍| 47/50 [29:40<02:33, 51.12s/it]
Task 6, Epoch 48/50 => Loss 0.108, Train_accy 96.43:  96%|█████████▌| 48/50 [29:40<01:40, 50.01s/it]
Task 6, Epoch 49/50 => Loss 0.104, Train_accy 96.32:  96%|█████████▌| 48/50 [30:30<01:40, 50.01s/it]
Task 6, Epoch 49/50 => Loss 0.104, Train_accy 96.32:  98%|█████████▊| 49/50 [30:30<00:50, 50.23s/it]
Task 6, Epoch 50/50 => Loss 0.111, Train_accy 96.19, Test_accy 69.61:  98%|█████████▊| 49/50 [31:41<00:50, 50.23s/it]
Task 6, Epoch 50/50 => Loss 0.111, Train_accy 96.19, Test_accy 69.61: 100%|██████████| 50/50 [31:41<00:00, 56.25s/it]
Task 6, Epoch 50/50 => Loss 0.111, Train_accy 96.19, Test_accy 69.61: 100%|██████████| 50/50 [31:41<00:00, 38.02s/it]
2025-07-08 03:31:18,301 [lae.py] => Task 6, Epoch 50/50 => Loss 0.111, Train_accy 96.19, Test_accy 69.61
Time for task 6: 1901.1120398044586
2025-07-08 03:31:39,968 [trainer.py] => No NME accuracy.
2025-07-08 03:31:39,969 [trainer.py] => CNN: {'total': 69.61, '00-29': 74.5, '30-59': 75.96, '60-89': 70.28, '90-119': 66.5, '120-149': 73.12, '150-179': 59.7, '180-209': 67.17, 'old': 70.02, 'new': 67.17}
2025-07-08 03:31:39,969 [trainer.py] => CNN top1 curve: [91.17, 84.4, 80.65, 77.29, 75.68, 71.38, 69.61]
2025-07-08 03:31:39,969 [trainer.py] => CNN top5 curve: [99.83, 98.92, 97.89, 96.74, 95.39, 94.27, 93.32]

Average Accuracy (CNN): 78.6
2025-07-08 03:31:39,970 [trainer.py] => Average Accuracy (CNN): 78.6 

2025-07-08 03:31:39,972 [trainer.py] => All params: 86267366
2025-07-08 03:31:39,974 [trainer.py] => Trainable params: 315100
2025-07-08 03:31:39,980 [lae.py] => Learning on 210-240

  0%|          | 0/50 [00:00<?, ?it/s]
Task 7, Epoch 1/50 => Loss 1.970, Train_accy 54.16:   0%|          | 0/50 [00:29<?, ?it/s]
Task 7, Epoch 1/50 => Loss 1.970, Train_accy 54.16:   2%|▏         | 1/50 [00:29<24:19, 29.79s/it]
Task 7, Epoch 2/50 => Loss 0.628, Train_accy 80.41:   2%|▏         | 1/50 [00:55<24:19, 29.79s/it]
Task 7, Epoch 2/50 => Loss 0.628, Train_accy 80.41:   4%|▍         | 2/50 [00:55<21:41, 27.11s/it]
Task 7, Epoch 3/50 => Loss 0.503, Train_accy 83.61:   4%|▍         | 2/50 [01:20<21:41, 27.11s/it]
Task 7, Epoch 3/50 => Loss 0.503, Train_accy 83.61:   6%|▌         | 3/50 [01:20<20:42, 26.44s/it]
Task 7, Epoch 4/50 => Loss 0.439, Train_accy 85.59:   6%|▌         | 3/50 [01:46<20:42, 26.44s/it]
Task 7, Epoch 4/50 => Loss 0.439, Train_accy 85.59:   8%|▊         | 4/50 [01:46<19:56, 26.02s/it]
Task 7, Epoch 5/50 => Loss 0.393, Train_accy 87.11, Test_accy 65.06:   8%|▊         | 4/50 [02:35<19:56, 26.02s/it]
Task 7, Epoch 5/50 => Loss 0.393, Train_accy 87.11, Test_accy 65.06:  10%|█         | 5/50 [02:35<25:59, 34.65s/it]
Task 7, Epoch 6/50 => Loss 0.342, Train_accy 88.62:  10%|█         | 5/50 [03:01<25:59, 34.65s/it]                 
Task 7, Epoch 6/50 => Loss 0.342, Train_accy 88.62:  12%|█▏        | 6/50 [03:01<23:02, 31.42s/it]
Task 7, Epoch 7/50 => Loss 0.325, Train_accy 89.05:  12%|█▏        | 6/50 [03:26<23:02, 31.42s/it]
Task 7, Epoch 7/50 => Loss 0.325, Train_accy 89.05:  14%|█▍        | 7/50 [03:26<21:09, 29.52s/it]
Task 7, Epoch 8/50 => Loss 0.310, Train_accy 89.46:  14%|█▍        | 7/50 [03:52<21:09, 29.52s/it]
Task 7, Epoch 8/50 => Loss 0.310, Train_accy 89.46:  16%|█▌        | 8/50 [03:52<19:43, 28.17s/it]
Task 7, Epoch 9/50 => Loss 0.289, Train_accy 90.19:  16%|█▌        | 8/50 [04:17<19:43, 28.17s/it]
Task 7, Epoch 9/50 => Loss 0.289, Train_accy 90.19:  18%|█▊        | 9/50 [04:17<18:44, 27.43s/it]
Task 7, Epoch 10/50 => Loss 0.282, Train_accy 90.62, Test_accy 65.77:  18%|█▊        | 9/50 [05:07<18:44, 27.43s/it]
Task 7, Epoch 10/50 => Loss 0.282, Train_accy 90.62, Test_accy 65.77:  20%|██        | 10/50 [05:07<22:55, 34.39s/it]
Task 7, Epoch 11/50 => Loss 0.275, Train_accy 90.22:  20%|██        | 10/50 [05:33<22:55, 34.39s/it]                 
Task 7, Epoch 11/50 => Loss 0.275, Train_accy 90.22:  22%|██▏       | 11/50 [05:33<20:33, 31.63s/it]
Task 7, Epoch 12/50 => Loss 0.259, Train_accy 91.40:  22%|██▏       | 11/50 [05:59<20:33, 31.63s/it]
Task 7, Epoch 12/50 => Loss 0.259, Train_accy 91.40:  24%|██▍       | 12/50 [05:59<18:55, 29.87s/it]
Task 7, Epoch 13/50 => Loss 0.247, Train_accy 91.52:  24%|██▍       | 12/50 [06:24<18:55, 29.87s/it]
Task 7, Epoch 13/50 => Loss 0.247, Train_accy 91.52:  26%|██▌       | 13/50 [06:24<17:36, 28.56s/it]
Task 7, Epoch 14/50 => Loss 0.250, Train_accy 91.30:  26%|██▌       | 13/50 [06:50<17:36, 28.56s/it]
Task 7, Epoch 14/50 => Loss 0.250, Train_accy 91.30:  28%|██▊       | 14/50 [06:50<16:35, 27.66s/it]
Task 7, Epoch 15/50 => Loss 0.239, Train_accy 91.97, Test_accy 66.06:  28%|██▊       | 14/50 [07:39<16:35, 27.66s/it]
Task 7, Epoch 15/50 => Loss 0.239, Train_accy 91.97, Test_accy 66.06:  30%|███       | 15/50 [07:39<20:02, 34.34s/it]
Task 7, Epoch 16/50 => Loss 0.226, Train_accy 92.33:  30%|███       | 15/50 [08:05<20:02, 34.34s/it]                 
Task 7, Epoch 16/50 => Loss 0.226, Train_accy 92.33:  32%|███▏      | 16/50 [08:05<17:56, 31.66s/it]
Task 7, Epoch 17/50 => Loss 0.227, Train_accy 92.41:  32%|███▏      | 16/50 [08:30<17:56, 31.66s/it]
Task 7, Epoch 17/50 => Loss 0.227, Train_accy 92.41:  34%|███▍      | 17/50 [08:30<16:21, 29.74s/it]
Task 7, Epoch 18/50 => Loss 0.228, Train_accy 92.23:  34%|███▍      | 17/50 [08:55<16:21, 29.74s/it]
Task 7, Epoch 18/50 => Loss 0.228, Train_accy 92.23:  36%|███▌      | 18/50 [08:55<15:08, 28.39s/it]
Task 7, Epoch 19/50 => Loss 0.215, Train_accy 92.52:  36%|███▌      | 18/50 [09:20<15:08, 28.39s/it]
Task 7, Epoch 19/50 => Loss 0.215, Train_accy 92.52:  38%|███▊      | 19/50 [09:20<14:09, 27.40s/it]
Task 7, Epoch 20/50 => Loss 0.204, Train_accy 92.90, Test_accy 66.44:  38%|███▊      | 19/50 [10:11<14:09, 27.40s/it]
Task 7, Epoch 20/50 => Loss 0.204, Train_accy 92.90, Test_accy 66.44:  40%|████      | 20/50 [10:11<17:05, 34.19s/it]
Task 7, Epoch 21/50 => Loss 0.203, Train_accy 92.91:  40%|████      | 20/50 [10:36<17:05, 34.19s/it]                 
Task 7, Epoch 21/50 => Loss 0.203, Train_accy 92.91:  42%|████▏     | 21/50 [10:36<15:12, 31.45s/it]
Task 7, Epoch 22/50 => Loss 0.202, Train_accy 93.09:  42%|████▏     | 21/50 [11:02<15:12, 31.45s/it]
Task 7, Epoch 22/50 => Loss 0.202, Train_accy 93.09:  44%|████▍     | 22/50 [11:02<13:54, 29.82s/it]
Task 7, Epoch 23/50 => Loss 0.206, Train_accy 92.72:  44%|████▍     | 22/50 [11:27<13:54, 29.82s/it]
Task 7, Epoch 23/50 => Loss 0.206, Train_accy 92.72:  46%|████▌     | 23/50 [11:27<12:47, 28.42s/it]
Task 7, Epoch 24/50 => Loss 0.195, Train_accy 93.27:  46%|████▌     | 23/50 [11:52<12:47, 28.42s/it]
Task 7, Epoch 24/50 => Loss 0.195, Train_accy 93.27:  48%|████▊     | 24/50 [11:52<11:53, 27.44s/it]
Task 7, Epoch 25/50 => Loss 0.201, Train_accy 92.97, Test_accy 66.83:  48%|████▊     | 24/50 [12:42<11:53, 27.44s/it]
Task 7, Epoch 25/50 => Loss 0.201, Train_accy 92.97, Test_accy 66.83:  50%|█████     | 25/50 [12:42<14:13, 34.15s/it]
Task 7, Epoch 26/50 => Loss 0.210, Train_accy 92.89:  50%|█████     | 25/50 [13:07<14:13, 34.15s/it]                 
Task 7, Epoch 26/50 => Loss 0.210, Train_accy 92.89:  52%|█████▏    | 26/50 [13:07<12:36, 31.53s/it]
Task 7, Epoch 27/50 => Loss 0.188, Train_accy 93.60:  52%|█████▏    | 26/50 [13:32<12:36, 31.53s/it]
Task 7, Epoch 27/50 => Loss 0.188, Train_accy 93.60:  54%|█████▍    | 27/50 [13:32<11:20, 29.61s/it]
Task 7, Epoch 28/50 => Loss 0.192, Train_accy 93.22:  54%|█████▍    | 27/50 [13:57<11:20, 29.61s/it]
Task 7, Epoch 28/50 => Loss 0.192, Train_accy 93.22:  56%|█████▌    | 28/50 [13:57<10:21, 28.23s/it]
Task 7, Epoch 29/50 => Loss 0.195, Train_accy 93.41:  56%|█████▌    | 28/50 [14:23<10:21, 28.23s/it]
Task 7, Epoch 29/50 => Loss 0.195, Train_accy 93.41:  58%|█████▊    | 29/50 [14:23<09:35, 27.40s/it]
Task 7, Epoch 30/50 => Loss 0.187, Train_accy 93.45, Test_accy 66.94:  58%|█████▊    | 29/50 [15:12<09:35, 27.40s/it]
Task 7, Epoch 30/50 => Loss 0.187, Train_accy 93.45, Test_accy 66.94:  60%|██████    | 30/50 [15:12<11:22, 34.10s/it]
Task 7, Epoch 31/50 => Loss 0.193, Train_accy 93.34:  60%|██████    | 30/50 [16:03<11:22, 34.10s/it]                 
Task 7, Epoch 31/50 => Loss 0.193, Train_accy 93.34:  62%|██████▏   | 31/50 [16:03<12:19, 38.93s/it]
Task 7, Epoch 32/50 => Loss 0.176, Train_accy 93.89:  62%|██████▏   | 31/50 [16:53<12:19, 38.93s/it]
Task 7, Epoch 32/50 => Loss 0.176, Train_accy 93.89:  64%|██████▍   | 32/50 [16:53<12:39, 42.20s/it]
Task 7, Epoch 33/50 => Loss 0.187, Train_accy 93.24:  64%|██████▍   | 32/50 [17:42<12:39, 42.20s/it]
Task 7, Epoch 33/50 => Loss 0.187, Train_accy 93.24:  66%|██████▌   | 33/50 [17:42<12:36, 44.50s/it]
Task 7, Epoch 34/50 => Loss 0.170, Train_accy 93.98:  66%|██████▌   | 33/50 [18:32<12:36, 44.50s/it]
Task 7, Epoch 34/50 => Loss 0.170, Train_accy 93.98:  68%|██████▊   | 34/50 [18:32<12:18, 46.15s/it]
Task 7, Epoch 35/50 => Loss 0.174, Train_accy 93.97, Test_accy 67.31:  68%|██████▊   | 34/50 [19:47<12:18, 46.15s/it]
Task 7, Epoch 35/50 => Loss 0.174, Train_accy 93.97, Test_accy 67.31:  70%|███████   | 35/50 [19:47<13:41, 54.78s/it]
Task 7, Epoch 36/50 => Loss 0.165, Train_accy 94.27:  70%|███████   | 35/50 [20:38<13:41, 54.78s/it]                 
Task 7, Epoch 36/50 => Loss 0.165, Train_accy 94.27:  72%|███████▏  | 36/50 [20:38<12:28, 53.46s/it]
Task 7, Epoch 37/50 => Loss 0.162, Train_accy 94.42:  72%|███████▏  | 36/50 [21:28<12:28, 53.46s/it]
Task 7, Epoch 37/50 => Loss 0.162, Train_accy 94.42:  74%|███████▍  | 37/50 [21:28<11:21, 52.44s/it]
Task 7, Epoch 38/50 => Loss 0.160, Train_accy 94.67:  74%|███████▍  | 37/50 [22:18<11:21, 52.44s/it]
Task 7, Epoch 38/50 => Loss 0.160, Train_accy 94.67:  76%|███████▌  | 38/50 [22:18<10:20, 51.68s/it]
Task 7, Epoch 39/50 => Loss 0.162, Train_accy 94.45:  76%|███████▌  | 38/50 [23:08<10:20, 51.68s/it]
Task 7, Epoch 39/50 => Loss 0.162, Train_accy 94.45:  78%|███████▊  | 39/50 [23:08<09:23, 51.21s/it]
Task 7, Epoch 40/50 => Loss 0.166, Train_accy 94.55, Test_accy 67.15:  78%|███████▊  | 39/50 [24:23<09:23, 51.21s/it]
Task 7, Epoch 40/50 => Loss 0.166, Train_accy 94.55, Test_accy 67.15:  80%|████████  | 40/50 [24:23<09:44, 58.40s/it]
Task 7, Epoch 41/50 => Loss 0.145, Train_accy 94.91:  80%|████████  | 40/50 [25:13<09:44, 58.40s/it]                 
Task 7, Epoch 41/50 => Loss 0.145, Train_accy 94.91:  82%|████████▏ | 41/50 [25:13<08:23, 55.98s/it]
Task 7, Epoch 42/50 => Loss 0.161, Train_accy 94.42:  82%|████████▏ | 41/50 [26:04<08:23, 55.98s/it]
Task 7, Epoch 42/50 => Loss 0.161, Train_accy 94.42:  84%|████████▍ | 42/50 [26:04<07:16, 54.56s/it]
Task 7, Epoch 43/50 => Loss 0.148, Train_accy 95.03:  84%|████████▍ | 42/50 [26:55<07:16, 54.56s/it]
Task 7, Epoch 43/50 => Loss 0.148, Train_accy 95.03:  86%|████████▌ | 43/50 [26:55<06:12, 53.25s/it]
Task 7, Epoch 44/50 => Loss 0.147, Train_accy 95.10:  86%|████████▌ | 43/50 [27:45<06:12, 53.25s/it]
Task 7, Epoch 44/50 => Loss 0.147, Train_accy 95.10:  88%|████████▊ | 44/50 [27:45<05:14, 52.39s/it]
Task 7, Epoch 45/50 => Loss 0.141, Train_accy 95.06, Test_accy 67.04:  88%|████████▊ | 44/50 [29:01<05:14, 52.39s/it]
Task 7, Epoch 45/50 => Loss 0.141, Train_accy 95.06, Test_accy 67.04:  90%|█████████ | 45/50 [29:01<04:56, 59.34s/it]
Task 7, Epoch 46/50 => Loss 0.140, Train_accy 95.21:  90%|█████████ | 45/50 [29:51<04:56, 59.34s/it]                 
Task 7, Epoch 46/50 => Loss 0.140, Train_accy 95.21:  92%|█████████▏| 46/50 [29:51<03:46, 56.67s/it]
Task 7, Epoch 47/50 => Loss 0.134, Train_accy 95.53:  92%|█████████▏| 46/50 [30:41<03:46, 56.67s/it]
Task 7, Epoch 47/50 => Loss 0.134, Train_accy 95.53:  94%|█████████▍| 47/50 [30:41<02:44, 54.70s/it]
Task 7, Epoch 48/50 => Loss 0.132, Train_accy 95.69:  94%|█████████▍| 47/50 [31:31<02:44, 54.70s/it]
Task 7, Epoch 48/50 => Loss 0.132, Train_accy 95.69:  96%|█████████▌| 48/50 [31:31<01:46, 53.39s/it]
Task 7, Epoch 49/50 => Loss 0.134, Train_accy 95.46:  96%|█████████▌| 48/50 [32:22<01:46, 53.39s/it]
Task 7, Epoch 49/50 => Loss 0.134, Train_accy 95.46:  98%|█████████▊| 49/50 [32:22<00:52, 52.40s/it]
Task 7, Epoch 50/50 => Loss 0.140, Train_accy 95.23, Test_accy 67.13:  98%|█████████▊| 49/50 [33:39<00:52, 52.40s/it]
Task 7, Epoch 50/50 => Loss 0.140, Train_accy 95.23, Test_accy 67.13: 100%|██████████| 50/50 [33:39<00:00, 60.01s/it]
Task 7, Epoch 50/50 => Loss 0.140, Train_accy 95.23, Test_accy 67.13: 100%|██████████| 50/50 [33:39<00:00, 40.40s/it]
2025-07-08 04:05:19,877 [lae.py] => Task 7, Epoch 50/50 => Loss 0.140, Train_accy 95.23, Test_accy 67.13
Time for task 7: 2019.9220206737518
2025-07-08 04:05:44,660 [trainer.py] => No NME accuracy.
2025-07-08 04:05:44,661 [trainer.py] => CNN: {'total': 67.13, '00-29': 73.83, '30-59': 73.29, '60-89': 69.78, '90-119': 64.15, '120-149': 71.62, '150-179': 58.03, '180-209': 65.83, '210-239': 60.43, 'old': 68.08, 'new': 60.43}
2025-07-08 04:05:44,661 [trainer.py] => CNN top1 curve: [91.17, 84.4, 80.65, 77.29, 75.68, 71.38, 69.61, 67.13]
2025-07-08 04:05:44,661 [trainer.py] => CNN top5 curve: [99.83, 98.92, 97.89, 96.74, 95.39, 94.27, 93.32, 91.88]

Average Accuracy (CNN): 77.16
2025-07-08 04:05:44,661 [trainer.py] => Average Accuracy (CNN): 77.16 

2025-07-08 04:05:44,662 [trainer.py] => All params: 86290436
2025-07-08 04:05:44,662 [trainer.py] => Trainable params: 338170
2025-07-08 04:05:44,665 [lae.py] => Learning on 240-270

  0%|          | 0/50 [00:00<?, ?it/s]
Task 8, Epoch 1/50 => Loss 1.835, Train_accy 58.60:   0%|          | 0/50 [00:25<?, ?it/s]
Task 8, Epoch 1/50 => Loss 1.835, Train_accy 58.60:   2%|▏         | 1/50 [00:25<20:33, 25.16s/it]
Task 8, Epoch 2/50 => Loss 0.419, Train_accy 87.69:   2%|▏         | 1/50 [00:50<20:33, 25.16s/it]
Task 8, Epoch 2/50 => Loss 0.419, Train_accy 87.69:   4%|▍         | 2/50 [00:50<19:59, 24.98s/it]
Task 8, Epoch 3/50 => Loss 0.309, Train_accy 90.77:   4%|▍         | 2/50 [01:14<19:59, 24.98s/it]
Task 8, Epoch 3/50 => Loss 0.309, Train_accy 90.77:   6%|▌         | 3/50 [01:14<19:26, 24.82s/it]
Task 8, Epoch 4/50 => Loss 0.257, Train_accy 91.93:   6%|▌         | 3/50 [01:39<19:26, 24.82s/it]
Task 8, Epoch 4/50 => Loss 0.257, Train_accy 91.93:   8%|▊         | 4/50 [01:39<18:55, 24.69s/it]
Task 8, Epoch 5/50 => Loss 0.233, Train_accy 92.86, Test_accy 63.67:   8%|▊         | 4/50 [02:31<18:55, 24.69s/it]
Task 8, Epoch 5/50 => Loss 0.233, Train_accy 92.86, Test_accy 63.67:  10%|█         | 5/50 [02:31<26:00, 34.69s/it]
Task 8, Epoch 6/50 => Loss 0.201, Train_accy 93.49:  10%|█         | 5/50 [02:56<26:00, 34.69s/it]                 
Task 8, Epoch 6/50 => Loss 0.201, Train_accy 93.49:  12%|█▏        | 6/50 [02:56<23:06, 31.52s/it]
Task 8, Epoch 7/50 => Loss 0.189, Train_accy 93.81:  12%|█▏        | 6/50 [03:21<23:06, 31.52s/it]
Task 8, Epoch 7/50 => Loss 0.189, Train_accy 93.81:  14%|█▍        | 7/50 [03:21<20:59, 29.28s/it]
Task 8, Epoch 8/50 => Loss 0.178, Train_accy 94.22:  14%|█▍        | 7/50 [03:46<20:59, 29.28s/it]
Task 8, Epoch 8/50 => Loss 0.178, Train_accy 94.22:  16%|█▌        | 8/50 [03:46<19:30, 27.87s/it]
Task 8, Epoch 9/50 => Loss 0.166, Train_accy 94.76:  16%|█▌        | 8/50 [04:11<19:30, 27.87s/it]
Task 8, Epoch 9/50 => Loss 0.166, Train_accy 94.76:  18%|█▊        | 9/50 [04:11<18:23, 26.92s/it]
Task 8, Epoch 10/50 => Loss 0.171, Train_accy 94.56, Test_accy 64.58:  18%|█▊        | 9/50 [05:04<18:23, 26.92s/it]
Task 8, Epoch 10/50 => Loss 0.171, Train_accy 94.56, Test_accy 64.58:  20%|██        | 10/50 [05:04<23:19, 34.98s/it]
Task 8, Epoch 11/50 => Loss 0.151, Train_accy 95.00:  20%|██        | 10/50 [05:28<23:19, 34.98s/it]                 
Task 8, Epoch 11/50 => Loss 0.151, Train_accy 95.00:  22%|██▏       | 11/50 [05:28<20:41, 31.82s/it]
Task 8, Epoch 12/50 => Loss 0.133, Train_accy 95.61:  22%|██▏       | 11/50 [05:53<20:41, 31.82s/it]
Task 8, Epoch 12/50 => Loss 0.133, Train_accy 95.61:  24%|██▍       | 12/50 [05:53<18:49, 29.74s/it]
Task 8, Epoch 13/50 => Loss 0.141, Train_accy 95.31:  24%|██▍       | 12/50 [06:18<18:49, 29.74s/it]
Task 8, Epoch 13/50 => Loss 0.141, Train_accy 95.31:  26%|██▌       | 13/50 [06:18<17:25, 28.27s/it]
Task 8, Epoch 14/50 => Loss 0.137, Train_accy 95.39:  26%|██▌       | 13/50 [06:43<17:25, 28.27s/it]
Task 8, Epoch 14/50 => Loss 0.137, Train_accy 95.39:  28%|██▊       | 14/50 [06:43<16:19, 27.21s/it]
Task 8, Epoch 15/50 => Loss 0.134, Train_accy 95.90, Test_accy 65.06:  28%|██▊       | 14/50 [07:35<16:19, 27.21s/it]
Task 8, Epoch 15/50 => Loss 0.134, Train_accy 95.90, Test_accy 65.06:  30%|███       | 15/50 [07:35<20:17, 34.78s/it]
Task 8, Epoch 16/50 => Loss 0.128, Train_accy 95.63:  30%|███       | 15/50 [08:00<20:17, 34.78s/it]                 
Task 8, Epoch 16/50 => Loss 0.128, Train_accy 95.63:  32%|███▏      | 16/50 [08:00<18:03, 31.86s/it]
Task 8, Epoch 17/50 => Loss 0.118, Train_accy 96.22:  32%|███▏      | 16/50 [08:25<18:03, 31.86s/it]
Task 8, Epoch 17/50 => Loss 0.118, Train_accy 96.22:  34%|███▍      | 17/50 [08:25<16:21, 29.75s/it]
Task 8, Epoch 18/50 => Loss 0.115, Train_accy 96.37:  34%|███▍      | 17/50 [08:50<16:21, 29.75s/it]
Task 8, Epoch 18/50 => Loss 0.115, Train_accy 96.37:  36%|███▌      | 18/50 [08:50<15:01, 28.19s/it]
Task 8, Epoch 19/50 => Loss 0.113, Train_accy 96.44:  36%|███▌      | 18/50 [09:15<15:01, 28.19s/it]
Task 8, Epoch 19/50 => Loss 0.113, Train_accy 96.44:  38%|███▊      | 19/50 [09:15<14:07, 27.33s/it]
Task 8, Epoch 20/50 => Loss 0.114, Train_accy 96.42, Test_accy 65.40:  38%|███▊      | 19/50 [10:08<14:07, 27.33s/it]
Task 8, Epoch 20/50 => Loss 0.114, Train_accy 96.42, Test_accy 65.40:  40%|████      | 20/50 [10:08<17:30, 35.02s/it]
Task 8, Epoch 21/50 => Loss 0.117, Train_accy 96.13:  40%|████      | 20/50 [10:33<17:30, 35.02s/it]                 
Task 8, Epoch 21/50 => Loss 0.117, Train_accy 96.13:  42%|████▏     | 21/50 [10:33<15:26, 31.95s/it]
Task 8, Epoch 22/50 => Loss 0.119, Train_accy 96.10:  42%|████▏     | 21/50 [10:58<15:26, 31.95s/it]
Task 8, Epoch 22/50 => Loss 0.119, Train_accy 96.10:  44%|████▍     | 22/50 [10:58<13:53, 29.75s/it]
Task 8, Epoch 23/50 => Loss 0.115, Train_accy 96.35:  44%|████▍     | 22/50 [11:22<13:53, 29.75s/it]
Task 8, Epoch 23/50 => Loss 0.115, Train_accy 96.35:  46%|████▌     | 23/50 [11:22<12:42, 28.23s/it]
Task 8, Epoch 24/50 => Loss 0.099, Train_accy 96.76:  46%|████▌     | 23/50 [11:47<12:42, 28.23s/it]
Task 8, Epoch 24/50 => Loss 0.099, Train_accy 96.76:  48%|████▊     | 24/50 [11:47<11:46, 27.18s/it]
Task 8, Epoch 25/50 => Loss 0.093, Train_accy 97.08, Test_accy 65.45:  48%|████▊     | 24/50 [12:39<11:46, 27.18s/it]
Task 8, Epoch 25/50 => Loss 0.093, Train_accy 97.08, Test_accy 65.45:  50%|█████     | 25/50 [12:39<14:29, 34.77s/it]
Task 8, Epoch 26/50 => Loss 0.106, Train_accy 96.60:  50%|█████     | 25/50 [13:05<14:29, 34.77s/it]                 
Task 8, Epoch 26/50 => Loss 0.106, Train_accy 96.60:  52%|█████▏    | 26/50 [13:05<12:44, 31.87s/it]
Task 8, Epoch 27/50 => Loss 0.108, Train_accy 96.54:  52%|█████▏    | 26/50 [13:29<12:44, 31.87s/it]
Task 8, Epoch 27/50 => Loss 0.108, Train_accy 96.54:  54%|█████▍    | 27/50 [13:29<11:24, 29.78s/it]
Task 8, Epoch 28/50 => Loss 0.096, Train_accy 96.95:  54%|█████▍    | 27/50 [13:55<11:24, 29.78s/it]
Task 8, Epoch 28/50 => Loss 0.096, Train_accy 96.95:  56%|█████▌    | 28/50 [13:55<10:27, 28.51s/it]
Task 8, Epoch 29/50 => Loss 0.096, Train_accy 96.95:  56%|█████▌    | 28/50 [14:20<10:27, 28.51s/it]
Task 8, Epoch 29/50 => Loss 0.096, Train_accy 96.95:  58%|█████▊    | 29/50 [14:20<09:35, 27.42s/it]
Task 8, Epoch 30/50 => Loss 0.096, Train_accy 96.94, Test_accy 65.75:  58%|█████▊    | 29/50 [15:12<09:35, 27.42s/it]
Task 8, Epoch 30/50 => Loss 0.096, Train_accy 96.94, Test_accy 65.75:  60%|██████    | 30/50 [15:12<11:36, 34.84s/it]
Task 8, Epoch 31/50 => Loss 0.095, Train_accy 96.84:  60%|██████    | 30/50 [16:02<11:36, 34.84s/it]                 
Task 8, Epoch 31/50 => Loss 0.095, Train_accy 96.84:  62%|██████▏   | 31/50 [16:02<12:29, 39.44s/it]
Task 8, Epoch 32/50 => Loss 0.091, Train_accy 97.08:  62%|██████▏   | 31/50 [16:52<12:29, 39.44s/it]
Task 8, Epoch 32/50 => Loss 0.091, Train_accy 97.08:  64%|██████▍   | 32/50 [16:52<12:47, 42.61s/it]
Task 8, Epoch 33/50 => Loss 0.095, Train_accy 97.00:  64%|██████▍   | 32/50 [17:42<12:47, 42.61s/it]
Task 8, Epoch 33/50 => Loss 0.095, Train_accy 97.00:  66%|██████▌   | 33/50 [17:42<12:43, 44.88s/it]
Task 8, Epoch 34/50 => Loss 0.087, Train_accy 97.39:  66%|██████▌   | 33/50 [18:32<12:43, 44.88s/it]
Task 8, Epoch 34/50 => Loss 0.087, Train_accy 97.39:  68%|██████▊   | 34/50 [18:32<12:18, 46.18s/it]
Task 8, Epoch 35/50 => Loss 0.100, Train_accy 96.91, Test_accy 65.60:  68%|██████▊   | 34/50 [19:50<12:18, 46.18s/it]
Task 8, Epoch 35/50 => Loss 0.100, Train_accy 96.91, Test_accy 65.60:  70%|███████   | 35/50 [19:50<13:57, 55.84s/it]
Task 8, Epoch 36/50 => Loss 0.085, Train_accy 97.21:  70%|███████   | 35/50 [20:39<13:57, 55.84s/it]                 
Task 8, Epoch 36/50 => Loss 0.085, Train_accy 97.21:  72%|███████▏  | 36/50 [20:39<12:34, 53.88s/it]
Task 8, Epoch 37/50 => Loss 0.084, Train_accy 97.29:  72%|███████▏  | 36/50 [21:29<12:34, 53.88s/it]
Task 8, Epoch 37/50 => Loss 0.084, Train_accy 97.29:  74%|███████▍  | 37/50 [21:29<11:22, 52.48s/it]
Task 8, Epoch 38/50 => Loss 0.090, Train_accy 97.23:  74%|███████▍  | 37/50 [22:18<11:22, 52.48s/it]
Task 8, Epoch 38/50 => Loss 0.090, Train_accy 97.23:  76%|███████▌  | 38/50 [22:18<10:18, 51.55s/it]
Task 8, Epoch 39/50 => Loss 0.083, Train_accy 97.28:  76%|███████▌  | 38/50 [23:08<10:18, 51.55s/it]
Task 8, Epoch 39/50 => Loss 0.083, Train_accy 97.28:  78%|███████▊  | 39/50 [23:08<09:20, 50.98s/it]
Task 8, Epoch 40/50 => Loss 0.082, Train_accy 97.29, Test_accy 66.03:  78%|███████▊  | 39/50 [24:25<09:20, 50.98s/it]
Task 8, Epoch 40/50 => Loss 0.082, Train_accy 97.29, Test_accy 66.03:  80%|████████  | 40/50 [24:25<09:48, 58.85s/it]
Task 8, Epoch 41/50 => Loss 0.086, Train_accy 97.33:  80%|████████  | 40/50 [25:14<09:48, 58.85s/it]                 
Task 8, Epoch 41/50 => Loss 0.086, Train_accy 97.33:  82%|████████▏ | 41/50 [25:14<08:23, 55.94s/it]
Task 8, Epoch 42/50 => Loss 0.090, Train_accy 97.15:  82%|████████▏ | 41/50 [26:03<08:23, 55.94s/it]
Task 8, Epoch 42/50 => Loss 0.090, Train_accy 97.15:  84%|████████▍ | 42/50 [26:03<07:11, 53.91s/it]
Task 8, Epoch 43/50 => Loss 0.082, Train_accy 97.36:  84%|████████▍ | 42/50 [26:52<07:11, 53.91s/it]
Task 8, Epoch 43/50 => Loss 0.082, Train_accy 97.36:  86%|████████▌ | 43/50 [26:52<06:07, 52.49s/it]
Task 8, Epoch 44/50 => Loss 0.080, Train_accy 97.40:  86%|████████▌ | 43/50 [27:41<06:07, 52.49s/it]
Task 8, Epoch 44/50 => Loss 0.080, Train_accy 97.40:  88%|████████▊ | 44/50 [27:41<05:08, 51.49s/it]
Task 8, Epoch 45/50 => Loss 0.083, Train_accy 97.45, Test_accy 65.71:  88%|████████▊ | 44/50 [28:59<05:08, 51.49s/it]
Task 8, Epoch 45/50 => Loss 0.083, Train_accy 97.45, Test_accy 65.71:  90%|█████████ | 45/50 [28:59<04:56, 59.26s/it]
Task 8, Epoch 46/50 => Loss 0.074, Train_accy 97.54:  90%|█████████ | 45/50 [29:49<04:56, 59.26s/it]                 
Task 8, Epoch 46/50 => Loss 0.074, Train_accy 97.54:  92%|█████████▏| 46/50 [29:49<03:45, 56.45s/it]
Task 8, Epoch 47/50 => Loss 0.081, Train_accy 97.39:  92%|█████████▏| 46/50 [30:39<03:45, 56.45s/it]
Task 8, Epoch 47/50 => Loss 0.081, Train_accy 97.39:  94%|█████████▍| 47/50 [30:39<02:43, 54.46s/it]
Task 8, Epoch 48/50 => Loss 0.072, Train_accy 97.66:  94%|█████████▍| 47/50 [31:29<02:43, 54.46s/it]
Task 8, Epoch 48/50 => Loss 0.072, Train_accy 97.66:  96%|█████████▌| 48/50 [31:29<01:46, 53.20s/it]
Task 8, Epoch 49/50 => Loss 0.066, Train_accy 97.74:  96%|█████████▌| 48/50 [32:18<01:46, 53.20s/it]
Task 8, Epoch 49/50 => Loss 0.066, Train_accy 97.74:  98%|█████████▊| 49/50 [32:18<00:52, 52.01s/it]
Task 8, Epoch 50/50 => Loss 0.078, Train_accy 97.47, Test_accy 65.70:  98%|█████████▊| 49/50 [33:37<00:52, 52.01s/it]
Task 8, Epoch 50/50 => Loss 0.078, Train_accy 97.47, Test_accy 65.70: 100%|██████████| 50/50 [33:37<00:00, 60.16s/it]
Task 8, Epoch 50/50 => Loss 0.078, Train_accy 97.47, Test_accy 65.70: 100%|██████████| 50/50 [33:37<00:00, 40.35s/it]
2025-07-08 04:39:22,371 [lae.py] => Task 8, Epoch 50/50 => Loss 0.078, Train_accy 97.47, Test_accy 65.70
Time for task 8: 2017.7162973880768
2025-07-08 04:39:49,869 [trainer.py] => No NME accuracy.
2025-07-08 04:39:49,869 [trainer.py] => CNN: {'total': 65.7, '00-29': 73.17, '30-59': 73.46, '60-89': 69.45, '90-119': 61.64, '120-149': 68.28, '150-179': 56.69, '180-209': 63.99, '210-239': 59.43, '240-269': 65.11, 'old': 65.77, 'new': 65.11}
2025-07-08 04:39:49,869 [trainer.py] => CNN top1 curve: [91.17, 84.4, 80.65, 77.29, 75.68, 71.38, 69.61, 67.13, 65.7]
2025-07-08 04:39:49,870 [trainer.py] => CNN top5 curve: [99.83, 98.92, 97.89, 96.74, 95.39, 94.27, 93.32, 91.88, 91.54]

Average Accuracy (CNN): 75.89
2025-07-08 04:39:49,870 [trainer.py] => Average Accuracy (CNN): 75.89 

2025-07-08 04:39:49,872 [trainer.py] => All params: 86313506
2025-07-08 04:39:49,875 [trainer.py] => Trainable params: 361240
2025-07-08 04:39:49,882 [lae.py] => Learning on 270-300

  0%|          | 0/50 [00:00<?, ?it/s]
Task 9, Epoch 1/50 => Loss 1.884, Train_accy 57.50:   0%|          | 0/50 [00:23<?, ?it/s]
Task 9, Epoch 1/50 => Loss 1.884, Train_accy 57.50:   2%|▏         | 1/50 [00:23<19:05, 23.39s/it]
Task 9, Epoch 2/50 => Loss 0.423, Train_accy 87.34:   2%|▏         | 1/50 [00:47<19:05, 23.39s/it]
Task 9, Epoch 2/50 => Loss 0.423, Train_accy 87.34:   4%|▍         | 2/50 [00:47<19:02, 23.81s/it]
Task 9, Epoch 3/50 => Loss 0.310, Train_accy 90.53:   4%|▍         | 2/50 [01:10<19:02, 23.81s/it]
Task 9, Epoch 3/50 => Loss 0.310, Train_accy 90.53:   6%|▌         | 3/50 [01:10<18:28, 23.59s/it]
Task 9, Epoch 4/50 => Loss 0.257, Train_accy 91.66:   6%|▌         | 3/50 [01:34<18:28, 23.59s/it]
Task 9, Epoch 4/50 => Loss 0.257, Train_accy 91.66:   8%|▊         | 4/50 [01:34<17:59, 23.47s/it]
Task 9, Epoch 5/50 => Loss 0.230, Train_accy 92.76, Test_accy 63.41:   8%|▊         | 4/50 [02:28<17:59, 23.47s/it]
Task 9, Epoch 5/50 => Loss 0.230, Train_accy 92.76, Test_accy 63.41:  10%|█         | 5/50 [02:28<26:05, 34.78s/it]
Task 9, Epoch 6/50 => Loss 0.211, Train_accy 93.15:  10%|█         | 5/50 [02:52<26:05, 34.78s/it]                 
Task 9, Epoch 6/50 => Loss 0.211, Train_accy 93.15:  12%|█▏        | 6/50 [02:52<22:36, 30.83s/it]
Task 9, Epoch 7/50 => Loss 0.188, Train_accy 93.87:  12%|█▏        | 6/50 [03:15<22:36, 30.83s/it]
Task 9, Epoch 7/50 => Loss 0.188, Train_accy 93.87:  14%|█▍        | 7/50 [03:15<20:19, 28.37s/it]
Task 9, Epoch 8/50 => Loss 0.178, Train_accy 94.19:  14%|█▍        | 7/50 [03:39<20:19, 28.37s/it]
Task 9, Epoch 8/50 => Loss 0.178, Train_accy 94.19:  16%|█▌        | 8/50 [03:39<18:47, 26.86s/it]
Task 9, Epoch 9/50 => Loss 0.165, Train_accy 94.57:  16%|█▌        | 8/50 [04:02<18:47, 26.86s/it]
Task 9, Epoch 9/50 => Loss 0.165, Train_accy 94.57:  18%|█▊        | 9/50 [04:02<17:34, 25.72s/it]
Task 9, Epoch 10/50 => Loss 0.167, Train_accy 94.55, Test_accy 64.26:  18%|█▊        | 9/50 [04:55<17:34, 25.72s/it]
Task 9, Epoch 10/50 => Loss 0.167, Train_accy 94.55, Test_accy 64.26:  20%|██        | 10/50 [04:55<22:53, 34.34s/it]
Task 9, Epoch 11/50 => Loss 0.148, Train_accy 94.86:  20%|██        | 10/50 [05:19<22:53, 34.34s/it]                 
Task 9, Epoch 11/50 => Loss 0.148, Train_accy 94.86:  22%|██▏       | 11/50 [05:19<20:05, 30.92s/it]
Task 9, Epoch 12/50 => Loss 0.143, Train_accy 95.14:  22%|██▏       | 11/50 [05:42<20:05, 30.92s/it]
Task 9, Epoch 12/50 => Loss 0.143, Train_accy 95.14:  24%|██▍       | 12/50 [05:42<18:05, 28.58s/it]
Task 9, Epoch 13/50 => Loss 0.134, Train_accy 95.51:  24%|██▍       | 12/50 [06:05<18:05, 28.58s/it]
Task 9, Epoch 13/50 => Loss 0.134, Train_accy 95.51:  26%|██▌       | 13/50 [06:05<16:40, 27.05s/it]
Task 9, Epoch 14/50 => Loss 0.126, Train_accy 95.89:  26%|██▌       | 13/50 [06:29<16:40, 27.05s/it]
Task 9, Epoch 14/50 => Loss 0.126, Train_accy 95.89:  28%|██▊       | 14/50 [06:29<15:32, 25.90s/it]
Task 9, Epoch 15/50 => Loss 0.118, Train_accy 95.78, Test_accy 64.58:  28%|██▊       | 14/50 [07:23<15:32, 25.90s/it]
Task 9, Epoch 15/50 => Loss 0.118, Train_accy 95.78, Test_accy 64.58:  30%|███       | 15/50 [07:23<20:07, 34.50s/it]
Task 9, Epoch 16/50 => Loss 0.125, Train_accy 95.98:  30%|███       | 15/50 [07:46<20:07, 34.50s/it]                 
Task 9, Epoch 16/50 => Loss 0.125, Train_accy 95.98:  32%|███▏      | 16/50 [07:46<17:38, 31.12s/it]
Task 9, Epoch 17/50 => Loss 0.119, Train_accy 96.05:  32%|███▏      | 16/50 [08:10<17:38, 31.12s/it]
Task 9, Epoch 17/50 => Loss 0.119, Train_accy 96.05:  34%|███▍      | 17/50 [08:10<15:52, 28.87s/it]
Task 9, Epoch 18/50 => Loss 0.115, Train_accy 96.09:  34%|███▍      | 17/50 [08:33<15:52, 28.87s/it]
Task 9, Epoch 18/50 => Loss 0.115, Train_accy 96.09:  36%|███▌      | 18/50 [08:33<14:28, 27.15s/it]
Task 9, Epoch 19/50 => Loss 0.116, Train_accy 95.90:  36%|███▌      | 18/50 [08:56<14:28, 27.15s/it]
Task 9, Epoch 19/50 => Loss 0.116, Train_accy 95.90:  38%|███▊      | 19/50 [08:56<13:25, 25.99s/it]
Task 9, Epoch 20/50 => Loss 0.115, Train_accy 96.09, Test_accy 64.86:  38%|███▊      | 19/50 [09:51<13:25, 25.99s/it]
Task 9, Epoch 20/50 => Loss 0.115, Train_accy 96.09, Test_accy 64.86:  40%|████      | 20/50 [09:51<17:17, 34.59s/it]
Task 9, Epoch 21/50 => Loss 0.114, Train_accy 96.17:  40%|████      | 20/50 [10:15<17:17, 34.59s/it]                 
Task 9, Epoch 21/50 => Loss 0.114, Train_accy 96.17:  42%|████▏     | 21/50 [10:15<15:08, 31.32s/it]
Task 9, Epoch 22/50 => Loss 0.107, Train_accy 96.41:  42%|████▏     | 21/50 [10:38<15:08, 31.32s/it]
Task 9, Epoch 22/50 => Loss 0.107, Train_accy 96.41:  44%|████▍     | 22/50 [10:38<13:30, 28.95s/it]
Task 9, Epoch 23/50 => Loss 0.106, Train_accy 96.43:  44%|████▍     | 22/50 [11:02<13:30, 28.95s/it]
Task 9, Epoch 23/50 => Loss 0.106, Train_accy 96.43:  46%|████▌     | 23/50 [11:02<12:19, 27.38s/it]
Task 9, Epoch 24/50 => Loss 0.106, Train_accy 96.53:  46%|████▌     | 23/50 [11:25<12:19, 27.38s/it]
Task 9, Epoch 24/50 => Loss 0.106, Train_accy 96.53:  48%|████▊     | 24/50 [11:25<11:22, 26.24s/it]
Task 9, Epoch 25/50 => Loss 0.100, Train_accy 96.58, Test_accy 64.96:  48%|████▊     | 24/50 [12:20<11:22, 26.24s/it]
Task 9, Epoch 25/50 => Loss 0.100, Train_accy 96.58, Test_accy 64.96:  50%|█████     | 25/50 [12:20<14:27, 34.69s/it]
Task 9, Epoch 26/50 => Loss 0.112, Train_accy 96.12:  50%|█████     | 25/50 [12:43<14:27, 34.69s/it]                 
Task 9, Epoch 26/50 => Loss 0.112, Train_accy 96.12:  52%|█████▏    | 26/50 [12:43<12:31, 31.33s/it]
Task 9, Epoch 27/50 => Loss 0.100, Train_accy 96.62:  52%|█████▏    | 26/50 [13:07<12:31, 31.33s/it]
Task 9, Epoch 27/50 => Loss 0.100, Train_accy 96.62:  54%|█████▍    | 27/50 [13:07<11:05, 28.95s/it]
Task 9, Epoch 28/50 => Loss 0.099, Train_accy 96.77:  54%|█████▍    | 27/50 [13:30<11:05, 28.95s/it]
Task 9, Epoch 28/50 => Loss 0.099, Train_accy 96.77:  56%|█████▌    | 28/50 [13:30<10:01, 27.34s/it]
Task 9, Epoch 29/50 => Loss 0.100, Train_accy 96.76:  56%|█████▌    | 28/50 [13:54<10:01, 27.34s/it]
Task 9, Epoch 29/50 => Loss 0.100, Train_accy 96.76:  58%|█████▊    | 29/50 [13:54<09:09, 26.15s/it]
Task 9, Epoch 30/50 => Loss 0.098, Train_accy 96.56, Test_accy 65.21:  58%|█████▊    | 29/50 [14:49<09:09, 26.15s/it]
Task 9, Epoch 30/50 => Loss 0.098, Train_accy 96.56, Test_accy 65.21:  60%|██████    | 30/50 [14:49<11:36, 34.84s/it]
Task 9, Epoch 31/50 => Loss 0.098, Train_accy 96.70:  60%|██████    | 30/50 [15:36<11:36, 34.84s/it]                 
Task 9, Epoch 31/50 => Loss 0.098, Train_accy 96.70:  62%|██████▏   | 31/50 [15:36<12:11, 38.51s/it]
Task 9, Epoch 32/50 => Loss 0.097, Train_accy 96.90:  62%|██████▏   | 31/50 [16:22<12:11, 38.51s/it]
Task 9, Epoch 32/50 => Loss 0.097, Train_accy 96.90:  64%|██████▍   | 32/50 [16:22<12:15, 40.84s/it]
Task 9, Epoch 33/50 => Loss 0.093, Train_accy 96.86:  64%|██████▍   | 32/50 [17:09<12:15, 40.84s/it]
Task 9, Epoch 33/50 => Loss 0.093, Train_accy 96.86:  66%|██████▌   | 33/50 [17:09<12:03, 42.54s/it]
Task 9, Epoch 34/50 => Loss 0.088, Train_accy 96.99:  66%|██████▌   | 33/50 [17:55<12:03, 42.54s/it]
Task 9, Epoch 34/50 => Loss 0.088, Train_accy 96.99:  68%|██████▊   | 34/50 [17:55<11:38, 43.66s/it]
Task 9, Epoch 35/50 => Loss 0.090, Train_accy 96.91, Test_accy 65.81:  68%|██████▊   | 34/50 [19:12<11:38, 43.66s/it]
Task 9, Epoch 35/50 => Loss 0.090, Train_accy 96.91, Test_accy 65.81:  70%|███████   | 35/50 [19:12<13:25, 53.70s/it]
Task 9, Epoch 36/50 => Loss 0.085, Train_accy 97.25:  70%|███████   | 35/50 [19:58<13:25, 53.70s/it]                 
Task 9, Epoch 36/50 => Loss 0.085, Train_accy 97.25:  72%|███████▏  | 36/50 [19:58<12:00, 51.49s/it]
Task 9, Epoch 37/50 => Loss 0.087, Train_accy 97.18:  72%|███████▏  | 36/50 [20:45<12:00, 51.49s/it]
Task 9, Epoch 37/50 => Loss 0.087, Train_accy 97.18:  74%|███████▍  | 37/50 [20:45<10:49, 49.93s/it]
Task 9, Epoch 38/50 => Loss 0.092, Train_accy 97.11:  74%|███████▍  | 37/50 [21:31<10:49, 49.93s/it]
Task 9, Epoch 38/50 => Loss 0.092, Train_accy 97.11:  76%|███████▌  | 38/50 [21:31<09:46, 48.84s/it]
Task 9, Epoch 39/50 => Loss 0.086, Train_accy 97.16:  76%|███████▌  | 38/50 [22:17<09:46, 48.84s/it]
Task 9, Epoch 39/50 => Loss 0.086, Train_accy 97.16:  78%|███████▊  | 39/50 [22:17<08:48, 48.08s/it]
Task 9, Epoch 40/50 => Loss 0.090, Train_accy 97.12, Test_accy 65.75:  78%|███████▊  | 39/50 [23:34<08:48, 48.08s/it]
Task 9, Epoch 40/50 => Loss 0.090, Train_accy 97.12, Test_accy 65.75:  80%|████████  | 40/50 [23:34<09:27, 56.73s/it]
Task 9, Epoch 41/50 => Loss 0.083, Train_accy 97.26:  80%|████████  | 40/50 [24:20<09:27, 56.73s/it]                 
Task 9, Epoch 41/50 => Loss 0.083, Train_accy 97.26:  82%|████████▏ | 41/50 [24:20<08:02, 53.58s/it]
Task 9, Epoch 42/50 => Loss 0.084, Train_accy 97.24:  82%|████████▏ | 41/50 [25:07<08:02, 53.58s/it]
Task 9, Epoch 42/50 => Loss 0.084, Train_accy 97.24:  84%|████████▍ | 42/50 [25:07<06:50, 51.36s/it]
Task 9, Epoch 43/50 => Loss 0.081, Train_accy 97.26:  84%|████████▍ | 42/50 [25:53<06:50, 51.36s/it]
Task 9, Epoch 43/50 => Loss 0.081, Train_accy 97.26:  86%|████████▌ | 43/50 [25:53<05:49, 49.86s/it]
Task 9, Epoch 44/50 => Loss 0.081, Train_accy 97.25:  86%|████████▌ | 43/50 [26:40<05:49, 49.86s/it]
Task 9, Epoch 44/50 => Loss 0.081, Train_accy 97.25:  88%|████████▊ | 44/50 [26:40<04:54, 49.07s/it]
Task 9, Epoch 45/50 => Loss 0.071, Train_accy 97.71, Test_accy 65.95:  88%|████████▊ | 44/50 [28:01<04:54, 49.07s/it]
Task 9, Epoch 45/50 => Loss 0.071, Train_accy 97.71, Test_accy 65.95:  90%|█████████ | 45/50 [28:01<04:52, 58.48s/it]
Task 9, Epoch 46/50 => Loss 0.079, Train_accy 97.50:  90%|█████████ | 45/50 [28:48<04:52, 58.48s/it]                 
Task 9, Epoch 46/50 => Loss 0.079, Train_accy 97.50:  92%|█████████▏| 46/50 [28:48<03:40, 55.09s/it]
Task 9, Epoch 47/50 => Loss 0.075, Train_accy 97.45:  92%|█████████▏| 46/50 [29:35<03:40, 55.09s/it]
Task 9, Epoch 47/50 => Loss 0.075, Train_accy 97.45:  94%|█████████▍| 47/50 [29:35<02:37, 52.63s/it]
Task 9, Epoch 48/50 => Loss 0.077, Train_accy 97.39:  94%|█████████▍| 47/50 [30:21<02:37, 52.63s/it]
Task 9, Epoch 48/50 => Loss 0.077, Train_accy 97.39:  96%|█████████▌| 48/50 [30:21<01:41, 50.85s/it]
Task 9, Epoch 49/50 => Loss 0.079, Train_accy 97.40:  96%|█████████▌| 48/50 [31:08<01:41, 50.85s/it]
Task 9, Epoch 49/50 => Loss 0.079, Train_accy 97.40:  98%|█████████▊| 49/50 [31:08<00:49, 49.57s/it]
Task 9, Epoch 50/50 => Loss 0.074, Train_accy 97.54, Test_accy 66.10:  98%|█████████▊| 49/50 [32:25<00:49, 49.57s/it]
Task 9, Epoch 50/50 => Loss 0.074, Train_accy 97.54, Test_accy 66.10: 100%|██████████| 50/50 [32:25<00:00, 57.91s/it]
Task 9, Epoch 50/50 => Loss 0.074, Train_accy 97.54, Test_accy 66.10: 100%|██████████| 50/50 [32:25<00:00, 38.92s/it]
2025-07-08 05:12:15,699 [lae.py] => Task 9, Epoch 50/50 => Loss 0.074, Train_accy 97.54, Test_accy 66.10
Time for task 9: 1945.8458852767944
2025-07-08 05:12:46,245 [trainer.py] => No NME accuracy.
2025-07-08 05:12:46,245 [trainer.py] => CNN: {'total': 66.1, '00-29': 73.67, '30-59': 71.95, '60-89': 68.61, '90-119': 61.14, '120-149': 68.78, '150-179': 57.19, '180-209': 63.99, '210-239': 58.1, '240-269': 65.61, '270-299': 71.91, 'old': 65.45, 'new': 71.91}
2025-07-08 05:12:46,245 [trainer.py] => CNN top1 curve: [91.17, 84.4, 80.65, 77.29, 75.68, 71.38, 69.61, 67.13, 65.7, 66.1]
2025-07-08 05:12:46,245 [trainer.py] => CNN top5 curve: [99.83, 98.92, 97.89, 96.74, 95.39, 94.27, 93.32, 91.88, 91.54, 91.11]

Average Accuracy (CNN): 74.91
2025-07-08 05:12:46,245 [trainer.py] => Average Accuracy (CNN): 74.91 

Finished omnibenchmark_init30_inc30: vit_base_patch16_224_in21k_lae  
----------------------------------------------------------------------------------------------------
Accuracy Matrix (CNN):
[[91.17 79.   78.   77.17 76.   75.   74.5  73.83 73.17 73.67]
 [ 0.   89.82 85.31 80.3  79.47 76.96 75.96 73.29 73.46 71.95]
 [ 0.    0.   78.63 75.46 75.29 71.45 70.28 69.78 69.45 68.61]
 [ 0.    0.    0.   76.21 71.69 69.18 66.5  64.15 61.64 61.14]
 [ 0.    0.    0.    0.   75.96 74.62 73.12 71.62 68.28 68.78]
 [ 0.    0.    0.    0.    0.   61.04 59.7  58.03 56.69 57.19]
 [ 0.    0.    0.    0.    0.    0.   67.17 65.83 63.99 63.99]
 [ 0.    0.    0.    0.    0.    0.    0.   60.43 59.43 58.1 ]
 [ 0.    0.    0.    0.    0.    0.    0.    0.   65.11 65.61]
 [ 0.    0.    0.    0.    0.    0.    0.    0.    0.   71.91]]
2025-07-08 05:12:46,246 [trainer.py] => Forgetting (CNN): 8.555555555555552
2025-07-08 05:13:00,785 [trainer.py] => config: ./scripts/lae/lae_vtab_B0_Inc10.json
2025-07-08 05:13:00,800 [trainer.py] => prefix:  
2025-07-08 05:13:00,800 [trainer.py] => dataset: vtab
2025-07-08 05:13:00,800 [trainer.py] => memory_size: 0
2025-07-08 05:13:00,800 [trainer.py] => memory_per_class: 0
2025-07-08 05:13:00,800 [trainer.py] => fixed_memory: False
2025-07-08 05:13:00,800 [trainer.py] => shuffle: True
2025-07-08 05:13:00,800 [trainer.py] => init_cls: 10
2025-07-08 05:13:00,800 [trainer.py] => increment: 10
2025-07-08 05:13:00,800 [trainer.py] => model_name: lae
2025-07-08 05:13:00,800 [trainer.py] => backbone_type: vit_base_patch16_224_in21k_lae
2025-07-08 05:13:00,800 [trainer.py] => device: [device(type='cuda', index=3)]
2025-07-08 05:13:00,800 [trainer.py] => seed: 1993
2025-07-08 05:13:00,800 [trainer.py] => tuned_epoch: 5
2025-07-08 05:13:00,800 [trainer.py] => init_lr: 0.0028125
2025-07-08 05:13:00,800 [trainer.py] => batch_size: 128
2025-07-08 05:13:00,800 [trainer.py] => weight_decay: 0
2025-07-08 05:13:00,800 [trainer.py] => min_lr: 1e-05
2025-07-08 05:13:00,800 [trainer.py] => optimizer: adam
2025-07-08 05:13:00,800 [trainer.py] => scheduler: constant
2025-07-08 05:13:00,800 [trainer.py] => reinit_optimizer: True
2025-07-08 05:13:00,800 [trainer.py] => pretrained: True
2025-07-08 05:13:00,800 [trainer.py] => drop: 0.0
2025-07-08 05:13:00,800 [trainer.py] => drop_path: 0.0
2025-07-08 05:13:00,800 [trainer.py] => ema_decay: 0.9999
2025-07-08 05:13:00,801 [trainer.py] => num_freeze_epochs: 3
2025-07-08 05:13:00,801 [trainer.py] => pet_cls: LoRA
2025-07-08 05:13:00,801 [trainer.py] => pet_length: 10
2025-07-08 05:13:00,801 [trainer.py] => down_sample_dim: 5
{'10': 0, '11': 1, '12': 2, '13': 3, '14': 4, '15': 5, '16': 6, '17': 7, '18': 8, '19': 9, '20': 10, '21': 11, '22': 12, '23': 13, '24': 14, '25': 15, '26': 16, '27': 17, '28': 18, '29': 19, '30': 20, '31': 21, '32': 22, '33': 23, '34': 24, '35': 25, '36': 26, '37': 27, '38': 28, '39': 29, '40': 30, '41': 31, '42': 32, '43': 33, '44': 34, '45': 35, '46': 36, '47': 37, '48': 38, '49': 39, '50': 40, '51': 41, '52': 42, '53': 43, '54': 44, '55': 45, '56': 46, '57': 47, '58': 48, '59': 49}
{'10': 0, '11': 1, '12': 2, '13': 3, '14': 4, '15': 5, '16': 6, '17': 7, '18': 8, '19': 9, '20': 10, '21': 11, '22': 12, '23': 13, '24': 14, '25': 15, '26': 16, '27': 17, '28': 18, '29': 19, '30': 20, '31': 21, '32': 22, '33': 23, '34': 24, '35': 25, '36': 26, '37': 27, '38': 28, '39': 29, '40': 30, '41': 31, '42': 32, '43': 33, '44': 34, '45': 35, '46': 36, '47': 37, '48': 38, '49': 39, '50': 40, '51': 41, '52': 42, '53': 43, '54': 44, '55': 45, '56': 46, '57': 47, '58': 48, '59': 49}
2025-07-08 05:13:00,869 [data_manager.py] => [43, 41, 23, 14, 13, 40, 42, 22, 16, 45, 17, 10, 27, 46, 35, 8, 2, 34, 1, 37, 21, 0, 18, 36, 38, 24, 12, 6, 15, 20, 25, 48, 30, 19, 44, 26, 7, 28, 11, 5, 32, 4, 9, 47, 39, 31, 3, 29, 49, 33]
2025-07-08 05:13:07,317 [lae.py] => 85,952,266 model total parameters.
2025-07-08 05:13:07,317 [lae.py] => 0 model training parameters.
2025-07-08 05:13:07,318 [trainer.py] => All params: 86105876
2025-07-08 05:13:07,318 [trainer.py] => Trainable params: 0
2025-07-08 05:13:07,319 [lae.py] => Learning on 0-10

  0%|          | 0/5 [00:00<?, ?it/s]
Task 0, Epoch 1/5 => Loss 3.024, Train_accy 11.18:   0%|          | 0/5 [00:02<?, ?it/s]
Task 0, Epoch 1/5 => Loss 3.024, Train_accy 11.18:  20%|██        | 1/5 [00:02<00:09,  2.32s/it]
Task 0, Epoch 2/5 => Loss 1.089, Train_accy 65.22:  20%|██        | 1/5 [00:03<00:09,  2.32s/it]
Task 0, Epoch 2/5 => Loss 1.089, Train_accy 65.22:  40%|████      | 2/5 [00:03<00:04,  1.61s/it]
Task 0, Epoch 3/5 => Loss 0.304, Train_accy 90.68:  40%|████      | 2/5 [00:04<00:04,  1.61s/it]
Task 0, Epoch 3/5 => Loss 0.304, Train_accy 90.68:  60%|██████    | 3/5 [00:04<00:02,  1.33s/it]
Task 0, Epoch 4/5 => Loss 0.131, Train_accy 95.03:  60%|██████    | 3/5 [00:05<00:02,  1.33s/it]
Task 0, Epoch 4/5 => Loss 0.131, Train_accy 95.03:  80%|████████  | 4/5 [00:05<00:01,  1.37s/it]
Task 0, Epoch 5/5 => Loss 0.054, Train_accy 98.14, Test_accy 97.58:  80%|████████  | 4/5 [00:12<00:01,  1.37s/it]
Task 0, Epoch 5/5 => Loss 0.054, Train_accy 98.14, Test_accy 97.58: 100%|██████████| 5/5 [00:12<00:00,  3.29s/it]
Task 0, Epoch 5/5 => Loss 0.054, Train_accy 98.14, Test_accy 97.58: 100%|██████████| 5/5 [00:12<00:00,  2.51s/it]
2025-07-08 05:13:20,320 [lae.py] => Task 0, Epoch 5/5 => Loss 0.054, Train_accy 98.14, Test_accy 97.58
Time for task 0: 13.00172758102417
2025-07-08 05:13:25,810 [trainer.py] => No NME accuracy.
2025-07-08 05:13:25,810 [trainer.py] => CNN: {'total': 97.58, '00-09': 97.58, 'old': 0, 'new': 97.58}
2025-07-08 05:13:25,810 [trainer.py] => CNN top1 curve: [97.58]
2025-07-08 05:13:25,810 [trainer.py] => CNN top5 curve: [99.76]

Average Accuracy (CNN): 97.58
2025-07-08 05:13:25,810 [trainer.py] => Average Accuracy (CNN): 97.58 

2025-07-08 05:13:25,811 [trainer.py] => All params: 86113566
2025-07-08 05:13:25,811 [trainer.py] => Trainable params: 161300
2025-07-08 05:13:25,812 [lae.py] => Learning on 10-20

  0%|          | 0/5 [00:00<?, ?it/s]
Task 1, Epoch 1/5 => Loss 1.791, Train_accy 42.27:   0%|          | 0/5 [00:01<?, ?it/s]
Task 1, Epoch 1/5 => Loss 1.791, Train_accy 42.27:  20%|██        | 1/5 [00:01<00:06,  1.52s/it]
Task 1, Epoch 2/5 => Loss 0.423, Train_accy 82.61:  20%|██        | 1/5 [00:03<00:06,  1.52s/it]
Task 1, Epoch 2/5 => Loss 0.423, Train_accy 82.61:  40%|████      | 2/5 [00:03<00:04,  1.57s/it]
Task 1, Epoch 3/5 => Loss 0.218, Train_accy 93.72:  40%|████      | 2/5 [00:04<00:04,  1.57s/it]
Task 1, Epoch 3/5 => Loss 0.218, Train_accy 93.72:  60%|██████    | 3/5 [00:04<00:03,  1.58s/it]
Task 1, Epoch 4/5 => Loss 0.143, Train_accy 94.93:  60%|██████    | 3/5 [00:07<00:03,  1.58s/it]
Task 1, Epoch 4/5 => Loss 0.143, Train_accy 94.93:  80%|████████  | 4/5 [00:07<00:02,  2.01s/it]
Task 1, Epoch 5/5 => Loss 0.155, Train_accy 94.44, Test_accy 95.57:  80%|████████  | 4/5 [00:24<00:02,  2.01s/it]
Task 1, Epoch 5/5 => Loss 0.155, Train_accy 94.44, Test_accy 95.57: 100%|██████████| 5/5 [00:24<00:00,  7.54s/it]
Task 1, Epoch 5/5 => Loss 0.155, Train_accy 94.44, Test_accy 95.57: 100%|██████████| 5/5 [00:24<00:00,  4.94s/it]
2025-07-08 05:13:50,529 [lae.py] => Task 1, Epoch 5/5 => Loss 0.155, Train_accy 94.44, Test_accy 95.57
Time for task 1: 24.717868089675903
2025-07-08 05:14:05,281 [trainer.py] => No NME accuracy.
2025-07-08 05:14:05,281 [trainer.py] => CNN: {'total': 95.57, '00-09': 93.7, '10-19': 96.34, 'old': 93.7, 'new': 96.34}
2025-07-08 05:14:05,282 [trainer.py] => CNN top1 curve: [97.58, 95.57]
2025-07-08 05:14:05,282 [trainer.py] => CNN top5 curve: [99.76, 99.61]

Average Accuracy (CNN): 96.57
2025-07-08 05:14:05,282 [trainer.py] => Average Accuracy (CNN): 96.57 

2025-07-08 05:14:05,285 [trainer.py] => All params: 86121256
2025-07-08 05:14:05,287 [trainer.py] => Trainable params: 168990
2025-07-08 05:14:05,289 [lae.py] => Learning on 20-30

  0%|          | 0/5 [00:00<?, ?it/s]
Task 2, Epoch 1/5 => Loss 3.906, Train_accy 18.90:   0%|          | 0/5 [00:01<?, ?it/s]
Task 2, Epoch 1/5 => Loss 3.906, Train_accy 18.90:  20%|██        | 1/5 [00:01<00:05,  1.47s/it]
Task 2, Epoch 2/5 => Loss 0.756, Train_accy 76.71:  20%|██        | 1/5 [00:02<00:05,  1.47s/it]
Task 2, Epoch 2/5 => Loss 0.756, Train_accy 76.71:  40%|████      | 2/5 [00:02<00:04,  1.47s/it]
Task 2, Epoch 3/5 => Loss 0.299, Train_accy 90.14:  40%|████      | 2/5 [00:04<00:04,  1.47s/it]
Task 2, Epoch 3/5 => Loss 0.299, Train_accy 90.14:  60%|██████    | 3/5 [00:04<00:03,  1.52s/it]
Task 2, Epoch 4/5 => Loss 0.224, Train_accy 92.60:  60%|██████    | 3/5 [00:06<00:03,  1.52s/it]
Task 2, Epoch 4/5 => Loss 0.224, Train_accy 92.60:  80%|████████  | 4/5 [00:06<00:01,  1.90s/it]
Task 2, Epoch 5/5 => Loss 0.087, Train_accy 97.81, Test_accy 86.88:  80%|████████  | 4/5 [00:32<00:01,  1.90s/it]
Task 2, Epoch 5/5 => Loss 0.087, Train_accy 97.81, Test_accy 86.88: 100%|██████████| 5/5 [00:32<00:00, 10.28s/it]
Task 2, Epoch 5/5 => Loss 0.087, Train_accy 97.81, Test_accy 86.88: 100%|██████████| 5/5 [00:32<00:00,  6.43s/it]
2025-07-08 05:14:37,450 [lae.py] => Task 2, Epoch 5/5 => Loss 0.087, Train_accy 97.81, Test_accy 86.88
Time for task 2: 32.164480209350586
2025-07-08 05:15:00,201 [trainer.py] => No NME accuracy.
2025-07-08 05:15:00,201 [trainer.py] => CNN: {'total': 86.88, '00-09': 89.83, '10-19': 87.28, '20-29': 84.87, 'old': 88.02, 'new': 84.87}
2025-07-08 05:15:00,201 [trainer.py] => CNN top1 curve: [97.58, 95.57, 86.88]
2025-07-08 05:15:00,201 [trainer.py] => CNN top5 curve: [99.76, 99.61, 99.04]

Average Accuracy (CNN): 93.34
2025-07-08 05:15:00,201 [trainer.py] => Average Accuracy (CNN): 93.34 

2025-07-08 05:15:00,202 [trainer.py] => All params: 86128946
2025-07-08 05:15:00,203 [trainer.py] => Trainable params: 176680
2025-07-08 05:15:00,204 [lae.py] => Learning on 30-40

  0%|          | 0/5 [00:00<?, ?it/s]
Task 3, Epoch 1/5 => Loss 2.711, Train_accy 28.71:   0%|          | 0/5 [00:01<?, ?it/s]
Task 3, Epoch 1/5 => Loss 2.711, Train_accy 28.71:  20%|██        | 1/5 [00:01<00:06,  1.63s/it]
Task 3, Epoch 2/5 => Loss 0.590, Train_accy 84.82:  20%|██        | 1/5 [00:02<00:06,  1.63s/it]
Task 3, Epoch 2/5 => Loss 0.590, Train_accy 84.82:  40%|████      | 2/5 [00:02<00:04,  1.42s/it]
Task 3, Epoch 3/5 => Loss 0.202, Train_accy 94.39:  40%|████      | 2/5 [00:04<00:04,  1.42s/it]
Task 3, Epoch 3/5 => Loss 0.202, Train_accy 94.39:  60%|██████    | 3/5 [00:04<00:02,  1.37s/it]
Task 3, Epoch 4/5 => Loss 0.075, Train_accy 98.02:  60%|██████    | 3/5 [00:06<00:02,  1.37s/it]
Task 3, Epoch 4/5 => Loss 0.075, Train_accy 98.02:  80%|████████  | 4/5 [00:06<00:01,  1.66s/it]
Task 3, Epoch 5/5 => Loss 0.085, Train_accy 97.36, Test_accy 77.85:  80%|████████  | 4/5 [00:37<00:01,  1.66s/it]
Task 3, Epoch 5/5 => Loss 0.085, Train_accy 97.36, Test_accy 77.85: 100%|██████████| 5/5 [00:37<00:00, 12.30s/it]
Task 3, Epoch 5/5 => Loss 0.085, Train_accy 97.36, Test_accy 77.85: 100%|██████████| 5/5 [00:37<00:00,  7.50s/it]
2025-07-08 05:15:37,701 [lae.py] => Task 3, Epoch 5/5 => Loss 0.085, Train_accy 97.36, Test_accy 77.85
Time for task 3: 37.49953556060791
2025-07-08 05:16:06,582 [trainer.py] => No NME accuracy.
2025-07-08 05:16:06,582 [trainer.py] => CNN: {'total': 77.85, '00-09': 84.62, '10-19': 85.5, '20-29': 60.81, '30-39': 83.28, 'old': 76.34, 'new': 83.28}
2025-07-08 05:16:06,582 [trainer.py] => CNN top1 curve: [97.58, 95.57, 86.88, 77.85]
2025-07-08 05:16:06,582 [trainer.py] => CNN top5 curve: [99.76, 99.61, 99.04, 97.71]

Average Accuracy (CNN): 89.47
2025-07-08 05:16:06,582 [trainer.py] => Average Accuracy (CNN): 89.47 

2025-07-08 05:16:06,583 [trainer.py] => All params: 86136636
2025-07-08 05:16:06,583 [trainer.py] => Trainable params: 184370
2025-07-08 05:16:06,584 [lae.py] => Learning on 40-50

  0%|          | 0/5 [00:00<?, ?it/s]
Task 4, Epoch 1/5 => Loss 1.621, Train_accy 49.73:   0%|          | 0/5 [00:02<?, ?it/s]
Task 4, Epoch 1/5 => Loss 1.621, Train_accy 49.73:  20%|██        | 1/5 [00:02<00:08,  2.10s/it]
Task 4, Epoch 2/5 => Loss 0.434, Train_accy 84.81:  20%|██        | 1/5 [00:04<00:08,  2.10s/it]
Task 4, Epoch 2/5 => Loss 0.434, Train_accy 84.81:  40%|████      | 2/5 [00:04<00:05,  1.98s/it]
Task 4, Epoch 3/5 => Loss 0.255, Train_accy 90.96:  40%|████      | 2/5 [00:05<00:05,  1.98s/it]
Task 4, Epoch 3/5 => Loss 0.255, Train_accy 90.96:  60%|██████    | 3/5 [00:05<00:03,  1.93s/it]
Task 4, Epoch 4/5 => Loss 0.498, Train_accy 82.82:  60%|██████    | 3/5 [00:09<00:03,  1.93s/it]
Task 4, Epoch 4/5 => Loss 0.498, Train_accy 82.82:  80%|████████  | 4/5 [00:09<00:02,  2.50s/it]
Task 4, Epoch 5/5 => Loss 0.213, Train_accy 92.41, Test_accy 70.24:  80%|████████  | 4/5 [00:55<00:02,  2.50s/it]
Task 4, Epoch 5/5 => Loss 0.213, Train_accy 92.41, Test_accy 70.24: 100%|██████████| 5/5 [00:55<00:00, 18.29s/it]
Task 4, Epoch 5/5 => Loss 0.213, Train_accy 92.41, Test_accy 70.24: 100%|██████████| 5/5 [00:55<00:00, 11.10s/it]
2025-07-08 05:17:02,115 [lae.py] => Task 4, Epoch 5/5 => Loss 0.213, Train_accy 92.41, Test_accy 70.24
Time for task 4: 55.53188514709473
2025-07-08 05:17:44,980 [trainer.py] => No NME accuracy.
2025-07-08 05:17:44,980 [trainer.py] => CNN: {'total': 70.24, '00-09': 84.99, '10-19': 75.56, '20-29': 48.99, '30-39': 71.2, '40-49': 73.9, 'old': 68.39, 'new': 73.9}
2025-07-08 05:17:44,980 [trainer.py] => CNN top1 curve: [97.58, 95.57, 86.88, 77.85, 70.24]
2025-07-08 05:17:44,980 [trainer.py] => CNN top5 curve: [99.76, 99.61, 99.04, 97.71, 96.58]

Average Accuracy (CNN): 85.62
2025-07-08 05:17:44,980 [trainer.py] => Average Accuracy (CNN): 85.62 

Finished vtab_init10_inc10: vit_base_patch16_224_in21k_lae  
----------------------------------------------------------------------------------------------------
Accuracy Matrix (CNN):
[[97.58 93.7  89.83 84.62 84.99]
 [ 0.   96.34 87.28 85.5  75.56]
 [ 0.    0.   84.87 60.81 48.99]
 [ 0.    0.    0.   83.28 71.2 ]
 [ 0.    0.    0.    0.   73.9 ]]
2025-07-08 05:17:44,981 [trainer.py] => Forgetting (CNN): 20.3325