2026-07-12 20:39:39,617 [trainer.py] => prefix: reproduce
2026-07-12 20:39:39,617 [trainer.py] => dataset: imagenetr
2026-07-12 20:39:39,617 [trainer.py] => memory_size: 6000
2026-07-12 20:39:39,618 [trainer.py] => memory_per_class: 20
2026-07-12 20:39:39,618 [trainer.py] => fixed_memory: True
2026-07-12 20:39:39,618 [trainer.py] => shuffle: True
2026-07-12 20:39:39,618 [trainer.py] => init_cls: 5
2026-07-12 20:39:39,618 [trainer.py] => increment: 5
2026-07-12 20:39:39,618 [trainer.py] => model_name: icarl
2026-07-12 20:39:39,618 [trainer.py] => backbone_type: vit_base_patch16_224_in21k
2026-07-12 20:39:39,618 [trainer.py] => device: [device(type='cuda', index=2)]
2026-07-12 20:39:39,618 [trainer.py] => seed: 42
2026-07-12 20:39:39,618 [trainer.py] => init_epoch: 20
2026-07-12 20:39:39,618 [trainer.py] => init_lr: 0.001
2026-07-12 20:39:39,618 [trainer.py] => init_milestones: [60, 120, 170]
2026-07-12 20:39:39,618 [trainer.py] => init_lr_decay: 0.1
2026-07-12 20:39:39,618 [trainer.py] => init_weight_decay: 0.0005
2026-07-12 20:39:39,618 [trainer.py] => epochs: 20
2026-07-12 20:39:39,618 [trainer.py] => lrate: 0.001
2026-07-12 20:39:39,618 [trainer.py] => milestones: [80, 120]
2026-07-12 20:39:39,618 [trainer.py] => lrate_decay: 0.1
2026-07-12 20:39:39,618 [trainer.py] => batch_size: 48
2026-07-12 20:39:39,618 [trainer.py] => weight_decay: 0.0002
2026-07-12 20:39:39,618 [trainer.py] => T: 2
2026-07-12 20:39:39,989 [data_manager.py] => [95, 15, 30, 158, 128, 115, 69, 170, 174, 45, 66, 182, 165, 78, 186, 177, 56, 152, 82, 68, 124, 16, 148, 93, 65, 60, 84, 67, 125, 132, 9, 18, 55, 75, 150, 104, 135, 137, 164, 76, 79, 197, 38, 24, 122, 195, 29, 19, 143, 86, 114, 173, 5, 126, 117, 73, 140, 98, 172, 96, 169, 97, 31, 12, 35, 119, 42, 189, 90, 136, 51, 127, 162, 41, 118, 113, 26, 139, 100, 111, 2, 77, 46, 187, 191, 85, 161, 36, 190, 61, 22, 141, 101, 33, 11, 194, 159, 6, 27, 120, 4, 32, 142, 145, 109, 144, 10, 62, 112, 146, 166, 0, 198, 153, 70, 123, 64, 44, 163, 28, 40, 108, 155, 156, 25, 23, 184, 147, 81, 39, 168, 47, 94, 154, 43, 138, 3, 105, 53, 133, 180, 178, 185, 49, 80, 34, 7, 110, 91, 83, 176, 181, 89, 8, 13, 59, 171, 131, 17, 72, 175, 134, 167, 183, 63, 54, 107, 50, 196, 58, 48, 88, 21, 57, 160, 192, 129, 37, 157, 193, 1, 52, 149, 130, 151, 103, 99, 116, 87, 74, 121, 199, 20, 188, 71, 106, 14, 92, 179, 102]
2026-07-12 20:39:45,553 [trainer.py] => All params: 85798656
2026-07-12 20:39:45,554 [trainer.py] => Trainable params: 85798656
2026-07-12 20:39:45,809 [icarl.py] => Learning on 0-5
2026-07-12 20:41:39,669 [icarl.py] => Task 0, Epoch 20/20 => Loss 2.070, Train_accy 27.92
2026-07-12 20:41:39,669 [base.py] => Constructing exemplars for new classes...(20 per classes)
2026-07-12 20:41:48,055 [trainer.py] => Timing Task 0 => Train 119.96s, Epochs 20, Train 5.9981s/epoch, Inference 2.28s, Images 162, Inference 14.1035ms/image
2026-07-12 20:41:48,071 [icarl.py] => Exemplar size: 100
2026-07-12 20:41:48,071 [trainer.py] => CNN: {'total': 30.86, '00-04': 30.86, 'old': 0, 'new': 30.86}
2026-07-12 20:41:48,071 [trainer.py] => NME: {'total': 30.25, '00-04': 30.25, 'old': 0, 'new': 30.25}
2026-07-12 20:41:48,071 [trainer.py] => CNN top1 curve: [30.86]
2026-07-12 20:41:48,071 [trainer.py] => CNN top5 curve: [100.0]
2026-07-12 20:41:48,072 [trainer.py] => NME top1 curve: [30.25]
2026-07-12 20:41:48,072 [trainer.py] => NME top5 curve: [100.0]
2026-07-12 20:41:48,072 [trainer.py] => Average Accuracy (CNN): 30.86
2026-07-12 20:41:48,072 [trainer.py] => Average Accuracy (NME): 30.25
2026-07-12 20:41:48,072 [trainer.py] => All params: 85802501
2026-07-12 20:41:48,073 [trainer.py] => Trainable params: 85802501
2026-07-12 20:41:48,074 [icarl.py] => Learning on 5-10
2026-07-12 20:44:47,320 [icarl.py] => Task 1, Epoch 20/20 => Loss 3.501, Train_accy 24.78
2026-07-12 20:44:47,321 [base.py] => Constructing exemplars for new classes...(20 per classes)
2026-07-12 20:44:59,991 [trainer.py] => Timing Task 1 => Train 188.09s, Epochs 20, Train 9.4043s/epoch, Inference 3.83s, Images 288, Inference 13.3066ms/image
2026-07-12 20:45:00,006 [icarl.py] => Exemplar size: 200
2026-07-12 20:45:00,006 [trainer.py] => CNN: {'total': 12.15, '00-04': 0.0, '05-09': 27.78, 'old': 0.0, 'new': 27.78}
2026-07-12 20:45:00,006 [trainer.py] => NME: {'total': 14.58, '00-04': 13.58, '05-09': 15.87, 'old': 13.58, 'new': 15.87}
2026-07-12 20:45:00,006 [trainer.py] => CNN top1 curve: [30.86, 12.15]
2026-07-12 20:45:00,006 [trainer.py] => CNN top5 curve: [100.0, 60.07]
2026-07-12 20:45:00,006 [trainer.py] => NME top1 curve: [30.25, 14.58]
2026-07-12 20:45:00,006 [trainer.py] => NME top5 curve: [100.0, 62.15]
2026-07-12 20:45:00,007 [trainer.py] => Average Accuracy (CNN): 21.5
2026-07-12 20:45:00,007 [trainer.py] => Average Accuracy (NME): 22.42
2026-07-12 20:45:00,007 [trainer.py] => All params: 85806346
2026-07-12 20:45:00,008 [trainer.py] => Trainable params: 85806346
2026-07-12 20:45:00,010 [icarl.py] => Learning on 10-15
2026-07-12 20:51:39,483 [icarl.py] => Task 2, Epoch 20/20 => Loss 4.104, Train_accy 41.49
2026-07-12 20:51:39,484 [base.py] => Constructing exemplars for new classes...(20 per classes)
2026-07-12 20:51:57,146 [trainer.py] => Timing Task 2 => Train 410.95s, Epochs 20, Train 20.5474s/epoch, Inference 6.19s, Images 477, Inference 12.9789ms/image
2026-07-12 20:51:57,195 [icarl.py] => Exemplar size: 300
2026-07-12 20:51:57,195 [trainer.py] => CNN: {'total': 18.87, '00-04': 0.0, '05-09': 0.0, '10-14': 47.62, 'old': 0.0, 'new': 47.62}
2026-07-12 20:51:57,195 [trainer.py] => NME: {'total': 14.68, '00-04': 15.43, '05-09': 14.29, '10-14': 14.29, 'old': 14.93, 'new': 14.29}
2026-07-12 20:51:57,196 [trainer.py] => CNN top1 curve: [30.86, 12.15, 18.87]
2026-07-12 20:51:57,196 [trainer.py] => CNN top5 curve: [100.0, 60.07, 48.22]
2026-07-12 20:51:57,196 [trainer.py] => NME top1 curve: [30.25, 14.58, 14.68]
2026-07-12 20:51:57,196 [trainer.py] => NME top5 curve: [100.0, 62.15, 53.88]
2026-07-12 20:51:57,196 [trainer.py] => Average Accuracy (CNN): 20.63
2026-07-12 20:51:57,196 [trainer.py] => Average Accuracy (NME): 19.84
2026-07-12 20:51:57,198 [trainer.py] => All params: 85810191
2026-07-12 20:51:57,199 [trainer.py] => Trainable params: 85810191
2026-07-12 20:51:57,201 [icarl.py] => Learning on 15-20
2026-07-12 20:58:56,390 [icarl.py] => Task 3, Epoch 20/20 => Loss 4.285, Train_accy 50.25
2026-07-12 20:58:56,391 [base.py] => Constructing exemplars for new classes...(20 per classes)
2026-07-12 20:59:18,703 [trainer.py] => Timing Task 3 => Train 433.68s, Epochs 20, Train 21.6838s/epoch, Inference 7.83s, Images 644, Inference 12.1558ms/image
2026-07-12 20:59:18,718 [icarl.py] => Exemplar size: 400
2026-07-12 20:59:18,718 [trainer.py] => CNN: {'total': 17.7, '00-04': 0.0, '05-09': 3.97, '10-14': 9.52, '15-19': 54.49, 'old': 4.82, 'new': 54.49}
2026-07-12 20:59:18,719 [trainer.py] => NME: {'total': 22.52, '00-04': 14.2, '05-09': 20.63, '10-14': 15.34, '15-19': 40.12, 'old': 16.35, 'new': 40.12}
2026-07-12 20:59:18,719 [trainer.py] => CNN top1 curve: [30.86, 12.15, 18.87, 17.7]
2026-07-12 20:59:18,719 [trainer.py] => CNN top5 curve: [100.0, 60.07, 48.22, 48.14]
2026-07-12 20:59:18,719 [trainer.py] => NME top1 curve: [30.25, 14.58, 14.68, 22.52]
2026-07-12 20:59:18,719 [trainer.py] => NME top5 curve: [100.0, 62.15, 53.88, 54.66]
2026-07-12 20:59:18,719 [trainer.py] => Average Accuracy (CNN): 19.9
2026-07-12 20:59:18,719 [trainer.py] => Average Accuracy (NME): 20.51
2026-07-12 20:59:18,719 [trainer.py] => All params: 85814036
2026-07-12 20:59:18,720 [trainer.py] => Trainable params: 85814036
2026-07-12 20:59:18,722 [icarl.py] => Learning on 20-25
2026-07-12 21:05:59,053 [icarl.py] => Task 4, Epoch 20/20 => Loss 4.424, Train_accy 57.95
2026-07-12 21:05:59,054 [base.py] => Constructing exemplars for new classes...(20 per classes)
2026-07-12 21:06:22,327 [trainer.py] => Timing Task 4 => Train 413.96s, Epochs 20, Train 20.6981s/epoch, Inference 9.64s, Images 779, Inference 12.3812ms/image
2026-07-12 21:06:22,365 [icarl.py] => Exemplar size: 500
2026-07-12 21:06:22,366 [trainer.py] => CNN: {'total': 18.23, '00-04': 8.02, '05-09': 10.32, '10-14': 12.7, '15-19': 26.95, '20-24': 34.81, 'old': 14.75, 'new': 34.81}
2026-07-12 21:06:22,366 [trainer.py] => NME: {'total': 21.05, '00-04': 15.43, '05-09': 16.67, '10-14': 20.63, '15-19': 35.33, '20-24': 14.81, 'old': 22.36, 'new': 14.81}
2026-07-12 21:06:22,366 [trainer.py] => CNN top1 curve: [30.86, 12.15, 18.87, 17.7, 18.23]
2026-07-12 21:06:22,366 [trainer.py] => CNN top5 curve: [100.0, 60.07, 48.22, 48.14, 48.14]
2026-07-12 21:06:22,366 [trainer.py] => NME top1 curve: [30.25, 14.58, 14.68, 22.52, 21.05]
2026-07-12 21:06:22,366 [trainer.py] => NME top5 curve: [100.0, 62.15, 53.88, 54.66, 46.73]
2026-07-12 21:06:22,367 [trainer.py] => Average Accuracy (CNN): 19.56
2026-07-12 21:06:22,367 [trainer.py] => Average Accuracy (NME): 20.62
2026-07-12 21:06:22,368 [trainer.py] => All params: 85817881
2026-07-12 21:06:22,369 [trainer.py] => Trainable params: 85817881
2026-07-12 21:06:22,371 [icarl.py] => Learning on 25-30
2026-07-12 21:13:32,497 [icarl.py] => Task 5, Epoch 20/20 => Loss 3.728, Train_accy 78.51
2026-07-12 21:13:32,498 [base.py] => Constructing exemplars for new classes...(20 per classes)
2026-07-12 21:14:00,822 [trainer.py] => Timing Task 5 => Train 447.20s, Epochs 20, Train 22.3599s/epoch, Inference 11.26s, Images 900, Inference 12.5056ms/image
2026-07-12 21:14:00,838 [icarl.py] => Exemplar size: 600
2026-07-12 21:14:00,838 [trainer.py] => CNN: {'total': 18.33, '00-04': 11.11, '05-09': 8.73, '10-14': 10.05, '15-19': 11.98, '20-24': 20.0, '25-29': 57.85, 'old': 12.2, 'new': 57.85}
2026-07-12 21:14:00,838 [trainer.py] => NME: {'total': 23.22, '00-04': 16.67, '05-09': 21.43, '10-14': 20.11, '15-19': 33.53, '20-24': 19.26, '25-29': 28.93, 'old': 22.34, 'new': 28.93}
2026-07-12 21:14:00,839 [trainer.py] => CNN top1 curve: [30.86, 12.15, 18.87, 17.7, 18.23, 18.33]
2026-07-12 21:14:00,839 [trainer.py] => CNN top5 curve: [100.0, 60.07, 48.22, 48.14, 48.14, 47.56]
2026-07-12 21:14:00,839 [trainer.py] => NME top1 curve: [30.25, 14.58, 14.68, 22.52, 21.05, 23.22]
2026-07-12 21:14:00,839 [trainer.py] => NME top5 curve: [100.0, 62.15, 53.88, 54.66, 46.73, 51.22]
2026-07-12 21:14:00,839 [trainer.py] => Average Accuracy (CNN): 19.36
2026-07-12 21:14:00,839 [trainer.py] => Average Accuracy (NME): 21.05
2026-07-12 21:14:00,839 [trainer.py] => All params: 85821726
2026-07-12 21:14:00,840 [trainer.py] => Trainable params: 85821726
2026-07-12 21:14:00,841 [icarl.py] => Learning on 30-35
2026-07-12 21:23:04,265 [icarl.py] => Task 6, Epoch 20/20 => Loss 3.196, Train_accy 91.20
2026-07-12 21:23:04,267 [base.py] => Constructing exemplars for new classes...(20 per classes)
2026-07-12 21:23:38,039 [trainer.py] => Timing Task 6 => Train 563.92s, Epochs 20, Train 28.1958s/epoch, Inference 13.28s, Images 1072, Inference 12.3905ms/image
2026-07-12 21:23:38,057 [icarl.py] => Exemplar size: 700
2026-07-12 21:23:38,057 [trainer.py] => CNN: {'total': 22.48, '00-04': 12.96, '05-09': 12.7, '10-14': 10.58, '15-19': 13.77, '20-24': 17.78, '25-29': 30.58, '30-34': 58.14, 'old': 15.67, 'new': 58.14}
2026-07-12 21:23:38,057 [trainer.py] => NME: {'total': 27.89, '00-04': 19.14, '05-09': 22.22, '10-14': 24.34, '15-19': 36.53, '20-24': 26.67, '25-29': 28.1, '30-34': 36.63, 'old': 26.22, 'new': 36.63}
2026-07-12 21:23:38,058 [trainer.py] => CNN top1 curve: [30.86, 12.15, 18.87, 17.7, 18.23, 18.33, 22.48]
2026-07-12 21:23:38,058 [trainer.py] => CNN top5 curve: [100.0, 60.07, 48.22, 48.14, 48.14, 47.56, 50.75]
2026-07-12 21:23:38,058 [trainer.py] => NME top1 curve: [30.25, 14.58, 14.68, 22.52, 21.05, 23.22, 27.89]
2026-07-12 21:23:38,058 [trainer.py] => NME top5 curve: [100.0, 62.15, 53.88, 54.66, 46.73, 51.22, 54.29]
2026-07-12 21:23:38,058 [trainer.py] => Average Accuracy (CNN): 19.8
2026-07-12 21:23:38,058 [trainer.py] => Average Accuracy (NME): 22.03
2026-07-12 21:23:38,058 [trainer.py] => All params: 85825571
2026-07-12 21:23:38,059 [trainer.py] => Trainable params: 85825571
2026-07-12 21:23:38,062 [icarl.py] => Learning on 35-40
2026-07-12 21:34:25,976 [icarl.py] => Task 7, Epoch 20/20 => Loss 2.911, Train_accy 93.46
2026-07-12 21:34:25,978 [base.py] => Constructing exemplars for new classes...(20 per classes)
2026-07-12 21:34:58,915 [trainer.py] => Timing Task 7 => Train 668.34s, Epochs 20, Train 33.4169s/epoch, Inference 12.52s, Images 1254, Inference 9.9815ms/image
2026-07-12 21:34:58,954 [icarl.py] => Exemplar size: 800
2026-07-12 21:34:58,954 [trainer.py] => CNN: {'total': 23.76, '00-04': 9.26, '05-09': 10.32, '10-14': 15.34, '15-19': 16.17, '20-24': 17.78, '25-29': 23.97, '30-34': 26.16, '35-39': 63.74, 'old': 16.98, 'new': 63.74}
2026-07-12 21:34:58,954 [trainer.py] => NME: {'total': 32.22, '00-04': 24.07, '05-09': 24.6, '10-14': 24.87, '15-19': 38.92, '20-24': 29.63, '25-29': 36.36, '30-34': 26.74, '35-39': 50.55, 'old': 29.1, 'new': 50.55}
2026-07-12 21:34:58,954 [trainer.py] => CNN top1 curve: [30.86, 12.15, 18.87, 17.7, 18.23, 18.33, 22.48, 23.76]
2026-07-12 21:34:58,954 [trainer.py] => CNN top5 curve: [100.0, 60.07, 48.22, 48.14, 48.14, 47.56, 50.75, 52.07]
2026-07-12 21:34:58,955 [trainer.py] => NME top1 curve: [30.25, 14.58, 14.68, 22.52, 21.05, 23.22, 27.89, 32.22]
2026-07-12 21:34:58,955 [trainer.py] => NME top5 curve: [100.0, 62.15, 53.88, 54.66, 46.73, 51.22, 54.29, 57.97]
2026-07-12 21:34:58,955 [trainer.py] => Average Accuracy (CNN): 20.3
2026-07-12 21:34:58,955 [trainer.py] => Average Accuracy (NME): 23.3
2026-07-12 21:34:58,956 [trainer.py] => All params: 85829416
2026-07-12 21:34:58,957 [trainer.py] => Trainable params: 85829416
2026-07-12 21:34:58,959 [icarl.py] => Learning on 40-45
2026-07-12 21:44:39,503 [icarl.py] => Task 8, Epoch 20/20 => Loss 2.632, Train_accy 95.85
2026-07-12 21:44:39,519 [base.py] => Constructing exemplars for new classes...(20 per classes)
2026-07-12 21:45:16,042 [trainer.py] => Timing Task 8 => Train 601.69s, Epochs 20, Train 30.0843s/epoch, Inference 15.40s, Images 1428, Inference 10.7840ms/image
2026-07-12 21:45:16,070 [icarl.py] => Exemplar size: 900
2026-07-12 21:45:16,070 [trainer.py] => CNN: {'total': 26.89, '00-04': 14.81, '05-09': 10.32, '10-14': 16.93, '15-19': 13.17, '20-24': 21.48, '25-29': 24.79, '30-34': 21.51, '35-39': 48.9, '40-44': 62.07, 'old': 22.01, 'new': 62.07}
2026-07-12 21:45:16,070 [trainer.py] => NME: {'total': 34.24, '00-04': 27.78, '05-09': 27.78, '10-14': 28.57, '15-19': 36.53, '20-24': 29.63, '25-29': 34.71, '30-34': 30.81, '35-39': 46.7, '40-44': 42.53, 'old': 33.09, 'new': 42.53}
2026-07-12 21:45:16,071 [trainer.py] => CNN top1 curve: [30.86, 12.15, 18.87, 17.7, 18.23, 18.33, 22.48, 23.76, 26.89]
2026-07-12 21:45:16,071 [trainer.py] => CNN top5 curve: [100.0, 60.07, 48.22, 48.14, 48.14, 47.56, 50.75, 52.07, 53.36]
2026-07-12 21:45:16,071 [trainer.py] => NME top1 curve: [30.25, 14.58, 14.68, 22.52, 21.05, 23.22, 27.89, 32.22, 34.24]
2026-07-12 21:45:16,071 [trainer.py] => NME top5 curve: [100.0, 62.15, 53.88, 54.66, 46.73, 51.22, 54.29, 57.97, 59.8]
2026-07-12 21:45:16,071 [trainer.py] => Average Accuracy (CNN): 21.03
2026-07-12 21:45:16,071 [trainer.py] => Average Accuracy (NME): 24.52
2026-07-12 21:45:16,072 [trainer.py] => All params: 85833261
2026-07-12 21:45:16,073 [trainer.py] => Trainable params: 85833261
2026-07-12 21:45:16,076 [icarl.py] => Learning on 45-50
2026-07-12 21:55:20,969 [icarl.py] => Task 9, Epoch 20/20 => Loss 2.590, Train_accy 95.38
2026-07-12 21:55:20,970 [base.py] => Constructing exemplars for new classes...(20 per classes)
2026-07-12 21:56:00,312 [trainer.py] => Timing Task 9 => Train 627.55s, Epochs 20, Train 31.3776s/epoch, Inference 16.69s, Images 1574, Inference 10.6013ms/image
2026-07-12 21:56:00,343 [icarl.py] => Exemplar size: 1000
2026-07-12 21:56:00,343 [trainer.py] => CNN: {'total': 29.86, '00-04': 14.81, '05-09': 16.67, '10-14': 19.58, '15-19': 15.57, '20-24': 22.96, '25-29': 18.18, '30-34': 20.35, '35-39': 42.31, '40-44': 52.3, '45-49': 72.6, 'old': 25.49, 'new': 72.6}
2026-07-12 21:56:00,343 [trainer.py] => NME: {'total': 35.64, '00-04': 27.16, '05-09': 26.19, '10-14': 28.57, '15-19': 37.13, '20-24': 30.37, '25-29': 31.4, '30-34': 27.91, '35-39': 47.8, '40-44': 39.08, '45-49': 58.9, 'old': 33.26, 'new': 58.9}
2026-07-12 21:56:00,344 [trainer.py] => CNN top1 curve: [30.86, 12.15, 18.87, 17.7, 18.23, 18.33, 22.48, 23.76, 26.89, 29.86]
2026-07-12 21:56:00,344 [trainer.py] => CNN top5 curve: [100.0, 60.07, 48.22, 48.14, 48.14, 47.56, 50.75, 52.07, 53.36, 53.49]
2026-07-12 21:56:00,344 [trainer.py] => NME top1 curve: [30.25, 14.58, 14.68, 22.52, 21.05, 23.22, 27.89, 32.22, 34.24, 35.64]
2026-07-12 21:56:00,344 [trainer.py] => NME top5 curve: [100.0, 62.15, 53.88, 54.66, 46.73, 51.22, 54.29, 57.97, 59.8, 60.93]
2026-07-12 21:56:00,344 [trainer.py] => Average Accuracy (CNN): 21.91
2026-07-12 21:56:00,344 [trainer.py] => Average Accuracy (NME): 25.63
2026-07-12 21:56:00,345 [trainer.py] => All params: 85837106
2026-07-12 21:56:00,345 [trainer.py] => Trainable params: 85837106
2026-07-12 21:56:00,347 [icarl.py] => Learning on 50-55
2026-07-12 22:07:20,106 [icarl.py] => Task 10, Epoch 20/20 => Loss 2.565, Train_accy 95.83
2026-07-12 22:07:20,108 [base.py] => Constructing exemplars for new classes...(20 per classes)
2026-07-12 22:08:05,852 [trainer.py] => Timing Task 10 => Train 704.85s, Epochs 20, Train 35.2426s/epoch, Inference 20.65s, Images 1738, Inference 11.8832ms/image
2026-07-12 22:08:05,883 [icarl.py] => Exemplar size: 1100
2026-07-12 22:08:05,883 [trainer.py] => CNN: {'total': 30.09, '00-04': 18.52, '05-09': 16.67, '10-14': 18.52, '15-19': 14.37, '20-24': 20.74, '25-29': 14.88, '30-34': 20.35, '35-39': 45.6, '40-44': 37.93, '45-49': 55.48, '50-54': 62.2, 'old': 26.75, 'new': 62.2}
2026-07-12 22:08:05,883 [trainer.py] => NME: {'total': 35.67, '00-04': 29.01, '05-09': 23.02, '10-14': 29.63, '15-19': 37.13, '20-24': 28.89, '25-29': 33.06, '30-34': 26.16, '35-39': 48.35, '40-44': 36.21, '45-49': 54.79, '50-54': 43.29, 'old': 34.88, 'new': 43.29}
2026-07-12 22:08:05,883 [trainer.py] => CNN top1 curve: [30.86, 12.15, 18.87, 17.7, 18.23, 18.33, 22.48, 23.76, 26.89, 29.86, 30.09]
2026-07-12 22:08:05,883 [trainer.py] => CNN top5 curve: [100.0, 60.07, 48.22, 48.14, 48.14, 47.56, 50.75, 52.07, 53.36, 53.49, 52.93]
2026-07-12 22:08:05,883 [trainer.py] => NME top1 curve: [30.25, 14.58, 14.68, 22.52, 21.05, 23.22, 27.89, 32.22, 34.24, 35.64, 35.67]
2026-07-12 22:08:05,883 [trainer.py] => NME top5 curve: [100.0, 62.15, 53.88, 54.66, 46.73, 51.22, 54.29, 57.97, 59.8, 60.93, 60.3]
2026-07-12 22:08:05,884 [trainer.py] => Average Accuracy (CNN): 22.66
2026-07-12 22:08:05,884 [trainer.py] => Average Accuracy (NME): 26.54
2026-07-12 22:08:05,885 [trainer.py] => All params: 85840951
2026-07-12 22:08:05,886 [trainer.py] => Trainable params: 85840951
2026-07-12 22:08:05,888 [icarl.py] => Learning on 55-60
2026-07-12 22:20:34,752 [icarl.py] => Task 11, Epoch 20/20 => Loss 2.611, Train_accy 96.28
2026-07-12 22:20:34,753 [base.py] => Constructing exemplars for new classes...(20 per classes)
2026-07-12 22:21:23,819 [trainer.py] => Timing Task 11 => Train 776.76s, Epochs 20, Train 38.8381s/epoch, Inference 21.17s, Images 1888, Inference 11.2128ms/image
2026-07-12 22:21:23,850 [icarl.py] => Exemplar size: 1200
2026-07-12 22:21:23,850 [trainer.py] => CNN: {'total': 28.81, '00-04': 17.9, '05-09': 16.67, '10-14': 16.4, '15-19': 14.37, '20-24': 25.19, '25-29': 14.88, '30-34': 16.86, '35-39': 34.07, '40-44': 27.01, '45-49': 47.95, '50-54': 43.9, '55-59': 71.33, 'old': 25.14, 'new': 71.33}
2026-07-12 22:21:23,850 [trainer.py] => NME: {'total': 38.29, '00-04': 30.86, '05-09': 25.4, '10-14': 34.39, '15-19': 36.53, '20-24': 37.78, '25-29': 26.45, '30-34': 25.58, '35-39': 46.7, '40-44': 35.63, '45-49': 58.9, '50-54': 42.68, '55-59': 56.67, 'old': 36.71, 'new': 56.67}
2026-07-12 22:21:23,850 [trainer.py] => CNN top1 curve: [30.86, 12.15, 18.87, 17.7, 18.23, 18.33, 22.48, 23.76, 26.89, 29.86, 30.09, 28.81]
2026-07-12 22:21:23,850 [trainer.py] => CNN top5 curve: [100.0, 60.07, 48.22, 48.14, 48.14, 47.56, 50.75, 52.07, 53.36, 53.49, 52.93, 53.97]
2026-07-12 22:21:23,850 [trainer.py] => NME top1 curve: [30.25, 14.58, 14.68, 22.52, 21.05, 23.22, 27.89, 32.22, 34.24, 35.64, 35.67, 38.29]
2026-07-12 22:21:23,850 [trainer.py] => NME top5 curve: [100.0, 62.15, 53.88, 54.66, 46.73, 51.22, 54.29, 57.97, 59.8, 60.93, 60.3, 61.81]
2026-07-12 22:21:23,851 [trainer.py] => Average Accuracy (CNN): 23.17
2026-07-12 22:21:23,851 [trainer.py] => Average Accuracy (NME): 27.52
2026-07-12 22:21:23,852 [trainer.py] => All params: 85844796
2026-07-12 22:21:23,852 [trainer.py] => Trainable params: 85844796
2026-07-12 22:21:23,855 [icarl.py] => Learning on 60-65
2026-07-12 22:36:47,511 [icarl.py] => Task 12, Epoch 20/20 => Loss 2.556, Train_accy 96.53
2026-07-12 22:36:47,512 [base.py] => Constructing exemplars for new classes...(20 per classes)
2026-07-12 22:37:46,098 [trainer.py] => Timing Task 12 => Train 957.67s, Epochs 20, Train 47.8837s/epoch, Inference 24.57s, Images 2090, Inference 11.7566ms/image
2026-07-12 22:37:46,113 [icarl.py] => Exemplar size: 1300
2026-07-12 22:37:46,113 [trainer.py] => CNN: {'total': 30.86, '00-04': 17.9, '05-09': 16.67, '10-14': 16.93, '15-19': 16.17, '20-24': 22.96, '25-29': 16.53, '30-34': 19.77, '35-39': 31.87, '40-44': 25.29, '45-49': 40.41, '50-54': 34.76, '55-59': 46.67, '60-64': 80.69, 'old': 25.53, 'new': 80.69}
2026-07-12 22:37:46,113 [trainer.py] => NME: {'total': 39.52, '00-04': 33.95, '05-09': 27.78, '10-14': 26.98, '15-19': 35.93, '20-24': 36.3, '25-29': 31.4, '30-34': 29.07, '35-39': 46.15, '40-44': 33.33, '45-49': 52.05, '50-54': 40.24, '55-59': 46.0, '60-64': 66.83, 'old': 36.6, 'new': 66.83}
2026-07-12 22:37:46,113 [trainer.py] => CNN top1 curve: [30.86, 12.15, 18.87, 17.7, 18.23, 18.33, 22.48, 23.76, 26.89, 29.86, 30.09, 28.81, 30.86]
2026-07-12 22:37:46,113 [trainer.py] => CNN top5 curve: [100.0, 60.07, 48.22, 48.14, 48.14, 47.56, 50.75, 52.07, 53.36, 53.49, 52.93, 53.97, 55.02]
2026-07-12 22:37:46,113 [trainer.py] => NME top1 curve: [30.25, 14.58, 14.68, 22.52, 21.05, 23.22, 27.89, 32.22, 34.24, 35.64, 35.67, 38.29, 39.52]
2026-07-12 22:37:46,113 [trainer.py] => NME top5 curve: [100.0, 62.15, 53.88, 54.66, 46.73, 51.22, 54.29, 57.97, 59.8, 60.93, 60.3, 61.81, 63.88]
2026-07-12 22:37:46,114 [trainer.py] => Average Accuracy (CNN): 23.76
2026-07-12 22:37:46,114 [trainer.py] => Average Accuracy (NME): 28.44
2026-07-12 22:37:46,114 [trainer.py] => All params: 85848641
2026-07-12 22:37:46,115 [trainer.py] => Trainable params: 85848641
2026-07-12 22:37:46,117 [icarl.py] => Learning on 65-70
2026-07-12 22:45:31,708 [icarl.py] => Task 13, Epoch 20/20 => Loss 2.325, Train_accy 97.53
2026-07-12 22:45:31,710 [base.py] => Constructing exemplars for new classes...(20 per classes)
2026-07-12 22:46:11,291 [trainer.py] => Timing Task 13 => Train 492.13s, Epochs 20, Train 24.6064s/epoch, Inference 13.05s, Images 2203, Inference 5.9231ms/image
2026-07-12 22:46:11,307 [icarl.py] => Exemplar size: 1400
2026-07-12 22:46:11,308 [trainer.py] => CNN: {'total': 31.18, '00-04': 19.75, '05-09': 19.05, '10-14': 16.4, '15-19': 12.57, '20-24': 23.7, '25-29': 13.22, '30-34': 19.19, '35-39': 31.87, '40-44': 22.99, '45-49': 36.99, '50-54': 29.27, '55-59': 43.33, '60-64': 72.77, '65-69': 76.11, 'old': 28.76, 'new': 76.11}
2026-07-12 22:46:11,308 [trainer.py] => NME: {'total': 39.58, '00-04': 35.19, '05-09': 27.78, '10-14': 25.93, '15-19': 31.14, '20-24': 37.04, '25-29': 25.62, '30-34': 29.65, '35-39': 43.96, '40-44': 35.63, '45-49': 53.42, '50-54': 39.63, '55-59': 42.67, '60-64': 65.84, '65-69': 57.52, 'old': 38.61, 'new': 57.52}
2026-07-12 22:46:11,308 [trainer.py] => CNN top1 curve: [30.86, 12.15, 18.87, 17.7, 18.23, 18.33, 22.48, 23.76, 26.89, 29.86, 30.09, 28.81, 30.86, 31.18]
2026-07-12 22:46:11,308 [trainer.py] => CNN top5 curve: [100.0, 60.07, 48.22, 48.14, 48.14, 47.56, 50.75, 52.07, 53.36, 53.49, 52.93, 53.97, 55.02, 53.84]
2026-07-12 22:46:11,308 [trainer.py] => NME top1 curve: [30.25, 14.58, 14.68, 22.52, 21.05, 23.22, 27.89, 32.22, 34.24, 35.64, 35.67, 38.29, 39.52, 39.58]
2026-07-12 22:46:11,308 [trainer.py] => NME top5 curve: [100.0, 62.15, 53.88, 54.66, 46.73, 51.22, 54.29, 57.97, 59.8, 60.93, 60.3, 61.81, 63.88, 64.41]
2026-07-12 22:46:11,308 [trainer.py] => Average Accuracy (CNN): 24.29
2026-07-12 22:46:11,308 [trainer.py] => Average Accuracy (NME): 29.24
2026-07-12 22:46:11,309 [trainer.py] => All params: 85852486
2026-07-12 22:46:11,309 [trainer.py] => Trainable params: 85852486
2026-07-12 22:46:11,310 [icarl.py] => Learning on 70-75
2026-07-12 22:53:15,968 [icarl.py] => Task 14, Epoch 20/20 => Loss 2.334, Train_accy 97.45
2026-07-12 22:53:15,969 [base.py] => Constructing exemplars for new classes...(20 per classes)
2026-07-12 22:53:58,115 [trainer.py] => Timing Task 14 => Train 453.16s, Epochs 20, Train 22.6581s/epoch, Inference 13.64s, Images 2334, Inference 5.8459ms/image
2026-07-12 22:53:58,131 [icarl.py] => Exemplar size: 1500
2026-07-12 22:53:58,131 [trainer.py] => CNN: {'total': 31.62, '00-04': 19.75, '05-09': 19.05, '10-14': 14.29, '15-19': 11.98, '20-24': 22.96, '25-29': 14.05, '30-34': 16.28, '35-39': 30.22, '40-44': 25.29, '45-49': 35.62, '50-54': 31.71, '55-59': 38.67, '60-64': 65.84, '65-69': 61.06, '70-74': 73.28, 'old': 29.14, 'new': 73.28}
2026-07-12 22:53:58,131 [trainer.py] => NME: {'total': 40.23, '00-04': 33.33, '05-09': 29.37, '10-14': 27.51, '15-19': 28.74, '20-24': 37.04, '25-29': 28.1, '30-34': 29.07, '35-39': 41.76, '40-44': 40.23, '45-49': 51.37, '50-54': 38.41, '55-59': 43.33, '60-64': 60.89, '65-69': 53.1, '70-74': 62.6, 'old': 38.9, 'new': 62.6}
2026-07-12 22:53:58,131 [trainer.py] => CNN top1 curve: [30.86, 12.15, 18.87, 17.7, 18.23, 18.33, 22.48, 23.76, 26.89, 29.86, 30.09, 28.81, 30.86, 31.18, 31.62]
2026-07-12 22:53:58,131 [trainer.py] => CNN top5 curve: [100.0, 60.07, 48.22, 48.14, 48.14, 47.56, 50.75, 52.07, 53.36, 53.49, 52.93, 53.97, 55.02, 53.84, 52.7]
2026-07-12 22:53:58,131 [trainer.py] => NME top1 curve: [30.25, 14.58, 14.68, 22.52, 21.05, 23.22, 27.89, 32.22, 34.24, 35.64, 35.67, 38.29, 39.52, 39.58, 40.23]
2026-07-12 22:53:58,131 [trainer.py] => NME top5 curve: [100.0, 62.15, 53.88, 54.66, 46.73, 51.22, 54.29, 57.97, 59.8, 60.93, 60.3, 61.81, 63.88, 64.41, 63.54]
2026-07-12 22:53:58,131 [trainer.py] => Average Accuracy (CNN): 24.78
2026-07-12 22:53:58,131 [trainer.py] => Average Accuracy (NME): 29.97
2026-07-12 22:53:58,132 [trainer.py] => All params: 85856331
2026-07-12 22:53:58,132 [trainer.py] => Trainable params: 85856331
2026-07-12 22:53:58,133 [icarl.py] => Learning on 75-80
2026-07-12 23:01:48,196 [icarl.py] => Task 15, Epoch 20/20 => Loss 2.439, Train_accy 97.51
2026-07-12 23:01:48,197 [base.py] => Constructing exemplars for new classes...(20 per classes)
2026-07-12 23:02:32,994 [trainer.py] => Timing Task 15 => Train 500.23s, Epochs 20, Train 25.0113s/epoch, Inference 14.63s, Images 2509, Inference 5.8330ms/image
2026-07-12 23:02:33,009 [icarl.py] => Exemplar size: 1600
2026-07-12 23:02:33,010 [trainer.py] => CNN: {'total': 30.89, '00-04': 20.37, '05-09': 17.46, '10-14': 15.34, '15-19': 11.98, '20-24': 17.78, '25-29': 13.22, '30-34': 12.21, '35-39': 27.47, '40-44': 20.69, '45-49': 36.99, '50-54': 26.83, '55-59': 30.0, '60-64': 52.97, '65-69': 50.44, '70-74': 64.12, '75-79': 76.0, 'old': 27.51, 'new': 76.0}
2026-07-12 23:02:33,010 [trainer.py] => NME: {'total': 40.81, '00-04': 31.48, '05-09': 29.37, '10-14': 26.98, '15-19': 30.54, '20-24': 34.81, '25-29': 28.93, '30-34': 30.23, '35-39': 43.41, '40-44': 36.78, '45-49': 45.21, '50-54': 39.63, '55-59': 44.67, '60-64': 60.4, '65-69': 54.87, '70-74': 58.78, '75-79': 56.0, 'old': 39.67, 'new': 56.0}
2026-07-12 23:02:33,010 [trainer.py] => CNN top1 curve: [30.86, 12.15, 18.87, 17.7, 18.23, 18.33, 22.48, 23.76, 26.89, 29.86, 30.09, 28.81, 30.86, 31.18, 31.62, 30.89]
2026-07-12 23:02:33,010 [trainer.py] => CNN top5 curve: [100.0, 60.07, 48.22, 48.14, 48.14, 47.56, 50.75, 52.07, 53.36, 53.49, 52.93, 53.97, 55.02, 53.84, 52.7, 53.77]
2026-07-12 23:02:33,010 [trainer.py] => NME top1 curve: [30.25, 14.58, 14.68, 22.52, 21.05, 23.22, 27.89, 32.22, 34.24, 35.64, 35.67, 38.29, 39.52, 39.58, 40.23, 40.81]
2026-07-12 23:02:33,010 [trainer.py] => NME top5 curve: [100.0, 62.15, 53.88, 54.66, 46.73, 51.22, 54.29, 57.97, 59.8, 60.93, 60.3, 61.81, 63.88, 64.41, 63.54, 64.57]
2026-07-12 23:02:33,010 [trainer.py] => Average Accuracy (CNN): 25.16
2026-07-12 23:02:33,010 [trainer.py] => Average Accuracy (NME): 30.65
2026-07-12 23:02:33,010 [trainer.py] => All params: 85860176
2026-07-12 23:02:33,011 [trainer.py] => Trainable params: 85860176
2026-07-12 23:02:33,012 [icarl.py] => Learning on 80-85
2026-07-12 23:10:34,723 [icarl.py] => Task 16, Epoch 20/20 => Loss 2.352, Train_accy 97.53
2026-07-12 23:10:34,724 [base.py] => Constructing exemplars for new classes...(20 per classes)
2026-07-12 23:11:21,686 [trainer.py] => Timing Task 16 => Train 513.22s, Epochs 20, Train 25.6609s/epoch, Inference 15.46s, Images 2664, Inference 5.8021ms/image
2026-07-12 23:11:21,701 [icarl.py] => Exemplar size: 1700
2026-07-12 23:11:21,701 [trainer.py] => CNN: {'total': 33.11, '00-04': 20.37, '05-09': 16.67, '10-14': 14.81, '15-19': 9.58, '20-24': 18.52, '25-29': 15.7, '30-34': 15.7, '35-39': 32.97, '40-44': 20.11, '45-49': 39.73, '50-54': 27.44, '55-59': 24.67, '60-64': 55.45, '65-69': 38.94, '70-74': 57.25, '75-79': 66.86, '80-84': 83.87, 'old': 29.97, 'new': 83.87}
2026-07-12 23:11:21,701 [trainer.py] => NME: {'total': 40.88, '00-04': 29.63, '05-09': 30.16, '10-14': 26.46, '15-19': 28.14, '20-24': 37.78, '25-29': 27.27, '30-34': 30.81, '35-39': 42.86, '40-44': 32.76, '45-49': 51.37, '50-54': 37.8, '55-59': 39.33, '60-64': 59.41, '65-69': 48.67, '70-74': 53.44, '75-79': 50.86, '80-84': 67.1, 'old': 39.26, 'new': 67.1}
2026-07-12 23:11:21,701 [trainer.py] => CNN top1 curve: [30.86, 12.15, 18.87, 17.7, 18.23, 18.33, 22.48, 23.76, 26.89, 29.86, 30.09, 28.81, 30.86, 31.18, 31.62, 30.89, 33.11]
2026-07-12 23:11:21,702 [trainer.py] => CNN top5 curve: [100.0, 60.07, 48.22, 48.14, 48.14, 47.56, 50.75, 52.07, 53.36, 53.49, 52.93, 53.97, 55.02, 53.84, 52.7, 53.77, 54.54]
2026-07-12 23:11:21,702 [trainer.py] => NME top1 curve: [30.25, 14.58, 14.68, 22.52, 21.05, 23.22, 27.89, 32.22, 34.24, 35.64, 35.67, 38.29, 39.52, 39.58, 40.23, 40.81, 40.88]
2026-07-12 23:11:21,702 [trainer.py] => NME top5 curve: [100.0, 62.15, 53.88, 54.66, 46.73, 51.22, 54.29, 57.97, 59.8, 60.93, 60.3, 61.81, 63.88, 64.41, 63.54, 64.57, 65.69]
2026-07-12 23:11:21,702 [trainer.py] => Average Accuracy (CNN): 25.63
2026-07-12 23:11:21,702 [trainer.py] => Average Accuracy (NME): 31.25
2026-07-12 23:11:21,702 [trainer.py] => All params: 85864021
2026-07-12 23:11:21,703 [trainer.py] => Trainable params: 85864021
2026-07-12 23:11:21,704 [icarl.py] => Learning on 85-90
2026-07-12 23:19:42,700 [icarl.py] => Task 17, Epoch 20/20 => Loss 2.368, Train_accy 97.70
2026-07-12 23:19:42,716 [base.py] => Constructing exemplars for new classes...(20 per classes)
2026-07-12 23:20:33,432 [trainer.py] => Timing Task 17 => Train 535.40s, Epochs 20, Train 26.7700s/epoch, Inference 16.33s, Images 2803, Inference 5.8258ms/image
2026-07-12 23:20:33,448 [icarl.py] => Exemplar size: 1800
2026-07-12 23:20:33,448 [trainer.py] => CNN: {'total': 33.96, '00-04': 17.9, '05-09': 11.11, '10-14': 14.29, '15-19': 9.58, '20-24': 18.52, '25-29': 18.18, '30-34': 16.86, '35-39': 32.42, '40-44': 21.26, '45-49': 34.93, '50-54': 26.22, '55-59': 26.0, '60-64': 50.0, '65-69': 38.94, '70-74': 55.73, '75-79': 60.57, '80-84': 78.06, '85-89': 83.45, 'old': 31.38, 'new': 83.45}
2026-07-12 23:20:33,448 [trainer.py] => NME: {'total': 42.88, '00-04': 30.86, '05-09': 27.78, '10-14': 26.46, '15-19': 29.34, '20-24': 36.3, '25-29': 29.75, '30-34': 29.07, '35-39': 43.41, '40-44': 34.48, '45-49': 47.26, '50-54': 40.24, '55-59': 38.67, '60-64': 60.4, '65-69': 50.44, '70-74': 56.49, '75-79': 53.71, '80-84': 70.97, '85-89': 67.63, 'old': 41.59, 'new': 67.63}
2026-07-12 23:20:33,448 [trainer.py] => CNN top1 curve: [30.86, 12.15, 18.87, 17.7, 18.23, 18.33, 22.48, 23.76, 26.89, 29.86, 30.09, 28.81, 30.86, 31.18, 31.62, 30.89, 33.11, 33.96]
2026-07-12 23:20:33,448 [trainer.py] => CNN top5 curve: [100.0, 60.07, 48.22, 48.14, 48.14, 47.56, 50.75, 52.07, 53.36, 53.49, 52.93, 53.97, 55.02, 53.84, 52.7, 53.77, 54.54, 55.33]
2026-07-12 23:20:33,448 [trainer.py] => NME top1 curve: [30.25, 14.58, 14.68, 22.52, 21.05, 23.22, 27.89, 32.22, 34.24, 35.64, 35.67, 38.29, 39.52, 39.58, 40.23, 40.81, 40.88, 42.88]
2026-07-12 23:20:33,448 [trainer.py] => NME top5 curve: [100.0, 62.15, 53.88, 54.66, 46.73, 51.22, 54.29, 57.97, 59.8, 60.93, 60.3, 61.81, 63.88, 64.41, 63.54, 64.57, 65.69, 66.29]
2026-07-12 23:20:33,448 [trainer.py] => Average Accuracy (CNN): 26.09
2026-07-12 23:20:33,449 [trainer.py] => Average Accuracy (NME): 31.9
2026-07-12 23:20:33,449 [trainer.py] => All params: 85867866
2026-07-12 23:20:33,449 [trainer.py] => Trainable params: 85867866
2026-07-12 23:20:33,451 [icarl.py] => Learning on 90-95
2026-07-12 23:29:51,812 [icarl.py] => Task 18, Epoch 20/20 => Loss 2.459, Train_accy 97.60
2026-07-12 23:29:51,813 [base.py] => Constructing exemplars for new classes...(20 per classes)
2026-07-12 23:30:44,839 [trainer.py] => Timing Task 18 => Train 593.79s, Epochs 20, Train 29.6893s/epoch, Inference 17.60s, Images 3004, Inference 5.8602ms/image
2026-07-12 23:30:44,862 [icarl.py] => Exemplar size: 1900
2026-07-12 23:30:44,862 [trainer.py] => CNN: {'total': 34.42, '00-04': 14.81, '05-09': 13.49, '10-14': 16.4, '15-19': 10.78, '20-24': 17.04, '25-29': 15.7, '30-34': 16.28, '35-39': 30.22, '40-44': 20.69, '45-49': 30.14, '50-54': 21.34, '55-59': 26.0, '60-64': 42.08, '65-69': 41.59, '70-74': 48.85, '75-79': 53.14, '80-84': 65.16, '85-89': 74.82, '90-94': 85.07, 'old': 30.79, 'new': 85.07}
2026-07-12 23:30:44,862 [trainer.py] => NME: {'total': 42.98, '00-04': 30.86, '05-09': 28.57, '10-14': 27.51, '15-19': 27.54, '20-24': 34.07, '25-29': 28.93, '30-34': 30.81, '35-39': 43.41, '40-44': 32.18, '45-49': 46.58, '50-54': 35.98, '55-59': 37.33, '60-64': 56.44, '65-69': 51.33, '70-74': 52.67, '75-79': 53.14, '80-84': 69.68, '85-89': 62.59, '90-94': 62.69, 'old': 41.56, 'new': 62.69}
2026-07-12 23:30:44,862 [trainer.py] => CNN top1 curve: [30.86, 12.15, 18.87, 17.7, 18.23, 18.33, 22.48, 23.76, 26.89, 29.86, 30.09, 28.81, 30.86, 31.18, 31.62, 30.89, 33.11, 33.96, 34.42]
2026-07-12 23:30:44,862 [trainer.py] => CNN top5 curve: [100.0, 60.07, 48.22, 48.14, 48.14, 47.56, 50.75, 52.07, 53.36, 53.49, 52.93, 53.97, 55.02, 53.84, 52.7, 53.77, 54.54, 55.33, 55.53]
2026-07-12 23:30:44,862 [trainer.py] => NME top1 curve: [30.25, 14.58, 14.68, 22.52, 21.05, 23.22, 27.89, 32.22, 34.24, 35.64, 35.67, 38.29, 39.52, 39.58, 40.23, 40.81, 40.88, 42.88, 42.98]
2026-07-12 23:30:44,863 [trainer.py] => NME top5 curve: [100.0, 62.15, 53.88, 54.66, 46.73, 51.22, 54.29, 57.97, 59.8, 60.93, 60.3, 61.81, 63.88, 64.41, 63.54, 64.57, 65.69, 66.29, 67.08]
2026-07-12 23:30:44,863 [trainer.py] => Average Accuracy (CNN): 26.53
2026-07-12 23:30:44,863 [trainer.py] => Average Accuracy (NME): 32.48
2026-07-12 23:30:44,863 [trainer.py] => All params: 85871711
2026-07-12 23:30:44,864 [trainer.py] => Trainable params: 85871711
2026-07-12 23:30:44,865 [icarl.py] => Learning on 95-100
2026-07-12 23:40:26,688 [icarl.py] => Task 19, Epoch 20/20 => Loss 2.426, Train_accy 97.96
2026-07-12 23:40:26,690 [base.py] => Constructing exemplars for new classes...(20 per classes)
2026-07-12 23:41:24,066 [trainer.py] => Timing Task 19 => Train 620.55s, Epochs 20, Train 31.0273s/epoch, Inference 18.66s, Images 3234, Inference 5.7689ms/image
2026-07-12 23:41:24,082 [icarl.py] => Exemplar size: 2000
2026-07-12 23:41:24,082 [trainer.py] => CNN: {'total': 35.71, '00-04': 17.9, '05-09': 14.29, '10-14': 12.7, '15-19': 10.18, '20-24': 16.3, '25-29': 13.22, '30-34': 18.6, '35-39': 34.07, '40-44': 21.26, '45-49': 28.08, '50-54': 23.78, '55-59': 26.67, '60-64': 38.61, '65-69': 39.82, '70-74': 40.46, '75-79': 47.43, '80-84': 56.13, '85-89': 69.78, '90-94': 68.16, '95-99': 86.09, 'old': 31.86, 'new': 86.09}
2026-07-12 23:41:24,082 [trainer.py] => NME: {'total': 44.34, '00-04': 33.95, '05-09': 28.57, '10-14': 27.51, '15-19': 29.34, '20-24': 34.07, '25-29': 23.97, '30-34': 26.74, '35-39': 46.15, '40-44': 35.63, '45-49': 47.95, '50-54': 37.2, '55-59': 37.33, '60-64': 56.44, '65-69': 53.98, '70-74': 48.09, '75-79': 50.29, '80-84': 69.68, '85-89': 61.87, '90-94': 59.7, '95-99': 64.35, 'old': 42.81, 'new': 64.35}
2026-07-12 23:41:24,082 [trainer.py] => CNN top1 curve: [30.86, 12.15, 18.87, 17.7, 18.23, 18.33, 22.48, 23.76, 26.89, 29.86, 30.09, 28.81, 30.86, 31.18, 31.62, 30.89, 33.11, 33.96, 34.42, 35.71]
2026-07-12 23:41:24,082 [trainer.py] => CNN top5 curve: [100.0, 60.07, 48.22, 48.14, 48.14, 47.56, 50.75, 52.07, 53.36, 53.49, 52.93, 53.97, 55.02, 53.84, 52.7, 53.77, 54.54, 55.33, 55.53, 56.37]
2026-07-12 23:41:24,082 [trainer.py] => NME top1 curve: [30.25, 14.58, 14.68, 22.52, 21.05, 23.22, 27.89, 32.22, 34.24, 35.64, 35.67, 38.29, 39.52, 39.58, 40.23, 40.81, 40.88, 42.88, 42.98, 44.34]
2026-07-12 23:41:24,082 [trainer.py] => NME top5 curve: [100.0, 62.15, 53.88, 54.66, 46.73, 51.22, 54.29, 57.97, 59.8, 60.93, 60.3, 61.81, 63.88, 64.41, 63.54, 64.57, 65.69, 66.29, 67.08, 68.65]
2026-07-12 23:41:24,082 [trainer.py] => Average Accuracy (CNN): 26.99
2026-07-12 23:41:24,082 [trainer.py] => Average Accuracy (NME): 33.07
2026-07-12 23:41:24,083 [trainer.py] => All params: 85875556
2026-07-12 23:41:24,083 [trainer.py] => Trainable params: 85875556
2026-07-12 23:41:24,085 [icarl.py] => Learning on 100-105
2026-07-12 23:50:30,882 [icarl.py] => Task 20, Epoch 20/20 => Loss 2.274, Train_accy 97.54
2026-07-12 23:50:30,884 [base.py] => Constructing exemplars for new classes...(20 per classes)
2026-07-12 23:51:29,954 [trainer.py] => Timing Task 20 => Train 586.86s, Epochs 20, Train 29.3428s/epoch, Inference 19.01s, Images 3343, Inference 5.6879ms/image
2026-07-12 23:51:29,969 [icarl.py] => Exemplar size: 2100
2026-07-12 23:51:29,970 [trainer.py] => CNN: {'total': 35.3, '00-04': 15.43, '05-09': 15.08, '10-14': 16.4, '15-19': 12.57, '20-24': 20.0, '25-29': 14.05, '30-34': 20.93, '35-39': 32.97, '40-44': 20.11, '45-49': 28.77, '50-54': 18.9, '55-59': 23.33, '60-64': 33.66, '65-69': 30.97, '70-74': 41.22, '75-79': 42.86, '80-84': 50.32, '85-89': 72.66, '90-94': 62.69, '95-99': 76.52, '100-104': 80.73, 'old': 33.77, 'new': 80.73}
2026-07-12 23:51:29,970 [trainer.py] => NME: {'total': 45.47, '00-04': 32.1, '05-09': 30.16, '10-14': 31.75, '15-19': 29.34, '20-24': 36.3, '25-29': 32.23, '30-34': 29.07, '35-39': 45.05, '40-44': 38.51, '45-49': 44.52, '50-54': 35.37, '55-59': 37.33, '60-64': 55.94, '65-69': 52.21, '70-74': 51.91, '75-79': 49.71, '80-84': 69.68, '85-89': 64.03, '90-94': 60.7, '95-99': 60.43, '100-104': 64.22, 'old': 44.84, 'new': 64.22}
2026-07-12 23:51:29,970 [trainer.py] => CNN top1 curve: [30.86, 12.15, 18.87, 17.7, 18.23, 18.33, 22.48, 23.76, 26.89, 29.86, 30.09, 28.81, 30.86, 31.18, 31.62, 30.89, 33.11, 33.96, 34.42, 35.71, 35.3]
2026-07-12 23:51:29,970 [trainer.py] => CNN top5 curve: [100.0, 60.07, 48.22, 48.14, 48.14, 47.56, 50.75, 52.07, 53.36, 53.49, 52.93, 53.97, 55.02, 53.84, 52.7, 53.77, 54.54, 55.33, 55.53, 56.37, 56.6]
2026-07-12 23:51:29,970 [trainer.py] => NME top1 curve: [30.25, 14.58, 14.68, 22.52, 21.05, 23.22, 27.89, 32.22, 34.24, 35.64, 35.67, 38.29, 39.52, 39.58, 40.23, 40.81, 40.88, 42.88, 42.98, 44.34, 45.47]
2026-07-12 23:51:29,970 [trainer.py] => NME top5 curve: [100.0, 62.15, 53.88, 54.66, 46.73, 51.22, 54.29, 57.97, 59.8, 60.93, 60.3, 61.81, 63.88, 64.41, 63.54, 64.57, 65.69, 66.29, 67.08, 68.65, 69.82]
2026-07-12 23:51:29,970 [trainer.py] => Average Accuracy (CNN): 27.38
2026-07-12 23:51:29,970 [trainer.py] => Average Accuracy (NME): 33.66
2026-07-12 23:51:29,970 [trainer.py] => All params: 85879401
2026-07-12 23:51:29,971 [trainer.py] => Trainable params: 85879401
2026-07-12 23:51:29,972 [icarl.py] => Learning on 105-110
2026-07-13 00:00:53,342 [icarl.py] => Task 21, Epoch 20/20 => Loss 2.323, Train_accy 97.65
2026-07-13 00:00:53,344 [base.py] => Constructing exemplars for new classes...(20 per classes)
2026-07-13 00:01:54,416 [trainer.py] => Timing Task 21 => Train 604.80s, Epochs 20, Train 30.2400s/epoch, Inference 19.65s, Images 3459, Inference 5.6796ms/image
2026-07-13 00:01:54,432 [icarl.py] => Exemplar size: 2200
2026-07-13 00:01:54,432 [trainer.py] => CNN: {'total': 35.07, '00-04': 17.9, '05-09': 15.08, '10-14': 16.4, '15-19': 13.77, '20-24': 19.26, '25-29': 18.18, '30-34': 19.77, '35-39': 31.32, '40-44': 20.11, '45-49': 23.97, '50-54': 19.51, '55-59': 28.0, '60-64': 30.2, '65-69': 31.86, '70-74': 42.75, '75-79': 42.86, '80-84': 42.58, '85-89': 71.22, '90-94': 55.72, '95-99': 66.09, '100-104': 68.81, '105-109': 82.76, 'old': 33.41, 'new': 82.76}
2026-07-13 00:01:54,432 [trainer.py] => NME: {'total': 45.71, '00-04': 32.72, '05-09': 32.54, '10-14': 32.28, '15-19': 31.74, '20-24': 38.52, '25-29': 31.4, '30-34': 31.98, '35-39': 40.66, '40-44': 36.21, '45-49': 47.26, '50-54': 39.02, '55-59': 38.67, '60-64': 57.43, '65-69': 51.33, '70-74': 47.33, '75-79': 47.43, '80-84': 64.52, '85-89': 65.47, '90-94': 57.71, '95-99': 57.83, '100-104': 57.8, '105-109': 67.24, 'old': 44.96, 'new': 67.24}
2026-07-13 00:01:54,432 [trainer.py] => CNN top1 curve: [30.86, 12.15, 18.87, 17.7, 18.23, 18.33, 22.48, 23.76, 26.89, 29.86, 30.09, 28.81, 30.86, 31.18, 31.62, 30.89, 33.11, 33.96, 34.42, 35.71, 35.3, 35.07]
2026-07-13 00:01:54,432 [trainer.py] => CNN top5 curve: [100.0, 60.07, 48.22, 48.14, 48.14, 47.56, 50.75, 52.07, 53.36, 53.49, 52.93, 53.97, 55.02, 53.84, 52.7, 53.77, 54.54, 55.33, 55.53, 56.37, 56.6, 55.28]
2026-07-13 00:01:54,432 [trainer.py] => NME top1 curve: [30.25, 14.58, 14.68, 22.52, 21.05, 23.22, 27.89, 32.22, 34.24, 35.64, 35.67, 38.29, 39.52, 39.58, 40.23, 40.81, 40.88, 42.88, 42.98, 44.34, 45.47, 45.71]
2026-07-13 00:01:54,432 [trainer.py] => NME top5 curve: [100.0, 62.15, 53.88, 54.66, 46.73, 51.22, 54.29, 57.97, 59.8, 60.93, 60.3, 61.81, 63.88, 64.41, 63.54, 64.57, 65.69, 66.29, 67.08, 68.65, 69.82, 70.4]
2026-07-13 00:01:54,432 [trainer.py] => Average Accuracy (CNN): 27.73
2026-07-13 00:01:54,432 [trainer.py] => Average Accuracy (NME): 34.21
2026-07-13 00:01:54,433 [trainer.py] => All params: 85883246
2026-07-13 00:01:54,433 [trainer.py] => Trainable params: 85883246
2026-07-13 00:01:54,435 [icarl.py] => Learning on 110-115
2026-07-13 00:12:17,228 [icarl.py] => Task 22, Epoch 20/20 => Loss 2.386, Train_accy 97.64
2026-07-13 00:12:17,231 [base.py] => Constructing exemplars for new classes...(20 per classes)
2026-07-13 00:13:21,872 [trainer.py] => Timing Task 22 => Train 666.70s, Epochs 20, Train 33.3348s/epoch, Inference 20.74s, Images 3627, Inference 5.7188ms/image
2026-07-13 00:13:21,891 [icarl.py] => Exemplar size: 2300
2026-07-13 00:13:21,891 [trainer.py] => CNN: {'total': 34.85, '00-04': 21.6, '05-09': 19.05, '10-14': 14.81, '15-19': 14.37, '20-24': 22.96, '25-29': 12.4, '30-34': 19.77, '35-39': 32.97, '40-44': 16.09, '45-49': 24.66, '50-54': 21.34, '55-59': 22.0, '60-64': 27.72, '65-69': 30.97, '70-74': 32.82, '75-79': 34.86, '80-84': 40.65, '85-89': 72.66, '90-94': 49.75, '95-99': 54.78, '100-104': 61.47, '105-109': 75.86, '110-114': 83.93, 'old': 32.47, 'new': 83.93}
2026-07-13 00:13:21,892 [trainer.py] => NME: {'total': 46.79, '00-04': 32.72, '05-09': 32.54, '10-14': 31.75, '15-19': 32.34, '20-24': 41.48, '25-29': 36.36, '30-34': 33.14, '35-39': 43.41, '40-44': 36.78, '45-49': 50.0, '50-54': 37.2, '55-59': 40.0, '60-64': 59.41, '65-69': 51.33, '70-74': 43.51, '75-79': 47.43, '80-84': 61.94, '85-89': 65.47, '90-94': 54.73, '95-99': 54.78, '100-104': 55.05, '105-109': 69.83, '110-114': 67.26, 'old': 45.79, 'new': 67.26}
2026-07-13 00:13:21,892 [trainer.py] => CNN top1 curve: [30.86, 12.15, 18.87, 17.7, 18.23, 18.33, 22.48, 23.76, 26.89, 29.86, 30.09, 28.81, 30.86, 31.18, 31.62, 30.89, 33.11, 33.96, 34.42, 35.71, 35.3, 35.07, 34.85]
2026-07-13 00:13:21,892 [trainer.py] => CNN top5 curve: [100.0, 60.07, 48.22, 48.14, 48.14, 47.56, 50.75, 52.07, 53.36, 53.49, 52.93, 53.97, 55.02, 53.84, 52.7, 53.77, 54.54, 55.33, 55.53, 56.37, 56.6, 55.28, 54.84]
2026-07-13 00:13:21,892 [trainer.py] => NME top1 curve: [30.25, 14.58, 14.68, 22.52, 21.05, 23.22, 27.89, 32.22, 34.24, 35.64, 35.67, 38.29, 39.52, 39.58, 40.23, 40.81, 40.88, 42.88, 42.98, 44.34, 45.47, 45.71, 46.79]
2026-07-13 00:13:21,892 [trainer.py] => NME top5 curve: [100.0, 62.15, 53.88, 54.66, 46.73, 51.22, 54.29, 57.97, 59.8, 60.93, 60.3, 61.81, 63.88, 64.41, 63.54, 64.57, 65.69, 66.29, 67.08, 68.65, 69.82, 70.4, 69.89]
2026-07-13 00:13:21,892 [trainer.py] => Average Accuracy (CNN): 28.04
2026-07-13 00:13:21,892 [trainer.py] => Average Accuracy (NME): 34.76
2026-07-13 00:13:21,893 [trainer.py] => All params: 85887091
2026-07-13 00:13:21,893 [trainer.py] => Trainable params: 85887091
2026-07-13 00:13:21,895 [icarl.py] => Learning on 115-120
2026-07-13 00:23:46,705 [icarl.py] => Task 23, Epoch 20/20 => Loss 2.386, Train_accy 97.92
2026-07-13 00:23:46,706 [base.py] => Constructing exemplars for new classes...(20 per classes)
2026-07-13 00:24:52,750 [trainer.py] => Timing Task 23 => Train 669.46s, Epochs 20, Train 33.4728s/epoch, Inference 21.40s, Images 3768, Inference 5.6792ms/image
2026-07-13 00:24:52,765 [icarl.py] => Exemplar size: 2400
2026-07-13 00:24:52,765 [trainer.py] => CNN: {'total': 37.39, '00-04': 25.31, '05-09': 16.67, '10-14': 17.99, '15-19': 11.98, '20-24': 23.7, '25-29': 15.7, '30-34': 20.93, '35-39': 31.32, '40-44': 15.52, '45-49': 30.14, '50-54': 23.17, '55-59': 22.67, '60-64': 32.67, '65-69': 25.66, '70-74': 31.3, '75-79': 35.43, '80-84': 45.16, '85-89': 66.19, '90-94': 51.24, '95-99': 58.26, '100-104': 62.39, '105-109': 74.14, '110-114': 79.76, '115-119': 85.82, 'old': 35.51, 'new': 85.82}
2026-07-13 00:24:52,765 [trainer.py] => NME: {'total': 48.35, '00-04': 35.19, '05-09': 27.78, '10-14': 33.86, '15-19': 37.72, '20-24': 39.26, '25-29': 36.36, '30-34': 32.56, '35-39': 46.15, '40-44': 37.93, '45-49': 50.68, '50-54': 37.2, '55-59': 41.33, '60-64': 58.91, '65-69': 53.98, '70-74': 50.38, '75-79': 50.86, '80-84': 67.1, '85-89': 65.47, '90-94': 53.23, '95-99': 53.04, '100-104': 55.05, '105-109': 72.41, '110-114': 67.26, '115-119': 61.7, 'old': 47.84, 'new': 61.7}
2026-07-13 00:24:52,765 [trainer.py] => CNN top1 curve: [30.86, 12.15, 18.87, 17.7, 18.23, 18.33, 22.48, 23.76, 26.89, 29.86, 30.09, 28.81, 30.86, 31.18, 31.62, 30.89, 33.11, 33.96, 34.42, 35.71, 35.3, 35.07, 34.85, 37.39]
2026-07-13 00:24:52,765 [trainer.py] => CNN top5 curve: [100.0, 60.07, 48.22, 48.14, 48.14, 47.56, 50.75, 52.07, 53.36, 53.49, 52.93, 53.97, 55.02, 53.84, 52.7, 53.77, 54.54, 55.33, 55.53, 56.37, 56.6, 55.28, 54.84, 56.32]
2026-07-13 00:24:52,765 [trainer.py] => NME top1 curve: [30.25, 14.58, 14.68, 22.52, 21.05, 23.22, 27.89, 32.22, 34.24, 35.64, 35.67, 38.29, 39.52, 39.58, 40.23, 40.81, 40.88, 42.88, 42.98, 44.34, 45.47, 45.71, 46.79, 48.35]
2026-07-13 00:24:52,765 [trainer.py] => NME top5 curve: [100.0, 62.15, 53.88, 54.66, 46.73, 51.22, 54.29, 57.97, 59.8, 60.93, 60.3, 61.81, 63.88, 64.41, 63.54, 64.57, 65.69, 66.29, 67.08, 68.65, 69.82, 70.4, 69.89, 70.78]
2026-07-13 00:24:52,765 [trainer.py] => Average Accuracy (CNN): 28.43
2026-07-13 00:24:52,765 [trainer.py] => Average Accuracy (NME): 35.32
2026-07-13 00:24:52,766 [trainer.py] => All params: 85890936
2026-07-13 00:24:52,766 [trainer.py] => Trainable params: 85890936
2026-07-13 00:24:52,768 [icarl.py] => Learning on 120-125
2026-07-13 00:35:32,312 [icarl.py] => Task 24, Epoch 20/20 => Loss 2.314, Train_accy 97.70
2026-07-13 00:35:32,313 [base.py] => Constructing exemplars for new classes...(20 per classes)
2026-07-13 00:36:39,787 [trainer.py] => Timing Task 24 => Train 684.88s, Epochs 20, Train 34.2440s/epoch, Inference 22.14s, Images 3903, Inference 5.6725ms/image
2026-07-13 00:36:39,802 [icarl.py] => Exemplar size: 2500
2026-07-13 00:36:39,802 [trainer.py] => CNN: {'total': 36.97, '00-04': 22.84, '05-09': 18.25, '10-14': 17.46, '15-19': 14.37, '20-24': 22.96, '25-29': 15.7, '30-34': 20.35, '35-39': 32.42, '40-44': 17.82, '45-49': 23.97, '50-54': 21.34, '55-59': 21.33, '60-64': 34.16, '65-69': 27.43, '70-74': 31.3, '75-79': 28.57, '80-84': 46.45, '85-89': 64.03, '90-94': 46.77, '95-99': 52.17, '100-104': 56.88, '105-109': 72.41, '110-114': 72.62, '115-119': 74.47, '120-124': 81.48, 'old': 35.38, 'new': 81.48}
2026-07-13 00:36:39,802 [trainer.py] => NME: {'total': 48.99, '00-04': 33.95, '05-09': 27.78, '10-14': 34.39, '15-19': 35.93, '20-24': 40.74, '25-29': 33.06, '30-34': 31.98, '35-39': 47.8, '40-44': 38.51, '45-49': 50.0, '50-54': 36.59, '55-59': 45.33, '60-64': 60.4, '65-69': 53.1, '70-74': 55.73, '75-79': 49.71, '80-84': 66.45, '85-89': 66.19, '90-94': 54.73, '95-99': 51.3, '100-104': 55.96, '105-109': 70.69, '110-114': 65.48, '115-119': 63.12, '120-124': 62.96, 'old': 48.49, 'new': 62.96}
2026-07-13 00:36:39,802 [trainer.py] => CNN top1 curve: [30.86, 12.15, 18.87, 17.7, 18.23, 18.33, 22.48, 23.76, 26.89, 29.86, 30.09, 28.81, 30.86, 31.18, 31.62, 30.89, 33.11, 33.96, 34.42, 35.71, 35.3, 35.07, 34.85, 37.39, 36.97]
2026-07-13 00:36:39,802 [trainer.py] => CNN top5 curve: [100.0, 60.07, 48.22, 48.14, 48.14, 47.56, 50.75, 52.07, 53.36, 53.49, 52.93, 53.97, 55.02, 53.84, 52.7, 53.77, 54.54, 55.33, 55.53, 56.37, 56.6, 55.28, 54.84, 56.32, 56.34]
2026-07-13 00:36:39,802 [trainer.py] => NME top1 curve: [30.25, 14.58, 14.68, 22.52, 21.05, 23.22, 27.89, 32.22, 34.24, 35.64, 35.67, 38.29, 39.52, 39.58, 40.23, 40.81, 40.88, 42.88, 42.98, 44.34, 45.47, 45.71, 46.79, 48.35, 48.99]
2026-07-13 00:36:39,802 [trainer.py] => NME top5 curve: [100.0, 62.15, 53.88, 54.66, 46.73, 51.22, 54.29, 57.97, 59.8, 60.93, 60.3, 61.81, 63.88, 64.41, 63.54, 64.57, 65.69, 66.29, 67.08, 68.65, 69.82, 70.4, 69.89, 70.78, 70.61]
2026-07-13 00:36:39,802 [trainer.py] => Average Accuracy (CNN): 28.77
2026-07-13 00:36:39,802 [trainer.py] => Average Accuracy (NME): 35.87
2026-07-13 00:36:39,803 [trainer.py] => All params: 85894781
2026-07-13 00:36:39,803 [trainer.py] => Trainable params: 85894781
2026-07-13 00:36:39,805 [icarl.py] => Learning on 125-130
2026-07-13 00:47:08,739 [icarl.py] => Task 25, Epoch 20/20 => Loss 2.278, Train_accy 97.83
2026-07-13 00:47:08,740 [base.py] => Constructing exemplars for new classes...(20 per classes)
2026-07-13 00:48:17,741 [trainer.py] => Timing Task 25 => Train 675.19s, Epochs 20, Train 33.7596s/epoch, Inference 22.74s, Images 4005, Inference 5.6791ms/image
2026-07-13 00:48:17,757 [icarl.py] => Exemplar size: 2600
2026-07-13 00:48:17,757 [trainer.py] => CNN: {'total': 36.9, '00-04': 24.69, '05-09': 15.87, '10-14': 15.87, '15-19': 14.97, '20-24': 24.44, '25-29': 17.36, '30-34': 17.44, '35-39': 35.71, '40-44': 17.24, '45-49': 30.82, '50-54': 17.68, '55-59': 22.67, '60-64': 31.19, '65-69': 25.66, '70-74': 38.93, '75-79': 30.86, '80-84': 43.23, '85-89': 61.15, '90-94': 39.8, '95-99': 50.87, '100-104': 49.54, '105-109': 68.97, '110-114': 68.45, '115-119': 68.09, '120-124': 78.52, '125-129': 77.45, 'old': 35.84, 'new': 77.45}
2026-07-13 00:48:17,757 [trainer.py] => NME: {'total': 47.62, '00-04': 34.57, '05-09': 26.19, '10-14': 33.86, '15-19': 32.34, '20-24': 39.26, '25-29': 33.88, '30-34': 31.98, '35-39': 45.6, '40-44': 36.78, '45-49': 50.68, '50-54': 33.54, '55-59': 40.67, '60-64': 58.42, '65-69': 50.44, '70-74': 54.96, '75-79': 47.43, '80-84': 67.1, '85-89': 64.03, '90-94': 53.73, '95-99': 50.43, '100-104': 53.21, '105-109': 68.97, '110-114': 63.69, '115-119': 56.03, '120-124': 60.74, '125-129': 59.8, 'old': 47.3, 'new': 59.8}
2026-07-13 00:48:17,757 [trainer.py] => CNN top1 curve: [30.86, 12.15, 18.87, 17.7, 18.23, 18.33, 22.48, 23.76, 26.89, 29.86, 30.09, 28.81, 30.86, 31.18, 31.62, 30.89, 33.11, 33.96, 34.42, 35.71, 35.3, 35.07, 34.85, 37.39, 36.97, 36.9]
2026-07-13 00:48:17,757 [trainer.py] => CNN top5 curve: [100.0, 60.07, 48.22, 48.14, 48.14, 47.56, 50.75, 52.07, 53.36, 53.49, 52.93, 53.97, 55.02, 53.84, 52.7, 53.77, 54.54, 55.33, 55.53, 56.37, 56.6, 55.28, 54.84, 56.32, 56.34, 55.71]
2026-07-13 00:48:17,757 [trainer.py] => NME top1 curve: [30.25, 14.58, 14.68, 22.52, 21.05, 23.22, 27.89, 32.22, 34.24, 35.64, 35.67, 38.29, 39.52, 39.58, 40.23, 40.81, 40.88, 42.88, 42.98, 44.34, 45.47, 45.71, 46.79, 48.35, 48.99, 47.62]
2026-07-13 00:48:17,757 [trainer.py] => NME top5 curve: [100.0, 62.15, 53.88, 54.66, 46.73, 51.22, 54.29, 57.97, 59.8, 60.93, 60.3, 61.81, 63.88, 64.41, 63.54, 64.57, 65.69, 66.29, 67.08, 68.65, 69.82, 70.4, 69.89, 70.78, 70.61, 69.49]
2026-07-13 00:48:17,758 [trainer.py] => Average Accuracy (CNN): 29.09
2026-07-13 00:48:17,758 [trainer.py] => Average Accuracy (NME): 36.32
2026-07-13 00:48:17,758 [trainer.py] => All params: 85898626
2026-07-13 00:48:17,759 [trainer.py] => Trainable params: 85898626
2026-07-13 00:48:17,760 [icarl.py] => Learning on 130-135
2026-07-13 00:59:20,646 [icarl.py] => Task 26, Epoch 20/20 => Loss 2.268, Train_accy 98.11
2026-07-13 00:59:20,648 [base.py] => Constructing exemplars for new classes...(20 per classes)
2026-07-13 01:00:31,171 [trainer.py] => Timing Task 26 => Train 710.16s, Epochs 20, Train 35.5080s/epoch, Inference 23.25s, Images 4124, Inference 5.6381ms/image
2026-07-13 01:00:31,187 [icarl.py] => Exemplar size: 2700
2026-07-13 01:00:31,187 [trainer.py] => CNN: {'total': 36.61, '00-04': 27.16, '05-09': 17.46, '10-14': 19.05, '15-19': 15.57, '20-24': 22.96, '25-29': 14.05, '30-34': 20.35, '35-39': 32.97, '40-44': 16.09, '45-49': 32.88, '50-54': 17.68, '55-59': 23.33, '60-64': 29.21, '65-69': 23.89, '70-74': 31.3, '75-79': 30.86, '80-84': 43.23, '85-89': 59.71, '90-94': 38.31, '95-99': 50.0, '100-104': 36.7, '105-109': 66.38, '110-114': 61.9, '115-119': 65.96, '120-124': 76.3, '125-129': 65.69, '130-134': 77.31, 'old': 35.41, 'new': 77.31}
2026-07-13 01:00:31,187 [trainer.py] => NME: {'total': 47.62, '00-04': 34.57, '05-09': 26.19, '10-14': 30.69, '15-19': 34.13, '20-24': 35.56, '25-29': 33.06, '30-34': 29.65, '35-39': 46.7, '40-44': 37.36, '45-49': 48.63, '50-54': 35.98, '55-59': 41.33, '60-64': 59.9, '65-69': 45.13, '70-74': 48.09, '75-79': 48.0, '80-84': 69.03, '85-89': 64.75, '90-94': 53.23, '95-99': 50.87, '100-104': 54.13, '105-109': 69.83, '110-114': 63.69, '115-119': 53.19, '120-124': 60.74, '125-129': 59.8, '130-134': 62.18, 'old': 47.19, 'new': 62.18}
2026-07-13 01:00:31,187 [trainer.py] => CNN top1 curve: [30.86, 12.15, 18.87, 17.7, 18.23, 18.33, 22.48, 23.76, 26.89, 29.86, 30.09, 28.81, 30.86, 31.18, 31.62, 30.89, 33.11, 33.96, 34.42, 35.71, 35.3, 35.07, 34.85, 37.39, 36.97, 36.9, 36.61]
2026-07-13 01:00:31,187 [trainer.py] => CNN top5 curve: [100.0, 60.07, 48.22, 48.14, 48.14, 47.56, 50.75, 52.07, 53.36, 53.49, 52.93, 53.97, 55.02, 53.84, 52.7, 53.77, 54.54, 55.33, 55.53, 56.37, 56.6, 55.28, 54.84, 56.32, 56.34, 55.71, 55.7]
2026-07-13 01:00:31,187 [trainer.py] => NME top1 curve: [30.25, 14.58, 14.68, 22.52, 21.05, 23.22, 27.89, 32.22, 34.24, 35.64, 35.67, 38.29, 39.52, 39.58, 40.23, 40.81, 40.88, 42.88, 42.98, 44.34, 45.47, 45.71, 46.79, 48.35, 48.99, 47.62, 47.62]
2026-07-13 01:00:31,187 [trainer.py] => NME top5 curve: [100.0, 62.15, 53.88, 54.66, 46.73, 51.22, 54.29, 57.97, 59.8, 60.93, 60.3, 61.81, 63.88, 64.41, 63.54, 64.57, 65.69, 66.29, 67.08, 68.65, 69.82, 70.4, 69.89, 70.78, 70.61, 69.49, 70.15]
2026-07-13 01:00:31,187 [trainer.py] => Average Accuracy (CNN): 29.37
2026-07-13 01:00:31,187 [trainer.py] => Average Accuracy (NME): 36.74
2026-07-13 01:00:31,188 [trainer.py] => All params: 85902471
2026-07-13 01:00:31,188 [trainer.py] => Trainable params: 85902471
2026-07-13 01:00:31,190 [icarl.py] => Learning on 135-140
2026-07-13 01:12:07,294 [icarl.py] => Task 27, Epoch 20/20 => Loss 2.323, Train_accy 97.86
2026-07-13 01:12:07,295 [base.py] => Constructing exemplars for new classes...(20 per classes)
2026-07-13 01:13:21,405 [trainer.py] => Timing Task 27 => Train 745.96s, Epochs 20, Train 37.2982s/epoch, Inference 24.25s, Images 4282, Inference 5.6638ms/image
2026-07-13 01:13:21,420 [icarl.py] => Exemplar size: 2800
2026-07-13 01:13:21,421 [trainer.py] => CNN: {'total': 36.85, '00-04': 24.07, '05-09': 20.63, '10-14': 20.11, '15-19': 13.17, '20-24': 22.22, '25-29': 9.92, '30-34': 18.6, '35-39': 32.42, '40-44': 16.67, '45-49': 31.51, '50-54': 18.9, '55-59': 20.67, '60-64': 32.67, '65-69': 27.43, '70-74': 27.48, '75-79': 30.29, '80-84': 43.23, '85-89': 56.12, '90-94': 35.82, '95-99': 49.13, '100-104': 39.45, '105-109': 64.66, '110-114': 58.33, '115-119': 64.54, '120-124': 68.15, '125-129': 65.69, '130-134': 67.23, '135-139': 76.58, 'old': 35.33, 'new': 76.58}
2026-07-13 01:13:21,421 [trainer.py] => NME: {'total': 47.01, '00-04': 36.42, '05-09': 28.57, '10-14': 32.8, '15-19': 35.33, '20-24': 37.78, '25-29': 28.1, '30-34': 26.16, '35-39': 39.56, '40-44': 34.48, '45-49': 52.74, '50-54': 35.37, '55-59': 37.33, '60-64': 60.4, '65-69': 47.79, '70-74': 49.62, '75-79': 48.57, '80-84': 63.23, '85-89': 63.31, '90-94': 53.23, '95-99': 48.7, '100-104': 51.38, '105-109': 68.97, '110-114': 62.5, '115-119': 51.06, '120-124': 58.52, '125-129': 58.82, '130-134': 58.82, '135-139': 57.59, 'old': 46.61, 'new': 57.59}
2026-07-13 01:13:21,421 [trainer.py] => CNN top1 curve: [30.86, 12.15, 18.87, 17.7, 18.23, 18.33, 22.48, 23.76, 26.89, 29.86, 30.09, 28.81, 30.86, 31.18, 31.62, 30.89, 33.11, 33.96, 34.42, 35.71, 35.3, 35.07, 34.85, 37.39, 36.97, 36.9, 36.61, 36.85]
2026-07-13 01:13:21,421 [trainer.py] => CNN top5 curve: [100.0, 60.07, 48.22, 48.14, 48.14, 47.56, 50.75, 52.07, 53.36, 53.49, 52.93, 53.97, 55.02, 53.84, 52.7, 53.77, 54.54, 55.33, 55.53, 56.37, 56.6, 55.28, 54.84, 56.32, 56.34, 55.71, 55.7, 56.4]
2026-07-13 01:13:21,421 [trainer.py] => NME top1 curve: [30.25, 14.58, 14.68, 22.52, 21.05, 23.22, 27.89, 32.22, 34.24, 35.64, 35.67, 38.29, 39.52, 39.58, 40.23, 40.81, 40.88, 42.88, 42.98, 44.34, 45.47, 45.71, 46.79, 48.35, 48.99, 47.62, 47.62, 47.01]
2026-07-13 01:13:21,421 [trainer.py] => NME top5 curve: [100.0, 62.15, 53.88, 54.66, 46.73, 51.22, 54.29, 57.97, 59.8, 60.93, 60.3, 61.81, 63.88, 64.41, 63.54, 64.57, 65.69, 66.29, 67.08, 68.65, 69.82, 70.4, 69.89, 70.78, 70.61, 69.49, 70.15, 70.13]
2026-07-13 01:13:21,421 [trainer.py] => Average Accuracy (CNN): 29.63
2026-07-13 01:13:21,421 [trainer.py] => Average Accuracy (NME): 37.11
2026-07-13 01:13:21,422 [trainer.py] => All params: 85906316
2026-07-13 01:13:21,422 [trainer.py] => Trainable params: 85906316
2026-07-13 01:13:21,423 [icarl.py] => Learning on 140-145
2026-07-13 01:26:00,490 [icarl.py] => Task 28, Epoch 20/20 => Loss 2.429, Train_accy 97.73
2026-07-13 01:26:00,491 [base.py] => Constructing exemplars for new classes...(20 per classes)
2026-07-13 01:27:17,716 [trainer.py] => Timing Task 28 => Train 811.17s, Epochs 20, Train 40.5585s/epoch, Inference 25.12s, Images 4442, Inference 5.6558ms/image
2026-07-13 01:27:17,731 [icarl.py] => Exemplar size: 2900
2026-07-13 01:27:17,732 [trainer.py] => CNN: {'total': 37.51, '00-04': 27.78, '05-09': 22.22, '10-14': 17.99, '15-19': 14.97, '20-24': 21.48, '25-29': 14.05, '30-34': 22.67, '35-39': 31.87, '40-44': 19.54, '45-49': 27.4, '50-54': 23.17, '55-59': 22.67, '60-64': 31.19, '65-69': 23.89, '70-74': 29.01, '75-79': 28.0, '80-84': 38.71, '85-89': 57.55, '90-94': 37.31, '95-99': 48.26, '100-104': 38.53, '105-109': 62.93, '110-114': 54.17, '115-119': 56.03, '120-124': 61.48, '125-129': 53.92, '130-134': 61.34, '135-139': 66.46, '140-144': 88.12, 'old': 35.61, 'new': 88.12}
2026-07-13 01:27:17,732 [trainer.py] => NME: {'total': 47.57, '00-04': 35.19, '05-09': 30.95, '10-14': 31.75, '15-19': 32.93, '20-24': 37.78, '25-29': 30.58, '30-34': 30.23, '35-39': 39.56, '40-44': 39.08, '45-49': 48.63, '50-54': 37.8, '55-59': 39.33, '60-64': 57.92, '65-69': 43.36, '70-74': 45.8, '75-79': 46.29, '80-84': 60.0, '85-89': 64.75, '90-94': 54.23, '95-99': 49.13, '100-104': 48.62, '105-109': 68.97, '110-114': 57.74, '115-119': 51.77, '120-124': 61.48, '125-129': 55.88, '130-134': 55.46, '135-139': 55.7, '140-144': 75.62, 'old': 46.52, 'new': 75.62}
2026-07-13 01:27:17,732 [trainer.py] => CNN top1 curve: [30.86, 12.15, 18.87, 17.7, 18.23, 18.33, 22.48, 23.76, 26.89, 29.86, 30.09, 28.81, 30.86, 31.18, 31.62, 30.89, 33.11, 33.96, 34.42, 35.71, 35.3, 35.07, 34.85, 37.39, 36.97, 36.9, 36.61, 36.85, 37.51]
2026-07-13 01:27:17,732 [trainer.py] => CNN top5 curve: [100.0, 60.07, 48.22, 48.14, 48.14, 47.56, 50.75, 52.07, 53.36, 53.49, 52.93, 53.97, 55.02, 53.84, 52.7, 53.77, 54.54, 55.33, 55.53, 56.37, 56.6, 55.28, 54.84, 56.32, 56.34, 55.71, 55.7, 56.4, 57.23]
2026-07-13 01:27:17,732 [trainer.py] => NME top1 curve: [30.25, 14.58, 14.68, 22.52, 21.05, 23.22, 27.89, 32.22, 34.24, 35.64, 35.67, 38.29, 39.52, 39.58, 40.23, 40.81, 40.88, 42.88, 42.98, 44.34, 45.47, 45.71, 46.79, 48.35, 48.99, 47.62, 47.62, 47.01, 47.57]
2026-07-13 01:27:17,732 [trainer.py] => NME top5 curve: [100.0, 62.15, 53.88, 54.66, 46.73, 51.22, 54.29, 57.97, 59.8, 60.93, 60.3, 61.81, 63.88, 64.41, 63.54, 64.57, 65.69, 66.29, 67.08, 68.65, 69.82, 70.4, 69.89, 70.78, 70.61, 69.49, 70.15, 70.13, 69.88]
2026-07-13 01:27:17,732 [trainer.py] => Average Accuracy (CNN): 29.9
2026-07-13 01:27:17,732 [trainer.py] => Average Accuracy (NME): 37.47
2026-07-13 01:27:17,732 [trainer.py] => All params: 85910161
2026-07-13 01:27:17,733 [trainer.py] => Trainable params: 85910161
2026-07-13 01:27:17,734 [icarl.py] => Learning on 145-150
2026-07-13 01:39:24,099 [icarl.py] => Task 29, Epoch 20/20 => Loss 2.271, Train_accy 98.27
2026-07-13 01:39:24,099 [base.py] => Constructing exemplars for new classes...(20 per classes)
2026-07-13 01:40:44,697 [trainer.py] => Timing Task 29 => Train 781.28s, Epochs 20, Train 39.0642s/epoch, Inference 25.68s, Images 4559, Inference 5.6326ms/image
2026-07-13 01:40:44,713 [icarl.py] => Exemplar size: 3000
2026-07-13 01:40:44,713 [trainer.py] => CNN: {'total': 37.62, '00-04': 25.93, '05-09': 18.25, '10-14': 18.52, '15-19': 14.97, '20-24': 20.0, '25-29': 13.22, '30-34': 18.6, '35-39': 31.32, '40-44': 17.24, '45-49': 19.18, '50-54': 23.17, '55-59': 23.33, '60-64': 35.64, '65-69': 28.32, '70-74': 29.01, '75-79': 32.0, '80-84': 40.65, '85-89': 53.24, '90-94': 35.82, '95-99': 47.39, '100-104': 43.12, '105-109': 64.66, '110-114': 51.79, '115-119': 52.48, '120-124': 57.78, '125-129': 50.0, '130-134': 59.66, '135-139': 65.19, '140-144': 81.88, '145-149': 80.34, 'old': 36.49, 'new': 80.34}
2026-07-13 01:40:44,713 [trainer.py] => NME: {'total': 47.25, '00-04': 33.33, '05-09': 27.78, '10-14': 29.63, '15-19': 32.93, '20-24': 36.3, '25-29': 31.4, '30-34': 32.56, '35-39': 40.66, '40-44': 37.36, '45-49': 44.52, '50-54': 37.8, '55-59': 38.67, '60-64': 57.92, '65-69': 45.13, '70-74': 44.27, '75-79': 48.0, '80-84': 58.71, '85-89': 64.03, '90-94': 50.25, '95-99': 47.83, '100-104': 47.71, '105-109': 68.1, '110-114': 55.36, '115-119': 56.03, '120-124': 59.26, '125-129': 53.92, '130-134': 52.94, '135-139': 56.96, '140-144': 73.75, '145-149': 65.81, 'old': 46.76, 'new': 65.81}
2026-07-13 01:40:44,713 [trainer.py] => CNN top1 curve: [30.86, 12.15, 18.87, 17.7, 18.23, 18.33, 22.48, 23.76, 26.89, 29.86, 30.09, 28.81, 30.86, 31.18, 31.62, 30.89, 33.11, 33.96, 34.42, 35.71, 35.3, 35.07, 34.85, 37.39, 36.97, 36.9, 36.61, 36.85, 37.51, 37.62]
2026-07-13 01:40:44,713 [trainer.py] => CNN top5 curve: [100.0, 60.07, 48.22, 48.14, 48.14, 47.56, 50.75, 52.07, 53.36, 53.49, 52.93, 53.97, 55.02, 53.84, 52.7, 53.77, 54.54, 55.33, 55.53, 56.37, 56.6, 55.28, 54.84, 56.32, 56.34, 55.71, 55.7, 56.4, 57.23, 57.34]
2026-07-13 01:40:44,713 [trainer.py] => NME top1 curve: [30.25, 14.58, 14.68, 22.52, 21.05, 23.22, 27.89, 32.22, 34.24, 35.64, 35.67, 38.29, 39.52, 39.58, 40.23, 40.81, 40.88, 42.88, 42.98, 44.34, 45.47, 45.71, 46.79, 48.35, 48.99, 47.62, 47.62, 47.01, 47.57, 47.25]
2026-07-13 01:40:44,713 [trainer.py] => NME top5 curve: [100.0, 62.15, 53.88, 54.66, 46.73, 51.22, 54.29, 57.97, 59.8, 60.93, 60.3, 61.81, 63.88, 64.41, 63.54, 64.57, 65.69, 66.29, 67.08, 68.65, 69.82, 70.4, 69.89, 70.78, 70.61, 69.49, 70.15, 70.13, 69.88, 70.59]
2026-07-13 01:40:44,713 [trainer.py] => Average Accuracy (CNN): 30.16
2026-07-13 01:40:44,713 [trainer.py] => Average Accuracy (NME): 37.8
2026-07-13 01:40:44,714 [trainer.py] => All params: 85914006
2026-07-13 01:40:44,714 [trainer.py] => Trainable params: 85914006
2026-07-13 01:40:44,715 [icarl.py] => Learning on 150-155
2026-07-13 01:53:50,367 [icarl.py] => Task 30, Epoch 20/20 => Loss 2.405, Train_accy 97.95
2026-07-13 01:53:50,369 [base.py] => Constructing exemplars for new classes...(20 per classes)
2026-07-13 01:55:13,627 [trainer.py] => Timing Task 30 => Train 842.41s, Epochs 20, Train 42.1206s/epoch, Inference 26.50s, Images 4703, Inference 5.6347ms/image
2026-07-13 01:55:13,643 [icarl.py] => Exemplar size: 3100
2026-07-13 01:55:13,643 [trainer.py] => CNN: {'total': 38.32, '00-04': 23.46, '05-09': 19.84, '10-14': 18.52, '15-19': 16.77, '20-24': 24.44, '25-29': 19.01, '30-34': 14.53, '35-39': 31.87, '40-44': 19.54, '45-49': 19.18, '50-54': 21.34, '55-59': 25.33, '60-64': 34.16, '65-69': 25.66, '70-74': 29.77, '75-79': 30.86, '80-84': 38.71, '85-89': 58.99, '90-94': 34.83, '95-99': 42.17, '100-104': 44.95, '105-109': 63.79, '110-114': 52.98, '115-119': 48.94, '120-124': 58.52, '125-129': 49.02, '130-134': 57.14, '135-139': 60.13, '140-144': 75.62, '145-149': 76.92, '150-154': 81.94, 'old': 36.94, 'new': 81.94}
2026-07-13 01:55:13,643 [trainer.py] => NME: {'total': 47.88, '00-04': 33.95, '05-09': 26.98, '10-14': 30.16, '15-19': 34.13, '20-24': 37.78, '25-29': 27.27, '30-34': 31.98, '35-39': 42.86, '40-44': 37.93, '45-49': 46.58, '50-54': 38.41, '55-59': 37.33, '60-64': 58.91, '65-69': 47.79, '70-74': 44.27, '75-79': 46.86, '80-84': 63.87, '85-89': 62.59, '90-94': 49.75, '95-99': 49.57, '100-104': 48.62, '105-109': 68.1, '110-114': 55.95, '115-119': 51.77, '120-124': 59.26, '125-129': 57.84, '130-134': 58.82, '135-139': 51.9, '140-144': 68.75, '145-149': 63.25, '150-154': 63.89, 'old': 47.38, 'new': 63.89}
2026-07-13 01:55:13,643 [trainer.py] => CNN top1 curve: [30.86, 12.15, 18.87, 17.7, 18.23, 18.33, 22.48, 23.76, 26.89, 29.86, 30.09, 28.81, 30.86, 31.18, 31.62, 30.89, 33.11, 33.96, 34.42, 35.71, 35.3, 35.07, 34.85, 37.39, 36.97, 36.9, 36.61, 36.85, 37.51, 37.62, 38.32]
2026-07-13 01:55:13,643 [trainer.py] => CNN top5 curve: [100.0, 60.07, 48.22, 48.14, 48.14, 47.56, 50.75, 52.07, 53.36, 53.49, 52.93, 53.97, 55.02, 53.84, 52.7, 53.77, 54.54, 55.33, 55.53, 56.37, 56.6, 55.28, 54.84, 56.32, 56.34, 55.71, 55.7, 56.4, 57.23, 57.34, 57.6]
2026-07-13 01:55:13,643 [trainer.py] => NME top1 curve: [30.25, 14.58, 14.68, 22.52, 21.05, 23.22, 27.89, 32.22, 34.24, 35.64, 35.67, 38.29, 39.52, 39.58, 40.23, 40.81, 40.88, 42.88, 42.98, 44.34, 45.47, 45.71, 46.79, 48.35, 48.99, 47.62, 47.62, 47.01, 47.57, 47.25, 47.88]
2026-07-13 01:55:13,643 [trainer.py] => NME top5 curve: [100.0, 62.15, 53.88, 54.66, 46.73, 51.22, 54.29, 57.97, 59.8, 60.93, 60.3, 61.81, 63.88, 64.41, 63.54, 64.57, 65.69, 66.29, 67.08, 68.65, 69.82, 70.4, 69.89, 70.78, 70.61, 69.49, 70.15, 70.13, 69.88, 70.59, 70.64]
2026-07-13 01:55:13,643 [trainer.py] => Average Accuracy (CNN): 30.42
2026-07-13 01:55:13,644 [trainer.py] => Average Accuracy (NME): 38.12
2026-07-13 01:55:13,644 [trainer.py] => All params: 85917851
2026-07-13 01:55:13,644 [trainer.py] => Trainable params: 85917851
2026-07-13 01:55:13,646 [icarl.py] => Learning on 155-160
2026-07-13 02:08:31,120 [icarl.py] => Task 31, Epoch 20/20 => Loss 2.331, Train_accy 98.27
2026-07-13 02:08:31,121 [base.py] => Constructing exemplars for new classes...(20 per classes)
2026-07-13 02:09:56,882 [trainer.py] => Timing Task 31 => Train 855.81s, Epochs 20, Train 42.7903s/epoch, Inference 27.43s, Images 4861, Inference 5.6430ms/image
2026-07-13 02:09:56,898 [icarl.py] => Exemplar size: 3200
2026-07-13 02:09:56,898 [trainer.py] => CNN: {'total': 38.02, '00-04': 22.84, '05-09': 23.81, '10-14': 16.4, '15-19': 19.16, '20-24': 21.48, '25-29': 17.36, '30-34': 15.7, '35-39': 28.02, '40-44': 14.37, '45-49': 21.23, '50-54': 23.17, '55-59': 26.0, '60-64': 32.67, '65-69': 26.55, '70-74': 29.01, '75-79': 31.43, '80-84': 36.77, '85-89': 55.4, '90-94': 31.34, '95-99': 42.61, '100-104': 35.78, '105-109': 62.07, '110-114': 42.86, '115-119': 48.23, '120-124': 57.78, '125-129': 47.06, '130-134': 53.78, '135-139': 52.53, '140-144': 73.12, '145-149': 72.65, '150-154': 75.69, '155-159': 87.34, 'old': 36.36, 'new': 87.34}
2026-07-13 02:09:56,898 [trainer.py] => NME: {'total': 48.53, '00-04': 33.95, '05-09': 27.78, '10-14': 32.28, '15-19': 32.93, '20-24': 37.04, '25-29': 33.06, '30-34': 30.23, '35-39': 46.7, '40-44': 33.91, '45-49': 51.37, '50-54': 39.02, '55-59': 38.67, '60-64': 59.41, '65-69': 45.13, '70-74': 43.51, '75-79': 46.29, '80-84': 58.06, '85-89': 66.91, '90-94': 47.76, '95-99': 47.39, '100-104': 40.37, '105-109': 72.41, '110-114': 54.76, '115-119': 53.19, '120-124': 58.52, '125-129': 55.88, '130-134': 54.62, '135-139': 54.43, '140-144': 70.0, '145-149': 66.67, '150-154': 63.19, '155-159': 69.62, 'old': 47.82, 'new': 69.62}
2026-07-13 02:09:56,898 [trainer.py] => CNN top1 curve: [30.86, 12.15, 18.87, 17.7, 18.23, 18.33, 22.48, 23.76, 26.89, 29.86, 30.09, 28.81, 30.86, 31.18, 31.62, 30.89, 33.11, 33.96, 34.42, 35.71, 35.3, 35.07, 34.85, 37.39, 36.97, 36.9, 36.61, 36.85, 37.51, 37.62, 38.32, 38.02]
2026-07-13 02:09:56,898 [trainer.py] => CNN top5 curve: [100.0, 60.07, 48.22, 48.14, 48.14, 47.56, 50.75, 52.07, 53.36, 53.49, 52.93, 53.97, 55.02, 53.84, 52.7, 53.77, 54.54, 55.33, 55.53, 56.37, 56.6, 55.28, 54.84, 56.32, 56.34, 55.71, 55.7, 56.4, 57.23, 57.34, 57.6, 57.87]
2026-07-13 02:09:56,898 [trainer.py] => NME top1 curve: [30.25, 14.58, 14.68, 22.52, 21.05, 23.22, 27.89, 32.22, 34.24, 35.64, 35.67, 38.29, 39.52, 39.58, 40.23, 40.81, 40.88, 42.88, 42.98, 44.34, 45.47, 45.71, 46.79, 48.35, 48.99, 47.62, 47.62, 47.01, 47.57, 47.25, 47.88, 48.53]
2026-07-13 02:09:56,898 [trainer.py] => NME top5 curve: [100.0, 62.15, 53.88, 54.66, 46.73, 51.22, 54.29, 57.97, 59.8, 60.93, 60.3, 61.81, 63.88, 64.41, 63.54, 64.57, 65.69, 66.29, 67.08, 68.65, 69.82, 70.4, 69.89, 70.78, 70.61, 69.49, 70.15, 70.13, 69.88, 70.59, 70.64, 71.3]
2026-07-13 02:09:56,898 [trainer.py] => Average Accuracy (CNN): 30.66
2026-07-13 02:09:56,898 [trainer.py] => Average Accuracy (NME): 38.45
2026-07-13 02:09:56,899 [trainer.py] => All params: 85921696
2026-07-13 02:09:56,899 [trainer.py] => Trainable params: 85921696
2026-07-13 02:09:56,901 [icarl.py] => Learning on 160-165
2026-07-13 02:24:17,872 [icarl.py] => Task 32, Epoch 20/20 => Loss 2.413, Train_accy 98.06
2026-07-13 02:24:17,873 [base.py] => Constructing exemplars for new classes...(20 per classes)
2026-07-13 02:25:46,377 [trainer.py] => Timing Task 32 => Train 921.25s, Epochs 20, Train 46.0624s/epoch, Inference 28.23s, Images 5045, Inference 5.5958ms/image
2026-07-13 02:25:46,393 [icarl.py] => Exemplar size: 3300
2026-07-13 02:25:46,393 [trainer.py] => CNN: {'total': 36.63, '00-04': 21.6, '05-09': 20.63, '10-14': 13.76, '15-19': 13.17, '20-24': 20.0, '25-29': 16.53, '30-34': 18.02, '35-39': 28.02, '40-44': 13.22, '45-49': 23.29, '50-54': 20.73, '55-59': 23.33, '60-64': 32.67, '65-69': 25.66, '70-74': 22.9, '75-79': 32.0, '80-84': 34.84, '85-89': 56.12, '90-94': 31.84, '95-99': 39.13, '100-104': 32.11, '105-109': 58.62, '110-114': 45.83, '115-119': 36.88, '120-124': 46.67, '125-129': 40.2, '130-134': 56.3, '135-139': 47.47, '140-144': 65.0, '145-149': 62.39, '150-154': 63.89, '155-159': 72.78, '160-164': 84.24, 'old': 34.83, 'new': 84.24}
2026-07-13 02:25:46,393 [trainer.py] => NME: {'total': 48.33, '00-04': 32.72, '05-09': 28.57, '10-14': 31.75, '15-19': 32.34, '20-24': 35.56, '25-29': 28.93, '30-34': 30.81, '35-39': 45.6, '40-44': 35.63, '45-49': 52.74, '50-54': 38.41, '55-59': 37.33, '60-64': 56.93, '65-69': 45.13, '70-74': 41.22, '75-79': 48.57, '80-84': 57.42, '85-89': 64.75, '90-94': 49.75, '95-99': 46.52, '100-104': 42.2, '105-109': 72.41, '110-114': 54.76, '115-119': 50.35, '120-124': 54.07, '125-129': 50.98, '130-134': 54.62, '135-139': 52.53, '140-144': 68.75, '145-149': 61.54, '150-154': 63.19, '155-159': 68.99, '160-164': 64.67, 'old': 47.71, 'new': 64.67}
2026-07-13 02:25:46,393 [trainer.py] => CNN top1 curve: [30.86, 12.15, 18.87, 17.7, 18.23, 18.33, 22.48, 23.76, 26.89, 29.86, 30.09, 28.81, 30.86, 31.18, 31.62, 30.89, 33.11, 33.96, 34.42, 35.71, 35.3, 35.07, 34.85, 37.39, 36.97, 36.9, 36.61, 36.85, 37.51, 37.62, 38.32, 38.02, 36.63]
2026-07-13 02:25:46,393 [trainer.py] => CNN top5 curve: [100.0, 60.07, 48.22, 48.14, 48.14, 47.56, 50.75, 52.07, 53.36, 53.49, 52.93, 53.97, 55.02, 53.84, 52.7, 53.77, 54.54, 55.33, 55.53, 56.37, 56.6, 55.28, 54.84, 56.32, 56.34, 55.71, 55.7, 56.4, 57.23, 57.34, 57.6, 57.87, 56.95]
2026-07-13 02:25:46,393 [trainer.py] => NME top1 curve: [30.25, 14.58, 14.68, 22.52, 21.05, 23.22, 27.89, 32.22, 34.24, 35.64, 35.67, 38.29, 39.52, 39.58, 40.23, 40.81, 40.88, 42.88, 42.98, 44.34, 45.47, 45.71, 46.79, 48.35, 48.99, 47.62, 47.62, 47.01, 47.57, 47.25, 47.88, 48.53, 48.33]
2026-07-13 02:25:46,394 [trainer.py] => NME top5 curve: [100.0, 62.15, 53.88, 54.66, 46.73, 51.22, 54.29, 57.97, 59.8, 60.93, 60.3, 61.81, 63.88, 64.41, 63.54, 64.57, 65.69, 66.29, 67.08, 68.65, 69.82, 70.4, 69.89, 70.78, 70.61, 69.49, 70.15, 70.13, 69.88, 70.59, 70.64, 71.3, 71.04]
2026-07-13 02:25:46,394 [trainer.py] => Average Accuracy (CNN): 30.84
2026-07-13 02:25:46,394 [trainer.py] => Average Accuracy (NME): 38.75
2026-07-13 02:25:46,394 [trainer.py] => All params: 85925541
2026-07-13 02:25:46,395 [trainer.py] => Trainable params: 85925541
2026-07-13 02:25:46,396 [icarl.py] => Learning on 165-170
2026-07-13 02:39:22,030 [icarl.py] => Task 33, Epoch 20/20 => Loss 2.273, Train_accy 98.27
2026-07-13 02:39:22,031 [base.py] => Constructing exemplars for new classes...(20 per classes)
2026-07-13 02:40:52,912 [trainer.py] => Timing Task 33 => Train 877.59s, Epochs 20, Train 43.8793s/epoch, Inference 28.93s, Images 5159, Inference 5.6079ms/image
2026-07-13 02:40:52,927 [icarl.py] => Exemplar size: 3400
2026-07-13 02:40:52,928 [trainer.py] => CNN: {'total': 36.89, '00-04': 21.6, '05-09': 19.05, '10-14': 13.23, '15-19': 14.97, '20-24': 25.93, '25-29': 14.05, '30-34': 14.53, '35-39': 30.22, '40-44': 13.79, '45-49': 23.97, '50-54': 24.39, '55-59': 22.67, '60-64': 29.21, '65-69': 24.78, '70-74': 25.95, '75-79': 28.57, '80-84': 41.94, '85-89': 54.68, '90-94': 30.35, '95-99': 32.61, '100-104': 35.78, '105-109': 60.34, '110-114': 43.45, '115-119': 39.72, '120-124': 49.63, '125-129': 39.22, '130-134': 52.1, '135-139': 40.51, '140-144': 65.62, '145-149': 54.7, '150-154': 62.5, '155-159': 68.99, '160-164': 79.35, '165-169': 84.21, 'old': 35.82, 'new': 84.21}
2026-07-13 02:40:52,928 [trainer.py] => NME: {'total': 48.03, '00-04': 33.33, '05-09': 27.78, '10-14': 30.69, '15-19': 34.13, '20-24': 36.3, '25-29': 30.58, '30-34': 27.33, '35-39': 42.31, '40-44': 35.06, '45-49': 52.05, '50-54': 38.41, '55-59': 34.67, '60-64': 53.47, '65-69': 46.9, '70-74': 43.51, '75-79': 43.43, '80-84': 60.65, '85-89': 63.31, '90-94': 50.25, '95-99': 48.7, '100-104': 44.04, '105-109': 71.55, '110-114': 56.55, '115-119': 47.52, '120-124': 58.52, '125-129': 50.0, '130-134': 49.58, '135-139': 48.1, '140-144': 65.62, '145-149': 63.25, '150-154': 61.11, '155-159': 67.72, '160-164': 62.5, '165-169': 66.67, 'old': 47.61, 'new': 66.67}
2026-07-13 02:40:52,928 [trainer.py] => CNN top1 curve: [30.86, 12.15, 18.87, 17.7, 18.23, 18.33, 22.48, 23.76, 26.89, 29.86, 30.09, 28.81, 30.86, 31.18, 31.62, 30.89, 33.11, 33.96, 34.42, 35.71, 35.3, 35.07, 34.85, 37.39, 36.97, 36.9, 36.61, 36.85, 37.51, 37.62, 38.32, 38.02, 36.63, 36.89]
2026-07-13 02:40:52,928 [trainer.py] => CNN top5 curve: [100.0, 60.07, 48.22, 48.14, 48.14, 47.56, 50.75, 52.07, 53.36, 53.49, 52.93, 53.97, 55.02, 53.84, 52.7, 53.77, 54.54, 55.33, 55.53, 56.37, 56.6, 55.28, 54.84, 56.32, 56.34, 55.71, 55.7, 56.4, 57.23, 57.34, 57.6, 57.87, 56.95, 56.23]
2026-07-13 02:40:52,928 [trainer.py] => NME top1 curve: [30.25, 14.58, 14.68, 22.52, 21.05, 23.22, 27.89, 32.22, 34.24, 35.64, 35.67, 38.29, 39.52, 39.58, 40.23, 40.81, 40.88, 42.88, 42.98, 44.34, 45.47, 45.71, 46.79, 48.35, 48.99, 47.62, 47.62, 47.01, 47.57, 47.25, 47.88, 48.53, 48.33, 48.03]
2026-07-13 02:40:52,928 [trainer.py] => NME top5 curve: [100.0, 62.15, 53.88, 54.66, 46.73, 51.22, 54.29, 57.97, 59.8, 60.93, 60.3, 61.81, 63.88, 64.41, 63.54, 64.57, 65.69, 66.29, 67.08, 68.65, 69.82, 70.4, 69.89, 70.78, 70.61, 69.49, 70.15, 70.13, 69.88, 70.59, 70.64, 71.3, 71.04, 70.27]
2026-07-13 02:40:52,928 [trainer.py] => Average Accuracy (CNN): 31.02
2026-07-13 02:40:52,928 [trainer.py] => Average Accuracy (NME): 39.02
2026-07-13 02:40:52,928 [trainer.py] => All params: 85929386
2026-07-13 02:40:52,929 [trainer.py] => Trainable params: 85929386
2026-07-13 02:40:52,930 [icarl.py] => Learning on 170-175
2026-07-13 02:55:57,258 [icarl.py] => Task 34, Epoch 20/20 => Loss 2.399, Train_accy 98.22
2026-07-13 02:55:57,259 [base.py] => Constructing exemplars for new classes...(20 per classes)
2026-07-13 02:57:30,288 [trainer.py] => Timing Task 34 => Train 967.13s, Epochs 20, Train 48.3564s/epoch, Inference 30.23s, Images 5380, Inference 5.6191ms/image
2026-07-13 02:57:30,304 [icarl.py] => Exemplar size: 3500
2026-07-13 02:57:30,304 [trainer.py] => CNN: {'total': 37.58, '00-04': 20.99, '05-09': 19.05, '10-14': 14.81, '15-19': 13.77, '20-24': 28.89, '25-29': 15.7, '30-34': 13.95, '35-39': 30.22, '40-44': 14.37, '45-49': 27.4, '50-54': 23.78, '55-59': 24.67, '60-64': 29.21, '65-69': 26.55, '70-74': 27.48, '75-79': 30.29, '80-84': 38.06, '85-89': 50.36, '90-94': 31.84, '95-99': 33.04, '100-104': 30.28, '105-109': 60.34, '110-114': 39.88, '115-119': 41.13, '120-124': 47.41, '125-129': 33.33, '130-134': 36.97, '135-139': 39.87, '140-144': 61.25, '145-149': 53.85, '150-154': 55.56, '155-159': 63.92, '160-164': 67.93, '165-169': 79.82, '170-174': 89.14, 'old': 35.38, 'new': 89.14}
2026-07-13 02:57:30,304 [trainer.py] => NME: {'total': 49.28, '00-04': 33.33, '05-09': 30.95, '10-14': 31.75, '15-19': 36.53, '20-24': 37.04, '25-29': 30.58, '30-34': 26.74, '35-39': 42.31, '40-44': 38.51, '45-49': 52.74, '50-54': 39.63, '55-59': 39.33, '60-64': 52.97, '65-69': 47.79, '70-74': 44.27, '75-79': 43.43, '80-84': 61.94, '85-89': 64.75, '90-94': 50.75, '95-99': 48.7, '100-104': 44.95, '105-109': 68.97, '110-114': 54.76, '115-119': 48.23, '120-124': 56.3, '125-129': 49.02, '130-134': 52.1, '135-139': 46.84, '140-144': 64.38, '145-149': 59.83, '150-154': 59.72, '155-159': 66.46, '160-164': 59.24, '165-169': 64.04, '170-174': 75.57, 'old': 48.15, 'new': 75.57}
2026-07-13 02:57:30,304 [trainer.py] => CNN top1 curve: [30.86, 12.15, 18.87, 17.7, 18.23, 18.33, 22.48, 23.76, 26.89, 29.86, 30.09, 28.81, 30.86, 31.18, 31.62, 30.89, 33.11, 33.96, 34.42, 35.71, 35.3, 35.07, 34.85, 37.39, 36.97, 36.9, 36.61, 36.85, 37.51, 37.62, 38.32, 38.02, 36.63, 36.89, 37.58]
2026-07-13 02:57:30,304 [trainer.py] => CNN top5 curve: [100.0, 60.07, 48.22, 48.14, 48.14, 47.56, 50.75, 52.07, 53.36, 53.49, 52.93, 53.97, 55.02, 53.84, 52.7, 53.77, 54.54, 55.33, 55.53, 56.37, 56.6, 55.28, 54.84, 56.32, 56.34, 55.71, 55.7, 56.4, 57.23, 57.34, 57.6, 57.87, 56.95, 56.23, 57.62]
2026-07-13 02:57:30,304 [trainer.py] => NME top1 curve: [30.25, 14.58, 14.68, 22.52, 21.05, 23.22, 27.89, 32.22, 34.24, 35.64, 35.67, 38.29, 39.52, 39.58, 40.23, 40.81, 40.88, 42.88, 42.98, 44.34, 45.47, 45.71, 46.79, 48.35, 48.99, 47.62, 47.62, 47.01, 47.57, 47.25, 47.88, 48.53, 48.33, 48.03, 49.28]
2026-07-13 02:57:30,304 [trainer.py] => NME top5 curve: [100.0, 62.15, 53.88, 54.66, 46.73, 51.22, 54.29, 57.97, 59.8, 60.93, 60.3, 61.81, 63.88, 64.41, 63.54, 64.57, 65.69, 66.29, 67.08, 68.65, 69.82, 70.4, 69.89, 70.78, 70.61, 69.49, 70.15, 70.13, 69.88, 70.59, 70.64, 71.3, 71.04, 70.27, 70.76]
2026-07-13 02:57:30,304 [trainer.py] => Average Accuracy (CNN): 31.21
2026-07-13 02:57:30,304 [trainer.py] => Average Accuracy (NME): 39.31
2026-07-13 02:57:30,305 [trainer.py] => All params: 85933231
2026-07-13 02:57:30,305 [trainer.py] => Trainable params: 85933231
2026-07-13 02:57:30,307 [icarl.py] => Learning on 175-180
2026-07-13 03:11:34,146 [icarl.py] => Task 35, Epoch 20/20 => Loss 2.246, Train_accy 98.46
2026-07-13 03:11:34,147 [base.py] => Constructing exemplars for new classes...(20 per classes)
2026-07-13 03:13:08,147 [trainer.py] => Timing Task 35 => Train 907.00s, Epochs 20, Train 45.3501s/epoch, Inference 30.84s, Images 5476, Inference 5.6317ms/image
2026-07-13 03:13:08,163 [icarl.py] => Exemplar size: 3600
2026-07-13 03:13:08,163 [trainer.py] => CNN: {'total': 37.29, '00-04': 22.84, '05-09': 23.81, '10-14': 14.81, '15-19': 14.97, '20-24': 27.41, '25-29': 20.66, '30-34': 13.95, '35-39': 32.42, '40-44': 13.22, '45-49': 24.66, '50-54': 23.78, '55-59': 22.67, '60-64': 25.25, '65-69': 24.78, '70-74': 29.01, '75-79': 26.29, '80-84': 37.42, '85-89': 51.08, '90-94': 31.84, '95-99': 33.04, '100-104': 27.52, '105-109': 62.07, '110-114': 40.48, '115-119': 39.72, '120-124': 42.22, '125-129': 31.37, '130-134': 33.61, '135-139': 38.61, '140-144': 56.88, '145-149': 51.28, '150-154': 52.78, '155-159': 65.19, '160-164': 59.78, '165-169': 75.44, '170-174': 88.24, '175-179': 79.17, 'old': 36.54, 'new': 79.17}
2026-07-13 03:13:08,163 [trainer.py] => NME: {'total': 48.54, '00-04': 34.57, '05-09': 30.16, '10-14': 31.22, '15-19': 33.53, '20-24': 35.56, '25-29': 31.4, '30-34': 28.49, '35-39': 42.31, '40-44': 36.78, '45-49': 48.63, '50-54': 35.98, '55-59': 37.33, '60-64': 48.51, '65-69': 48.67, '70-74': 40.46, '75-79': 42.29, '80-84': 61.29, '85-89': 62.59, '90-94': 49.75, '95-99': 48.7, '100-104': 42.2, '105-109': 68.97, '110-114': 56.55, '115-119': 45.39, '120-124': 53.33, '125-129': 49.02, '130-134': 50.42, '135-139': 49.37, '140-144': 65.0, '145-149': 58.12, '150-154': 59.72, '155-159': 65.82, '160-164': 62.5, '165-169': 67.54, '170-174': 72.85, '175-179': 55.21, 'old': 48.42, 'new': 55.21}
2026-07-13 03:13:08,163 [trainer.py] => CNN top1 curve: [30.86, 12.15, 18.87, 17.7, 18.23, 18.33, 22.48, 23.76, 26.89, 29.86, 30.09, 28.81, 30.86, 31.18, 31.62, 30.89, 33.11, 33.96, 34.42, 35.71, 35.3, 35.07, 34.85, 37.39, 36.97, 36.9, 36.61, 36.85, 37.51, 37.62, 38.32, 38.02, 36.63, 36.89, 37.58, 37.29]
2026-07-13 03:13:08,163 [trainer.py] => CNN top5 curve: [100.0, 60.07, 48.22, 48.14, 48.14, 47.56, 50.75, 52.07, 53.36, 53.49, 52.93, 53.97, 55.02, 53.84, 52.7, 53.77, 54.54, 55.33, 55.53, 56.37, 56.6, 55.28, 54.84, 56.32, 56.34, 55.71, 55.7, 56.4, 57.23, 57.34, 57.6, 57.87, 56.95, 56.23, 57.62, 56.15]
2026-07-13 03:13:08,163 [trainer.py] => NME top1 curve: [30.25, 14.58, 14.68, 22.52, 21.05, 23.22, 27.89, 32.22, 34.24, 35.64, 35.67, 38.29, 39.52, 39.58, 40.23, 40.81, 40.88, 42.88, 42.98, 44.34, 45.47, 45.71, 46.79, 48.35, 48.99, 47.62, 47.62, 47.01, 47.57, 47.25, 47.88, 48.53, 48.33, 48.03, 49.28, 48.54]
2026-07-13 03:13:08,163 [trainer.py] => NME top5 curve: [100.0, 62.15, 53.88, 54.66, 46.73, 51.22, 54.29, 57.97, 59.8, 60.93, 60.3, 61.81, 63.88, 64.41, 63.54, 64.57, 65.69, 66.29, 67.08, 68.65, 69.82, 70.4, 69.89, 70.78, 70.61, 69.49, 70.15, 70.13, 69.88, 70.59, 70.64, 71.3, 71.04, 70.27, 70.76, 69.98]
2026-07-13 03:13:08,163 [trainer.py] => Average Accuracy (CNN): 31.38
2026-07-13 03:13:08,163 [trainer.py] => Average Accuracy (NME): 39.57
2026-07-13 03:13:08,164 [trainer.py] => All params: 85937076
2026-07-13 03:13:08,164 [trainer.py] => Trainable params: 85937076
2026-07-13 03:13:08,166 [icarl.py] => Learning on 180-185
2026-07-13 03:27:38,795 [icarl.py] => Task 36, Epoch 20/20 => Loss 2.277, Train_accy 98.41
2026-07-13 03:27:38,806 [base.py] => Constructing exemplars for new classes...(20 per classes)
2026-07-13 03:29:15,994 [trainer.py] => Timing Task 36 => Train 936.42s, Epochs 20, Train 46.8209s/epoch, Inference 31.41s, Images 5594, Inference 5.6150ms/image
2026-07-13 03:29:16,009 [icarl.py] => Exemplar size: 3700
2026-07-13 03:29:16,009 [trainer.py] => CNN: {'total': 36.84, '00-04': 23.46, '05-09': 21.43, '10-14': 17.46, '15-19': 12.57, '20-24': 28.89, '25-29': 19.83, '30-34': 17.44, '35-39': 31.87, '40-44': 18.97, '45-49': 23.29, '50-54': 21.95, '55-59': 20.67, '60-64': 27.23, '65-69': 23.89, '70-74': 29.77, '75-79': 30.29, '80-84': 30.97, '85-89': 46.76, '90-94': 32.34, '95-99': 30.43, '100-104': 29.36, '105-109': 51.72, '110-114': 39.88, '115-119': 37.59, '120-124': 43.7, '125-129': 36.27, '130-134': 37.82, '135-139': 34.81, '140-144': 55.0, '145-149': 50.43, '150-154': 52.78, '155-159': 60.76, '160-164': 52.72, '165-169': 75.44, '170-174': 81.45, '175-179': 64.58, '180-184': 70.34, 'old': 36.12, 'new': 70.34}
2026-07-13 03:29:16,010 [trainer.py] => NME: {'total': 48.03, '00-04': 32.72, '05-09': 30.16, '10-14': 31.22, '15-19': 32.34, '20-24': 37.04, '25-29': 28.93, '30-34': 29.65, '35-39': 41.76, '40-44': 39.08, '45-49': 49.32, '50-54': 34.76, '55-59': 38.0, '60-64': 50.99, '65-69': 51.33, '70-74': 45.04, '75-79': 41.14, '80-84': 50.97, '85-89': 64.03, '90-94': 49.75, '95-99': 49.57, '100-104': 40.37, '105-109': 68.1, '110-114': 55.95, '115-119': 44.68, '120-124': 54.07, '125-129': 46.08, '130-134': 46.22, '135-139': 48.73, '140-144': 64.38, '145-149': 56.41, '150-154': 57.64, '155-159': 63.29, '160-164': 59.24, '165-169': 60.53, '170-174': 74.66, '175-179': 54.17, '180-184': 54.24, 'old': 47.9, 'new': 54.24}
2026-07-13 03:29:16,010 [trainer.py] => CNN top1 curve: [30.86, 12.15, 18.87, 17.7, 18.23, 18.33, 22.48, 23.76, 26.89, 29.86, 30.09, 28.81, 30.86, 31.18, 31.62, 30.89, 33.11, 33.96, 34.42, 35.71, 35.3, 35.07, 34.85, 37.39, 36.97, 36.9, 36.61, 36.85, 37.51, 37.62, 38.32, 38.02, 36.63, 36.89, 37.58, 37.29, 36.84]
2026-07-13 03:29:16,010 [trainer.py] => CNN top5 curve: [100.0, 60.07, 48.22, 48.14, 48.14, 47.56, 50.75, 52.07, 53.36, 53.49, 52.93, 53.97, 55.02, 53.84, 52.7, 53.77, 54.54, 55.33, 55.53, 56.37, 56.6, 55.28, 54.84, 56.32, 56.34, 55.71, 55.7, 56.4, 57.23, 57.34, 57.6, 57.87, 56.95, 56.23, 57.62, 56.15, 55.65]
2026-07-13 03:29:16,010 [trainer.py] => NME top1 curve: [30.25, 14.58, 14.68, 22.52, 21.05, 23.22, 27.89, 32.22, 34.24, 35.64, 35.67, 38.29, 39.52, 39.58, 40.23, 40.81, 40.88, 42.88, 42.98, 44.34, 45.47, 45.71, 46.79, 48.35, 48.99, 47.62, 47.62, 47.01, 47.57, 47.25, 47.88, 48.53, 48.33, 48.03, 49.28, 48.54, 48.03]
2026-07-13 03:29:16,010 [trainer.py] => NME top5 curve: [100.0, 62.15, 53.88, 54.66, 46.73, 51.22, 54.29, 57.97, 59.8, 60.93, 60.3, 61.81, 63.88, 64.41, 63.54, 64.57, 65.69, 66.29, 67.08, 68.65, 69.82, 70.4, 69.89, 70.78, 70.61, 69.49, 70.15, 70.13, 69.88, 70.59, 70.64, 71.3, 71.04, 70.27, 70.76, 69.98, 69.79]
2026-07-13 03:29:16,010 [trainer.py] => Average Accuracy (CNN): 31.52
2026-07-13 03:29:16,010 [trainer.py] => Average Accuracy (NME): 39.8
2026-07-13 03:29:16,010 [trainer.py] => All params: 85940921
2026-07-13 03:29:16,011 [trainer.py] => Trainable params: 85940921
2026-07-13 03:29:16,012 [icarl.py] => Learning on 185-190
2026-07-13 03:44:37,964 [icarl.py] => Task 37, Epoch 20/20 => Loss 2.358, Train_accy 98.18
2026-07-13 03:44:37,965 [base.py] => Constructing exemplars for new classes...(20 per classes)
2026-07-13 03:46:18,820 [trainer.py] => Timing Task 37 => Train 990.64s, Epochs 20, Train 49.5321s/epoch, Inference 32.17s, Images 5712, Inference 5.6314ms/image
2026-07-13 03:46:18,835 [icarl.py] => Exemplar size: 3800
2026-07-13 03:46:18,835 [trainer.py] => CNN: {'total': 35.99, '00-04': 24.07, '05-09': 23.02, '10-14': 15.34, '15-19': 13.17, '20-24': 23.7, '25-29': 16.53, '30-34': 11.05, '35-39': 29.67, '40-44': 17.24, '45-49': 26.03, '50-54': 18.9, '55-59': 21.33, '60-64': 26.24, '65-69': 21.24, '70-74': 33.59, '75-79': 26.29, '80-84': 30.97, '85-89': 48.2, '90-94': 29.35, '95-99': 30.0, '100-104': 33.03, '105-109': 55.17, '110-114': 36.31, '115-119': 38.3, '120-124': 45.93, '125-129': 31.37, '130-134': 41.18, '135-139': 31.65, '140-144': 55.62, '145-149': 47.01, '150-154': 51.39, '155-159': 58.86, '160-164': 50.0, '165-169': 64.04, '170-174': 77.38, '175-179': 59.38, '180-184': 55.93, '185-189': 78.81, 'old': 35.09, 'new': 78.81}
2026-07-13 03:46:18,835 [trainer.py] => NME: {'total': 47.64, '00-04': 32.1, '05-09': 28.57, '10-14': 32.8, '15-19': 31.14, '20-24': 35.56, '25-29': 31.4, '30-34': 25.0, '35-39': 43.96, '40-44': 38.51, '45-49': 49.32, '50-54': 36.59, '55-59': 38.67, '60-64': 50.99, '65-69': 50.44, '70-74': 47.33, '75-79': 38.86, '80-84': 46.45, '85-89': 62.59, '90-94': 48.76, '95-99': 46.96, '100-104': 41.28, '105-109': 64.66, '110-114': 53.57, '115-119': 44.68, '120-124': 61.48, '125-129': 44.12, '130-134': 47.06, '135-139': 48.73, '140-144': 64.38, '145-149': 59.83, '150-154': 56.94, '155-159': 58.86, '160-164': 57.07, '165-169': 61.4, '170-174': 71.49, '175-179': 54.17, '180-184': 42.37, '185-189': 68.64, 'old': 47.19, 'new': 68.64}
2026-07-13 03:46:18,836 [trainer.py] => CNN top1 curve: [30.86, 12.15, 18.87, 17.7, 18.23, 18.33, 22.48, 23.76, 26.89, 29.86, 30.09, 28.81, 30.86, 31.18, 31.62, 30.89, 33.11, 33.96, 34.42, 35.71, 35.3, 35.07, 34.85, 37.39, 36.97, 36.9, 36.61, 36.85, 37.51, 37.62, 38.32, 38.02, 36.63, 36.89, 37.58, 37.29, 36.84, 35.99]
2026-07-13 03:46:18,836 [trainer.py] => CNN top5 curve: [100.0, 60.07, 48.22, 48.14, 48.14, 47.56, 50.75, 52.07, 53.36, 53.49, 52.93, 53.97, 55.02, 53.84, 52.7, 53.77, 54.54, 55.33, 55.53, 56.37, 56.6, 55.28, 54.84, 56.32, 56.34, 55.71, 55.7, 56.4, 57.23, 57.34, 57.6, 57.87, 56.95, 56.23, 57.62, 56.15, 55.65, 56.18]
2026-07-13 03:46:18,836 [trainer.py] => NME top1 curve: [30.25, 14.58, 14.68, 22.52, 21.05, 23.22, 27.89, 32.22, 34.24, 35.64, 35.67, 38.29, 39.52, 39.58, 40.23, 40.81, 40.88, 42.88, 42.98, 44.34, 45.47, 45.71, 46.79, 48.35, 48.99, 47.62, 47.62, 47.01, 47.57, 47.25, 47.88, 48.53, 48.33, 48.03, 49.28, 48.54, 48.03, 47.64]
2026-07-13 03:46:18,836 [trainer.py] => NME top5 curve: [100.0, 62.15, 53.88, 54.66, 46.73, 51.22, 54.29, 57.97, 59.8, 60.93, 60.3, 61.81, 63.88, 64.41, 63.54, 64.57, 65.69, 66.29, 67.08, 68.65, 69.82, 70.4, 69.89, 70.78, 70.61, 69.49, 70.15, 70.13, 69.88, 70.59, 70.64, 71.3, 71.04, 70.27, 70.76, 69.98, 69.79, 69.8]
2026-07-13 03:46:18,836 [trainer.py] => Average Accuracy (CNN): 31.64
2026-07-13 03:46:18,836 [trainer.py] => Average Accuracy (NME): 40.0
2026-07-13 03:46:18,836 [trainer.py] => All params: 85944766
2026-07-13 03:46:18,837 [trainer.py] => Trainable params: 85944766
2026-07-13 03:46:18,838 [icarl.py] => Learning on 190-195
2026-07-13 04:02:25,890 [icarl.py] => Task 38, Epoch 20/20 => Loss 2.414, Train_accy 98.55
2026-07-13 04:02:25,891 [base.py] => Constructing exemplars for new classes...(20 per classes)
2026-07-13 04:04:09,211 [trainer.py] => Timing Task 38 => Train 1037.48s, Epochs 20, Train 51.8742s/epoch, Inference 32.89s, Images 5892, Inference 5.5820ms/image
2026-07-13 04:04:09,226 [icarl.py] => Exemplar size: 3900
2026-07-13 04:04:09,227 [trainer.py] => CNN: {'total': 36.51, '00-04': 24.07, '05-09': 19.84, '10-14': 15.87, '15-19': 15.57, '20-24': 21.48, '25-29': 14.88, '30-34': 15.12, '35-39': 31.32, '40-44': 15.52, '45-49': 27.4, '50-54': 20.12, '55-59': 18.67, '60-64': 29.7, '65-69': 22.12, '70-74': 30.53, '75-79': 28.57, '80-84': 29.68, '85-89': 49.64, '90-94': 25.87, '95-99': 33.91, '100-104': 31.19, '105-109': 59.48, '110-114': 38.1, '115-119': 36.17, '120-124': 44.44, '125-129': 28.43, '130-134': 34.45, '135-139': 28.48, '140-144': 46.88, '145-149': 41.88, '150-154': 50.69, '155-159': 58.23, '160-164': 47.83, '165-169': 64.91, '170-174': 77.38, '175-179': 47.92, '180-184': 55.08, '185-189': 70.34, '190-194': 80.0, 'old': 35.14, 'new': 80.0}
2026-07-13 04:04:09,227 [trainer.py] => NME: {'total': 48.08, '00-04': 30.86, '05-09': 31.75, '10-14': 31.22, '15-19': 31.14, '20-24': 31.11, '25-29': 32.23, '30-34': 26.74, '35-39': 42.86, '40-44': 37.36, '45-49': 50.68, '50-54': 34.15, '55-59': 36.0, '60-64': 51.98, '65-69': 49.56, '70-74': 45.8, '75-79': 41.71, '80-84': 50.97, '85-89': 61.15, '90-94': 52.24, '95-99': 47.83, '100-104': 39.45, '105-109': 69.83, '110-114': 51.79, '115-119': 41.84, '120-124': 54.81, '125-129': 48.04, '130-134': 50.42, '135-139': 48.1, '140-144': 65.62, '145-149': 58.12, '150-154': 59.03, '155-159': 59.49, '160-164': 56.52, '165-169': 67.54, '170-174': 68.78, '175-179': 47.92, '180-184': 45.76, '185-189': 63.56, '190-194': 64.44, 'old': 47.57, 'new': 64.44}
2026-07-13 04:04:09,227 [trainer.py] => CNN top1 curve: [30.86, 12.15, 18.87, 17.7, 18.23, 18.33, 22.48, 23.76, 26.89, 29.86, 30.09, 28.81, 30.86, 31.18, 31.62, 30.89, 33.11, 33.96, 34.42, 35.71, 35.3, 35.07, 34.85, 37.39, 36.97, 36.9, 36.61, 36.85, 37.51, 37.62, 38.32, 38.02, 36.63, 36.89, 37.58, 37.29, 36.84, 35.99, 36.51]
2026-07-13 04:04:09,227 [trainer.py] => CNN top5 curve: [100.0, 60.07, 48.22, 48.14, 48.14, 47.56, 50.75, 52.07, 53.36, 53.49, 52.93, 53.97, 55.02, 53.84, 52.7, 53.77, 54.54, 55.33, 55.53, 56.37, 56.6, 55.28, 54.84, 56.32, 56.34, 55.71, 55.7, 56.4, 57.23, 57.34, 57.6, 57.87, 56.95, 56.23, 57.62, 56.15, 55.65, 56.18, 56.16]
2026-07-13 04:04:09,227 [trainer.py] => NME top1 curve: [30.25, 14.58, 14.68, 22.52, 21.05, 23.22, 27.89, 32.22, 34.24, 35.64, 35.67, 38.29, 39.52, 39.58, 40.23, 40.81, 40.88, 42.88, 42.98, 44.34, 45.47, 45.71, 46.79, 48.35, 48.99, 47.62, 47.62, 47.01, 47.57, 47.25, 47.88, 48.53, 48.33, 48.03, 49.28, 48.54, 48.03, 47.64, 48.08]
2026-07-13 04:04:09,227 [trainer.py] => NME top5 curve: [100.0, 62.15, 53.88, 54.66, 46.73, 51.22, 54.29, 57.97, 59.8, 60.93, 60.3, 61.81, 63.88, 64.41, 63.54, 64.57, 65.69, 66.29, 67.08, 68.65, 69.82, 70.4, 69.89, 70.78, 70.61, 69.49, 70.15, 70.13, 69.88, 70.59, 70.64, 71.3, 71.04, 70.27, 70.76, 69.98, 69.79, 69.8, 69.42]
2026-07-13 04:04:09,227 [trainer.py] => Average Accuracy (CNN): 31.77
2026-07-13 04:04:09,227 [trainer.py] => Average Accuracy (NME): 40.21
2026-07-13 04:04:09,228 [trainer.py] => All params: 85948611
2026-07-13 04:04:09,228 [trainer.py] => Trainable params: 85948611
2026-07-13 04:04:09,230 [icarl.py] => Learning on 195-200
2026-07-13 04:19:46,264 [icarl.py] => Task 39, Epoch 20/20 => Loss 2.315, Train_accy 98.48
2026-07-13 04:19:46,265 [base.py] => Constructing exemplars for new classes...(20 per classes)
2026-07-13 04:21:30,116 [trainer.py] => Timing Task 39 => Train 1007.07s, Epochs 20, Train 50.3533s/epoch, Inference 33.82s, Images 6000, Inference 5.6369ms/image
2026-07-13 04:21:30,131 [icarl.py] => Exemplar size: 4000
2026-07-13 04:21:30,132 [trainer.py] => CNN: {'total': 36.22, '00-04': 21.6, '05-09': 19.05, '10-14': 15.87, '15-19': 14.97, '20-24': 20.74, '25-29': 16.53, '30-34': 15.7, '35-39': 32.97, '40-44': 16.09, '45-49': 26.71, '50-54': 21.95, '55-59': 18.67, '60-64': 23.76, '65-69': 23.89, '70-74': 33.59, '75-79': 25.14, '80-84': 27.74, '85-89': 48.2, '90-94': 29.85, '95-99': 30.87, '100-104': 34.86, '105-109': 54.31, '110-114': 35.71, '115-119': 34.75, '120-124': 42.22, '125-129': 29.41, '130-134': 37.82, '135-139': 31.01, '140-144': 50.0, '145-149': 44.44, '150-154': 47.22, '155-159': 56.96, '160-164': 47.28, '165-169': 54.39, '170-174': 76.02, '175-179': 46.88, '180-184': 52.54, '185-189': 68.64, '190-194': 68.33, '195-199': 74.07, 'old': 35.52, 'new': 74.07}
2026-07-13 04:21:30,132 [trainer.py] => NME: {'total': 48.47, '00-04': 32.72, '05-09': 34.13, '10-14': 30.16, '15-19': 30.54, '20-24': 32.59, '25-29': 29.75, '30-34': 27.91, '35-39': 41.76, '40-44': 37.93, '45-49': 46.58, '50-54': 37.2, '55-59': 38.67, '60-64': 50.99, '65-69': 49.56, '70-74': 47.33, '75-79': 41.14, '80-84': 50.32, '85-89': 61.87, '90-94': 51.74, '95-99': 47.83, '100-104': 44.95, '105-109': 66.38, '110-114': 52.98, '115-119': 41.84, '120-124': 56.3, '125-129': 46.08, '130-134': 52.94, '135-139': 48.1, '140-144': 66.25, '145-149': 58.12, '150-154': 58.33, '155-159': 60.13, '160-164': 57.07, '165-169': 62.28, '170-174': 69.68, '175-179': 52.08, '180-184': 43.22, '185-189': 61.86, '190-194': 61.67, '195-199': 66.67, 'old': 48.13, 'new': 66.67}
2026-07-13 04:21:30,132 [trainer.py] => CNN top1 curve: [30.86, 12.15, 18.87, 17.7, 18.23, 18.33, 22.48, 23.76, 26.89, 29.86, 30.09, 28.81, 30.86, 31.18, 31.62, 30.89, 33.11, 33.96, 34.42, 35.71, 35.3, 35.07, 34.85, 37.39, 36.97, 36.9, 36.61, 36.85, 37.51, 37.62, 38.32, 38.02, 36.63, 36.89, 37.58, 37.29, 36.84, 35.99, 36.51, 36.22]
2026-07-13 04:21:30,132 [trainer.py] => CNN top5 curve: [100.0, 60.07, 48.22, 48.14, 48.14, 47.56, 50.75, 52.07, 53.36, 53.49, 52.93, 53.97, 55.02, 53.84, 52.7, 53.77, 54.54, 55.33, 55.53, 56.37, 56.6, 55.28, 54.84, 56.32, 56.34, 55.71, 55.7, 56.4, 57.23, 57.34, 57.6, 57.87, 56.95, 56.23, 57.62, 56.15, 55.65, 56.18, 56.16, 56.55]
2026-07-13 04:21:30,132 [trainer.py] => NME top1 curve: [30.25, 14.58, 14.68, 22.52, 21.05, 23.22, 27.89, 32.22, 34.24, 35.64, 35.67, 38.29, 39.52, 39.58, 40.23, 40.81, 40.88, 42.88, 42.98, 44.34, 45.47, 45.71, 46.79, 48.35, 48.99, 47.62, 47.62, 47.01, 47.57, 47.25, 47.88, 48.53, 48.33, 48.03, 49.28, 48.54, 48.03, 47.64, 48.08, 48.47]
2026-07-13 04:21:30,132 [trainer.py] => NME top5 curve: [100.0, 62.15, 53.88, 54.66, 46.73, 51.22, 54.29, 57.97, 59.8, 60.93, 60.3, 61.81, 63.88, 64.41, 63.54, 64.57, 65.69, 66.29, 67.08, 68.65, 69.82, 70.4, 69.89, 70.78, 70.61, 69.49, 70.15, 70.13, 69.88, 70.59, 70.64, 71.3, 71.04, 70.27, 70.76, 69.98, 69.79, 69.8, 69.42, 69.95]
2026-07-13 04:21:30,132 [trainer.py] => Average Accuracy (CNN): 31.88
2026-07-13 04:21:30,132 [trainer.py] => Average Accuracy (NME): 40.42
2026-07-15 09:04:19,121 [trainer.py] => prefix: reproduce
2026-07-15 09:04:19,136 [trainer.py] => dataset: imagenetr
2026-07-15 09:04:19,136 [trainer.py] => memory_size: 6000
2026-07-15 09:04:19,136 [trainer.py] => memory_per_class: 20
2026-07-15 09:04:19,136 [trainer.py] => fixed_memory: True
2026-07-15 09:04:19,136 [trainer.py] => shuffle: True
2026-07-15 09:04:19,136 [trainer.py] => init_cls: 5
2026-07-15 09:04:19,136 [trainer.py] => increment: 5
2026-07-15 09:04:19,136 [trainer.py] => model_name: icarl
2026-07-15 09:04:19,136 [trainer.py] => backbone_type: vit_base_patch16_224_in21k
2026-07-15 09:04:19,136 [trainer.py] => device: [device(type='cuda', index=2)]
2026-07-15 09:04:19,136 [trainer.py] => seed: 42
2026-07-15 09:04:19,136 [trainer.py] => init_epoch: 20
2026-07-15 09:04:19,136 [trainer.py] => init_lr: 0.001
2026-07-15 09:04:19,136 [trainer.py] => init_milestones: [60, 120, 170]
2026-07-15 09:04:19,136 [trainer.py] => init_lr_decay: 0.1
2026-07-15 09:04:19,136 [trainer.py] => init_weight_decay: 0.0005
2026-07-15 09:04:19,136 [trainer.py] => epochs: 20
2026-07-15 09:04:19,136 [trainer.py] => lrate: 0.001
2026-07-15 09:04:19,136 [trainer.py] => milestones: [80, 120]
2026-07-15 09:04:19,136 [trainer.py] => lrate_decay: 0.1
2026-07-15 09:04:19,136 [trainer.py] => batch_size: 48
2026-07-15 09:04:19,136 [trainer.py] => weight_decay: 0.0002
2026-07-15 09:04:19,136 [trainer.py] => T: 2
2026-07-15 09:04:19,651 [data_manager.py] => [95, 15, 30, 158, 128, 115, 69, 170, 174, 45, 66, 182, 165, 78, 186, 177, 56, 152, 82, 68, 124, 16, 148, 93, 65, 60, 84, 67, 125, 132, 9, 18, 55, 75, 150, 104, 135, 137, 164, 76, 79, 197, 38, 24, 122, 195, 29, 19, 143, 86, 114, 173, 5, 126, 117, 73, 140, 98, 172, 96, 169, 97, 31, 12, 35, 119, 42, 189, 90, 136, 51, 127, 162, 41, 118, 113, 26, 139, 100, 111, 2, 77, 46, 187, 191, 85, 161, 36, 190, 61, 22, 141, 101, 33, 11, 194, 159, 6, 27, 120, 4, 32, 142, 145, 109, 144, 10, 62, 112, 146, 166, 0, 198, 153, 70, 123, 64, 44, 163, 28, 40, 108, 155, 156, 25, 23, 184, 147, 81, 39, 168, 47, 94, 154, 43, 138, 3, 105, 53, 133, 180, 178, 185, 49, 80, 34, 7, 110, 91, 83, 176, 181, 89, 8, 13, 59, 171, 131, 17, 72, 175, 134, 167, 183, 63, 54, 107, 50, 196, 58, 48, 88, 21, 57, 160, 192, 129, 37, 157, 193, 1, 52, 149, 130, 151, 103, 99, 116, 87, 74, 121, 199, 20, 188, 71, 106, 14, 92, 179, 102]
2026-07-15 09:04:23,074 [trainer.py] => All params: 85798656
2026-07-15 09:04:23,074 [trainer.py] => Trainable params: 85798656
2026-07-15 09:04:23,248 [icarl.py] => Learning on 0-5
2026-07-15 09:04:25,773 [trainer.py] => prefix: reproduce
2026-07-15 09:04:25,773 [trainer.py] => dataset: imagenetr
2026-07-15 09:04:25,773 [trainer.py] => memory_size: 6000
2026-07-15 09:04:25,773 [trainer.py] => memory_per_class: 20
2026-07-15 09:04:25,773 [trainer.py] => fixed_memory: True
2026-07-15 09:04:25,773 [trainer.py] => shuffle: True
2026-07-15 09:04:25,773 [trainer.py] => init_cls: 5
2026-07-15 09:04:25,773 [trainer.py] => increment: 5
2026-07-15 09:04:25,773 [trainer.py] => model_name: icarl
2026-07-15 09:04:25,773 [trainer.py] => backbone_type: vit_base_patch16_224_in21k
2026-07-15 09:04:25,773 [trainer.py] => device: [device(type='cuda', index=3)]
2026-07-15 09:04:25,773 [trainer.py] => seed: 42
2026-07-15 09:04:25,773 [trainer.py] => init_epoch: 20
2026-07-15 09:04:25,774 [trainer.py] => init_lr: 0.001
2026-07-15 09:04:25,774 [trainer.py] => init_milestones: [60, 120, 170]
2026-07-15 09:04:25,774 [trainer.py] => init_lr_decay: 0.1
2026-07-15 09:04:25,774 [trainer.py] => init_weight_decay: 0.0005
2026-07-15 09:04:25,774 [trainer.py] => epochs: 20
2026-07-15 09:04:25,774 [trainer.py] => lrate: 0.001
2026-07-15 09:04:25,774 [trainer.py] => milestones: [80, 120]
2026-07-15 09:04:25,774 [trainer.py] => lrate_decay: 0.1
2026-07-15 09:04:25,774 [trainer.py] => batch_size: 48
2026-07-15 09:04:25,774 [trainer.py] => weight_decay: 0.0002
2026-07-15 09:04:25,774 [trainer.py] => T: 2
2026-07-15 09:04:26,200 [data_manager.py] => [95, 15, 30, 158, 128, 115, 69, 170, 174, 45, 66, 182, 165, 78, 186, 177, 56, 152, 82, 68, 124, 16, 148, 93, 65, 60, 84, 67, 125, 132, 9, 18, 55, 75, 150, 104, 135, 137, 164, 76, 79, 197, 38, 24, 122, 195, 29, 19, 143, 86, 114, 173, 5, 126, 117, 73, 140, 98, 172, 96, 169, 97, 31, 12, 35, 119, 42, 189, 90, 136, 51, 127, 162, 41, 118, 113, 26, 139, 100, 111, 2, 77, 46, 187, 191, 85, 161, 36, 190, 61, 22, 141, 101, 33, 11, 194, 159, 6, 27, 120, 4, 32, 142, 145, 109, 144, 10, 62, 112, 146, 166, 0, 198, 153, 70, 123, 64, 44, 163, 28, 40, 108, 155, 156, 25, 23, 184, 147, 81, 39, 168, 47, 94, 154, 43, 138, 3, 105, 53, 133, 180, 178, 185, 49, 80, 34, 7, 110, 91, 83, 176, 181, 89, 8, 13, 59, 171, 131, 17, 72, 175, 134, 167, 183, 63, 54, 107, 50, 196, 58, 48, 88, 21, 57, 160, 192, 129, 37, 157, 193, 1, 52, 149, 130, 151, 103, 99, 116, 87, 74, 121, 199, 20, 188, 71, 106, 14, 92, 179, 102]
2026-07-15 09:04:30,372 [trainer.py] => All params: 85798656
2026-07-15 09:04:30,373 [trainer.py] => Trainable params: 85798656
2026-07-15 09:04:30,523 [icarl.py] => Learning on 0-5
