2026-06-21 16:54:32,599 [trainer.py] => config: ./configs/icarl/icarl_omn_B0_Inc5.json
2026-06-21 16:54:32,599 [trainer.py] => prefix: reproduce
2026-06-21 16:54:32,599 [trainer.py] => dataset: omnibenchmark
2026-06-21 16:54:32,599 [trainer.py] => memory_size: 6000
2026-06-21 16:54:32,599 [trainer.py] => memory_per_class: 20
2026-06-21 16:54:32,599 [trainer.py] => fixed_memory: True
2026-06-21 16:54:32,599 [trainer.py] => shuffle: True
2026-06-21 16:54:32,599 [trainer.py] => init_cls: 5
2026-06-21 16:54:32,599 [trainer.py] => increment: 5
2026-06-21 16:54:32,599 [trainer.py] => model_name: icarl
2026-06-21 16:54:32,599 [trainer.py] => backbone_type: vit_base_patch16_224_in21k
2026-06-21 16:54:32,600 [trainer.py] => device: [device(type='cuda', index=2)]
2026-06-21 16:54:32,600 [trainer.py] => seed: 1994
2026-06-21 16:54:32,600 [trainer.py] => init_epoch: 20
2026-06-21 16:54:32,600 [trainer.py] => init_lr: 0.001
2026-06-21 16:54:32,600 [trainer.py] => init_milestones: [60, 120, 170]
2026-06-21 16:54:32,600 [trainer.py] => init_lr_decay: 0.1
2026-06-21 16:54:32,600 [trainer.py] => init_weight_decay: 0.0005
2026-06-21 16:54:32,600 [trainer.py] => epochs: 20
2026-06-21 16:54:32,600 [trainer.py] => lrate: 0.001
2026-06-21 16:54:32,600 [trainer.py] => milestones: [80, 120]
2026-06-21 16:54:32,600 [trainer.py] => lrate_decay: 0.1
2026-06-21 16:54:32,600 [trainer.py] => batch_size: 48
2026-06-21 16:54:32,600 [trainer.py] => weight_decay: 0.0002
2026-06-21 16:54:32,600 [trainer.py] => T: 2
2026-06-21 16:54:32,601 [trainer.py] => nb_classes: 300
2026-06-21 16:54:32,601 [trainer.py] => nb_tasks: 60
2026-06-21 16:54:33,871 [data_manager.py] => [79, 231, 55, 293, 15, 281, 208, 119, 12, 11, 254, 126, 287, 215, 152, 278, 284, 140, 95, 72, 207, 232, 289, 171, 178, 189, 63, 86, 41, 159, 87, 103, 22, 80, 274, 73, 263, 122, 23, 28, 114, 273, 220, 185, 4, 70, 156, 286, 56, 115, 240, 268, 296, 174, 204, 113, 81, 221, 6, 101, 135, 224, 64, 269, 190, 244, 182, 181, 219, 198, 163, 150, 134, 210, 206, 202, 147, 234, 197, 222, 66, 144, 51, 24, 44, 209, 175, 195, 264, 205, 90, 21, 138, 52, 151, 124, 100, 121, 83, 132, 169, 285, 225, 27, 214, 236, 213, 162, 153, 271, 98, 233, 275, 299, 127, 29, 246, 50, 45, 280, 116, 242, 145, 165, 26, 149, 20, 186, 48, 129, 40, 2, 18, 241, 112, 200, 75, 85, 249, 68, 54, 59, 230, 228, 74, 253, 194, 77, 217, 227, 14, 8, 211, 297, 19, 226, 88, 96, 106, 9, 255, 38, 33, 176, 93, 35, 109, 69, 216, 92, 183, 47, 99, 39, 108, 160, 282, 199, 71, 201, 196, 120, 133, 270, 243, 250, 247, 288, 118, 136, 283, 187, 1, 184, 117, 130, 237, 32, 102, 177, 65, 173, 46, 267, 290, 128, 239, 0, 107, 167, 261, 43, 170, 104, 298, 262, 248, 60, 256, 78, 3, 58, 265, 62, 259, 61, 218, 157, 110, 143, 141, 252, 295, 97, 25, 291, 245, 125, 272, 17, 49, 161, 31, 155, 166, 251, 179, 94, 111, 142, 192, 229, 172, 16, 53, 168, 188, 158, 91, 258, 13, 10, 42, 36, 238, 105, 154, 257, 7, 277, 294, 279, 137, 266, 139, 292, 164, 276, 57, 123, 89, 82, 148, 67, 37, 146, 193, 131, 180, 5, 84, 260, 235, 223, 191, 30, 212, 76, 203, 34]
2026-06-21 16:54:37,619 [trainer.py] => All params: 85798656
2026-06-21 16:54:37,619 [trainer.py] => Trainable params: 85798656
2026-06-21 16:54:37,620 [icarl.py] => Learning on 0-5
2026-06-21 17:06:45,070 [icarl.py] => Task 0, Epoch 20/20 => Loss 0.122, Train_accy 95.37
2026-06-21 17:06:45,090 [base.py] => Constructing exemplars for new classes...(20 per classes)
2026-06-21 17:07:10,529 [icarl.py] => Exemplar size: 100
2026-06-21 17:07:10,529 [trainer.py] => CNN: {'total': 90.0, '00-04': 90.0, 'old': 0, 'new': 90.0}
2026-06-21 17:07:10,529 [trainer.py] => NME: {'total': 91.0, '00-04': 91.0, 'old': 0, 'new': 91.0}
2026-06-21 17:07:10,529 [trainer.py] => CNN top1 curve: [90.0]
2026-06-21 17:07:10,529 [trainer.py] => CNN top5 curve: [100.0]
2026-06-21 17:07:10,529 [trainer.py] => NME top1 curve: [91.0]
2026-06-21 17:07:10,529 [trainer.py] => NME top5 curve: [100.0]
2026-06-21 17:07:10,530 [trainer.py] => Average Accuracy (CNN): 90.0
2026-06-21 17:07:10,530 [trainer.py] => Average Accuracy (NME): 91.0
2026-06-21 17:07:10,531 [trainer.py] => All params: 85802501
2026-06-21 17:07:10,531 [trainer.py] => Trainable params: 85802501
2026-06-21 17:07:10,537 [icarl.py] => Learning on 5-10
2026-06-21 17:22:50,534 [icarl.py] => Task 1, Epoch 20/20 => Loss 1.193, Train_accy 98.32
2026-06-21 17:22:50,554 [base.py] => Constructing exemplars for new classes...(20 per classes)
2026-06-21 17:23:20,367 [icarl.py] => Exemplar size: 200
2026-06-21 17:23:20,367 [trainer.py] => CNN: {'total': 94.0, '00-04': 89.0, '05-09': 99.0, 'old': 89.0, 'new': 99.0}
2026-06-21 17:23:20,367 [trainer.py] => NME: {'total': 94.0, '00-04': 92.0, '05-09': 96.0, 'old': 92.0, 'new': 96.0}
2026-06-21 17:23:20,367 [trainer.py] => CNN top1 curve: [90.0, 94.0]
2026-06-21 17:23:20,367 [trainer.py] => CNN top5 curve: [100.0, 100.0]
2026-06-21 17:23:20,367 [trainer.py] => NME top1 curve: [91.0, 94.0]
2026-06-21 17:23:20,368 [trainer.py] => NME top5 curve: [100.0, 100.0]
2026-06-21 17:23:20,368 [trainer.py] => Average Accuracy (CNN): 92.0
2026-06-21 17:23:20,368 [trainer.py] => Average Accuracy (NME): 92.5
2026-06-21 17:23:20,368 [trainer.py] => All params: 85806346
2026-06-21 17:23:20,369 [trainer.py] => Trainable params: 85806346
2026-06-21 17:23:20,371 [icarl.py] => Learning on 10-15
2026-06-21 17:40:32,214 [icarl.py] => Task 2, Epoch 20/20 => Loss 1.134, Train_accy 98.95
2026-06-21 17:40:32,254 [base.py] => Constructing exemplars for new classes...(20 per classes)
2026-06-21 17:41:07,674 [icarl.py] => Exemplar size: 300
2026-06-21 17:41:07,689 [trainer.py] => CNN: {'total': 92.67, '00-04': 84.0, '05-09': 94.0, '10-14': 100.0, 'old': 89.0, 'new': 100.0}
2026-06-21 17:41:07,689 [trainer.py] => NME: {'total': 94.67, '00-04': 90.0, '05-09': 96.0, '10-14': 98.0, 'old': 93.0, 'new': 98.0}
2026-06-21 17:41:07,689 [trainer.py] => CNN top1 curve: [90.0, 94.0, 92.67]
2026-06-21 17:41:07,690 [trainer.py] => CNN top5 curve: [100.0, 100.0, 99.33]
2026-06-21 17:41:07,690 [trainer.py] => NME top1 curve: [91.0, 94.0, 94.67]
2026-06-21 17:41:07,690 [trainer.py] => NME top5 curve: [100.0, 100.0, 100.0]
2026-06-21 17:41:07,690 [trainer.py] => Average Accuracy (CNN): 92.22
2026-06-21 17:41:07,690 [trainer.py] => Average Accuracy (NME): 93.22
2026-06-21 17:41:07,692 [trainer.py] => All params: 85810191
2026-06-21 17:41:07,694 [trainer.py] => Trainable params: 85810191
2026-06-21 17:41:07,701 [icarl.py] => Learning on 15-20
2026-06-21 18:00:09,758 [icarl.py] => Task 3, Epoch 20/20 => Loss 0.917, Train_accy 95.30
2026-06-21 18:00:09,774 [base.py] => Constructing exemplars for new classes...(20 per classes)
2026-06-21 18:00:48,811 [icarl.py] => Exemplar size: 400
2026-06-21 18:00:48,811 [trainer.py] => CNN: {'total': 85.0, '00-04': 59.0, '05-09': 93.0, '10-14': 96.0, '15-19': 92.0, 'old': 82.67, 'new': 92.0}
2026-06-21 18:00:48,812 [trainer.py] => NME: {'total': 87.75, '00-04': 74.0, '05-09': 97.0, '10-14': 95.0, '15-19': 85.0, 'old': 88.67, 'new': 85.0}
2026-06-21 18:00:48,812 [trainer.py] => CNN top1 curve: [90.0, 94.0, 92.67, 85.0]
2026-06-21 18:00:48,812 [trainer.py] => CNN top5 curve: [100.0, 100.0, 99.33, 99.25]
2026-06-21 18:00:48,812 [trainer.py] => NME top1 curve: [91.0, 94.0, 94.67, 87.75]
2026-06-21 18:00:48,812 [trainer.py] => NME top5 curve: [100.0, 100.0, 100.0, 99.75]
2026-06-21 18:00:48,812 [trainer.py] => Average Accuracy (CNN): 90.42
2026-06-21 18:00:48,812 [trainer.py] => Average Accuracy (NME): 91.86
2026-06-21 18:00:48,813 [trainer.py] => All params: 85814036
2026-06-21 18:00:48,813 [trainer.py] => Trainable params: 85814036
2026-06-21 18:00:48,833 [icarl.py] => Learning on 20-25
2026-06-21 18:18:51,352 [icarl.py] => Task 4, Epoch 20/20 => Loss 1.482, Train_accy 97.88
2026-06-21 18:18:51,375 [base.py] => Constructing exemplars for new classes...(20 per classes)
2026-06-21 18:19:35,215 [icarl.py] => Exemplar size: 500
2026-06-21 18:19:35,215 [trainer.py] => CNN: {'total': 88.2, '00-04': 65.0, '05-09': 89.0, '10-14': 96.0, '15-19': 92.0, '20-24': 99.0, 'old': 85.5, 'new': 99.0}
2026-06-21 18:19:35,215 [trainer.py] => NME: {'total': 90.8, '00-04': 78.0, '05-09': 96.0, '10-14': 96.0, '15-19': 86.0, '20-24': 98.0, 'old': 89.0, 'new': 98.0}
2026-06-21 18:19:35,215 [trainer.py] => CNN top1 curve: [90.0, 94.0, 92.67, 85.0, 88.2]
2026-06-21 18:19:35,215 [trainer.py] => CNN top5 curve: [100.0, 100.0, 99.33, 99.25, 98.8]
2026-06-21 18:19:35,215 [trainer.py] => NME top1 curve: [91.0, 94.0, 94.67, 87.75, 90.8]
2026-06-21 18:19:35,216 [trainer.py] => NME top5 curve: [100.0, 100.0, 100.0, 99.75, 99.6]
2026-06-21 18:19:35,216 [trainer.py] => Average Accuracy (CNN): 89.97
2026-06-21 18:19:35,216 [trainer.py] => Average Accuracy (NME): 91.64
2026-06-21 18:19:35,216 [trainer.py] => All params: 85817881
2026-06-21 18:19:35,217 [trainer.py] => Trainable params: 85817881
2026-06-21 18:19:35,220 [icarl.py] => Learning on 25-30
2026-06-21 18:41:19,729 [icarl.py] => Task 5, Epoch 20/20 => Loss 1.226, Train_accy 99.27
2026-06-21 18:41:19,736 [base.py] => Constructing exemplars for new classes...(20 per classes)
2026-06-21 18:42:08,376 [icarl.py] => Exemplar size: 600
2026-06-21 18:42:08,376 [trainer.py] => CNN: {'total': 88.67, '00-04': 64.0, '05-09': 89.0, '10-14': 96.0, '15-19': 92.0, '20-24': 91.0, '25-29': 100.0, 'old': 86.4, 'new': 100.0}
2026-06-21 18:42:08,376 [trainer.py] => NME: {'total': 92.17, '00-04': 82.0, '05-09': 94.0, '10-14': 95.0, '15-19': 84.0, '20-24': 98.0, '25-29': 100.0, 'old': 90.6, 'new': 100.0}
2026-06-21 18:42:08,376 [trainer.py] => CNN top1 curve: [90.0, 94.0, 92.67, 85.0, 88.2, 88.67]
2026-06-21 18:42:08,376 [trainer.py] => CNN top5 curve: [100.0, 100.0, 99.33, 99.25, 98.8, 98.33]
2026-06-21 18:42:08,376 [trainer.py] => NME top1 curve: [91.0, 94.0, 94.67, 87.75, 90.8, 92.17]
2026-06-21 18:42:08,377 [trainer.py] => NME top5 curve: [100.0, 100.0, 100.0, 99.75, 99.6, 99.83]
2026-06-21 18:42:08,377 [trainer.py] => Average Accuracy (CNN): 89.76
2026-06-21 18:42:08,377 [trainer.py] => Average Accuracy (NME): 91.73
2026-06-21 18:42:08,377 [trainer.py] => All params: 85821726
2026-06-21 18:42:08,378 [trainer.py] => Trainable params: 85821726
2026-06-21 18:42:08,381 [icarl.py] => Learning on 30-35
2026-06-21 19:04:48,195 [icarl.py] => Task 6, Epoch 20/20 => Loss 1.275, Train_accy 97.94
2026-06-21 19:04:48,214 [base.py] => Constructing exemplars for new classes...(20 per classes)
2026-06-21 19:05:44,482 [icarl.py] => Exemplar size: 700
2026-06-21 19:05:44,496 [trainer.py] => CNN: {'total': 83.83, '00-04': 69.0, '05-09': 79.0, '10-14': 96.0, '15-19': 61.0, '20-24': 90.0, '25-29': 95.0, '30-34': 96.97, 'old': 81.67, 'new': 96.97}
2026-06-21 19:05:44,496 [trainer.py] => NME: {'total': 87.98, '00-04': 76.0, '05-09': 92.0, '10-14': 95.0, '15-19': 69.0, '20-24': 95.0, '25-29': 96.0, '30-34': 92.93, 'old': 87.17, 'new': 92.93}
2026-06-21 19:05:44,496 [trainer.py] => CNN top1 curve: [90.0, 94.0, 92.67, 85.0, 88.2, 88.67, 83.83]
2026-06-21 19:05:44,496 [trainer.py] => CNN top5 curve: [100.0, 100.0, 99.33, 99.25, 98.8, 98.33, 96.85]
2026-06-21 19:05:44,496 [trainer.py] => NME top1 curve: [91.0, 94.0, 94.67, 87.75, 90.8, 92.17, 87.98]
2026-06-21 19:05:44,496 [trainer.py] => NME top5 curve: [100.0, 100.0, 100.0, 99.75, 99.6, 99.83, 99.43]
2026-06-21 19:05:44,497 [trainer.py] => Average Accuracy (CNN): 88.91
2026-06-21 19:05:44,497 [trainer.py] => Average Accuracy (NME): 91.2
2026-06-21 19:05:44,497 [trainer.py] => All params: 85825571
2026-06-21 19:05:44,498 [trainer.py] => Trainable params: 85825571
2026-06-21 19:05:44,501 [icarl.py] => Learning on 35-40
2026-06-21 19:28:59,897 [icarl.py] => Task 7, Epoch 20/20 => Loss 1.549, Train_accy 97.95
2026-06-21 19:28:59,905 [base.py] => Constructing exemplars for new classes...(20 per classes)
2026-06-21 19:30:03,047 [icarl.py] => Exemplar size: 800
2026-06-21 19:30:03,048 [trainer.py] => CNN: {'total': 80.73, '00-04': 47.0, '05-09': 80.0, '10-14': 93.0, '15-19': 59.0, '20-24': 87.0, '25-29': 94.0, '30-34': 86.87, '35-39': 99.0, 'old': 78.11, 'new': 99.0}
2026-06-21 19:30:03,048 [trainer.py] => NME: {'total': 85.98, '00-04': 60.0, '05-09': 95.0, '10-14': 96.0, '15-19': 67.0, '20-24': 95.0, '25-29': 96.0, '30-34': 86.87, '35-39': 92.0, 'old': 85.12, 'new': 92.0}
2026-06-21 19:30:03,048 [trainer.py] => CNN top1 curve: [90.0, 94.0, 92.67, 85.0, 88.2, 88.67, 83.83, 80.73]
2026-06-21 19:30:03,048 [trainer.py] => CNN top5 curve: [100.0, 100.0, 99.33, 99.25, 98.8, 98.33, 96.85, 97.0]
2026-06-21 19:30:03,048 [trainer.py] => NME top1 curve: [91.0, 94.0, 94.67, 87.75, 90.8, 92.17, 87.98, 85.98]
2026-06-21 19:30:03,048 [trainer.py] => NME top5 curve: [100.0, 100.0, 100.0, 99.75, 99.6, 99.83, 99.43, 98.87]
2026-06-21 19:30:03,048 [trainer.py] => Average Accuracy (CNN): 87.89
2026-06-21 19:30:03,048 [trainer.py] => Average Accuracy (NME): 90.54
2026-06-21 19:30:03,049 [trainer.py] => All params: 85829416
2026-06-21 19:30:03,050 [trainer.py] => Trainable params: 85829416
2026-06-21 19:30:03,054 [icarl.py] => Learning on 40-45
2026-06-21 19:54:42,344 [icarl.py] => Task 8, Epoch 20/20 => Loss 1.607, Train_accy 98.67
2026-06-21 19:54:42,363 [base.py] => Constructing exemplars for new classes...(20 per classes)
2026-06-21 19:55:46,798 [icarl.py] => Exemplar size: 900
2026-06-21 19:55:46,799 [trainer.py] => CNN: {'total': 81.42, '00-04': 45.0, '05-09': 80.0, '10-14': 92.0, '15-19': 55.0, '20-24': 87.0, '25-29': 94.0, '30-34': 81.82, '35-39': 99.0, '40-44': 99.0, 'old': 79.22, 'new': 99.0}
2026-06-21 19:55:46,799 [trainer.py] => NME: {'total': 87.21, '00-04': 60.0, '05-09': 96.0, '10-14': 94.0, '15-19': 71.0, '20-24': 94.0, '25-29': 97.0, '30-34': 83.84, '35-39': 92.0, '40-44': 97.0, 'old': 85.98, 'new': 97.0}
2026-06-21 19:55:46,799 [trainer.py] => CNN top1 curve: [90.0, 94.0, 92.67, 85.0, 88.2, 88.67, 83.83, 80.73, 81.42]
2026-06-21 19:55:46,799 [trainer.py] => CNN top5 curve: [100.0, 100.0, 99.33, 99.25, 98.8, 98.33, 96.85, 97.0, 96.11]
2026-06-21 19:55:46,799 [trainer.py] => NME top1 curve: [91.0, 94.0, 94.67, 87.75, 90.8, 92.17, 87.98, 85.98, 87.21]
2026-06-21 19:55:46,799 [trainer.py] => NME top5 curve: [100.0, 100.0, 100.0, 99.75, 99.6, 99.83, 99.43, 98.87, 98.44]
2026-06-21 19:55:46,800 [trainer.py] => Average Accuracy (CNN): 87.17
2026-06-21 19:55:46,800 [trainer.py] => Average Accuracy (NME): 90.17
2026-06-21 19:55:46,801 [trainer.py] => All params: 85833261
2026-06-21 19:55:46,802 [trainer.py] => Trainable params: 85833261
2026-06-21 19:55:46,807 [icarl.py] => Learning on 45-50
2026-06-21 20:20:45,444 [icarl.py] => Task 9, Epoch 20/20 => Loss 1.519, Train_accy 97.62
2026-06-21 20:20:45,485 [base.py] => Constructing exemplars for new classes...(20 per classes)
2026-06-21 20:21:59,374 [icarl.py] => Exemplar size: 1000
2026-06-21 20:21:59,379 [trainer.py] => CNN: {'total': 82.48, '00-04': 50.0, '05-09': 84.0, '10-14': 93.0, '15-19': 57.0, '20-24': 89.0, '25-29': 85.0, '30-34': 76.77, '35-39': 91.0, '40-44': 99.0, '45-49': 100.0, 'old': 80.53, 'new': 100.0}
2026-06-21 20:21:59,379 [trainer.py] => NME: {'total': 84.78, '00-04': 56.0, '05-09': 94.0, '10-14': 96.0, '15-19': 59.0, '20-24': 96.0, '25-29': 91.0, '30-34': 79.8, '35-39': 87.0, '40-44': 96.0, '45-49': 93.0, 'old': 83.87, 'new': 93.0}
2026-06-21 20:21:59,380 [trainer.py] => CNN top1 curve: [90.0, 94.0, 92.67, 85.0, 88.2, 88.67, 83.83, 80.73, 81.42, 82.48]
2026-06-21 20:21:59,380 [trainer.py] => CNN top5 curve: [100.0, 100.0, 99.33, 99.25, 98.8, 98.33, 96.85, 97.0, 96.11, 96.5]
2026-06-21 20:21:59,380 [trainer.py] => NME top1 curve: [91.0, 94.0, 94.67, 87.75, 90.8, 92.17, 87.98, 85.98, 87.21, 84.78]
2026-06-21 20:21:59,380 [trainer.py] => NME top5 curve: [100.0, 100.0, 100.0, 99.75, 99.6, 99.83, 99.43, 98.87, 98.44, 98.5]
2026-06-21 20:21:59,380 [trainer.py] => Average Accuracy (CNN): 86.7
2026-06-21 20:21:59,380 [trainer.py] => Average Accuracy (NME): 89.63
2026-06-21 20:21:59,381 [trainer.py] => All params: 85837106
2026-06-21 20:21:59,381 [trainer.py] => Trainable params: 85837106
2026-06-21 20:21:59,384 [icarl.py] => Learning on 50-55
2026-06-21 20:49:22,273 [icarl.py] => Task 10, Epoch 20/20 => Loss 1.904, Train_accy 98.18
2026-06-21 20:49:22,296 [base.py] => Constructing exemplars for new classes...(20 per classes)
2026-06-21 20:50:41,285 [icarl.py] => Exemplar size: 1100
2026-06-21 20:50:41,286 [trainer.py] => CNN: {'total': 83.44, '00-04': 52.0, '05-09': 84.0, '10-14': 93.0, '15-19': 55.0, '20-24': 88.0, '25-29': 85.0, '30-34': 76.77, '35-39': 93.0, '40-44': 97.0, '45-49': 99.0, '50-54': 95.0, 'old': 82.28, 'new': 95.0}
2026-06-21 20:50:41,286 [trainer.py] => NME: {'total': 84.9, '00-04': 56.0, '05-09': 94.0, '10-14': 96.0, '15-19': 62.0, '20-24': 94.0, '25-29': 89.0, '30-34': 82.83, '35-39': 89.0, '40-44': 96.0, '45-49': 89.0, '50-54': 86.0, 'old': 84.78, 'new': 86.0}
2026-06-21 20:50:41,286 [trainer.py] => CNN top1 curve: [90.0, 94.0, 92.67, 85.0, 88.2, 88.67, 83.83, 80.73, 81.42, 82.48, 83.44]
2026-06-21 20:50:41,286 [trainer.py] => CNN top5 curve: [100.0, 100.0, 99.33, 99.25, 98.8, 98.33, 96.85, 97.0, 96.11, 96.5, 95.91]
2026-06-21 20:50:41,286 [trainer.py] => NME top1 curve: [91.0, 94.0, 94.67, 87.75, 90.8, 92.17, 87.98, 85.98, 87.21, 84.78, 84.9]
2026-06-21 20:50:41,286 [trainer.py] => NME top5 curve: [100.0, 100.0, 100.0, 99.75, 99.6, 99.83, 99.43, 98.87, 98.44, 98.5, 98.18]
2026-06-21 20:50:41,287 [trainer.py] => Average Accuracy (CNN): 86.4
2026-06-21 20:50:41,287 [trainer.py] => Average Accuracy (NME): 89.2
2026-06-21 20:50:41,288 [trainer.py] => All params: 85840951
2026-06-21 20:50:41,289 [trainer.py] => Trainable params: 85840951
2026-06-21 20:50:41,292 [icarl.py] => Learning on 55-60
2026-06-21 21:18:37,980 [icarl.py] => Task 11, Epoch 20/20 => Loss 1.630, Train_accy 98.75
2026-06-21 21:18:37,995 [base.py] => Constructing exemplars for new classes...(20 per classes)
2026-06-21 21:19:59,390 [icarl.py] => Exemplar size: 1200
2026-06-21 21:19:59,390 [trainer.py] => CNN: {'total': 83.57, '00-04': 54.0, '05-09': 85.0, '10-14': 91.0, '15-19': 57.0, '20-24': 87.0, '25-29': 81.0, '30-34': 75.76, '35-39': 90.0, '40-44': 94.0, '45-49': 96.0, '50-54': 93.0, '55-59': 99.0, 'old': 82.17, 'new': 99.0}
2026-06-21 21:19:59,390 [trainer.py] => NME: {'total': 86.16, '00-04': 58.0, '05-09': 92.0, '10-14': 95.0, '15-19': 63.0, '20-24': 93.0, '25-29': 90.0, '30-34': 83.84, '35-39': 86.0, '40-44': 94.0, '45-49': 91.0, '50-54': 91.0, '55-59': 97.0, 'old': 85.17, 'new': 97.0}
2026-06-21 21:19:59,390 [trainer.py] => CNN top1 curve: [90.0, 94.0, 92.67, 85.0, 88.2, 88.67, 83.83, 80.73, 81.42, 82.48, 83.44, 83.57]
2026-06-21 21:19:59,390 [trainer.py] => CNN top5 curve: [100.0, 100.0, 99.33, 99.25, 98.8, 98.33, 96.85, 97.0, 96.11, 96.5, 95.91, 95.58]
2026-06-21 21:19:59,390 [trainer.py] => NME top1 curve: [91.0, 94.0, 94.67, 87.75, 90.8, 92.17, 87.98, 85.98, 87.21, 84.78, 84.9, 86.16]
2026-06-21 21:19:59,391 [trainer.py] => NME top5 curve: [100.0, 100.0, 100.0, 99.75, 99.6, 99.83, 99.43, 98.87, 98.44, 98.5, 98.18, 98.08]
2026-06-21 21:19:59,391 [trainer.py] => Average Accuracy (CNN): 86.17
2026-06-21 21:19:59,391 [trainer.py] => Average Accuracy (NME): 88.95
2026-06-21 21:19:59,391 [trainer.py] => All params: 85844796
2026-06-21 21:19:59,392 [trainer.py] => Trainable params: 85844796
2026-06-21 21:19:59,395 [icarl.py] => Learning on 60-65
2026-06-21 21:49:11,005 [icarl.py] => Task 12, Epoch 20/20 => Loss 1.564, Train_accy 97.92
2026-06-21 21:49:11,024 [base.py] => Constructing exemplars for new classes...(20 per classes)
2026-06-21 21:50:40,363 [icarl.py] => Exemplar size: 1300
2026-06-21 21:50:40,364 [trainer.py] => CNN: {'total': 80.06, '00-04': 45.0, '05-09': 71.0, '10-14': 88.0, '15-19': 57.0, '20-24': 84.0, '25-29': 79.0, '30-34': 68.69, '35-39': 82.0, '40-44': 90.0, '45-49': 90.0, '50-54': 89.0, '55-59': 97.0, '60-64': 100.0, 'old': 78.4, 'new': 100.0}
2026-06-21 21:50:40,364 [trainer.py] => NME: {'total': 84.99, '00-04': 56.0, '05-09': 90.0, '10-14': 96.0, '15-19': 62.0, '20-24': 92.0, '25-29': 83.0, '30-34': 78.79, '35-39': 84.0, '40-44': 92.0, '45-49': 89.0, '50-54': 91.0, '55-59': 95.0, '60-64': 96.0, 'old': 84.07, 'new': 96.0}
2026-06-21 21:50:40,364 [trainer.py] => CNN top1 curve: [90.0, 94.0, 92.67, 85.0, 88.2, 88.67, 83.83, 80.73, 81.42, 82.48, 83.44, 83.57, 80.06]
2026-06-21 21:50:40,364 [trainer.py] => CNN top5 curve: [100.0, 100.0, 99.33, 99.25, 98.8, 98.33, 96.85, 97.0, 96.11, 96.5, 95.91, 95.58, 94.84]
2026-06-21 21:50:40,364 [trainer.py] => NME top1 curve: [91.0, 94.0, 94.67, 87.75, 90.8, 92.17, 87.98, 85.98, 87.21, 84.78, 84.9, 86.16, 84.99]
2026-06-21 21:50:40,364 [trainer.py] => NME top5 curve: [100.0, 100.0, 100.0, 99.75, 99.6, 99.83, 99.43, 98.87, 98.44, 98.5, 98.18, 98.08, 97.69]
2026-06-21 21:50:40,364 [trainer.py] => Average Accuracy (CNN): 85.7
2026-06-21 21:50:40,364 [trainer.py] => Average Accuracy (NME): 88.65
2026-06-21 21:50:40,365 [trainer.py] => All params: 85848641
2026-06-21 21:50:40,366 [trainer.py] => Trainable params: 85848641
2026-06-21 21:50:40,369 [icarl.py] => Learning on 65-70
2026-06-21 22:19:25,865 [icarl.py] => Task 13, Epoch 20/20 => Loss 1.569, Train_accy 98.00
2026-06-21 22:19:25,883 [base.py] => Constructing exemplars for new classes...(20 per classes)
2026-06-21 22:20:58,701 [icarl.py] => Exemplar size: 1400
2026-06-21 22:20:58,701 [trainer.py] => CNN: {'total': 79.4, '00-04': 44.0, '05-09': 78.0, '10-14': 81.0, '15-19': 51.0, '20-24': 87.0, '25-29': 80.0, '30-34': 68.69, '35-39': 71.0, '40-44': 89.0, '45-49': 93.0, '50-54': 80.0, '55-59': 96.0, '60-64': 95.0, '65-69': 97.98, 'old': 77.98, 'new': 97.98}
2026-06-21 22:20:58,701 [trainer.py] => NME: {'total': 84.19, '00-04': 58.0, '05-09': 88.0, '10-14': 88.0, '15-19': 62.0, '20-24': 92.0, '25-29': 82.0, '30-34': 76.77, '35-39': 84.0, '40-44': 93.0, '45-49': 89.0, '50-54': 87.0, '55-59': 95.0, '60-64': 90.0, '65-69': 93.94, 'old': 83.45, 'new': 93.94}
2026-06-21 22:20:58,701 [trainer.py] => CNN top1 curve: [90.0, 94.0, 92.67, 85.0, 88.2, 88.67, 83.83, 80.73, 81.42, 82.48, 83.44, 83.57, 80.06, 79.4]
2026-06-21 22:20:58,701 [trainer.py] => CNN top5 curve: [100.0, 100.0, 99.33, 99.25, 98.8, 98.33, 96.85, 97.0, 96.11, 96.5, 95.91, 95.58, 94.84, 95.21]
2026-06-21 22:20:58,701 [trainer.py] => NME top1 curve: [91.0, 94.0, 94.67, 87.75, 90.8, 92.17, 87.98, 85.98, 87.21, 84.78, 84.9, 86.16, 84.99, 84.19]
2026-06-21 22:20:58,701 [trainer.py] => NME top5 curve: [100.0, 100.0, 100.0, 99.75, 99.6, 99.83, 99.43, 98.87, 98.44, 98.5, 98.18, 98.08, 97.69, 97.57]
2026-06-21 22:20:58,701 [trainer.py] => Average Accuracy (CNN): 85.25
2026-06-21 22:20:58,702 [trainer.py] => Average Accuracy (NME): 88.33
2026-06-21 22:20:58,702 [trainer.py] => All params: 85852486
2026-06-21 22:20:58,703 [trainer.py] => Trainable params: 85852486
2026-06-21 22:20:58,708 [icarl.py] => Learning on 70-75
2026-06-21 22:52:09,495 [icarl.py] => Task 14, Epoch 20/20 => Loss 1.314, Train_accy 98.60
2026-06-21 22:52:09,510 [base.py] => Constructing exemplars for new classes...(20 per classes)
2026-06-21 22:53:39,838 [icarl.py] => Exemplar size: 1500
2026-06-21 22:53:39,839 [trainer.py] => CNN: {'total': 82.04, '00-04': 52.0, '05-09': 82.0, '10-14': 83.0, '15-19': 57.0, '20-24': 86.0, '25-29': 80.0, '30-34': 68.69, '35-39': 77.0, '40-44': 91.0, '45-49': 93.0, '50-54': 83.0, '55-59': 97.0, '60-64': 92.0, '65-69': 88.89, '70-74': 100.0, 'old': 80.76, 'new': 100.0}
2026-06-21 22:53:39,839 [trainer.py] => NME: {'total': 84.78, '00-04': 58.0, '05-09': 89.0, '10-14': 91.0, '15-19': 63.0, '20-24': 93.0, '25-29': 85.0, '30-34': 77.78, '35-39': 81.0, '40-44': 94.0, '45-49': 90.0, '50-54': 88.0, '55-59': 93.0, '60-64': 88.0, '65-69': 83.84, '70-74': 97.0, 'old': 83.91, 'new': 97.0}
2026-06-21 22:53:39,839 [trainer.py] => CNN top1 curve: [90.0, 94.0, 92.67, 85.0, 88.2, 88.67, 83.83, 80.73, 81.42, 82.48, 83.44, 83.57, 80.06, 79.4, 82.04]
2026-06-21 22:53:39,839 [trainer.py] => CNN top5 curve: [100.0, 100.0, 99.33, 99.25, 98.8, 98.33, 96.85, 97.0, 96.11, 96.5, 95.91, 95.58, 94.84, 95.21, 95.26]
2026-06-21 22:53:39,839 [trainer.py] => NME top1 curve: [91.0, 94.0, 94.67, 87.75, 90.8, 92.17, 87.98, 85.98, 87.21, 84.78, 84.9, 86.16, 84.99, 84.19, 84.78]
2026-06-21 22:53:39,839 [trainer.py] => NME top5 curve: [100.0, 100.0, 100.0, 99.75, 99.6, 99.83, 99.43, 98.87, 98.44, 98.5, 98.18, 98.08, 97.69, 97.57, 97.46]
2026-06-21 22:53:39,840 [trainer.py] => Average Accuracy (CNN): 85.03
2026-06-21 22:53:39,840 [trainer.py] => Average Accuracy (NME): 88.09
2026-06-21 22:53:39,841 [trainer.py] => All params: 85856331
2026-06-21 22:53:39,842 [trainer.py] => Trainable params: 85856331
2026-06-21 22:53:39,847 [icarl.py] => Learning on 75-80
2026-06-21 23:24:44,879 [icarl.py] => Task 15, Epoch 20/20 => Loss 1.690, Train_accy 98.27
2026-06-21 23:24:44,901 [base.py] => Constructing exemplars for new classes...(20 per classes)
2026-06-21 23:26:08,017 [icarl.py] => Exemplar size: 1600
2026-06-21 23:26:08,017 [trainer.py] => CNN: {'total': 82.23, '00-04': 51.0, '05-09': 81.0, '10-14': 83.0, '15-19': 60.0, '20-24': 87.0, '25-29': 81.0, '30-34': 69.7, '35-39': 76.0, '40-44': 92.0, '45-49': 90.0, '50-54': 76.0, '55-59': 94.0, '60-64': 90.0, '65-69': 87.88, '70-74': 99.0, '75-79': 98.0, 'old': 81.17, 'new': 98.0}
2026-06-21 23:26:08,017 [trainer.py] => NME: {'total': 84.98, '00-04': 58.0, '05-09': 90.0, '10-14': 88.0, '15-19': 63.0, '20-24': 90.0, '25-29': 84.0, '30-34': 78.79, '35-39': 84.0, '40-44': 94.0, '45-49': 89.0, '50-54': 87.0, '55-59': 92.0, '60-64': 86.0, '65-69': 80.81, '70-74': 99.0, '75-79': 96.0, 'old': 84.25, 'new': 96.0}
2026-06-21 23:26:08,017 [trainer.py] => CNN top1 curve: [90.0, 94.0, 92.67, 85.0, 88.2, 88.67, 83.83, 80.73, 81.42, 82.48, 83.44, 83.57, 80.06, 79.4, 82.04, 82.23]
2026-06-21 23:26:08,017 [trainer.py] => CNN top5 curve: [100.0, 100.0, 99.33, 99.25, 98.8, 98.33, 96.85, 97.0, 96.11, 96.5, 95.91, 95.58, 94.84, 95.21, 95.26, 95.37]
2026-06-21 23:26:08,018 [trainer.py] => NME top1 curve: [91.0, 94.0, 94.67, 87.75, 90.8, 92.17, 87.98, 85.98, 87.21, 84.78, 84.9, 86.16, 84.99, 84.19, 84.78, 84.98]
2026-06-21 23:26:08,018 [trainer.py] => NME top5 curve: [100.0, 100.0, 100.0, 99.75, 99.6, 99.83, 99.43, 98.87, 98.44, 98.5, 98.18, 98.08, 97.69, 97.57, 97.46, 97.75]
2026-06-21 23:26:08,018 [trainer.py] => Average Accuracy (CNN): 84.86
2026-06-21 23:26:08,018 [trainer.py] => Average Accuracy (NME): 87.9
2026-06-21 23:26:08,018 [trainer.py] => All params: 85860176
2026-06-21 23:26:08,019 [trainer.py] => Trainable params: 85860176
2026-06-21 23:26:08,022 [icarl.py] => Learning on 80-85
2026-06-21 23:57:53,165 [icarl.py] => Task 16, Epoch 20/20 => Loss 1.693, Train_accy 98.33
2026-06-21 23:57:53,166 [base.py] => Constructing exemplars for new classes...(20 per classes)
2026-06-21 23:59:29,252 [icarl.py] => Exemplar size: 1700
2026-06-21 23:59:29,252 [trainer.py] => CNN: {'total': 81.04, '00-04': 51.0, '05-09': 75.0, '10-14': 83.0, '15-19': 55.0, '20-24': 81.0, '25-29': 81.0, '30-34': 69.7, '35-39': 76.0, '40-44': 83.0, '45-49': 83.0, '50-54': 78.0, '55-59': 94.0, '60-64': 88.0, '65-69': 85.86, '70-74': 99.0, '75-79': 96.0, '80-84': 99.0, 'old': 79.91, 'new': 99.0}
2026-06-21 23:59:29,252 [trainer.py] => NME: {'total': 83.92, '00-04': 55.0, '05-09': 86.0, '10-14': 87.0, '15-19': 64.0, '20-24': 87.0, '25-29': 84.0, '30-34': 74.75, '35-39': 80.0, '40-44': 90.0, '45-49': 87.0, '50-54': 84.0, '55-59': 93.0, '60-64': 89.0, '65-69': 80.81, '70-74': 99.0, '75-79': 94.0, '80-84': 92.0, 'old': 83.42, 'new': 92.0}
2026-06-21 23:59:29,252 [trainer.py] => CNN top1 curve: [90.0, 94.0, 92.67, 85.0, 88.2, 88.67, 83.83, 80.73, 81.42, 82.48, 83.44, 83.57, 80.06, 79.4, 82.04, 82.23, 81.04]
2026-06-21 23:59:29,252 [trainer.py] => CNN top5 curve: [100.0, 100.0, 99.33, 99.25, 98.8, 98.33, 96.85, 97.0, 96.11, 96.5, 95.91, 95.58, 94.84, 95.21, 95.26, 95.37, 95.23]
2026-06-21 23:59:29,252 [trainer.py] => NME top1 curve: [91.0, 94.0, 94.67, 87.75, 90.8, 92.17, 87.98, 85.98, 87.21, 84.78, 84.9, 86.16, 84.99, 84.19, 84.78, 84.98, 83.92]
2026-06-21 23:59:29,252 [trainer.py] => NME top5 curve: [100.0, 100.0, 100.0, 99.75, 99.6, 99.83, 99.43, 98.87, 98.44, 98.5, 98.18, 98.08, 97.69, 97.57, 97.46, 97.75, 97.06]
2026-06-21 23:59:29,252 [trainer.py] => Average Accuracy (CNN): 84.63
2026-06-21 23:59:29,252 [trainer.py] => Average Accuracy (NME): 87.66
2026-06-21 23:59:29,253 [trainer.py] => All params: 85864021
2026-06-21 23:59:29,253 [trainer.py] => Trainable params: 85864021
2026-06-21 23:59:29,258 [icarl.py] => Learning on 85-90
2026-06-22 00:33:35,243 [icarl.py] => Task 17, Epoch 20/20 => Loss 1.306, Train_accy 98.30
2026-06-22 00:33:35,261 [base.py] => Constructing exemplars for new classes...(20 per classes)
2026-06-22 00:35:07,279 [icarl.py] => Exemplar size: 1800
2026-06-22 00:35:07,280 [trainer.py] => CNN: {'total': 77.59, '00-04': 50.0, '05-09': 71.0, '10-14': 82.0, '15-19': 54.0, '20-24': 75.0, '25-29': 81.0, '30-34': 66.67, '35-39': 65.0, '40-44': 85.0, '45-49': 83.0, '50-54': 71.0, '55-59': 88.0, '60-64': 75.0, '65-69': 85.86, '70-74': 86.0, '75-79': 87.0, '80-84': 92.0, '85-89': 99.0, 'old': 76.33, 'new': 99.0}
2026-06-22 00:35:07,280 [trainer.py] => NME: {'total': 83.15, '00-04': 56.0, '05-09': 85.0, '10-14': 86.0, '15-19': 63.0, '20-24': 86.0, '25-29': 84.0, '30-34': 76.77, '35-39': 75.0, '40-44': 91.0, '45-49': 85.0, '50-54': 83.0, '55-59': 93.0, '60-64': 79.0, '65-69': 84.85, '70-74': 97.0, '75-79': 91.0, '80-84': 88.0, '85-89': 93.0, 'old': 82.57, 'new': 93.0}
2026-06-22 00:35:07,280 [trainer.py] => CNN top1 curve: [90.0, 94.0, 92.67, 85.0, 88.2, 88.67, 83.83, 80.73, 81.42, 82.48, 83.44, 83.57, 80.06, 79.4, 82.04, 82.23, 81.04, 77.59]
2026-06-22 00:35:07,280 [trainer.py] => CNN top5 curve: [100.0, 100.0, 99.33, 99.25, 98.8, 98.33, 96.85, 97.0, 96.11, 96.5, 95.91, 95.58, 94.84, 95.21, 95.26, 95.37, 95.23, 94.1]
2026-06-22 00:35:07,280 [trainer.py] => NME top1 curve: [91.0, 94.0, 94.67, 87.75, 90.8, 92.17, 87.98, 85.98, 87.21, 84.78, 84.9, 86.16, 84.99, 84.19, 84.78, 84.98, 83.92, 83.15]
2026-06-22 00:35:07,280 [trainer.py] => NME top5 curve: [100.0, 100.0, 100.0, 99.75, 99.6, 99.83, 99.43, 98.87, 98.44, 98.5, 98.18, 98.08, 97.69, 97.57, 97.46, 97.75, 97.06, 97.11]
2026-06-22 00:35:07,280 [trainer.py] => Average Accuracy (CNN): 84.24
2026-06-22 00:35:07,280 [trainer.py] => Average Accuracy (NME): 87.41
2026-06-22 00:35:07,280 [trainer.py] => All params: 85867866
2026-06-22 00:35:07,281 [trainer.py] => Trainable params: 85867866
2026-06-22 00:35:07,286 [icarl.py] => Learning on 90-95
2026-06-22 01:12:05,787 [icarl.py] => Task 18, Epoch 20/20 => Loss 1.758, Train_accy 98.20
2026-06-22 01:12:05,802 [base.py] => Constructing exemplars for new classes...(20 per classes)
2026-06-22 01:13:48,951 [icarl.py] => Exemplar size: 1900
2026-06-22 01:13:48,951 [trainer.py] => CNN: {'total': 77.19, '00-04': 48.0, '05-09': 69.0, '10-14': 77.0, '15-19': 51.0, '20-24': 78.0, '25-29': 65.0, '30-34': 64.65, '35-39': 65.0, '40-44': 85.0, '45-49': 78.0, '50-54': 75.0, '55-59': 87.0, '60-64': 76.0, '65-69': 88.89, '70-74': 96.0, '75-79': 88.0, '80-84': 81.0, '85-89': 97.0, '90-94': 97.0, 'old': 76.08, 'new': 97.0}
2026-06-22 01:13:48,951 [trainer.py] => NME: {'total': 82.24, '00-04': 55.0, '05-09': 85.0, '10-14': 82.0, '15-19': 60.0, '20-24': 88.0, '25-29': 71.0, '30-34': 72.73, '35-39': 75.0, '40-44': 90.0, '45-49': 83.0, '50-54': 84.0, '55-59': 93.0, '60-64': 78.0, '65-69': 85.86, '70-74': 97.0, '75-79': 93.0, '80-84': 87.0, '85-89': 94.0, '90-94': 89.0, 'old': 81.87, 'new': 89.0}
2026-06-22 01:13:48,951 [trainer.py] => CNN top1 curve: [90.0, 94.0, 92.67, 85.0, 88.2, 88.67, 83.83, 80.73, 81.42, 82.48, 83.44, 83.57, 80.06, 79.4, 82.04, 82.23, 81.04, 77.59, 77.19]
2026-06-22 01:13:48,951 [trainer.py] => CNN top5 curve: [100.0, 100.0, 99.33, 99.25, 98.8, 98.33, 96.85, 97.0, 96.11, 96.5, 95.91, 95.58, 94.84, 95.21, 95.26, 95.37, 95.23, 94.1, 93.73]
2026-06-22 01:13:48,951 [trainer.py] => NME top1 curve: [91.0, 94.0, 94.67, 87.75, 90.8, 92.17, 87.98, 85.98, 87.21, 84.78, 84.9, 86.16, 84.99, 84.19, 84.78, 84.98, 83.92, 83.15, 82.24]
2026-06-22 01:13:48,951 [trainer.py] => NME top5 curve: [100.0, 100.0, 100.0, 99.75, 99.6, 99.83, 99.43, 98.87, 98.44, 98.5, 98.18, 98.08, 97.69, 97.57, 97.46, 97.75, 97.06, 97.11, 96.84]
2026-06-22 01:13:48,951 [trainer.py] => Average Accuracy (CNN): 83.87
2026-06-22 01:13:48,951 [trainer.py] => Average Accuracy (NME): 87.14
2026-06-22 01:13:48,952 [trainer.py] => All params: 85871711
2026-06-22 01:13:48,952 [trainer.py] => Trainable params: 85871711
2026-06-22 01:13:48,957 [icarl.py] => Learning on 95-100
2026-06-22 01:48:27,934 [icarl.py] => Task 19, Epoch 20/20 => Loss 1.607, Train_accy 98.22
2026-06-22 01:48:27,935 [base.py] => Constructing exemplars for new classes...(20 per classes)
2026-06-22 01:50:12,686 [icarl.py] => Exemplar size: 2000
2026-06-22 01:50:12,687 [trainer.py] => CNN: {'total': 76.26, '00-04': 45.0, '05-09': 72.0, '10-14': 76.0, '15-19': 50.0, '20-24': 81.0, '25-29': 64.0, '30-34': 63.64, '35-39': 63.0, '40-44': 82.0, '45-49': 77.0, '50-54': 70.0, '55-59': 86.0, '60-64': 71.0, '65-69': 85.86, '70-74': 97.0, '75-79': 76.0, '80-84': 83.0, '85-89': 96.0, '90-94': 88.0, '95-99': 98.99, 'old': 75.08, 'new': 98.99}
2026-06-22 01:50:12,687 [trainer.py] => NME: {'total': 81.62, '00-04': 56.0, '05-09': 88.0, '10-14': 82.0, '15-19': 57.0, '20-24': 86.0, '25-29': 72.0, '30-34': 71.72, '35-39': 74.0, '40-44': 92.0, '45-49': 79.0, '50-54': 80.0, '55-59': 91.0, '60-64': 80.0, '65-69': 86.87, '70-74': 97.0, '75-79': 87.0, '80-84': 86.0, '85-89': 91.0, '90-94': 87.0, '95-99': 88.89, 'old': 81.24, 'new': 88.89}
2026-06-22 01:50:12,687 [trainer.py] => CNN top1 curve: [90.0, 94.0, 92.67, 85.0, 88.2, 88.67, 83.83, 80.73, 81.42, 82.48, 83.44, 83.57, 80.06, 79.4, 82.04, 82.23, 81.04, 77.59, 77.19, 76.26]
2026-06-22 01:50:12,687 [trainer.py] => CNN top5 curve: [100.0, 100.0, 99.33, 99.25, 98.8, 98.33, 96.85, 97.0, 96.11, 96.5, 95.91, 95.58, 94.84, 95.21, 95.26, 95.37, 95.23, 94.1, 93.73, 92.54]
2026-06-22 01:50:12,687 [trainer.py] => NME top1 curve: [91.0, 94.0, 94.67, 87.75, 90.8, 92.17, 87.98, 85.98, 87.21, 84.78, 84.9, 86.16, 84.99, 84.19, 84.78, 84.98, 83.92, 83.15, 82.24, 81.62]
2026-06-22 01:50:12,687 [trainer.py] => NME top5 curve: [100.0, 100.0, 100.0, 99.75, 99.6, 99.83, 99.43, 98.87, 98.44, 98.5, 98.18, 98.08, 97.69, 97.57, 97.46, 97.75, 97.06, 97.11, 96.84, 96.14]
2026-06-22 01:50:12,687 [trainer.py] => Average Accuracy (CNN): 83.49
2026-06-22 01:50:12,687 [trainer.py] => Average Accuracy (NME): 86.86
2026-06-22 01:50:12,688 [trainer.py] => All params: 85875556
2026-06-22 01:50:12,688 [trainer.py] => Trainable params: 85875556
2026-06-22 01:50:12,694 [icarl.py] => Learning on 100-105
2026-06-22 02:27:06,870 [icarl.py] => Task 20, Epoch 20/20 => Loss 1.867, Train_accy 97.62
2026-06-22 02:27:06,882 [base.py] => Constructing exemplars for new classes...(20 per classes)
2026-06-22 02:29:00,974 [icarl.py] => Exemplar size: 2100
2026-06-22 02:29:00,974 [trainer.py] => CNN: {'total': 77.54, '00-04': 46.0, '05-09': 71.0, '10-14': 79.0, '15-19': 50.0, '20-24': 82.0, '25-29': 53.0, '30-34': 65.66, '35-39': 67.0, '40-44': 82.0, '45-49': 80.0, '50-54': 70.0, '55-59': 86.0, '60-64': 74.0, '65-69': 84.85, '70-74': 99.0, '75-79': 83.0, '80-84': 86.0, '85-89': 91.0, '90-94': 86.0, '95-99': 93.94, '100-104': 99.0, 'old': 76.46, 'new': 99.0}
2026-06-22 02:29:00,974 [trainer.py] => NME: {'total': 81.4, '00-04': 55.0, '05-09': 86.0, '10-14': 81.0, '15-19': 56.0, '20-24': 87.0, '25-29': 66.0, '30-34': 72.73, '35-39': 76.0, '40-44': 89.0, '45-49': 82.0, '50-54': 78.0, '55-59': 91.0, '60-64': 80.0, '65-69': 88.89, '70-74': 97.0, '75-79': 89.0, '80-84': 85.0, '85-89': 90.0, '90-94': 85.0, '95-99': 81.82, '100-104': 93.0, 'old': 80.82, 'new': 93.0}
2026-06-22 02:29:00,974 [trainer.py] => CNN top1 curve: [90.0, 94.0, 92.67, 85.0, 88.2, 88.67, 83.83, 80.73, 81.42, 82.48, 83.44, 83.57, 80.06, 79.4, 82.04, 82.23, 81.04, 77.59, 77.19, 76.26, 77.54]
2026-06-22 02:29:00,974 [trainer.py] => CNN top5 curve: [100.0, 100.0, 99.33, 99.25, 98.8, 98.33, 96.85, 97.0, 96.11, 96.5, 95.91, 95.58, 94.84, 95.21, 95.26, 95.37, 95.23, 94.1, 93.73, 92.54, 92.89]
2026-06-22 02:29:00,974 [trainer.py] => NME top1 curve: [91.0, 94.0, 94.67, 87.75, 90.8, 92.17, 87.98, 85.98, 87.21, 84.78, 84.9, 86.16, 84.99, 84.19, 84.78, 84.98, 83.92, 83.15, 82.24, 81.62, 81.4]
2026-06-22 02:29:00,974 [trainer.py] => NME top5 curve: [100.0, 100.0, 100.0, 99.75, 99.6, 99.83, 99.43, 98.87, 98.44, 98.5, 98.18, 98.08, 97.69, 97.57, 97.46, 97.75, 97.06, 97.11, 96.84, 96.14, 96.61]
2026-06-22 02:29:00,974 [trainer.py] => Average Accuracy (CNN): 83.21
2026-06-22 02:29:00,974 [trainer.py] => Average Accuracy (NME): 86.6
2026-06-22 02:29:00,975 [trainer.py] => All params: 85879401
2026-06-22 02:29:00,975 [trainer.py] => Trainable params: 85879401
2026-06-22 02:29:00,979 [icarl.py] => Learning on 105-110
2026-06-22 03:05:19,178 [icarl.py] => Task 21, Epoch 20/20 => Loss 1.682, Train_accy 98.53
2026-06-22 03:05:19,198 [base.py] => Constructing exemplars for new classes...(20 per classes)
2026-06-22 03:07:08,305 [icarl.py] => Exemplar size: 2200
2026-06-22 03:07:08,305 [trainer.py] => CNN: {'total': 77.45, '00-04': 46.0, '05-09': 69.0, '10-14': 76.0, '15-19': 50.0, '20-24': 81.0, '25-29': 53.0, '30-34': 62.63, '35-39': 70.0, '40-44': 80.0, '45-49': 79.0, '50-54': 70.0, '55-59': 86.0, '60-64': 73.0, '65-69': 83.84, '70-74': 96.0, '75-79': 81.0, '80-84': 87.0, '85-89': 88.0, '90-94': 86.0, '95-99': 92.93, '100-104': 96.0, '105-109': 97.96, 'old': 76.49, 'new': 97.96}
2026-06-22 03:07:08,305 [trainer.py] => NME: {'total': 81.32, '00-04': 53.0, '05-09': 84.0, '10-14': 82.0, '15-19': 57.0, '20-24': 86.0, '25-29': 65.0, '30-34': 72.73, '35-39': 76.0, '40-44': 87.0, '45-49': 81.0, '50-54': 79.0, '55-59': 90.0, '60-64': 79.0, '65-69': 87.88, '70-74': 98.0, '75-79': 89.0, '80-84': 80.0, '85-89': 90.0, '90-94': 83.0, '95-99': 84.85, '100-104': 92.0, '105-109': 92.86, 'old': 80.78, 'new': 92.86}
2026-06-22 03:07:08,305 [trainer.py] => CNN top1 curve: [90.0, 94.0, 92.67, 85.0, 88.2, 88.67, 83.83, 80.73, 81.42, 82.48, 83.44, 83.57, 80.06, 79.4, 82.04, 82.23, 81.04, 77.59, 77.19, 76.26, 77.54, 77.45]
2026-06-22 03:07:08,305 [trainer.py] => CNN top5 curve: [100.0, 100.0, 99.33, 99.25, 98.8, 98.33, 96.85, 97.0, 96.11, 96.5, 95.91, 95.58, 94.84, 95.21, 95.26, 95.37, 95.23, 94.1, 93.73, 92.54, 92.89, 92.67]
2026-06-22 03:07:08,305 [trainer.py] => NME top1 curve: [91.0, 94.0, 94.67, 87.75, 90.8, 92.17, 87.98, 85.98, 87.21, 84.78, 84.9, 86.16, 84.99, 84.19, 84.78, 84.98, 83.92, 83.15, 82.24, 81.62, 81.4, 81.32]
2026-06-22 03:07:08,305 [trainer.py] => NME top5 curve: [100.0, 100.0, 100.0, 99.75, 99.6, 99.83, 99.43, 98.87, 98.44, 98.5, 98.18, 98.08, 97.69, 97.57, 97.46, 97.75, 97.06, 97.11, 96.84, 96.14, 96.61, 95.99]
2026-06-22 03:07:08,306 [trainer.py] => Average Accuracy (CNN): 82.95
2026-06-22 03:07:08,306 [trainer.py] => Average Accuracy (NME): 86.36
2026-06-22 03:07:08,306 [trainer.py] => All params: 85883246
2026-06-22 03:07:08,307 [trainer.py] => Trainable params: 85883246
2026-06-22 03:07:08,311 [icarl.py] => Learning on 110-115
2026-06-22 03:46:08,838 [icarl.py] => Task 22, Epoch 20/20 => Loss 1.622, Train_accy 98.20
2026-06-22 03:46:08,855 [base.py] => Constructing exemplars for new classes...(20 per classes)
2026-06-22 03:48:04,351 [icarl.py] => Exemplar size: 2300
2026-06-22 03:48:04,351 [trainer.py] => CNN: {'total': 77.21, '00-04': 44.0, '05-09': 72.0, '10-14': 81.0, '15-19': 54.0, '20-24': 77.0, '25-29': 57.0, '30-34': 66.67, '35-39': 71.0, '40-44': 79.0, '45-49': 81.0, '50-54': 63.0, '55-59': 86.0, '60-64': 75.0, '65-69': 68.69, '70-74': 90.0, '75-79': 83.0, '80-84': 86.0, '85-89': 89.0, '90-94': 87.0, '95-99': 82.83, '100-104': 90.0, '105-109': 95.92, '110-114': 97.0, 'old': 76.31, 'new': 97.0}
2026-06-22 03:48:04,352 [trainer.py] => NME: {'total': 81.53, '00-04': 50.0, '05-09': 84.0, '10-14': 83.0, '15-19': 59.0, '20-24': 88.0, '25-29': 62.0, '30-34': 73.74, '35-39': 74.0, '40-44': 87.0, '45-49': 83.0, '50-54': 78.0, '55-59': 90.0, '60-64': 81.0, '65-69': 84.85, '70-74': 97.0, '75-79': 91.0, '80-84': 81.0, '85-89': 89.0, '90-94': 87.0, '95-99': 82.83, '100-104': 89.0, '105-109': 92.86, '110-114': 88.0, 'old': 81.23, 'new': 88.0}
2026-06-22 03:48:04,352 [trainer.py] => CNN top1 curve: [90.0, 94.0, 92.67, 85.0, 88.2, 88.67, 83.83, 80.73, 81.42, 82.48, 83.44, 83.57, 80.06, 79.4, 82.04, 82.23, 81.04, 77.59, 77.19, 76.26, 77.54, 77.45, 77.21]
2026-06-22 03:48:04,352 [trainer.py] => CNN top5 curve: [100.0, 100.0, 99.33, 99.25, 98.8, 98.33, 96.85, 97.0, 96.11, 96.5, 95.91, 95.58, 94.84, 95.21, 95.26, 95.37, 95.23, 94.1, 93.73, 92.54, 92.89, 92.67, 92.68]
2026-06-22 03:48:04,352 [trainer.py] => NME top1 curve: [91.0, 94.0, 94.67, 87.75, 90.8, 92.17, 87.98, 85.98, 87.21, 84.78, 84.9, 86.16, 84.99, 84.19, 84.78, 84.98, 83.92, 83.15, 82.24, 81.62, 81.4, 81.32, 81.53]
2026-06-22 03:48:04,352 [trainer.py] => NME top5 curve: [100.0, 100.0, 100.0, 99.75, 99.6, 99.83, 99.43, 98.87, 98.44, 98.5, 98.18, 98.08, 97.69, 97.57, 97.46, 97.75, 97.06, 97.11, 96.84, 96.14, 96.61, 95.99, 95.6]
2026-06-22 03:48:04,352 [trainer.py] => Average Accuracy (CNN): 82.7
2026-06-22 03:48:04,352 [trainer.py] => Average Accuracy (NME): 86.15
2026-06-22 03:48:04,352 [trainer.py] => All params: 85887091
2026-06-22 03:48:04,353 [trainer.py] => Trainable params: 85887091
2026-06-22 03:48:04,357 [icarl.py] => Learning on 115-120
2026-06-22 04:26:53,711 [icarl.py] => Task 23, Epoch 20/20 => Loss 1.708, Train_accy 97.73
2026-06-22 04:26:53,726 [base.py] => Constructing exemplars for new classes...(20 per classes)
2026-06-22 04:28:52,700 [icarl.py] => Exemplar size: 2400
2026-06-22 04:28:52,700 [trainer.py] => CNN: {'total': 76.2, '00-04': 45.0, '05-09': 72.0, '10-14': 77.0, '15-19': 52.0, '20-24': 82.0, '25-29': 55.0, '30-34': 67.68, '35-39': 63.0, '40-44': 79.0, '45-49': 77.0, '50-54': 64.0, '55-59': 83.0, '60-64': 74.0, '65-69': 67.68, '70-74': 91.0, '75-79': 82.0, '80-84': 82.0, '85-89': 86.0, '90-94': 79.0, '95-99': 79.8, '100-104': 90.0, '105-109': 94.9, '110-114': 94.0, '115-119': 92.0, 'old': 75.51, 'new': 92.0}
2026-06-22 04:28:52,701 [trainer.py] => NME: {'total': 80.92, '00-04': 51.0, '05-09': 83.0, '10-14': 80.0, '15-19': 60.0, '20-24': 89.0, '25-29': 65.0, '30-34': 72.73, '35-39': 73.0, '40-44': 89.0, '45-49': 80.0, '50-54': 78.0, '55-59': 88.0, '60-64': 81.0, '65-69': 84.85, '70-74': 96.0, '75-79': 89.0, '80-84': 82.0, '85-89': 87.0, '90-94': 83.0, '95-99': 82.83, '100-104': 87.0, '105-109': 91.84, '110-114': 85.0, '115-119': 84.0, 'old': 80.78, 'new': 84.0}
2026-06-22 04:28:52,701 [trainer.py] => CNN top1 curve: [90.0, 94.0, 92.67, 85.0, 88.2, 88.67, 83.83, 80.73, 81.42, 82.48, 83.44, 83.57, 80.06, 79.4, 82.04, 82.23, 81.04, 77.59, 77.19, 76.26, 77.54, 77.45, 77.21, 76.2]
2026-06-22 04:28:52,701 [trainer.py] => CNN top5 curve: [100.0, 100.0, 99.33, 99.25, 98.8, 98.33, 96.85, 97.0, 96.11, 96.5, 95.91, 95.58, 94.84, 95.21, 95.26, 95.37, 95.23, 94.1, 93.73, 92.54, 92.89, 92.67, 92.68, 91.52]
2026-06-22 04:28:52,701 [trainer.py] => NME top1 curve: [91.0, 94.0, 94.67, 87.75, 90.8, 92.17, 87.98, 85.98, 87.21, 84.78, 84.9, 86.16, 84.99, 84.19, 84.78, 84.98, 83.92, 83.15, 82.24, 81.62, 81.4, 81.32, 81.53, 80.92]
2026-06-22 04:28:52,701 [trainer.py] => NME top5 curve: [100.0, 100.0, 100.0, 99.75, 99.6, 99.83, 99.43, 98.87, 98.44, 98.5, 98.18, 98.08, 97.69, 97.57, 97.46, 97.75, 97.06, 97.11, 96.84, 96.14, 96.61, 95.99, 95.6, 95.41]
2026-06-22 04:28:52,701 [trainer.py] => Average Accuracy (CNN): 82.43
2026-06-22 04:28:52,701 [trainer.py] => Average Accuracy (NME): 85.94
2026-06-22 04:28:52,701 [trainer.py] => All params: 85890936
2026-06-22 04:28:52,702 [trainer.py] => Trainable params: 85890936
2026-06-22 04:28:52,707 [icarl.py] => Learning on 120-125
2026-06-22 05:03:07,390 [icarl.py] => Task 24, Epoch 20/20 => Loss 1.641, Train_accy 98.45
2026-06-22 05:03:07,408 [base.py] => Constructing exemplars for new classes...(20 per classes)
2026-06-22 05:04:57,767 [icarl.py] => Exemplar size: 2500
2026-06-22 05:04:57,767 [trainer.py] => CNN: {'total': 75.86, '00-04': 45.0, '05-09': 74.0, '10-14': 78.0, '15-19': 48.0, '20-24': 80.0, '25-29': 61.0, '30-34': 61.62, '35-39': 60.0, '40-44': 80.0, '45-49': 79.0, '50-54': 64.0, '55-59': 82.0, '60-64': 67.0, '65-69': 67.68, '70-74': 90.0, '75-79': 82.0, '80-84': 78.0, '85-89': 77.0, '90-94': 83.0, '95-99': 82.83, '100-104': 89.0, '105-109': 93.88, '110-114': 91.0, '115-119': 86.0, '120-124': 96.97, 'old': 74.99, 'new': 96.97}
2026-06-22 05:04:57,767 [trainer.py] => NME: {'total': 80.55, '00-04': 50.0, '05-09': 83.0, '10-14': 82.0, '15-19': 61.0, '20-24': 86.0, '25-29': 68.0, '30-34': 70.71, '35-39': 71.0, '40-44': 87.0, '45-49': 79.0, '50-54': 76.0, '55-59': 90.0, '60-64': 80.0, '65-69': 83.84, '70-74': 95.0, '75-79': 88.0, '80-84': 80.0, '85-89': 82.0, '90-94': 83.0, '95-99': 77.78, '100-104': 90.0, '105-109': 93.88, '110-114': 85.0, '115-119': 79.0, '120-124': 92.93, 'old': 80.04, 'new': 92.93}
2026-06-22 05:04:57,767 [trainer.py] => CNN top1 curve: [90.0, 94.0, 92.67, 85.0, 88.2, 88.67, 83.83, 80.73, 81.42, 82.48, 83.44, 83.57, 80.06, 79.4, 82.04, 82.23, 81.04, 77.59, 77.19, 76.26, 77.54, 77.45, 77.21, 76.2, 75.86]
2026-06-22 05:04:57,767 [trainer.py] => CNN top5 curve: [100.0, 100.0, 99.33, 99.25, 98.8, 98.33, 96.85, 97.0, 96.11, 96.5, 95.91, 95.58, 94.84, 95.21, 95.26, 95.37, 95.23, 94.1, 93.73, 92.54, 92.89, 92.67, 92.68, 91.52, 90.82]
2026-06-22 05:04:57,767 [trainer.py] => NME top1 curve: [91.0, 94.0, 94.67, 87.75, 90.8, 92.17, 87.98, 85.98, 87.21, 84.78, 84.9, 86.16, 84.99, 84.19, 84.78, 84.98, 83.92, 83.15, 82.24, 81.62, 81.4, 81.32, 81.53, 80.92, 80.55]
2026-06-22 05:04:57,767 [trainer.py] => NME top5 curve: [100.0, 100.0, 100.0, 99.75, 99.6, 99.83, 99.43, 98.87, 98.44, 98.5, 98.18, 98.08, 97.69, 97.57, 97.46, 97.75, 97.06, 97.11, 96.84, 96.14, 96.61, 95.99, 95.6, 95.41, 94.99]
2026-06-22 05:04:57,767 [trainer.py] => Average Accuracy (CNN): 82.16
2026-06-22 05:04:57,767 [trainer.py] => Average Accuracy (NME): 85.72
2026-06-22 05:04:57,768 [trainer.py] => All params: 85894781
2026-06-22 05:04:57,768 [trainer.py] => Trainable params: 85894781
2026-06-22 05:04:57,770 [icarl.py] => Learning on 125-130
2026-06-22 05:32:54,841 [icarl.py] => Task 25, Epoch 20/20 => Loss 1.486, Train_accy 98.71
2026-06-22 05:32:54,857 [base.py] => Constructing exemplars for new classes...(20 per classes)
2026-06-22 05:34:39,954 [icarl.py] => Exemplar size: 2600
2026-06-22 05:34:39,955 [trainer.py] => CNN: {'total': 74.67, '00-04': 46.0, '05-09': 73.0, '10-14': 82.0, '15-19': 49.0, '20-24': 79.0, '25-29': 61.0, '30-34': 52.53, '35-39': 65.0, '40-44': 79.0, '45-49': 76.0, '50-54': 62.0, '55-59': 81.0, '60-64': 66.0, '65-69': 63.64, '70-74': 63.0, '75-79': 81.0, '80-84': 75.0, '85-89': 74.0, '90-94': 81.0, '95-99': 79.8, '100-104': 92.0, '105-109': 93.88, '110-114': 88.0, '115-119': 87.0, '120-124': 92.93, '125-129': 99.0, 'old': 73.7, 'new': 99.0}
2026-06-22 05:34:39,955 [trainer.py] => NME: {'total': 80.19, '00-04': 52.0, '05-09': 83.0, '10-14': 85.0, '15-19': 59.0, '20-24': 88.0, '25-29': 69.0, '30-34': 69.7, '35-39': 71.0, '40-44': 86.0, '45-49': 80.0, '50-54': 78.0, '55-59': 86.0, '60-64': 78.0, '65-69': 83.84, '70-74': 80.0, '75-79': 87.0, '80-84': 76.0, '85-89': 84.0, '90-94': 81.0, '95-99': 78.79, '100-104': 88.0, '105-109': 95.92, '110-114': 85.0, '115-119': 81.0, '120-124': 90.91, '125-129': 89.0, 'old': 79.83, 'new': 89.0}
2026-06-22 05:34:39,955 [trainer.py] => CNN top1 curve: [90.0, 94.0, 92.67, 85.0, 88.2, 88.67, 83.83, 80.73, 81.42, 82.48, 83.44, 83.57, 80.06, 79.4, 82.04, 82.23, 81.04, 77.59, 77.19, 76.26, 77.54, 77.45, 77.21, 76.2, 75.86, 74.67]
2026-06-22 05:34:39,955 [trainer.py] => CNN top5 curve: [100.0, 100.0, 99.33, 99.25, 98.8, 98.33, 96.85, 97.0, 96.11, 96.5, 95.91, 95.58, 94.84, 95.21, 95.26, 95.37, 95.23, 94.1, 93.73, 92.54, 92.89, 92.67, 92.68, 91.52, 90.82, 90.48]
2026-06-22 05:34:39,955 [trainer.py] => NME top1 curve: [91.0, 94.0, 94.67, 87.75, 90.8, 92.17, 87.98, 85.98, 87.21, 84.78, 84.9, 86.16, 84.99, 84.19, 84.78, 84.98, 83.92, 83.15, 82.24, 81.62, 81.4, 81.32, 81.53, 80.92, 80.55, 80.19]
2026-06-22 05:34:39,955 [trainer.py] => NME top5 curve: [100.0, 100.0, 100.0, 99.75, 99.6, 99.83, 99.43, 98.87, 98.44, 98.5, 98.18, 98.08, 97.69, 97.57, 97.46, 97.75, 97.06, 97.11, 96.84, 96.14, 96.61, 95.99, 95.6, 95.41, 94.99, 95.03]
2026-06-22 05:34:39,955 [trainer.py] => Average Accuracy (CNN): 81.88
2026-06-22 05:34:39,955 [trainer.py] => Average Accuracy (NME): 85.51
2026-06-22 05:34:39,956 [trainer.py] => All params: 85898626
2026-06-22 05:34:39,956 [trainer.py] => Trainable params: 85898626
2026-06-22 05:34:39,958 [icarl.py] => Learning on 130-135
2026-06-22 06:03:40,001 [icarl.py] => Task 26, Epoch 20/20 => Loss 1.871, Train_accy 97.85
2026-06-22 06:03:40,002 [base.py] => Constructing exemplars for new classes...(20 per classes)
2026-06-22 06:05:28,001 [icarl.py] => Exemplar size: 2700
2026-06-22 06:05:28,001 [trainer.py] => CNN: {'total': 74.7, '00-04': 41.0, '05-09': 68.0, '10-14': 76.0, '15-19': 51.0, '20-24': 78.0, '25-29': 60.0, '30-34': 55.56, '35-39': 66.0, '40-44': 82.0, '45-49': 78.0, '50-54': 64.0, '55-59': 65.0, '60-64': 73.0, '65-69': 69.7, '70-74': 64.0, '75-79': 81.0, '80-84': 72.0, '85-89': 78.0, '90-94': 79.0, '95-99': 76.77, '100-104': 89.0, '105-109': 90.82, '110-114': 86.0, '115-119': 85.0, '120-124': 92.93, '125-129': 99.0, '130-134': 96.94, 'old': 73.86, 'new': 96.94}
2026-06-22 06:05:28,001 [trainer.py] => NME: {'total': 80.42, '00-04': 50.0, '05-09': 82.0, '10-14': 81.0, '15-19': 61.0, '20-24': 88.0, '25-29': 65.0, '30-34': 67.68, '35-39': 71.0, '40-44': 85.0, '45-49': 79.0, '50-54': 75.0, '55-59': 80.0, '60-64': 82.0, '65-69': 85.86, '70-74': 83.0, '75-79': 87.0, '80-84': 80.0, '85-89': 82.0, '90-94': 84.0, '95-99': 79.8, '100-104': 91.0, '105-109': 92.86, '110-114': 86.0, '115-119': 80.0, '120-124': 90.91, '125-129': 90.0, '130-134': 92.86, 'old': 79.95, 'new': 92.86}
2026-06-22 06:05:28,001 [trainer.py] => CNN top1 curve: [90.0, 94.0, 92.67, 85.0, 88.2, 88.67, 83.83, 80.73, 81.42, 82.48, 83.44, 83.57, 80.06, 79.4, 82.04, 82.23, 81.04, 77.59, 77.19, 76.26, 77.54, 77.45, 77.21, 76.2, 75.86, 74.67, 74.7]
2026-06-22 06:05:28,001 [trainer.py] => CNN top5 curve: [100.0, 100.0, 99.33, 99.25, 98.8, 98.33, 96.85, 97.0, 96.11, 96.5, 95.91, 95.58, 94.84, 95.21, 95.26, 95.37, 95.23, 94.1, 93.73, 92.54, 92.89, 92.67, 92.68, 91.52, 90.82, 90.48, 89.71]
2026-06-22 06:05:28,001 [trainer.py] => NME top1 curve: [91.0, 94.0, 94.67, 87.75, 90.8, 92.17, 87.98, 85.98, 87.21, 84.78, 84.9, 86.16, 84.99, 84.19, 84.78, 84.98, 83.92, 83.15, 82.24, 81.62, 81.4, 81.32, 81.53, 80.92, 80.55, 80.19, 80.42]
2026-06-22 06:05:28,001 [trainer.py] => NME top5 curve: [100.0, 100.0, 100.0, 99.75, 99.6, 99.83, 99.43, 98.87, 98.44, 98.5, 98.18, 98.08, 97.69, 97.57, 97.46, 97.75, 97.06, 97.11, 96.84, 96.14, 96.61, 95.99, 95.6, 95.41, 94.99, 95.03, 94.54]
2026-06-22 06:05:28,002 [trainer.py] => Average Accuracy (CNN): 81.61
2026-06-22 06:05:28,002 [trainer.py] => Average Accuracy (NME): 85.32
2026-06-22 06:05:28,002 [trainer.py] => All params: 85902471
2026-06-22 06:05:28,003 [trainer.py] => Trainable params: 85902471
2026-06-22 06:05:28,005 [icarl.py] => Learning on 135-140
2026-06-22 06:36:16,995 [icarl.py] => Task 27, Epoch 20/20 => Loss 1.806, Train_accy 98.19
2026-06-22 06:36:17,012 [base.py] => Constructing exemplars for new classes...(20 per classes)
2026-06-22 06:38:54,688 [icarl.py] => Exemplar size: 2800
2026-06-22 06:38:54,708 [trainer.py] => CNN: {'total': 73.57, '00-04': 39.0, '05-09': 74.0, '10-14': 80.0, '15-19': 48.0, '20-24': 78.0, '25-29': 56.0, '30-34': 49.49, '35-39': 63.0, '40-44': 79.0, '45-49': 69.0, '50-54': 65.0, '55-59': 71.0, '60-64': 67.0, '65-69': 68.69, '70-74': 71.0, '75-79': 78.0, '80-84': 71.0, '85-89': 76.0, '90-94': 76.0, '95-99': 61.62, '100-104': 84.0, '105-109': 87.76, '110-114': 85.0, '115-119': 83.0, '120-124': 92.93, '125-129': 99.0, '130-134': 94.9, '135-139': 93.0, 'old': 72.85, 'new': 93.0}
2026-06-22 06:38:54,708 [trainer.py] => NME: {'total': 79.44, '00-04': 49.0, '05-09': 84.0, '10-14': 81.0, '15-19': 58.0, '20-24': 85.0, '25-29': 64.0, '30-34': 63.64, '35-39': 71.0, '40-44': 85.0, '45-49': 78.0, '50-54': 80.0, '55-59': 83.0, '60-64': 78.0, '65-69': 86.87, '70-74': 84.0, '75-79': 85.0, '80-84': 78.0, '85-89': 80.0, '90-94': 83.0, '95-99': 73.74, '100-104': 86.0, '105-109': 91.84, '110-114': 87.0, '115-119': 81.0, '120-124': 87.88, '125-129': 91.0, '130-134': 89.8, '135-139': 80.0, 'old': 79.42, 'new': 80.0}
2026-06-22 06:38:54,708 [trainer.py] => CNN top1 curve: [90.0, 94.0, 92.67, 85.0, 88.2, 88.67, 83.83, 80.73, 81.42, 82.48, 83.44, 83.57, 80.06, 79.4, 82.04, 82.23, 81.04, 77.59, 77.19, 76.26, 77.54, 77.45, 77.21, 76.2, 75.86, 74.67, 74.7, 73.57]
2026-06-22 06:38:54,708 [trainer.py] => CNN top5 curve: [100.0, 100.0, 99.33, 99.25, 98.8, 98.33, 96.85, 97.0, 96.11, 96.5, 95.91, 95.58, 94.84, 95.21, 95.26, 95.37, 95.23, 94.1, 93.73, 92.54, 92.89, 92.67, 92.68, 91.52, 90.82, 90.48, 89.71, 90.19]
2026-06-22 06:38:54,708 [trainer.py] => NME top1 curve: [91.0, 94.0, 94.67, 87.75, 90.8, 92.17, 87.98, 85.98, 87.21, 84.78, 84.9, 86.16, 84.99, 84.19, 84.78, 84.98, 83.92, 83.15, 82.24, 81.62, 81.4, 81.32, 81.53, 80.92, 80.55, 80.19, 80.42, 79.44]
2026-06-22 06:38:54,708 [trainer.py] => NME top5 curve: [100.0, 100.0, 100.0, 99.75, 99.6, 99.83, 99.43, 98.87, 98.44, 98.5, 98.18, 98.08, 97.69, 97.57, 97.46, 97.75, 97.06, 97.11, 96.84, 96.14, 96.61, 95.99, 95.6, 95.41, 94.99, 95.03, 94.54, 94.48]
2026-06-22 06:38:54,709 [trainer.py] => Average Accuracy (CNN): 81.32
2026-06-22 06:38:54,709 [trainer.py] => Average Accuracy (NME): 85.11
2026-06-22 06:38:54,709 [trainer.py] => All params: 85906316
2026-06-22 06:38:54,710 [trainer.py] => Trainable params: 85906316
2026-06-22 06:38:54,712 [icarl.py] => Learning on 140-145
2026-06-22 07:09:34,997 [icarl.py] => Task 28, Epoch 20/20 => Loss 1.632, Train_accy 97.58
2026-06-22 07:09:35,013 [base.py] => Constructing exemplars for new classes...(20 per classes)
2026-06-22 07:11:57,267 [icarl.py] => Exemplar size: 2900
2026-06-22 07:11:57,305 [trainer.py] => CNN: {'total': 72.89, '00-04': 34.0, '05-09': 67.0, '10-14': 80.0, '15-19': 47.0, '20-24': 77.0, '25-29': 57.0, '30-34': 49.49, '35-39': 64.0, '40-44': 78.0, '45-49': 72.0, '50-54': 63.0, '55-59': 71.0, '60-64': 63.0, '65-69': 67.68, '70-74': 76.0, '75-79': 76.0, '80-84': 76.0, '85-89': 75.0, '90-94': 77.0, '95-99': 65.66, '100-104': 79.0, '105-109': 88.78, '110-114': 84.0, '115-119': 79.0, '120-124': 93.94, '125-129': 98.0, '130-134': 88.78, '135-139': 78.0, '140-144': 89.0, 'old': 72.31, 'new': 89.0}
2026-06-22 07:11:57,305 [trainer.py] => NME: {'total': 78.32, '00-04': 50.0, '05-09': 80.0, '10-14': 80.0, '15-19': 56.0, '20-24': 85.0, '25-29': 62.0, '30-34': 61.62, '35-39': 72.0, '40-44': 84.0, '45-49': 78.0, '50-54': 74.0, '55-59': 81.0, '60-64': 74.0, '65-69': 84.85, '70-74': 84.0, '75-79': 87.0, '80-84': 80.0, '85-89': 82.0, '90-94': 83.0, '95-99': 75.76, '100-104': 86.0, '105-109': 89.8, '110-114': 83.0, '115-119': 82.0, '120-124': 91.92, '125-129': 86.0, '130-134': 88.78, '135-139': 73.0, '140-144': 77.0, 'old': 78.37, 'new': 77.0}
2026-06-22 07:11:57,305 [trainer.py] => CNN top1 curve: [90.0, 94.0, 92.67, 85.0, 88.2, 88.67, 83.83, 80.73, 81.42, 82.48, 83.44, 83.57, 80.06, 79.4, 82.04, 82.23, 81.04, 77.59, 77.19, 76.26, 77.54, 77.45, 77.21, 76.2, 75.86, 74.67, 74.7, 73.57, 72.89]
2026-06-22 07:11:57,305 [trainer.py] => CNN top5 curve: [100.0, 100.0, 99.33, 99.25, 98.8, 98.33, 96.85, 97.0, 96.11, 96.5, 95.91, 95.58, 94.84, 95.21, 95.26, 95.37, 95.23, 94.1, 93.73, 92.54, 92.89, 92.67, 92.68, 91.52, 90.82, 90.48, 89.71, 90.19, 88.38]
2026-06-22 07:11:57,305 [trainer.py] => NME top1 curve: [91.0, 94.0, 94.67, 87.75, 90.8, 92.17, 87.98, 85.98, 87.21, 84.78, 84.9, 86.16, 84.99, 84.19, 84.78, 84.98, 83.92, 83.15, 82.24, 81.62, 81.4, 81.32, 81.53, 80.92, 80.55, 80.19, 80.42, 79.44, 78.32]
2026-06-22 07:11:57,305 [trainer.py] => NME top5 curve: [100.0, 100.0, 100.0, 99.75, 99.6, 99.83, 99.43, 98.87, 98.44, 98.5, 98.18, 98.08, 97.69, 97.57, 97.46, 97.75, 97.06, 97.11, 96.84, 96.14, 96.61, 95.99, 95.6, 95.41, 94.99, 95.03, 94.54, 94.48, 93.15]
2026-06-22 07:11:57,305 [trainer.py] => Average Accuracy (CNN): 81.03
2026-06-22 07:11:57,305 [trainer.py] => Average Accuracy (NME): 84.87
2026-06-22 07:11:57,306 [trainer.py] => All params: 85910161
2026-06-22 07:11:57,307 [trainer.py] => Trainable params: 85910161
2026-06-22 07:11:57,309 [icarl.py] => Learning on 145-150
2026-06-22 07:43:39,804 [icarl.py] => Task 29, Epoch 20/20 => Loss 1.725, Train_accy 98.20
2026-06-22 07:43:39,823 [base.py] => Constructing exemplars for new classes...(20 per classes)
2026-06-22 07:46:10,600 [icarl.py] => Exemplar size: 3000
2026-06-22 07:46:10,632 [trainer.py] => CNN: {'total': 72.36, '00-04': 31.0, '05-09': 67.0, '10-14': 75.0, '15-19': 48.0, '20-24': 75.0, '25-29': 59.0, '30-34': 46.46, '35-39': 53.0, '40-44': 76.0, '45-49': 72.0, '50-54': 63.0, '55-59': 74.0, '60-64': 67.0, '65-69': 65.66, '70-74': 76.0, '75-79': 80.0, '80-84': 76.0, '85-89': 72.0, '90-94': 79.0, '95-99': 68.69, '100-104': 79.0, '105-109': 69.39, '110-114': 84.0, '115-119': 77.0, '120-124': 92.93, '125-129': 96.0, '130-134': 85.71, '135-139': 82.0, '140-144': 82.0, '145-149': 99.0, 'old': 71.44, 'new': 99.0}
2026-06-22 07:46:10,633 [trainer.py] => NME: {'total': 77.54, '00-04': 49.0, '05-09': 82.0, '10-14': 79.0, '15-19': 56.0, '20-24': 85.0, '25-29': 66.0, '30-34': 62.63, '35-39': 68.0, '40-44': 84.0, '45-49': 76.0, '50-54': 70.0, '55-59': 81.0, '60-64': 74.0, '65-69': 85.86, '70-74': 83.0, '75-79': 88.0, '80-84': 77.0, '85-89': 83.0, '90-94': 83.0, '95-99': 75.76, '100-104': 86.0, '105-109': 76.53, '110-114': 84.0, '115-119': 78.0, '120-124': 87.88, '125-129': 84.0, '130-134': 89.8, '135-139': 74.0, '140-144': 66.0, '145-149': 92.0, 'old': 77.04, 'new': 92.0}
2026-06-22 07:46:10,633 [trainer.py] => CNN top1 curve: [90.0, 94.0, 92.67, 85.0, 88.2, 88.67, 83.83, 80.73, 81.42, 82.48, 83.44, 83.57, 80.06, 79.4, 82.04, 82.23, 81.04, 77.59, 77.19, 76.26, 77.54, 77.45, 77.21, 76.2, 75.86, 74.67, 74.7, 73.57, 72.89, 72.36]
2026-06-22 07:46:10,633 [trainer.py] => CNN top5 curve: [100.0, 100.0, 99.33, 99.25, 98.8, 98.33, 96.85, 97.0, 96.11, 96.5, 95.91, 95.58, 94.84, 95.21, 95.26, 95.37, 95.23, 94.1, 93.73, 92.54, 92.89, 92.67, 92.68, 91.52, 90.82, 90.48, 89.71, 90.19, 88.38, 88.47]
2026-06-22 07:46:10,633 [trainer.py] => NME top1 curve: [91.0, 94.0, 94.67, 87.75, 90.8, 92.17, 87.98, 85.98, 87.21, 84.78, 84.9, 86.16, 84.99, 84.19, 84.78, 84.98, 83.92, 83.15, 82.24, 81.62, 81.4, 81.32, 81.53, 80.92, 80.55, 80.19, 80.42, 79.44, 78.32, 77.54]
2026-06-22 07:46:10,633 [trainer.py] => NME top5 curve: [100.0, 100.0, 100.0, 99.75, 99.6, 99.83, 99.43, 98.87, 98.44, 98.5, 98.18, 98.08, 97.69, 97.57, 97.46, 97.75, 97.06, 97.11, 96.84, 96.14, 96.61, 95.99, 95.6, 95.41, 94.99, 95.03, 94.54, 94.48, 93.15, 92.81]
2026-06-22 07:46:10,633 [trainer.py] => Average Accuracy (CNN): 80.74
2026-06-22 07:46:10,633 [trainer.py] => Average Accuracy (NME): 84.63
2026-06-22 07:46:10,634 [trainer.py] => All params: 85914006
2026-06-22 07:46:10,634 [trainer.py] => Trainable params: 85914006
2026-06-22 07:46:10,636 [icarl.py] => Learning on 150-155
2026-06-22 08:19:32,892 [icarl.py] => Task 30, Epoch 20/20 => Loss 1.800, Train_accy 98.16
2026-06-22 08:19:32,907 [base.py] => Constructing exemplars for new classes...(20 per classes)
2026-06-22 08:22:11,046 [icarl.py] => Exemplar size: 3100
2026-06-22 08:22:11,059 [trainer.py] => CNN: {'total': 71.25, '00-04': 33.0, '05-09': 62.0, '10-14': 78.0, '15-19': 49.0, '20-24': 72.0, '25-29': 61.0, '30-34': 49.49, '35-39': 58.0, '40-44': 68.0, '45-49': 73.0, '50-54': 58.0, '55-59': 72.0, '60-64': 67.0, '65-69': 69.7, '70-74': 73.0, '75-79': 77.0, '80-84': 71.0, '85-89': 76.0, '90-94': 78.0, '95-99': 67.68, '100-104': 77.0, '105-109': 55.1, '110-114': 82.0, '115-119': 70.0, '120-124': 85.86, '125-129': 91.0, '130-134': 83.67, '135-139': 82.0, '140-144': 78.0, '145-149': 95.0, '150-154': 96.0, 'old': 70.42, 'new': 96.0}
2026-06-22 08:22:11,059 [trainer.py] => NME: {'total': 76.65, '00-04': 49.0, '05-09': 78.0, '10-14': 78.0, '15-19': 55.0, '20-24': 81.0, '25-29': 66.0, '30-34': 57.58, '35-39': 69.0, '40-44': 80.0, '45-49': 79.0, '50-54': 75.0, '55-59': 80.0, '60-64': 72.0, '65-69': 86.87, '70-74': 85.0, '75-79': 88.0, '80-84': 76.0, '85-89': 84.0, '90-94': 80.0, '95-99': 74.75, '100-104': 83.0, '105-109': 61.22, '110-114': 84.0, '115-119': 79.0, '120-124': 86.87, '125-129': 83.0, '130-134': 88.78, '135-139': 76.0, '140-144': 65.0, '145-149': 89.0, '150-154': 86.0, 'old': 76.34, 'new': 86.0}
2026-06-22 08:22:11,059 [trainer.py] => CNN top1 curve: [90.0, 94.0, 92.67, 85.0, 88.2, 88.67, 83.83, 80.73, 81.42, 82.48, 83.44, 83.57, 80.06, 79.4, 82.04, 82.23, 81.04, 77.59, 77.19, 76.26, 77.54, 77.45, 77.21, 76.2, 75.86, 74.67, 74.7, 73.57, 72.89, 72.36, 71.25]
2026-06-22 08:22:11,059 [trainer.py] => CNN top5 curve: [100.0, 100.0, 99.33, 99.25, 98.8, 98.33, 96.85, 97.0, 96.11, 96.5, 95.91, 95.58, 94.84, 95.21, 95.26, 95.37, 95.23, 94.1, 93.73, 92.54, 92.89, 92.67, 92.68, 91.52, 90.82, 90.48, 89.71, 90.19, 88.38, 88.47, 88.39]
2026-06-22 08:22:11,059 [trainer.py] => NME top1 curve: [91.0, 94.0, 94.67, 87.75, 90.8, 92.17, 87.98, 85.98, 87.21, 84.78, 84.9, 86.16, 84.99, 84.19, 84.78, 84.98, 83.92, 83.15, 82.24, 81.62, 81.4, 81.32, 81.53, 80.92, 80.55, 80.19, 80.42, 79.44, 78.32, 77.54, 76.65]
2026-06-22 08:22:11,059 [trainer.py] => NME top5 curve: [100.0, 100.0, 100.0, 99.75, 99.6, 99.83, 99.43, 98.87, 98.44, 98.5, 98.18, 98.08, 97.69, 97.57, 97.46, 97.75, 97.06, 97.11, 96.84, 96.14, 96.61, 95.99, 95.6, 95.41, 94.99, 95.03, 94.54, 94.48, 93.15, 92.81, 93.05]
2026-06-22 08:22:11,060 [trainer.py] => Average Accuracy (CNN): 80.44
2026-06-22 08:22:11,060 [trainer.py] => Average Accuracy (NME): 84.37
2026-06-22 08:22:11,060 [trainer.py] => All params: 85917851
2026-06-22 08:22:11,061 [trainer.py] => Trainable params: 85917851
2026-06-22 08:22:11,065 [icarl.py] => Learning on 155-160
2026-06-22 08:55:53,576 [icarl.py] => Task 31, Epoch 20/20 => Loss 1.753, Train_accy 98.31
2026-06-22 08:55:53,592 [base.py] => Constructing exemplars for new classes...(20 per classes)
2026-06-22 08:58:42,563 [icarl.py] => Exemplar size: 3200
2026-06-22 08:58:42,577 [trainer.py] => CNN: {'total': 72.46, '00-04': 34.0, '05-09': 66.0, '10-14': 77.0, '15-19': 48.0, '20-24': 73.0, '25-29': 61.0, '30-34': 48.48, '35-39': 61.0, '40-44': 73.0, '45-49': 73.0, '50-54': 59.0, '55-59': 71.0, '60-64': 69.0, '65-69': 69.7, '70-74': 75.0, '75-79': 80.0, '80-84': 70.0, '85-89': 74.0, '90-94': 78.0, '95-99': 67.68, '100-104': 80.0, '105-109': 60.2, '110-114': 82.0, '115-119': 69.0, '120-124': 75.76, '125-129': 93.0, '130-134': 86.73, '135-139': 82.0, '140-144': 72.0, '145-149': 96.0, '150-154': 96.0, '155-159': 98.0, 'old': 71.64, 'new': 98.0}
2026-06-22 08:58:42,577 [trainer.py] => NME: {'total': 77.16, '00-04': 43.0, '05-09': 78.0, '10-14': 79.0, '15-19': 60.0, '20-24': 83.0, '25-29': 66.0, '30-34': 57.58, '35-39': 71.0, '40-44': 83.0, '45-49': 80.0, '50-54': 76.0, '55-59': 79.0, '60-64': 74.0, '65-69': 86.87, '70-74': 82.0, '75-79': 87.0, '80-84': 75.0, '85-89': 81.0, '90-94': 80.0, '95-99': 74.75, '100-104': 87.0, '105-109': 66.33, '110-114': 87.0, '115-119': 76.0, '120-124': 81.82, '125-129': 85.0, '130-134': 89.8, '135-139': 74.0, '140-144': 64.0, '145-149': 91.0, '150-154': 83.0, '155-159': 88.0, 'old': 76.81, 'new': 88.0}
2026-06-22 08:58:42,577 [trainer.py] => CNN top1 curve: [90.0, 94.0, 92.67, 85.0, 88.2, 88.67, 83.83, 80.73, 81.42, 82.48, 83.44, 83.57, 80.06, 79.4, 82.04, 82.23, 81.04, 77.59, 77.19, 76.26, 77.54, 77.45, 77.21, 76.2, 75.86, 74.67, 74.7, 73.57, 72.89, 72.36, 71.25, 72.46]
2026-06-22 08:58:42,577 [trainer.py] => CNN top5 curve: [100.0, 100.0, 99.33, 99.25, 98.8, 98.33, 96.85, 97.0, 96.11, 96.5, 95.91, 95.58, 94.84, 95.21, 95.26, 95.37, 95.23, 94.1, 93.73, 92.54, 92.89, 92.67, 92.68, 91.52, 90.82, 90.48, 89.71, 90.19, 88.38, 88.47, 88.39, 88.72]
2026-06-22 08:58:42,577 [trainer.py] => NME top1 curve: [91.0, 94.0, 94.67, 87.75, 90.8, 92.17, 87.98, 85.98, 87.21, 84.78, 84.9, 86.16, 84.99, 84.19, 84.78, 84.98, 83.92, 83.15, 82.24, 81.62, 81.4, 81.32, 81.53, 80.92, 80.55, 80.19, 80.42, 79.44, 78.32, 77.54, 76.65, 77.16]
2026-06-22 08:58:42,578 [trainer.py] => NME top5 curve: [100.0, 100.0, 100.0, 99.75, 99.6, 99.83, 99.43, 98.87, 98.44, 98.5, 98.18, 98.08, 97.69, 97.57, 97.46, 97.75, 97.06, 97.11, 96.84, 96.14, 96.61, 95.99, 95.6, 95.41, 94.99, 95.03, 94.54, 94.48, 93.15, 92.81, 93.05, 93.11]
2026-06-22 08:58:42,578 [trainer.py] => Average Accuracy (CNN): 80.19
2026-06-22 08:58:42,578 [trainer.py] => Average Accuracy (NME): 84.15
2026-06-22 08:58:42,578 [trainer.py] => All params: 85921696
2026-06-22 08:58:42,579 [trainer.py] => Trainable params: 85921696
2026-06-22 08:58:42,581 [icarl.py] => Learning on 160-165
2026-06-22 09:32:18,661 [icarl.py] => Task 32, Epoch 20/20 => Loss 1.713, Train_accy 98.20
2026-06-22 09:32:18,685 [base.py] => Constructing exemplars for new classes...(20 per classes)
2026-06-22 09:34:56,818 [icarl.py] => Exemplar size: 3300
2026-06-22 09:34:56,818 [trainer.py] => CNN: {'total': 70.93, '00-04': 34.0, '05-09': 71.0, '10-14': 80.0, '15-19': 49.0, '20-24': 69.0, '25-29': 64.0, '30-34': 50.51, '35-39': 62.0, '40-44': 72.0, '45-49': 75.0, '50-54': 63.0, '55-59': 64.0, '60-64': 64.0, '65-69': 58.59, '70-74': 76.0, '75-79': 82.0, '80-84': 71.0, '85-89': 70.0, '90-94': 74.0, '95-99': 64.65, '100-104': 76.0, '105-109': 60.2, '110-114': 78.0, '115-119': 67.0, '120-124': 73.74, '125-129': 92.0, '130-134': 82.65, '135-139': 77.0, '140-144': 65.0, '145-149': 90.0, '150-154': 85.0, '155-159': 86.0, '160-164': 94.0, 'old': 70.21, 'new': 94.0}
2026-06-22 09:34:56,818 [trainer.py] => NME: {'total': 76.34, '00-04': 44.0, '05-09': 83.0, '10-14': 79.0, '15-19': 60.0, '20-24': 82.0, '25-29': 64.0, '30-34': 59.6, '35-39': 71.0, '40-44': 83.0, '45-49': 80.0, '50-54': 76.0, '55-59': 74.0, '60-64': 71.0, '65-69': 78.79, '70-74': 85.0, '75-79': 86.0, '80-84': 75.0, '85-89': 83.0, '90-94': 78.0, '95-99': 72.73, '100-104': 86.0, '105-109': 65.31, '110-114': 82.0, '115-119': 75.0, '120-124': 85.86, '125-129': 87.0, '130-134': 86.73, '135-139': 72.0, '140-144': 65.0, '145-149': 91.0, '150-154': 79.0, '155-159': 81.0, '160-164': 78.0, 'old': 76.28, 'new': 78.0}
2026-06-22 09:34:56,818 [trainer.py] => CNN top1 curve: [90.0, 94.0, 92.67, 85.0, 88.2, 88.67, 83.83, 80.73, 81.42, 82.48, 83.44, 83.57, 80.06, 79.4, 82.04, 82.23, 81.04, 77.59, 77.19, 76.26, 77.54, 77.45, 77.21, 76.2, 75.86, 74.67, 74.7, 73.57, 72.89, 72.36, 71.25, 72.46, 70.93]
2026-06-22 09:34:56,818 [trainer.py] => CNN top5 curve: [100.0, 100.0, 99.33, 99.25, 98.8, 98.33, 96.85, 97.0, 96.11, 96.5, 95.91, 95.58, 94.84, 95.21, 95.26, 95.37, 95.23, 94.1, 93.73, 92.54, 92.89, 92.67, 92.68, 91.52, 90.82, 90.48, 89.71, 90.19, 88.38, 88.47, 88.39, 88.72, 88.85]
2026-06-22 09:34:56,818 [trainer.py] => NME top1 curve: [91.0, 94.0, 94.67, 87.75, 90.8, 92.17, 87.98, 85.98, 87.21, 84.78, 84.9, 86.16, 84.99, 84.19, 84.78, 84.98, 83.92, 83.15, 82.24, 81.62, 81.4, 81.32, 81.53, 80.92, 80.55, 80.19, 80.42, 79.44, 78.32, 77.54, 76.65, 77.16, 76.34]
2026-06-22 09:34:56,818 [trainer.py] => NME top5 curve: [100.0, 100.0, 100.0, 99.75, 99.6, 99.83, 99.43, 98.87, 98.44, 98.5, 98.18, 98.08, 97.69, 97.57, 97.46, 97.75, 97.06, 97.11, 96.84, 96.14, 96.61, 95.99, 95.6, 95.41, 94.99, 95.03, 94.54, 94.48, 93.15, 92.81, 93.05, 93.11, 93.13]
2026-06-22 09:34:56,818 [trainer.py] => Average Accuracy (CNN): 79.91
2026-06-22 09:34:56,818 [trainer.py] => Average Accuracy (NME): 83.91
2026-06-22 09:34:56,819 [trainer.py] => All params: 85925541
2026-06-22 09:34:56,819 [trainer.py] => Trainable params: 85925541
2026-06-22 09:34:56,822 [icarl.py] => Learning on 165-170
2026-06-22 10:09:58,074 [icarl.py] => Task 33, Epoch 20/20 => Loss 1.540, Train_accy 98.12
2026-06-22 10:09:58,087 [base.py] => Constructing exemplars for new classes...(20 per classes)
2026-06-22 10:12:45,566 [icarl.py] => Exemplar size: 3400
2026-06-22 10:12:45,583 [trainer.py] => CNN: {'total': 69.58, '00-04': 39.0, '05-09': 71.0, '10-14': 78.0, '15-19': 49.0, '20-24': 72.0, '25-29': 59.0, '30-34': 41.41, '35-39': 59.0, '40-44': 77.0, '45-49': 75.0, '50-54': 63.0, '55-59': 56.0, '60-64': 63.0, '65-69': 61.62, '70-74': 73.0, '75-79': 82.0, '80-84': 69.0, '85-89': 71.0, '90-94': 74.0, '95-99': 60.61, '100-104': 70.0, '105-109': 58.16, '110-114': 78.0, '115-119': 71.0, '120-124': 76.77, '125-129': 86.0, '130-134': 72.45, '135-139': 61.0, '140-144': 55.0, '145-149': 82.0, '150-154': 88.0, '155-159': 84.0, '160-164': 90.0, '165-169': 99.0, 'old': 68.68, 'new': 99.0}
2026-06-22 10:12:45,583 [trainer.py] => NME: {'total': 75.12, '00-04': 45.0, '05-09': 79.0, '10-14': 78.0, '15-19': 57.0, '20-24': 82.0, '25-29': 64.0, '30-34': 56.57, '35-39': 70.0, '40-44': 81.0, '45-49': 78.0, '50-54': 73.0, '55-59': 72.0, '60-64': 73.0, '65-69': 77.78, '70-74': 82.0, '75-79': 88.0, '80-84': 74.0, '85-89': 84.0, '90-94': 80.0, '95-99': 64.65, '100-104': 85.0, '105-109': 63.27, '110-114': 82.0, '115-119': 76.0, '120-124': 79.8, '125-129': 82.0, '130-134': 84.69, '135-139': 70.0, '140-144': 64.0, '145-149': 89.0, '150-154': 80.0, '155-159': 78.0, '160-164': 76.0, '165-169': 85.0, 'old': 74.82, 'new': 85.0}
2026-06-22 10:12:45,583 [trainer.py] => CNN top1 curve: [90.0, 94.0, 92.67, 85.0, 88.2, 88.67, 83.83, 80.73, 81.42, 82.48, 83.44, 83.57, 80.06, 79.4, 82.04, 82.23, 81.04, 77.59, 77.19, 76.26, 77.54, 77.45, 77.21, 76.2, 75.86, 74.67, 74.7, 73.57, 72.89, 72.36, 71.25, 72.46, 70.93, 69.58]
2026-06-22 10:12:45,584 [trainer.py] => CNN top5 curve: [100.0, 100.0, 99.33, 99.25, 98.8, 98.33, 96.85, 97.0, 96.11, 96.5, 95.91, 95.58, 94.84, 95.21, 95.26, 95.37, 95.23, 94.1, 93.73, 92.54, 92.89, 92.67, 92.68, 91.52, 90.82, 90.48, 89.71, 90.19, 88.38, 88.47, 88.39, 88.72, 88.85, 88.0]
2026-06-22 10:12:45,584 [trainer.py] => NME top1 curve: [91.0, 94.0, 94.67, 87.75, 90.8, 92.17, 87.98, 85.98, 87.21, 84.78, 84.9, 86.16, 84.99, 84.19, 84.78, 84.98, 83.92, 83.15, 82.24, 81.62, 81.4, 81.32, 81.53, 80.92, 80.55, 80.19, 80.42, 79.44, 78.32, 77.54, 76.65, 77.16, 76.34, 75.12]
2026-06-22 10:12:45,584 [trainer.py] => NME top5 curve: [100.0, 100.0, 100.0, 99.75, 99.6, 99.83, 99.43, 98.87, 98.44, 98.5, 98.18, 98.08, 97.69, 97.57, 97.46, 97.75, 97.06, 97.11, 96.84, 96.14, 96.61, 95.99, 95.6, 95.41, 94.99, 95.03, 94.54, 94.48, 93.15, 92.81, 93.05, 93.11, 93.13, 92.36]
2026-06-22 10:12:45,584 [trainer.py] => Average Accuracy (CNN): 79.6
2026-06-22 10:12:45,584 [trainer.py] => Average Accuracy (NME): 83.65
2026-06-22 10:12:45,584 [trainer.py] => All params: 85929386
2026-06-22 10:12:45,585 [trainer.py] => Trainable params: 85929386
2026-06-22 10:12:45,587 [icarl.py] => Learning on 170-175
2026-06-22 10:46:57,109 [icarl.py] => Task 34, Epoch 20/20 => Loss 1.716, Train_accy 98.41
2026-06-22 10:46:57,124 [base.py] => Constructing exemplars for new classes...(20 per classes)
2026-06-22 10:49:15,396 [icarl.py] => Exemplar size: 3500
2026-06-22 10:49:15,397 [trainer.py] => CNN: {'total': 69.24, '00-04': 32.0, '05-09': 70.0, '10-14': 80.0, '15-19': 46.0, '20-24': 64.0, '25-29': 58.0, '30-34': 45.45, '35-39': 56.0, '40-44': 76.0, '45-49': 74.0, '50-54': 61.0, '55-59': 59.0, '60-64': 63.0, '65-69': 61.62, '70-74': 78.0, '75-79': 82.0, '80-84': 67.0, '85-89': 70.0, '90-94': 73.0, '95-99': 60.61, '100-104': 74.0, '105-109': 64.29, '110-114': 79.0, '115-119': 70.0, '120-124': 74.75, '125-129': 82.0, '130-134': 70.41, '135-139': 62.0, '140-144': 51.0, '145-149': 78.0, '150-154': 83.0, '155-159': 83.0, '160-164': 78.0, '165-169': 97.0, '170-174': 100.0, 'old': 68.34, 'new': 100.0}
2026-06-22 10:49:15,397 [trainer.py] => NME: {'total': 75.14, '00-04': 43.0, '05-09': 78.0, '10-14': 81.0, '15-19': 58.0, '20-24': 79.0, '25-29': 64.0, '30-34': 58.59, '35-39': 65.0, '40-44': 81.0, '45-49': 77.0, '50-54': 74.0, '55-59': 71.0, '60-64': 68.0, '65-69': 77.78, '70-74': 82.0, '75-79': 88.0, '80-84': 74.0, '85-89': 84.0, '90-94': 78.0, '95-99': 66.67, '100-104': 86.0, '105-109': 64.29, '110-114': 81.0, '115-119': 79.0, '120-124': 80.81, '125-129': 83.0, '130-134': 85.71, '135-139': 71.0, '140-144': 54.0, '145-149': 87.0, '150-154': 79.0, '155-159': 80.0, '160-164': 72.0, '165-169': 86.0, '170-174': 93.0, 'old': 74.62, 'new': 93.0}
2026-06-22 10:49:15,397 [trainer.py] => CNN top1 curve: [90.0, 94.0, 92.67, 85.0, 88.2, 88.67, 83.83, 80.73, 81.42, 82.48, 83.44, 83.57, 80.06, 79.4, 82.04, 82.23, 81.04, 77.59, 77.19, 76.26, 77.54, 77.45, 77.21, 76.2, 75.86, 74.67, 74.7, 73.57, 72.89, 72.36, 71.25, 72.46, 70.93, 69.58, 69.24]
2026-06-22 10:49:15,397 [trainer.py] => CNN top5 curve: [100.0, 100.0, 99.33, 99.25, 98.8, 98.33, 96.85, 97.0, 96.11, 96.5, 95.91, 95.58, 94.84, 95.21, 95.26, 95.37, 95.23, 94.1, 93.73, 92.54, 92.89, 92.67, 92.68, 91.52, 90.82, 90.48, 89.71, 90.19, 88.38, 88.47, 88.39, 88.72, 88.85, 88.0, 87.6]
2026-06-22 10:49:15,397 [trainer.py] => NME top1 curve: [91.0, 94.0, 94.67, 87.75, 90.8, 92.17, 87.98, 85.98, 87.21, 84.78, 84.9, 86.16, 84.99, 84.19, 84.78, 84.98, 83.92, 83.15, 82.24, 81.62, 81.4, 81.32, 81.53, 80.92, 80.55, 80.19, 80.42, 79.44, 78.32, 77.54, 76.65, 77.16, 76.34, 75.12, 75.14]
2026-06-22 10:49:15,397 [trainer.py] => NME top5 curve: [100.0, 100.0, 100.0, 99.75, 99.6, 99.83, 99.43, 98.87, 98.44, 98.5, 98.18, 98.08, 97.69, 97.57, 97.46, 97.75, 97.06, 97.11, 96.84, 96.14, 96.61, 95.99, 95.6, 95.41, 94.99, 95.03, 94.54, 94.48, 93.15, 92.81, 93.05, 93.11, 93.13, 92.36, 92.33]
2026-06-22 10:49:15,397 [trainer.py] => Average Accuracy (CNN): 79.31
2026-06-22 10:49:15,397 [trainer.py] => Average Accuracy (NME): 83.41
2026-06-22 10:49:15,398 [trainer.py] => All params: 85933231
2026-06-22 10:49:15,398 [trainer.py] => Trainable params: 85933231
2026-06-22 10:49:15,400 [icarl.py] => Learning on 175-180
2026-06-22 11:25:01,668 [icarl.py] => Task 35, Epoch 20/20 => Loss 1.803, Train_accy 98.62
2026-06-22 11:25:01,690 [base.py] => Constructing exemplars for new classes...(20 per classes)
2026-06-22 11:27:19,241 [icarl.py] => Exemplar size: 3600
2026-06-22 11:27:19,242 [trainer.py] => CNN: {'total': 68.46, '00-04': 30.0, '05-09': 70.0, '10-14': 80.0, '15-19': 47.0, '20-24': 53.0, '25-29': 58.0, '30-34': 49.49, '35-39': 58.0, '40-44': 76.0, '45-49': 71.0, '50-54': 61.0, '55-59': 64.0, '60-64': 62.0, '65-69': 62.63, '70-74': 78.0, '75-79': 82.0, '80-84': 65.0, '85-89': 72.0, '90-94': 70.0, '95-99': 60.61, '100-104': 72.0, '105-109': 61.22, '110-114': 75.0, '115-119': 61.0, '120-124': 74.75, '125-129': 80.0, '130-134': 72.45, '135-139': 67.0, '140-144': 50.0, '145-149': 80.0, '150-154': 79.0, '155-159': 80.0, '160-164': 61.0, '165-169': 91.0, '170-174': 91.0, '175-179': 99.0, 'old': 67.58, 'new': 99.0}
2026-06-22 11:27:19,242 [trainer.py] => NME: {'total': 73.89, '00-04': 40.0, '05-09': 77.0, '10-14': 76.0, '15-19': 54.0, '20-24': 67.0, '25-29': 64.0, '30-34': 56.57, '35-39': 69.0, '40-44': 79.0, '45-49': 76.0, '50-54': 74.0, '55-59': 70.0, '60-64': 72.0, '65-69': 81.82, '70-74': 82.0, '75-79': 88.0, '80-84': 74.0, '85-89': 81.0, '90-94': 78.0, '95-99': 65.66, '100-104': 84.0, '105-109': 64.29, '110-114': 83.0, '115-119': 74.0, '120-124': 82.83, '125-129': 81.0, '130-134': 83.67, '135-139': 69.0, '140-144': 55.0, '145-149': 85.0, '150-154': 79.0, '155-159': 79.0, '160-164': 62.0, '165-169': 83.0, '170-174': 84.0, '175-179': 86.0, 'old': 73.54, 'new': 86.0}
2026-06-22 11:27:19,242 [trainer.py] => CNN top1 curve: [90.0, 94.0, 92.67, 85.0, 88.2, 88.67, 83.83, 80.73, 81.42, 82.48, 83.44, 83.57, 80.06, 79.4, 82.04, 82.23, 81.04, 77.59, 77.19, 76.26, 77.54, 77.45, 77.21, 76.2, 75.86, 74.67, 74.7, 73.57, 72.89, 72.36, 71.25, 72.46, 70.93, 69.58, 69.24, 68.46]
2026-06-22 11:27:19,242 [trainer.py] => CNN top5 curve: [100.0, 100.0, 99.33, 99.25, 98.8, 98.33, 96.85, 97.0, 96.11, 96.5, 95.91, 95.58, 94.84, 95.21, 95.26, 95.37, 95.23, 94.1, 93.73, 92.54, 92.89, 92.67, 92.68, 91.52, 90.82, 90.48, 89.71, 90.19, 88.38, 88.47, 88.39, 88.72, 88.85, 88.0, 87.6, 87.11]
2026-06-22 11:27:19,242 [trainer.py] => NME top1 curve: [91.0, 94.0, 94.67, 87.75, 90.8, 92.17, 87.98, 85.98, 87.21, 84.78, 84.9, 86.16, 84.99, 84.19, 84.78, 84.98, 83.92, 83.15, 82.24, 81.62, 81.4, 81.32, 81.53, 80.92, 80.55, 80.19, 80.42, 79.44, 78.32, 77.54, 76.65, 77.16, 76.34, 75.12, 75.14, 73.89]
2026-06-22 11:27:19,242 [trainer.py] => NME top5 curve: [100.0, 100.0, 100.0, 99.75, 99.6, 99.83, 99.43, 98.87, 98.44, 98.5, 98.18, 98.08, 97.69, 97.57, 97.46, 97.75, 97.06, 97.11, 96.84, 96.14, 96.61, 95.99, 95.6, 95.41, 94.99, 95.03, 94.54, 94.48, 93.15, 92.81, 93.05, 93.11, 93.13, 92.36, 92.33, 91.59]
2026-06-22 11:27:19,242 [trainer.py] => Average Accuracy (CNN): 79.01
2026-06-22 11:27:19,242 [trainer.py] => Average Accuracy (NME): 83.14
2026-06-22 11:27:19,243 [trainer.py] => All params: 85937076
2026-06-22 11:27:19,243 [trainer.py] => Trainable params: 85937076
2026-06-22 11:27:19,247 [icarl.py] => Learning on 180-185
2026-06-22 12:03:08,638 [icarl.py] => Task 36, Epoch 20/20 => Loss 1.688, Train_accy 98.82
2026-06-22 12:03:08,653 [base.py] => Constructing exemplars for new classes...(20 per classes)
2026-06-22 12:05:41,034 [icarl.py] => Exemplar size: 3700
2026-06-22 12:05:41,034 [trainer.py] => CNN: {'total': 68.8, '00-04': 38.0, '05-09': 66.0, '10-14': 75.0, '15-19': 46.0, '20-24': 61.0, '25-29': 60.0, '30-34': 50.51, '35-39': 57.0, '40-44': 74.0, '45-49': 70.0, '50-54': 46.0, '55-59': 63.0, '60-64': 63.0, '65-69': 71.72, '70-74': 74.0, '75-79': 77.0, '80-84': 66.0, '85-89': 72.0, '90-94': 62.0, '95-99': 60.61, '100-104': 69.0, '105-109': 59.18, '110-114': 74.0, '115-119': 62.0, '120-124': 71.72, '125-129': 83.0, '130-134': 76.53, '135-139': 68.0, '140-144': 52.0, '145-149': 80.0, '150-154': 82.0, '155-159': 76.0, '160-164': 64.0, '165-169': 91.0, '170-174': 90.0, '175-179': 97.0, '180-184': 97.0, 'old': 68.01, 'new': 97.0}
2026-06-22 12:05:41,034 [trainer.py] => NME: {'total': 74.0, '00-04': 43.0, '05-09': 76.0, '10-14': 79.0, '15-19': 55.0, '20-24': 69.0, '25-29': 63.0, '30-34': 57.58, '35-39': 65.0, '40-44': 80.0, '45-49': 76.0, '50-54': 61.0, '55-59': 73.0, '60-64': 69.0, '65-69': 81.82, '70-74': 82.0, '75-79': 87.0, '80-84': 75.0, '85-89': 76.0, '90-94': 75.0, '95-99': 65.66, '100-104': 82.0, '105-109': 66.33, '110-114': 86.0, '115-119': 76.0, '120-124': 73.74, '125-129': 84.0, '130-134': 85.71, '135-139': 74.0, '140-144': 55.0, '145-149': 88.0, '150-154': 79.0, '155-159': 79.0, '160-164': 65.0, '165-169': 81.0, '170-174': 86.0, '175-179': 85.0, '180-184': 83.0, 'old': 73.75, 'new': 83.0}
2026-06-22 12:05:41,034 [trainer.py] => CNN top1 curve: [90.0, 94.0, 92.67, 85.0, 88.2, 88.67, 83.83, 80.73, 81.42, 82.48, 83.44, 83.57, 80.06, 79.4, 82.04, 82.23, 81.04, 77.59, 77.19, 76.26, 77.54, 77.45, 77.21, 76.2, 75.86, 74.67, 74.7, 73.57, 72.89, 72.36, 71.25, 72.46, 70.93, 69.58, 69.24, 68.46, 68.8]
2026-06-22 12:05:41,034 [trainer.py] => CNN top5 curve: [100.0, 100.0, 99.33, 99.25, 98.8, 98.33, 96.85, 97.0, 96.11, 96.5, 95.91, 95.58, 94.84, 95.21, 95.26, 95.37, 95.23, 94.1, 93.73, 92.54, 92.89, 92.67, 92.68, 91.52, 90.82, 90.48, 89.71, 90.19, 88.38, 88.47, 88.39, 88.72, 88.85, 88.0, 87.6, 87.11, 87.24]
2026-06-22 12:05:41,034 [trainer.py] => NME top1 curve: [91.0, 94.0, 94.67, 87.75, 90.8, 92.17, 87.98, 85.98, 87.21, 84.78, 84.9, 86.16, 84.99, 84.19, 84.78, 84.98, 83.92, 83.15, 82.24, 81.62, 81.4, 81.32, 81.53, 80.92, 80.55, 80.19, 80.42, 79.44, 78.32, 77.54, 76.65, 77.16, 76.34, 75.12, 75.14, 73.89, 74.0]
2026-06-22 12:05:41,034 [trainer.py] => NME top5 curve: [100.0, 100.0, 100.0, 99.75, 99.6, 99.83, 99.43, 98.87, 98.44, 98.5, 98.18, 98.08, 97.69, 97.57, 97.46, 97.75, 97.06, 97.11, 96.84, 96.14, 96.61, 95.99, 95.6, 95.41, 94.99, 95.03, 94.54, 94.48, 93.15, 92.81, 93.05, 93.11, 93.13, 92.36, 92.33, 91.59, 91.82]
2026-06-22 12:05:41,034 [trainer.py] => Average Accuracy (CNN): 78.73
2026-06-22 12:05:41,034 [trainer.py] => Average Accuracy (NME): 82.9
2026-06-22 12:05:41,035 [trainer.py] => All params: 85940921
2026-06-22 12:05:41,035 [trainer.py] => Trainable params: 85940921
2026-06-22 12:05:41,039 [icarl.py] => Learning on 185-190
2026-06-22 12:42:07,468 [icarl.py] => Task 37, Epoch 20/20 => Loss 1.710, Train_accy 98.34
2026-06-22 12:42:07,485 [base.py] => Constructing exemplars for new classes...(20 per classes)
2026-06-22 12:45:23,114 [icarl.py] => Exemplar size: 3800
2026-06-22 12:45:23,143 [trainer.py] => CNN: {'total': 68.51, '00-04': 40.0, '05-09': 54.0, '10-14': 76.0, '15-19': 44.0, '20-24': 66.0, '25-29': 56.0, '30-34': 51.52, '35-39': 57.0, '40-44': 75.0, '45-49': 73.0, '50-54': 50.0, '55-59': 66.0, '60-64': 61.0, '65-69': 69.7, '70-74': 71.0, '75-79': 78.0, '80-84': 65.0, '85-89': 72.0, '90-94': 64.0, '95-99': 61.62, '100-104': 71.0, '105-109': 59.18, '110-114': 74.0, '115-119': 60.0, '120-124': 67.68, '125-129': 74.0, '130-134': 75.51, '135-139': 69.0, '140-144': 53.0, '145-149': 78.0, '150-154': 82.0, '155-159': 79.0, '160-164': 62.0, '165-169': 89.0, '170-174': 87.0, '175-179': 86.0, '180-184': 89.0, '185-189': 97.0, 'old': 67.74, 'new': 97.0}
2026-06-22 12:45:23,144 [trainer.py] => NME: {'total': 73.87, '00-04': 43.0, '05-09': 73.0, '10-14': 78.0, '15-19': 55.0, '20-24': 67.0, '25-29': 61.0, '30-34': 60.61, '35-39': 69.0, '40-44': 81.0, '45-49': 75.0, '50-54': 59.0, '55-59': 68.0, '60-64': 67.0, '65-69': 79.8, '70-74': 80.0, '75-79': 87.0, '80-84': 77.0, '85-89': 79.0, '90-94': 75.0, '95-99': 63.64, '100-104': 85.0, '105-109': 66.33, '110-114': 82.0, '115-119': 75.0, '120-124': 74.75, '125-129': 81.0, '130-134': 85.71, '135-139': 74.0, '140-144': 57.0, '145-149': 86.0, '150-154': 82.0, '155-159': 78.0, '160-164': 64.0, '165-169': 79.0, '170-174': 87.0, '175-179': 80.0, '180-184': 85.0, '185-189': 87.0, 'old': 73.51, 'new': 87.0}
2026-06-22 12:45:23,144 [trainer.py] => CNN top1 curve: [90.0, 94.0, 92.67, 85.0, 88.2, 88.67, 83.83, 80.73, 81.42, 82.48, 83.44, 83.57, 80.06, 79.4, 82.04, 82.23, 81.04, 77.59, 77.19, 76.26, 77.54, 77.45, 77.21, 76.2, 75.86, 74.67, 74.7, 73.57, 72.89, 72.36, 71.25, 72.46, 70.93, 69.58, 69.24, 68.46, 68.8, 68.51]
2026-06-22 12:45:23,144 [trainer.py] => CNN top5 curve: [100.0, 100.0, 99.33, 99.25, 98.8, 98.33, 96.85, 97.0, 96.11, 96.5, 95.91, 95.58, 94.84, 95.21, 95.26, 95.37, 95.23, 94.1, 93.73, 92.54, 92.89, 92.67, 92.68, 91.52, 90.82, 90.48, 89.71, 90.19, 88.38, 88.47, 88.39, 88.72, 88.85, 88.0, 87.6, 87.11, 87.24, 86.92]
2026-06-22 12:45:23,145 [trainer.py] => NME top1 curve: [91.0, 94.0, 94.67, 87.75, 90.8, 92.17, 87.98, 85.98, 87.21, 84.78, 84.9, 86.16, 84.99, 84.19, 84.78, 84.98, 83.92, 83.15, 82.24, 81.62, 81.4, 81.32, 81.53, 80.92, 80.55, 80.19, 80.42, 79.44, 78.32, 77.54, 76.65, 77.16, 76.34, 75.12, 75.14, 73.89, 74.0, 73.87]
2026-06-22 12:45:23,145 [trainer.py] => NME top5 curve: [100.0, 100.0, 100.0, 99.75, 99.6, 99.83, 99.43, 98.87, 98.44, 98.5, 98.18, 98.08, 97.69, 97.57, 97.46, 97.75, 97.06, 97.11, 96.84, 96.14, 96.61, 95.99, 95.6, 95.41, 94.99, 95.03, 94.54, 94.48, 93.15, 92.81, 93.05, 93.11, 93.13, 92.36, 92.33, 91.59, 91.82, 91.75]
2026-06-22 12:45:23,145 [trainer.py] => Average Accuracy (CNN): 78.46
2026-06-22 12:45:23,145 [trainer.py] => Average Accuracy (NME): 82.66
2026-06-22 12:45:23,148 [trainer.py] => All params: 85944766
2026-06-22 12:45:23,150 [trainer.py] => Trainable params: 85944766
2026-06-22 12:45:23,155 [icarl.py] => Learning on 190-195
2026-06-22 13:22:16,778 [icarl.py] => Task 38, Epoch 20/20 => Loss 1.682, Train_accy 98.62
2026-06-22 13:22:16,793 [base.py] => Constructing exemplars for new classes...(20 per classes)
2026-06-22 13:25:48,721 [icarl.py] => Exemplar size: 3900
2026-06-22 13:25:48,756 [trainer.py] => CNN: {'total': 67.83, '00-04': 37.0, '05-09': 56.0, '10-14': 78.0, '15-19': 49.0, '20-24': 63.0, '25-29': 59.0, '30-34': 49.49, '35-39': 55.0, '40-44': 67.0, '45-49': 76.0, '50-54': 48.0, '55-59': 65.0, '60-64': 54.0, '65-69': 71.72, '70-74': 73.0, '75-79': 80.0, '80-84': 64.0, '85-89': 67.0, '90-94': 69.0, '95-99': 59.6, '100-104': 68.0, '105-109': 56.12, '110-114': 75.0, '115-119': 53.0, '120-124': 62.63, '125-129': 73.0, '130-134': 76.53, '135-139': 69.0, '140-144': 50.0, '145-149': 83.0, '150-154': 75.0, '155-159': 77.0, '160-164': 56.0, '165-169': 89.0, '170-174': 76.0, '175-179': 83.0, '180-184': 87.0, '185-189': 96.0, '190-194': 99.0, 'old': 67.01, 'new': 99.0}
2026-06-22 13:25:48,756 [trainer.py] => NME: {'total': 73.48, '00-04': 44.0, '05-09': 73.0, '10-14': 76.0, '15-19': 54.0, '20-24': 66.0, '25-29': 62.0, '30-34': 56.57, '35-39': 68.0, '40-44': 81.0, '45-49': 75.0, '50-54': 58.0, '55-59': 72.0, '60-64': 68.0, '65-69': 79.8, '70-74': 83.0, '75-79': 88.0, '80-84': 75.0, '85-89': 78.0, '90-94': 76.0, '95-99': 62.63, '100-104': 81.0, '105-109': 66.33, '110-114': 81.0, '115-119': 75.0, '120-124': 72.73, '125-129': 81.0, '130-134': 85.71, '135-139': 72.0, '140-144': 58.0, '145-149': 87.0, '150-154': 78.0, '155-159': 77.0, '160-164': 67.0, '165-169': 77.0, '170-174': 84.0, '175-179': 76.0, '180-184': 83.0, '185-189': 84.0, '190-194': 84.0, 'old': 73.21, 'new': 84.0}
2026-06-22 13:25:48,756 [trainer.py] => CNN top1 curve: [90.0, 94.0, 92.67, 85.0, 88.2, 88.67, 83.83, 80.73, 81.42, 82.48, 83.44, 83.57, 80.06, 79.4, 82.04, 82.23, 81.04, 77.59, 77.19, 76.26, 77.54, 77.45, 77.21, 76.2, 75.86, 74.67, 74.7, 73.57, 72.89, 72.36, 71.25, 72.46, 70.93, 69.58, 69.24, 68.46, 68.8, 68.51, 67.83]
2026-06-22 13:25:48,756 [trainer.py] => CNN top5 curve: [100.0, 100.0, 99.33, 99.25, 98.8, 98.33, 96.85, 97.0, 96.11, 96.5, 95.91, 95.58, 94.84, 95.21, 95.26, 95.37, 95.23, 94.1, 93.73, 92.54, 92.89, 92.67, 92.68, 91.52, 90.82, 90.48, 89.71, 90.19, 88.38, 88.47, 88.39, 88.72, 88.85, 88.0, 87.6, 87.11, 87.24, 86.92, 86.97]
2026-06-22 13:25:48,756 [trainer.py] => NME top1 curve: [91.0, 94.0, 94.67, 87.75, 90.8, 92.17, 87.98, 85.98, 87.21, 84.78, 84.9, 86.16, 84.99, 84.19, 84.78, 84.98, 83.92, 83.15, 82.24, 81.62, 81.4, 81.32, 81.53, 80.92, 80.55, 80.19, 80.42, 79.44, 78.32, 77.54, 76.65, 77.16, 76.34, 75.12, 75.14, 73.89, 74.0, 73.87, 73.48]
2026-06-22 13:25:48,756 [trainer.py] => NME top5 curve: [100.0, 100.0, 100.0, 99.75, 99.6, 99.83, 99.43, 98.87, 98.44, 98.5, 98.18, 98.08, 97.69, 97.57, 97.46, 97.75, 97.06, 97.11, 96.84, 96.14, 96.61, 95.99, 95.6, 95.41, 94.99, 95.03, 94.54, 94.48, 93.15, 92.81, 93.05, 93.11, 93.13, 92.36, 92.33, 91.59, 91.82, 91.75, 91.34]
2026-06-22 13:25:48,756 [trainer.py] => Average Accuracy (CNN): 78.19
2026-06-22 13:25:48,757 [trainer.py] => Average Accuracy (NME): 82.42
2026-06-22 13:25:48,757 [trainer.py] => All params: 85948611
2026-06-22 13:25:48,758 [trainer.py] => Trainable params: 85948611
2026-06-22 13:25:48,760 [icarl.py] => Learning on 195-200
2026-06-22 14:02:28,959 [icarl.py] => Task 39, Epoch 20/20 => Loss 1.743, Train_accy 98.52
2026-06-22 14:02:28,977 [base.py] => Constructing exemplars for new classes...(20 per classes)
2026-06-22 14:06:03,552 [icarl.py] => Exemplar size: 4000
2026-06-22 14:06:03,586 [trainer.py] => CNN: {'total': 67.46, '00-04': 38.0, '05-09': 54.0, '10-14': 79.0, '15-19': 48.0, '20-24': 66.0, '25-29': 61.0, '30-34': 49.49, '35-39': 57.0, '40-44': 65.0, '45-49': 78.0, '50-54': 51.0, '55-59': 67.0, '60-64': 58.0, '65-69': 60.61, '70-74': 73.0, '75-79': 73.0, '80-84': 60.0, '85-89': 65.0, '90-94': 70.0, '95-99': 58.59, '100-104': 65.0, '105-109': 60.2, '110-114': 73.0, '115-119': 57.0, '120-124': 62.63, '125-129': 69.0, '130-134': 75.51, '135-139': 62.0, '140-144': 48.0, '145-149': 79.0, '150-154': 77.0, '155-159': 77.0, '160-164': 62.0, '165-169': 82.0, '170-174': 73.0, '175-179': 77.0, '180-184': 85.0, '185-189': 91.0, '190-194': 94.0, '195-199': 97.0, 'old': 66.7, 'new': 97.0}
2026-06-22 14:06:03,586 [trainer.py] => NME: {'total': 73.1, '00-04': 44.0, '05-09': 70.0, '10-14': 77.0, '15-19': 53.0, '20-24': 65.0, '25-29': 64.0, '30-34': 55.56, '35-39': 69.0, '40-44': 80.0, '45-49': 76.0, '50-54': 58.0, '55-59': 74.0, '60-64': 69.0, '65-69': 74.75, '70-74': 81.0, '75-79': 87.0, '80-84': 78.0, '85-89': 77.0, '90-94': 75.0, '95-99': 61.62, '100-104': 81.0, '105-109': 62.24, '110-114': 80.0, '115-119': 72.0, '120-124': 73.74, '125-129': 81.0, '130-134': 85.71, '135-139': 67.0, '140-144': 50.0, '145-149': 85.0, '150-154': 77.0, '155-159': 76.0, '160-164': 69.0, '165-169': 78.0, '170-174': 79.0, '175-179': 76.0, '180-184': 83.0, '185-189': 85.0, '190-194': 84.0, '195-199': 90.0, 'old': 72.66, 'new': 90.0}
2026-06-22 14:06:03,586 [trainer.py] => CNN top1 curve: [90.0, 94.0, 92.67, 85.0, 88.2, 88.67, 83.83, 80.73, 81.42, 82.48, 83.44, 83.57, 80.06, 79.4, 82.04, 82.23, 81.04, 77.59, 77.19, 76.26, 77.54, 77.45, 77.21, 76.2, 75.86, 74.67, 74.7, 73.57, 72.89, 72.36, 71.25, 72.46, 70.93, 69.58, 69.24, 68.46, 68.8, 68.51, 67.83, 67.46]
2026-06-22 14:06:03,586 [trainer.py] => CNN top5 curve: [100.0, 100.0, 99.33, 99.25, 98.8, 98.33, 96.85, 97.0, 96.11, 96.5, 95.91, 95.58, 94.84, 95.21, 95.26, 95.37, 95.23, 94.1, 93.73, 92.54, 92.89, 92.67, 92.68, 91.52, 90.82, 90.48, 89.71, 90.19, 88.38, 88.47, 88.39, 88.72, 88.85, 88.0, 87.6, 87.11, 87.24, 86.92, 86.97, 86.3]
2026-06-22 14:06:03,586 [trainer.py] => NME top1 curve: [91.0, 94.0, 94.67, 87.75, 90.8, 92.17, 87.98, 85.98, 87.21, 84.78, 84.9, 86.16, 84.99, 84.19, 84.78, 84.98, 83.92, 83.15, 82.24, 81.62, 81.4, 81.32, 81.53, 80.92, 80.55, 80.19, 80.42, 79.44, 78.32, 77.54, 76.65, 77.16, 76.34, 75.12, 75.14, 73.89, 74.0, 73.87, 73.48, 73.1]
2026-06-22 14:06:03,586 [trainer.py] => NME top5 curve: [100.0, 100.0, 100.0, 99.75, 99.6, 99.83, 99.43, 98.87, 98.44, 98.5, 98.18, 98.08, 97.69, 97.57, 97.46, 97.75, 97.06, 97.11, 96.84, 96.14, 96.61, 95.99, 95.6, 95.41, 94.99, 95.03, 94.54, 94.48, 93.15, 92.81, 93.05, 93.11, 93.13, 92.36, 92.33, 91.59, 91.82, 91.75, 91.34, 91.13]
2026-06-22 14:06:03,586 [trainer.py] => Average Accuracy (CNN): 77.92
2026-06-22 14:06:03,587 [trainer.py] => Average Accuracy (NME): 82.19
2026-06-22 14:06:03,587 [trainer.py] => All params: 85952456
2026-06-22 14:06:03,588 [trainer.py] => Trainable params: 85952456
2026-06-22 14:06:03,590 [icarl.py] => Learning on 200-205
2026-06-22 14:43:49,450 [icarl.py] => Task 40, Epoch 20/20 => Loss 1.758, Train_accy 98.28
2026-06-22 14:43:49,465 [base.py] => Constructing exemplars for new classes...(20 per classes)
2026-06-22 14:47:34,291 [icarl.py] => Exemplar size: 4100
2026-06-22 14:47:34,325 [trainer.py] => CNN: {'total': 66.47, '00-04': 36.0, '05-09': 54.0, '10-14': 75.0, '15-19': 46.0, '20-24': 65.0, '25-29': 57.0, '30-34': 50.51, '35-39': 55.0, '40-44': 67.0, '45-49': 75.0, '50-54': 52.0, '55-59': 68.0, '60-64': 59.0, '65-69': 64.65, '70-74': 73.0, '75-79': 70.0, '80-84': 64.0, '85-89': 65.0, '90-94': 58.0, '95-99': 57.58, '100-104': 64.0, '105-109': 61.22, '110-114': 73.0, '115-119': 48.0, '120-124': 62.63, '125-129': 73.0, '130-134': 64.29, '135-139': 60.0, '140-144': 45.0, '145-149': 75.0, '150-154': 72.0, '155-159': 75.0, '160-164': 56.0, '165-169': 77.0, '170-174': 72.0, '175-179': 75.0, '180-184': 86.0, '185-189': 91.0, '190-194': 91.0, '195-199': 95.0, '200-204': 97.0, 'old': 65.71, 'new': 97.0}
2026-06-22 14:47:34,325 [trainer.py] => NME: {'total': 72.92, '00-04': 44.0, '05-09': 74.0, '10-14': 76.0, '15-19': 55.0, '20-24': 66.0, '25-29': 64.0, '30-34': 57.58, '35-39': 67.0, '40-44': 78.0, '45-49': 75.0, '50-54': 59.0, '55-59': 74.0, '60-64': 67.0, '65-69': 77.78, '70-74': 80.0, '75-79': 86.0, '80-84': 76.0, '85-89': 80.0, '90-94': 73.0, '95-99': 63.64, '100-104': 83.0, '105-109': 63.27, '110-114': 82.0, '115-119': 68.0, '120-124': 72.73, '125-129': 78.0, '130-134': 70.41, '135-139': 66.0, '140-144': 55.0, '145-149': 86.0, '150-154': 78.0, '155-159': 75.0, '160-164': 67.0, '165-169': 79.0, '170-174': 80.0, '175-179': 72.0, '180-184': 81.0, '185-189': 86.0, '190-194': 81.0, '195-199': 88.0, '200-204': 85.0, 'old': 72.62, 'new': 85.0}
2026-06-22 14:47:34,325 [trainer.py] => CNN top1 curve: [90.0, 94.0, 92.67, 85.0, 88.2, 88.67, 83.83, 80.73, 81.42, 82.48, 83.44, 83.57, 80.06, 79.4, 82.04, 82.23, 81.04, 77.59, 77.19, 76.26, 77.54, 77.45, 77.21, 76.2, 75.86, 74.67, 74.7, 73.57, 72.89, 72.36, 71.25, 72.46, 70.93, 69.58, 69.24, 68.46, 68.8, 68.51, 67.83, 67.46, 66.47]
2026-06-22 14:47:34,325 [trainer.py] => CNN top5 curve: [100.0, 100.0, 99.33, 99.25, 98.8, 98.33, 96.85, 97.0, 96.11, 96.5, 95.91, 95.58, 94.84, 95.21, 95.26, 95.37, 95.23, 94.1, 93.73, 92.54, 92.89, 92.67, 92.68, 91.52, 90.82, 90.48, 89.71, 90.19, 88.38, 88.47, 88.39, 88.72, 88.85, 88.0, 87.6, 87.11, 87.24, 86.92, 86.97, 86.3, 85.29]
2026-06-22 14:47:34,325 [trainer.py] => NME top1 curve: [91.0, 94.0, 94.67, 87.75, 90.8, 92.17, 87.98, 85.98, 87.21, 84.78, 84.9, 86.16, 84.99, 84.19, 84.78, 84.98, 83.92, 83.15, 82.24, 81.62, 81.4, 81.32, 81.53, 80.92, 80.55, 80.19, 80.42, 79.44, 78.32, 77.54, 76.65, 77.16, 76.34, 75.12, 75.14, 73.89, 74.0, 73.87, 73.48, 73.1, 72.92]
2026-06-22 14:47:34,325 [trainer.py] => NME top5 curve: [100.0, 100.0, 100.0, 99.75, 99.6, 99.83, 99.43, 98.87, 98.44, 98.5, 98.18, 98.08, 97.69, 97.57, 97.46, 97.75, 97.06, 97.11, 96.84, 96.14, 96.61, 95.99, 95.6, 95.41, 94.99, 95.03, 94.54, 94.48, 93.15, 92.81, 93.05, 93.11, 93.13, 92.36, 92.33, 91.59, 91.82, 91.75, 91.34, 91.13, 90.52]
2026-06-22 14:47:34,325 [trainer.py] => Average Accuracy (CNN): 77.64
2026-06-22 14:47:34,325 [trainer.py] => Average Accuracy (NME): 81.97
2026-06-22 14:47:34,326 [trainer.py] => All params: 85956301
2026-06-22 14:47:34,327 [trainer.py] => Trainable params: 85956301
2026-06-22 14:47:34,330 [icarl.py] => Learning on 205-210
2026-06-22 15:26:11,364 [icarl.py] => Task 41, Epoch 20/20 => Loss 1.855, Train_accy 98.52
2026-06-22 15:26:11,380 [base.py] => Constructing exemplars for new classes...(20 per classes)
2026-06-22 15:29:59,970 [icarl.py] => Exemplar size: 4200
2026-06-22 15:30:00,004 [trainer.py] => CNN: {'total': 66.98, '00-04': 37.0, '05-09': 48.0, '10-14': 76.0, '15-19': 49.0, '20-24': 61.0, '25-29': 61.0, '30-34': 49.49, '35-39': 52.0, '40-44': 68.0, '45-49': 67.0, '50-54': 49.0, '55-59': 65.0, '60-64': 58.0, '65-69': 64.65, '70-74': 73.0, '75-79': 78.0, '80-84': 66.0, '85-89': 67.0, '90-94': 61.0, '95-99': 58.59, '100-104': 71.0, '105-109': 56.12, '110-114': 71.0, '115-119': 52.0, '120-124': 57.58, '125-129': 71.0, '130-134': 64.29, '135-139': 67.0, '140-144': 46.0, '145-149': 75.0, '150-154': 73.0, '155-159': 75.0, '160-164': 56.0, '165-169': 79.0, '170-174': 78.0, '175-179': 70.0, '180-184': 86.0, '185-189': 87.0, '190-194': 87.0, '195-199': 94.0, '200-204': 90.0, '205-209': 98.0, 'old': 66.23, 'new': 98.0}
2026-06-22 15:30:00,005 [trainer.py] => NME: {'total': 72.71, '00-04': 43.0, '05-09': 73.0, '10-14': 77.0, '15-19': 54.0, '20-24': 66.0, '25-29': 65.0, '30-34': 57.58, '35-39': 65.0, '40-44': 77.0, '45-49': 74.0, '50-54': 57.0, '55-59': 70.0, '60-64': 67.0, '65-69': 78.79, '70-74': 80.0, '75-79': 90.0, '80-84': 74.0, '85-89': 77.0, '90-94': 73.0, '95-99': 63.64, '100-104': 81.0, '105-109': 64.29, '110-114': 79.0, '115-119': 68.0, '120-124': 77.78, '125-129': 76.0, '130-134': 71.43, '135-139': 62.0, '140-144': 55.0, '145-149': 83.0, '150-154': 76.0, '155-159': 75.0, '160-164': 67.0, '165-169': 80.0, '170-174': 78.0, '175-179': 72.0, '180-184': 84.0, '185-189': 83.0, '190-194': 81.0, '195-199': 87.0, '200-204': 79.0, '205-209': 92.0, 'old': 72.24, 'new': 92.0}
2026-06-22 15:30:00,005 [trainer.py] => CNN top1 curve: [90.0, 94.0, 92.67, 85.0, 88.2, 88.67, 83.83, 80.73, 81.42, 82.48, 83.44, 83.57, 80.06, 79.4, 82.04, 82.23, 81.04, 77.59, 77.19, 76.26, 77.54, 77.45, 77.21, 76.2, 75.86, 74.67, 74.7, 73.57, 72.89, 72.36, 71.25, 72.46, 70.93, 69.58, 69.24, 68.46, 68.8, 68.51, 67.83, 67.46, 66.47, 66.98]
2026-06-22 15:30:00,005 [trainer.py] => CNN top5 curve: [100.0, 100.0, 99.33, 99.25, 98.8, 98.33, 96.85, 97.0, 96.11, 96.5, 95.91, 95.58, 94.84, 95.21, 95.26, 95.37, 95.23, 94.1, 93.73, 92.54, 92.89, 92.67, 92.68, 91.52, 90.82, 90.48, 89.71, 90.19, 88.38, 88.47, 88.39, 88.72, 88.85, 88.0, 87.6, 87.11, 87.24, 86.92, 86.97, 86.3, 85.29, 85.64]
2026-06-22 15:30:00,006 [trainer.py] => NME top1 curve: [91.0, 94.0, 94.67, 87.75, 90.8, 92.17, 87.98, 85.98, 87.21, 84.78, 84.9, 86.16, 84.99, 84.19, 84.78, 84.98, 83.92, 83.15, 82.24, 81.62, 81.4, 81.32, 81.53, 80.92, 80.55, 80.19, 80.42, 79.44, 78.32, 77.54, 76.65, 77.16, 76.34, 75.12, 75.14, 73.89, 74.0, 73.87, 73.48, 73.1, 72.92, 72.71]
2026-06-22 15:30:00,006 [trainer.py] => NME top5 curve: [100.0, 100.0, 100.0, 99.75, 99.6, 99.83, 99.43, 98.87, 98.44, 98.5, 98.18, 98.08, 97.69, 97.57, 97.46, 97.75, 97.06, 97.11, 96.84, 96.14, 96.61, 95.99, 95.6, 95.41, 94.99, 95.03, 94.54, 94.48, 93.15, 92.81, 93.05, 93.11, 93.13, 92.36, 92.33, 91.59, 91.82, 91.75, 91.34, 91.13, 90.52, 90.36]
2026-06-22 15:30:00,006 [trainer.py] => Average Accuracy (CNN): 77.39
2026-06-22 15:30:00,006 [trainer.py] => Average Accuracy (NME): 81.74
2026-06-22 15:30:00,009 [trainer.py] => All params: 85960146
2026-06-22 15:30:00,011 [trainer.py] => Trainable params: 85960146
2026-06-22 15:30:00,018 [icarl.py] => Learning on 210-215
2026-06-22 16:10:14,344 [icarl.py] => Task 42, Epoch 20/20 => Loss 1.886, Train_accy 98.47
2026-06-22 16:10:14,361 [base.py] => Constructing exemplars for new classes...(20 per classes)
2026-06-22 16:13:50,186 [icarl.py] => Exemplar size: 4300
2026-06-22 16:13:50,213 [trainer.py] => CNN: {'total': 66.99, '00-04': 34.0, '05-09': 56.0, '10-14': 75.0, '15-19': 47.0, '20-24': 62.0, '25-29': 59.0, '30-34': 51.52, '35-39': 50.0, '40-44': 68.0, '45-49': 71.0, '50-54': 47.0, '55-59': 64.0, '60-64': 60.0, '65-69': 63.64, '70-74': 73.0, '75-79': 77.0, '80-84': 64.0, '85-89': 65.0, '90-94': 65.0, '95-99': 58.59, '100-104': 66.0, '105-109': 56.12, '110-114': 78.0, '115-119': 54.0, '120-124': 55.56, '125-129': 72.0, '130-134': 65.31, '135-139': 53.0, '140-144': 47.0, '145-149': 75.0, '150-154': 67.0, '155-159': 78.0, '160-164': 55.0, '165-169': 77.0, '170-174': 72.0, '175-179': 71.0, '180-184': 87.0, '185-189': 90.0, '190-194': 82.0, '195-199': 89.0, '200-204': 88.0, '205-209': 96.0, '210-214': 95.0, 'old': 66.32, 'new': 95.0}
2026-06-22 16:13:50,213 [trainer.py] => NME: {'total': 72.16, '00-04': 43.0, '05-09': 71.0, '10-14': 78.0, '15-19': 56.0, '20-24': 65.0, '25-29': 60.0, '30-34': 56.57, '35-39': 64.0, '40-44': 76.0, '45-49': 70.0, '50-54': 59.0, '55-59': 72.0, '60-64': 67.0, '65-69': 80.81, '70-74': 78.0, '75-79': 86.0, '80-84': 72.0, '85-89': 74.0, '90-94': 74.0, '95-99': 62.63, '100-104': 71.0, '105-109': 59.18, '110-114': 77.0, '115-119': 67.0, '120-124': 71.72, '125-129': 81.0, '130-134': 72.45, '135-139': 61.0, '140-144': 55.0, '145-149': 85.0, '150-154': 74.0, '155-159': 79.0, '160-164': 66.0, '165-169': 77.0, '170-174': 76.0, '175-179': 72.0, '180-184': 82.0, '185-189': 83.0, '190-194': 82.0, '195-199': 87.0, '200-204': 81.0, '205-209': 92.0, '210-214': 86.0, 'old': 71.83, 'new': 86.0}
2026-06-22 16:13:50,213 [trainer.py] => CNN top1 curve: [90.0, 94.0, 92.67, 85.0, 88.2, 88.67, 83.83, 80.73, 81.42, 82.48, 83.44, 83.57, 80.06, 79.4, 82.04, 82.23, 81.04, 77.59, 77.19, 76.26, 77.54, 77.45, 77.21, 76.2, 75.86, 74.67, 74.7, 73.57, 72.89, 72.36, 71.25, 72.46, 70.93, 69.58, 69.24, 68.46, 68.8, 68.51, 67.83, 67.46, 66.47, 66.98, 66.99]
2026-06-22 16:13:50,213 [trainer.py] => CNN top5 curve: [100.0, 100.0, 99.33, 99.25, 98.8, 98.33, 96.85, 97.0, 96.11, 96.5, 95.91, 95.58, 94.84, 95.21, 95.26, 95.37, 95.23, 94.1, 93.73, 92.54, 92.89, 92.67, 92.68, 91.52, 90.82, 90.48, 89.71, 90.19, 88.38, 88.47, 88.39, 88.72, 88.85, 88.0, 87.6, 87.11, 87.24, 86.92, 86.97, 86.3, 85.29, 85.64, 85.88]
2026-06-22 16:13:50,213 [trainer.py] => NME top1 curve: [91.0, 94.0, 94.67, 87.75, 90.8, 92.17, 87.98, 85.98, 87.21, 84.78, 84.9, 86.16, 84.99, 84.19, 84.78, 84.98, 83.92, 83.15, 82.24, 81.62, 81.4, 81.32, 81.53, 80.92, 80.55, 80.19, 80.42, 79.44, 78.32, 77.54, 76.65, 77.16, 76.34, 75.12, 75.14, 73.89, 74.0, 73.87, 73.48, 73.1, 72.92, 72.71, 72.16]
2026-06-22 16:13:50,213 [trainer.py] => NME top5 curve: [100.0, 100.0, 100.0, 99.75, 99.6, 99.83, 99.43, 98.87, 98.44, 98.5, 98.18, 98.08, 97.69, 97.57, 97.46, 97.75, 97.06, 97.11, 96.84, 96.14, 96.61, 95.99, 95.6, 95.41, 94.99, 95.03, 94.54, 94.48, 93.15, 92.81, 93.05, 93.11, 93.13, 92.36, 92.33, 91.59, 91.82, 91.75, 91.34, 91.13, 90.52, 90.36, 90.4]
2026-06-22 16:13:50,213 [trainer.py] => Average Accuracy (CNN): 77.14
2026-06-22 16:13:50,213 [trainer.py] => Average Accuracy (NME): 81.52
2026-06-22 16:13:50,214 [trainer.py] => All params: 85963991
2026-06-22 16:13:50,215 [trainer.py] => Trainable params: 85963991
2026-06-22 16:13:50,217 [icarl.py] => Learning on 215-220
2026-06-22 16:54:29,205 [icarl.py] => Task 43, Epoch 20/20 => Loss 1.692, Train_accy 98.02
2026-06-22 16:54:29,228 [base.py] => Constructing exemplars for new classes...(20 per classes)
2026-06-22 16:58:13,337 [icarl.py] => Exemplar size: 4400
2026-06-22 16:58:13,370 [trainer.py] => CNN: {'total': 65.0, '00-04': 31.0, '05-09': 54.0, '10-14': 74.0, '15-19': 35.0, '20-24': 70.0, '25-29': 59.0, '30-34': 50.51, '35-39': 48.0, '40-44': 68.0, '45-49': 67.0, '50-54': 53.0, '55-59': 67.0, '60-64': 59.0, '65-69': 60.61, '70-74': 76.0, '75-79': 79.0, '80-84': 57.0, '85-89': 64.0, '90-94': 67.0, '95-99': 59.6, '100-104': 63.0, '105-109': 55.1, '110-114': 74.0, '115-119': 49.0, '120-124': 61.62, '125-129': 73.0, '130-134': 64.29, '135-139': 54.0, '140-144': 42.0, '145-149': 76.0, '150-154': 60.0, '155-159': 71.0, '160-164': 53.0, '165-169': 68.0, '170-174': 70.0, '175-179': 68.0, '180-184': 85.0, '185-189': 87.0, '190-194': 75.0, '195-199': 70.0, '200-204': 76.0, '205-209': 92.0, '210-214': 81.0, '215-219': 93.0, 'old': 64.35, 'new': 93.0}
2026-06-22 16:58:13,370 [trainer.py] => NME: {'total': 71.06, '00-04': 42.0, '05-09': 72.0, '10-14': 79.0, '15-19': 49.0, '20-24': 68.0, '25-29': 65.0, '30-34': 52.53, '35-39': 64.0, '40-44': 74.0, '45-49': 71.0, '50-54': 59.0, '55-59': 73.0, '60-64': 64.0, '65-69': 74.75, '70-74': 79.0, '75-79': 86.0, '80-84': 71.0, '85-89': 75.0, '90-94': 74.0, '95-99': 63.64, '100-104': 68.0, '105-109': 62.24, '110-114': 79.0, '115-119': 64.0, '120-124': 69.7, '125-129': 81.0, '130-134': 71.43, '135-139': 61.0, '140-144': 53.0, '145-149': 85.0, '150-154': 73.0, '155-159': 74.0, '160-164': 64.0, '165-169': 75.0, '170-174': 73.0, '175-179': 72.0, '180-184': 81.0, '185-189': 83.0, '190-194': 83.0, '195-199': 70.0, '200-204': 82.0, '205-209': 91.0, '210-214': 87.0, '215-219': 68.0, 'old': 71.13, 'new': 68.0}
2026-06-22 16:58:13,370 [trainer.py] => CNN top1 curve: [90.0, 94.0, 92.67, 85.0, 88.2, 88.67, 83.83, 80.73, 81.42, 82.48, 83.44, 83.57, 80.06, 79.4, 82.04, 82.23, 81.04, 77.59, 77.19, 76.26, 77.54, 77.45, 77.21, 76.2, 75.86, 74.67, 74.7, 73.57, 72.89, 72.36, 71.25, 72.46, 70.93, 69.58, 69.24, 68.46, 68.8, 68.51, 67.83, 67.46, 66.47, 66.98, 66.99, 65.0]
2026-06-22 16:58:13,370 [trainer.py] => CNN top5 curve: [100.0, 100.0, 99.33, 99.25, 98.8, 98.33, 96.85, 97.0, 96.11, 96.5, 95.91, 95.58, 94.84, 95.21, 95.26, 95.37, 95.23, 94.1, 93.73, 92.54, 92.89, 92.67, 92.68, 91.52, 90.82, 90.48, 89.71, 90.19, 88.38, 88.47, 88.39, 88.72, 88.85, 88.0, 87.6, 87.11, 87.24, 86.92, 86.97, 86.3, 85.29, 85.64, 85.88, 85.0]
2026-06-22 16:58:13,370 [trainer.py] => NME top1 curve: [91.0, 94.0, 94.67, 87.75, 90.8, 92.17, 87.98, 85.98, 87.21, 84.78, 84.9, 86.16, 84.99, 84.19, 84.78, 84.98, 83.92, 83.15, 82.24, 81.62, 81.4, 81.32, 81.53, 80.92, 80.55, 80.19, 80.42, 79.44, 78.32, 77.54, 76.65, 77.16, 76.34, 75.12, 75.14, 73.89, 74.0, 73.87, 73.48, 73.1, 72.92, 72.71, 72.16, 71.06]
2026-06-22 16:58:13,370 [trainer.py] => NME top5 curve: [100.0, 100.0, 100.0, 99.75, 99.6, 99.83, 99.43, 98.87, 98.44, 98.5, 98.18, 98.08, 97.69, 97.57, 97.46, 97.75, 97.06, 97.11, 96.84, 96.14, 96.61, 95.99, 95.6, 95.41, 94.99, 95.03, 94.54, 94.48, 93.15, 92.81, 93.05, 93.11, 93.13, 92.36, 92.33, 91.59, 91.82, 91.75, 91.34, 91.13, 90.52, 90.36, 90.4, 90.46]
2026-06-22 16:58:13,370 [trainer.py] => Average Accuracy (CNN): 76.87
2026-06-22 16:58:13,370 [trainer.py] => Average Accuracy (NME): 81.28
2026-06-22 16:58:13,371 [trainer.py] => All params: 85967836
2026-06-22 16:58:13,371 [trainer.py] => Trainable params: 85967836
2026-06-22 16:58:13,374 [icarl.py] => Learning on 220-225
2026-06-22 17:41:12,032 [icarl.py] => Task 44, Epoch 20/20 => Loss 1.647, Train_accy 98.42
2026-06-22 17:41:12,049 [base.py] => Constructing exemplars for new classes...(20 per classes)
2026-06-22 17:45:11,479 [icarl.py] => Exemplar size: 4500
2026-06-22 17:45:11,535 [trainer.py] => CNN: {'total': 63.59, '00-04': 28.0, '05-09': 57.0, '10-14': 70.0, '15-19': 33.0, '20-24': 64.0, '25-29': 59.0, '30-34': 48.48, '35-39': 51.0, '40-44': 61.0, '45-49': 69.0, '50-54': 49.0, '55-59': 68.0, '60-64': 59.0, '65-69': 60.61, '70-74': 70.0, '75-79': 77.0, '80-84': 56.0, '85-89': 62.0, '90-94': 68.0, '95-99': 59.6, '100-104': 67.0, '105-109': 55.1, '110-114': 74.0, '115-119': 48.0, '120-124': 57.58, '125-129': 57.0, '130-134': 64.29, '135-139': 58.0, '140-144': 32.0, '145-149': 69.0, '150-154': 60.0, '155-159': 70.0, '160-164': 51.0, '165-169': 56.0, '170-174': 71.0, '175-179': 71.0, '180-184': 79.0, '185-189': 85.0, '190-194': 75.0, '195-199': 67.0, '200-204': 78.0, '205-209': 88.0, '210-214': 79.0, '215-219': 84.0, '220-224': 95.96, 'old': 62.86, 'new': 95.96}
2026-06-22 17:45:11,535 [trainer.py] => NME: {'total': 70.43, '00-04': 41.0, '05-09': 68.0, '10-14': 79.0, '15-19': 46.0, '20-24': 68.0, '25-29': 64.0, '30-34': 54.55, '35-39': 64.0, '40-44': 75.0, '45-49': 70.0, '50-54': 59.0, '55-59': 73.0, '60-64': 63.0, '65-69': 71.72, '70-74': 79.0, '75-79': 84.0, '80-84': 72.0, '85-89': 73.0, '90-94': 71.0, '95-99': 63.64, '100-104': 69.0, '105-109': 60.2, '110-114': 78.0, '115-119': 67.0, '120-124': 70.71, '125-129': 65.0, '130-134': 72.45, '135-139': 61.0, '140-144': 45.0, '145-149': 83.0, '150-154': 74.0, '155-159': 75.0, '160-164': 67.0, '165-169': 64.0, '170-174': 77.0, '175-179': 74.0, '180-184': 83.0, '185-189': 81.0, '190-194': 81.0, '195-199': 68.0, '200-204': 82.0, '205-209': 90.0, '210-214': 87.0, '215-219': 71.0, '220-224': 84.85, 'old': 70.1, 'new': 84.85}
2026-06-22 17:45:11,535 [trainer.py] => CNN top1 curve: [90.0, 94.0, 92.67, 85.0, 88.2, 88.67, 83.83, 80.73, 81.42, 82.48, 83.44, 83.57, 80.06, 79.4, 82.04, 82.23, 81.04, 77.59, 77.19, 76.26, 77.54, 77.45, 77.21, 76.2, 75.86, 74.67, 74.7, 73.57, 72.89, 72.36, 71.25, 72.46, 70.93, 69.58, 69.24, 68.46, 68.8, 68.51, 67.83, 67.46, 66.47, 66.98, 66.99, 65.0, 63.59]
2026-06-22 17:45:11,535 [trainer.py] => CNN top5 curve: [100.0, 100.0, 99.33, 99.25, 98.8, 98.33, 96.85, 97.0, 96.11, 96.5, 95.91, 95.58, 94.84, 95.21, 95.26, 95.37, 95.23, 94.1, 93.73, 92.54, 92.89, 92.67, 92.68, 91.52, 90.82, 90.48, 89.71, 90.19, 88.38, 88.47, 88.39, 88.72, 88.85, 88.0, 87.6, 87.11, 87.24, 86.92, 86.97, 86.3, 85.29, 85.64, 85.88, 85.0, 83.86]
2026-06-22 17:45:11,535 [trainer.py] => NME top1 curve: [91.0, 94.0, 94.67, 87.75, 90.8, 92.17, 87.98, 85.98, 87.21, 84.78, 84.9, 86.16, 84.99, 84.19, 84.78, 84.98, 83.92, 83.15, 82.24, 81.62, 81.4, 81.32, 81.53, 80.92, 80.55, 80.19, 80.42, 79.44, 78.32, 77.54, 76.65, 77.16, 76.34, 75.12, 75.14, 73.89, 74.0, 73.87, 73.48, 73.1, 72.92, 72.71, 72.16, 71.06, 70.43]
2026-06-22 17:45:11,536 [trainer.py] => NME top5 curve: [100.0, 100.0, 100.0, 99.75, 99.6, 99.83, 99.43, 98.87, 98.44, 98.5, 98.18, 98.08, 97.69, 97.57, 97.46, 97.75, 97.06, 97.11, 96.84, 96.14, 96.61, 95.99, 95.6, 95.41, 94.99, 95.03, 94.54, 94.48, 93.15, 92.81, 93.05, 93.11, 93.13, 92.36, 92.33, 91.59, 91.82, 91.75, 91.34, 91.13, 90.52, 90.36, 90.4, 90.46, 89.87]
2026-06-22 17:45:11,536 [trainer.py] => Average Accuracy (CNN): 76.57
2026-06-22 17:45:11,536 [trainer.py] => Average Accuracy (NME): 81.04
2026-06-22 17:45:11,537 [trainer.py] => All params: 85971681
2026-06-22 17:45:11,537 [trainer.py] => Trainable params: 85971681
2026-06-22 17:45:11,540 [icarl.py] => Learning on 225-230
2026-06-22 18:28:00,140 [icarl.py] => Task 45, Epoch 20/20 => Loss 1.696, Train_accy 98.89
2026-06-22 18:28:00,154 [base.py] => Constructing exemplars for new classes...(20 per classes)
2026-06-22 18:31:57,419 [icarl.py] => Exemplar size: 4600
2026-06-22 18:31:57,446 [trainer.py] => CNN: {'total': 63.73, '00-04': 31.0, '05-09': 52.0, '10-14': 71.0, '15-19': 40.0, '20-24': 66.0, '25-29': 62.0, '30-34': 47.47, '35-39': 52.0, '40-44': 63.0, '45-49': 69.0, '50-54': 45.0, '55-59': 67.0, '60-64': 56.0, '65-69': 60.61, '70-74': 72.0, '75-79': 80.0, '80-84': 59.0, '85-89': 61.0, '90-94': 60.0, '95-99': 57.58, '100-104': 67.0, '105-109': 46.94, '110-114': 75.0, '115-119': 43.0, '120-124': 56.57, '125-129': 56.0, '130-134': 63.27, '135-139': 64.0, '140-144': 23.0, '145-149': 67.0, '150-154': 60.0, '155-159': 69.0, '160-164': 52.0, '165-169': 61.0, '170-174': 70.0, '175-179': 67.0, '180-184': 84.0, '185-189': 78.0, '190-194': 70.0, '195-199': 70.0, '200-204': 77.0, '205-209': 94.0, '210-214': 80.0, '215-219': 82.0, '220-224': 86.87, '225-229': 97.0, 'old': 62.99, 'new': 97.0}
2026-06-22 18:31:57,446 [trainer.py] => NME: {'total': 70.75, '00-04': 38.0, '05-09': 71.0, '10-14': 75.0, '15-19': 47.0, '20-24': 68.0, '25-29': 61.0, '30-34': 54.55, '35-39': 63.0, '40-44': 76.0, '45-49': 68.0, '50-54': 60.0, '55-59': 75.0, '60-64': 65.0, '65-69': 72.73, '70-74': 80.0, '75-79': 85.0, '80-84': 72.0, '85-89': 74.0, '90-94': 73.0, '95-99': 61.62, '100-104': 73.0, '105-109': 63.27, '110-114': 79.0, '115-119': 66.0, '120-124': 69.7, '125-129': 63.0, '130-134': 71.43, '135-139': 60.0, '140-144': 38.0, '145-149': 87.0, '150-154': 72.0, '155-159': 76.0, '160-164': 66.0, '165-169': 67.0, '170-174': 80.0, '175-179': 72.0, '180-184': 84.0, '185-189': 80.0, '190-194': 83.0, '195-199': 69.0, '200-204': 82.0, '205-209': 91.0, '210-214': 87.0, '215-219': 72.0, '220-224': 77.78, '225-229': 85.0, 'old': 70.43, 'new': 85.0}
2026-06-22 18:31:57,446 [trainer.py] => CNN top1 curve: [90.0, 94.0, 92.67, 85.0, 88.2, 88.67, 83.83, 80.73, 81.42, 82.48, 83.44, 83.57, 80.06, 79.4, 82.04, 82.23, 81.04, 77.59, 77.19, 76.26, 77.54, 77.45, 77.21, 76.2, 75.86, 74.67, 74.7, 73.57, 72.89, 72.36, 71.25, 72.46, 70.93, 69.58, 69.24, 68.46, 68.8, 68.51, 67.83, 67.46, 66.47, 66.98, 66.99, 65.0, 63.59, 63.73]
2026-06-22 18:31:57,446 [trainer.py] => CNN top5 curve: [100.0, 100.0, 99.33, 99.25, 98.8, 98.33, 96.85, 97.0, 96.11, 96.5, 95.91, 95.58, 94.84, 95.21, 95.26, 95.37, 95.23, 94.1, 93.73, 92.54, 92.89, 92.67, 92.68, 91.52, 90.82, 90.48, 89.71, 90.19, 88.38, 88.47, 88.39, 88.72, 88.85, 88.0, 87.6, 87.11, 87.24, 86.92, 86.97, 86.3, 85.29, 85.64, 85.88, 85.0, 83.86, 83.47]
2026-06-22 18:31:57,446 [trainer.py] => NME top1 curve: [91.0, 94.0, 94.67, 87.75, 90.8, 92.17, 87.98, 85.98, 87.21, 84.78, 84.9, 86.16, 84.99, 84.19, 84.78, 84.98, 83.92, 83.15, 82.24, 81.62, 81.4, 81.32, 81.53, 80.92, 80.55, 80.19, 80.42, 79.44, 78.32, 77.54, 76.65, 77.16, 76.34, 75.12, 75.14, 73.89, 74.0, 73.87, 73.48, 73.1, 72.92, 72.71, 72.16, 71.06, 70.43, 70.75]
2026-06-22 18:31:57,446 [trainer.py] => NME top5 curve: [100.0, 100.0, 100.0, 99.75, 99.6, 99.83, 99.43, 98.87, 98.44, 98.5, 98.18, 98.08, 97.69, 97.57, 97.46, 97.75, 97.06, 97.11, 96.84, 96.14, 96.61, 95.99, 95.6, 95.41, 94.99, 95.03, 94.54, 94.48, 93.15, 92.81, 93.05, 93.11, 93.13, 92.36, 92.33, 91.59, 91.82, 91.75, 91.34, 91.13, 90.52, 90.36, 90.4, 90.46, 89.87, 89.92]
2026-06-22 18:31:57,446 [trainer.py] => Average Accuracy (CNN): 76.29
2026-06-22 18:31:57,446 [trainer.py] => Average Accuracy (NME): 80.82
2026-06-22 18:31:57,447 [trainer.py] => All params: 85975526
2026-06-22 18:31:57,448 [trainer.py] => Trainable params: 85975526
2026-06-22 18:31:57,451 [icarl.py] => Learning on 230-235
2026-06-22 19:15:44,502 [icarl.py] => Task 46, Epoch 20/20 => Loss 1.853, Train_accy 98.35
2026-06-22 19:15:44,512 [base.py] => Constructing exemplars for new classes...(20 per classes)
2026-06-22 19:19:44,379 [icarl.py] => Exemplar size: 4700
2026-06-22 19:19:44,409 [trainer.py] => CNN: {'total': 63.92, '00-04': 30.0, '05-09': 53.0, '10-14': 72.0, '15-19': 33.0, '20-24': 69.0, '25-29': 60.0, '30-34': 50.51, '35-39': 54.0, '40-44': 63.0, '45-49': 72.0, '50-54': 48.0, '55-59': 53.0, '60-64': 59.0, '65-69': 63.64, '70-74': 66.0, '75-79': 77.0, '80-84': 63.0, '85-89': 66.0, '90-94': 62.0, '95-99': 51.52, '100-104': 70.0, '105-109': 54.08, '110-114': 73.0, '115-119': 48.0, '120-124': 59.6, '125-129': 41.0, '130-134': 64.29, '135-139': 58.0, '140-144': 24.0, '145-149': 65.0, '150-154': 60.0, '155-159': 70.0, '160-164': 49.0, '165-169': 56.0, '170-174': 69.0, '175-179': 72.0, '180-184': 82.0, '185-189': 86.0, '190-194': 67.0, '195-199': 66.0, '200-204': 77.0, '205-209': 91.0, '210-214': 81.0, '215-219': 75.0, '220-224': 90.91, '225-229': 94.0, '230-234': 95.96, 'old': 63.23, 'new': 95.96}
2026-06-22 19:19:44,409 [trainer.py] => NME: {'total': 70.49, '00-04': 39.0, '05-09': 65.0, '10-14': 75.0, '15-19': 46.0, '20-24': 68.0, '25-29': 62.0, '30-34': 55.56, '35-39': 63.0, '40-44': 75.0, '45-49': 70.0, '50-54': 59.0, '55-59': 63.0, '60-64': 64.0, '65-69': 75.76, '70-74': 75.0, '75-79': 85.0, '80-84': 71.0, '85-89': 75.0, '90-94': 74.0, '95-99': 60.61, '100-104': 72.0, '105-109': 65.31, '110-114': 78.0, '115-119': 66.0, '120-124': 69.7, '125-129': 62.0, '130-134': 68.37, '135-139': 65.0, '140-144': 39.0, '145-149': 84.0, '150-154': 73.0, '155-159': 75.0, '160-164': 66.0, '165-169': 64.0, '170-174': 80.0, '175-179': 71.0, '180-184': 86.0, '185-189': 79.0, '190-194': 84.0, '195-199': 72.0, '200-204': 83.0, '205-209': 89.0, '210-214': 87.0, '215-219': 69.0, '220-224': 77.78, '225-229': 85.0, '230-234': 81.82, 'old': 70.25, 'new': 81.82}
2026-06-22 19:19:44,409 [trainer.py] => CNN top1 curve: [90.0, 94.0, 92.67, 85.0, 88.2, 88.67, 83.83, 80.73, 81.42, 82.48, 83.44, 83.57, 80.06, 79.4, 82.04, 82.23, 81.04, 77.59, 77.19, 76.26, 77.54, 77.45, 77.21, 76.2, 75.86, 74.67, 74.7, 73.57, 72.89, 72.36, 71.25, 72.46, 70.93, 69.58, 69.24, 68.46, 68.8, 68.51, 67.83, 67.46, 66.47, 66.98, 66.99, 65.0, 63.59, 63.73, 63.92]
2026-06-22 19:19:44,409 [trainer.py] => CNN top5 curve: [100.0, 100.0, 99.33, 99.25, 98.8, 98.33, 96.85, 97.0, 96.11, 96.5, 95.91, 95.58, 94.84, 95.21, 95.26, 95.37, 95.23, 94.1, 93.73, 92.54, 92.89, 92.67, 92.68, 91.52, 90.82, 90.48, 89.71, 90.19, 88.38, 88.47, 88.39, 88.72, 88.85, 88.0, 87.6, 87.11, 87.24, 86.92, 86.97, 86.3, 85.29, 85.64, 85.88, 85.0, 83.86, 83.47, 83.58]
2026-06-22 19:19:44,409 [trainer.py] => NME top1 curve: [91.0, 94.0, 94.67, 87.75, 90.8, 92.17, 87.98, 85.98, 87.21, 84.78, 84.9, 86.16, 84.99, 84.19, 84.78, 84.98, 83.92, 83.15, 82.24, 81.62, 81.4, 81.32, 81.53, 80.92, 80.55, 80.19, 80.42, 79.44, 78.32, 77.54, 76.65, 77.16, 76.34, 75.12, 75.14, 73.89, 74.0, 73.87, 73.48, 73.1, 72.92, 72.71, 72.16, 71.06, 70.43, 70.75, 70.49]
2026-06-22 19:19:44,409 [trainer.py] => NME top5 curve: [100.0, 100.0, 100.0, 99.75, 99.6, 99.83, 99.43, 98.87, 98.44, 98.5, 98.18, 98.08, 97.69, 97.57, 97.46, 97.75, 97.06, 97.11, 96.84, 96.14, 96.61, 95.99, 95.6, 95.41, 94.99, 95.03, 94.54, 94.48, 93.15, 92.81, 93.05, 93.11, 93.13, 92.36, 92.33, 91.59, 91.82, 91.75, 91.34, 91.13, 90.52, 90.36, 90.4, 90.46, 89.87, 89.92, 89.45]
2026-06-22 19:19:44,409 [trainer.py] => Average Accuracy (CNN): 76.03
2026-06-22 19:19:44,409 [trainer.py] => Average Accuracy (NME): 80.6
2026-06-22 19:19:44,410 [trainer.py] => All params: 85979371
2026-06-22 19:19:44,411 [trainer.py] => Trainable params: 85979371
2026-06-22 19:19:44,415 [icarl.py] => Learning on 235-240
2026-06-22 20:04:51,514 [icarl.py] => Task 47, Epoch 20/20 => Loss 1.715, Train_accy 98.34
2026-06-22 20:04:51,532 [base.py] => Constructing exemplars for new classes...(20 per classes)
2026-06-22 20:08:54,891 [icarl.py] => Exemplar size: 4800
2026-06-22 20:08:54,930 [trainer.py] => CNN: {'total': 63.44, '00-04': 31.0, '05-09': 58.0, '10-14': 76.0, '15-19': 37.0, '20-24': 68.0, '25-29': 59.0, '30-34': 48.48, '35-39': 55.0, '40-44': 65.0, '45-49': 71.0, '50-54': 43.0, '55-59': 55.0, '60-64': 56.0, '65-69': 66.67, '70-74': 65.0, '75-79': 63.0, '80-84': 62.0, '85-89': 65.0, '90-94': 61.0, '95-99': 50.51, '100-104': 74.0, '105-109': 62.24, '110-114': 72.0, '115-119': 45.0, '120-124': 60.61, '125-129': 47.0, '130-134': 60.2, '135-139': 64.0, '140-144': 24.0, '145-149': 66.0, '150-154': 59.0, '155-159': 69.0, '160-164': 41.0, '165-169': 58.0, '170-174': 71.0, '175-179': 68.0, '180-184': 75.0, '185-189': 82.0, '190-194': 73.0, '195-199': 64.0, '200-204': 62.0, '205-209': 84.0, '210-214': 78.0, '215-219': 79.0, '220-224': 88.89, '225-229': 90.0, '230-234': 75.76, '235-239': 96.97, 'old': 62.73, 'new': 96.97}
2026-06-22 20:08:54,931 [trainer.py] => NME: {'total': 69.43, '00-04': 39.0, '05-09': 70.0, '10-14': 77.0, '15-19': 47.0, '20-24': 68.0, '25-29': 61.0, '30-34': 55.56, '35-39': 64.0, '40-44': 77.0, '45-49': 70.0, '50-54': 55.0, '55-59': 64.0, '60-64': 62.0, '65-69': 76.77, '70-74': 71.0, '75-79': 77.0, '80-84': 75.0, '85-89': 73.0, '90-94': 72.0, '95-99': 64.65, '100-104': 72.0, '105-109': 62.24, '110-114': 78.0, '115-119': 67.0, '120-124': 68.69, '125-129': 54.0, '130-134': 66.33, '135-139': 60.0, '140-144': 39.0, '145-149': 83.0, '150-154': 70.0, '155-159': 77.0, '160-164': 65.0, '165-169': 65.0, '170-174': 76.0, '175-179': 72.0, '180-184': 82.0, '185-189': 77.0, '190-194': 81.0, '195-199': 70.0, '200-204': 74.0, '205-209': 86.0, '210-214': 85.0, '215-219': 70.0, '220-224': 77.78, '225-229': 83.0, '230-234': 75.76, '235-239': 76.77, 'old': 69.28, 'new': 76.77}
2026-06-22 20:08:54,931 [trainer.py] => CNN top1 curve: [90.0, 94.0, 92.67, 85.0, 88.2, 88.67, 83.83, 80.73, 81.42, 82.48, 83.44, 83.57, 80.06, 79.4, 82.04, 82.23, 81.04, 77.59, 77.19, 76.26, 77.54, 77.45, 77.21, 76.2, 75.86, 74.67, 74.7, 73.57, 72.89, 72.36, 71.25, 72.46, 70.93, 69.58, 69.24, 68.46, 68.8, 68.51, 67.83, 67.46, 66.47, 66.98, 66.99, 65.0, 63.59, 63.73, 63.92, 63.44]
2026-06-22 20:08:54,931 [trainer.py] => CNN top5 curve: [100.0, 100.0, 99.33, 99.25, 98.8, 98.33, 96.85, 97.0, 96.11, 96.5, 95.91, 95.58, 94.84, 95.21, 95.26, 95.37, 95.23, 94.1, 93.73, 92.54, 92.89, 92.67, 92.68, 91.52, 90.82, 90.48, 89.71, 90.19, 88.38, 88.47, 88.39, 88.72, 88.85, 88.0, 87.6, 87.11, 87.24, 86.92, 86.97, 86.3, 85.29, 85.64, 85.88, 85.0, 83.86, 83.47, 83.58, 83.34]
2026-06-22 20:08:54,931 [trainer.py] => NME top1 curve: [91.0, 94.0, 94.67, 87.75, 90.8, 92.17, 87.98, 85.98, 87.21, 84.78, 84.9, 86.16, 84.99, 84.19, 84.78, 84.98, 83.92, 83.15, 82.24, 81.62, 81.4, 81.32, 81.53, 80.92, 80.55, 80.19, 80.42, 79.44, 78.32, 77.54, 76.65, 77.16, 76.34, 75.12, 75.14, 73.89, 74.0, 73.87, 73.48, 73.1, 72.92, 72.71, 72.16, 71.06, 70.43, 70.75, 70.49, 69.43]
2026-06-22 20:08:54,931 [trainer.py] => NME top5 curve: [100.0, 100.0, 100.0, 99.75, 99.6, 99.83, 99.43, 98.87, 98.44, 98.5, 98.18, 98.08, 97.69, 97.57, 97.46, 97.75, 97.06, 97.11, 96.84, 96.14, 96.61, 95.99, 95.6, 95.41, 94.99, 95.03, 94.54, 94.48, 93.15, 92.81, 93.05, 93.11, 93.13, 92.36, 92.33, 91.59, 91.82, 91.75, 91.34, 91.13, 90.52, 90.36, 90.4, 90.46, 89.87, 89.92, 89.45, 89.87]
2026-06-22 20:08:54,931 [trainer.py] => Average Accuracy (CNN): 75.77
2026-06-22 20:08:54,931 [trainer.py] => Average Accuracy (NME): 80.37
2026-06-22 20:08:54,932 [trainer.py] => All params: 85983216
2026-06-22 20:08:54,932 [trainer.py] => Trainable params: 85983216
2026-06-22 20:08:54,936 [icarl.py] => Learning on 240-245
2026-06-22 20:53:30,761 [icarl.py] => Task 48, Epoch 20/20 => Loss 1.811, Train_accy 98.64
2026-06-22 20:53:30,772 [base.py] => Constructing exemplars for new classes...(20 per classes)
2026-06-22 20:56:50,975 [icarl.py] => Exemplar size: 4900
2026-06-22 20:56:51,003 [trainer.py] => CNN: {'total': 64.49, '00-04': 35.0, '05-09': 59.0, '10-14': 76.0, '15-19': 39.0, '20-24': 71.0, '25-29': 58.0, '30-34': 50.51, '35-39': 51.0, '40-44': 62.0, '45-49': 67.0, '50-54': 48.0, '55-59': 58.0, '60-64': 59.0, '65-69': 66.67, '70-74': 70.0, '75-79': 66.0, '80-84': 67.0, '85-89': 62.0, '90-94': 56.0, '95-99': 58.59, '100-104': 67.0, '105-109': 66.33, '110-114': 74.0, '115-119': 51.0, '120-124': 59.6, '125-129': 53.0, '130-134': 62.24, '135-139': 57.0, '140-144': 27.0, '145-149': 66.0, '150-154': 65.0, '155-159': 69.0, '160-164': 40.0, '165-169': 58.0, '170-174': 72.0, '175-179': 65.0, '180-184': 74.0, '185-189': 84.0, '190-194': 79.0, '195-199': 64.0, '200-204': 57.0, '205-209': 87.0, '210-214': 79.0, '215-219': 69.0, '220-224': 82.83, '225-229': 89.0, '230-234': 77.78, '235-239': 90.91, '240-244': 95.0, 'old': 63.85, 'new': 95.0}
2026-06-22 20:56:51,003 [trainer.py] => NME: {'total': 69.46, '00-04': 41.0, '05-09': 69.0, '10-14': 78.0, '15-19': 47.0, '20-24': 69.0, '25-29': 64.0, '30-34': 54.55, '35-39': 59.0, '40-44': 77.0, '45-49': 72.0, '50-54': 53.0, '55-59': 63.0, '60-64': 64.0, '65-69': 78.79, '70-74': 75.0, '75-79': 77.0, '80-84': 72.0, '85-89': 73.0, '90-94': 71.0, '95-99': 64.65, '100-104': 70.0, '105-109': 62.24, '110-114': 78.0, '115-119': 67.0, '120-124': 66.67, '125-129': 58.0, '130-134': 65.31, '135-139': 59.0, '140-144': 38.0, '145-149': 86.0, '150-154': 70.0, '155-159': 77.0, '160-164': 64.0, '165-169': 61.0, '170-174': 74.0, '175-179': 73.0, '180-184': 77.0, '185-189': 79.0, '190-194': 80.0, '195-199': 71.0, '200-204': 69.0, '205-209': 87.0, '210-214': 81.0, '215-219': 66.0, '220-224': 76.77, '225-229': 83.0, '230-234': 76.77, '235-239': 76.77, '240-244': 89.0, 'old': 69.05, 'new': 89.0}
2026-06-22 20:56:51,003 [trainer.py] => CNN top1 curve: [90.0, 94.0, 92.67, 85.0, 88.2, 88.67, 83.83, 80.73, 81.42, 82.48, 83.44, 83.57, 80.06, 79.4, 82.04, 82.23, 81.04, 77.59, 77.19, 76.26, 77.54, 77.45, 77.21, 76.2, 75.86, 74.67, 74.7, 73.57, 72.89, 72.36, 71.25, 72.46, 70.93, 69.58, 69.24, 68.46, 68.8, 68.51, 67.83, 67.46, 66.47, 66.98, 66.99, 65.0, 63.59, 63.73, 63.92, 63.44, 64.49]
2026-06-22 20:56:51,003 [trainer.py] => CNN top5 curve: [100.0, 100.0, 99.33, 99.25, 98.8, 98.33, 96.85, 97.0, 96.11, 96.5, 95.91, 95.58, 94.84, 95.21, 95.26, 95.37, 95.23, 94.1, 93.73, 92.54, 92.89, 92.67, 92.68, 91.52, 90.82, 90.48, 89.71, 90.19, 88.38, 88.47, 88.39, 88.72, 88.85, 88.0, 87.6, 87.11, 87.24, 86.92, 86.97, 86.3, 85.29, 85.64, 85.88, 85.0, 83.86, 83.47, 83.58, 83.34, 84.05]
2026-06-22 20:56:51,003 [trainer.py] => NME top1 curve: [91.0, 94.0, 94.67, 87.75, 90.8, 92.17, 87.98, 85.98, 87.21, 84.78, 84.9, 86.16, 84.99, 84.19, 84.78, 84.98, 83.92, 83.15, 82.24, 81.62, 81.4, 81.32, 81.53, 80.92, 80.55, 80.19, 80.42, 79.44, 78.32, 77.54, 76.65, 77.16, 76.34, 75.12, 75.14, 73.89, 74.0, 73.87, 73.48, 73.1, 72.92, 72.71, 72.16, 71.06, 70.43, 70.75, 70.49, 69.43, 69.46]
2026-06-22 20:56:51,003 [trainer.py] => NME top5 curve: [100.0, 100.0, 100.0, 99.75, 99.6, 99.83, 99.43, 98.87, 98.44, 98.5, 98.18, 98.08, 97.69, 97.57, 97.46, 97.75, 97.06, 97.11, 96.84, 96.14, 96.61, 95.99, 95.6, 95.41, 94.99, 95.03, 94.54, 94.48, 93.15, 92.81, 93.05, 93.11, 93.13, 92.36, 92.33, 91.59, 91.82, 91.75, 91.34, 91.13, 90.52, 90.36, 90.4, 90.46, 89.87, 89.92, 89.45, 89.87, 89.81]
2026-06-22 20:56:51,004 [trainer.py] => Average Accuracy (CNN): 75.54
2026-06-22 20:56:51,004 [trainer.py] => Average Accuracy (NME): 80.14
2026-06-22 20:56:51,004 [trainer.py] => All params: 85987061
2026-06-22 20:56:51,005 [trainer.py] => Trainable params: 85987061
2026-06-22 20:56:51,009 [icarl.py] => Learning on 245-250
2026-06-22 21:42:23,059 [icarl.py] => Task 49, Epoch 20/20 => Loss 1.754, Train_accy 98.64
2026-06-22 21:42:23,074 [base.py] => Constructing exemplars for new classes...(20 per classes)
2026-06-22 21:45:51,019 [icarl.py] => Exemplar size: 5000
2026-06-22 21:45:51,036 [trainer.py] => CNN: {'total': 63.9, '00-04': 34.0, '05-09': 60.0, '10-14': 76.0, '15-19': 40.0, '20-24': 69.0, '25-29': 58.0, '30-34': 49.49, '35-39': 53.0, '40-44': 67.0, '45-49': 67.0, '50-54': 52.0, '55-59': 53.0, '60-64': 56.0, '65-69': 67.68, '70-74': 73.0, '75-79': 69.0, '80-84': 65.0, '85-89': 58.0, '90-94': 59.0, '95-99': 48.48, '100-104': 69.0, '105-109': 62.24, '110-114': 73.0, '115-119': 45.0, '120-124': 53.54, '125-129': 45.0, '130-134': 51.02, '135-139': 59.0, '140-144': 28.0, '145-149': 72.0, '150-154': 63.0, '155-159': 66.0, '160-164': 46.0, '165-169': 55.0, '170-174': 67.0, '175-179': 71.0, '180-184': 72.0, '185-189': 79.0, '190-194': 73.0, '195-199': 66.0, '200-204': 54.0, '205-209': 85.0, '210-214': 78.0, '215-219': 65.0, '220-224': 79.8, '225-229': 91.0, '230-234': 79.8, '235-239': 82.83, '240-244': 93.0, '245-249': 96.0, 'old': 63.24, 'new': 96.0}
2026-06-22 21:45:51,036 [trainer.py] => NME: {'total': 68.47, '00-04': 39.0, '05-09': 62.0, '10-14': 76.0, '15-19': 47.0, '20-24': 67.0, '25-29': 62.0, '30-34': 52.53, '35-39': 61.0, '40-44': 74.0, '45-49': 73.0, '50-54': 58.0, '55-59': 60.0, '60-64': 64.0, '65-69': 77.78, '70-74': 74.0, '75-79': 75.0, '80-84': 72.0, '85-89': 70.0, '90-94': 72.0, '95-99': 60.61, '100-104': 72.0, '105-109': 64.29, '110-114': 75.0, '115-119': 69.0, '120-124': 65.66, '125-129': 54.0, '130-134': 61.22, '135-139': 60.0, '140-144': 34.0, '145-149': 85.0, '150-154': 71.0, '155-159': 74.0, '160-164': 60.0, '165-169': 62.0, '170-174': 74.0, '175-179': 69.0, '180-184': 78.0, '185-189': 76.0, '190-194': 78.0, '195-199': 69.0, '200-204': 71.0, '205-209': 86.0, '210-214': 82.0, '215-219': 64.0, '220-224': 74.75, '225-229': 83.0, '230-234': 71.72, '235-239': 71.72, '240-244': 86.0, '245-249': 85.0, 'old': 68.13, 'new': 85.0}
2026-06-22 21:45:51,036 [trainer.py] => CNN top1 curve: [90.0, 94.0, 92.67, 85.0, 88.2, 88.67, 83.83, 80.73, 81.42, 82.48, 83.44, 83.57, 80.06, 79.4, 82.04, 82.23, 81.04, 77.59, 77.19, 76.26, 77.54, 77.45, 77.21, 76.2, 75.86, 74.67, 74.7, 73.57, 72.89, 72.36, 71.25, 72.46, 70.93, 69.58, 69.24, 68.46, 68.8, 68.51, 67.83, 67.46, 66.47, 66.98, 66.99, 65.0, 63.59, 63.73, 63.92, 63.44, 64.49, 63.9]
2026-06-22 21:45:51,037 [trainer.py] => CNN top5 curve: [100.0, 100.0, 99.33, 99.25, 98.8, 98.33, 96.85, 97.0, 96.11, 96.5, 95.91, 95.58, 94.84, 95.21, 95.26, 95.37, 95.23, 94.1, 93.73, 92.54, 92.89, 92.67, 92.68, 91.52, 90.82, 90.48, 89.71, 90.19, 88.38, 88.47, 88.39, 88.72, 88.85, 88.0, 87.6, 87.11, 87.24, 86.92, 86.97, 86.3, 85.29, 85.64, 85.88, 85.0, 83.86, 83.47, 83.58, 83.34, 84.05, 83.66]
2026-06-22 21:45:51,037 [trainer.py] => NME top1 curve: [91.0, 94.0, 94.67, 87.75, 90.8, 92.17, 87.98, 85.98, 87.21, 84.78, 84.9, 86.16, 84.99, 84.19, 84.78, 84.98, 83.92, 83.15, 82.24, 81.62, 81.4, 81.32, 81.53, 80.92, 80.55, 80.19, 80.42, 79.44, 78.32, 77.54, 76.65, 77.16, 76.34, 75.12, 75.14, 73.89, 74.0, 73.87, 73.48, 73.1, 72.92, 72.71, 72.16, 71.06, 70.43, 70.75, 70.49, 69.43, 69.46, 68.47]
2026-06-22 21:45:51,037 [trainer.py] => NME top5 curve: [100.0, 100.0, 100.0, 99.75, 99.6, 99.83, 99.43, 98.87, 98.44, 98.5, 98.18, 98.08, 97.69, 97.57, 97.46, 97.75, 97.06, 97.11, 96.84, 96.14, 96.61, 95.99, 95.6, 95.41, 94.99, 95.03, 94.54, 94.48, 93.15, 92.81, 93.05, 93.11, 93.13, 92.36, 92.33, 91.59, 91.82, 91.75, 91.34, 91.13, 90.52, 90.36, 90.4, 90.46, 89.87, 89.92, 89.45, 89.87, 89.81, 89.2]
2026-06-22 21:45:51,037 [trainer.py] => Average Accuracy (CNN): 75.31
2026-06-22 21:45:51,037 [trainer.py] => Average Accuracy (NME): 79.91
2026-06-22 21:45:51,038 [trainer.py] => All params: 85990906
2026-06-22 21:45:51,039 [trainer.py] => Trainable params: 85990906
2026-06-22 21:45:51,063 [icarl.py] => Learning on 250-255
2026-06-22 22:31:24,050 [icarl.py] => Task 50, Epoch 20/20 => Loss 1.646, Train_accy 98.85
2026-06-22 22:31:24,063 [base.py] => Constructing exemplars for new classes...(20 per classes)
2026-06-22 22:34:43,281 [icarl.py] => Exemplar size: 5100
2026-06-22 22:34:43,282 [trainer.py] => CNN: {'total': 63.58, '00-04': 35.0, '05-09': 61.0, '10-14': 74.0, '15-19': 41.0, '20-24': 65.0, '25-29': 61.0, '30-34': 51.52, '35-39': 50.0, '40-44': 65.0, '45-49': 71.0, '50-54': 49.0, '55-59': 52.0, '60-64': 51.0, '65-69': 68.69, '70-74': 72.0, '75-79': 55.0, '80-84': 64.0, '85-89': 56.0, '90-94': 58.0, '95-99': 53.54, '100-104': 67.0, '105-109': 63.27, '110-114': 74.0, '115-119': 51.0, '120-124': 53.54, '125-129': 46.0, '130-134': 53.06, '135-139': 61.0, '140-144': 32.0, '145-149': 71.0, '150-154': 61.0, '155-159': 64.0, '160-164': 45.0, '165-169': 60.0, '170-174': 63.0, '175-179': 67.0, '180-184': 73.0, '185-189': 77.0, '190-194': 69.0, '195-199': 64.0, '200-204': 56.0, '205-209': 86.0, '210-214': 77.0, '215-219': 55.0, '220-224': 69.7, '225-229': 90.0, '230-234': 75.76, '235-239': 82.83, '240-244': 91.0, '245-249': 94.0, '250-254': 96.97, 'old': 62.92, 'new': 96.97}
2026-06-22 22:34:43,282 [trainer.py] => NME: {'total': 68.47, '00-04': 41.0, '05-09': 66.0, '10-14': 77.0, '15-19': 46.0, '20-24': 71.0, '25-29': 63.0, '30-34': 52.53, '35-39': 57.0, '40-44': 76.0, '45-49': 69.0, '50-54': 56.0, '55-59': 59.0, '60-64': 61.0, '65-69': 74.75, '70-74': 73.0, '75-79': 65.0, '80-84': 72.0, '85-89': 71.0, '90-94': 70.0, '95-99': 63.64, '100-104': 69.0, '105-109': 61.22, '110-114': 75.0, '115-119': 67.0, '120-124': 64.65, '125-129': 57.0, '130-134': 62.24, '135-139': 61.0, '140-144': 34.0, '145-149': 83.0, '150-154': 70.0, '155-159': 75.0, '160-164': 60.0, '165-169': 61.0, '170-174': 77.0, '175-179': 67.0, '180-184': 79.0, '185-189': 77.0, '190-194': 78.0, '195-199': 67.0, '200-204': 71.0, '205-209': 87.0, '210-214': 81.0, '215-219': 61.0, '220-224': 72.73, '225-229': 84.0, '230-234': 74.75, '235-239': 73.74, '240-244': 87.0, '245-249': 82.0, '250-254': 88.89, 'old': 68.07, 'new': 88.89}
2026-06-22 22:34:43,282 [trainer.py] => CNN top1 curve: [90.0, 94.0, 92.67, 85.0, 88.2, 88.67, 83.83, 80.73, 81.42, 82.48, 83.44, 83.57, 80.06, 79.4, 82.04, 82.23, 81.04, 77.59, 77.19, 76.26, 77.54, 77.45, 77.21, 76.2, 75.86, 74.67, 74.7, 73.57, 72.89, 72.36, 71.25, 72.46, 70.93, 69.58, 69.24, 68.46, 68.8, 68.51, 67.83, 67.46, 66.47, 66.98, 66.99, 65.0, 63.59, 63.73, 63.92, 63.44, 64.49, 63.9, 63.58]
2026-06-22 22:34:43,282 [trainer.py] => CNN top5 curve: [100.0, 100.0, 99.33, 99.25, 98.8, 98.33, 96.85, 97.0, 96.11, 96.5, 95.91, 95.58, 94.84, 95.21, 95.26, 95.37, 95.23, 94.1, 93.73, 92.54, 92.89, 92.67, 92.68, 91.52, 90.82, 90.48, 89.71, 90.19, 88.38, 88.47, 88.39, 88.72, 88.85, 88.0, 87.6, 87.11, 87.24, 86.92, 86.97, 86.3, 85.29, 85.64, 85.88, 85.0, 83.86, 83.47, 83.58, 83.34, 84.05, 83.66, 83.63]
2026-06-22 22:34:43,282 [trainer.py] => NME top1 curve: [91.0, 94.0, 94.67, 87.75, 90.8, 92.17, 87.98, 85.98, 87.21, 84.78, 84.9, 86.16, 84.99, 84.19, 84.78, 84.98, 83.92, 83.15, 82.24, 81.62, 81.4, 81.32, 81.53, 80.92, 80.55, 80.19, 80.42, 79.44, 78.32, 77.54, 76.65, 77.16, 76.34, 75.12, 75.14, 73.89, 74.0, 73.87, 73.48, 73.1, 72.92, 72.71, 72.16, 71.06, 70.43, 70.75, 70.49, 69.43, 69.46, 68.47, 68.47]
2026-06-22 22:34:43,282 [trainer.py] => NME top5 curve: [100.0, 100.0, 100.0, 99.75, 99.6, 99.83, 99.43, 98.87, 98.44, 98.5, 98.18, 98.08, 97.69, 97.57, 97.46, 97.75, 97.06, 97.11, 96.84, 96.14, 96.61, 95.99, 95.6, 95.41, 94.99, 95.03, 94.54, 94.48, 93.15, 92.81, 93.05, 93.11, 93.13, 92.36, 92.33, 91.59, 91.82, 91.75, 91.34, 91.13, 90.52, 90.36, 90.4, 90.46, 89.87, 89.92, 89.45, 89.87, 89.81, 89.2, 89.03]
2026-06-22 22:34:43,282 [trainer.py] => Average Accuracy (CNN): 75.08
2026-06-22 22:34:43,282 [trainer.py] => Average Accuracy (NME): 79.69
2026-06-22 22:34:43,283 [trainer.py] => All params: 85994751
2026-06-22 22:34:43,283 [trainer.py] => Trainable params: 85994751
2026-06-22 22:34:43,285 [icarl.py] => Learning on 255-260
2026-06-22 23:21:20,186 [icarl.py] => Task 51, Epoch 20/20 => Loss 1.759, Train_accy 98.64
2026-06-22 23:21:20,205 [base.py] => Constructing exemplars for new classes...(20 per classes)
2026-06-22 23:24:42,189 [icarl.py] => Exemplar size: 5200
2026-06-22 23:24:42,190 [trainer.py] => CNN: {'total': 63.7, '00-04': 29.0, '05-09': 62.0, '10-14': 74.0, '15-19': 42.0, '20-24': 69.0, '25-29': 62.0, '30-34': 52.53, '35-39': 46.0, '40-44': 64.0, '45-49': 69.0, '50-54': 46.0, '55-59': 58.0, '60-64': 55.0, '65-69': 67.68, '70-74': 73.0, '75-79': 58.0, '80-84': 66.0, '85-89': 58.0, '90-94': 60.0, '95-99': 55.56, '100-104': 69.0, '105-109': 59.18, '110-114': 73.0, '115-119': 48.0, '120-124': 58.59, '125-129': 46.0, '130-134': 55.1, '135-139': 60.0, '140-144': 32.0, '145-149': 72.0, '150-154': 63.0, '155-159': 68.0, '160-164': 44.0, '165-169': 57.0, '170-174': 65.0, '175-179': 62.0, '180-184': 71.0, '185-189': 76.0, '190-194': 61.0, '195-199': 61.0, '200-204': 56.0, '205-209': 85.0, '210-214': 75.0, '215-219': 57.0, '220-224': 70.71, '225-229': 86.0, '230-234': 76.77, '235-239': 81.82, '240-244': 82.0, '245-249': 82.0, '250-254': 94.95, '255-259': 98.0, 'old': 63.03, 'new': 98.0}
2026-06-22 23:24:42,190 [trainer.py] => NME: {'total': 68.08, '00-04': 39.0, '05-09': 64.0, '10-14': 77.0, '15-19': 47.0, '20-24': 70.0, '25-29': 61.0, '30-34': 53.54, '35-39': 56.0, '40-44': 75.0, '45-49': 71.0, '50-54': 55.0, '55-59': 61.0, '60-64': 62.0, '65-69': 72.73, '70-74': 76.0, '75-79': 64.0, '80-84': 67.0, '85-89': 70.0, '90-94': 72.0, '95-99': 61.62, '100-104': 70.0, '105-109': 59.18, '110-114': 77.0, '115-119': 64.0, '120-124': 66.67, '125-129': 57.0, '130-134': 63.27, '135-139': 62.0, '140-144': 33.0, '145-149': 84.0, '150-154': 72.0, '155-159': 74.0, '160-164': 61.0, '165-169': 57.0, '170-174': 71.0, '175-179': 67.0, '180-184': 77.0, '185-189': 76.0, '190-194': 79.0, '195-199': 68.0, '200-204': 66.0, '205-209': 88.0, '210-214': 81.0, '215-219': 60.0, '220-224': 71.72, '225-229': 85.0, '230-234': 71.72, '235-239': 74.75, '240-244': 82.0, '245-249': 82.0, '250-254': 81.82, '255-259': 83.0, 'old': 67.79, 'new': 83.0}
2026-06-22 23:24:42,190 [trainer.py] => CNN top1 curve: [90.0, 94.0, 92.67, 85.0, 88.2, 88.67, 83.83, 80.73, 81.42, 82.48, 83.44, 83.57, 80.06, 79.4, 82.04, 82.23, 81.04, 77.59, 77.19, 76.26, 77.54, 77.45, 77.21, 76.2, 75.86, 74.67, 74.7, 73.57, 72.89, 72.36, 71.25, 72.46, 70.93, 69.58, 69.24, 68.46, 68.8, 68.51, 67.83, 67.46, 66.47, 66.98, 66.99, 65.0, 63.59, 63.73, 63.92, 63.44, 64.49, 63.9, 63.58, 63.7]
2026-06-22 23:24:42,190 [trainer.py] => CNN top5 curve: [100.0, 100.0, 99.33, 99.25, 98.8, 98.33, 96.85, 97.0, 96.11, 96.5, 95.91, 95.58, 94.84, 95.21, 95.26, 95.37, 95.23, 94.1, 93.73, 92.54, 92.89, 92.67, 92.68, 91.52, 90.82, 90.48, 89.71, 90.19, 88.38, 88.47, 88.39, 88.72, 88.85, 88.0, 87.6, 87.11, 87.24, 86.92, 86.97, 86.3, 85.29, 85.64, 85.88, 85.0, 83.86, 83.47, 83.58, 83.34, 84.05, 83.66, 83.63, 82.88]
2026-06-22 23:24:42,190 [trainer.py] => NME top1 curve: [91.0, 94.0, 94.67, 87.75, 90.8, 92.17, 87.98, 85.98, 87.21, 84.78, 84.9, 86.16, 84.99, 84.19, 84.78, 84.98, 83.92, 83.15, 82.24, 81.62, 81.4, 81.32, 81.53, 80.92, 80.55, 80.19, 80.42, 79.44, 78.32, 77.54, 76.65, 77.16, 76.34, 75.12, 75.14, 73.89, 74.0, 73.87, 73.48, 73.1, 72.92, 72.71, 72.16, 71.06, 70.43, 70.75, 70.49, 69.43, 69.46, 68.47, 68.47, 68.08]
2026-06-22 23:24:42,190 [trainer.py] => NME top5 curve: [100.0, 100.0, 100.0, 99.75, 99.6, 99.83, 99.43, 98.87, 98.44, 98.5, 98.18, 98.08, 97.69, 97.57, 97.46, 97.75, 97.06, 97.11, 96.84, 96.14, 96.61, 95.99, 95.6, 95.41, 94.99, 95.03, 94.54, 94.48, 93.15, 92.81, 93.05, 93.11, 93.13, 92.36, 92.33, 91.59, 91.82, 91.75, 91.34, 91.13, 90.52, 90.36, 90.4, 90.46, 89.87, 89.92, 89.45, 89.87, 89.81, 89.2, 89.03, 88.63]
2026-06-22 23:24:42,190 [trainer.py] => Average Accuracy (CNN): 74.86
2026-06-22 23:24:42,190 [trainer.py] => Average Accuracy (NME): 79.46
2026-06-22 23:24:42,191 [trainer.py] => All params: 85998596
2026-06-22 23:24:42,191 [trainer.py] => Trainable params: 85998596
2026-06-22 23:24:42,195 [icarl.py] => Learning on 260-265
2026-06-23 00:12:33,567 [icarl.py] => Task 52, Epoch 20/20 => Loss 1.863, Train_accy 98.10
2026-06-23 00:12:33,585 [base.py] => Constructing exemplars for new classes...(20 per classes)
2026-06-23 00:16:08,060 [icarl.py] => Exemplar size: 5300
2026-06-23 00:16:08,060 [trainer.py] => CNN: {'total': 62.32, '00-04': 28.0, '05-09': 62.0, '10-14': 68.0, '15-19': 36.0, '20-24': 72.0, '25-29': 60.0, '30-34': 42.42, '35-39': 42.0, '40-44': 62.0, '45-49': 66.0, '50-54': 52.0, '55-59': 57.0, '60-64': 54.0, '65-69': 56.57, '70-74': 71.0, '75-79': 59.0, '80-84': 65.0, '85-89': 58.0, '90-94': 62.0, '95-99': 55.56, '100-104': 68.0, '105-109': 60.2, '110-114': 64.0, '115-119': 50.0, '120-124': 57.58, '125-129': 46.0, '130-134': 54.08, '135-139': 55.0, '140-144': 33.0, '145-149': 65.0, '150-154': 64.0, '155-159': 65.0, '160-164': 44.0, '165-169': 44.0, '170-174': 66.0, '175-179': 61.0, '180-184': 74.0, '185-189': 72.0, '190-194': 61.0, '195-199': 61.0, '200-204': 52.0, '205-209': 85.0, '210-214': 67.0, '215-219': 58.0, '220-224': 73.74, '225-229': 85.0, '230-234': 69.7, '235-239': 71.72, '240-244': 85.0, '245-249': 83.0, '250-254': 93.94, '255-259': 92.0, '260-264': 93.94, 'old': 61.72, 'new': 93.94}
2026-06-23 00:16:08,061 [trainer.py] => NME: {'total': 68.38, '00-04': 39.0, '05-09': 66.0, '10-14': 75.0, '15-19': 48.0, '20-24': 70.0, '25-29': 62.0, '30-34': 46.46, '35-39': 56.0, '40-44': 74.0, '45-49': 71.0, '50-54': 56.0, '55-59': 62.0, '60-64': 60.0, '65-69': 69.7, '70-74': 75.0, '75-79': 65.0, '80-84': 73.0, '85-89': 70.0, '90-94': 71.0, '95-99': 60.61, '100-104': 70.0, '105-109': 62.24, '110-114': 76.0, '115-119': 69.0, '120-124': 65.66, '125-129': 52.0, '130-134': 60.2, '135-139': 62.0, '140-144': 40.0, '145-149': 84.0, '150-154': 70.0, '155-159': 73.0, '160-164': 60.0, '165-169': 58.0, '170-174': 74.0, '175-179': 67.0, '180-184': 77.0, '185-189': 77.0, '190-194': 81.0, '195-199': 72.0, '200-204': 69.0, '205-209': 89.0, '210-214': 80.0, '215-219': 61.0, '220-224': 68.69, '225-229': 84.0, '230-234': 71.72, '235-239': 66.67, '240-244': 84.0, '245-249': 78.0, '250-254': 86.87, '255-259': 84.0, '260-264': 80.81, 'old': 68.14, 'new': 80.81}
2026-06-23 00:16:08,061 [trainer.py] => CNN top1 curve: [90.0, 94.0, 92.67, 85.0, 88.2, 88.67, 83.83, 80.73, 81.42, 82.48, 83.44, 83.57, 80.06, 79.4, 82.04, 82.23, 81.04, 77.59, 77.19, 76.26, 77.54, 77.45, 77.21, 76.2, 75.86, 74.67, 74.7, 73.57, 72.89, 72.36, 71.25, 72.46, 70.93, 69.58, 69.24, 68.46, 68.8, 68.51, 67.83, 67.46, 66.47, 66.98, 66.99, 65.0, 63.59, 63.73, 63.92, 63.44, 64.49, 63.9, 63.58, 63.7, 62.32]
2026-06-23 00:16:08,061 [trainer.py] => CNN top5 curve: [100.0, 100.0, 99.33, 99.25, 98.8, 98.33, 96.85, 97.0, 96.11, 96.5, 95.91, 95.58, 94.84, 95.21, 95.26, 95.37, 95.23, 94.1, 93.73, 92.54, 92.89, 92.67, 92.68, 91.52, 90.82, 90.48, 89.71, 90.19, 88.38, 88.47, 88.39, 88.72, 88.85, 88.0, 87.6, 87.11, 87.24, 86.92, 86.97, 86.3, 85.29, 85.64, 85.88, 85.0, 83.86, 83.47, 83.58, 83.34, 84.05, 83.66, 83.63, 82.88, 82.62]
2026-06-23 00:16:08,061 [trainer.py] => NME top1 curve: [91.0, 94.0, 94.67, 87.75, 90.8, 92.17, 87.98, 85.98, 87.21, 84.78, 84.9, 86.16, 84.99, 84.19, 84.78, 84.98, 83.92, 83.15, 82.24, 81.62, 81.4, 81.32, 81.53, 80.92, 80.55, 80.19, 80.42, 79.44, 78.32, 77.54, 76.65, 77.16, 76.34, 75.12, 75.14, 73.89, 74.0, 73.87, 73.48, 73.1, 72.92, 72.71, 72.16, 71.06, 70.43, 70.75, 70.49, 69.43, 69.46, 68.47, 68.47, 68.08, 68.38]
2026-06-23 00:16:08,061 [trainer.py] => NME top5 curve: [100.0, 100.0, 100.0, 99.75, 99.6, 99.83, 99.43, 98.87, 98.44, 98.5, 98.18, 98.08, 97.69, 97.57, 97.46, 97.75, 97.06, 97.11, 96.84, 96.14, 96.61, 95.99, 95.6, 95.41, 94.99, 95.03, 94.54, 94.48, 93.15, 92.81, 93.05, 93.11, 93.13, 92.36, 92.33, 91.59, 91.82, 91.75, 91.34, 91.13, 90.52, 90.36, 90.4, 90.46, 89.87, 89.92, 89.45, 89.87, 89.81, 89.2, 89.03, 88.63, 88.39]
2026-06-23 00:16:08,061 [trainer.py] => Average Accuracy (CNN): 74.62
2026-06-23 00:16:08,061 [trainer.py] => Average Accuracy (NME): 79.25
2026-06-23 00:16:08,061 [trainer.py] => All params: 86002441
2026-06-23 00:16:08,062 [trainer.py] => Trainable params: 86002441
2026-06-23 00:16:08,065 [icarl.py] => Learning on 265-270
2026-06-23 01:04:38,826 [icarl.py] => Task 53, Epoch 20/20 => Loss 1.858, Train_accy 98.66
2026-06-23 01:04:38,843 [base.py] => Constructing exemplars for new classes...(20 per classes)
2026-06-23 01:08:18,056 [icarl.py] => Exemplar size: 5400
2026-06-23 01:08:18,076 [trainer.py] => CNN: {'total': 62.97, '00-04': 29.0, '05-09': 57.0, '10-14': 71.0, '15-19': 37.0, '20-24': 67.0, '25-29': 62.0, '30-34': 44.44, '35-39': 50.0, '40-44': 61.0, '45-49': 69.0, '50-54': 47.0, '55-59': 54.0, '60-64': 58.0, '65-69': 56.57, '70-74': 70.0, '75-79': 56.0, '80-84': 66.0, '85-89': 57.0, '90-94': 62.0, '95-99': 59.6, '100-104': 67.0, '105-109': 64.29, '110-114': 66.0, '115-119': 51.0, '120-124': 56.57, '125-129': 47.0, '130-134': 55.1, '135-139': 56.0, '140-144': 33.0, '145-149': 69.0, '150-154': 61.0, '155-159': 68.0, '160-164': 43.0, '165-169': 49.0, '170-174': 71.0, '175-179': 62.0, '180-184': 73.0, '185-189': 70.0, '190-194': 58.0, '195-199': 62.0, '200-204': 57.0, '205-209': 79.0, '210-214': 73.0, '215-219': 58.0, '220-224': 69.7, '225-229': 78.0, '230-234': 66.67, '235-239': 70.71, '240-244': 82.0, '245-249': 83.0, '250-254': 92.93, '255-259': 90.0, '260-264': 88.89, '265-269': 96.0, 'old': 62.34, 'new': 96.0}
2026-06-23 01:08:18,076 [trainer.py] => NME: {'total': 68.28, '00-04': 38.0, '05-09': 64.0, '10-14': 76.0, '15-19': 44.0, '20-24': 67.0, '25-29': 60.0, '30-34': 47.47, '35-39': 56.0, '40-44': 70.0, '45-49': 71.0, '50-54': 55.0, '55-59': 62.0, '60-64': 59.0, '65-69': 71.72, '70-74': 75.0, '75-79': 66.0, '80-84': 72.0, '85-89': 69.0, '90-94': 72.0, '95-99': 60.61, '100-104': 69.0, '105-109': 61.22, '110-114': 71.0, '115-119': 66.0, '120-124': 65.66, '125-129': 52.0, '130-134': 59.18, '135-139': 59.0, '140-144': 40.0, '145-149': 82.0, '150-154': 70.0, '155-159': 73.0, '160-164': 54.0, '165-169': 58.0, '170-174': 75.0, '175-179': 69.0, '180-184': 83.0, '185-189': 80.0, '190-194': 80.0, '195-199': 71.0, '200-204': 63.0, '205-209': 85.0, '210-214': 80.0, '215-219': 62.0, '220-224': 72.73, '225-229': 84.0, '230-234': 75.76, '235-239': 69.7, '240-244': 84.0, '245-249': 78.0, '250-254': 84.85, '255-259': 85.0, '260-264': 75.76, '265-269': 93.0, 'old': 67.81, 'new': 93.0}
2026-06-23 01:08:18,076 [trainer.py] => CNN top1 curve: [90.0, 94.0, 92.67, 85.0, 88.2, 88.67, 83.83, 80.73, 81.42, 82.48, 83.44, 83.57, 80.06, 79.4, 82.04, 82.23, 81.04, 77.59, 77.19, 76.26, 77.54, 77.45, 77.21, 76.2, 75.86, 74.67, 74.7, 73.57, 72.89, 72.36, 71.25, 72.46, 70.93, 69.58, 69.24, 68.46, 68.8, 68.51, 67.83, 67.46, 66.47, 66.98, 66.99, 65.0, 63.59, 63.73, 63.92, 63.44, 64.49, 63.9, 63.58, 63.7, 62.32, 62.97]
2026-06-23 01:08:18,076 [trainer.py] => CNN top5 curve: [100.0, 100.0, 99.33, 99.25, 98.8, 98.33, 96.85, 97.0, 96.11, 96.5, 95.91, 95.58, 94.84, 95.21, 95.26, 95.37, 95.23, 94.1, 93.73, 92.54, 92.89, 92.67, 92.68, 91.52, 90.82, 90.48, 89.71, 90.19, 88.38, 88.47, 88.39, 88.72, 88.85, 88.0, 87.6, 87.11, 87.24, 86.92, 86.97, 86.3, 85.29, 85.64, 85.88, 85.0, 83.86, 83.47, 83.58, 83.34, 84.05, 83.66, 83.63, 82.88, 82.62, 82.03]
2026-06-23 01:08:18,076 [trainer.py] => NME top1 curve: [91.0, 94.0, 94.67, 87.75, 90.8, 92.17, 87.98, 85.98, 87.21, 84.78, 84.9, 86.16, 84.99, 84.19, 84.78, 84.98, 83.92, 83.15, 82.24, 81.62, 81.4, 81.32, 81.53, 80.92, 80.55, 80.19, 80.42, 79.44, 78.32, 77.54, 76.65, 77.16, 76.34, 75.12, 75.14, 73.89, 74.0, 73.87, 73.48, 73.1, 72.92, 72.71, 72.16, 71.06, 70.43, 70.75, 70.49, 69.43, 69.46, 68.47, 68.47, 68.08, 68.38, 68.28]
2026-06-23 01:08:18,076 [trainer.py] => NME top5 curve: [100.0, 100.0, 100.0, 99.75, 99.6, 99.83, 99.43, 98.87, 98.44, 98.5, 98.18, 98.08, 97.69, 97.57, 97.46, 97.75, 97.06, 97.11, 96.84, 96.14, 96.61, 95.99, 95.6, 95.41, 94.99, 95.03, 94.54, 94.48, 93.15, 92.81, 93.05, 93.11, 93.13, 92.36, 92.33, 91.59, 91.82, 91.75, 91.34, 91.13, 90.52, 90.36, 90.4, 90.46, 89.87, 89.92, 89.45, 89.87, 89.81, 89.2, 89.03, 88.63, 88.39, 88.44]
2026-06-23 01:08:18,077 [trainer.py] => Average Accuracy (CNN): 74.4
2026-06-23 01:08:18,077 [trainer.py] => Average Accuracy (NME): 79.05
2026-06-23 01:08:18,077 [trainer.py] => All params: 86006286
2026-06-23 01:08:18,078 [trainer.py] => Trainable params: 86006286
2026-06-23 01:08:18,080 [icarl.py] => Learning on 270-275
2026-06-23 01:57:19,123 [icarl.py] => Task 54, Epoch 20/20 => Loss 1.831, Train_accy 98.53
2026-06-23 01:57:19,141 [base.py] => Constructing exemplars for new classes...(20 per classes)
2026-06-23 02:00:48,495 [icarl.py] => Exemplar size: 5500
2026-06-23 02:00:48,496 [trainer.py] => CNN: {'total': 61.7, '00-04': 26.0, '05-09': 54.0, '10-14': 63.0, '15-19': 42.0, '20-24': 64.0, '25-29': 63.0, '30-34': 42.42, '35-39': 46.0, '40-44': 61.0, '45-49': 69.0, '50-54': 48.0, '55-59': 53.0, '60-64': 49.0, '65-69': 56.57, '70-74': 68.0, '75-79': 52.0, '80-84': 63.0, '85-89': 54.0, '90-94': 57.0, '95-99': 51.52, '100-104': 64.0, '105-109': 62.24, '110-114': 65.0, '115-119': 49.0, '120-124': 50.51, '125-129': 48.0, '130-134': 61.22, '135-139': 53.0, '140-144': 37.0, '145-149': 71.0, '150-154': 59.0, '155-159': 64.0, '160-164': 44.0, '165-169': 53.0, '170-174': 74.0, '175-179': 64.0, '180-184': 72.0, '185-189': 72.0, '190-194': 58.0, '195-199': 59.0, '200-204': 56.0, '205-209': 79.0, '210-214': 71.0, '215-219': 52.0, '220-224': 65.66, '225-229': 73.0, '230-234': 49.49, '235-239': 63.64, '240-244': 88.0, '245-249': 86.0, '250-254': 84.85, '255-259': 91.0, '260-264': 86.87, '265-269': 90.0, '270-274': 94.95, 'old': 61.09, 'new': 94.95}
2026-06-23 02:00:48,496 [trainer.py] => NME: {'total': 66.82, '00-04': 35.0, '05-09': 66.0, '10-14': 67.0, '15-19': 45.0, '20-24': 65.0, '25-29': 61.0, '30-34': 44.44, '35-39': 57.0, '40-44': 66.0, '45-49': 70.0, '50-54': 53.0, '55-59': 61.0, '60-64': 57.0, '65-69': 67.68, '70-74': 73.0, '75-79': 65.0, '80-84': 70.0, '85-89': 72.0, '90-94': 69.0, '95-99': 62.63, '100-104': 67.0, '105-109': 63.27, '110-114': 68.0, '115-119': 66.0, '120-124': 62.63, '125-129': 52.0, '130-134': 64.29, '135-139': 57.0, '140-144': 38.0, '145-149': 84.0, '150-154': 71.0, '155-159': 73.0, '160-164': 58.0, '165-169': 55.0, '170-174': 71.0, '175-179': 67.0, '180-184': 79.0, '185-189': 75.0, '190-194': 79.0, '195-199': 65.0, '200-204': 68.0, '205-209': 82.0, '210-214': 78.0, '215-219': 59.0, '220-224': 67.68, '225-229': 80.0, '230-234': 54.55, '235-239': 66.67, '240-244': 79.0, '245-249': 79.0, '250-254': 77.78, '255-259': 86.0, '260-264': 76.77, '265-269': 91.0, '270-274': 87.88, 'old': 66.44, 'new': 87.88}
2026-06-23 02:00:48,496 [trainer.py] => CNN top1 curve: [90.0, 94.0, 92.67, 85.0, 88.2, 88.67, 83.83, 80.73, 81.42, 82.48, 83.44, 83.57, 80.06, 79.4, 82.04, 82.23, 81.04, 77.59, 77.19, 76.26, 77.54, 77.45, 77.21, 76.2, 75.86, 74.67, 74.7, 73.57, 72.89, 72.36, 71.25, 72.46, 70.93, 69.58, 69.24, 68.46, 68.8, 68.51, 67.83, 67.46, 66.47, 66.98, 66.99, 65.0, 63.59, 63.73, 63.92, 63.44, 64.49, 63.9, 63.58, 63.7, 62.32, 62.97, 61.7]
2026-06-23 02:00:48,496 [trainer.py] => CNN top5 curve: [100.0, 100.0, 99.33, 99.25, 98.8, 98.33, 96.85, 97.0, 96.11, 96.5, 95.91, 95.58, 94.84, 95.21, 95.26, 95.37, 95.23, 94.1, 93.73, 92.54, 92.89, 92.67, 92.68, 91.52, 90.82, 90.48, 89.71, 90.19, 88.38, 88.47, 88.39, 88.72, 88.85, 88.0, 87.6, 87.11, 87.24, 86.92, 86.97, 86.3, 85.29, 85.64, 85.88, 85.0, 83.86, 83.47, 83.58, 83.34, 84.05, 83.66, 83.63, 82.88, 82.62, 82.03, 82.17]
2026-06-23 02:00:48,496 [trainer.py] => NME top1 curve: [91.0, 94.0, 94.67, 87.75, 90.8, 92.17, 87.98, 85.98, 87.21, 84.78, 84.9, 86.16, 84.99, 84.19, 84.78, 84.98, 83.92, 83.15, 82.24, 81.62, 81.4, 81.32, 81.53, 80.92, 80.55, 80.19, 80.42, 79.44, 78.32, 77.54, 76.65, 77.16, 76.34, 75.12, 75.14, 73.89, 74.0, 73.87, 73.48, 73.1, 72.92, 72.71, 72.16, 71.06, 70.43, 70.75, 70.49, 69.43, 69.46, 68.47, 68.47, 68.08, 68.38, 68.28, 66.82]
2026-06-23 02:00:48,496 [trainer.py] => NME top5 curve: [100.0, 100.0, 100.0, 99.75, 99.6, 99.83, 99.43, 98.87, 98.44, 98.5, 98.18, 98.08, 97.69, 97.57, 97.46, 97.75, 97.06, 97.11, 96.84, 96.14, 96.61, 95.99, 95.6, 95.41, 94.99, 95.03, 94.54, 94.48, 93.15, 92.81, 93.05, 93.11, 93.13, 92.36, 92.33, 91.59, 91.82, 91.75, 91.34, 91.13, 90.52, 90.36, 90.4, 90.46, 89.87, 89.92, 89.45, 89.87, 89.81, 89.2, 89.03, 88.63, 88.39, 88.44, 87.62]
2026-06-23 02:00:48,496 [trainer.py] => Average Accuracy (CNN): 74.17
2026-06-23 02:00:48,496 [trainer.py] => Average Accuracy (NME): 78.83
2026-06-23 02:00:48,497 [trainer.py] => All params: 86010131
2026-06-23 02:00:48,497 [trainer.py] => Trainable params: 86010131
2026-06-23 02:00:48,501 [icarl.py] => Learning on 275-280
2026-06-23 02:50:25,873 [icarl.py] => Task 55, Epoch 20/20 => Loss 1.704, Train_accy 98.69
2026-06-23 02:50:25,894 [base.py] => Constructing exemplars for new classes...(20 per classes)
2026-06-23 02:54:13,550 [icarl.py] => Exemplar size: 5600
2026-06-23 02:54:13,551 [trainer.py] => CNN: {'total': 61.32, '00-04': 23.0, '05-09': 50.0, '10-14': 62.0, '15-19': 37.0, '20-24': 63.0, '25-29': 59.0, '30-34': 41.41, '35-39': 45.0, '40-44': 64.0, '45-49': 71.0, '50-54': 50.0, '55-59': 42.0, '60-64': 52.0, '65-69': 55.56, '70-74': 66.0, '75-79': 49.0, '80-84': 64.0, '85-89': 55.0, '90-94': 58.0, '95-99': 49.49, '100-104': 74.0, '105-109': 65.31, '110-114': 47.0, '115-119': 58.0, '120-124': 54.55, '125-129': 43.0, '130-134': 60.2, '135-139': 57.0, '140-144': 45.0, '145-149': 71.0, '150-154': 59.0, '155-159': 61.0, '160-164': 38.0, '165-169': 58.0, '170-174': 71.0, '175-179': 60.0, '180-184': 65.0, '185-189': 72.0, '190-194': 56.0, '195-199': 58.0, '200-204': 59.0, '205-209': 76.0, '210-214': 69.0, '215-219': 56.0, '220-224': 67.68, '225-229': 75.0, '230-234': 52.53, '235-239': 57.58, '240-244': 83.0, '245-249': 79.0, '250-254': 81.82, '255-259': 86.0, '260-264': 86.87, '265-269': 88.0, '270-274': 93.94, '275-279': 93.94, 'old': 60.74, 'new': 93.94}
2026-06-23 02:54:13,551 [trainer.py] => NME: {'total': 66.93, '00-04': 30.0, '05-09': 62.0, '10-14': 70.0, '15-19': 47.0, '20-24': 65.0, '25-29': 57.0, '30-34': 48.48, '35-39': 56.0, '40-44': 70.0, '45-49': 71.0, '50-54': 58.0, '55-59': 61.0, '60-64': 58.0, '65-69': 67.68, '70-74': 72.0, '75-79': 65.0, '80-84': 73.0, '85-89': 71.0, '90-94': 68.0, '95-99': 62.63, '100-104': 66.0, '105-109': 61.22, '110-114': 61.0, '115-119': 67.0, '120-124': 65.66, '125-129': 51.0, '130-134': 60.2, '135-139': 58.0, '140-144': 36.0, '145-149': 83.0, '150-154': 71.0, '155-159': 70.0, '160-164': 58.0, '165-169': 53.0, '170-174': 71.0, '175-179': 67.0, '180-184': 78.0, '185-189': 78.0, '190-194': 79.0, '195-199': 70.0, '200-204': 68.0, '205-209': 82.0, '210-214': 76.0, '215-219': 60.0, '220-224': 68.69, '225-229': 82.0, '230-234': 59.6, '235-239': 65.66, '240-244': 81.0, '245-249': 79.0, '250-254': 79.8, '255-259': 83.0, '260-264': 75.76, '265-269': 90.0, '270-274': 81.82, '275-279': 78.79, 'old': 66.72, 'new': 78.79}
2026-06-23 02:54:13,551 [trainer.py] => CNN top1 curve: [90.0, 94.0, 92.67, 85.0, 88.2, 88.67, 83.83, 80.73, 81.42, 82.48, 83.44, 83.57, 80.06, 79.4, 82.04, 82.23, 81.04, 77.59, 77.19, 76.26, 77.54, 77.45, 77.21, 76.2, 75.86, 74.67, 74.7, 73.57, 72.89, 72.36, 71.25, 72.46, 70.93, 69.58, 69.24, 68.46, 68.8, 68.51, 67.83, 67.46, 66.47, 66.98, 66.99, 65.0, 63.59, 63.73, 63.92, 63.44, 64.49, 63.9, 63.58, 63.7, 62.32, 62.97, 61.7, 61.32]
2026-06-23 02:54:13,551 [trainer.py] => CNN top5 curve: [100.0, 100.0, 99.33, 99.25, 98.8, 98.33, 96.85, 97.0, 96.11, 96.5, 95.91, 95.58, 94.84, 95.21, 95.26, 95.37, 95.23, 94.1, 93.73, 92.54, 92.89, 92.67, 92.68, 91.52, 90.82, 90.48, 89.71, 90.19, 88.38, 88.47, 88.39, 88.72, 88.85, 88.0, 87.6, 87.11, 87.24, 86.92, 86.97, 86.3, 85.29, 85.64, 85.88, 85.0, 83.86, 83.47, 83.58, 83.34, 84.05, 83.66, 83.63, 82.88, 82.62, 82.03, 82.17, 81.72]
2026-06-23 02:54:13,551 [trainer.py] => NME top1 curve: [91.0, 94.0, 94.67, 87.75, 90.8, 92.17, 87.98, 85.98, 87.21, 84.78, 84.9, 86.16, 84.99, 84.19, 84.78, 84.98, 83.92, 83.15, 82.24, 81.62, 81.4, 81.32, 81.53, 80.92, 80.55, 80.19, 80.42, 79.44, 78.32, 77.54, 76.65, 77.16, 76.34, 75.12, 75.14, 73.89, 74.0, 73.87, 73.48, 73.1, 72.92, 72.71, 72.16, 71.06, 70.43, 70.75, 70.49, 69.43, 69.46, 68.47, 68.47, 68.08, 68.38, 68.28, 66.82, 66.93]
2026-06-23 02:54:13,551 [trainer.py] => NME top5 curve: [100.0, 100.0, 100.0, 99.75, 99.6, 99.83, 99.43, 98.87, 98.44, 98.5, 98.18, 98.08, 97.69, 97.57, 97.46, 97.75, 97.06, 97.11, 96.84, 96.14, 96.61, 95.99, 95.6, 95.41, 94.99, 95.03, 94.54, 94.48, 93.15, 92.81, 93.05, 93.11, 93.13, 92.36, 92.33, 91.59, 91.82, 91.75, 91.34, 91.13, 90.52, 90.36, 90.4, 90.46, 89.87, 89.92, 89.45, 89.87, 89.81, 89.2, 89.03, 88.63, 88.39, 88.44, 87.62, 87.31]
2026-06-23 02:54:13,551 [trainer.py] => Average Accuracy (CNN): 73.94
2026-06-23 02:54:13,551 [trainer.py] => Average Accuracy (NME): 78.62
2026-06-23 02:54:13,552 [trainer.py] => All params: 86013976
2026-06-23 02:54:13,552 [trainer.py] => Trainable params: 86013976
2026-06-23 02:54:13,555 [icarl.py] => Learning on 280-285
2026-06-23 03:46:01,350 [icarl.py] => Task 56, Epoch 20/20 => Loss 1.832, Train_accy 97.63
2026-06-23 03:46:01,367 [base.py] => Constructing exemplars for new classes...(20 per classes)
2026-06-23 03:51:14,525 [icarl.py] => Exemplar size: 5700
2026-06-23 03:51:14,553 [trainer.py] => CNN: {'total': 60.07, '00-04': 26.0, '05-09': 50.0, '10-14': 70.0, '15-19': 38.0, '20-24': 68.0, '25-29': 54.0, '30-34': 38.38, '35-39': 47.0, '40-44': 63.0, '45-49': 70.0, '50-54': 52.0, '55-59': 44.0, '60-64': 38.0, '65-69': 58.59, '70-74': 65.0, '75-79': 51.0, '80-84': 63.0, '85-89': 54.0, '90-94': 58.0, '95-99': 49.49, '100-104': 69.0, '105-109': 60.2, '110-114': 53.0, '115-119': 54.0, '120-124': 54.55, '125-129': 42.0, '130-134': 55.1, '135-139': 43.0, '140-144': 37.0, '145-149': 68.0, '150-154': 59.0, '155-159': 61.0, '160-164': 44.0, '165-169': 43.0, '170-174': 68.0, '175-179': 62.0, '180-184': 68.0, '185-189': 72.0, '190-194': 60.0, '195-199': 62.0, '200-204': 46.0, '205-209': 77.0, '210-214': 65.0, '215-219': 48.0, '220-224': 62.63, '225-229': 79.0, '230-234': 54.55, '235-239': 62.63, '240-244': 80.0, '245-249': 72.0, '250-254': 73.74, '255-259': 81.0, '260-264': 76.77, '265-269': 87.0, '270-274': 91.92, '275-279': 86.87, '280-284': 88.0, 'old': 59.57, 'new': 88.0}
2026-06-23 03:51:14,553 [trainer.py] => NME: {'total': 65.89, '00-04': 38.0, '05-09': 61.0, '10-14': 73.0, '15-19': 46.0, '20-24': 69.0, '25-29': 57.0, '30-34': 44.44, '35-39': 59.0, '40-44': 72.0, '45-49': 71.0, '50-54': 60.0, '55-59': 63.0, '60-64': 54.0, '65-69': 64.65, '70-74': 72.0, '75-79': 69.0, '80-84': 70.0, '85-89': 68.0, '90-94': 69.0, '95-99': 60.61, '100-104': 66.0, '105-109': 62.24, '110-114': 59.0, '115-119': 67.0, '120-124': 64.65, '125-129': 47.0, '130-134': 61.22, '135-139': 51.0, '140-144': 38.0, '145-149': 84.0, '150-154': 67.0, '155-159': 70.0, '160-164': 58.0, '165-169': 44.0, '170-174': 71.0, '175-179': 65.0, '180-184': 75.0, '185-189': 79.0, '190-194': 79.0, '195-199': 70.0, '200-204': 61.0, '205-209': 82.0, '210-214': 77.0, '215-219': 58.0, '220-224': 64.65, '225-229': 80.0, '230-234': 57.58, '235-239': 69.7, '240-244': 77.0, '245-249': 77.0, '250-254': 77.78, '255-259': 79.0, '260-264': 77.78, '265-269': 88.0, '270-274': 83.84, '275-279': 75.76, '280-284': 51.0, 'old': 66.16, 'new': 51.0}
2026-06-23 03:51:14,553 [trainer.py] => CNN top1 curve: [90.0, 94.0, 92.67, 85.0, 88.2, 88.67, 83.83, 80.73, 81.42, 82.48, 83.44, 83.57, 80.06, 79.4, 82.04, 82.23, 81.04, 77.59, 77.19, 76.26, 77.54, 77.45, 77.21, 76.2, 75.86, 74.67, 74.7, 73.57, 72.89, 72.36, 71.25, 72.46, 70.93, 69.58, 69.24, 68.46, 68.8, 68.51, 67.83, 67.46, 66.47, 66.98, 66.99, 65.0, 63.59, 63.73, 63.92, 63.44, 64.49, 63.9, 63.58, 63.7, 62.32, 62.97, 61.7, 61.32, 60.07]
2026-06-23 03:51:14,553 [trainer.py] => CNN top5 curve: [100.0, 100.0, 99.33, 99.25, 98.8, 98.33, 96.85, 97.0, 96.11, 96.5, 95.91, 95.58, 94.84, 95.21, 95.26, 95.37, 95.23, 94.1, 93.73, 92.54, 92.89, 92.67, 92.68, 91.52, 90.82, 90.48, 89.71, 90.19, 88.38, 88.47, 88.39, 88.72, 88.85, 88.0, 87.6, 87.11, 87.24, 86.92, 86.97, 86.3, 85.29, 85.64, 85.88, 85.0, 83.86, 83.47, 83.58, 83.34, 84.05, 83.66, 83.63, 82.88, 82.62, 82.03, 82.17, 81.72, 80.86]
2026-06-23 03:51:14,553 [trainer.py] => NME top1 curve: [91.0, 94.0, 94.67, 87.75, 90.8, 92.17, 87.98, 85.98, 87.21, 84.78, 84.9, 86.16, 84.99, 84.19, 84.78, 84.98, 83.92, 83.15, 82.24, 81.62, 81.4, 81.32, 81.53, 80.92, 80.55, 80.19, 80.42, 79.44, 78.32, 77.54, 76.65, 77.16, 76.34, 75.12, 75.14, 73.89, 74.0, 73.87, 73.48, 73.1, 72.92, 72.71, 72.16, 71.06, 70.43, 70.75, 70.49, 69.43, 69.46, 68.47, 68.47, 68.08, 68.38, 68.28, 66.82, 66.93, 65.89]
2026-06-23 03:51:14,553 [trainer.py] => NME top5 curve: [100.0, 100.0, 100.0, 99.75, 99.6, 99.83, 99.43, 98.87, 98.44, 98.5, 98.18, 98.08, 97.69, 97.57, 97.46, 97.75, 97.06, 97.11, 96.84, 96.14, 96.61, 95.99, 95.6, 95.41, 94.99, 95.03, 94.54, 94.48, 93.15, 92.81, 93.05, 93.11, 93.13, 92.36, 92.33, 91.59, 91.82, 91.75, 91.34, 91.13, 90.52, 90.36, 90.4, 90.46, 89.87, 89.92, 89.45, 89.87, 89.81, 89.2, 89.03, 88.63, 88.39, 88.44, 87.62, 87.31, 86.81]
2026-06-23 03:51:14,554 [trainer.py] => Average Accuracy (CNN): 73.7
2026-06-23 03:51:14,554 [trainer.py] => Average Accuracy (NME): 78.39
2026-06-23 03:51:14,554 [trainer.py] => All params: 86017821
2026-06-23 03:51:14,555 [trainer.py] => Trainable params: 86017821
2026-06-23 03:51:14,559 [icarl.py] => Learning on 285-290
2026-06-23 04:43:37,063 [icarl.py] => Task 57, Epoch 20/20 => Loss 1.838, Train_accy 98.82
2026-06-23 04:43:37,082 [base.py] => Constructing exemplars for new classes...(20 per classes)
2026-06-23 04:49:06,953 [icarl.py] => Exemplar size: 5800
2026-06-23 04:49:06,982 [trainer.py] => CNN: {'total': 60.64, '00-04': 28.0, '05-09': 55.0, '10-14': 69.0, '15-19': 37.0, '20-24': 66.0, '25-29': 54.0, '30-34': 39.39, '35-39': 44.0, '40-44': 60.0, '45-49': 70.0, '50-54': 49.0, '55-59': 52.0, '60-64': 35.0, '65-69': 60.61, '70-74': 66.0, '75-79': 55.0, '80-84': 61.0, '85-89': 55.0, '90-94': 61.0, '95-99': 55.56, '100-104': 71.0, '105-109': 61.22, '110-114': 54.0, '115-119': 60.0, '120-124': 55.56, '125-129': 45.0, '130-134': 57.14, '135-139': 44.0, '140-144': 41.0, '145-149': 78.0, '150-154': 55.0, '155-159': 63.0, '160-164': 43.0, '165-169': 41.0, '170-174': 66.0, '175-179': 62.0, '180-184': 63.0, '185-189': 68.0, '190-194': 62.0, '195-199': 60.0, '200-204': 42.0, '205-209': 76.0, '210-214': 66.0, '215-219': 45.0, '220-224': 65.66, '225-229': 76.0, '230-234': 54.55, '235-239': 57.58, '240-244': 80.0, '245-249': 68.0, '250-254': 69.7, '255-259': 79.0, '260-264': 72.73, '265-269': 90.0, '270-274': 87.88, '275-279': 80.81, '280-284': 86.0, '285-289': 98.0, 'old': 59.98, 'new': 98.0}
2026-06-23 04:49:06,983 [trainer.py] => NME: {'total': 66.15, '00-04': 37.0, '05-09': 64.0, '10-14': 74.0, '15-19': 46.0, '20-24': 67.0, '25-29': 55.0, '30-34': 42.42, '35-39': 54.0, '40-44': 71.0, '45-49': 73.0, '50-54': 54.0, '55-59': 63.0, '60-64': 49.0, '65-69': 64.65, '70-74': 70.0, '75-79': 67.0, '80-84': 70.0, '85-89': 69.0, '90-94': 67.0, '95-99': 62.63, '100-104': 68.0, '105-109': 59.18, '110-114': 59.0, '115-119': 67.0, '120-124': 63.64, '125-129': 50.0, '130-134': 63.27, '135-139': 50.0, '140-144': 43.0, '145-149': 81.0, '150-154': 68.0, '155-159': 70.0, '160-164': 61.0, '165-169': 42.0, '170-174': 71.0, '175-179': 64.0, '180-184': 78.0, '185-189': 76.0, '190-194': 80.0, '195-199': 66.0, '200-204': 63.0, '205-209': 83.0, '210-214': 73.0, '215-219': 51.0, '220-224': 71.72, '225-229': 82.0, '230-234': 58.59, '235-239': 68.69, '240-244': 76.0, '245-249': 77.0, '250-254': 73.74, '255-259': 78.0, '260-264': 78.79, '265-269': 89.0, '270-274': 83.84, '275-279': 78.79, '280-284': 56.0, '285-289': 95.0, 'old': 65.65, 'new': 95.0}
2026-06-23 04:49:06,983 [trainer.py] => CNN top1 curve: [90.0, 94.0, 92.67, 85.0, 88.2, 88.67, 83.83, 80.73, 81.42, 82.48, 83.44, 83.57, 80.06, 79.4, 82.04, 82.23, 81.04, 77.59, 77.19, 76.26, 77.54, 77.45, 77.21, 76.2, 75.86, 74.67, 74.7, 73.57, 72.89, 72.36, 71.25, 72.46, 70.93, 69.58, 69.24, 68.46, 68.8, 68.51, 67.83, 67.46, 66.47, 66.98, 66.99, 65.0, 63.59, 63.73, 63.92, 63.44, 64.49, 63.9, 63.58, 63.7, 62.32, 62.97, 61.7, 61.32, 60.07, 60.64]
2026-06-23 04:49:06,983 [trainer.py] => CNN top5 curve: [100.0, 100.0, 99.33, 99.25, 98.8, 98.33, 96.85, 97.0, 96.11, 96.5, 95.91, 95.58, 94.84, 95.21, 95.26, 95.37, 95.23, 94.1, 93.73, 92.54, 92.89, 92.67, 92.68, 91.52, 90.82, 90.48, 89.71, 90.19, 88.38, 88.47, 88.39, 88.72, 88.85, 88.0, 87.6, 87.11, 87.24, 86.92, 86.97, 86.3, 85.29, 85.64, 85.88, 85.0, 83.86, 83.47, 83.58, 83.34, 84.05, 83.66, 83.63, 82.88, 82.62, 82.03, 82.17, 81.72, 80.86, 81.49]
2026-06-23 04:49:06,983 [trainer.py] => NME top1 curve: [91.0, 94.0, 94.67, 87.75, 90.8, 92.17, 87.98, 85.98, 87.21, 84.78, 84.9, 86.16, 84.99, 84.19, 84.78, 84.98, 83.92, 83.15, 82.24, 81.62, 81.4, 81.32, 81.53, 80.92, 80.55, 80.19, 80.42, 79.44, 78.32, 77.54, 76.65, 77.16, 76.34, 75.12, 75.14, 73.89, 74.0, 73.87, 73.48, 73.1, 72.92, 72.71, 72.16, 71.06, 70.43, 70.75, 70.49, 69.43, 69.46, 68.47, 68.47, 68.08, 68.38, 68.28, 66.82, 66.93, 65.89, 66.15]
2026-06-23 04:49:06,983 [trainer.py] => NME top5 curve: [100.0, 100.0, 100.0, 99.75, 99.6, 99.83, 99.43, 98.87, 98.44, 98.5, 98.18, 98.08, 97.69, 97.57, 97.46, 97.75, 97.06, 97.11, 96.84, 96.14, 96.61, 95.99, 95.6, 95.41, 94.99, 95.03, 94.54, 94.48, 93.15, 92.81, 93.05, 93.11, 93.13, 92.36, 92.33, 91.59, 91.82, 91.75, 91.34, 91.13, 90.52, 90.36, 90.4, 90.46, 89.87, 89.92, 89.45, 89.87, 89.81, 89.2, 89.03, 88.63, 88.39, 88.44, 87.62, 87.31, 86.81, 87.16]
2026-06-23 04:49:06,983 [trainer.py] => Average Accuracy (CNN): 73.48
2026-06-23 04:49:06,983 [trainer.py] => Average Accuracy (NME): 78.18
2026-06-23 04:49:06,984 [trainer.py] => All params: 86021666
2026-06-23 04:49:06,984 [trainer.py] => Trainable params: 86021666
2026-06-23 04:49:06,988 [icarl.py] => Learning on 290-295
2026-06-23 05:41:15,049 [icarl.py] => Task 58, Epoch 20/20 => Loss 1.754, Train_accy 98.56
2026-06-23 05:41:15,057 [base.py] => Constructing exemplars for new classes...(20 per classes)
2026-06-23 05:46:38,436 [icarl.py] => Exemplar size: 5900
2026-06-23 05:46:38,462 [trainer.py] => CNN: {'total': 59.59, '00-04': 29.0, '05-09': 49.0, '10-14': 70.0, '15-19': 42.0, '20-24': 68.0, '25-29': 50.0, '30-34': 40.4, '35-39': 43.0, '40-44': 61.0, '45-49': 68.0, '50-54': 51.0, '55-59': 48.0, '60-64': 35.0, '65-69': 64.65, '70-74': 67.0, '75-79': 53.0, '80-84': 59.0, '85-89': 55.0, '90-94': 64.0, '95-99': 47.47, '100-104': 66.0, '105-109': 60.2, '110-114': 48.0, '115-119': 53.0, '120-124': 56.57, '125-129': 41.0, '130-134': 55.1, '135-139': 41.0, '140-144': 35.0, '145-149': 73.0, '150-154': 52.0, '155-159': 62.0, '160-164': 47.0, '165-169': 44.0, '170-174': 63.0, '175-179': 61.0, '180-184': 61.0, '185-189': 72.0, '190-194': 63.0, '195-199': 61.0, '200-204': 43.0, '205-209': 77.0, '210-214': 60.0, '215-219': 44.0, '220-224': 60.61, '225-229': 75.0, '230-234': 56.57, '235-239': 58.59, '240-244': 77.0, '245-249': 67.0, '250-254': 64.65, '255-259': 71.0, '260-264': 75.76, '265-269': 78.0, '270-274': 86.87, '275-279': 75.76, '280-284': 71.0, '285-289': 99.0, '290-294': 96.0, 'old': 58.96, 'new': 96.0}
2026-06-23 05:46:38,462 [trainer.py] => NME: {'total': 66.2, '00-04': 39.0, '05-09': 60.0, '10-14': 71.0, '15-19': 45.0, '20-24': 71.0, '25-29': 53.0, '30-34': 43.43, '35-39': 52.0, '40-44': 73.0, '45-49': 69.0, '50-54': 57.0, '55-59': 63.0, '60-64': 44.0, '65-69': 67.68, '70-74': 71.0, '75-79': 68.0, '80-84': 70.0, '85-89': 65.0, '90-94': 70.0, '95-99': 63.64, '100-104': 67.0, '105-109': 61.22, '110-114': 61.0, '115-119': 69.0, '120-124': 63.64, '125-129': 52.0, '130-134': 62.24, '135-139': 53.0, '140-144': 37.0, '145-149': 80.0, '150-154': 69.0, '155-159': 73.0, '160-164': 60.0, '165-169': 43.0, '170-174': 71.0, '175-179': 65.0, '180-184': 75.0, '185-189': 78.0, '190-194': 81.0, '195-199': 68.0, '200-204': 64.0, '205-209': 85.0, '210-214': 75.0, '215-219': 49.0, '220-224': 62.63, '225-229': 82.0, '230-234': 60.61, '235-239': 69.7, '240-244': 76.0, '245-249': 75.0, '250-254': 74.75, '255-259': 75.0, '260-264': 80.81, '265-269': 84.0, '270-274': 84.85, '275-279': 78.79, '280-284': 52.0, '285-289': 91.0, '290-294': 81.0, 'old': 65.95, 'new': 81.0}
2026-06-23 05:46:38,462 [trainer.py] => CNN top1 curve: [90.0, 94.0, 92.67, 85.0, 88.2, 88.67, 83.83, 80.73, 81.42, 82.48, 83.44, 83.57, 80.06, 79.4, 82.04, 82.23, 81.04, 77.59, 77.19, 76.26, 77.54, 77.45, 77.21, 76.2, 75.86, 74.67, 74.7, 73.57, 72.89, 72.36, 71.25, 72.46, 70.93, 69.58, 69.24, 68.46, 68.8, 68.51, 67.83, 67.46, 66.47, 66.98, 66.99, 65.0, 63.59, 63.73, 63.92, 63.44, 64.49, 63.9, 63.58, 63.7, 62.32, 62.97, 61.7, 61.32, 60.07, 60.64, 59.59]
2026-06-23 05:46:38,462 [trainer.py] => CNN top5 curve: [100.0, 100.0, 99.33, 99.25, 98.8, 98.33, 96.85, 97.0, 96.11, 96.5, 95.91, 95.58, 94.84, 95.21, 95.26, 95.37, 95.23, 94.1, 93.73, 92.54, 92.89, 92.67, 92.68, 91.52, 90.82, 90.48, 89.71, 90.19, 88.38, 88.47, 88.39, 88.72, 88.85, 88.0, 87.6, 87.11, 87.24, 86.92, 86.97, 86.3, 85.29, 85.64, 85.88, 85.0, 83.86, 83.47, 83.58, 83.34, 84.05, 83.66, 83.63, 82.88, 82.62, 82.03, 82.17, 81.72, 80.86, 81.49, 80.82]
2026-06-23 05:46:38,463 [trainer.py] => NME top1 curve: [91.0, 94.0, 94.67, 87.75, 90.8, 92.17, 87.98, 85.98, 87.21, 84.78, 84.9, 86.16, 84.99, 84.19, 84.78, 84.98, 83.92, 83.15, 82.24, 81.62, 81.4, 81.32, 81.53, 80.92, 80.55, 80.19, 80.42, 79.44, 78.32, 77.54, 76.65, 77.16, 76.34, 75.12, 75.14, 73.89, 74.0, 73.87, 73.48, 73.1, 72.92, 72.71, 72.16, 71.06, 70.43, 70.75, 70.49, 69.43, 69.46, 68.47, 68.47, 68.08, 68.38, 68.28, 66.82, 66.93, 65.89, 66.15, 66.2]
2026-06-23 05:46:38,463 [trainer.py] => NME top5 curve: [100.0, 100.0, 100.0, 99.75, 99.6, 99.83, 99.43, 98.87, 98.44, 98.5, 98.18, 98.08, 97.69, 97.57, 97.46, 97.75, 97.06, 97.11, 96.84, 96.14, 96.61, 95.99, 95.6, 95.41, 94.99, 95.03, 94.54, 94.48, 93.15, 92.81, 93.05, 93.11, 93.13, 92.36, 92.33, 91.59, 91.82, 91.75, 91.34, 91.13, 90.52, 90.36, 90.4, 90.46, 89.87, 89.92, 89.45, 89.87, 89.81, 89.2, 89.03, 88.63, 88.39, 88.44, 87.62, 87.31, 86.81, 87.16, 86.92]
2026-06-23 05:46:38,463 [trainer.py] => Average Accuracy (CNN): 73.24
2026-06-23 05:46:38,463 [trainer.py] => Average Accuracy (NME): 77.98
2026-06-23 05:46:38,463 [trainer.py] => All params: 86025511
2026-06-23 05:46:38,464 [trainer.py] => Trainable params: 86025511
2026-06-23 05:46:38,488 [icarl.py] => Learning on 295-300
2026-06-23 06:40:12,974 [icarl.py] => Task 59, Epoch 20/20 => Loss 1.822, Train_accy 98.60
2026-06-23 06:40:12,990 [base.py] => Constructing exemplars for new classes...(20 per classes)
2026-06-23 06:46:08,898 [icarl.py] => Exemplar size: 6000
2026-06-23 06:46:08,934 [trainer.py] => CNN: {'total': 59.57, '00-04': 34.0, '05-09': 54.0, '10-14': 70.0, '15-19': 39.0, '20-24': 69.0, '25-29': 51.0, '30-34': 40.4, '35-39': 44.0, '40-44': 59.0, '45-49': 62.0, '50-54': 52.0, '55-59': 55.0, '60-64': 37.0, '65-69': 61.62, '70-74': 68.0, '75-79': 57.0, '80-84': 62.0, '85-89': 51.0, '90-94': 62.0, '95-99': 52.53, '100-104': 61.0, '105-109': 53.06, '110-114': 55.0, '115-119': 60.0, '120-124': 53.54, '125-129': 40.0, '130-134': 56.12, '135-139': 32.0, '140-144': 35.0, '145-149': 60.0, '150-154': 54.0, '155-159': 60.0, '160-164': 47.0, '165-169': 29.0, '170-174': 58.0, '175-179': 59.0, '180-184': 64.0, '185-189': 77.0, '190-194': 62.0, '195-199': 62.0, '200-204': 44.0, '205-209': 80.0, '210-214': 62.0, '215-219': 46.0, '220-224': 54.55, '225-229': 71.0, '230-234': 53.54, '235-239': 57.58, '240-244': 78.0, '245-249': 67.0, '250-254': 67.68, '255-259': 70.0, '260-264': 73.74, '265-269': 85.0, '270-274': 87.88, '275-279': 77.78, '280-284': 64.0, '285-289': 97.0, '290-294': 85.0, '295-299': 94.0, 'old': 58.98, 'new': 94.0}
2026-06-23 06:46:08,934 [trainer.py] => NME: {'total': 65.95, '00-04': 36.0, '05-09': 62.0, '10-14': 73.0, '15-19': 47.0, '20-24': 69.0, '25-29': 51.0, '30-34': 41.41, '35-39': 54.0, '40-44': 72.0, '45-49': 69.0, '50-54': 56.0, '55-59': 64.0, '60-64': 48.0, '65-69': 70.71, '70-74': 73.0, '75-79': 67.0, '80-84': 71.0, '85-89': 62.0, '90-94': 67.0, '95-99': 61.62, '100-104': 66.0, '105-109': 57.14, '110-114': 58.0, '115-119': 69.0, '120-124': 64.65, '125-129': 54.0, '130-134': 59.18, '135-139': 46.0, '140-144': 38.0, '145-149': 75.0, '150-154': 71.0, '155-159': 72.0, '160-164': 59.0, '165-169': 42.0, '170-174': 68.0, '175-179': 67.0, '180-184': 78.0, '185-189': 79.0, '190-194': 79.0, '195-199': 67.0, '200-204': 62.0, '205-209': 86.0, '210-214': 74.0, '215-219': 51.0, '220-224': 62.63, '225-229': 81.0, '230-234': 56.57, '235-239': 72.73, '240-244': 77.0, '245-249': 74.0, '250-254': 75.76, '255-259': 75.0, '260-264': 76.77, '265-269': 84.0, '270-274': 87.88, '275-279': 78.79, '280-284': 50.0, '285-289': 90.0, '290-294': 78.0, '295-299': 80.0, 'old': 65.71, 'new': 80.0}
2026-06-23 06:46:08,934 [trainer.py] => CNN top1 curve: [90.0, 94.0, 92.67, 85.0, 88.2, 88.67, 83.83, 80.73, 81.42, 82.48, 83.44, 83.57, 80.06, 79.4, 82.04, 82.23, 81.04, 77.59, 77.19, 76.26, 77.54, 77.45, 77.21, 76.2, 75.86, 74.67, 74.7, 73.57, 72.89, 72.36, 71.25, 72.46, 70.93, 69.58, 69.24, 68.46, 68.8, 68.51, 67.83, 67.46, 66.47, 66.98, 66.99, 65.0, 63.59, 63.73, 63.92, 63.44, 64.49, 63.9, 63.58, 63.7, 62.32, 62.97, 61.7, 61.32, 60.07, 60.64, 59.59, 59.57]
2026-06-23 06:46:08,934 [trainer.py] => CNN top5 curve: [100.0, 100.0, 99.33, 99.25, 98.8, 98.33, 96.85, 97.0, 96.11, 96.5, 95.91, 95.58, 94.84, 95.21, 95.26, 95.37, 95.23, 94.1, 93.73, 92.54, 92.89, 92.67, 92.68, 91.52, 90.82, 90.48, 89.71, 90.19, 88.38, 88.47, 88.39, 88.72, 88.85, 88.0, 87.6, 87.11, 87.24, 86.92, 86.97, 86.3, 85.29, 85.64, 85.88, 85.0, 83.86, 83.47, 83.58, 83.34, 84.05, 83.66, 83.63, 82.88, 82.62, 82.03, 82.17, 81.72, 80.86, 81.49, 80.82, 80.82]
2026-06-23 06:46:08,934 [trainer.py] => NME top1 curve: [91.0, 94.0, 94.67, 87.75, 90.8, 92.17, 87.98, 85.98, 87.21, 84.78, 84.9, 86.16, 84.99, 84.19, 84.78, 84.98, 83.92, 83.15, 82.24, 81.62, 81.4, 81.32, 81.53, 80.92, 80.55, 80.19, 80.42, 79.44, 78.32, 77.54, 76.65, 77.16, 76.34, 75.12, 75.14, 73.89, 74.0, 73.87, 73.48, 73.1, 72.92, 72.71, 72.16, 71.06, 70.43, 70.75, 70.49, 69.43, 69.46, 68.47, 68.47, 68.08, 68.38, 68.28, 66.82, 66.93, 65.89, 66.15, 66.2, 65.95]
2026-06-23 06:46:08,934 [trainer.py] => NME top5 curve: [100.0, 100.0, 100.0, 99.75, 99.6, 99.83, 99.43, 98.87, 98.44, 98.5, 98.18, 98.08, 97.69, 97.57, 97.46, 97.75, 97.06, 97.11, 96.84, 96.14, 96.61, 95.99, 95.6, 95.41, 94.99, 95.03, 94.54, 94.48, 93.15, 92.81, 93.05, 93.11, 93.13, 92.36, 92.33, 91.59, 91.82, 91.75, 91.34, 91.13, 90.52, 90.36, 90.4, 90.46, 89.87, 89.92, 89.45, 89.87, 89.81, 89.2, 89.03, 88.63, 88.39, 88.44, 87.62, 87.31, 86.81, 87.16, 86.92, 86.97]
2026-06-23 06:46:08,934 [trainer.py] => Average Accuracy (CNN): 73.01
2026-06-23 06:46:08,935 [trainer.py] => Average Accuracy (NME): 77.78
